GPS LATITUDE (degrees),GPS LONGITUDE (degrees),GPS ALTITUDE (m),GPS SPEED (Kmh),GPS ACCURACY (m),GPS ORIENTATION (Â°),GPS SATELLITES IN RANGE,TIME SINCE START (ms),DATE (YYYY-MO-DD HH-MI-SS_SSS),ACCELEROMETER X (m/s²),ACCELEROMETER Y (m/s²),ACCELEROMETER Z (m/s²),GRAVITY X (m/s²),GRAVITY Y (m/s²),GRAVITY Z (m/s²),GYROSCOPE Yaw (rad/s),GYROSCOPE Pitch (rad/s),GYROSCOPE Roll (rad/s),MAGNETIC FIELD X (Î¼T),MAGNETIC FIELD Y (Î¼T),MAGNETIC FIELD Z (Î¼T),ORIENTATION (Yaw) (Â°),ORIENTATION (Pitch) (Â°),ORIENTATION (Roll ) (Â°),accel_lateral,accel_forward,accel_vertical,accel_forward_filt,accel_lateral_filt,accel_vertical_filt
53.17101,-1.672944,218.69,7.69,3,315.01,21 / 22,1417914,2019-11-06 16:29:58:376,-0.8048,-0.6071,10.199,-0.0307,0.0467,9.8064,-0.0419,-0.213,0.1726,2.44,-36.75,-2.56,85.4,-88.77,106.44,0.457652549754953,0.9040060667313308,0.3926158236950448,-0.09374396141455121,-0.05426483434120488,-0.058137850996146934
53.17101,-1.672944,218.69,7.69,3,315.01,21 / 22,1418014,2019-11-06 16:29:58:476,-3.5663,-3.6639,9.8093,0.0435,0.0208,9.8065,-0.0871,0.261,-0.0587,2.63,-36.94,-2.12,72.05,-88.85,117.06,1.8862710280862696,4.801005271704519,0.002821288319482,3.9717895206632976,1.4061045765284446,-0.4025290927980426
53.17101,-1.672944,218.69,7.69,3,315.01,21 / 22,1418113,2019-11-06 16:29:58:575,0.2019,0.5775,8.8518,0.0126,-0.0803,9.8062,-0.0405,-0.6128,0.2989,2.69,-37.0,-2.94,47.46,-88.71,84.14,0.0824342015985965,-0.6795668092617461,-0.9543627424394832,-1.736605441575252,-0.43719052643893164,-1.3443675624100249
53.17101,-1.672944,218.69,7.69,3,315.01,21 / 22,1418213,2019-11-06 16:29:58:675,3.4142,2.6992,11.2309,0.0602,-0.0192,9.8064,0.0628,-0.1467,-0.0153,2.75,-36.12,-3.25,20.31,-88.88,62.02,-2.0278827238177097,-3.811420800268854,1.4244219710884805,-4.327016247579714,-2.418009756732477,1.0742804528956664
53.17101,-1.672944,218.69,7.69,3,315.01,21 / 22,1418313,2019-11-06 16:29:58:775,1.5351,3.1396,9.9823,-0.0325,-0.0241,9.8065,0.243,-0.695,0.3245,3.19,-36.75,-3.44,26.09,-88.76,66.32,-0.2091671546858151,-3.524567262303709,0.1759198820417187,-4.732925728500978,-0.7520361018059171,-0.1571721585901752
53.17101,-1.672944,218.69,7.69,3,315.01,21 / 22,1418413,2019-11-06 16:29:58:875,-0.4264,1.0487,9.0188,-0.0289,0.0037,9.8065,0.1311,-0.1937,0.174,3.0,-37.5,-2.81,59.98,-88.91,96.71,0.7737745037443876,-0.8071534574986127,-0.7875778395835936,-0.8936657225603166,0.4450894095832677,-1.088677565762453
53.17101,-1.672944,218.69,7.69,3,315.01,21 / 22,1418514,2019-11-06 16:29:58:976,-4.9845,-1.959,9.1314,-0.0381,-0.0454,9.8064,0.0841,-0.7047,0.2544,2.19,-37.44,-3.25,98.12,-89.13,122.97,3.807990209398516,3.691657806332617,-0.6747118837463079,2.187130932207372,1.4004893195833459,-0.9493819510522981
53.17101,-1.672944,218.69,7.69,3,315.01,21 / 22,1418614,2019-11-06 16:29:59:076,-4.5226,-0.8013,9.3346,-0.0258,-0.044,9.8065,-0.0327,-0.1792,0.2418,2.63,-37.69,-2.94,73.46,-89.07,110.41,3.845094137781889,2.451588925574631,-0.4715569441702381,2.928985464934117,1.8025818128175075,-0.7380837764461581
53.17101,-1.672944,218.69,7.69,3,315.01,21 / 22,1418714,2019-11-06 16:29:59:176,-1.7085,-1.2065,9.8515,-0.0832,-0.0732,9.806,0.0088,-0.8218,0.3848,2.94,-37.44,-2.37,53.04,-88.65,98.16,1.0543799297125953,1.6775717921627216,0.0455530016488143,-0.2521917350526818,0.35468302197242285,-0.16018996057895152
53.17101,-1.672944,218.69,7.69,3,315.01,21 / 22,1418814,2019-11-06 16:29:59:276,6.494,4.1562,9.2515,-0.0373,-0.037,9.8064,0.1392,-0.5534,0.3346,2.81,-37.31,-2.75,65.13,-88.67,99.52,-4.377834253815757,-6.408986164776418,-0.555142797685335,-5.285649622721703,-2.0209130606177736,-0.8095644713645973
53.17101,-1.672944,218.69,7.69,3,315.01,20 / 22,1418915,2019-11-06 16:29:59:377,0.6245,0.8645,10.2323,-0.0577,-0.085,9.8061,0.1386,-0.4146,0.2167,2.75,-36.94,-3.06,77.01,-88.8,111.78,-0.2577688832968567,-1.1403893652162804,0.4262168796581146,-3.5389918129628133,-1.095930901838463,0.3039836964999264
53.17101,-1.672944,218.69,7.69,3,315.01,20 / 22,1419013,2019-11-06 16:29:59:475,0.2247,1.3538,10.5274,-0.0226,-0.0223,9.8065,0.0377,-0.1899,0.0691,3.06,-36.56,-2.87,72.75,-88.21,102.66,0.3090638844292648,-1.3635088267948106,0.7209913346179229,0.37371461646344273,0.4941573352096059,0.4577569934370345
53.17101,-1.672944,218.69,7.69,3,315.01,20 / 22,1419114,2019-11-06 16:29:59:576,-0.337,-1.7356,9.34,-0.0165,-0.0202,9.8066,0.154,-0.2389,0.0996,2.88,-37.25,-2.87,69.4,-88.18,99.34,-0.3740629350791516,1.7044908608193494,-0.4667127553252462,-1.0729881576292977,-1.362074080353738,-0.49973122164484823
53.17101,-1.672944,218.69,7.69,3,315.01,20 / 22,1419214,2019-11-06 16:29:59:676,-3.0364,-1.9186,9.6434,-0.0349,0.0369,9.8065,-0.1066,0.0045,0.1124,3.81,-36.56,-3.25,64.96,-87.83,103.37,2.0007953563909053,2.9715040064936296,-0.1629907704040228,5.146240051016726,2.3823644232832213,-0.43958815104336024
53.17101,-1.672944,218.69,7.69,3,315.01,20 / 22,1419314,2019-11-06 16:29:59:776,-5.4179,-2.8395,10.1928,-0.1203,-0.0583,9.8057,-0.1537,-0.881,0.5673,3.06,-37.37,-3.62,88.57,-87.31,105.07,3.792766647107032,4.6275661198379705,0.3873481342671405,1.7033796561621284,0.8984391226824902,0.4259291394775296
53.17101,-1.672944,218.69,7.69,3,315.01,20 / 22,1419414,2019-11-06 16:29:59:876,4.3404,3.6657,8.5037,-0.0331,-0.0199,9.8066,-0.0279,-0.594,0.4273,3.63,-36.69,-2.87,63.44,-87.89,102.45,-2.5889558322753183,-5.099825737366513,-1.3029900870772988,-2.791698316966572,-1.4832115298997042,-1.569036638737059
53.17101,-1.672944,218.69,7.69,3,315.01,20 / 22,1419513,2019-11-06 16:29:59:975,-4.7828,-4.2371,8.7214,-0.0445,-0.0685,9.8063,-0.1379,-0.214,0.135,3.13,-36.81,-2.81,65.76,-88.59,99.48,2.7366944676622817,5.686773829436817,-1.084816880168804,2.946611876211176,0.8763823090453928,-1.023153814203495
53.17101,-1.672944,218.69,7.69,3,315.01,20 / 22,1419614,2019-11-06 16:30:00:076,5.0379,4.347,11.2789,-0.0641,-0.1061,9.8058,0.0612,-0.934,0.4963,3.31,-36.75,-2.87,48.39,-88.21,81.61,-2.9606296398636065,-6.09060325903319,1.4730075684175437,-4.010424386277308,-1.4621161487721017,1.2714117479517033
53.17101,-1.672944,218.69,7.69,3,315.01,20 / 22,1419714,2019-11-06 16:30:00:176,-0.968,-2.5193,9.843,-0.0069,-0.0061,9.8066,-0.0353,0.3426,0.0668,3.13,-37.37,-3.5,34.63,-88.75,73.42,-0.0955228469099851,2.6890094124320587,0.0362791340856322,0.469311850660759,-1.110567663527134,0.04753810610636344
53.17101,-1.672944,218.69,7.69,3,315.01,20 / 22,1419814,2019-11-06 16:30:00:276,4.5231,3.6704,9.4846,-0.014,-0.019,9.8066,0.185,-0.2329,-0.0519,3.19,-37.06,-3.19,46.51,-89.07,85.61,-2.7382230507394456,-5.167109052637586,-0.3221045366800485,-3.6268901534950215,-1.5772612444109817,-0.38909354555328624
53.17101,-1.672944,218.69,7.69,3,315.01,21 / 22,1419914,2019-11-06 16:30:00:376,-2.8267,1.0108,9.5356,0.0754,0.0718,9.8061,0.075,0.5126,-0.373,3.25,-36.94,-1.62,57.83,-88.71,102.86,3.038501580731345,0.2675761654019776,-0.2701606921850294,-1.1966889115902881,1.2272385217530473,-0.3865745491806871
53.17101,-1.672944,218.69,7.69,3,315.01,21 / 22,1420013,2019-11-06 16:30:00:475,-2.825,-2.9332,10.1833,-0.0384,-0.0056,9.8065,-0.1883,-0.021,0.1822,2.81,-37.0,-2.31,64.58,-89.13,112.84,1.4236206497376909,3.7827606797341935,0.3768095613135735,4.613749994734867,1.6119748180591906,0.5039587431011746
53.17101,-1.672944,218.69,7.69,3,315.01,21 / 22,1420113,2019-11-06 16:30:00:575,5.2035,2.4351,9.8053,0.002,0.039,9.8065,-0.3044,0.4339,0.0366,2.63,-37.37,-2.5,9.01,-89.65,64.76,-3.854563159003007,-4.2354739508835255,-0.0014712728695036,-4.8768807045414055,-2.432325666261081,-0.29650083278947525
53.17101,-1.672944,218.69,7.69,3,315.01,21 / 22,1420214,2019-11-06 16:30:00:676,-1.4471,-3.958,9.8066,0.0433,0.094,9.806,-0.0009,0.5509,-0.2234,2.94,-37.37,-2.5,297.54,-89.66,-3.06,-0.2084842572832247,4.312369496533267,0.0003997930464169,4.4377793274844715,-0.324043902480009,0.34069385536383023
53.17101,-1.672944,218.69,7.69,3,315.01,21 / 22,1420314,2019-11-06 16:30:00:776,-1.3218,-0.3461,10.4497,-0.0444,0.019,9.8065,0.0272,-0.3447,0.0875,2.94,-36.69,-2.25,102.29,-89.64,154.97,1.0336722335951027,0.834542422650631,0.6432850599002957,0.9237122009195331,0.9808167674503933,0.17128792881525678
53.17101,-1.672944,218.69,7.69,3,315.01,21 / 22,1420414,2019-11-06 16:30:00:876,-1.2403,0.6953,9.9957,0.0363,0.0245,9.8065,0.1051,-0.3665,0.3361,2.31,-37.19,-2.31,145.6,-89.58,-172.52,1.4371187129605358,-0.1196053635804617,0.1893705411658285,-0.5632084787589626,1.0108153408179241,0.7021927290330222
53.17101,-1.672944,218.69,7.69,3,315.01,21 / 22,1420514,2019-11-06 16:30:00:976,-0.0909,-0.2784,11.5781,-0.0306,0.0024,9.8066,-0.1693,0.0951,-0.0263,2.5,-37.19,-1.69,176.14,-89.4,-127.96,-0.0542294342070859,0.2821468363007645,1.7714822356521245,0.9106189215911866,0.2494625756741099,1.185991546777995
53.17101,-1.672944,218.69,7.69,3,315.01,21 / 22,1420614,2019-11-06 16:30:01:076,0.5439,1.7819,8.3337,-0.0165,-0.0418,9.8065,-0.0313,-0.1908,0.0848,2.0,-37.31,-2.56,198.14,-89.73,-127.32,0.1956462984274531,-1.897879645557369,-1.4726999242516006,-2.707605340807524,-0.4911504902544702,-0.8850224132356943
53.17101,-1.672944,218.69,7.69,3,315.01,21 / 22,1420714,2019-11-06 16:30:01:176,0.0612,-0.954,12.292,0.0566,-0.0787,9.8061,0.119,0.2327,0.084,2.69,-37.44,-2.69,296.7,-89.82,-16.87,-0.3459986887512106,0.8042497765281592,2.485827279667042,1.7406546148996664,0.24108108086665392,1.8974438001368668
53.17101,-1.672944,218.69,7.69,3,315.01,21 / 22,1420814,2019-11-06 16:30:01:276,-2.4274,-1.6757,10.1472,0.0176,0.043,9.8065,-0.0778,0.3958,-0.2871,2.38,-37.19,-2.75,294.76,-89.27,-24.75,1.580715011832822,2.536383485483232,0.3407785878459633,1.588458790041671,0.7252516910158611,0.8743402782573972
53.17101,-1.672944,218.69,7.69,3,315.01,21 / 22,1420914,2019-11-06 16:30:01:376,0.1856,-2.4239,9.8816,-0.0114,0.0049,9.8066,0.1059,-0.3047,0.0666,2.81,-37.06,-2.69,293.4,-89.21,-15.26,-1.1289349494937084,2.159494622582162,0.0747816478179447,3.152441040665538,-0.3645491862018749,-0.39272400970877286
53.17101,-1.672944,218.69,7.69,3,315.01,21 / 22,1421014,2019-11-06 16:30:01:476,-0.8904,1.3598,9.8352,0.0084,0.0158,9.8066,0.2995,-0.218,0.1224,1.81,-37.56,-1.69,268.83,-89.53,-39.88,1.3519057472229408,-0.8868580877205056,0.0287920626268769,-1.7210070382202831,0.44347015376323207,0.3862615949105199
53.17101,-1.672944,218.69,7.69,3,315.01,21 / 22,1421114,2019-11-06 16:30:01:576,-2.3123,-0.6908,10.1491,-0.0065,-0.009,9.8066,0.1207,0.1215,-0.2154,2.38,-37.62,-1.62,187.95,-89.33,-125.81,1.8570656461300772,1.5273402215421092,0.3426516651399477,2.294863841148579,2.676933474574321,0.09485942579275616
53.17101,-1.672944,218.69,7.69,3,315.01,21 / 22,1421214,2019-11-06 16:30:01:676,-0.6686,0.281,9.8171,0.0324,-0.0231,9.8066,-0.1177,-0.1714,0.1133,2.75,-37.37,-2.44,165.93,-89.54,-138.9,0.7640898938772273,-0.0065254192956686,0.0105883415936254,-0.4392708440273355,-0.07402006672600103,0.11088060374303599
53.17101,-1.672944,218.69,7.69,3,315.01,21 / 22,1421313,2019-11-06 16:30:01:775,0.9109,0.4031,8.2634,0.0622,-0.0111,9.8064,-0.3117,-0.1404,-0.0506,2.81,-37.31,-2.5,255.23,-89.02,-38.65,-0.6196827874066192,-0.7125418845856185,-1.5430423311442678,-0.4836347455786205,0.13356313919453333,-1.5237706472719714
53.17101,-1.672944,218.69,7.69,3,315.01,21 / 22,1421414,2019-11-06 16:30:01:876,-3.6229,-2.2648,8.7787,0.0398,0.0136,9.8065,-0.0853,-0.2917,-0.0116,2.13,-37.31,-3.19,262.15,-88.69,-50.69,2.4837312752350678,3.5267334890654616,-1.0276577930047224,3.7977783532971086,1.3478290017057468,-1.2071549058537072
53.17101,-1.672944,218.69,7.69,3,315.01,21 / 22,1421514,2019-11-06 16:30:01:976,0.9967,1.098,8.7455,-0.0038,-0.0231,9.8065,0.2165,-0.1936,-0.0494,2.06,-36.87,-2.87,252.69,-88.42,-57.94,-0.4837304391263362,-1.4226297182504584,-1.060997647034744,-2.026742621542161,0.09654770064370988,-0.7870330268322425
53.17101,-1.672944,218.69,7.69,3,315.01,21 / 22,1421614,2019-11-06 16:30:02:076,-3.6811,-2.4112,10.1354,0.0371,0.0712,9.8062,-0.0148,0.3425,-0.1817,1.56,-37.06,-3.31,246.55,-88.66,-67.06,2.4550915829344584,3.7362762848121007,0.3293303553501581,4.947202009854814,1.6240836913294114,-0.09439572128468182
53.17101,-1.672944,218.69,7.69,3,315.01,21 / 22,1421713,2019-11-06 16:30:02:175,0.1397,1.019,10.3552,-0.0104,-0.04,9.8065,0.0511,-0.632,0.485,1.5,-37.31,-2.5,230.67,-88.67,-70.75,0.2748730591400404,-1.0336221221295308,0.5487739151995484,-2.638791584737186,0.6109970568620361,1.0127950547959343
53.17101,-1.672944,218.69,7.69,3,315.01,21 / 22,1421814,2019-11-06 16:30:02:276,4.2271,7.119,10.9293,0.016,0.0583,9.8064,-0.0978,-0.3028,0.0545,1.75,-37.44,-2.44,226.63,-88.19,-70.85,-1.1229919683066687,-8.1440334098367,1.1231032760090742,-5.945960254154047,-1.178043088281628,0.5359709577683337
53.17101,-1.672944,218.69,7.69,3,315.01,21 / 22,1421914,2019-11-06 16:30:02:376,2.1678,2.1785,9.6408,-0.0415,-0.1233,9.8057,-0.1216,-0.6987,0.4393,1.94,-37.56,-2.75,271.5,-88.31,-36.7,-1.1362296834389167,-2.9813199779028925,-0.1649091744852187,-5.508459533482455,-1.0606463811142453,0.38909992399441645
53.17101,-1.672944,218.69,7.69,3,315.01,21 / 22,1422013,2019-11-06 16:30:02:475,0.776,1.958,10.1088,0.0226,-0.063,9.8064,0.084,-0.4734,0.1296,1.88,-37.19,-2.87,269.16,-87.86,-34.6,0.0947063641383922,-2.154767600146241,0.3024989486786594,0.7895622598829306,0.34303944664039243,-0.3414393483754071
53.17101,-1.672944,218.69,7.69,3,315.01,21 / 22,1422114,2019-11-06 16:30:02:576,-1.2065,-6.5923,8.7404,-0.0051,-0.1244,9.8058,0.1483,-0.7029,0.3271,2.25,-37.56,-2.31,248.83,-87.88,-38.62,-1.416965154787507,6.424048153599832,-1.0658257833007243,3.3602646197534023,-1.5530105771527007,-0.5360806084346392
53.17101,-1.672944,218.69,7.69,3,315.01,21 / 22,1422214,2019-11-06 16:30:02:676,4.772,3.4967,11.6281,-0.0532,-0.095,9.806,0.2193,-0.9959,0.2084,1.94,-36.75,-2.94,294.88,-88.28,-15.2,-3.041856905036786,-5.189458121131492,1.8219613931975749,-2.0316969439701777,-1.5300717572067515,1.2312620921851887
53.17101,-1.672944,218.69,7.69,3,315.01,21 / 22,1422313,2019-11-06 16:30:02:775,-4.9968,-4.0252,9.7802,-0.0506,-0.0202,9.8064,0.2012,0.0352,-0.0544,2.25,-38.0,-3.19,314.1,-88.76,-2.75,2.991823301750554,5.617287495172568,-0.0260846253624814,2.648286248677599,1.758772153570127,0.37374908769292026
53.17101,-1.672944,218.69,7.69,3,315.01,21 / 22,1422414,2019-11-06 16:30:02:876,-1.2199,0.3792,8.5251,-0.0867,-0.0587,9.8061,0.039,-1.0123,0.3062,2.63,-37.5,-2.75,352.52,-89.21,38.41,1.2143907662543254,0.0388360312483191,-1.280861616066745,2.710155525148056,1.7784044582141862,-1.7273174943789358
53.17101,-1.672944,218.69,7.69,3,315.01,21 / 22,1422514,2019-11-06 16:30:02:976,-6.5851,-8.4753,8.7524,0.0196,0.0745,9.8063,-0.2702,0.8363,-0.3884,3.06,-37.5,-2.19,293.9,-89.71,-7.07,2.7459839023350288,10.44894644965529,-1.054010360647848,7.8214112360019605,1.7885815499693722,-0.8599074240275703
53.17101,-1.672944,218.69,7.69,3,315.01,21 / 22,1422613,2019-11-06 16:30:03:075,4.019,5.0613,10.1647,0.0144,-0.1069,9.806,-0.0593,-0.6506,0.2965,2.56,-37.44,-2.87,313.94,-89.05,4.89,-1.6710786270040918,-6.32096207440572,0.3587656147049915,-4.779657388186952,-1.148538425346167,0.10959399392427693
53.17101,-1.672944,218.69,7.69,3,315.01,21 / 22,1422713,2019-11-06 16:30:03:175,5.4279,3.7344,9.9322,0.0585,0.0938,9.806,-0.1024,0.8435,-0.4768,2.56,-37.56,-2.75,311.57,-88.64,5.73,-3.523662861559488,-5.4468588264423525,0.1260163595468037,-6.31787499363604,-2.061236057043149,0.08398102843958091
53.17101,-1.672944,218.69,7.69,3,315.01,21 / 22,1422814,2019-11-06 16:30:03:276,7.8116,3.4448,11.0233,-0.0265,-0.0676,9.8063,0.1326,-0.3544,0.1234,1.25,-37.5,-2.75,327.59,-88.53,-4.74,-5.846887276937801,-6.291874848531837,1.2165830967078826,-6.231985401426634,-1.6180431720012054,1.1683737362258537
53.17101,-1.672944,218.69,7.69,3,315.01,21 / 22,1422914,2019-11-06 16:30:03:376,0.4471,1.5657,10.3272,0.0496,0.0924,9.8061,-0.0289,0.8372,-0.3658,2.19,-37.37,-3.12,315.44,-88.81,-2.25,0.2087086698680434,-1.5116118504407952,0.5211858159321549,-0.9382320613329513,0.3623722055215905,0.2644530001192732
53.17101,-1.672944,218.69,7.69,3,315.01,21 / 22,1423014,2019-11-06 16:30:03:476,-2.9395,-5.1361,9.8054,0.0011,0.015,9.8066,0.0412,0.6077,-0.3621,2.06,-37.5,-2.69,289.9,-89.07,-27.35,0.6980180196410908,5.890138368848675,-0.0013601738840037,4.552542707616454,0.9097754223431651,0.10488307686352058
53.17101,-1.672944,218.69,7.69,3,315.01,21 / 22,1423113,2019-11-06 16:30:03:575,2.1045,1.9612,10.6075,0.027,0.0997,9.8061,0.0412,0.7042,-0.2717,3.0,-37.56,-2.69,273.72,-89.52,-36.97,-1.186756815327617,-2.5244505747160324,0.8013663438711051,-0.8158026574243507,-0.8302960563123849,0.39774463357474027
53.17101,-1.672944,218.69,7.69,3,315.01,21 / 22,1423213,2019-11-06 16:30:03:675,-1.6366,-7.0439,9.5005,0.1559,0.1197,9.8047,-0.0308,0.9513,-0.5239,1.75,-37.44,-2.37,261.36,-89.35,-45.18,-1.1442007481115122,7.295256274088977,-0.304629928579703,5.057458267164567,-1.0559525966872885,-0.12843041903993646
53.17101,-1.672944,218.69,7.69,3,315.01,21 / 22,1423313,2019-11-06 16:30:03:775,2.3562,2.7394,10.4597,0.0097,0.0445,9.8065,-0.0986,-0.0892,0.1639,1.81,-38.0,-2.62,313.95,-89.35,-7.4,-1.1092942612742354,-3.3967632020227225,0.6532109087334551,-1.1989373825770806,-0.6304346537676753,0.1978906310675715
53.17101,-1.672944,218.69,7.69,3,315.01,21 / 22,1423414,2019-11-06 16:30:03:876,-8.2985,-8.2901,8.5414,0.1245,0.0938,9.8053,-0.1602,1.0707,-0.5249,2.13,-37.5,-3.75,289.8,-88.89,-34.93,4.484951046093195,11.005548262377973,-1.263832654514334,7.58821818258902,2.064843770558575,-1.1151938216905557
53.17101,-1.672944,218.69,7.69,3,315.01,21 / 22,1423514,2019-11-06 16:30:03:976,5.2464,3.7302,10.955,-0.0213,-0.0221,9.8065,0.0564,-0.798,0.3013,1.75,-37.75,-3.25,291.28,-88.86,-23.75,-3.3865622344907664,-5.509990414214446,1.1483347496204328,-3.5677097190274454,-1.5127775093837799,0.7345573448111767
53.17101,-1.672944,218.69,7.69,3,315.01,21 / 22,1423614,2019-11-06 16:30:04:076,6.5837,3.5753,10.5037,0.0472,0.0512,9.8064,-0.0242,0.0407,0.0414,2.13,-37.44,-3.25,291.15,-88.9,-24.56,-4.643799365115854,-5.79488194553767,0.6970014661614058,-7.689133677357665,-1.8471475252969984,0.738573848946336
53.17101,-1.672944,218.69,7.69,3,315.01,21 / 22,1423714,2019-11-06 16:30:04:176,4.054,0.4997,10.3802,-0.0897,-0.0853,9.8058,0.0997,-0.8749,0.3873,1.56,-37.06,-2.94,345.34,-89.2,21.11,-3.587203548193098,-2.155184249855755,0.5740745622343247,-1.0546994141501094,-1.6077901500523715,0.2635788859725809
53.17101,-1.672944,218.69,7.69,3,315.01,21 / 22,1423813,2019-11-06 16:30:04:275,3.26,1.6465,10.3971,-0.0109,-0.0078,9.8066,0.1374,-0.4962,0.2331,2.19,-37.31,-2.44,311.15,-89.42,1.9,-2.3664035756063204,-2.799252841404495,0.5903415936951086,-3.7396475636304287,-1.6771069145121165,0.4879038841683919
53.17101,-1.672944,218.69,7.69,3,315.01,21 / 22,1423913,2019-11-06 16:30:04:375,-2.6902,-4.5246,9.7299,-0.049,-0.0538,9.8064,0.0175,-0.6898,0.2959,1.56,-37.5,-3.25,286.69,-89.54,-35.05,0.6877528349930672,5.146937541734328,-0.0766309953269202,5.137833868950029,0.9242073665159456,-0.27017468180485293
53.17101,-1.672944,218.69,7.69,3,315.01,21 / 22,1424014,2019-11-06 16:30:04:476,1.1949,1.0393,10.8999,-0.0383,-0.0572,9.8064,0.0409,-0.6134,0.2298,1.94,-37.5,-3.44,334.9,-89.43,11.09,-0.7078371326887236,-1.490673108944176,1.0934793166117556,-1.381802208105468,-0.18172010361951396,0.8590429580427081
53.17101,-1.672944,218.69,7.69,3,315.01,21 / 22,1424113,2019-11-06 16:30:04:575,-2.485,-2.5619,10.1016,-0.0406,-0.0373,9.8065,0.0596,-0.1968,0.0696,2.25,-37.19,-3.75,329.28,-89.3,-1.2,1.2657658636259348,3.2781894741673097,0.2951119786419165,2.219289787558084,1.3339020734201856,0.18855612546607287
53.17101,-1.672944,218.69,7.69,3,315.01,21 / 22,1424214,2019-11-06 16:30:04:676,2.9542,-0.5668,9.9635,-0.068,-0.0412,9.8062,0.0822,-0.4227,0.273,1.56,-37.62,-3.56,2.5,-89.29,28.8,-2.987794240365559,-0.6950777586752336,0.1569840012020525,0.2762802499725696,-1.2788939329007478,-0.16305893967861473
53.17101,-1.672944,218.69,7.69,3,315.01,21 / 22,1424314,2019-11-06 16:30:04:776,0.8988,-0.2993,8.7572,-0.0104,-0.003,9.8066,0.1021,-0.0017,-0.008,2.0,-37.62,-2.81,330.96,-89.72,6.09,-0.9526297691730587,-0.0819230459698928,-1.049506468500457,-1.9130691580803667,-1.0342319101537216,-1.120202366629216
53.17101,-1.672944,218.69,7.69,3,315.01,21 / 22,1424414,2019-11-06 16:30:04:876,1.1881,0.2679,9.8871,0.0072,-0.0052,9.8066,0.0438,-0.1846,-0.0012,1.44,-37.75,-3.5,354.32,-89.82,12.97,-0.9807936644057174,-0.7121556839956534,0.0804160407772443,0.792240426885684,-0.09250516570932987,-0.2717324725181807
53.17101,-1.672944,218.69,7.69,3,315.01,21 / 22,1424513,2019-11-06 16:30:04:975,-0.8922,-1.8211,9.3361,-0.0237,-0.0499,9.8065,-0.0087,0.1589,-0.1041,2.5,-37.69,-3.62,14.07,-89.68,50.34,0.1087459725429269,1.9696578597812244,-0.4704679360570054,-0.28604286144704305,-0.09404589711075134,-0.5493686084870126
53.17101,-1.672944,218.69,7.69,3,315.01,21 / 22,1424614,2019-11-06 16:30:05:076,-0.7065,0.635,10.3467,0.027,0.0084,9.8066,-0.011,-0.0791,-0.0683,2.69,-37.81,-3.0,7.68,-89.32,51.86,0.9197690026165298,-0.2907703894544403,0.540217902741392,1.4112607526253416,1.943576628584152,0.1911262063770728
53.17101,-1.672944,218.69,7.69,3,315.01,21 / 22,1424714,2019-11-06 16:30:05:176,-1.2232,-3.266,10.5955,0.0148,0.0064,9.8066,0.1479,0.2911,-0.2183,3.13,-37.25,-1.87,359.17,-89.06,55.62,-0.1368337448330191,3.4961081922892063,0.7887414050772723,1.1216365930573873,-0.42919161046490395,0.6837857315705566
53.17101,-1.672944,218.69,7.69,3,315.01,21 / 22,1424814,2019-11-06 16:30:05:276,1.9576,-0.1561,9.4881,0.0013,-0.0026,9.8066,-0.0055,0.0024,-0.1422,2.94,-35.81,2.88,286.13,-89.05,68.87,-1.861133798090127,-0.6218781368477794,-0.3186891251946837,1.015477247583453,-0.7403239786469382,-0.6582878907949908
53.17101,-1.672944,218.69,7.69,3,315.01,21 / 22,1424914,2019-11-06 16:30:05:376,0.4089,-1.3945,11.7294,-0.0154,-0.0545,9.8064,-0.093,-0.2267,0.0945,-11.06,-41.19,23.06,250.2,-89.28,96.86,-0.913668734927147,1.0683692094612944,1.92285105119759,-1.2044789122200212,-1.2491880453822413,1.8004480017291973
53.17101,-1.672944,218.69,7.69,3,315.01,21 / 22,1425014,2019-11-06 16:30:05:476,-1.0352,0.7714,9.5978,0.0288,0.0511,9.8064,-0.0439,-0.0509,0.0835,-7.19,-39.87,-1.81,164.12,-89.31,89.03,1.2607218110021583,-0.248139955487023,-0.2084445435945415,1.1449922560599401,2.41606423383219,-0.5513302274768549
53.17101,-1.672944,218.69,7.69,3,315.01,21 / 22,1425113,2019-11-06 16:30:05:575,-2.942,-2.2865,9.2887,-0.0048,0.0147,9.8066,-0.0236,-0.0518,-0.1317,-0.5,-38.56,-4.37,98.33,-89.14,90.0,1.8067649679883893,3.2647118078901536,-0.517825117073824,1.2469167594758062,1.5071628218516504,-0.6400132411740195
53.17101,-1.672944,218.69,7.69,3,315.01,21 / 22,1425213,2019-11-06 16:30:05:675,4.0568,-4.2424,10.9518,-0.0307,0.0024,9.8066,0.0245,-0.5332,0.4398,0.13,-38.5,-5.12,104.39,-89.03,97.2,-5.419749513223081,2.3138594038956386,1.1444807569032796,3.327499019381598,-0.9101115697956604,0.7881697998663622
53.17101,-1.672944,218.69,7.69,3,315.01,21 / 22,1425313,2019-11-06 16:30:05:775,-3.8937,-0.8919,9.5964,-0.0219,-0.0142,9.8066,-0.0707,-0.0716,0.0718,0.25,-38.56,-4.75,103.06,-89.59,99.91,3.2226167741463416,2.318631044618245,-0.2099232619866823,0.6908075212571776,1.8527685993533969,-0.3274850989634697
53.17101,-1.672944,218.69,7.69,3,315.01,21 / 22,1425414,2019-11-06 16:30:05:876,5.1499,-3.233,10.7145,-0.0973,-0.0282,9.8061,0.0382,-0.6811,0.3599,-1.81,-39.12,-4.62,95.65,-89.37,69.33,-6.081799391101091,0.9038291957957794,0.907662046815634,1.3990345120981544,-1.105805892150845,0.5491020777885324
53.17101,-1.672944,218.69,7.69,3,315.01,21 / 22,1425514,2019-11-06 16:30:05:976,-1.7091,-1.1649,10.0412,0.0035,-0.0163,9.8065,-0.0129,0.4274,-0.2126,-15.62,-42.31,14.94,194.25,-89.51,61.33,1.1287717085515874,1.725725112846277,0.2347596108048293,0.6412779178959962,1.2676382556692793,0.10091046057727598
53.17101,-1.672944,218.69,7.69,3,315.01,21 / 22,1425614,2019-11-06 16:30:06:076,-3.3951,3.4662,10.1158,0.0377,0.0244,9.8065,-0.0159,-0.1563,0.1718,1.81,-35.37,13.56,254.48,-89.37,67.85,4.503488530401839,-1.8298432771847437,0.3098938648648668,-2.013192020806933,2.569383600048381,-0.014657201493876393
53.17101,-1.672944,218.69,7.69,3,315.01,21 / 22,1425714,2019-11-06 16:30:06:176,1.1086,-1.7322,9.9165,-0.0159,0.0079,9.8066,-0.0624,0.1743,-0.1516,2.38,-36.44,1.19,281.17,-89.53,45.15,-1.714266262713371,1.163526218292007,0.1096548670594861,0.7862438655963493,-1.1773015137733513,-0.08215214284929458
53.17101,-1.672944,218.69,7.69,3,315.01,21 / 22,1425813,2019-11-06 16:30:06:275,0.2473,0.0344,8.9041,-0.0337,-0.0048,9.8066,-0.0161,-0.2976,0.1893,1.44,-37.5,-2.87,43.89,-89.63,59.28,-0.2433371227165235,-0.1457559324969853,-0.9025221010313144,-1.153305770311001,-0.08494069611749289,-1.14362808278729
53.17101,-1.672944,218.69,7.69,3,315.01,21 / 22,1425913,2019-11-06 16:30:06:375,-0.7343,-3.3772,8.9811,-0.0143,0.0139,9.8065,-0.1338,0.1629,-0.0187,1.56,-37.87,-3.44,333.56,-89.69,8.7,-0.6599101420326552,3.403251778666403,-0.8256151073268994,3.846362209166001,0.32559152018437093,-1.120477422652299
53.17101,-1.672944,218.69,7.69,3,315.01,21 / 22,1426013,2019-11-06 16:30:06:475,1.5365,-0.8887,9.8118,-0.027,-0.0493,9.8065,0.0681,-0.1914,0.0602,1.56,-38.12,-3.0,341.33,-89.54,16.59,-1.7670828080562375,0.1629268083266274,0.0050896562339975,-1.72096154008453,-2.028996967867423,-0.11064031621005904
53.17101,-1.672944,218.69,7.69,3,315.01,21 / 22,1426113,2019-11-06 16:30:06:575,5.5112,0.6055,9.9046,0.0083,-0.033,9.8065,-0.129,0.7735,-0.3708,2.75,-37.31,-3.19,330.05,-89.45,17.46,-4.817776365268325,-2.734722727051948,0.0976563894862038,-1.4948736863084764,-0.6023697859575194,-0.3270744027760051
53.17101,-1.672944,218.69,7.69,3,315.01,21 / 22,1426213,2019-11-06 16:30:06:675,-2.2844,-3.096,11.7298,0.0176,-0.0112,9.8066,-0.0101,0.6111,-0.4504,2.75,-37.06,-3.69,13.49,-88.85,48.37,0.9159135468911072,3.73851290465247,1.923152858295019,1.0997019518590567,0.31610853946130546,1.946674890245073
53.17101,-1.672944,218.69,7.69,3,315.01,21 / 22,1426313,2019-11-06 16:30:06:775,5.3862,-0.194,11.2831,0.1188,0.062,9.8057,0.0929,0.6,-0.0664,1.69,-37.37,-3.37,33.89,-88.63,59.71,-4.950062998722608,-1.8191704560448876,1.4769037478897438,-0.003264505309323873,-0.3168766083973003,0.9308062962455552
53.17101,-1.672944,218.69,7.69,3,315.01,21 / 22,1426414,2019-11-06 16:30:06:876,-2.4518,-4.2473,8.7835,0.095,0.0799,9.8058,-0.0986,0.5599,-0.2367,1.94,-37.31,-3.19,317.51,-89.33,-4.17,0.6569639299605321,4.977849684197729,-1.022427643534441,1.9074193245652846,-0.11549215508038008,-0.8851948761357721
53.17101,-1.672944,218.69,7.69,3,315.01,21 / 22,1426514,2019-11-06 16:30:06:976,4.1635,4.4728,10.9232,-0.0284,0.0327,9.8065,0.0187,0.1351,0.0476,1.31,-37.56,-2.87,316.81,-89.41,-19.89,-2.1276748847070084,-5.72359491046669,1.1166885849988928,-3.738290666228984,-0.22679541226357255,0.49675767982066954
53.17101,-1.672944,218.69,7.69,3,315.01,21 / 22,1426614,2019-11-06 16:30:07:076,-3.4476,-1.9884,8.4078,0.0174,0.0612,9.8064,-0.1944,0.412,-0.2503,1.75,-37.75,-3.06,338.69,-89.62,13.85,2.3910000708567893,3.2389202776896,-1.3984567265146075,0.20922512278991245,1.2694490205411786,-1.2074347111466408
53.17101,-1.672944,218.69,7.69,3,315.01,21 / 22,1426714,2019-11-06 16:30:07:176,-1.2626,-1.6939,10.4338,0.0197,-0.0128,9.8065,-0.0072,-0.1961,0.2135,2.19,-37.69,-2.44,327.35,-89.11,18.79,0.524780956440342,2.048175902860266,0.627276819833231,3.7013192697978123,2.16785707714776,0.006218544727640052
53.17101,-1.672944,218.69,7.69,3,315.01,21 / 22,1426814,2019-11-06 16:30:07:276,-3.5536,-4.2651,10.2587,0.1125,0.0971,9.8055,-0.0646,0.5595,-0.207,2.06,-37.75,-3.12,288.33,-88.91,-26.99,1.6737481361710016,5.446803837554283,0.4531704115098781,2.9582354585524637,1.1970431533874752,0.624897110143488
53.17146,-1.673719,217.96,5.23,3,318.04,20 / 22,1426914,2019-11-06 16:30:07:376,5.7957,0.6461,10.555,-0.0338,-0.0104,9.8066,0.1256,-0.5517,0.2799,1.38,-37.75,-2.62,292.32,-88.77,-35.49,-5.11154986875334,-2.8786847844350083,0.7479284130918457,-2.015158857730924,-0.675685186078388,0.19765789648130921
53.17146,-1.673719,217.96,5.23,3,318.04,20 / 22,1427014,2019-11-06 16:30:07:476,-0.5113,2.3516,9.4115,-0.0313,0.0671,9.8063,0.1297,0.3929,-0.2644,2.25,-37.87,-2.37,252.44,-89.45,-55.45,1.3332523226964834,-1.9162363106447755,-0.394568036960589,-3.478810380041535,1.2629349907705423,-0.30116738927042624
53.17146,-1.673719,217.96,5.23,3,318.04,20 / 22,1427114,2019-11-06 16:30:07:576,4.5783,3.175,9.0673,-0.0216,-0.0285,9.8065,0.1101,-0.8621,0.4002,1.63,-37.25,-2.19,181.88,-89.81,-133.03,-2.985560665259845,-4.744227809606404,-0.7393503260365871,-4.949115156893093,-1.0988407391532073,-1.1727215892205112
53.17146,-1.673719,217.96,5.23,3,318.04,20 / 22,1427214,2019-11-06 16:30:07:676,3.0078,0.6496,9.5072,0.0213,0.0027,9.8066,-0.0229,-0.3207,0.2018,1.75,-37.62,-2.12,204.73,-89.47,-107.29,-2.4974485339924937,-1.7607621435142564,-0.2996159442116238,-2.241418277228873,-1.6148025060782412,-0.3096966292525609
53.17146,-1.673719,217.96,5.23,3,318.04,20 / 22,1427314,2019-11-06 16:30:07:776,-2.7538,-4.2907,9.7021,-0.0191,-0.0858,9.8062,0.0111,-0.8327,0.348,1.56,-37.94,-2.62,232.91,-89.14,-86.12,0.8775815501799136,4.938582566612562,-0.1042006023701723,3.647417112983395,1.366402558877789,-0.41310083643955836
53.17146,-1.673719,217.96,5.23,3,318.04,20 / 22,1427414,2019-11-06 16:30:07:876,1.5587,-2.5461,10.1297,0.0052,-0.0975,9.8061,-0.0308,-0.356,0.0365,1.94,-37.56,-2.44,275.76,-89.15,-27.84,-2.385701448927964,1.6485309375440151,0.3232576596822764,2.1326277998774117,-1.2280375164008013,0.22322068574564477
53.17146,-1.673719,217.96,5.23,3,318.04,20 / 22,1427514,2019-11-06 16:30:07:976,0.1684,-4.9887,10.4536,-0.0147,-0.1283,9.8058,0.1707,-0.4433,0.0334,2.63,-37.25,-2.37,305.0,-88.98,9.94,-2.0648309691821938,4.403865133863528,0.6473820830446939,2.272028577774392,-1.801704885394004,0.43482154894916064
53.17146,-1.673719,217.96,5.23,3,318.04,20 / 22,1427613,2019-11-06 16:30:08:075,2.1629,1.765,9.4259,-0.0807,-0.0356,9.8062,0.0692,-0.4895,0.2508,3.0,-37.5,-3.25,10.44,-88.43,52.95,-1.3633177645544363,-2.5332242651327523,-0.3803536583140972,-1.4360407500415246,-0.36822205723510815,-0.5276027895812359
53.17146,-1.673719,217.96,5.23,3,318.04,20 / 22,1427713,2019-11-06 16:30:08:175,0.1046,-0.3901,8.9917,-0.0663,-0.0052,9.8063,0.0331,-0.0735,0.0401,2.63,-37.25,-3.19,37.64,-88.41,74.15,-0.3074235049615933,0.2876955256682149,-0.8146471954825718,-2.2511560758227804,-0.2068177100821404,-0.9802008228517544
53.17146,-1.673719,217.96,5.23,3,318.04,20 / 22,1427813,2019-11-06 16:30:08:275,2.1166,0.303,9.4407,-0.0274,-0.0149,9.8066,0.0145,-0.403,0.4125,2.69,-37.0,-2.87,42.83,-88.28,77.56,-1.850050274024092,-1.129153693842868,-0.3660671239873778,0.09970991534637424,-0.8370536025451831,-0.5063908177625834
53.17146,-1.673719,217.96,5.23,3,318.04,20 / 22,1427913,2019-11-06 16:30:08:375,-2.6575,-2.4828,10.6067,-0.0098,0.021,9.8066,-0.1738,-0.1925,0.441,1.63,-37.12,-3.31,32.69,-89.35,62.75,1.4610131300691709,3.3383707267327467,0.800132029517226,0.8898096672017278,1.6658704372422437,0.6304334469533297
53.17146,-1.673719,217.96,5.23,3,318.04,20 / 22,1428013,2019-11-06 16:30:08:475,1.7291,2.8414,11.7615,0.0645,-0.0252,9.8063,0.1385,-0.1896,0.0165,1.75,-37.81,-2.69,292.74,-89.45,-28.19,-0.414592370306832,-3.2887783905762062,1.955286583639938,-2.406029500404741,0.43459922994931227,1.8680898422821677
53.17146,-1.673719,217.96,5.23,3,318.04,20 / 22,1428113,2019-11-06 16:30:08:575,0.2061,-2.0198,10.5034,0.0418,0.0148,9.8065,0.0117,0.3544,-0.2855,2.25,-37.75,-3.0,259.98,-89.07,-56.59,-0.9451103464413904,1.8093128278949475,0.6967171476748815,-0.11949832285426876,-0.48778358031298147,0.487628496040034
53.17146,-1.673719,217.96,5.23,3,318.04,20 / 22,1428213,2019-11-06 16:30:08:675,1.9483,-0.3678,10.0675,-0.0183,-0.0718,9.8063,0.0743,-0.1927,0.004,2.0,-37.94,-2.94,308.97,-89.31,-11.68,-1.9262773148171533,-0.4946641892052064,0.26099817305639,-0.3126772170792044,-1.3440955573736102,0.2504953505852615
53.17146,-1.673719,217.96,5.23,3,318.04,20 / 22,1428314,2019-11-06 16:30:08:776,0.5951,-1.8153,10.7872,-0.0157,0.0049,9.8066,-0.1066,0.1761,-0.024,2.13,-38.31,-2.94,322.96,-89.5,-0.2,-1.272620329857292,1.4377221584965862,0.980394579239316,0.2917668201530722,-0.5105747288055827,0.7229054461567634
53.17146,-1.673719,217.96,5.23,3,318.04,20 / 22,1428414,2019-11-06 16:30:08:876,-3.1421,-1.8702,9.6287,-0.025,-0.0227,9.8065,0.0624,0.251,-0.044,1.81,-37.56,-3.06,350.54,-89.44,25.2,2.1493706414958176,2.917159613463472,-0.1776714244145809,2.2371090736013084,2.316051509752505,-0.11543202174403208
53.17146,-1.673719,217.96,5.23,3,318.04,20 / 22,1428514,2019-11-06 16:30:08:976,3.2437,0.8129,10.2354,0.0507,0.0496,9.8063,0.0896,0.1375,0.1034,1.13,-38.0,-1.94,337.64,-89.63,6.63,-2.642259235206578,-1.9484699217482369,0.4288750377533891,-2.2518269238572817,-0.9837992424922574,0.13901471041065772
53.17146,-1.673719,217.96,5.23,3,318.04,20 / 22,1428614,2019-11-06 16:30:09:076,-1.659,-2.4221,9.1114,0.059,0.0706,9.8062,0.0063,0.2677,-0.1171,1.81,-37.69,-2.19,226.53,-89.19,-80.54,0.6094836010960809,2.965389738225897,-0.6948508979770399,1.4576806173777557,0.7524161744457911,-0.584135942155332
53.17146,-1.673719,217.96,5.23,3,318.04,20 / 22,1428714,2019-11-06 16:30:09:176,0.3331,1.1575,10.5065,0.0261,-0.0018,9.8065,0.0989,0.1219,-0.0193,1.13,-38.19,-2.0,231.72,-88.82,-85.79,0.1695176584053976,-1.1871790029456513,0.7000680455882284,-0.7612807013104106,1.3148627690928756,0.40658961800067805
53.17146,-1.673719,217.96,5.23,3,318.04,20 / 22,1428813,2019-11-06 16:30:09:275,-0.9043,-2.3525,10.2833,0.0208,0.0602,9.8064,-0.0677,0.2593,-0.0372,1.13,-38.12,-3.0,235.8,-88.67,-92.44,-0.0895134580108539,2.582446338872674,0.47678418354436,0.420377532205923,0.02486657693708519,0.6071336804891545
53.17146,-1.673719,217.96,5.23,3,318.04,20 / 22,1428913,2019-11-06 16:30:09:375,1.6433,-0.2678,10.9667,-0.0123,0.0114,9.8065,-0.0294,-0.1557,0.124,0.13,-38.31,-1.87,243.67,-88.54,-90.57,-1.6334699204796688,-0.3887673019400313,1.160027604770857,0.5543177084835109,-0.5112073745870311,0.8874980112535786
53.17146,-1.673719,217.96,5.23,3,318.04,20 / 22,1429013,2019-11-06 16:30:09:475,2.1085,0.1451,10.671,0.0039,0.0476,9.8065,0.032,0.1873,-0.0533,0.88,-38.0,-1.37,201.92,-88.32,-95.96,-1.899897692463527,-0.9107965935893502,0.8643182187584622,-3.496633820293624,-1.6662263809027595,0.9965426893417186
53.17146,-1.673719,217.96,5.23,3,318.04,20 / 22,1429114,2019-11-06 16:30:09:576,0.757,0.8009,10.0758,-0.0271,-0.0126,9.8066,0.0695,0.1066,-0.0558,0.88,-37.94,-1.37,196.23,-88.35,-106.3,-0.404633447740345,-1.0549259404495306,0.2691964582538826,0.17381800358213617,0.5594388388748994,0.025806684287624074
53.17146,-1.673719,217.96,5.23,3,318.04,20 / 22,1429214,2019-11-06 16:30:09:676,-1.3829,-1.1654,10.1277,-0.0203,0.0196,9.8066,0.1316,0.261,-0.1784,2.06,-38.0,-0.69,172.13,-88.54,-127.84,0.7922945645799897,1.6227005283093854,0.3211250354012378,-1.168308267528542,1.2594498291333962,0.45571313681918085
53.17146,-1.673719,217.96,5.23,3,318.04,20 / 22,1429314,2019-11-06 16:30:09:776,1.9662,0.786,8.413,-0.0204,-0.0032,9.8066,0.1214,0.3121,-0.1662,2.0,-38.0,-0.06,136.78,-88.41,-154.39,-1.521137872897654,-1.5017449937204823,-1.3937139970136865,-0.18323702689685561,-0.8057640916485901,-1.6175818395489596
53.17146,-1.673719,217.96,5.23,3,318.04,20 / 22,1429414,2019-11-06 16:30:09:876,0.2726,-3.7778,8.0021,-0.0378,-0.0021,9.8065,-0.1775,0.5547,-0.2953,1.81,-38.12,0.5,100.44,-88.26,-173.45,-1.7585924151008443,3.355351692504246,-1.8047398004030024,0.5260407604852726,-0.9948874358126314,-1.6530317886450088
53.17146,-1.673719,217.96,5.23,3,318.04,20 / 22,1429514,2019-11-06 16:30:09:976,1.5487,2.0883,10.0738,-0.0404,0.0235,9.8065,-0.0421,0.2253,0.0291,2.25,-37.81,0.56,89.48,-88.43,178.21,-0.657682728737972,-2.5211260861390445,0.2673271892438131,-1.2472488339270984,-0.22916162777884913,0.0438268097055189
53.17146,-1.673719,217.96,5.23,3,318.04,20 / 22,1429614,2019-11-06 16:30:10:076,-0.8901,-4.5094,9.6347,-0.0115,0.0411,9.8065,0.0624,0.5948,-0.2345,1.94,-38.44,1.0,101.9,-88.09,-175.29,-0.9662638885522182,4.532683567485523,-0.1720965564056017,1.7657826386089217,0.1068807733856838,0.014924496226869338
53.17146,-1.673719,217.96,5.23,3,318.04,20 / 22,1429714,2019-11-06 16:30:10:176,-0.4835,1.5954,10.1145,-0.0087,0.1087,9.806,-0.0164,0.3147,-0.0036,2.25,-37.87,1.31,106.07,-88.0,-172.08,1.0171413608565596,-1.183652473493896,0.3086656022731531,-0.021819741869139486,1.164681435552851,0.06846322317288396
53.17146,-1.673719,217.96,5.23,3,318.04,20 / 22,1429813,2019-11-06 16:30:10:275,0.7196,-2.8326,9.5021,0.0226,0.0756,9.8063,-0.1298,0.5676,-0.0898,2.63,-37.87,1.5,113.48,-87.65,-146.21,-1.7762981831595612,2.405829699683277,-0.3045030387794425,-0.2619503683389014,-0.4171633673580032,-0.0713969679326798
53.17146,-1.673719,217.96,5.23,3,318.04,22 / 22,1429913,2019-11-06 16:30:10:375,-0.9171,1.5417,10.727,-0.0237,0.0352,9.8065,-0.046,0.3506,-0.0315,2.0,-38.62,1.63,120.43,-87.51,-135.69,1.4102261810747718,-1.0385521178298969,0.9207049889960964,0.0014342604806040216,1.3096051047251893,0.6579926083792292
53.17146,-1.673719,217.96,5.23,3,318.04,22 / 22,1430014,2019-11-06 16:30:10:476,0.5666,1.1719,10.2544,0.0185,0.0164,9.8066,0.0239,0.4332,-0.2578,2.56,-38.25,1.94,122.06,-87.69,-135.36,-0.0539314138390457,-1.277749613269386,0.4478459873564316,-3.856785159270073,1.5488947253994656,0.7233396563330915
53.17146,-1.673719,217.96,5.23,3,318.04,22 / 22,1430114,2019-11-06 16:30:10:576,-0.2024,1.8715,10.1148,0.0288,-0.0218,9.8066,0.0018,0.4639,-0.3114,2.81,-38.37,1.5,104.97,-88.33,-148.57,0.9514687550594476,-1.6530687447047552,0.3083772096408401,-0.711385144155871,0.6475090135263851,0.033610098082599155
53.17146,-1.673719,217.96,5.23,3,318.04,22 / 22,1430214,2019-11-06 16:30:10:676,1.2542,-3.2162,9.323,0.02,-0.0411,9.8065,-0.0509,0.4077,-0.3064,3.81,-37.81,1.63,62.8,-88.84,170.52,-2.3750351794849003,2.4419984030410844,-0.4838735328098875,-0.0753028367746662,-0.20499166413386888,-0.18727638738247804
53.17146,-1.673719,217.96,5.23,3,318.04,22 / 22,1430314,2019-11-06 16:30:10:776,2.7701,-1.9519,9.2143,0.0148,0.0121,9.8066,-0.0863,0.6637,-0.2509,4.75,-37.75,2.0,20.52,-88.62,128.89,-3.303112689312083,0.7334398103894341,-0.5927107104156369,1.599935738887315,-3.7561179623028615,-0.8513204025992951
53.17146,-1.673719,217.96,5.23,3,318.04,22 / 22,1430413,2019-11-06 16:30:10:875,0.0866,-6.6416,8.773,0.0341,0.0328,9.8064,-0.0884,0.7386,-0.3691,5.31,-37.06,1.38,7.24,-88.57,107.24,-2.6520729140199286,6.125008698323792,-1.0339559343510396,3.658961913813897,-0.07848971617074318,-0.7549613407331474
53.17146,-1.673719,217.96,5.23,3,318.04,22 / 22,1430514,2019-11-06 16:30:10:976,-0.5402,0.8184,9.0193,-0.0186,0.0538,9.8065,0.093,0.382,-0.0726,5.44,-36.69,2.13,344.89,-88.6,99.22,0.7786498608330222,-0.5005572854519168,-0.7870898031392125,0.2853498106313883,0.251358425070617,-0.9855247767891342
53.17146,-1.673719,217.96,5.23,3,318.04,22 / 22,1430614,2019-11-06 16:30:11:076,0.9149,-3.1508,8.8639,-0.0659,0.0379,9.8064,-0.0877,0.6825,-0.183,5.44,-36.94,2.88,350.09,-88.72,112.45,-2.146966938365533,2.553359754280614,-0.9428517968299016,0.16401066175045376,-0.0457436451071459,-0.733404482348367
53.17146,-1.673719,217.96,5.23,3,318.04,22 / 22,1430714,2019-11-06 16:30:11:176,-3.3311,2.5315,9.7921,0.0071,0.0194,9.8066,-0.0954,0.2154,0.0518,6.06,-36.37,3.0,345.34,-88.84,103.47,4.053722334495557,-1.0107301194115874,-0.0139914447477825,-0.3478450002583293,1.5061844020158581,-0.09920065099778999
53.17146,-1.673719,217.96,5.23,3,318.04,22 / 22,1430814,2019-11-06 16:30:11:276,-0.5119,-1.408,9.589,-0.0318,0.0545,9.8064,-0.0502,0.6934,-0.2474,5.69,-37.31,3.38,328.7,-89.01,88.11,-0.1284754002888427,1.5339043773711742,-0.2174774760801033,-0.719861546529204,1.7299819207336093,-0.13302599528128367
53.17146,-1.673719,217.96,5.23,3,318.04,22 / 22,1430913,2019-11-06 16:30:11:375,-1.8887,2.0648,9.9884,0.0262,-0.0089,9.8065,-0.0634,-0.0174,0.195,5.19,-37.0,4.25,307.99,-88.82,82.04,2.5721485306865994,-1.1623254194381971,0.1822439722311545,-0.6899388088233203,2.249869254910517,0.2597149370100614
53.17146,-1.673719,217.96,5.23,3,318.04,22 / 22,1431014,2019-11-06 16:30:11:476,1.6204,-3.2229,10.0312,-0.0499,0.0522,9.8063,-0.029,0.5394,-0.1,5.94,-37.37,3.75,299.67,-88.98,67.93,-2.8156735764002097,2.363969893761801,0.224478868826161,0.31932356683336266,-1.202297411632763,0.14016303824034587
53.17146,-1.673719,217.96,5.23,3,318.04,22 / 22,1431113,2019-11-06 16:30:11:575,1.1988,-2.4115,9.6155,0.0278,0.0081,9.8065,0.0011,-0.0587,0.217,5.88,-36.75,3.81,283.62,-88.89,52.87,-2.0221371161606254,1.7710307370315423,-0.1913054414675759,1.9829762558815043,-2.0297417898481966,0.07793341245963228
53.17146,-1.673719,217.96,5.23,3,318.04,22 / 22,1431214,2019-11-06 16:30:11:676,0.9968,-4.5808,9.7492,0.0068,0.0562,9.8064,0.018,0.3801,0.0344,6.06,-36.81,4.31,259.53,-88.84,29.07,-2.720558407964852,3.883346070262169,-0.0576722414261931,2.1125623007686913,-1.4880285295176345,-0.3257287867359506
53.17146,-1.673719,217.96,5.23,3,318.04,22 / 22,1431313,2019-11-06 16:30:11:775,-1.4509,-1.3414,9.4456,0.0938,-0.05,9.806,0.0346,-0.2547,0.2219,6.56,-36.44,4.88,258.54,-88.66,29.59,0.9185345132168704,1.791683552241464,-0.3603673218493245,1.6927554380112633,1.3343009558048684,0.09358350231435897
53.17146,-1.673719,217.96,5.23,3,318.04,22 / 22,1431414,2019-11-06 16:30:11:876,-3.5595,0.3184,9.7844,0.0171,-0.0025,9.8066,-0.0263,0.1389,-0.0391,6.88,-36.94,5.5,265.69,-87.94,44.58,3.4183903614599664,1.0998486644673966,-0.0218509026560558,-0.3598923617294453,2.769600943880387,-0.4470949080691652
53.17146,-1.673719,217.96,5.23,3,318.04,22 / 22,1431514,2019-11-06 16:30:11:976,-0.7265,1.9742,9.1746,0.0944,-0.0997,9.8057,-0.1066,-0.1228,0.1457,7.5,-36.56,5.69,277.3,-87.6,53.03,1.565006873730315,-1.5893398277867283,-0.6308546797700072,-2.0155723026405528,2.4425387430703194,-0.04324094379017929
53.17146,-1.673719,217.96,5.23,3,318.04,22 / 22,1431614,2019-11-06 16:30:12:076,0.8122,-1.9861,10.985,0.0611,-0.0006,9.8064,0.2003,0.2623,-0.2017,8.31,-36.06,6.31,282.99,-86.39,62.67,-1.4663137370946313,1.5351975964625788,1.1783682719010629,0.3864933876487403,-1.1609094158081352,0.6655029821442658
53.17146,-1.673719,217.96,5.23,3,318.04,22 / 22,1431714,2019-11-06 16:30:12:176,2.5661,-3.8463,9.6071,0.0638,-0.0178,9.8063,0.1269,-0.3062,0.1621,9.0,-36.62,7.31,288.59,-85.52,70.46,-3.797593817010328,2.5489179203790178,-0.1997418738663242,1.8174769082844089,-2.505020142451685,0.43257132409621213
53.17146,-1.673719,217.96,5.23,3,318.04,22 / 22,1431814,2019-11-06 16:30:12:276,-5.3021,1.1871,9.9587,-0.0055,-0.0488,9.8065,0.0164,-0.2174,0.4085,8.81,-36.12,6.88,293.55,-85.76,73.88,5.359045145210398,0.9283742104575334,0.1527797989075216,0.05410219802742421,1.9212276352011808,-0.3491902022370872
53.17146,-1.673719,217.96,5.23,3,318.04,22 / 22,1431914,2019-11-06 16:30:12:376,2.1985,-2.4297,7.8506,0.0307,-0.0926,9.8061,-0.1353,-0.0198,0.3146,8.69,-35.94,8.44,290.83,-86.31,72.89,-2.9075637412452635,1.3061189371786637,-1.9558885225234923,0.32457220468264114,-0.4099411900772083,-1.3840242555942188
53.17146,-1.673719,217.96,5.23,3,318.04,22 / 22,1432014,2019-11-06 16:30:12:476,-3.3882,0.9341,11.5492,0.0172,-0.0211,9.8066,0.3046,-0.2541,0.3787,8.63,-35.94,9.88,293.93,-86.46,80.69,3.5080089716949328,0.4490921134819832,1.7429860263685857,-0.21399280586047045,1.6710884368879806,1.3514296418719574
53.17146,-1.673719,217.96,5.23,3,318.04,22 / 22,1432114,2019-11-06 16:30:12:576,-0.0126,0.9131,8.5782,-0.036,0.0552,9.8064,0.235,0.3374,-0.1308,8.25,-36.19,11.25,297.56,-87.36,87.77,0.3132842069338908,-0.7991006473899411,-1.228131251547154,-1.9561864393770898,2.0491766498785147,-0.8062506761501286
53.17146,-1.673719,217.96,5.23,3,318.04,22 / 22,1432214,2019-11-06 16:30:12:676,0.2833,1.5384,9.3329,0.0155,-0.015,9.8066,0.1363,0.2215,0.1705,8.56,-36.0,11.56,306.14,-87.23,94.69,0.3594951753298001,-1.534806263786613,-0.473595863111127,-2.0607327331297407,-0.07253357457061155,-0.6864895654381092
53.17146,-1.673719,217.96,5.23,3,318.04,22 / 22,1432314,2019-11-06 16:30:12:776,0.5347,-0.0032,10.8485,0.0149,-0.0003,9.8066,0.0535,0.3611,0.002,7.88,-36.69,12.5,306.22,-87.39,99.76,-0.4798634374790482,-0.2000743393130188,1.0418528687483906,-1.4554304520242334,1.2560427440906579,1.2687623969228239
53.17146,-1.673719,217.96,5.23,3,318.04,22 / 22,1432414,2019-11-06 16:30:12:876,1.0047,-0.1874,9.0515,0.0093,-0.0033,9.8066,-0.04,0.2395,0.0237,8.06,-36.12,12.63,305.24,-87.22,99.03,-0.9882613042757604,-0.2188492936616242,-0.7552049795485855,-0.6761840254832813,-1.3973068261528108,-0.7742274397198377
53.17146,-1.673719,217.96,5.23,3,318.04,22 / 22,1432514,2019-11-06 16:30:12:976,1.4648,-2.0768,9.9886,0.0349,-0.0197,9.8065,0.0367,-0.0567,0.2072,7.69,-36.06,13.69,302.38,-87.28,97.79,-2.1191449422582997,1.3362663988877146,0.1818011410985354,0.04799159372868178,-0.49821487782914,0.22501878937172748
53.17146,-1.673719,217.96,5.23,3,318.04,22 / 22,1432614,2019-11-06 16:30:13:076,0.7372,0.1424,9.07,0.0059,-0.0152,9.8065,-0.026,0.2885,-0.0998,8.25,-36.12,14.75,304.19,-87.14,101.18,-0.6117844589040471,-0.4304407545041577,-0.7365529395130895,-0.8702298603876304,-0.9078090893616015,-0.5997777254959384
53.17146,-1.673719,217.96,5.23,3,318.04,22 / 22,1432714,2019-11-06 16:30:13:176,3.7035,-2.9115,9.8827,0.0326,-0.0324,9.8065,-0.0138,0.1191,0.135,7.94,-36.12,14.44,304.37,-86.75,100.68,-4.503242863526338,1.218857540769273,0.0756311272493048,-0.05777548285708348,-3.0748140262110537,-0.008007338570113931
53.17146,-1.673719,217.96,5.23,3,318.04,22 / 22,1432814,2019-11-06 16:30:13:276,2.0392,-2.0373,9.6845,0.0102,-0.0147,9.8066,0.0167,0.0794,0.098,7.44,-36.56,15.81,301.28,-86.63,103.81,-2.657278942759927,1.0707636420331108,-0.1224500439553928,0.6201085317732968,-2.7867290256811623,0.09824591831488677
53.17146,-1.673719,217.96,5.23,3,318.04,22 / 22,1432914,2019-11-06 16:30:13:376,3.3441,-0.3829,9.2525,-0.0231,-0.0031,9.8066,-0.0164,0.4087,0.1962,6.81,-36.44,16.88,305.45,-86.79,108.24,-3.2484947923447773,-0.96394710799397,-0.5544350702281764,-2.2062922055566716,-2.055495572164116,-0.6874316953678584
53.17146,-1.673719,217.96,5.23,3,318.04,22 / 22,1433014,2019-11-06 16:30:13:476,0.6237,-0.0291,10.0044,-0.0763,0.0433,9.8062,0.0646,0.1703,0.1713,6.75,-36.94,18.06,314.45,-87.79,116.24,-0.6728011656400665,-0.2064164361106501,0.1981308820369649,-0.6765799675653488,-0.6145437149355297,0.4237410091696039
53.17146,-1.673719,217.96,5.23,3,318.04,22 / 22,1433113,2019-11-06 16:30:13:575,-0.7396,-1.839,10.0986,-0.0479,0.0707,9.8062,0.0423,0.403,-0.0078,5.88,-37.06,18.31,320.31,-88.87,123.29,-0.1081649861612358,2.028240383587628,0.2923046735053143,0.827092346876517,0.8373072539224165,0.1829265562436201
53.17146,-1.673719,217.96,5.23,3,318.04,22 / 22,1433213,2019-11-06 16:30:13:675,-2.4223,1.0603,9.4242,0.0026,0.0156,9.8066,0.0039,0.198,-0.0679,5.56,-36.94,18.44,319.65,-88.91,122.6,2.6403631945832373,-0.0159207047422527,-0.3820950036976556,-0.5029170264707699,2.878388810662935,-0.21638623072663898
53.17146,-1.673719,217.96,5.23,3,318.04,22 / 22,1433313,2019-11-06 16:30:13:775,1.1863,-3.3328,10.374,0.0072,-0.0101,9.8066,-0.0532,0.2968,-0.0398,5.25,-37.19,19.25,306.56,-88.39,114.27,-2.3820048283540816,2.5994416784503174,0.5670192395618011,1.4398921287236432,-1.668624838872872,0.5336055859527988
53.17146,-1.673719,217.96,5.23,3,318.04,22 / 22,1433414,2019-11-06 16:30:13:876,3.6567,-2.4864,10.782,0.0259,0.0001,9.8065,-0.0769,0.4814,-0.062,5.69,-37.37,20.44,305.6,-88.33,111.32,-4.313260798944518,0.8730472246867154,0.9749671603471184,0.3743877840352129,-3.927959141712395,1.0406485298915937
53.17146,-1.673719,217.96,5.23,3,318.04,22 / 22,1433514,2019-11-06 16:30:13:976,0.2496,1.2728,9.63,0.0045,-0.016,9.8066,0.0374,0.0946,0.0589,5.38,-36.69,20.5,295.5,-88.17,104.94,0.2771350779402797,-1.2823047129464389,-0.1765156699287203,-2.3988497704229985,0.7945916449882379,-0.10745906171499167
53.17146,-1.673719,217.96,5.23,3,318.04,22 / 22,1433614,2019-11-06 16:30:14:076,-0.1695,-1.1942,10.3998,-0.0228,0.008,9.8066,0.0981,0.2729,-0.0356,5.81,-37.56,20.75,306.07,-88.15,112.75,-0.3340012107537575,1.1641954352125807,0.5931139433913313,0.6555000966905994,0.15169233858294584,0.5440508067141765
53.17146,-1.673719,217.96,5.23,3,318.04,22 / 22,1433714,2019-11-06 16:30:14:176,-1.4183,-3.1842,10.1936,0.0126,-0.021,9.8066,0.1994,-0.0351,0.167,4.63,-36.62,22.06,313.83,-87.85,123.59,0.0834292083749151,3.47079974976859,0.3868678252274649,2.404125377586886,0.44846552732075673,0.5616827049929519
53.17146,-1.673719,217.96,5.23,3,318.04,22 / 22,1433814,2019-11-06 16:30:14:276,0.0372,-1.9419,9.743,0.0128,-0.0495,9.8065,-0.1274,0.1796,0.0083,5.13,-36.87,22.75,324.07,-87.64,134.01,-0.7607323108471638,1.7329279611612027,-0.0636584845783362,1.2093718839594303,-0.220222357103813,-0.22142055048880366
53.17146,-1.673719,217.96,5.23,3,318.04,22 / 22,1433914,2019-11-06 16:30:14:376,3.4454,-3.4635,9.7933,0.0559,-0.036,9.8064,0.052,-0.0228,0.2288,4.94,-36.94,22.94,320.19,-87.66,130.31,-4.458074896122037,1.8335809084552817,-0.0136887806175057,0.8299925892890266,-1.7521905601734535,0.25223207441581696
53.17146,-1.673719,217.96,5.23,3,318.04,22 / 22,1434013,2019-11-06 16:30:14:475,1.7169,-1.2211,10.6282,-0.0025,0.0303,9.8066,0.0041,0.3359,-0.1332,4.75,-36.62,23.88,317.75,-87.36,128.7,-2.0714552709579017,0.4814934855100741,0.8213415634387974,-0.06668833274959278,-1.5073240233766372,0.5769419630941199
53.17146,-1.673719,217.96,5.23,3,318.04,22 / 22,1434113,2019-11-06 16:30:14:575,0.6322,-1.8673,10.3833,0.0475,-0.0099,9.8064,-0.0099,-0.1023,0.1078,4.88,-36.5,23.38,311.42,-87.05,122.58,-1.263054573316221,1.4821402739990974,0.5766938642077433,0.5568216979435163,-1.1135640709427717,0.9045404572717101
53.17146,-1.673719,217.96,5.23,3,318.04,22 / 22,1434213,2019-11-06 16:30:14:675,-3.527,-1.2707,9.9703,0.0276,-0.0198,9.8065,0.0207,0.094,0.1653,4.75,-36.06,24.38,306.86,-86.7,119.02,2.784913278075177,2.5385268892659543,0.1640173041916213,1.9580576546353785,3.357580591898758,-0.1308185998489222
53.17146,-1.673719,217.96,5.23,3,318.04,22 / 22,1434313,2019-11-06 16:30:14:775,-3.5485,-0.6901,8.5744,0.0429,0.0072,9.8065,-0.0225,0.0404,0.2103,4.25,-36.5,24.69,301.98,-86.49,117.18,3.0349315582384504,2.043092744588334,-1.2318336469746385,1.2038896095806404,3.09325142991737,-0.8851607887368662
53.17146,-1.673719,217.96,5.23,3,318.04,22 / 22,1434413,2019-11-06 16:30:14:875,0.4451,-0.9847,9.7154,-0.044,0.0084,9.8065,0.1103,0.0977,-0.0078,3.94,-36.81,25.13,305.55,-86.55,120.62,-0.8377674850910977,0.7235945440611103,-0.0912261296402035,0.11589155529184486,-0.26462874438807993,-0.38624298113963473
53.17146,-1.673719,217.96,5.23,3,318.04,22 / 22,1434513,2019-11-06 16:30:14:975,2.4736,-0.9272,9.3811,0.0043,0.022,9.8066,0.1401,-0.4395,0.3504,4.0,-36.56,24.75,310.62,-86.64,125.31,-2.643894930726932,-0.0893666136343668,-0.4258011080821133,-0.8530818424928768,-2.6701505129540344,-0.1168690136249354
53.17146,-1.673719,217.96,5.23,3,318.04,22 / 22,1434613,2019-11-06 16:30:15:075,1.9712,-0.9488,9.2634,-0.036,-0.019,9.8065,-0.1604,0.0606,0.2289,3.94,-36.0,25.5,313.44,-87.13,127.58,-2.210828923534197,0.0730426891365025,-0.5433578254045242,-0.5334952356139133,-1.43765142992886,-0.7760713174607783
53.17146,-1.673719,217.96,5.23,3,318.04,22 / 22,1434713,2019-11-06 16:30:15:175,-4.7671,0.1485,9.9306,0.0171,0.0387,9.8065,0.3519,-0.3246,0.2319,3.56,-37.12,24.88,320.67,-87.81,133.63,4.447929988988296,1.7653427276727425,0.1245405833916949,1.0386758646021752,1.9018243984077319,0.3297324860480564
53.17146,-1.673719,217.96,5.23,3,318.04,22 / 22,1434813,2019-11-06 16:30:15:275,-0.6981,-0.0886,10.3585,-0.0254,0.0346,9.8065,-0.086,-0.3565,-0.0579,3.63,-36.94,24.63,315.55,-87.88,128.64,0.5712693940594267,0.3758976708008325,0.5520504963293522,-0.17088241916998265,1.1073577337004454,0.44935465747960796
53.17146,-1.673719,217.96,5.23,3,318.04,22 / 22,1434914,2019-11-06 16:30:15:376,-1.0122,-3.4917,10.8502,0.0185,0.015,9.8066,-0.0326,0.0206,0.0011,3.75,-37.0,25.06,308.37,-88.19,121.37,-0.4191433704304158,3.6309801172886536,1.043403355792335,2.871980287415662,-0.5757561162057484,1.0798163403649363
53.17146,-1.673719,217.96,5.23,3,318.04,22 / 22,1435014,2019-11-06 16:30:15:476,-0.4485,-3.0054,11.1793,0.0688,-0.0174,9.8064,-0.0193,-0.2274,-0.1587,4.06,-37.06,24.56,301.5,-87.74,115.25,-0.6895424568537466,2.9531041176752018,1.3726998835746536,2.5525138413571233,-0.18839152501672365,1.4590216181398872
53.17146,-1.673719,217.96,5.23,3,318.04,22 / 22,1435114,2019-11-06 16:30:15:576,-1.9762,1.7713,6.4634,-0.0147,0.0185,9.8066,0.0353,0.1395,0.3822,4.06,-36.81,24.56,292.56,-87.69,106.6,2.4902711642609536,-0.848817136223727,-3.342878299864257,-1.7310448867587014,1.7842791627902703,-3.5223359698908148
53.17146,-1.673719,217.96,5.23,3,318.04,22 / 22,1435214,2019-11-06 16:30:15:676,3.8929,-2.1767,9.2212,-0.0776,0.0822,9.8059,0.1062,0.0054,-0.3089,3.69,-36.62,24.13,294.63,-88.25,107.6,-4.537071227882422,0.530892548378407,-0.5852446712254373,0.372867273291718,-1.5193385053083388,-0.2784102021227768
53.17146,-1.673719,217.96,5.23,3,318.04,22 / 22,1435314,2019-11-06 16:30:15:776,-0.6523,-0.5347,12.4902,-0.0693,0.0901,9.8059,0.2761,0.1689,-0.3954,3.13,-36.87,25.5,300.59,-87.86,116.63,0.2927444457414013,0.8028446602887621,2.684300965043485,-0.28853588049501877,-0.011241164236345358,2.2781704871231256
53.17146,-1.673719,217.96,5.23,3,318.04,22 / 22,1435414,2019-11-06 16:30:15:876,1.0322,0.596,8.3314,0.0875,-0.0358,9.8061,-0.2191,0.4214,-0.0954,3.69,-37.19,24.5,292.46,-87.59,106.65,-0.6231925350617055,-0.9503488854804072,-1.4747330199427673,-0.7933306943394278,-0.11668541959347672,-0.9584363033420286
53.17146,-1.673719,217.96,5.23,3,318.04,22 / 22,1435514,2019-11-06 16:30:15:976,4.9282,-2.8188,11.5523,0.0688,-0.0533,9.8062,-0.283,-0.3411,0.3443,4.13,-37.06,24.63,285.68,-86.63,101.37,-5.553442503115583,0.6506633428635664,1.7454332983081735,-0.6926976298400105,-2.4497394675952124,1.1468630656227958
53.17146,-1.673719,217.96,5.23,3,318.04,22 / 22,1435615,2019-11-06 16:30:16:077,-0.933,0.6952,10.2282,0.0123,0.0586,9.8064,0.2135,-0.6295,0.178,4.44,-36.75,24.31,280.03,-86.82,95.36,1.118701237827784,-0.2173543087796219,0.4219378330246253,0.2649738531639399,1.717829941657232,1.093730857102811
53.17146,-1.673719,217.96,5.23,3,318.04,22 / 22,1435713,2019-11-06 16:30:16:175,2.5352,-3.5494,10.489,-0.005,0.0273,9.8066,0.2692,-0.0614,0.1021,4.5,-37.06,23.81,294.58,-87.26,106.61,-3.734358768217273,2.302320370431802,0.6818754960647427,0.741071308023848,-2.658047025640414,-0.038495219170296024
53.17146,-1.673719,217.96,5.23,3,318.04,22 / 22,1435814,2019-11-06 16:30:16:276,3.3366,-0.9419,8.5597,0.0321,-0.0624,9.8063,-0.1647,0.1968,0.0464,4.06,-36.75,25.06,299.65,-87.29,114.04,-3.385628798009015,-0.4794098782225427,-1.246970677584154,0.25107105456661793,-1.2542672119949096,-0.5001346580263218
53.171486,-1.674126,217.56,6.54,3,232.46,22 / 22,1435914,2019-11-06 16:30:16:376,-7.8417,-0.8775,10.7898,0.0214,-0.0643,9.8063,-0.2058,0.5328,-0.2712,3.38,-37.12,25.56,301.31,-87.31,118.0,6.922678777739399,3.8163976541127074,0.984142055762058,2.161666800023312,1.1047900052095958,0.22724543843699124
53.171486,-1.674126,217.56,6.54,3,232.46,22 / 22,1436013,2019-11-06 16:30:16:475,2.4327,-1.3311,8.7603,-0.0398,0.003,9.8065,-0.0581,0.7352,-0.3706,4.31,-36.44,24.69,292.99,-86.89,108.01,-2.796929034470113,0.2637608408038449,-1.046533179118812,1.0779546127973116,-1.104728305104808,-0.30760218744705625
53.171486,-1.674126,217.56,6.54,3,232.46,22 / 22,1436113,2019-11-06 16:30:16:575,-4.2573,0.8815,8.6433,-0.0229,0.0367,9.8065,-0.0654,-0.1792,0.2023,3.75,-36.56,24.88,291.55,-86.67,107.03,4.228585609204761,0.8740393493199959,-1.1627482966948066,-0.6734925446026548,0.9037028017010019,-1.8795774212213883
53.171486,-1.674126,217.56,6.54,3,232.46,22 / 22,1436214,2019-11-06 16:30:16:676,5.1039,-0.0876,9.3349,-0.1244,0.0358,9.8057,0.0107,0.5658,-0.2143,3.88,-37.0,24.88,287.44,-87.46,101.91,-4.862106038689924,-1.926089162307452,-0.4712817600722029,-1.2529749630237697,-1.0224078785855466,0.19463032774355982
53.171486,-1.674126,217.56,6.54,3,232.46,22 / 22,1436314,2019-11-06 16:30:16:776,0.3614,1.4369,11.6244,0.0369,0.0135,9.8065,-0.0826,-0.1609,0.1411,3.56,-37.12,24.13,293.17,-87.74,106.88,0.2563075505797522,-1.4371337137812727,1.8179882695521044,-2.63841684326057,-0.9360834848477775,1.1931362224628348
53.171486,-1.674126,217.56,6.54,3,232.46,22 / 22,1436414,2019-11-06 16:30:16:876,0.6981,3.5175,10.3246,0.0374,-0.0163,9.8065,-0.2036,0.3538,-0.2471,3.75,-36.81,24.19,283.42,-87.33,97.93,0.7702176124250889,-3.5115226120876613,0.5183322431676879,-3.218263390199252,1.7040117875249017,1.075183204831867
53.171486,-1.674126,217.56,6.54,3,232.46,22 / 22,1436514,2019-11-06 16:30:16:976,-1.846,2.0596,9.3969,-0.0243,0.0019,9.8066,0.2147,0.1721,-0.0219,4.44,-36.87,24.56,280.04,-87.05,95.22,2.4801597204011534,-1.1839770746157634,-0.4093657509904468,-1.8137325664551076,0.8607089797558896,-0.9219425133300743
53.171486,-1.674126,217.56,6.54,3,232.46,22 / 22,1436614,2019-11-06 16:30:17:076,3.9985,-0.9905,8.2925,-0.0428,0.0054,9.8065,0.0029,0.2745,-0.2051,4.25,-36.19,25.25,285.62,-87.02,100.64,-4.10942584019049,-0.6596884267829402,-1.5144467450337515,-0.9438533511957807,-1.260202287915844,-1.0700531807303557
53.171486,-1.674126,217.56,6.54,3,232.46,22 / 22,1436714,2019-11-06 16:30:17:176,-2.861,2.1453,11.2645,0.0069,0.0301,9.8065,0.0721,-0.0572,0.0839,3.56,-37.37,25.5,294.52,-86.83,109.87,3.4656776185722373,-0.8286955211264943,1.4584333469145443,-0.7309155339837023,1.0657756380448475,1.045449531473086
53.171486,-1.674126,217.56,6.54,3,232.46,22 / 22,1436814,2019-11-06 16:30:17:276,-1.8921,0.9928,9.0487,0.0279,-0.0161,9.8066,-0.0787,-0.291,0.0255,3.94,-37.0,25.19,289.05,-86.55,104.76,2.161547367178596,-0.1799470204473744,-0.7576434974810989,-1.1448563561065013,2.4157788672479796,-0.3964656713869933
53.171486,-1.674126,217.56,6.54,3,232.46,21 / 22,1436913,2019-11-06 16:30:17:375,-0.6822,2.3826,10.5135,-0.0349,0.0238,9.8065,-0.1798,0.4411,0.0303,3.5,-36.62,25.25,285.2,-86.7,100.8,1.5161550744503334,-1.9193359420927532,0.7072531806994079,-1.0549907464454837,0.8978117470601022,0.349343989641481
53.171486,-1.674126,217.56,6.54,3,232.46,21 / 22,1437013,2019-11-06 16:30:17:475,-4.2551,-0.9987,9.3442,-0.0315,-0.014,9.8065,-0.011,-0.0415,0.0007,2.81,-37.25,25.44,284.78,-87.35,101.72,3.504826426862133,2.5543883259307907,-0.4620003657112144,0.9392108029794626,2.022277412921407,-0.12500033624274487
53.171486,-1.674126,217.56,6.54,3,232.46,21 / 22,1437114,2019-11-06 16:30:17:576,-1.4262,0.1983,10.0274,-0.0389,-0.0082,9.8065,-0.1546,0.3933,-0.1951,3.19,-36.19,24.94,289.66,-87.24,106.57,1.3579082303679575,0.351092497745642,0.2210421813267503,1.875454136697764,1.0907114306907482,-0.15241167771371317
53.171486,-1.674126,217.56,6.54,3,232.46,21 / 22,1437214,2019-11-06 16:30:17:676,0.9381,-0.254,10.9867,-0.0021,0.0576,9.8064,0.1352,0.225,-0.1043,3.25,-36.75,25.06,277.86,-87.21,95.1,-0.9873993135635084,-0.0798381827773967,1.1801894551914611,-2.165877529616853,-1.3414277956973786,1.5717443273650398
53.171486,-1.674126,217.56,6.54,3,232.46,21 / 22,1437314,2019-11-06 16:30:17:776,-0.094,2.5108,10.7451,-0.0304,0.0373,9.8065,0.0193,-0.1072,0.1452,3.44,-36.44,24.5,279.21,-87.17,96.38,1.023427090883272,-2.252653976101659,0.9388100039942008,-0.3196879666691284,1.0505275300486017,0.46869538419580403
53.171486,-1.674126,217.56,6.54,3,232.46,21 / 22,1437414,2019-11-06 16:30:17:876,-6.3174,-0.3681,9.4311,-0.0276,0.0094,9.8066,-0.0586,-0.5233,0.2285,3.56,-36.81,24.25,276.54,-87.8,90.41,5.644178483491216,2.801382139623953,-0.3749638573125757,0.5542634273475933,1.379125918147877,0.14823095363036543
53.171486,-1.674126,217.56,6.54,3,232.46,21 / 22,1437513,2019-11-06 16:30:17:975,-3.0694,4.0164,7.7362,-0.0253,0.0408,9.8065,0.0972,0.6446,-0.2754,2.75,-36.94,25.69,278.52,-87.92,94.86,4.35411157904363,-2.4730848271194104,-2.069697092598322,-0.48981466608336294,2.178648913494426,-2.7020418346429143
53.171486,-1.674126,217.56,6.54,3,232.46,21 / 22,1437614,2019-11-06 16:30:18:076,-7.4423,-1.5953,7.1296,0.0243,0.048,9.8064,0.0611,-0.1141,-0.0677,3.25,-37.12,25.0,273.47,-87.8,89.86,6.234175665221297,4.425887811726611,-2.6762622336334,2.3999945695443268,1.294775490946403,-1.974396457556137
53.171486,-1.674126,217.56,6.54,3,232.46,21 / 22,1437714,2019-11-06 16:30:18:176,0.7965,0.7785,10.5126,-0.1093,0.0557,9.8058,0.0247,0.3434,-0.2921,3.31,-37.0,24.19,263.68,-87.58,80.24,-0.552124959474108,-1.0188732135686576,0.7067779876297737,0.6261129607777918,-0.4179557403124472,-0.11035110162859334
53.171486,-1.674126,217.56,6.54,3,232.46,21 / 22,1437814,2019-11-06 16:30:18:276,-2.6383,-1.8064,9.4009,-0.0009,0.0562,9.8064,0.1203,-0.4787,0.4493,2.88,-37.25,24.75,255.86,-87.64,72.37,1.701816567432557,2.7439107235774496,-0.4054159368460304,1.3023453110749716,1.1218469975921521,0.46927156380995294
53.171486,-1.674126,217.56,6.54,3,232.46,21 / 22,1437914,2019-11-06 16:30:18:376,4.1261,3.1907,12.0598,-0.0594,0.0901,9.806,0.2483,0.1587,-0.1817,2.44,-37.0,23.69,256.8,-87.72,75.44,-2.644485866524429,-4.487691236184991,2.253678530851498,-3.499129085072388,-2.1025103042612363,1.2870382851713744
53.171486,-1.674126,217.56,6.54,3,232.46,21 / 22,1438013,2019-11-06 16:30:18:475,-5.4753,2.2349,8.5711,0.0231,0.0518,9.8064,0.0831,-0.3601,-0.0366,3.25,-37.19,23.81,244.82,-87.9,60.59,5.914541454424464,0.1348992373589827,-1.234623764413478,-0.47966046684042696,1.7173520264729643,-0.25021780018266593
53.171486,-1.674126,217.56,6.54,3,232.46,21 / 22,1438113,2019-11-06 16:30:18:575,-2.9116,-3.3047,10.9546,-0.0986,-0.0889,9.8057,-0.1164,0.7397,-0.3736,2.69,-36.31,24.5,259.13,-87.56,75.7,1.3354056626294866,4.058455077730921,1.1488881356586476,4.234904024104835,0.8739377471302179,0.11880518172161181
53.171486,-1.674126,217.56,6.54,3,232.46,21 / 22,1438213,2019-11-06 16:30:18:675,3.8171,-1.5844,8.0294,0.0627,-0.0254,9.8063,-0.0429,-0.7564,0.3852,2.38,-37.25,24.88,273.07,-88.14,91.24,-4.0649085138041805,-0.0292912639816694,-1.777367369526245,0.23239783774002287,-1.9112408580925195,-0.7857611955369694
53.171486,-1.674126,217.56,6.54,3,232.46,21 / 22,1438313,2019-11-06 16:30:18:775,-3.1526,-1.0466,10.4135,-0.088,-0.0151,9.8062,-0.2759,0.9834,-0.229,2.44,-36.69,24.88,284.63,-89.0,101.47,2.4192823634504115,2.1453684901937757,0.607491223954282,1.5624572528711753,1.1740855115584754,-0.37573284144394953
53.171486,-1.674126,217.56,6.54,3,232.46,21 / 22,1438413,2019-11-06 16:30:18:875,-7.153,1.9984,8.9084,-0.0209,0.0557,9.8064,-0.1103,0.5657,-0.4358,2.13,-37.25,24.63,260.49,-89.31,76.92,7.324964993012301,0.9936118003030988,-0.8971962669576384,1.973655300195545,2.409495720044256,-0.008143143783155948
53.171486,-1.674126,217.56,6.54,3,232.46,21 / 22,1438513,2019-11-06 16:30:18:975,-7.6576,3.7052,10.3055,-0.1735,0.0034,9.8051,-0.0788,1.2274,-0.7758,2.69,-37.06,24.81,256.6,-88.44,71.98,8.335181297057774,-0.4887190413976632,0.5013807472905647,-1.5899176218270623,0.9229562532363216,-0.3345870432849562
53.171486,-1.674126,217.56,6.54,3,232.46,21 / 22,1438614,2019-11-06 16:30:19:076,10.9368,-1.6032,9.4832,-0.0524,-0.0231,9.8064,-0.2006,1.0606,-0.4554,2.81,-36.94,24.5,262.35,-88.75,77.33,-10.734835096250809,-2.8322820830562847,-0.3243216741142662,-1.4467873018299482,-1.4212641841208695,0.37771233220801714
53.171486,-1.674126,217.56,6.54,3,232.46,21 / 22,1438713,2019-11-06 16:30:19:175,-5.2691,-0.3449,9.888,-0.1467,-0.0077,9.8055,-0.0254,0.49,-0.4089,3.06,-37.06,24.56,263.96,-88.28,79.62,4.584950429010559,2.308861913704616,0.0829341724511328,1.0394222396668058,0.8558046252296525,-0.5431072626849376
53.171486,-1.674126,217.56,6.54,3,232.46,21 / 22,1438813,2019-11-06 16:30:19:275,9.3589,1.6216,9.026,-0.0503,-0.0284,9.8065,-0.1908,1.0813,-0.4183,3.0,-36.94,24.56,269.51,-88.53,84.84,-8.019835157683952,-5.190055502222147,-0.7812124022505338,-3.767126481981645,-1.4370744561447395,-0.3044589726020071
53.171486,-1.674126,217.56,6.54,3,232.46,21 / 22,1438913,2019-11-06 16:30:19:375,-1.9725,1.3012,12.4848,-0.0135,-0.0625,9.8063,-0.185,-0.0507,0.1319,2.69,-37.0,24.69,288.1,-88.55,103.29,2.3354774131263785,-0.4912780292038913,2.678789295707682,-1.582096178376665,0.9641338508911347,2.2749324305759746
53.171486,-1.674126,217.56,6.54,3,232.46,21 / 22,1439014,2019-11-06 16:30:19:476,3.0522,-0.4593,10.1747,-0.0196,-0.0164,9.8066,0.0951,0.2993,-0.2551,3.13,-36.25,24.88,287.78,-88.34,103.21,-3.0012249643972035,-0.7905663600511222,0.3677863556937961,0.36176343652638554,-1.5897806415777043,0.6311844577448982
53.171486,-1.674126,217.56,6.54,3,232.46,21 / 22,1439114,2019-11-06 16:30:19:576,-0.9602,-2.9086,8.2509,0.0397,0.0359,9.8065,-0.0504,-0.1955,-0.0385,2.63,-37.19,25.25,285.83,-87.95,101.9,-0.2278748081196356,3.101205794134148,-1.5557529734033049,2.4249283854964405,-1.0627127016283957,-1.7709695140433852
53.171486,-1.674126,217.56,6.54,3,232.46,21 / 22,1439214,2019-11-06 16:30:19:676,-0.4946,1.0625,10.189,0.0587,0.0175,9.8064,-0.0719,-0.0255,0.0075,3.44,-36.56,24.94,270.88,-87.17,88.2,0.917094292262735,-0.7463241300355379,0.3827362042266328,-0.02243030433142834,1.1427952762253455,0.48234174157879706
53.171486,-1.674126,217.56,6.54,3,232.46,21 / 22,1439314,2019-11-06 16:30:19:776,3.7001,-0.2914,9.8751,0.0356,0.0357,9.8064,-0.2095,0.0931,-0.1698,3.63,-36.25,25.19,268.31,-87.07,83.38,-3.501749459079592,-1.1284300526476694,0.0683424620376288,-1.3286049045863169,-2.655478848660779,-0.01823902646287312
53.171486,-1.674126,217.56,6.54,3,232.46,21 / 22,1439414,2019-11-06 16:30:19:876,-3.821,-0.9555,9.5835,0.0816,0.0309,9.8062,-0.138,-0.3695,0.3458,3.44,-36.87,24.69,253.42,-86.31,71.75,3.2085710622210404,2.4307331987729888,-0.2224294608647363,2.748474756681302,2.115728178928814,-0.22367423024195715
53.171486,-1.674126,217.56,6.54,3,232.46,21 / 22,1439514,2019-11-06 16:30:19:976,-1.3822,1.9683,8.6032,-0.001,0.0239,9.8066,-0.022,0.3626,-0.0521,4.0,-36.75,24.13,247.74,-86.48,63.21,2.030454449358712,-1.2515373693215193,-1.203114833368447,-1.0816292577423192,1.4174155561217632,-1.2209496332989653
53.171486,-1.674126,217.56,6.54,3,232.46,21 / 22,1439614,2019-11-06 16:30:20:076,-4.1537,-1.6978,9.4375,0.0108,0.0176,9.8066,0.0965,-0.2233,0.0528,4.06,-36.75,24.13,246.45,-86.35,62.04,3.165334134547213,3.2041363703367387,-0.368866042020064,3.2759747293631687,2.130228620767144,-0.42032758492777694
53.171486,-1.674126,217.56,6.54,3,232.46,21 / 22,1439714,2019-11-06 16:30:20:176,-0.0898,1.0101,11.1631,-0.0656,-0.0172,9.8064,-0.0821,0.8439,-0.4439,3.25,-37.31,24.63,246.22,-86.51,64.04,0.4229017314672101,-0.9364021297039944,1.356787012396515,-0.5982690333524894,-0.20291793548191095,1.369452257337524
53.171486,-1.674126,217.56,6.54,3,232.46,21 / 22,1439813,2019-11-06 16:30:20:275,5.7649,-0.7372,10.1481,0.0573,0.0153,9.8064,-0.0352,-0.0745,-0.026,4.31,-36.87,24.0,247.95,-86.29,63.68,-5.5489486194358335,-1.5337917670472927,0.3411230484724005,-1.501043817570629,-1.7638686227533704,0.26319510179988914
53.171486,-1.674126,217.56,6.54,3,232.46,21 / 22,1439913,2019-11-06 16:30:20:375,4.5387,-1.1052,10.4277,-0.1021,-0.0075,9.806,-0.0217,0.9294,-0.4102,4.0,-36.5,23.75,248.65,-86.09,64.54,-4.701383460197421,-0.7997477232462206,0.6211907592234532,-0.49243560677265696,-2.7157816360239844,0.6537109022421984
53.171486,-1.674126,217.56,6.54,3,232.46,21 / 22,1440013,2019-11-06 16:30:20:475,3.2849,2.5936,8.6349,-0.0186,-0.0423,9.8065,-0.1593,0.5276,-0.1184,4.0,-37.06,24.19,249.12,-86.5,64.61,-2.0132703409453656,-3.715862686395617,-1.1716802678728018,-3.5616853081721396,-1.6637869610498108,-1.2763013312824247
53.171486,-1.674126,217.56,6.54,3,232.46,21 / 22,1440114,2019-11-06 16:30:20:576,-4.6234,0.2396,10.1243,-0.0835,0.0033,9.8062,-0.1747,0.5449,-0.171,3.69,-37.69,23.94,245.04,-86.86,59.99,4.27231636798136,1.5535666840623128,0.3185289940495107,1.7097004562120914,1.2574917340595397,0.3773676692373703
53.171486,-1.674126,217.56,6.54,3,232.46,21 / 22,1440214,2019-11-06 16:30:20:676,1.304,-0.1864,11.2889,-0.075,0.0164,9.8063,-0.0784,0.7121,-0.2616,4.19,-37.19,24.19,240.25,-86.83,54.94,-1.349018802698476,-0.3511916826939485,1.482458860128187,-0.012572178567764603,-1.0272483825932521,1.3425301834348469
53.171486,-1.674126,217.56,6.54,3,232.46,21 / 22,1440314,2019-11-06 16:30:20:776,-6.1514,3.3337,8.8875,-0.0235,0.0511,9.8065,0.1164,0.1002,-0.0975,3.63,-37.0,24.38,239.32,-86.43,54.48,6.923067263780154,-0.6318815734887908,-0.9181761858493762,-0.645074703077724,1.3847994516536857,-0.8269258918708418
53.171486,-1.674126,217.56,6.54,3,232.46,21 / 22,1440414,2019-11-06 16:30:20:876,5.7096,-1.8369,10.0922,-0.0893,0.0392,9.8061,-0.0242,0.6088,-0.3884,3.94,-37.75,24.13,235.37,-86.26,50.67,-6.071352504246994,-0.5348445278509,0.2854220212277133,-0.04337040651912838,-1.868365254976664,0.10939107556198235
53.171486,-1.674126,217.56,6.54,3,232.46,21 / 22,1440514,2019-11-06 16:30:20:976,2.5169,1.3778,9.0559,0.0294,0.0365,9.8065,0.1288,-0.3809,0.1719,4.31,-37.44,23.88,236.07,-86.05,51.54,-1.767033412785194,-2.205485055543952,-0.7507135857788928,-2.3286350423049886,-2.0799313583713293,-0.6337973276906801
53.171486,-1.674126,217.56,6.54,3,232.46,21 / 22,1440614,2019-11-06 16:30:21:076,7.5571,1.4207,9.2004,-0.0453,-0.0147,9.8065,-0.2254,0.3563,-0.0605,3.88,-37.31,23.69,234.17,-85.94,49.65,-6.439943744975692,-4.287574564788304,-0.606667159922845,-3.7292626714736237,-2.2119336257261497,-0.8043251341220973
53.171486,-1.674126,217.56,6.54,3,232.46,21 / 22,1440713,2019-11-06 16:30:21:175,2.3847,0.7712,9.3584,0.1105,0.0287,9.8059,0.0001,-0.7423,0.3911,3.81,-37.87,23.88,232.92,-84.93,49.69,-1.8042768672491931,-1.5709067933925096,-0.4476438012334129,-1.7161114999389957,-1.7054500849911116,-0.32702739165655614
53.171486,-1.674126,217.56,6.54,3,232.46,21 / 22,1440814,2019-11-06 16:30:21:276,-2.5787,-1.1433,10.1018,-0.0034,0.0308,9.8065,0.0252,-0.1992,0.1251,3.81,-37.37,23.19,227.92,-84.97,43.88,1.913157722607211,2.0857680820507065,0.2954353166547713,2.6223357392367683,1.3057674775762536,0.10411313144163475
53.171486,-1.674126,217.56,6.54,3,232.46,20 / 22,1440914,2019-11-06 16:30:21:376,-2.4157,-1.7141,10.9655,0.0481,0.0104,9.8065,0.2151,-0.3603,0.3436,3.13,-36.69,23.5,221.94,-85.06,39.77,1.5956682833078402,2.5490916893158624,1.159079798420373,2.44848270496672,2.0873174017803753,1.25083989996611
53.171486,-1.674126,217.56,6.54,3,232.46,20 / 22,1441013,2019-11-06 16:30:21:475,-0.9305,1.8326,9.9664,-0.0249,-0.0302,9.8066,0.068,-0.105,0.067,2.69,-37.81,23.5,223.12,-85.45,40.81,1.5605487893309955,-1.3618910927070509,0.1600355201908623,-0.8944039415209267,0.6469240153380975,0.010268349149990474
53.171486,-1.674126,217.56,6.54,3,232.46,20 / 22,1441113,2019-11-06 16:30:21:575,1.9877,-3.0969,9.7976,0.0643,-0.0249,9.8063,-0.0646,-0.1657,0.1929,2.44,-37.44,23.56,220.16,-85.83,39.46,-2.9694570176920947,2.078212925706324,-0.0091271850169855,2.0328854412516093,-1.275147523962543,0.017626022216189252
53.171486,-1.674126,217.56,6.54,3,232.46,20 / 22,1441214,2019-11-06 16:30:21:676,-2.9426,0.2528,11.1395,0.0554,0.0195,9.8064,-0.1182,-0.3456,0.0658,3.31,-37.56,24.06,224.23,-85.31,42.16,2.8513063964508887,0.9548362865809163,1.3333896652466657,1.3702928998607893,1.846377942721253,1.2602653173425928
53.171486,-1.674126,217.56,6.54,3,232.46,20 / 22,1441313,2019-11-06 16:30:21:775,2.9829,-0.6878,10.0061,0.0092,-0.0357,9.8065,-0.2473,0.2318,-0.0219,2.81,-37.06,24.69,225.71,-85.2,43.83,-2.9924930149734816,-0.5596785886557971,0.1992779283693397,-0.6046059050002646,-2.2935609377431305,0.12901121123578907
53.171486,-1.674126,217.56,6.54,3,232.46,20 / 22,1441414,2019-11-06 16:30:21:876,2.7556,-3.4622,10.0442,0.038,0.0184,9.8065,0.2191,-0.0275,0.0098,3.0,-37.37,25.13,225.05,-85.1,43.21,-3.860159612090609,2.144608772467669,0.2371674350310382,2.5843289753035146,-4.67794538399227,0.2675636056353611
53.171486,-1.674126,217.56,6.54,3,232.46,20 / 22,1441514,2019-11-06 16:30:21:976,5.7092,-1.1618,10.7021,-0.1162,0.0425,9.8059,0.1024,0.6417,-0.3954,2.56,-38.06,24.19,227.31,-85.43,45.38,-5.83373686652724,-1.1637256933893143,0.8955751072168625,-1.3087904148889136,-1.6089053362624832,0.7086570445088924
53.171486,-1.674126,217.56,6.54,3,232.46,20 / 22,1441615,2019-11-06 16:30:22:077,-2.5644,0.8434,8.9415,0.0294,-0.0238,9.8065,-0.0976,0.0806,0.0113,2.94,-37.37,24.38,223.5,-85.76,40.77,2.726688254864887,0.2133869547163052,-0.8646944248338696,0.77998140993023,1.6280168984507215,-0.7200519278508082
53.171486,-1.674126,217.56,6.54,3,232.46,20 / 22,1441714,2019-11-06 16:30:22:176,-3.5826,-2.8229,10.1483,-0.0469,-0.0173,9.8065,-0.046,0.5201,-0.2953,1.88,-37.62,25.19,221.81,-85.52,41.68,2.1609626203239296,3.9626691489507513,0.3418872029144452,3.613475017847109,1.8606813623848395,0.038052790926374924
53.171486,-1.674126,217.56,6.54,3,232.46,20 / 22,1441814,2019-11-06 16:30:22:276,-1.3356,0.337,10.3697,0.0412,0.0087,9.8065,-0.1322,0.29,-0.1426,2.31,-37.94,24.44,222.94,-85.46,42.97,1.3957180321689224,0.2348613805470694,0.5633512905869968,1.011158136801899,1.6347741617056837,0.8114377098199034
53.171486,-1.674126,217.56,6.54,3,232.46,20 / 21,1441914,2019-11-06 16:30:22:376,-2.3012,0.8302,9.5304,-0.0595,0.0082,9.8064,-0.0975,0.5631,-0.1995,2.5,-37.0,24.44,223.01,-85.01,41.0,2.38478647527512,0.1176663438486654,-0.275729920157674,-0.49909885563436196,1.2265750982281118,-0.6741179528867051
53.171486,-1.674126,217.56,6.54,3,232.46,20 / 21,1442014,2019-11-06 16:30:22:476,6.9349,-0.2761,10.0358,-0.0917,0.0191,9.8062,0.0182,0.6348,-0.3983,2.38,-37.81,24.69,218.92,-85.0,39.01,-6.5850162130575285,-2.469435940565053,0.2289418467975411,-1.456917033392208,-1.1193244769672064,0.5473842386785261
53.171486,-1.674126,217.56,6.54,3,232.46,20 / 21,1442114,2019-11-06 16:30:22:576,-1.295,-0.6562,10.1559,-0.1258,0.0095,9.8057,0.0274,0.5203,-0.2771,2.13,-37.69,24.94,220.21,-84.97,40.46,0.816807928450656,1.06909989283313,0.3502504777503353,0.1871418492958472,-0.5546798834351454,-0.09985688941375573
53.171486,-1.674126,217.56,6.54,3,232.46,20 / 21,1442213,2019-11-06 16:30:22:675,4.3814,-0.5289,8.7404,-0.0912,-0.0312,9.8061,-0.1908,0.6897,-0.3488,2.06,-37.37,24.63,214.61,-85.51,33.71,-4.3122416686233525,-1.2866546637084812,-1.066144506033636,-0.0799409780982574,-0.5816919266950038,-0.7271148206375062
53.171486,-1.674126,217.56,6.54,3,232.46,20 / 21,1442313,2019-11-06 16:30:22:775,-3.4162,0.0111,10.6052,-0.0297,-0.0109,9.8065,-0.0649,0.1933,-0.2018,2.56,-37.19,24.44,219.2,-85.11,36.71,3.12665048216966,1.3009350869684773,0.7990072601938939,0.22129557554542423,0.18669899539326038,0.35088162312023347
53.171486,-1.674126,217.56,6.54,3,232.46,20 / 21,1442414,2019-11-06 16:30:22:876,2.0538,-1.6756,8.9969,-0.0437,0.0041,9.8065,-0.0255,0.507,-0.4167,2.31,-37.56,24.81,217.99,-84.95,38.02,-2.586497926782676,0.7282827565766125,-0.8099278987799401,2.0307595583200957,-0.24636175706171293,-0.5029136595678919
53.171486,-1.674126,217.56,6.54,3,232.46,20 / 21,1442513,2019-11-06 16:30:22:975,-4.4066,-0.5659,12.0624,-0.0821,-0.0064,9.8063,0.0,0.2589,-0.1972,2.75,-37.69,23.75,222.36,-85.07,40.36,3.763299207989778,2.202355108344592,2.2564438299882386,1.0363758885872492,-0.027498861655928034,1.8572865169193074
53.171486,-1.674126,217.56,6.54,3,232.46,20 / 21,1442613,2019-11-06 16:30:23:075,2.1456,2.0095,8.8373,-0.0677,-0.0394,9.8063,-0.3316,0.608,-0.0683,2.75,-37.81,24.25,222.63,-85.12,40.61,-1.2384827221340065,-2.750052672525906,-0.9690304150586092,-1.478758767588296,0.6068449375192208,-0.7297014546038061
53.171486,-1.674126,217.56,6.54,3,232.46,20 / 21,1442713,2019-11-06 16:30:23:175,-3.061,1.2107,8.6897,-0.037,-0.0287,9.8065,-0.1095,0.1645,0.0384,2.25,-37.0,24.5,216.24,-84.97,35.95,3.268033621857514,0.0385010193277383,-1.1164248823452416,-1.0905454990537642,-0.003011306369399558,-1.4457088852325173
53.171486,-1.674126,217.56,6.54,3,232.46,20 / 21,1442813,2019-11-06 16:30:23:275,5.2868,-1.2496,10.8048,-0.0797,0.004,9.8062,0.0565,0.642,-0.3815,2.38,-37.81,24.5,214.65,-85.31,34.03,-5.430444261347071,-0.939299468709569,0.9980124260171296,0.17889362837479816,-0.28857534144612185,1.166700100581437
53.171486,-1.674126,217.56,6.54,3,232.46,21 / 21,1442913,2019-11-06 16:30:23:375,-4.3684,0.5064,8.8307,-0.0722,0.0298,9.8063,0.1391,0.2922,-0.1464,2.25,-37.31,24.31,219.45,-85.29,39.2,4.141822942520276,1.237181246109848,-0.9751731318523748,0.24733858234116307,0.21660704543332288,-1.2489034922914923
53.171486,-1.674126,217.56,6.54,3,232.46,21 / 21,1443013,2019-11-06 16:30:23:475,0.8873,0.447,9.5426,-0.1032,-0.0065,9.806,-0.1688,0.5469,-0.4167,1.94,-37.19,24.56,216.21,-85.5,35.48,-0.7350623826550992,-0.8039953096459527,-0.2634518849291391,0.07446945069555433,0.6819121402393684,-0.13518280312120412
53.171486,-1.674126,217.56,6.54,3,232.46,21 / 21,1443113,2019-11-06 16:30:23:575,-4.1935,0.0577,9.9461,-0.0412,-0.0118,9.8065,-0.0264,0.1197,0.0023,2.38,-37.69,24.81,215.78,-85.3,35.28,3.850376781302853,1.5559299048399844,0.1399802601387748,0.7609374454494485,0.5507433592465574,-0.11912852945799102
53.171486,-1.674126,217.56,6.54,3,232.46,21 / 21,1443214,2019-11-06 16:30:23:676,0.5466,0.3922,9.5338,-0.0424,-0.022,9.8065,-0.0995,0.3379,-0.1809,2.38,-37.69,24.13,216.38,-85.29,35.94,-0.3807073760215657,-0.611174456531231,-0.2727189167009298,-0.00443014830991445,0.6720306249383432,-0.13773036851963716
53.171486,-1.674126,217.56,6.54,3,232.46,21 / 21,1443314,2019-11-06 16:30:23:776,-4.4377,0.6202,10.2617,0.0291,0.0011,9.8065,0.1348,-0.3365,0.2653,1.94,-38.06,24.06,216.13,-85.32,35.63,4.354332827836629,1.1725865147535326,0.4556540133066185,0.5697849033019318,0.9053612684156972,0.16470273600446012
53.171486,-1.674126,217.56,6.54,3,232.46,21 / 21,1443414,2019-11-06 16:30:23:876,1.9115,-1.9636,8.6951,-0.052,-0.0314,9.8064,-0.1421,0.1447,-0.0579,2.0,-37.75,25.25,216.87,-85.59,36.23,-2.561587699324416,1.01303956888677,-1.111636663006198,1.3738885736263984,-1.2895942143873231,-0.9282961238064076
53.171486,-1.674126,217.56,6.54,3,232.46,21 / 21,1443514,2019-11-06 16:30:23:976,1.5545,0.4984,9.7753,0.0143,0.0036,9.8066,0.0789,-0.364,0.2593,2.06,-37.37,25.38,213.56,-85.65,32.46,-1.2251197172191275,-1.0564651487459962,-0.0313980567237036,-1.5223513051873798,-2.02734858281306,-0.38567747232401894
53.171486,-1.674126,217.56,6.54,3,232.46,21 / 21,1443613,2019-11-06 16:30:24:075,1.3831,0.2877,8.8369,-0.0481,-0.0018,9.8064,0.0609,-0.019,-0.0224,2.19,-38.19,25.31,210.06,-85.92,28.52,-1.2047412542119322,-0.824947427871555,-0.9696051730719912,-0.6403992792676044,-0.7457586485718728,-0.7179707742823073
53.171486,-1.674126,217.56,6.54,3,232.46,21 / 21,1443713,2019-11-06 16:30:24:175,0.8455,-0.5308,10.5317,0.0648,-0.0044,9.8064,0.0548,-0.3677,0.1644,1.75,-37.37,24.88,216.89,-85.84,35.92,-0.9242842676796886,0.1801478415048591,0.7251861055763295,-0.23557963258138237,-1.5464965790025411,0.30163820498254273
53.171486,-1.674126,217.56,6.54,3,232.46,21 / 21,1443813,2019-11-06 16:30:24:275,-2.0873,2.8273,10.4391,0.009,-0.0172,9.8065,-0.0537,0.116,-0.0198,2.0,-37.19,25.06,217.0,-85.98,35.93,3.0398313183284214,-1.8012614712549049,0.6330239871302757,-1.705583200544153,2.3276103724646546,0.9465024786736606
53.171486,-1.674126,217.56,6.54,3,232.46,21 / 21,1443913,2019-11-06 16:30:24:375,-1.1764,1.1427,9.4688,0.0443,-0.0039,9.8065,-0.0063,-0.2065,0.1567,1.94,-37.87,26.13,217.48,-86.01,36.55,1.5713304625541773,-0.5795333515232615,-0.3374952028125601,-1.0352997040456287,1.0104346909119126,-0.8113589366426575
53.171486,-1.674126,217.56,6.54,3,232.46,21 / 21,1444013,2019-11-06 16:30:24:475,0.8192,-1.1062,9.2779,-0.0398,-0.0079,9.8065,0.0174,-0.0632,0.0193,1.75,-38.12,25.63,218.28,-86.12,37.33,-1.2193480177555105,0.6761334747250052,-0.5287681778927306,0.7610022079102744,-0.917573593025331,-0.1811682937035669
53.171486,-1.674126,217.56,6.54,3,232.46,21 / 21,1444114,2019-11-06 16:30:24:576,-3.0797,-0.3547,11.0898,-0.0196,-0.0197,9.8066,0.0809,0.2992,-0.0972,1.88,-37.5,26.0,212.72,-86.3,31.11,2.6867832697915817,1.502329952471014,1.2834483336217712,0.9369209525976473,1.4142728649266743,0.7944587448148532
53.171486,-1.674126,217.56,6.54,3,232.46,21 / 21,1444214,2019-11-06 16:30:24:676,-0.4791,0.0849,9.6498,0.0187,-0.0434,9.8065,0.0293,0.2287,-0.2677,2.13,-36.94,25.69,222.09,-86.6,40.87,0.5084263508046523,0.0760642184714644,-0.1566445034968982,0.1997668425733492,0.8455056541933605,0.18745676010790546
53.171486,-1.674126,217.56,6.54,3,232.46,21 / 21,1444313,2019-11-06 16:30:24:775,-1.3969,-0.7658,9.8831,-0.0239,-0.0145,9.8066,0.0599,0.2645,-0.2223,1.69,-37.31,26.63,231.01,-86.51,50.44,0.9710960070845652,1.2274134498842435,0.0765617924794962,0.5166062181402402,0.32494765790802016,-0.3894794999369422
53.171486,-1.674126,217.56,6.54,3,232.46,21 / 21,1444413,2019-11-06 16:30:24:875,4.192,1.1309,6.8753,0.0047,-0.0157,9.8066,-0.1918,0.2192,-0.0003,2.19,-37.87,26.38,234.91,-86.25,54.94,-3.407850321687197,-2.689436753063209,-2.9315829642446234,-2.512869870908169,-1.6160340482757076,-2.6240573639205675
53.171486,-1.674126,217.56,6.54,3,232.46,21 / 21,1444513,2019-11-06 16:30:24:975,-4.3746,2.7561,10.6374,0.0048,0.0097,9.8066,-0.0198,-0.2712,0.1907,1.44,-37.12,25.63,222.11,-86.27,43.41,5.103728419523731,-0.8202316454057258,0.831421810888328,-1.676590590453589,1.3017868628241962,0.4149751863540149
53.171486,-1.674126,217.56,6.54,3,232.46,21 / 21,1444613,2019-11-06 16:30:25:075,-1.3707,-0.9537,12.3852,0.0393,0.0437,9.8065,0.1536,0.0023,-0.2622,1.88,-37.44,26.69,224.71,-86.01,44.25,0.908865943631811,1.4685497850044893,2.578744786804139,1.6792016515578743,1.3172720660515187,2.833722923185052
53.171486,-1.674126,217.56,6.54,3,232.46,21 / 21,1444713,2019-11-06 16:30:25:175,0.774,0.7511,9.7014,0.041,0.0193,9.8065,-0.0285,-0.0801,-0.0384,2.13,-37.12,26.31,232.45,-85.47,53.08,-0.3894126094899487,-0.9597795925128112,-0.105105677135778,-1.9322661160083106,-1.107981758946211,-0.4657758645930419
53.171486,-1.674126,217.56,6.54,3,232.46,21 / 21,1444814,2019-11-06 16:30:25:276,1.2032,1.4547,8.8604,-0.0121,0.0222,9.8066,-0.1736,0.2004,-0.0154,2.25,-36.94,26.06,230.32,-84.89,51.4,-0.5600382975728113,-1.7931491571006803,-0.9461913049911552,-1.5916530044739954,-0.1621839642627496,-0.7386674978377412
53.17115,-1.674692,216.35,4.71,2,220.47,21 / 21,1444916,2019-11-06 16:30:25:378,-0.298,-1.7203,9.3573,-0.0188,-0.016,9.8066,-0.1671,0.0719,-0.0547,2.44,-37.25,26.88,228.79,-84.78,49.81,-0.4077620006134748,1.6781589381867414,-0.449415563860047,0.6384791318129542,-1.110508358818924,-0.7667006129958551
53.17115,-1.674692,216.35,4.71,2,220.47,21 / 21,1445014,2019-11-06 16:30:25:476,-1.3899,-0.5689,9.0412,-0.1237,-0.0865,9.8055,-0.0467,0.7085,-0.0161,2.0,-36.5,26.69,227.25,-85.44,47.38,0.9777602479082504,0.9381208763372438,-0.7642256270177276,1.0747617559015945,1.3314496783352374,-0.5854895301192138
53.17115,-1.674692,216.35,4.71,2,220.47,21 / 21,1445114,2019-11-06 16:30:25:576,-8.5921,-1.361,10.6951,0.0398,-0.006,9.8066,-0.1269,-0.3317,0.2206,1.88,-37.0,26.88,225.85,-85.95,45.53,7.419201523746052,4.615190816247721,0.8891666546080912,3.562693109830433,1.3454532503556846,0.5960675560511922
53.17115,-1.674692,216.35,4.71,2,220.47,21 / 21,1445214,2019-11-06 16:30:25:676,1.8861,0.4965,10.7052,-0.0455,0.0352,9.8064,-0.1428,0.3304,-0.2045,1.88,-37.81,26.13,224.59,-85.4,44.81,-1.5986822873131925,-1.178276660418866,0.8986638669398159,-1.1586210941274604,-1.3182215014327854,1.0667628686041877
53.17115,-1.674692,216.35,4.71,2,220.47,21 / 21,1445314,2019-11-06 16:30:25:776,-0.353,1.9096,9.9548,0.0897,0.0258,9.8062,0.1133,-0.6896,0.4218,1.88,-37.25,25.75,223.29,-84.79,43.85,1.142522079715525,-1.5618165339502024,0.1487955027623058,-2.5839101262536257,0.5651685450618815,-0.1318795301209067
53.17115,-1.674692,216.35,4.71,2,220.47,21 / 21,1445414,2019-11-06 16:30:25:876,-1.6986,-1.2528,9.2643,-0.0409,-0.0417,9.8064,-0.0532,0.2729,-0.1428,2.13,-37.12,26.13,226.4,-84.82,47.22,1.0539285976789854,1.7618231125704378,-0.5420504967316429,1.6308376807411578,1.23408611627363,-0.37948431437771035
53.17115,-1.674692,216.35,4.71,2,220.47,21 / 21,1445513,2019-11-06 16:30:25:975,-6.0251,-1.8033,10.954,0.0607,-0.0121,9.8064,0.2405,-0.6764,0.4278,1.63,-36.75,26.31,230.56,-84.78,51.78,4.904647434068713,4.023539752024291,1.148000980558593,3.053841333724738,1.5290329441031763,0.8847768391851993
53.17115,-1.674692,216.35,4.71,2,220.47,21 / 21,1445614,2019-11-06 16:30:26:076,-0.9531,-0.5782,9.7318,-0.0406,-0.0296,9.8065,0.04,-0.1706,0.1274,2.0,-37.44,27.0,230.48,-85.33,51.09,0.6261810230552597,0.8611161725011478,-0.0746630016972378,0.566863070522555,0.6765929892317945,0.06911411282453622
53.17115,-1.674692,216.35,4.71,2,220.47,21 / 21,1445713,2019-11-06 16:30:26:175,6.0056,-0.212,10.5671,0.0701,0.0049,9.8063,0.0882,-0.639,0.4382,1.19,-36.94,26.38,225.69,-85.67,47.81,-5.549887449888648,-2.115844208545607,0.7602467222767232,-3.0255134212409835,-2.3299916780194465,0.5372049739896161
53.17115,-1.674692,216.35,4.71,2,220.47,21 / 21,1445813,2019-11-06 16:30:26:275,4.8798,0.6938,10.9047,0.0022,0.0035,9.8066,-0.1218,-0.1568,0.2779,0.63,-37.12,27.06,223.44,-85.72,45.28,-4.221930799288083,-2.538432004826619,1.0977170595807455,-3.0039831414404157,-2.117454632414768,1.1943175344343278
53.17115,-1.674692,216.35,4.71,2,220.47,22 / 22,1445914,2019-11-06 16:30:26:376,1.2493,0.5151,9.4488,0.1014,0.0016,9.806,0.028,-0.7672,0.5472,0.44,-37.62,27.56,213.55,-85.97,36.51,-0.8565719601494239,-0.9206505661444624,-0.3572611259900156,-1.7523446849736235,-0.9985212841048501,-0.5064310949711098
53.17115,-1.674692,216.35,4.71,2,220.47,22 / 22,1446013,2019-11-06 16:30:26:475,-6.6872,-0.2686,9.7309,-0.0175,-0.0102,9.8066,0.0537,-0.0316,0.218,-0.37,-37.31,26.94,214.34,-86.05,37.33,6.0404052475125205,2.839940247216664,-0.0751197581342313,2.1698062509590703,1.6608521840608783,-0.05989585509805684
53.17115,-1.674692,216.35,4.71,2,220.47,22 / 22,1446113,2019-11-06 16:30:26:575,-3.6062,-0.143,10.8575,0.0674,0.0434,9.8062,0.1368,-0.587,0.4494,0.0,-37.19,27.31,216.31,-86.0,39.49,3.3096699702433177,1.604837127806616,1.0516159428627012,0.9103222664299169,3.420641869997715,1.0099546357724698
53.17115,-1.674692,216.35,4.71,2,220.47,22 / 22,1446213,2019-11-06 16:30:26:675,-2.2278,-2.3887,8.7639,-0.0485,0.0333,9.8064,-0.072,-0.0963,0.1841,-1.0,-37.44,27.06,204.95,-86.19,29.23,1.061852947828057,3.080242460549852,-1.0425034491140357,2.1200720509264945,0.4296069993469309,-1.1367967428480887
53.17115,-1.674692,216.35,4.71,2,220.47,22 / 22,1446313,2019-11-06 16:30:26:775,1.0659,-3.1024,8.9239,0.0492,0.0838,9.8061,-0.0582,-0.2984,0.1677,-1.06,-38.06,27.38,201.89,-86.02,26.05,-2.179053924004316,2.537054816186975,-0.8825548288598691,2.097773367781822,-1.7359658231404893,-0.795200557463216
53.17115,-1.674692,216.35,4.71,2,220.47,22 / 22,1446414,2019-11-06 16:30:26:876,-3.706,1.2572,11.3463,0.0178,0.0315,9.8066,-0.0886,-0.0004,0.1708,-1.31,-37.75,26.81,200.63,-85.09,25.12,3.906731795355404,0.3242336450496856,1.5401370856443062,-1.0667915488710422,2.902622375989323,1.3257631658762454
53.17115,-1.674692,216.35,4.71,2,220.47,22 / 22,1446514,2019-11-06 16:30:26:976,0.4051,0.5176,10.4706,0.0505,0.0275,9.8064,-0.0592,0.0509,0.0634,-1.37,-37.62,26.75,200.43,-84.77,25.03,-0.1353783003076594,-0.5895766381730698,0.6642084864907624,-0.6116114996268947,0.7153639892358253,0.8797914947889203
53.17115,-1.674692,216.35,4.71,2,220.47,22 / 22,1446613,2019-11-06 16:30:27:075,2.0663,-0.6566,11.186,0.0236,0.0116,9.8066,0.0407,0.3106,-0.079,-1.0,-37.62,26.19,202.16,-84.25,27.43,-2.141680801109353,-0.1815995012925911,1.379160562548785,-2.1649573380340024,-3.436103902603888,1.0596408026119646
53.17115,-1.674692,216.35,4.71,2,220.47,22 / 22,1446714,2019-11-06 16:30:27:176,6.2006,0.8825,9.7513,0.0823,0.0443,9.8061,0.0171,-0.4722,0.3576,-1.62,-37.62,26.56,203.07,-83.65,30.67,-5.3064875298897904,-3.1586881923716184,-0.0552826238184638,-2.6109699687568906,-0.7034430740620126,0.2604077735118207
53.17115,-1.674692,216.35,4.71,2,220.47,22 / 22,1446814,2019-11-06 16:30:27:276,2.6172,0.8248,8.4219,-0.0462,0.0279,9.8064,-0.0455,-0.1044,0.2701,-2.31,-37.87,26.5,197.88,-83.82,24.68,-2.1413065345956293,-1.7728712684355803,-1.3846744059358027,-4.462259593442962,-3.869779722239742,-1.7671426596823196
53.17115,-1.674692,216.35,4.71,2,220.47,22 / 22,1446914,2019-11-06 16:30:27:376,4.6095,0.0692,9.5573,0.1079,0.0094,9.8059,-0.134,-0.6687,0.3255,-2.5,-38.19,26.5,192.73,-83.96,18.77,-4.121543113058178,-1.8112596131112864,-0.2490010865732335,-0.6278782532515532,-0.29961699105010986,0.11291042292155262
53.17115,-1.674692,216.35,4.71,2,220.47,22 / 22,1447014,2019-11-06 16:30:27:476,-7.9231,-1.0137,10.4561,0.0538,0.0705,9.8062,0.0437,-0.6402,0.4968,-2.75,-37.87,25.94,191.62,-83.47,20.04,6.921775976829806,4.110306725922319,0.6505299419853993,0.7266478666502658,-0.20621259951083892,0.2696258800531089
53.17115,-1.674692,216.35,4.71,2,220.47,22 / 22,1447113,2019-11-06 16:30:27:575,0.5834,-0.735,7.9926,0.098,0.0456,9.806,0.1091,-0.5327,0.166,-2.37,-38.06,27.06,190.43,-83.65,16.21,-0.751260522990543,0.5293057651146347,-1.8135082336764792,2.258357890478716,1.199274136948641,-1.476642173569246
53.17115,-1.674692,216.35,4.71,2,220.47,22 / 22,1447213,2019-11-06 16:30:27:675,-9.4159,-3.3698,10.3183,0.1388,0.0184,9.8056,0.127,-0.8713,0.4709,-2.75,-38.12,26.38,194.17,-83.41,23.0,7.475721138758253,6.847275931814857,0.5132819781679371,2.9586256788526613,5.144663638002911,0.20878253024217897
53.17115,-1.674692,216.35,4.71,2,220.47,22 / 22,1447313,2019-11-06 16:30:27:775,6.4058,-1.6962,10.2794,0.1107,0.0071,9.806,-0.1955,-0.3551,0.0729,-2.56,-38.12,26.88,198.81,-82.93,28.2,-6.460842447484192,-0.8875246708227026,0.4726915352188446,1.1142036247354885,-0.058206082681137916,0.7113725247965252
53.17115,-1.674692,216.35,4.71,2,220.47,22 / 22,1447413,2019-11-06 16:30:27:875,-3.5712,-1.4131,9.725,0.1976,0.1137,9.804,0.2928,-1.0174,0.412,-2.06,-37.62,26.0,200.63,-82.33,28.79,2.874532880466172,2.876119980152339,-0.0787861592372544,-1.154285329801194,0.7131539143734937,-0.24021745314039572
53.17115,-1.674692,216.35,4.71,2,220.47,22 / 22,1447513,2019-11-06 16:30:27:975,10.1179,2.4328,10.1245,0.0573,0.0261,9.8064,0.0843,-0.2103,0.1622,-2.62,-37.75,26.13,199.37,-82.53,29.39,-8.324538234191225,-6.140878666152303,0.3173913279911083,-4.285515031141904,-0.3756439035877719,0.40317328662976487
53.17115,-1.674692,216.35,4.71,2,220.47,22 / 22,1447613,2019-11-06 16:30:28:075,-4.2405,-0.0018,11.89,0.1355,0.0682,9.8054,0.0063,-1.0962,0.6327,-2.5,-38.44,26.63,200.63,-82.26,28.51,4.001704523385884,1.7717266568883574,2.084988901837168,-1.933095850088514,0.31113662074122017,2.1047273132076705
53.17115,-1.674692,216.35,4.71,2,220.47,22 / 22,1447714,2019-11-06 16:30:28:176,5.7249,1.9767,9.7114,-0.0965,-0.0376,9.806,-0.098,0.3941,-0.295,-2.25,-38.62,26.19,195.34,-82.06,22.73,-4.574282449010427,-4.125769568088795,-0.0949587158061952,-2.8832328761601587,-0.9658192826078016,-0.17992922515144402
53.17115,-1.674692,216.35,4.71,2,220.47,22 / 22,1447813,2019-11-06 16:30:28:275,-5.2535,-1.6462,8.498,0.1108,0.0309,9.8059,0.0139,-0.2579,0.2851,-3.19,-38.44,26.0,191.02,-82.28,19.64,4.285114137122092,3.636905135823508,-1.3075546546347392,0.7089035654310614,1.0076118996425925,-1.1115499807456182
53.17115,-1.674692,216.35,4.71,2,220.47,22 / 22,1447913,2019-11-06 16:30:28:375,-4.6505,0.3432,9.5075,0.0235,-0.0103,9.8065,0.0443,0.6284,-0.384,-3.0,-38.06,26.38,193.7,-82.32,22.8,4.44158433583329,1.4979439898447855,-0.298549227043456,1.7454455691005204,2.2859362395174645,-0.526702298993579
53.17115,-1.674692,216.35,4.71,2,220.47,22 / 22,1448013,2019-11-06 16:30:28:475,-0.9496,-5.6219,8.0821,0.0404,-0.0072,9.8065,-0.0385,0.0368,-0.1212,-1.69,-38.0,26.0,199.8,-82.12,27.91,-1.2786833628919805,5.555954790250111,-1.7247743841326324,3.7084072148771243,-1.4912665527598512,-1.4016147290065792
53.17115,-1.674692,216.35,4.71,2,220.47,22 / 22,1448113,2019-11-06 16:30:28:575,-4.4884,0.833,10.3908,-0.0853,0.032,9.8062,-0.2312,0.4769,-0.2068,-1.37,-37.75,25.75,202.65,-81.63,29.34,4.366629171237576,0.9802542520441055,0.5850632890948634,0.053545870643258886,1.5330832715223943,0.2797488875452084
53.17115,-1.674692,216.35,4.71,2,220.47,22 / 22,1448213,2019-11-06 16:30:28:675,7.5552,-1.1536,9.6809,-0.0336,0.0486,9.8064,-0.036,0.4216,-0.5062,-0.75,-37.87,25.25,199.72,-81.08,26.35,-7.456471169152396,-1.8536479289889336,-0.1262837636204348,-2.5592482232384484,-1.503210612605017,0.24569239823163125
53.17115,-1.674692,216.35,4.71,2,220.47,22 / 22,1448313,2019-11-06 16:30:28:775,0.8622,-2.8402,9.894,-0.1664,0.0132,9.8051,0.2219,0.7808,-0.4642,-0.81,-38.12,25.81,201.92,-80.64,28.96,-2.060289239129023,2.226022474560409,0.0885715749047341,0.20946640316102516,-3.082693614993407,-0.21111355635504955
53.17115,-1.674692,216.35,4.71,2,220.47,22 / 22,1448413,2019-11-06 16:30:28:875,6.9265,1.1893,8.9365,-0.0809,-0.0342,9.8062,-0.169,0.6949,-0.4221,-0.94,-38.69,24.63,199.61,-81.07,26.34,-5.974727639959692,-3.8603513765623183,-0.8702309910449616,-3.625044151016547,-0.9851710404877858,-0.5309622577882686
53.17115,-1.674692,216.35,4.71,2,220.47,22 / 22,1448514,2019-11-06 16:30:28:976,-5.8598,-1.9866,11.2366,-0.1408,-0.0612,9.8053,-0.2048,0.4805,-0.0013,-2.12,-37.94,24.38,193.4,-81.44,21.14,4.5145244992857405,4.004019626486844,1.4316568115498154,1.2235651465699466,0.532210345395425,1.209802918759015
53.17115,-1.674692,216.35,4.71,2,220.47,22 / 22,1448614,2019-11-06 16:30:29:076,-1.8568,-2.8608,9.3955,-0.2038,-0.0934,9.804,0.0388,0.6379,-0.495,-1.94,-37.87,25.0,189.46,-81.94,15.95,0.4424336747712514,3.192976556014877,-0.4085794490276992,3.9670196922757337,1.7197908402494284,-0.1612833895107783
53.17115,-1.674692,216.35,4.71,2,220.47,22 / 22,1448714,2019-11-06 16:30:29:176,-10.7784,-2.3608,7.355,-0.0882,0.0481,9.8061,-0.0129,0.752,-0.3861,-1.56,-38.06,25.0,195.18,-81.45,22.98,8.90363744567604,6.388440069642647,-2.4503347062268177,3.3175588616149967,0.4121664018647886,-2.5533024895459855
53.17115,-1.674692,216.35,4.71,2,220.47,22 / 22,1448814,2019-11-06 16:30:29:276,4.0245,1.6706,10.5482,-0.1474,-0.0184,9.8054,-0.1865,0.9724,-0.7933,-1.06,-38.44,24.69,197.38,-80.98,23.55,-3.1824901542040283,-3.1826999190919207,0.7425631915242624,-2.3571000100611137,-0.7229297315447982,0.8743283008127738
53.17115,-1.674692,216.35,4.71,2,220.47,22 / 22,1448914,2019-11-06 16:30:29:376,-3.5484,-0.4615,10.4884,0.0155,0.0051,9.8066,-0.102,-0.617,0.2902,-0.44,-37.87,24.13,202.95,-80.11,28.75,3.099391895714024,1.820022744273728,0.6820829107290087,-1.0466499571813923,0.5405087331261345,0.7027456867627194
53.17115,-1.674692,216.35,4.71,2,220.47,22 / 22,1449013,2019-11-06 16:30:29:475,0.1342,-1.2551,9.4418,-0.168,0.0062,9.8052,-0.1907,-0.1347,0.3338,-1.06,-38.31,24.25,194.8,-80.13,20.95,-0.770277314574338,1.0434461441951557,-0.3635314192974361,1.4725516550140494,0.2794929510101669,-0.33808857894747973
53.17115,-1.674692,216.35,4.71,2,220.47,22 / 22,1449113,2019-11-06 16:30:29:575,3.8361,-1.5827,9.5445,0.1399,-0.02,9.8056,0.1258,-0.6987,0.3583,-1.44,-38.56,23.5,188.23,-80.13,12.78,-4.012938364145199,-0.0031172290638488,-0.2615624370100124,-2.2612225691052807,-3.133503433345656,-0.13922164998400208
53.17115,-1.674692,216.35,4.71,2,220.47,22 / 22,1449213,2019-11-06 16:30:29:675,3.1913,-2.8275,9.2489,0.0246,0.0207,9.8065,-0.0658,0.2164,0.054,-1.12,-37.5,23.5,191.12,-80.02,16.3,-4.026866843401254,1.3870812681089295,-0.5581208392247553,1.1010400577477095,-1.343814767843206,-0.6108952278106532
53.17115,-1.674692,216.35,4.71,2,220.47,22 / 22,1449313,2019-11-06 16:30:29:775,-2.3422,-0.153,9.402,0.1595,0.0041,9.8053,0.0837,-1.0671,0.385,-0.5,-38.37,24.06,194.8,-80.26,18.53,2.2422275709699515,1.1206115814493838,-0.4030873273916014,-0.2795222242001749,1.3230353739746734,-0.21230613357430878
53.17115,-1.674692,216.35,4.71,2,220.47,22 / 22,1449414,2019-11-06 16:30:29:876,-4.7581,-2.7228,11.7977,-0.0384,0.0438,9.8064,0.1519,-0.2913,0.0013,0.0,-38.87,23.75,197.56,-79.81,22.29,3.2661693268153607,4.388735143113999,1.9914972036552403,3.236088726364102,2.1662116917153136,1.8930968230498415
53.17115,-1.674692,216.35,4.71,2,220.47,22 / 22,1449514,2019-11-06 16:30:29:976,-9.1094,-3.3531,10.8437,0.1074,0.0325,9.8059,0.4486,-1.1713,0.6137,0.0,-37.44,23.25,198.26,-79.83,23.11,7.165549529596295,6.713080075624881,1.0383517116808498,6.251713412342741,1.839312441610592,1.2645725813835527
53.17115,-1.674692,216.35,4.71,2,220.47,22 / 22,1449614,2019-11-06 16:30:30:076,-0.8111,-1.465,8.5993,-0.0616,-0.0434,9.8063,0.0721,-0.1148,0.113,-0.25,-38.31,24.56,196.98,-80.89,20.81,0.1356480171811993,1.601304538439672,-1.2070497920994476,-0.40832707384261147,-0.21438892896748984,-1.3214066930911277
53.17115,-1.674692,216.35,4.71,2,220.47,22 / 22,1449714,2019-11-06 16:30:30:176,10.7715,-1.8085,9.4621,0.2068,-0.0173,9.8044,0.0762,-1.2132,0.8366,-0.37,-38.56,24.69,195.21,-81.26,18.6,-10.426324958632415,-2.472301873599905,-0.3434008194416064,-2.062624868273102,-1.6536680947238518,-0.11163884214148934
53.17115,-1.674692,216.35,4.71,2,220.47,22 / 22,1449814,2019-11-06 16:30:30:276,1.9577,-2.811,9.8574,0.0162,0.0082,9.8065,0.1482,-0.7184,0.2908,-1.06,-37.87,24.56,195.42,-81.51,20.97,-2.887506010165002,1.838385512667408,0.0504920595300223,-0.8870991463292465,-2.825334320363317,-0.05164595629755392
53.17115,-1.674692,216.35,4.71,2,220.47,22 / 22,1449914,2019-11-06 16:30:30:376,2.2585,-0.2159,9.2377,0.1842,0.0496,9.8047,-0.0566,-1.082,0.5679,0.25,-38.25,24.56,194.55,-81.42,17.66,-2.013449074051141,-0.5647977499420395,-0.5672090160276133,0.534963518355769,-1.2210250349791227,-0.361333310168349
53.17115,-1.674692,216.35,4.71,2,220.47,22 / 22,1450014,2019-11-06 16:30:30:476,-13.1939,-3.0349,9.4147,0.0333,0.0727,9.8063,0.044,-0.7745,0.3553,-0.25,-38.19,23.44,195.98,-80.34,20.14,10.966792185261529,8.021608272649587,-0.3906635962645919,4.813643310075371,0.8022884962737229,-0.4477807322857106
53.17115,-1.674692,216.35,4.71,2,220.47,22 / 22,1450114,2019-11-06 16:30:30:576,0.2239,-0.503,11.1247,0.1129,0.0425,9.8059,0.212,-1.056,0.6196,-0.5,-38.75,23.44,197.06,-79.73,21.9,-0.3151699029862815,0.4590255295602419,1.31874492812809,1.9963266905033303,0.7645324668315112,1.4604008078793123
53.17115,-1.674692,216.35,4.71,2,220.47,22 / 22,1450214,2019-11-06 16:30:30:676,-6.2152,0.2977,10.9828,0.0811,0.0818,9.8059,0.1525,-0.8433,0.5333,-0.25,-38.5,23.81,192.85,-79.78,16.23,5.881484822951877,2.257601328517349,1.1774857234223424,-1.150410110139657,0.583990963522504,1.2052515605590566
53.17115,-1.674692,216.35,4.71,2,220.47,22 / 22,1450314,2019-11-06 16:30:30:776,4.8238,-0.9473,7.9783,0.1104,0.0326,9.8059,0.1703,-0.575,0.3508,-0.69,-38.87,22.63,187.19,-80.18,11.65,-4.721991684924429,-0.9366366190309828,-1.8281060421635145,0.757132240986085,-0.7940378657339713,-1.7935217900692932
53.17115,-1.674692,216.35,4.71,2,220.47,22 / 22,1450414,2019-11-06 16:30:30:876,3.3336,-2.7118,8.6399,0.0738,0.0203,9.8063,0.1848,-0.4447,0.0624,-0.56,-38.62,23.56,189.98,-80.19,14.97,-4.067226048005701,1.243835290285285,-1.1669196437907998,-2.074696220173328,-3.4487503919170823,-1.0155662451338292
53.17115,-1.674692,216.35,4.71,2,220.47,22 / 22,1450514,2019-11-06 16:30:30:976,6.9445,-1.3602,9.5894,0.1148,0.0258,9.8059,0.0283,-1.0509,0.366,-0.31,-38.31,23.56,192.97,-80.29,16.23,-6.8292154303302,-1.3882715394400311,-0.2172304741989407,0.1922907187248255,-0.8600450717513101,-0.32303138332302905
53.17115,-1.674692,216.35,4.71,2,220.47,22 / 22,1450614,2019-11-06 16:30:31:076,-8.6005,0.1856,10.3435,0.1159,0.0887,9.8055,-0.0186,-0.9388,0.6789,-0.87,-38.81,23.13,190.96,-79.61,16.6,8.063469161627967,3.3112880388842405,0.5387941842827786,0.34034744775324466,0.7057556204411682,0.8326700323226064
53.17115,-1.674692,216.35,4.71,2,220.47,22 / 22,1450714,2019-11-06 16:30:31:176,1.6023,0.3393,9.1295,0.0231,0.0282,9.8066,-0.122,-0.1738,0.1849,-1.69,-39.06,22.19,185.17,-79.3,11.97,-1.332620997317407,-0.9025624764879132,-0.6772167404492923,0.34459173018273914,-0.4340753046154194,-0.9263492567357241
53.17115,-1.674692,216.35,4.71,2,220.47,22 / 22,1450813,2019-11-06 16:30:31:275,-2.9228,-4.4337,7.8193,0.1036,0.0217,9.806,0.038,-0.4227,0.3059,-1.5,-39.19,22.81,186.51,-79.34,10.93,1.0486583887249092,5.282956024627218,-1.9867949656700497,2.8469786025683335,0.0590635080569728,-1.571041096153397
53.17115,-1.674692,216.35,4.71,2,220.47,22 / 22,1450913,2019-11-06 16:30:31:375,2.5725,0.8623,9.7659,0.0045,-0.0274,9.8066,0.1406,-0.2762,-0.0615,-2.0,-39.5,22.88,182.7,-79.36,8.47,-2.017417132788505,-1.8210451131494487,-0.0408581473627204,-1.0371776166906765,-1.4598882297300901,-0.39058179833261436
53.17115,-1.674692,216.35,4.71,2,220.47,22 / 22,1451013,2019-11-06 16:30:31:475,-11.8945,-0.4151,10.4255,0.233,0.021,9.8038,0.16,-1.2727,0.7165,-1.94,-38.62,23.19,183.74,-79.57,9.79,10.996333280683777,5.132813790748839,0.6227578338527303,3.3073190735256865,1.386578379478523,1.0926217050081186
53.17115,-1.674692,216.35,4.71,2,220.47,22 / 22,1451114,2019-11-06 16:30:31:576,4.2616,-0.827,11.3221,-0.0709,-0.0162,9.8063,-0.1355,0.5919,-0.4074,-1.62,-38.94,23.38,181.83,-79.62,7.32,-4.305688725042044,-0.9436021339313188,1.5153422537123675,-0.625420176698113,-1.8393513413400497,1.1508162048981168
53.17115,-1.674692,216.35,4.71,2,220.47,22 / 22,1451214,2019-11-06 16:30:31:676,2.8791,-0.7399,8.0601,0.1499,0.0263,9.8054,0.1873,-0.4495,0.4039,-2.12,-39.06,22.63,182.27,-79.39,7.91,-2.811655866064847,-0.3593134966072551,-1.7456094270996032,-1.6376799037399432,-2.273007042230069,-1.32244915131439
53.17115,-1.674692,216.35,4.71,2,220.47,22 / 22,1451314,2019-11-06 16:30:31:776,-2.3966,1.2639,10.3801,-0.1043,-0.1215,9.8053,-0.1593,0.5153,-0.042,-2.12,-38.75,23.94,177.55,-80.73,1.71,2.651075523577749,-0.3813157521010338,0.5751211659177479,-0.39456764378657616,1.8705802748139349,0.2994292939525747
53.17115,-1.674692,216.35,4.71,2,220.47,22 / 22,1451414,2019-11-06 16:30:31:876,-2.6061,-0.1298,10.0768,-0.0851,-0.0728,9.806,0.0265,-0.1104,0.0166,-2.87,-38.81,23.88,174.67,-80.8,0.5,2.298972110023695,1.036000283251176,0.2710226751337994,0.11806667419340078,1.9288077331651297,0.5481090818386548
53.17115,-1.674692,216.35,4.71,2,220.47,22 / 22,1451514,2019-11-06 16:30:31:976,-8.5154,-4.1228,10.814,-0.1159,-0.0465,9.8058,-0.3527,0.8131,-0.3528,-2.94,-38.37,23.69,174.3,-80.59,0.04,6.143554815870259,7.030199654179411,1.0086209529714347,6.911754552039994,1.7543575578394632,0.9028491563557944
53.17115,-1.674692,216.35,4.71,2,220.47,22 / 22,1451614,2019-11-06 16:30:32:076,3.6486,0.9977,9.6037,-0.0536,0.0173,9.8064,-0.3509,1.0574,-0.6587,-2.25,-39.31,22.81,175.29,-80.19,-1.03,-3.0263421168166533,-2.347044903611673,-0.2029529561552872,-3.1409962450612854,-2.063399066188862,-0.12800288427292814
53.17115,-1.674692,216.35,4.71,2,220.47,22 / 22,1451714,2019-11-06 16:30:32:176,-5.5299,2.7908,11.2355,-0.1049,-0.0123,9.806,-0.1573,0.4641,-0.0154,-2.12,-39.37,22.56,179.0,-79.52,3.68,6.088528035197978,-0.4644994007526203,1.430220798096821,-0.4669133143645219,1.830940373754343,1.5146752303691882
53.17115,-1.674692,216.35,4.71,2,220.47,22 / 22,1451814,2019-11-06 16:30:32:276,-2.1986,-0.7847,11.1457,-0.2322,-0.1198,9.8031,-0.0289,0.7143,-0.4616,-2.31,-38.69,22.19,172.44,-79.89,-4.59,1.5510369333269864,1.3794116892697827,1.3427224407752698,0.5328409259762535,1.3232086277963235,1.232418988531487
53.17115,-1.674692,216.35,4.71,2,220.47,22 / 22,1451914,2019-11-06 16:30:32:376,0.8696,2.3185,7.796,0.2046,-0.0066,9.8045,-0.0626,-0.5772,-0.0212,-1.69,-38.37,23.38,180.44,-80.36,5.52,0.2950051700289307,-2.4003785953438377,-2.008367946535532,-2.178232984795795,0.33394495686009884,-1.7909688392363683
53.17115,-1.674692,216.35,4.71,2,220.47,22 / 22,1452013,2019-11-06 16:30:32:475,-3.7475,0.4123,10.7805,0.1687,0.0188,9.8051,0.1325,-0.9591,0.5312,-1.5,-38.69,22.94,185.63,-80.27,9.65,3.759289167026917,1.165528654628721,0.975785716186414,0.23967248304975208,1.53119226251214,0.7712857909743681
53.17115,-1.674692,216.35,4.71,2,220.47,22 / 22,1452113,2019-11-06 16:30:32:575,-3.257,2.4814,9.8069,-0.0905,0.0533,9.8061,0.0499,0.3529,-0.1974,-2.62,-39.0,22.38,176.57,-80.46,3.38,3.862855250243065,-1.000370012313378,0.0012861312990194,-0.6164169030494461,2.258804041902721,0.23197525027164634
53.17115,-1.674692,216.35,4.71,2,220.47,22 / 22,1452215,2019-11-06 16:30:32:677,-7.4521,0.6136,10.5559,-0.0074,0.0693,9.8063,-0.017,-0.4432,0.1062,-2.62,-39.0,22.81,174.52,-79.65,0.39,7.067054048268395,2.4032255565006904,0.7503164288719927,1.5390746369197745,1.3443010645522349,0.5865925289508043
53.17115,-1.674692,216.35,4.71,2,220.47,22 / 22,1452314,2019-11-06 16:30:32:776,3.6176,-1.2487,10.0851,0.1304,-0.0413,9.8056,-0.1033,0.336,-0.59,-1.31,-39.5,22.81,178.06,-79.6,-0.01,-3.681949959450785,-0.2487056269309676,0.2790857524726766,0.08975023265161375,-1.6361285613680048,0.38290456706541237
53.17115,-1.674692,216.35,4.71,2,220.47,22 / 22,1452413,2019-11-06 16:30:32:875,-4.9212,2.734,9.7501,0.2286,-0.006,9.8039,0.1067,-1.5942,0.6051,-0.94,-38.44,23.25,188.69,-79.62,13.62,5.810688464220345,-0.5138224032786806,-0.0531092239214703,-1.0759453957700083,1.3201515702713271,-0.04561194959463488
53.17115,-1.674692,216.35,4.71,2,220.47,22 / 22,1452513,2019-11-06 16:30:32:975,17.0171,2.1989,8.1897,0.0358,0.0275,9.8065,-0.1604,0.765,-0.537,-0.94,-39.25,23.38,189.09,-79.55,14.22,-14.788427773875965,-8.624242399608693,-1.6181523103977982,-8.581313540710301,-1.7238254312138475,-1.7525436146032187
53.17115,-1.674692,216.35,4.71,2,220.47,22 / 22,1452613,2019-11-06 16:30:33:075,-4.0721,-0.4647,8.0397,0.2458,0.1068,9.8029,-0.0377,-0.6939,0.4675,-1.0,-38.62,22.81,191.02,-78.99,16.86,3.753003972768009,2.2106652205401462,-1.762857726273375,2.1675896570235444,1.4976960565494208,-1.502876188331107
53.17115,-1.674692,216.35,4.71,2,220.47,22 / 22,1452713,2019-11-06 16:30:33:175,-9.5825,-3.5815,11.4606,-0.2831,-0.0839,9.8022,-0.3227,1.3664,-0.6095,-1.25,-38.44,22.88,188.8,-78.82,13.93,7.1978388888480085,6.848455096876578,1.658949907698383,6.431399243167727,2.000007289870733,1.2392268016353551
53.17115,-1.674692,216.35,4.71,2,220.47,22 / 22,1452814,2019-11-06 16:30:33:276,11.274,0.8688,9.0882,0.0804,0.0084,9.8063,0.1788,-0.8424,0.2535,-1.19,-38.44,22.75,183.46,-79.04,6.97,-9.97089258825302,-5.159158969792027,-0.7190385580311243,-4.60681230841074,-2.168918706224588,-0.197444384574189
53.17115,-1.674692,216.35,4.71,2,220.47,21 / 22,1452914,2019-11-06 16:30:33:376,9.5515,6.1402,10.0689,-0.3323,-0.0562,9.8008,-0.3596,2.3966,-1.2845,-1.37,-39.06,22.5,185.27,-79.06,9.35,-6.683284087625181,-9.561317518144373,0.2677202482472479,-10.42603324520455,-2.3832123777792003,-0.41113633923951765
53.17115,-1.674692,216.35,4.71,2,220.47,21 / 22,1453014,2019-11-06 16:30:33:476,13.5962,1.7743,7.1835,-0.0066,-0.0467,9.8065,-0.3335,1.6053,-1.3797,-1.12,-39.06,22.19,184.7,-79.39,8.75,-11.81421798619329,-6.983610360591958,-2.6240765130116888,-5.952784728577553,-1.7862206088097718,-1.8995150768854758
53.17115,-1.674692,216.35,4.71,2,220.47,21 / 22,1453114,2019-11-06 16:30:33:576,-9.1136,-1.7412,10.6629,-0.3479,-0.1164,9.7998,-0.0927,1.0191,-0.277,-0.44,-38.5,23.25,188.68,-79.66,11.11,7.4371465833610655,4.915810070301529,0.8637564415522027,3.7999498821320254,1.245982011965008,0.009544204474704499
53.17115,-1.674692,216.35,4.71,2,220.47,21 / 22,1453213,2019-11-06 16:30:33:675,0.6479,2.6729,10.4149,-0.3175,-0.0726,9.8012,-0.2153,1.1244,-0.3313,-1.19,-39.06,22.44,181.92,-79.74,5.09,0.1821147336457496,-2.9045533560868635,0.6138396577557321,-1.666663034188193,0.7087802427257742,1.438812875281644
53.17115,-1.674692,216.35,4.71,2,220.47,21 / 22,1453313,2019-11-06 16:30:33:775,-13.412,-2.589,10.5145,-0.0461,0.0083,9.8065,0.0916,0.2711,-0.155,-1.37,-38.62,22.5,179.98,-79.62,2.46,11.293456017031664,7.605898828137961,0.708991048956847,6.540448033533996,0.994566170921177,-0.20740035260077216
53.17115,-1.674692,216.35,4.71,2,220.47,21 / 22,1453413,2019-11-06 16:30:33:875,-1.4578,-3.2033,10.1503,-0.145,-0.0854,9.8051,-0.2646,0.8076,-0.6511,-0.94,-38.62,22.56,181.58,-79.78,4.52,-0.0076352661515092,3.3830137389620827,0.3450609144840726,4.510598991963921,0.6773923048354373,1.1529417988220652
53.17115,-1.674692,216.35,4.71,2,220.47,21 / 22,1453513,2019-11-06 16:30:33:975,-0.5522,2.145,11.2092,0.0538,0.0456,9.8063,0.0561,-0.4367,0.4359,-0.81,-38.75,22.88,185.76,-79.26,9.97,1.376848905281933,-1.696574077268051,1.4031280277886269,-2.4273666114778547,0.2951112975729119,0.5400488852479415
53.17115,-1.674692,216.35,4.71,2,220.47,21 / 22,1453614,2019-11-06 16:30:34:076,1.3904,-0.0993,9.7667,-0.1587,-0.0321,9.8052,0.017,0.0991,-0.0494,-1.31,-38.81,22.44,181.32,-79.33,4.33,-1.452564063529843,-0.5424694316455888,-0.038645272308299,0.23110520240856913,-0.7866645889136168,0.6435322893192454
53.17115,-1.674692,216.35,4.71,2,220.47,21 / 22,1453714,2019-11-06 16:30:34:176,-1.4874,3.2824,9.5797,0.0997,0.0259,9.806,0.1686,-0.3592,-0.1123,-1.12,-38.62,22.5,182.52,-79.44,5.75,2.731810027275045,-2.3793022038713816,-0.2258879092211577,-2.609450756881144,1.0073240792556417,-0.9383339857382933
53.17115,-1.674692,216.35,4.71,2,220.47,21 / 22,1453814,2019-11-06 16:30:34:276,3.3835,1.1313,7.6401,0.172,-0.0123,9.8051,-0.1128,-0.1592,-0.0407,0.0,-38.19,23.06,190.02,-79.34,12.9,-2.5106296756485387,-2.305958926118954,-2.1651952043188234,-1.9854439991539063,-1.4912242570324814,-1.6905308542835322
53.17077,-1.675052,215.14,5.26,4,210.36,21 / 21,1453914,2019-11-06 16:30:34:376,5.7269,2.7968,11.1397,-0.0001,-0.0343,9.8066,-0.0089,-0.4228,0.4535,-0.37,-38.19,22.25,191.96,-79.27,15.59,-4.168872791435852,-4.84096164660269,1.3328172436413086,-4.557593745303173,-2.8013967415241154,0.8337929063634902
53.17077,-1.675052,215.14,5.26,4,210.36,21 / 21,1454013,2019-11-06 16:30:34:475,-1.7425,0.6329,7.9575,-0.0078,0.0309,9.8065,0.0243,-0.5897,0.4173,-1.0,-39.12,22.38,186.04,-79.26,10.53,1.8323140082942388,0.1223761647653922,-1.8487938065955367,0.03471215483644552,2.1248163066732464,-1.621201166723754
53.17077,-1.675052,215.14,5.26,4,210.36,21 / 21,1454113,2019-11-06 16:30:34:575,-2.5352,0.0117,9.1321,-0.0078,-0.0082,9.8065,-0.0022,-0.189,0.3396,-1.62,-38.62,22.25,179.71,-79.61,4.81,2.3349745690663024,0.9676518885488622,-0.6741703897394598,1.6555589329842628,1.4068945375045014,-0.9458048453559149
53.17077,-1.675052,215.14,5.26,4,210.36,21 / 21,1454213,2019-11-06 16:30:34:675,-3.456,2.3164,10.5399,-0.0126,0.0196,9.8065,0.0362,0.1286,-0.3004,-1.12,-38.62,22.25,179.38,-79.74,1.8,4.066506297144358,-0.7714183735406708,0.733900257697971,-1.1311981669243143,2.0995968428563625,0.7289425091440431
53.17077,-1.675052,215.14,5.26,4,210.36,21 / 21,1454314,2019-11-06 16:30:34:776,1.6836,3.336,10.8023,0.0348,0.0325,9.8065,-0.0609,0.0579,-0.1942,-1.0,-39.12,22.31,185.64,-79.47,9.97,-0.2294880199279831,-3.6849344323796154,0.9959240973953082,-2.7589737639545295,-0.6692148357087587,0.9095270955549802
53.17077,-1.675052,215.14,5.26,4,210.36,21 / 21,1454414,2019-11-06 16:30:34:876,0.4787,-1.3036,11.2635,-0.0257,-0.0348,9.8065,0.0835,0.0549,0.2783,-0.69,-38.44,22.13,185.47,-79.37,9.72,-0.9595911207309497,0.9715428983724992,1.456849710037479,0.5012035774659745,-0.9736399247283005,1.2884650569485716
53.17077,-1.675052,215.14,5.26,4,210.36,21 / 21,1454514,2019-11-06 16:30:34:976,-3.1819,-0.7822,8.9126,0.0254,0.0073,9.8066,-0.2186,0.3045,-0.1802,-1.06,-38.5,22.31,185.82,-79.46,10.16,2.645258434915066,1.9781536791725145,-0.8937759082045913,2.977133921079136,1.621683841420932,-0.8853142540493314
53.17077,-1.675052,215.14,5.26,4,210.36,21 / 21,1454614,2019-11-06 16:30:35:076,1.1597,0.0096,10.3868,-0.1007,0.0238,9.806,0.1806,0.4888,-0.1772,-0.75,-38.75,22.63,186.14,-79.09,10.48,-1.1661348822191266,-0.4786153413689988,0.5806851397082763,-0.918475481100409,-1.1964081773954995,0.3558313578287845
53.17077,-1.675052,215.14,5.26,4,210.36,21 / 21,1454714,2019-11-06 16:30:35:176,1.39,-0.8024,9.8303,-0.0584,0.0031,9.8064,0.0917,0.1623,0.0652,-0.37,-38.56,22.56,188.08,-79.43,10.46,-1.647880024055556,0.1766171617426714,0.023702837311679,1.115317738011823,-2.057871305535281,0.01301568184460189
53.17077,-1.675052,215.14,5.26,4,210.36,21 / 21,1454814,2019-11-06 16:30:35:276,2.3054,-0.8553,9.1595,-0.0722,-0.0344,9.8063,-0.0435,0.2022,0.063,-2.06,-39.31,22.94,180.6,-79.81,5.74,-2.509382495220731,-0.1717349052234655,-0.647082239756018,-0.47485445944781124,-1.9619623993246498,-0.8137034876720082
53.17077,-1.675052,215.14,5.26,4,210.36,20 / 21,1454914,2019-11-06 16:30:35:376,-0.5432,-0.0897,9.5435,-0.0329,-0.0141,9.8065,-0.0197,0.131,0.2867,-2.19,-38.75,23.13,176.82,-80.15,0.92,0.4404015855089011,0.2686797706128406,-0.2629602143760103,1.0467944078000964,-0.07072217635889311,-0.3980813886412269
53.17077,-1.675052,215.14,5.26,4,210.36,20 / 21,1455014,2019-11-06 16:30:35:476,-4.4578,1.3737,9.8692,-0.1034,0.019,9.8061,0.0657,-0.0957,-0.2093,-2.5,-38.62,23.13,173.19,-79.98,-3.73,4.537860541033885,0.4514080431719186,0.0636046278769327,0.36351030395415673,2.1595154199205635,0.04645438127736887
53.17077,-1.675052,215.14,5.26,4,210.36,20 / 21,1455114,2019-11-06 16:30:35:576,-0.6242,2.0794,10.739,0.0669,0.0287,9.8063,-0.0892,0.273,-0.438,-2.06,-38.56,22.88,177.36,-79.59,1.57,1.4362608320521295,-1.6185525271839991,0.9329316850976898,-1.0772640285103647,0.7912035404808634,0.6038328270927491
53.17077,-1.675052,215.14,5.26,4,210.36,20 / 21,1455214,2019-11-06 16:30:35:676,1.7526,-0.1298,9.3891,0.1512,0.0201,9.8054,-0.098,0.1065,0.0114,-1.56,-38.44,22.0,182.98,-79.22,9.09,-1.532939715851709,-0.486741417512418,-0.4164568165398237,-0.30353027047846504,-1.2387208017542335,-0.23706677942709498
53.17077,-1.675052,215.14,5.26,4,210.36,20 / 21,1455314,2019-11-06 16:30:35:776,6.4452,1.9639,11.537,0.008,-0.0252,9.8065,-0.049,-0.0467,0.1818,-1.25,-39.56,22.25,186.19,-79.11,10.81,-5.151329089030424,-4.342730948638491,1.730083646603951,-4.0874517271641455,-2.7703116890191293,1.1864942181007836
53.17077,-1.675052,215.14,5.26,4,210.36,20 / 21,1455413,2019-11-06 16:30:35:875,1.5152,-2.9179,10.2469,-0.2011,-0.0507,9.8043,0.2302,0.001,0.4908,-2.69,-38.25,22.25,174.73,-79.79,0.98,-2.698921618669792,1.970454291046203,0.4422084046854349,2.445466196681926,-1.599175854532411,0.8151479880067534
53.17077,-1.675052,215.14,5.26,4,210.36,20 / 21,1455513,2019-11-06 16:30:35:975,-4.1931,-1.7558,10.3932,-0.0577,-0.0121,9.8064,-0.1267,0.0037,-0.0794,-3.94,-38.69,23.38,165.47,-80.01,-8.63,3.127389237235314,3.2188803356047577,0.5870289889619809,3.1868782035207035,1.1524991118000947,-0.14322727865508195
53.17077,-1.675052,215.14,5.26,4,210.36,20 / 21,1455613,2019-11-06 16:30:36:075,-0.3944,1.0646,8.7932,0.0815,-0.0022,9.8062,0.0124,0.4614,-0.1591,-3.25,-39.0,23.38,169.03,-79.93,-6.59,0.8544929283269197,-0.7966494478908087,-1.0128689661622354,-0.06900775789581903,1.298188418857975,-0.4935607466427843
53.17077,-1.675052,215.14,5.26,4,210.36,20 / 21,1455713,2019-11-06 16:30:36:175,-3.7027,-0.0394,8.7518,0.1579,-0.0349,9.8053,0.075,-0.1289,-0.1589,-2.5,-38.75,23.19,181.01,-80.35,6.25,3.553058824802736,1.510217994611895,-1.0531521524650806,1.2600742614288636,1.1534886234494302,-1.90351100384194
53.17077,-1.675052,215.14,5.26,4,210.36,20 / 21,1455813,2019-11-06 16:30:36:275,0.1024,-1.427,9.9702,0.0475,0.0022,9.8065,0.0817,0.2496,-0.4554,-0.5,-38.19,23.06,191.03,-80.37,13.91,-0.6081357135666399,1.2945415611913242,0.1635770162129241,2.1619114579143806,-0.20839476070514484,0.749975782062644
53.17077,-1.675052,215.14,5.26,4,210.36,21 / 21,1455913,2019-11-06 16:30:36:375,2.8358,-1.6515,11.7444,0.0423,0.0659,9.8062,-0.0416,-0.1247,0.1832,-0.87,-37.94,22.81,194.11,-80.01,20.4,-3.242372585413422,0.4915805475292496,1.937806190683249,0.16302548273765938,-2.752451553265882,1.058643084838153
53.17077,-1.675052,215.14,5.26,4,210.36,21 / 21,1456014,2019-11-06 16:30:36:476,4.1779,4.1305,9.233,-0.1324,0.0364,9.8056,-0.4565,0.1423,0.201,-1.69,-38.25,22.31,187.41,-79.13,14.88,-2.3714816985287364,-5.451271176490394,-0.5726506560794954,-4.614426395356327,-1.736978521142702,-0.014693971646129816
53.17077,-1.675052,215.14,5.26,4,210.36,21 / 21,1456114,2019-11-06 16:30:36:576,-4.6929,2.1209,12.8414,-0.115,-0.0021,9.8059,-0.0429,0.1246,-0.0652,-2.06,-38.94,21.56,180.45,-78.39,5.8,5.043041416043944,-0.168698810124903,3.0360882147144443,-0.3983042111086541,1.4311570211050473,2.2261571837286627
53.17077,-1.675052,215.14,5.26,4,210.36,21 / 21,1456214,2019-11-06 16:30:36:676,-4.2797,0.0259,9.8316,0.0637,-0.0098,9.8064,0.4826,0.0079,-0.2222,-2.94,-38.56,22.19,177.35,-78.64,4.26,4.013161311579436,1.6615999182299217,0.025594706099803,2.2873467770961944,4.059980719193705,0.46354061524688006
53.17077,-1.675052,215.14,5.26,4,210.36,21 / 21,1456314,2019-11-06 16:30:36:776,-2.8389,-0.6386,9.5497,0.1333,-0.0128,9.8057,0.5088,-0.118,-0.2423,-0.69,-37.81,23.31,190.08,-79.74,15.37,2.4925773031484155,1.7357325883808112,-0.2557835988921549,1.7635848987661213,1.6809681448319596,-0.9136720747740176
53.17077,-1.675052,215.14,5.26,4,210.36,21 / 21,1456414,2019-11-06 16:30:36:876,-0.3959,-1.3816,8.833,0.0449,-0.0866,9.8061,-0.0369,-0.082,-0.0279,-1.31,-37.81,23.69,196.54,-80.28,23.06,-0.0992282495493235,1.3643139815113978,-0.9731671821140984,1.648052109179468,-0.31450094597093875,-0.7205392390238143
53.17077,-1.675052,215.14,5.26,4,210.36,21 / 21,1456514,2019-11-06 16:30:36:976,-0.5601,-1.3268,9.3849,0.0491,0.0078,9.8065,0.1169,-0.5464,0.5915,-1.31,-37.81,23.75,196.88,-80.39,23.44,0.0403155048586768,1.466495774078583,-0.4216552675796276,1.8343551207465445,-0.0065653275294445534,-0.8805336544559897
53.17077,-1.675052,215.14,5.26,4,210.36,21 / 21,1456614,2019-11-06 16:30:37:076,1.9214,-1.7781,8.6916,-0.1345,-0.0189,9.8057,-0.0478,0.1417,0.0998,-1.81,-38.0,24.13,189.29,-80.85,16.26,-2.579174095622905,0.8177000901136123,-1.1144307098675827,0.7264061025897701,-2.469710558261734,-1.0695599139789325
53.17077,-1.675052,215.14,5.26,4,210.36,21 / 21,1456714,2019-11-06 16:30:37:176,-0.4588,1.6007,9.6366,-0.047,0.0132,9.8065,0.0833,-0.3156,0.2056,-2.62,-38.19,24.0,182.88,-80.94,10.68,0.9985131386336212,-1.3010626980922415,-0.1697317519174604,-0.6211264239671397,1.1844354904729744,-0.42913358743383434
53.17077,-1.675052,215.14,5.26,4,210.36,21 / 21,1456814,2019-11-06 16:30:37:276,-1.8948,-0.4787,11.2627,-0.0717,0.0061,9.8063,0.0964,-0.1263,0.144,-2.62,-38.94,23.75,177.38,-81.03,3.87,1.4893402112116578,1.157682189215802,1.4565243884125398,0.7735571441175929,0.8395546496849001,1.3174528333716375
53.17077,-1.675052,215.14,5.26,4,210.36,20 / 22,1456913,2019-11-06 16:30:37:375,-0.9277,-1.2834,10.7762,-0.0018,0.0478,9.8065,-0.0106,-0.0437,-0.3104,-3.0,-37.94,23.56,175.56,-80.75,1.62,0.3330868165746952,1.586974695539488,0.9696735679296842,2.442214741365944,0.645633872871234,0.8679660289517609
53.17077,-1.675052,215.14,5.26,4,210.36,20 / 22,1457013,2019-11-06 16:30:37:475,-2.9083,-0.3257,10.6223,0.1494,0.0843,9.8051,-0.1904,-0.3104,0.1237,-2.81,-38.0,22.5,180.64,-80.04,8.25,2.655367761749221,1.570431748362057,0.8174419267442947,1.0698795984259226,1.3047200630723474,0.5530251911206112
53.17077,-1.675052,215.14,5.26,4,210.36,20 / 22,1457113,2019-11-06 16:30:37:575,5.1719,0.4597,9.653,0.1231,0.0261,9.8058,-0.0373,-0.2748,0.1633,-1.81,-37.87,22.75,183.81,-79.46,9.86,-4.479566183081957,-2.3689130026366496,-0.1532195722731224,-1.5448033544477136,-1.7128184533413902,-0.1638350952052462
53.17077,-1.675052,215.14,5.26,4,210.36,20 / 22,1457213,2019-11-06 16:30:37:675,-0.8753,0.9336,8.6495,0.0287,-0.02,9.8065,-0.0331,-0.4217,0.3891,-2.06,-38.87,22.69,184.83,-79.34,11.23,1.2045254683121434,-0.5254124693427821,-1.156839700756562,-0.9267050787543326,0.6219190951971981,-1.4748439039396963
53.17077,-1.675052,215.14,5.26,4,210.36,20 / 22,1457313,2019-11-06 16:30:37:775,1.8692,-0.5126,8.3872,-0.0457,-0.0196,9.8065,0.0022,-0.1071,0.3081,-2.87,-38.94,22.38,177.95,-79.65,5.11,-1.9553348992730688,-0.293173294551046,-1.4195134205236886,0.2904336237938756,-1.8406530214373422,-1.4068318248269915
53.17077,-1.675052,215.14,5.26,4,210.36,20 / 22,1457414,2019-11-06 16:30:37:876,-7.0499,-0.8731,10.8962,0.0078,0.0068,9.8066,0.1849,-0.471,0.17,-3.62,-38.25,22.81,171.48,-79.98,-0.93,6.155063649921432,3.5636099100485774,1.0901639025483432,3.442975684895152,1.65164371133724,0.7800621479364602
53.17077,-1.675052,215.14,5.26,4,210.36,20 / 22,1457514,2019-11-06 16:30:37:976,-2.1865,1.7771,10.6565,0.0292,-0.0091,9.8066,0.0614,0.1578,-0.3102,-2.75,-38.25,23.13,173.97,-80.26,-0.19,2.736875664915907,-0.7802294342840016,0.8502473549902864,-0.5753099014839802,1.8625411480505114,0.8383058836872835
53.17077,-1.675052,215.14,5.26,4,210.36,20 / 22,1457614,2019-11-06 16:30:38:076,1.4845,0.137,10.7671,0.099,0.0337,9.8061,0.0716,-0.0988,-0.1609,-2.37,-37.69,23.19,180.87,-80.24,6.07,-1.2355262884463318,-0.6355939901181026,0.9608835570888796,-0.39623685519037366,-1.3212266828033303,0.6930413320684122
53.17077,-1.675052,215.14,5.26,4,210.36,20 / 22,1457715,2019-11-06 16:30:38:177,0.8169,0.3468,10.7507,-0.0006,0.0149,9.8066,0.1421,0.0642,-0.2025,-2.31,-37.87,23.31,183.66,-80.3,9.59,-0.6233490110282216,-0.6244896741453038,0.9440536676143108,-0.8112911992348049,-0.983041850744196,0.8905534869875267
53.17077,-1.675052,215.14,5.26,4,210.36,20 / 22,1457813,2019-11-06 16:30:38:275,2.9753,1.9947,9.6439,0.0345,-0.0054,9.8065,-0.0457,0.2049,-0.1921,-2.06,-37.69,22.69,186.67,-80.36,13.38,-1.92746798661411,-2.9889026846219786,-0.1627000689528785,-2.4457105401939714,-1.835947719148134,-0.3854192028130088
53.17077,-1.675052,215.14,5.26,4,210.36,21 / 22,1457913,2019-11-06 16:30:38:375,-0.8234,-1.2586,10.1859,-0.0466,-0.0359,9.8064,-0.0667,0.0983,0.1165,-2.31,-38.0,22.81,187.3,-80.41,14.17,0.238197855953541,1.4288802522458075,0.3794690845920043,0.9699667520211526,-0.20895779121067137,0.29571106025037724
53.17077,-1.675052,215.14,5.26,4,210.36,21 / 22,1458013,2019-11-06 16:30:38:475,4.2045,-0.5558,9.8705,-0.1131,-0.0448,9.8058,-0.0731,0.3079,-0.047,-2.12,-38.12,22.5,183.16,-80.73,8.93,-4.174842556314023,-1.2138929347038128,0.0642683675346295,-0.5376287869833947,-1.9000722534295265,-0.13267333631364056
53.17077,-1.675052,215.14,5.26,4,210.36,21 / 22,1458115,2019-11-06 16:30:38:577,-6.3047,-1.2558,10.6976,-0.0258,0.0018,9.8066,0.0084,-0.2001,0.1942,-2.31,-37.87,22.69,180.39,-80.49,5.46,5.290646951736462,3.6075439667893816,0.8914624668280874,3.0803910049670993,1.6519130854192996,0.802615913314447
53.17077,-1.675052,215.14,5.26,4,210.36,21 / 22,1458214,2019-11-06 16:30:38:676,-3.4302,1.1273,10.1767,-0.0566,-0.0257,9.8064,-0.0507,0.256,-0.2198,-2.37,-38.31,23.31,180.09,-80.46,5.09,3.5560537053235963,0.2545033846037623,0.3706995037487239,0.8494005240515843,1.9257749998158584,0.17515648276233164
53.17077,-1.675052,215.14,5.26,4,210.36,21 / 22,1458314,2019-11-06 16:30:38:776,-0.8625,-0.6695,9.2792,0.1588,-0.0212,9.8053,-0.0916,-0.1836,0.0673,-1.87,-37.56,23.25,182.17,-80.47,7.7,0.6875164488577369,0.995343310761726,-0.5260614187259263,0.6026662622689193,0.5988024361064666,-0.5982910422164256
53.17077,-1.675052,215.14,5.26,4,210.36,21 / 22,1458413,2019-11-06 16:30:38:875,0.2161,-0.0591,10.1335,0.0965,0.0265,9.8061,0.0015,-0.2681,-0.0975,-1.69,-37.81,23.0,189.68,-80.21,17.21,-0.1435555706468301,0.0321716027541112,0.3273821407964918,0.37702698808262297,-0.5109467124755763,0.11869347259446184
53.17077,-1.675052,215.14,5.26,4,210.36,21 / 22,1458514,2019-11-06 16:30:38:976,4.7146,-0.648,8.3627,0.0548,0.0108,9.8065,0.0149,-0.3882,0.1157,-1.0,-37.75,23.06,192.29,-80.01,18.09,-4.547413871810473,-1.2113668359921808,-1.4442746924058358,-1.3506250077291293,-1.7631150434563265,-1.4920327238976947
53.17077,-1.675052,215.14,5.26,4,210.36,21 / 22,1458614,2019-11-06 16:30:39:076,0.3451,0.1053,10.1358,0.0644,0.0591,9.8062,0.3495,-0.6457,0.3324,-0.69,-38.25,23.0,193.19,-79.85,19.28,-0.2404720387610916,-0.1520338918351183,0.3295784949106223,-0.11431317608891933,-0.905425705225142,0.10787366080262206
53.17077,-1.675052,215.14,5.26,4,210.36,21 / 22,1458714,2019-11-06 16:30:39:176,1.4175,0.5046,10.56,-0.0015,-0.0063,9.8066,0.0192,-0.173,0.0063,-1.75,-37.56,22.5,188.61,-80.44,15.81,-1.1073328225827528,-1.023974173458419,0.7533141988048965,-0.9163739931202151,-0.601842152840332,0.7246175378552837
53.17077,-1.675052,215.14,5.26,4,210.36,21 / 22,1458814,2019-11-06 16:30:39:276,-2.9129,0.5148,10.4803,0.0807,0.0238,9.8062,0.0166,-0.343,0.2147,-1.69,-37.69,22.63,189.26,-80.42,16.64,2.9478662856423368,0.7158124995929505,0.6744105555221861,0.5144427771554916,1.1523842203857677,0.4496537537127157
53.17077,-1.675052,215.14,5.26,4,210.36,21 / 22,1458914,2019-11-06 16:30:39:376,1.3032,0.9292,9.8683,0.02,0.0083,9.8066,-0.0108,-0.1545,0.0649,-1.19,-37.69,22.56,190.18,-80.56,15.28,-0.822262284477866,-1.348535754580072,0.0616603125551303,-1.1112800259648397,-0.20870564560538796,0.04057338118658185
53.17077,-1.675052,215.14,5.26,4,210.36,21 / 22,1459014,2019-11-06 16:30:39:476,-0.4695,-0.1772,8.0882,0.0623,0.0009,9.8064,-0.022,-0.2357,0.1406,-1.5,-37.37,23.25,190.87,-80.56,16.06,0.4203778623741894,0.3713860973216307,-1.718166729261719,0.08384736673686977,-0.4172077193040197,-1.9337973400303663
53.17077,-1.675052,215.14,5.26,4,210.36,21 / 22,1459114,2019-11-06 16:30:39:576,0.4727,0.2114,9.6391,-0.0247,-0.0148,9.8066,-0.0373,0.0727,0.0168,-1.94,-37.69,23.38,187.51,-80.67,14.39,-0.3697212714765575,-0.402331467718131,-0.1675261815404754,-0.20353238311185867,0.14664676137659355,-0.19204395841602162
53.17077,-1.675052,215.14,5.26,4,210.36,21 / 22,1459214,2019-11-06 16:30:39:676,-2.328,-0.6712,10.3135,0.0405,0.011,9.8065,0.0265,-0.053,0.0346,-1.31,-37.87,24.06,188.23,-80.85,12.58,1.9146223985085764,1.5521761009012365,0.5071572861749097,1.3447281233970088,1.2873449424970298,0.3105426353167458
53.17077,-1.675052,215.14,5.26,4,210.36,21 / 22,1459314,2019-11-06 16:30:39:776,0.9477,-0.7774,9.4045,-0.0944,0.0084,9.8062,-0.0603,0.198,-0.0194,-2.25,-38.19,23.69,183.39,-80.84,8.96,-1.266039984515728,0.3169686631965173,-0.4018588858776524,0.33297062699611446,-1.022070008732619,-0.4378121385220838
53.17077,-1.675052,215.14,5.26,4,210.36,21 / 22,1459414,2019-11-06 16:30:39:876,1.4673,1.8214,10.3291,-0.0205,0.034,9.8065,-0.0376,-0.0595,0.0192,-3.0,-38.06,22.88,179.37,-80.58,6.64,-0.6726597348303381,-2.2261766460752725,0.5226134150660786,-2.243326917582171,-0.9539805852031715,0.35119601587533716
53.17077,-1.675052,215.14,5.26,4,210.36,21 / 22,1459514,2019-11-06 16:30:39:976,1.6643,0.2517,9.4329,-0.0369,-0.0355,9.8065,-0.075,0.5002,-0.2606,-2.56,-38.0,23.5,180.18,-80.57,7.35,-1.4543129127872492,-0.9281391532321132,-0.3737297204368981,-1.1588479174638537,-1.565101017826885,-0.4250013269405708
53.17077,-1.675052,215.14,5.26,4,210.36,21 / 22,1459614,2019-11-06 16:30:40:076,0.874,0.0157,9.7794,0.0103,-0.005,9.8066,0.0707,0.1408,-0.1098,-2.81,-37.87,23.06,180.88,-80.78,8.54,-0.7871832270352954,-0.3560120733708667,-0.0272761927049055,-0.16713144125601564,-0.6988444322701024,-0.1723741900996158
53.17077,-1.675052,215.14,5.26,4,210.36,21 / 22,1459713,2019-11-06 16:30:40:175,-2.8599,-0.5536,10.1365,-0.0426,-0.0319,9.8064,0.0097,0.3067,-0.1866,-1.69,-37.5,24.06,184.78,-80.92,10.64,2.3904957835560143,1.579474826403219,0.3303110224613094,1.135622359956534,1.5720054998349933,0.2656852454363741
53.17077,-1.675052,215.14,5.26,4,210.36,21 / 22,1459813,2019-11-06 16:30:40:275,2.5335,0.0318,9.9525,-0.0367,-0.0264,9.8064,-0.0612,0.4193,-0.2495,-2.25,-37.44,23.88,184.66,-81.16,10.47,-2.343853494746749,-1.0562823287056355,0.1458729831999448,-0.7353662220217151,-1.6342616827421497,0.021479439543789502
53.17077,-1.675052,215.14,5.26,4,210.36,22 / 22,1459913,2019-11-06 16:30:40:375,-2.0114,-0.6272,9.8032,-0.0097,0.0045,9.8066,-0.006,-0.0524,-0.0322,-1.81,-37.5,24.06,186.26,-80.99,12.46,1.59664713344454,1.362558830929374,-0.0032716234059175,0.8121452438075825,0.9895513771366096,-0.07247912976483543
53.17077,-1.675052,215.14,5.26,4,210.36,22 / 22,1460014,2019-11-06 16:30:40:476,0.9537,1.2602,9.6315,-0.0309,0.0005,9.8065,-0.036,0.0804,-0.0344,-2.06,-38.31,23.5,186.37,-80.88,12.65,-0.4151210928603646,-1.5440081144217097,-0.1749847732299369,-1.214849101890905,0.06004319769643751,-0.2906036112308531
53.17077,-1.675052,215.14,5.26,4,210.36,22 / 22,1460114,2019-11-06 16:30:40:576,0.6807,0.9743,10.2414,-0.0228,0.016,9.8065,-0.0046,-0.1045,0.1,-2.37,-37.87,24.06,185.47,-80.88,11.52,-0.2739490098925354,-1.1568013817317713,0.434915685164797,-1.683783765938438,-0.8775839999550501,0.37455876703260893
53.17077,-1.675052,215.14,5.26,4,210.36,22 / 22,1460214,2019-11-06 16:30:40:676,0.9805,0.6251,10.1901,-0.036,0.0049,9.8065,0.0209,0.0173,0.093,-1.94,-37.94,23.56,183.15,-80.7,8.67,-0.6940428864428486,-0.967603124799714,0.3835595320884464,-0.7510818402443487,-0.28818850830760967,0.26231670031875715
53.17077,-1.675052,215.14,5.26,4,210.36,22 / 22,1460314,2019-11-06 16:30:40:776,-0.8707,1.3445,10.0566,-0.003,0.0056,9.8066,0.077,-0.2794,0.1858,-2.69,-38.12,24.06,178.95,-80.83,5.83,1.3212548965459487,-0.8942860534257197,0.2501888346861337,-1.2937835776756594,0.882021228517618,0.2116946240107344
53.17077,-1.675052,215.14,5.26,4,210.36,22 / 22,1460414,2019-11-06 16:30:40:876,-2.9434,0.0862,9.9193,-0.0236,-0.0235,9.8066,0.0199,-0.1261,0.1519,-2.56,-38.31,23.56,176.65,-81.0,2.99,2.7312240153146394,1.0380847903502672,0.1129724135000294,1.0645735389634379,2.206898413710793,-0.025152515502224054
53.17077,-1.675052,215.14,5.26,4,210.36,22 / 22,1460514,2019-11-06 16:30:40:976,-1.1502,-0.2065,9.5424,0.032,-0.0176,9.8065,-0.0048,-0.1411,0.1262,-3.19,-38.37,23.25,176.17,-81.26,2.69,1.0148603648130965,0.6351272033984666,-0.2640089684739347,0.41308744565904076,0.8315680351197584,-0.27331982016859735
53.17077,-1.675052,215.14,5.26,4,210.36,22 / 22,1460614,2019-11-06 16:30:41:076,-1.5467,-0.5475,10.2458,0.0314,-0.0153,9.8065,0.0263,-0.0163,0.0148,-2.56,-38.12,24.13,176.46,-81.43,2.8,1.245378874953383,1.1057040555536244,0.4393983834200041,0.9225114994583155,1.2046130881973816,0.2804472456227657
53.17077,-1.675052,215.14,5.26,4,210.36,22 / 22,1460713,2019-11-06 16:30:41:175,0.1473,-0.2996,9.6656,0.0422,-0.001,9.8065,-0.0064,-0.044,-0.02,-2.56,-37.81,23.56,177.96,-81.54,4.63,-0.2132472253106046,0.2339315487490037,-0.1409341385088112,0.18423269797200004,-0.13283975663690478,-0.1219246246981252
53.17077,-1.675052,215.14,5.26,4,210.36,22 / 22,1460813,2019-11-06 16:30:41:275,0.7241,0.3904,9.8077,0.0092,0.0179,9.8066,0.0788,-0.1156,-0.0439,-2.37,-38.06,23.5,182.19,-81.55,7.44,-0.5129310686421772,-0.6218842752995288,0.0010662817516546,-0.9865730840489398,-0.7717061307832163,-0.17473853419063318
53.17077,-1.675052,215.14,5.26,4,210.36,22 / 22,1460913,2019-11-06 16:30:41:375,1.9182,0.5536,9.7865,-0.0038,0.0176,9.8066,0.0337,-0.1284,0.091,-2.19,-37.69,23.44,182.65,-81.6,8.23,-1.560594697667868,-1.2433499038808693,-0.0202290911898796,-1.1633306635021303,-1.2753263591576898,0.019256514439289343
53.17077,-1.675052,215.14,5.26,4,210.36,22 / 22,1461014,2019-11-06 16:30:41:476,-1.1573,0.9208,9.7857,-0.0283,-0.0029,9.8066,-0.011,-0.0714,0.1462,-3.0,-37.19,22.88,178.27,-81.5,5.31,1.3999011693447372,-0.4100570930657742,-0.0207218844144299,-0.9019489083629868,1.002866276869722,-0.2040949366018101
53.17077,-1.675052,215.14,5.26,4,210.36,22 / 22,1461114,2019-11-06 16:30:41:576,-2.2104,0.5787,10.0799,-0.0039,-0.0107,9.8065,0.0199,-0.1016,0.1341,-3.75,-38.0,23.88,173.83,-81.61,1.96,2.2615691967105547,0.3181255717835501,0.2736476915074655,0.4704710009966517,2.3997546106299934,0.3223043665769266
53.17077,-1.675052,215.14,5.26,4,210.36,22 / 22,1461214,2019-11-06 16:30:41:676,-2.1757,0.3593,10.7378,0.0065,0.0029,9.8066,0.0726,-0.0297,-0.0534,-3.0,-37.81,23.75,175.0,-81.7,1.05,2.148219676492465,0.5232098983655232,0.9314262524660508,-0.03677317388486645,1.5570425139354895,0.7511762397531836
53.17077,-1.675052,215.14,5.26,4,210.36,22 / 22,1461314,2019-11-06 16:30:41:776,0.0206,1.718,9.9328,0.0583,0.0204,9.8064,0.0391,-0.0966,-0.0704,-3.12,-37.5,23.69,177.19,-81.75,3.73,0.6969747915458433,-1.548372328683111,0.1265435961163892,-1.3775948705452956,1.1251931023762642,0.17351670180358691
53.17077,-1.675052,215.14,5.26,4,210.36,22 / 22,1461414,2019-11-06 16:30:41:876,0.5151,1.2612,10.0601,0.0559,0.007,9.8064,-0.0171,-0.0736,-0.052,-2.94,-37.56,23.69,181.9,-81.58,9.44,0.0664520456738859,-1.3339545953990188,0.2537621584074275,-1.912509637050757,-0.3485436759333809,0.0851489603675761
53.17077,-1.675052,215.14,5.26,4,210.36,22 / 22,1461514,2019-11-06 16:30:41:976,1.6755,0.9935,9.9596,0.0488,0.0017,9.8065,0.0038,-0.0548,-0.01,-1.69,-37.44,24.19,186.01,-81.49,12.07,-1.1108946127350827,-1.5478220607080695,0.1530351847830925,-1.3986464514710808,-0.7119585521641498,0.19096206276837874
53.17077,-1.675052,215.14,5.26,4,210.36,22 / 22,1461614,2019-11-06 16:30:42:076,0.1001,-0.0418,9.8423,0.0167,-0.0066,9.8066,0.0482,-0.0913,0.0353,-1.81,-37.25,24.13,188.27,-81.49,14.82,-0.0905280572386912,-0.0001241737794493,0.0356895703737208,-0.5638188284594945,-0.43786211665483055,-0.11720513820390922
53.17077,-1.675052,215.14,5.26,4,210.36,22 / 22,1461714,2019-11-06 16:30:42:176,-0.0312,-0.2606,9.7167,-0.0017,-0.014,9.8066,0.0312,-0.0376,0.0539,-1.81,-37.0,24.25,187.93,-81.76,14.35,-0.0690320539308208,0.2385648801215594,-0.0899177040558655,0.3430162210732891,0.27858305357036417,-0.06360163971969779
53.17077,-1.675052,215.14,5.26,4,210.36,22 / 22,1461814,2019-11-06 16:30:42:276,-1.0802,-0.9653,9.9045,-0.0019,-0.0092,9.8066,0.0385,-0.0574,0.0542,-2.19,-36.94,24.38,187.37,-81.93,13.65,0.6198473884750542,1.3010164226119223,0.0979182980587985,0.7693971801655926,0.3458009641707728,-0.039822559167279115
53.17077,-1.675052,215.14,5.26,4,210.36,22 / 22,1461914,2019-11-06 16:30:42:376,-0.2361,-0.5167,9.6456,0.0109,-0.0013,9.8066,0.0217,0.0073,-0.014,-2.12,-37.56,24.63,187.34,-82.06,13.38,0.0263761602312941,0.5709149902264165,-0.1610202847663108,0.6222209368364999,0.3299368951910171,-0.14492413639441223
53.17077,-1.675052,215.14,5.26,4,210.36,22 / 22,1462014,2019-11-06 16:30:42:476,-0.4141,-0.6188,9.7698,0.0176,0.0032,9.8065,-0.0112,-0.0829,0.0024,-2.25,-37.94,24.69,188.53,-82.05,14.8,0.1548391817031068,0.7411294119716,-0.0367124300495419,0.24652595705493874,-0.0632750952544485,-0.1627254498907453
53.17077,-1.675052,215.14,5.26,4,210.36,22 / 22,1462114,2019-11-06 16:30:42:576,0.651,-0.4347,9.7306,0.0159,-0.0028,9.8066,-0.0049,0.0007,-0.0209,-1.87,-37.31,24.06,188.83,-82.0,15.38,-0.7532621503701618,0.1499053552792988,-0.0760929515678483,0.14926073859107092,-0.4712812152772129,-0.06732089641771713
53.17077,-1.675052,215.14,5.26,4,210.36,22 / 22,1462214,2019-11-06 16:30:42:676,0.1148,-1.1018,9.7937,0.0158,0.0024,9.8066,0.0177,-0.0435,0.0083,-0.69,-36.75,24.5,192.1,-81.99,16.76,-0.5219302424508103,0.978082240354702,-0.0130001199211802,0.51880355761839,-0.7090501007587575,-0.13073489476831324
53.17077,-1.675052,215.14,5.26,4,210.36,22 / 22,1462314,2019-11-06 16:30:42:776,0.4219,-1.1683,9.6849,-0.0027,-0.0013,9.8066,0.0094,0.0035,0.0034,-1.56,-37.0,24.5,190.24,-82.03,16.8,-0.8462176054339505,0.9088768489892056,-0.1218346733285851,0.8613897822448984,-0.5632780196732219,-0.11886099164534936
53.17077,-1.675052,215.14,5.26,4,210.36,22 / 22,1462414,2019-11-06 16:30:42:876,-0.1373,-1.3773,9.6486,-0.0019,-0.0029,9.8066,0.013,-0.0277,0.0211,-1.81,-37.81,24.5,189.86,-82.08,16.39,-0.4114987996432995,1.3183115108180286,-0.1581012913824881,0.8913133963133288,-0.5866137226014694,-0.2684046402786828
53.17077,-1.675052,215.14,5.26,4,210.36,22 / 22,1462514,2019-11-06 16:30:42:976,0.2299,-1.55,9.5348,-0.0051,-0.003,9.8065,0.0121,0.0187,-0.0035,-2.12,-36.87,24.25,189.42,-82.14,16.07,-0.8198714794507426,1.3327279518790007,-0.2718489533981226,1.242930638478712,-0.5242173198915256,-0.2765817045218995
53.17077,-1.675052,215.14,5.26,4,210.36,22 / 22,1462614,2019-11-06 16:30:43:076,-0.5401,-0.9098,9.8097,-0.0065,-0.0029,9.8066,-0.003,-0.068,0.0764,-1.81,-37.56,24.44,188.66,-82.22,15.19,0.137513533431509,1.0432098366903766,0.0030732321127547,0.6474247541277837,-0.031205145666633932,-0.09675318002632594
53.17077,-1.675052,215.14,5.26,4,210.36,22 / 22,1462714,2019-11-06 16:30:43:176,0.8478,-0.0329,9.5697,-0.0147,0.0041,9.8066,-0.0385,0.0154,0.0561,-1.81,-37.25,24.63,187.44,-82.23,13.43,-0.8085643687668173,-0.3024245347346191,-0.2369808480685047,-0.4325270720549159,-0.5028786052094262,-0.25509391312955704
53.17077,-1.675052,215.14,5.26,4,210.36,22 / 22,1462816,2019-11-06 16:30:43:278,-0.1171,-0.0866,10.0816,-0.0117,0.0135,9.8066,-0.0158,-0.0529,0.084,-1.87,-36.87,24.38,185.01,-82.15,10.77,0.0579650551247844,0.1332986930608657,0.2750012378383886,-0.22998928509564562,-0.09663824193631126,0.1919461504750277
53.170605,-1.675215,214.94,0.6,3,209.28,22 / 22,1462915,2019-11-06 16:30:43:377,-0.032,0.0737,10.2503,-0.0175,0.0036,9.8066,0.0166,0.0101,0.0108,-2.31,-37.56,24.69,182.8,-82.1,7.92,0.0406476823570182,-0.0588704584216004,0.4437070937501827,-0.22866874250233338,0.3425704817025598,0.4043294815946157
53.170605,-1.675215,214.94,0.6,3,209.28,22 / 22,1463014,2019-11-06 16:30:43:476,-0.662,-0.0991,9.89,-0.0009,-0.0044,9.8066,-0.007,-0.0353,0.058,-2.87,-37.44,24.31,179.93,-82.13,7.04,0.5717611417251005,0.3451113627253255,0.0834518072367428,0.01550861813077345,0.446523096636911,0.02447272229012451
53.170605,-1.675215,214.94,0.6,3,209.28,22 / 22,1463114,2019-11-06 16:30:43:576,-0.5422,-0.0641,10.0151,-0.005,-0.0046,9.8066,-0.014,0.0495,-0.0127,-2.12,-37.94,24.56,181.48,-82.16,6.35,0.4713967455170573,0.2643691379031838,0.2085435379968758,0.05731112385110347,0.7519624304105357,0.14048157578482323
53.170605,-1.675215,214.94,0.6,3,209.28,22 / 22,1463214,2019-11-06 16:30:43:676,-0.8364,-0.3326,9.8267,0.0038,0.0019,9.8066,0.003,-0.0235,0.0108,-2.69,-37.5,24.5,179.45,-82.17,6.18,0.64312483673903,0.635778889317944,0.0201481579068012,0.33754930766651803,0.5622503371007391,-0.009266941803407494
53.170605,-1.675215,214.94,0.6,3,209.28,22 / 22,1463314,2019-11-06 16:30:43:776,0.0799,-0.9831,9.8013,-0.0023,-0.0064,9.8066,0.001,0.0557,-0.0225,-2.25,-37.56,24.56,181.5,-82.16,6.37,-0.4567213497693801,0.8672395270696012,-0.0053880750672251,0.6300075101942753,-0.21152458754633618,-0.10628629539935364
53.170605,-1.675215,214.94,0.6,3,209.28,22 / 22,1463413,2019-11-06 16:30:43:875,0.5405,-0.8191,9.9231,-0.0029,-0.0061,9.8066,0.0164,0.0029,-0.0243,-3.0,-37.87,24.63,179.54,-82.26,6.29,-0.8175272203020696,0.5365900248285476,0.1163838447537733,0.26220337244133235,-0.8455233131147184,0.11756393799488424
53.170605,-1.675215,214.94,0.6,3,209.28,22 / 22,1463513,2019-11-06 16:30:43:975,0.5832,-1.4244,9.6905,-0.0077,-0.0089,9.8066,0.0364,0.0486,-0.0427,-2.5,-37.75,24.19,181.4,-82.41,6.44,-1.0962870632741897,1.072808550746602,-0.1162701954183838,0.8173266196044936,-0.8922716974367508,-0.24848147923141964
53.170605,-1.675215,214.94,0.6,3,209.28,22 / 22,1463613,2019-11-06 16:30:44:075,0.0771,-1.1496,9.596,-0.0003,-0.0054,9.8065,0.0161,-0.0215,0.0472,-2.75,-37.56,24.69,179.77,-82.51,6.57,-0.5176240213638522,1.0233313450775343,-0.2106014736152585,0.7613540706330565,-0.49334652817353675,-0.18428470359192384
53.170605,-1.675215,214.94,0.6,3,209.28,22 / 22,1463714,2019-11-06 16:30:44:176,0.2843,-1.1157,9.7377,-0.0078,-0.0065,9.8066,0.022,-0.0561,0.0639,-2.37,-37.44,24.44,180.3,-82.62,5.12,-0.7016735147780504,0.9073505724539472,-0.0690179493067681,0.6477624867068661,-0.5359166335199357,-0.22388189921895602
53.170605,-1.675215,214.94,0.6,3,209.28,22 / 22,1463813,2019-11-06 16:30:44:275,0.0226,-1.5409,9.6318,-0.0151,-0.0058,9.8066,0.0183,-0.048,0.0445,-3.12,-37.69,24.75,177.01,-82.74,3.3,-0.6335738577737886,1.398746560457048,-0.1749301756565051,1.1371862289945156,-0.5651160690401688,-0.13600782274450018
53.170605,-1.675215,214.94,0.6,3,209.28,22 / 22,1463913,2019-11-06 16:30:44:375,-0.2915,-1.395,10.0081,-0.0142,0.001,9.8066,-0.009,0.0128,0.0289,-3.12,-37.75,24.63,175.44,-82.79,1.45,-0.2893108464876744,1.393573427710978,0.2014097209234466,1.1427126437765354,-0.15376026458192515,0.039094599437230704
53.170605,-1.675215,214.94,0.6,3,209.28,22 / 22,1464013,2019-11-06 16:30:44:475,0.1871,-1.0883,9.37,-0.0288,0.0005,9.8066,-0.0234,-0.0061,0.0685,-3.62,-37.44,24.38,171.3,-82.69,-0.85,-0.6235105273623042,0.9182795554404612,-0.4367093888714215,0.6476750907460873,-0.5211490988609906,-0.40277463127102403
53.170605,-1.675215,214.94,0.6,3,209.28,22 / 22,1464114,2019-11-06 16:30:44:576,-0.093,-0.4119,10.1049,-0.0072,0.0056,9.8066,0.0157,-0.1488,0.0755,-3.25,-38.19,24.31,170.92,-82.59,-3.71,-0.083910319280388,0.4179029819409026,0.2982732572711903,0.18496711748478678,0.028208128918908462,0.14679767473102345
53.170605,-1.675215,214.94,0.6,3,209.28,22 / 22,1464214,2019-11-06 16:30:44:676,-0.0731,-0.2751,10.1794,-0.0061,-0.0147,9.8066,-0.0039,-0.0271,-0.0229,-3.37,-38.06,24.0,170.23,-82.66,-4.52,-0.0399405499124706,0.2659199932596032,0.3727845351640836,-0.019335918858366163,0.09067057153969604,0.3837608633298466
53.170605,-1.675215,214.94,0.6,3,209.28,22 / 22,1464314,2019-11-06 16:30:44:776,0.0724,0.1053,10.0715,0.0619,0.002,9.8064,0.0483,-0.1318,-0.0419,-3.37,-37.44,24.25,171.56,-82.74,-2.88,0.0306013831546692,-0.099200177970116,0.2651075820109991,-0.3090560695981227,0.11855212211955635,0.1403998356572043
53.170605,-1.675215,214.94,0.6,3,209.28,22 / 22,1464414,2019-11-06 16:30:44:876,-0.6687,-0.367,9.9329,0.0519,0.0042,9.8065,0.0678,-0.1252,-0.0918,-2.37,-37.0,24.38,179.17,-82.86,3.78,0.5186718770260962,0.6229162078169542,0.1264343387738115,0.320886075690128,0.6812669853481652,0.10169995409757897
53.170605,-1.675215,214.94,0.6,3,209.28,22 / 22,1464514,2019-11-06 16:30:44:976,0.0757,-0.3888,9.6525,0.0556,0.0035,9.8065,0.0319,0.0055,-0.1462,-1.87,-37.31,24.5,182.35,-82.97,7.33,-0.1715357003281061,0.3533670410085739,-0.1540342099723012,0.16847752744891073,-0.11844236123880342,-0.24348452109519486
53.170605,-1.675215,214.94,0.6,3,209.28,22 / 22,1464614,2019-11-06 16:30:45:076,0.9695,-0.4323,9.5099,0.0613,0.0002,9.8064,-0.0172,0.0432,-0.1587,-1.31,-36.56,24.38,191.1,-82.85,15.51,-1.00493085294498,0.0439055937395235,-0.2966176320410756,-0.27436784857461005,-0.7975286156097001,-0.3606137649131687
53.170605,-1.675215,214.94,0.6,3,209.28,22 / 22,1464714,2019-11-06 16:30:45:176,0.4504,-0.7148,10.005,0.0168,-0.0153,9.8066,-0.0344,0.0775,-0.0493,-0.87,-36.87,25.25,195.49,-82.73,20.53,-0.6721577994934534,0.4749226618528425,0.1983031211018363,0.3140806121627015,-0.6714119187123377,0.14267001940424864
53.170605,-1.675215,214.94,0.6,3,209.28,22 / 22,1464814,2019-11-06 16:30:45:276,-0.2564,-0.3416,10.0084,-0.0173,0.0088,9.8066,0.0604,-0.0408,-0.0312,-0.56,-36.75,25.13,195.48,-82.7,20.52,0.0834309909374166,0.4159221268801237,0.2017926265320788,0.08472057230967073,0.3519602120438605,0.10496925097132419
53.170605,-1.675215,214.94,0.6,3,209.28,21 / 22,1464914,2019-11-06 16:30:45:376,-0.7339,-0.2826,9.6725,-0.0294,0.006,9.8065,0.0585,0.1677,-0.1419,-0.94,-36.56,25.0,195.33,-82.82,20.31,0.5361019744912946,0.5405696288887804,-0.1339602898980949,0.39927061706733374,0.4676086136525367,-0.16618471603502388
53.170605,-1.675215,214.94,0.6,3,209.28,21 / 22,1465014,2019-11-06 16:30:45:476,0.2474,-0.4258,10.4169,0.031,0.0027,9.8065,-0.0507,0.0363,-0.0704,-0.25,-37.12,25.94,198.3,-82.77,21.39,-0.366491884164709,0.310148256331515,0.6103450892207808,-0.026728911207833522,-0.025308654617486187,0.49449213742287923
53.170605,-1.675215,214.94,0.6,3,209.28,21 / 22,1465114,2019-11-06 16:30:45:576,0.435,1.645,10.3305,0.0056,0.017,9.8066,-0.1151,0.1693,-0.1717,-0.69,-36.62,25.25,198.04,-82.39,23.66,0.2396884239028985,-1.6664985810199169,0.523995714587009,-1.7974018932194498,0.09398726156772498,0.49984520076969663
53.170605,-1.675215,214.94,0.6,3,209.28,21 / 22,1465214,2019-11-06 16:30:45:676,1.3836,2.0518,10.1445,0.0217,0.0217,9.8065,-0.0731,0.066,-0.0631,-0.44,-37.19,24.75,201.11,-81.79,25.28,-0.4620311467561864,-2.40053630301435,0.3380448155753296,-2.7315094761508325,-0.04894776956186675,0.21923218560532312
53.170605,-1.675215,214.94,0.6,3,209.28,21 / 22,1465314,2019-11-06 16:30:45:776,0.7712,1.8395,9.8269,-0.0088,-0.0007,9.8066,0.0138,0.0676,0.0004,-0.56,-36.62,24.44,199.2,-81.55,25.67,-0.0002880294323681,-1.9986827253465167,0.0203816201628842,-2.1322436603467683,-0.2162094634924151,-0.01035836708068244
53.170605,-1.675215,214.94,0.6,3,209.28,21 / 22,1465414,2019-11-06 16:30:45:876,0.2581,-0.3944,9.7805,-0.0375,-0.0158,9.8065,0.0642,0.024,0.0811,-0.37,-37.25,24.56,200.61,-81.79,24.68,-0.4198756107808752,0.233278322676747,-0.0260579285537126,-0.07795631555865098,0.04799678041072877,-0.13498822986900696
53.170605,-1.675215,214.94,0.6,3,209.28,21 / 22,1465514,2019-11-06 16:30:45:976,-0.8888,-1.1283,9.6664,-0.0592,-0.0334,9.8063,0.0463,-0.0013,0.1059,-0.5,-37.12,24.31,198.3,-82.26,21.88,0.3367319566436563,1.3317842902337558,-0.1399155947759431,1.1819386264399783,0.07442524285899449,-0.18646581325694098
53.170605,-1.675215,214.94,0.6,3,209.28,21 / 22,1465614,2019-11-06 16:30:46:076,-0.2519,-1.6963,9.7009,-0.041,-0.0183,9.8065,0.0458,0.0498,0.0772,-1.25,-37.56,24.38,191.82,-82.94,16.41,-0.4604293538278046,1.6273113887203223,-0.1057195548365827,1.3476897942982111,0.029213964885772034,-0.19870698417873306
53.170605,-1.675215,214.94,0.6,3,209.28,21 / 22,1465714,2019-11-06 16:30:46:176,-0.652,-0.694,9.921,-0.0215,0.0004,9.8065,-0.0001,-0.005,0.0403,-1.69,-37.06,24.38,188.1,-83.14,14.29,0.3096241275704868,0.8853556457141759,0.1144995206463733,0.7096070457953825,0.0388378961871236,0.05035126974845337
53.170605,-1.675215,214.94,0.6,3,209.28,21 / 22,1465813,2019-11-06 16:30:46:275,0.3777,-0.5836,9.8125,-0.028,0.0048,9.8066,-0.0128,0.0236,0.0062,-1.94,-37.44,24.75,185.76,-83.15,11.3,-0.6031034401713596,0.3835026576034642,0.0058148142318887,0.14110691260053587,-0.13555338451595553,-0.07228913040297573
53.170605,-1.675215,214.94,0.6,3,209.28,22 / 22,1465914,2019-11-06 16:30:46:376,-0.2082,-0.3993,10.1222,-0.015,-0.0013,9.8065,-0.049,0.0121,0.0472,-2.19,-37.19,24.38,183.72,-83.13,9.14,0.0225849335341468,0.4418482915565628,0.31568455462028,0.23806153309760308,-0.21184114004964189,0.23835534573807055
53.170605,-1.675215,214.94,0.6,3,209.28,22 / 22,1466013,2019-11-06 16:30:46:475,-0.0739,-0.7389,9.9974,-0.0195,0.0027,9.8066,0.0171,0.0469,-0.0492,-1.69,-37.25,24.31,182.41,-83.1,7.6,-0.2392494449910833,0.7040675530256603,0.1907436600464565,0.4961121530655449,0.16041257819668997,0.12181577170161119
53.170605,-1.675215,214.94,0.6,3,209.28,22 / 22,1466113,2019-11-06 16:30:46:575,-0.8937,-0.464,9.4536,-0.022,0.0025,9.8066,0.0341,0.0361,-0.0319,-1.87,-36.81,24.19,182.9,-83.1,8.18,0.6206753050506095,0.7695931490956242,-0.3529598993730207,0.543682404139474,0.4641890199153832,-0.436150260152416
53.170605,-1.675215,214.94,0.6,3,209.28,22 / 22,1466213,2019-11-06 16:30:46:675,0.4375,-0.4963,9.6651,-0.0057,-0.0005,9.8066,-0.0427,0.0703,-0.0523,-2.12,-37.37,24.13,182.1,-83.12,7.23,-0.6014894175950974,0.283604396506218,-0.1415809196306269,0.10003748169802068,-0.30659364617731244,-0.20807760440404777
53.170605,-1.675215,214.94,0.6,3,209.28,22 / 22,1466314,2019-11-06 16:30:46:776,-0.2234,-0.033,10.0584,0.0013,0.0045,9.8066,-0.0428,0.027,-0.0346,-1.56,-37.19,23.75,182.77,-83.02,8.03,0.1922364517950773,0.1222000015411619,0.2518171682482739,-0.11450262979581222,0.1413193792238256,0.1695069899199101
53.170605,-1.675215,214.94,0.6,3,209.28,22 / 22,1466414,2019-11-06 16:30:46:876,0.2978,0.47,10.0063,0.0076,0.0083,9.8066,-0.051,0.0372,-0.0473,-1.81,-36.81,23.69,183.48,-82.82,8.89,-0.0871072567633942,-0.5383219125927591,0.1997119531766438,-0.7109478358366891,0.08467939662903103,0.13083156045945527
53.170605,-1.675215,214.94,0.6,3,209.28,22 / 22,1466514,2019-11-06 16:30:46:976,0.5027,0.7049,10.0412,0.0085,0.0069,9.8066,-0.0149,-0.0418,0.0304,-1.19,-36.25,24.44,186.74,-82.62,10.37,-0.1827600850742289,-0.8354820523072551,0.2346130677863396,-1.0707935788203824,-0.1219790294140055,0.1570870902635325
53.170605,-1.675215,214.94,0.6,3,209.28,22 / 22,1466614,2019-11-06 16:30:47:076,-0.0065,1.0792,10.1525,-0.0135,0.0041,9.8066,0.0167,-0.0133,-0.0208,-2.25,-36.94,24.63,184.34,-82.59,9.71,0.4129384638159926,-0.9926277463391524,0.3459881534083843,-1.1663817974856867,0.46636833152438467,0.273261458422594
53.170605,-1.675215,214.94,0.6,3,209.28,22 / 22,1466713,2019-11-06 16:30:47:175,0.1648,0.7997,10.0264,0.0031,-0.0032,9.8066,0.0166,-0.0264,0.0187,-1.69,-36.75,23.94,184.38,-82.62,9.97,0.164319054794402,-0.8023539174633983,0.219851721309188,-1.0275688935685328,0.32054137696818397,0.14757611746682497
53.170605,-1.675215,214.94,0.6,3,209.28,22 / 22,1466813,2019-11-06 16:30:47:275,-0.687,0.8225,10.0282,-0.0003,-0.0041,9.8065,0.0017,-0.0442,0.026,-1.75,-36.69,24.56,184.37,-82.7,9.72,0.9547391043279188,-0.4931936177585322,0.2218302009857417,-0.6753067428540834,0.9146152294246963,0.14694716378292222
53.170605,-1.675215,214.94,0.6,3,209.28,22 / 22,1466913,2019-11-06 16:30:47:375,-0.0502,1.0023,10.0115,0.0075,-0.002,9.8066,-0.0036,-0.0058,-0.0021,-2.06,-36.87,24.13,183.93,-82.74,9.43,0.4449071357365807,-0.90220246716054,0.2049881431207824,-1.1142531904181427,0.664613849863019,0.13585691118251467
53.170605,-1.675215,214.94,0.6,3,209.28,22 / 22,1467014,2019-11-06 16:30:47:476,-0.2383,1.0324,10.0165,0.01,0.0005,9.8066,0.0014,-0.0224,-0.0001,-1.87,-37.12,24.06,184.63,-82.74,10.25,0.6311712131372795,-0.8532574124161297,0.2100076138232756,-1.045322537627757,0.5328282396091771,0.13641483572087446
53.170605,-1.675215,214.94,0.6,3,209.28,22 / 22,1467114,2019-11-06 16:30:47:576,0.0789,-0.1745,9.9338,0.0008,0.0028,9.8066,0.0186,0.0043,-0.0142,-1.12,-36.81,24.0,186.91,-82.72,10.58,-0.1410953662694796,0.1327874786269129,0.1271783123696354,-0.06809390824173223,0.10557716062578619,0.05820203390499769
53.170605,-1.675215,214.94,0.6,3,209.28,22 / 22,1467214,2019-11-06 16:30:47:676,-0.0869,-0.7547,9.7655,0.0028,-0.0053,9.8066,0.016,-0.0198,0.0289,-1.44,-36.31,24.81,187.22,-82.78,10.76,-0.2097628003573022,0.7250114429845906,-0.0411537984597331,0.5254206672511893,-0.3318451334403873,-0.11003177971710515
53.170605,-1.675215,214.94,0.6,3,209.28,22 / 22,1467314,2019-11-06 16:30:47:776,0.0012,-0.3036,9.628,0.0012,-0.0025,9.8066,0.0129,-0.0183,0.017,-1.81,-36.69,24.81,184.85,-82.88,10.27,-0.1174461290806463,0.2772340786075733,-0.1786248650736559,0.08285777581083098,0.12542102564095675,-0.24969561701607848
53.170605,-1.675215,214.94,0.6,3,209.28,22 / 22,1467414,2019-11-06 16:30:47:876,-0.2212,-0.1359,9.705,0.0027,-0.0012,9.8066,-0.0095,-0.015,-0.0008,-1.75,-36.94,24.56,184.93,-82.92,10.36,0.1536204026815197,0.2113715097085692,-0.1015909285491958,0.008007886078879478,0.033217879795669064,-0.16366637758290098
53.170605,-1.675215,214.94,0.6,3,209.28,22 / 22,1467514,2019-11-06 16:30:47:976,-0.0241,-0.4983,9.9379,0.0041,-0.0005,9.8066,0.0021,-0.0017,0.0085,-1.31,-36.69,24.44,186.76,-82.92,10.38,-0.1682540068902137,0.4693621157830034,0.1312614316282232,0.2768586369893591,0.0512439176584068,0.05744440922997746
53.170605,-1.675215,214.94,0.6,3,209.28,22 / 22,1467614,2019-11-06 16:30:48:076,0.0071,-0.301,9.8115,0.0037,0.0018,9.8066,0.0102,-0.0212,-0.0115,-1.44,-36.75,24.5,187.16,-82.92,10.7,-0.1212610837316139,0.2774804443629061,0.0048746864923514,0.07312051716687962,-0.22618123497189144,-0.05001549246048816
53.170605,-1.675215,214.94,0.6,3,209.28,22 / 22,1467714,2019-11-06 16:30:48:176,0.2529,-0.3867,9.8051,0.0025,0.0005,9.8066,-0.0045,-0.0236,0.0189,-1.31,-37.0,25.06,187.27,-82.91,10.82,-0.3816150793195373,0.2588315370518242,-0.0015545621034203,0.06533815849515379,-0.1939734971786206,-0.07730432268302398
53.170605,-1.675215,214.94,0.6,3,209.28,22 / 22,1467813,2019-11-06 16:30:48:275,-0.1599,-0.3588,9.9243,0.0019,-0.0009,9.8066,0.001,-0.0207,0.0067,-2.31,-37.0,24.56,185.22,-82.93,10.7,0.009339859387798,0.3926677213884305,0.1176850356087566,0.18815097080684795,-0.07563980286733334,0.06918879266689612
53.170605,-1.675215,214.94,0.6,3,209.28,21 / 22,1467913,2019-11-06 16:30:48:375,0.074,-0.4617,9.9657,-0.0051,0.0015,9.8066,0.0083,0.022,-0.0173,-1.56,-36.62,24.5,185.19,-82.94,10.66,-0.253556617041839,0.3956444524201769,0.1590546108210531,0.20032477046958935,-0.09893172581149084,0.08283301635335408
53.170605,-1.675215,214.94,0.6,3,209.28,21 / 22,1468013,2019-11-06 16:30:48:475,-0.1805,-0.1598,9.7345,0.0049,-0.0018,9.8066,-0.0023,-0.013,0.0145,-1.62,-37.0,24.69,185.19,-82.94,10.66,0.109077754926181,0.2178066418210716,-0.0720963255574874,0.012429525569125771,0.0436599407699033,-0.11524416220615645
53.170605,-1.675215,214.94,0.6,3,209.28,21 / 22,1468113,2019-11-06 16:30:48:575,0.06,-0.496,9.8527,0.0012,-0.0032,9.8066,-0.0024,-0.003,0.0119,-1.56,-37.12,25.13,185.0,-82.96,10.44,-0.2463998352218711,0.4308139278845112,0.046053998125613,0.2340922522065092,-0.12328644712601826,-0.029401189626200558
53.170605,-1.675215,214.94,0.6,3,209.28,21 / 22,1468214,2019-11-06 16:30:48:676,-0.096,-0.4514,9.9137,-0.0037,0.0009,9.8066,0.0042,-0.0192,-0.0155,-1.56,-37.0,23.94,184.61,-82.98,10.2,-0.0914796875328604,0.4524734952853952,0.1070709710103905,0.24493600801248963,-0.1382402766179528,0.06861949789569217
53.170605,-1.675215,214.94,0.6,3,209.28,21 / 22,1468314,2019-11-06 16:30:48:776,-0.0754,-0.1838,9.8338,-0.0035,-0.0045,9.8066,-0.0013,0.0201,-0.013,-1.56,-36.75,24.44,184.74,-82.99,10.36,-0.0037498220033992,0.1931437069042254,0.0271916773707965,-0.004116090103179371,0.08838066009609323,-0.04680088741523455
53.170605,-1.675215,214.94,0.6,3,209.28,21 / 22,1468414,2019-11-06 16:30:48:876,0.0507,-0.4262,9.8351,0.0065,-0.0013,9.8066,-0.0012,-0.0028,0.0136,-1.0,-36.44,24.19,186.99,-83.03,10.59,-0.2064651792427644,0.3739893122025541,0.0284609226574561,0.16294498174740304,-0.23325516944172248,-0.005648960052828427
53.170605,-1.675215,214.94,0.6,3,209.28,21 / 22,1468514,2019-11-06 16:30:48:976,0.2946,-0.3721,9.8106,0.0001,-0.004,9.8066,-0.0012,0.0386,0.0017,-0.75,-36.75,24.13,186.98,-83.05,10.61,-0.4147699156141212,0.2240406872781765,0.0039430375825191,0.027421684205368085,-0.35580719822261236,-0.0679302040039386
53.170605,-1.675215,214.94,0.6,3,209.28,21 / 22,1468614,2019-11-06 16:30:49:076,-0.2088,-0.3492,9.8531,0.0026,0.0004,9.8066,0.0082,-0.0243,0.0102,-1.12,-37.31,23.31,186.86,-83.09,10.63,0.0582558907356453,0.4043727030017783,0.0464901953279627,0.18819365842062047,0.055605602165083506,0.015823782089923195
53.170605,-1.675215,214.94,0.6,3,209.28,21 / 22,1468713,2019-11-06 16:30:49:175,-0.251,-0.3824,9.8497,-0.0045,-0.0033,9.8066,-0.0036,0.0189,-0.0089,-0.25,-37.5,22.69,188.65,-83.13,10.25,0.0790663261792623,0.445228433783542,0.043090924974624,0.2512203256508614,0.10043155705483116,-0.025038463986559005
53.170605,-1.675215,214.94,0.6,3,209.28,21 / 22,1468813,2019-11-06 16:30:49:275,-0.2305,-0.302,9.7884,-0.002,-0.0002,9.8066,-0.0032,-0.002,-0.019,-0.06,-37.06,22.81,188.66,-83.14,10.25,0.0926563625592096,0.3670287882708958,-0.0182043142604773,0.14337331894642738,0.11962853191493215,-0.04783107002008759
53.170605,-1.675215,214.94,0.6,3,209.28,22 / 22,1468914,2019-11-06 16:30:49:376,-0.0947,-0.3355,9.8682,-0.0022,-0.0045,9.8066,-0.0115,0.028,0.0006,-0.5,-37.44,22.31,188.72,-83.16,10.4,-0.0439680964078292,0.3408612563463197,0.0615810069768297,0.15236800808113238,-0.06442900032951109,0.0004624166304557295
53.170605,-1.675215,214.94,0.6,3,209.28,22 / 22,1469013,2019-11-06 16:30:49:475,0.3079,-0.2192,9.8169,-0.0055,-0.0024,9.8066,-0.0124,0.0245,-0.0155,0.06,-37.19,22.75,188.63,-83.2,10.21,-0.3731470876740916,0.0773563182440466,0.0102538279715201,-0.15645440177059572,-0.31286097854504635,-0.022428794561685072
53.170605,-1.675215,214.94,0.6,3,209.28,22 / 22,1469113,2019-11-06 16:30:49:575,-0.0072,-0.2906,9.8854,-0.0057,-0.0044,9.8066,0.0011,0.0218,0.0022,0.25,-36.81,22.19,188.76,-83.2,10.44,-0.1102817899414214,0.2641104315275746,0.0787764988155396,0.084015511934909,-0.1731863414454689,0.02914142923194171
53.170605,-1.675215,214.94,0.6,3,209.28,22 / 22,1469213,2019-11-06 16:30:49:675,-0.0612,-0.4825,9.8143,0.0009,0.0001,9.8066,0.0131,0.0017,0.0004,0.38,-37.12,22.19,188.57,-83.25,10.2,-0.1310960312670801,0.4685867336278173,0.0076657454975802,0.22306022331727005,-0.03896279675347117,-0.032772597907338996
53.170605,-1.675215,214.94,0.6,3,209.28,22 / 22,1469313,2019-11-06 16:30:49:775,-0.0504,-0.1771,9.9176,-0.0002,-0.001,9.8066,0.0031,0.0062,0.018,1.69,-37.12,21.38,192.84,-83.29,9.93,-0.0224916113804763,0.1817349744061903,0.1109899837602074,0.011177756385004428,-0.1218781789639468,0.0768647750876344
53.170605,-1.675215,214.94,0.6,3,209.28,22 / 22,1469413,2019-11-06 16:30:49:875,-0.0499,-0.3543,9.8617,-0.0004,-0.0063,9.8066,-0.009,-0.0036,-0.0047,1.19,-37.12,21.44,190.41,-83.32,9.73,-0.0901922334238263,0.3397385547523149,0.0550757246419006,0.08373685037381125,0.02487600317031676,0.0036069222975194035
53.170605,-1.675215,214.94,0.6,3,209.28,22 / 22,1469514,2019-11-06 16:30:49:976,-0.1961,-0.3691,9.8744,0.0006,-0.006,9.8066,-0.0036,-0.0163,-0.0013,1.56,-36.56,20.94,192.81,-83.33,9.87,0.0394515462521272,0.4110690159253006,0.0677877543847056,0.24810682396959793,-0.08253530951239693,0.05062296373594582
53.170605,-1.675215,214.94,0.6,3,209.28,22 / 22,1469613,2019-11-06 16:30:50:075,-0.0721,-0.3559,9.8894,-0.0035,-0.0031,9.8066,0.0087,0.0151,-0.0181,2.13,-36.81,20.31,193.09,-83.4,10.05,-0.074481477463788,0.3516107355873015,0.082777050772349,0.08991126912634823,0.046969399162052436,0.020348719869818434
53.170605,-1.675215,214.94,0.6,3,209.28,22 / 22,1469714,2019-11-06 16:30:50:176,-0.3717,0.0316,9.7747,0.0029,-0.0016,9.8066,-0.022,-0.0131,0.0239,2.13,-37.19,20.75,193.15,-83.42,10.25,0.3578732009994431,0.1155703303500573,-0.0318634704511422,-0.04482708755281599,0.23395785292331467,-0.03458379575741572
53.170605,-1.675215,214.94,0.6,3,209.28,22 / 22,1469814,2019-11-06 16:30:50:276,0.1749,-0.4906,9.9932,-0.0103,0.0003,9.8066,0.0102,0.0093,-0.0254,2.56,-36.81,20.38,195.46,-83.43,10.04,-0.3620590821910557,0.3797583866544105,0.1865427531924244,0.11988873421710178,-0.25589065036859127,0.11718841469560153
53.170605,-1.675215,214.94,0.6,3,209.28,21 / 22,1469915,2019-11-06 16:30:50:377,-0.1613,-0.0677,9.7904,-0.0001,0.0033,9.8066,0.0302,-0.0381,0.0167,2.44,-36.81,20.13,193.15,-83.45,10.09,0.1207297738729618,0.1282616183193939,-0.0161913238085582,-0.03619439353943568,0.018458662762739664,-0.010629959451015178
53.170605,-1.675215,214.94,0.6,3,209.28,21 / 22,1470015,2019-11-06 16:30:50:477,-0.495,-0.2418,9.9203,-0.0032,-0.0048,9.8065,-0.0201,0.0071,0.0207,2.81,-37.06,20.63,195.12,-83.51,9.84,0.3603578425371917,0.4100887997240723,0.1138247849231885,0.16023554296988443,0.42948484326248604,0.044290165192273245
53.170605,-1.675215,214.94,0.6,3,209.28,21 / 22,1470114,2019-11-06 16:30:50:576,-0.4562,-0.4592,9.8172,0.006,-0.004,9.8066,-0.0008,-0.0245,0.0392,1.94,-37.5,20.31,192.71,-83.52,9.54,0.2479898574660847,0.5994470983717769,0.0106040957939929,0.4251454643324735,0.1880718022116749,0.016695515986559946
53.170605,-1.675215,214.94,0.6,3,209.28,21 / 22,1470213,2019-11-06 16:30:50:675,0.0892,-0.2824,9.9684,-0.0022,-0.0013,9.8066,0.0036,0.0243,-0.0066,2.81,-37.31,20.19,195.17,-83.55,9.64,-0.1938404883255247,0.2231752999357409,0.1617685401563437,-0.010354975243831971,-0.17762602197860666,0.09893611535717511
53.170605,-1.675215,214.94,0.6,3,209.28,21 / 22,1470313,2019-11-06 16:30:50:775,0.0953,0.1434,9.7408,0.001,0.0012,9.8066,0.0321,-0.0264,0.0039,2.69,-37.25,19.94,195.28,-83.56,9.76,-0.0313444398444805,-0.1677238274119853,-0.0657967613877022,-0.3544990797470482,-0.03671228688994471,-0.06575546862609996
53.170605,-1.675215,214.94,0.6,3,209.28,21 / 22,1470413,2019-11-06 16:30:50:875,0.1275,-0.0893,9.6215,-0.0023,-0.0007,9.8066,0.0064,0.0021,0.0062,3.0,-36.44,19.88,195.37,-83.6,9.77,-0.1540586419273291,0.0309336729761128,-0.1851190231275921,-0.183769505587074,-0.19595962230790862,-0.23677631562707557
53.170605,-1.675215,214.94,0.6,3,209.28,21 / 22,1470513,2019-11-06 16:30:50:975,0.2278,-0.3199,9.9405,0.0028,0.0042,9.8066,0.0071,-0.0541,0.0177,3.13,-37.0,19.63,195.1,-83.58,9.54,-0.3336264332602839,0.2106461814340539,0.1338529389937821,0.013228582845922515,-0.284246340157446,0.12446371507258837
53.170605,-1.675215,214.94,0.6,3,209.28,21 / 22,1470613,2019-11-06 16:30:51:075,-0.6525,-0.0864,9.8566,0.0026,-0.0065,9.8066,-0.0105,-0.0273,0.0215,2.63,-37.31,20.06,194.86,-83.61,9.24,0.5720142748014382,0.3291419721203252,0.0500524885707788,0.13132421666994856,0.4793365752174408,0.010377840340457092
53.170605,-1.675215,214.94,0.6,3,209.28,21 / 22,1470714,2019-11-06 16:30:51:176,-0.2286,-0.089,9.6933,0.0075,-0.0039,9.8066,-0.0187,-0.0291,0.0212,2.81,-37.56,19.75,194.72,-83.6,9.16,0.1842052580276302,0.17046077518319,-0.1132857318417454,-0.03143462503299216,0.27643014765439944,-0.1318599892046431
53.170605,-1.675215,214.94,0.6,3,209.28,21 / 22,1470814,2019-11-06 16:30:51:276,0.1934,-0.1497,9.859,-0.0049,0.0042,9.8066,0.013,-0.0033,-0.0211,3.0,-37.25,19.44,195.2,-83.6,9.36,-0.2426333799145218,0.0643455398003277,0.0523694038448004,-0.12213586582001529,-0.36788061624284013,0.022200481988456956
53.170605,-1.675215,214.94,0.6,3,209.28,21 / 22,1470914,2019-11-06 16:30:51:376,-0.099,-0.3422,9.8158,-0.0018,0.0002,9.8066,0.0023,-0.0069,-0.0018,3.13,-37.25,19.69,195.07,-83.62,9.48,-0.0440819039480772,0.3531893887859506,0.0091804898191264,0.15571607402509308,0.07025029051692275,-0.0156989087034368
53.170605,-1.675215,214.94,0.6,3,209.28,21 / 22,1471013,2019-11-06 16:30:51:475,-0.4758,-0.0149,9.78,-0.0005,-0.0013,9.8066,-0.004,-0.0404,0.0119,2.94,-37.12,19.75,194.95,-83.65,9.32,0.4323354398191224,0.1979478130431315,-0.0265582527257989,0.0158384490301767,0.2990286353843219,-0.05155703027324609
53.170605,-1.675215,214.94,0.6,3,209.28,21 / 22,1471113,2019-11-06 16:30:51:575,0.2777,-0.2716,9.912,0.0077,-0.0029,9.8066,-0.0056,0.0073,0.0079,3.0,-36.44,19.94,195.31,-83.66,9.67,-0.3534444891072113,0.1420791769145059,0.1053534556008446,-0.04203372581747547,-0.2410787642097058,0.07806825209927089
53.170605,-1.675215,214.94,0.6,3,209.28,21 / 22,1471213,2019-11-06 16:30:51:675,-0.0632,-0.1403,9.8084,0.0065,-0.0012,9.8066,-0.0103,-0.018,0.0102,3.06,-37.5,19.5,195.42,-83.66,9.88,0.0099104653342871,0.1552697696694698,0.0017947990549561,-0.027988431936480027,-0.10670748382090632,-0.022556803872434403
53.170605,-1.675215,214.94,0.6,3,209.28,21 / 22,1471313,2019-11-06 16:30:51:775,0.0086,-0.3038,9.7555,0.0026,-0.0006,9.8066,-0.0086,0.0154,0.0245,3.31,-36.81,19.75,195.27,-83.66,9.7,-0.1238046594869079,0.2768321355881039,-0.0511255806329908,0.11226815305543072,-0.03456761148307496,-0.07744497963221138
53.170605,-1.675215,214.94,0.6,3,209.28,21 / 22,1471413,2019-11-06 16:30:51:875,-0.1379,-0.2435,9.9044,-0.0021,0.0001,9.8066,0.0079,-0.0066,-0.0058,2.81,-37.0,19.75,195.18,-83.67,9.59,0.0299936640229388,0.2772805788359868,0.0977921301478772,0.09108937023102812,-0.05098163708650908,0.07072945917795281
53.170605,-1.675215,214.94,0.6,3,209.28,21 / 22,1471513,2019-11-06 16:30:51:975,-0.198,0.1814,9.841,-0.0007,0.0031,9.8066,0.0154,0.0304,-0.0036,2.75,-36.69,20.13,195.16,-83.69,9.56,0.2512216692398837,-0.0871987066645351,0.034432520389289,-0.23038657329164225,0.3044664830641458,0.010904985763733402
53.170605,-1.675215,214.94,0.6,3,209.28,21 / 22,1471613,2019-11-06 16:30:52:075,-0.2304,-0.1243,9.7818,0.0052,-0.0034,9.8066,-0.0072,-0.0175,-0.002,2.56,-37.0,19.75,195.26,-83.69,9.68,0.1697681916159775,0.2032326001766476,-0.0247887341524244,0.016718022492479,0.13325744312467497,-0.05608611435436121
53.170605,-1.675215,214.94,0.6,3,209.28,21 / 22,1471713,2019-11-06 16:30:52:175,0.1636,-0.2342,9.7781,0.0,0.0002,9.8066,0.008,-0.0019,0.003,2.88,-36.94,19.94,195.37,-83.68,9.81,-0.2420787042140939,0.1520009056309043,-0.0285341138535981,0.027882417954251018,-0.22642749685993496,-0.04924709938244101
53.170605,-1.675215,214.94,0.6,3,209.28,21 / 22,1471813,2019-11-06 16:30:52:275,-0.0037,-0.1609,9.8183,-0.0013,-0.0011,9.8066,-0.005,-0.0149,-0.0097,2.88,-36.75,19.69,195.21,-83.7,9.62,-0.0601335369541569,0.148074512709219,0.0116870192654245,-0.03285998311692258,-0.05489350352663946,-0.02360334442606714
53.170605,-1.675215,214.94,0.6,3,209.28,22 / 22,1471914,2019-11-06 16:30:52:376,-0.2037,-0.2252,9.8404,-0.002,-0.0011,9.8066,0.002,-0.0074,-0.0035,3.31,-36.87,19.38,195.45,-83.7,9.61,0.0982866854831317,0.2850323643956974,0.0337996849650754,0.17517638802142593,0.0857920448733254,0.014499391965016418
53.170605,-1.675215,214.94,0.6,3,209.28,22 / 22,1472013,2019-11-06 16:30:52:475,-0.0938,-0.2642,9.8419,0.001,-0.0014,9.8066,-0.0205,0.0,-0.0083,3.13,-37.06,20.38,195.21,-83.72,9.61,-0.0152407699980369,0.2789615159177767,0.0352868469365434,0.11081484433156352,0.019282460304328328,-0.00253834888148265
53.170605,-1.675215,214.94,0.6,3,209.28,22 / 22,1472113,2019-11-06 16:30:52:575,-0.0068,-0.0073,9.7792,-0.0021,-0.0002,9.8066,-0.0021,0.0113,0.0029,3.38,-36.56,20.31,195.34,-83.72,9.75,0.0015608493854863,0.0083698780793737,-0.0274001622282104,-0.0925713939032258,-0.02181683374855251,-0.0474226525494311
53.170605,-1.675215,214.94,0.6,3,209.28,22 / 22,1472213,2019-11-06 16:30:52:675,0.0606,-0.1541,9.8633,-0.0015,0.0009,9.8066,-0.0113,0.0194,-0.0009,2.75,-36.75,19.44,195.5,-83.73,9.66,-0.117655257998167,0.1184936148034061,0.0566815976857293,-0.030187109785896837,-0.07156604661774378,0.01829256779318463
53.170605,-1.675215,214.94,0.6,3,209.28,22 / 22,1472313,2019-11-06 16:30:52:775,-0.1689,-0.195,9.8265,-0.0016,-0.0005,9.8066,-0.0039,0.0268,0.003,2.75,-37.44,19.81,195.22,-83.73,9.61,0.0781617899484666,0.2443569383560224,0.0198990268436131,0.14790723700936148,0.06346600048147034,-0.0030022216143419343
53.170605,-1.675215,214.94,0.6,3,209.28,22 / 22,1472413,2019-11-06 16:30:52:875,0.0806,-0.2177,9.777,-0.0012,0.0002,9.8066,-0.0032,0.0232,-0.0061,3.19,-37.56,19.75,195.13,-83.74,9.57,-0.1603231964677836,0.1687205379924496,-0.0296253731434868,0.0444910641093806,-0.1194710494091463,-0.06670009930786171
53.170605,-1.675215,214.94,0.6,3,209.28,22 / 22,1472513,2019-11-06 16:30:52:975,-0.0313,-0.0769,9.8829,-0.0008,-0.0008,9.8066,0.0,0.0113,0.0049,3.31,-37.5,19.94,195.27,-83.73,9.67,-0.0016140927495751,0.0819719100043837,0.0762964656771789,-0.012742556048459891,0.007881868419161144,0.048858506372323356
53.170605,-1.675215,214.94,0.6,3,209.28,22 / 22,1472613,2019-11-06 16:30:53:075,-0.0008,-0.106,9.8232,-0.0019,0.0014,9.8066,0.0093,0.0019,-0.0064,3.0,-36.62,20.19,195.16,-83.74,9.54,-0.0429142043755669,0.0984613566477475,0.0165910310076599,0.0014891864901673338,-0.01716640980771835,-0.017735499688207944
