GPS LATITUDE (degrees),GPS LONGITUDE (degrees),GPS ALTITUDE (m),GPS SPEED (Kmh),GPS ACCURACY (m),GPS ORIENTATION (Â°),GPS SATELLITES IN RANGE,TIME SINCE START (ms),DATE (YYYY-MO-DD HH-MI-SS_SSS),ACCELEROMETER X (m/s²),ACCELEROMETER Y (m/s²),ACCELEROMETER Z (m/s²),GRAVITY X (m/s²),GRAVITY Y (m/s²),GRAVITY Z (m/s²),GYROSCOPE Yaw (rad/s),GYROSCOPE Pitch (rad/s),GYROSCOPE Roll (rad/s),MAGNETIC FIELD X (Î¼T),MAGNETIC FIELD Y (Î¼T),MAGNETIC FIELD Z (Î¼T),ORIENTATION (Yaw) (Â°),ORIENTATION (Pitch) (Â°),ORIENTATION (Roll ) (Â°),accel_lateral,accel_forward,accel_vertical,accel_forward_filt,accel_lateral_filt,accel_vertical_filt
52.211346,-2.186876,97.21,0.0,3,86.76,22 / 24,12780010,2020-01-08 15:48:23:604,2.1302,-1.2719,9.8713,0.0105,0.0049,9.8066,-0.0311,-0.3053,0.0149,-23.0,-32.87,10.88,339.47,-84.65,-133.58,-1.5311371741785296,-1.9439672944083457,0.0643625055391968,-0.08950976862914409,0.051659481073664,-0.07008763989269157
52.211346,-2.186876,97.21,0.0,3,86.76,22 / 24,12780109,2020-01-08 15:48:23:703,0.3075,-0.0091,10.1689,-0.0048,0.0131,9.8066,-0.0348,-0.2568,-0.0249,-21.94,-32.94,10.56,341.13,-84.83,-133.12,-0.0609421679778497,-0.3071774793933123,0.3622339966316409,1.6080772207735146,1.5395777946392837,0.19356424937063024
52.211346,-2.186876,97.21,0.0,3,86.76,22 / 24,12780210,2020-01-08 15:48:23:804,1.5177,-0.2896,9.8353,0.021,0.0069,9.8065,0.0339,-0.2624,-0.002,-22.62,-32.62,12.06,340.47,-84.87,-134.83,-0.4808081292533305,-1.4480551570299764,0.0285023690735247,0.31516306363810975,0.7068466766653376,0.006753841153517515
52.211346,-2.186876,97.21,0.0,3,86.76,25 / 25,12780310,2020-01-08 15:48:23:904,3.5282,-0.6798,9.7497,0.016,-0.0092,9.8065,0.025,-0.2464,0.0213,-22.06,-32.12,11.44,336.03,-84.77,-137.68,-1.103308041482408,-3.4011592807043884,-0.0575008945901308,-1.427896804909957,0.5368263125454436,-0.2252754771074693
52.211346,-2.186876,97.21,0.0,3,86.76,25 / 25,12780410,2020-01-08 15:48:24:004,0.8558,-0.0148,9.3238,0.0116,-0.0057,9.8066,-0.0249,-0.2153,0.0248,-22.44,-32.37,12.19,336.25,-84.56,-139.47,-0.1143264506605529,-0.8363664377602886,-0.4829833687276663,0.8834651947291633,0.7096327896527175,-0.4217633748222605
52.211346,-2.186876,97.21,0.0,3,86.76,25 / 25,12780509,2020-01-08 15:48:24:103,1.7997,-0.9458,9.6304,-0.0016,-0.0036,9.8066,-0.0013,-0.2027,0.031,-22.19,-32.06,13.38,338.9,-84.57,-139.15,-1.1594639520467775,-1.669718474049724,-0.176500796941911,0.28591451922334066,0.48360843739389314,-0.31141024515375965
52.211346,-2.186876,97.21,0.0,3,86.76,25 / 25,12780610,2020-01-08 15:48:24:204,0.703,-0.0446,9.8216,-0.0024,0.0165,9.8066,-0.0338,-0.1551,-0.0083,-22.0,-31.12,13.5,340.77,-84.74,-139.57,-0.1485787149490564,-0.6922796784160967,0.0148520138766633,1.0539430066295354,0.3752107196649647,0.11339066174530593
52.211346,-2.186876,97.21,0.0,3,86.76,25 / 25,12780709,2020-01-08 15:48:24:303,2.0405,0.406,10.439,0.0112,0.0318,9.8065,-0.026,-0.0918,-0.0486,-20.75,-32.0,14.25,338.79,-85.14,-142.61,0.1182897215543135,-2.0602665434905054,0.6320203252651683,-0.20061707146434582,1.69872698630054,0.5715700378825607
52.211346,-2.186876,97.21,0.0,3,86.76,25 / 25,12780810,2020-01-08 15:48:24:404,2.3198,1.9208,9.6144,0.0035,0.0064,9.8066,-0.0364,-0.0386,0.0277,-20.69,-31.62,14.19,337.07,-85.37,-144.26,1.610625594886354,-2.536886131900532,-0.1928933302831895,-0.7111129805876086,1.9252831746392824,-0.10501190264522908
52.211346,-2.186876,97.21,0.0,3,86.76,25 / 25,12780910,2020-01-08 15:48:24:504,2.5381,-0.0432,9.974,-0.0038,-0.002,9.8066,0.0256,0.0606,-0.0477,-20.69,-32.56,13.75,336.47,-85.65,-144.89,-0.3578172629083357,-2.516963243139363,0.1668491805498883,-0.7973956843670786,1.0733542197761192,0.2169018336584012
52.211346,-2.186876,97.21,0.0,3,86.76,25 / 25,12781010,2020-01-08 15:48:24:604,2.2805,0.2176,9.7727,-0.0004,0.0024,9.8066,0.029,-0.0504,0.0201,-20.81,-31.81,12.5,334.6,-85.67,-144.69,-0.0708881981905169,-2.2899247273393577,-0.034418984253909,-0.37818337521236556,0.14124642489387818,0.00813974942564999
52.211346,-2.186876,97.21,0.0,3,86.76,25 / 25,12781110,2020-01-08 15:48:24:704,0.9509,-0.6667,9.1578,0.0021,0.0038,9.8066,-0.0407,-0.0066,0.0294,-21.0,-31.81,12.69,333.02,-85.71,-146.16,-0.7836189326253727,-0.8576419043824728,-0.6489413396280719,0.7313936935182217,0.40660557982724843,-0.4724659418202094
52.211346,-2.186876,97.21,0.0,3,86.76,25 / 25,12781210,2020-01-08 15:48:24:804,2.7135,1.765,9.87,-0.014,-0.0054,9.8066,-0.0237,0.1529,-0.0475,-20.56,-31.87,11.69,328.07,-85.81,-148.67,1.4164946332748127,-2.926980061194213,0.062631024861274,-0.9753987625824447,1.6280478916865841,0.05076345221483476
52.211346,-2.186876,97.21,0.0,3,86.76,23 / 24,12781310,2020-01-08 15:48:24:904,0.947,0.2093,9.4378,-0.0111,-0.0066,9.8066,-0.0299,0.0633,0.1161,-20.81,-32.19,10.5,323.64,-86.0,-150.73,0.0947233329492996,-0.9774589451181488,-0.3690302979478678,0.5359115182759339,0.9706954323090763,-0.07895242350851225
52.211346,-2.186876,97.21,0.0,3,86.76,23 / 24,12781410,2020-01-08 15:48:25:004,1.8227,1.6845,10.1048,-0.0171,-0.0147,9.8066,0.035,0.3292,-0.0819,-21.75,-32.62,9.25,319.57,-86.12,-149.12,1.4565544229848348,-2.037383729746215,0.2976317702274361,-0.12311289335523878,1.7391759411099557,0.25206155988330986
52.211346,-2.186876,97.21,0.0,3,86.76,23 / 24,12781510,2020-01-08 15:48:25:104,2.1895,1.3092,10.017,0.0076,0.0324,9.8065,-0.0409,0.1332,0.0341,-22.25,-32.0,9.63,325.51,-86.04,-145.91,0.9947882290313264,-2.3241245860174904,0.2098985184553366,-0.8178125516948966,1.5270627177365852,0.5725897394194748
52.211346,-2.186876,97.21,0.0,3,86.76,23 / 24,12781610,2020-01-08 15:48:25:204,2.7797,2.0648,9.7624,-0.0128,-0.0085,9.8066,0.0184,0.3843,-0.124,-22.87,-32.56,9.06,320.62,-86.22,-147.48,1.7089182932141134,-3.0292168772306827,-0.0450128628167052,-1.2228251360183746,2.080728052466532,-0.07899068559760059
52.211346,-2.186876,97.21,0.0,3,86.76,23 / 24,12781711,2020-01-08 15:48:25:305,1.4423,0.9267,9.615,0.0085,0.0367,9.8066,-0.0175,0.1997,-0.0604,-22.87,-32.5,8.19,312.17,-86.46,-153.5,0.7042596452325305,-1.533540758809815,-0.192000242619551,0.009525215123397178,0.9251210539615589,0.1838192798496976
52.211346,-2.186876,97.21,0.0,3,86.76,23 / 24,12781809,2020-01-08 15:48:25:403,1.3998,-0.8182,10.2424,-0.0051,0.0177,9.8066,0.0145,0.4115,-0.174,-23.19,-33.69,8.63,312.83,-86.6,-155.05,-1.0045233875392725,-1.2898067262996111,0.4355752893345832,0.3795230143420465,-0.5892285493779204,0.4696002158854327
52.211346,-2.186876,97.21,0.0,3,86.76,23 / 24,12781910,2020-01-08 15:48:25:504,2.3812,1.682,9.5331,0.0175,0.027,9.8066,0.0289,0.3518,-0.0774,-23.81,-33.12,7.94,308.75,-86.69,-156.26,1.3473340091166115,-2.551552919647331,-0.2741782378616878,-0.979439919621543,1.3510878993333133,0.05345650778680912
52.211346,-2.186876,97.21,0.0,3,86.76,23 / 24,12782010,2020-01-08 15:48:25:604,0.9661,0.1001,9.5205,0.0102,0.0139,9.8066,-0.0046,0.1484,-0.0149,-23.87,-33.0,8.81,306.63,-86.69,-160.45,-0.0336843345772384,-0.9591226943736618,-0.2863171017272556,0.6011551114254557,0.32590273964093563,-0.13578801598937346
52.211346,-2.186876,97.21,0.0,3,86.76,23 / 24,12782110,2020-01-08 15:48:25:704,1.6528,-0.3594,9.5321,-0.0078,-0.0083,9.8066,-0.0051,0.1998,0.0349,-24.12,-33.12,8.25,306.78,-86.59,-158.04,-0.5554400252940974,-1.6037985359997031,-0.2748280448325858,-0.06503708417234211,-0.6335921828944953,-0.03806515656679252
52.211346,-2.186876,97.21,0.0,3,86.76,23 / 24,12782210,2020-01-08 15:48:25:804,2.0073,-0.994,10.1535,-0.0026,-0.0225,9.8066,-0.0772,0.1559,-0.0148,-23.94,-33.31,9.13,312.17,-86.47,-154.96,-1.2145090465118156,-1.8731567524697252,0.3465565273054802,-0.34605641699494133,-1.0333543224742638,0.6336650988077429
52.211346,-2.186876,97.21,0.0,3,86.76,23 / 24,12782310,2020-01-08 15:48:25:904,1.3281,-0.3108,9.0216,-0.02,-0.0045,9.8066,-0.0268,0.0827,0.0162,-23.37,-33.44,9.06,314.1,-86.46,-153.82,-0.4720596818804152,-1.2992067109124648,-0.7852642097173264,0.10968419497740478,-0.4926090468369194,-0.6444628197593737
52.211346,-2.186876,97.21,0.0,3,86.76,23 / 24,12782409,2020-01-08 15:48:26:003,1.6266,0.3718,9.3659,-0.0132,0.0122,9.8066,-0.1151,0.0813,-0.0485,-23.37,-33.75,9.38,312.75,-86.5,-155.03,0.1522953693585223,-1.6717402930451333,-0.4410931909260481,-0.08332119806412619,0.04834358736252142,-0.041143576752526945
52.211346,-2.186876,97.21,0.0,3,86.76,23 / 24,12782510,2020-01-08 15:48:26:104,1.5015,-1.4354,10.0158,-0.0201,0.006,9.8066,-0.0331,-0.0683,0.08,-22.25,-33.06,9.19,308.65,-86.54,-159.79,-1.6198651306103016,-1.3300440872535346,0.2090091973928034,-0.14665191740327244,-1.4786302493628416,0.29600176584692295
52.211346,-2.186876,97.21,0.0,3,86.76,23 / 24,12782610,2020-01-08 15:48:26:204,3.2572,0.4834,9.6573,-0.0116,0.0063,9.8066,0.0504,0.1183,-0.1005,-21.75,-33.94,8.31,302.07,-86.62,-163.71,0.0657781202530743,-3.3027448408470588,-0.1500603050580365,-1.5774480234417325,-0.37768340588727023,0.29350209567590335
52.211346,-2.186876,97.21,0.0,3,86.76,23 / 24,12782710,2020-01-08 15:48:26:304,2.9443,2.2927,7.9867,-0.0038,-0.0111,9.8065,-0.0573,0.1429,-0.0418,-22.12,-33.31,7.94,301.88,-86.63,-164.02,1.918093146430334,-3.2119373875432697,-1.82066937968394,-2.311530560818552,2.259356968953222,-1.7062256414993526
52.211346,-2.186876,97.21,0.0,3,86.76,23 / 24,12782810,2020-01-08 15:48:26:404,1.5507,0.1488,8.8297,0.0013,-0.0081,9.8066,-0.1047,0.077,0.0329,-21.37,-33.5,8.19,304.67,-86.5,-161.89,-0.037588261058886,-1.5566483772335158,-0.9772535660138718,0.3279587786669887,-0.800194062695875,-0.5856745998079549
52.211346,-2.186876,97.21,0.0,3,86.76,23 / 24,12782910,2020-01-08 15:48:26:504,-0.3949,-2.2625,12.099,0.0147,-0.0322,9.8065,-0.0053,0.2088,-0.1422,-21.56,-33.62,8.13,307.36,-86.58,-158.62,-2.1616602212322125,0.6839757680437151,2.2928080461895006,1.3107349582011998,-1.499390583777497,2.5249589933127057
52.211346,-2.186876,97.21,0.0,3,86.76,23 / 24,12783010,2020-01-08 15:48:26:604,-0.4064,0.9127,6.0912,0.0787,-0.0239,9.8062,-0.2712,0.198,-0.0956,-21.87,-33.81,7.75,307.19,-86.44,-158.61,0.9895174673829172,0.3653791275530627,-3.714985847199511,2.3579018659858506,0.004484642923048288,-3.457777781963727
52.211346,-2.186876,97.21,0.0,3,86.76,23 / 24,12783110,2020-01-08 15:48:26:704,-0.4236,-0.3333,9.7049,-0.0636,0.0134,9.8063,0.2283,0.0768,-0.0189,-21.25,-33.12,7.31,304.46,-86.63,-159.77,-0.2991128090692563,0.4004437993867339,-0.1012874176954661,0.8400946677751483,0.2519230757999764,0.30218127334503575
52.211346,-2.186876,97.21,0.0,3,86.76,23 / 24,12783210,2020-01-08 15:48:26:804,1.249,1.9139,11.6521,-0.019,-0.0239,9.8065,0.1158,0.3397,-0.2244,-21.19,-33.69,6.75,307.59,-86.89,-157.01,1.7646987242177283,-1.500151424412349,1.8451331433199956,0.4771603592470183,0.7064235128701015,1.9451754328707382
52.211346,-2.186876,97.21,0.0,3,86.76,24 / 25,12783310,2020-01-08 15:48:26:904,-1.4376,-1.9601,10.1721,-0.0788,0.0237,9.8063,0.1797,-0.1647,0.113,-22.25,-33.31,7.06,309.86,-87.21,-154.7,-1.7988628701115412,1.5954725653628377,0.3662911242558239,1.9956652934524157,-1.338354758989046,0.9176986927037241
52.211346,-2.186876,97.21,0.0,3,86.76,24 / 25,12783410,2020-01-08 15:48:27:004,2.7409,3.2606,11.6899,-0.059,-0.0477,9.8064,0.2551,0.3292,-0.1946,-21.87,-33.62,6.19,311.38,-87.09,-150.58,2.9334923555587573,-3.190992818851285,1.882564362755724,-1.3932450173316437,1.0233523295486437,1.8893460021397532
52.211346,-2.186876,97.21,0.0,3,86.76,24 / 25,12783509,2020-01-08 15:48:27:103,1.6451,1.2066,8.5758,-0.0182,0.0158,9.8066,-0.0184,-0.2064,0.2128,-22.5,-33.56,6.19,310.57,-86.94,-151.18,0.9740228397150684,-1.798518756840232,-1.2312798053274738,-1.2728590428277453,1.2244411442293988,-0.6401603693853537
52.211346,-2.186876,97.21,0.0,3,86.76,24 / 25,12783610,2020-01-08 15:48:27:204,1.9844,1.9447,12.2308,-0.0878,-0.0273,9.8062,0.2591,0.0443,-0.1635,-22.81,-33.5,6.94,316.48,-87.13,-147.7,1.698396370711277,-2.3024720760658948,2.423954229537261,-0.8356259028736228,0.9085131222033451,2.473315689808176
52.211346,-2.186876,97.21,0.0,3,86.76,24 / 25,12783710,2020-01-08 15:48:27:304,0.4722,0.66,8.4315,0.0345,0.0509,9.8064,-0.219,-0.2376,0.2142,-23.19,-33.06,6.75,313.24,-87.06,-150.71,0.5496730612105705,-0.5099183718130961,-1.375055231569584,0.2632593387389793,0.5433298009830873,-0.9002545358674638
52.211346,-2.186876,97.21,0.0,3,86.76,24 / 25,12783809,2020-01-08 15:48:27:403,-0.4339,-0.9531,8.6803,-0.0319,0.0137,9.8065,0.0564,0.0734,0.0005,-22.69,-33.56,7.63,310.92,-87.22,-155.3,-0.9092081778573966,0.5196710053071393,-1.1260174135244525,1.5775603241895868,-1.499178128133338,-0.8815395132051838
52.211346,-2.186876,97.21,0.0,3,86.76,24 / 25,12783910,2020-01-08 15:48:27:504,-0.8338,-2.5116,9.0708,0.0438,0.0282,9.8065,-0.1451,-0.3433,0.2427,-22.25,-33.0,8.31,307.26,-87.16,-159.5,-2.410601887643149,1.1876078904547818,-0.735259360920234,2.233191203678616,-2.2088367018053883,-0.514419833118887
52.211346,-2.186876,97.21,0.0,3,86.76,24 / 25,12784010,2020-01-08 15:48:27:604,1.4833,-0.0813,10.0523,-0.0336,-0.0109,9.8065,0.0535,0.0321,0.1373,-21.75,-33.37,7.44,310.3,-87.18,-154.24,-0.2589762218724852,-1.496339656247436,0.2454757821984867,-0.8098213278722288,-0.7386482997664884,0.7860942143642898
52.211346,-2.186876,97.21,0.0,3,86.76,24 / 25,12784110,2020-01-08 15:48:27:704,1.5646,5.6851,12.3262,0.0747,0.0761,9.806,0.0124,-0.4003,0.4795,-21.87,-33.69,6.94,311.49,-86.9,-152.7,5.379626036621837,-2.178237329787461,2.519324689519163,-0.9580850235984887,1.735664826546413,2.4279940962538955
52.211346,-2.186876,97.21,0.0,3,86.76,24 / 25,12784211,2020-01-08 15:48:27:805,-0.6286,2.6859,6.9177,0.0747,-0.115,9.8057,-0.1491,-0.0714,0.017,-22.0,-33.75,7.56,311.27,-86.11,-154.4,2.866533302220827,0.3492267202938716,-2.888121054438638,0.8226144554930502,1.4649710579346102,-2.0480049958455155
52.211346,-2.186876,97.21,0.0,3,86.76,22 / 25,12784310,2020-01-08 15:48:27:904,1.7719,1.2379,9.4394,-0.0088,-0.0208,9.8066,0.1773,-0.2192,0.074,-22.0,-33.0,7.5,314.74,-85.67,-150.82,1.026814792614309,-1.923666603728421,-0.3677121147968849,-0.7321136943350189,0.9033058891780745,-0.7240035571692189
52.211346,-2.186876,97.21,0.0,3,86.76,22 / 25,12784410,2020-01-08 15:48:28:004,0.41,-1.3479,9.4791,0.0181,0.0145,9.8065,-0.0564,-0.034,0.1098,-22.37,-33.31,7.19,315.33,-85.36,-147.56,-1.4006565274521223,-0.2188883963135492,-0.3273519391496611,0.28037781854600097,-2.176320332184092,0.7141866909224436
52.211346,-2.186876,97.21,0.0,3,86.76,22 / 25,12784510,2020-01-08 15:48:28:104,2.8909,0.4659,10.5625,-0.0706,0.0112,9.8063,0.0319,0.1265,-0.1205,-22.69,-33.44,7.44,319.81,-85.77,-143.28,0.0819337514649675,-2.9952572303243667,0.7555089440638572,-2.080912650733592,0.280131706620405,0.2693851776220086
52.211346,-2.186876,97.21,0.0,3,86.76,22 / 25,12784609,2020-01-08 15:48:28:203,-0.7413,2.1581,8.2023,-0.011,0.0282,9.8066,-0.2727,0.1982,-0.2252,-22.19,-33.5,6.31,319.6,-86.42,-142.24,2.2042265886211423,0.4593895305309548,-1.6043493993685265,1.2290299566081482,0.8461211614713277,-0.5256966701046415
52.211346,-2.186876,97.21,0.0,3,86.76,22 / 25,12784710,2020-01-08 15:48:28:304,-1.254,-2.1045,10.7514,-0.0702,-0.0123,9.8063,0.0726,0.2539,-0.1426,-22.19,-33.5,5.69,322.72,-87.38,-140.21,-1.9281971083241505,1.435222211896395,0.945563537753864,1.8619813943175665,-1.30669577298512,0.5048331732017992
52.211346,-2.186876,97.21,0.0,3,86.76,22 / 25,12784810,2020-01-08 15:48:28:404,-0.7705,5.6758,7.4211,0.0343,-0.0919,9.8061,-0.0931,0.7308,-0.3418,-22.0,-33.87,5.38,327.19,-87.48,-133.53,5.822870817067317,0.0798880646773789,-2.385389837084895,1.2858653195995848,0.43250565026790594,-1.4455929322596361
52.211346,-2.186876,97.21,0.0,3,86.76,22 / 25,12784910,2020-01-08 15:48:28:504,-2.9989,-7.4281,8.9447,-0.0455,-0.0586,9.8063,0.3026,-0.0681,-0.0106,-22.06,-34.06,5.75,326.67,-87.43,-136.46,-6.943785927633049,3.849453618122893,-0.860232644768741,3.692251481930192,-0.9733208260705817,-1.0958077635751988
52.211346,-2.186876,97.21,0.0,3,86.76,22 / 25,12785010,2020-01-08 15:48:28:604,0.8392,1.0495,10.4476,-0.0007,-0.1046,9.806,0.3788,0.624,-0.5331,-21.87,-33.25,6.13,324.32,-86.83,-138.21,1.0404105457795108,-0.9773971198427244,0.6413034744595797,0.6921333508415521,-0.850574830024048,1.3058137211609986
52.211346,-2.186876,97.21,0.0,3,86.76,22 / 25,12785110,2020-01-08 15:48:28:704,0.9175,-0.4832,9.1222,0.0334,-0.0138,9.8066,-0.0155,0.3899,-0.2667,-20.81,-33.31,6.63,306.05,-86.53,-158.15,-0.5760234039520548,-0.8185139346312564,-0.6845469355084044,-1.5030309688412975,0.7127890880462313,-0.6131792503049677
52.211346,-2.186876,97.21,0.0,3,86.76,22 / 25,12785211,2020-01-08 15:48:28:805,1.7852,6.3729,9.6561,-0.0355,-0.0782,9.8062,-0.0549,0.5475,-0.4843,-21.37,-33.31,5.75,297.44,-86.66,-163.98,6.173719321476536,-2.6108464464926286,-0.1511300184083565,-0.6043844475179934,-0.011111718081433408,0.17192571570457083
52.211346,-2.186876,97.21,0.0,3,86.76,22 / 25,12785310,2020-01-08 15:48:28:904,-1.7109,-4.1802,10.0467,-0.035,-0.0868,9.8061,0.0632,0.4831,-0.1548,-21.19,-32.56,6.19,294.83,-86.83,-166.73,-3.8524683574794847,2.1731732911321866,0.2413672126222261,1.1616622115658748,-0.6890372592396483,0.6458946697950545
52.211346,-2.186876,97.21,0.0,3,86.76,22 / 25,12785410,2020-01-08 15:48:29:004,0.9657,0.1052,10.3979,-0.03,-0.0887,9.8062,0.1818,0.4895,-0.3934,-21.19,-32.5,5.69,308.29,-86.64,-153.74,0.0682739772487743,-1.0122420832142476,0.5914636244104229,1.082527393121624,-1.7876424286467927,0.5819234113863494
52.211346,-2.186876,97.21,0.0,3,86.76,22 / 25,12785510,2020-01-08 15:48:29:104,-1.333,-6.1946,7.9879,-0.0138,-0.0889,9.8062,-0.0414,0.396,-0.3052,-21.44,-32.56,6.19,302.28,-86.61,-159.28,-5.893685103409812,2.070642641480127,-1.8174132642658591,1.0249452034830449,-0.9516632181338622,-1.1228397275633113
52.211346,-2.186876,97.21,0.0,3,86.76,22 / 25,12785610,2020-01-08 15:48:29:204,1.1006,3.1587,8.8201,-0.048,-0.0707,9.8063,0.0533,0.9299,-0.4372,-21.56,-33.37,6.69,309.0,-86.4,-154.59,3.0609082756446537,-1.542085423101993,-0.9867673666809322,0.33640590411309185,0.5862056509656446,-1.2596459642454214
52.211346,-2.186876,97.21,0.0,3,86.76,22 / 25,12785710,2020-01-08 15:48:29:304,-1.01,-4.9815,9.9227,0.013,0.0177,9.8066,-0.0729,-0.2434,0.1595,-21.69,-33.19,6.31,298.05,-86.38,-162.53,-4.83261830636842,1.6383417702473175,0.1168135215448647,0.8677212216148319,-1.47805789446669,1.0090728939973244
52.211346,-2.186876,97.21,0.0,3,86.76,22 / 25,12785809,2020-01-08 15:48:29:403,2.7937,3.4183,10.3978,-0.0216,-0.09,9.8061,0.0279,0.3757,-0.1838,-21.5,-32.44,5.25,300.62,-86.37,-158.09,3.129920737435397,-3.230915135799622,0.5907414262033486,-1.8489047891921837,1.259089227696725,0.16116411106241546
52.211346,-2.186876,97.21,0.0,3,86.76,22 / 25,12785910,2020-01-08 15:48:29:504,1.1395,5.4005,8.3613,-0.0129,0.0499,9.8064,0.1585,-0.6567,0.4137,-22.0,-32.69,6.0,304.62,-86.26,-156.12,5.165047803997077,-1.8102440063500191,-1.445876187610407,-2.0591375102548364,1.8185809647370164,-0.47350709527580065
52.211346,-2.186876,97.21,0.0,3,86.76,22 / 25,12786011,2020-01-08 15:48:29:605,0.7331,0.5615,9.2866,-0.0087,-0.0097,9.8066,0.0492,-0.2076,0.0611,-21.56,-32.94,6.13,304.89,-86.1,-155.67,0.474210401894742,-0.8071149180167241,-0.520217919577636,-0.10542193011827738,0.5217343224843998,-0.9865077193217253
52.211346,-2.186876,97.21,0.0,3,86.76,22 / 25,12786110,2020-01-08 15:48:29:704,0.8909,1.5357,9.0838,-0.012,0.0363,9.8065,0.0833,-0.3843,0.1499,-22.44,-32.12,6.5,307.13,-85.97,-155.99,1.375064618601611,-1.082648874948278,-0.7230440984084125,-0.6857434653084773,0.4477673414581983,0.21035311550432712
52.211346,-2.186876,97.21,0.0,3,86.76,22 / 25,12786210,2020-01-08 15:48:29:804,-0.515,-4.088,10.8492,-0.0162,0.0359,9.8065,0.0923,-0.3816,0.2732,-21.06,-32.12,6.5,306.36,-86.12,-157.49,-4.029447189038276,1.008879293413114,1.0432132390234463,0.9865644205796136,-1.1955526729522679,0.64994627470747
52.211346,-2.186876,97.21,0.0,3,86.76,23 / 25,12786310,2020-01-08 15:48:29:904,0.4409,0.9028,8.3004,0.0,0.0462,9.8065,-0.1063,-0.0635,0.0734,-21.56,-31.94,5.69,302.0,-86.17,-158.63,0.7948332925884327,-0.5439242481423341,-1.5062801961374344,0.4750408467337557,-0.773167321356957,-0.7087457371622161
52.211346,-2.186876,97.21,0.0,3,86.76,23 / 25,12786410,2020-01-08 15:48:30:004,1.2737,-3.1569,10.337,-0.0397,0.0235,9.8065,0.0509,-0.4496,0.1375,-22.12,-31.62,5.25,300.28,-86.37,-158.02,-3.3193103885303143,-0.9067058884919912,0.5305251609195167,-1.5508442210245157,-0.6104468348129338,0.2860453200565446
52.211346,-2.186876,97.21,0.0,3,86.76,23 / 25,12786510,2020-01-08 15:48:30:104,2.1155,4.6337,9.0727,-0.0162,0.0381,9.8065,-0.0628,-0.3376,0.1433,-21.75,-31.94,4.81,301.94,-86.33,-156.39,4.293880589189091,-2.6879227419284426,-0.7347159377671273,-1.2055445755605994,0.018247466417032874,-0.12480187992612357
52.211346,-2.186876,97.21,0.0,3,86.76,23 / 25,12786610,2020-01-08 15:48:30:204,0.5384,-4.4142,11.5721,-0.0347,0.1113,9.8059,0.098,-0.7474,0.547,-23.12,-31.25,5.88,304.69,-86.62,-156.26,-4.561517921149307,-0.0047451342092307,1.7665186211118895,-1.052439239471151,-0.29450660630575876,1.6920114666397583
52.211346,-2.186876,97.21,0.0,3,86.76,23 / 25,12786709,2020-01-08 15:48:30:303,3.0328,4.2235,10.1906,0.0394,0.0209,9.8065,-0.0951,0.0214,-0.0372,-22.25,-32.0,5.56,310.69,-86.52,-150.81,3.796580300679119,-3.494150217587628,0.383034472897131,-1.7979328698900239,-0.10305901793849342,0.8146511065702331
52.211346,-2.186876,97.21,0.0,3,86.76,23 / 25,12786810,2020-01-08 15:48:30:404,-0.0705,-1.9694,9.0454,0.0181,0.0944,9.8061,-0.015,-0.729,0.4533,-22.0,-32.12,6.44,302.87,-86.61,-158.34,-2.036699214956646,0.3454186015365807,-0.7604782623504079,-0.8268028968732258,-0.2795496608990611,-0.7070392651571479
52.211346,-2.186876,97.21,0.0,3,86.76,23 / 25,12786910,2020-01-08 15:48:30:504,2.1267,4.8568,9.2676,0.0121,0.048,9.8064,-0.0311,0.067,0.1515,-22.69,-33.12,6.81,307.5,-86.42,-155.47,4.507562582373888,-2.6975848028049145,-0.5397331170669644,-1.064773464156292,0.06361746757241188,-0.21720293576384725
52.211346,-2.186876,97.21,0.0,3,86.76,23 / 25,12787010,2020-01-08 15:48:30:604,-0.8345,-2.8189,9.0259,0.0267,0.0741,9.8063,-0.1084,-0.4465,0.2131,-22.56,-33.56,6.56,309.84,-86.26,-152.96,-2.7630934624370926,1.215386752147975,-0.7799283047438397,0.19078341679294702,-0.5274205564040018,-0.6911188112985758
52.211346,-2.186876,97.21,0.0,3,86.76,23 / 25,12787110,2020-01-08 15:48:30:704,0.3418,-0.6632,10.6752,0.0078,-0.0145,9.8066,0.0276,0.0506,-0.2257,-22.12,-33.5,6.38,308.13,-86.29,-152.84,-0.6852230733036369,-0.2507054459280206,0.8685906798914852,1.0816796541424,-2.236847905557804,1.1867409741793098
52.211346,-2.186876,97.21,0.0,3,86.76,23 / 25,12787210,2020-01-08 15:48:30:804,-0.2022,-2.3578,9.0644,0.064,0.0565,9.8063,-0.0324,-0.2354,0.3772,-21.81,-33.87,6.75,306.18,-86.15,-156.83,-2.36231747364587,0.5653322307721115,-0.7416051257627788,-0.11041115837998516,-0.9426697146927369,-0.7259660846018956
52.211376,-2.186297,96.71,7.85,3,82.68,22 / 25,12787311,2020-01-08 15:48:30:905,1.8765,1.9179,10.7748,0.0022,-0.007,9.8066,0.0752,0.065,-0.1738,-22.31,-33.37,6.38,305.11,-85.97,-155.29,1.6762381241067097,-2.099910400539439,0.9676020881527252,-1.208830775362418,0.6117505069562943,1.3801119326659268
52.211376,-2.186297,96.71,7.85,3,82.68,22 / 25,12787410,2020-01-08 15:48:31:004,-0.8056,-4.8821,10.1431,-0.0065,0.038,9.8065,-0.0232,-0.5471,0.293,-21.81,-33.69,6.5,302.6,-86.09,-160.13,-4.7820383557587895,1.4062756975614314,0.3372568850296295,1.1655008158158937,-1.3976970546487357,0.1987928352248216
52.211376,-2.186297,96.71,7.85,3,82.68,22 / 25,12787510,2020-01-08 15:48:31:104,-0.6287,-0.4967,7.7605,-0.0511,0.012,9.8064,0.0706,0.5425,-0.1273,-22.0,-33.62,6.31,302.16,-86.07,-158.05,-0.4328521446752541,0.6369903353526039,-2.04572397784193,1.0715391670815835,-1.0401719022809666,-1.4862637727337231
52.211376,-2.186297,96.71,7.85,3,82.68,22 / 25,12787610,2020-01-08 15:48:31:204,0.8525,-3.1613,12.0964,-0.1057,0.0291,9.806,0.3015,0.0173,-0.2057,-22.0,-33.5,6.0,305.76,-86.55,-155.4,-3.2848189869100235,-0.5534337586393416,2.290503625413796,-0.40115283243658706,-1.7645546906293799,1.9761122280322976
52.211376,-2.186297,96.71,7.85,3,82.68,22 / 25,12787710,2020-01-08 15:48:31:304,-0.5722,-3.6254,8.5911,-0.0129,-0.0856,9.8062,-0.0771,0.5439,-0.3004,-21.62,-33.69,6.38,309.13,-86.14,-151.58,-3.442520133037039,0.9965920798449844,-1.2146307669513794,1.0803504305101357,-2.2959236926387003,-0.520565083004382
52.211376,-2.186297,96.71,7.85,3,82.68,22 / 25,12787810,2020-01-08 15:48:31:404,1.9649,2.5457,9.9606,-0.0241,-0.0381,9.8065,0.2199,0.3245,-0.2924,-21.44,-33.44,6.94,309.52,-86.14,-154.41,2.315636829623446,-2.2956874655708503,0.1534124627022335,-1.898594139355629,2.0518838043772103,-0.295440709400435
52.211376,-2.186297,96.71,7.85,3,82.68,22 / 25,12787909,2020-01-08 15:48:31:503,0.0283,1.2322,8.4375,-0.0289,-0.0241,9.8065,-0.0228,0.0926,-0.1366,-21.44,-33.25,7.0,302.51,-85.88,-160.66,1.2392672267303717,-0.213088883204621,-1.3691356392288607,-0.2901114251297474,1.040884846722399,-0.607935516457562
52.211376,-2.186297,96.71,7.85,3,82.68,22 / 25,12788010,2020-01-08 15:48:31:604,0.1455,0.5427,10.8395,-0.046,0.0019,9.8065,0.0984,0.0745,-0.11,-22.37,-33.44,6.19,301.63,-86.14,-158.8,0.5127736097390763,-0.2576743881240084,1.0329051383646393,0.17760742489621473,0.6001779762770962,0.5334552081272299
52.211376,-2.186297,96.71,7.85,3,82.68,22 / 25,12788109,2020-01-08 15:48:31:703,0.3731,0.8745,10.6566,0.0221,0.0103,9.8066,-0.0681,-0.1374,0.1278,-21.75,-33.69,6.56,302.78,-86.3,-160.22,0.8137487547349295,-0.4562125961751588,0.8498386148313529,-0.4740871982986823,0.4974650745389182,1.583217363410129
52.211376,-2.186297,96.71,7.85,3,82.68,22 / 25,12788210,2020-01-08 15:48:31:804,-1.1072,1.9443,9.0055,0.0309,0.0108,9.8065,-0.1703,-0.2764,0.15,-21.62,-33.69,5.75,297.97,-86.2,-162.22,2.0602643922406445,0.8883123169479362,-0.800941147415887,1.1520530069493198,2.310190577288844,-1.2544156708926657
52.211376,-2.186297,96.71,7.85,3,82.68,22 / 26,12788310,2020-01-08 15:48:31:904,0.0687,8.3653,8.7883,0.0001,0.0756,9.8063,0.1303,-0.433,0.1964,-21.5,-34.19,7.19,298.14,-86.47,-165.45,8.216379560448184,-1.1014775610173486,-1.0188278319836828,-0.8617053394656582,1.4113313432793397,-0.40792600547278846
52.211376,-2.186297,96.71,7.85,3,82.68,22 / 26,12788410,2020-01-08 15:48:32:004,-0.2145,-1.4802,10.3142,0.0055,0.0965,9.8061,0.0633,-0.6858,0.3811,-21.25,-33.62,7.0,299.39,-86.24,-163.95,-1.5369274594113116,0.4147661174949694,0.5083026188065919,0.3379302326624654,-0.8999075550543444,0.18681616303363985
52.211376,-2.186297,96.71,7.85,3,82.68,22 / 26,12788510,2020-01-08 15:48:32:104,-0.4257,2.9556,9.2953,0.0053,-0.0342,9.8065,-0.0367,0.2452,-0.2268,-21.44,-34.37,7.19,300.92,-86.17,-162.4,3.0201724312641254,0.0549539963739468,-0.5113990845852934,0.6948947165880696,1.081183582509486,-0.09952886996248678
52.211376,-2.186297,96.71,7.85,3,82.68,22 / 26,12788610,2020-01-08 15:48:32:204,-0.3252,-0.395,8.5842,0.0188,0.0463,9.8064,-0.0958,-0.0434,0.0814,-21.37,-33.87,6.63,298.77,-86.07,-164.3,-0.3950481103173168,0.3966208256982053,-1.2220816016769065,-0.12393874949310277,0.5724391123552155,-1.348852836836137
52.211376,-2.186297,96.71,7.85,3,82.68,22 / 26,12788710,2020-01-08 15:48:32:304,0.0836,1.7766,9.3765,-0.0323,0.0077,9.8065,0.152,-0.1823,-0.1093,-21.44,-34.0,6.31,295.66,-86.13,-164.8,1.7406132159268983,-0.3354619091307252,-0.4301987448412532,0.7741635706278337,0.5288154644379918,-0.26682628862064445
52.211376,-2.186297,96.71,7.85,3,82.68,22 / 26,12788810,2020-01-08 15:48:32:404,-0.6972,-2.5301,10.4596,0.0134,0.0705,9.8063,0.1574,-0.3799,0.268,-20.94,-34.25,6.75,295.2,-86.4,-168.18,-2.491653346394517,1.0291745751246746,0.6537101080126813,0.03802886219642551,-0.7796513873571936,0.7542911408256531
52.211376,-2.186297,96.71,7.85,3,82.68,22 / 26,12788910,2020-01-08 15:48:32:504,0.7926,3.9448,8.1761,0.005,0.0363,9.8065,-0.1479,-0.2762,0.1284,-21.31,-34.06,6.56,297.13,-86.35,-166.26,3.779676464156063,-1.268432625891137,-1.630955140363964,0.3022003960215315,0.5946357422258243,-1.7324640340936606
52.211376,-2.186297,96.71,7.85,3,82.68,22 / 26,12789009,2020-01-08 15:48:32:603,-1.6394,-7.363,9.4872,0.0084,0.095,9.8061,0.0218,-0.8961,0.5503,-21.81,-33.56,6.75,293.78,-86.34,-168.89,-7.194353004023918,2.564953870977216,-0.3178089728925749,1.1534089628134854,-0.6444336383504858,0.006827494842005177
52.211376,-2.186297,96.71,7.85,3,82.68,22 / 26,12789109,2020-01-08 15:48:32:703,1.8622,5.932,10.2137,0.0386,0.0049,9.8065,-0.0829,0.4053,-0.0936,-21.56,-34.06,6.31,296.32,-86.07,-163.62,5.653486228435582,-2.5485135677085964,0.406220715983853,-0.6003858668124185,0.518877166501525,0.06210087476714765
52.211376,-2.186297,96.71,7.85,3,82.68,22 / 26,12789210,2020-01-08 15:48:32:804,-0.2722,2.2348,7.965,0.0058,0.0669,9.8064,-0.1959,-0.4056,0.2303,-22.12,-33.19,7.31,297.89,-86.08,-164.75,2.185515941360766,0.0059354426427339,-1.841551848463301,-1.706353784707455,3.374093253127647,-1.3363512358343663
52.211376,-2.186297,96.71,7.85,3,82.68,24 / 27,12789310,2020-01-08 15:48:32:904,1.2519,1.0466,9.3889,0.0486,-0.0113,9.8064,-0.1527,-0.0071,0.1402,-21.12,-34.0,7.19,305.81,-86.34,-158.0,0.8995746097380974,-1.3257234835781249,-0.417866386066207,0.8534610389262993,-0.5544394732869455,-0.9422263812040843
52.211376,-2.186297,96.71,7.85,3,82.68,24 / 27,12789410,2020-01-08 15:48:33:004,-3.0887,-4.35,7.8498,0.0712,0.0376,9.8063,-0.2974,-0.5038,0.3295,-22.0,-33.5,6.81,305.72,-86.04,-157.26,-3.959485741246293,3.682778294294193,-1.9553799426052347,1.8425671212686567,-0.7004339335769958,-1.3503451632347547
52.211376,-2.186297,96.71,7.85,3,82.68,24 / 27,12789510,2020-01-08 15:48:33:104,0.965,0.7432,11.3065,0.0302,-0.0168,9.8066,-0.0166,0.18,-0.2636,-21.81,-33.44,6.56,308.82,-85.99,-154.28,0.6376132498076615,-1.0226123946935437,1.499621380178627,1.1988502218390908,-0.7122932088472419,0.8892015795347219
52.211376,-2.186297,96.71,7.85,3,82.68,24 / 27,12789610,2020-01-08 15:48:33:204,-2.444,-7.1434,9.9182,0.0681,0.1096,9.8058,-0.0653,-0.4972,0.3573,-22.56,-33.69,6.88,303.11,-86.02,-159.03,-6.883152748426878,3.396848379433772,0.1136595748790596,1.6300333987765547,-0.8440793758503886,0.7142326607039632
52.211376,-2.186297,96.71,7.85,3,82.68,24 / 27,12789709,2020-01-08 15:48:33:303,2.0598,2.8508,11.0231,0.0002,-0.0621,9.8063,0.0823,0.488,-0.4684,-22.5,-33.62,7.25,304.55,-85.9,-158.04,2.63343976134285,-2.4070152382736607,1.2160647499606678,-0.3460368008296759,0.8130683233396765,0.6275515826142437
52.211376,-2.186297,96.71,7.85,3,82.68,24 / 27,12789810,2020-01-08 15:48:33:404,1.1962,1.3826,11.3497,0.0264,0.0972,9.806,0.1206,-0.454,0.2887,-21.5,-33.75,7.38,309.53,-85.71,-153.74,1.1296136934734484,-1.3213007268451242,1.5433185616572571,-2.8162421723257953,2.0844706190175915,2.0322959663054445
52.211376,-2.186297,96.71,7.85,3,82.68,24 / 27,12789910,2020-01-08 15:48:33:504,2.1183,5.1438,9.3984,-0.025,-0.0171,9.8065,0.0698,0.4439,-0.2229,-21.69,-32.69,7.13,304.23,-85.88,-158.47,4.853345231402079,-2.769994207394841,-0.4090739124238185,-1.0530389079716493,1.0300866698506008,-0.8754675157441666
52.211376,-2.186297,96.71,7.85,3,82.68,24 / 27,12790010,2020-01-08 15:48:33:604,-2.9916,-3.2702,9.3353,-0.0118,0.0406,9.8065,-0.0622,-0.472,0.1393,-21.19,-33.62,7.63,306.16,-86.0,-159.73,-2.9134420722394303,3.369477402448745,-0.4702248888483857,2.3084599950013334,-1.3033313713901282,-0.18193408970599712
52.211376,-2.186297,96.71,7.85,3,82.68,24 / 27,12790109,2020-01-08 15:48:33:703,-1.0862,-2.1699,10.6044,0.0017,-0.0631,9.8064,-0.061,0.4757,-0.3887,-22.19,-33.44,7.31,301.97,-86.09,-160.87,-1.954651283256053,1.3419247838255313,0.7984440402559653,2.5828044711158755,-2.650903282324399,0.5272864563773394
52.211376,-2.186297,96.71,7.85,3,82.68,24 / 27,12790210,2020-01-08 15:48:33:804,-2.0295,-6.5215,8.096,0.0662,0.0909,9.806,-0.2094,-0.1895,0.108,-21.56,-33.81,7.25,298.07,-86.0,-164.31,-6.299600976584494,2.904238419584225,-1.7088940833259996,2.3736835959010665,-1.620466157530976,-1.6747422800799936
52.211376,-2.186297,96.71,7.85,3,82.68,24 / 27,12790310,2020-01-08 15:48:33:904,1.0072,2.8178,11.7642,-0.0578,-0.1,9.8059,0.3897,0.6171,-0.7171,-21.19,-33.81,7.0,295.8,-85.91,-166.91,2.762370555287029,-1.4209580638660542,1.957781352964951,-0.7126781163097975,1.6330050029018741,1.9121137800742432
52.211376,-2.186297,96.71,7.85,3,82.68,25 / 27,12790409,2020-01-08 15:48:34:003,3.3113,5.4647,12.0407,0.0528,0.0653,9.8062,0.0502,-0.1972,0.1171,-21.0,-33.81,7.06,295.13,-85.84,-167.44,4.951114354093392,-3.906834125092186,2.233259194922425,-3.892952090703927,2.010775997199892,2.0089969359948654
52.211376,-2.186297,96.71,7.85,3,82.68,25 / 27,12790510,2020-01-08 15:48:34:104,2.7916,7.4889,10.0415,-0.1315,-0.0617,9.8055,0.3257,0.7089,-0.55,-21.25,-34.25,6.31,305.62,-86.14,-155.37,7.127206847314023,-3.8418283757709166,0.2346215180274863,-3.6388238820664185,2.0032167271417145,0.3917354271180136
52.211376,-2.186297,96.71,7.85,3,82.68,25 / 27,12790610,2020-01-08 15:48:34:204,0.4061,0.4009,10.8067,-0.0071,0.0484,9.8065,0.137,0.0217,0.0031,-21.75,-33.06,6.25,297.62,-86.09,-162.56,0.2982969997194825,-0.4541574652404401,1.0000752105340542,0.03741460456669776,-0.08760383936230355,0.5671065214476962
52.211376,-2.186297,96.71,7.85,3,82.68,25 / 27,12790710,2020-01-08 15:48:34:304,-2.4746,-5.7167,9.4001,-0.0458,-0.0676,9.8063,0.1504,0.8054,-0.3568,-20.44,-33.56,6.19,296.26,-85.94,-164.44,-5.302193124034751,3.114326234692209,-0.4051158715064969,2.910634928613843,-1.6173047497770876,-0.11832987590975406
52.211376,-2.186297,96.71,7.85,3,82.68,25 / 27,12790810,2020-01-08 15:48:34:404,1.1935,1.1654,10.723,-0.0273,-0.0703,9.8063,0.0426,0.506,-0.5076,-21.37,-33.44,5.88,300.56,-85.91,-159.99,1.0738984188129843,-1.365562132219684,0.916312320728366,-0.520742204944922,0.30261309566400363,0.3669460281307106
52.211376,-2.186297,96.71,7.85,3,82.68,25 / 27,12790910,2020-01-08 15:48:34:504,0.1372,-2.1912,8.4307,0.0215,-0.0507,9.8065,-0.2365,-0.0892,-0.0518,-21.12,-33.5,5.5,293.44,-86.02,-166.92,-2.138317978013029,0.1524175168082777,-1.3756153188578086,-0.3199754118851663,-1.272301938681863,-1.062168451374944
52.211376,-2.186297,96.71,7.85,3,82.68,25 / 27,12791010,2020-01-08 15:48:34:604,-0.0363,-2.6292,10.1291,-0.0575,0.0326,9.8063,0.2311,0.1344,0.1283,-21.75,-33.81,5.31,292.36,-86.14,-165.0,-2.643647319017414,0.3107924527740314,0.3230563789042734,1.3647638636832453,-3.09885247529646,-0.23622836006690884
52.211376,-2.186297,96.71,7.85,3,82.68,25 / 27,12791109,2020-01-08 15:48:34:703,-1.0587,-3.9366,9.8006,0.0316,0.0487,9.8064,-0.1093,0.0342,0.2397,-23.12,-34.0,4.56,287.84,-85.98,-168.84,-3.818247968666909,1.5787208519510918,-0.0051712073880481,0.974471229988109,-1.0075735530002736,0.23591903132294817
52.211376,-2.186297,96.71,7.85,3,82.68,25 / 27,12791210,2020-01-08 15:48:34:804,1.3178,4.3399,9.2223,-0.0046,-0.1028,9.8061,-0.0758,0.388,-0.3835,-23.0,-33.5,4.75,291.17,-85.93,-165.71,4.243096320577129,-1.8659079442667683,-0.5845242919049667,-0.7274156160804706,0.6748086557355291,-1.0690472527086365
52.211376,-2.186297,96.71,7.85,3,82.68,25 / 27,12791310,2020-01-08 15:48:34:904,0.0842,-0.8665,8.1489,-0.0134,-0.011,9.8066,0.0709,-0.2146,0.1343,-24.19,-33.56,6.06,287.86,-85.89,-170.75,-0.8611093671809404,0.0102136177802257,-1.6576373667859567,-0.6238426791702935,0.2778081775615449,-1.549622975958171
52.211376,-2.186297,96.71,7.85,3,82.68,27 / 27,12791410,2020-01-08 15:48:35:004,1.4741,4.3709,10.3816,-0.0639,-0.0615,9.8062,0.243,0.4158,-0.2156,-23.75,-33.06,6.19,290.54,-85.87,-168.27,4.2060746873316335,-2.078806253826862,0.574629623008101,-0.9359620364401798,0.5810023737537865,0.19872289382811037
52.211376,-2.186297,96.71,7.85,3,82.68,27 / 27,12791510,2020-01-08 15:48:35:104,-0.8642,-4.0034,8.5374,0.0239,0.0299,9.8065,-0.3128,-0.5209,0.41,-24.44,-32.87,7.38,289.78,-85.71,-171.08,-3.8911742891444607,1.3843730768813092,-1.2685106012593186,0.7737417078575954,-0.8548272551334911,-1.2953138620873057
52.211376,-2.186297,96.71,7.85,3,82.68,27 / 27,12791610,2020-01-08 15:48:35:204,-2.7087,-4.2482,8.0434,-0.0385,-0.0615,9.8063,-0.1369,0.1028,-0.0034,-23.31,-32.56,7.94,293.94,-85.81,-169.98,-3.8212009486106417,3.171805477697304,-1.7619065417854929,4.285551656404511,-3.3685227213964,-2.0562087948427843
52.211376,-2.186297,96.71,7.85,3,82.68,27 / 27,12791709,2020-01-08 15:48:35:303,2.5225,4.3785,11.6896,0.0913,0.0738,9.8059,-0.2847,-0.4289,0.5153,-22.37,-32.06,8.0,287.73,-85.72,-176.61,3.9680895119050192,-2.9494118165481247,1.882747137009026,-3.5231967932298685,3.012073778971665,1.7764360570465345
52.211376,-2.186297,96.71,7.85,3,82.68,27 / 27,12791810,2020-01-08 15:48:35:404,3.0738,5.9469,10.3167,0.0092,-0.0174,9.8066,-0.1624,0.1809,-0.0937,-21.25,-33.81,7.69,293.99,-86.02,-171.3,5.535662331195277,-3.784490426031951,0.508846175438304,-2.704456240393979,4.347547936100062,0.22232486968931942
52.211376,-2.186297,96.71,7.85,3,82.68,27 / 27,12791910,2020-01-08 15:48:35:504,-1.6929,-4.1955,9.071,0.0703,0.0484,9.8063,-0.4351,-0.0618,0.4738,-20.37,-33.69,7.25,293.88,-86.35,-170.01,-3.9909767255538977,2.278781168842146,-0.7344989452800551,1.738506592100707,-1.2303688495277652,-0.8329522351292725
52.211376,-2.186297,96.71,7.85,3,82.68,27 / 27,12792010,2020-01-08 15:48:35:604,2.2066,4.6775,9.8129,-0.0595,-0.1228,9.8057,-0.1023,0.3873,-0.4235,-20.81,-33.94,6.63,296.16,-86.35,-167.18,4.4802765850547575,-2.846967507856045,0.0062346308650067,-1.7997248488234932,1.0761272864315519,-0.3598325197892076
52.211376,-2.186297,96.71,7.85,3,82.68,27 / 27,12792110,2020-01-08 15:48:35:704,0.5087,-1.3591,11.4238,0.0691,-0.0516,9.8062,-0.0458,0.0715,-0.029,-20.37,-34.19,6.13,287.69,-86.41,-173.4,-1.3519964166537892,-0.2735066616536065,1.6176322095539557,-0.7813529413309561,-0.8711857194635944,1.6086224456962794
52.211376,-2.186297,96.71,7.85,3,82.68,27 / 27,12792211,2020-01-08 15:48:35:805,1.315,1.4542,11.5005,-0.0145,-0.0668,9.8064,0.3107,0.3352,-0.3592,-20.81,-33.87,6.81,293.01,-86.04,-169.76,1.34347248187262,-1.5091658427174968,1.6936605945778551,-0.49957710732877647,0.6901833443006637,1.185146922594177
52.211376,-2.186297,96.71,7.85,3,82.68,27 / 27,12792311,2020-01-08 15:48:35:905,-0.9616,2.2942,8.204,-0.0586,-0.1126,9.8058,-0.0172,0.3516,-0.3424,-20.75,-34.25,6.0,294.2,-85.86,-165.8,2.5004997843062537,0.5962143845737032,-1.601838854664157,0.12471544344200583,2.2340043240012912,-1.4793270313286027
52.211376,-2.186297,96.71,7.85,3,82.68,27 / 27,12792411,2020-01-08 15:48:36:005,0.9416,0.1926,10.2146,-0.0562,-0.0249,9.8064,0.1201,0.0824,0.0763,-21.75,-33.94,5.88,292.55,-85.88,-166.95,0.0914150867489535,-1.017226401065492,0.4079608570562001,-0.05132271686611023,-0.3767788784156156,-0.2555360290809672
52.211376,-2.186297,96.71,7.85,3,82.68,27 / 27,12792510,2020-01-08 15:48:36:104,-0.8173,-2.9792,9.7985,-0.008,-0.0517,9.8065,0.0659,0.4961,-0.2531,-22.19,-33.5,6.0,297.84,-85.76,-161.92,-2.803741518507393,1.1680168842921648,-0.0075362727050371,0.7329738977996099,-1.8840127623569212,0.2332672431163963
52.211376,-2.186297,96.71,7.85,3,82.68,27 / 27,12792610,2020-01-08 15:48:36:204,0.247,-1.3646,10.3508,-0.0162,-0.0274,9.8066,0.0424,0.3078,-0.2381,-21.56,-33.87,5.06,300.38,-85.78,-156.86,-1.3595444623911832,-0.094534438873313,0.5442736578674157,0.8299159089648902,-1.7993618707892847,-0.23174934102164568
52.211376,-2.186297,96.71,7.85,3,82.68,27 / 27,12792710,2020-01-08 15:48:36:304,-0.3445,2.1187,10.297,-0.0024,-0.0502,9.8064,0.0456,0.1119,-0.2369,-22.37,-33.87,5.31,301.0,-85.81,-156.3,2.194664210711609,0.0688769169855896,0.4904619786774035,-0.33987572950364453,2.173421105076573,0.7872252359563083
52.211376,-2.186297,96.71,7.85,3,82.68,27 / 27,12792810,2020-01-08 15:48:36:404,0.0112,-2.6815,11.7221,0.0429,-0.0822,9.8062,-0.2746,0.2839,-0.3203,-22.75,-33.87,5.13,299.32,-86.08,-157.93,-2.5749273265597434,0.3551219425605159,1.91616175174434,1.2497028621189972,-2.582386072354777,1.1093236482994748
52.211376,-2.186297,96.71,7.85,3,82.68,27 / 27,12792910,2020-01-08 15:48:36:504,-0.6367,-1.8375,8.9604,0.0342,0.0456,9.8065,-0.2716,-0.0363,0.2046,-22.5,-33.37,4.56,297.71,-85.78,-159.55,-1.7848082165836543,0.9006621307169276,-0.845768872865347,0.5034175321359065,-1.4004525612290402,-0.5812817494921932
52.211376,-2.186297,96.71,7.85,3,82.68,27 / 27,12793010,2020-01-08 15:48:36:604,1.2311,4.2057,11.1612,-0.0042,0.0086,9.8066,-0.0282,0.0411,-0.1016,-22.0,-33.94,3.94,297.68,-86.01,-157.17,4.010409428355088,-1.749307262656342,1.353918748588107,-0.8757487080371075,1.162468739371182,0.6089957192021185
52.211376,-2.186297,96.71,7.85,3,82.68,27 / 27,12793109,2020-01-08 15:48:36:703,1.5163,0.4388,9.7561,-0.0048,0.065,9.8064,-0.0111,-0.1527,0.2843,-22.12,-33.69,4.0,297.11,-86.38,-158.25,0.1812126568299552,-1.555826596197398,-0.0506686843074373,-1.9438418855462407,0.8400963697415889,0.09786993026796195
52.211376,-2.186297,96.71,7.85,3,82.68,27 / 27,12793210,2020-01-08 15:48:36:804,0.8294,4.1537,10.4877,0.0027,-0.0123,9.8065,0.0374,0.1602,-0.1217,-22.44,-33.81,3.69,303.05,-86.11,-152.22,4.030453450518451,-1.3398641605724393,0.6806110081518155,-0.5006976373187184,0.9077918192996625,0.07157132108630418
52.211376,-2.186297,96.71,7.85,3,82.68,27 / 27,12793310,2020-01-08 15:48:36:904,1.4664,-5.8926,10.3118,0.0317,0.0544,9.8064,0.0456,-0.4437,0.3728,-21.5,-33.56,3.88,301.02,-86.09,-154.37,-6.079445705340075,-0.6820850686727886,0.5056699762846806,-1.0318245029883666,-1.1273607976131457,0.48520013374597754
52.211376,-2.186297,96.71,7.85,3,82.68,27 / 27,12793410,2020-01-08 15:48:37:004,1.8343,1.3767,9.7784,-0.0162,0.034,9.8066,-0.0862,0.3748,-0.1609,-22.06,-33.94,3.88,301.49,-86.04,-153.61,1.101479597067501,-2.0034734195061943,-0.0287355977173394,-1.2491029756192882,-0.12213360418368835,-0.46639036382168886
52.211376,-2.186297,96.71,7.85,3,82.68,27 / 27,12793509,2020-01-08 15:48:37:103,-0.4983,-4.4644,11.5245,-0.0098,0.0315,9.8066,-0.1021,-0.447,0.2535,-21.69,-33.87,3.38,296.05,-86.21,-156.45,-4.399780983229735,1.044890009726966,1.71844744964249,0.8018305334930715,-1.0826911692874581,1.517957756801564
52.211376,-2.186297,96.71,7.85,3,82.68,27 / 27,12793610,2020-01-08 15:48:37:204,0.6335,2.6728,10.484,0.0357,-0.0569,9.8063,-0.0352,0.3212,-0.1206,-21.37,-34.31,4.06,303.86,-85.83,-151.34,2.633904160125128,-0.9336569735926928,0.6773018167237411,-0.3505394048883361,0.8510398691388055,0.4055154437223826
52.211376,-2.186297,96.71,7.85,3,82.68,27 / 27,12793709,2020-01-08 15:48:37:303,1.2502,1.3931,10.358,0.0305,0.05,9.8064,0.0663,0.0478,0.0596,-21.44,-34.06,4.38,302.61,-85.76,-152.4,1.1805718109776768,-1.377778926604462,0.5512020396638118,-1.417334776471609,1.92445200609002,0.19602357594807185
52.211376,-2.186297,96.71,7.85,3,82.68,27 / 27,12793810,2020-01-08 15:48:37:404,-0.128,3.7495,10.2348,0.0432,-0.0192,9.8065,-0.1358,0.1303,-0.1961,-21.0,-34.0,3.5,302.19,-85.75,-152.79,3.76066492960742,-0.3001547429088593,0.4279677996416752,0.009925273189485995,1.1423280330066936,0.2875452761876433
52.211376,-2.186297,96.71,7.85,3,82.68,27 / 27,12793910,2020-01-08 15:48:37:504,-0.6876,-2.8858,9.2266,0.0531,0.0393,9.8063,-0.1538,-0.1018,0.1499,-22.12,-33.5,4.06,298.97,-85.66,-155.64,-2.809954073232728,1.0997838130952189,-0.5792514659252446,1.3600620472618803,-1.6191502839593626,-1.0432666348679605
52.211376,-2.186297,96.71,7.85,3,82.68,27 / 27,12794010,2020-01-08 15:48:37:604,1.2509,1.7712,10.183,-0.0042,-0.0222,9.8066,-0.0146,0.2979,-0.1318,-21.0,-33.87,4.06,301.63,-85.61,-153.11,1.622931215180658,-1.46901064569687,0.3759501610872103,-1.5144871227061834,1.2085906622217997,0.32026565138467666
52.211376,-2.186297,96.71,7.85,3,82.68,27 / 27,12794110,2020-01-08 15:48:37:704,0.3335,3.0245,10.6616,0.0063,0.0222,9.8065,-0.0444,0.124,-0.0369,-22.06,-34.0,3.25,298.89,-85.7,-153.03,2.9381303610257903,-0.6992000127377829,0.8547341480284644,-0.08012941858165684,1.9221827061819377,0.33248264311146725
52.211376,-2.186297,96.71,7.85,3,82.68,27 / 27,12794211,2020-01-08 15:48:37:805,-1.3855,-1.6517,8.5682,-0.0446,-0.0669,9.8062,0.115,0.3182,-0.3294,-21.5,-34.0,3.75,301.28,-85.82,-153.74,-1.405321134698556,1.5283277609171335,-1.2375518629857851,1.0994561351484633,-1.3385802592952816,-1.2540059571800768
52.211376,-2.186297,96.71,7.85,3,82.68,26 / 27,12794310,2020-01-08 15:48:37:904,-0.684,0.6057,8.8719,-0.0039,-0.0602,9.8064,0.0153,0.4259,-0.2436,-21.19,-33.81,2.94,303.64,-85.88,-148.91,0.745439569108666,0.5919747726217183,-0.9344168167293176,1.5614548957165186,0.2366322594605057,-1.4697920555268496
52.211376,-2.186297,96.71,7.85,3,82.68,26 / 27,12794410,2020-01-08 15:48:38:004,-2.4513,-1.8417,9.619,-0.006,-0.0437,9.8065,0.1706,0.1788,-0.1153,-21.44,-33.69,3.75,308.64,-85.75,-146.77,-1.479075562251845,2.650452291404239,-0.186789914447781,1.8859640010566339,-1.014663767935175,-0.2011477638565552
52.211376,-2.186297,96.71,7.85,3,82.68,26 / 27,12794510,2020-01-08 15:48:38:104,3.8178,2.575,10.8521,0.005,-0.0428,9.8065,0.1116,0.333,-0.1985,-21.44,-33.69,4.13,307.0,-85.49,-147.95,2.122023602782728,-4.109697390900145,1.044510997769558,-2.8747166181151345,1.1959196821742406,0.5309163785593032
52.211376,-2.186297,96.71,7.85,3,82.68,26 / 27,12794610,2020-01-08 15:48:38:204,-0.5661,-2.0302,10.1814,-0.0344,-0.0547,9.8064,0.0889,-0.0138,-0.1496,-22.06,-33.0,4.31,306.45,-85.55,-148.48,-1.893758432051043,0.7737904879192773,0.3753097678468043,-0.2066636139165896,-1.2020677166599159,0.3368532604438188
52.211376,-2.186297,96.71,7.85,3,82.68,26 / 27,12794710,2020-01-08 15:48:38:304,-0.6816,-1.1504,10.5091,-0.0351,-0.0378,9.8064,0.1295,-0.0378,0.0435,-21.37,-33.69,4.13,311.31,-85.5,-144.0,-1.0232553438672367,0.7800242402607959,0.7029502015453953,2.135115264547152,-1.926730187671722,0.23498123091348944
52.211376,-2.186297,96.71,7.85,3,82.68,26 / 27,12794809,2020-01-08 15:48:38:403,-0.7152,0.6359,10.1056,-0.0547,-0.0058,9.8064,0.0442,-0.2335,0.133,-23.12,-33.19,3.38,313.01,-85.58,-139.73,0.7190709550630101,0.5752629654237915,0.2992812426407586,-0.4556863107468654,1.435668313345706,0.22084357725845846
52.211376,-2.186297,96.71,7.85,3,82.68,26 / 27,12794910,2020-01-08 15:48:38:504,-0.301,-1.6723,11.7588,-0.056,-0.0456,9.8063,-0.1362,-0.839,0.0941,-21.87,-33.75,3.94,320.88,-85.38,-134.9,-1.583318765345496,0.4454750395977194,1.952712937530816,1.7475090072129786,-2.3859709066107397,1.5449827346515437
52.211376,-2.186297,96.71,7.85,3,82.68,26 / 27,12795010,2020-01-08 15:48:38:604,-2.3655,-12.0173,10.4437,0.0283,-0.0899,9.8061,-0.1291,-1.1546,0.9717,-22.75,-32.37,4.31,318.91,-85.37,-136.69,-11.535786379397576,3.862204185385964,0.6392921079542191,2.956178424494417,-1.4415002188812345,0.5123842539397854
52.211376,-2.186297,96.71,7.85,3,82.68,26 / 27,12795110,2020-01-08 15:48:38:704,1.7257,4.3774,7.7991,-0.0241,-0.1553,9.8054,0.2327,-0.2393,0.2305,-22.06,-32.12,4.88,320.64,-85.0,-137.55,4.279001571540629,-2.300869031894588,-2.00712637091472,-1.2168123717398482,1.459058446323207,-2.3454567707513787
52.211376,-2.186297,96.71,7.85,3,82.68,26 / 27,12795210,2020-01-08 15:48:38:804,1.773,-4.4845,10.6127,0.0027,-0.0061,9.8066,-0.0655,-0.5825,0.2754,-21.81,-32.81,6.0,312.15,-84.88,-147.48,-4.664132132985744,-1.1982550349072347,0.8061527010246401,-1.82804388347945,-1.7287411116864377,0.625296479742359
52.211376,-2.186297,96.71,7.85,3,82.68,26 / 26,12795310,2020-01-08 15:48:38:904,0.6547,-0.5265,10.8043,-0.0127,-0.032,9.8066,-0.2352,0.2255,-0.0455,-22.62,-32.31,6.44,308.94,-84.73,-150.02,-0.5737892298899927,-0.6007602797123822,0.9976027796583916,0.13914095333718712,-0.7568174068855313,0.736714996425786
52.211376,-2.186297,96.71,7.85,3,82.68,26 / 26,12795409,2020-01-08 15:48:39:003,0.0528,0.9605,8.5013,-0.0621,-0.0069,9.8064,-0.209,0.2206,-0.0118,-22.75,-32.12,6.44,309.98,-84.9,-149.25,0.9454317319398774,-0.2343301428962193,-1.3052199065182082,-0.48649244002318354,0.8707533731042348,-1.5458863482720284
52.211376,-2.186297,96.71,7.85,3,82.68,26 / 26,12795510,2020-01-08 15:48:39:104,1.4068,-3.5218,10.4313,-0.0353,0.0366,9.8065,-0.0262,-0.1401,0.0913,-23.87,-32.06,6.0,313.38,-85.2,-146.03,-3.71040140798345,-0.9872900837198978,0.624834131768411,-0.6588822477471705,-1.8019543795814812,0.4496080610442411
52.211376,-2.186297,96.71,7.85,3,82.68,26 / 26,12795610,2020-01-08 15:48:39:204,0.426,0.9858,9.4826,-0.0159,-0.0072,9.8066,-0.0764,0.0986,-0.1264,-23.19,-32.81,5.19,310.24,-85.27,-146.85,0.9301269328052744,-0.5621946847746472,-0.3241938236323873,-0.3991010898256636,0.5216887718782297,-0.6292878018458399
52.211376,-2.186297,96.71,7.85,3,82.68,26 / 26,12795709,2020-01-08 15:48:39:303,0.0142,0.8431,8.9192,0.0058,0.0381,9.8065,0.0386,-0.1881,0.0747,-22.94,-33.19,5.94,311.25,-85.44,-148.51,0.7976079567263595,-0.1085071810491037,-0.887380746369662,-0.19272019384060052,1.333530781504668,-0.9733027443993219
52.211376,-2.186297,96.71,7.85,3,82.68,26 / 26,12795810,2020-01-08 15:48:39:404,1.0801,1.163,10.0856,0.0106,-0.0062,9.8066,0.1153,0.0158,-0.0878,-22.75,-33.5,5.38,308.7,-85.41,-148.45,1.02673837482528,-1.2070051060155051,0.2786518862553105,-0.656243191527633,0.35509367608709325,-0.0872074868803048
52.211376,-2.186297,96.71,7.85,3,82.68,26 / 26,12795910,2020-01-08 15:48:39:504,-0.5782,-0.2365,9.7162,0.0044,0.0256,9.8066,0.0911,-0.0384,-0.0733,-22.5,-33.62,5.38,308.87,-85.57,-148.65,-0.1874161990233154,0.6107552332624556,-0.0902471239773128,0.17529167692530906,0.5930124169849735,-0.09556606668584122
52.211376,-2.186297,96.71,7.85,3,82.68,26 / 26,12796011,2020-01-08 15:48:39:605,0.6725,0.5265,10.3356,0.0309,0.0135,9.8066,0.0774,-0.0542,0.0039,-22.62,-33.75,5.44,312.61,-85.63,-144.91,0.4290321010941862,-0.7006799497671343,0.5288096294745719,0.15267581403547392,-0.3946473102355764,0.120703459850905
52.211376,-2.186297,96.71,7.85,3,82.68,26 / 26,12796110,2020-01-08 15:48:39:704,0.8432,0.4225,9.404,0.0206,-0.0022,9.8066,0.1154,0.1445,-0.0663,-21.5,-33.87,5.94,314.52,-85.52,-146.36,0.3187869750315074,-0.8690440494212824,-0.4028211944718405,-1.5427889877194354,1.2176789877589818,-0.3524103255013755
52.211376,-2.186297,96.71,7.85,3,82.68,26 / 26,12796210,2020-01-08 15:48:39:804,1.0664,1.54,11.1392,0.0021,0.0274,9.8065,0.1291,0.1148,-0.1453,-21.81,-34.0,5.63,314.8,-85.7,-145.83,1.3681806067242102,-1.2449054598091345,1.3323193174014938,-0.21832050828349586,0.5277230899310348,0.9154779115738549
52.211464,-2.185273,96.1,8.24,3,80.75,26 / 26,12796310,2020-01-08 15:48:39:904,-0.6984,-1.0431,10.7924,0.0178,0.0293,9.8065,-0.1411,0.1344,-0.0325,-22.19,-33.25,5.69,313.18,-86.01,-147.79,-0.974658310192438,0.8441029272364193,0.9861614657872878,0.08135061102883706,-0.10033864596712022,1.0548871303176632
52.211464,-2.185273,96.1,8.24,3,80.75,26 / 26,12796409,2020-01-08 15:48:40:003,0.5148,1.631,9.8457,-0.0023,0.0087,9.8066,0.0083,-0.0484,-0.0383,-22.44,-33.0,5.31,310.36,-85.96,-147.86,1.5451644109007203,-0.7153585369881207,0.0388280419805866,0.3281440672382431,0.8314427574747132,-0.34510050849846224
52.211464,-2.185273,96.1,8.24,3,80.75,26 / 26,12796510,2020-01-08 15:48:40:104,-0.8008,-1.0041,9.9052,0.0267,0.0373,9.8064,-0.0197,-0.1312,0.194,-21.5,-33.37,6.0,310.96,-85.94,-150.27,-0.9300843670208252,0.9508718786530485,0.0990827462795274,0.26469790107578095,-0.2233556593888023,0.14523197696800905
52.211464,-2.185273,96.1,8.24,3,80.75,26 / 26,12796610,2020-01-08 15:48:40:204,1.7908,1.0279,10.7537,0.0185,-0.0144,9.8066,-0.0143,0.0653,-0.0153,-22.5,-33.12,5.13,309.11,-85.71,-148.74,0.8132431452425778,-1.888649882386653,0.9466109013088976,-0.9885123335552554,0.35898060393324327,0.635202061319917
52.211464,-2.185273,96.1,8.24,3,80.75,26 / 26,12796710,2020-01-08 15:48:40:304,-0.4119,0.4333,9.5918,0.0303,0.0067,9.8065,-0.0824,-0.167,0.132,-22.25,-33.37,6.0,311.96,-85.51,-148.37,0.4783937338442878,0.3856051349128384,-0.2146453012469006,-0.06837714838856085,0.8955926016150801,-0.22521063755572707
52.211464,-2.185273,96.1,8.24,3,80.75,26 / 26,12796810,2020-01-08 15:48:40:404,0.4968,0.7307,10.544,-0.0257,0.0019,9.8065,0.1149,0.0003,0.048,-22.5,-33.37,5.69,316.59,-85.54,-144.14,0.6580131700574237,-0.6094653357504572,0.7373144597453406,0.011948752001698981,0.562757084516587,0.5265619018623637
52.211464,-2.185273,96.1,8.24,3,80.75,26 / 26,12796910,2020-01-08 15:48:40:504,-1.4343,-0.6874,10.2606,-0.0097,0.0013,9.8066,0.0568,-0.1174,0.0281,-22.62,-33.69,6.25,317.08,-85.41,-142.97,-0.505659415211504,1.4992523456553182,0.4543784874473999,1.392787882106402,-0.4566228565704469,0.3675856423343954
52.211464,-2.185273,96.1,8.24,3,80.75,26 / 26,12797010,2020-01-08 15:48:40:604,-1.418,-2.1427,9.4856,-0.0377,-0.0366,9.8064,0.0352,0.0617,-0.1089,-22.87,-33.25,5.63,316.98,-85.28,-143.07,-1.917575674770722,1.6322115050420667,-0.3202921702694635,1.8938804687463933,-1.6078540800687364,-0.4193795839629446
52.211464,-2.185273,96.1,8.24,3,80.75,26 / 26,12797110,2020-01-08 15:48:40:704,-1.4212,-3.3903,10.0991,-0.0062,-0.0037,9.8066,0.0751,-0.1604,0.0324,-23.44,-33.37,6.88,323.72,-85.24,-139.25,-3.1837125283544885,1.8261664023035968,0.293140952267354,2.1161929802707804,-2.33765490254746,0.12808476364787946
52.211464,-2.185273,96.1,8.24,3,80.75,26 / 26,12797211,2020-01-08 15:48:40:805,-0.8041,-1.7913,9.3354,-0.0097,-0.0438,9.8064,0.0346,0.2738,-0.1637,-23.5,-32.94,6.44,321.24,-85.19,-139.09,-1.6348409298807782,1.0062044551208054,-0.470655222516011,0.9012769087987461,-0.939522075426685,-0.46390033843794826
52.211464,-2.185273,96.1,8.24,3,80.75,26 / 26,12797310,2020-01-08 15:48:40:904,1.2007,3.61,10.1156,-0.0203,-0.005,9.8066,0.0696,0.1319,-0.2531,-23.44,-32.81,7.0,325.37,-85.12,-137.65,3.4345621142980005,-1.66229735226155,0.3083789806278805,-1.0046267339394095,1.3228425565278514,0.07711807058040704
52.211464,-2.185273,96.1,8.24,3,80.75,26 / 26,12797410,2020-01-08 15:48:41:004,-0.9672,0.1046,9.6139,-0.017,-0.062,9.8063,0.0247,0.2823,-0.3257,-23.12,-33.19,7.38,323.92,-85.11,-138.96,0.2837671394921103,0.9220549345140254,-0.1922089183227505,0.5192234461292325,1.2811086095280384,-0.09637800090355583
52.211464,-2.185273,96.1,8.24,3,80.75,26 / 26,12797510,2020-01-08 15:48:41:104,1.0573,3.6234,9.6778,0.0032,-0.0375,9.8065,0.0373,0.3615,-0.2182,-23.69,-33.19,6.13,317.23,-85.22,-142.37,3.5008840521326654,-1.502323033930511,-0.1292890762786927,-0.5746758624523447,1.0881327198127173,-0.40796427419205084
52.211464,-2.185273,96.1,8.24,3,80.75,26 / 26,12797609,2020-01-08 15:48:41:203,0.2332,0.1432,9.6716,-0.0025,-0.0086,9.8066,-0.0468,-0.1301,0.1193,-23.19,-32.69,7.44,319.0,-85.23,-143.53,0.121216318687224,-0.2527576315464459,-0.1350663310338604,-0.8280907363308785,1.2874851090002868,0.02973226682412888
52.211464,-2.185273,96.1,8.24,3,80.75,26 / 26,12797710,2020-01-08 15:48:41:304,0.1233,2.6965,9.7128,-0.0239,-0.0429,9.8064,0.0003,0.2181,-0.1327,-23.62,-33.19,7.25,323.17,-85.21,-139.2,2.6996599030233206,-0.487606620581704,-0.0939007538468447,0.5702045057225454,0.995458495241438,-0.4011550946804673
52.211464,-2.185273,96.1,8.24,3,80.75,26 / 26,12797810,2020-01-08 15:48:41:404,-1.1084,-2.205,10.1982,-0.0009,0.0067,9.8065,0.0242,-0.0663,0.0894,-24.06,-32.44,7.31,323.6,-85.32,-139.01,-2.056317152062471,1.3745448044578503,0.3921586167249418,0.776679124073846,-0.8226787947156737,0.6075056420561303
52.211464,-2.185273,96.1,8.24,3,80.75,26 / 26,12797910,2020-01-08 15:48:41:504,0.6747,0.1844,10.4932,-0.0087,-0.0465,9.8065,0.0317,0.1822,-0.1677,-24.19,-32.81,6.75,323.86,-85.23,-138.59,0.143932687613566,-0.7070146549370072,0.6865281633994635,0.333618939080016,-0.8015440308296595,0.36642399817106164
52.211464,-2.185273,96.1,8.24,3,80.75,26 / 26,12798010,2020-01-08 15:48:41:604,-0.9416,-0.966,9.533,-0.0199,-0.0034,9.8066,0.0198,-0.0671,0.0018,-23.87,-32.25,5.94,321.93,-85.36,-138.3,-0.840179606956554,1.0345963167782333,-0.2733044078737925,0.5540939821896469,0.19420406297357268,-0.022510429044324917
52.211464,-2.185273,96.1,8.24,3,80.75,26 / 26,12798110,2020-01-08 15:48:41:704,-0.2509,1.3024,10.4373,-0.0261,-0.0218,9.8065,0.1116,0.1295,-0.1221,-24.37,-32.44,6.25,322.42,-85.37,-137.87,1.3419401470907717,0.0577862516873131,0.6307192011837993,0.9587393329708758,0.588856790283796,0.3096013283314071
52.211464,-2.185273,96.1,8.24,3,80.75,26 / 26,12798209,2020-01-08 15:48:41:803,0.0564,0.9034,9.4737,-0.0056,0.0131,9.8066,0.0035,-0.0788,0.0635,-24.06,-32.19,5.69,320.48,-85.36,-139.64,0.8755976946127125,-0.1724518094345772,-0.3330008267431833,-0.43448213281277637,1.6431001405681562,-0.05777061983514342
52.211464,-2.185273,96.1,8.24,3,80.75,26 / 27,12798310,2020-01-08 15:48:41:904,0.6726,0.912,10.7159,-0.0242,-0.0025,9.8066,0.0532,-0.006,-0.0182,-22.56,-32.87,5.88,321.06,-85.43,-139.48,0.8205424130153858,-0.8055993548548733,0.909058198302122,-0.11806483331683437,0.3516853756145258,0.5935550536819201
52.211464,-2.185273,96.1,8.24,3,80.75,26 / 27,12798410,2020-01-08 15:48:42:004,-0.3338,0.2808,9.4151,0.0095,0.0075,9.8066,-0.0275,0.0367,0.0218,-23.5,-32.94,6.69,322.82,-85.4,-140.2,0.3139458634118848,0.3066324714323206,-0.3914518518411586,0.3066291263950417,0.740145739875252,-0.09663782855265707
52.211464,-2.185273,96.1,8.24,3,80.75,26 / 27,12798510,2020-01-08 15:48:42:104,0.6513,1.291,9.7514,0.0035,-0.0163,9.8065,0.0547,0.1061,-0.1065,-22.44,-32.87,6.56,322.36,-85.34,-141.13,1.2163191300216911,-0.8057394875328302,-0.0553695961120283,-0.3433031239018794,1.0663967027397114,-0.36631351236993065
52.211464,-2.185273,96.1,8.24,3,80.75,26 / 27,12798609,2020-01-08 15:48:42:203,0.1248,-0.6211,10.0738,-0.004,-0.0286,9.8066,-0.0092,-0.0534,0.022,-23.75,-32.5,7.44,320.98,-85.22,-141.33,-0.6039173489918822,-0.0539768884977727,0.2672299779117544,0.18613716000918235,-0.5319801528262991,0.5851981549327079
52.211464,-2.185273,96.1,8.24,3,80.75,26 / 27,12798710,2020-01-08 15:48:42:304,0.832,2.7324,10.8096,-0.0154,-0.0259,9.8066,-0.015,0.1474,0.066,-22.62,-33.0,6.69,322.91,-85.17,-139.92,2.631181028820683,-1.184949589772814,1.0025445193463354,-0.8949288483517175,2.1385128064591754,0.686221233052591
52.211464,-2.185273,96.1,8.24,3,80.75,26 / 27,12798810,2020-01-08 15:48:42:404,0.1655,0.4055,9.7311,0.0307,0.0523,9.8064,-0.1085,-0.41,0.3608,-22.94,-33.19,6.94,325.08,-85.02,-137.84,0.3336299769088628,-0.1777713908091368,-0.0753640571995491,0.21865140034100367,0.10363093895103836,0.2772657426325887
52.211464,-2.185273,96.1,8.24,3,80.75,26 / 27,12798910,2020-01-08 15:48:42:504,-0.7367,-2.0674,9.44,-0.007,0.0039,9.8066,-0.0064,-0.254,0.1001,-23.69,-32.69,7.0,323.52,-85.06,-138.76,-1.9641740491589197,0.9823602533712014,-0.3662375966597702,1.206864337324974,-1.6312308134231042,-0.7041918873770663
52.211464,-2.185273,96.1,8.24,3,80.75,26 / 27,12799010,2020-01-08 15:48:42:604,-0.1161,0.5764,8.9516,0.0162,0.0254,9.8066,-0.0931,-0.2488,0.1206,-23.44,-33.69,6.38,323.21,-85.06,-137.07,0.5631364529165895,0.0627587170029256,-0.8550251276054227,0.4871177245289437,0.14020258600683777,-0.45280238063053774
52.211464,-2.185273,96.1,8.24,3,80.75,26 / 27,12799110,2020-01-08 15:48:42:704,-0.6981,-1.9433,10.1856,-0.0175,0.0482,9.8065,0.0063,-0.2841,0.2609,-23.87,-32.69,6.5,325.3,-85.23,-137.28,-1.891066875115804,0.9235225318383564,0.3794438390943022,1.2186584214813423,-1.5041424726494448,0.0033567230605759044
52.211464,-2.185273,96.1,8.24,3,80.75,26 / 27,12799210,2020-01-08 15:48:42:804,0.3892,2.9353,9.6242,0.0014,0.0432,9.8065,-0.0177,-0.179,0.201,-23.37,-32.87,6.75,326.6,-85.23,-136.63,2.821161459422961,-0.7453488260422043,-0.1826682440491813,-0.4337547987236169,1.5239984701997091,0.2806764839631385
52.211464,-2.185273,96.1,8.24,3,80.75,26 / 27,12799310,2020-01-08 15:48:42:904,1.0254,1.6693,10.3333,0.0051,0.0197,9.8066,0.0992,0.0374,0.0066,-24.06,-32.94,6.19,324.3,-85.11,-135.83,1.509541312873198,-1.2181470140644488,0.526315510748951,-0.7252286918727983,1.797362499488562,0.10219801010166009
52.211464,-2.185273,96.1,8.24,3,80.75,26 / 27,12799410,2020-01-08 15:48:43:004,-0.885,-0.9269,8.5571,-0.0055,0.0122,9.8065,0.1155,-0.0462,0.1107,-23.31,-32.81,6.5,327.06,-84.83,-135.9,-0.822193323910478,0.99001870523613,-1.2491158959038255,1.0777767515484262,-1.2196648536375938,-0.7225926990629649
52.211464,-2.185273,96.1,8.24,3,80.75,26 / 27,12799510,2020-01-08 15:48:43:104,-0.1902,0.154,10.4148,-0.0306,-0.0297,9.8065,0.0959,0.0678,-0.1773,-23.75,-32.62,6.63,326.97,-84.76,-135.41,0.2022095650547275,0.1353096230521028,0.6083168070256448,0.9015491323225029,0.26640583302214804,0.137716910970643
52.211464,-2.185273,96.1,8.24,3,80.75,26 / 27,12799609,2020-01-08 15:48:43:203,0.7867,1.4712,9.3285,-0.044,-0.0128,9.8065,0.0472,-0.0093,-0.0924,-23.19,-32.69,6.25,322.48,-84.91,-137.73,1.3688045996350249,-1.0091481044523696,-0.478326835226908,-1.1868303673982576,1.1339278257025156,0.10066136776324847
52.211464,-2.185273,96.1,8.24,3,80.75,26 / 27,12799710,2020-01-08 15:48:43:304,0.3576,0.4366,10.5624,-0.056,0.0007,9.8065,0.0631,0.0088,0.0756,-23.44,-32.19,5.94,327.94,-85.1,-133.08,0.3809791248500547,-0.4648976238476765,0.7557669520224284,0.5650477193849399,0.15993281608716114,0.25357281449864955
52.211464,-2.185273,96.1,8.24,3,80.75,26 / 27,12799810,2020-01-08 15:48:43:404,-0.6601,-0.2336,10.6139,0.0024,0.0002,9.8066,-0.0071,-0.0647,0.0106,-23.75,-31.0,6.5,332.7,-84.93,-130.58,-0.1493113898863388,0.686297529745905,0.8074675160741006,0.29506155917120713,-0.21181492924557044,1.4147996579838962
52.211464,-2.185273,96.1,8.24,3,80.75,26 / 27,12799910,2020-01-08 15:48:43:504,0.6493,-0.6635,10.0843,-0.0086,0.0276,9.8065,0.1926,-0.1258,0.0275,-24.06,-31.44,6.63,331.24,-85.07,-131.99,-0.7677207931233695,-0.566655573435695,0.2777241525332085,0.6206995299081938,-1.254823531275735,-0.22814942431332486
52.211464,-2.185273,96.1,8.24,3,80.75,26 / 27,12800010,2020-01-08 15:48:43:604,-1.9485,-0.3547,9.653,-0.0113,-0.0261,9.8065,0.2369,0.1382,-0.0585,-25.12,-31.06,6.88,327.71,-84.82,-134.52,-0.0844960170298279,1.9630898418761715,-0.1530449144162694,1.5004559215659494,-0.046832891389061715,0.4464692699554504
52.211464,-2.185273,96.1,8.24,3,80.75,26 / 27,12800109,2020-01-08 15:48:43:703,1.1242,6.4047,10.4593,-0.0343,0.0171,9.8065,0.2674,0.1294,-0.5017,-24.94,-31.62,6.69,324.28,-84.68,-137.41,6.193341143139561,-1.946080340827696,0.6519207327112136,-0.7848331579585397,1.3438980167463985,0.18063906121890377
52.211464,-2.185273,96.1,8.24,3,80.75,26 / 27,12800210,2020-01-08 15:48:43:804,-1.6373,3.5608,6.739,0.0426,-0.1081,9.806,-0.2373,0.5827,-0.6179,-24.75,-32.25,5.88,310.69,-85.04,-148.02,3.849519268421711,1.2100147203524203,-3.0669929896529644,0.8728916309089431,1.9980588137652646,-2.5188572151821305
52.211464,-2.185273,96.1,8.24,3,80.75,26 / 26,12800311,2020-01-08 15:48:43:905,1.7398,3.984,9.0155,-0.0151,-0.0151,9.8065,0.0372,0.4323,-0.0587,-24.12,-32.44,5.81,310.49,-84.9,-148.41,3.7490151914238488,-2.2396725109500406,-0.7917751942110504,-1.3154789325476002,1.3241885315530375,-1.1868465225750402
52.211464,-2.185273,96.1,8.24,3,80.75,26 / 26,12800410,2020-01-08 15:48:44:004,0.8676,-0.7941,6.8796,-0.0618,-0.0219,9.8063,-0.1004,0.0151,0.2747,-24.37,-33.0,5.13,315.27,-84.89,-141.53,-0.8822658688905701,-0.8251910968668421,-2.9268270670202687,-0.845187452502447,-1.0945722471658392,-2.471566222828461
52.211464,-2.185273,96.1,8.24,3,80.75,26 / 26,12800510,2020-01-08 15:48:44:104,-1.3568,3.9612,7.8185,-0.053,-0.1043,9.8059,-0.2992,0.3369,-0.2046,-24.75,-33.81,5.31,325.28,-84.76,-131.94,4.196203676309991,0.7871507014859002,-1.9875140075161155,1.300923029554454,1.460525041875923,-2.272441253087135
52.211464,-2.185273,96.1,8.24,3,80.75,26 / 26,12800610,2020-01-08 15:48:44:204,-0.415,0.7192,11.3637,-0.0983,0.0132,9.8061,0.2754,-0.4544,-0.0216,-25.37,-32.69,4.81,332.16,-85.18,-126.15,0.7400887628936256,0.2258405702259393,1.5575998555080193,0.6458076859921743,0.16762149785639335,1.8917146682824795
52.211464,-2.185273,96.1,8.24,3,80.75,26 / 26,12800710,2020-01-08 15:48:44:304,0.5088,-1.6516,12.2646,-0.0241,0.0378,9.8065,0.313,-0.1973,0.2076,-24.94,-33.19,5.31,335.75,-85.52,-123.11,-1.7424906678596526,-0.3186515733260811,2.4581492687057955,-0.2950726061514922,-2.0369853080351965,2.300296286403003
52.211464,-2.185273,96.1,8.24,3,80.75,26 / 26,12800810,2020-01-08 15:48:44:404,2.2572,0.9705,8.9833,0.1419,-0.0443,9.8055,0.0138,0.0926,0.0176,-24.62,-33.5,6.44,324.03,-84.21,-134.95,0.743064969201705,-2.225139184884761,-0.8227612226130087,-1.354340189439236,-0.2662154272851186,-0.6189290494194571
52.211464,-2.185273,96.1,8.24,3,80.75,26 / 26,12800909,2020-01-08 15:48:44:503,1.0558,-1.0118,8.2452,0.0889,-0.0259,9.8061,-0.1062,0.0494,0.1586,-25.0,-33.5,7.13,323.66,-83.67,-137.04,-1.0988782683519156,-0.8360646045719308,-1.561014336361418,-1.2618295291427093,-1.1322527190378,-1.5933205427248551
52.211464,-2.185273,96.1,8.24,3,80.75,26 / 26,12801010,2020-01-08 15:48:44:604,2.2621,-0.3871,9.5913,-0.0211,0.0084,9.8065,-0.1662,-0.0993,0.1567,-25.25,-32.56,7.25,326.58,-83.42,-134.27,-0.677121602494744,-2.216016878118944,-0.2156595959537163,-1.0042715845882104,-2.092416933923854,-0.13509963093404942
52.211464,-2.185273,96.1,8.24,3,80.75,26 / 26,12801110,2020-01-08 15:48:44:704,-1.1111,-1.5767,8.9892,-0.0576,-0.0032,9.8065,-0.155,0.0485,-0.0348,-25.81,-33.37,6.5,331.39,-83.68,-129.82,-1.429915863391122,1.2416654636723738,-0.816915717773682,0.5186256081036258,-1.2985153450705629,-0.7368921024594705
52.211464,-2.185273,96.1,8.24,3,80.75,26 / 26,12801210,2020-01-08 15:48:44:804,0.7891,-1.1585,9.8781,0.0415,0.0013,9.8066,-0.0594,0.0461,-0.0561,-25.25,-32.81,6.81,335.97,-84.16,-126.54,-1.243962101605936,-0.5971659402831211,0.0714505390736845,0.7515903805673545,-2.922971079625924,0.04279236585046817
52.211464,-2.185273,96.1,8.24,3,80.75,26 / 27,12801310,2020-01-08 15:48:44:904,0.8766,-0.4683,8.966,0.0264,-0.0091,9.8065,-0.1161,-0.1165,0.0393,-24.81,-33.12,7.88,333.52,-84.22,-130.87,-0.5616869422271658,-0.7861146263943357,-0.8406405314403962,-1.5846045591709221,-0.4609190353141113,-0.6635018678971932
52.211464,-2.185273,96.1,8.24,3,80.75,26 / 27,12801411,2020-01-08 15:48:45:005,4.1804,1.8713,10.2859,0.0628,0.0309,9.8063,0.0206,-0.2222,0.2364,-25.25,-32.25,7.69,331.77,-83.92,-132.33,1.3126453710633614,-4.315054824348623,0.4785207129180542,-3.073871177113902,-0.40726618089412947,0.3536050493475762
52.211464,-2.185273,96.1,8.24,3,80.75,26 / 27,12801509,2020-01-08 15:48:45:103,-0.5199,-3.9844,10.9729,-0.026,-0.0252,9.8065,-0.1256,0.2751,-0.1947,-24.56,-33.12,7.63,328.65,-83.68,-134.8,-3.866634872402884,0.983452725190995,1.1668960154325425,0.3398284515815432,-2.1754924027361255,1.4285548075252517
52.211464,-2.185273,96.1,8.24,3,80.75,26 / 27,12801610,2020-01-08 15:48:45:204,0.6645,2.4192,9.4464,0.017,-0.0289,9.8065,-0.3274,0.4674,-0.1334,-24.25,-32.5,7.75,330.2,-83.75,-134.16,2.348232013593034,-0.9476188309737232,-0.3604813885914227,-0.034067494558079,0.47732670509185854,-0.5693021858277392
52.211464,-2.185273,96.1,8.24,3,80.75,26 / 27,12801710,2020-01-08 15:48:45:304,0.9652,-2.0082,11.4752,0.0099,0.0141,9.8066,0.1017,-0.1842,0.0869,-23.37,-33.25,7.56,333.74,-84.07,-131.76,-2.12551716610555,-0.6960649546996927,1.6685897325075283,-1.0101653857491868,-2.668418919399214,1.998740674043522
52.211464,-2.185273,96.1,8.24,3,80.75,26 / 27,12801810,2020-01-08 15:48:45:404,0.9023,-0.4095,10.6448,0.0448,-0.0522,9.8064,-0.0485,0.1262,-0.155,-24.19,-32.62,7.44,328.65,-83.83,-133.22,-0.4613747889274295,-0.8064477489145147,0.8382478347200677,-0.3573622673945919,-1.6212874998494897,0.5680383116272212
52.211464,-2.185273,96.1,8.24,3,80.75,26 / 27,12801910,2020-01-08 15:48:45:504,1.3303,-2.3448,10.5867,-0.0138,0.0315,9.8065,0.1706,-0.4498,0.2023,-23.81,-31.87,7.75,331.05,-84.17,-133.68,-2.525296326638933,-1.0374869653305556,0.78013960252836,-0.9514970001593769,-3.2591356997486325,1.1462631532742606
52.211464,-2.185273,96.1,8.24,3,80.75,26 / 27,12802010,2020-01-08 15:48:45:604,0.3507,-0.8445,11.0049,-0.0123,0.0035,9.8066,0.1048,-0.0873,0.1534,-24.69,-31.75,7.13,327.6,-83.83,-133.82,-0.8865605928318235,-0.2547037649420308,1.1983038835629465,-0.28895900015826037,-1.673381388200582,0.9111997198257069
52.211464,-2.185273,96.1,8.24,3,80.75,26 / 27,12802110,2020-01-08 15:48:45:704,-0.628,4.4175,8.2708,-0.0169,0.0524,9.8065,0.1124,-0.4896,0.3277,-23.62,-33.06,7.06,328.91,-83.59,-132.82,4.407124119466723,0.0623961671565251,-1.5359946041372816,0.4968133554384617,0.23703826560144603,-1.1894820179634529
52.211464,-2.185273,96.1,8.24,3,80.75,26 / 27,12802210,2020-01-08 15:48:45:804,0.2474,0.3983,10.5779,-0.0384,0.0367,9.8064,0.1881,-0.5346,0.2741,-24.25,-32.87,6.31,325.67,-83.68,-133.44,0.3231955111306314,-0.3288340906417138,0.7714021340499692,-0.7466183579048484,-0.2750403094536884,0.5318538519267411
52.211464,-2.185273,96.1,8.24,3,80.75,27 / 27,12802310,2020-01-08 15:48:45:904,1.4388,7.0671,8.0145,-0.0227,0.0753,9.8063,0.0366,-0.2408,0.1556,-24.0,-33.06,6.31,326.46,-83.51,-132.62,6.754873281419801,-2.3214942175509194,-1.7928045849557972,-1.6958039963487292,0.011503931872189177,-1.5321295993104984
52.211464,-2.185273,96.1,8.24,3,80.75,27 / 27,12802410,2020-01-08 15:48:46:004,-0.0977,-2.3973,9.4611,-0.009,0.0748,9.8063,0.0623,-0.7298,0.3931,-24.69,-32.69,7.0,327.44,-83.82,-133.82,-2.4417711316611665,0.3963338349324676,-0.3449382145745425,-0.2188779440411092,-2.758743965463659,-0.4749217338886784
52.211464,-2.185273,96.1,8.24,3,80.75,27 / 27,12802510,2020-01-08 15:48:46:104,1.6118,7.3146,7.8751,0.019,0.0118,9.8066,-0.1771,0.4023,-0.235,-24.56,-32.94,6.5,326.5,-83.67,-134.53,7.047064503426029,-2.490516254187995,-1.93256373819294,-1.8903813531404876,0.18875667194124224,-1.8049658697876247
52.211464,-2.185273,96.1,8.24,3,80.75,27 / 27,12802610,2020-01-08 15:48:46:204,0.2956,-1.5646,9.4517,0.0045,0.1113,9.806,-0.0824,-0.2514,0.1722,-24.19,-32.75,7.25,325.71,-84.04,-135.97,-1.6991429707208936,-0.0797784825360575,-0.3541991936382969,-0.6754707339152939,-3.032539099098125,-0.34731287651899756
52.211464,-2.185273,96.1,8.24,3,80.75,27 / 27,12802710,2020-01-08 15:48:46:304,-0.544,-3.6343,11.1614,0.0253,-0.0679,9.8064,-0.0265,0.7766,-0.5242,-24.12,-32.69,7.0,324.89,-84.21,-136.83,-3.467485530333952,1.0092427438071014,1.3554739506893485,1.368378056134402,-4.698327714364501,1.351036494367724
52.211464,-2.185273,96.1,8.24,3,80.75,27 / 27,12802810,2020-01-08 15:48:46:404,-1.6335,-3.4244,8.987,0.0471,0.0122,9.8065,-0.1618,0.313,-0.1372,-23.75,-32.44,6.94,322.71,-84.11,-138.83,-3.200282467883252,2.096182525949797,-0.8187961368141701,1.7062619171955533,-5.449412375951837,-0.7033580383909007
52.211464,-2.185273,96.1,8.24,3,80.75,27 / 27,12802910,2020-01-08 15:48:46:504,0.2879,-1.7185,11.1114,-0.0143,-0.0795,9.8063,0.0609,0.7388,-0.428,-22.81,-32.56,6.63,323.32,-84.41,-138.89,-1.6637987276741502,-0.0957726120229547,1.3051947174947418,-0.13433495161004805,-2.050464039708134,1.2263782772539278
52.211464,-2.185273,96.1,8.24,3,80.75,27 / 27,12803009,2020-01-08 15:48:46:603,0.9883,6.8924,9.5543,0.0332,-0.0342,9.8064,-0.1395,0.8969,-0.3304,-22.62,-32.69,6.44,321.13,-84.17,-138.27,6.753433238409842,-1.8112688093191625,-0.2529876967931604,-1.8883416193382445,3.44947643339265,-0.10663498759094403
52.211464,-2.185273,96.1,8.24,3,80.75,27 / 27,12803110,2020-01-08 15:48:46:704,-0.4712,0.2079,9.6647,-0.0047,-0.0022,9.8066,-0.0054,0.1424,0.0032,-23.25,-33.25,5.56,320.64,-84.43,-138.94,0.266618444025152,0.4366943004456409,-0.1418187690818782,-0.06113587812066251,0.7416466155814061,-0.20134323685849298
52.211464,-2.185273,96.1,8.24,3,80.75,27 / 27,12803210,2020-01-08 15:48:46:804,0.2598,4.0533,8.6968,0.0122,-0.042,9.8065,-0.075,0.2934,-0.2614,-23.25,-32.87,5.25,316.78,-84.47,-140.04,4.032387925803819,-0.7560582650105421,-1.1101555997880757,-0.5142874320012153,-0.1877426757197772,-1.0277055539981714
52.211464,-2.185273,96.1,8.24,3,80.75,27 / 27,12803310,2020-01-08 15:48:46:904,-0.662,3.6032,9.2118,0.0074,-0.019,9.8066,0.0809,0.3171,-0.0398,-23.12,-33.06,5.0,314.54,-84.59,-142.18,3.677357322592028,0.212658375548579,-0.5950090564754733,-0.7039953476646398,4.746866057320963,-0.5449066508215553
52.211464,-2.185273,96.1,8.24,3,80.75,27 / 27,12803410,2020-01-08 15:48:47:004,-1.502,5.4065,11.4462,-0.0258,0.0045,9.8066,0.041,0.4535,0.0092,-23.56,-33.31,4.38,312.94,-84.44,-140.86,5.5440240173258575,0.7907266565031917,1.6393924636917627,1.2640357755658922,0.821668644449731,1.5872880295939045
52.211464,-2.185273,96.1,8.24,3,80.75,27 / 27,12803510,2020-01-08 15:48:47:104,-1.2217,-0.8568,9.7833,-0.05,-0.0845,9.8061,0.1582,0.7151,-0.1724,-23.87,-33.37,3.88,320.72,-84.24,-133.65,-0.6201745904613766,1.258859270780457,-0.0224685049827725,0.04511368523368786,0.5360667384687718,0.18583998164053184
52.211464,-2.185273,96.1,8.24,3,80.75,27 / 27,12803610,2020-01-08 15:48:47:204,1.3987,11.5378,9.702,-0.0344,-0.1459,9.8055,0.2305,1.3586,-0.6586,-23.31,-33.12,3.19,317.66,-84.04,-133.9,11.413815784829618,-2.8787369606851603,-0.1049585211378579,-2.3228657336036367,6.793483953974917,-0.30679790961182796
52.211464,-2.185273,96.1,8.24,3,80.75,27 / 27,12803709,2020-01-08 15:48:47:303,-1.2544,-0.8047,9.8038,-0.0167,-0.0464,9.8064,0.0591,0.1998,0.0005,-23.94,-32.87,3.19,315.06,-84.26,-136.37,-0.5980528686829474,1.3225938980305136,-0.0022554716910048,-0.025072096926908427,0.018655275308788744,0.3496521961818606
52.211464,-2.185273,96.1,8.24,3,80.75,27 / 27,12803810,2020-01-08 15:48:47:404,-1.5839,0.9012,9.5946,-0.0161,-0.0664,9.8063,0.0856,-0.4406,0.3081,-23.94,-33.75,3.25,311.96,-84.5,-139.27,1.155523331253718,1.4349624026258117,-0.2114526518601023,1.908106512689164,-2.721237347018378,-0.5128066985377117
52.211464,-2.185273,96.1,8.24,3,80.75,27 / 27,12803910,2020-01-08 15:48:47:504,-1.6741,-3.8054,11.0067,-0.0314,0.0538,9.8064,0.1837,-0.2234,0.3747,-23.87,-33.81,2.88,315.15,-84.08,-135.93,-3.624168594192695,2.1108103210675484,1.2010369725125312,0.7861621493278641,-4.117898097756198,1.6206804356766777
52.211464,-2.185273,96.1,8.24,3,80.75,27 / 27,12804009,2020-01-08 15:48:47:603,2.2063,5.0612,12.0379,-0.0321,-0.0366,9.8065,0.3674,0.4332,-0.1973,-23.0,-34.25,2.0,311.93,-83.85,-136.11,4.779064593353346,-2.857087989054579,2.23041144082353,-2.601661872857817,2.142587560749453,1.931628772001705
52.211464,-2.185273,96.1,8.24,3,80.75,27 / 27,12804110,2020-01-08 15:48:47:704,-0.8471,7.6645,7.5231,-0.0554,0.0735,9.8062,0.1116,-0.2004,0.46,-22.94,-33.87,1.44,305.72,-83.75,-139.08,7.630314925916106,-0.160480988396782,-2.283671492072599,-1.3532579369102038,5.6852182854798885,-1.9093756767971064
52.211464,-2.185273,96.1,8.24,3,80.75,27 / 27,12804210,2020-01-08 15:48:47:804,0.5194,7.9606,11.894,-0.0489,-0.067,9.8062,0.1696,0.3078,-0.178,-22.75,-33.5,0.25,303.49,-83.97,-139.11,7.894234919330185,-1.565307019127658,2.0868887043389828,-1.5988050758828383,6.698305270614714,1.9117334438060358
52.211464,-2.185273,96.1,8.24,3,80.75,27 / 27,12804310,2020-01-08 15:48:47:904,-0.7169,4.7852,10.3666,0.0479,0.0882,9.8061,-0.2555,-0.4028,0.3984,-22.31,-33.87,0.06,301.27,-83.96,-140.56,4.755745680446818,0.1730322790687307,0.5602063399424483,-0.8490263761168853,1.3617395829397785,0.7777802665984175
52.211464,-2.185273,96.1,8.24,3,80.75,27 / 27,12804410,2020-01-08 15:48:48:004,-2.1342,-4.7486,7.8372,0.0282,0.0481,9.8064,-0.1788,0.0826,0.3655,-22.12,-34.25,-0.44,296.87,-83.85,-144.47,-4.489772565706748,2.744076850448179,-1.9682575636997963,2.422215905440606,-4.405408796405002,-1.9210617690887157
52.211464,-2.185273,96.1,8.24,3,80.75,27 / 27,12804509,2020-01-08 15:48:48:103,0.3466,4.6205,10.1184,0.0224,0.1177,9.8059,-0.0584,-0.0946,0.2508,-22.06,-33.56,-1.12,288.93,-83.75,-149.17,4.427256050255855,-0.8831971938708885,0.3119876795828797,-1.7588662388687113,-0.06295808695473193,0.3022490993189013
52.211464,-2.185273,96.1,8.24,3,80.75,27 / 27,12804610,2020-01-08 15:48:48:204,-1.0177,-2.2953,9.0602,-0.0011,0.077,9.8063,-0.2085,-0.2711,0.396,-20.81,-34.06,-2.06,286.03,-83.82,-148.79,-2.2270778716005166,1.3046398297220614,-0.7456454442495473,0.7460091579737022,-1.3315648194476404,-0.432262402347242
52.211464,-2.185273,96.1,8.24,3,80.75,27 / 27,12804710,2020-01-08 15:48:48:304,-3.3497,8.069,11.0195,0.0076,0.0552,9.8065,-0.1096,0.1066,0.1001,-20.5,-33.69,-2.81,285.55,-83.79,-145.69,8.36996595497634,2.331577207721605,1.2129469761577163,1.5461718353340097,3.379863311749839,0.9686606082768543
52.211464,-2.185273,96.1,8.24,3,80.75,27 / 27,12804809,2020-01-08 15:48:48:403,-1.2123,-2.427,9.6277,-0.008,0.1167,9.8059,-0.0375,-0.3891,0.5617,-20.44,-34.12,-3.19,283.29,-83.87,-147.98,-2.3736960289737907,1.5121169498317768,-0.1776876812429603,0.7822276679204563,-1.2941211515127367,0.37970417832898695
52.211464,-2.185273,96.1,8.24,3,80.75,27 / 27,12804911,2020-01-08 15:48:48:505,-4.1373,8.2571,8.8748,-0.0371,0.0237,9.8065,0.1488,0.9028,-0.2079,-19.37,-34.69,-3.62,280.99,-83.7,-145.8,8.680334335361485,3.041788088645617,-0.9316123336013404,2.2954035217023767,3.84942386410222,-1.354447514099884
52.211464,-2.185273,96.1,8.24,3,80.75,27 / 27,12805010,2020-01-08 15:48:48:604,-2.9984,8.4105,8.4803,-0.034,0.0634,9.8063,-0.0863,0.0108,0.0062,-19.37,-34.37,-3.87,278.34,-84.05,-149.33,8.651495996923588,1.9007651638624263,-1.3261713980712335,1.0483467251149943,9.321783284018593,-0.6034614658800944
52.211464,-2.185273,96.1,8.24,3,80.75,27 / 27,12805110,2020-01-08 15:48:48:704,-3.8623,9.8059,10.9954,0.0546,-0.0905,9.806,0.1241,1.1118,-0.6879,-18.31,-34.75,-5.31,276.74,-83.76,-145.96,10.307648666789635,2.652073192944428,1.1892845207499425,1.9186888852620303,6.173956666381068,0.6905623746353368
52.211464,-2.185273,96.1,8.24,3,80.75,27 / 27,12805211,2020-01-08 15:48:48:805,-0.984,2.5926,9.3552,0.0003,0.0848,9.8063,-0.0313,0.4805,0.1225,-17.81,-34.06,-4.75,272.95,-84.02,-150.53,2.6109295165074524,0.6640228760185851,-0.4511310452121059,-0.2873008613443089,2.4698554392623397,0.32281410661294885
52.21157,-2.1842,95.24,8.06,3,38.14,26 / 27,12805310,2020-01-08 15:48:48:904,-0.6111,-0.1422,9.1206,-0.0114,-0.0262,9.8065,0.122,0.9714,-0.227,-17.19,-34.62,-5.87,268.91,-83.93,-149.74,-0.040365932685658,0.6096407690069152,-0.6857577008266654,-0.11487121950002877,-3.1781539376396872,-1.1348834817470146
52.21157,-2.1842,95.24,8.06,3,38.14,26 / 27,12805410,2020-01-08 15:48:49:004,-1.4607,3.144,9.4933,0.037,-0.0233,9.8065,-0.0925,0.7793,-0.4086,-16.87,-35.0,-5.81,269.67,-84.06,-149.23,3.329308293548408,1.0911512755142183,-0.313183652915477,0.05154106593641605,2.236449774358064,0.3876383209460588
52.21157,-2.1842,95.24,8.06,3,38.14,26 / 27,12805510,2020-01-08 15:48:49:104,-2.0198,0.9858,10.2604,0.0286,-0.0159,9.8066,-0.0115,0.4366,-0.1893,-16.12,-35.37,-6.75,263.3,-84.31,-151.66,1.2493300474141582,1.9074074305911128,0.4541488922742711,1.1922814321226225,-0.8547515714435249,0.17719524358650124
52.21157,-2.1842,95.24,8.06,3,38.14,26 / 27,12805610,2020-01-08 15:48:49:204,-3.4673,1.6221,9.4649,0.0023,0.0263,9.8065,-0.101,0.7165,-0.0359,-15.81,-35.25,-8.12,259.87,-84.23,-152.38,2.0159477696407606,3.2436193598654137,-0.3409991178679587,2.131226510651916,0.0688873459480841,0.1779389968962693
52.21157,-2.1842,95.24,8.06,3,38.14,26 / 27,12805710,2020-01-08 15:48:49:304,-0.6633,3.0563,11.375,0.0189,0.0078,9.8065,0.0885,0.5503,-0.1378,-15.0,-35.69,-8.12,257.33,-84.21,-152.57,3.1098822859928403,0.2963983743328411,1.5683499325599484,-0.4193004708552631,1.8755918073626816,1.5572968240206193
52.21157,-2.1842,95.24,8.06,3,38.14,26 / 27,12805810,2020-01-08 15:48:49:404,-2.4447,1.659,8.8233,0.0451,0.0167,9.8065,-0.1186,0.3918,-0.2498,-14.12,-35.19,-8.25,253.12,-84.17,-154.98,1.9398682530690483,2.265814737958018,-0.9828175334145596,1.1105444206572768,-0.609382479722016,-0.7133413682352074
52.21157,-2.1842,95.24,8.06,3,38.14,26 / 27,12805909,2020-01-08 15:48:49:503,-1.6962,1.1051,9.8492,0.0127,-0.0231,9.8066,0.0158,0.558,-0.1878,-12.62,-35.31,-8.44,248.55,-84.49,-158.07,1.3324815961476335,1.554877751226542,0.0428623922401244,0.8148681748954603,0.6972823626479505,0.33807739817416027
52.21157,-2.1842,95.24,8.06,3,38.14,26 / 27,12806010,2020-01-08 15:48:49:604,-3.4873,3.6172,10.6638,-0.0234,-0.007,9.8066,0.1782,0.5624,-0.0132,-12.44,-35.62,-8.94,245.17,-84.61,-156.22,4.027890791846643,2.984767578908882,0.8576006989569456,1.828376433048529,1.18712263044576,0.873043335035801
52.21157,-2.1842,95.24,8.06,3,38.14,26 / 27,12806110,2020-01-08 15:48:49:704,-2.614,-1.0358,8.6073,0.0037,0.0197,9.8066,-0.0144,0.3357,0.0797,-11.94,-35.5,-9.19,244.6,-84.35,-156.61,-0.7209445365139966,2.729155723653441,-1.1986250628617263,1.9334622285638583,-1.047132870736395,-0.6271736529192826
52.21157,-2.1842,95.24,8.06,3,38.14,26 / 27,12806209,2020-01-08 15:48:49:803,-2.2231,0.7999,9.8308,-0.0137,-0.047,9.8065,0.0921,0.2927,-0.1176,-11.5,-35.75,-9.0,241.1,-84.35,-157.07,1.1157832103483516,2.086551277981698,0.0246992278759643,0.9750749415979718,-1.7211665026052785,-0.14573387914517655
52.21157,-2.1842,95.24,8.06,3,38.14,26 / 27,12806310,2020-01-08 15:48:49:904,-4.7774,0.677,9.4274,0.0024,0.0132,9.8066,-0.038,0.3685,-0.0716,-10.25,-35.75,-9.19,236.44,-84.39,-159.07,1.2545881099937477,4.659814171961449,-0.378221730007073,3.77582738958913,0.9851849681025775,0.36870085104771283
52.21157,-2.1842,95.24,8.06,3,38.14,26 / 27,12806410,2020-01-08 15:48:50:004,-1.5248,1.1373,10.2872,-0.0021,0.022,9.8066,0.094,0.2844,0.0166,-9.56,-36.69,-9.37,235.5,-84.25,-159.46,1.2964956125546052,1.371639205118142,0.4808230002917194,0.35110632550660653,-1.2971509516939355,0.2549498993908294
52.21157,-2.1842,95.24,8.06,3,38.14,26 / 27,12806510,2020-01-08 15:48:50:104,-1.3392,2.2937,9.9446,0.0145,0.0039,9.8066,-0.0215,0.4006,-0.0756,-9.94,-35.62,-9.06,235.15,-84.06,-159.82,2.440732771250605,1.057587671268075,0.1380709488817725,0.05340347929991096,2.0385298695087237,0.9103805035545944
52.21157,-2.1842,95.24,8.06,3,38.14,26 / 27,12806610,2020-01-08 15:48:50:204,-1.8343,3.1684,10.7805,-0.0166,0.0141,9.8066,0.0667,0.6247,-0.0553,-8.25,-36.31,-10.25,225.85,-83.87,-160.49,3.356400873677767,1.4099803687424632,0.9739874357177284,0.5250146427828459,1.1771491274525516,0.8538134877365411
52.21157,-2.1842,95.24,8.06,3,38.14,26 / 27,12806710,2020-01-08 15:48:50:304,0.5658,-3.3401,8.7103,0.0147,0.0091,9.8065,-0.0085,0.3815,0.0644,-8.69,-35.75,-9.19,229.99,-83.67,-161.31,-3.391855522891881,-0.1289351889887727,-1.095991842519038,-1.2817541750581898,-2.6579616230148773,-0.45783176823971405
52.21157,-2.1842,95.24,8.06,3,38.14,26 / 27,12806810,2020-01-08 15:48:50:404,-0.3973,2.7712,10.6817,0.0492,-0.1293,9.8056,0.435,0.9253,-0.2797,-7.94,-36.06,-8.81,230.0,-83.65,-157.08,2.933599274288465,0.0811504564819553,0.8759130158337424,-0.6315998230960151,0.3377575083233828,1.0077478057153793
52.21157,-2.1842,95.24,8.06,3,38.14,26 / 27,12806909,2020-01-08 15:48:50:503,3.1357,-3.0234,7.1647,-0.0201,0.066,9.8063,-0.3298,-0.1421,0.3569,-7.62,-36.81,-9.94,224.48,-83.14,-160.34,-3.458972465965007,-2.745348224905889,-2.6419858371501626,-4.0607376400649144,-2.970800234154516,-2.259253545686602
52.21157,-2.1842,95.24,8.06,3,38.14,26 / 27,12807010,2020-01-08 15:48:50:604,-1.5015,-0.1658,8.3168,0.0441,-0.023,9.8064,-0.1886,0.193,-0.1481,-7.31,-36.37,-9.37,224.46,-83.17,-158.31,0.0509315525945635,1.551684251824233,-1.4892485754873082,1.0248317999446979,-1.0604331143598442,-1.0196627894160246
52.21157,-2.1842,95.24,8.06,3,38.14,26 / 27,12807110,2020-01-08 15:48:50:704,-3.0637,1.8787,11.9006,0.0012,0.0472,9.8065,-0.1003,-0.0203,0.0354,-6.69,-36.44,-9.87,223.11,-83.31,-158.46,2.199516775637215,2.812130942030767,2.094589360367236,1.3506094024510051,0.7255692005532794,2.177994931320047
52.21157,-2.1842,95.24,8.06,3,38.14,26 / 27,12807210,2020-01-08 15:48:50:804,2.9151,-1.6919,9.2928,-0.0327,0.0788,9.8062,-0.2199,-0.2695,0.3144,-6.87,-36.06,-9.94,222.03,-83.14,-159.48,-2.1244792610500443,-2.7038876790944597,-0.513869806672311,-3.067058238739752,-2.593783056289715,0.29065588098679607
52.21157,-2.1842,95.24,8.06,3,38.14,27 / 27,12807310,2020-01-08 15:48:50:904,-2.2567,1.1273,10.1715,0.0001,0.0263,9.8066,-0.0906,0.2458,-0.0557,-5.94,-36.69,-9.19,221.39,-83.15,-156.81,1.373834329825696,2.1018195950919107,0.3652846477475605,0.546317276568675,-0.13535895559661032,0.19606823406064466
52.21157,-2.1842,95.24,8.06,3,38.14,27 / 27,12807410,2020-01-08 15:48:51:004,0.1017,-0.1061,8.2171,-0.0266,0.0353,9.8065,-0.2287,0.1117,0.1108,-6.62,-36.06,-9.75,223.16,-83.02,-157.8,-0.1564056298368028,-0.1093038190430035,-1.589414094595227,-0.3617184982156165,-0.31939162338295257,-0.5378211773984132
52.21157,-2.1842,95.24,8.06,3,38.14,27 / 27,12807510,2020-01-08 15:48:51:104,0.32,-0.4307,11.6379,-0.0104,0.0189,9.8065,-0.0251,0.0433,-0.0553,-5.37,-36.69,-9.37,216.3,-83.09,-158.08,-0.4871605549360651,-0.2721796920551763,1.831371914425668,-1.850703816497629,-2.1238295507610134,1.526861462884909
52.21157,-2.1842,95.24,8.06,3,38.14,27 / 27,12807610,2020-01-08 15:48:51:204,1.6939,-1.1593,9.4009,-0.0199,0.0406,9.8065,-0.0222,-0.2273,0.0813,-6.5,-36.44,-8.69,219.03,-83.21,-160.46,-1.4042584483607077,-1.5507161526570234,-0.4058564205432475,-1.7495140170764751,-1.2494056351060978,0.7540355004594304
52.21157,-2.1842,95.24,8.06,3,38.14,27 / 27,12807710,2020-01-08 15:48:51:304,-4.5204,3.5525,8.7942,-0.0348,-0.007,9.8066,0.0286,-0.0184,0.0181,-4.94,-36.56,-9.06,214.18,-83.12,-161.03,4.090960897887266,4.006989144751403,-1.011769882830008,2.463210241369117,0.3510224525116663,-1.3079823851214452
52.21157,-2.1842,95.24,8.06,3,38.14,27 / 27,12807810,2020-01-08 15:48:51:404,1.8454,-2.3105,8.8014,-0.053,0.0364,9.8064,-0.0496,-0.278,0.146,-6.44,-36.25,-8.81,217.21,-83.18,-162.81,-2.5653667636007595,-1.5907184585452392,-1.0051842238396032,-1.7658589507771743,-1.6361191849579604,0.12310820064672201
52.21157,-2.1842,95.24,8.06,3,38.14,27 / 27,12807910,2020-01-08 15:48:51:504,1.6599,0.9496,10.261,0.0312,-0.0157,9.8065,0.0211,0.2561,-0.1924,-4.75,-36.44,-9.5,212.56,-83.17,-163.71,0.754715098491455,-1.7364567137596612,0.4540498115273603,-3.2256261952454204,-0.8101375116447631,0.2858071325624346
52.21157,-2.1842,95.24,8.06,3,38.14,27 / 27,12808010,2020-01-08 15:48:51:604,0.3265,-1.6792,8.055,-0.0097,0.0397,9.8065,-0.2398,0.1064,0.1407,-6.19,-36.12,-9.19,217.37,-83.23,-162.7,-1.7475288339476838,-0.118845131817961,-1.7514047816437586,-0.2608753037082835,-1.2591928818487883,-0.7495277453107421
52.21157,-2.1842,95.24,8.06,3,38.14,27 / 27,12808109,2020-01-08 15:48:51:703,0.8076,-1.7048,10.5039,0.0001,0.018,9.8065,-0.0919,0.2496,0.011,-5.56,-35.87,-9.87,218.2,-83.22,-159.89,-1.809993372396906,-0.5865409861835796,0.6973926536794536,-2.035256500629174,-3.2242909785232254,0.7143631675174702
52.21157,-2.1842,95.24,8.06,3,38.14,27 / 27,12808209,2020-01-08 15:48:51:803,-2.9122,0.4528,8.5585,0.0004,-0.0031,9.8066,-0.0528,0.4617,-0.2876,-5.37,-36.19,-9.0,215.49,-83.33,-160.08,0.8154278178312603,2.8333083497782336,-1.2475088973566042,2.7520729859049538,1.3694681509444642,-0.3937760188407478
52.21157,-2.1842,95.24,8.06,3,38.14,27 / 27,12808310,2020-01-08 15:48:51:904,2.8417,1.7605,8.8981,0.0376,0.0754,9.8062,-0.1481,0.0195,-0.0981,-4.87,-36.75,-9.44,212.56,-83.47,-163.93,1.3222409761347522,-2.9921238741942444,-0.9088773033292477,-4.412867778916425,0.10276341512275478,-0.7270818135877943
52.21157,-2.1842,95.24,8.06,3,38.14,27 / 27,12808410,2020-01-08 15:48:52:004,-0.8862,0.4755,8.0504,0.0274,0.0542,9.8064,-0.2801,0.3197,0.0985,-4.81,-36.56,-9.19,210.09,-82.9,-166.25,0.5318061425705086,0.8543396951016647,-1.7558418385771173,0.8359365681026192,1.1038913295869703,-0.9980270790713774
52.21157,-2.1842,95.24,8.06,3,38.14,27 / 27,12808510,2020-01-08 15:48:52:104,-6.2501,0.4965,7.6253,-0.1315,0.0068,9.8057,0.1801,-0.6083,0.6608,-5.25,-36.25,-9.81,211.12,-82.98,-163.89,1.2486561264084857,6.0102864635743805,-2.1791123683181466,4.649108688554044,0.26401225075917867,-1.9160961383721378
52.21157,-2.1842,95.24,8.06,3,38.14,27 / 27,12808610,2020-01-08 15:48:52:204,-1.2783,-2.2896,8.2114,0.0349,0.0079,9.8066,0.0738,-0.701,0.0616,-5.31,-36.0,-9.56,209.55,-82.93,-165.91,-2.1159379626717114,1.589792506175315,-1.594688011942618,1.580335516875514,-1.4622465147342296,-0.8359137727226112
52.21157,-2.1842,95.24,8.06,3,38.14,27 / 27,12808709,2020-01-08 15:48:52:303,-7.768,0.2663,5.9333,-0.052,-0.0748,9.8062,0.1317,-0.2146,-0.0404,-5.0,-35.94,-10.19,209.29,-83.57,-167.26,1.3002776881864506,7.614136080494345,-3.871249062165689,6.396842104876568,0.5954091660131935,-3.6314327313125734
52.21157,-2.1842,95.24,8.06,3,38.14,27 / 27,12808810,2020-01-08 15:48:52:404,2.3519,-1.2515,9.4181,-0.1017,-0.0532,9.8059,0.1383,-0.3826,0.3862,-5.62,-36.44,-10.12,212.58,-83.48,-167.66,-1.4949156467685838,-2.284946089909042,-0.3882180640514386,-2.3770051040363485,-1.0473485825511133,0.4614238982852681
52.21157,-2.1842,95.24,8.06,3,38.14,27 / 27,12808909,2020-01-08 15:48:52:503,-3.917,2.5472,8.8194,0.0312,0.1055,9.806,-0.369,0.467,-0.2161,-5.81,-36.62,-9.81,214.36,-83.63,-165.3,2.914877735356311,3.613156195632922,-0.9859775777792764,2.63219879587594,1.6124484260795238,-0.8392329395723608
52.21157,-2.1842,95.24,8.06,3,38.14,27 / 27,12809009,2020-01-08 15:48:52:603,0.5903,-3.4048,6.3015,-0.0282,0.1075,9.8059,-0.5391,-0.275,0.1054,-5.37,-36.12,-9.69,207.02,-83.1,-169.57,-3.562255532714952,-0.1749211629674657,-3.5041904923088616,-0.41509241402009733,-1.679918669463133,-2.5328526702892784
52.21157,-2.1842,95.24,8.06,3,38.14,27 / 27,12809110,2020-01-08 15:48:52:704,2.2839,-1.7382,10.1286,0.0311,0.0145,9.8065,0.1108,0.4115,-0.242,-5.12,-36.0,-9.75,208.37,-83.29,-168.04,-2.019901360509052,-2.016747280589412,0.3217801113320923,-2.731181098071433,-2.067094406406605,0.38188426379171414
52.21157,-2.1842,95.24,8.06,3,38.14,27 / 27,12809210,2020-01-08 15:48:52:804,-0.847,-0.9891,8.4769,-0.0095,0.0572,9.8064,-0.0752,0.3546,0.013,-4.75,-36.12,-9.56,208.5,-82.87,-167.24,-0.9337993125090476,0.9617316233548732,-1.3292145494978718,0.5960580089277003,-0.7335525369784565,-0.2894713103990212
52.21157,-2.1842,95.24,8.06,3,38.14,27 / 27,12809310,2020-01-08 15:48:52:904,3.2146,-2.2649,11.1482,0.0396,-0.0015,9.8065,0.0091,0.1206,-0.0213,-6.44,-35.44,-9.19,214.55,-82.74,-165.92,-2.6415337402449146,-2.868304044801483,1.3412288603080242,-3.387996242613051,-1.7968769296480183,1.401874599531757
52.21157,-2.1842,95.24,8.06,3,38.14,27 / 27,12809410,2020-01-08 15:48:53:004,-2.4302,-0.3729,7.844,0.0627,-0.0088,9.8064,-0.2251,0.4157,-0.2304,-5.19,-36.31,-9.37,211.23,-82.84,-164.93,-0.0505552700213936,2.519293375723249,-1.961820081381068,2.146355449009268,0.08915722853886643,-0.9739885774686645
52.21157,-2.1842,95.24,8.06,3,38.14,27 / 27,12809510,2020-01-08 15:48:53:104,2.349,-2.5349,10.9006,-0.0055,0.0173,9.8066,-0.0676,-0.1008,0.132,-6.37,-36.44,-9.44,215.79,-82.95,-164.25,-2.825788740946508,-2.018140236056749,1.0937362886677762,-2.4887834087332807,-1.621182218533486,1.286861953072446
52.21157,-2.1842,95.24,8.06,3,38.14,27 / 27,12809610,2020-01-08 15:48:53:204,-2.277,0.9838,8.9718,0.0491,0.0425,9.8064,-0.0745,0.2982,-0.181,-6.12,-36.69,-9.37,215.64,-82.81,-163.76,1.2239376649691889,2.1907662634347083,-0.8341845307041468,1.9646574596582003,1.3895623183760848,-0.03598887999199829
52.21157,-2.1842,95.24,8.06,3,38.14,27 / 27,12809710,2020-01-08 15:48:53:304,-2.0464,-0.043,8.3802,-0.011,-0.0234,9.8066,0.1877,-0.4474,0.0236,-5.94,-36.0,-9.37,215.44,-82.97,-164.76,0.2342478497357556,2.0222853773936555,-1.425953743034455,1.4626271628623888,0.6874040961910961,-0.9795931292886045
52.21157,-2.1842,95.24,8.06,3,38.14,27 / 27,12809810,2020-01-08 15:48:53:404,2.5628,0.7822,11.9066,-0.0569,-0.0289,9.8064,0.2087,-0.3588,0.213,-6.12,-36.0,-8.69,213.89,-82.99,-166.88,0.4782656597645776,-2.700871917789225,2.09954856633218,-2.679497239851645,0.738867141025187,2.6076603309815187
52.21157,-2.1842,95.24,8.06,3,38.14,27 / 27,12809911,2020-01-08 15:48:53:505,-1.4668,-0.2124,8.4451,-0.0264,0.0121,9.8065,-0.1091,-0.0974,0.1233,-4.81,-36.06,-9.37,210.5,-82.91,-166.06,-0.0432392821392544,1.457463138067744,-1.3610635310865569,0.7605753025963442,0.42136859383464387,-0.5984225297844743
52.21157,-2.1842,95.24,8.06,3,38.14,27 / 27,12810010,2020-01-08 15:48:53:604,2.7084,-2.5443,9.9893,-0.027,-0.0227,9.8066,0.0534,-0.5885,0.2522,-6.19,-35.94,-9.25,214.29,-83.07,-166.48,-2.842985987433466,-2.399674582265912,0.1823501699584687,-2.1457285317469403,-1.6314011795234957,0.37085733453586966
52.21157,-2.1842,95.24,8.06,3,38.14,27 / 27,12810110,2020-01-08 15:48:53:704,-1.6075,0.8915,11.2247,-0.0105,0.0094,9.8066,0.0353,0.0525,-0.0147,-5.25,-35.5,-9.62,210.28,-83.08,-165.48,1.0744457700269816,1.474222634313595,1.418362059471634,0.7152372331547703,1.5527815365783129,2.484179495671384
52.21157,-2.1842,95.24,8.06,3,38.14,27 / 27,12810211,2020-01-08 15:48:53:805,1.5129,0.1527,10.1675,-0.0272,0.0159,9.8065,0.1415,-0.0993,0.1428,-6.0,-36.25,-9.81,213.61,-83.01,-165.52,-0.0562780181585571,-1.5452208017038769,0.3606503967192791,-1.190651774090531,0.3667931259344861,0.2744859189648922
52.21157,-2.1842,95.24,8.06,3,38.14,26 / 27,12810310,2020-01-08 15:48:53:904,2.054,-2.7949,7.8774,0.0047,-0.0499,9.8065,0.2335,0.0724,-0.1752,-6.19,-35.56,-10.06,212.7,-82.75,-166.3,-2.9792404095904272,-1.6905901039745088,-1.9292780987216245,-2.3417391678785204,-1.446866359937983,-0.6400212021178721
52.21157,-2.1842,95.24,8.06,3,38.14,26 / 27,12810410,2020-01-08 15:48:54:004,-2.611,-0.754,10.3471,0.0071,-0.0172,9.8066,-0.0432,0.149,-0.0109,-5.31,-35.87,-9.37,209.1,-82.81,-167.84,-0.404559972585914,2.689415698564288,0.5411437229583744,2.948589415691804,-0.024712655265174188,0.2799525956041615
52.21157,-2.1842,95.24,8.06,3,38.14,26 / 27,12810509,2020-01-08 15:48:54:103,-1.877,0.3878,10.3163,-0.0329,-0.0159,9.8065,0.1411,-0.3812,0.2614,-4.94,-34.81,-10.0,208.74,-82.9,-167.27,0.6305266965911894,1.7792538898295358,0.5101629351611789,1.4312644205192748,1.343724832776405,1.903763660285756
52.21157,-2.1842,95.24,8.06,3,38.14,26 / 27,12810610,2020-01-08 15:48:54:204,3.8274,-1.3697,11.9028,0.0086,0.0202,9.8066,0.0563,-0.2572,0.059,-5.12,-35.12,-9.87,209.66,-82.89,-166.01,-1.8550736073686804,-3.616169303907778,2.095502652520223,-3.6347075098734623,-1.617547382198842,1.7813774801662903
52.21157,-2.1842,95.24,8.06,3,38.14,26 / 27,12810710,2020-01-08 15:48:54:304,0.2098,-0.5583,8.2202,-0.0154,0.0077,9.8066,-0.0575,0.0569,-0.0557,-5.06,-34.69,-9.37,209.54,-83.02,-167.93,-0.5897742119614288,-0.1525047299231834,-1.5863936101284355,-0.05490549063120509,0.34748716176869915,-0.21185151442729577
52.21157,-2.1842,95.24,8.06,3,38.14,26 / 27,12810810,2020-01-08 15:48:54:404,-2.3164,3.4233,10.3872,-0.0635,-0.0287,9.8063,0.1462,0.1223,-0.0572,-4.25,-35.37,-8.44,204.39,-83.2,-171.28,3.706015254834016,1.8047535205254075,0.5810532515085991,1.4120633452028337,2.038275260986233,0.32307279131647476
52.21157,-2.1842,95.24,8.06,3,38.14,26 / 27,12810910,2020-01-08 15:48:54:504,-0.9502,-1.8886,7.2623,-0.0327,-0.0609,9.8063,0.224,-0.1065,0.0974,-6.06,-35.37,-8.81,211.28,-82.83,-170.49,-1.6992109053474316,1.138818228281817,-2.5436204280673307,1.711772802983019,-0.5317248129744427,-1.2825089411304562
52.21157,-2.1842,95.24,8.06,3,38.14,26 / 27,12811010,2020-01-08 15:48:54:604,0.1953,0.2339,11.2843,0.0253,-0.081,9.8062,0.2685,0.0259,-0.184,-6.25,-34.75,-9.44,212.96,-83.18,-168.82,0.2913486368211349,-0.2082764657426025,1.4780319704391498,-0.9436453269391486,0.14172805116148912,1.3440069627753992
52.21157,-2.1842,95.24,8.06,3,38.14,26 / 27,12811110,2020-01-08 15:48:54:704,3.3548,-2.909,10.3929,0.0312,0.0237,9.8065,-0.1754,0.4964,-0.2505,-6.94,-34.81,-9.37,215.7,-83.14,-169.99,-3.3241922420808403,-2.9321162310890005,0.5859620764810531,-1.9861671123395936,-0.6666518405964166,1.6884765505861559
52.21157,-2.1842,95.24,8.06,3,38.14,26 / 27,12811210,2020-01-08 15:48:54:804,-2.8102,-0.4128,7.7189,0.0288,0.0201,9.8066,0.0309,0.6788,-0.4072,-6.81,-35.81,-8.81,212.15,-82.57,-173.36,-0.0756717666192188,2.871299666444558,-2.0870377833695537,1.9467230609384605,-0.3347699946533359,-2.0798938859635148
52.21157,-2.1842,95.24,8.06,3,38.14,27 / 27,12811310,2020-01-08 15:48:54:904,2.8263,-0.3452,8.7012,0.0302,0.1062,9.8059,-0.0849,0.0388,0.0709,-5.56,-35.81,-9.19,204.61,-81.54,-177.53,-0.7966013819746759,-2.717740323252871,-1.105266046525187,-1.601252815189019,0.5823417451783799,-0.16051286560027656
52.21157,-2.1842,95.24,8.06,3,38.14,27 / 27,12811410,2020-01-08 15:48:55:004,-3.1096,0.3055,8.0799,0.0867,0.0233,9.8062,-0.072,0.2441,-0.2928,-6.12,-36.44,-8.5,207.01,-81.39,-175.93,0.6784245816171379,3.1365623975406463,-1.7256299236486623,2.2429283257270844,0.42996593657002813,-1.5949332096784383
52.21157,-2.1842,95.24,8.06,3,38.14,27 / 27,12811510,2020-01-08 15:48:55:104,0.95,-1.9551,8.7404,0.0072,-0.117,9.8059,-0.2616,-0.1305,-0.1319,-5.87,-36.25,-9.69,204.52,-82.05,-176.42,-1.9413876856929628,-0.7060048959085076,-1.0655255232949326,0.35140871776407323,-0.6596686316414416,-0.2577661747084876
52.21157,-2.1842,95.24,8.06,3,38.14,27 / 27,12811609,2020-01-08 15:48:55:203,0.401,-1.0885,7.2572,-0.0289,-0.0219,9.8066,-0.2883,-0.1228,0.2235,-6.0,-35.75,-11.06,206.17,-83.51,-174.35,-1.1120589863532622,-0.2929668378381018,-2.549389176410321,-0.9505944687555686,-1.2257686493418158,-2.3156310574548136
52.21157,-2.1842,95.24,8.06,3,38.14,27 / 27,12811710,2020-01-08 15:48:55:304,-0.3309,-3.1007,9.6137,-0.0465,-0.1048,9.8059,0.4233,-0.1588,-0.1314,-5.56,-35.5,-11.06,207.5,-83.9,-173.36,-2.93707060388473,0.655784343246685,-0.1918441371236066,1.4781703611689623,-0.9416205083854102,0.4878543254719572
52.21157,-2.1842,95.24,8.06,3,38.14,27 / 27,12811810,2020-01-08 15:48:55:404,4.0253,-1.4828,12.6422,-0.0645,-0.0357,9.8064,0.5285,-0.0194,0.2612,-5.37,-34.69,-10.81,200.41,-84.23,-178.3,-1.9455664711784235,-3.8780912674588848,2.8350490855513377,-4.1797272541932715,-1.834234844033289,3.1735736387656974
52.21157,-2.1842,95.24,8.06,3,38.14,27 / 27,12811910,2020-01-08 15:48:55:504,4.4265,-3.5332,8.6052,-0.1247,0.1455,9.8047,-0.011,-0.8014,0.8206,-6.31,-35.75,-9.37,202.1,-82.88,177.19,-4.21756531787728,-4.0567079891259,-1.2001326844981863,-3.5398302749424664,-1.239995561343086,-0.6641162591360867
52.21157,-2.1842,95.24,8.06,3,38.14,27 / 27,12812010,2020-01-08 15:48:55:604,1.2781,-0.2181,12.1221,0.0192,-0.0348,9.8066,0.1697,-0.6914,0.0446,-4.69,-36.44,-8.37,202.6,-82.63,-178.72,-0.3386799545941646,-1.2267491900059349,2.315243111030865,-1.1666184422419053,0.02529014145260844,2.7794097798364983
52.21157,-2.1842,95.24,8.06,3,38.14,27 / 27,12812110,2020-01-08 15:48:55:704,-0.3714,-0.1067,7.6736,-0.059,0.068,9.8062,-0.4076,-0.202,0.34,-5.87,-36.25,-9.06,203.84,-82.51,-179.91,-0.1345327523323358,0.3322332923528752,-2.1325146161286344,0.5844862568323926,0.32525512488276076,-1.7614113716691486
52.21157,-2.1842,95.24,8.06,3,38.14,27 / 27,12812213,2020-01-08 15:48:55:807,0.123,1.0888,8.1424,-0.024,-0.0803,9.8063,-0.0653,0.4532,-0.2732,-4.94,-36.31,-9.62,197.7,-82.89,177.98,1.141529898385491,-0.2912475782174468,-1.6640466818194988,0.0376386082272584,1.7092057352640575,-1.0655638848121731
52.21157,-2.1842,95.24,8.06,3,38.14,25 / 26,12812310,2020-01-08 15:48:55:904,2.4277,-0.9461,8.4893,0.0307,0.0409,9.8064,-0.3416,-0.0518,0.0131,-4.75,-35.81,-9.75,196.08,-83.25,175.43,-1.27827234182032,-2.2549222621759264,-1.317526402650285,-2.14774589645722,-1.0429258363526566,-1.1010300577866805
52.21157,-2.1842,95.24,8.06,3,38.14,25 / 26,12812410,2020-01-08 15:48:56:004,0.1185,0.0605,8.2136,0.0563,0.0179,9.8064,-0.2892,0.163,-0.1283,-5.19,-35.75,-9.37,197.59,-83.15,175.66,0.0344001754695599,-0.0666619373944281,-1.5928177089769209,0.38496385233472696,0.686851160328761,-0.8979614404032208
52.21157,-2.1842,95.24,8.06,3,38.14,25 / 26,12812510,2020-01-08 15:48:56:104,-1.0846,2.7583,11.8883,-0.0122,0.0897,9.8062,0.0063,-0.2832,0.1962,-4.62,-36.56,-9.62,194.16,-82.6,173.47,2.781637327128152,0.7308054874566188,2.082072345004045,0.8365218522954943,2.1456266194733207,2.2090515894508114
52.21157,-2.1842,95.24,8.06,3,38.14,25 / 26,12812610,2020-01-08 15:48:56:204,-1.548,-1.5625,5.1777,-0.0052,0.1351,9.8057,-0.2726,-0.3021,0.3137,-5.75,-35.81,-9.37,199.51,-82.27,174.27,-1.4923033772793133,1.7434927985452813,-4.627496633340916,2.1789480814360624,-0.9122706326652001,-3.926529833055116
52.21157,-2.1842,95.24,8.06,3,38.14,25 / 26,12812709,2020-01-08 15:48:56:303,-1.6696,2.2042,9.9961,-0.0572,-0.055,9.8063,0.2258,-0.4124,0.0904,-4.81,-36.44,-9.25,196.58,-82.23,175.14,2.4426326197495656,1.3180723657176017,0.1899304179613731,1.5275346237953662,2.205227078754339,0.3326328618599501
52.21157,-2.1842,95.24,8.06,3,38.14,25 / 26,12812810,2020-01-08 15:48:56:404,3.4814,0.3752,10.3674,-0.0606,-0.0118,9.8064,0.0553,-0.3939,0.2694,-5.31,-36.5,-9.31,194.89,-82.73,172.25,-0.0576343540819518,-3.562740617253366,0.560188874758025,-3.2132522997121598,0.30931293336255594,1.1581683277426884
52.21157,-2.1842,95.24,8.06,3,38.14,25 / 26,12812910,2020-01-08 15:48:56:504,-1.6696,0.5043,8.4747,-0.0406,0.0213,9.8065,-0.2337,-0.0103,0.0924,-4.94,-36.62,-9.75,194.31,-82.99,173.38,0.6822578566493781,1.556366023983008,-1.3314917410301568,1.8786229253634954,1.0503229739857454,-1.0746630112807862
52.21157,-2.1842,95.24,8.06,3,38.14,25 / 26,12813010,2020-01-08 15:48:56:604,2.2595,-0.1207,9.279,-0.0438,0.0271,9.8064,0.0062,-0.2791,0.1035,-4.87,-36.69,-10.06,192.01,-83.03,170.16,-0.4338828836476812,-2.2667743853480964,-0.5278882639416552,-1.9552035044526694,-0.34413232956309525,-0.10829848302301134
52.21157,-2.1842,95.24,8.06,3,38.14,25 / 26,12813109,2020-01-08 15:48:56:703,3.3175,-1.3275,8.9916,0.0489,-0.0679,9.8062,0.1465,0.4305,-0.4037,-4.62,-36.19,-9.5,195.75,-83.26,172.99,-1.6573898287387918,-3.085844389209099,-0.8151899417803932,-2.771279392596958,-1.1209406692113097,-0.4020957771233864
52.21157,-2.1842,95.24,8.06,3,38.14,25 / 26,12813210,2020-01-08 15:48:56:804,4.5663,0.3802,8.8408,-0.0291,0.0161,9.8066,0.0665,0.1995,0.0485,-5.06,-36.56,-9.25,193.4,-83.14,169.95,-0.2118114974037231,-4.604714788265487,-0.9668387757515328,-4.15401735414997,-0.35128071216136914,-0.7286372815361734
52.21157,-2.1842,95.24,8.06,3,38.14,26 / 27,12813310,2020-01-08 15:48:56:904,5.0391,-1.9567,7.7222,-0.0002,-0.0906,9.8062,0.0464,0.3195,0.0246,-5.81,-37.31,-10.06,196.34,-83.05,171.47,-2.480034767280377,-4.766810105161457,-2.084916946645885,-4.692453323651375,-1.4007340788593106,-1.5524227053312023
52.21157,-2.1842,95.24,8.06,3,38.14,26 / 27,12813411,2020-01-08 15:48:57:005,-3.5139,2.8312,9.5788,0.0672,-0.0603,9.8061,-0.0026,0.573,-0.553,-5.12,-36.56,-9.75,195.35,-83.64,174.27,3.3154467223006767,3.19266169638211,-0.2268018387055295,4.038650073466124,1.7793143613587323,-0.09633263883724563
52.21157,-2.1842,95.24,8.06,3,38.14,26 / 27,12813510,2020-01-08 15:48:57:104,5.823,-5.5394,9.2789,0.0235,-0.0389,9.8065,0.0144,-0.4023,0.1196,-5.5,-36.56,-9.5,194.85,-83.57,171.62,-6.180751380018503,-5.068258646116545,-0.5283265415103217,-5.49701514192528,-1.517302193758085,0.021734758656604458
52.21157,-2.1842,95.24,8.06,3,38.14,26 / 27,12813610,2020-01-08 15:48:57:204,-0.8783,1.3887,12.243,0.0309,-0.0785,9.8063,0.2763,0.3407,-0.0964,-5.12,-36.56,-9.31,197.29,-83.92,174.64,1.56928879381964,0.7186010438950038,2.436754520115868,2.1881494652261004,1.4566107309228205,2.5798339021266683
52.21157,-2.1842,95.24,8.06,3,38.14,26 / 27,12813710,2020-01-08 15:48:57:304,-10.182,5.5574,11.0944,-0.1549,0.1143,9.8047,-0.4286,-1.4006,1.0516,-5.37,-36.0,-9.5,190.7,-83.35,165.88,6.650993893116416,9.269847933058696,1.2913549634765848,8.165073183880924,2.186109981331999,1.7339290707479118
52.21157,-2.1842,95.24,8.06,3,38.14,26 / 27,12813810,2020-01-08 15:48:57:404,-6.6309,2.7699,11.1775,-0.0217,-0.0354,9.8065,-0.1179,-0.508,0.4075,-4.5,-36.0,-9.94,190.14,-84.03,171.79,3.607606461149949,6.207512026530068,1.3721675524343628,8.383445025472952,2.1472955095222646,1.6465928632725442
52.21157,-2.1842,95.24,8.06,3,38.14,26 / 27,12813910,2020-01-08 15:48:57:504,-8.3751,3.1509,10.7951,-0.1534,0.1466,9.8043,-0.3229,-1.3729,0.7965,-4.37,-36.12,-10.0,193.35,-84.41,175.8,4.006090033564482,7.782701157727495,0.9923000314836417,6.016259682012379,1.7825501761815823,1.2280933109822492
52.21157,-2.1842,95.24,8.06,3,38.14,26 / 27,12814010,2020-01-08 15:48:57:604,9.6914,-6.2113,8.1241,-0.101,0.0859,9.8057,-0.2079,-1.1599,0.9405,-4.25,-36.25,-9.94,188.23,-83.94,169.27,-7.469190862845652,-8.930391883173224,-1.683119968195034,-6.172497844390945,-1.538002989728311,-1.204324022488926
52.21157,-2.1842,95.24,8.06,3,38.14,26 / 27,12814110,2020-01-08 15:48:57:704,-2.321,1.5846,9.4949,-0.1151,0.0929,9.8054,-0.1061,-0.5096,0.5114,-4.87,-35.81,-9.56,197.73,-84.12,176.85,1.755091116954655,2.0027548391183694,-0.3101647555329578,-0.20707202836287308,1.139541752298777,-0.3201856523235532
52.21157,-2.1842,95.24,8.06,3,38.14,26 / 27,12814210,2020-01-08 15:48:57:804,6.1281,-4.4712,8.7457,-0.092,0.057,9.806,-0.1444,-0.9032,0.5502,-4.81,-36.31,-10.37,194.02,-83.83,172.19,-5.268521617583246,-5.606690720083606,-1.0612136798903402,-2.5678714536481797,-1.2813807037294445,-0.37257547162673554
52.212234,-2.184236,95.43,9.05,3,354.48,26 / 27,12814310,2020-01-08 15:48:57:904,-5.4976,3.9168,11.1724,-0.013,0.0382,9.8065,-0.1096,-0.0075,-0.0365,-4.37,-36.44,-10.06,191.48,-83.83,173.72,4.532302918830273,4.957859750612533,1.3667168233466795,2.654326185484396,1.096025704473187,1.140036757257461
52.212234,-2.184236,95.43,9.05,3,354.48,26 / 27,12814410,2020-01-08 15:48:58:004,-5.7605,3.4376,10.2581,-0.0145,-0.0174,9.8066,-0.1456,-0.6349,0.5546,-3.87,-35.87,-10.25,191.15,-83.95,173.19,4.144538814799029,5.270247767036661,0.4524154469835878,8.215132497285227,2.832717316547779,1.2940598686914129
52.212234,-2.184236,95.43,9.05,3,354.48,26 / 27,12814510,2020-01-08 15:48:58:104,-0.1301,-0.2858,11.137,-0.0001,0.0352,9.8066,-0.074,0.2091,-0.1485,-4.69,-36.37,-9.69,197.77,-84.01,177.0,-0.30219183612588,0.168706645551268,1.330459815975556,-1.8655956348485927,-1.3237764773363867,0.9681861814760832
52.212234,-2.184236,95.43,9.05,3,354.48,26 / 27,12814610,2020-01-08 15:48:58:204,4.955,-2.287,9.6379,-0.0737,0.0873,9.8059,-0.125,-0.3968,0.3298,-4.94,-36.37,-10.31,195.62,-83.66,174.46,-2.9828126346576767,-4.693363572931457,-0.1688648536747868,-2.172741867525291,-1.2290858321103109,0.730745317843827
52.212234,-2.184236,95.43,9.05,3,354.48,26 / 27,12814710,2020-01-08 15:48:58:304,-2.8786,1.771,10.541,0.0264,0.0266,9.8065,-0.0055,0.238,-0.1772,-4.12,-36.31,-10.06,192.22,-83.67,174.82,2.0930632590373097,2.664650472056115,0.7349630367843293,1.1695611138513948,1.0395223722035172,0.34156922413921686
52.212234,-2.184236,95.43,9.05,3,354.48,26 / 27,12814809,2020-01-08 15:48:58:403,0.4525,1.9096,8.7984,-0.0403,0.0588,9.8064,-0.0701,-0.1146,0.1699,-4.12,-35.81,-10.12,192.02,-83.27,174.82,1.7748377268171642,-0.7195003506456583,-1.0082890304308856,1.176754937536376,2.325111766877,-0.15442789783660577
52.212234,-2.184236,95.43,9.05,3,354.48,26 / 27,12814910,2020-01-08 15:48:58:504,-4.5169,1.9684,9.9996,0.0229,-0.0045,9.8066,-0.0378,0.4402,-0.3156,-3.69,-35.87,-10.37,192.9,-83.32,175.99,2.523585897052949,4.258324107083615,0.1937974954069325,3.418498563379009,1.2425303520120943,-0.13066260318442402
52.212234,-2.184236,95.43,9.05,3,354.48,26 / 27,12815010,2020-01-08 15:48:58:604,-0.1271,-4.219,8.9931,0.0008,0.065,9.8064,-0.1013,0.0076,0.1911,-4.31,-35.5,-10.81,191.16,-83.2,175.03,-4.234675452200899,0.6612615138823117,-0.8128519697861275,1.8981094470726008,-1.7752245698115476,-0.09313588824744301
52.212234,-2.184236,95.43,9.05,3,354.48,26 / 27,12815110,2020-01-08 15:48:58:704,1.0194,-2.7243,8.731,0.0088,-0.0589,9.8065,0.1993,0.1926,-0.0885,-4.81,-36.25,-10.37,198.14,-83.32,178.17,-2.770685894865527,-0.6701171211652605,-1.0754591976985466,-0.901641036522758,-2.477751229463281,-1.2542938919588438
52.212234,-2.184236,95.43,9.05,3,354.48,26 / 27,12815210,2020-01-08 15:48:58:804,1.7461,0.1077,8.7999,-0.0074,0.0176,9.8066,0.1591,-0.0471,0.0264,-5.06,-36.5,-10.69,197.77,-83.42,179.2,-0.1293183327365834,-1.7508193783692223,-1.0070915664154088,-1.0588731885274592,-0.2618032480101893,-0.4812090623048667
52.212234,-2.184236,95.43,9.05,3,354.48,26 / 27,12815311,2020-01-08 15:48:58:905,1.4585,0.8298,8.5648,-0.0132,-0.0743,9.8063,0.0657,-0.0055,0.0557,-4.69,-36.44,-10.69,198.42,-83.19,-179.73,0.7134502647774188,-1.5726628847562198,-1.241909868146347,-1.3679759864767789,0.5169527468157553,-1.2300414960449508
52.212234,-2.184236,95.43,9.05,3,354.48,26 / 27,12815410,2020-01-08 15:48:59:004,-1.07,0.0675,10.0126,0.0214,-0.0558,9.8064,0.0258,0.3104,-0.2083,-4.81,-36.0,-10.19,202.05,-83.81,-177.13,0.2584392831093681,1.0674608548070177,0.2064261378812978,1.4217396616354263,-0.1891241026533012,0.5116434237735351
52.212234,-2.184236,95.43,9.05,3,354.48,26 / 27,12815510,2020-01-08 15:48:59:104,4.3462,-0.0224,9.4188,0.0279,0.019,9.8065,-0.1196,-0.4171,0.1819,-5.31,-35.81,-10.56,202.29,-83.77,-175.23,-0.5795546305216335,-4.279347690172408,-0.3886385426807476,-3.8652270629379313,-0.5610429431479127,-0.17429197850539696
52.212234,-2.184236,95.43,9.05,3,354.48,26 / 27,12815610,2020-01-08 15:48:59:204,1.9728,0.9211,6.5193,0.0088,0.0259,9.8066,-0.3587,0.0669,0.2251,-5.56,-36.37,-10.81,207.9,-83.91,-172.64,0.6430912755491762,-2.05954297740184,-3.2878163977855115,-1.8200976503203798,-0.01822701125523657,-3.196354950456692
52.212234,-2.184236,95.43,9.05,3,354.48,26 / 27,12815710,2020-01-08 15:48:59:304,-0.0641,-0.9336,9.3953,-0.0214,-0.0368,9.8065,0.3587,-0.2295,-0.0998,-5.56,-36.06,-10.19,211.88,-84.18,-169.69,-0.8845056354749006,0.1542831757185932,-0.4111027274335788,0.5718652796275205,-0.7644714728738393,-0.017214146026928834
52.212234,-2.184236,95.43,9.05,3,354.48,26 / 27,12815809,2020-01-08 15:48:59:403,0.9096,0.8405,7.7521,-0.0136,0.0271,9.8066,0.1186,-0.0965,0.0915,-5.62,-35.69,-10.69,208.93,-84.4,-171.99,0.6917938278982391,-1.0169481195773042,-2.0547812223616613,-0.7192822886903755,-0.047638975370565106,-2.1342203851299186
52.212234,-2.184236,95.43,9.05,3,354.48,26 / 27,12815910,2020-01-08 15:48:59:504,-0.2339,0.612,8.6508,-0.0423,-0.0796,9.8062,0.3727,-0.5535,0.2307,-5.31,-36.0,-9.81,207.01,-84.18,-171.14,0.7100122575047223,0.1041331863525688,-1.1554259620127592,0.38784183589670684,0.7979168725684973,-0.6416997396869607
52.212234,-2.184236,95.43,9.05,3,354.48,26 / 27,12816011,2020-01-08 15:48:59:605,5.6989,1.3457,13.6061,-0.0291,-0.022,9.8065,0.2695,-0.4232,0.1364,-5.5,-36.69,-10.19,207.42,-84.31,-170.56,0.6430656980976737,-5.854705233870066,3.798215447078354,-5.401094673099534,-0.032304891347117864,3.6263771893930317
52.212234,-2.184236,95.43,9.05,3,354.48,26 / 27,12816110,2020-01-08 15:48:59:704,-0.6356,4.5884,12.4524,-0.0285,-0.0705,9.8063,0.5294,0.2511,-0.0734,-5.31,-36.12,-10.12,207.64,-84.62,-170.97,4.6984255001731166,0.0208365248497389,2.6457755930076896,0.10416711542006807,1.928667315437132,3.1881852066877
52.212234,-2.184236,95.43,9.05,3,354.48,26 / 27,12816209,2020-01-08 15:48:59:803,-1.2421,4.8949,12.5622,0.0425,-0.0471,9.8064,0.3252,0.1469,-0.3334,-5.5,-35.81,-9.69,208.05,-84.29,-169.96,5.063801535977817,0.6577241468130807,2.75559571616152,1.3077599490656735,1.5126955549281704,2.5929307569537934
52.212234,-2.184236,95.43,9.05,3,354.48,26 / 27,12816309,2020-01-08 15:48:59:903,1.3705,-4.4088,5.9928,-0.032,-0.094,9.8061,0.2546,-0.032,-0.0295,-5.87,-36.44,-9.69,210.63,-84.23,-171.35,-4.456271499980223,-0.852667861247303,-3.8131829246523146,-0.9972406120056306,-2.329294971902229,-3.344191696960222
52.212234,-2.184236,95.43,9.05,3,354.48,26 / 27,12816410,2020-01-08 15:49:00:004,-0.6568,-1.8846,8.6497,-0.0108,-0.055,9.8064,-0.062,-0.3298,-0.0225,-5.5,-36.12,-10.19,205.72,-84.62,-173.41,-1.7348523036788526,0.8693565904296444,-1.156379545433386,1.736101072751504,-1.947144374988333,-1.2123085158484908
52.212234,-2.184236,95.43,9.05,3,354.48,26 / 27,12816509,2020-01-08 15:49:00:103,-2.1466,-0.0008,9.3325,0.0508,0.0888,9.8061,-0.3332,-0.0073,0.0224,-5.19,-35.75,-10.0,207.16,-84.95,-172.05,0.1850607651433737,2.1915313960666296,-0.4731115442036911,1.7969350704146159,-0.45698507717632086,-0.1603332656294998
52.212234,-2.184236,95.43,9.05,3,354.48,26 / 27,12816610,2020-01-08 15:49:00:204,2.1023,-0.4617,6.2952,-0.0379,0.0875,9.8061,-0.5289,0.0345,0.4257,-5.94,-36.31,-10.56,210.42,-84.45,-170.21,-0.8120223054382345,-2.0542139055706268,-3.5113132152559463,-0.9475962697848115,-0.7115050299551345,-3.3957666301182665
52.212234,-2.184236,95.43,9.05,3,354.48,26 / 27,12816710,2020-01-08 15:49:00:304,-3.069,2.5974,9.5749,-0.0884,0.0662,9.806,-0.167,-0.5429,0.7065,-5.81,-35.06,-10.69,210.29,-84.71,-170.96,2.8830817608007107,2.6417750082024263,-0.2306975868433459,1.9720872630582353,1.0422653423589567,-0.11500492119073669
52.212234,-2.184236,95.43,9.05,3,354.48,26 / 27,12816810,2020-01-08 15:49:00:404,-7.3331,2.8923,9.8491,0.0926,-0.0489,9.8061,-0.3075,0.3201,-0.1549,-4.94,-35.56,-10.75,215.88,-84.95,-159.8,3.8441625069909175,7.000998227392167,0.0443324925652831,8.366146521367035,2.398653514670899,0.3503990801822663
52.212234,-2.184236,95.43,9.05,3,354.48,26 / 27,12816910,2020-01-08 15:49:00:504,2.4014,1.2782,12.6233,-0.0678,0.0723,9.8061,-0.0325,-0.7513,0.4038,-5.37,-35.0,-11.44,218.87,-85.28,-157.06,0.8888006709068371,-2.600938286431209,2.816542683428008,-3.5526226681965856,-0.33759921624168737,2.737850882886473
52.212234,-2.184236,95.43,9.05,3,354.48,26 / 27,12817010,2020-01-08 15:49:00:604,6.2354,-2.2565,11.3126,0.0424,0.069,9.8062,-0.001,-0.2918,0.1525,-4.69,-35.62,-11.12,213.96,-84.88,-162.03,-3.0794531824665308,-5.8550450017209705,1.505276165631757,-4.247268505953501,-1.3632294877382978,1.9838351101942255
52.212234,-2.184236,95.43,9.05,3,354.48,26 / 27,12817110,2020-01-08 15:49:00:704,-0.2701,0.2638,8.693,-0.0839,0.0027,9.8063,0.0347,-0.6456,0.2338,-5.44,-35.56,-10.69,213.86,-84.73,-161.91,0.2822016324941349,0.1524449065757056,-1.1132849271757752,-1.037876728605081,-1.128345790515377,-1.3561497234728486
52.212234,-2.184236,95.43,9.05,3,354.48,26 / 27,12817210,2020-01-08 15:49:00:804,5.9737,-4.8481,8.9595,-0.0847,0.0307,9.8062,-0.0936,-0.7436,0.5542,-5.5,-36.12,-10.31,210.96,-84.8,-167.07,-5.596208022276104,-5.402585104641725,-0.8475440097811731,-3.6286999537156897,-1.2130725503751865,-0.23188879415787755
52.212234,-2.184236,95.43,9.05,3,354.48,25 / 25,12817310,2020-01-08 15:49:00:904,-3.5775,1.0959,9.8727,-0.093,-0.0068,9.8062,-0.0491,-0.1264,0.182,-5.37,-36.31,-11.12,210.04,-85.1,-167.17,1.52858255729767,3.3197945268444906,0.0671524761917529,1.9970132370079015,0.03398283248601619,-0.301882550378037
52.212234,-2.184236,95.43,9.05,3,354.48,25 / 25,12817410,2020-01-08 15:49:01:004,4.3312,-1.7279,9.5129,-0.0598,0.0383,9.8064,-0.0312,-0.508,0.1703,-6.25,-35.69,-10.94,214.09,-85.12,-166.72,-2.299952157712492,-4.136435897685868,-0.2942852809254483,-2.327665268743151,-1.1536307326979516,0.42274906919684063
52.212234,-2.184236,95.43,9.05,3,354.48,25 / 25,12817510,2020-01-08 15:49:01:104,-0.451,3.1888,11.8109,0.0455,0.0425,9.8064,-0.1859,0.0412,-0.2666,-5.81,-36.31,-11.0,213.82,-85.23,-167.24,3.1837945709802726,0.0998531583395139,2.004299794583178,-1.2115202672355005,0.510297313614771,1.541920006232411
52.212234,-2.184236,95.43,9.05,3,354.48,25 / 25,12817610,2020-01-08 15:49:01:204,1.3292,-0.3392,9.2,-0.0632,0.0992,9.8059,-0.2472,-0.1873,0.3869,-6.44,-36.31,-10.56,211.31,-85.12,-170.08,-0.6086399673411941,-1.3267303591047486,-0.6061609310939591,0.3717252323043596,0.22921364408011324,0.18477533449416222
52.212234,-2.184236,95.43,9.05,3,354.48,25 / 25,12817710,2020-01-08 15:49:01:304,-1.21,2.4994,10.8806,-0.0309,-0.0155,9.8065,0.1262,0.1622,-0.0871,-5.62,-35.81,-10.69,213.32,-85.11,-167.63,2.642370677149311,0.856068315178279,1.0741107365115174,-0.3115272071302353,0.5717207621388514,0.5415701198348167
52.212234,-2.184236,95.43,9.05,3,354.48,25 / 25,12817810,2020-01-08 15:49:01:404,0.7915,0.2398,9.606,-0.0174,-0.0015,9.8066,0.0053,-0.1677,-0.0625,-5.94,-36.0,-10.94,211.13,-85.31,-170.58,0.1385406984052883,-0.8326289715638344,-0.2008002255923193,0.6455130802616655,0.936496013209118,0.6456565085767244
52.212234,-2.184236,95.43,9.05,3,354.48,25 / 25,12817911,2020-01-08 15:49:01:505,1.0907,0.1034,10.0369,0.0191,-0.017,9.8066,-0.0184,0.1703,-0.2258,-5.87,-35.62,-11.12,210.98,-85.44,-170.95,-0.0141417335869159,-1.0783023009255557,0.2300542744436819,-2.02253244766753,-1.3609347462801673,-0.35678817569505716
52.212234,-2.184236,95.43,9.05,3,354.48,25 / 25,12818009,2020-01-08 15:49:01:603,1.2988,1.0175,9.7987,-0.0254,0.0339,9.8065,-0.1184,-0.1598,0.1547,-5.19,-35.56,-11.31,205.96,-85.45,-172.61,0.8108081104523363,-1.4365091874314162,-0.008185502418602,-0.22554098904630937,1.5672045478189462,0.879466486608684
52.212234,-2.184236,95.43,9.05,3,354.48,25 / 25,12818110,2020-01-08 15:49:01:704,-1.0671,0.6496,10.1776,-0.0094,0.029,9.8066,-0.2302,0.0644,0.0217,-6.0,-35.81,-11.06,211.84,-85.5,-170.01,0.7476676847883903,0.9719776259952372,0.3711700118380138,0.2658094128091213,-0.5172312121025673,-0.25435751703150994
52.212234,-2.184236,95.43,9.05,3,354.48,25 / 25,12818210,2020-01-08 15:49:01:804,0.6476,-0.7796,9.1674,-0.0142,0.0142,9.8066,-0.2039,0.028,0.075,-5.75,-35.81,-11.25,210.96,-85.53,-171.1,-0.8701698440148976,-0.5575096182401903,-0.6392666017685928,0.39950468208175177,-0.15127021708900756,0.27133506841515515
52.212234,-2.184236,95.43,9.05,3,354.48,26 / 26,12818309,2020-01-08 15:49:01:903,0.6095,1.4783,10.1619,0.0088,0.0038,9.8066,0.019,0.0703,-0.0245,-6.12,-35.37,-11.31,212.07,-85.58,-170.05,1.388115927762842,-0.7799492056217086,0.3550242776785416,-1.2829390152910154,0.21253704665883788,-0.28653391122136623
52.212234,-2.184236,95.43,9.05,3,354.48,26 / 26,12818410,2020-01-08 15:49:02:004,0.3517,-5.3087,6.2084,0.0085,0.0941,9.8062,-0.3953,-0.1756,0.1062,-5.81,-35.0,-11.31,209.82,-85.35,-172.4,-5.403680773451548,0.3339788447582308,-3.5973450140185403,1.0872114346535438,-1.3330329557707918,-2.690739038451097
52.212234,-2.184236,95.43,9.05,3,354.48,26 / 26,12818509,2020-01-08 15:49:02:103,-2.2946,1.1599,9.6085,-0.0251,-0.0327,9.8065,0.2776,-0.2901,0.0038,-5.44,-35.19,-11.44,207.2,-85.6,-171.48,1.4662635774738164,2.1031276366030323,-0.1976215462196124,1.7450440679553425,0.411364657878932,-0.8247185537278707
52.212234,-2.184236,95.43,9.05,3,354.48,26 / 26,12818611,2020-01-08 15:49:02:205,3.5706,-1.7051,7.3008,-0.0541,0.0948,9.806,-0.0623,-0.3657,0.3291,-5.87,-35.5,-10.87,210.01,-85.51,-172.38,-2.2379938868424887,-3.371408234039007,-2.5058146423687515,-2.75970421706728,-1.4242621407158134,-1.6349741538159686
52.212234,-2.184236,95.43,9.05,3,354.48,26 / 26,12818710,2020-01-08 15:49:02:304,-2.3481,1.4876,9.2249,0.0247,-0.0894,9.8062,0.0095,0.2702,-0.3472,-5.06,-35.56,-11.37,208.93,-85.77,-169.47,1.8605172610127687,2.1577781684875323,-0.580936680776949,1.883422932207848,0.9762826753181842,-1.1633096701251093
52.212234,-2.184236,95.43,9.05,3,354.48,26 / 26,12818810,2020-01-08 15:49:02:404,-1.1461,0.5819,9.6288,-0.0681,-0.0076,9.8063,0.1393,-0.1194,0.2582,-6.37,-36.06,-11.0,214.01,-86.48,-168.99,0.7193031767075844,0.9961225697355036,-0.1773224916413992,1.5259309601057511,1.1552896604538927,0.6318527632093298
52.212234,-2.184236,95.43,9.05,3,354.48,26 / 26,12818909,2020-01-08 15:49:02:503,0.806,0.1642,10.8855,-0.028,0.0312,9.8065,-0.055,0.2887,0.1621,-5.75,-35.81,-10.5,217.13,-86.16,-166.73,0.0280458456512746,-0.8443218960501642,1.0788048787394142,-1.0895106588665235,-0.6396525423785187,0.5601827655235141
52.212234,-2.184236,95.43,9.05,3,354.48,26 / 26,12819010,2020-01-08 15:49:02:604,0.2286,0.5736,9.6026,0.0342,-0.0085,9.8066,-0.0833,0.066,-0.2496,-5.87,-35.62,-11.12,218.43,-86.07,-163.22,0.5533030049015637,-0.2654184340752021,-0.2040995091125094,0.23312145186191657,0.8172637500898556,0.5323469776146332
52.212234,-2.184236,95.43,9.05,3,354.48,26 / 26,12819110,2020-01-08 15:49:02:704,0.4158,1.0573,10.1825,0.024,0.0024,9.8066,-0.075,0.0263,-0.1203,-6.06,-35.69,-11.19,216.16,-86.13,-165.95,0.9978398821877432,-0.520364158205433,0.3757110224237525,-0.7784251713239254,0.5646117965598196,-0.07642346570713693
52.212234,-2.184236,95.43,9.05,3,354.48,26 / 26,12819210,2020-01-08 15:49:02:804,0.1409,-0.9006,9.6052,-0.0078,0.0161,9.8066,-0.1306,0.1147,0.0761,-5.37,-35.81,-11.56,212.86,-86.16,-164.04,-0.92810137053532,-0.0331897414544666,-0.2013425615031415,0.4682756244923929,-0.8336503528984511,0.46636448538035274
52.212234,-2.184236,95.43,9.05,3,354.48,26 / 26,12819310,2020-01-08 15:49:02:904,0.322,0.1901,10.4998,0.0185,0.0051,9.8066,0.0092,0.198,-0.1286,-5.75,-36.0,-11.56,218.1,-86.22,-162.27,0.1457612441282745,-0.3243577169478567,0.693115590047254,-0.6153217042789252,-0.07389713536164173,0.29853835254286426
52.212234,-2.184236,95.43,9.05,3,354.48,26 / 26,12819410,2020-01-08 15:49:03:004,-1.1273,0.3799,8.8729,0.0367,0.0277,9.8065,-0.0692,0.2194,-0.1104,-6.25,-35.94,-11.81,216.16,-86.15,-164.36,0.4945255275745532,1.1112134264789189,-0.9333804280089072,1.623072727031922,0.45894329412646545,-0.32398332644805594
52.212234,-2.184236,95.43,9.05,3,354.48,26 / 26,12819510,2020-01-08 15:49:03:104,-0.4174,-0.5609,10.3468,-0.0329,0.006,9.8066,0.1076,-0.3874,0.1941,-5.5,-36.19,-11.37,213.21,-86.04,-164.82,-0.5144944252396167,0.4520626130293596,0.5403395046620453,0.13866274534579226,-0.5737675395302388,0.19399066590818403
52.212234,-2.184236,95.43,9.05,3,354.48,26 / 26,12819610,2020-01-08 15:49:03:204,3.2889,0.8621,9.9357,-0.0116,0.007,9.8066,-0.0168,-0.2061,0.0698,-4.75,-35.87,-10.69,212.0,-86.04,-166.24,0.4368949169333028,-3.381394108163904,0.1282957007552567,-2.881935073184219,0.3333287641462377,0.6839611948350967
52.212234,-2.184236,95.43,9.05,3,354.48,26 / 26,12819710,2020-01-08 15:49:03:304,-1.4443,-0.4308,10.1115,-0.052,-0.0022,9.8064,-0.0585,-0.1947,0.049,-4.75,-36.0,-11.5,212.59,-86.23,-165.85,-0.2516272491017636,1.4348065262685816,0.3054459357833473,1.1358346172213476,-0.21538361029635056,0.009282628097177226
52.212234,-2.184236,95.43,9.05,3,354.48,26 / 26,12819810,2020-01-08 15:49:03:404,2.1772,1.0538,9.7454,-0.0721,-0.0049,9.8063,0.2056,-0.2331,0.1689,-5.12,-35.75,-11.5,207.83,-86.63,-171.96,0.7699671958889281,-2.363741503828959,-0.0614947992219854,-1.9167791007623916,0.6586193692545134,0.42968344141824305
52.212234,-2.184236,95.43,9.05,3,354.48,26 / 26,12819909,2020-01-08 15:49:03:503,-0.0464,-1.4392,7.8353,-0.0288,-0.035,9.8065,-0.0663,0.3166,-0.0871,-5.62,-35.31,-11.87,209.49,-86.86,-173.08,-1.391184780330906,0.1930039033136882,-1.971058406106052,-0.04926167298851336,-1.3107131887673633,-2.1979403304247214
52.212234,-2.184236,95.43,9.05,3,354.48,26 / 26,12820009,2020-01-08 15:49:03:603,-1.9397,-2.0686,7.3876,0.0102,-0.0392,9.8066,-0.1469,0.1036,-0.1818,-4.69,-35.62,-11.5,204.82,-86.89,-175.76,-1.7705976473046372,2.188282491727111,-2.4183752971281915,2.5512759876910787,-1.85410811097848,-2.018704467549171
52.212234,-2.184236,95.43,9.05,3,354.48,26 / 26,12820110,2020-01-08 15:49:03:704,-0.7499,0.595,10.8389,-0.0023,0.0774,9.8063,-0.1259,-0.1411,0.1141,-5.0,-35.62,-11.25,202.37,-87.03,-178.73,0.606851397431669,0.6769894780418374,1.032712403361106,0.5128320627232482,0.7108985413606429,0.9064336033236092
52.212234,-2.184236,95.43,9.05,3,354.48,26 / 26,12820210,2020-01-08 15:49:03:804,-0.853,-1.2627,7.2957,0.0076,0.0811,9.8063,-0.1562,-0.0807,0.1092,-4.06,-36.06,-11.75,194.79,-86.51,178.87,-1.226179951385591,1.0220169761941758,-2.510280300522423,1.2998214858031918,-1.2797159502918654,-2.2343464925298937
52.212234,-2.184236,95.43,9.05,3,354.48,24 / 25,12820310,2020-01-08 15:49:03:904,-0.1629,0.5908,10.6796,-0.0132,-0.0382,9.8065,0.1277,-0.0088,-0.1038,-4.75,-36.31,-11.44,199.26,-86.57,178.15,0.6428184297722703,0.0699016704732141,0.8730709723786312,-0.028619343996110214,0.7800785198699057,0.8745428705407498
52.212234,-2.184236,95.43,9.05,3,354.48,24 / 25,12820410,2020-01-08 15:49:04:004,0.1267,2.7013,11.3324,-0.0246,0.0202,9.8065,0.0888,-0.0704,0.0414,-4.44,-35.94,-11.56,190.36,-86.75,173.57,2.641417152570526,-0.4847757265393086,1.5256040217122198,-0.2608929475730588,1.9542700965656425,1.6599983608044224
52.212234,-2.184236,95.43,9.05,3,354.48,24 / 25,12820510,2020-01-08 15:49:04:104,1.3392,-0.0486,9.3465,-0.0323,-0.025,9.8066,0.0984,-0.1035,0.1667,-4.69,-35.81,-11.62,193.68,-86.87,173.09,-0.1944609461182583,-1.3577484002127405,-0.4603970483773056,-1.428677445746794,-4.251149768569329e-05,-0.32773416584073656
52.212234,-2.184236,95.43,9.05,3,354.48,24 / 25,12820610,2020-01-08 15:49:04:204,0.6617,1.2947,11.0905,0.0023,-0.0328,9.8066,0.1359,-0.0142,0.0043,-4.19,-35.81,-11.06,194.47,-86.83,176.91,1.2350089071628283,-0.8200740756969336,1.283625852652672,-0.6032020926727841,1.1705239764483557,1.288668306732635
52.212234,-2.184236,95.43,9.05,3,354.48,24 / 25,12820710,2020-01-08 15:49:04:304,-0.4883,0.9581,9.0729,-0.0194,-0.0086,9.8065,0.0221,-0.0432,0.005,-3.87,-35.75,-11.62,193.61,-86.77,177.31,1.0175715000863068,0.3448702118307013,-0.7335924203561194,0.25999418654806494,1.2867922153711753,-0.49819368577256873
52.212234,-2.184236,95.43,9.05,3,354.48,24 / 25,12820810,2020-01-08 15:49:04:404,1.4016,-1.2526,10.3284,-0.0208,-0.0279,9.8066,0.1205,-0.2027,0.0556,-4.37,-36.12,-12.0,190.24,-86.84,173.38,-1.392465129519339,-1.2587102073124528,0.5216095925883013,-1.0100747213382013,-1.4880280657069218,0.43837088227639565
52.212234,-2.184236,95.43,9.05,3,354.48,24 / 25,12820910,2020-01-08 15:49:04:504,-1.1299,-0.1668,9.5665,0.0044,-0.0143,9.8066,0.0927,0.1631,-0.1373,-3.81,-35.25,-11.62,190.39,-86.78,173.54,-0.009890346840624,1.144517773291779,-0.2398374400684758,1.0227542252553505,0.3309444632156595,0.048271278701562004
52.212234,-2.184236,95.43,9.05,3,354.48,24 / 25,12821010,2020-01-08 15:49:04:604,-2.2553,3.3235,10.2149,-0.0015,0.0247,9.8065,0.0426,0.1799,-0.0907,-4.25,-35.69,-11.75,189.55,-86.63,172.69,3.5541110073515885,1.824788532435296,0.408568475674417,2.1178692974141184,1.88441182835167,0.28944420654441805
52.212234,-2.184236,95.43,9.05,3,354.48,24 / 25,12821110,2020-01-08 15:49:04:704,-0.2476,-0.0777,11.8905,0.0437,-0.0735,9.8062,0.1734,0.2168,-0.2213,-4.19,-35.94,-12.0,193.58,-86.69,177.34,0.0323011529036031,0.2890733970429878,2.0843639381459087,0.1382290177195168,0.41794119736067165,2.3751469753171848
52.212234,-2.184236,95.43,9.05,3,354.48,24 / 25,12821210,2020-01-08 15:49:04:804,-0.6234,1.6196,10.9438,0.0294,-0.0282,9.8066,0.0273,0.1707,-0.0846,-3.94,-36.25,-12.25,192.44,-86.74,175.99,1.7164176528904835,0.4419803246648066,1.1371808798318392,0.7603529032859475,1.6114230852195075,1.0239256343850829
52.212234,-2.184236,95.43,9.05,3,354.48,26 / 26,12821310,2020-01-08 15:49:04:904,-1.7257,-0.7322,9.4624,0.0113,0.0347,9.8065,0.0247,0.011,0.1317,-4.94,-35.75,-11.94,198.82,-86.87,178.97,-0.5443517654976235,1.819147673117843,-0.3436456296674777,1.6769355095754406,-0.15421570087123765,-0.08102610222149331
52.212234,-2.184236,95.43,9.05,3,354.48,26 / 26,12821410,2020-01-08 15:49:05:004,0.5317,-0.6769,10.4911,-0.0072,-0.0044,9.8066,0.0434,0.0538,0.0483,-4.19,-35.75,-11.81,197.93,-86.62,-177.57,-0.7343992952190217,-0.450996585123026,0.6844482927067415,-0.15128586825002166,-0.7935661173495381,0.5939653822365892
52.212234,-2.184236,95.43,9.05,3,354.48,26 / 26,12821510,2020-01-08 15:49:05:104,0.9576,-1.8634,9.713,0.0005,-0.0331,9.8066,-0.032,-0.1102,0.0937,-3.94,-36.0,-11.31,202.64,-86.73,-173.51,-1.9353635244312763,-0.7213882565894375,-0.0936294374425131,-0.8001311825775588,-1.577016305864953,0.1371911541730805
52.212234,-2.184236,95.43,9.05,3,354.48,26 / 26,12821609,2020-01-08 15:49:05:203,0.9446,-1.1329,9.3668,0.0115,-0.0248,9.8066,-0.0296,-0.0867,0.0397,-4.44,-35.81,-11.81,204.03,-86.91,-170.85,-1.215831483803076,-0.7875477416092067,-0.4398950075636795,-0.5577440373505905,-1.2062786912453392,-0.5170124092487538
52.212234,-2.184236,95.43,9.05,3,354.48,26 / 26,12821709,2020-01-08 15:49:05:303,-1.2329,0.5893,9.8332,-0.0181,0.005,9.8066,-0.0232,-0.0315,0.0175,-3.69,-36.06,-11.31,206.65,-86.9,-169.09,0.7312157086481745,1.1324566284582454,0.0268078736033352,1.168196491486252,1.0389755460388326,0.24457151654194564
52.212234,-2.184236,95.43,9.05,3,354.48,26 / 26,12821810,2020-01-08 15:49:05:404,0.2622,-0.5197,10.0294,-0.0379,-0.0162,9.8065,0.0701,-0.0408,0.1013,-4.56,-35.69,-11.87,208.48,-87.12,-170.37,-0.5369745022020832,-0.2350273153974627,0.222883859895433,-0.11129358789238891,-0.455589770004778,0.13382754709889233
52.212234,-2.184236,95.43,9.05,3,354.48,26 / 26,12821910,2020-01-08 15:49:05:504,1.7216,-0.4832,9.3957,0.0019,-0.0286,9.8066,0.059,0.086,0.065,-4.69,-35.56,-11.81,210.88,-87.05,-167.57,-0.6655110410001075,-1.6495006364912337,-0.4112307922833221,-1.473782079901346,-0.4093225241515873,-0.1803248277720773
52.212234,-2.184236,95.43,9.05,3,354.48,26 / 26,12822010,2020-01-08 15:49:05:604,-0.8078,-0.4311,9.4839,0.0455,-0.0223,9.8065,0.061,0.0699,-0.1923,-4.5,-35.94,-11.69,211.7,-87.03,-162.33,-0.2992338877905857,0.8976878104025964,-0.3223736426141615,0.9129496463452942,-0.15595926123786907,-0.4466283669449681
52.212234,-2.184236,95.43,9.05,3,354.48,26 / 26,12822110,2020-01-08 15:49:05:704,-1.2881,0.7766,10.103,0.0523,-0.0153,9.8065,0.0386,0.2826,-0.2489,-4.69,-35.94,-11.81,217.45,-86.92,-160.02,0.952875563224879,1.231128926742334,0.2967149250495134,1.5328719314792494,1.1621930420719915,0.5553144701126189
52.212234,-2.184236,95.43,9.05,3,354.48,26 / 26,12822209,2020-01-08 15:49:05:803,-1.4803,0.7816,9.4345,-0.0054,0.0012,9.8066,-0.0384,0.1716,-0.0206,-4.56,-35.75,-11.87,213.7,-86.9,-164.19,0.9581893183973752,1.3661661647207186,-0.3718545689936529,1.3122249131374217,1.1556191602400712,-0.5343713959991208
52.212234,-2.184236,95.43,9.05,3,354.48,27 / 27,12822310,2020-01-08 15:49:05:904,1.2294,-1.2394,8.7284,0.025,-0.0347,9.8065,0.1412,0.1123,-0.0129,-5.12,-36.31,-12.0,215.69,-86.83,-161.84,-1.3455508238750382,-1.044539289584408,-1.0782447370071904,-0.6718562196837182,-1.1881675553989872,-0.8040544745577376
52.212234,-2.184236,95.43,9.05,3,354.48,27 / 27,12822410,2020-01-08 15:49:06:004,1.5304,-1.0501,9.899,0.0208,-0.0329,9.8065,0.0079,0.0551,-0.1747,-4.56,-35.81,-11.56,220.86,-86.96,-156.29,-1.19748760955905,-1.3710046976120454,0.0922702231397368,-1.4174446213612204,-0.9382576535238694,-0.08153199648808734
52.212234,-2.184236,95.43,9.05,3,354.48,27 / 27,12822510,2020-01-08 15:49:06:104,-0.0065,-0.1966,8.2837,0.0166,-0.0319,9.8065,-0.0188,-0.0722,0.0008,-4.87,-35.5,-11.87,218.44,-87.21,-159.53,-0.1606409956826369,0.0438046534142048,-1.5227787635915315,0.4003650179708985,-0.07871912505941675,-1.2748589692025631
52.212234,-2.184236,95.43,9.05,3,354.48,27 / 27,12822611,2020-01-08 15:49:06:205,2.3895,-1.3119,9.8813,-0.0109,-0.0312,9.8065,0.11,0.0483,0.1443,-4.12,-35.87,-11.81,221.05,-87.3,-152.36,-1.570006625264402,-2.221992638654412,0.0744016155166381,-2.160032244070884,-1.2228215936822675,-0.0581308608279949
52.212234,-2.184236,95.43,9.05,3,354.48,27 / 27,12822710,2020-01-08 15:49:06:304,2.4915,-0.2494,9.5102,-0.0264,0.0559,9.8064,-0.11,-0.1959,0.1904,-4.87,-35.69,-12.0,222.12,-86.97,-154.9,-0.6168960641287117,-2.460113742012473,-0.2967196697623796,-2.2221675487700283,-0.6493178801859673,-0.13479246229608782
52.212234,-2.184236,95.43,9.05,3,354.48,27 / 27,12822809,2020-01-08 15:49:06:403,0.0911,-0.0522,8.9957,0.0152,-0.0013,9.8065,-0.0485,0.0201,-0.0642,-4.25,-35.56,-12.19,220.66,-86.98,-152.19,-0.0600235805907843,-0.0687753944740668,-0.8108115532526647,0.20699685016807096,0.41071198729728403,-0.8421007663820068
52.212234,-2.184236,95.43,9.05,3,354.48,27 / 27,12822910,2020-01-08 15:49:06:504,0.7954,-0.3041,9.9215,0.0013,-0.0095,9.8066,-0.0209,0.0216,-0.0457,-4.81,-35.31,-12.12,222.23,-86.98,-154.95,-0.3913094478664163,-0.7511950882525319,0.1147555462526817,-0.727165426574868,-0.5777092964152373,0.13553843372624286
52.212234,-2.184236,95.43,9.05,3,354.48,27 / 27,12823010,2020-01-08 15:49:06:604,0.3109,-0.9986,10.0698,-0.0058,-0.0046,9.8066,-0.0739,-0.0367,0.0001,-4.56,-35.56,-12.44,222.2,-87.16,-155.17,-1.025713527597869,-0.1903463519278194,0.2632283336012805,0.38381022308331086,-0.4052892392103245,0.37635969682367454
52.212234,-2.184236,95.43,9.05,3,354.48,27 / 27,12823110,2020-01-08 15:49:06:704,0.3585,-0.878,9.8393,-0.0267,0.0052,9.8066,0.042,-0.1456,0.1763,-4.25,-35.87,-11.94,218.39,-87.21,-155.14,-0.9243356896705094,-0.2720747099733618,0.0327025227506208,-0.5230688441061623,-1.2833675935194293,-0.11477819657240344
52.212234,-2.184236,95.43,9.05,3,354.48,27 / 27,12823210,2020-01-08 15:49:06:804,1.6475,-0.2657,10.8932,0.0138,-0.0185,9.8066,0.1613,0.188,-0.066,-4.87,-35.44,-11.94,222.82,-87.15,-154.62,-0.4489013392622682,-1.590375232347496,1.086267599601586,-0.6810067139256389,0.31576145424915875,1.3498594896389502
52.21308,-2.184372,96.35,10.42,2,354.2,27 / 27,12823309,2020-01-08 15:49:06:903,-2.6895,1.9541,11.048,-0.0163,0.0254,9.8065,-0.1767,-0.3072,0.2619,-5.25,-35.75,-12.19,217.98,-86.92,-159.42,2.247057219665324,2.4115630720954173,1.2418943517287029,1.8827726067867787,1.4905485712676838,0.9422406643377503
52.21308,-2.184372,96.35,10.42,2,354.2,27 / 27,12823410,2020-01-08 15:49:07:004,-0.1868,0.376,10.5646,-0.0056,0.0044,9.8066,0.0615,-0.0365,-0.0599,-5.25,-35.81,-11.87,222.8,-86.98,-154.16,0.3913469394639844,0.1332774743444658,0.7580030922130425,1.34825690871309,1.2488109682812913,1.1327371702262639
52.21308,-2.184372,96.35,10.42,2,354.2,27 / 27,12823509,2020-01-08 15:49:07:103,-0.1471,0.2045,10.9906,0.0236,0.0326,9.8065,0.0149,-0.1566,-0.0001,-5.06,-35.81,-11.44,224.2,-86.93,-153.89,0.1919260694782711,0.1476625944607459,1.184120370592342,-0.5926582616472476,-0.39867819491730966,0.791429749728174
52.21308,-2.184372,96.35,10.42,2,354.2,27 / 27,12823610,2020-01-08 15:49:07:204,1.1323,-1.034,9.2646,-0.0094,0.0403,9.8065,-0.144,-0.2408,0.216,-4.75,-35.5,-11.69,220.81,-86.53,-155.76,-1.2083128418292004,-0.9987109330044964,-0.5420438529934004,0.42470403754061414,-0.3510540235685021,-0.13133737253677683
52.21308,-2.184372,96.35,10.42,2,354.2,27 / 27,12823710,2020-01-08 15:49:07:304,-2.1848,4.7494,11.7365,-0.0062,0.0344,9.8065,-0.1782,-0.0937,-0.0615,-5.94,-35.75,-11.19,226.71,-86.39,-154.38,4.949988462420496,1.5732407453322803,1.9300131448076476,0.7474089758561646,1.4285629388923913,1.5275486695055396
52.21308,-2.184372,96.35,10.42,2,354.2,27 / 27,12823811,2020-01-08 15:49:07:405,1.9912,-1.1159,7.3924,-0.0804,0.0968,9.8058,-0.342,-0.5437,0.4569,-5.44,-35.87,-11.19,219.06,-86.65,-159.13,-1.4617134789113564,-1.9036683292799568,-2.413733209711736,-0.41694951449590273,-0.7117579682022446,-2.0508279188223946
52.21308,-2.184372,96.35,10.42,2,354.2,27 / 27,12823910,2020-01-08 15:49:07:504,-0.2773,0.6559,8.1701,-0.0591,0.0759,9.8061,-0.3169,-0.3988,0.3471,-5.56,-35.62,-11.25,231.2,-86.83,-150.33,0.6025663036441601,0.1445510026301155,-1.6360091984311231,-0.6103483981980025,0.14473671659503506,-1.9738994385734752
52.21308,-2.184372,96.35,10.42,2,354.2,27 / 27,12824011,2020-01-08 15:49:07:605,2.3058,-1.1928,8.2762,-0.0752,0.0467,9.8062,-0.2283,-0.2686,0.4435,-5.0,-35.37,-11.75,224.31,-86.89,-152.49,-1.5268216279431444,-2.2075140968030884,-1.5303981439026564,-0.8130092017681814,-0.9623065817145398,-1.2726273101555874
52.21308,-2.184372,96.35,10.42,2,354.2,27 / 27,12824110,2020-01-08 15:49:07:704,-1.8703,0.2242,9.2176,-0.0696,0.0042,9.8064,0.0194,-0.2428,0.2168,-6.62,-35.69,-11.06,239.58,-86.79,-145.26,0.4427717975483048,1.7593495882234833,-0.58842849328844,1.2185535328714483,0.1429817430311931,-0.8286828777366531
52.21308,-2.184372,96.35,10.42,2,354.2,27 / 27,12824209,2020-01-08 15:49:07:803,0.304,-1.1289,10.5307,0.0061,-0.0324,9.8065,0.11,-0.1903,-0.0803,-5.37,-35.06,-12.06,228.81,-87.19,-148.15,-1.1250371015084897,-0.1590177890920968,0.7242424752675296,1.0240638525363497,-0.7555837417493187,0.8710270978890868
52.21308,-2.184372,96.35,10.42,2,354.2,26 / 27,12824310,2020-01-08 15:49:07:904,-0.9706,-1.2405,9.5335,0.01,0.0081,9.8066,0.0394,-0.0102,-0.0305,-5.06,-35.56,-12.25,227.21,-87.19,-149.72,-1.1166032763011928,1.1286979769711776,-0.2727635058702197,0.8860024148430308,-1.2928742122927859,-0.43748266883814646
52.21308,-2.184372,96.35,10.42,2,354.2,26 / 27,12824410,2020-01-08 15:49:08:004,1.5566,0.8996,10.2597,-0.0209,0.0067,9.8066,0.112,-0.0911,0.0923,-5.5,-35.62,-11.5,226.13,-87.01,-151.92,0.6892641805496764,-1.6766283912150413,0.4526680872149559,-0.7472152326215441,0.9359348776415426,0.5346592672975732
52.21308,-2.184372,96.35,10.42,2,354.2,26 / 27,12824510,2020-01-08 15:49:08:104,-0.7096,-0.0603,9.8135,-0.0118,0.0056,9.8066,0.0357,0.0127,0.0193,-5.37,-35.94,-11.87,222.58,-86.83,-154.13,0.0216237492034671,0.7005696589870611,0.0070587801452177,0.749840930612013,-0.13894589072671815,-0.14645993626884501
52.21308,-2.184372,96.35,10.42,2,354.2,26 / 27,12824609,2020-01-08 15:49:08:203,-0.1375,0.2721,9.6851,0.0097,0.0037,9.8066,0.039,-0.0498,-0.1043,-6.12,-35.37,-12.06,225.09,-86.72,-155.45,0.2846512375224973,0.1126121046699117,-0.1214941844646216,0.8401814047182237,0.537200619087139,-0.030634109874350002
52.21308,-2.184372,96.35,10.42,2,354.2,26 / 27,12824710,2020-01-08 15:49:08:304,3.1033,-2.4623,9.9332,0.0484,-0.0363,9.8064,0.0356,0.3091,-0.2782,-5.87,-36.31,-12.0,223.06,-86.75,-157.6,-2.7879745794146737,-2.7285887104649595,0.1263710554705647,-2.4837999864868685,-2.2823195817135495,-0.08962840659921872
52.21308,-2.184372,96.35,10.42,2,354.2,26 / 27,12824810,2020-01-08 15:49:08:404,0.9988,-0.5477,8.796,0.0089,0.0244,9.8066,-0.0026,0.1086,-0.0647,-5.5,-36.25,-11.62,219.98,-86.69,-156.79,-0.6911370054055054,-0.9106078978455394,-1.0107599498102595,-0.2573079428218171,-0.30487138894523047,-0.846815096314731
52.21308,-2.184372,96.35,10.42,2,354.2,26 / 27,12824910,2020-01-08 15:49:08:504,0.4783,0.3685,9.4715,0.0117,-0.0235,9.8066,0.0475,-0.0565,-0.0517,-5.12,-35.81,-11.56,221.15,-86.69,-155.46,0.3307366888209595,-0.5117604583259956,-0.3352402809355015,-0.22195078097532872,-0.17624183474296296,-0.6602591186982536
52.21308,-2.184372,96.35,10.42,2,354.2,26 / 27,12825010,2020-01-08 15:49:08:604,-0.1977,0.1664,10.3133,-0.0254,-0.0109,9.8065,-0.0347,-0.0288,0.01,-5.0,-35.5,-11.37,221.64,-86.78,-156.65,0.1974359679097777,0.1487317504776057,0.5068202097148422,0.8796736801781827,0.7813116255386132,0.7667126749556683
52.21308,-2.184372,96.35,10.42,2,354.2,26 / 27,12825110,2020-01-08 15:49:08:704,-0.2195,2.4377,9.9612,0.0292,-0.0026,9.8066,-0.0625,0.1615,-0.1439,-5.0,-35.56,-11.06,222.57,-87.0,-155.86,2.452276493308931,-0.057558249628973,0.1544149871745104,0.13427003603552268,1.2540182565029503,-0.27508434624038797
52.21308,-2.184372,96.35,10.42,2,354.2,26 / 27,12825210,2020-01-08 15:49:08:804,0.1263,-2.3779,8.4044,0.0085,0.026,9.8066,-0.2436,0.023,0.0361,-5.31,-35.94,-11.62,222.71,-86.96,-154.23,-2.39992602417465,0.183183393132649,-1.4019899475280349,1.102896907526731,-1.256321480069518,-1.0780955135784163
52.21308,-2.184372,96.35,10.42,2,354.2,25 / 26,12825310,2020-01-08 15:49:08:904,-1.5668,2.5895,10.887,-0.0127,0.0251,9.8065,-0.0056,-0.3061,0.0894,-5.81,-35.62,-10.75,230.65,-87.07,-151.47,2.7382437130763315,1.2219680547590566,1.0805877386618423,1.2417375201908978,1.1057518285364922,0.6037613119568358
52.21308,-2.184372,96.35,10.42,2,354.2,25 / 26,12825410,2020-01-08 15:49:09:004,2.1033,-1.5205,10.0274,-0.0356,0.0671,9.8063,-0.0675,-0.1796,0.2688,-5.81,-34.81,-11.0,227.63,-86.91,-154.64,-1.8418946921609416,-1.924299465913006,0.2207887870256799,-0.7962453682318534,-1.0709717410345845,0.5326346374161467
52.21308,-2.184372,96.35,10.42,2,354.2,25 / 26,12825510,2020-01-08 15:49:09:104,1.9716,0.5195,12.2558,-0.0149,0.0041,9.8066,0.1847,-0.1708,0.037,-6.0,-35.06,-11.37,229.34,-86.83,-152.58,0.2638518113805974,-2.0358225243653587,2.448715769728664,-2.1589566143592362,-0.6122760139611051,2.012379514168296
52.21308,-2.184372,96.35,10.42,2,354.2,25 / 26,12825610,2020-01-08 15:49:09:204,2.4591,0.4201,9.3018,0.0055,0.0118,9.8066,-0.1216,-0.1662,0.0192,-5.56,-35.25,-11.69,227.06,-86.89,-153.6,0.0991377592455108,-2.485246887915119,-0.5053756036850188,-1.2346504236865745,0.7180996783288959,-0.2948748107575161
52.21308,-2.184372,96.35,10.42,2,354.2,25 / 26,12825710,2020-01-08 15:49:09:304,-1.1756,0.5107,9.3679,-0.0077,-0.0195,9.8066,0.0957,0.099,-0.1384,-6.31,-35.06,-12.06,226.41,-87.01,-154.53,0.6716573349782446,1.0927748649340556,-0.4384970455297022,0.9506372315356734,-0.005149052947333272,-0.7520176327006239
52.21308,-2.184372,96.35,10.42,2,354.2,25 / 26,12825810,2020-01-08 15:49:09:404,4.5194,-3.1464,8.9793,-0.0648,0.0517,9.8062,-0.0097,-0.2674,0.1809,-6.37,-35.0,-12.0,221.66,-87.04,-159.8,-3.744804739094229,-4.149461897680237,-0.8275870260929257,-2.9372815047005845,-1.6922730752280333,-0.7839957333965646
52.21308,-2.184372,96.35,10.42,2,354.2,25 / 26,12825910,2020-01-08 15:49:09:504,0.2212,-0.7679,9.2935,0.0259,-0.0441,9.8065,0.1828,0.2743,-0.1996,-5.25,-35.69,-11.56,217.81,-87.11,-159.93,-0.7425392294107612,-0.1034075383800456,-0.5129716403391636,-0.094808944944613,-1.0893513593573179,-0.6599203578463997
52.21308,-2.184372,96.35,10.42,2,354.2,25 / 26,12826010,2020-01-08 15:49:09:604,-0.8474,1.0963,11.097,-0.0105,-0.0163,9.8066,0.1493,0.0564,-0.071,-6.25,-35.44,-11.81,222.54,-87.0,-158.76,1.208360755094137,0.6913427877551231,1.2904735430714191,1.6914644576424265,1.123368674172293,1.150290121990702
52.21308,-2.184372,96.35,10.42,2,354.2,25 / 26,12826110,2020-01-08 15:49:09:704,-0.5902,1.9806,9.2116,0.0159,-0.0278,9.8066,-0.0059,0.1893,-0.1544,-5.56,-35.19,-11.56,223.55,-87.0,-157.65,2.0682589921723,0.3510777743068655,-0.5950646247981473,0.6568029925577238,2.017915125649304,-0.5841392584798766
52.21308,-2.184372,96.35,10.42,2,354.2,25 / 26,12826209,2020-01-08 15:49:09:803,0.464,1.0411,10.5809,-0.0235,-0.0497,9.8065,0.0195,-0.0271,-0.0684,-6.12,-35.62,-11.56,222.14,-87.32,-159.63,1.0215547618408891,-0.6198848485715951,0.7741866009377684,0.05017469097119455,0.5694747932719391,0.4836140364319124
52.21308,-2.184372,96.35,10.42,2,354.2,25 / 26,12826310,2020-01-08 15:49:09:904,1.3733,-0.7158,9.4692,0.043,0.0087,9.8065,-0.0743,0.3382,-0.1203,-5.19,-35.75,-11.87,218.56,-87.45,-159.67,-0.88474505940029,-1.229502546881088,-0.3375193284534907,-0.5636389998193208,-0.5745117597006422,-0.21976610562876808
52.21308,-2.184372,96.35,10.42,2,354.2,25 / 26,12826410,2020-01-08 15:49:10:004,-1.3244,1.8004,9.5441,0.0233,-0.0025,9.8065,-0.0413,0.2795,-0.2039,-5.12,-35.56,-11.75,221.67,-87.27,-155.94,1.956856485799512,1.112437858768125,-0.2622826040052494,1.4357646446380399,1.26287398576778,-0.6390303606153036
52.21308,-2.184372,96.35,10.42,2,354.2,25 / 26,12826510,2020-01-08 15:49:10:104,-0.9644,-0.6924,9.5842,0.0149,-0.0178,9.8066,-0.041,0.1119,-0.2188,-5.69,-35.87,-10.87,222.63,-87.53,-161.2,-0.5472414915010113,1.055824242557156,-0.222120077454419,2.034319687569151,-0.09899649590709031,-0.065711853073953
52.21308,-2.184372,96.35,10.42,2,354.2,25 / 26,12826610,2020-01-08 15:49:10:204,-0.0739,0.8959,9.6962,-0.0193,-0.0061,9.8066,-0.0012,0.1166,-0.0324,-5.31,-35.94,-11.75,215.04,-87.8,-164.1,0.9017608771189772,-0.0582715808460967,-0.110476528562903,0.009685367661061206,0.1501170232900706,-0.5054981508499279
52.21308,-2.184372,96.35,10.42,2,354.2,25 / 26,12826710,2020-01-08 15:49:10:304,1.8479,0.5571,9.7693,-0.0048,-0.0004,9.8066,0.0826,0.1114,-0.0585,-5.12,-35.25,-11.62,209.38,-87.81,-170.37,0.3221325800860438,-1.907747279553476,-0.0377590810722617,-0.7609255750885294,0.7239086633749235,0.09746468726137614
52.21308,-2.184372,96.35,10.42,2,354.2,25 / 26,12826810,2020-01-08 15:49:10:404,-1.806,1.5829,10.2339,0.0228,0.0003,9.8066,0.0949,0.3288,-0.1896,-4.69,-35.37,-11.87,205.22,-87.73,-174.81,1.7983126579870654,1.6170946807332676,0.4275439950083143,1.5969005395373617,1.1742342292110923,0.06473685290372966
52.21308,-2.184372,96.35,10.42,2,354.2,25 / 26,12826910,2020-01-08 15:49:10:504,3.0246,-1.6823,9.9714,-0.0136,0.0213,9.8066,0.0124,-0.1118,0.2091,-4.81,-35.19,-12.0,201.48,-87.56,-178.75,-2.069127416097699,-2.8021040696457598,0.1643038612678756,-1.6806829479464613,-1.8006382457682022,0.24195855002321343
52.21308,-2.184372,96.35,10.42,2,354.2,25 / 26,12827010,2020-01-08 15:49:10:604,0.4714,-1.01,9.2875,0.0153,0.0065,9.8066,-0.0696,0.1286,-0.2253,-5.19,-35.25,-11.37,198.02,-87.29,175.99,-1.0654745937220678,-0.3256738995840574,-0.5190998663672606,-0.24880861167244472,-1.4297038220745342,-0.8253025027581894
52.21308,-2.184372,96.35,10.42,2,354.2,25 / 26,12827110,2020-01-08 15:49:10:704,0.6613,0.6266,8.8978,-0.0081,-0.0157,9.8066,0.0357,-0.3746,0.0485,-4.5,-35.75,-12.12,196.82,-87.13,-179.27,0.5537558550939368,-0.7440564772119742,-0.9090090767798136,0.1716807314636617,0.46735587953976326,-0.8992483775397251
52.21308,-2.184372,96.35,10.42,2,354.2,25 / 26,12827211,2020-01-08 15:49:10:805,2.8528,-2.0377,11.6304,-0.0565,-0.0356,9.8063,0.1756,-0.2459,0.2674,-5.44,-35.25,-11.31,202.36,-87.33,-179.16,-2.349108960271801,-2.6373696275741563,1.8236612213676355,-2.321894263346827,-2.0556525886193557,1.574806825511786
52.21308,-2.184372,96.35,10.42,2,354.2,25 / 26,12827310,2020-01-08 15:49:10:904,-0.7695,0.9629,11.8874,-0.0119,0.0612,9.8064,-0.2918,-0.0634,-0.0087,-5.19,-35.37,-11.5,200.62,-86.98,179.23,0.989274136672288,0.6387779775969727,2.081076891383021,1.2367402047913523,0.6213193848522915,2.0324080095339654
52.21308,-2.184372,96.35,10.42,2,354.2,25 / 26,12827410,2020-01-08 15:49:11:004,-0.0255,-0.4956,9.5292,-0.0376,0.0425,9.8065,-0.1675,-0.0437,0.1798,-4.62,-35.69,-11.06,197.55,-87.11,175.68,-0.535428690082526,0.0551537753218447,-0.2772498672754561,0.6640263418770727,-0.3168472720795592,-0.4829637967672883
52.21308,-2.184372,96.35,10.42,2,354.2,25 / 26,12827511,2020-01-08 15:49:11:105,0.0404,1.4148,9.9117,-0.0451,-0.0064,9.8065,0.0635,0.0105,0.0895,-5.25,-35.56,-12.19,193.12,-87.36,172.15,1.3994548657363743,-0.2620667721800908,0.1050419710682122,0.0031254080773884807,0.8277625976643171,0.01732776127281932
52.21308,-2.184372,96.35,10.42,2,354.2,25 / 26,12827610,2020-01-08 15:49:11:204,-0.1719,1.1786,10.5982,0.0106,-0.0035,9.8065,-0.0076,0.1003,-0.0871,-4.31,-36.06,-11.56,189.33,-87.43,172.07,1.195686010077405,0.0334980629561002,0.7916238974938582,0.8898381007763114,1.5944234283775667,0.6096652152840752
52.21308,-2.184372,96.35,10.42,2,354.2,25 / 26,12827710,2020-01-08 15:49:11:304,0.2794,-0.2969,10.7219,-0.024,-0.0394,9.8065,0.1522,-0.0246,0.0775,-4.75,-35.81,-11.69,191.53,-87.42,170.33,-0.2932573112067855,-0.269133844073127,0.9153589970051031,-0.2544093920559984,-0.9455065354428923,0.8093239500254799
52.21308,-2.184372,96.35,10.42,2,354.2,25 / 26,12827809,2020-01-08 15:49:11:403,0.3118,1.0501,11.4415,0.0154,-0.0249,9.8065,0.1551,-0.0612,-0.0571,-4.0,-35.75,-11.75,189.38,-87.62,172.05,1.0297667135685424,-0.4285030584952772,1.6348298396121954,0.5404756590124039,1.4834620104488423,1.4584138046206578
52.21308,-2.184372,96.35,10.42,2,354.2,25 / 26,12827910,2020-01-08 15:49:11:504,-0.345,0.9976,9.3661,-0.0094,0.0043,9.8066,0.0561,0.1168,0.0011,-4.5,-36.12,-10.62,189.86,-87.3,171.28,1.0273632145914755,0.2092267009273664,-0.4405241343256012,0.13138876927525694,0.43688758235429415,-0.5463902843481304
52.21308,-2.184372,96.35,10.42,2,354.2,25 / 26,12828010,2020-01-08 15:49:11:604,2.7039,1.3732,11.3631,-0.0059,-0.0226,9.8066,0.1766,-0.1505,0.0285,-4.69,-35.69,-10.31,196.44,-87.05,172.54,1.047129777267034,-2.863050812276429,1.555771578954947,-1.9750718797203701,1.4219926614956524,1.368674282988232
52.21308,-2.184372,96.35,10.42,2,354.2,25 / 26,12828111,2020-01-08 15:49:11:705,0.1688,2.7383,10.0548,0.0344,0.041,9.8064,-0.3548,0.3081,-0.0937,-4.69,-35.31,-10.44,196.92,-86.76,173.28,2.659508467604946,-0.4697353028545469,0.2481061587098161,-0.4435758328265261,1.6129333542819313,0.15967398681397604
52.21308,-2.184372,96.35,10.42,2,354.2,25 / 26,12828210,2020-01-08 15:49:11:804,-0.4013,0.1155,8.6718,-0.0087,0.0126,9.8066,-0.1963,0.1136,0.1088,-3.81,-35.5,-10.44,193.56,-86.74,174.22,0.1509708655869849,0.3769650316122629,-1.1347243597832395,0.9741457020604583,0.32354453394461363,-1.3480584458395857
52.21308,-2.184372,96.35,10.42,2,354.2,25 / 27,12828310,2020-01-08 15:49:11:904,0.3411,0.7121,11.3059,0.0017,-0.0727,9.8064,0.0293,0.0056,-0.1129,-3.44,-35.75,-10.75,191.52,-87.13,178.07,0.7364603399729371,-0.4349513201546643,1.49934891427668,-0.11612003009164878,0.6732878799923483,1.4441808731010215
52.21308,-2.184372,96.35,10.42,2,354.2,25 / 27,12828410,2020-01-08 15:49:12:004,-0.2875,-2.1505,8.2925,0.003,-0.0412,9.8065,-0.1981,0.0153,-0.141,-3.81,-35.37,-11.62,194.1,-87.11,177.6,-2.056721915894682,0.5515886809239451,-1.5137297076278484,0.6806494954868798,-2.1196157040242847,-1.765159414296461
52.21308,-2.184372,96.35,10.42,2,354.2,25 / 27,12828510,2020-01-08 15:49:12:104,-0.3614,-0.2043,9.8841,0.0278,-0.0353,9.8064,0.2277,0.0835,-0.1327,-4.69,-35.56,-10.94,196.46,-87.19,174.37,-0.1191461234521589,0.4072174527782005,0.0778015258150955,1.1512414033127503,0.21466738209891445,0.06416868825129596
52.21308,-2.184372,96.35,10.42,2,354.2,25 / 27,12828610,2020-01-08 15:49:12:204,-0.5017,0.9567,12.2892,-0.0119,-0.0131,9.8066,0.2335,0.1449,-0.036,-4.06,-35.44,-11.06,196.0,-87.2,178.3,1.023478716905475,0.3644846720609306,2.4826117456972923,-0.07368556977199964,0.5826917394058178,2.192929793122694
52.21308,-2.184372,96.35,10.42,2,354.2,25 / 27,12828710,2020-01-08 15:49:12:304,-0.7896,-2.5245,8.9486,0.0216,-0.0034,9.8066,-0.1006,0.1657,-0.1255,-4.44,-35.06,-11.5,196.62,-86.94,179.23,-2.400335841161012,1.1194223706272022,-0.8575756851597612,2.3244611853029555,-1.2691248142100648,-0.8365916629639534
52.21308,-2.184372,96.35,10.42,2,354.2,25 / 27,12828810,2020-01-08 15:49:12:404,-2.5548,0.3805,10.7624,0.0133,-0.0344,9.8065,0.1396,0.3107,-0.0955,-3.87,-35.56,-11.25,194.37,-87.06,176.61,0.7319464001600151,2.496104954949416,0.9564198613421688,1.5027953810081733,0.021731101579243295,0.6446155845553545
52.21308,-2.184372,96.35,10.42,2,354.2,25 / 27,12828910,2020-01-08 15:49:12:504,0.8033,0.6925,10.2277,0.0028,0.01,9.8066,-0.0987,0.0152,0.0994,-4.19,-35.19,-11.37,195.31,-86.85,177.79,0.5773884054981188,-0.8794501739642316,0.4208583261747639,0.7033120784377247,1.6218915831578644,0.45476086376051894
52.21308,-2.184372,96.35,10.42,2,354.2,25 / 27,12829010,2020-01-08 15:49:12:604,-2.3152,0.7593,8.2467,0.0545,-0.02,9.8064,-0.0998,0.1955,-0.1353,-4.19,-35.62,-10.94,198.62,-86.94,-178.38,1.0685876510986418,2.254391744770435,-1.5592591070859263,0.838418039854899,0.21952815891428737,-1.8668420866883266
52.21308,-2.184372,96.35,10.42,2,354.2,25 / 27,12829110,2020-01-08 15:49:12:704,1.3655,-3.0484,8.2466,0.0117,-0.0565,9.8065,0.1283,0.1902,0.0519,-4.56,-35.25,-11.56,201.49,-86.93,-178.13,-3.1374654804643947,-0.9698164326045648,-1.559902082165568,0.7951065519210287,-0.7933365011746764,-1.538695003727185
52.21308,-2.184372,96.35,10.42,2,354.2,25 / 27,12829210,2020-01-08 15:49:12:804,-2.3233,1.8101,11.0227,0.0612,-0.0767,9.8061,0.2327,0.4187,-0.3577,-4.69,-36.06,-11.0,211.8,-87.07,-168.08,2.169484356240276,2.1303464052335257,1.2169354427155572,0.5203116863502293,1.1923369253949503,0.9363664652301178
52.21308,-2.184372,96.35,10.42,2,354.2,27 / 27,12829310,2020-01-08 15:49:12:904,3.6207,-1.7386,8.8948,0.0515,0.0269,9.8065,-0.0886,-0.0834,0.0027,-4.0,-35.62,-11.44,206.23,-86.65,-169.24,-2.1968303703647902,-3.32099532727548,-0.9123059465208622,-1.6397205200137868,-0.8096343587452572,-0.9190641991893874
52.21308,-2.184372,96.35,10.42,2,354.2,27 / 27,12829410,2020-01-08 15:49:13:004,-1.3572,0.1336,8.4066,0.051,-0.0067,9.8064,-0.1019,0.2481,-0.1543,-4.37,-35.44,-11.0,206.67,-86.56,-168.73,0.3146959858471503,1.3800361720298335,-1.3995063309542175,-0.15710882894211742,-0.271743271315365,-1.6462660389083172
52.21308,-2.184372,96.35,10.42,2,354.2,27 / 27,12829509,2020-01-08 15:49:13:103,2.6729,-1.7835,10.5096,0.0377,-0.0277,9.8065,0.0955,0.1591,-0.191,-4.87,-35.5,-10.94,207.64,-86.68,-172.37,-2.070632077392513,-2.395863541749909,0.7026969328143897,-1.064285048970301,-0.9768225520858708,0.671707927537875
52.21308,-2.184372,96.35,10.42,2,354.2,27 / 27,12829610,2020-01-08 15:49:13:204,-2.7463,-0.9857,8.8121,0.0452,0.0174,9.8065,-0.0276,0.3585,-0.1796,-4.19,-36.25,-11.0,204.67,-86.67,-171.08,-0.6472679315813094,2.895018673252476,-0.9936922694003074,1.6596684470333678,-0.8870618748641927,-1.219381279030459
52.21308,-2.184372,96.35,10.42,2,354.2,27 / 27,12829709,2020-01-08 15:49:13:303,1.9252,-0.9977,9.4728,-0.038,-0.0077,9.8065,0.1412,-0.4688,0.3368,-4.12,-35.75,-11.37,205.61,-86.74,-170.07,-1.2270893193659511,-1.824358716336706,-0.3340314452627075,-1.0327177433193249,-0.446820042794602,-0.36861284630264185
52.21308,-2.184372,96.35,10.42,2,354.2,27 / 27,12829810,2020-01-08 15:49:13:404,3.7078,-0.899,10.6315,0.0443,-0.0208,9.8065,0.1247,-0.0366,-0.0008,-4.19,-36.12,-11.12,208.63,-86.62,-166.42,-1.3280917320043368,-3.5255945248782594,0.8242864111036691,-4.336117571060723,-1.186439065281899,0.5945976907923867
52.21308,-2.184372,96.35,10.42,2,354.2,27 / 27,12829910,2020-01-08 15:49:13:504,2.6012,-0.7219,10.033,-0.0432,-0.0051,9.8065,0.1381,-0.4579,0.235,-4.69,-35.69,-11.0,210.75,-86.46,-168.35,-1.0409212996402069,-2.5344359998777946,0.2259930540498708,-2.344627427935329,-0.48347495793744677,0.21456118837642174
52.21308,-2.184372,96.35,10.42,2,354.2,27 / 27,12830010,2020-01-08 15:49:13:604,2.4694,-1.0432,10.86,-0.0115,-0.0223,9.8066,0.1536,-0.2908,0.1148,-4.44,-35.87,-11.31,208.18,-86.29,-166.46,-1.3222031836948922,-2.334482862358608,1.0529585397255914,-2.7341449849424686,-0.8579541098564052,0.7941699498833541
52.21308,-2.184372,96.35,10.42,2,354.2,27 / 27,12830110,2020-01-08 15:49:13:704,0.2232,0.733,9.9227,-0.0144,0.01,9.8066,-0.0478,-0.0132,0.0146,-4.81,-36.0,-10.69,212.34,-86.21,-166.11,0.6877391846745923,-0.3259234032235457,0.1159772352417031,-0.6650392630754325,1.1233634243116468,0.14882976686768423
52.21308,-2.184372,96.35,10.42,2,354.2,27 / 27,12830210,2020-01-08 15:49:13:804,1.0173,-0.6061,10.6411,-0.012,-0.0062,9.8066,-0.0329,-0.1173,0.0322,-4.5,-36.44,-11.19,206.56,-86.2,-168.25,-0.7235035489903022,-0.9466561866382224,0.8343341230574342,-1.0674891332433694,-0.058440365372561365,0.5309078715915593
52.21308,-2.184372,96.35,10.42,2,354.2,23 / 25,12830310,2020-01-08 15:49:13:904,-1.1034,-0.2958,9.3241,-0.0025,0.0158,9.8065,0.0091,0.0215,0.0298,-4.94,-35.69,-10.69,211.13,-86.15,-167.44,-0.1719303210492028,1.131272117559155,-0.4821291224735803,0.4293671687836621,0.28075283826952924,-0.3962385333293705
52.21308,-2.184372,96.35,10.42,2,354.2,23 / 25,12830410,2020-01-08 15:49:14:004,-0.1918,-0.8016,10.0674,-0.0099,-0.0111,9.8066,0.0592,-0.0802,-0.0198,-4.87,-36.06,-11.0,210.99,-86.01,-167.38,-0.7616312375798813,0.2789884676071338,0.2609172146194297,0.24628253271305112,-0.030213214404277156,-0.08903251258285538
52.21308,-2.184372,96.35,10.42,2,354.2,23 / 25,12830509,2020-01-08 15:49:14:103,0.6187,-1.7823,10.8208,0.0168,0.0064,9.8066,-0.0693,0.0598,-0.0078,-4.62,-35.62,-10.69,211.66,-86.02,-166.61,-1.8497205219386237,-0.3744009454048367,1.014243985833326,-1.2500772829126559,-1.2553135713309964,1.1475021994730705
52.21308,-2.184372,96.35,10.42,2,354.2,23 / 25,12830610,2020-01-08 15:49:14:204,0.9649,0.0224,9.6249,0.0125,0.0314,9.8065,-0.0525,-0.116,0.0567,-4.75,-36.19,-10.56,212.12,-85.82,-165.76,-0.1276976254017361,-0.9438033954400408,-0.1818070054277557,-1.0636078940057132,0.5713433915068981,-0.5657086075474749
52.21308,-2.184372,96.35,10.42,2,354.2,23 / 25,12830710,2020-01-08 15:49:14:304,-1.0771,0.7306,9.678,-0.003,0.0021,9.8066,0.0059,-0.1666,0.0378,-4.62,-35.94,-10.81,212.79,-85.76,-164.86,0.856735512621018,0.9749098547824722,-0.1284369746685909,0.06673462920142537,1.6630424968630642,0.03200185136194206
52.21308,-2.184372,96.35,10.42,2,354.2,23 / 25,12830810,2020-01-08 15:49:14:404,1.4226,-0.2115,10.2509,-0.0272,-0.0052,9.8066,0.1079,0.0279,0.1267,-5.81,-36.37,-10.94,217.22,-85.76,-164.07,-0.3854349807834313,-1.412863321721671,0.4440037496711967,-1.718566834475624,0.24695008053183531,0.05263267799399057
52.21308,-2.184372,96.35,10.42,2,354.2,23 / 25,12830910,2020-01-08 15:49:14:504,1.2777,-1.6625,9.0377,-0.03,0.0139,9.8065,-0.0512,-0.1951,0.1447,-5.56,-36.44,-10.62,215.96,-85.46,-165.06,-1.82642837734172,-1.08828741936145,-0.7689210397046569,-1.981440459861871,-0.8080141233521902,-0.6143288322928542
52.21308,-2.184372,96.35,10.42,2,354.2,23 / 25,12831010,2020-01-08 15:49:14:604,0.2891,0.2681,10.7841,0.0103,-0.0359,9.8065,0.0808,0.0269,-0.0176,-5.06,-36.31,-10.81,214.08,-85.5,-162.9,0.2669323146712047,-0.3147537120221731,0.9775093043815682,-0.8012476774159469,0.8645558493779516,0.6155431709812981
52.21308,-2.184372,96.35,10.42,2,354.2,23 / 25,12831110,2020-01-08 15:49:14:704,1.0583,-0.8001,9.8062,0.0008,-0.0004,9.8066,-0.0529,0.0251,0.0127,-5.62,-36.06,-11.06,217.49,-85.38,-163.1,-0.9253190254035496,-0.9495319352515166,-0.0005524162699202,-1.880598993686842,0.24656521646144092,0.10833381888070881
52.21308,-2.184372,96.35,10.42,2,354.2,23 / 25,12831209,2020-01-08 15:49:14:803,-1.1213,-1.0429,10.5332,0.0248,-0.0308,9.8065,0.0267,0.0911,-0.1406,-5.12,-35.56,-10.94,214.3,-85.45,-162.57,-0.8612426700973391,1.2631883243557989,0.7270494002575044,0.6905528536996675,-0.2225232407051802,0.4331881214226389
52.21308,-2.184372,96.35,10.42,2,354.2,24 / 25,12831310,2020-01-08 15:49:14:904,-0.9244,-2.0661,9.7405,0.0006,0.0294,9.8065,-0.0704,-0.1756,0.0603,-6.0,-35.94,-10.25,218.69,-85.44,-163.52,-1.9638120845591545,1.1790847964304254,-0.0655926014581725,0.09067280130708921,-0.7254190731182653,-0.03854531969339997
52.21308,-2.184372,96.35,10.42,2,354.2,24 / 25,12831410,2020-01-08 15:49:15:004,1.132,-2.1651,9.3914,-0.0129,-0.0022,9.8066,0.0129,-0.0896,0.1003,-5.37,-35.81,-10.69,212.71,-85.35,-164.31,-2.2888072069204206,-0.8661769986886839,-0.4152378071560972,-1.3907692473873512,-1.2359457234625006,-0.6117557492453555
52.21308,-2.184372,96.35,10.42,2,354.2,24 / 25,12831510,2020-01-08 15:49:15:104,0.9129,-1.7957,9.6892,-0.0307,0.0266,9.8065,-0.0751,-0.1514,0.1581,-6.06,-36.5,-10.75,214.71,-85.27,-166.23,-1.925744299265105,-0.7089857153187342,-0.1173272744161907,-2.0797601404520902,-0.6991588439572486,-0.19401327259018386
52.21308,-2.184372,96.35,10.42,2,354.2,24 / 25,12831609,2020-01-08 15:49:15:203,-0.5869,-0.1923,9.6345,-0.0064,-0.0173,9.8066,-0.0041,0.0058,-0.0241,-5.0,-36.5,-10.37,213.52,-85.46,-165.02,-0.1012635290241551,0.5978297835703342,-0.1719561210478463,0.22943606250137966,0.8459107019059605,-0.2595837866939486
52.21308,-2.184372,96.35,10.42,2,354.2,24 / 25,12831710,2020-01-08 15:49:15:304,-0.7412,-1.747,10.1304,-0.0247,0.001,9.8066,0.0837,0.0033,0.0246,-5.19,-36.19,-11.5,210.93,-85.48,-166.65,-1.6449947130066245,0.928792901451714,0.3241277994760113,-0.7913403931107439,-0.47043654044256344,0.14100260741927162
52.21308,-2.184372,96.35,10.42,2,354.2,24 / 25,12831809,2020-01-08 15:49:15:403,-0.6082,-0.5596,9.8035,0.0009,-0.0255,9.8066,0.0207,-0.1421,-0.132,-4.75,-36.19,-10.44,210.42,-85.61,-169.04,-0.4539830149680234,0.6709442278022766,-0.0029146696811839,0.48541975281819816,0.6862300984667014,0.01099517801615979
52.21308,-2.184372,96.35,10.42,2,354.2,24 / 25,12831910,2020-01-08 15:49:15:504,-5.5788,2.0224,11.3314,0.031,-0.0419,9.8065,0.2115,0.3281,-0.385,-5.5,-36.25,-10.75,205.23,-85.52,-173.59,2.747784648249385,5.308272029583196,1.525922057901286,3.2717761135759345,3.8795777438695263,1.2506021208963698
52.21308,-2.184372,96.35,10.42,2,354.2,24 / 25,12832010,2020-01-08 15:49:15:604,1.8684,0.0302,10.3076,-0.0592,0.0166,9.8064,0.0119,-0.1609,0.1494,-4.37,-36.19,-10.87,200.24,-85.68,-175.2,-0.2268242336394211,-1.9143668491389727,0.5007778888405651,-1.9967145551880794,1.068216264635095,0.5949009404753827
52.21308,-2.184372,96.35,10.42,2,354.2,24 / 25,12832110,2020-01-08 15:49:15:704,-3.8183,-0.2257,9.5113,0.0366,-0.0237,9.8065,0.1373,0.4337,-0.3401,-5.0,-36.12,-10.62,206.88,-85.74,-171.89,0.280224810782147,3.85007010609287,-0.2943387225496277,1.636258733561303,1.4172257743515835,-0.637074897871763
52.21308,-2.184372,96.35,10.42,2,354.2,24 / 25,12832209,2020-01-08 15:49:15:803,-3.9235,0.4014,10.1393,-0.0426,-0.0036,9.8065,0.1417,0.1115,0.1308,-4.06,-36.44,-10.44,201.39,-85.59,-175.09,0.8857735567973015,3.800036440667878,0.3336074124998797,3.6466255238574896,2.269734470656879,0.47938333669151106
52.21394,-2.18449,95.91,9.97,2,355.23,24 / 25,12832310,2020-01-08 15:49:15:904,-2.8523,-1.3688,9.5733,0.0357,-0.0113,9.8066,-0.017,0.4587,-0.184,-4.94,-36.25,-10.5,206.52,-85.41,-173.5,-0.986816127074787,3.0347816823305376,-0.2325364744210076,0.8619452287646423,0.21470324698530796,-0.6133916904384059
52.21394,-2.18449,95.91,9.97,2,355.23,24 / 25,12832410,2020-01-08 15:49:16:004,-1.4274,-2.4144,9.1563,0.0155,0.0022,9.8066,0.0367,0.3177,-0.125,-3.5,-36.37,-10.56,198.7,-85.38,-171.93,-2.21786990949989,1.73311470992057,-0.6497480487018721,1.2769777749842346,-0.8077407095815937,-0.4832737055861841
52.21394,-2.18449,95.91,9.97,2,355.23,24 / 25,12832510,2020-01-08 15:49:16:104,-1.0551,-0.9012,10.3433,0.0304,-0.0451,9.8065,0.1254,0.287,-0.1654,-3.87,-36.56,-10.5,202.14,-85.29,-173.62,-0.7140296874309604,1.1836530172856947,0.5371208803776998,-0.6936400728589114,0.5921546884285664,0.14828499166010306
52.21394,-2.18449,95.91,9.97,2,355.23,24 / 25,12832610,2020-01-08 15:49:16:204,-1.1766,-1.0901,9.0216,0.0076,0.0082,9.8066,-0.1055,0.1419,0.0512,-3.19,-36.12,-10.62,199.15,-85.47,-171.47,-0.942125169782563,1.3120851781054292,-0.7846337870995757,0.30901004916799435,0.4614361807758703,-0.6277472224006931
52.21394,-2.18449,95.91,9.97,2,355.23,24 / 25,12832710,2020-01-08 15:49:16:304,-1.7921,-2.8705,9.9493,-0.0051,-0.0065,9.8066,0.1044,0.4935,-0.0664,-3.44,-35.62,-10.5,200.99,-85.66,-170.4,-2.618816725898361,2.130134274587244,0.1433709119161519,0.7942676373413595,-1.2073941150847993,-0.22545973611221998
52.21394,-2.18449,95.91,9.97,2,355.23,24 / 25,12832810,2020-01-08 15:49:16:404,-1.7212,-2.9604,8.2263,0.0099,0.0422,9.8065,-0.0942,0.3781,-0.2469,-1.81,-35.69,-10.44,195.18,-85.52,-172.02,-2.76342597797535,2.092346835034283,-1.579527649701961,0.32984247163134106,-1.3569744835989068,-1.458533318843051
52.21394,-2.18449,95.91,9.97,2,355.23,24 / 25,12832910,2020-01-08 15:49:16:504,-0.8255,-1.2742,10.2792,0.0512,-0.0436,9.8064,0.2679,0.6071,-0.3715,-1.75,-35.87,-10.25,191.48,-85.59,-176.76,-1.1116468162393842,1.0231937523580488,0.4731120280444118,0.42167353741945135,0.3633226975359696,0.14671262134364793
52.21394,-2.18449,95.91,9.97,2,355.23,24 / 25,12833010,2020-01-08 15:49:16:604,-4.8009,0.1123,10.6978,0.0127,-0.0022,9.8066,0.1735,0.5368,-0.2279,-1.12,-36.25,-10.5,186.93,-85.55,-176.88,0.7138785752903405,4.761552136374553,0.8922394758854579,2.103359744820568,2.1679533717778914,0.9579063969052949
52.21394,-2.18449,95.91,9.97,2,355.23,24 / 25,12833109,2020-01-08 15:49:16:703,-2.4171,-0.895,8.7546,0.0014,-0.0239,9.8066,0.0526,0.5271,-0.1312,-0.56,-35.12,-9.87,183.91,-85.28,179.31,-0.5628116558330707,2.5084837355274887,-1.051386631383762,2.7362771766748457,0.9078768852480379,-1.3199173049771808
52.21394,-2.18449,95.91,9.97,2,355.23,24 / 25,12833210,2020-01-08 15:49:16:804,-3.4557,-1.8251,10.7028,0.0226,-0.0276,9.8066,0.0757,0.4709,-0.1795,-0.06,-35.62,-9.69,178.88,-85.44,178.57,-1.3496983377027787,3.6750801196226326,0.8971354923069643,0.10519056447127073,0.20831940424295353,0.8942749518742791
52.21394,-2.18449,95.91,9.97,2,355.23,23 / 26,12833309,2020-01-08 15:49:16:903,-2.3791,-1.834,9.6007,-0.0163,-0.0027,9.8066,-0.0301,0.43,0.022,1.19,-35.5,-9.94,170.42,-85.47,173.54,-1.5224039264441016,2.572752548056055,-0.2052046569127064,3.585914789696665,-0.1207547341386194,-0.4046987305935077
52.21394,-2.18449,95.91,9.97,2,355.23,23 / 26,12833409,2020-01-08 15:49:17:003,-5.9424,-2.1728,9.4762,0.0118,0.0132,9.8066,-0.0119,0.7299,-0.2214,1.75,-35.94,-8.87,164.22,-85.38,171.89,-1.426531357068792,6.180380257999191,-0.3288859282993362,1.8368432500645118,0.27174687635829675,-0.4110465997932169
52.21394,-2.18449,95.91,9.97,2,355.23,23 / 26,12833511,2020-01-08 15:49:17:105,-2.1083,-2.0098,10.9237,-0.0202,0.0326,9.8065,-0.08,0.7039,-0.0627,2.75,-36.19,-8.12,156.12,-85.17,168.5,-1.7660161725625476,2.3262158014640355,1.1178560431766542,3.919766773641592,-0.4642060980571853,0.9975255078341999
52.21394,-2.18449,95.91,9.97,2,355.23,23 / 26,12833610,2020-01-08 15:49:17:204,-8.9689,-3.2036,8.2024,0.0416,0.0355,9.8064,-0.0977,1.286,-0.5631,3.19,-35.12,-8.25,155.76,-84.88,167.75,-2.090410620600303,9.34443074786175,-1.6017154852524167,4.52400196507562,-0.26202712414206714,-1.7722075194470768
52.21394,-2.18449,95.91,9.97,2,355.23,23 / 26,12833710,2020-01-08 15:49:17:304,2.2274,-1.9769,10.3007,0.0333,0.0059,9.8065,0.0833,0.5726,-0.0625,4.63,-35.75,-6.62,141.48,-84.82,163.5,-2.240874203367956,-1.9298535151965317,0.493915483219167,-0.10444711874164325,-1.0167008722754214,0.45867201303377625
52.21394,-2.18449,95.91,9.97,2,355.23,23 / 26,12833809,2020-01-08 15:49:17:403,-6.1303,-3.4198,11.3103,0.0808,0.0456,9.8062,-0.0796,1.1398,-0.4379,5.75,-35.31,-7.5,137.68,-84.77,164.91,-2.663785010515634,6.594384455529783,1.5057955539911156,1.7093138782170105,-0.7704546437673824,1.2468510022239654
52.21394,-2.18449,95.91,9.97,2,355.23,23 / 26,12833909,2020-01-08 15:49:17:503,2.9768,-0.9136,10.7291,0.0578,-0.033,9.8063,0.1401,0.496,0.0016,6.31,-35.69,-7.0,136.97,-84.72,163.48,-1.237634144397186,-2.786627965743856,0.922249155682186,-1.1526063177194619,-0.01957765885897493,0.9640098762003733
52.21394,-2.18449,95.91,9.97,2,355.23,23 / 26,12834009,2020-01-08 15:49:17:603,-6.6454,-4.3003,10.4478,0.0899,0.0409,9.8061,0.1049,1.0981,-0.4132,6.88,-36.0,-6.44,131.71,-85.01,166.51,-3.467447726767736,7.223894588143721,0.643595883704312,2.710638757592724,-1.612231094271967,0.3149870002443526
52.21394,-2.18449,95.91,9.97,2,355.23,23 / 26,12834110,2020-01-08 15:49:17:704,-1.0143,-3.8494,8.6047,0.0255,-0.0272,9.8066,0.1388,0.304,0.0623,7.06,-35.31,-5.56,130.16,-84.82,164.46,-3.662801534710975,1.508551645112551,-1.2012981900207589,2.5593759406597316,-2.359687980436732,-1.111908484157842
52.21394,-2.18449,95.91,9.97,2,355.23,23 / 26,12834210,2020-01-08 15:49:17:804,-3.0526,-6.4951,10.1977,0.08,0.0378,9.8062,0.1252,0.8115,-0.3198,8.63,-35.31,-4.06,116.71,-84.97,166.63,-6.091282675401869,3.92265239092208,0.3928243988633342,0.13066322088011617,-4.374747782101033,0.034392637622768285
52.21394,-2.18449,95.91,9.97,2,355.23,24 / 24,12834310,2020-01-08 15:49:17:904,1.9386,-1.9714,9.0556,-0.0118,-0.0091,9.8066,0.0356,0.1823,0.1576,8.25,-36.19,-4.06,120.41,-84.78,165.49,-2.190234400346476,-1.690326671683652,-0.7512332956770352,-1.478460188535828,-0.7381750986236933,-0.6604808629568005
52.21394,-2.18449,95.91,9.97,2,355.23,24 / 24,12834410,2020-01-08 15:49:18:004,1.0769,-1.5136,9.6182,0.0272,0.016,9.8065,0.0765,0.5604,-0.1082,8.69,-35.5,-3.0,113.82,-84.62,166.96,-1.648563246109177,-0.8507383060069735,-0.1883791343815928,-3.7465109359585806,-0.12028141081603527,-0.5266743652590485
52.21394,-2.18449,95.91,9.97,2,355.23,24 / 24,12834510,2020-01-08 15:49:18:104,1.9734,-0.1865,9.4157,-0.0265,-0.03,9.8065,-0.0364,0.1088,0.1615,9.5,-34.62,-2.12,106.98,-84.43,167.09,-0.4046743459640589,-1.9646886664674812,-0.391221187530522,-2.6501298888145057,1.1895668907071384,-0.34608644812466144
52.21394,-2.18449,95.91,9.97,2,355.23,24 / 24,12834610,2020-01-08 15:49:18:204,-0.304,-2.2798,10.5576,0.0162,-0.0139,9.8066,0.0472,0.4453,-0.0369,10.69,-35.06,-1.5,97.57,-84.43,164.59,-2.208237733159384,0.6000651584133843,0.7512920667153539,-1.428969827488186,-0.8348256280200765,0.4740934553805259
52.21394,-2.18449,95.91,9.97,2,355.23,24 / 24,12834709,2020-01-08 15:49:18:303,-1.7173,-4.9365,9.9285,-0.0202,-0.0472,9.8064,-0.0968,0.0839,0.1746,9.94,-34.56,-1.12,98.72,-84.56,163.91,-4.63952177941032,2.293476028445871,0.1229498894731317,0.8461098064088092,-2.994736121711349,0.09403357346824237
52.21394,-2.18449,95.91,9.97,2,355.23,24 / 24,12834810,2020-01-08 15:49:18:404,0.9904,-0.5043,9.7194,0.0145,-0.0094,9.8066,0.0005,0.2733,-0.0135,10.19,-34.25,-1.19,95.47,-84.69,161.56,-0.6127291232145015,-0.90655453634301,-0.0873644905021401,-2.267354181966581,0.7147574143348371,-0.2880890554594269
52.21394,-2.18449,95.91,9.97,2,355.23,24 / 24,12834909,2020-01-08 15:49:18:503,-0.6194,-3.2614,10.4759,-0.0137,-0.0255,9.8066,-0.0748,0.2253,0.018,11.06,-34.87,0.25,87.03,-84.57,159.45,-3.135074173852803,1.004305387938581,0.6697495070537207,-0.9384118201097849,-1.5853542205231221,0.5683894618166195
52.21394,-2.18449,95.91,9.97,2,355.23,24 / 24,12835010,2020-01-08 15:49:18:604,1.0575,-0.8615,9.939,-0.0146,-0.039,9.8065,-0.0316,0.1905,0.045,11.31,-34.81,0.75,80.28,-84.48,157.86,-0.9497522539313282,-0.9612054598318188,0.1323466287514125,-1.9391449706003798,0.4641290763793735,-0.006851355297089745
52.21394,-2.18449,95.91,9.97,2,355.23,24 / 24,12835110,2020-01-08 15:49:18:704,-0.4924,-2.7087,9.9183,-0.0214,-0.0263,9.8065,-0.0311,0.4094,-0.0798,12.06,-34.12,0.81,77.42,-84.34,156.27,-2.602728721018773,0.8017680638451112,0.1121658440972205,-1.331434618285647,-1.2792433109281434,-0.032724492053356535
52.21394,-2.18449,95.91,9.97,2,355.23,24 / 24,12835210,2020-01-08 15:49:18:804,-0.3142,-1.5942,10.1649,-0.0282,-0.0287,9.8065,-0.0105,0.2866,-0.0286,12.56,-34.0,1.75,69.57,-83.95,153.34,-1.5175957916175251,0.4788887521306779,0.3586159315305155,-0.39467863520714475,0.0625331994165576,0.2455333079744461
52.21394,-2.18449,95.91,9.97,2,355.23,24 / 24,12835309,2020-01-08 15:49:18:903,-1.1265,-2.5415,11.6874,0.0044,0.0238,9.8065,0.2297,0.7603,-0.2081,12.19,-33.44,2.56,64.02,-83.73,152.66,-2.4041354364686844,1.4415119630355353,1.8813983558887712,-0.6245170046178152,-1.3503451812644733,1.7335192201841247
52.21394,-2.18449,95.91,9.97,2,355.23,24 / 24,12835410,2020-01-08 15:49:19:004,-1.1097,-2.682,9.3758,-0.0021,0.048,9.8065,0.1468,0.7798,-0.3653,12.5,-33.81,3.31,66.76,-83.64,154.51,-2.5706173432955217,1.4394592201476963,-0.4301905134705572,0.46812309642055183,-0.856509132281695,-0.5537118968258876
52.21394,-2.18449,95.91,9.97,2,355.23,24 / 24,12835510,2020-01-08 15:49:19:104,0.2676,2.0824,8.8168,0.0438,0.0521,9.8064,0.0511,0.3492,-0.116,12.81,-33.94,3.75,61.65,-83.87,154.98,1.9864798615900023,-0.4749858479463154,-0.9898479144535708,-2.311810035485839,2.8518197672750585,-1.108858487680399
52.21394,-2.18449,95.91,9.97,2,355.23,24 / 24,12835610,2020-01-08 15:49:19:204,-0.7358,-2.2575,10.3005,0.0128,0.0502,9.8065,0.081,0.6533,-0.1969,12.75,-33.37,4.81,57.61,-83.74,155.85,-2.196312155046189,1.0303926466929594,0.4943896856098859,-0.1392350744276064,-0.5001339349589731,0.34114550065799265
52.21394,-2.18449,95.91,9.97,2,355.23,24 / 24,12835710,2020-01-08 15:49:19:304,-0.1078,3.0997,8.6681,0.0032,0.0083,9.8066,-0.0997,-0.0309,0.0604,11.88,-33.44,5.75,52.11,-83.66,156.07,3.081034626414767,-0.2750736316185546,-1.1387788802139749,-1.8196226617758016,3.9397426637479267,-1.219707826968105
52.21394,-2.18449,95.91,9.97,2,355.23,24 / 24,12835810,2020-01-08 15:49:19:404,0.0235,-1.0548,9.8171,0.0107,0.0101,9.8066,-0.0422,0.3722,0.0267,12.0,-33.5,5.63,51.3,-83.73,155.56,-1.0581844978674206,0.1200802811555062,0.0106016296242373,-1.2615260088673201,0.4024553248428293,-0.16678403933856034
52.21394,-2.18449,95.91,9.97,2,355.23,24 / 24,12835910,2020-01-08 15:49:19:504,-0.5623,-3.7881,9.9896,-0.002,-0.0584,9.8064,0.0182,-0.0469,0.2132,12.0,-33.44,6.38,51.73,-83.73,155.9,-3.630715416992574,1.0209430382712534,0.1836880328652486,-0.24017053125410337,-2.5731782687415854,0.12689449906894607
52.21394,-2.18449,95.91,9.97,2,355.23,24 / 24,12836010,2020-01-08 15:49:19:604,0.5332,-3.3666,9.7435,-0.0186,0.0221,9.8065,0.0437,0.2663,-0.049,11.56,-32.56,7.94,42.2,-83.54,155.72,-3.4310621328837967,-0.1249408592803678,-0.0627881515349609,-1.6781626862071197,-0.967944270294397,-0.2400225267743817
52.21394,-2.18449,95.91,9.97,2,355.23,24 / 24,12836111,2020-01-08 15:49:19:705,-0.2433,0.1085,9.7734,-0.0178,-0.0051,9.8066,0.0516,0.0203,0.1621,12.5,-32.37,7.94,46.22,-83.33,157.47,0.140828789998675,0.209582893511362,-0.0331619157304592,-0.8164624163241331,1.534560545550187,-0.09165279862185927
52.21394,-2.18449,95.91,9.97,2,355.23,24 / 24,12836211,2020-01-08 15:49:19:805,0.3328,0.4361,9.5081,-0.0276,0.0146,9.8066,0.0225,0.0587,0.008,12.88,-32.5,8.5,45.24,-83.2,159.9,0.3732511472763353,-0.4100760183307284,-0.2986199930462039,-2.0678819962907142,0.8902736684174757,-0.4470863510970041
52.21394,-2.18449,95.91,9.97,2,355.23,24 / 24,12836311,2020-01-08 15:49:19:905,0.8128,-2.3788,10.0018,0.0162,-0.0166,9.8065,0.0321,-0.0202,0.1293,12.56,-32.62,9.0,47.68,-83.14,161.51,-2.443079360490012,-0.4958841387898486,0.1953577468245554,-1.354865032545052,-0.7064034972625738,0.11274805321306922
52.21394,-2.18449,95.91,9.97,2,355.23,24 / 24,12836410,2020-01-08 15:49:20:004,-0.2038,0.7545,10.9653,0.0229,-0.0084,9.8066,0.0613,-0.2077,0.2083,12.94,-33.06,8.38,51.48,-83.24,161.36,0.7852946082641641,0.1295393478999506,1.1586746418114482,-1.5513064928208444,0.8438824208898462,1.0574872056354505
52.21394,-2.18449,95.91,9.97,2,355.23,24 / 24,12836510,2020-01-08 15:49:20:104,-0.2763,-3.0842,9.5814,-0.0245,-0.0371,9.8065,-0.0243,0.0734,0.0745,12.25,-32.81,8.81,47.68,-83.04,162.93,-2.9919382361204705,0.6298304395956014,-0.2247462315571499,-0.1436446535086301,-1.0429856919912694,-0.3384114538393992
52.21394,-2.18449,95.91,9.97,2,355.23,24 / 24,12836609,2020-01-08 15:49:20:203,-1.8961,-0.4751,9.0048,-0.0166,-0.0424,9.8065,0.0273,-0.1755,0.1526,12.56,-32.5,9.75,46.57,-82.77,163.59,-0.1950236488612482,1.9189687329974008,-0.8012472827805381,0.3082263933609808,-0.41786813259571987,-0.8555464683744789
52.21394,-2.18449,95.91,9.97,2,355.23,24 / 24,12836710,2020-01-08 15:49:20:304,-2.3977,-4.4459,10.9733,-0.0398,-0.0146,9.8065,0.0328,0.2703,-0.0478,13.06,-32.94,9.69,49.45,-82.47,165.15,-4.1026275243577945,2.8917717001835666,1.1677491898516943,2.111900987456631,-2.160623189375692,1.0363687843309861
52.21394,-2.18449,95.91,9.97,2,355.23,24 / 24,12836810,2020-01-08 15:49:20:404,-2.6837,1.605,10.2254,0.0105,-0.0221,9.8066,-0.0338,-0.1213,0.0823,12.38,-33.0,9.44,52.87,-82.26,165.75,1.9503718440924949,2.470194040146177,0.4192285340927448,1.0275523970183962,1.6748107545104838,0.3919483581452333
52.21394,-2.18449,95.91,9.97,2,355.23,24 / 24,12836909,2020-01-08 15:49:20:503,1.7828,-1.783,9.7011,0.0147,0.0198,9.8066,-0.12,0.2779,-0.1079,12.0,-33.19,9.94,48.08,-82.48,165.72,-2.009202892167924,-1.5294852111906347,-0.1057091616331775,-2.405283833600471,-0.2925547362332078,-0.2247933027380913
52.21394,-2.18449,95.91,9.97,2,355.23,24 / 24,12837010,2020-01-08 15:49:20:604,-3.4391,-2.2918,10.0913,0.0256,-0.0081,9.8066,0.0119,0.0723,0.0322,11.75,-33.94,8.94,51.28,-82.83,165.11,-1.833842526414109,3.722350637894564,0.2856802178679012,2.5310268258759385,-1.9636775256218546,0.25318391407561014
52.21394,-2.18449,95.91,9.97,2,355.23,24 / 24,12837110,2020-01-08 15:49:20:704,-1.1763,2.0591,10.0218,-0.017,0.035,9.8065,0.0093,0.2849,-0.1823,10.88,-33.44,9.13,50.84,-82.94,167.07,2.1528719777738634,0.8978173800076764,0.2153545668710229,-0.1353792061932122,3.311286073634289,0.14553666407667673
52.21394,-2.18449,95.91,9.97,2,355.23,24 / 24,12837210,2020-01-08 15:49:20:804,0.6127,1.6171,9.8577,-0.007,0.0161,9.8066,0.0365,0.1036,-0.0495,10.63,-34.5,10.5,42.05,-82.85,166.29,1.5112382483252296,-0.8145046537135631,0.050807734429323,-1.7148902566844435,1.6365151522518715,-0.02050352559556906
52.21394,-2.18449,95.91,9.97,2,355.23,24 / 25,12837310,2020-01-08 15:49:20:904,-0.7453,-0.0267,9.7593,0.0026,0.0106,9.8066,0.0409,0.1242,0.0031,10.94,-33.44,10.81,42.09,-82.94,166.78,0.0562437370522638,0.7467249186747361,-0.0471330868138789,-0.44988325609882407,0.9136247646492551,-0.03494480790199963
52.21394,-2.18449,95.91,9.97,2,355.23,24 / 25,12837410,2020-01-08 15:49:21:004,0.1693,-0.0847,9.9417,-0.007,0.002,9.8066,-0.0849,0.1659,-0.0645,11.13,-33.69,12.13,39.3,-83.02,167.31,-0.1079968172167007,-0.1641443530582121,0.135070014548618,-0.798200789309812,0.27786759435779984,0.0002537846237672947
52.21394,-2.18449,95.91,9.97,2,355.23,24 / 25,12837510,2020-01-08 15:49:21:104,-3.2036,-0.5044,10.6238,0.0174,0.0058,9.8066,0.1634,-0.0148,0.0677,11.75,-33.94,11.94,41.15,-83.02,166.69,-0.1045331947219343,3.259292319055509,0.8179530977672165,1.9578606669662117,0.338066467713662,0.9319736704604091
52.21394,-2.18449,95.91,9.97,2,355.23,24 / 25,12837610,2020-01-08 15:49:21:204,-1.114,-0.665,10.4918,0.0084,0.0231,9.8066,0.0626,0.0266,-0.0702,12.0,-33.19,12.06,41.4,-82.94,167.06,-0.5427293353293459,1.1992830984551306,0.6855124567306043,0.7480411786151417,0.03040532056686171,0.47784793875786546
52.21394,-2.18449,95.91,9.97,2,355.23,24 / 25,12837710,2020-01-08 15:49:21:304,-2.2746,-0.3659,9.0575,0.0051,0.0076,9.8066,0.0162,0.1053,0.0064,11.69,-33.31,11.44,44.27,-82.9,166.46,-0.0863808790264451,2.3086517359769125,-0.7485657323905561,1.0053962273488861,0.03924273917361254,-0.5297050047017069
52.21394,-2.18449,95.91,9.97,2,355.23,24 / 25,12837810,2020-01-08 15:49:21:404,-1.1623,-0.9086,11.0511,0.0254,0.0521,9.8064,0.1031,0.1166,-0.1529,11.81,-33.37,11.13,44.63,-83.0,166.89,-0.8050203908895982,1.297936056707977,1.245053425740963,0.9200007155193715,-0.1511436665326069,0.9716493654844732
52.21394,-2.18449,95.91,9.97,2,355.23,24 / 25,12837910,2020-01-08 15:49:21:504,-2.8281,-0.0276,9.6089,-0.005,-0.0108,9.8066,-0.129,-0.0383,0.0201,12.5,-33.87,11.5,42.22,-82.95,165.56,0.335330730070336,2.80320764179772,-0.1970821109014268,1.6041492600722957,0.2528057327592914,0.11427848714718902
52.21394,-2.18449,95.91,9.97,2,355.23,24 / 25,12838009,2020-01-08 15:49:21:603,-0.4243,-0.2213,9.2456,-0.0001,0.017,9.8065,-0.0191,0.1465,-0.105,12.5,-33.87,11.13,45.25,-82.96,165.23,-0.1835858721293906,0.4507314610540823,-0.5607840204308104,0.05506612296187391,0.4561076596526538,-0.8799970861379818
52.21394,-2.18449,95.91,9.97,2,355.23,24 / 25,12838110,2020-01-08 15:49:21:704,-1.4505,0.3065,9.8768,0.0016,0.0119,9.8066,0.0525,-0.0685,-0.019,12.44,-33.25,11.44,42.44,-82.86,164.9,0.4733687031290048,1.4040174897849422,0.0704880789634266,0.37639942481886535,0.26444812945609725,0.4515127824253977
52.21394,-2.18449,95.91,9.97,2,355.23,24 / 25,12838210,2020-01-08 15:49:21:804,-2.2237,-0.9361,10.8129,0.0036,0.0246,9.8066,0.0518,0.0409,-0.0501,12.31,-34.06,11.06,42.95,-82.84,164.98,-0.6754089559827708,2.3294772273458597,1.0068803600504452,1.8774630343880063,-0.10499403352169834,0.6694516831800851
52.21394,-2.18449,95.91,9.97,2,355.23,23 / 24,12838310,2020-01-08 15:49:21:904,-0.2953,0.415,9.7124,-0.0003,0.0062,9.8066,-0.0589,-0.0265,-0.1033,12.38,-33.5,11.19,41.55,-82.78,164.07,0.4423866676311138,0.2417458492103746,-0.094175690556497,-0.6079991564775833,0.14514257540165681,0.32769142508362886
52.21394,-2.18449,95.91,9.97,2,355.23,23 / 24,12838410,2020-01-08 15:49:22:004,-1.7521,-0.1243,10.454,0.0267,-0.0164,9.8065,0.0618,-0.058,0.1228,12.44,-33.87,11.19,41.89,-82.78,164.04,0.1147867449421696,1.77822360522347,0.6478988447370683,1.2914341347811056,0.6047904430947089,0.32407650874238203
52.21394,-2.18449,95.91,9.97,2,355.23,23 / 24,12838511,2020-01-08 15:49:22:105,-2.6901,-1.9978,9.6928,0.017,0.002,9.8066,-0.065,0.0071,0.0424,12.56,-33.37,10.94,42.95,-82.92,163.57,-1.646651541962123,2.9353547750440105,-0.1130129814671375,2.216007613196166,-2.0302690091590527,0.31711788212087727
52.21394,-2.18449,95.91,9.97,2,355.23,23 / 24,12838610,2020-01-08 15:49:22:204,-1.2404,-0.6464,10.2877,-0.0026,0.0034,9.8066,0.0144,0.0749,-0.0052,12.38,-33.44,11.5,37.34,-83.04,163.9,-0.4903532705268345,1.309053537141545,0.4814338967925367,0.849272157453999,-0.06545241777802602,0.20586072653263265
52.21394,-2.18449,95.91,9.97,2,355.23,23 / 24,12838709,2020-01-08 15:49:22:303,-0.8256,-0.1582,10.3534,0.0029,0.0138,9.8066,-0.0045,0.0365,-0.0264,12.44,-33.75,11.38,41.61,-82.87,163.96,-0.0673133442521382,0.8433557502830811,0.5469976984869824,0.1829426896552982,-0.5473580717257033,0.9501157044249929
52.21394,-2.18449,95.91,9.97,2,355.23,23 / 24,12838810,2020-01-08 15:49:22:404,-2.2082,-1.0341,10.4856,0.0052,0.0084,9.8066,0.0164,-0.0379,-0.0704,12.81,-34.06,10.81,43.53,-83.04,163.93,-0.7583266965967251,2.325960269297929,0.6795853565787046,1.9595111487279366,-0.38355271623483933,0.4883196110117187
52.21394,-2.18449,95.91,9.97,2,355.23,23 / 24,12838910,2020-01-08 15:49:22:504,-3.0231,2.0925,9.6309,-0.0351,0.0361,9.8064,0.0014,0.3609,-0.1852,12.31,-33.5,11.81,37.68,-82.94,164.04,2.4129138496354687,2.708307528104259,-0.1750494143124777,2.0483597560533413,1.4260537703377159,0.16543886018992005
52.21394,-2.18449,95.91,9.97,2,355.23,23 / 24,12839009,2020-01-08 15:49:22:603,-2.4349,0.7112,10.44,-0.0066,0.0074,9.8066,0.0201,0.1711,-0.0241,12.5,-33.56,10.75,46.82,-82.84,166.34,1.0011374188503182,2.3214467384579422,0.6338610250525786,2.0852228659542216,1.3221528077679456,0.560416982200373
52.21394,-2.18449,95.91,9.97,2,355.23,23 / 24,12839110,2020-01-08 15:49:22:704,-1.8983,2.8416,9.3721,0.0133,0.0203,9.8066,-0.0703,0.2761,-0.0315,12.63,-33.44,10.75,46.62,-83.13,166.92,3.0376094395698203,1.5449916917399855,-0.4343593732046546,0.8672786337588244,1.3557301290535724,-0.18650202925900783
52.21394,-2.18449,95.91,9.97,2,355.23,23 / 24,12839210,2020-01-08 15:49:22:804,0.6231,-3.3997,9.4557,-0.0284,0.0485,9.8064,-0.048,0.2804,-0.3706,12.75,-34.06,10.56,47.53,-83.18,167.45,-3.50254957087346,-0.2163778624733707,-0.3505040715963235,-0.3323682345191683,-1.7523804089368418,-0.2832574312666107
52.21394,-2.18449,95.91,9.97,2,355.23,24 / 24,12839310,2020-01-08 15:49:22:904,-0.8242,-0.147,9.7773,-0.0543,0.0503,9.8063,-0.0341,0.2593,-0.3032,12.44,-33.5,10.69,42.11,-83.11,164.99,-0.0997631030547019,0.7884994975319451,-0.0288125955229111,0.12078410038068088,-0.7831238991830847,0.11193626782291918
52.21394,-2.18449,95.91,9.97,2,355.23,24 / 24,12839410,2020-01-08 15:49:23:004,2.3233,0.3512,8.9634,-0.0326,-0.0054,9.8065,-0.032,0.1733,-0.0826,12.81,-33.62,9.13,55.04,-82.91,166.89,0.0599997870192323,-2.381785472341077,-0.8436491980098356,-2.427772685109654,0.22004190618684918,-0.6344442467982243
52.21394,-2.18449,95.91,9.97,2,355.23,24 / 24,12839510,2020-01-08 15:49:23:104,-0.9519,3.5967,8.6761,0.0348,0.035,9.8065,0.045,0.235,-0.1063,13.06,-33.75,8.56,54.47,-82.93,166.46,3.656856214230552,0.5351483802001356,-1.1305338471768849,-0.06683144518722495,1.290639251767033,-1.0850168832250953
52.21394,-2.18449,95.91,9.97,2,355.23,24 / 24,12839610,2020-01-08 15:49:23:204,0.2226,0.5616,10.8898,0.028,0.0391,9.8065,0.042,0.1501,-0.2328,12.31,-33.62,7.94,55.49,-83.34,165.9,0.4942334131199782,-0.2584798697095278,1.083206254741322,-0.2980276422692494,0.583012238929834,1.4047763035559933
52.21394,-2.18449,95.91,9.97,2,355.23,24 / 24,12839710,2020-01-08 15:49:23:304,0.3766,1.8138,9.5414,-0.0319,0.014,9.8066,-0.0973,-0.1432,-0.1343,12.13,-33.44,7.31,58.64,-83.25,164.85,1.7347992001518098,-0.6296690036582622,-0.2654656493496919,-1.113971103264681,0.9747558915643232,-0.2708813485111988
52.21394,-2.18449,95.91,9.97,2,355.23,24 / 24,12839810,2020-01-08 15:49:23:404,-0.366,1.1103,9.1118,0.0176,-0.0329,9.8065,-0.0052,0.0343,0.1233,11.25,-34.31,8.19,49.57,-83.22,162.36,1.1820606751613294,0.238219167715398,-0.694728348615575,0.16029288420936133,1.2560832443678096,-0.3223862262788949
52.21394,-2.18449,95.91,9.97,2,355.23,24 / 24,12839909,2020-01-08 15:49:23:503,0.3551,0.9524,10.7781,-0.0234,-0.0377,9.8065,-0.0182,-0.1223,0.022,10.75,-33.75,7.5,51.53,-83.08,163.65,0.9352457281397348,-0.4992243193038481,0.9714202628172772,-0.8454208699360616,0.06502140214965138,0.9863890820672837
52.21394,-2.18449,95.91,9.97,2,355.23,24 / 24,12840010,2020-01-08 15:49:23:604,0.1919,3.2101,8.2396,-0.0569,-0.0587,9.8063,-0.1233,-0.301,0.0342,10.25,-34.44,8.19,48.68,-82.52,161.98,3.2121565296173125,-0.6540877339188466,-1.5670748021628629,-0.7765809811069756,2.1388696326029253,-1.2243728690959048
52.21394,-2.18449,95.91,9.97,2,355.23,24 / 24,12840109,2020-01-08 15:49:23:703,1.0169,3.2444,9.2568,0.0192,0.0514,9.8065,0.19,0.2187,-0.3002,11.13,-34.75,9.44,45.52,-82.72,161.66,3.043638722364138,-1.3879242401932972,-0.5502308708255643,-1.616966391792396,0.9554008352523069,-0.437699344161422
52.21394,-2.18449,95.91,9.97,2,355.23,24 / 24,12840209,2020-01-08 15:49:23:803,-0.4859,4.6415,6.3895,-0.03,-0.0743,9.8062,-0.1021,-0.1057,0.0027,11.19,-34.19,9.0,43.22,-82.35,159.6,4.735603385400336,-0.1348911325944487,-3.417062817469452,-0.26985351519342643,2.2660428692930843,-3.1752563408383643
52.21394,-2.18449,95.91,9.97,2,355.23,24 / 24,12840310,2020-01-08 15:49:23:904,-0.4676,0.7903,9.1801,0.0605,0.1106,9.8058,-0.1578,-0.0575,0.1326,11.63,-34.37,8.69,44.57,-82.15,158.56,0.7402005684068416,0.439369647233099,-0.6256513578826877,0.2746817754796216,-0.5022913811168568,-0.3644010681531886
52.21394,-2.18449,95.91,9.97,2,355.23,23 / 23,12840409,2020-01-08 15:49:24:003,1.6284,-0.6788,11.5636,0.0248,0.0125,9.8065,-0.2067,-0.5694,0.3672,12.25,-34.44,9.88,38.13,-82.67,157.8,-0.8857352802740642,-1.5052885588233953,1.756817699123392,-1.5987016777109075,-0.4916608389971877,1.8672565305816418
52.21394,-2.18449,95.91,9.97,2,355.23,23 / 23,12840510,2020-01-08 15:49:24:104,0.6498,6.7584,8.1491,0.0246,0.1053,9.806,-0.2522,-0.3693,0.3336,12.56,-33.94,8.88,45.7,-82.93,159.21,6.523104635191121,-1.449519208638499,-1.6576888254844877,-1.6138044802620386,0.6125583241794144,-1.249045722200985
52.21394,-2.18449,95.91,9.97,2,355.23,23 / 23,12840610,2020-01-08 15:49:24:204,-0.4513,-0.6048,10.7126,0.0194,0.0531,9.8065,0.0558,-0.3819,0.1911,12.13,-34.75,8.88,42.26,-82.79,157.51,-0.5940102798964749,0.5488529844661578,0.9062672336678096,0.5507322912003395,-0.15366893556677066,0.9126322009694895
52.21394,-2.18449,95.91,9.97,2,355.23,23 / 23,12840710,2020-01-08 15:49:24:304,-1.4602,3.9363,9.6469,-0.0271,0.0528,9.8064,-0.0262,-0.3816,0.3757,13.5,-34.69,9.88,42.96,-82.37,157.59,4.031874621802194,0.9377170154072464,-0.1595679889048678,0.7202534668767637,0.598469645965933,0.3381500655558115
52.21394,-2.18449,95.91,9.97,2,355.23,23 / 23,12840810,2020-01-08 15:49:24:404,0.5465,-1.9722,9.1995,-0.0213,0.0434,9.8065,0.1115,-0.095,0.1278,13.0,-34.5,10.5,39.08,-82.37,159.42,-2.070711391040349,-0.3119038831731246,-0.606926274499027,-0.1800266736172344,-1.6574660809759112,-0.6282468231693723
52.21394,-2.18449,95.91,9.97,2,355.23,23 / 23,12840910,2020-01-08 15:49:24:504,0.4569,3.3313,9.3623,-0.0022,0.0097,9.8066,-0.051,-0.4081,0.1937,13.06,-34.0,9.94,42.75,-82.32,159.18,3.2384007250847886,-0.8695869494381502,-0.4447259168714704,-1.1687103316066279,0.7516682954040295,0.04736850087022482
52.21394,-2.18449,95.91,9.97,2,355.23,23 / 23,12841010,2020-01-08 15:49:24:604,2.0959,-1.9304,9.4202,-0.0217,0.0448,9.8065,0.0254,0.0802,0.0309,12.25,-34.5,9.63,41.81,-82.44,160.33,-2.223856402938877,-1.854696728424157,-0.3865685381410223,-1.5866515026811179,-1.9031786361194378,-0.3396244648390789
52.21394,-2.18449,95.91,9.97,2,355.23,23 / 23,12841109,2020-01-08 15:49:24:703,-0.5309,-0.4552,9.1357,0.0065,0.0118,9.8066,-0.0204,-0.1888,0.084,13.31,-34.5,9.13,47.73,-82.38,159.94,-0.3963937827879777,0.5915898706268061,-0.6707368813020467,0.21138702905143178,-1.3567324646919254,-0.2804588261563328
52.21394,-2.18449,95.91,9.97,2,355.23,23 / 23,12841209,2020-01-08 15:49:24:803,2.0835,-0.6479,9.8851,0.0138,0.0276,9.8066,-0.1003,0.283,-0.08,12.56,-34.56,8.63,48.42,-82.51,160.34,-0.9282944151252136,-1.969336995189977,0.0781144559185514,-1.5858615732139925,-1.158386413916819,0.2724061037020231
52.21394,-2.18449,95.91,9.97,2,355.23,24 / 25,12841309,2020-01-08 15:49:24:903,1.1883,-0.146,9.1888,0.0,-0.0044,9.8066,-0.0218,0.1586,-0.0487,13.13,-34.62,9.31,48.04,-82.66,160.3,-0.2887078078120356,-1.1612286046770983,-0.6180454832680574,-1.599078650227384,-0.9217509694684316,-0.3925340326635224
52.21406,-2.185326,94.6,9.04,3,267.45,24 / 25,12841410,2020-01-08 15:49:25:004,-0.4871,0.0265,10.5133,-0.0252,-0.0106,9.8065,0.1069,-0.1437,0.1385,12.44,-34.75,10.44,42.54,-82.49,160.63,0.0944544869125112,0.453507447977426,0.7068971668716008,0.9143583213358569,-0.4304228707225689,1.0807477750804246
52.21406,-2.185326,94.6,9.04,3,267.45,24 / 25,12841510,2020-01-08 15:49:25:104,0.372,-2.712,9.1741,-0.001,-0.0133,9.8065,-0.1784,0.1419,-0.0691,12.31,-34.0,9.94,42.21,-82.38,160.53,-2.724192360666224,-0.0334423538684481,-0.6322167674583811,-0.49378748547198104,-2.385638826997477,-0.5783709099227944
52.21406,-2.185326,94.6,9.04,3,267.45,24 / 25,12841610,2020-01-08 15:49:25:204,1.2929,0.8569,7.9144,0.0001,-0.0094,9.8066,-0.1072,-0.1987,0.1966,11.75,-33.87,9.88,42.02,-82.46,160.52,0.6982067813399069,-1.3902968974249434,-1.8925670919419328,-0.8960707942965624,0.020891961986102103,-1.3670760660525039
52.21406,-2.185326,94.6,9.04,3,267.45,24 / 25,12841710,2020-01-08 15:49:25:304,1.0645,-2.0174,10.5332,-0.0547,-0.0269,9.8064,-0.1214,0.1963,0.0104,11.0,-33.69,8.69,46.14,-82.69,162.47,-2.114468098014028,-0.8624354894220388,0.7267508645101901,-1.3088872971973038,-2.3073562472727187,0.6602208347202305
52.21406,-2.185326,94.6,9.04,3,267.45,24 / 25,12841810,2020-01-08 15:49:25:404,1.1243,0.9904,7.0367,-0.0284,-0.0522,9.8064,-0.2641,0.0085,0.0309,10.69,-33.5,9.69,43.18,-82.44,163.63,0.890538515416269,-1.273072419703506,-2.770053773259727,-0.7859442082719623,0.2598276467844024,-2.171127259508918
52.21406,-2.185326,94.6,9.04,3,267.45,24 / 25,12841909,2020-01-08 15:49:25:503,-2.4739,0.8831,9.8533,-0.0183,0.0391,9.8065,0.128,0.2762,-0.2449,10.56,-33.37,9.63,43.48,-82.39,163.79,1.143606196358536,2.3311863069544554,0.0472532529929047,1.927817209597627,0.7265574360148643,-0.051209347680105766
52.21406,-2.185326,94.6,9.04,3,267.45,24 / 25,12842010,2020-01-08 15:49:25:604,-0.1235,2.5514,8.7216,-0.0018,-0.0168,9.8066,-0.0774,0.1053,-0.0182,10.25,-32.62,9.56,41.64,-82.57,164.78,2.5632557747324016,-0.1992313709865206,-1.0852252411899688,0.2515690626485687,1.5930995212465324,-0.5113559081795156
52.21406,-2.185326,94.6,9.04,3,267.45,24 / 25,12842110,2020-01-08 15:49:25:704,-1.0928,0.8037,9.0822,0.0237,0.073,9.8063,0.1324,0.2861,-0.214,10.88,-32.5,9.94,44.16,-83.16,165.91,0.8641634854754624,1.016840887120858,-0.7239279181314722,0.6719311500660555,0.20738081988554224,-0.7636963118356828
52.21406,-2.185326,94.6,9.04,3,267.45,24 / 25,12842210,2020-01-08 15:49:25:804,-0.2588,-3.4235,10.9288,0.0052,0.0187,9.8065,0.1691,0.2018,-0.1777,11.25,-32.81,10.38,43.87,-83.06,165.19,-3.38233911128022,0.6908921023291908,1.122695136376428,1.0922602068832308,-2.093549085719653,1.588044385454411
52.21406,-2.185326,94.6,9.04,3,267.45,25 / 26,12842310,2020-01-08 15:49:25:904,1.7923,1.5156,9.2413,0.0102,0.047,9.8065,-0.0558,0.2942,-0.1795,12.75,-32.87,10.19,49.51,-83.08,166.2,1.2348882274241848,-1.95118288515432,-0.5657329974908841,-2.2379589701089255,0.3135051509453871,-0.48494505413726285
52.21406,-2.185326,94.6,9.04,3,267.45,25 / 26,12842410,2020-01-08 15:49:26:004,1.6594,-1.3841,10.2903,-0.0027,0.0382,9.8065,0.0778,0.3655,-0.1942,11.94,-32.44,8.94,49.75,-83.14,165.15,-1.61841395113308,-1.4718919962136952,0.4835766477611137,-1.1189169536919146,-1.4207663668656045,0.7952253287299839
52.21406,-2.185326,94.6,9.04,3,267.45,25 / 26,12842510,2020-01-08 15:49:26:104,-0.4792,1.1309,10.3644,-0.0187,-0.0059,9.8066,-0.0427,0.0216,0.0691,12.06,-33.25,8.69,49.7,-82.95,164.42,1.185387085670873,0.3150304527113959,0.5577890291043449,0.07667834160366016,0.07913065303177791,0.7783921855938687
52.21406,-2.185326,94.6,9.04,3,267.45,25 / 26,12842610,2020-01-08 15:49:26:204,1.12,-3.2041,9.6097,-0.0274,0.0264,9.8065,-0.028,0.4007,-0.2819,11.06,-32.87,9.25,48.94,-82.79,165.25,-3.348371753081355,-0.7355880070369641,-0.1967336704031247,-0.4257576118783508,-1.6220472468012295,-0.04083427489530367
52.21406,-2.185326,94.6,9.04,3,267.45,25 / 26,12842711,2020-01-08 15:49:26:305,-0.0981,3.0009,9.4025,0.0011,0.002,9.8066,0.1121,-0.2085,0.0721,11.38,-33.62,9.25,48.07,-82.67,163.94,2.987836642160498,-0.2754157160846464,-0.404372406448147,-0.472311208150262,0.8529048554729344,-0.06484243195293371
52.21406,-2.185326,94.6,9.04,3,267.45,25 / 26,12842810,2020-01-08 15:49:26:404,-0.4733,1.6885,10.0331,-0.0087,0.0255,9.8066,-0.0099,0.1898,-0.0852,11.75,-33.5,9.31,50.85,-82.54,164.63,1.7079684750649915,0.2535621795058593,0.226438334449811,0.5174884791814605,2.116978651766901,0.2604892879333328
52.21406,-2.185326,94.6,9.04,3,267.45,25 / 26,12842910,2020-01-08 15:49:26:504,-1.2055,3.4131,10.3671,0.0228,0.001,9.8066,0.011,-0.2716,0.1491,11.63,-33.87,10.31,46.19,-82.63,164.09,3.538667431824048,0.7931296465219693,0.560433511449607,0.6438199727625289,0.9677900079849671,0.967475255475536
52.21406,-2.185326,94.6,9.04,3,267.45,25 / 26,12843010,2020-01-08 15:49:26:604,-0.6238,0.0988,8.9172,-0.0194,0.0011,9.8066,-0.0571,0.0375,-0.0525,11.25,-33.94,9.75,43.04,-82.77,163.72,0.1722380717945055,0.5877043161798806,-0.8892776244615909,0.7881581251810512,0.47213147884330714,-0.9174739010864235
52.21406,-2.185326,94.6,9.04,3,267.45,25 / 26,12843110,2020-01-08 15:49:26:704,-1.5763,-2.1316,9.1739,0.0034,-0.0162,9.8065,0.1862,-0.195,0.0545,11.38,-34.0,9.56,43.18,-82.59,163.53,-1.9019616786456903,1.831286285094402,-0.63204772366366,1.7510387772932856,-2.68859070650871,-0.22926879173806192
52.21406,-2.185326,94.6,9.04,3,267.45,25 / 26,12843210,2020-01-08 15:49:26:804,0.151,0.3234,9.5241,0.0013,-0.011,9.8066,0.0099,-0.0498,0.0395,11.38,-33.81,10.31,43.13,-82.4,163.16,0.3131042909487793,-0.1901635183497559,-0.2825654601650803,-0.08286221604970301,0.3957626943728284,-0.29781741524505256
52.21406,-2.185326,94.6,9.04,3,267.45,24 / 25,12843310,2020-01-08 15:49:26:904,-1.0441,-0.8236,9.1469,0.046,0.0111,9.8065,0.0922,-0.1388,0.0823,11.81,-33.94,9.56,42.86,-82.79,161.69,-0.6923069634913813,1.1858224879370798,-0.6592801797445883,1.2041740090088386,-1.1370400665922467,-0.34200299854179733
52.21406,-2.185326,94.6,9.04,3,267.45,24 / 25,12843411,2020-01-08 15:49:27:005,-2.1208,0.8067,10.407,0.0017,-0.0106,9.8066,0.089,-0.0909,0.0476,11.69,-33.87,10.25,43.54,-82.69,162.08,1.0756189930802518,2.00388849347059,0.6007831451207625,1.9871267909860322,0.8635143034612808,0.676626425188161
52.21406,-2.185326,94.6,9.04,3,267.45,24 / 25,12843510,2020-01-08 15:49:27:104,0.1994,1.9979,9.1535,0.0362,0.0005,9.8065,-0.0324,-0.2079,0.1011,11.81,-33.56,10.0,44.36,-82.57,162.53,1.9614164493418176,-0.4108334929462993,-0.6532314699437568,-0.2692916910438184,1.9277795759922127,-0.49695105330232325
52.21406,-2.185326,94.6,9.04,3,267.45,24 / 25,12843610,2020-01-08 15:49:27:204,-1.3557,-0.3412,10.6534,0.0359,0.0206,9.8065,0.0579,-0.0681,-0.0017,11.63,-33.87,10.0,41.91,-82.96,161.2,-0.1853978923267131,1.425658704099324,0.8472392170731056,1.266232754315856,-0.7464328426567314,1.0774909608030363
52.21406,-2.185326,94.6,9.04,3,267.45,24 / 25,12843710,2020-01-08 15:49:27:304,-0.0251,-0.8743,10.688,-0.0112,-0.0212,9.8066,-0.0866,-0.1749,0.0986,12.0,-33.31,10.44,41.55,-82.98,161.24,-0.8446471859434138,0.1199632146148391,0.8814866637772509,0.39147758807223404,-0.4234006765570748,0.8265450704108079
52.21406,-2.185326,94.6,9.04,3,267.45,24 / 25,12843810,2020-01-08 15:49:27:404,1.0519,-0.7996,9.8762,0.0156,0.0059,9.8066,0.0048,0.0347,0.0309,11.5,-33.75,9.63,41.46,-83.02,160.94,-0.9284254185609028,-0.9277901992296788,0.0694527780824184,-1.224623893287076,-1.8617116650357057,0.48325911574436703
52.21406,-2.185326,94.6,9.04,3,267.45,24 / 25,12843910,2020-01-08 15:49:27:504,0.7433,0.1618,10.0703,-0.0085,-0.0284,9.8066,-0.0593,-0.2279,0.09,11.44,-33.87,10.31,39.23,-82.89,160.95,0.0949918568858664,-0.7697091551216306,0.2635172359587141,-0.38953247241380673,0.9716591005163449,-0.010943538867227875
52.21406,-2.185326,94.6,9.04,3,267.45,24 / 25,12844010,2020-01-08 15:49:27:604,0.0097,3.6339,8.0166,0.006,-0.0194,9.8066,-0.1336,-0.3261,0.2242,10.75,-33.62,9.38,43.2,-82.88,160.52,3.624201743907791,-0.4587929335767201,-1.7903589985128108,-0.8547251146598064,0.7284057161502138,-1.2093574323193303
52.21406,-2.185326,94.6,9.04,3,267.45,24 / 25,12844110,2020-01-08 15:49:27:704,-0.5054,0.1479,9.8223,-0.0275,-0.0714,9.8063,-0.1163,-0.1523,0.215,11.38,-33.31,9.25,44.12,-83.11,161.98,0.2771791801175471,0.4468220509842083,0.0160828126778218,0.8781408860881779,1.5357103507039802,-0.4403336621708327
52.21406,-2.185326,94.6,9.04,3,267.45,24 / 25,12844210,2020-01-08 15:49:27:804,-0.9625,2.0861,8.7679,0.0013,-0.0448,9.8064,-0.2347,-0.2341,0.1642,11.31,-33.94,9.0,43.91,-82.82,160.97,2.234373642435303,0.6908130710873606,-1.038498544440602,0.27337997438361983,0.5106831788812807,-0.34753532367811957
52.21406,-2.185326,94.6,9.04,3,267.45,25 / 25,12844310,2020-01-08 15:49:27:904,1.1458,-2.9918,11.3489,-0.0102,-0.0565,9.8065,-0.1923,-0.275,0.1629,12.25,-33.31,9.13,44.36,-83.29,160.64,-3.056426043664115,-0.7813274319235852,1.542435455289919,-0.39557605740268387,-0.5287685956623713,0.9744170247458647
52.21406,-2.185326,94.6,9.04,3,267.45,25 / 25,12844410,2020-01-08 15:49:28:004,-0.9578,2.6299,8.7722,-0.001,-0.0588,9.8065,-0.0926,-0.3358,0.3106,11.88,-34.31,9.63,39.03,-83.18,159.25,2.786947863106992,0.6143144450521608,-1.0343547703392826,0.2900206619303783,0.5078693432914508,-0.31136669297244424
52.21406,-2.185326,94.6,9.04,3,267.45,25 / 25,12844510,2020-01-08 15:49:28:104,0.4928,-0.9982,9.5672,-0.0254,-0.0467,9.8065,-0.1136,0.0088,0.0505,12.31,-34.12,9.5,41.34,-83.37,161.37,-1.0087055399427538,-0.3954581460267397,-0.2393198036725999,-0.1820225256137898,0.42102403432029833,-0.8406944083264858
52.21406,-2.185326,94.6,9.04,3,267.45,25 / 25,12844610,2020-01-08 15:49:28:204,-1.0364,3.0668,8.5712,-0.0145,-0.0589,9.8064,-0.1813,-0.3294,0.2136,12.5,-33.44,8.69,46.25,-83.04,160.17,3.228640648914292,0.6244626536578717,-1.235283406496208,0.5277140571723613,0.7831750387992613,-0.5522742470035669
52.21406,-2.185326,94.6,9.04,3,267.45,25 / 25,12844710,2020-01-08 15:49:28:304,-0.3743,-3.0339,10.3807,-0.0065,-0.0375,9.8066,-0.1198,-0.076,0.0508,12.06,-32.69,9.56,40.68,-83.22,160.91,-2.927113822466496,0.7384204728486697,0.5744740948063093,0.6481153314773305,-0.8997046442376169,0.0006229597851829952
52.21406,-2.185326,94.6,9.04,3,267.45,25 / 25,12844809,2020-01-08 15:49:28:403,-0.7223,4.2576,10.8352,0.061,-0.048,9.8063,-0.0796,-0.4239,0.295,12.25,-32.69,9.13,41.92,-83.36,158.78,4.369739881445567,0.2400845415171668,1.0286487454075737,0.4926296148670517,1.3312396445251036,1.6267298183181849
52.21406,-2.185326,94.6,9.04,3,267.45,25 / 25,12844910,2020-01-08 15:49:28:504,-0.4523,-0.9526,9.6946,-0.0187,-0.0075,9.8066,-0.167,0.2788,-0.0574,12.56,-32.0,9.75,40.86,-83.59,160.04,-0.8836662427574394,0.5480865512249073,-0.1118126727045613,0.05507198014047876,-0.3540182150265774,-0.6296835049636071
52.21406,-2.185326,94.6,9.04,3,267.45,25 / 25,12845010,2020-01-08 15:49:28:604,-0.3571,-0.4779,8.6783,-0.0089,-0.0171,9.8066,-0.1086,-0.0668,0.0589,12.63,-33.12,9.38,45.0,-83.56,159.95,-0.4138656464965529,0.4031980250076626,-1.1281787754074748,1.0752512822156237,-0.35222351265463747,-0.624835439822179
52.21406,-2.185326,94.6,9.04,3,267.45,25 / 25,12845110,2020-01-08 15:49:28:704,0.3132,-2.6281,11.7759,0.0236,-0.0067,9.8066,0.1931,0.3471,-0.1442,12.06,-32.87,9.38,43.14,-83.57,160.11,-2.6369141352812453,0.0390729115522543,1.9694937828631995,-0.8862933214858062,-2.1543447950961876,1.5023099088777943
52.21406,-2.185326,94.6,9.04,3,267.45,25 / 25,12845209,2020-01-08 15:49:28:803,2.1999,-4.3825,10.1439,0.0148,0.0335,9.8065,0.1395,0.4119,-0.3295,13.13,-32.81,8.88,44.25,-83.55,159.32,-4.653973544988125,-1.6174912386306224,0.3373560515298969,-0.5383545328818542,-1.1844555624756936,0.7668442279668981
52.21406,-2.185326,94.6,9.04,3,267.45,23 / 25,12845311,2020-01-08 15:49:28:905,-2.3736,4.6485,10.0129,-0.0429,0.1198,9.8058,-0.1086,0.0603,-0.2909,12.94,-32.87,10.0,38.41,-83.52,157.67,4.7839870791222046,1.7477777372839458,0.2071646636046383,0.4511499846748175,1.2237566457284346,-0.23961530700005823
52.21406,-2.185326,94.6,9.04,3,267.45,23 / 25,12845410,2020-01-08 15:49:29:004,0.4763,-3.0344,10.0767,-0.008,0.0868,9.8063,0.1271,0.7323,-0.1121,12.38,-32.87,9.69,42.37,-84.22,163.77,-3.157209818567912,-0.091398612830039,0.270600342038077,1.2912737010171298,-0.5862988614185812,0.6660992290168133
52.21406,-2.185326,94.6,9.04,3,267.45,23 / 25,12845509,2020-01-08 15:49:29:103,-5.0288,9.1437,11.4391,-0.0044,-0.0055,9.8066,0.0222,0.3111,0.2051,12.0,-32.75,9.19,49.06,-84.28,166.23,9.70440571327865,3.843997171636724,1.6326995273269291,2.320993549098112,0.829034777142128,1.1645428222416903
52.21406,-2.185326,94.6,9.04,3,267.45,23 / 25,12845610,2020-01-08 15:49:29:204,1.0865,-2.2463,9.3322,-0.161,0.1478,9.8041,-0.3355,0.9904,-0.9347,12.25,-32.5,8.38,58.7,-84.12,171.01,-2.5310000603311447,-0.939134885096738,-0.4719375299741269,0.5755136216910086,-0.2817304015608665,-0.06612894615419669
52.21406,-2.185326,94.6,9.04,3,267.45,23 / 25,12845710,2020-01-08 15:49:29:304,-4.6933,4.9984,13.1034,0.0379,0.1073,9.8059,0.545,0.0364,-0.0224,11.06,-32.94,8.69,45.99,-84.0,165.03,5.443094672767018,4.083648553681681,3.298053027667812,2.524601712344883,0.757379019091404,2.770274294045383
52.21406,-2.185326,94.6,9.04,3,267.45,23 / 25,12845809,2020-01-08 15:49:29:403,3.7213,-3.8593,10.5997,-0.0795,0.0868,9.8059,0.272,0.5737,-0.6303,11.13,-32.25,8.69,52.51,-84.06,170.95,-4.389171085869927,-3.2792782278962425,0.7933572795462926,-1.8219277436567434,-0.31801414116751603,1.2430305953945007
52.21406,-2.185326,94.6,9.04,3,267.45,23 / 25,12845909,2020-01-08 15:49:29:503,0.0013,4.6685,5.8512,0.0731,0.1183,9.8056,0.3084,0.156,-0.1569,10.06,-32.56,8.94,45.38,-83.59,165.91,4.523364514764513,-0.4952217342340022,-3.954830406036583,-1.9117723892185943,1.0016205779256306,-4.5621347356660085
52.21406,-2.185326,94.6,9.04,3,267.45,23 / 25,12846010,2020-01-08 15:49:29:604,1.4311,-2.1107,10.1108,0.0196,0.1107,9.8059,0.0331,0.4022,-0.5211,12.06,-32.25,9.13,49.3,-84.16,166.53,-2.380042653865257,-1.123566742038401,0.3048097143583795,0.12708380699056798,-0.6371693109204054,0.8074539321090528
52.21406,-2.185326,94.6,9.04,3,267.45,23 / 25,12846110,2020-01-08 15:49:29:704,0.8223,2.4653,9.1843,-0.0256,0.0264,9.8065,-0.111,0.1718,-0.0709,11.5,-33.56,9.5,43.68,-83.94,164.16,2.3140974896584594,-1.1452477222693074,-0.6226242229413975,-2.3037062977623965,1.45790739477013,-1.2999984369598845
52.21406,-2.185326,94.6,9.04,3,267.45,23 / 25,12846210,2020-01-08 15:49:29:804,1.5993,0.2184,6.9204,-0.0294,0.0186,9.8066,-0.2037,-0.2019,-0.0958,11.38,-33.0,9.31,46.05,-83.88,164.89,-0.0050448120275297,-1.640241850348069,-2.8865750279939637,-0.6673237752693713,0.8919138648304227,-2.3522705233976646
52.21406,-2.185326,94.6,9.04,3,267.45,24 / 25,12846310,2020-01-08 15:49:29:904,-0.8878,-3.3266,12.1707,-0.0809,-0.0481,9.8062,-0.0421,-0.0077,-0.1483,11.94,-33.37,9.69,42.58,-83.93,163.5,-3.152135207683654,1.208859094225806,2.3649975544995163,0.33946361819248416,-2.0289845325728777,1.654192035173744
52.21406,-2.185326,94.6,9.04,3,267.45,24 / 25,12846410,2020-01-08 15:49:30:004,-0.0301,6.0461,5.7753,-0.0705,-0.1532,9.8051,-0.4578,-0.5398,0.4152,11.5,-33.62,9.19,48.3,-83.2,163.36,6.145598890018502,-0.812155746527026,-4.030416605809688,-0.10663286047912418,2.4397547339021606,-3.503362416675453
52.21406,-2.185326,94.6,9.04,3,267.45,24 / 25,12846510,2020-01-08 15:49:30:104,0.9036,-1.5351,10.3754,0.013,0.0074,9.8066,0.1464,-0.1829,0.0301,11.38,-33.12,9.0,44.99,-83.75,163.78,-1.6414712726467322,-0.6914446980906737,0.5687568378119214,-1.3105747316604948,-1.2411127494434497,-0.13592024552841786
52.21406,-2.185326,94.6,9.04,3,267.45,24 / 25,12846609,2020-01-08 15:49:30:203,2.8212,0.377,6.906,-0.0477,-0.133,9.8055,-0.5081,-0.1292,0.5168,10.56,-33.5,9.5,42.14,-83.52,164.53,0.1480923251109757,-2.90943883916103,-2.9001761609296333,-2.409621677025063,0.24897966091282675,-2.403515185440601
52.21406,-2.185326,94.6,9.04,3,267.45,24 / 25,12846710,2020-01-08 15:49:30:304,1.5541,-1.6712,9.4489,0.1027,-0.0766,9.8058,0.3742,-0.7487,0.5966,11.0,-33.5,9.44,51.47,-83.9,169.44,-1.7631559154825325,-1.2411598566640687,-0.3570604401282522,-1.6776569772124734,-1.0879027895826763,-1.0502774868203106
52.21406,-2.185326,94.6,9.04,3,267.45,24 / 25,12846810,2020-01-08 15:49:30:404,-3.917,5.6981,10.5191,-0.0059,0.0102,9.8066,0.0782,0.274,0.062,10.88,-32.62,10.69,43.35,-83.96,169.36,6.131236456783975,3.171187050607823,0.7127959533136654,3.5314447929566644,1.9064495588519244,1.2049600724404115
52.21406,-2.185326,94.6,9.04,3,267.45,24 / 25,12846909,2020-01-08 15:49:30:503,-1.5294,15.2428,6.9238,0.133,-0.1197,9.805,-0.1844,-1.1529,1.0632,11.75,-32.94,10.0,51.76,-83.99,171.36,15.449689795928508,-0.2654706724011303,-2.8823434878025034,-0.5685627177005854,2.8101681628240067,-3.6146622466204734
52.21406,-2.185326,94.6,9.04,3,267.45,24 / 25,12847010,2020-01-08 15:49:30:604,3.0607,-6.7496,12.1603,0.0462,0.2204,9.804,0.3684,0.7502,-0.4897,12.75,-32.56,10.44,51.25,-84.83,170.55,-7.291318093187326,-2.122421032691089,2.356325394326861,-1.8729240342338223,-2.192036257665127,2.922982141504662
52.21406,-2.185326,94.6,9.04,3,267.45,24 / 25,12847110,2020-01-08 15:49:30:704,-0.1704,-5.5832,12.9665,-0.023,-0.1935,9.8046,-0.6419,-0.9805,1.0873,13.13,-32.81,7.94,48.97,-83.84,160.3,-5.329036201291738,0.8175699316808216,3.1624605977203144,0.6476502991965618,-1.1261765090424993,2.3003371166673485
52.21406,-2.185326,94.6,9.04,3,267.45,24 / 25,12847210,2020-01-08 15:49:30:804,2.7914,-15.0883,11.9638,-0.0642,0.1461,9.8053,-0.491,0.789,-0.3695,13.81,-32.31,8.25,54.68,-84.63,165.57,-15.471420758578532,-0.9342246853667128,2.1593704912026377,-0.8185720878280894,-2.270619899111324,2.8989635085324195
52.21406,-2.185326,94.6,9.04,3,267.45,22 / 24,12847310,2020-01-08 15:49:30:904,-3.2921,0.0661,14.3456,-0.0711,-0.2381,9.8034,-0.3335,-1.3025,0.913,12.56,-33.06,8.44,49.9,-84.78,162.72,0.7037720158121094,3.1568921653999964,4.542873131157845,3.1643024407849785,1.6380710563101553,3.465735278381021
52.21406,-2.185326,94.6,9.04,3,267.45,22 / 24,12847410,2020-01-08 15:49:31:004,-4.2805,10.6122,8.2974,-0.1322,-0.0424,9.8056,-0.517,-0.0519,0.1886,12.56,-32.87,9.63,41.77,-83.91,160.99,11.088595763280695,2.787744253870585,-1.5083392402125384,2.7185369831040993,1.6208742167753862,-0.5276541662880108
52.21406,-2.185326,94.6,9.04,3,267.45,22 / 24,12847510,2020-01-08 15:49:31:104,-3.4624,3.3368,12.2568,0.061,-0.1574,9.8052,0.1507,-1.3917,0.7646,12.25,-33.0,8.88,44.25,-84.38,162.32,3.906436160596922,3.059648161316645,2.452026388955156,3.292659553536028,3.01460460533531,1.1257539315599168
52.21406,-2.185326,94.6,9.04,3,267.45,22 / 24,12847610,2020-01-08 15:49:31:204,-1.0684,7.079,9.0105,-0.0094,-0.0823,9.8063,-0.1747,-0.7508,0.5864,12.19,-32.75,8.38,43.63,-84.15,157.89,7.237402404786907,0.157972067988919,-0.7962710511628539,-0.12453095441459405,1.4877607676838278,0.4283168926419218
52.21406,-2.185326,94.6,9.04,3,267.45,22 / 24,12847709,2020-01-08 15:49:31:303,2.1791,-12.2097,11.6291,0.0043,-0.2293,9.8039,-0.3295,-1.199,0.7921,11.88,-32.75,8.69,35.32,-83.54,153.78,-12.157950095567912,-0.6644041133550936,1.825900021314698,-0.2060374000494236,-0.9173694113596551,0.2880762793958245
52.21406,-2.185326,94.6,9.04,3,267.45,22 / 24,12847810,2020-01-08 15:49:31:404,-0.6481,-0.2561,10.6106,0.0723,-0.1084,9.8057,-0.2116,-1.059,0.8153,11.5,-33.06,8.81,37.51,-83.99,156.14,-0.0566639344200415,0.733010366498803,0.8050717118004656,0.27727710536382777,-0.6752211969680298,2.205744972550842
52.21406,-2.185326,94.6,9.04,3,267.45,22 / 24,12847910,2020-01-08 15:49:31:504,3.1184,-7.7076,11.7021,-0.0019,-0.1559,9.8054,-0.2436,-0.7781,0.4051,11.81,-32.87,8.5,40.91,-84.41,159.56,-7.881702781200075,-2.154757779858248,1.896759354521116,-1.5509589993713022,-0.9232042841682497,0.2477298197219396
52.21406,-2.185326,94.6,9.04,3,267.45,22 / 24,12848010,2020-01-08 15:49:31:604,-1.7993,8.6675,5.3693,-0.0087,-0.1684,9.8052,-0.5842,-1.3548,0.898,12.0,-33.81,8.38,40.14,-83.72,154.07,8.989901728394111,0.6758887893783855,-4.436375461816686,0.1659048428559804,1.3619291577628534,-2.9775292903791124
52.21406,-2.185326,94.6,9.04,3,267.45,22 / 24,12848109,2020-01-08 15:49:31:703,3.5565,-7.8757,11.5602,-0.0265,-0.0961,9.806,-0.0077,0.0341,-0.0703,13.06,-33.19,8.81,37.93,-84.43,155.33,-8.165528414908444,-2.585397175213929,1.754180706688641,-1.9824784728686335,-1.0507512537792514,0.1279516319375491
52.21406,-2.185326,94.6,9.04,3,267.45,22 / 24,12848210,2020-01-08 15:49:31:804,-2.514,8.8597,8.427,0.0082,-0.2046,9.8044,-0.1751,-0.9264,0.6795,11.81,-33.69,8.94,33.18,-83.71,152.07,9.307957052602614,1.3726000550655086,-1.3777382500821411,0.9699249818717222,1.4555957886455868,0.005495479898920963
52.21406,-2.185326,94.6,9.04,3,267.45,23 / 23,12848309,2020-01-08 15:49:31:903,0.2562,1.2004,9.8446,0.0094,0.0253,9.8066,0.1066,0.3597,-0.3347,11.94,-33.37,9.13,35.25,-84.11,154.48,1.1351582340947448,-0.3914062554995561,0.0378308964038191,0.053135245527917485,1.8360640148157437,-1.4339105576419247
52.21406,-2.185326,94.6,9.04,3,267.45,23 / 23,12848410,2020-01-08 15:49:32:004,-1.594,9.0352,8.2768,0.0006,-0.1156,9.8059,-0.0908,-0.4728,0.3694,11.56,-33.37,8.63,34.52,-83.83,153.52,9.27810853340346,0.4414883394957026,-1.529649207653577,0.2833701794881536,1.6324427968765287,-0.33747738088238155
52.21406,-2.185326,94.6,9.04,3,267.45,23 / 23,12848510,2020-01-08 15:49:32:104,0.6341,-0.0529,9.381,-0.013,0.0695,9.8064,0.0417,0.4798,-0.3357,11.94,-33.62,7.94,41.57,-84.05,155.76,-0.2021617225012226,-0.6266903835415111,-0.4255292365183999,-0.439617810114037,0.18656209620311237,-1.642880963752754
52.21406,-2.185326,94.6,9.04,3,267.45,23 / 23,12848610,2020-01-08 15:49:32:204,0.8429,-1.764,8.8343,0.0305,-0.0447,9.8065,-0.0402,-0.1493,0.0929,12.13,-34.0,8.75,36.63,-84.23,155.53,-1.807248670533882,-0.5914571451049477,-0.9722087113155384,-0.4548035251968173,-1.9920115526366224,-0.04574821832536524
52.21406,-2.185326,94.6,9.04,3,267.45,23 / 23,12848710,2020-01-08 15:49:32:304,-0.2343,-2.3468,10.8494,-0.0108,0.0241,9.8065,0.0431,0.5283,-0.2212,13.06,-33.37,8.06,41.22,-84.27,154.49,-2.32445538763548,0.5171455380884108,1.0431812466334112,0.4533215419384675,-1.8984114337324747,0.13366355297844323
52.21406,-2.185326,94.6,9.04,3,267.45,23 / 23,12848810,2020-01-08 15:49:32:404,1.8314,-0.6143,8.7934,-0.0243,0.0147,9.8066,-0.1418,0.1746,-0.228,12.5,-33.06,8.75,38.06,-84.29,155.25,-0.8555500721519848,-1.7625554350278612,-1.0135433599479011,-1.3931500100599008,-0.9403627657626162,-0.37935896650303597
52.21406,-2.185326,94.6,9.04,3,267.45,23 / 23,12848910,2020-01-08 15:49:32:504,-1.6569,2.3908,10.4487,-0.0372,0.0417,9.8065,-0.0418,0.2314,-0.2346,13.38,-32.75,8.56,38.51,-84.29,155.62,2.532772955450225,1.3140022164573728,0.6423231828955315,1.1111258221423568,1.9179272650993189,0.0461860231347124
52.21406,-2.185326,94.6,9.04,3,267.45,23 / 23,12849010,2020-01-08 15:49:32:604,1.3225,-0.0177,9.4703,-0.0091,-0.0181,9.8065,-0.0504,0.218,-0.0216,13.0,-32.62,9.25,36.65,-84.25,154.02,-0.1656644198984456,-1.3211807111765672,-0.3364906958515972,-0.8670399743052583,-0.29011204017009884,0.024303466173958538
52.21406,-2.185326,94.6,9.04,3,267.45,23 / 23,12849110,2020-01-08 15:49:32:704,0.3277,1.5371,11.2237,-0.0029,-0.0117,9.8066,0.0879,0.0653,0.011,13.13,-33.25,9.81,32.35,-84.28,153.62,1.4955893528298208,-0.5214645967055448,1.416875919791427,-0.6951267691731033,1.362042654147682,1.0968245786622357
52.21406,-2.185326,94.6,9.04,3,267.45,23 / 23,12849209,2020-01-08 15:49:32:803,1.9862,-0.4239,9.7214,-0.0248,0.0077,9.8065,-0.1088,0.0511,-0.1618,12.75,-32.56,8.88,36.19,-84.16,153.53,-0.678990022897592,-1.9414696605530808,-0.0854966429600141,-1.5711485999702637,-0.977471248490706,0.05961852139615281
52.21406,-2.185326,94.6,9.04,3,267.45,24 / 26,12849310,2020-01-08 15:49:32:904,0.3766,-1.4296,10.9086,-0.0059,0.0251,9.8066,0.1051,0.0415,-0.1208,12.63,-31.69,9.06,33.68,-84.08,151.58,-1.4909639327331032,-0.1983798914477458,1.1020591227144845,-0.19207529068935353,-1.5812774720391927,0.985998860907557
52.21406,-2.185326,94.6,9.04,3,267.45,24 / 26,12849409,2020-01-08 15:49:33:003,-0.2681,1.3495,10.1014,-0.0168,-0.0389,9.8065,0.019,-0.067,0.1632,12.63,-30.81,9.31,35.48,-83.97,153.14,1.4089198676273806,0.0761511707867898,0.2948186998693359,0.24710240160679214,0.8698120584932248,0.31070166393056475
52.21406,-2.185326,94.6,9.04,3,267.45,24 / 26,12849510,2020-01-08 15:49:33:104,0.7035,1.1396,8.1991,0.0288,0.0398,9.8064,0.1635,0.2949,-0.2103,13.13,-31.62,8.13,42.23,-84.16,155.42,1.0069755782344618,-0.8062011425402964,-1.6075550760723858,-0.5511644388005813,0.9663570852703344,-1.6134988482153014
52.21406,-2.185326,94.6,9.04,3,267.45,24 / 26,12849610,2020-01-08 15:49:33:204,-0.5527,2.0406,10.0877,0.0193,-0.0191,9.8066,0.0497,-0.0435,-0.0604,12.38,-31.94,8.69,33.45,-83.95,153.04,2.1149680829080246,0.3106468273516024,0.28102287618046,0.26791357554089135,1.3694955395706732,0.2660763420072705
52.21406,-2.185326,94.6,9.04,3,267.45,24 / 26,12849710,2020-01-08 15:49:33:304,2.4623,-1.4804,9.3074,0.0028,0.0163,9.8066,-0.0657,0.4025,-0.1262,12.25,-32.0,8.06,35.99,-83.86,151.5,-1.7917303223327004,-2.253566945163976,-0.4995900876697454,-1.7899003283644115,-1.8754755420118825,-0.49040126455035205
52.21406,-2.185326,94.6,9.04,3,267.45,24 / 26,12849810,2020-01-08 15:49:33:404,0.7661,-1.3371,9.4032,0.0163,0.0075,9.8066,0.0457,0.0983,0.0118,11.44,-32.87,8.94,29.08,-84.05,151.51,-1.427627464524776,-0.5761973276319383,-0.4034318060891729,-0.7424767608432061,-2.2559021242356523,-0.3626147389664382
52.21406,-2.185326,94.6,9.04,3,267.45,24 / 26,12849909,2020-01-08 15:49:33:503,2.3301,-1.2853,9.422,-0.0314,0.0082,9.8065,-0.0854,0.3388,-0.1265,11.63,-33.06,9.38,31.95,-83.99,151.67,-1.5778884598022045,-2.181695098957425,-0.3848886249399684,-1.6383075960957385,-1.8640075429377496,-0.43169853626555976
52.21406,-2.185326,94.6,9.04,3,267.45,24 / 26,12850010,2020-01-08 15:49:33:604,1.5495,0.5581,9.4584,-0.0064,-0.0107,9.8065,-0.0241,0.206,-0.0398,11.31,-32.75,10.44,27.05,-83.91,153.03,0.3703307227101294,-1.6146014915059674,-0.3484953937194865,-1.7501184125141511,-0.3776482132185169,-0.20065172008015836
52.21406,-2.185326,94.6,9.04,3,267.45,24 / 26,12850109,2020-01-08 15:49:33:703,1.4955,0.0899,10.897,-0.0335,0.02,9.8066,0.0295,0.4426,-0.2046,12.06,-32.94,10.13,33.64,-83.82,156.04,-0.1212207327921585,-1.5260325349829524,1.0900593589868577,-1.065101148126023,-0.7737774946093523,0.959157833669034
52.21406,-2.185326,94.6,9.04,3,267.45,24 / 26,12850209,2020-01-08 15:49:33:803,1.4358,-2.7496,10.4307,-0.0111,-0.0137,9.8066,-0.1419,0.0555,-0.0561,11.44,-33.25,10.63,25.36,-83.86,154.65,-2.89491901110698,-1.0946103023490912,0.6240524297866465,-1.0453910024378736,-2.5318178806898626,0.8825006304670012
52.21406,-2.185326,94.6,9.04,3,267.45,24 / 26,12850311,2020-01-08 15:49:33:905,3.1977,-2.8799,11.1244,0.0047,0.0661,9.8064,0.1392,0.5136,-0.3296,12.13,-33.5,10.5,25.17,-83.93,152.32,-3.3210526102905806,-2.8010444891590174,1.3175918675500486,-2.5512280041512096,-3.1218969732980755,1.1214509127323802
52.213993,-2.186553,94.48,8.78,3,259.51,24 / 26,12850410,2020-01-08 15:49:34:004,-1.2101,0.2228,9.5063,-0.044,-0.0453,9.8064,-0.0594,-0.2077,0.171,12.5,-33.06,11.0,30.52,-83.94,154.64,0.4113881130018764,1.1236385493031964,-0.2998717409169525,1.448727023862015,0.14551323096808094,0.03009635147993739
52.213993,-2.186553,94.48,8.78,3,259.51,24 / 26,12850510,2020-01-08 15:49:34:104,-3.198,1.7999,10.6221,0.0149,-0.0217,9.8066,0.0375,0.6069,-0.3654,11.75,-34.0,11.44,29.69,-84.19,156.05,2.208058617536288,2.960502889290617,0.8160226737203117,2.9564096023209308,0.4139953768869704,0.6072083538381438
52.213993,-2.186553,94.48,8.78,3,259.51,24 / 26,12850610,2020-01-08 15:49:34:204,2.6786,-3.1707,9.6316,0.046,-0.0672,9.8062,-0.0442,0.309,-0.1669,11.94,-33.25,11.31,37.09,-84.37,162.56,-3.407551528023376,-2.2250377806491874,-0.1748703192348381,-1.6330959170131472,-2.0668849203249806,0.1646074705382523
52.213993,-2.186553,94.48,8.78,3,259.51,24 / 26,12850710,2020-01-08 15:49:34:304,0.3931,2.6837,8.8992,-0.0108,0.0275,9.8066,-0.0744,-0.0134,0.2862,11.75,-33.94,12.44,34.53,-84.36,162.99,2.5850441666692805,-0.731742807202079,-0.9077486053292214,-0.927853528248988,0.07518530578458921,-1.0667274005866552
52.213993,-2.186553,94.48,8.78,3,259.51,24 / 26,12850810,2020-01-08 15:49:34:404,1.1875,1.3514,7.8184,-0.0542,0.0116,9.8064,-0.1259,0.2461,-0.2533,11.06,-33.69,11.44,39.05,-84.1,165.76,1.174376409492491,-1.3986146748381505,-1.988402366261644,-0.6477709337353932,1.131101493795937,-1.6993085631963982
52.213993,-2.186553,94.48,8.78,3,259.51,24 / 26,12850910,2020-01-08 15:49:34:504,-1.2402,4.1064,9.9285,-0.0451,0.0898,9.8061,0.1187,0.2647,-0.3715,11.56,-34.12,11.5,36.03,-84.14,163.96,4.134279308041734,0.6849136543096205,0.1222669997922842,0.4427029642482322,-0.045889638502751795,0.06205371299770682
52.213993,-2.186553,94.48,8.78,3,259.51,24 / 26,12851010,2020-01-08 15:49:34:604,-0.2618,-1.4775,11.4792,0.015,0.0479,9.8065,0.1029,0.4106,-0.0453,11.25,-33.12,12.0,35.93,-84.56,166.81,-1.4788637940605531,0.4644597465081212,1.672909953491353,1.204659085800086,-1.7375119097808136,1.8735294284824575
52.213993,-2.186553,94.48,8.78,3,259.51,24 / 26,12851110,2020-01-08 15:49:34:704,-1.6616,2.3184,10.2042,0.0212,0.0154,9.8066,0.1116,-0.0117,0.0933,11.38,-33.75,11.69,37.83,-84.66,168.34,2.4948835574250867,1.382413956338724,0.3977414841449932,1.2743392112043432,0.08545634873426208,0.45753216686979536
52.213993,-2.186553,94.48,8.78,3,259.51,24 / 26,12851209,2020-01-08 15:49:34:803,0.3953,-1.8356,9.9208,-0.0353,0.0483,9.8064,0.0892,0.1762,-0.2331,11.31,-33.44,11.06,43.92,-84.5,170.67,-1.922881141482347,-0.1923614214146518,0.1144907388520179,0.36282425012392344,-2.6337600451173984,0.21810360546572394
52.213993,-2.186553,94.48,8.78,3,259.51,24 / 26,12851310,2020-01-08 15:49:34:904,0.0166,-0.2364,8.7802,0.0241,0.0172,9.8065,0.2502,-0.2141,0.004,11.31,-34.12,11.5,39.28,-84.52,169.37,-0.2507575702104694,0.0392977732018714,-1.0262734655068864,0.22139463791901215,-1.8144598459001777,-0.8543633768712662
52.213993,-2.186553,94.48,8.78,3,259.51,24 / 26,12851410,2020-01-08 15:49:35:004,-0.0113,2.6191,8.981,-0.0185,0.0019,9.8066,-0.0964,-0.2579,0.1537,11.69,-33.81,11.5,45.82,-84.44,172.66,2.5958189490051464,-0.3332945746924423,-0.8258581902883806,-0.08714077274517537,0.665765780531536,-0.8020646055734635
52.213993,-2.186553,94.48,8.78,3,259.51,24 / 26,12851510,2020-01-08 15:49:35:104,0.1054,-0.546,9.1773,-0.0182,0.0645,9.8063,-0.0007,-0.2426,0.1806,11.5,-34.0,11.69,49.5,-84.76,176.37,-0.6211912841950222,-0.0463679872447806,-0.628967096276909,0.510124730581956,-1.701361344989744,-0.3744434077032637
52.213993,-2.186553,94.48,8.78,3,259.51,24 / 26,12851609,2020-01-08 15:49:35:203,-2.7088,2.1814,10.2919,-0.022,0.0246,9.8065,-0.0133,-0.2313,0.111,10.44,-33.81,10.44,48.6,-84.88,174.2,2.4750198623374646,2.396788058028993,0.4857749745763438,2.296772193383124,-0.023079392533295162,0.46358531859162944
52.213993,-2.186553,94.48,8.78,3,259.51,24 / 26,12851710,2020-01-08 15:49:35:304,0.3334,0.6555,10.1404,0.0222,0.022,9.8066,-0.0017,-0.2533,-0.0124,10.81,-34.25,10.56,47.38,-85.13,174.41,0.5897757120614758,-0.3878390269173386,0.3336699397041801,0.5322592966322867,0.015583173396261696,0.6284677686650478
52.213993,-2.186553,94.48,8.78,3,259.51,24 / 26,12851810,2020-01-08 15:49:35:404,-0.3679,4.3422,9.1411,-0.0106,-0.0045,9.8066,-0.0289,-0.3381,0.2056,11.19,-34.12,9.75,50.96,-84.94,174.09,4.357282275580138,-0.1873278998331093,-0.6658482250928457,-0.5751945997787363,-0.664906260934004,-0.6905062867847173
52.213993,-2.186553,94.48,8.78,3,259.51,24 / 26,12851910,2020-01-08 15:49:35:504,1.4113,-1.7444,9.946,-0.0056,0.0449,9.8065,-0.0111,-0.3277,0.1638,12.0,-33.87,10.06,52.36,-84.9,173.23,-1.9519998125360292,-1.1827654682491835,0.1393661686945418,0.00101956279715254,-2.100318660940251,0.42384045778203683
52.213993,-2.186553,94.48,8.78,3,259.51,24 / 26,12852010,2020-01-08 15:49:35:604,-0.4348,2.7949,9.3417,-0.0105,0.0283,9.8066,-0.0744,-0.4735,0.184,11.94,-33.62,9.5,47.36,-84.95,168.93,2.7978821708088017,0.0761265849509966,-0.4650786614476378,-0.46518630406430594,-1.1660619542064898,-0.4413766696797255
52.213993,-2.186553,94.48,8.78,3,259.51,24 / 26,12852110,2020-01-08 15:49:35:704,2.6334,-2.9161,10.7522,0.0035,0.0475,9.8065,-0.0027,-0.3513,-0.1037,12.06,-34.12,9.94,48.46,-85.08,170.11,-3.2683281791279684,-2.240059369350386,0.9454165194789086,-0.9508679720218227,-1.8793127604718343,1.1621790638529017
52.213993,-2.186553,94.48,8.78,3,259.51,24 / 26,12852210,2020-01-08 15:49:35:804,-1.5022,3.4532,9.8599,0.0078,0.0167,9.8065,-0.0972,-0.6348,0.5246,12.13,-34.12,9.06,50.55,-84.93,168.4,3.5979667569425144,1.069704750697486,0.0533926237582909,0.5455921186854171,-1.4617474435904354,0.18118006277962428
52.213993,-2.186553,94.48,8.78,3,259.51,24 / 24,12852311,2020-01-08 15:49:35:905,-0.4181,3.8036,8.3053,-0.0352,0.0706,9.8063,0.1916,0.0506,0.0616,12.0,-33.75,8.94,49.55,-85.12,167.86,3.751505302188885,-0.0852140345907076,-1.5012824337736907,1.1387051836224433,3.9360470539310635,-1.4107005841607552
52.213993,-2.186553,94.48,8.78,3,259.51,24 / 24,12852410,2020-01-08 15:49:36:004,-1.9113,4.3923,10.0081,-0.018,-0.05,9.8064,0.1315,-0.4476,-0.0442,12.0,-33.94,8.88,44.71,-85.11,163.64,4.643721411052589,1.3245658339295248,0.2016776589469779,0.9753369551884203,1.1302263252762161,0.4833671698284199
52.213993,-2.186553,94.48,8.78,3,259.51,24 / 24,12852510,2020-01-08 15:49:36:104,2.1431,-1.2265,7.6463,-0.0545,-0.0011,9.8064,-0.0597,0.0499,-0.2839,12.06,-34.12,8.5,49.52,-85.32,168.18,-1.4900076043782975,-2.0271593732108237,-2.160459475319625,-1.00255707557013,-1.471603332954169,-2.238725882316186
52.213993,-2.186553,94.48,8.78,3,259.51,24 / 24,12852610,2020-01-08 15:49:36:204,0.7957,1.0436,9.0161,0.0363,0.0088,9.8066,0.1002,-0.3252,0.3059,11.56,-34.31,8.63,48.11,-85.43,167.15,0.9319788196838772,-0.8823221308821866,-0.7907672141763116,-0.9575986923908444,-2.372830532063294,-0.33338819751390725
52.213993,-2.186553,94.48,8.78,3,259.51,24 / 24,12852710,2020-01-08 15:49:36:304,0.2904,-0.5495,9.0884,-0.0175,0.0345,9.8066,-0.2097,0.1197,-0.047,11.88,-34.31,8.69,47.08,-85.67,166.65,-0.6178847900594641,-0.2325135355725706,-0.7182099219508975,0.5341515760270229,-0.9981288563507602,-0.9672668303701121
52.213993,-2.186553,94.48,8.78,3,259.51,24 / 24,12852809,2020-01-08 15:49:36:403,-1.2771,4.7911,8.1617,0.0666,0.002,9.8063,-0.2521,-0.5047,0.1392,11.63,-34.44,7.44,56.83,-85.62,167.98,4.91915565115923,0.7364349131073031,-1.644776263941348,0.9464521593324169,2.0744052584458155,-1.041513218572049
52.213993,-2.186553,94.48,8.78,3,259.51,24 / 24,12852910,2020-01-08 15:49:36:504,-1.0795,3.1954,11.2148,0.0123,0.0879,9.8062,-0.0514,0.1167,-0.158,11.75,-34.37,7.63,54.92,-86.03,170.86,3.2194838151559213,0.6954815762220155,1.4085335605106524,1.2379278478653795,2.2356577856275246,1.0450289133590651
52.213993,-2.186553,94.48,8.78,3,259.51,24 / 24,12853010,2020-01-08 15:49:36:604,-2.7062,6.508,8.528,0.0069,-0.0233,9.8065,-0.1875,-0.4217,0.2399,11.69,-33.94,6.06,59.82,-85.83,167.13,6.818535683151496,1.8778283190027771,-1.2785481969565973,2.293348803609092,4.640727443978399,-0.6179057109924787
52.213993,-2.186553,94.48,8.78,3,259.51,24 / 24,12853109,2020-01-08 15:49:36:703,-2.6621,0.1464,10.8339,0.0441,0.0659,9.8063,0.0473,0.1342,-0.276,12.0,-34.37,7.25,58.32,-85.95,170.04,0.4173809283816761,2.674807235999302,1.0281827954546925,3.108411040581231,-1.3087569579849752,0.6587757467491135
52.213993,-2.186553,94.48,8.78,3,259.51,24 / 24,12853210,2020-01-08 15:49:36:804,-0.1279,-1.4022,8.8128,0.0258,-0.0477,9.8065,-0.1103,-0.19,0.0596,11.94,-34.5,5.56,64.39,-85.95,171.59,-1.324833790625815,0.321620963709491,-0.9935335992902372,0.795660564932805,-2.7123525054214492,-0.4027183989401175
52.213993,-2.186553,94.48,8.78,3,259.51,26 / 26,12853310,2020-01-08 15:49:36:904,-1.5079,2.8602,10.5555,0.033,0.0375,9.8065,-0.0385,0.1781,-0.0755,11.31,-34.0,6.06,61.94,-86.06,171.01,2.9928587175878163,1.1767393956046917,0.7490595379477634,1.662942307237055,0.48613156611843344,0.5024718389232674
52.213993,-2.186553,94.48,8.78,3,259.51,26 / 26,12853410,2020-01-08 15:49:37:004,-1.5538,0.3704,9.0829,0.0095,-0.0322,9.8065,-0.0888,-0.0823,-0.2032,11.38,-34.37,4.63,67.01,-86.29,171.74,0.5943357840015749,1.5010647144900904,-0.7232982156538313,1.8638775495550095,0.011608648035898422,-0.3278616230944119
52.213993,-2.186553,94.48,8.78,3,259.51,26 / 26,12853510,2020-01-08 15:49:37:104,0.1744,7.9878,9.215,0.014,-0.0333,9.8065,0.1056,0.3157,-0.4067,10.56,-34.12,4.13,71.92,-86.47,172.07,7.938459105421164,-1.159166873397377,-0.5923215437361425,-0.4628385117554083,4.725146444285826,-0.6107441325542724
52.213993,-2.186553,94.48,8.78,3,259.51,26 / 26,12853610,2020-01-08 15:49:37:204,0.2157,2.9255,10.5893,-0.0105,-0.0913,9.8061,0.1941,0.221,-0.2887,11.44,-34.94,3.19,75.71,-86.49,170.44,2.9651058906312,-0.6007798089494397,0.7828547748483312,-0.49005493346266804,3.0955228542726845,0.9005434976649311
52.213993,-2.186553,94.48,8.78,3,259.51,26 / 26,12853710,2020-01-08 15:49:37:304,-0.5836,5.2822,8.465,-0.0473,-0.0335,9.8064,-0.0158,0.117,-0.2923,10.56,-34.31,3.5,76.8,-86.5,176.8,5.3409921218552485,-0.1303952040382572,-1.3418041530133935,0.8799832440627097,1.5901748487834166,-1.0848235774963053
52.213993,-2.186553,94.48,8.78,3,259.51,26 / 26,12853810,2020-01-08 15:49:37:404,-1.3719,0.4571,10.1002,-0.0012,-0.0443,9.8065,0.2346,0.0191,-0.1307,11.31,-34.69,3.44,86.67,-86.55,-178.72,0.6684206365182171,1.297415652433413,0.2939500255100551,1.0884484267970063,1.341985508622584,0.11940045297643753
52.213993,-2.186553,94.48,8.78,3,259.51,26 / 26,12853910,2020-01-08 15:49:37:504,0.5971,2.9264,9.8832,-0.0479,-0.0477,9.8063,-0.0116,0.1552,-0.115,10.63,-34.5,2.44,85.98,-86.46,175.47,2.8704692991564973,-1.010825471624766,0.0764675651147452,0.32746935615737255,-1.1884332563514126,0.5850085442261082
52.213993,-2.186553,94.48,8.78,3,259.51,26 / 26,12854009,2020-01-08 15:49:37:603,-0.7526,-1.7575,10.3037,-0.0145,-0.0684,9.8064,0.0453,0.1781,-0.3615,10.88,-34.87,1.44,95.13,-86.65,179.7,-1.583848915538986,0.9428403664715262,0.4976267337049088,0.4462798686937327,-0.5792738875371979,0.08564248633758018
52.213993,-2.186553,94.48,8.78,3,259.51,26 / 26,12854110,2020-01-08 15:49:37:704,0.0482,4.4555,9.3798,-0.0086,-0.0439,9.8065,0.0422,-0.0077,-0.0779,10.56,-34.5,1.69,85.71,-86.61,175.67,4.457172997481614,-0.6172909890943153,-0.4271535968521539,0.9578520778480745,0.34505176168973106,0.24686321711320452
52.213993,-2.186553,94.48,8.78,3,259.51,26 / 26,12854209,2020-01-08 15:49:37:803,-0.1764,0.2966,9.7166,-0.0096,-0.0446,9.8065,0.0004,0.1019,-0.3183,11.25,-34.56,1.13,87.75,-86.5,171.77,0.3593292304723778,0.1229744497430347,-0.0898970457719638,-0.5272812340448852,1.4712340757896536,-0.6321925107881418
52.213993,-2.186553,94.48,8.78,3,259.51,24 / 25,12854310,2020-01-08 15:49:37:904,0.0795,4.196,9.3776,-0.0022,-0.0413,9.8065,0.1642,-0.0602,-0.0679,10.13,-35.0,0.75,88.59,-86.45,171.83,4.1940135604316575,-0.6093148087721992,-0.4293333305559554,1.018277143660461,0.2822365739668676,0.28488092007122423
52.213993,-2.186553,94.48,8.78,3,259.51,24 / 25,12854410,2020-01-08 15:49:38:004,-1.2025,-0.5519,11.2809,-0.0458,-0.0138,9.8065,0.1413,0.1568,-0.2323,11.25,-34.56,0.88,89.34,-86.57,173.59,-0.3895677956291539,1.2144312782088045,1.4747052122769402,0.6203712747364203,0.6172628314063751,0.9342902465040764
52.213993,-2.186553,94.48,8.78,3,259.51,24 / 25,12854509,2020-01-08 15:49:38:103,0.7973,3.4602,9.9638,-0.0289,-0.0438,9.8064,0.1127,-0.1519,-0.1148,9.88,-34.69,-0.06,97.07,-86.44,174.6,3.373645538859984,-1.2567031804360596,0.1568760479232661,0.18574452993891838,-0.10693074572196398,0.7769080928041723
52.213993,-2.186553,94.48,8.78,3,259.51,24 / 25,12854610,2020-01-08 15:49:38:204,-2.953,-0.8506,11.3424,-0.036,-0.0036,9.8065,0.1633,0.2067,-0.1935,10.19,-34.62,-0.44,101.08,-86.7,179.69,-0.4765602229448436,2.9994961112485985,1.536619745581611,2.693886692662072,0.2449541734910159,1.123627362214831
52.213993,-2.186553,94.48,8.78,3,259.51,24 / 25,12854709,2020-01-08 15:49:38:303,0.9289,4.9451,9.6183,-0.0466,-0.0581,9.8063,0.0627,-0.1424,-0.0625,9.38,-34.75,-0.31,101.26,-86.58,178.09,4.842504844697218,-1.5916947860204096,-0.1887035432614264,-0.5599454812019449,1.9784643990262873,0.22584896602784
52.213993,-2.186553,94.48,8.78,3,259.51,24 / 25,12854810,2020-01-08 15:49:38:404,-0.5208,-0.5898,10.2637,-0.0382,-0.0112,9.8065,0.1451,0.2024,-0.2531,9.25,-34.5,-0.69,110.05,-86.43,-178.95,-0.5138768028815872,0.5508748771401248,0.4573620679462291,0.7153419596585642,-0.2011941422617215,0.25953888047048146
52.213993,-2.186553,94.48,8.78,3,259.51,24 / 25,12854910,2020-01-08 15:49:38:504,-0.3144,3.8949,8.9425,-0.0351,-0.0427,9.8064,0.0121,-0.3012,0.0568,8.81,-34.62,-0.5,103.81,-86.58,-179.21,3.941635261873119,-0.2136629316597951,-0.8642251292302086,0.26922155330069963,1.8071884890985728,-0.7150864275038058
52.213993,-2.186553,94.48,8.78,3,259.51,24 / 25,12855010,2020-01-08 15:49:38:604,0.1547,1.4132,9.6475,-0.0062,-0.0109,9.8066,0.0739,-0.0993,-0.1195,9.13,-35.12,-0.81,115.52,-86.71,-172.33,1.3929120557164705,-0.3371794544355367,-0.1592747643108309,0.35798389910188544,1.2561424065359197,-0.11519818338060978
52.213993,-2.186553,94.48,8.78,3,259.51,24 / 25,12855110,2020-01-08 15:49:38:704,0.2809,3.5757,9.3077,0.0087,-0.0064,9.8066,-0.1385,-0.2681,0.0771,8.5,-35.25,-1.5,117.31,-86.83,-169.94,3.520168513674921,-0.71661492966623,-0.4993106627252865,-0.7756496534387738,2.1328138235217557,-0.6082514191554046
52.213993,-2.186553,94.48,8.78,3,259.51,24 / 25,12855210,2020-01-08 15:49:38:804,1.9842,3.0118,7.9836,0.0504,-0.0145,9.8065,-0.3086,-0.4198,0.084,8.25,-35.37,-3.19,130.92,-86.86,-169.36,2.7614277935073828,-2.295641407074117,-1.823618822937436,-1.1674891246712273,2.233075101431162,-1.5784896373221702
52.213993,-2.186553,94.48,8.78,3,259.51,23 / 25,12855309,2020-01-08 15:49:38:903,-0.3553,0.5898,10.5677,-0.0152,-0.0055,9.8065,-0.0502,-0.423,0.0898,8.31,-34.5,-2.0,127.96,-87.13,-165.42,0.6331146456442638,0.2630433962622664,0.7612158413706007,-0.17461963148672444,-0.09010335302626482,0.46464909548568034
52.213993,-2.186553,94.48,8.78,3,259.51,23 / 25,12855410,2020-01-08 15:49:39:004,3.0258,4.3563,8.8616,0.0435,0.0071,9.8065,0.0536,-0.1795,-0.1116,8.06,-34.5,-3.56,141.93,-87.26,-161.04,3.943327121176416,-3.5011123711220904,-0.9459774416815528,-2.1774862610141366,3.1703646252065365,-0.5930302486805616
52.213993,-2.186553,94.48,8.78,3,259.51,23 / 25,12855510,2020-01-08 15:49:39:104,-1.1249,2.0209,10.3934,0.0034,0.0017,9.8066,-0.0725,-0.1383,-0.0051,8.44,-33.81,-3.06,140.45,-87.18,-157.25,2.1441708499282464,0.867585295164604,0.586848269940476,0.3227905943183458,1.9254498751317892,0.210949868547329
52.213993,-2.186553,94.48,8.78,3,259.51,23 / 25,12855610,2020-01-08 15:49:39:204,3.1931,3.0405,10.2712,-0.0405,-0.0075,9.8065,0.0711,0.0022,-0.2495,7.13,-34.5,-3.94,149.08,-87.18,-156.76,2.6210461640132183,-3.588526544844552,0.4636952588259085,-2.371992269109513,1.8020853574126647,0.811910405577718
52.213993,-2.186553,94.48,8.78,3,259.51,23 / 25,12855710,2020-01-08 15:49:39:304,1.4631,2.7066,10.0125,0.0658,0.0245,9.8063,-0.056,-0.1936,-0.0444,7.31,-34.62,-3.69,157.05,-87.17,-147.47,2.4869526279788854,-1.7208742705056002,0.2056319802480472,-2.087472855987208,2.58328367750194,-0.14104007855439044
52.213993,-2.186553,94.48,8.78,3,259.51,23 / 25,12855810,2020-01-08 15:49:39:404,4.5961,4.0396,9.0509,0.0083,-0.0227,9.8066,-0.1703,-0.5056,0.1612,6.75,-34.37,-4.62,161.03,-87.37,-147.86,3.458488995248531,-5.058352145839431,-0.757099767815591,-4.211592750095112,2.7919049181923214,-0.5072381542082748
52.213993,-2.186553,94.48,8.78,3,259.51,23 / 25,12855910,2020-01-08 15:49:39:504,1.6807,0.9969,10.0788,0.0627,0.0049,9.8064,0.0164,-0.1305,-0.0831,6.38,-34.06,-5.44,169.78,-87.42,-142.01,0.7825281498929959,-1.729127787494796,0.2719495341757333,-1.7223723422959871,1.02532786485206,0.028084236922564582
52.213993,-2.186553,94.48,8.78,3,259.51,23 / 25,12856009,2020-01-08 15:49:39:603,2.0764,0.0639,10.6491,-0.0103,-0.0097,9.8066,-0.0369,-0.3612,-0.0075,6.0,-33.56,-6.12,174.99,-87.51,-140.87,-0.187106817547462,-2.079784695712694,0.8420372665782194,-1.733654630412166,-0.5480570828654256,0.947951993788445
52.213993,-2.186553,94.48,8.78,3,259.51,23 / 25,12856110,2020-01-08 15:49:39:704,6.559,2.4288,10.3603,0.0169,-0.0178,9.8066,-0.0203,-0.0051,-0.2086,6.38,-34.06,-7.25,183.31,-87.64,-135.59,1.611807716618604,-6.796237501216593,0.552032038658969,-6.380272378206661,1.8880014709818544,0.4288025987407997
52.213993,-2.186553,94.48,8.78,3,259.51,23 / 25,12856210,2020-01-08 15:49:39:804,1.9937,1.8249,9.6047,-0.0355,-0.0073,9.8065,0.0334,-0.0516,-0.1045,5.19,-33.94,-7.56,191.88,-87.44,-134.23,1.5648650501641956,-2.241775007814095,-0.2024226003062009,-2.35641212703395,1.5951387414715505,-0.22691848508698992
52.213993,-2.186553,94.48,8.78,3,259.51,25 / 27,12856309,2020-01-08 15:49:39:903,2.6324,2.1484,9.6272,-0.0078,-0.0114,9.8066,-0.0334,-0.1958,-0.0654,6.19,-34.69,-6.94,183.11,-87.37,-135.76,1.8137240946525943,-2.8888602593993813,-0.1801880965534937,-2.1912773784406796,2.075253079243716,-0.22175217747217454
52.213993,-2.186553,94.48,8.78,3,259.51,25 / 27,12856410,2020-01-08 15:49:40:004,0.3227,0.5544,9.6399,-0.0029,-0.0303,9.8066,-0.0824,-0.1357,-0.1326,4.88,-33.94,-7.37,189.95,-87.19,-132.6,0.5395259469213138,-0.3959272360449483,-0.1668284039259117,-0.7907205944865178,0.9810438789867488,-0.2578220638759131
52.213993,-2.186553,94.48,8.78,3,259.51,25 / 27,12856509,2020-01-08 15:49:40:103,3.1191,0.2362,9.8157,-0.0029,-0.0134,9.8066,-0.0087,-0.4708,0.0874,4.69,-35.44,-6.81,194.77,-87.23,-126.85,-0.1416307494925771,-3.128759696883038,0.0083940430383493,-2.3806183824512166,0.11062408603031937,-0.029723909205617037
52.213993,-2.186553,94.48,8.78,3,259.51,25 / 27,12856610,2020-01-08 15:49:40:204,2.0299,-0.7559,10.5305,0.0038,0.0443,9.8065,0.1613,-0.3272,-0.0142,3.19,-34.56,-7.87,209.44,-87.21,-124.41,-1.046539482375388,-1.910676068037996,0.7236361826610926,-2.345952434323384,-0.22164608534846797,0.6554939835550995
52.213993,-2.186553,94.48,8.78,3,259.51,25 / 27,12856710,2020-01-08 15:49:40:304,4.7594,-1.9366,9.6362,-0.0281,0.0238,9.8066,0.0375,-0.2487,-0.0982,2.38,-34.87,-8.69,215.1,-87.04,-125.95,-2.542067679524242,-4.505654776436471,-0.1712527906150795,-3.947735960464404,-1.71886707074661,-0.2930976433821981
52.213993,-2.186553,94.48,8.78,3,259.51,25 / 27,12856810,2020-01-08 15:49:40:404,3.1954,-1.8208,9.7127,-0.0109,-0.0146,9.8066,0.0056,-0.2796,0.0063,2.81,-34.87,-9.31,207.89,-87.19,-128.84,-2.191905279803816,-2.9560397368842093,-0.0944227638320838,-3.2278438692141234,-0.8466320315280709,-0.05822466441541169
52.213993,-2.186553,94.48,8.78,3,259.51,25 / 27,12856909,2020-01-08 15:49:40:503,1.0306,-4.1264,7.9805,-0.0092,0.0328,9.8066,-0.2453,-0.1165,0.0115,2.69,-35.31,-9.5,202.38,-87.24,-135.33,-4.256521384672956,-0.5126549990077477,-1.825919068254175,-0.3092497199939941,-1.6381986367211432,-2.094259954136829
52.213993,-2.186553,94.48,8.78,3,259.51,25 / 27,12857010,2020-01-08 15:49:40:604,1.7075,-3.1315,9.836,0.018,-0.0505,9.8064,-0.0564,-0.2011,0.0317,3.44,-35.06,-9.75,197.02,-87.39,-143.73,-3.2676172977254287,-1.2921502961823668,0.0295333317014614,-1.301357534781705,-1.8511915025374561,0.21336591802695176
52.213993,-2.186553,94.48,8.78,3,259.51,25 / 27,12857110,2020-01-08 15:49:40:704,-2.6433,-2.2683,12.7523,0.0115,-0.0285,9.8065,-0.2966,-0.2009,0.2423,3.06,-35.31,-8.94,191.97,-87.72,-147.85,-1.89108541020134,2.9126885750652964,2.946599049074666,2.720469129271004,-1.3968319449931617,2.5174347313623593
52.213993,-2.186553,94.48,8.78,3,259.51,25 / 27,12857210,2020-01-08 15:49:40:804,-2.9251,-4.9813,8.179,0.0561,-0.0177,9.8065,-0.3008,0.0142,0.0565,3.69,-35.81,-9.44,178.99,-87.74,-157.19,-4.55324958153965,3.577219310062101,-1.6263624767953273,3.803613319816562,-2.9384078233851625,-1.304893362966566
52.213993,-2.186553,94.48,8.78,3,259.51,25 / 26,12857310,2020-01-08 15:49:40:904,-1.5596,-1.8353,11.7387,0.0236,-0.0531,9.8064,0.1799,-0.1421,0.0918,3.44,-34.62,-8.56,185.68,-88.01,-155.16,-1.5707459165745836,1.7926252673678087,1.932820293343063,1.2833114075143057,-0.9012601771525293,1.381325208097786
52.213993,-2.186553,94.48,8.78,3,259.51,25 / 26,12857411,2020-01-08 15:49:41:005,-1.2262,-2.5859,10.2306,0.0224,0.0454,9.8065,0.0729,0.1093,0.1015,3.5,-35.94,-9.0,179.51,-87.65,-156.6,-2.455046379940798,1.5668562852310552,0.4246305615137984,1.9015767776660424,-0.6986022081347563,0.8268219212782641
52.213993,-2.186553,94.48,8.78,3,259.51,25 / 26,12857509,2020-01-08 15:49:41:103,-4.1182,-2.8115,8.8779,-0.0007,0.0171,9.8066,0.1083,-0.0497,0.1353,3.94,-35.31,-8.37,175.74,-87.61,-158.39,-2.293177098225118,4.438277397947159,-0.927523819126615,3.7666441336439007,-1.4190096454933931,-1.5256665963189975
52.213993,-2.186553,94.48,8.78,3,259.51,25 / 26,12857610,2020-01-08 15:49:41:204,-0.3035,-1.3819,10.039,0.0169,0.0094,9.8066,0.0091,-0.0391,0.0729,3.81,-34.81,-7.81,172.73,-87.56,-161.91,-1.3404747812590967,0.4913280483928509,0.2326063620601327,0.7625247093041083,0.5101132021640769,0.6335334722012906
52.213993,-2.186553,94.48,8.78,3,259.51,25 / 26,12857709,2020-01-08 15:49:41:303,-3.6062,-3.7414,10.2982,0.0061,-0.0001,9.8066,-0.0219,0.4097,-0.1799,5.19,-35.62,-7.81,166.32,-87.56,-163.87,-3.2616481706121188,4.050500080697015,0.4927553626457051,3.3856234846533653,-2.1646356887941125,-0.06386703803622534
52.213993,-2.186553,94.48,8.78,3,259.51,25 / 26,12857810,2020-01-08 15:49:41:404,-2.6256,-3.7216,9.4031,-0.0078,-0.021,9.8066,-0.0614,0.2512,0.0721,5.06,-35.06,-7.31,156.75,-87.55,-171.63,-3.3453331355698253,3.0588913891777447,-0.4025656856623681,3.1124622212153024,-1.4432149157914809,-0.08549887857671579
52.213993,-2.186553,94.48,8.78,3,259.51,25 / 26,12857910,2020-01-08 15:49:41:504,-0.3877,-1.776,10.3531,-0.0041,-0.0145,9.8066,-0.0232,0.6834,-0.1115,6.06,-34.44,-6.19,143.02,-87.67,-177.59,-1.6998831834086146,0.6001233263015497,0.5467564503445377,0.06870132277601981,-0.36700852997636746,0.1099289417261557
52.213993,-2.186553,94.48,8.78,3,259.51,25 / 26,12858010,2020-01-08 15:49:41:604,-2.5751,-2.9587,9.2579,-0.0226,-0.0193,9.8065,-0.039,0.6387,-0.177,6.94,-34.87,-6.94,139.82,-87.61,179.37,-2.598226223209136,2.89921989243022,-0.5477545785890764,2.6447112042326597,-0.6872003035722656,-0.37836246624229436
52.213993,-2.186553,94.48,8.78,3,259.51,25 / 26,12858110,2020-01-08 15:49:41:704,-0.4497,-0.5301,11.0206,0.0036,-0.0215,9.8066,0.0288,0.5455,-0.0969,6.81,-34.44,-5.62,139.9,-87.69,-176.16,-0.4480234988604681,0.5129020559490198,1.214148786381675,0.16803438944146748,1.1305671156416757,0.9490732058797102
52.213993,-2.186553,94.48,8.78,3,259.51,25 / 26,12858210,2020-01-08 15:49:41:804,-1.1427,-2.5623,10.9383,-0.0077,0.0151,9.8066,-0.0864,0.6127,-0.0797,7.94,-34.44,-4.62,132.98,-87.91,-174.53,-2.415682275228495,1.4472601411565824,1.1322004588262236,0.8728050138524983,-0.5350151552081508,1.1223389822149603
52.213993,-2.186553,94.48,8.78,3,259.51,26 / 27,12858309,2020-01-08 15:49:41:903,-1.9432,-2.705,11.0891,-0.0075,-0.0361,9.8066,0.1921,0.4564,-0.0594,8.13,-34.37,-3.87,124.98,-87.89,-178.14,-2.406618009503647,2.253085883491482,1.2831842065518555,2.0748595334569093,-0.583895825052706,1.2050810839068822
52.213993,-2.186553,94.48,8.78,3,259.51,26 / 27,12858410,2020-01-08 15:49:42:004,-1.9972,-3.5791,10.1294,-0.0431,0.0065,9.8065,0.0656,0.5743,-0.1055,9.13,-34.31,-3.31,116.32,-87.87,-178.95,-3.3139367461561906,2.3858655207108503,0.3236781419232228,1.5449439907196325,-1.4865636600046261,0.1419763568179058
52.213993,-2.186553,94.48,8.78,3,259.51,26 / 27,12858510,2020-01-08 15:49:42:104,-1.3107,-5.2362,9.4024,-0.0449,-0.0321,9.8065,0.0911,0.349,0.0512,9.38,-33.62,-2.12,103.34,-87.51,171.86,-5.005680828929881,1.9049149647568304,-0.4033133718702503,1.8222646768201212,-2.9662488988444213,-0.3183673309592789
52.213993,-2.186553,94.48,8.78,3,259.51,26 / 27,12858609,2020-01-08 15:49:42:203,-1.2925,-5.8839,10.711,0.0014,0.0286,9.8065,0.0591,0.4861,0.035,10.0,-34.69,-1.75,102.76,-87.25,172.22,-5.704956757203275,2.0208269132438503,0.90536219003779,1.0058436627279708,-3.9237671080996583,0.5954799391485028
52.213993,-2.186553,94.48,8.78,3,259.51,26 / 27,12858710,2020-01-08 15:49:42:304,-0.7667,-5.2958,9.1209,-0.0263,0.034,9.8065,-0.0135,0.4031,0.1668,9.88,-34.44,-0.37,93.8,-87.05,173.75,-5.195931891347154,1.3993533477122817,-0.6849157238142626,1.3176606598850145,-3.0020170111273763,-0.49183952555353516
52.213993,-2.186553,94.48,8.78,3,259.51,26 / 27,12858809,2020-01-08 15:49:42:403,-0.763,-2.1646,10.1412,-0.0073,0.038,9.8065,0.0686,0.5193,0.0306,11.13,-34.56,0.5,85.39,-87.07,171.28,-2.0911582487834117,1.0243687257465357,0.3350809338913751,-0.06005943691027249,-0.31627921605396425,-0.036387514744898874
52.213993,-2.186553,94.48,8.78,3,259.51,26 / 27,12858910,2020-01-08 15:49:42:504,1.2027,-2.9739,9.3366,-0.0181,-0.0228,9.8066,-0.0326,0.5095,-0.02,11.19,-34.25,2.13,80.83,-86.99,172.05,-3.080323696072337,-0.8431911523059389,-0.4699770825138551,-1.0173412457996984,-0.8228766236794853,-0.23736677823135122
52.213993,-2.186553,94.48,8.78,3,259.51,26 / 27,12859009,2020-01-08 15:49:42:603,0.3983,-4.5411,9.7697,0.0055,0.0152,9.8066,0.0005,0.6524,-0.0228,11.06,-34.25,2.69,72.53,-86.97,169.12,-4.56972222457595,0.1784007716132639,-0.036538950510754,-0.8814728232022699,-2.742705790975357,-0.39968132596680084
52.213993,-2.186553,94.48,8.78,3,259.51,26 / 27,12859109,2020-01-08 15:49:42:703,0.7169,-5.8587,9.5741,0.0057,-0.0014,9.8066,-0.0038,0.3056,0.0768,11.31,-34.56,4.13,67.98,-87.05,169.73,-5.9002839556924895,0.0247526111147998,-0.2320808704757378,-0.3129116047657836,-3.6764885142498733,-0.02257419230365812
52.213993,-2.186553,94.48,8.78,3,259.51,26 / 27,12859210,2020-01-08 15:49:42:804,-0.4286,-3.9822,10.1964,-0.0148,0.0208,9.8065,0.059,0.4386,0.0924,11.44,-34.0,5.44,64.53,-86.96,171.2,-3.92013515960666,0.9096169590881688,0.3903828481822243,-0.06240951482697188,-1.9917855251713883,0.09135669513862806
52.21419,-2.18754,94.43,5.86,2,277.16,23 / 26,12859310,2020-01-08 15:49:42:904,0.2231,-4.9037,9.6153,-0.0121,-0.0104,9.8066,0.04,0.6657,0.0383,11.38,-34.0,6.63,51.57,-86.81,167.47,-4.884451786686416,0.3768267965771221,-0.1908714984415021,-0.15398154155434685,-2.766272489588648,-0.04791106989233326
52.21419,-2.18754,94.43,5.86,2,277.16,23 / 26,12859410,2020-01-08 15:49:43:004,0.2825,-4.6741,9.3638,0.0032,0.0024,9.8066,-0.023,0.4401,-0.0519,11.94,-33.5,7.44,53.86,-86.79,167.9,-4.674860230815807,0.3060956373944075,-0.4424023769204813,-0.5634758121452651,-2.6359234154711784,-0.6433739562484844
52.21419,-2.18754,94.43,5.86,2,277.16,23 / 26,12859510,2020-01-08 15:49:43:104,1.4283,-4.0435,9.5248,-0.0271,0.0148,9.8065,-0.0512,0.6011,0.0258,11.38,-34.19,9.31,48.86,-86.75,172.23,-4.208121943242812,-0.937946150431648,-0.2816197253190741,-1.634222030310702,-2.214954214228235,-0.22788211489135454
52.21419,-2.18754,94.43,5.86,2,277.16,23 / 26,12859609,2020-01-08 15:49:43:203,0.1046,-3.1439,9.9976,-0.0265,0.028,9.8065,-0.0002,0.5118,0.0865,11.31,-33.94,9.81,41.5,-86.75,168.79,-3.1634790476916166,0.2653848461333992,0.191382413661484,-0.5483818002691929,-1.0640906008365663,0.10494834949700677
52.21419,-2.18754,94.43,5.86,2,277.16,23 / 26,12859710,2020-01-08 15:49:43:304,1.2273,-1.7149,10.3829,0.0162,-0.0066,9.8066,-0.0049,0.601,-0.0387,10.75,-33.56,10.69,39.88,-86.76,170.29,-1.8459400670661432,-0.9887714623599774,0.5762031360747321,-1.7584798926140888,0.06489759739387724,0.5292695757703705
52.21419,-2.18754,94.43,5.86,2,277.16,23 / 26,12859810,2020-01-08 15:49:43:404,-0.6386,-4.0688,9.996,-0.0121,-0.0056,9.8066,-0.0092,0.58,-0.0486,11.06,-33.94,12.81,39.22,-86.55,174.58,-3.953357742524337,1.1282092158526995,0.1899351860185873,0.2630666983976383,-1.8995130628839294,0.23027144221827245
52.21419,-2.18754,94.43,5.86,2,277.16,23 / 26,12859910,2020-01-08 15:49:43:504,0.1107,-3.2483,10.8253,-0.0022,0.014,9.8065,0.0232,0.2923,0.0137,10.31,-34.06,13.19,40.1,-86.36,177.61,-3.250846170786553,0.2945254343981792,1.0190952273340144,-0.40371048730524495,-1.334008911144423,0.8562805616449487
52.21419,-2.18754,94.43,5.86,2,277.16,23 / 26,12860010,2020-01-08 15:49:43:604,-0.0462,-1.2489,9.8783,-0.0163,-0.0073,9.8066,-0.0104,0.3683,0.0299,10.63,-33.25,15.0,39.6,-86.06,178.82,-1.228176908496767,0.1844658240365658,0.0718282757542909,-0.8752040616161063,0.6478585775246017,0.2614901313625486
52.21419,-2.18754,94.43,5.86,2,277.16,23 / 26,12860111,2020-01-08 15:49:43:705,-0.931,-1.3522,10.5456,0.016,-0.0227,9.8065,0.069,0.3633,0.0291,10.13,-33.25,15.56,30.51,-85.77,174.67,-1.2009905739166042,1.1052160557745945,0.7394370638678562,0.636608307451899,0.81607902760254,0.42989853335673556
52.21419,-2.18754,94.43,5.86,2,277.16,23 / 26,12860210,2020-01-08 15:49:43:804,0.89,-4.1493,9.2334,0.0247,-0.0277,9.8065,-0.031,0.3177,-0.2332,10.44,-33.5,15.75,27.62,-85.74,172.09,-4.197368545339006,-0.3444919074273002,-0.5728847007171803,-1.7232799050575556,-0.41288225549773383,-0.1940193929629468
52.21419,-2.18754,94.43,5.86,2,277.16,26 / 26,12860312,2020-01-08 15:49:43:906,0.3261,-0.8402,8.9084,0.0171,-0.0095,9.8065,0.0669,0.4413,-0.1745,9.94,-33.44,15.88,25.71,-85.69,170.37,-0.8628092344765265,-0.2028026710811322,-0.8980859655424906,-0.33788007829976785,1.3045497263519485,-1.4011642351501628
52.21419,-2.18754,94.43,5.86,2,277.16,26 / 26,12860410,2020-01-08 15:49:44:004,1.4105,-2.3515,9.5044,0.0139,0.0044,9.8066,-0.0511,0.2721,0.0361,9.25,-33.25,16.63,24.79,-85.7,173.74,-2.511677631562803,-1.0918732613031084,-0.3022738267835684,-2.820619062243847,-0.7430423799502324,0.3155942158686307
52.21419,-2.18754,94.43,5.86,2,277.16,26 / 26,12860509,2020-01-08 15:49:44:103,-1.0744,-2.1419,10.4728,-0.0031,0.0172,9.8066,0.0376,0.2286,-0.1603,8.94,-33.12,17.13,26.98,-85.85,175.79,-2.0086222149248023,1.3320057994000452,0.6666455490552909,1.504702499206143,0.2820116796235794,-0.0774784653617544
52.21419,-2.18754,94.43,5.86,2,277.16,26 / 26,12860610,2020-01-08 15:49:44:204,-0.311,0.3358,8.2479,-0.0105,-0.0107,9.8066,-0.1282,0.1899,0.1164,9.13,-33.25,17.56,25.99,-85.71,176.28,0.381156045616259,0.2553062241443394,-1.5586683389365863,-1.695108671706582,1.3664959506029275,-0.6641988271815744
52.21419,-2.18754,94.43,5.86,2,277.16,26 / 26,12860710,2020-01-08 15:49:44:304,1.9821,-3.0338,10.2875,-0.0023,0.0496,9.8065,-0.009,-0.1955,0.119,9.19,-33.69,18.19,25.99,-85.75,176.22,-3.3067381341057045,-1.5845528271211209,0.4808691823288167,-1.304163656102118,0.2622058005016912,-0.5256438820747156
52.21419,-2.18754,94.43,5.86,2,277.16,26 / 26,12860810,2020-01-08 15:49:44:404,-2.4774,0.1483,10.0946,-0.0412,0.0267,9.8065,-0.0373,-0.3558,0.3238,9.44,-32.81,18.06,28.58,-85.6,178.49,0.4244419413883398,2.401958832010372,0.2886198498334197,0.530486256808791,1.2900522380995785,1.4565517751255528
52.21419,-2.18754,94.43,5.86,2,277.16,26 / 26,12860910,2020-01-08 15:49:44:504,4.8631,-5.3119,10.6951,-0.0728,0.0634,9.8061,0.0353,0.275,-0.1126,8.88,-33.44,18.0,31.05,-85.56,-179.34,-5.948746577632406,-4.227333825682377,0.888449650429516,-4.187671026723434,0.03702961354152068,-0.3488681355676229
52.21419,-2.18754,94.43,5.86,2,277.16,26 / 26,12861010,2020-01-08 15:49:44:604,-4.917,3.542,6.6443,0.0593,-0.039,9.8063,-0.2791,-0.6759,0.2333,8.38,-33.56,17.88,33.33,-85.47,-175.01,4.173328048334112,4.491670562523396,-3.161264817877262,3.1028592951985643,2.9433182182972795,-1.78516613572999
52.21419,-2.18754,94.43,5.86,2,277.16,26 / 26,12861109,2020-01-08 15:49:44:703,-5.7229,1.7393,10.3821,-0.0857,0.1362,9.8053,0.1734,0.9606,-0.7708,8.75,-33.75,18.5,42.2,-85.55,-168.08,2.2935340705616425,5.39318232738909,0.5778732912247662,4.805419016521967,3.599899185741037,-0.7927419845509013
52.21419,-2.18754,94.43,5.86,2,277.16,26 / 26,12861210,2020-01-08 15:49:44:804,-7.8275,6.3645,6.1761,0.0208,-0.0881,9.8062,-0.092,-0.1237,0.2728,8.19,-33.12,17.25,36.38,-85.33,-173.78,7.380595238243724,6.98330274157672,-3.629019483097486,6.4411769689584135,3.189585810029028,-2.174444551757713
52.21419,-2.18754,94.43,5.86,2,277.16,26 / 26,12861310,2020-01-08 15:49:44:904,3.9056,-6.3561,11.696,0.0606,-0.0815,9.806,-0.4012,-1.2097,0.6161,8.38,-34.19,17.75,34.43,-85.29,-174.22,-6.704933261340637,-3.033042539458308,1.889775932433344,-4.512254444459455,-0.9786386699684158,0.5397918149392373
52.21419,-2.18754,94.43,5.86,2,277.16,26 / 26,12861410,2020-01-08 15:49:45:004,2.4361,-3.2871,9.1446,0.1686,-0.1292,9.8043,-0.185,-0.9476,0.8764,7.81,-33.94,17.38,54.28,-85.39,-157.81,-3.416036502582741,-1.8558929888523223,-0.6598852755980157,-1.387994442250975,-0.4956582526304971,0.6999021323972623
52.21419,-2.18754,94.43,5.86,2,277.16,26 / 26,12861510,2020-01-08 15:49:45:104,-7.0092,3.3143,9.6784,0.0076,0.0128,9.8066,0.1347,-0.5509,0.1525,8.31,-34.12,18.25,44.45,-85.6,-164.93,4.150652713983914,6.550402643126189,-0.1269920896095796,4.178777251917203,2.4292691480120516,-1.2761160749186593
52.21419,-2.18754,94.43,5.86,2,277.16,26 / 26,12861610,2020-01-08 15:49:45:204,-1.3815,0.4818,7.8287,0.0677,-0.0824,9.806,-0.2437,-0.8911,0.4743,7.94,-33.56,17.69,37.49,-85.36,-171.45,0.7403595784709922,1.3679920776224113,-1.9770389323755284,2.7078430010126797,2.491539863725916,-0.8924483720706865
52.21419,-2.18754,94.43,5.86,2,277.16,26 / 26,12861710,2020-01-08 15:49:45:304,-7.4979,3.8413,10.1669,0.1053,-0.0355,9.806,-0.0309,-0.8499,0.7315,8.0,-33.56,17.94,40.18,-85.55,-168.83,4.794615623674789,7.060379900020147,0.3621794839649443,4.103516504346688,1.9619823405533894,-0.4187334438654315
52.21419,-2.18754,94.43,5.86,2,277.16,26 / 26,12861810,2020-01-08 15:49:45:404,5.0981,-5.2197,9.7612,0.104,-0.0754,9.8057,-0.1378,-0.4089,0.4282,7.81,-33.31,17.63,48.66,-85.4,-161.19,-5.726871769867746,-4.313669500907754,-0.0450856787695296,-2.521761325494767,-0.18869919308208405,0.6154752555159468
52.21419,-2.18754,94.43,5.86,2,277.16,26 / 26,12861910,2020-01-08 15:49:45:504,-4.3888,2.4456,11.2022,0.0916,-0.0164,9.8062,-0.0069,-0.9559,0.4846,7.44,-33.56,17.94,38.45,-85.69,-167.6,3.00154650437188,4.138126363116251,1.3967365338442403,1.1254349434776652,1.7129531223079515,1.1029202462613887
52.21419,-2.18754,94.43,5.86,2,277.16,26 / 26,12862010,2020-01-08 15:49:45:604,6.7762,-4.9274,9.5544,0.0167,-0.0612,9.8064,-0.1039,-0.0719,0.0028,8.13,-33.56,18.0,45.67,-85.57,-163.86,-5.671085122234026,-6.099920662280764,-0.2529983008956881,-4.413135236552426,-0.36594110794516077,-0.10305895904427359
52.21419,-2.18754,94.43,5.86,2,277.16,26 / 26,12862109,2020-01-08 15:49:45:703,-2.4042,1.9834,8.8313,0.1107,-0.0803,9.8057,-0.0822,-0.8445,0.6277,8.0,-33.81,17.75,39.99,-85.32,-169.27,2.36110986505842,2.2381723087215866,-0.9740533771799637,-0.2669555787608555,1.6909478875891242,-0.7348025240208403
52.21419,-2.18754,94.43,5.86,2,277.16,26 / 26,12862210,2020-01-08 15:49:45:804,4.4594,-3.3262,9.4519,-0.0155,-0.0327,9.8065,-0.1106,0.3496,-0.16,8.25,-33.31,17.88,44.05,-85.15,-165.68,-3.825798450378811,-4.029227513551758,-0.3552538263222595,-2.9315807200480726,-0.7391969431953606,-0.722801164808585
52.21419,-2.18754,94.43,5.86,2,277.16,26 / 26,12862310,2020-01-08 15:49:45:904,2.4136,-0.0732,8.4255,0.0591,-0.0563,9.8063,-0.1842,-0.3664,0.1823,8.0,-34.19,18.38,41.01,-85.33,-168.34,-0.3104484190849052,-2.3337015110141213,-1.381312251657132,-3.942554241192149,-0.49487880037614507,-0.6458640784399934
52.21419,-2.18754,94.43,5.86,2,277.16,26 / 26,12862410,2020-01-08 15:49:46:004,-3.2599,1.7264,11.3993,-0.0605,-0.011,9.8064,-0.1011,0.6159,-0.3868,8.38,-33.31,18.13,41.1,-85.48,-167.94,2.122886897174883,2.957429303301499,1.5934279612761957,3.237494670538278,2.808545266073043,0.7834065227641245
52.21419,-2.18754,94.43,5.86,2,277.16,26 / 26,12862510,2020-01-08 15:49:46:104,-3.9557,4.3577,9.4434,0.0121,-0.0564,9.8065,-0.1188,-0.0229,0.0266,8.13,-33.81,17.38,42.47,-85.28,-168.61,4.874372150604331,3.386521259339584,-0.3626667305584555,2.7522432139015773,1.9531070964393809,0.7549094863780933
52.21419,-2.18754,94.43,5.86,2,277.16,26 / 26,12862609,2020-01-08 15:49:46:203,-3.378,0.0842,11.1626,-0.0637,0.0174,9.8064,0.0452,0.6378,-0.316,8.31,-33.5,17.94,38.39,-85.32,-170.55,0.4796351075961208,3.2797944978125413,1.3569168676377483,2.843551750272967,0.8980359513192386,0.24834217250604546
52.21419,-2.18754,94.43,5.86,2,277.16,26 / 26,12862710,2020-01-08 15:49:46:304,2.624,-3.2387,9.2787,-0.0602,-0.0285,9.8064,-0.1764,0.3953,-0.2616,8.31,-33.81,17.25,43.32,-85.02,-168.2,-3.5198775775734745,-2.262849821875438,-0.5279711095635666,-2.1607017630170535,-2.0224557304405213,0.8000912064764474
52.21419,-2.18754,94.43,5.86,2,277.16,26 / 26,12862810,2020-01-08 15:49:46:404,-1.2675,1.5871,10.8014,-0.0418,0.0382,9.8064,-0.0002,0.27,-0.078,8.88,-33.5,17.88,47.92,-85.29,-164.49,1.6897146645666,1.0227736416761837,0.9951156366176844,0.24025656374196913,1.8824264205458872,-0.2244979105900118
52.21419,-2.18754,94.43,5.86,2,277.16,26 / 26,12862910,2020-01-08 15:49:46:504,3.3164,0.0167,9.4914,-0.0355,0.0449,9.8064,-0.0302,0.3129,-0.2445,8.13,-33.81,17.44,48.6,-85.43,-162.91,-0.445951748934674,-3.322152337812054,-0.3157288900180202,-2.919370470203878,-0.6187096189057257,1.0237241828172572
52.21419,-2.18754,94.43,5.86,2,277.16,26 / 26,12863010,2020-01-08 15:49:46:604,-0.4556,1.0671,12.7773,-0.0448,-0.057,9.8063,-0.2206,-0.1401,0.133,8.31,-33.25,17.88,46.34,-85.73,-162.89,1.1667581965498497,0.2667497384230333,2.97097935668274,-0.38535117545978936,1.3185091347106703,1.8374293756452025
52.21419,-2.18754,94.43,5.86,2,277.16,26 / 26,12863110,2020-01-08 15:49:46:704,2.2013,1.321,9.0016,-0.0598,-0.0614,9.8062,-0.3276,0.0181,-0.0131,7.63,-33.19,17.44,49.27,-85.21,-162.42,1.089617479844866,-2.415641525792071,-0.8052290956525839,-2.159319645260581,0.6188589828160798,0.356128535440073
52.21419,-2.18754,94.43,5.86,2,277.16,26 / 26,12863210,2020-01-08 15:49:46:804,0.0772,-2.3357,12.033,0.0028,-0.0519,9.8064,-0.0233,-0.4498,0.1481,8.44,-33.69,18.0,48.66,-85.53,-161.2,-2.275097463250565,0.2104390755083364,2.2268076450852328,0.08194320007217754,-1.7685628997514968,1.3470774030169437
52.21419,-2.18754,94.43,5.86,2,277.16,27 / 27,12863310,2020-01-08 15:49:46:904,-4.2647,2.5376,9.386,0.0134,-0.0793,9.8063,-0.1821,-0.2724,0.3221,8.31,-33.56,17.69,45.85,-85.28,-164.07,3.1298854691161173,3.918506220170823,-0.4196227623692064,3.743433610458233,1.1794829160867808,0.42289528176548025
52.21419,-2.18754,94.43,5.86,2,277.16,27 / 27,12863410,2020-01-08 15:49:47:004,-0.4759,-1.3107,12.4755,0.0456,-0.01,9.8065,0.1663,-0.3511,0.0537,8.81,-33.31,17.5,51.28,-85.16,-161.6,-1.2253358625530362,0.6790041386376896,2.6692413048756567,1.2445434658625625,-0.9034739955248405,2.144959374567771
52.21419,-2.18754,94.43,5.86,2,277.16,27 / 27,12863510,2020-01-08 15:49:47:104,-2.327,3.668,9.1591,0.0055,-0.0846,9.8062,-0.0706,-0.3415,0.3593,7.94,-34.0,16.38,47.63,-85.23,-165.75,4.01410858273506,1.8465313422769545,-0.6469588147645934,1.2089187294140369,0.8916466267625824,-0.18404914711580198
52.21419,-2.18754,94.43,5.86,2,277.16,27 / 27,12863610,2020-01-08 15:49:47:204,4.5461,-0.5259,7.1187,0.1095,0.0334,9.8059,0.3608,-0.3651,0.3327,8.38,-33.94,16.94,50.54,-85.1,-161.63,-1.1083247973269714,-4.331621147609432,-2.688113514569816,-3.1612522556165956,-0.7851945754538504,-2.843521525073367
52.21419,-2.18754,94.43,5.86,2,277.16,27 / 27,12863710,2020-01-08 15:49:47:304,-2.8168,0.2667,9.8444,0.0329,-0.0165,9.8066,0.1569,-0.5179,-0.0124,8.5,-34.37,16.63,49.91,-85.2,-164.59,0.6363227065769335,2.7921390479468067,0.0383942707354912,1.8958371105780363,-0.6189213966933544,0.15063959172844554
52.21419,-2.18754,94.43,5.86,2,277.16,27 / 27,12863809,2020-01-08 15:49:47:403,1.5487,-0.046,8.2133,0.0223,0.0235,9.8066,0.0288,-0.0985,-0.0746,8.0,-33.69,17.44,43.54,-85.41,-167.49,-0.2593966826702508,-1.5054569374844065,-1.5936263270916866,-0.010424001202370192,-0.07196281652381653,-1.4502408939289693
52.21419,-2.18754,94.43,5.86,2,277.16,27 / 27,12863910,2020-01-08 15:49:47:504,-1.7065,0.5641,9.443,0.0596,0.0015,9.8064,0.1043,-0.2216,0.157,8.0,-33.37,16.88,39.81,-85.42,-170.65,0.7783995503641813,1.6822491197621738,-0.36306964766038,0.8583933659029671,-0.4656969630818635,-0.5021492917926036
52.21419,-2.18754,94.43,5.86,2,277.16,27 / 27,12864009,2020-01-08 15:49:47:603,0.7136,-1.6265,9.7041,-0.0049,-0.0003,9.8066,0.0071,0.153,-0.1167,8.94,-33.31,17.44,41.88,-85.25,-171.57,-1.7031058768343643,-0.5100976393660059,-0.1024973687734425,0.9704017437976242,-1.7733377612271615,0.21815870891708788
52.21419,-2.18754,94.43,5.86,2,277.16,27 / 27,12864110,2020-01-08 15:49:47:704,-0.6529,-0.3075,10.195,0.0209,0.0033,9.8066,0.0096,-0.0608,-0.0042,8.63,-33.44,16.5,40.0,-85.3,-173.18,-0.2243308120754998,0.7072063475797424,0.3885775452808206,0.27427713773957474,-1.3390278736930534,0.12692007439131897
52.21419,-2.18754,94.43,5.86,2,277.16,27 / 27,12864210,2020-01-08 15:49:47:804,-0.4893,2.3798,9.4613,-0.0033,0.025,9.8066,-0.0219,0.1841,-0.0578,9.0,-33.75,17.38,39.72,-85.29,-173.61,2.3969977621852405,0.1886651922255303,-0.3454248157290569,1.3884915009360668,1.6097883074022268,0.024533911146318612
52.21419,-2.18754,94.43,5.86,2,277.16,26 / 26,12864310,2020-01-08 15:49:47:904,0.1665,0.725,10.4619,0.0084,0.0357,9.8065,0.1319,0.1145,-0.0632,9.06,-33.62,17.5,39.79,-85.49,-171.75,0.6642528690073082,-0.2429651768580807,0.655297877953135,-0.09016837071144546,-0.2721111924842864,0.38540882128241644
52.21419,-2.18754,94.43,5.86,2,277.16,26 / 26,12864410,2020-01-08 15:49:48:004,-0.4862,2.5222,9.4246,-0.0177,-0.0073,9.8066,-0.0808,0.0815,-0.037,8.63,-34.06,17.44,41.75,-85.3,-171.79,2.568149696415631,0.1495267553303628,-0.3821457656976924,0.9560486086318296,1.2997382035507878,-0.059203894022926584
52.21419,-2.18754,94.43,5.86,2,277.16,26 / 26,12864510,2020-01-08 15:49:48:104,2.694,2.3946,8.6411,-0.0016,0.0184,9.8065,-0.1226,0.0657,-0.0685,9.25,-33.69,17.19,40.89,-85.43,-172.39,2.0214582993529,-2.9705852947837776,-1.1662213813816238,-2.205937239126689,1.2242872247846002,-1.3733584214711287
52.21419,-2.18754,94.43,5.86,2,277.16,26 / 26,12864610,2020-01-08 15:49:48:204,0.1637,2.2092,9.9802,-0.0222,-0.0302,9.8066,-0.073,0.0532,0.0297,8.56,-33.44,17.25,40.59,-85.62,-172.29,2.1987552610575696,-0.4637205391974061,0.1733398208667755,-0.0005113521703665747,1.0561838372627468,0.4025040735296114
52.21419,-2.18754,94.43,5.86,2,277.16,26 / 26,12864710,2020-01-08 15:49:48:304,2.1342,1.4603,8.9726,-0.0285,-0.02,9.8065,-0.092,0.115,-0.0724,8.81,-33.56,16.44,43.49,-85.36,-171.9,1.1990209207114182,-2.330209955832126,-0.8345172157823868,-1.0731134202963502,0.5235742294594556,-0.9576999942994955
52.21419,-2.18754,94.43,5.86,2,277.16,26 / 26,12864810,2020-01-08 15:49:48:404,2.1745,-0.5236,9.2252,0.0176,-0.0169,9.8066,0.0695,-0.3561,0.1303,8.63,-33.75,16.13,43.07,-85.36,-172.27,-0.7717310282888757,-2.0767532047874337,-0.5818211120106603,-1.792981885472565,-1.8643004364649274,-0.44762614865408473
52.21419,-2.18754,94.43,5.86,2,277.16,26 / 26,12864911,2020-01-08 15:49:48:505,2.5037,1.288,9.6769,0.0148,0.0051,9.8065,0.0662,-0.0321,0.0726,9.0,-34.44,16.5,39.9,-85.33,-173.4,0.9625368364794484,-2.6294114521002654,-0.1302690829940402,-1.0789287635842848,0.3123549018291375,-0.18596122075793675
52.21419,-2.18754,94.43,5.86,2,277.16,26 / 26,12865010,2020-01-08 15:49:48:604,1.7929,3.0402,9.0105,0.0292,0.0142,9.8065,0.0474,-0.0323,0.0518,8.13,-33.62,16.25,38.63,-85.41,-173.48,2.7824119338536057,-2.1270664776962174,-0.7966816929050434,-1.8189620482850484,0.8560532852002996,-0.730203206454427
52.21419,-2.18754,94.43,5.86,2,277.16,26 / 26,12865110,2020-01-08 15:49:48:704,1.6746,1.537,10.408,-0.0119,0.0227,9.8066,0.0612,0.2132,-0.1246,8.81,-34.06,16.06,42.64,-85.41,-172.59,1.2922337246022235,-1.8622942554492683,0.6008833556700681,-0.2231866147041213,0.5991808036836036,0.5774455440159008
52.21419,-2.18754,94.43,5.86,2,277.16,26 / 26,12865209,2020-01-08 15:49:48:803,0.6621,3.0165,9.1302,0.0018,0.0044,9.8066,-0.0014,-0.0593,0.0135,8.0,-34.19,15.56,38.48,-85.33,-173.71,2.9062121836600325,-1.0305719396373023,-0.676839479328884,-0.5218085099223938,0.8869225369777701,-0.640269870406547
52.21419,-2.18754,94.43,5.86,2,277.16,26 / 26,12865310,2020-01-08 15:49:48:904,1.329,1.7917,9.9328,0.003,0.0117,9.8066,0.0276,0.0683,0.0366,7.69,-34.0,16.5,36.69,-85.31,-173.68,1.6007777102057617,-1.5376292203631752,0.1257360059558674,0.0360565879974821,0.817673978737349,0.09568278060158819
52.21419,-2.18754,94.43,5.86,2,277.16,26 / 26,12865410,2020-01-08 15:49:49:004,0.4631,2.0722,10.3274,-0.0057,-0.0169,9.8066,-0.0411,0.0376,-0.0218,8.38,-34.12,17.06,37.32,-85.23,-173.22,2.014377664078075,-0.7257511727883779,0.5204927969334968,0.08949908985439081,0.973031328702695,0.5637262724334893
52.21419,-2.18754,94.43,5.86,2,277.16,26 / 26,12865510,2020-01-08 15:49:49:104,1.8594,1.3126,9.9644,-0.018,0.0001,9.8066,-0.046,0.1684,-0.0823,7.69,-34.37,17.0,36.24,-85.11,-174.3,1.0681741495284665,-2.026440391704213,0.1572614865401295,-0.5923381404761746,0.17854624027738317,0.08694767040378745
52.21419,-2.18754,94.43,5.86,2,277.16,26 / 26,12865609,2020-01-08 15:49:49:203,0.8402,2.1085,10.1808,0.0062,-0.0111,9.8066,0.041,0.0352,0.0485,8.13,-34.06,17.13,34.34,-85.06,-176.01,1.9990924249964384,-1.091870546609932,0.3738100931858139,0.049561990851051285,1.078334199585742,0.4521522365919354
52.21419,-2.18754,94.43,5.86,2,277.16,26 / 26,12865710,2020-01-08 15:49:49:304,0.2966,0.8625,10.1342,-0.0205,-0.0059,9.8066,-0.0585,0.0821,-0.0471,7.94,-34.12,16.94,35.11,-84.92,-175.49,0.8221063731788745,-0.4229813336275979,0.3274456177463616,0.8806078530535142,-0.1543196277934566,0.19439870336181594
52.21419,-2.18754,94.43,5.86,2,277.16,26 / 26,12865810,2020-01-08 15:49:49:404,0.4624,-0.6505,11.0951,-0.0035,0.0124,9.8066,0.1446,0.0789,-0.081,7.69,-33.94,16.94,34.04,-84.89,-176.45,-0.7157294908991106,-0.3799015280154296,1.28846326873095,1.0290466306660424,-1.547631323597342,1.4165968346933935
52.21419,-2.18754,94.43,5.86,2,277.16,26 / 26,12865909,2020-01-08 15:49:49:503,0.5368,0.6622,10.4136,-0.0029,-0.0173,9.8066,0.1297,0.1186,0.0227,7.31,-33.44,17.56,29.21,-84.75,-176.52,0.6069441023352599,-0.6203540061770094,0.6068155433577672,0.6277355629041639,-0.4027441530754651,0.4050903272445578
52.21419,-2.18754,94.43,5.86,2,277.16,26 / 26,12866010,2020-01-08 15:49:49:604,1.254,0.634,8.6935,0.0213,0.015,9.8065,0.132,0.146,-0.0105,7.88,-33.94,18.06,32.58,-84.53,-176.6,0.4603852826557535,-1.3000082922594327,-1.113329745210598,0.2649508237343403,-0.32987778211265706,-0.9390374640968598
52.21419,-2.18754,94.43,5.86,2,277.16,26 / 26,12866110,2020-01-08 15:49:49:704,1.0534,0.3478,10.1102,0.0013,-0.0014,9.8066,0.0484,0.1877,-0.1479,7.44,-33.56,18.13,27.66,-84.46,-178.23,0.2153092410787792,-1.087500416333836,0.3033360927746888,0.2141206862677768,-0.7537963591828964,0.04641076112594267
52.21419,-2.18754,94.43,5.86,2,277.16,26 / 26,12866209,2020-01-08 15:49:49:803,1.1793,-0.379,9.7422,0.0027,-0.0072,9.8066,0.0476,0.1122,-0.0871,7.31,-33.12,18.69,21.86,-84.29,178.07,-0.5156135988453348,-1.1210428110613244,-0.0646203718148245,0.4723002133039349,-1.3227018781291848,0.13346274112386447
52.21419,-2.18754,94.43,5.86,2,277.16,26 / 27,12866310,2020-01-08 15:49:49:904,0.4881,0.1662,10.0955,0.0189,-0.0107,9.8066,0.0615,0.1361,0.026,7.63,-33.12,19.06,22.63,-84.19,176.12,0.1170349274737086,-0.4876620414045929,0.2887802263388696,0.9713693382183487,-0.7401545683078077,0.007017245579504533
52.21419,-2.18754,94.43,5.86,2,277.16,26 / 27,12866410,2020-01-08 15:49:50:004,2.3106,-0.1121,8.9514,0.0094,0.0023,9.8066,0.001,0.2666,-0.0355,7.0,-33.81,19.56,17.72,-84.0,175.41,-0.4005046687143876,-2.268780430260253,-0.8556910713605015,-0.7512976029672896,-1.2692905526020175,-0.6695292012971195
52.21419,-2.18754,94.43,5.86,2,277.16,26 / 27,12866509,2020-01-08 15:49:50:103,0.5619,-0.1816,10.1822,0.0102,-0.0021,9.8066,0.0589,0.1088,0.0076,6.56,-33.37,19.63,16.79,-83.9,174.67,-0.2468645009912929,-0.5250983698053712,0.3754971640080146,1.1531181972343159,-0.9481570633606509,0.10855863433798052
52.21419,-2.18754,94.43,5.86,2,277.16,26 / 27,12866610,2020-01-08 15:49:50:204,-0.5586,0.4319,10.1973,-0.0206,0.0023,9.8066,-0.0236,0.4017,-0.1139,6.88,-33.5,20.31,16.85,-83.93,174.73,0.4933580858286532,0.4801448895895933,0.3907752987952094,1.8727934690662085,-0.44624437334753986,0.5246254083170041
52.21419,-2.18754,94.43,5.86,2,277.16,26 / 27,12866709,2020-01-08 15:49:50:303,1.8016,0.4646,10.3303,0.0145,0.0165,9.8065,-0.0124,0.4085,-0.1165,6.69,-33.31,20.81,15.23,-83.97,174.35,0.2218053813356041,-1.8291464991038668,0.5233659500069103,0.0641218512458186,-0.32435360214383857,0.3117011264932844
52.21419,-2.18754,94.43,5.86,2,277.16,26 / 27,12866810,2020-01-08 15:49:50:404,0.6853,1.4031,10.183,-0.0005,-0.0156,9.8066,-0.0498,0.3665,-0.0867,6.44,-33.69,20.25,10.84,-83.82,172.19,1.322141733400801,-0.8574321619960422,0.3761111728926954,0.43040539455533094,0.348842829704639,0.4197857768034922
52.21419,-2.18754,94.43,5.86,2,277.16,26 / 27,12866910,2020-01-08 15:49:50:504,2.9297,1.2277,9.1981,-0.0036,-0.0028,9.8066,-0.0301,0.4581,-0.1301,6.13,-33.12,21.0,7.86,-83.85,170.6,0.8550998079293947,-3.063699858048147,-0.6092609361143024,-1.0273685912353785,0.41613425880683563,-0.7295774862390513
52.21419,-2.18754,94.43,5.86,2,277.16,26 / 27,12867010,2020-01-08 15:49:50:604,1.0442,2.3571,9.9158,-0.0047,0.0055,9.8065,0.007,0.339,-0.0346,5.88,-33.81,21.06,7.57,-83.91,170.33,2.2024672958729057,-1.333960954768364,0.1088404417657621,-0.0715208535611479,1.2725324692287598,0.029886980392156703
52.21419,-2.18754,94.43,5.86,2,277.16,26 / 27,12867110,2020-01-08 15:49:50:704,1.8132,2.0188,10.0524,-0.0171,0.0185,9.8066,0.0146,0.3651,-0.0573,5.44,-33.81,22.19,4.07,-84.0,170.61,1.756485433804367,-2.0654901555043352,0.2452043195944242,-0.005776541307387861,1.3441936705397144,0.24689336910360105
52.21419,-2.18754,94.43,5.86,2,277.16,26 / 27,12867210,2020-01-08 15:49:50:804,1.9403,1.2103,10.2322,0.0175,-0.0106,9.8065,-0.0227,0.1885,0.0523,5.13,-33.12,22.38,4.39,-83.95,170.88,0.971646853122654,-2.060125733691593,0.4251605510845549,-0.7121222145048904,0.18017770305934555,0.19665353331889107
52.21419,-2.18754,94.43,5.86,2,277.16,26 / 26,12867310,2020-01-08 15:49:50:904,2.4589,0.6097,9.1217,-0.0023,-0.0191,9.8066,-0.0192,0.3584,-0.08,4.75,-32.69,22.56,2.62,-83.82,169.94,0.3169566423169902,-2.5202405962216607,-0.6854988796835684,-0.5718818548081033,-0.15434610878274996,-0.5370335845209468
52.21419,-2.18754,94.43,5.86,2,277.16,26 / 26,12867410,2020-01-08 15:49:51:004,1.3,1.3646,9.4627,0.0277,0.0012,9.8065,0.0237,0.2182,0.0069,4.69,-33.06,22.88,359.25,-83.8,167.1,1.1940919217923438,-1.432294760021278,-0.3442114070246048,0.11004445429596835,0.6234239631883169,-0.7416472382302634
52.21419,-2.18754,94.43,5.86,2,277.16,26 / 26,12867510,2020-01-08 15:49:51:104,0.1855,-0.0149,10.19,-0.0037,0.0185,9.8066,0.0689,0.3375,-0.0602,4.19,-33.37,22.56,355.82,-83.87,166.61,-0.0567038927517528,-0.1836464874274091,0.3833619649917975,1.5358764145855988,-0.6461540446015792,0.69301076317032
52.21419,-2.18754,94.43,5.86,2,277.16,26 / 26,12867610,2020-01-08 15:49:51:204,0.8478,0.5765,9.771,0.035,-0.0091,9.8065,-0.0321,0.2013,0.1006,3.56,-33.31,23.25,355.04,-83.81,165.96,0.4796789535975442,-0.879467209409071,-0.0357348436373598,0.9353905079363659,0.16944847577136815,-0.6068098495926539
52.21419,-2.18754,94.43,5.86,2,277.16,26 / 26,12867710,2020-01-08 15:49:51:304,0.8176,0.9813,9.4412,0.0066,-0.0092,9.8066,-0.0456,0.2651,0.0246,3.31,-32.56,23.25,351.0,-83.69,165.02,0.881620315266547,-0.9280929096053993,-0.3656741457219778,0.4860252854039945,0.1668040603510611,0.10001436608162578
52.21419,-2.18754,94.43,5.86,2,277.16,26 / 26,12867810,2020-01-08 15:49:51:404,2.3721,0.587,10.3043,0.0126,-0.0171,9.8066,0.0211,0.24,0.055,3.38,-32.62,24.13,351.46,-83.68,165.67,0.3052132951811236,-2.41652503089186,0.4971257079630627,-0.29970400802861463,0.23440652849613186,-0.22781969837708718
52.21419,-2.18754,94.43,5.86,2,277.16,26 / 26,12867910,2020-01-08 15:49:51:504,0.0915,0.8837,8.9041,-0.0004,-0.0349,9.8065,-0.1006,0.2734,-0.1873,3.38,-32.12,24.38,351.91,-83.48,166.05,0.8999086811099075,-0.2055168923153392,-0.9025101122071004,0.8808528759765235,0.11254226906922965,-0.3139410930193224
52.21419,-2.18754,94.43,5.86,2,277.16,26 / 26,12868010,2020-01-08 15:49:51:604,1.9185,-1.1266,12.076,-0.0098,-0.0242,9.8066,0.0096,0.5962,-0.4293,1.5,-32.06,26.44,344.42,-83.21,162.36,-1.334078003844269,-1.7763114959022623,2.2690871202279483,0.6144353586246082,-1.243525996480471,1.4393985826245719
52.21419,-2.18754,94.43,5.86,2,277.16,26 / 26,12868110,2020-01-08 15:49:51:704,4.0718,0.9485,9.8695,0.0792,-0.0719,9.806,-0.1838,0.1765,0.113,2.25,-32.06,26.5,337.78,-82.79,156.92,0.5146020416832021,-4.088689044849017,0.0625284193555827,-3.2928890734816934,-0.24828362760656453,0.7133317948871355
52.21419,-2.18754,94.43,5.86,2,277.16,26 / 26,12868210,2020-01-08 15:49:51:804,5.5937,-0.5936,10.849,0.0142,0.0072,9.8066,0.0478,0.5792,-0.0638,1.81,-31.81,26.19,337.24,-82.94,156.34,-1.2917482201925916,-5.461280291646897,1.0412409719649254,-2.8840250925301514,-1.147606593815414,0.17828897404837363
52.21419,-2.18754,94.43,5.86,2,277.16,26 / 26,12868309,2020-01-08 15:49:51:903,1.0711,1.8364,8.9118,-0.0399,0.0007,9.8065,-0.1582,0.4028,0.1084,0.88,-31.87,26.5,338.01,-83.19,159.04,1.682779905414727,-1.3310188155830738,-0.8951224958050357,-0.7302793097760049,1.049338239157604,-0.256850584197501
52.213894,-2.188399,93.75,4.16,2,201.23,26 / 26,12868410,2020-01-08 15:49:52:004,1.9896,0.387,11.1363,-0.045,-0.0341,9.8064,0.0332,0.4037,-0.0504,-0.5,-31.75,26.88,336.57,-83.25,159.9,0.1642117120744318,-2.0715327295254045,1.3294145493872909,0.5508443196729739,0.2660369801351019,0.5084694292386988
52.213894,-2.188399,93.75,4.16,2,201.23,26 / 26,12868510,2020-01-08 15:49:52:104,1.3508,-0.4097,8.4799,0.0309,-0.0596,9.8064,-0.0477,0.5469,0.006,-0.81,-31.94,27.5,338.16,-83.01,163.32,-0.5120395305913953,-1.2656414551371646,-1.326753743597516,-0.7165804793443515,-0.9449590841836142,-0.7682761971523706
52.213894,-2.188399,93.75,4.16,2,201.23,26 / 26,12868610,2020-01-08 15:49:52:204,2.6484,0.1337,9.7857,0.0339,0.0114,9.8066,0.0563,0.4178,-0.0876,-1.81,-31.37,27.13,335.3,-82.71,163.2,-0.2046589852158214,-2.609340442261073,-0.0214826942262379,-0.11991717460532349,-0.19203731550262182,-0.7434544129075036
52.213894,-2.188399,93.75,4.16,2,201.23,26 / 26,12868710,2020-01-08 15:49:52:304,0.9546,0.7812,9.7453,0.0445,-0.0092,9.8065,-0.0347,0.3101,0.015,-2.19,-31.0,27.31,330.45,-82.38,159.21,0.6707464550934482,-1.0015385585051926,-0.0614761645429691,-0.3376982451747795,0.4479759670631379,0.377229203509146
52.213894,-2.188399,93.75,4.16,2,201.23,26 / 26,12868809,2020-01-08 15:49:52:403,4.3627,1.8971,10.1001,0.0198,-0.0165,9.8066,-0.049,0.4758,-0.0164,-2.87,-31.31,27.81,326.94,-82.18,158.0,1.3571683073076417,-4.547681264782778,0.2923643610008478,-2.3729154952638334,1.2974833123032115,-0.3070049677704966
52.213894,-2.188399,93.75,4.16,2,201.23,26 / 26,12868910,2020-01-08 15:49:52:504,0.0901,-0.8524,9.5367,0.038,-0.0095,9.8065,-0.0815,0.2541,0.1291,-4.25,-31.5,27.63,325.18,-82.16,158.47,-0.8428370286617768,0.0534698608634569,-0.2697287101808595,0.981420799642627,-0.9072209674816731,0.044938611015266416
52.213894,-2.188399,93.75,4.16,2,201.23,26 / 26,12869010,2020-01-08 15:49:52:604,1.4823,0.2754,9.7153,-0.0239,-0.0144,9.8065,0.076,0.7855,-0.2432,-4.5,-31.81,27.56,326.11,-82.19,159.42,0.0997232392178056,-1.5305595303171398,-0.0915571936839774,0.18978364520834967,0.03404453956229081,-0.578999913945926
52.213894,-2.188399,93.75,4.16,2,201.23,26 / 26,12869110,2020-01-08 15:49:52:704,0.1054,-0.2807,9.4968,0.033,-0.0233,9.8065,-0.0632,0.5843,0.0027,-6.06,-31.06,28.06,323.04,-81.94,160.67,-0.2644404599354935,-0.0396688008439014,-0.3096905542452194,1.2376888398370567,-0.256706538415567,-0.09396465853225416
52.213894,-2.188399,93.75,4.16,2,201.23,26 / 26,12869210,2020-01-08 15:49:52:804,1.952,0.0849,10.8745,-0.0275,-0.0252,9.8065,0.0274,0.8755,-0.3127,-6.69,-31.19,28.13,321.25,-81.85,161.07,-0.1375090613256209,-1.978024114368608,1.0675570809233714,-0.7662813331411684,-0.12888286848808522,0.6595444532293316
52.213894,-2.188399,93.75,4.16,2,201.23,26 / 27,12869310,2020-01-08 15:49:52:904,4.9888,0.2397,10.3254,0.0229,-0.0315,9.8065,-0.0178,0.7306,-0.102,-7.25,-32.0,27.69,321.56,-81.53,161.76,-0.350080228315729,-4.96107925887996,0.5177894174792341,-3.347527884314605,-0.3513127055491791,0.6722328294205144
52.213894,-2.188399,93.75,4.16,2,201.23,26 / 27,12869410,2020-01-08 15:49:53:004,2.2375,0.0067,10.3828,-0.0353,-0.0134,9.8065,0.059,0.7988,-0.1841,-9.5,-31.06,27.38,318.75,-81.36,163.74,-0.263412825385154,-2.2577004668143044,0.5758018978512335,-1.502737982734926,-0.1248538968287175,0.21180026139587016
52.213894,-2.188399,93.75,4.16,2,201.23,26 / 27,12869510,2020-01-08 15:49:53:104,3.925,0.6394,9.7389,-0.0282,-0.0373,9.8065,0.0103,0.7723,-0.187,-10.25,-31.19,27.13,317.87,-81.15,164.94,0.1784879957636489,-4.006710454233367,-0.0685292733459918,-2.170987431051737,0.12579678798030897,0.05602051418822997
52.213894,-2.188399,93.75,4.16,2,201.23,26 / 27,12869610,2020-01-08 15:49:53:204,0.0951,-1.7544,10.0079,-0.0214,-0.0184,9.8065,0.0387,0.5171,-0.1053,-10.75,-31.19,27.56,317.95,-80.99,165.99,-1.7369640463365927,0.1008256261200065,0.2015447961410061,0.539900677140556,-1.461679404955079,-0.14000636564406205
52.213894,-2.188399,93.75,4.16,2,201.23,26 / 27,12869709,2020-01-08 15:49:53:303,2.68,0.5192,9.5328,-0.0233,-0.0194,9.8065,-0.034,0.6551,-0.2309,-11.75,-31.06,26.75,316.42,-80.9,167.35,0.1973018599434945,-2.749298181934411,-0.2743428928822124,-0.8711661371939934,0.10228538160872097,-0.16773184491002724
52.213894,-2.188399,93.75,4.16,2,201.23,26 / 27,12869810,2020-01-08 15:49:53:404,0.7878,-0.3141,9.9346,-0.0035,-0.0003,9.8066,-0.0338,0.3762,-0.1108,-12.06,-31.75,27.31,314.84,-80.93,166.16,-0.410009554098394,-0.7460258823936549,0.1278580398207509,-0.4419001351054487,-0.040847451011288505,-0.19058502435036123
52.213894,-2.188399,93.75,4.16,2,201.23,26 / 27,12869910,2020-01-08 15:49:53:504,1.7278,-0.2851,9.7969,0.0025,-0.0048,9.8066,-0.0971,0.4002,-0.0621,-12.44,-31.31,26.25,313.18,-80.95,165.5,-0.4932414826730416,-1.676882263308331,-0.0100491179926738,0.0555301166459804,-0.5800564664442928,0.06826059292295299
52.213894,-2.188399,93.75,4.16,2,201.23,26 / 27,12870010,2020-01-08 15:49:53:604,0.9752,-0.1798,10.6518,0.0017,0.0006,9.8066,-0.0092,0.2004,-0.0036,-12.87,-31.69,26.19,310.64,-81.04,165.08,-0.3003189803571766,-0.9436017316792148,0.8450051668535602,-0.6122448664768911,0.08985202536011339,0.5697501824324986
52.213894,-2.188399,93.75,4.16,2,201.23,26 / 27,12870109,2020-01-08 15:49:53:703,1.2026,0.6969,9.2068,-0.0025,-0.0088,9.8066,-0.084,0.2657,0.0268,-13.25,-31.69,25.63,311.15,-81.12,165.46,0.5498860679412527,-1.283551771574374,-0.6001322370714598,0.16058846035037327,0.5374212174287213,-0.5747261718681762
52.213894,-2.188399,93.75,4.16,2,201.23,26 / 27,12870210,2020-01-08 15:49:53:804,2.3042,-0.0835,10.4563,0.0064,-0.0114,9.8065,-0.0418,0.0945,0.1199,-13.19,-31.87,25.38,311.59,-81.21,166.91,-0.3580053779378714,-2.271025722728618,0.6493054797801406,-1.8126877136772865,-0.020545301106275837,0.44433183063411097
52.213894,-2.188399,93.75,4.16,2,201.23,26 / 26,12870310,2020-01-08 15:49:53:904,1.8932,-0.0741,10.1849,-0.0048,-0.0029,9.8066,0.0346,0.124,0.0646,-14.25,-31.44,25.56,313.02,-81.2,168.45,-0.3072802052008028,-1.874395992363336,0.377892669026563,-0.7853710664894729,-0.19274364547560197,0.3267468119966973
52.213894,-2.188399,93.75,4.16,2,201.23,26 / 26,12870409,2020-01-08 15:49:54:003,-0.2859,-1.3775,9.4422,0.0216,0.002,9.8066,-0.0235,-0.0766,0.1723,-13.62,-31.19,26.19,313.51,-81.08,168.98,-1.3304172000162944,0.4771939297180823,-0.3641975938155233,1.0846844744544302,-1.093500831450118,-0.48081251855503615
52.213894,-2.188399,93.75,4.16,2,201.23,26 / 26,12870510,2020-01-08 15:49:54:104,-0.1167,-1.1847,9.995,-0.0022,0.001,9.8066,-0.0277,0.0302,0.0776,-13.81,-31.0,25.19,313.34,-81.09,169.98,-1.1621561831925862,0.2614086839264111,0.1885412576469727,1.0049466963933906,-0.9031364283335575,0.05286394231818525
52.213894,-2.188399,93.75,4.16,2,201.23,26 / 26,12870610,2020-01-08 15:49:54:204,1.4529,0.4839,9.934,0.0127,0.0189,9.8065,-0.0099,-0.0623,0.1389,-14.81,-31.44,25.19,311.14,-81.18,169.54,0.2818008174017755,-1.4869704109124355,0.127140026673719,-0.7739705833719792,0.41141157132231254,0.09649814252327973
52.213894,-2.188399,93.75,4.16,2,201.23,26 / 26,12870710,2020-01-08 15:49:54:304,0.8242,-0.4849,10.0598,-0.0022,-0.0041,9.8066,0.0035,0.0009,0.0601,-14.37,-31.5,25.44,313.84,-81.2,170.32,-0.5800740947888269,-0.7600573033358098,0.2530667504845704,-0.2974320298811418,-0.20136443544033011,0.047272932532445966
52.213894,-2.188399,93.75,4.16,2,201.23,26 / 26,12870810,2020-01-08 15:49:54:404,-0.1627,-0.5066,9.523,0.0064,0.0031,9.8066,0.011,-0.0612,0.1379,-14.94,-31.62,24.44,311.56,-81.17,171.42,-0.4846568730862325,0.2313998661348077,-0.2835130990325996,0.9686417224137353,-0.42912769151397967,-0.2523379935141268
52.213894,-2.188399,93.75,4.16,2,201.23,26 / 26,12870910,2020-01-08 15:49:54:504,-0.5237,-1.6136,10.1842,-0.0154,-0.0014,9.8066,0.0693,-0.1273,0.0332,-14.87,-31.75,25.13,314.01,-81.16,172.33,-1.536211308931072,0.705272498300867,0.3778690347894841,0.9747266505965259,-1.0956010101617997,0.13474347972852396
52.213894,-2.188399,93.75,4.16,2,201.23,26 / 26,12871009,2020-01-08 15:49:54:603,-0.1316,-1.181,9.1861,0.0091,0.0052,9.8066,-0.0308,-0.002,0.0508,-14.19,-31.75,25.56,317.28,-81.09,172.5,-1.1594420775920689,0.2876516377938484,-0.6203529511362897,0.9626444552963442,-1.120723989526647,-0.564725942024816
52.213894,-2.188399,93.75,4.16,2,201.23,26 / 26,12871109,2020-01-08 15:49:54:703,-0.2505,-1.5425,10.1501,-0.0034,0.0083,9.8066,0.0179,-0.0684,0.0179,-15.25,-31.0,25.13,314.3,-81.09,172.43,-1.5078620156422813,0.4384628010018552,0.3437059992505291,0.5950883827456059,-1.0750700236963089,0.10262866623924824
52.213894,-2.188399,93.75,4.16,2,201.23,26 / 26,12871210,2020-01-08 15:49:54:804,0.8775,-0.7402,10.0287,0.0141,-0.0002,9.8066,-0.0396,-0.1101,0.0853,-14.5,-30.62,25.13,315.76,-81.09,172.11,-0.841866943394022,-0.764441680259017,0.2219840920047598,-0.216859102986665,-0.7622119411659831,0.26482111514931306
52.213894,-2.188399,93.75,4.16,2,201.23,26 / 26,12871309,2020-01-08 15:49:54:903,-0.1752,-1.3152,9.3951,-0.0013,0.0189,9.8065,-0.04,-0.1561,0.0591,-14.37,-31.12,25.13,315.69,-81.07,172.07,-1.3020334466444936,0.3389863981943115,-0.4112312070579134,0.4345933878755115,-0.9347890730687906,-0.6174113605067393
52.213894,-2.188399,93.75,4.16,2,201.23,26 / 26,12871410,2020-01-08 15:49:55:004,-1.1318,-0.3927,9.3825,0.0266,0.0046,9.8066,-0.0954,-0.0661,0.0834,-14.37,-31.56,25.19,315.34,-81.28,171.8,-0.2497877086371722,1.1989959951587206,-0.4238081691132673,1.5898313134733064,-0.0925851083775392,-0.41956247691216475
52.213894,-2.188399,93.75,4.16,2,201.23,26 / 26,12871510,2020-01-08 15:49:55:104,-0.91,-0.2024,9.4045,-0.0043,0.0034,9.8066,-0.0439,-0.0946,-0.0095,-14.81,-31.56,25.75,313.77,-81.29,170.81,-0.0912899555995721,0.9243849062615498,-0.4018821084378521,0.9748115340186309,0.18217369778097747,-0.5551640171938391
52.213894,-2.188399,93.75,4.16,2,201.23,26 / 26,12871610,2020-01-08 15:49:55:204,-0.0258,-1.4706,10.3157,0.0025,-0.0109,9.8066,-0.0506,-0.105,-0.0231,-14.56,-30.94,25.69,313.55,-81.35,170.36,-1.4447436428478968,0.2099732031718881,0.5092493008344012,0.45055206688663874,-1.2060528866383002,0.46530202831933276
52.213894,-2.188399,93.75,4.16,2,201.23,26 / 26,12871710,2020-01-08 15:49:55:304,-0.9795,-0.7687,9.93,0.0081,0.0098,9.8066,-0.059,-0.0767,0.0743,-14.0,-31.37,25.63,315.28,-81.39,170.29,-0.6492714614387196,1.0769356759178923,0.1236919128177026,1.0689534706004908,-0.46353236720309665,0.025139094094349557
52.213894,-2.188399,93.75,4.16,2,201.23,26 / 26,12871812,2020-01-08 15:49:55:406,-1.3446,-0.7963,9.5019,0.0127,0.0079,9.8066,-0.0518,-0.1187,0.0358,-14.19,-30.44,24.94,313.5,-81.43,169.61,-0.6287028493069523,1.4470529118398174,-0.3043248553917771,1.5663878548312182,-0.3348481376218154,-0.39124459156809016
52.213894,-2.188399,93.75,4.16,2,201.23,26 / 26,12871910,2020-01-08 15:49:55:504,-1.3073,-1.0325,9.6401,-0.0068,0.0203,9.8066,0.053,-0.1241,-0.0129,-13.62,-30.62,25.69,313.76,-81.5,168.85,-0.8824354294916058,1.421662605480258,-0.1661128801660158,1.3312064127827414,-0.7529502495426452,-0.2212866334366415
52.213894,-2.188399,93.75,4.16,2,201.23,26 / 26,12872010,2020-01-08 15:49:55:604,-1.3296,-0.7307,9.4691,0.031,-0.0059,9.8066,-0.0592,-0.1061,0.0782,-13.37,-29.94,25.0,313.78,-81.5,168.14,-0.5495133312469336,1.440434246070022,-0.3371319200707409,1.4681882757924096,-0.2428255177948939,-0.45040872618339384
52.213894,-2.188399,93.75,4.16,2,201.23,26 / 26,12872110,2020-01-08 15:49:55:704,-0.7439,-0.2237,10.1629,-0.0104,0.0048,9.8065,-0.0096,-0.0575,-0.0565,-12.56,-29.06,25.5,314.35,-81.43,167.38,-0.1352313318023389,0.756185732687883,0.3565825073924067,0.5716674423836554,-0.022879473176403264,0.3232064866231924
52.213894,-2.188399,93.75,4.16,2,201.23,26 / 26,12872209,2020-01-08 15:49:55:803,-0.3535,-1.3522,10.1671,0.0179,-0.0152,9.8065,-0.0868,-0.1381,0.0062,-13.19,-28.81,25.88,313.11,-81.45,166.24,-1.2802303606698555,0.5351300069559851,0.3608121661951251,0.47869406425962113,-0.9996383981318411,0.2471937145132711
52.213894,-2.188399,93.75,4.16,2,201.23,26 / 26,12872310,2020-01-08 15:49:55:904,0.1707,-0.0256,10.6178,0.0078,0.0042,9.8066,-0.015,-0.0503,0.0727,-13.37,-29.81,26.19,311.99,-81.33,165.56,-0.0498226518677171,-0.1580985102176114,0.8111673405825965,-0.4159589928954257,0.07320915011686649,0.7689216583495985
52.213894,-2.188399,93.75,4.16,2,201.23,26 / 26,12872410,2020-01-08 15:49:56:004,-1.506,-0.251,10.0722,0.0436,0.0082,9.8065,-0.0553,-0.2692,0.1845,-13.56,-30.12,25.94,308.86,-81.2,164.5,-0.0639382591181796,1.5697653700535443,0.2660636615579012,1.3996100021059883,0.17165938971785272,0.1866386803436306
52.213894,-2.188399,93.75,4.16,2,201.23,26 / 26,12872510,2020-01-08 15:49:56:104,-2.0155,-0.3093,10.1091,-0.0052,-0.0095,9.8066,-0.0469,-0.0262,-0.0039,-12.69,-30.81,25.5,311.1,-81.32,165.0,-0.0467739576648414,2.031923926649152,0.3029682049243151,1.7605698489952204,0.09096647229861779,0.21364956773307053
52.213894,-2.188399,93.75,4.16,2,201.23,26 / 26,12872609,2020-01-08 15:49:56:203,0.1877,0.0717,11.7598,-0.0182,0.0249,9.8066,0.1971,-0.0014,-0.1391,-13.19,-31.87,25.5,310.99,-81.3,165.15,0.0208978788041335,-0.2105755051401594,1.953150410310598,-0.5584517757665198,0.2194532901012106,1.9477868567375234
52.213894,-2.188399,93.75,4.16,2,201.23,26 / 26,12872710,2020-01-08 15:49:56:304,-1.6144,-0.9557,10.1127,0.0185,-0.014,9.8065,0.0401,-0.174,-0.0249,-12.81,-31.37,25.38,308.25,-81.26,163.65,-0.7307222730158627,1.7375071890566764,0.3066487692701512,1.538622293141866,-0.5982166649068883,0.13010710820125987
52.213894,-2.188399,93.75,4.16,2,201.23,26 / 26,12872809,2020-01-08 15:49:56:403,-1.6709,1.7015,7.3204,-0.0419,0.0565,9.8063,0.2069,0.0332,0.0008,-13.19,-32.25,25.44,307.33,-81.21,163.12,1.8351083797025751,1.4117398657833538,-2.485705653552606,0.8105395257011053,2.0247289109386495,-2.380074806950831
52.213894,-2.188399,93.75,4.16,2,201.23,26 / 26,12872910,2020-01-08 15:49:56:504,-1.367,0.1612,8.5943,-0.0179,0.0253,9.8065,0.1384,0.0302,-0.1165,-12.75,-31.69,26.0,308.84,-81.48,163.07,0.3029742684623425,1.321903121159928,-1.2119188054145158,1.276272640149432,0.3990271907213496,-1.5070910460229643
52.213894,-2.188399,93.75,4.16,2,201.23,26 / 26,12873011,2020-01-08 15:49:56:605,-1.7737,-1.4142,9.9576,-0.0562,0.0156,9.8064,0.034,0.0849,-0.2928,-12.44,-32.06,26.0,311.08,-81.55,163.32,-1.2044750461143674,1.882343783864868,0.1517151035101086,0.9767730118125691,-0.9925170668673994,0.3900024670678987
52.213894,-2.188399,93.75,4.16,2,201.23,26 / 26,12873110,2020-01-08 15:49:56:704,0.7227,0.9285,10.6355,-0.0037,0.0234,9.8065,0.0699,0.115,-0.0615,-12.62,-31.81,26.19,305.85,-81.67,160.18,0.8075193104341675,-0.8337778840156169,0.828752661173627,-0.6878873684749964,0.8432381705882571,0.4052206619374586
52.213894,-2.188399,93.75,4.16,2,201.23,26 / 26,12873209,2020-01-08 15:49:56:803,-0.5988,0.1338,9.7979,-0.021,0.0386,9.8065,0.0987,0.1128,-0.0276,-12.12,-31.69,26.25,306.85,-81.54,159.54,0.1665025414626319,0.5614221039643944,-0.008483210870727,-0.641058992354075,0.41759031894135595,0.35649178885509714
52.213894,-2.188399,93.75,4.16,2,201.23,26 / 26,12873311,2020-01-08 15:49:56:905,1.9298,1.1477,10.1606,-0.025,0.0088,9.8066,0.0668,0.1373,-0.1929,-12.06,-32.25,26.25,306.1,-81.7,158.7,0.8862916887177045,-2.0816349784460466,0.3534616089759228,-1.7758185835908622,0.8593205434040669,-0.17583197946905155
52.213894,-2.188399,93.75,4.16,2,201.23,26 / 26,12873410,2020-01-08 15:49:57:004,-0.7355,0.0907,8.7665,-0.007,0.0125,9.8066,0.0875,-0.0691,0.0624,-11.69,-32.44,26.5,306.55,-81.59,158.18,0.1683537739641747,0.7133017430425573,-1.0399486190021443,-0.7021726162732205,0.4513405699774046,-0.5897215714355026
52.213894,-2.188399,93.75,4.16,2,201.23,26 / 26,12873510,2020-01-08 15:49:57:104,1.3711,1.14,10.1778,-0.0417,0.019,9.8065,0.0953,0.1905,-0.1832,-12.19,-31.56,25.69,305.57,-81.7,158.22,0.9361147955974496,-1.5416369234710603,0.3708816733868506,-1.1851942086806142,0.8699788413152113,-0.20519225349427245
52.213894,-2.188399,93.75,4.16,2,201.23,26 / 26,12873609,2020-01-08 15:49:57:203,-1.8403,0.681,8.8706,-0.0079,0.0292,9.8065,0.0543,-0.1995,0.0695,-11.5,-32.06,25.75,305.37,-81.72,156.29,0.8751302611156734,1.7370403028831585,-0.9355639060156178,0.2664657976967113,1.158791475358983,-0.476484811519443
52.213894,-2.188399,93.75,4.16,2,201.23,26 / 26,12873710,2020-01-08 15:49:57:304,-2.3321,0.2889,9.6591,-0.0163,0.0106,9.8066,0.0418,-0.0801,-0.0371,-12.0,-32.25,25.81,303.44,-81.63,156.36,0.5648757571914358,2.263059158235053,-0.1470217850043116,2.494684576584958,0.5052912193362225,-0.679986317075919
52.213894,-2.188399,93.75,4.16,2,201.23,26 / 26,12873810,2020-01-08 15:49:57:404,-0.8253,1.4124,9.2722,0.0077,-0.002,9.8066,-0.0344,-0.0643,0.0153,-11.62,-32.69,25.88,302.42,-81.5,155.81,1.507191247529431,0.650259194277538,-0.534356850455017,-0.6633882726697105,1.7424252990294127,-0.167330365276178
52.213894,-2.188399,93.75,4.16,2,201.23,26 / 26,12873910,2020-01-08 15:49:57:504,-0.9344,0.0102,10.9725,0.0048,0.0297,9.8065,0.1083,-0.0126,0.0636,-11.75,-32.56,25.38,300.43,-81.5,155.14,0.0978431183037385,0.9340348507955656,1.1662068906072829,0.8262857364032816,0.10441676823181553,0.7821415271060743
52.213894,-2.188399,93.75,4.16,2,201.23,26 / 26,12874010,2020-01-08 15:49:57:604,-0.7308,0.3815,10.0853,0.0195,-0.0039,9.8066,-0.0463,0.0646,0.0698,-11.31,-32.56,26.0,303.94,-81.44,155.54,0.4759669596749226,0.6963249725429667,0.2788259778263994,-0.22867063282926053,0.6059763055997575,0.4471682469357005
52.213894,-2.188399,93.75,4.16,2,201.23,26 / 26,12874109,2020-01-08 15:49:57:703,-0.0333,1.8499,9.9127,-0.0216,-0.0113,9.8066,0.0045,0.1294,-0.1425,-11.94,-32.25,25.63,302.36,-81.37,155.64,1.848140941997096,-0.2204893268346197,0.1059200418528313,-0.8791336597172248,1.9814998335970093,-0.029029951017202557
52.213894,-2.188399,93.75,4.16,2,201.23,26 / 26,12874210,2020-01-08 15:49:57:804,-1.0921,0.3586,9.8802,-0.001,-0.0238,9.8065,-0.0537,0.0391,-0.0483,-11.19,-32.62,26.25,304.2,-81.29,155.93,0.5154704956234134,1.034886234946191,0.0739006688782328,0.6990605375111048,0.49158267930097527,-0.045868903448478715
52.213894,-2.188399,93.75,4.16,2,201.23,24 / 25,12874310,2020-01-08 15:49:57:904,-0.8907,0.8564,9.1534,-0.0015,-0.0046,9.8066,-0.0349,0.0705,-0.017,-11.94,-32.5,26.25,302.38,-81.31,155.73,0.9651094248707994,0.7750514310933303,-0.6530903131923913,-0.5834857412207607,1.267541526731067,-0.4673160260960334
52.213894,-2.188399,93.75,4.16,2,201.23,24 / 25,12874410,2020-01-08 15:49:58:004,-0.8715,0.9824,9.8521,0.0029,-0.0021,9.8066,-0.0365,0.0625,-0.0274,-11.94,-31.75,25.31,300.65,-81.31,155.29,1.0858491379822035,0.7448078054081415,0.0455943258137849,1.1007079212268076,0.8894529528098108,-0.41272107239928574
52.213894,-2.188399,93.75,4.16,2,201.23,24 / 25,12874510,2020-01-08 15:49:58:104,-0.7487,0.4903,9.7433,0.0035,-0.0016,9.8066,-0.0284,0.0252,0.0129,-11.87,-32.06,25.19,300.32,-81.29,155.01,0.5818487468068054,0.6850088705994047,-0.0631840410188997,-1.389964352656183,1.0541168782169015,0.4670726404152051
52.213894,-2.188399,93.75,4.16,2,201.23,24 / 25,12874610,2020-01-08 15:49:58:204,0.0195,0.5145,10.0718,0.0175,-0.006,9.8066,-0.0271,-0.0612,0.0168,-12.12,-31.75,25.75,301.93,-81.28,155.34,0.516207063248294,-0.066946415033959,0.2651485156788035,0.9183252076925676,0.18012328458965898,-0.5276428965435586
52.213894,-2.188399,93.75,4.16,2,201.23,24 / 25,12874710,2020-01-08 15:49:58:304,-0.786,0.2272,10.3784,0.0128,-0.0019,9.8066,-0.0347,-0.0197,0.0668,-11.94,-32.12,25.44,300.33,-81.14,155.17,0.3269547963623601,0.7638685061825663,0.5719518829395196,-1.8563079697392404,0.9116894652690857,1.4119234806926424
52.213894,-2.188399,93.75,4.16,2,201.23,24 / 25,12874810,2020-01-08 15:49:58:404,-0.3347,0.474,16.8906,0.074,-0.0696,9.806,0.1436,-0.1214,0.0253,-11.81,-31.81,25.81,302.07,-80.58,156.2,0.5908150128831,0.3361076739048161,7.084635704261316,1.6892415750025567,0.20738611051277622,6.020829645555157
52.213894,-2.188399,93.75,4.16,2,201.23,24 / 25,12874910,2020-01-08 15:49:58:504,-0.0409,-1.1495,12.4008,0.1743,-0.1452,9.804,-0.1563,-0.695,0.1379,-11.0,-31.37,26.25,303.35,-79.81,156.14,-0.969446787756144,0.3381528941004778,2.596945381774666,-2.464652633624186,-0.38481130910762174,3.6549633148367726
52.213894,-2.188399,93.75,4.16,2,201.23,24 / 25,12875010,2020-01-08 15:49:58:604,8.6538,3.9934,10.0064,-0.1154,0.0122,9.806,0.3736,0.333,-0.6135,-12.12,-31.69,26.63,301.96,-79.36,156.26,2.8567084806475878,-9.197225510902388,0.1980954270106256,-7.902310859911966,1.7049379888727343,-1.0222880724695897
52.213894,-2.188399,93.75,4.16,2,201.23,24 / 25,12875110,2020-01-08 15:49:58:704,-6.5844,-1.3516,8.311,0.0997,0.0376,9.806,-0.1213,-0.5742,0.6543,-11.87,-31.12,26.44,300.98,-79.37,156.19,-0.5450199140403673,6.805497052639637,-1.4934047039609404,4.297253077808652,-0.09889868901165197,-0.3509635096929039
52.213894,-2.188399,93.75,4.16,2,201.23,24 / 25,12875210,2020-01-08 15:49:58:804,1.8454,0.0888,10.9466,0.0319,0.004,9.8065,0.0352,0.0321,-0.1605,-11.87,-32.0,25.94,303.88,-80.69,157.72,-0.1419079532821109,-1.810181462739869,1.139695794827827,-1.0470674025776212,-0.21092108601617254,-0.0925162625510616
52.213894,-2.188399,93.75,4.16,2,201.23,24 / 24,12875310,2020-01-08 15:49:58:904,-8.9233,-2.8531,6.2022,0.116,0.0068,9.8059,-0.1472,-0.5682,0.0756,-12.19,-31.69,25.25,299.06,-81.38,153.75,-1.710719061601448,9.32618093568409,-3.60144632573583,7.555324872163366,-1.5176519641510544,-2.5249091754283937
52.213894,-2.188399,93.75,4.16,2,201.23,24 / 24,12875410,2020-01-08 15:49:59:004,-2.5511,1.4189,8.1034,-0.1819,0.0252,9.8049,0.075,1.0963,-0.626,-11.75,-32.37,23.75,299.99,-82.84,154.19,1.6781204045629208,2.1773183207990403,-1.701119460150411,2.0530104534298044,1.9215049582014765,-2.7986148565813966
52.213894,-2.188399,93.75,4.16,2,201.23,24 / 24,12875510,2020-01-08 15:49:59:104,5.2103,6.6887,7.4552,-0.0544,0.0053,9.8064,0.2695,0.4751,-0.292,-12.62,-32.31,25.19,299.14,-82.36,154.46,5.9746183936387975,-6.05643029759296,-2.353004502926212,-6.843004544463177,1.8997602847298563,-1.47904338713353
52.213894,-2.188399,93.75,4.16,2,201.23,24 / 24,12875609,2020-01-08 15:49:59:203,0.0909,-1.2897,11.6729,-0.0346,-0.0975,9.806,0.2534,0.5237,-0.3541,-11.87,-31.44,25.94,304.33,-81.0,157.54,-1.1984135277404735,0.0237081569672403,1.866989458947708,-1.090055486291789,-0.6490075406195492,1.0220391519308731
52.213894,-2.188399,93.75,4.16,2,201.23,24 / 24,12875710,2020-01-08 15:49:59:304,4.0087,2.3229,8.9572,-0.0076,-0.0852,9.8062,-0.0509,0.5833,-0.3635,-12.25,-31.25,25.75,308.4,-80.2,161.96,1.8884529013218443,-4.285028139626337,-0.8501128055144044,-4.126831072718355,1.5553465951977898,-0.2730489853765863
52.213894,-2.188399,93.75,4.16,2,201.23,24 / 24,12875810,2020-01-08 15:49:59:404,-4.1588,-0.4193,8.5205,-0.0955,0.0357,9.8061,0.0698,0.1582,-0.1544,-12.31,-31.5,26.13,306.98,-80.38,160.54,0.0551153753663706,4.088616961867229,-1.2846683947734585,2.1697638897981797,0.803790104363552,-1.8125936168139283
52.213894,-2.188399,93.75,4.16,2,201.23,24 / 24,12875910,2020-01-08 15:49:59:504,1.6054,2.5625,8.6367,-0.0646,-0.0122,9.8063,-0.043,0.4751,-0.272,-12.62,-32.06,25.44,305.57,-81.17,161.58,2.346291326242284,-1.9777394911080632,-1.170216974629854,-1.1724451844047157,1.5821995428364495,-0.9236257532437067
52.213894,-2.188399,93.75,4.16,2,201.23,24 / 24,12876009,2020-01-08 15:49:59:603,-4.2405,-0.4365,9.3584,-0.0357,0.0166,9.8065,0.1937,-0.0568,0.0098,-12.94,-31.87,25.31,305.35,-81.64,160.91,0.0747029282337284,4.228584112169657,-0.4471377179568495,1.8920480010052527,0.8478261249065244,-0.65724730197237
52.213894,-2.188399,93.75,4.16,2,201.23,24 / 24,12876110,2020-01-08 15:49:59:704,-1.2749,0.4517,10.5184,-0.0382,-0.0223,9.8064,0.0597,0.1461,-0.1675,-12.56,-32.19,25.88,307.35,-81.4,161.8,0.6245552737716942,1.1677822385693617,0.7122234503903215,2.1894234514883233,0.3096245003742152,0.6567955140141134
52.213894,-2.188399,93.75,4.16,2,201.23,24 / 24,12876209,2020-01-08 15:49:59:803,-0.9138,-2.6373,9.7881,0.0043,-0.0215,9.8066,0.1174,-0.0359,0.0477,-12.06,-31.81,25.88,309.03,-81.25,161.77,-2.480908540246864,1.2371041839272356,-0.0180430884248663,-1.075518366080972,-1.3863897113354682,0.034575031550055146
52.213894,-2.188399,93.75,4.16,2,201.23,25 / 25,12876310,2020-01-08 15:49:59:904,0.9914,-0.7351,10.3637,-0.0227,-0.0206,9.8066,0.0653,0.0986,-0.1026,-12.75,-31.62,26.25,308.98,-80.9,163.74,-0.8353333209221299,-0.9172218234898022,0.5569486865692824,-0.08944773846689102,-0.8838732761932959,0.27416613046528654
52.213894,-2.188399,93.75,4.16,2,201.23,25 / 25,12876410,2020-01-08 15:50:00:004,-1.277,-0.0161,9.969,-0.0127,0.0093,9.8066,0.0064,-0.094,-0.0215,-12.25,-32.25,26.0,310.26,-81.01,163.1,0.1324556841581834,1.2575629685169054,0.1626784618477087,-0.6764189266748833,0.4549603055353372,0.3889567103317281
52.213894,-2.188399,93.75,4.16,2,201.23,25 / 25,12876510,2020-01-08 15:50:00:104,0.7051,-1.0794,9.9028,0.0036,-0.0126,9.8066,0.05,0.0136,0.021,-12.44,-31.06,26.81,311.63,-80.92,163.12,-1.1459379434941854,-0.5630275767968258,0.0961514816662291,-0.2035715789296355,-0.8425121497597933,-0.318577836395846
52.213894,-2.188399,93.75,4.16,2,201.23,25 / 25,12876609,2020-01-08 15:50:00:203,0.8634,-1.9964,9.5943,-0.0071,0.0337,9.8065,0.0435,-0.2482,0.0924,-11.87,-32.0,26.06,309.77,-81.14,162.54,-2.1228143468137386,-0.6105238362661435,-0.2121909383376954,-1.9788779407949009,-2.0062926874953884,0.0911790558004463
52.213894,-2.188399,93.75,4.16,2,201.23,25 / 25,12876710,2020-01-08 15:50:00:304,-0.6811,-3.4169,10.6355,0.0089,-0.0056,9.8066,0.0964,-0.1376,0.087,-13.19,-31.31,26.31,308.74,-81.04,163.15,-3.2985827138330377,1.1097816587629152,0.829385103480471,0.9054355067564455,-1.3628487150998128,0.37369399101374523
52.213894,-2.188399,93.75,4.16,2,201.23,25 / 25,12876810,2020-01-08 15:50:00:404,-1.4947,0.4464,9.8291,0.0006,0.029,9.8065,0.0257,-0.2281,0.0962,-12.06,-31.56,25.94,311.06,-81.09,163.73,0.6005936242665323,1.43157925516738,0.0228854684199564,0.6415840615787836,0.3301478439928353,0.32140922150761986
52.213894,-2.188399,93.75,4.16,2,201.23,25 / 25,12876910,2020-01-08 15:50:00:504,-2.6391,-0.5188,9.942,0.0199,-0.0024,9.8066,0.0651,-0.1742,0.113,-12.87,-31.56,26.19,308.73,-81.1,163.33,-0.1808085918845674,2.7026074310836696,0.136031049955693,1.9925922697781184,0.6772594973675387,-0.29201910878004633
52.213894,-2.188399,93.75,4.16,2,201.23,25 / 25,12877010,2020-01-08 15:50:00:604,-1.8486,1.6036,9.4092,-0.0161,0.0219,9.8065,0.0073,-0.0795,-0.0393,-12.75,-31.25,26.44,309.38,-81.16,163.6,1.797823251075182,1.6210667003514954,-0.3970550854793051,1.2979198514176855,1.4045519221033076,-0.1573949370662695
52.213894,-2.188399,93.75,4.16,2,201.23,25 / 25,12877110,2020-01-08 15:50:00:704,-1.7576,-3.5751,10.2509,0.0265,0.0,9.8065,0.0869,-0.2697,0.1101,-12.31,-31.44,26.75,311.84,-81.21,163.05,-3.324707545249201,2.215855207003392,0.445140000627877,1.1462111266020787,-1.0887634328961746,0.08242083875687861
52.213894,-2.188399,93.75,4.16,2,201.23,25 / 25,12877210,2020-01-08 15:50:00:804,1.1417,-1.8519,9.4192,-0.0158,0.024,9.8066,0.0081,0.1214,-0.0733,-12.06,-31.19,26.31,310.52,-81.42,162.71,-2.005616193127966,-0.9144711647812584,-0.3874687015056766,-0.9342278853471008,-2.347960829458749,-0.22873213022799482
52.213367,-2.187946,93.59,8.73,2,154.2,23 / 23,12877310,2020-01-08 15:50:00:904,2.0657,-2.2388,10.2472,0.0099,-0.001,9.8066,0.0771,-0.0423,-0.0316,-11.69,-31.06,26.63,311.33,-81.31,162.51,-2.476643179427727,-1.760824541856382,0.4403706786224359,-3.026324413027037,-1.2025176569187062,0.14981926950169802
52.213367,-2.187946,93.59,8.73,2,154.2,23 / 23,12877410,2020-01-08 15:50:01:004,-0.6687,1.6923,10.3335,-0.0454,0.0175,9.8064,0.0315,0.0953,-0.1743,-11.62,-31.56,26.88,310.38,-81.24,161.94,1.739485816028382,0.4094835071164709,0.5270718103215815,0.5389430314125786,1.575292429670918,0.611145245632287
52.213367,-2.187946,93.59,8.73,2,154.2,23 / 23,12877510,2020-01-08 15:50:01:104,-0.0604,-0.9176,10.3575,0.0042,0.0014,9.8066,0.0617,0.0089,-0.0151,-11.56,-31.5,26.56,310.64,-81.54,161.68,-0.9037342393140582,0.1785602522308162,0.5510042023566684,-1.1487815853358794,-0.33380860684039904,0.3153170989366095
52.213367,-2.187946,93.59,8.73,2,154.2,23 / 23,12877610,2020-01-08 15:50:01:204,1.2009,-2.5267,9.6755,0.0118,-0.0132,9.8065,0.114,-0.062,0.0088,-10.75,-31.06,26.63,312.69,-81.26,162.05,-2.642162417825382,-0.8663806263694028,-0.1310130836324795,-0.700670164500496,-1.9148095945479062,-0.09625182169351082
52.213367,-2.187946,93.59,8.73,2,154.2,23 / 23,12877710,2020-01-08 15:50:01:304,0.5172,-1.0346,9.751,0.0136,-0.0038,9.8066,-0.0506,-0.1218,0.021,-10.81,-31.5,25.88,311.5,-80.98,162.25,-1.0855533056714357,-0.3711261737057474,-0.0556088458462358,-1.6729194525874576,-0.7735423158532009,-0.2667138865263958
52.213367,-2.187946,93.59,8.73,2,154.2,23 / 23,12877809,2020-01-08 15:50:01:403,2.0071,-1.7108,9.8952,0.0039,0.0259,9.8066,-0.0341,-0.2251,0.096,-10.62,-31.25,26.44,310.28,-81.27,160.89,-1.972919868124933,-1.771036859951718,0.0883330326110081,-1.6361331294148824,-1.660104705259617,0.10585072546260632
52.213367,-2.187946,93.59,8.73,2,154.2,23 / 23,12877910,2020-01-08 15:50:01:504,-2.4006,-0.4944,9.6449,0.0068,0.0125,9.8066,0.0278,-0.1486,0.1156,-11.44,-31.62,26.19,310.34,-81.44,161.03,-0.2027756575387251,2.451854419356502,-0.1611247932247851,1.2200870200371652,-0.09765189355495726,-0.3781406340385489
52.213367,-2.187946,93.59,8.73,2,154.2,23 / 23,12878010,2020-01-08 15:50:01:604,0.2083,-1.9431,9.9162,0.0262,-0.0196,9.8065,0.0609,-0.1639,0.1066,-10.87,-31.37,26.0,311.67,-81.36,162.05,-1.931186855674755,0.0591380181959303,0.1098488655968406,0.1340799962170387,-1.4817900495007756,0.1366807832963666
52.213367,-2.187946,93.59,8.73,2,154.2,23 / 23,12878110,2020-01-08 15:50:01:704,-1.4859,-0.1622,10.7864,0.0208,-0.0135,9.8066,0.1027,-0.0501,0.1283,-11.69,-31.5,25.94,310.5,-80.97,163.11,0.0404001888517506,1.5132584972628953,0.9801434411362392,0.36243543035923526,0.040019698863543035,0.7372591890164787
52.213367,-2.187946,93.59,8.73,2,154.2,23 / 23,12878210,2020-01-08 15:50:01:804,1.666,-1.194,9.6601,0.026,-0.0034,9.8066,0.0381,-0.0843,0.126,-11.69,-31.81,26.75,313.35,-80.77,164.99,-1.3858107198922194,-1.4787110163497226,-0.1467412305992382,-1.463850991004065,-0.9202700606879546,-0.09794205975772896
52.213367,-2.187946,93.59,8.73,2,154.2,24 / 27,12878309,2020-01-08 15:50:01:903,1.1506,-1.8129,10.2314,0.0055,-0.0031,9.8066,0.001,-0.0449,0.0215,-11.19,-31.56,26.88,315.26,-80.54,165.17,-1.93842898033548,-0.9105958097705682,0.424727500197286,-1.994865684777778,-1.935685526081848,0.15196824842483167
52.213367,-2.187946,93.59,8.73,2,154.2,24 / 27,12878410,2020-01-08 15:50:02:004,-0.3906,0.4508,9.8232,0.0215,-0.0009,9.8065,-0.1042,-0.0771,0.0979,-11.31,-31.62,26.69,315.63,-80.47,165.54,0.4995608804863884,0.3525573705687057,0.0167456604929366,0.32804321301706574,0.8727687791145362,0.084083644095284
52.213367,-2.187946,93.59,8.73,2,154.2,24 / 27,12878509,2020-01-08 15:50:02:103,-0.4904,-2.1021,9.9369,-0.0015,0.0077,9.8066,0.0108,-0.063,0.0424,-10.94,-31.5,26.69,316.13,-80.64,165.61,-2.03236421095838,0.7481264205002336,0.1306136017611846,-0.2999580161857962,-1.9131234425384496,-0.16096008763693836
52.213367,-2.187946,93.59,8.73,2,154.2,24 / 27,12878610,2020-01-08 15:50:02:204,-0.292,-1.1916,9.2053,0.0204,-0.0129,9.8065,-0.0927,-0.0538,0.064,-11.31,-31.81,26.63,316.28,-80.65,165.95,-1.1305899154877093,0.457072041233579,-0.6010162078680282,0.4237017160478257,-0.9202263318240607,-0.5312758851981139
52.213367,-2.187946,93.59,8.73,2,154.2,24 / 27,12878710,2020-01-08 15:50:02:304,-1.4207,0.3214,9.5755,0.0209,-0.0292,9.8065,-0.0752,-0.0356,0.0808,-11.37,-31.19,26.69,316.72,-80.4,166.32,0.5276013057735647,1.3866856904659133,-0.2307196957416131,0.34120056775176644,0.7359744596867741,-0.5200466415519722
52.213367,-2.187946,93.59,8.73,2,154.2,24 / 27,12878810,2020-01-08 15:50:02:404,0.1283,-0.701,9.99,0.0168,-0.0207,9.8065,0.0566,-0.007,0.0599,-11.5,-31.5,26.69,317.78,-80.37,167.26,-0.6888808525692016,-0.02584493660484,0.1835423662684498,-0.041237967095917705,-0.6665103661243864,0.2327593537260403
52.213367,-2.187946,93.59,8.73,2,154.2,24 / 27,12878910,2020-01-08 15:50:02:504,-2.0615,-0.8192,10.0037,0.003,-0.0206,9.8066,0.0669,-0.163,0.0066,-10.62,-31.5,26.31,318.59,-79.99,168.26,-0.534930337103197,2.147920611220784,0.1976289511675814,1.0811771220720985,-0.2117562407407103,-0.06447985588307048
52.213367,-2.187946,93.59,8.73,2,154.2,24 / 27,12879010,2020-01-08 15:50:02:604,-0.1633,-0.3102,9.5971,-0.012,-0.0008,9.8066,0.045,0.014,-0.0804,-10.69,-30.87,26.81,318.73,-79.9,168.45,-0.2881343716603238,0.1887463449276638,-0.2094366279912799,0.20363681621231655,-0.4375759407842088,-0.20465233351450884
52.213367,-2.187946,93.59,8.73,2,154.2,24 / 27,12879110,2020-01-08 15:50:02:704,-1.1664,-0.7813,9.927,-0.0002,0.0062,9.8065,-0.0051,-0.0506,0.0846,-11.62,-31.87,27.13,316.55,-79.9,168.52,-0.6359317202506389,1.255264700336941,0.1208317808652708,0.16092656187312632,-0.2415014903429864,-0.09053123142415763
52.213367,-2.187946,93.59,8.73,2,154.2,24 / 27,12879210,2020-01-08 15:50:02:804,-1.2886,0.2856,9.6595,0.0069,-0.0064,9.8066,-0.0561,-0.0944,0.0301,-11.31,-31.37,26.75,319.5,-80.02,169.02,0.4512472498018968,1.2490135619461813,-0.1468458430488831,1.2877461524039282,0.1783227859621247,-0.20647905132011488
52.213367,-2.187946,93.59,8.73,2,154.2,25 / 26,12879310,2020-01-08 15:50:02:904,-2.3089,-0.3235,9.8146,0.0004,0.0014,9.8066,0.0376,-0.1965,0.098,-11.62,-31.62,27.31,317.49,-80.01,169.24,-0.0344162772370209,2.3317875455464065,0.008535941413189,1.221956589702749,0.36220230390909963,-0.13459333276844243
52.213367,-2.187946,93.59,8.73,2,154.2,25 / 26,12879410,2020-01-08 15:50:03:004,-0.3233,0.5737,9.6731,-0.0006,0.0069,9.8066,0.0003,-0.1713,0.0536,-11.19,-30.75,27.0,320.48,-80.02,169.85,0.6026047576799964,0.2495375810803057,-0.1334851364385661,0.2888358982796294,0.27344934889566047,-0.2692487116265124
52.213367,-2.187946,93.59,8.73,2,154.2,25 / 26,12879510,2020-01-08 15:50:03:104,-0.9377,-0.5588,9.8879,0.0203,0.0071,9.8066,-0.0157,-0.1492,0.1262,-11.06,-31.87,26.63,320.43,-80.04,170.01,-0.4420244426048515,1.0210671414267214,0.0815646053048411,-0.07768740739567953,-0.12229348914451366,0.014024453353397763
52.213367,-2.187946,93.59,8.73,2,154.2,25 / 26,12879610,2020-01-08 15:50:03:204,-0.425,0.3488,10.3047,0.0167,0.0008,9.8066,0.031,-0.1112,0.0639,-11.0,-31.44,27.0,321.23,-80.01,170.5,0.4003947576401008,0.39474660748274,0.4981622767082965,0.3999668141586115,0.08397230761109375,0.2864722680066532
52.213367,-2.187946,93.59,8.73,2,154.2,25 / 26,12879710,2020-01-08 15:50:03:304,-1.6863,-0.9739,9.868,0.0058,-0.011,9.8066,-0.0486,-0.1775,0.0496,-11.75,-31.75,26.31,317.47,-79.95,170.32,-0.7443923047941793,1.79894462104675,0.0618637775291443,0.7459310117717349,-0.57206482593081,0.0641805149248869
52.213367,-2.187946,93.59,8.73,2,154.2,25 / 26,12879809,2020-01-08 15:50:03:403,-0.349,0.6727,10.0983,0.0205,0.0293,9.8065,0.0371,-0.0653,0.0824,-10.69,-31.37,27.13,320.92,-80.01,170.23,0.6844722623978176,0.2863237437134497,0.2918175556643707,0.21837659421123212,0.43291741371075226,0.018251891470673173
52.213367,-2.187946,93.59,8.73,2,154.2,25 / 26,12879910,2020-01-08 15:50:03:504,-1.4322,0.1938,9.9226,0.0123,0.0016,9.8066,0.051,-0.136,-0.0414,-10.62,-31.25,26.88,319.97,-80.0,169.43,0.370823426335733,1.409234618459794,0.1162964600282634,0.437659900186635,0.35120520986931714,0.1689842244973952
52.213367,-2.187946,93.59,8.73,2,154.2,25 / 26,12880010,2020-01-08 15:50:03:604,-1.7476,-0.9041,10.2788,-0.0218,-0.0177,9.8065,-0.0105,0.0377,-0.1628,-10.0,-31.37,26.94,321.93,-79.89,169.43,-0.6642584730079618,1.822748784205584,0.472763620337055,1.6450711986321984,-0.8300739814277841,0.1643928174701606
52.213367,-2.187946,93.59,8.73,2,154.2,25 / 26,12880110,2020-01-08 15:50:03:704,-2.0348,-0.477,9.6068,0.0323,0.012,9.8065,-0.0239,-0.1307,0.148,-9.94,-31.44,27.75,321.61,-79.87,168.28,-0.2274501610630966,2.111986968200976,-0.1992008292694147,1.2519604754438425,-0.4473532683277647,-0.1269896531881494
52.213367,-2.187946,93.59,8.73,2,154.2,25 / 26,12880211,2020-01-08 15:50:03:805,-0.7858,-0.1492,9.5598,-0.0093,0.0095,9.8065,-0.028,0.0829,-0.0007,-10.0,-31.69,27.19,321.11,-80.07,168.81,-0.060656648249158,0.7902847515113416,-0.2465149337298566,0.4750667719272665,-0.15575831058992595,-0.5536332220095546
52.213367,-2.187946,93.59,8.73,2,154.2,25 / 26,12880310,2020-01-08 15:50:03:904,-0.8158,0.2654,10.0618,0.0055,0.0233,9.8066,0.0486,-0.1275,0.096,-9.75,-31.19,27.5,322.96,-80.19,169.19,0.3426366881458488,0.7846443741899184,0.2553555286038583,0.05487135098720425,-0.05095618049648356,0.31050344365562055
52.213367,-2.187946,93.59,8.73,2,154.2,25 / 26,12880410,2020-01-08 15:50:04:004,-0.5259,-0.3693,10.5303,-0.0122,0.0011,9.8066,0.0393,-0.0217,-0.0474,-10.06,-31.19,27.13,321.87,-80.37,169.01,-0.3034051120717632,0.5557106479137593,0.7238484328669864,0.0894630352807394,-0.3715022986553641,0.4558276708285953
52.213367,-2.187946,93.59,8.73,2,154.2,25 / 26,12880510,2020-01-08 15:50:04:104,-1.1817,0.7792,9.7662,-0.0169,0.0212,9.8066,0.0531,-0.0647,-0.034,-10.37,-31.37,27.06,321.71,-80.28,168.94,0.8973208858153303,1.0612034553826313,-0.0402200716503006,0.4635919537905411,0.37947039536764005,-0.035855679021383924
52.213367,-2.187946,93.59,8.73,2,154.2,25 / 26,12880610,2020-01-08 15:50:04:204,-0.6524,-0.206,10.9615,-0.0133,0.029,9.8065,0.1155,-0.0064,0.018,-9.94,-31.37,27.81,322.45,-80.48,168.56,-0.1533954144334288,0.6631502232201413,1.1551625159577643,0.051953987588372885,-0.2511389440637616,0.9560962648521347
52.213367,-2.187946,93.59,8.73,2,154.2,25 / 26,12880710,2020-01-08 15:50:04:304,-0.8876,0.3041,9.9329,0.0073,0.0005,9.8066,-0.0803,0.0397,0.0277,-9.81,-31.06,27.13,321.34,-80.35,168.57,0.4128249040879931,0.8500310105275607,0.1264655672751815,0.36485522746639926,-0.17447166632192143,0.05955585560225643
52.213367,-2.187946,93.59,8.73,2,154.2,25 / 26,12880810,2020-01-08 15:50:04:404,-0.813,0.543,10.4748,-0.0206,0.0053,9.8066,-0.01,-0.0161,-0.0731,-9.94,-32.37,27.5,322.24,-80.45,168.59,0.6323551249373851,0.7190169448477424,0.6683202218901083,-0.007494151587838893,0.452765272552492,0.5499595526824672
52.213367,-2.187946,93.59,8.73,2,154.2,25 / 26,12880910,2020-01-08 15:50:04:504,-0.3451,0.7807,10.5775,0.0194,-0.0242,9.8065,-0.0982,-0.0988,0.0401,-10.12,-32.0,27.5,321.66,-80.47,168.08,0.8441219960433127,0.2611156242476601,0.7710006138581276,-0.1553960062042034,0.23216909972110386,0.6341837103509398
52.213367,-2.187946,93.59,8.73,2,154.2,25 / 26,12881010,2020-01-08 15:50:04:604,-1.394,0.5917,9.101,0.0278,-0.0068,9.8065,-0.1021,-0.1116,0.0718,-10.31,-31.75,27.06,320.15,-80.36,167.76,0.7710644974271368,1.336238039243946,-0.7052483132095608,0.5477266453536467,0.4739303707265601,-0.7551061471803575
52.213367,-2.187946,93.59,8.73,2,154.2,25 / 26,12881111,2020-01-08 15:50:04:705,-0.3318,0.4678,10.3327,0.0116,-0.0069,9.8066,-0.0003,-0.0185,-0.0164,-9.75,-32.0,27.5,320.9,-80.41,167.48,0.5138508480072576,0.2814090946432383,0.5261283944573765,-0.13140868725120236,-0.09576341659062142,0.34450351940419155
52.213367,-2.187946,93.59,8.73,2,154.2,25 / 26,12881210,2020-01-08 15:50:04:804,-0.2704,0.9606,9.521,0.0166,-0.0126,9.8066,-0.0512,0.0325,0.0005,-10.12,-31.12,27.19,319.66,-80.34,167.14,1.0013709824861432,0.163476825632283,-0.2856327763334031,-0.6162093189822198,0.5708987171130658,-0.300490521208413
52.213367,-2.187946,93.59,8.73,2,154.2,25 / 27,12881310,2020-01-08 15:50:04:904,-0.8008,1.0461,9.0433,-0.0161,0.0233,9.8066,0.1304,0.0038,-0.0485,-10.0,-31.69,27.56,320.41,-80.51,166.98,1.1126088260788085,0.6512172709004601,-0.763228986748074,0.16547352668484472,0.5149604468458036,-0.9478789689561492
52.213367,-2.187946,93.59,8.73,2,154.2,25 / 27,12881409,2020-01-08 15:50:05:003,-0.7539,0.8385,9.2525,-0.0008,-0.0038,9.8066,0.0368,-0.0191,-0.0343,-9.44,-31.75,27.06,321.0,-80.35,166.69,0.9295919463438556,0.642322635190705,-0.5540181906889983,-0.052735743875970575,0.36675590867311614,-0.5782360705579956
52.213367,-2.187946,93.59,8.73,2,154.2,25 / 27,12881510,2020-01-08 15:50:05:104,0.2574,0.1831,10.1895,-0.0158,0.0327,9.8065,0.1097,0.0331,0.0116,-9.19,-31.31,27.0,321.09,-80.34,166.55,0.1151876544094147,-0.2899089248415125,0.3829256057890307,-0.9219387280721576,-0.47382980797099805,0.24132767740950503
52.213367,-2.187946,93.59,8.73,2,154.2,25 / 27,12881610,2020-01-08 15:50:05:204,-0.0467,-0.1131,10.8166,0.0061,-0.0103,9.8065,0.0265,0.0507,-0.0441,-9.12,-32.31,27.13,320.78,-80.47,166.4,-0.0953432798432448,0.0649749849363977,1.0101215770001386,-0.4810579680770436,-0.7770963225013162,0.933973950634774
52.213367,-2.187946,93.59,8.73,2,154.2,25 / 27,12881710,2020-01-08 15:50:05:304,-0.1823,1.2173,10.5081,-0.0323,0.0431,9.8064,0.1875,0.0773,-0.0373,-10.12,-31.81,27.13,318.26,-80.37,166.14,1.183788919131939,0.0022573501943321,0.7016175805312583,-0.8292989664455701,0.5900979819179427,0.6419372706910487
52.213367,-2.187946,93.59,8.73,2,154.2,25 / 27,12881810,2020-01-08 15:50:05:404,0.2859,0.5543,10.7871,-0.0359,0.0138,9.8066,0.1255,0.0018,-0.1277,-9.75,-31.56,27.44,318.87,-80.59,166.48,0.4962251127117364,-0.3869080650062566,0.9803767269510946,-0.7469948301502298,-0.27971211769770205,0.8208447702678154
52.213367,-2.187946,93.59,8.73,2,154.2,25 / 27,12881909,2020-01-08 15:50:05:503,-1.0854,1.0026,9.788,-0.0156,-0.0106,9.8066,-0.0216,0.1003,-0.0719,-10.06,-31.62,28.38,320.01,-80.46,166.68,1.138685166950906,0.935118892728443,-0.0184658340812929,-0.11516194905897971,0.5164291906408047,0.028719832861416106
52.213367,-2.187946,93.59,8.73,2,154.2,25 / 27,12882010,2020-01-08 15:50:05:604,-1.465,1.4073,9.6074,0.0155,-0.0012,9.8066,-0.0285,-0.0713,0.0531,-10.37,-31.5,27.0,318.75,-80.39,166.32,1.5820978174896052,1.2933648705502274,-0.199014942959624,1.1184395212932694,0.7494700529225431,-0.4581987387457599
52.213367,-2.187946,93.59,8.73,2,154.2,25 / 27,12882110,2020-01-08 15:50:05:704,-0.7545,1.2372,9.4388,-0.0082,-0.0026,9.8066,0.0223,0.1704,-0.0015,-10.5,-31.62,27.06,318.91,-80.37,166.7,1.32315489601947,0.5859686508349673,-0.3677586591480239,-0.6630466194296082,0.6367428769693544,-0.2045434329567639
52.213367,-2.187946,93.59,8.73,2,154.2,25 / 27,12882210,2020-01-08 15:50:05:804,1.6573,1.5274,10.6376,-0.0243,0.0076,9.8065,0.1153,0.2077,-0.1541,-10.19,-31.31,27.13,320.48,-80.42,167.78,1.2983178805205038,-1.8581708507237973,0.8305838793530421,-1.8853032174763666,0.4582662935977682,0.470909718175484
52.213367,-2.187946,93.59,8.73,2,154.2,25 / 27,12882310,2020-01-08 15:50:05:904,-1.3489,-0.0047,10.7801,-0.0468,-0.008,9.8065,0.1148,0.1745,-0.1354,-10.25,-31.06,27.38,319.93,-80.16,167.52,0.1657018440414507,1.2913037427660763,0.9738838754182064,-0.10523022659765197,-0.6279094805903814,1.2472333564770188
52.213367,-2.187946,93.59,8.73,2,154.2,26 / 26,12882410,2020-01-08 15:50:06:004,1.5662,2.1766,10.3692,-0.046,-0.0131,9.8065,0.0744,0.341,-0.1666,-11.0,-31.25,27.88,321.26,-80.25,169.42,1.971624482443322,-1.8727811463141308,0.5621333456044352,-1.8113949096786783,1.1767743442412846,0.11533661330824455
52.213367,-2.187946,93.59,8.73,2,154.2,26 / 26,12882509,2020-01-08 15:50:06:103,-1.0221,2.0305,8.8183,-0.0326,0.0244,9.8065,0.058,-0.1544,0.058,-10.69,-31.06,28.06,322.37,-80.39,170.27,2.1137556877632586,0.7318623506526746,-0.9881806981243934,-0.7499406388750826,1.0608681441097656,-0.6242116724062349
52.213367,-2.187946,93.59,8.73,2,154.2,26 / 26,12882610,2020-01-08 15:50:06:204,0.9528,1.3842,10.4823,-0.0378,0.0235,9.8065,0.1317,0.046,0.0355,-10.87,-30.62,27.81,323.12,-80.45,170.87,1.2266097296942304,-1.1526898661781106,0.6754503189944746,-1.0604682642081458,0.5179020862483856,0.1674524043471336
52.213367,-2.187946,93.59,8.73,2,154.2,26 / 26,12882710,2020-01-08 15:50:06:304,-0.8878,1.0342,9.0598,0.0101,0.0061,9.8066,-0.0153,-0.0564,0.1474,-10.56,-30.37,27.5,324.63,-80.34,172.05,1.131983572960935,0.7628691868925029,-0.7467047972502704,-0.7545577548092879,0.029529687129399407,-0.3232527407752144
52.213367,-2.187946,93.59,8.73,2,154.2,26 / 26,12882810,2020-01-08 15:50:06:404,-0.6375,0.2345,9.5585,-0.0405,0.001,9.8065,0.0614,-0.0734,-0.03,-10.37,-31.75,27.31,326.51,-80.34,173.14,0.3061004855382835,0.5632823574237329,-0.2478925746535962,0.650548348802527,-0.3017940108772935,-0.7811591827246468
52.213367,-2.187946,93.59,8.73,2,154.2,26 / 26,12882910,2020-01-08 15:50:06:504,-0.411,1.9246,9.6595,-0.0146,-0.0116,9.8066,-0.0139,0.0364,0.0719,-10.94,-31.19,28.19,326.6,-80.36,173.9,1.970506273142832,0.1519145043406318,-0.1472033317411316,-1.3778775989130576,0.7184110644169801,0.29620082101314427
52.213367,-2.187946,93.59,8.73,2,154.2,26 / 26,12883010,2020-01-08 15:50:06:604,-0.3718,1.4099,9.9738,-0.023,-0.0049,9.8066,0.0478,0.0668,-0.022,-11.12,-30.87,27.38,328.67,-80.42,176.49,1.447262199327659,0.1696276415963219,0.1671373973823224,0.2432282013179959,0.9226020671159652,-0.3494550550037936
52.213367,-2.187946,93.59,8.73,2,154.2,26 / 26,12883110,2020-01-08 15:50:06:704,-3.463,1.7427,8.5567,-0.062,0.0267,9.8064,0.079,0.1079,-0.1016,-10.56,-31.31,27.88,332.69,-80.81,178.78,2.126592294077882,3.1607747323027056,-1.249125852908879,1.6194793681514947,0.643220982112412,-0.8288358964257172
52.213367,-2.187946,93.59,8.73,2,154.2,26 / 26,12883210,2020-01-08 15:50:06:804,-1.2277,0.4846,10.1769,-0.0336,0.0141,9.8065,0.0531,-0.0145,-0.046,-11.25,-30.56,27.38,331.84,-80.87,178.89,0.6157468395299474,1.1260292796634177,0.3706145045051073,1.1921955092113228,0.13067242830522607,-0.08718592866991082
52.213367,-2.187946,93.59,8.73,2,154.2,26 / 26,12883309,2020-01-08 15:50:06:903,-1.2743,2.1833,9.1931,-0.022,0.0115,9.8066,0.0687,0.1745,-0.0368,-11.06,-31.5,27.5,333.11,-80.79,179.14,2.310957409783343,0.9718644435031306,-0.6134395924798248,-0.5844514636052758,0.6029406943704022,-0.2559254834228217
52.213367,-2.187946,93.59,8.73,2,154.2,26 / 26,12883410,2020-01-08 15:50:07:004,0.7838,0.5506,10.2258,-0.0267,0.0181,9.8066,0.0424,0.0739,-0.0849,-11.12,-31.06,27.69,334.52,-81.04,-179.79,0.4273120139581461,-0.8706681386081734,0.4189708523747349,-0.8116852013754718,-0.07194614231769919,0.05424911511650962
52.213367,-2.187946,93.59,8.73,2,154.2,26 / 26,12883510,2020-01-08 15:50:07:104,-2.0356,0.0695,9.45,-0.0361,-0.0064,9.8065,0.0709,0.1006,-0.0842,-11.19,-31.06,27.5,334.57,-80.98,-179.72,0.3246011283767732,1.974512820517821,-0.3560709747610519,0.4160156863007487,-1.0476755350340616,-0.08881949631591698
52.213367,-2.187946,93.59,8.73,2,154.2,26 / 26,12883610,2020-01-08 15:50:07:204,-0.1467,-0.181,10.3182,-0.0166,-0.0041,9.8066,0.072,0.106,-0.0352,-11.69,-31.06,27.19,333.3,-80.92,-178.17,-0.1592613461356971,0.1510253282072226,0.5116457308206002,0.17925701475224776,-0.717119161277051,0.25761181825887947
52.213367,-2.187946,93.59,8.73,2,154.2,26 / 26,12883710,2020-01-08 15:50:07:304,-1.5607,1.1723,9.9788,-0.0152,-0.0148,9.8066,0.0331,0.0339,0.0049,-12.12,-31.0,27.94,335.7,-80.69,-176.92,1.3705565930050585,1.385379061122629,0.1724209452860921,-0.13327088688901367,0.0701420184074033,0.34210899286440555
52.213367,-2.187946,93.59,8.73,2,154.2,26 / 26,12883810,2020-01-08 15:50:07:404,0.0924,0.443,9.908,-0.0199,-0.0119,9.8065,0.0616,0.0372,-0.036,-11.69,-31.19,27.63,336.71,-80.6,-176.04,0.4373542027742939,-0.1681684531140808,0.1014308764276392,-0.22460152377086207,-0.1984182517348992,-0.047118199706358
52.213367,-2.187946,93.59,8.73,2,154.2,26 / 26,12883909,2020-01-08 15:50:07:503,-2.0411,1.7494,9.7466,-0.0181,0.0043,9.8066,-0.0471,0.0278,0.0042,-12.19,-31.5,27.31,336.19,-80.51,-175.54,1.9837251861105965,1.789628391209973,-0.0597295351202784,0.381670593091898,0.7725617946396356,0.028692071706352105
52.213367,-2.187946,93.59,8.73,2,154.2,26 / 26,12884009,2020-01-08 15:50:07:603,-1.0838,1.4924,9.1972,-0.0129,-0.0162,9.8065,-0.037,0.0131,-0.0425,-12.0,-31.12,28.06,338.77,-80.63,-174.33,1.630314679804773,0.8745738488232859,-0.6092141559152127,0.6563265088262191,0.928583789549068,-0.6804010289727723
52.213367,-2.187946,93.59,8.73,2,154.2,26 / 26,12884110,2020-01-08 15:50:07:704,-1.6762,0.3487,9.6032,-0.0133,-0.0026,9.8066,0.053,0.0367,-0.0411,-12.37,-31.5,27.81,338.67,-80.62,-174.41,0.5558917626876636,1.6061649948550132,-0.2030714590443416,0.3953202296389984,-0.5785277370588121,-0.15929358862282295
52.213367,-2.187946,93.59,8.73,2,154.2,26 / 26,12884210,2020-01-08 15:50:07:804,-1.4984,0.4532,10.1213,-0.0046,-0.0057,9.8066,-0.047,0.0315,-0.024,-11.19,-30.56,27.88,341.35,-80.61,-173.89,0.6416031794557816,1.4248494762504065,0.3149810631469367,0.9626899865888858,-0.08920681797367747,0.27645842346599364
52.213367,-2.187946,93.59,8.73,2,154.2,26 / 26,12884311,2020-01-08 15:50:07:905,-1.6625,0.4188,9.9329,-0.003,0.0065,9.8066,0.0276,0.0164,-0.0234,-11.69,-31.12,27.81,339.57,-80.83,-173.74,0.6160148570689712,1.595109978554788,0.1266218077000956,0.6612617859111984,-0.47188770743011943,0.17403852053870184
52.213367,-2.187946,93.59,8.73,2,154.2,26 / 27,12884409,2020-01-08 15:50:08:003,-0.3869,0.8862,10.0449,-0.0115,-0.0038,9.8066,0.0144,0.0349,-0.1051,-11.12,-31.19,28.0,341.29,-80.85,-174.03,0.9298796452631034,0.2614412910584565,0.2382946635051923,-0.5072820977053687,0.21460982219089303,0.1812843807864121
52.213367,-2.187946,93.59,8.73,2,154.2,26 / 27,12884510,2020-01-08 15:50:08:104,-1.7713,1.5605,9.4738,-0.001,-0.0009,9.8066,0.0177,-0.0462,-0.0885,-11.69,-31.19,27.25,336.97,-80.93,-175.09,1.7699304554366284,1.5618685861176456,-0.3325666739418667,0.9532938835620706,0.7006086073575968,-0.2322050008662512
52.213367,-2.187946,93.59,8.73,2,154.2,26 / 27,12884610,2020-01-08 15:50:08:204,-1.1242,1.0464,10.0682,0.0136,0.012,9.8066,-0.0029,-0.0914,0.0029,-10.5,-31.56,27.56,340.58,-80.93,-176.3,1.168218298491689,0.9998806507451592,0.2617469223020996,-0.09488326013710388,0.5000459670458887,0.13912658954775958
52.213367,-2.187946,93.59,8.73,2,154.2,26 / 27,12884710,2020-01-08 15:50:08:304,-1.0189,0.8614,9.6926,0.0012,0.0115,9.8066,0.0044,-0.1678,-0.0346,-11.25,-31.12,27.44,336.64,-81.15,-177.22,0.970455811549786,0.9061905353572948,-0.1138606668613268,0.6192897076182444,-0.08713295963225134,0.07992334714353794
52.213367,-2.187946,93.59,8.73,2,154.2,26 / 27,12884810,2020-01-08 15:50:08:404,-2.7412,-0.4582,10.0736,0.0348,0.0173,9.8065,0.0076,-0.2161,0.1402,-10.31,-31.19,28.06,338.06,-81.16,-178.61,-0.1256297818652159,2.8135643544531725,0.2677525747009781,1.4308318974358225,-0.7430380795526061,0.045537548249987986
52.213367,-2.187946,93.59,8.73,2,154.2,26 / 27,12884910,2020-01-08 15:50:08:504,0.9063,0.8084,9.5288,0.0356,0.0091,9.8065,0.0269,-0.1245,0.0813,-10.94,-31.0,27.06,334.71,-81.12,-178.83,0.6844746269864806,-0.9635062566174808,-0.2779684307087545,-0.9906261270866756,-0.33831395254127,0.03254990364482882
52.213367,-2.187946,93.59,8.73,2,154.2,26 / 27,12885010,2020-01-08 15:50:08:604,-1.5988,1.0028,9.4328,0.0085,0.0183,9.8065,0.0182,-0.2427,0.0723,-9.75,-31.69,27.56,336.04,-81.12,179.82,1.1772053569355845,1.472083931038163,-0.3734456822369106,-0.1061169464701811,0.5842976585751875,-0.7084340518958436
52.213367,-2.187946,93.59,8.73,2,154.2,26 / 27,12885110,2020-01-08 15:50:08:704,0.4381,1.9426,8.9116,0.0025,0.0207,9.8065,0.049,-0.0879,0.0,-10.06,-31.06,27.25,334.96,-81.05,179.62,1.8525230574265923,-0.6716381223404408,-0.8951835199118886,-0.5462726616989103,0.9121816993736416,-0.468680532226612
52.213367,-2.187946,93.59,8.73,2,154.2,26 / 27,12885210,2020-01-08 15:50:08:804,-1.2262,0.7063,10.303,0.0132,0.0357,9.8065,0.0914,-0.2381,0.0742,-9.06,-30.75,27.31,336.05,-81.2,178.62,0.8199425101290526,1.145996345617774,0.4967047673557985,-0.5024773312029419,0.2073916181608791,0.06247244494150475
52.213367,-2.187946,93.59,8.73,2,154.2,27 / 27,12885310,2020-01-08 15:50:08:904,0.3483,1.2702,9.0683,0.0047,0.0064,9.8066,-0.007,0.007,-0.025,-9.62,-31.06,28.25,334.3,-81.22,178.18,1.2110415609078045,-0.4983332107985899,-0.7384989091184598,-0.34499910191595407,0.4074530730714803,-0.2251695919937584
52.213367,-2.187946,93.59,8.73,2,154.2,27 / 27,12885410,2020-01-08 15:50:09:004,-1.1057,0.3732,9.6345,0.0127,0.0138,9.8066,-0.0457,-0.0928,0.0329,-9.56,-31.12,28.38,333.92,-81.23,177.86,0.496036817714096,1.064897296420321,-0.1718911095687146,-0.5276351380620168,-0.17632077991080217,-0.6629997665829613
52.213367,-2.187946,93.59,8.73,2,154.2,27 / 27,12885509,2020-01-08 15:50:09:103,-0.0201,1.3994,10.3633,0.0182,-0.009,9.8066,-0.1116,-0.0604,0.0493,-9.75,-30.75,28.25,333.65,-81.27,177.6,1.4022230721539926,-0.1377402171770257,0.5565702367994955,-0.06637101559638225,0.7725893701267631,1.1001026130971674
52.213367,-2.187946,93.59,8.73,2,154.2,27 / 27,12885610,2020-01-08 15:50:09:204,0.1728,1.1584,9.6847,0.0134,-0.0065,9.8066,-0.0438,0.0044,0.0365,-9.37,-31.87,28.38,335.4,-81.29,177.41,1.1359245738021668,-0.303379925417066,-0.1220490208330291,-1.7419014085725348,0.3903722505089636,-0.6036112502502697
52.213367,-2.187946,93.59,8.73,2,154.2,27 / 27,12885710,2020-01-08 15:50:09:304,-0.6842,1.3671,10.1646,0.0267,-0.0012,9.8066,0.0382,-0.1573,0.0942,-10.06,-31.06,28.31,333.86,-81.31,177.76,1.4462888644226637,0.5346561416756421,0.3580209921436439,0.45291518090513444,0.9915808905144186,0.8570204181786245
52.213367,-2.187946,93.59,8.73,2,154.2,27 / 27,12885810,2020-01-08 15:50:09:404,-5.3244,2.4039,14.8455,0.0235,-0.0131,9.8065,0.2959,-0.3167,0.0453,-9.0,-30.94,28.25,334.37,-81.11,176.51,3.065321910713936,5.003633633794594,5.039930203133431,3.7711145798772625,1.2071522280229385,4.644161264398948
52.213367,-2.187946,93.59,8.73,2,154.2,27 / 27,12885910,2020-01-08 15:50:09:504,1.2955,0.8891,4.2063,0.1303,-0.0523,9.8056,-0.4585,0.2675,0.0918,-9.06,-31.0,27.75,326.84,-80.54,170.47,0.7883713918661216,-1.2722087665506454,-5.599646497128079,-1.5287413457308066,0.4695736312385824,-5.219220060836787
52.213367,-2.187946,93.59,8.73,2,154.2,27 / 27,12886010,2020-01-08 15:50:09:604,-0.2574,1.0666,5.8806,0.0637,-0.0168,9.8064,-0.2416,-0.0156,0.0247,-8.5,-31.0,28.06,327.4,-80.17,169.37,1.1147077975484645,0.1844027213418851,-3.9258360348397594,-0.8391348669703171,0.3332472774589114,-4.1716457266595555
52.213367,-2.187946,93.59,8.73,2,154.2,27 / 27,12886110,2020-01-08 15:50:09:704,-2.814,-3.1551,11.445,-0.0434,-0.008,9.8064,-0.5121,0.5863,-0.2316,-7.87,-31.19,28.56,326.74,-80.16,168.11,-2.7769570208962224,3.141015514694693,1.639513333444536,2.731954985305463,-2.2451567038154687,1.8503482865491905
52.213367,-2.187946,93.59,8.73,2,154.2,27 / 27,12886210,2020-01-08 15:50:09:804,-2.0632,5.2555,4.6801,0.0399,-0.1401,9.8055,-0.9795,0.5768,-0.0769,-8.37,-32.19,27.69,327.71,-80.82,169.38,5.615368308382506,1.4150800227677578,-5.12546987313134,0.568804124939463,1.2957820835607152,-5.188414713561773
52.2126,-2.187439,93.94,8.44,2,163.96,25 / 27,12886310,2020-01-08 15:50:09:904,-2.9044,3.1373,9.4872,-0.1595,0.1436,9.8042,0.6136,-0.2022,-0.1945,-8.37,-32.12,26.81,326.84,-82.14,168.48,3.3125767229633967,2.3502648404064286,-0.3166943864839262,1.8318328344590447,1.7744007507304635,-0.2906403107954443
52.2126,-2.187439,93.94,8.44,2,163.96,25 / 27,12886410,2020-01-08 15:50:10:004,1.5587,0.8037,14.0025,-0.0565,0.0935,9.806,0.6002,0.0604,-0.0227,-8.69,-31.62,27.25,327.64,-83.01,170.48,0.5035515240101718,-1.6921097515110757,4.1960776662864765,-2.397431911310039,-0.08352394426330545,4.312914765807971
52.2126,-2.187439,93.94,8.44,2,163.96,25 / 27,12886510,2020-01-08 15:50:10:104,0.1221,-0.628,10.397,0.0463,-0.098,9.806,-0.1079,0.097,0.0998,-8.81,-31.06,28.25,331.53,-81.22,174.05,-0.535273835885738,-0.0092577543775283,0.5910354089223884,-0.6068820063708114,-0.757214203652564,0.4502010725670762
52.2126,-2.187439,93.94,8.44,2,163.96,25 / 27,12886609,2020-01-08 15:50:10:203,-1.9106,-3.5818,12.1137,0.0005,-0.0297,9.8065,0.0083,-0.1632,0.0762,-8.62,-30.56,28.94,333.44,-80.49,175.34,-3.285920824347984,2.338569957108029,2.3079654139150394,1.7657007021882032,-2.4783746066395542,2.5733328996445963
52.2126,-2.187439,93.94,8.44,2,163.96,25 / 27,12886710,2020-01-08 15:50:10:304,-0.0663,-0.3931,11.3936,0.0335,-0.0415,9.8065,-0.2768,0.0294,0.004,-8.5,-31.0,29.75,336.62,-80.47,175.61,-0.3363006858428635,0.1424991271237146,1.5871562170972957,-0.5422402179229346,-0.5208840068521516,1.3204862233900567
52.2126,-2.187439,93.94,8.44,2,163.96,25 / 27,12886810,2020-01-08 15:50:10:404,-0.4942,-0.1352,8.5183,0.044,-0.0033,9.8065,-0.3015,0.0409,0.0393,-8.44,-31.0,28.63,334.27,-80.66,174.17,-0.0638525111441047,0.5507411225916204,-1.2880695488626044,0.14202741408680986,-0.4891035346829289,-0.923691345401968
52.2126,-2.187439,93.94,8.44,2,163.96,25 / 27,12886910,2020-01-08 15:50:10:504,0.3402,-1.067,11.1878,0.002,0.0043,9.8066,0.038,-0.0249,-0.0744,-7.56,-31.56,28.5,333.52,-81.03,173.47,-1.105012752734427,-0.2022957986257401,1.3812311885244477,-1.016535997883114,-1.1824502933200263,1.0437721480298052
52.2126,-2.187439,93.94,8.44,2,163.96,25 / 27,12887010,2020-01-08 15:50:10:604,-1.0875,0.0465,9.2508,0.0218,-0.0275,9.8065,-0.0374,-0.0952,0.055,-8.37,-30.94,28.69,332.49,-80.93,172.52,0.2117026020266251,1.0915427213100215,-0.5554650986788181,0.8985430820618304,-0.2391874582243086,-0.1510373042205496
52.2126,-2.187439,93.94,8.44,2,163.96,25 / 27,12887110,2020-01-08 15:50:10:704,-0.9136,0.2725,9.5067,-0.0205,0.0111,9.8065,0.0767,0.1019,-0.1057,-7.94,-30.87,28.88,333.38,-81.02,173.22,0.370699943305681,0.8536044871292809,-0.2996306753086572,-0.13256068252994035,0.47498733101030177,-0.6479718584471142
52.2126,-2.187439,93.94,8.44,2,163.96,25 / 27,12887210,2020-01-08 15:50:10:804,-2.24,-0.5509,9.7329,0.0022,0.0017,9.8065,-0.0673,-0.0579,0.0321,-8.69,-30.44,29.19,331.26,-81.05,173.05,-0.2687116813763234,2.293621886533904,-0.0730563748386626,2.3443647168179322,-0.812000864835102,0.31266011622725204
52.2126,-2.187439,93.94,8.44,2,163.96,26 / 26,12887310,2020-01-08 15:50:10:904,-0.8077,-0.9049,9.9544,-0.0018,0.0321,9.8065,-0.0483,-0.1373,0.0204,-8.31,-30.62,28.94,334.07,-81.4,173.62,-0.8291890082724273,0.916411541735276,0.1481677925008111,-0.23890706171055676,-0.4991138652449221,-0.1560220125479066
52.2126,-2.187439,93.94,8.44,2,163.96,26 / 26,12887410,2020-01-08 15:50:11:004,3.0711,-0.1874,10.0487,0.0212,0.0256,9.8066,-0.0674,0.2571,-0.1775,-8.69,-31.31,28.63,331.42,-81.67,172.98,-0.5916139725919213,-2.999593929884901,0.2414551370993466,-2.740078638263513,-1.250026258977381,0.5589540317767798
52.2126,-2.187439,93.94,8.44,2,163.96,26 / 26,12887509,2020-01-08 15:50:11:103,-0.0986,-1.8736,10.55,0.0197,0.0298,9.8066,0.0337,0.2169,-0.1176,-8.12,-31.06,28.94,332.32,-81.94,171.83,-1.8737423180120745,0.354542327063401,0.7436124488005889,-0.8955002794987414,-1.3297130546198865,0.5260021529879779
52.2126,-2.187439,93.94,8.44,2,163.96,26 / 26,12887610,2020-01-08 15:50:11:204,2.8793,0.5424,9.7245,0.0135,0.0004,9.8065,-0.0197,0.3764,-0.1818,-8.25,-30.87,27.81,332.49,-82.07,172.56,0.1804265688059309,-2.9109977886226903,-0.082678702836501,-2.5488159832330397,-0.5557042256127942,0.13248614822729374
52.2126,-2.187439,93.94,8.44,2,163.96,26 / 26,12887709,2020-01-08 15:50:11:303,-1.303,-1.0428,9.9207,0.0255,0.0292,9.8065,-0.0019,-0.0309,0.0125,-8.0,-30.94,28.88,332.74,-82.24,172.04,-0.8979745850780597,1.4517739135705503,0.1145951064833689,0.2402376091157563,-0.21228129237399607,0.008681357249312127
52.2126,-2.187439,93.94,8.44,2,163.96,26 / 26,12887810,2020-01-08 15:50:11:404,2.1805,1.9994,8.8297,0.0046,0.0123,9.8066,-0.0986,0.2785,-0.1816,-8.37,-30.94,28.25,332.27,-82.51,172.13,1.7002097651109678,-2.406467305148573,-0.9775697897706708,-2.085902697668944,0.9760836175995626,-0.8798611914006207
52.2126,-2.187439,93.94,8.44,2,163.96,26 / 26,12887909,2020-01-08 15:50:11:503,-1.4934,-1.8161,9.5855,0.0261,0.0251,9.8065,0.1147,-0.2337,0.1224,-7.62,-32.19,28.56,332.02,-82.72,171.27,-1.6373791374141944,1.737271825659532,-0.2204877641284144,0.707406339716644,-0.9227109643091077,-0.20970931090834005
52.2126,-2.187439,93.94,8.44,2,163.96,26 / 26,12888009,2020-01-08 15:50:11:603,-2.2697,-0.4004,10.4802,-0.0175,-0.0329,9.8065,0.0818,0.0915,-0.0682,-7.94,-31.31,28.94,331.39,-82.74,170.59,-0.0837569857176446,2.2802926659921745,0.6742276357179358,2.4344986121771734,-0.6841406430580672,0.6603754532725685
52.2126,-2.187439,93.94,8.44,2,163.96,26 / 26,12888110,2020-01-08 15:50:11:704,-2.0229,-3.4478,9.795,0.0264,-0.0272,9.8065,0.0908,-0.3345,0.2399,-8.06,-31.56,28.5,331.76,-82.36,171.24,-3.138377363790576,2.4598251488767686,-0.0107172477952408,1.7066165227679155,-1.371854947982337,0.10062078335775948
52.2126,-2.187439,93.94,8.44,2,163.96,26 / 26,12888210,2020-01-08 15:50:11:804,-0.8412,0.9846,9.2498,-0.0416,-0.0167,9.8065,-0.0416,0.0034,0.0496,-8.37,-31.37,28.56,331.86,-82.1,171.35,1.093148983449128,0.66863455813765,-0.5566236319526932,0.6012470283287186,0.7098568335753929,-0.6556164312184287
52.2126,-2.187439,93.94,8.44,2,163.96,25 / 27,12888310,2020-01-08 15:50:11:904,1.895,1.5144,9.56,-0.0162,0.0385,9.8065,0.0057,-0.2982,0.1512,-8.37,-31.06,28.69,333.07,-82.39,172.25,1.226056058648726,-2.0802585073043667,-0.2470619028473631,-2.544854852519661,1.688042756637727,-0.06996771969093582
52.2126,-2.187439,93.94,8.44,2,163.96,25 / 27,12888409,2020-01-08 15:50:12:003,-2.5645,0.7921,9.9542,-0.0283,0.0046,9.8065,-0.0315,-0.1535,0.0935,-8.44,-31.31,28.25,331.92,-82.68,171.73,1.097604256628926,2.418179198284373,0.1481763841332643,2.15882599788603,0.974317574538808,0.006139162932665167
52.2126,-2.187439,93.94,8.44,2,163.96,25 / 27,12888510,2020-01-08 15:50:12:104,-1.5004,1.267,9.4277,-0.007,-0.0055,9.8066,-0.0586,-0.2162,0.1937,-7.75,-31.31,29.06,332.96,-82.84,171.92,1.4487551162394527,1.3231632033848242,-0.3786987858158791,1.0813112521707544,1.7226933384918843,-0.1819106290701486
52.2126,-2.187439,93.94,8.44,2,163.96,25 / 27,12888610,2020-01-08 15:50:12:204,0.4028,-1.8519,10.3197,-0.0216,-0.0042,9.8066,0.055,-0.1123,0.0198,-8.69,-30.62,28.06,329.65,-82.97,171.4,-1.886162637211893,-0.1908148254419538,0.5131885310267901,-0.55128409261027,-1.766140963310066,0.37590905723029905
52.2126,-2.187439,93.94,8.44,2,163.96,25 / 27,12888709,2020-01-08 15:50:12:303,-0.2163,0.7353,9.2455,0.0116,-0.0118,9.8066,0.0447,-0.028,0.064,-7.94,-31.0,29.19,331.71,-82.88,170.79,0.769647026793014,0.1330935930861735,-0.5611234976616872,0.007597823556988265,0.8877821837089017,-0.38981065573311263
52.2126,-2.187439,93.94,8.44,2,163.96,25 / 27,12888810,2020-01-08 15:50:12:404,-0.7295,1.1009,9.9686,0.0005,0.0033,9.8066,0.0202,-0.0053,-0.088,-8.25,-30.75,28.44,331.62,-83.09,171.24,1.180069341175696,0.5874056117604938,0.162051711775713,0.23320491991310505,1.4820837386368693,0.06937881524831332
52.2126,-2.187439,93.94,8.44,2,163.96,25 / 27,12888910,2020-01-08 15:50:12:504,0.256,-1.2796,9.9923,0.0057,0.0159,9.8066,0.0539,0.0602,-0.1045,-9.06,-30.75,29.13,330.66,-83.3,171.42,-1.3165865182035863,-0.0868526763009825,0.1857723948920152,-0.19738508298596846,-1.2906691764622116,0.3013680998039793
52.2126,-2.187439,93.94,8.44,2,163.96,25 / 27,12889009,2020-01-08 15:50:12:603,0.8632,0.4645,10.4134,0.0126,-0.0007,9.8066,0.0122,0.0514,-0.0158,-8.12,-30.31,28.94,333.66,-83.44,172.13,0.3555503049276931,-0.9021064466101588,0.6065686932658305,-1.1667181692960633,0.7603450897946833,0.5773560681045095
52.2126,-2.187439,93.94,8.44,2,163.96,25 / 27,12889110,2020-01-08 15:50:12:704,0.0539,1.0958,10.2731,-0.0015,0.0183,9.8066,-0.0091,0.0468,-0.1058,-8.37,-30.19,28.31,332.88,-83.68,171.94,1.0622157048658447,-0.1894282659185714,0.4663822342322226,-0.34993532230760394,1.0644780812951384,0.5214521657823556
52.2126,-2.187439,93.94,8.44,2,163.96,25 / 27,12889210,2020-01-08 15:50:12:804,-0.0039,-0.8987,9.3017,0.0107,0.022,9.8065,-0.0744,-0.0306,-0.0088,-8.5,-30.87,28.94,332.99,-84.01,171.34,-0.9117294720648236,0.129403993748275,-0.504706514888003,-0.0061853686172264055,-0.47800878811749614,-0.4792685969788638
52.2126,-2.187439,93.94,8.44,2,163.96,25 / 25,12889310,2020-01-08 15:50:12:904,-0.5009,-1.6366,10.1689,-0.0231,0.0181,9.8066,-0.0305,0.0679,-0.0706,-8.06,-31.12,28.75,334.85,-84.18,172.93,-1.582183755419539,0.6803133722348884,0.3625665451264367,0.44880337678154203,-1.5482526360587605,0.379636744613929
52.2126,-2.187439,93.94,8.44,2,163.96,25 / 25,12889409,2020-01-08 15:50:13:003,1.3898,-2.4637,10.0454,-0.0009,-0.0113,9.8065,0.0188,0.0936,0.0365,-8.31,-30.75,29.06,334.3,-84.27,172.39,-2.6066509243290774,-1.0741104924042846,0.238836908373459,-1.0809633975541555,-1.5927847694385413,0.2855517859618965
52.2126,-2.187439,93.94,8.44,2,163.96,25 / 25,12889510,2020-01-08 15:50:13:104,-0.0517,-1.4183,9.5427,0.0067,-0.0081,9.8065,0.0123,-0.0467,0.0621,-8.44,-31.44,28.94,333.82,-84.06,172.06,-1.391930937126345,0.2338429639940485,-0.2636489606675001,-0.059481437866972575,-1.2923199290189251,-0.2424451218878064
52.2126,-2.187439,93.94,8.44,2,163.96,25 / 25,12889610,2020-01-08 15:50:13:204,-0.1369,-0.9399,9.472,-0.0046,-0.0074,9.8066,0.0535,0.016,-0.0511,-7.87,-31.37,29.06,334.61,-83.86,172.88,-0.9087493939830704,0.2476178281736769,-0.3344796706915892,0.34973183692397974,-0.5608773656963231,-0.3130813606570777
52.2126,-2.187439,93.94,8.44,2,163.96,25 / 25,12889710,2020-01-08 15:50:13:304,-0.1975,0.0534,9.4297,0.0098,0.0105,9.8066,-0.1028,-0.0032,-0.0678,-8.37,-31.25,28.63,334.24,-83.86,172.54,0.0683871036249528,0.2004191832540235,-0.3768589458160433,-0.1384260961813037,0.24548441385484032,-0.3034392660893344
52.2126,-2.187439,93.94,8.44,2,163.96,25 / 25,12889810,2020-01-08 15:50:13:404,0.5997,0.4724,9.4637,-0.0091,0.0273,9.8066,-0.0379,0.0871,0.0247,-7.31,-31.06,28.81,336.42,-83.98,172.61,0.3656907586075117,-0.6594699578295345,-0.3430765275989815,-0.4653541799678548,0.6427155945940084,-0.39229277843737764
52.2126,-2.187439,93.94,8.44,2,163.96,25 / 25,12889910,2020-01-08 15:50:13:504,-0.4678,-0.52,9.4081,-0.007,0.0148,9.8066,-0.0178,0.0031,0.1262,-8.0,-30.5,28.38,334.5,-84.31,173.08,-0.4731968468074913,0.5239793628663654,-0.3983469611552294,0.14504175992121368,-0.22610942295794734,-0.2327754861632806
52.2126,-2.187439,93.94,8.44,2,163.96,25 / 25,12890010,2020-01-08 15:50:13:604,0.3347,-0.9703,10.3749,0.0007,-0.0004,9.8066,-0.0099,0.1479,-0.1747,-8.12,-31.37,28.19,335.85,-84.52,174.28,-1.0039373748600102,-0.2105861843362845,0.5683221853190993,0.07241297470142567,-0.7915534183656633,0.41707878313279717
52.2126,-2.187439,93.94,8.44,2,163.96,25 / 25,12890110,2020-01-08 15:50:13:704,-0.327,-0.2066,9.9683,0.0083,0.0115,9.8066,0.042,-0.1599,-0.012,-8.62,-30.87,28.38,335.13,-84.61,175.43,-0.1745778583048287,0.3598411839185048,0.1617945726711125,-0.06705503161914422,0.11979786737459544,0.44096508517153665
52.2126,-2.187439,93.94,8.44,2,163.96,25 / 25,12890210,2020-01-08 15:50:13:804,-2.0585,-1.0132,10.4607,-0.0031,-0.0192,9.8066,0.0693,-0.1891,0.1352,-8.12,-31.0,28.0,340.06,-84.49,178.09,-0.7299080336639068,2.1631515664993386,0.6546461126015712,2.5393239306953,-0.5622832440908212,0.39143592414597517
52.2126,-2.187439,93.94,8.44,2,163.96,24 / 27,12890312,2020-01-08 15:50:13:906,-0.4474,-1.1798,9.9011,0.007,-0.0086,9.8066,-0.0087,0.078,-0.032,-8.12,-31.25,28.56,340.44,-84.43,177.87,-1.1053936584029231,0.5968694680687148,0.0947140330150262,0.1152085604795986,-0.7974560934578796,0.48581771459048717
52.2126,-2.187439,93.94,8.44,2,163.96,24 / 27,12890410,2020-01-08 15:50:14:004,-1.0114,-0.252,10.1259,0.0136,0.0086,9.8066,0.0349,0.0607,-0.0401,-8.87,-31.31,28.38,336.55,-84.42,176.81,-0.1307361615054901,1.0494218217745297,0.3195492858046126,1.510698452951213,0.021376741299255264,-0.042475694366744726
52.2126,-2.187439,93.94,8.44,2,163.96,24 / 27,12890510,2020-01-08 15:50:14:104,-1.2126,-0.4973,9.2451,0.0451,-0.0014,9.8065,-0.0071,0.1553,-0.0697,-9.12,-31.69,28.44,333.57,-84.27,174.28,-0.3352460689353992,1.3098469125346324,-0.5610768209317257,0.7893684410827227,-0.05346670019978966,-0.08157712452795009
52.2126,-2.187439,93.94,8.44,2,163.96,24 / 27,12890610,2020-01-08 15:50:14:204,2.36,0.1971,10.0954,0.0356,0.0181,9.8065,0.1212,0.0412,-0.1712,-9.06,-30.87,29.38,335.88,-84.24,175.63,-0.1122070940700179,-2.328645306238781,0.2883750609405336,-1.8219547061719732,0.05711261002160911,-0.14010765928667052
52.2126,-2.187439,93.94,8.44,2,163.96,24 / 27,12890709,2020-01-08 15:50:14:303,-0.4561,0.6851,8.561,0.0399,-0.0168,9.8065,-0.1542,0.2075,-0.113,-8.94,-31.0,28.94,333.62,-84.31,173.55,0.7581813174168782,0.404893854195415,-1.245460523964846,-0.10286339714981141,0.9752233532365105,-0.7167863074103895
52.2126,-2.187439,93.94,8.44,2,163.96,24 / 27,12890810,2020-01-08 15:50:14:404,2.4914,1.7574,10.4199,0.0088,-0.0006,9.8066,0.111,0.3765,-0.0993,-7.94,-30.0,29.94,336.75,-84.49,173.88,1.4347666211191763,-2.6825710007938413,0.6125856826781012,-2.205088290762778,1.649410736579898,0.16118171229504064
52.2126,-2.187439,93.94,8.44,2,163.96,24 / 27,12890910,2020-01-08 15:50:14:504,0.5638,0.8248,8.8667,0.0499,0.0023,9.8065,-0.0284,-0.1843,0.2261,-8.0,-29.81,29.19,333.29,-84.39,171.34,0.7519367045151286,-0.6122321637502496,-0.939992803202565,-1.027322184630453,0.8756106511088274,-0.4078736860463454
52.2126,-2.187439,93.94,8.44,2,163.96,24 / 27,12891010,2020-01-08 15:50:14:604,1.8289,0.8373,9.8883,0.0077,0.0212,9.8065,-0.022,0.1525,-0.2955,-7.5,-30.69,27.94,335.09,-84.75,171.59,0.5826504808186451,-1.908765299628519,0.0813224331648575,-1.5533800124672952,0.857363156779353,-0.3477174283997156
52.2126,-2.187439,93.94,8.44,2,163.96,24 / 27,12891110,2020-01-08 15:50:14:704,-0.8899,0.7226,10.1681,0.0124,0.027,9.8065,-0.0308,-0.2655,0.127,-7.44,-30.44,28.56,335.91,-84.83,171.69,0.8027048148945651,0.8084407903062478,0.3617287363675882,0.5714240262150942,0.8224976465142471,0.8536869172314898
52.2126,-2.187439,93.94,8.44,2,163.96,24 / 27,12891210,2020-01-08 15:50:14:804,-2.5546,-0.9014,10.5287,-0.0431,-0.0145,9.8065,-0.0235,0.0842,0.0537,-7.25,-31.19,28.25,335.25,-84.83,171.7,-0.5667678103743691,2.6023220918464176,0.7228351675254413,2.7496337150217753,-0.23725881569482582,0.356353850873503
52.2126,-2.187439,93.94,8.44,2,163.96,25 / 26,12891310,2020-01-08 15:50:14:904,1.555,-0.2948,9.4376,0.0171,0.0173,9.8066,0.0127,-0.1623,0.1146,-6.87,-31.19,28.63,338.02,-84.91,173.64,-0.5014515031654734,-1.4868974294090924,-0.3693050830813464,-1.4780472047116482,-0.5734056769207239,0.04536519999591157
52.2126,-2.187439,93.94,8.44,2,163.96,25 / 26,12891410,2020-01-08 15:50:15:004,0.2855,-0.5438,9.2749,0.0031,-0.0089,9.8066,0.0232,-0.0445,-0.0843,-7.56,-31.06,28.69,335.65,-84.92,173.31,-0.5659753068488219,-0.2133775161663476,-0.5317091758020176,-0.33528169971721344,-0.20869179507631705,-0.8022206052512207
52.2126,-2.187439,93.94,8.44,2,163.96,25 / 26,12891510,2020-01-08 15:50:15:104,0.2764,0.3924,8.8561,-0.0036,0.0024,9.8066,-0.0485,-0.1489,0.0326,-7.44,-31.06,27.94,337.86,-84.98,174.0,0.3519764010943268,-0.3262265568819358,-0.95059933550242,-0.032523066787340515,0.22179394946118597,-0.6444274153177467
52.2126,-2.187439,93.94,8.44,2,163.96,25 / 26,12891609,2020-01-08 15:50:15:203,-1.4038,-0.1658,9.8895,-0.0309,-0.0009,9.8065,0.0741,-0.0984,0.1089,-7.31,-31.69,28.06,336.25,-85.1,172.56,0.00758019807345,1.3827278943787915,0.0833158490562308,0.9604303170004127,0.348260094721575,-0.06266402826199313
52.2126,-2.187439,93.94,8.44,2,163.96,25 / 26,12891711,2020-01-08 15:50:15:305,-0.9847,-0.1445,9.1938,-0.0069,-0.0145,9.8066,-0.0931,-0.1453,0.1739,-7.44,-31.31,28.0,338.57,-85.13,174.59,-0.0071061090847912,0.9865188930340436,-0.6125737971057533,1.5742700447575975,-0.1478605106750125,-0.4423431019532514
52.2126,-2.187439,93.94,8.44,2,163.96,25 / 26,12891810,2020-01-08 15:50:15:404,-0.7489,-0.7162,8.7648,-0.0312,0.0245,9.8065,-0.1143,-0.1427,0.026,-7.0,-30.06,28.63,341.99,-85.25,177.1,-0.6455020498440169,0.8046953500314733,-1.0414706751920086,0.08055587304275044,-0.3733496627193928,-1.0379902210239182
52.2126,-2.187439,93.94,8.44,2,163.96,25 / 26,12891910,2020-01-08 15:50:15:504,-0.3861,-0.1311,9.8872,-0.0151,0.0205,9.8066,-0.0294,-0.0871,0.0035,-6.81,-30.31,27.94,345.71,-85.5,-179.05,-0.1041510804252268,0.3869892153103982,0.0806958467314168,1.2473027306868658,-0.2055148223998961,0.09198783281102581
52.2126,-2.187439,93.94,8.44,2,163.96,25 / 26,12892010,2020-01-08 15:50:15:604,0.1374,-0.3301,9.915,-0.0213,0.0145,9.8066,-0.0883,-0.1742,0.0721,-8.0,-29.81,27.31,344.15,-85.65,-178.03,-0.3616914071682821,-0.1145179504107036,0.1083991467418427,-1.1086334744041377,-0.20425201811725563,0.27945694257193016
52.2126,-2.187439,93.94,8.44,2,163.96,25 / 26,12892110,2020-01-08 15:50:15:704,2.5505,0.775,9.573,-0.0376,0.0051,9.8065,-0.0191,-0.1871,0.0973,-8.25,-30.31,26.88,344.85,-85.69,-177.4,0.4411638757142534,-2.663847323751912,-0.2341404290261671,-1.5892197462731783,0.41751343288737774,-0.39444057844882785
52.2126,-2.187439,93.94,8.44,2,163.96,25 / 26,12892209,2020-01-08 15:50:15:803,-1.3756,-0.6904,10.9465,-0.0242,-0.0316,9.8065,0.1209,-0.1602,0.1405,-8.25,-30.12,28.56,342.53,-85.67,179.3,-0.4850720286447089,1.4227384182345566,1.1403595574668282,0.23114186582989565,-0.46911105251851604,1.4819710895487193
52.2126,-2.187439,93.94,8.44,2,163.96,25 / 25,12892310,2020-01-08 15:50:15:904,0.4427,-0.7078,9.746,0.0109,-0.0191,9.8066,-0.0313,-0.099,0.0628,-7.44,-30.25,28.5,344.18,-85.41,179.06,-0.7371707376826908,-0.3425419600860359,-0.0606267192314894,0.8453401011078883,-0.6687314906142461,-0.3848992102954507
52.2126,-2.187439,93.94,8.44,2,163.96,25 / 25,12892410,2020-01-08 15:50:16:004,-1.9924,-0.5461,8.9657,-0.0011,0.0239,9.8065,-0.1137,-0.2911,0.0852,-7.44,-30.69,28.69,345.6,-85.32,-179.58,-0.3173144710387116,2.047025145252389,-0.8403094139505145,0.7734106595433228,-0.4404636670200424,-0.35035923603862507
52.2126,-2.187439,93.94,8.44,2,163.96,25 / 25,12892510,2020-01-08 15:50:16:104,-0.1068,-0.6659,10.7773,-0.061,0.0143,9.8064,-0.0568,0.0837,-0.0281,-7.62,-29.94,28.13,346.01,-85.39,-176.86,-0.6691126544578686,0.1300348112728416,0.970976669905916,1.291070602446878,-0.5241679024354826,0.5188404751154898
52.2126,-2.187439,93.94,8.44,2,163.96,25 / 25,12892610,2020-01-08 15:50:16:204,-1.7026,0.3864,8.5516,-0.0052,0.0248,9.8065,-0.2025,-0.1604,0.1392,-7.31,-31.06,27.88,345.9,-85.52,-178.85,0.5703395115201038,1.6393520252751743,-1.2545649081754164,0.43096035741029026,0.34100078740925727,-0.6679093788663045
52.2126,-2.187439,93.94,8.44,2,163.96,25 / 25,12892710,2020-01-08 15:50:16:304,2.0723,-0.6876,11.4761,-0.0546,0.0337,9.8064,0.012,0.0822,-0.1489,-7.81,-30.0,27.63,346.26,-85.56,-176.67,-0.9807577628604124,-2.0207438459963933,1.6693064156878887,-1.0464101208950871,-0.8013764848431433,1.1524142856869306
52.2126,-2.187439,93.94,8.44,2,163.96,25 / 25,12892811,2020-01-08 15:50:16:405,-0.0636,-0.6259,9.6072,0.013,0.0047,9.8066,-0.1534,-0.2469,0.192,-8.06,-30.75,28.0,343.51,-85.42,-179.12,-0.6161412943777744,0.1546775679435017,-0.1993214372253114,-0.8362318707093508,-0.8963773691587787,0.41100641173514413
52.2126,-2.187439,93.94,8.44,2,163.96,25 / 25,12892910,2020-01-08 15:50:16:504,3.3068,0.2056,10.4292,-0.0701,0.0051,9.8064,0.0319,0.2125,-0.1358,-7.62,-30.69,28.38,346.46,-85.5,-176.44,-0.2220881353648297,-3.3756884953696904,0.6220431997529509,-2.734751021994535,-0.0648908248289051,0.1164717292456568
52.2126,-2.187439,93.94,8.44,2,163.96,25 / 25,12893009,2020-01-08 15:50:16:603,-1.2698,-0.4154,9.1928,0.0083,0.0076,9.8066,-0.0659,-0.1395,0.1176,-7.62,-29.94,27.31,345.67,-85.53,-176.61,-0.2603749905400908,1.32100976489971,-0.6134795150132243,0.6684182408998902,-0.5283473080140912,-0.0555883153513103
52.2126,-2.187439,93.94,8.44,2,163.96,25 / 25,12893110,2020-01-08 15:50:16:704,-0.0923,-0.6771,9.978,-0.0243,0.0096,9.8065,0.0143,0.0709,-0.1022,-7.56,-30.37,28.31,347.07,-85.67,-175.96,-0.6728498189089027,0.1530549510707629,0.1715821760760231,0.3637680689108084,-0.593489014887047,-0.25364805742629465
52.2126,-2.187439,93.94,8.44,2,163.96,25 / 25,12893210,2020-01-08 15:50:16:804,2.0993,0.1845,9.4752,-0.0057,0.0182,9.8065,-0.0943,-0.1625,0.1549,-7.87,-30.56,27.5,346.74,-85.66,-176.22,-0.0974943669479259,-2.1092321013105804,-0.3317757845509216,-2.3668933218152723,-0.29753474252102713,0.11344894714828416
52.2126,-2.187439,93.94,8.44,2,163.96,25 / 26,12893310,2020-01-08 15:50:16:904,0.2712,0.3433,9.7806,-0.0313,0.0137,9.8065,-0.0013,0.1221,-0.0109,-8.31,-30.75,27.38,348.39,-85.87,-174.17,0.2893070399774159,-0.3412312154373567,-0.0259983505371036,-0.5826877774876009,0.2501810021102251,-0.32436268040513616
52.2126,-2.187439,93.94,8.44,2,163.96,25 / 26,12893410,2020-01-08 15:50:17:004,0.6614,0.8834,9.7669,0.0055,-0.0057,9.8066,0.0143,0.0819,-0.0531,-7.69,-30.5,27.69,348.78,-85.87,-174.42,0.8003739769381712,-0.7616342781866556,-0.0399303560122895,-0.6458797702542162,0.7042864673507438,0.2585936618790625
52.2126,-2.187439,93.94,8.44,2,163.96,25 / 26,12893510,2020-01-08 15:50:17:104,-2.8005,-0.3365,9.6066,0.0317,-0.0111,9.8065,0.0142,0.1946,-0.2022,-8.19,-30.62,27.56,349.11,-85.73,-174.06,0.0302736668066778,2.8507165778307955,-0.1992498631837826,2.2113347783003765,-0.14339611495417945,-0.3512375782984915
52.2126,-2.187439,93.94,8.44,2,163.96,25 / 26,12893609,2020-01-08 15:50:17:203,-0.6436,-0.2356,9.7334,0.045,-0.0015,9.8065,0.0118,0.1045,-0.1022,-7.0,-30.94,27.81,349.2,-85.66,-175.86,-0.1464163246728749,0.7124326856722427,-0.0729267321023147,1.113006521665497,-0.12899286250775008,0.07011433555288976
52.2126,-2.187439,93.94,8.44,2,163.96,25 / 26,12893710,2020-01-08 15:50:17:304,0.0168,0.3293,10.1812,-0.0051,-0.0013,9.8066,0.0339,0.0761,-0.0925,-7.5,-31.44,27.88,350.65,-85.57,-174.51,0.3253154280099006,-0.0630374368171826,0.3745627902745487,-0.9909787681689343,0.029099519102904793,0.3667807555672406
52.2126,-2.187439,93.94,8.44,2,163.96,25 / 26,12893809,2020-01-08 15:50:17:403,0.6997,-0.3919,10.0202,0.0015,-0.0076,9.8066,-0.002,0.0749,0.0226,-7.44,-31.44,28.38,351.32,-85.6,-173.91,-0.4683446757278501,-0.6448813790327534,0.2134852727805596,-0.0873908737905344,-0.3543350116976347,0.2094208565789304
52.2126,-2.187439,93.94,8.44,2,163.96,25 / 26,12893909,2020-01-08 15:50:17:503,0.0492,0.3667,10.0889,0.0078,0.0128,9.8066,0.0029,0.0321,-0.0611,-7.75,-31.06,27.75,349.38,-85.65,-173.79,0.3459956568162246,-0.0852694194885306,0.2822562515948921,-1.1679070803146305,-0.03651243761576836,0.4039294839949453
52.2126,-2.187439,93.94,8.44,2,163.96,25 / 26,12894010,2020-01-08 15:50:17:604,1.7826,-0.7578,10.2739,0.021,-0.0003,9.8065,0.0463,0.1757,-0.094,-7.0,-30.69,27.94,351.83,-85.68,-173.45,-0.971210096704385,-1.653505879621383,0.4670897388264661,-1.0760053877459033,-0.7968188986296624,0.3330064170457792
52.2126,-2.187439,93.94,8.44,2,163.96,25 / 26,12894110,2020-01-08 15:50:17:704,-1.1478,-0.0228,9.4259,0.0363,0.0026,9.8065,0.0482,0.0607,-0.0494,-7.19,-30.87,28.0,348.26,-85.7,-176.73,0.122417462309699,1.1781131176536686,-0.3803390289386648,0.0714973507039699,-0.2961705087882629,-0.14996611871992735
52.2126,-2.187439,93.94,8.44,2,163.96,25 / 26,12894210,2020-01-08 15:50:17:804,-0.0285,0.1373,9.0884,0.0181,0.0028,9.8066,-0.0171,0.0913,-0.1329,-6.56,-31.19,27.75,348.62,-85.76,-176.42,0.1392105646894756,0.0296297911966129,-0.7182029964797431,0.5051440067660429,0.3306370966260709,-0.960439724180028
52.2126,-2.187439,93.94,8.44,2,163.96,26 / 26,12894310,2020-01-08 15:50:17:904,-0.8365,0.7102,9.303,0.0007,0.0141,9.8066,0.0173,0.0728,-0.077,-6.75,-29.81,27.69,351.1,-85.94,-174.19,0.7950229372317899,0.7439844705601529,-0.5034854981433582,-0.27889772594823703,0.3915268731616961,-0.19005948604494027
52.2126,-2.187439,93.94,8.44,2,163.96,26 / 26,12894410,2020-01-08 15:50:18:004,0.8859,0.781,10.5321,0.015,0.0049,9.8065,0.0308,0.0603,-0.0618,-7.31,-29.94,27.81,353.8,-86.22,-171.73,0.6615010567437802,-0.9610414409754156,0.7253337718972964,-0.6784828784493238,0.8317096171499331,0.40302339417334904
52.2126,-2.187439,93.94,8.44,2,163.96,26 / 26,12894510,2020-01-08 15:50:18:104,-0.2372,0.6023,9.9641,0.0114,-0.0086,9.8066,0.0191,0.046,-0.0478,-7.0,-30.12,26.63,353.35,-86.35,-171.65,0.6371414214592164,0.1704504528998149,0.1574943559851508,-0.6967741768280225,0.2902377502408548,0.5201842539377608
52.2126,-2.187439,93.94,8.44,2,163.96,26 / 26,12894610,2020-01-08 15:50:18:204,0.2841,-0.0811,10.2452,0.0126,-0.0244,9.8066,0.0981,0.0213,-0.0396,-7.37,-30.19,26.25,353.95,-86.4,-170.55,-0.090080204257779,-0.2624115356627209,0.438546283477594,-0.222820901108674,0.03368975168793159,0.0745615031963151
52.2126,-2.187439,93.94,8.44,2,163.96,26 / 26,12894710,2020-01-08 15:50:18:304,-1.0706,0.0433,9.3009,0.0233,-0.0314,9.8065,0.0718,0.0335,-0.0638,-7.56,-29.87,26.75,350.67,-86.09,-172.13,0.2104804176777112,1.0761641614251876,-0.5053685303204376,0.39331701827408855,-0.05324975977296194,-0.13914505599026797
52.2126,-2.187439,93.94,8.44,2,163.96,26 / 26,12894810,2020-01-08 15:50:18:404,0.0774,-0.438,10.0837,0.0137,-0.0166,9.8066,0.1329,0.025,-0.0341,-7.81,-30.44,27.88,349.91,-85.87,-173.37,-0.4260346265431116,-0.0107217397235846,0.2771274098380952,-0.21806008134399166,-0.3585874995074187,-0.07739952930563616
52.2126,-2.187439,93.94,8.44,2,163.96,26 / 26,12894910,2020-01-08 15:50:18:504,-0.3031,0.0952,9.3263,0.0138,-0.0182,9.8066,-0.0665,0.016,-0.0227,-7.56,-31.25,28.19,349.53,-85.83,-173.69,0.1519957222336025,0.3003968158465258,-0.480241932209125,-0.21529421069369303,-0.0169469369073946,-0.1682143437447192
52.2126,-2.187439,93.94,8.44,2,163.96,26 / 26,12895010,2020-01-08 15:50:18:604,-0.6567,0.818,9.8094,-0.0073,0.0146,9.8066,0.0249,0.0273,-0.0064,-7.5,-31.12,27.19,352.32,-85.99,-172.53,0.8781041648889764,0.5441549770024456,0.0028629719001922,0.13203709087518886,0.8926169398420504,-0.28127495551484194
52.2126,-2.187439,93.94,8.44,2,163.96,26 / 26,12895110,2020-01-08 15:50:18:704,-0.3571,0.8559,9.1916,0.0105,-0.0042,9.8066,-0.0525,0.0258,0.0123,-6.75,-31.5,27.69,352.5,-86.15,-172.91,0.8991806123537266,0.2576256482744085,-0.6150040826843091,-0.15095870201273925,0.8249851630630957,-0.4206178019271014
52.2126,-2.187439,93.94,8.44,2,163.96,26 / 26,12895210,2020-01-08 15:50:18:804,0.8164,0.6699,9.9906,0.0077,0.0018,9.8066,0.0282,0.0524,-0.0722,-7.06,-30.87,28.0,351.61,-86.16,-173.73,0.5620617109944532,-0.8857363868392558,0.1837579551010746,-1.4213740888869597,0.5358989231579168,0.031176198511291317
52.2126,-2.187439,93.94,8.44,2,163.96,25 / 26,12895309,2020-01-08 15:50:18:903,-0.1647,0.631,9.7935,0.0136,0.0027,9.8066,-0.0602,-0.0525,-0.026,-6.37,-31.19,27.56,353.37,-86.19,-174.05,0.6456279362656265,0.0985685188191603,-0.0131226906991271,-0.2942831331519108,0.6591485583541711,0.00692739715593968
52.21182,-2.187158,94.77,9.78,2,170.8,25 / 26,12895410,2020-01-08 15:50:19:004,-1.1732,0.5108,9.9201,-0.0068,0.0021,9.8066,0.0321,-0.0823,0.0141,-6.37,-30.75,26.88,353.25,-86.27,-173.72,0.6501767882845433,1.0938410674016847,0.1137047195218383,0.5384166654404092,0.5996346350819047,0.13947906807318955
52.21182,-2.187158,94.77,9.78,2,170.8,25 / 26,12895510,2020-01-08 15:50:19:104,-0.6467,0.4954,10.1545,-0.002,0.0011,9.8066,0.0427,-0.0316,-0.0034,-7.25,-31.12,27.0,351.02,-86.25,-173.78,0.5708546138871976,0.5779544932385031,0.3479922463922499,0.10010439058314186,0.6623732354198469,0.15951829556320518
52.21182,-2.187158,94.77,9.78,2,170.8,25 / 26,12895609,2020-01-08 15:50:19:203,-1.3434,0.6155,9.4836,-0.0029,0.0081,9.8066,-0.0026,-0.0582,0.0087,-7.25,-31.06,27.56,351.53,-86.33,-173.84,0.7697845138428466,1.2543752678266575,-0.3227669433392054,0.7781297486442494,0.7113037047521327,-0.10189162572402988
52.21182,-2.187158,94.77,9.78,2,170.8,25 / 26,12895710,2020-01-08 15:50:19:304,0.0301,0.633,10.1612,-0.0063,0.0051,9.8065,-0.001,0.041,-0.0562,-7.5,-31.0,28.94,351.15,-86.32,-174.67,0.6184858030474197,-0.1144901715346861,0.3546304725354917,-0.7558394021429984,0.7786754408890961,-0.03967765028171959
52.21182,-2.187158,94.77,9.78,2,170.8,25 / 26,12895810,2020-01-08 15:50:19:404,0.4053,0.3766,9.7085,0.0082,-0.0012,9.8066,-0.0675,-0.1002,0.054,-8.19,-29.44,28.56,347.05,-86.41,-176.73,0.3253301010150822,-0.4410864827955772,-0.0982237245707124,-0.7783926267965582,0.27283586517483605,0.29266650660488297
52.21182,-2.187158,94.77,9.78,2,170.8,25 / 26,12895911,2020-01-08 15:50:19:505,0.2081,0.2585,10.4524,-0.0123,0.0189,9.8065,0.012,-0.032,0.0412,-8.62,-29.75,26.38,344.8,-86.59,-175.1,0.2102935868423623,-0.2487035287190185,0.6458283766881753,-1.075138825457929,0.4322980099767431,0.09329788991916563
52.21182,-2.187158,94.77,9.78,2,170.8,25 / 26,12896011,2020-01-08 15:50:19:605,-0.0718,1.4736,9.4541,0.0216,0.0001,9.8066,-0.0677,-0.2891,0.1236,-6.0,-29.69,25.56,353.58,-86.66,-172.99,1.4736217393057462,-0.0909795480639705,-0.3526240934473736,-0.30076882260117155,1.4365329002148604,0.13810460355073045
52.21182,-2.187158,94.77,9.78,2,170.8,25 / 26,12896110,2020-01-08 15:50:19:704,-2.361,1.0893,9.8398,0.0174,0.0211,9.8066,0.0369,-0.1914,0.1296,-5.69,-30.19,27.56,352.93,-86.71,-174.54,1.356429419349089,2.2266363289280804,0.0336144168769384,1.27618083406165,1.6376038679466995,-0.5869983246194216
52.21182,-2.187158,94.77,9.78,2,170.8,25 / 26,12896210,2020-01-08 15:50:19:804,-1.0521,2.0742,9.4242,0.0294,0.002,9.8065,-0.0312,-0.1243,0.1087,-5.62,-30.62,27.63,351.06,-86.63,-176.26,2.1908537996706774,0.8147636842314361,-0.3822671151513969,0.6333638794334047,1.9814333497126404,0.10181518464684138
52.21182,-2.187158,94.77,9.78,2,170.8,25 / 26,12896309,2020-01-08 15:50:19:903,-0.4636,1.1811,10.7889,0.004,-0.0216,9.8066,0.0641,0.0714,-0.0559,-5.37,-31.25,27.5,353.01,-86.63,-176.4,1.251687831449564,0.3137608172110775,0.9822841046174609,-0.6123934433171359,1.5950434676932788,0.4106328723852683
52.21182,-2.187158,94.77,9.78,2,170.8,25 / 26,12896410,2020-01-08 15:50:20:004,0.1744,0.7956,9.1908,0.0091,-0.0164,9.8066,-0.0729,0.0069,-0.0349,-5.75,-30.87,26.06,347.06,-86.43,-178.99,0.7850084284642079,-0.2651176361390703,-0.6159156892369168,-0.5962608834284263,0.7807200693645395,-0.25871175221161963
52.21182,-2.187158,94.77,9.78,2,170.8,25 / 26,12896510,2020-01-08 15:50:20:104,-0.7045,0.1181,9.9228,-0.0256,-0.005,9.8066,0.0357,0.1827,-0.0808,-6.25,-31.62,26.81,349.3,-86.46,-177.39,0.2067997465254082,0.6582256698521802,0.1163361181434036,-0.030796857565403013,0.6210854929035852,-0.29138196977988334
52.21182,-2.187158,94.77,9.78,2,170.8,25 / 26,12896609,2020-01-08 15:50:20:203,-1.0196,0.0639,8.9061,-0.0039,-0.0152,9.8065,-0.0553,0.0538,0.0067,-6.62,-30.5,26.19,347.52,-86.44,-176.53,0.2050676230648712,0.9981161550256744,-0.9001860202465309,0.2961941698732493,0.2044433282348549,-0.7697622458890709
52.21182,-2.187158,94.77,9.78,2,170.8,25 / 26,12896710,2020-01-08 15:50:20:304,-1.755,0.1287,10.0157,-0.0294,0.0097,9.8065,0.0899,0.1145,-0.0391,-7.12,-30.81,27.19,350.08,-86.51,-174.7,0.3332517043563027,1.6972468336953015,0.2095649948223531,1.4744164759306089,0.8305529717339564,0.0418097845230779
52.21182,-2.187158,94.77,9.78,2,170.8,25 / 26,12896810,2020-01-08 15:50:20:404,-6.2771,4.5389,5.5547,-0.0527,0.0077,9.8064,-0.2211,0.2797,0.223,-7.87,-30.81,27.81,354.01,-86.39,-169.63,5.271662125813976,5.611798513292468,-4.250785523578782,4.333128492353153,1.9896327194049348,-4.39038910850644
52.21182,-2.187158,94.77,9.78,2,170.8,25 / 26,12896913,2020-01-08 15:50:20:507,-6.8111,-1.2828,9.9648,0.2154,-0.1118,9.8036,-0.0457,-1.495,0.9491,-7.25,-30.06,29.0,6.47,-86.07,-160.42,-0.2857127587150949,7.117638459877115,0.1628485922123599,7.541487407796502,0.3053767778364531,0.24061435964057354
52.21182,-2.187158,94.77,9.78,2,170.8,25 / 26,12897010,2020-01-08 15:50:20:604,-3.8699,-2.574,9.5116,0.0913,-0.0222,9.8062,0.0705,-0.3551,0.7021,-7.19,-30.25,30.13,358.89,-85.32,-167.88,-2.037982003677847,4.248537829649377,-0.2934850979579639,2.269724389768859,-2.031061841071983,-0.6677442887017166
52.21182,-2.187158,94.77,9.78,2,170.8,25 / 26,12897109,2020-01-08 15:50:20:703,6.359,-0.4812,1.5029,0.1233,0.2217,9.8033,-0.141,-0.0604,0.517,-7.5,-29.37,28.88,1.06,-86.58,-165.44,-1.4755279549394025,-6.09749050675699,-8.301691986227913,-4.9608531313378865,-0.78674270631813,-8.051201714359122
52.21182,-2.187158,94.77,9.78,2,170.8,25 / 26,12897209,2020-01-08 15:50:20:803,2.4843,-0.2349,15.5854,-0.1633,0.2781,9.8013,0.204,0.0024,-0.3124,-8.62,-28.94,27.25,17.93,-87.81,-144.33,-0.8387213676781797,-2.5642945439407527,5.783572211818207,-5.2254363675755435,-0.8935949553930925,5.279296072080564
52.21182,-2.187158,94.77,9.78,2,170.8,23 / 24,12897310,2020-01-08 15:50:20:904,-1.934,-2.083,15.944,0.1079,-0.1212,9.8053,-0.3496,-0.2554,0.1962,-9.69,-28.44,22.0,20.12,-88.57,-136.01,-1.691454005722641,2.2691773619713413,6.139337911081424,4.024135728448078,-0.9127194866952876,6.438479243120585
52.21182,-2.187158,94.77,9.78,2,170.8,23 / 24,12897410,2020-01-08 15:50:21:004,-7.2051,3.2878,9.3229,0.0243,-0.1351,9.8057,-0.1335,0.092,0.0011,-5.19,-28.0,18.94,9.55,-87.84,-156.22,4.2975896015729615,6.7462871660358,-0.4815575768613956,3.5900226714797654,1.9297612493153569,-0.9838488430742232
52.21182,-2.187158,94.77,9.78,2,170.8,23 / 24,12897510,2020-01-08 15:50:21:104,0.1696,-1.8,11.0378,0.0979,-0.0294,9.8061,0.5259,-0.9294,0.3219,-4.12,-27.37,22.5,2.66,-86.6,-167.66,-1.7656356873817622,0.1493545396772068,1.2318579386121364,2.2618586893554844,-0.9186974094516722,1.4549566711555983
52.21182,-2.187158,94.77,9.78,2,170.8,23 / 24,12897610,2020-01-08 15:50:21:204,-8.4811,-3.0197,11.8909,0.1028,0.0024,9.806,0.2617,-1.0984,0.5573,-4.81,-28.19,27.5,351.32,-85.5,-177.86,-1.928038573748996,8.893258213937644,2.0870700104133078,5.578210028138975,-1.9925703526338618,1.6943968989183755
52.21182,-2.187158,94.77,9.78,2,170.8,23 / 24,12897709,2020-01-08 15:50:21:303,3.6587,0.6782,9.481,0.0458,0.0577,9.8063,-0.2126,-0.1045,0.0729,-6.37,-29.87,28.31,349.3,-85.9,-177.78,0.1651406824473845,-3.661999703190866,-0.3261494731420337,-1.5718592922559225,1.0443617887440606,-0.2589523988955415
52.21182,-2.187158,94.77,9.78,2,170.8,23 / 24,12897810,2020-01-08 15:50:21:404,-5.4646,-1.8763,10.7729,0.095,0.0797,9.8058,-0.0942,-0.6753,0.4453,-7.12,-30.69,28.0,346.39,-86.38,-178.63,-1.2474382548181513,5.7598841798196325,0.968505346128641,2.6991651834999324,-1.2724995307612084,0.7348399827867168
52.21182,-2.187158,94.77,9.78,2,170.8,23 / 24,12897910,2020-01-08 15:50:21:504,2.3693,-1.9855,10.8079,0.002,-0.0436,9.8065,-0.1012,0.3766,-0.1859,-7.12,-31.31,28.0,350.15,-86.69,-175.19,-2.2218542339963423,-2.1069176935604883,1.0010736513535263,-0.4464373683583633,-1.1388019227071193,0.8968179097361966
52.21182,-2.187158,94.77,9.78,2,170.8,23 / 24,12898010,2020-01-08 15:50:21:604,2.9785,-0.0783,8.671,0.0332,-0.0494,9.8064,-0.1136,-0.1117,0.0198,-6.06,-30.62,28.0,350.85,-86.37,-176.42,-0.3960046596984634,-2.918450580069243,-1.1360400438323497,-5.337277387259973,-0.3349425880733556,-1.22409980333339
52.21182,-2.187158,94.77,9.78,2,170.8,23 / 24,12898110,2020-01-08 15:50:21:704,2.8483,-1.5422,10.8572,-0.0487,-0.0218,9.8065,0.0737,0.2901,-0.2445,-6.19,-31.37,27.13,349.43,-86.24,-177.25,-1.869688798975091,-2.685052018642464,1.0502166929596546,-1.7872059351844405,-1.0900894949387894,0.8139077522557641
52.21182,-2.187158,94.77,9.78,2,170.8,23 / 24,12898210,2020-01-08 15:50:21:804,0.646,0.1644,9.8552,0.0281,-0.0385,9.8065,-0.0328,0.1039,0.0168,-7.0,-31.25,26.88,349.46,-85.96,-175.16,0.1242737204618409,-0.6383885286728409,0.0485452249093327,-2.1437169946483126,0.327271958951765,0.05082456642331806
52.21182,-2.187158,94.77,9.78,2,170.8,24 / 24,12898310,2020-01-08 15:50:21:904,-2.387,-0.1063,9.8,-0.046,0.0154,9.8065,0.0182,0.16,-0.1166,-8.06,-30.5,27.38,348.88,-86.07,-173.78,0.1711495577734702,2.337906380412973,-0.0059770643511317,2.284991693445302,0.8001928230252556,-0.3091798851073072
52.21182,-2.187158,94.77,9.78,2,170.8,24 / 24,12898410,2020-01-08 15:50:22:004,-1.6146,-0.7267,9.0258,-0.0167,-0.0156,9.8066,-0.1037,-0.0241,-0.0731,-8.94,-30.0,28.0,351.43,-86.3,-170.17,-0.5063622829970711,1.674275451508392,-0.7803814521337398,1.1918508256267693,-0.10874340691850087,-0.7516956167877018
52.21182,-2.187158,94.77,9.78,2,170.8,24 / 24,12898509,2020-01-08 15:50:22:103,-0.8229,-2.4076,10.2138,-0.0401,0.0195,9.8065,0.051,0.117,-0.1177,-8.06,-30.75,28.88,354.94,-86.44,-169.31,-2.310521985061225,1.0792336079884135,0.4077088617347505,0.053791371981514846,-1.579378297629313,0.09589263506423129
52.21182,-2.187158,94.77,9.78,2,170.8,24 / 24,12898609,2020-01-08 15:50:22:203,1.4934,-0.2792,11.1063,-0.0011,0.0054,9.8066,0.0407,0.1066,-0.1067,-8.25,-29.37,27.25,356.66,-86.72,-166.63,-0.4686376210751296,-1.447646932955054,1.2994016459966755,-0.9598907414235461,0.15427037996787807,1.3095737535011656
52.21182,-2.187158,94.77,9.78,2,170.8,24 / 24,12898711,2020-01-08 15:50:22:305,0.6501,0.2479,9.3417,-0.0508,0.0115,9.8065,0.0418,0.1642,-0.2104,-6.5,-29.31,25.25,2.38,-86.82,-164.28,0.147126988564974,-0.7248004050434372,-0.4649761629209305,-2.5949435532776146,0.3320964888565323,-0.7533919201724172
52.21182,-2.187158,94.77,9.78,2,170.8,24 / 24,12898810,2020-01-08 15:50:22:404,1.9694,-2.587,10.532,-0.0283,0.0328,9.8065,0.1201,0.1671,-0.0857,-3.69,-29.31,25.31,4.08,-86.88,-167.09,-2.848397458075702,-1.6556114342086587,0.7253208116036869,-0.38447652312305525,-1.1605646168011363,0.700258331631761
52.21182,-2.187158,94.77,9.78,2,170.8,24 / 24,12898910,2020-01-08 15:50:22:504,-2.1838,-1.9952,9.788,-0.0158,-0.0248,9.8066,-0.0686,0.2587,-0.0325,-3.5,-29.81,28.5,8.21,-86.78,-166.37,-1.6846949125435535,2.396774407335384,-0.0179335437655815,-0.07554403763825979,-1.7186999888264136,-0.2761701242849045
52.21182,-2.187158,94.77,9.78,2,170.8,24 / 24,12899010,2020-01-08 15:50:22:604,0.2166,-2.668,10.0604,-0.047,-0.0201,9.8065,-0.0616,0.2555,-0.2727,-5.5,-30.0,28.88,6.16,-86.51,-164.45,-2.660085580408225,0.0685667898032192,0.2541021059344438,1.840968649364152,-0.9989306328455834,0.19565332036045024
52.21182,-2.187158,94.77,9.78,2,170.8,24 / 24,12899110,2020-01-08 15:50:22:704,-3.0545,0.219,10.9768,-0.0336,-0.0429,9.8064,-0.0733,0.2594,-0.1532,-5.44,-30.5,28.69,2.13,-86.6,-168.22,0.6366153038614554,2.9643997056943947,1.171033697110539,0.20573070965257656,0.4434340536007504,0.9396990560416052
52.21182,-2.187158,94.77,9.78,2,170.8,24 / 24,12899211,2020-01-08 15:50:22:805,3.3636,-1.1234,9.7463,-0.0411,-0.0143,9.8065,-0.0989,0.3551,-0.2363,-5.12,-30.87,27.75,5.46,-86.54,-164.78,-1.5249818742435617,-3.239820735069038,-0.060834429768974,-1.2994802170033743,-0.454189301281542,-0.1493674925510626
52.21182,-2.187158,94.77,9.78,2,170.8,25 / 25,12899310,2020-01-08 15:50:22:904,-2.0041,-0.2197,10.8163,-0.0578,0.0309,9.8064,0.0509,0.1852,-0.1735,-5.0,-31.31,27.19,10.65,-86.96,-159.51,-0.0058885428336571,1.9621267785806995,1.010349389983398,-0.7412615929536837,-0.2716968162181138,0.8080730229018159
52.21182,-2.187158,94.77,9.78,2,170.8,25 / 25,12899410,2020-01-08 15:50:23:004,4.6439,-2.8998,10.2195,-0.0575,0.0182,9.8064,0.0643,0.3808,-0.3604,-4.81,-31.81,26.63,7.95,-87.19,-162.02,-3.481417544569584,-4.300956727554453,0.4123598890134506,-2.5257127262831274,-0.9659245133709947,0.287275575288292
52.21182,-2.187158,94.77,9.78,2,170.8,25 / 25,12899510,2020-01-08 15:50:23:104,-1.0282,-0.1423,9.8938,-0.0076,0.0205,9.8066,-0.0048,0.0898,-0.1113,-5.0,-31.44,27.25,359.42,-87.37,-170.06,-0.0342643250234701,1.0329145475170036,0.0874387417477499,-1.3029737670653092,-0.2851650501877315,-0.07271405394534708
52.21182,-2.187158,94.77,9.78,2,170.8,25 / 25,12899610,2020-01-08 15:50:23:204,2.8461,-0.6065,9.5218,-0.025,0.0066,9.8066,0.0055,0.3173,-0.2642,-5.06,-31.25,26.5,354.7,-87.63,-174.56,-0.9663337501857489,-2.772180162873493,-0.2853665849791124,-1.4373678154265688,-0.06326654411184218,-0.4628479364719742
52.21182,-2.187158,94.77,9.78,2,170.8,25 / 25,12899710,2020-01-08 15:50:23:304,-1.1168,-1.0388,9.3291,-0.0001,0.0259,9.8065,0.0122,-0.0161,0.0068,-4.56,-31.87,26.56,346.35,-87.79,177.46,-0.9171824408876984,1.240851992194452,-0.4770518248517059,-0.5012805355737795,-1.0888654718400967,-0.5765204177697503
52.21182,-2.187158,94.77,9.78,2,170.8,25 / 25,12899810,2020-01-08 15:50:23:404,1.1744,-1.2855,9.4539,-0.0477,0.0142,9.8065,-0.0465,0.2479,-0.0984,-5.62,-32.25,26.19,344.53,-88.08,178.15,-1.4419655944195904,-1.050421566190401,-0.3527393057092762,-0.32195432982272176,-0.7323543642084127,-0.5989387958894394
52.21182,-2.187158,94.77,9.78,2,170.8,25 / 25,12899910,2020-01-08 15:50:23:504,-1.4005,-1.1662,9.6655,-0.0102,0.0152,9.8066,-0.0792,-0.0748,0.0581,-5.69,-32.31,26.19,346.32,-88.43,179.77,-0.9988328179947252,1.5267911485189931,-0.1406806685396792,0.47645166210960643,-1.0631291759560129,-0.16610151479788782
52.21182,-2.187158,94.77,9.78,2,170.8,25 / 25,12900010,2020-01-08 15:50:23:604,0.474,-0.3619,10.0379,-0.015,0.0092,9.8066,-0.0214,0.0588,0.0117,-5.56,-32.31,26.19,349.13,-88.73,-177.58,-0.4291612202307548,-0.4389640068940225,0.2312296427830879,-0.3447587637538835,0.06222869694200278,-0.08968031139643204
52.21182,-2.187158,94.77,9.78,2,170.8,25 / 25,12900110,2020-01-08 15:50:23:704,1.929,0.2073,9.1537,0.0046,0.0161,9.8065,0.0434,-0.0101,0.0568,-4.44,-32.5,26.5,355.55,-88.8,-175.91,-0.050292137312842,-1.9330727915870405,-0.6532387950438895,-2.3331719703748455,-0.01370191987113123,-0.6059973897527817
52.21182,-2.187158,94.77,9.78,2,170.8,25 / 25,12900210,2020-01-08 15:50:23:804,0.353,-1.3313,10.5876,-0.0088,0.0074,9.8066,0.0737,-0.0258,0.0377,-5.5,-32.94,26.44,358.72,-88.76,-170.36,-1.3733106353345403,-0.1922320782946279,0.7810522754282009,-0.6298773531813195,-1.0944059408108127,0.3970441938847894
52.21182,-2.187158,94.77,9.78,2,170.8,25 / 26,12900310,2020-01-08 15:50:23:904,1.1663,-0.8686,9.8246,0.0137,-0.0041,9.8066,-0.0524,-0.0506,0.0759,-5.56,-31.94,26.75,357.79,-88.61,-169.62,-1.001470074248697,-1.035814017148274,0.0178331787257606,-0.9398744372909924,-0.8934981828006174,0.11715524685478362
52.21182,-2.187158,94.77,9.78,2,170.8,25 / 26,12900410,2020-01-08 15:50:24:004,-1.0398,-0.4288,10.0735,0.0164,0.0003,9.8066,0.0088,-0.0697,0.0578,-5.5,-32.37,26.75,0.51,-88.63,-169.01,-0.2940344677600744,1.1014006457435848,0.2671726208365373,0.3204879636970081,-0.20514399805630096,-0.14923863682870753
52.21182,-2.187158,94.77,9.78,2,170.8,25 / 26,12900509,2020-01-08 15:50:24:103,1.4907,-0.5756,10.2741,0.0296,0.0004,9.8065,0.0573,-0.138,0.1253,-6.69,-32.81,27.13,355.89,-88.52,-169.45,-0.7536570982950835,-1.3779824296572962,0.4673375351340936,-0.9952322187732316,-0.6123340892983877,0.5802225165669752
52.21182,-2.187158,94.77,9.78,2,170.8,25 / 26,12900610,2020-01-08 15:50:24:204,-1.3972,-0.29,10.0091,0.0064,-0.019,9.8066,0.0234,-0.1418,0.1419,-6.56,-32.75,26.19,357.99,-88.34,-166.87,-0.0938553957695908,1.426390608717509,0.202832951088891,0.511483066694786,-0.16893787917122632,-0.19980807112254828
52.21182,-2.187158,94.77,9.78,2,170.8,25 / 26,12900709,2020-01-08 15:50:24:303,-0.6657,-0.418,9.6514,-0.02,0.0171,9.8066,0.1088,0.0947,-0.0226,-6.81,-31.5,26.5,4.38,-88.2,-161.24,-0.3512026310590697,0.6949490431710641,-0.1550163840786167,1.1673313221409611,-0.2120657271427755,-0.07943573805199516
52.21182,-2.187158,94.77,9.78,2,170.8,25 / 26,12900810,2020-01-08 15:50:24:404,-0.5898,-0.5892,9.359,-0.0081,-0.007,9.8066,0.1017,-0.0117,-0.0564,-6.37,-32.94,26.38,9.52,-88.11,-157.87,-0.5051552940412631,0.6498573784467513,-0.4474159212415228,-0.2310841125689297,-0.7221664468830598,-0.7820353921547659
52.21182,-2.187158,94.77,9.78,2,170.8,25 / 26,12900910,2020-01-08 15:50:24:504,0.044,0.5065,8.7069,-0.0181,0.0294,9.8065,0.0402,0.0336,-0.0451,-6.5,-32.31,27.63,11.73,-88.16,-156.6,0.4655562362095545,-0.1208535366258022,-1.099660308282258,0.3073037127321543,0.5735118436930631,-1.115352756143813
52.21182,-2.187158,94.77,9.78,2,170.8,25 / 26,12901009,2020-01-08 15:50:24:603,0.2726,-0.486,10.1136,0.0007,0.028,9.8066,0.0421,0.0338,0.0006,-6.44,-32.62,26.38,10.05,-88.24,-157.34,-0.5438703942390208,-0.2057573910369497,0.3069910427096531,-0.9621794397544794,-0.8850074367285656,0.09157099581570757
52.21182,-2.187158,94.77,9.78,2,170.8,25 / 26,12901110,2020-01-08 15:50:24:704,0.5996,-0.202,8.1852,-0.0147,0.0064,9.8066,-0.1283,0.0512,0.0025,-6.62,-32.31,27.0,12.36,-88.36,-153.52,-0.2834845189509693,-0.5831493393225119,-1.621513609428812,-0.25100256432034507,-0.23163906354648237,-1.7726617788542343
52.21182,-2.187158,94.77,9.78,2,170.8,25 / 26,12901210,2020-01-08 15:50:24:804,-0.2249,0.8166,9.3648,-0.02,-0.0014,9.8066,-0.1138,0.0023,-0.0058,-6.87,-32.12,26.31,22.83,-88.41,-142.84,0.8371341825541497,0.1014052477824044,-0.4418354740416208,-0.5184827088427639,0.3896448613835636,-0.5039008874908947
52.21182,-2.187158,94.77,9.78,2,170.8,24 / 24,12901310,2020-01-08 15:50:24:904,-0.0767,-1.4266,11.2098,-0.0237,-0.0216,9.8065,-0.0962,-0.0142,-0.0498,-6.69,-33.19,26.06,32.39,-88.28,-133.68,-1.3873280227605496,0.2274552731600886,1.4034493029585977,0.4793562785284149,-1.416454268438875,1.0962299638319841
52.21182,-2.187158,94.77,9.78,2,170.8,24 / 24,12901410,2020-01-08 15:50:25:004,-0.6584,0.0891,9.2722,0.0266,-0.0334,9.8065,-0.0675,-0.2067,0.0999,-6.25,-32.81,26.31,33.77,-88.35,-134.38,0.2069194556438799,0.6645017166697315,-0.5341624728666554,0.14159177061799155,-0.3266265384715767,-0.4376796147582675
52.21182,-2.187158,94.77,9.78,2,170.8,24 / 24,12901510,2020-01-08 15:50:25:104,2.0067,-0.3251,10.5351,-0.0272,0.0028,9.8066,0.1811,0.2684,-0.1192,-6.37,-32.5,26.69,30.38,-88.11,-138.2,-0.578897724998963,-1.9773074915561144,0.7280881662457451,-1.7574180799905281,-0.7137007873208474,0.276178840902642
52.21182,-2.187158,94.77,9.78,2,170.8,24 / 24,12901610,2020-01-08 15:50:25:204,0.168,0.45,10.0821,-0.0077,0.0002,9.8066,0.0168,-0.0113,-0.1003,-6.31,-32.25,27.19,30.7,-87.94,-138.01,0.424400826633244,-0.2304775503402878,0.2754175323797668,-0.7086996174961717,-0.17492941437219206,0.5030104982148289
52.21182,-2.187158,94.77,9.78,2,170.8,24 / 24,12901710,2020-01-08 15:50:25:304,-2.456,0.5072,10.6422,-0.0411,0.0067,9.8065,-0.026,0.0854,-0.2038,-6.19,-33.25,26.56,31.74,-88.13,-136.92,0.7977673590237983,2.333454583509297,0.8361780298331479,2.563775802576977,0.5371402702562569,0.28143631203650477
52.21182,-2.187158,94.77,9.78,2,170.8,24 / 24,12901810,2020-01-08 15:50:25:404,-2.1014,-0.6338,9.8567,0.0297,-0.0084,9.8066,0.0159,-0.1952,0.1409,-6.75,-32.12,26.44,29.7,-88.22,-136.29,-0.3547879631298531,2.1924381035267486,0.050626509085702,1.7280271548947475,-1.0044090673395019,0.35561446718557344
52.21182,-2.187158,94.77,9.78,2,170.8,24 / 24,12901910,2020-01-08 15:50:25:504,0.4565,-0.2176,10.0995,-0.0141,-0.006,9.8066,-0.0475,0.0632,0.0023,-6.25,-32.94,26.06,37.26,-87.88,-131.35,-0.2686073866282985,-0.4406098169986687,0.2928180168861135,-0.19023858779022304,-0.6667208783338407,-0.30263318436705716
52.21182,-2.187158,94.77,9.78,2,170.8,24 / 24,12902009,2020-01-08 15:50:25:603,-0.1341,0.4836,9.2505,0.0255,-0.011,9.8065,-0.1371,-0.1103,0.0021,-6.62,-32.19,26.63,37.71,-87.94,-129.22,0.5106016165668374,0.0968097831792731,-0.556013646451338,-0.3453573224584302,-0.18067990190135289,-0.2407246070139909
52.21182,-2.187158,94.77,9.78,2,170.8,24 / 24,12902110,2020-01-08 15:50:25:704,1.0321,1.2087,10.731,-0.0057,-0.0014,9.8066,-0.0372,-0.0509,-0.0708,-6.25,-33.37,26.19,40.04,-88.13,-128.46,1.07131709202863,-1.180800011839582,0.9240547767134608,-0.941008638994806,0.5326515895738655,0.35584935524771494
52.21182,-2.187158,94.77,9.78,2,170.8,24 / 24,12902210,2020-01-08 15:50:25:804,-1.6299,1.5125,9.3861,0.0382,-0.0172,9.8065,-0.06,-0.1104,0.14,-6.12,-32.56,26.06,40.27,-88.19,-128.2,1.725728354142398,1.4644389168197538,-0.4201858715054037,1.089036003931529,0.9960717409817272,-0.16003840306589934
52.21182,-2.187158,94.77,9.78,2,170.8,24 / 26,12902310,2020-01-08 15:50:25:904,-0.8105,1.474,9.7459,0.0002,0.0073,9.8066,0.0981,0.0229,-0.075,-5.94,-32.5,26.25,42.18,-88.09,-126.39,1.5563356818208514,0.6215035378468874,-0.0606668602700654,0.7928614074612772,0.880319711084792,-0.5426414817415958
52.21182,-2.187158,94.77,9.78,2,170.8,24 / 26,12902410,2020-01-08 15:50:26:004,-1.7284,1.8167,9.3928,0.0253,-0.0231,9.8066,-0.0331,-0.033,0.0229,-6.12,-32.94,26.88,36.31,-88.11,-132.51,2.044082200291262,1.5107028688218425,-0.4135975949952897,1.2619743952419533,1.2322042940253446,-0.25851756185878577
52.21182,-2.187158,94.77,9.78,2,170.8,24 / 26,12902510,2020-01-08 15:50:26:104,-0.8084,2.1447,10.0678,-0.0183,0.0027,9.8065,0.0682,0.1614,-0.1116,-5.81,-33.06,26.44,39.11,-88.16,-129.34,2.2238193776843307,0.5167872158290182,0.2612624140426003,0.5600658579971203,1.1944737219913637,-0.09668100566004484
52.21182,-2.187158,94.77,9.78,2,170.8,24 / 26,12902610,2020-01-08 15:50:26:204,0.7297,1.8018,10.0873,0.0046,0.0017,9.8066,-0.0301,0.0096,-0.0414,-5.5,-32.56,26.81,37.35,-88.26,-133.44,1.695658132692884,-0.9439604670273,0.2803651970592721,-1.0173924360167699,0.8874898744042604,0.3059060669364923
52.21182,-2.187158,94.77,9.78,2,170.8,24 / 26,12902710,2020-01-08 15:50:26:304,-0.4467,1.1465,10.7525,0.0011,0.0077,9.8065,0.0636,0.0107,-0.0057,-6.0,-33.06,26.19,33.97,-88.35,-134.18,1.1858151127520766,0.3020913639924192,0.945986049669856,0.18051128498088453,0.2636205370842909,0.7215864896011281
52.21182,-2.187158,94.77,9.78,2,170.8,24 / 26,12902809,2020-01-08 15:50:26:403,0.1697,1.5326,9.7886,0.0004,-0.0164,9.8066,0.0099,0.0012,-0.0555,-6.0,-32.94,26.81,32.27,-88.34,-136.27,1.5157997865865769,-0.3611200115390713,-0.0181888496092967,-0.24192160007403712,0.6614584578141429,-0.11731535116194651
52.21182,-2.187158,94.77,9.78,2,170.8,24 / 26,12902910,2020-01-08 15:50:26:504,-1.5489,2.2788,9.3392,-0.0239,0.0164,9.8066,0.1201,0.1337,-0.1185,-5.37,-32.62,26.38,31.13,-88.34,-139.07,2.434863650476056,1.2311058265384336,-0.4672889549877396,0.9445824788962209,0.9801671440987036,-0.5773310313295796
52.21182,-2.187158,94.77,9.78,2,170.8,24 / 26,12903010,2020-01-08 15:50:26:604,-1.3689,1.6803,9.7981,-0.01,-0.0004,9.8066,0.0847,0.0474,-0.0796,-5.81,-32.75,26.19,30.98,-88.31,-137.11,1.8370244967397364,1.138729520949386,-0.0083681835842653,1.429341089565769,0.9262959770310426,-0.20110736756429348
52.21182,-2.187158,94.77,9.78,2,170.8,24 / 26,12903110,2020-01-08 15:50:26:704,-0.7402,1.9408,9.7032,-0.0315,0.008,9.8066,0.0564,0.0386,-0.0802,-5.56,-32.56,26.13,33.3,-88.28,-134.89,2.00607668245813,0.4621911618692337,-0.1034348296646279,0.04861868918473339,0.9075220051698876,-0.1403040287174819
52.21182,-2.187158,94.77,9.78,2,170.8,24 / 26,12903210,2020-01-08 15:50:26:804,0.5425,1.5312,9.9842,-0.0048,0.0051,9.8066,0.008,0.0532,-0.0264,-4.81,-32.37,26.69,34.23,-88.25,-136.44,1.44595924046507,-0.7333593213363394,0.1773308792139164,-0.3275018324614548,0.4656912569335534,-0.061752837230540675
52.21182,-2.187158,94.77,9.78,2,170.8,23 / 24,12903310,2020-01-08 15:50:26:904,0.3447,1.7794,9.6726,-0.0278,0.0088,9.8066,0.0102,0.0764,-0.1188,-5.06,-32.69,26.81,32.61,-88.26,-138.04,1.710325134346141,-0.5903390196975089,-0.1342549315535202,-1.06241715885387,0.5730732363360038,-0.14842179411603496
52.21182,-2.187158,94.77,9.78,2,170.8,23 / 24,12903410,2020-01-08 15:50:27:004,0.2569,1.1265,10.6531,-0.001,0.012,9.8066,0.0643,0.0154,-0.0219,-5.06,-33.06,26.75,36.58,-88.29,-134.17,1.0737037685053663,-0.3950483807945696,0.8463343927366799,0.04513824645031905,0.012067769781537119,0.609804724253675
52.21182,-2.187158,94.77,9.78,2,170.8,23 / 24,12903510,2020-01-08 15:50:27:104,-1.583,1.1582,10.0043,-0.0243,-0.0012,9.8066,-0.0319,0.1031,-0.1187,-5.25,-32.06,26.75,34.16,-88.24,-136.51,1.3447204724831805,1.401924133038158,0.1979265421559757,0.9578842673663164,0.18821658142109254,0.16201185773582572
52.21182,-2.187158,94.77,9.78,2,170.8,23 / 24,12903610,2020-01-08 15:50:27:204,-0.8715,2.2904,10.5575,-0.0052,0.0112,9.8065,-0.0124,0.0559,-0.0098,-5.37,-32.12,26.63,37.86,-88.25,-132.91,2.3694843523118783,0.5751729589389021,0.7509655794073566,0.9590000232805629,0.8517026222640696,0.5528746438285577
52.21182,-2.187158,94.77,9.78,2,170.8,23 / 24,12903710,2020-01-08 15:50:27:304,-1.6883,1.7173,10.8066,-0.0114,-0.0151,9.8066,-0.0152,0.1147,-0.0732,-5.62,-33.12,26.0,36.37,-88.19,-131.97,1.9280432342129372,1.4475705007243052,1.0001961319853725,1.1188457732989052,0.7707304734780414,0.9166537921300162
52.21182,-2.187158,94.77,9.78,2,170.8,23 / 24,12903810,2020-01-08 15:50:27:404,0.313,1.7137,9.769,-0.0147,-0.0341,9.8065,-0.0401,0.0824,-0.0635,-5.56,-31.87,26.44,34.59,-88.19,-133.66,1.6932959648630856,-0.543067792646177,-0.0377429194525441,-0.29681323269529264,0.4628308485708821,-0.18365243173350396
52.21182,-2.187158,94.77,9.78,2,170.8,23 / 24,12903910,2020-01-08 15:50:27:504,-0.7922,1.1256,10.2461,-0.0085,0.0081,9.8066,0.0617,-0.0403,-0.0023,-5.62,-32.19,26.38,33.54,-88.2,-134.67,1.2065293563659825,0.6381416869103428,0.4395614742607806,0.4922655020054226,0.05811362298440215,0.30583773538995396
52.21182,-2.187158,94.77,9.78,2,170.8,23 / 24,12904010,2020-01-08 15:50:27:604,-0.3591,2.0158,10.0776,0.0018,-0.0093,9.8066,-0.0352,-0.0067,0.0383,-5.25,-32.87,26.38,36.56,-88.16,-133.93,2.054315260339878,0.1055109186824096,0.2708801897029286,0.1628193958268303,0.7012464129954434,0.16878432603506585
52.21182,-2.187158,94.77,9.78,2,170.8,23 / 24,12904110,2020-01-08 15:50:27:704,0.6698,2.1604,9.8742,0.0206,0.0087,9.8065,-0.0118,-0.18,0.086,-5.31,-32.94,26.25,38.26,-88.1,-132.33,2.053963214478236,-0.9124452179132332,0.0673472930228482,-0.8461847177808529,0.8633614714291022,-0.10034055637188641
52.21182,-2.187158,94.77,9.78,2,170.8,23 / 24,12904209,2020-01-08 15:50:27:803,-0.2957,2.084,9.9806,0.0068,-0.0029,9.8066,0.0001,-0.1324,0.0372,-5.12,-32.81,26.25,37.09,-88.2,-133.39,2.1083442374658814,0.0398830199484242,0.1738613846263897,-0.09860079257298648,0.6529102548442836,0.09334043142665566
52.21182,-2.187158,94.77,9.78,2,170.8,26 / 27,12904310,2020-01-08 15:50:27:904,0.1013,1.7763,10.1912,0.016,-0.0063,9.8066,0.0031,-0.1327,0.0543,-5.0,-32.81,26.63,33.88,-88.22,-136.83,1.75807890774352,-0.3069953659440879,0.3844065678890106,-0.04673113218329728,0.6330014795088796,0.20708422093987888
52.211113,-2.187022,95.13,5.17,2,178.04,26 / 27,12904410,2020-01-08 15:50:28:004,-0.5959,2.4828,9.7125,-0.0149,0.0026,9.8065,0.0264,0.0752,-0.0629,-5.06,-32.56,26.94,36.54,-88.18,-134.28,2.533282300853941,0.2672301081223012,-0.094116382703038,-0.026875565867405526,0.6267341895350311,-0.1774819310531798
52.211113,-2.187022,95.13,5.17,2,178.04,26 / 27,12904509,2020-01-08 15:50:28:103,0.1563,1.8259,10.024,-0.0129,-0.0004,9.8066,0.0401,-0.0784,0.0408,-4.19,-32.69,26.75,36.21,-88.2,-136.66,1.790964618154519,-0.3956512961978286,0.2171839734778242,-0.002370791721426832,0.6772206931929249,0.051295708063499534
52.211113,-2.187022,95.13,5.17,2,178.04,26 / 27,12904610,2020-01-08 15:50:28:204,-1.0009,2.144,10.2767,-0.0026,-0.004,9.8066,0.0006,-0.1104,0.0213,-4.56,-32.12,27.25,32.42,-88.23,-138.21,2.255747725432668,0.7225664380230759,0.4701072663211995,0.34877744171958525,0.6226085094641816,0.36723617533430625
52.211113,-2.187022,95.13,5.17,2,178.04,26 / 27,12904710,2020-01-08 15:50:28:304,0.0278,2.0783,9.877,-0.0018,-0.006,9.8066,-0.0017,-0.0833,-0.0098,-4.37,-32.94,27.31,34.23,-88.27,-138.53,2.064347586433411,-0.2892772640961732,0.0701891506116499,0.15006196720056522,0.8984117216351466,-0.07408015502070653
52.211113,-2.187022,95.13,5.17,2,178.04,26 / 27,12904810,2020-01-08 15:50:28:404,-0.7705,1.853,10.0359,0.0039,0.0011,9.8066,0.0045,-0.0863,0.0192,-5.12,-32.94,26.69,32.33,-88.31,-138.27,1.9340235245554127,0.5373897455129413,0.2292874350761402,0.17456518490667516,0.5741640672651438,0.10277922368846978
52.211113,-2.187022,95.13,5.17,2,178.04,26 / 27,12904910,2020-01-08 15:50:28:504,0.3043,1.5355,10.0125,-0.0074,0.0102,9.8066,-0.0085,-0.0471,0.0062,-3.94,-32.87,26.5,34.14,-88.41,-138.53,1.474544525627761,-0.4995047433954743,0.2056823844344071,-0.10354945466505026,0.38643654522619364,0.08064137723984746
52.211113,-2.187022,95.13,5.17,2,178.04,26 / 27,12905009,2020-01-08 15:50:28:603,-0.4575,1.1321,10.1405,-0.0019,0.0072,9.8066,-0.0015,-0.1128,0.0331,-4.5,-32.31,26.19,33.3,-88.44,-139.0,1.1729532837440244,0.3117037393527557,0.3338891328384611,0.04113745037774191,-0.14753498346168237,0.1909338725115397
52.211113,-2.187022,95.13,5.17,2,178.04,26 / 27,12905110,2020-01-08 15:50:28:704,0.4092,0.6209,9.941,-0.0088,-0.0074,9.8066,-0.0351,-0.0183,0.0136,-4.5,-32.19,27.25,30.83,-88.37,-141.73,0.5712853862836347,-0.4931115108256244,0.1342471426512638,-0.20967725015217875,-0.5019653743091383,0.017120730568138936
52.211113,-2.187022,95.13,5.17,2,178.04,26 / 27,12905210,2020-01-08 15:50:28:804,0.2374,0.9952,9.79,0.0002,0.0002,9.8066,0.0004,-0.0527,0.0058,-3.94,-32.31,26.25,29.74,-88.36,-142.51,0.9576569909309832,-0.3594119462844114,-0.0167493459295093,-0.4855937350831472,-0.3019014090007569,-0.16300095560208877
52.211113,-2.187022,95.13,5.17,2,178.04,26 / 27,12905310,2020-01-08 15:50:28:904,0.1019,0.4726,9.7385,-0.0014,0.0009,9.8066,0.0004,-0.0002,-0.0139,-4.44,-32.5,26.88,30.14,-88.34,-142.42,0.4551334190635668,-0.1612946847973342,-0.0681688015710723,-0.023805032418487193,-0.6005096172726916,-0.19132466374554025
52.211113,-2.187022,95.13,5.17,2,178.04,24 / 27,12905410,2020-01-08 15:50:29:004,-0.0593,1.3039,9.7165,0.0047,0.0053,9.8066,-0.0043,-0.0189,-0.0071,-3.94,-32.44,27.31,29.91,-88.36,-142.63,1.296439202432528,-0.0984017919659776,-0.0902133678231541,-0.06720864064304706,0.11657102272735465,-0.22706025396028223
52.211113,-2.187022,95.13,5.17,2,178.04,24 / 27,12905510,2020-01-08 15:50:29:104,-0.2712,1.2389,10.136,-0.0003,0.0089,9.8066,-0.02,-0.0204,-0.0123,-3.31,-32.87,26.69,32.5,-88.37,-142.24,1.25420241891368,0.1153412687397577,0.3293385099203804,0.11318516384378358,0.22340181205278092,0.18948448718484576
52.211113,-2.187022,95.13,5.17,2,178.04,24 / 27,12905610,2020-01-08 15:50:29:204,-0.0685,1.0866,10.1217,0.0046,0.0016,9.8066,-0.0127,-0.0029,-0.015,-3.62,-32.81,25.88,31.58,-88.37,-140.76,1.0856692795361564,-0.0628316582497796,0.3150095525425009,0.10154577114973534,-0.001977036304155133,0.19493718316012953
52.211113,-2.187022,95.13,5.17,2,178.04,24 / 27,12905709,2020-01-08 15:50:29:303,-0.2732,0.5311,9.7991,0.0054,-0.0035,9.8066,0.0053,-0.0043,-0.0098,-3.19,-32.31,26.69,33.13,-88.41,-141.57,0.5651660392430119,0.2097679524705099,-0.0074916088189499,0.10660472873823092,-0.4263431407071472,-0.16782618900806906
52.211113,-2.187022,95.13,5.17,2,178.04,24 / 27,12905810,2020-01-08 15:50:29:404,0.644,0.1728,9.7795,0.0055,-0.0009,9.8066,-0.0011,0.0208,-0.0416,-3.25,-32.5,26.31,34.11,-88.44,-140.38,0.0927276720593586,-0.655169456823871,-0.0272564062114953,-0.4070822020991039,-0.8979680513024078,-0.13068932195973035
52.211113,-2.187022,95.13,5.17,2,178.04,24 / 27,12905910,2020-01-08 15:50:29:504,0.0214,0.64,9.9551,0.003,0.0033,9.8066,-0.0182,-0.0191,-0.0151,-3.87,-32.19,27.25,32.8,-88.45,-139.76,0.6294471025731964,-0.0976807447519887,0.1484335446147708,-0.24602909635056108,-0.3014799948993375,-0.028495272693752023
52.211113,-2.187022,95.13,5.17,2,178.04,24 / 27,12906010,2020-01-08 15:50:29:604,0.2826,0.53,9.7924,-0.0003,0.0019,9.8066,-0.0172,-0.0091,-0.0126,-3.19,-31.81,27.31,34.95,-88.47,-139.75,0.4887026373717723,-0.3465378981770559,-0.0143135374000461,-0.07244649690557096,-0.4058433886408872,-0.10815297681727415
52.211113,-2.187022,95.13,5.17,2,178.04,24 / 27,12906110,2020-01-08 15:50:29:704,0.0378,0.8136,9.8362,0.0031,0.0085,9.8066,0.0283,-0.0195,-0.0049,-3.94,-32.25,26.31,33.34,-88.54,-138.9,0.7944920720940547,-0.1348241894905064,0.0295134767169781,-0.2728325991287893,-0.05191230376918643,-0.1542639427113608
52.211113,-2.187022,95.13,5.17,2,178.04,24 / 27,12906209,2020-01-08 15:50:29:803,0.2732,0.5995,9.8955,0.0024,0.0001,9.8066,-0.0036,-0.019,-0.0057,-4.0,-32.37,26.69,35.73,-88.56,-136.84,0.5609621692541354,-0.3434463447906261,0.0887821092093064,-0.0926951576025834,-0.2384535321706105,-0.006481688605818403
52.211113,-2.187022,95.13,5.17,2,178.04,25 / 25,12906309,2020-01-08 15:50:29:903,-0.1285,0.232,10.0223,-0.0026,-0.0028,9.8066,0.0161,-0.0258,0.0095,-3.75,-32.31,26.75,36.42,-88.53,-136.19,0.2486811864661804,0.0955907799251695,0.2157044512546521,0.008655925848842755,-0.49238872458321864,0.036876435516348116
52.211113,-2.187022,95.13,5.17,2,178.04,25 / 25,12906411,2020-01-08 15:50:30:005,0.3049,0.7208,9.695,0.0026,0.0059,9.8066,-0.0161,0.0132,-0.0172,-3.44,-32.62,26.38,38.35,-88.55,-136.21,0.6716189741023278,-0.389056371894123,-0.1117360868937089,-0.19108495477764048,-0.028765168664374258,-0.2189501398393942
52.211113,-2.187022,95.13,5.17,2,178.04,25 / 25,12906510,2020-01-08 15:50:30:104,0.2498,0.3547,10.0097,0.0024,0.0071,9.8066,-0.0151,-0.0616,0.0153,-2.62,-32.62,26.81,40.35,-88.64,-134.39,0.3140530511860326,-0.2888580574757229,0.2030119052471936,-0.3067174152451695,-0.30785822641890204,0.03829408956944582
52.211113,-2.187022,95.13,5.17,2,178.04,25 / 25,12906609,2020-01-08 15:50:30:203,0.4842,0.1652,9.6919,-0.0078,0.0025,9.8066,-0.0199,-0.0177,0.016,-3.31,-32.81,26.25,42.12,-88.66,-132.45,0.1000745244748154,-0.5084211528305261,-0.114823346518111,-0.36868467694855134,-0.4905455751758456,-0.2394847668075038
52.211113,-2.187022,95.13,5.17,2,178.04,25 / 25,12906710,2020-01-08 15:50:30:304,0.2675,-0.2161,9.8562,-0.0017,0.0072,9.8066,0.0174,-0.0469,0.0232,-3.19,-32.19,26.63,43.48,-88.69,-131.25,-0.2551204791148386,-0.2392670619615258,0.0495631334412436,-0.19288549240967545,-0.7509878855934417,-0.0983121230219514
52.211113,-2.187022,95.13,5.17,2,178.04,25 / 25,12906810,2020-01-08 15:50:30:404,-0.2545,-0.1461,10.1991,-0.01,-0.0067,9.8066,-0.0019,-0.0331,0.0314,-2.81,-32.75,26.44,46.52,-88.67,-128.12,-0.1077977717692582,0.2598838749274911,0.3925670286132741,0.35628769106662084,-0.5730010784241684,0.2525746779779722
52.211113,-2.187022,95.13,5.17,2,178.04,25 / 25,12906911,2020-01-08 15:50:30:505,-0.0585,-0.301,10.1138,-0.006,0.0011,9.8066,0.0536,-0.0444,0.0317,-2.69,-32.06,26.38,49.45,-88.61,-125.27,-0.2931745460839052,0.0896889479176141,0.3072410749719633,0.1796515602214718,-0.6598687963780601,0.17168539847408737
52.211113,-2.187022,95.13,5.17,2,178.04,25 / 25,12907010,2020-01-08 15:50:30:604,0.0342,-0.3813,10.1491,-0.0009,-0.0074,9.8066,0.0302,-0.0468,-0.0028,-3.31,-31.75,26.88,51.51,-88.64,-123.41,-0.3753346024936535,0.0117172994166228,0.3425289930287845,0.09037563275985112,-0.6984695998017257,0.19579883469097914
52.211113,-2.187022,95.13,5.17,2,178.04,25 / 25,12907110,2020-01-08 15:50:30:704,0.4032,0.0662,9.4414,0.0013,-0.0031,9.8066,0.0341,-0.0231,0.0138,-2.87,-32.25,26.0,51.07,-88.66,-123.63,0.0186204974174262,-0.4073209246911339,-0.3652945132145939,-0.29874010988164007,-0.21556858013058733,-0.49712255950610973
52.211113,-2.187022,95.13,5.17,2,178.04,25 / 25,12907210,2020-01-08 15:50:30:804,0.2911,-0.3585,9.9916,-0.0009,-0.0051,9.8066,0.0136,-0.0581,-0.0018,-3.37,-31.75,26.5,52.56,-88.7,-122.32,-0.3870385919088065,-0.2456978850531136,0.184970910290444,-0.16073942231556487,-0.5540017004874378,0.04177904543413022
52.211113,-2.187022,95.13,5.17,2,178.04,25 / 25,12907310,2020-01-08 15:50:30:904,0.2056,-0.2618,9.8834,-0.0016,-0.001,9.8066,0.0186,-0.0494,-0.0052,-2.62,-31.62,26.5,54.4,-88.7,-120.51,-0.2845951067420543,-0.1730812643623618,0.0767803434819421,-0.06330827555782041,-0.3799806881773007,-0.058182442939942625
