GPS LATITUDE (degrees),GPS LONGITUDE (degrees),GPS ALTITUDE (m),GPS SPEED (Kmh),GPS ACCURACY (m),GPS ORIENTATION (Â°),GPS SATELLITES IN RANGE,TIME SINCE START (ms),DATE (YYYY-MO-DD HH-MI-SS_SSS),ACCELEROMETER X (m/s²),ACCELEROMETER Y (m/s²),ACCELEROMETER Z (m/s²),GRAVITY X (m/s²),GRAVITY Y (m/s²),GRAVITY Z (m/s²),GYROSCOPE Yaw (rad/s),GYROSCOPE Pitch (rad/s),GYROSCOPE Roll (rad/s),MAGNETIC FIELD X (Î¼T),MAGNETIC FIELD Y (Î¼T),MAGNETIC FIELD Z (Î¼T),ORIENTATION (Yaw) (Â°),ORIENTATION (Pitch) (Â°),ORIENTATION (Roll ) (Â°),accel_lateral,accel_forward,accel_vertical,accel_forward_filt,accel_lateral_filt,accel_vertical_filt,gyro_yaw_filt,gyro_pitch_filt,gyro_roll_filt
52.203213,-2.197382,120.67,5.11,2,244.26,22 / 22,13196311,2020-01-08 15:55:19:905,0.9343,1.2448,9.6477,0.0045,-0.0019,9.8066,0.013,-0.0817,0.0551,9.56,-34.19,14.0,62.73,-87.99,-156.35,-1.1760588295747627,-1.017625035483856,-0.1592578303749,-0.07779552047568175,0.06546385164776258,0.005745665466486673,0.01301525236267765,-0.08194629265864972,0.055231635206060906
52.203213,-2.197382,120.67,5.11,2,244.26,22 / 22,13196410,2020-01-08 15:55:20:004,0.4455,1.2225,10.134,0.0007,0.0134,9.8066,0.0062,-0.0722,-0.0095,9.75,-34.19,14.44,64.96,-88.05,-154.09,-0.6943785583755253,-1.0852699238545958,0.3270905379936381,-0.21031954414714563,0.44024566149327526,0.4740181597620313,0.007163613687431189,-0.07499380983076831,-0.00834167256909249
52.203213,-2.197382,120.67,5.11,2,244.26,22 / 22,13196510,2020-01-08 15:55:20:104,0.5081,1.0385,9.9583,0.0019,0.0082,9.8066,0.0134,-0.0749,-0.0239,9.63,-34.37,13.81,65.39,-88.14,-153.52,-0.715881145290415,-0.8974150767529722,0.1514258426892215,-0.07398291808537565,0.3399177767680905,0.3225359441259703,0.011387148327509412,-0.069983275346995,-0.026343417525145373
52.203213,-2.197382,120.67,5.11,2,244.26,22 / 22,13196609,2020-01-08 15:55:20:203,0.4201,0.9458,9.9707,0.007,-0.0006,9.8066,0.0111,-0.0445,0.0231,9.38,-34.56,14.19,62.49,-88.23,-153.55,-0.6069225061129829,-0.8354943633131459,0.1638524349696941,-0.08264560267129045,0.32234470100701895,0.28123512626271996,0.014299747960618319,-0.049982173960269785,0.026550075716304317
52.203213,-2.197382,120.67,5.11,2,244.26,22 / 22,13196710,2020-01-08 15:55:20:304,0.6649,0.8081,9.7024,0.0114,0.0061,9.8066,0.0156,-0.0481,0.0233,9.56,-34.06,14.31,65.55,-88.36,-152.94,-0.8106231555820068,-0.6427342946476231,-0.1044347457414997,0.06031408507555601,0.057813349803015696,0.06730735799948041,0.01106588861584321,-0.04378957758748694,0.019801970709420268
52.203213,-2.197382,120.67,5.11,2,244.26,22 / 22,13196810,2020-01-08 15:55:20:404,0.4642,0.6502,9.7353,-0.0048,0.0131,9.8066,0.0092,-0.0314,-0.045,9.56,-34.44,13.56,68.25,-88.4,-150.24,-0.5949906237818844,-0.5213612283563048,-0.0714823557141826,0.11366232627361064,0.1387026286708143,0.02446230956874674,0.015090669419639994,-0.03305902090256911,-0.04314552119123955
52.203213,-2.197382,120.67,5.11,2,244.26,22 / 22,13196910,2020-01-08 15:55:20:504,0.3084,0.9014,9.8723,-0.0022,0.0142,9.8066,0.0202,-0.0146,-0.0247,9.5,-34.19,13.69,67.56,-88.46,-150.8,-0.4940794829241661,-0.7996944915508462,0.0654742295611212,-0.22244098698985063,0.1830826650958433,0.2295525556430097,0.013202044353639926,-0.016585380546976863,-0.02312727950969556
52.203213,-2.197382,120.67,5.11,2,244.26,22 / 22,13197010,2020-01-08 15:55:20:604,0.2886,0.281,10.1325,0.0018,0.0062,9.8066,0.0041,-0.0349,0.0006,9.31,-33.94,14.13,68.81,-88.53,-146.74,-0.3392134615000005,-0.2067832333527208,0.3258143826496651,0.31674343598934773,0.2117859985545533,0.40974430965154773,0.01163404038295969,-0.028730816730991288,-0.0053676642008660055
52.203213,-2.197382,120.67,5.11,2,244.26,22 / 22,13197110,2020-01-08 15:55:20:704,-0.0062,-0.3981,9.9292,-0.0016,0.0074,9.8066,0.0315,-0.0282,-0.0323,8.63,-33.62,13.56,70.06,-88.55,-145.46,0.0916525551617555,0.3950046586071912,0.1226918856768359,0.8412367380257237,0.5738406460388981,0.27132110181844565,0.024209726614240267,-0.03879389935395072,-0.022211004900727842
52.203213,-2.197382,120.67,5.11,2,244.26,22 / 22,13197210,2020-01-08 15:55:20:804,-0.3398,-0.0698,9.9183,0.0016,0.0003,9.8066,0.0158,-0.0417,0.0146,9.0,-33.62,14.44,71.04,-88.57,-144.46,0.348473222370671,-0.0049572102261501,0.111743900761405,0.4137202203137244,0.7301626426610466,0.19111843456388355,0.022089801801792007,-0.02666922542103149,0.0015856171993407896
52.203213,-2.197382,120.67,5.11,2,244.26,23 / 23,13197312,2020-01-08 15:55:20:906,-0.3499,0.0144,9.7394,-0.0017,0.007,9.8066,0.0099,0.0026,-0.012,8.94,-33.12,14.0,72.22,-88.57,-143.23,0.3384760334438992,-0.0820706986249909,-0.0671730244316142,0.22978522676188393,0.6244772876833431,0.06158025407056232,0.005137014090311283,-0.01658608403399757,0.002530790596799744
52.203213,-2.197382,120.67,5.11,2,244.26,23 / 23,13197410,2020-01-08 15:55:21:004,-0.0841,-0.2869,9.7322,0.0014,0.0008,9.8066,-0.0098,-0.0399,0.0031,8.75,-31.81,14.44,74.56,-88.58,-140.81,0.1453612186784857,0.2626068522806623,-0.0743280380445208,0.5819558251130198,0.3695984440908696,0.0038428279606041865,-0.006771380216591308,-0.017223407643734506,-0.011888138066591747
52.203213,-2.197382,120.67,5.11,2,244.26,23 / 23,13197509,2020-01-08 15:55:21:103,-0.22,-0.7416,9.8213,-0.0038,0.0038,9.8066,-0.005,0.0037,-0.0184,7.88,-30.25,13.5,73.92,-88.61,-138.31,0.3713917238447765,0.6814882863289631,0.0148860020159458,0.8585887771785355,0.4639877544151349,0.12387105158359098,-0.006403359427039549,-0.02137508533944258,-0.0035412628586375854
52.203213,-2.197382,120.67,5.11,2,244.26,23 / 23,13197610,2020-01-08 15:55:21:204,-0.6576,-0.5086,9.7602,0.0011,0.0018,9.8066,-0.0031,-0.0433,-0.0007,10.19,-28.62,11.13,88.17,-88.64,-136.76,0.7530317104288127,0.3568652155358749,-0.046230628691272,0.5805249652523857,0.8288889276953583,0.029869302371855908,-0.002954870258959635,-0.01735791571824557,-0.015080375654258255
52.203213,-2.197382,120.67,5.11,2,244.26,23 / 23,13197710,2020-01-08 15:55:21:304,-1.0159,-0.3434,9.9111,-0.0039,0.007,9.8066,-0.0081,0.0042,-0.0366,12.56,-27.75,11.88,94.2,-88.68,-135.18,1.0636538698404607,0.1246220424755856,0.1046623222684504,0.16998492297498927,0.9704170643249148,0.1975251645228658,-0.007474930537589285,-0.020681401921022524,-0.023096703559859072
52.203213,-2.197382,120.67,5.11,2,244.26,23 / 23,13197810,2020-01-08 15:55:21:404,-0.8623,-0.1819,9.9172,0.0003,0.0035,9.8066,-0.0062,-0.0469,0.0096,11.5,-27.37,14.63,88.52,-88.69,-131.99,0.8822740926806468,-0.004402521874621,0.1107127959437594,0.12512469145588828,0.815361765231993,0.18159351724319678,-0.007188293491240905,-0.02520956997119591,-0.0024856983244815308
52.203213,-2.197382,120.67,5.11,2,244.26,23 / 23,13197910,2020-01-08 15:55:21:504,-0.6615,-0.4861,9.7208,-0.0022,0.0029,9.8066,-0.0095,-0.0002,0.0017,8.94,-27.5,13.25,87.52,-88.69,-129.41,0.7490221055679612,0.335844595508242,-0.0856354076211635,0.2558730935747237,0.4826031743545394,-0.00437608071054732,-0.008287783690820385,-0.016783923412137323,0.011792301321395245
52.203213,-2.197382,120.67,5.11,2,244.26,23 / 23,13198010,2020-01-08 15:55:21:604,-0.526,-0.0393,9.684,-0.0006,0.0016,9.8066,-0.0104,-0.0585,0.0208,10.19,-26.75,12.19,95.73,-88.66,-126.37,0.5219235289509915,-0.0729839633546767,-0.1225475459582391,-0.0380106906510001,0.3141702375571275,-0.05929996739046166,-0.012057245923744055,-0.04815435557673358,0.013183862822756475
52.203213,-2.197382,120.67,5.11,2,244.26,23 / 23,13198111,2020-01-08 15:55:21:705,-1.0881,0.0131,9.8583,-0.0023,0.0038,9.8066,-0.0138,-0.0759,0.0158,12.56,-26.12,12.31,106.41,-88.61,-122.83,1.0584053976496983,-0.2425224074036209,0.0517872197857363,-0.4383060960746601,0.6363289085741539,0.12380298699506806,-0.011141066177401314,-0.0801048949615795,0.020592766609896826
52.203213,-2.197382,120.67,5.11,2,244.26,23 / 23,13198210,2020-01-08 15:55:21:804,-1.1624,-0.0991,9.8595,-0.002,0.0054,9.8066,0.0052,-0.0878,0.0226,12.63,-27.87,15.38,102.54,-88.58,-120.32,1.1557260682944317,-0.1474213575215903,0.0530190381956005,-0.2090598115088974,0.8057164744607823,0.1096049843546042,0.000773833478085572,-0.08839973539549259,0.020821246372306274
52.203213,-2.197382,120.67,5.11,2,244.26,22 / 22,13198310,2020-01-08 15:55:21:904,-1.0108,-0.3346,9.6489,-0.0003,0.0038,9.8066,-0.0027,-0.1296,0.0032,11.5,-30.5,16.38,100.33,-88.54,-118.7,1.0596429240946477,0.1132782580923765,-0.1575405016486298,-0.18626884713125158,0.503414683349974,-0.0965784442320064,0.004221643041283786,-0.1262910894823602,0.0020372478159072583
52.203213,-2.197382,120.67,5.11,2,244.26,22 / 22,13198410,2020-01-08 15:55:22:004,-1.2722,-0.2542,9.707,-0.006,0.0011,9.8066,-0.0121,-0.1536,0.0037,10.25,-32.37,14.69,100.1,-88.49,-116.23,1.2914914124061576,-0.0228617933968256,-0.0994382224490573,-0.18399147176860348,0.7956457696542716,-0.04404438783583667,-0.021784702420693986,-0.1574609643659643,0.007300035517495813
52.203213,-2.197382,120.67,5.11,2,244.26,22 / 22,13198510,2020-01-08 15:55:22:104,-1.1492,0.0341,9.7851,-0.0055,0.0079,9.8066,-0.008,-0.1826,0.0331,10.19,-32.69,14.44,102.7,-88.45,-115.74,1.1113277644095996,-0.2714599669014811,-0.0214118290252848,-0.6615122213522625,0.4444795852438648,0.022384572652505166,0.0037473947659648673,-0.1798319404141363,0.028040844033587205
52.203213,-2.197382,120.67,5.11,2,244.26,22 / 22,13198610,2020-01-08 15:55:22:204,-1.2448,0.3751,9.8973,-0.0142,-0.0057,9.8066,0.0479,-0.2224,0.0188,10.0,-32.5,14.31,102.91,-88.3,-115.71,1.1199481391064738,-0.6364734020009275,0.0907152923013044,-0.8990092981925831,0.4750271692249233,0.1539777860721029,0.03595957843802438,-0.22324392744991156,0.0240992034481793
52.203213,-2.197382,120.67,5.11,2,244.26,22 / 22,13198709,2020-01-08 15:55:22:303,-2.0101,-0.5464,9.8573,-0.0087,0.0071,9.8066,-0.0269,-0.2968,0.0398,9.25,-33.19,13.81,98.3,-88.11,-118.14,2.0735894724745654,0.1102790352550262,0.0509895482022787,-0.3582856289846079,1.244536382303167,0.06902742243724704,-0.017340452667228362,-0.2978103579652145,0.03532018374579585
52.203213,-2.197382,120.67,5.11,2,244.26,22 / 22,13198810,2020-01-08 15:55:22:404,-1.7463,0.4779,9.5269,-0.0124,0.0194,9.8066,-0.0335,-0.3622,0.055,9.56,-33.56,12.56,110.5,-87.9,-111.13,1.594823275860497,-0.8204828390974696,-0.2796608294347785,-1.1825104374454674,0.8021631465065685,-0.1984800828802697,-0.038321574462068714,-0.3602004875861108,0.05805206349538479
52.203213,-2.197382,120.67,5.11,2,244.26,22 / 22,13198909,2020-01-08 15:55:22:503,-2.8912,-0.3809,9.7108,-0.0183,0.0109,9.8066,0.0128,-0.3542,0.0464,9.75,-34.37,10.5,118.66,-87.56,-108.5,2.889967729939395,-0.2349686936073867,-0.0954752477523596,-0.7744347708707273,1.1713184594410475,-0.11115177173831384,0.011476970026359865,-0.3559165953546668,0.04489569954920719
52.203213,-2.197382,120.67,5.11,2,244.26,22 / 22,13199009,2020-01-08 15:55:22:603,-3.8926,-1.283,9.8888,-0.0247,0.0037,9.8066,0.032,-0.3582,0.0033,10.25,-34.06,10.06,120.54,-87.43,-109.77,4.054068282809519,0.4250614564924512,0.0828085534373628,-0.028118678900295638,1.0705477601952669,0.18953017290317617,0.039657444832024366,-0.35788776941770417,0.0035245978543663042
52.203213,-2.197382,120.67,5.11,2,244.26,22 / 22,13199110,2020-01-08 15:55:22:704,-2.6926,-1.162,9.8299,0.0012,-0.0165,9.8066,0.0067,-0.3815,-0.0223,10.06,-34.12,9.63,116.98,-87.3,-113.79,2.877073422569464,0.5395874421203897,0.0237801061899439,-0.069150350141712,1.1023169468639342,-0.029509492320792745,-0.006204206973226019,-0.379781075195888,-0.021801202344923283
52.203213,-2.197382,120.67,5.11,2,244.26,22 / 22,13199211,2020-01-08 15:55:22:805,-2.448,-1.5716,9.3968,0.0233,-0.0043,9.8066,-0.0648,-0.3426,-0.0295,10.31,-34.81,8.63,120.04,-87.58,-113.41,2.7505119566975296,0.9994464302073696,-0.409242995309232,0.46959533327487346,0.9571229486673629,-0.2749903822821641,-0.04896466789130506,-0.3465367128447865,-0.030049166067121567
52.203213,-2.197382,120.67,5.11,2,244.26,23 / 24,13199310,2020-01-08 15:55:22:904,-0.6756,-1.262,9.7294,0.0107,-0.011,9.8066,-0.0082,-0.2834,-0.0614,10.88,-33.44,7.38,131.62,-87.92,-109.84,0.939207292619534,1.0742209008661492,-0.0768612232052265,0.3941771253986479,-0.03498901734822224,-0.1648933681375341,-0.023854877295397845,-0.27729590988881125,-0.06125052233079674
52.203213,-2.197382,120.67,5.11,2,244.26,23 / 24,13199409,2020-01-08 15:55:23:003,-0.3324,-1.247,9.5979,0.005,-0.0057,9.8066,-0.013,-0.2065,-0.0559,11.19,-33.87,6.81,132.44,-87.97,-108.97,0.5963970081088572,1.139782206105302,-0.2083921096503789,0.549294216760913,-0.5267486660700055,-0.05226823733757838,-0.0005951672442546541,-0.21453711295119277,-0.055767506127886196
52.203213,-2.197382,120.67,5.11,2,244.26,23 / 24,13199510,2020-01-08 15:55:23:104,0.2542,-0.5941,10.0584,-0.0004,-0.0056,9.8066,0.012,-0.1748,0.0046,10.75,-33.62,6.0,137.43,-87.95,-107.7,-0.1221613524070556,0.6294232834762579,0.2519118579901429,-0.12150210313203456,-1.1865709726551779,0.13987042929740956,0.004994349227969952,-0.16535937055206995,0.004889649242788346
52.203213,-2.197382,120.67,5.11,2,244.26,23 / 24,13199609,2020-01-08 15:55:23:203,-0.7248,-0.3057,9.9586,-0.0067,-0.0107,9.8066,-0.0137,-0.1328,0.0086,10.75,-33.94,5.81,133.61,-87.96,-111.78,0.764709731759191,0.133691530285665,0.1521256417658224,-0.5069241604277761,-0.40406724348980205,0.31676100371968474,-0.012676284050315331,-0.1426615161895487,0.006963752225490673
52.203213,-2.197382,120.67,5.11,2,244.26,23 / 24,13199710,2020-01-08 15:55:23:304,-0.2983,-0.5395,10.0675,0.0066,-0.0018,9.8066,-0.0159,-0.1228,-0.0389,11.5,-34.0,5.88,133.73,-87.95,-113.44,0.4133338569872199,0.4595258423246948,0.2610464190596161,-0.3527052109591145,-0.7514451017991914,0.1424890265562896,-0.012244219453852796,-0.11404951106706858,-0.035109449022918
52.203213,-2.197382,120.67,5.11,2,244.26,23 / 24,13199810,2020-01-08 15:55:23:404,-0.522,-0.5139,9.8387,0.0099,-0.0065,9.8066,0.0049,-0.0675,-0.0209,11.69,-34.44,5.13,138.0,-88.1,-112.7,0.6285415302616543,0.381179392570476,0.0322582612045499,-0.3101148891695722,-0.5598086241941274,0.18660414219257498,-0.00041098160489410913,-0.07316796664130483,-0.027591663107273644
52.203213,-2.197382,120.67,5.11,2,244.26,23 / 24,13199910,2020-01-08 15:55:23:504,-0.5818,-1.0912,10.004,0.004,-0.0154,9.8066,-0.0182,-0.0448,-0.0471,11.63,-33.62,5.63,131.28,-88.28,-115.42,0.8033566851481355,0.9246677021471648,0.1976909634598439,0.07305646553074122,-0.4599264941095689,0.09345456816905853,-0.01520299404913439,-0.04423146240062392,-0.03659638873187143
52.203213,-2.197382,120.67,5.11,2,244.26,23 / 24,13200010,2020-01-08 15:55:23:604,0.078,-1.5019,9.6099,0.0153,-0.0141,9.8065,0.0168,-0.0028,-0.0493,11.63,-33.62,5.56,131.29,-88.5,-114.99,0.2586442355158021,1.466531000104548,-0.1962693943711072,0.712353941506138,-0.9374756547483796,-0.0719694670835963,0.019792229683370296,0.003220211663149187,-0.06453996223370129
52.203213,-2.197382,120.67,5.11,2,244.26,23 / 24,13200109,2020-01-08 15:55:23:703,-0.4196,-2.3985,9.9987,-0.0089,-0.0158,9.8066,0.0456,0.0743,-0.0397,11.25,-33.44,5.63,124.06,-88.75,-120.06,0.9133138897615726,2.238653976074284,0.1926714928975905,1.379433628173341,-0.43311892329591445,0.12150814240111844,0.034459222127121686,0.06127133686564032,-0.019538595294909304
52.203213,-2.197382,120.67,5.11,2,244.26,23 / 24,13200209,2020-01-08 15:55:23:803,-0.1685,-1.5871,9.3869,-0.012,-0.0215,9.8066,-0.0042,0.0887,0.027,11.75,-33.75,6.19,115.16,-88.84,-130.92,0.4894733005726454,1.4954326308182615,-0.4193337986741495,0.6596013311938832,-0.713930578327082,-0.33969438773371285,0.015073270000803184,0.10771396312760387,0.0034598582204215483
52.203213,-2.197382,120.67,5.11,2,244.26,23 / 23,13200310,2020-01-08 15:55:23:904,-1.7993,-1.6023,9.609,-0.0051,0.002,9.8066,0.0389,0.1472,-0.0072,11.63,-33.37,6.56,109.03,-88.81,-133.39,2.097171224225538,1.1811037802813404,-0.1970903510714936,0.3484647783177207,0.6891882502853656,-0.22488227102182864,0.013554594187404269,0.12486498481345092,0.015900113280704342
52.203213,-2.197382,120.67,5.11,2,244.26,23 / 23,13200410,2020-01-08 15:55:24:004,-0.0737,-0.9323,9.68,-0.0037,-0.0035,9.8066,-0.0115,0.1465,0.0209,11.81,-33.81,5.88,106.67,-88.73,-139.86,0.2680564556832954,0.8920592252546404,-0.1263846319953508,-0.042145814096841955,-0.9433387763082484,-0.09480991967387345,0.016569528549671208,0.1678857213104204,0.003942812040638744
52.203213,-2.197382,120.67,5.11,2,244.26,23 / 23,13200510,2020-01-08 15:55:24:104,0.2293,-1.347,9.7874,-0.0051,-0.0228,9.8066,0.06,0.2216,-0.0768,11.5,-33.62,6.88,94.58,-88.81,-148.07,0.0557647899385361,1.3436331139849218,-0.0189204441357344,0.5650609775545508,-1.3973007941262554,-0.006611739402945963,0.03271641457553366,0.20650514674080905,-0.07208635199948947
52.203213,-2.197382,120.67,5.11,2,244.26,23 / 23,13200609,2020-01-08 15:55:24:203,-1.1195,-3.2063,9.8646,-0.0028,-0.0172,9.8066,-0.05,0.1896,-0.0375,12.0,-33.31,7.44,74.95,-88.7,-167.77,1.7761861048217684,2.874447046263674,0.0588115572325079,1.8354889719716927,0.5651252812681336,0.0536280432623087,-0.02592187538736756,0.19329249866813303,-0.025755572781778757
52.203213,-2.197382,120.67,5.11,2,244.26,23 / 23,13200710,2020-01-08 15:55:24:304,-0.6479,-1.8629,9.5727,0.0139,0.0061,9.8066,-0.0477,0.2384,0.0012,11.75,-33.19,8.31,63.12,-88.83,-175.57,1.0481603117057687,1.6830694447047991,-0.2334237675686553,0.9724558713942533,-0.44586788841235636,-0.19921710475317891,-0.06815960517369898,0.2490613183712032,-0.027231883798218216
52.203213,-2.197382,120.67,5.11,2,244.26,23 / 23,13200809,2020-01-08 15:55:24:403,-0.6484,-2.3472,10.1734,0.009,0.0133,9.8066,-0.0311,0.2657,-0.121,11.13,-33.19,9.38,60.83,-89.04,-171.83,1.1494503055982637,2.163901154114102,0.3673867719226122,1.028774015687067,-0.04134167584276263,0.3504073060809842,-0.012632908870171936,0.24173828894600685,-0.08024969249338151
52.203213,-2.197382,120.67,5.11,2,244.26,23 / 23,13200910,2020-01-08 15:55:24:504,-1.0613,-2.3836,9.6611,0.0024,-0.0027,9.8066,0.0365,0.2248,0.0668,11.5,-32.56,9.81,57.91,-89.07,-173.95,1.550701724146741,2.096580094597316,-0.1448751865111308,1.4517112083529657,0.009850529926971885,-0.11846790505661234,0.017203910201642147,0.2562924914099301,0.021261759754261363
52.203213,-2.197382,120.67,5.11,2,244.26,23 / 23,13201010,2020-01-08 15:55:24:604,-0.0301,-2.309,9.4202,-0.0051,-0.0022,9.8066,-0.0195,0.3622,-0.0308,11.56,-31.87,11.19,51.97,-89.05,-176.99,0.5203897505908992,2.247565211547156,-0.3858773475120436,1.0401503492968134,-0.6254875089166817,-0.38149700859238567,0.0035171224981997433,0.33237860604108693,0.011468210384226261
52.203213,-2.197382,120.67,5.11,2,244.26,23 / 23,13201110,2020-01-08 15:55:24:704,-0.3608,-1.5963,10.1321,0.0202,-0.021,9.8066,-0.0063,0.2077,-0.0892,12.94,-31.19,11.56,42.63,-89.11,174.28,0.7107132754001088,1.4564909027693749,0.3258868366781655,0.8601447407422639,-0.8829153297160595,0.3101986730093823,-0.0350409293002494,0.2265241797359905,-0.12178783893166327
52.203213,-2.197382,120.67,5.11,2,244.26,23 / 23,13201209,2020-01-08 15:55:24:803,-0.1297,-2.5922,10.2924,0.004,0.0118,9.8066,-0.0758,0.2366,-0.1047,13.56,-32.12,11.75,27.86,-89.1,157.73,0.6903288697373732,2.5142704200390624,0.4863986395167244,1.2714067492677978,-0.3924788079124111,0.5458726323138954,-0.04093215380045756,0.2341383242183263,-0.08563239987702256
52.203213,-2.197382,120.67,5.11,2,244.26,23 / 25,13201310,2020-01-08 15:55:24:904,-0.7269,-3.3327,10.4407,-0.0055,0.0212,9.8066,0.0044,0.2301,0.1631,13.63,-31.25,11.38,20.83,-89.14,148.45,1.4254842501239608,3.120259930589368,0.6349162135329075,2.5432199282467174,-0.2163757987347688,0.5459252878199119,-0.03507808319693741,0.21754589109482725,0.15843275013888325
52.203213,-2.197382,120.67,5.11,2,244.26,23 / 25,13201410,2020-01-08 15:55:25:004,0.0067,-2.0037,9.1826,-0.0181,0.0003,9.8066,-0.0829,0.0577,0.2388,13.75,-31.81,11.63,15.51,-88.99,145.64,0.4066877288446785,1.9625997589432091,-0.6235497713921587,0.7301839160376248,-0.6099763152097066,-0.48193442670916065,-0.04195177792389705,0.07749236216399649,0.23146862404691546
52.203213,-2.197382,120.67,5.11,2,244.26,23 / 25,13201510,2020-01-08 15:55:25:104,-1.2773,0.25,9.2609,-0.0229,0.0381,9.8065,0.022,0.1525,0.0462,13.56,-31.87,11.81,18.35,-88.95,148.38,1.1795843844839575,-0.4765103175609591,-0.545544615168692,-1.0707369915322382,-0.49003960053990625,-0.7293660571499818,-0.016569950118956005,0.1362601479552392,0.06063479916351176
52.203213,-2.197382,120.67,5.11,2,244.26,23 / 25,13201610,2020-01-08 15:55:25:204,-0.3358,-1.0362,9.7323,-0.0124,0.0055,9.8066,-0.0654,0.0689,0.0919,12.44,-32.75,11.94,27.85,-88.98,161.92,0.5397962863604399,0.947831861631776,-0.0740383097262481,-0.2252113516253771,-0.424501340265532,0.1642704573319137,-0.032538380854585075,0.0726333075793526,0.07523097406245773
52.203213,-2.197382,120.67,5.11,2,244.26,23 / 25,13201709,2020-01-08 15:55:25:303,-1.4788,-0.5584,9.8197,-0.0106,0.0074,9.8066,0.0175,0.0157,0.0818,12.56,-33.0,12.81,21.47,-88.86,155.72,1.5555061042840443,0.2369284028366603,0.0133484629955957,-0.41099022025967413,-0.10751997428125548,-0.27214154638554816,-0.007835873414714952,0.02786276071498733,0.09857609906466767
52.203213,-2.197382,120.67,5.11,2,244.26,23 / 25,13201810,2020-01-08 15:55:25:404,0.5125,-2.4551,9.4275,-0.0377,0.0072,9.8065,0.08,0.1858,0.0456,12.63,-32.19,12.81,26.29,-88.74,160.31,-0.007931682584102,2.523086415864204,-0.3784895725022164,1.4528883200311777,-0.9451485748207742,-0.04551581923235527,0.09771225261348584,0.16069681483783152,0.027292543136748053
52.203213,-2.197382,120.67,5.11,2,244.26,23 / 25,13201909,2020-01-08 15:55:25:503,-0.2417,-1.8041,9.7827,-0.041,-0.0115,9.8065,0.156,0.1003,0.0778,11.69,-33.19,13.75,26.96,-88.54,165.17,0.5813900975063019,1.7075422891981515,-0.0233789461171656,0.9782199629241363,-1.0346707204039673,-0.3997643186426036,0.14494078220997875,0.13112538449434818,0.10103537942477307
52.203213,-2.197382,120.67,5.11,2,244.26,23 / 25,13202010,2020-01-08 15:55:25:604,-0.2482,-0.2011,8.2991,-0.0411,-0.0281,9.8065,0.1502,0.1173,0.1164,11.81,-33.62,14.13,33.56,-88.42,171.34,0.239643933286156,0.1247372731515016,-1.507343878458353,-0.8127384104291843,-0.6980404820929202,-1.0996636781175837,0.15569844778636333,0.08905820959079674,0.08555691475911958
52.203213,-2.197382,120.67,5.11,2,244.26,23 / 25,13202110,2020-01-08 15:55:25:704,-1.4979,-1.1935,10.531,-0.0286,-0.0134,9.8065,0.1234,0.0976,-0.0694,11.88,-33.06,14.63,43.61,-88.41,-176.95,1.688553235679888,0.8364839024245408,0.7248871645018918,0.012875667754950748,0.15646707850980557,0.285410560212712,0.12286683288917408,0.11631232302503064,-0.031004600317025656
52.203213,-2.197382,120.67,5.11,2,244.26,23 / 25,13202212,2020-01-08 15:55:25:806,-1.2418,-0.7473,9.4926,-0.0149,-0.016,9.8066,0.0391,0.0937,-0.0162,11.75,-33.37,14.94,53.02,-88.38,-167.87,1.355470232800054,0.45050050772282,-0.3137340283336337,-0.3410107714901025,0.3957052271574534,0.1334761654024772,0.034728693239751696,0.08887766411526984,-0.058853118718847054
52.203213,-2.197382,120.67,5.11,2,244.26,21 / 22,13202311,2020-01-08 15:55:25:905,-0.713,-0.8542,10.0073,0.0096,0.0069,9.8066,-0.0158,0.0542,-0.0197,11.44,-33.06,14.88,54.91,-88.37,-163.72,0.8908005382059151,0.6855774541419969,0.2009537645933277,-0.23074040545638008,-0.529714491466604,-0.26141788414487505,-0.006482162908273882,0.04395451293850086,0.021273814901150996
52.203213,-2.197382,120.67,5.11,2,244.26,21 / 22,13202410,2020-01-08 15:55:26:004,-0.8814,0.6075,9.6877,-0.0003,0.0078,9.8066,0.0273,0.0606,0.0837,11.63,-32.44,15.31,59.46,-88.47,-161.41,0.7315873465182277,-0.7750756764336363,-0.1189628522495981,-1.420914208471408,-0.2626482210565262,0.3234115144962203,0.013415070856268375,0.0833937316170589,0.05171778890630842
52.203213,-2.197382,120.67,5.11,2,244.26,21 / 22,13202510,2020-01-08 15:55:26:104,-0.4905,-1.5823,10.7395,-0.0112,-0.0092,9.8066,0.0338,0.058,-0.1051,11.38,-33.5,14.63,62.51,-88.56,-156.01,0.8061635565108849,1.4330863115098995,0.933294409024651,0.43563433277929214,-0.4850711257906909,0.4940306684749815,0.05110784312953573,0.02901518795878829,-0.08860071039512045
52.203213,-2.197382,120.67,5.11,2,244.26,21 / 22,13202610,2020-01-08 15:55:26:204,-1.3358,-1.2433,9.8245,-0.0053,-0.0029,9.8066,0.0676,-0.0989,-0.0394,11.0,-32.56,14.56,73.29,-88.4,-145.69,1.5660532795089783,0.9253569281627668,0.0182893750670126,0.41519890111096636,0.5323236894841551,0.4086222029227531,0.04895512508297198,-0.07268501635630814,-0.037597135746798536
52.203213,-2.197382,120.67,5.11,2,244.26,21 / 22,13202711,2020-01-08 15:55:26:305,-1.2186,-0.1353,10.3824,-0.0377,0.007,9.8065,0.0242,0.0083,0.1458,10.75,-33.44,15.0,81.2,-88.2,-138.22,1.1838057242640734,-0.1150183981609003,0.5760292399558489,-1.1733025029431374,0.03286184318692542,0.20620887389260642,0.04121784433990502,-0.006848494524048045,0.12844395184977758
52.203213,-2.197382,120.67,5.11,2,244.26,21 / 22,13202809,2020-01-08 15:55:26:403,-0.6401,-0.7222,9.7173,-0.0218,-0.0016,9.8065,0.0667,-0.1638,0.1037,10.5,-33.25,14.69,83.96,-87.84,-136.11,0.758771458507118,0.570844255512683,-0.0889865141645153,0.17399017890462126,-0.3153547709133364,0.2035949307382436,0.054605393522786046,-0.16289114103232968,0.12871042834118657
52.203213,-2.197382,120.67,5.11,2,244.26,21 / 22,13202909,2020-01-08 15:55:26:503,-3.2689,0.6777,9.8331,-0.0301,-0.0077,9.8065,0.0347,-0.2798,0.121,9.94,-33.12,14.88,83.98,-87.3,-134.64,3.015715845717472,-1.3656685469673062,0.0267117523340638,-2.448813294545895,0.9956779684494912,-0.23020483732314306,0.03930743419347468,-0.2716750521072412,0.0991068214564799
52.203213,-2.197382,120.67,5.11,2,244.26,21 / 22,13203010,2020-01-08 15:55:26:604,-1.0087,-0.4559,9.6072,-0.0482,-0.0023,9.8065,0.0522,-0.167,0.0535,10.31,-33.44,14.75,84.05,-86.96,-135.19,1.0355835319204711,0.2365422271318483,-0.1991186159017465,-0.09170152105639462,-0.07557540640509175,-0.046097470998072654,0.05562936155432288,-0.17090885946210205,0.061411487720235754
52.203213,-2.197382,120.67,5.11,2,244.26,21 / 22,13203111,2020-01-08 15:55:26:705,-1.7555,0.2323,9.6595,-0.0105,0.0068,9.8066,0.0028,-0.1875,0.0572,9.81,-33.25,14.19,83.42,-86.81,-138.23,1.6557378596455268,-0.5953441380231052,-0.1470073381092783,-1.6415484625063186,0.7970822672554325,-0.2524854610721674,-0.006251175818937915,-0.20474548247224553,0.07174375865166478
52.203213,-2.197382,120.67,5.11,2,244.26,21 / 22,13203210,2020-01-08 15:55:26:804,-2.5519,1.1608,9.49,-0.0133,-0.0047,9.8066,-0.1224,-0.1042,0.0805,10.38,-32.81,13.44,86.85,-86.74,-137.31,2.228718713702193,-1.68394144587883,-0.3166541836849029,-2.0168840604015306,0.8640319017417714,-0.3388233415265452,-0.1130267889588326,-0.0517007177828569,0.039217619689351946
52.203125,-2.197779,120.92,6.39,2,252.18,22 / 22,13203310,2020-01-08 15:55:26:904,-1.5686,-0.8681,10.0728,0.0271,0.0343,9.8065,-0.1237,0.0495,-0.1044,9.69,-33.19,13.81,90.75,-86.55,-131.43,1.7523557555638984,0.538196128622951,0.2666349059619673,-0.38524110150826757,1.0257319159330627,0.34319581791432274,-0.12673445191602922,-0.04374644555037402,-0.036908262203473555
52.203125,-2.197779,120.92,6.39,2,252.18,22 / 22,13203410,2020-01-08 15:55:27:004,-3.5611,3.1665,9.8337,0.0289,0.013,9.8065,-0.1885,-0.3477,0.1184,10.19,-33.12,12.56,95.53,-86.39,-129.29,2.8281024754214106,-3.851560867265174,0.0267836567113689,-4.2776506570144255,1.6930736248458256,-0.19588426848509727,-0.19727495577085086,-0.2191599341721442,0.029320993341140644
52.203125,-2.197779,120.92,6.39,2,252.18,22 / 22,13203510,2020-01-08 15:55:27:104,-0.2528,0.8135,8.7006,-0.0081,0.0489,9.8065,-0.1588,-0.0662,0.0054,10.0,-33.56,12.0,101.03,-86.3,-126.69,0.0747442539818692,-0.7991041668168753,-1.106052388936709,-1.516353764819098,-0.5486497252715832,-0.8301599365217508,-0.13631509303199424,-0.21570771009321452,0.10870933137638766
52.203125,-2.197779,120.92,6.39,2,252.18,22 / 22,13203610,2020-01-08 15:55:27:204,-1.5632,0.9292,9.8988,0.0435,0.0098,9.8065,0.0545,-0.5441,0.1937,10.31,-32.62,10.31,110.85,-86.16,-122.51,1.37146356942589,-1.2433353632829554,0.0922246829630686,-1.8281068367690871,0.2761067976642422,-0.33948920177547226,0.020785542903219004,-0.39177819044117645,0.08523286063589094
52.203125,-2.197779,120.92,6.39,2,252.18,22 / 22,13203709,2020-01-08 15:55:27:303,-1.1042,0.0939,9.0879,-0.038,-0.0009,9.8065,-0.0198,-0.3139,-0.0607,11.75,-33.0,10.19,113.54,-86.02,-124.34,1.0209818383080809,-0.3216533809139507,-0.7185336654546374,-0.7967269968388048,0.46048335041732297,-0.24633409082039417,0.019707715942514012,-0.4521338002143375,0.04265070583580042
52.203125,-2.197779,120.92,6.39,2,252.18,22 / 22,13203810,2020-01-08 15:55:27:404,-1.0166,1.3213,9.9525,-0.0022,-0.0251,9.8065,0.1,-0.37,0.0823,12.31,-32.75,9.25,112.6,-85.89,-128.85,0.7012079730883118,-1.5330270735387037,0.1457795948503759,-2.273882483134445,-0.30870098896131026,-0.47984782156276645,0.06021664269187984,-0.2589631227338751,-0.005003422458450236
52.203125,-2.197779,120.92,6.39,2,252.18,22 / 22,13203911,2020-01-08 15:55:27:505,-1.5565,0.712,9.8129,-0.002,-0.03,9.8065,-0.0087,-0.2089,-0.1197,13.19,-32.12,10.88,100.96,-85.96,-136.26,1.3586333161766957,-1.058843835112924,0.0063604259346181,-1.3402337763101386,0.8161952605699311,0.6455301342485267,0.028388756086019325,-0.2830052317989349,-0.059073861232669514
52.203125,-2.197779,120.92,6.39,2,252.18,22 / 22,13204009,2020-01-08 15:55:27:603,-0.5893,-1.72,10.5821,0.0281,-0.0337,9.8065,-0.0616,-0.3333,-0.0161,13.31,-32.69,10.56,95.29,-86.16,-141.91,0.9653908790474516,1.5139820509710236,0.7760313202375043,0.7088327848293046,0.08691068140869493,-0.0005140915107214594,-0.09657201615199719,-0.30380651193299596,-0.04104138437915851
52.203125,-2.197779,120.92,6.39,2,252.18,22 / 22,13204110,2020-01-08 15:55:27:704,-0.4719,-2.0449,9.0675,0.0219,0.0048,9.8066,-0.1629,-0.2028,0.0452,12.81,-32.94,10.56,86.81,-86.35,-150.04,0.9230012136037024,1.895763929397086,-0.7385967937129245,1.6765843702786782,0.3551690134460428,0.010535730671469956,-0.126888850334958,-0.1822745592953799,0.02843484881765876
52.203125,-2.197779,120.92,6.39,2,252.18,22 / 22,13204209,2020-01-08 15:55:27:803,-0.1208,-3.4693,10.5179,0.0352,0.0125,9.8065,-0.1504,-0.1301,-0.0028,12.75,-33.19,10.13,83.74,-86.79,-155.14,0.9007911110735576,3.3667054785825137,0.7121985640910528,2.6507396540260517,0.19516665668951466,-0.1468833070021291,-0.19099659845847342,-0.20151450558406495,0.057546794292651124
52.203125,-2.197779,120.92,6.39,2,252.18,22 / 23,13204310,2020-01-08 15:55:27:904,0.0608,0.9361,8.2959,0.057,0.0365,9.8064,-0.2091,-0.2625,0.118,13.56,-33.44,10.44,74.45,-86.92,-165.75,-0.1969158957839354,-0.8774420571220771,-1.5107032853545364,-1.1950880631950824,-0.8280449032303647,-0.72906659568227,-0.16209633898576453,-0.14668956714195036,0.01742673469281338
52.203125,-2.197779,120.92,6.39,2,252.18,22 / 23,13204410,2020-01-08 15:55:28:004,1.0321,-4.3967,11.6536,0.0245,0.0263,9.8065,0.0214,0.0605,-0.0733,13.56,-32.69,10.38,66.58,-87.19,-172.86,-0.0334047801475585,4.535822863968518,1.8480152156743008,4.048263153439727,-0.5336215438991028,0.9877299264274008,-0.03117624859013133,-0.08446148676843128,0.05788646463958183
52.203125,-2.197779,120.92,6.39,2,252.18,22 / 23,13204510,2020-01-08 15:55:28:104,-0.6703,0.0435,9.0636,0.0035,-0.0383,9.8065,-0.0865,-0.1628,0.094,13.13,-32.81,10.94,54.9,-86.64,179.74,0.6405550054242434,-0.2245927926849842,-0.7428630105880276,-0.7401692019248913,-0.08098506814899557,-0.009172401877579284,-0.03129667765881149,-0.011303799586035015,-0.051750404353695156
52.203125,-2.197779,120.92,6.39,2,252.18,22 / 23,13204610,2020-01-08 15:55:28:204,-1.7467,-0.8583,10.9318,-0.009,0.0169,9.8065,0.035,0.4516,-0.379,12.81,-32.56,11.81,52.78,-86.23,179.81,1.885077212860892,0.4809303039953753,1.1256404240482518,0.2533592483822663,1.607529754029641,0.3370362607934576,-0.018921115507424355,0.3191972832358266,-0.23903651352244484
52.203125,-2.197779,120.92,6.39,2,252.18,22 / 23,13204710,2020-01-08 15:55:28:304,-3.2492,-2.4471,10.822,0.0192,-0.0382,9.8065,0.0225,0.296,0.1479,12.81,-33.12,11.56,53.28,-85.6,179.31,3.7097205286696857,1.6497153084986051,1.016312461830542,0.9810011922478497,1.179205957600359,1.6420594049758876,0.07075160605333142,0.3866168004579836,0.033315117057819366
52.203125,-2.197779,120.92,6.39,2,252.18,22 / 23,13204810,2020-01-08 15:55:28:404,0.7852,-0.1055,11.2242,0.0137,0.0325,9.8065,0.0494,0.3246,0.0213,12.81,-31.37,12.63,48.15,-85.45,177.33,-0.7239754108617308,0.3003458264284134,1.4176676370061572,0.19803985124045043,-0.784744391635113,0.742164178933462,0.012145755188689104,0.29081045664775396,0.0975056704679673
52.203125,-2.197779,120.92,6.39,2,252.18,22 / 23,13204910,2020-01-08 15:55:28:504,0.0334,-3.4839,8.7976,0.0101,-0.0003,9.8066,-0.0718,0.2683,-0.0517,12.25,-31.56,12.31,53.02,-85.19,-179.35,0.7262922248202506,3.4073587273251165,-1.0082157296367769,2.797176060101942,-0.17685075921072202,-0.5099424895567821,-0.05219845166875467,0.23911948963832072,-0.08559727840508813
52.203125,-2.197779,120.92,6.39,2,252.18,22 / 23,13205010,2020-01-08 15:55:28:604,1.3137,1.8667,9.7454,0.0145,0.0458,9.8065,-0.0087,-0.0732,0.1425,10.94,-31.37,12.0,54.5,-85.33,-175.38,-1.660277650013419,-1.499003679530654,-0.0616178027803618,-1.7558224895389423,-1.5394998540800238,-0.6288063142235039,-0.0035907394254565163,0.01839737929359378,0.13627602726942128
52.203125,-2.197779,120.92,6.39,2,252.18,22 / 23,13205110,2020-01-08 15:55:28:704,1.9101,-1.6839,9.2072,-0.044,0.0112,9.8065,0.0057,0.3379,-0.0623,11.06,-31.31,13.94,51.2,-85.01,-173.86,-1.543912303196986,2.075685773743327,-0.5990781908203147,1.8359350834977424,-2.4823657211864663,-0.1995286511935898,-0.029215247057552664,0.18750677292622395,-0.01844220162146988
52.203125,-2.197779,120.92,6.39,2,252.18,22 / 23,13205210,2020-01-08 15:55:28:804,-0.8056,0.8633,11.4032,0.0576,-0.0185,9.8064,-0.1121,0.1743,-0.2082,10.69,-31.44,13.88,49.57,-84.99,-175.36,0.6532378984741032,-1.0470790849551697,1.5966719631303676,-1.7759359964798096,0.8888795363011321,1.086888859332701,-0.04704470196571676,0.3784517503727567,-0.29016790613143073
52.203125,-2.197779,120.92,6.39,2,252.18,22 / 23,13205310,2020-01-08 15:55:28:904,-0.6918,-1.0842,10.6159,0.051,-0.0088,9.8065,-0.1166,0.173,-0.0113,11.25,-31.56,13.94,54.04,-84.79,-171.85,0.9565207983891044,0.8904005424644262,0.8097037706643873,1.2965904395765298,0.05955092014412078,1.1792975528746927,-0.20540216605951572,-0.07539333241550154,0.10941474428321814
52.203125,-2.197779,120.92,6.39,2,252.18,22 / 23,13205410,2020-01-08 15:55:29:004,1.2624,0.1135,8.9486,-0.0434,0.0052,9.8065,-0.4336,-0.3884,0.5098,11.06,-31.81,14.13,52.97,-84.46,-173.29,-1.2984394799776506,0.1751320349496137,-0.8580318334244793,-1.2309261871248958,-1.0425981370005104,-1.3913299351741815,-0.3340718015816429,-0.11589815844380422,0.3564956090340665
52.203125,-2.197779,120.92,6.39,2,252.18,22 / 23,13205510,2020-01-08 15:55:29:104,-3.4995,5.8397,8.5338,-0.0529,0.1645,9.8051,-0.021,0.2212,0.2189,11.63,-31.94,14.06,51.51,-84.18,-177.18,2.146098297890738,-6.283205572041489,-1.2722971843312552,-5.136663249084195,1.2438393685709404,-0.846861721760213,-0.1146173393664139,-0.041457960042953816,0.3860463213337789
52.203125,-2.197779,120.92,6.39,2,252.18,22 / 23,13205610,2020-01-08 15:55:29:204,-4.4505,3.3091,10.9794,0.0502,-0.017,9.8065,-0.1422,-0.616,0.3856,10.94,-32.31,14.56,49.74,-84.26,-174.23,3.6802543144718456,-4.216143036693545,1.1725195883020056,-6.271623884504077,2.1653782126506194,0.5330039720282518,-0.06978666513296648,-0.40630667294606876,0.23702856274810757
52.203125,-2.197779,120.92,6.39,2,252.18,22 / 23,13205709,2020-01-08 15:55:29:303,-1.2785,1.0277,9.8274,-0.0129,-0.0085,9.8066,-0.0788,-0.2215,0.1222,10.81,-32.0,15.63,49.68,-83.59,-173.1,1.0132384111293644,-1.284058839105416,0.0206702667445945,0.4363980772292628,0.5025350002904084,0.5735835227507291,-0.12010531127939739,-0.3377597746101161,0.21070685609402393
52.203125,-2.197779,120.92,6.39,2,252.18,22 / 23,13205810,2020-01-08 15:55:29:404,3.486,-8.8529,10.2665,-0.0772,0.0754,9.806,0.0067,-0.5499,0.63,11.06,-31.56,14.69,54.76,-83.2,-171.3,-1.5605037907226542,9.485471751439096,0.4622217560772943,7.068350433326855,-1.5897805213597982,-0.3365815078231834,0.01334099101043141,-0.5514294193073066,0.6413932590765214
52.203125,-2.197779,120.92,6.39,2,252.18,22 / 23,13205910,2020-01-08 15:55:29:504,-1.6774,2.7672,10.0762,-0.0621,0.0792,9.8061,-0.0514,-0.7355,0.209,11.56,-31.94,15.31,50.81,-83.14,-176.97,0.9996193055545476,-2.9724661520071365,0.2696262582437581,-1.0736939555234977,0.8177633456809479,0.9787869086280399,-0.024546666946545073,-0.6162756528276803,0.07450906168309593
52.203125,-2.197779,120.92,6.39,2,252.18,22 / 23,13206009,2020-01-08 15:55:29:603,0.5133,-7.5867,11.4823,0.022,0.0366,9.8065,-0.0943,0.182,-0.5651,12.06,-32.62,15.13,55.67,-83.44,-172.53,1.158857471958462,7.550330768105425,1.6774799169845798,5.230243110052164,0.8661466330631878,0.719153626426515,-0.1507105259019186,-0.031648759947212196,-0.3128469599749295
52.203125,-2.197779,120.92,6.39,2,252.18,22 / 23,13206110,2020-01-08 15:55:29:704,1.4692,-1.099,8.3101,0.0613,-0.0296,9.8064,-0.1567,-0.4779,0.6275,12.06,-32.5,15.19,59.02,-83.23,-169.56,-1.1448835122507943,1.3473738365453998,-1.496174437680719,2.937818797200338,-0.9643452212366106,-0.6601748997509465,-0.07667511376310676,-0.20645114566527462,0.29143244210893926
52.203125,-2.197779,120.92,6.39,2,252.18,22 / 23,13206210,2020-01-08 15:55:29:804,1.6679,-8.5444,11.2556,-0.0661,0.1137,9.8057,0.0513,0.8478,-0.3482,12.56,-33.06,14.44,63.87,-83.27,-169.7,0.1677090551067017,8.828140790387993,1.451711224012162,7.062996867242214,-0.3963298548053717,0.39216958331427726,-0.04454659583181672,-0.4796306484579993,0.021664620795217387
52.203125,-2.197779,120.92,6.39,2,252.18,23 / 23,13206310,2020-01-08 15:55:29:904,-0.0578,-0.4574,7.9689,0.0798,-0.0753,9.806,-0.2632,-0.189,-0.1384,11.81,-33.44,14.25,52.98,-83.54,-177.09,0.216764595010776,0.3439562197743139,-1.8370023977198224,1.233289061422566,0.7240687090654974,-0.9570377984167439,-0.15997291106401607,0.0863043917838941,-0.4923288007622192
52.203125,-2.197779,120.92,6.39,2,252.18,23 / 23,13206410,2020-01-08 15:55:30:004,-4.0206,6.4024,10.4225,0.0254,0.0316,9.8066,0.0542,0.7955,-0.8011,12.13,-33.75,14.38,58.27,-83.61,-172.59,2.581697024383901,-7.091784607652449,0.614795090213895,-8.020170957618841,1.2285655856289448,-0.44395265259059136,-0.049946655758960526,0.5646625925451493,-0.5012716973209457
52.203125,-2.197779,120.92,6.39,2,252.18,23 / 23,13206509,2020-01-08 15:55:30:103,-2.8939,2.7305,9.8598,0.0568,-0.0587,9.8063,-0.0835,0.273,0.0332,12.31,-33.44,14.5,57.88,-83.29,-170.79,2.282066025215211,-3.358345279473399,0.0531132789157771,-3.324665011257164,2.728574440490162,0.8642569224393535,0.01942413940159624,0.4371998954570581,-0.19058871486531404
52.203125,-2.197779,120.92,6.39,2,252.18,23 / 23,13206610,2020-01-08 15:55:30:204,-3.2144,3.0995,11.074,0.0184,0.0274,9.8065,0.0064,0.5467,-0.1795,12.31,-33.25,13.94,57.23,-83.35,-173.62,2.496594521634772,-3.695523414022621,1.2670726068200815,-3.7779050343905247,1.1467116431139952,0.32492968729305477,-0.09731738298632664,0.4607348425290796,-0.03743627801808872
52.203125,-2.197779,120.92,6.39,2,252.18,23 / 23,13206710,2020-01-08 15:55:30:304,3.5171,-4.4221,9.308,0.0472,-0.0388,9.8064,-0.1186,0.5382,-0.4118,12.81,-33.0,14.44,61.12,-83.29,-172.16,-2.4463629642346363,5.026881157367551,-0.4976962295659755,4.327573238608437,-1.2042136942400194,0.13529924691628892,-0.010983185246484166,0.5469953683039808,-0.4784714551600275
52.203125,-2.197779,120.92,6.39,2,252.18,23 / 23,13206810,2020-01-08 15:55:30:404,-1.5744,-1.9242,11.0993,0.0553,-0.0225,9.8064,0.088,0.1392,-0.3992,12.31,-34.0,14.25,59.21,-83.5,-171.94,2.0002617363252337,1.5066125428112644,1.2934631892856234,2.026953400409721,1.2206882243197044,0.5636523171269762,-0.023668687153201945,0.19627765744601394,-0.39667957477041027
52.203125,-2.197779,120.92,6.39,2,252.18,23 / 23,13206910,2020-01-08 15:55:30:504,2.4553,0.8067,8.7718,0.0235,-0.0175,9.8065,-0.1502,0.2599,0.0467,12.31,-33.56,14.13,60.21,-83.27,-171.43,-2.551995003545289,-0.2819209335413099,-1.0350860153200183,-1.386892765262761,-1.299970815132697,-0.6543811188827915,-0.03957756143653707,0.15296603362385286,0.09711109658836836
52.203125,-2.197779,120.92,6.39,2,252.18,23 / 23,13207010,2020-01-08 15:55:30:604,0.9094,2.6543,8.5509,0.0569,0.0493,9.8063,0.2547,0.1696,0.0366,12.88,-34.06,14.0,62.2,-83.49,-171.17,-1.3924374298533762,-2.360560692436625,-1.2560579728923522,-1.6205501226292418,-1.956437195743085,-1.7251736355019007,0.1544102034275416,0.3098330036523348,-0.054692023466872325
52.203125,-2.197779,120.92,6.39,2,252.18,23 / 23,13207110,2020-01-08 15:55:30:704,0.9076,-0.3985,8.0845,-0.0073,-0.0721,9.8063,0.0099,0.1536,-0.2889,12.31,-33.06,14.94,58.06,-83.4,-170.46,-0.8231148986644876,0.5158056705598892,-1.7218015518098515,-0.5999822233304983,-0.3446593983312272,-1.6113776913892202,0.09019439244376067,-0.0028750346195023646,-0.17341829091722377
52.203125,-2.197779,120.92,6.39,2,252.18,23 / 23,13207210,2020-01-08 15:55:30:804,-0.9299,2.5686,9.9385,-0.0123,-0.0369,9.8065,0.0373,-0.2314,0.0623,11.56,-33.62,14.44,59.87,-83.0,-172.19,0.3359871487373082,-2.741873025299922,0.1314874861575355,-2.1600195956513986,0.0716955177032455,-0.08909187904090575,-0.016976096027278547,-0.07839597280003383,-0.05503175956118307
52.203125,-2.197779,120.92,6.39,2,252.18,23 / 23,13207309,2020-01-08 15:55:30:903,0.9756,-0.41,10.5231,0.0369,0.0519,9.8064,-0.0269,0.3161,-0.2589,11.94,-33.06,14.88,57.27,-83.43,-171.13,-0.8175423117281982,0.652759655364748,0.7167269988372197,-0.14892383635236778,-0.6149025510003161,0.5993380320038053,0.000729822543733688,0.18868053960406234,-0.1635382251121154
52.203125,-2.197779,120.92,6.39,2,252.18,23 / 23,13207410,2020-01-08 15:55:31:004,1.4745,-1.8924,9.2818,0.0367,-0.0231,9.8065,-0.0637,0.0264,0.0484,11.75,-33.37,13.81,59.82,-83.36,-171.31,-1.002244070479572,2.134801313875414,-0.5243964087065678,2.3030645803981353,-0.9618008175358561,-0.5640742585100098,-0.06847535686158132,0.10848725087601657,-0.006896489929030289
52.203125,-2.197779,120.92,6.39,2,252.18,23 / 23,13207510,2020-01-08 15:55:31:104,-0.5646,0.5958,9.6836,0.0115,0.0029,9.8066,-0.0494,0.1944,0.0064,12.13,-33.06,13.81,56.88,-83.38,-173.89,0.4351813912118417,-0.702863794091252,-0.1230864074484907,-1.0228319414783247,0.38767021512610034,-0.3795613701233238,-0.06169436083164388,0.16829840263804335,0.015417911567832312
52.203125,-2.197779,120.92,6.39,2,252.18,23 / 23,13207609,2020-01-08 15:55:31:203,2.7398,-1.0808,8.9541,0.014,-0.0022,9.8066,-0.0705,0.2216,-0.2154,11.94,-33.31,14.0,55.58,-83.2,-175.33,-2.430072975607499,1.6395553301480652,-0.852480793100456,1.3131610353066536,-2.15265108397493,-0.8119838611811672,-0.04663484874123881,0.19436300699480918,-0.1853288087385203
52.203125,-2.197779,120.92,6.39,2,252.18,23 / 23,13207710,2020-01-08 15:55:31:304,1.5105,0.854,9.8091,0.0249,-0.0071,9.8066,-0.0083,-0.1639,0.0424,12.0,-33.19,13.81,56.17,-83.19,-174.83,-1.6359859631192928,-0.5215860245089712,0.00218346366281,-0.36450010400699195,-1.848253836146252,-0.2871825764564434,-0.03960946142825675,-0.09814628770055342,-0.010255006530060326
52.203125,-2.197779,120.92,6.39,2,252.18,23 / 23,13207810,2020-01-08 15:55:31:404,0.8907,-0.4748,9.4724,-0.0093,0.0083,9.8066,0.0162,0.0582,-0.031,12.63,-33.5,14.06,58.14,-83.23,-174.92,-0.7750541409587937,0.6653571066274306,-0.3341650030194656,-0.08190190646787743,-0.36983891835759664,-0.31458446901309467,0.05182990871675107,-0.024907496373846566,0.02554905918999264
52.203125,-2.197779,120.92,6.39,2,252.18,23 / 23,13207910,2020-01-08 15:55:31:504,-0.3217,1.1642,10.2687,0.0254,-0.0192,9.8065,0.0512,0.0651,-0.0564,12.31,-33.31,14.0,55.07,-83.26,-175.69,0.0845126452073109,-1.230443829031627,0.4619614771797019,-0.7253638351611571,-0.185930412008099,0.2296552068129492,0.014642237127150369,0.14506585739405742,-0.10213633321669117
52.203125,-2.197779,120.92,6.39,2,252.18,23 / 23,13208011,2020-01-08 15:55:31:605,1.7842,-1.3361,10.6138,0.0068,-0.0307,9.8066,-0.0344,0.1938,-0.1578,12.25,-33.25,13.69,56.35,-83.25,-174.57,-1.4553043729135775,1.6568251474369695,0.8073483591356846,0.6498263126502642,-1.0313548015689449,0.7361375857867395,-0.0014748484380314028,0.1319915159518006,-0.13052486513834413
52.203125,-2.197779,120.92,6.39,2,252.18,23 / 23,13208110,2020-01-08 15:55:31:704,-0.2877,0.245,11.1374,0.0187,-0.0217,9.8065,0.1792,0.0296,-0.1082,12.31,-33.12,12.88,58.08,-83.31,-175.49,0.2417279781831611,-0.3266047322463626,1.330864979416681,0.35023151184404466,0.0009333568483995136,1.202809551991721,0.15495171158602944,0.065716419150888,-0.11688138236193837
52.203125,-2.197779,120.92,6.39,2,252.18,23 / 23,13208210,2020-01-08 15:55:31:804,-0.2793,-1.2396,10.5461,-0.0237,-0.0572,9.8064,0.1323,0.0444,-0.0999,12.88,-32.75,14.06,57.12,-83.12,-176.01,0.5037249381887138,1.0996528500806766,0.7399878417624312,0.004329809039236562,0.872095527906706,0.5583355161535897,0.1444556724615545,0.03381234715465619,-0.10348056130607867
52.203125,-2.197779,120.92,6.39,2,252.18,23 / 23,13208310,2020-01-08 15:55:31:904,-0.0398,-0.2061,8.8263,-0.0251,-0.0404,9.8064,0.0458,0.0535,-0.0887,13.5,-33.0,13.38,61.81,-83.08,-176.11,0.0501053773139408,0.1588639529416334,-0.980061368292816,0.8522531695323596,-0.11799100984016675,-1.0092609123872287,0.04563307585929014,0.04534182427749746,-0.0834469837177928
52.203125,-2.197779,120.92,6.39,2,252.18,23 / 23,13208410,2020-01-08 15:55:32:004,0.4309,-0.4484,10.6868,0.0192,0.0033,9.8065,0.0304,-0.0388,0.0768,13.31,-32.31,13.06,59.6,-83.15,-175.95,-0.3050787425779778,0.5294685424101766,0.8803680443002706,-0.5253410144343045,-0.01625301152012669,0.6187501925568688,0.02241050571236728,-0.02294559698843674,0.0814163803232816
52.203125,-2.197779,120.92,6.39,2,252.18,23 / 23,13208510,2020-01-08 15:55:32:104,1.4937,-0.4255,10.1135,-0.0311,0.0195,9.8065,-0.0435,-0.0519,0.1574,12.44,-32.69,12.88,58.33,-83.17,-175.51,-1.393518330579703,0.7623398599933426,0.3069749830257956,1.3717818952878853,-1.4948287174185515,0.3283387939699653,-0.03347060431669829,-0.06327112083824253,0.13410772729685771
52.203125,-2.197779,120.92,6.39,2,252.18,23 / 23,13208610,2020-01-08 15:55:32:204,0.9958,1.1242,9.8015,-0.0018,0.0219,9.8065,-0.0056,-0.0486,0.0384,12.63,-32.37,13.19,60.19,-83.26,-175.25,-1.2112496808505908,-0.8620567515806378,-0.00533082484991,-1.8037446832281003,-0.9821819465642306,-0.2842290614564579,-0.011367456649603806,-0.051899317091514546,0.08376690994219657
52.203125,-2.197779,120.92,6.39,2,252.18,23 / 23,13208709,2020-01-08 15:55:32:303,-0.6174,0.1102,9.6249,-0.0301,-0.0136,9.8066,0.051,0.0503,0.088,12.56,-32.69,13.25,62.26,-83.15,-173.9,0.5469759506791029,-0.2471283973652511,-0.1816796207458993,0.2282480867982033,0.47351425286284654,-0.1770741994251632,0.04775799233471344,0.07387226961356959,0.023231671229272742
52.203125,-2.197779,120.92,6.39,2,252.18,23 / 23,13208810,2020-01-08 15:55:32:404,-0.4158,-2.2474,10.1717,0.0003,-0.0105,9.8066,0.0246,0.1567,-0.1742,12.06,-32.5,13.19,60.24,-83.21,-173.39,0.8872207018812194,2.095067148502339,0.3656390288517838,1.3006146808165677,1.0974976123823805,0.1373374030162782,0.03920362175242999,0.11339874878905098,-0.09748332819386693
52.203125,-2.197779,120.92,6.39,2,252.18,23 / 23,13208910,2020-01-08 15:55:32:504,0.1313,0.2394,9.5642,0.0155,-0.0372,9.8065,0.0599,-0.016,-0.0086,11.63,-32.75,14.25,56.4,-83.34,-174.39,-0.1725256045184375,-0.245188189569026,-0.2423719403755541,0.07126255446109922,-0.26381040263024946,-0.3136920386078437,0.034098982076626774,0.040679474043828004,-0.08756256401047777
52.203125,-2.197779,120.92,6.39,2,252.18,23 / 23,13209010,2020-01-08 15:55:32:604,0.5994,-1.649,9.3847,-0.0115,-0.0205,9.8065,0.0711,0.1603,-0.1193,11.63,-32.87,13.88,56.86,-83.32,-174.0,-0.2464603099334373,1.721840852875151,-0.4214827315533657,1.096270543070662,-0.019476459155827117,-0.5507822537184807,0.10553041240442318,0.09975548832923556,-0.04735185745897176
52.203125,-2.197779,120.92,6.39,2,252.18,23 / 23,13209110,2020-01-08 15:55:32:704,-1.2484,0.5249,10.3068,0.0057,-0.01,9.8066,0.1492,-0.0244,-0.0006,11.56,-32.62,13.88,56.72,-83.17,-174.38,1.1097168907982284,-0.7921053034246024,0.5001824372803707,-0.655594987812373,0.9723587028082792,0.32185822845829826,0.11071410131825545,0.03126061367936844,-0.058577629382138036
52.203125,-2.197779,120.92,6.39,2,252.18,23 / 23,13209209,2020-01-08 15:55:32:803,-0.009,-0.5207,10.1541,-0.013,-0.0274,9.8065,-0.0362,0.0425,-0.1051,12.06,-33.25,14.0,57.39,-83.05,-173.96,0.1021002248276337,0.4825549340408634,0.3477109859106621,0.04805182984708545,0.35679494378035037,0.3326223699197567,0.0010659033391951789,-0.003503587773214999,-0.06493609942584302
52.203125,-2.197779,120.92,6.39,2,252.18,23 / 23,13209310,2020-01-08 15:55:32:904,-0.1822,-0.5153,10.4999,0.0238,0.0081,9.8066,0.0948,0.0635,-0.0522,12.56,-32.81,14.19,59.14,-83.04,-174.33,0.3136163902329522,0.4667344532945447,0.6934350437388466,0.4029018927501024,0.13155560739008382,0.41182975671785566,0.062438187452145986,0.09989644270386291,-0.07395308626989672
52.203125,-2.197779,120.92,6.39,2,252.18,23 / 23,13209410,2020-01-08 15:55:33:004,0.4293,-1.0642,9.8383,-0.0093,-0.0266,9.8065,0.0431,0.1042,-0.1204,13.75,-32.62,14.0,60.03,-82.88,-175.54,-0.2052814425273175,1.107623858689004,0.0319980783295704,0.8811046003510994,0.05930593428479572,0.11344161233281735,0.07047004042986994,0.07424647953926027,-0.11466350855048126
52.203125,-2.197779,120.92,6.39,2,252.18,23 / 23,13209510,2020-01-08 15:55:33:104,-1.1992,0.1291,10.177,0.0232,-0.0172,9.8066,-0.0607,0.055,-0.1255,12.94,-32.81,13.38,60.09,-83.06,-175.99,1.1623175239843715,-0.4057504066270047,0.3704675302382929,-0.6774475388600226,0.9631250663978231,0.017363157422302905,-0.08657734546650313,0.08183771801501012,-0.11987377526721657
52.203125,-2.197779,120.92,6.39,2,252.18,23 / 23,13209610,2020-01-08 15:55:33:204,0.88,-0.4721,9.9149,0.021,0.0111,9.8066,-0.0859,0.0238,0.0631,13.0,-32.81,13.25,60.15,-82.96,-176.1,-0.7350483385145333,0.65655073343136,0.1083383795234494,0.634382547223495,-0.49693670157160197,0.24772515225426955,-0.05677365946226112,-0.0010022793469699927,0.051651485038468545
52.203125,-2.197779,120.92,6.39,2,252.18,23 / 23,13209710,2020-01-08 15:55:33:304,0.2995,-1.5715,11.1077,0.0029,0.0347,9.8065,-0.0175,-0.2344,0.1865,12.0,-32.87,13.19,57.95,-83.01,-176.1,0.0554744526377017,1.6321436065949697,1.30153804114813,1.172340247026722,-0.12235066873723466,0.9210664800406454,-0.05280402683116836,-0.21338955719523217,0.19889467303099567
52.203125,-2.197779,120.92,6.39,2,252.18,23 / 23,13209810,2020-01-08 15:55:33:404,-1.5454,1.1648,9.6619,-0.0225,0.0306,9.8065,-0.1302,-0.1766,0.1293,12.0,-32.87,13.44,57.17,-82.91,-176.97,1.2434750287461311,-1.4350491606828395,-0.1447306785318384,-1.2871537815748537,1.4181895943873033,0.010739559421197739,-0.0892622589881649,-0.1905152771551334,0.11933322957064053
52.203125,-2.197779,120.92,6.39,2,252.18,23 / 23,13209910,2020-01-08 15:55:33:504,-0.939,-1.2285,10.3369,0.0034,0.023,9.8066,0.074,-0.0783,0.0147,12.25,-31.94,13.88,55.91,-82.92,-175.16,1.1893482769107626,1.0195287170692,0.5306599393968148,0.4217943264247487,1.064177498448265,0.1615407970051672,0.030827299647957357,-0.07460818105663919,0.020575004247634133
52.203125,-2.197779,120.92,6.39,2,252.18,23 / 23,13210010,2020-01-08 15:55:33:604,-0.1252,0.7087,10.1503,-0.0234,0.0027,9.8065,0.0117,-0.1055,0.1103,13.19,-32.75,14.25,58.25,-82.76,-175.56,-0.0524031562638761,-0.711447065879805,0.3436490385038201,-0.45341994110396056,0.037376496773170786,0.48610977809781475,0.052953487242869995,-0.09660506626644277,0.1079222914352723
52.203125,-2.197779,120.92,6.39,2,252.18,23 / 23,13210110,2020-01-08 15:55:33:704,0.8271,-0.2252,9.3462,-0.0099,0.0012,9.8066,0.0747,-0.0447,0.0968,13.0,-32.56,14.31,58.03,-82.75,-175.77,-0.768697298946722,0.4011409733233984,-0.4604177473916162,-0.266856358029518,-0.8289935836351383,-0.7976281869892471,0.03837748157257061,-0.06821659195147417,0.09933593937150129
52.203125,-2.197779,120.92,6.39,2,252.18,23 / 23,13210210,2020-01-08 15:55:33:804,0.1516,0.0823,9.0376,-0.0246,-0.0111,9.8066,0.0503,-0.0434,-0.0352,13.13,-32.06,12.94,60.94,-82.77,-175.37,-0.1920604172924969,-0.0531800568167077,-0.7690355503267738,0.24838943804975824,-0.18671904537942008,-0.6476996620031331,0.08028169991285954,-0.003421022030587457,-0.044237973718153245
52.203125,-2.197779,120.92,6.39,2,252.18,23 / 23,13210311,2020-01-08 15:55:33:905,-0.0365,0.3837,9.6424,-0.0019,-0.0022,9.8066,0.0168,-0.0209,-0.0323,13.63,-32.94,13.44,64.37,-82.66,-174.5,-0.049150102672858,-0.3842818848357905,-0.1642842365971229,-1.0597751519429814,-0.052559170980069125,-0.4702828344687847,-0.006084679386704421,-0.07804086646361028,-0.01000745413595671
52.203125,-2.197779,120.92,6.39,2,252.18,23 / 23,13210410,2020-01-08 15:55:34:004,-0.0038,-0.2092,9.7851,0.0092,-0.0145,9.8066,-0.0462,-0.1436,0.0249,12.44,-33.25,13.5,57.67,-82.72,-174.26,0.0545561360437831,0.1873570158030426,-0.0214549912456435,0.48194033613930987,-0.0060001645897092,0.08960301987579203,-0.03173950477706222,-0.0711575664330944,-0.014787359717291015
52.203125,-2.197779,120.92,6.39,2,252.18,23 / 23,13210509,2020-01-08 15:55:34:103,0.9747,-1.8534,10.3237,0.0052,0.0303,9.8066,0.0416,0.0976,-0.1038,13.19,-33.56,13.31,63.02,-82.78,-174.2,-0.5419325153491455,2.0479765196153776,0.5174453342252038,1.402327721454581,-0.5085395385848588,0.22708160600687144,0.03757415256789467,0.01477935472397037,-0.04702332510429987
52.203125,-2.197779,120.92,6.39,2,252.18,23 / 23,13210610,2020-01-08 15:55:34:204,0.4123,1.4068,9.7151,0.0003,-0.0092,9.8065,-0.0469,-0.0969,0.0881,12.44,-33.31,12.69,60.56,-82.8,-174.17,-0.706771674611826,-1.2942986770983669,-0.0917534436836795,-1.0247352495245146,-0.8075761032098621,0.02922067721186708,-0.05454075211767257,-0.010503864177241723,0.01860436489969434
52.203125,-2.197779,120.92,6.39,2,252.18,23 / 23,13210709,2020-01-08 15:55:34:303,-0.1872,2.0946,10.4664,0.0024,0.0306,9.8065,-0.0698,0.0913,-0.0853,12.81,-33.56,13.0,64.82,-82.93,-172.3,-0.25864479663958,-2.0566334184796986,0.6594497866887045,-2.671963013327007,-0.20847228424564324,0.3657035395191336,-0.05197016304472592,0.007725058074272092,-0.009297084281259818
52.203125,-2.197779,120.92,6.39,2,252.18,23 / 23,13210811,2020-01-08 15:55:34:405,-1.3335,1.1863,10.1405,0.0221,-0.0122,9.8066,0.1182,-0.0993,0.077,12.25,-33.81,12.38,66.45,-82.96,-171.79,1.0662017891638942,-1.4619758844598687,0.33374103439867,-1.1969675271012132,0.9459791634856919,0.4822224531338065,0.09497714210560308,-0.022472942118095578,-0.0002654533071001757
52.203125,-2.197779,120.92,6.39,2,252.18,23 / 23,13210910,2020-01-08 15:55:34:504,0.2512,-0.7274,10.101,-0.0128,0.0154,9.8066,0.0373,-0.0262,-0.1175,11.69,-32.81,12.81,61.9,-82.86,-172.88,-0.0981750541771106,0.7821275909891715,0.2945459049975019,0.16003889893980222,-0.04098592952211294,-0.013822527000995705,0.059159488808234365,-0.09556383325800304,-0.041242743286835803
52.203125,-2.197779,120.92,6.39,2,252.18,23 / 23,13211010,2020-01-08 15:55:34:604,1.1303,-0.3857,9.2873,0.0107,-0.0079,9.8066,-0.0353,-0.0563,-0.0688,12.19,-34.06,12.19,64.7,-82.83,-173.63,-1.0121333077582222,0.6097672325733908,-0.5193068258806033,0.9247506773685763,-1.1431759927845886,-0.3378875690612835,-0.049246424484748634,0.007246668458916909,-0.14498057392629776
52.203125,-2.197779,120.92,6.39,2,252.18,23 / 23,13211110,2020-01-08 15:55:34:704,0.9027,-0.9451,9.5783,0.01,0.0005,9.8066,-0.0559,0.1489,-0.1542,11.88,-33.12,12.0,64.24,-82.8,-173.7,-0.6685084924543335,1.1154518974915462,-0.2281600313353396,0.42096403208267863,-0.6001305131537054,-0.547505193990004,-0.05462939847025808,0.08872758191046626,-0.07565085349212983
52.203125,-2.197779,120.92,6.39,2,252.18,23 / 23,13211216,2020-01-08 15:55:34:810,0.7799,1.4981,9.691,0.0036,-0.0064,9.8066,-0.0069,-0.0607,0.048,12.0,-33.12,12.25,63.85,-82.83,-173.99,-1.08157641624642,-1.3024058395571865,-0.1160033831700215,-0.8618423409470455,-1.226757299904934,0.0874667549386203,0.006598689715036916,-0.001656269706556978,-0.03428319997655455
52.203125,-2.197779,120.92,6.39,2,252.18,24 / 24,13211310,2020-01-08 15:55:34:904,0.6229,-0.6241,10.6992,-0.0129,0.0051,9.8066,0.0092,-0.0324,-0.0735,10.94,-33.06,11.31,65.19,-82.91,-173.82,-0.4857807193177197,0.7509935370197044,0.8926896661739692,-0.0939083370447294,-0.39240348576667805,0.5817226578462583,-0.017868103554993412,-0.09215958465961449,0.01089894694298841
52.203125,-2.197779,120.92,6.39,2,252.18,24 / 24,13211410,2020-01-08 15:55:35:004,-0.0767,0.728,9.4816,0.0023,-0.0455,9.8065,-0.1073,-0.1512,0.1496,10.94,-32.81,12.94,57.78,-82.84,-174.51,-0.089095276072057,-0.7723315700836084,-0.3250680507737296,-0.12829976559123224,-0.25630184647875165,-0.12417688274583372,-0.0712521824355068,-0.08948997589207666,0.06781192079864645
52.203125,-2.197779,120.92,6.39,2,252.18,24 / 24,13211512,2020-01-08 15:55:35:106,0.1494,-0.9002,10.3443,-0.0016,-0.0099,9.8066,0.0123,-0.0534,-0.0701,11.06,-33.0,12.0,60.6,-82.92,-174.75,0.0438614896874849,0.90183620035527,0.5378884804968079,-0.1631163575120718,0.17642539808508528,0.26454380785437104,-0.02572392209049603,-0.11716215192484995,0.0030610712823032384
52.203125,-2.197779,120.92,6.39,2,252.18,24 / 24,13211610,2020-01-08 15:55:35:204,-1.1787,0.4419,9.8861,0.0222,-0.0269,9.8065,-0.0405,-0.1766,0.117,11.38,-32.0,12.63,54.71,-83.02,-176.53,1.072025455938041,-0.7160284824943799,0.0795929901287198,0.1893383971537726,0.8796955005828301,0.24801480452727617,-0.008090001184786469,-0.11201630700503143,0.056753484115206095
52.203125,-2.197779,120.92,6.39,2,252.18,24 / 24,13211709,2020-01-08 15:55:35:303,-0.0344,-0.6255,10.5361,-0.013,-0.0135,9.8066,0.0008,0.0474,0.0096,12.63,-32.06,14.0,56.94,-82.96,-176.09,0.1523756741153256,0.5929414393744439,0.7296398518519,-0.7301394142402291,0.3306418884890355,0.5227783559497882,-0.019668186727012794,-0.016267300747929335,0.057060488428921405
52.203125,-2.197779,120.92,6.39,2,252.18,24 / 24,13211810,2020-01-08 15:55:35:404,-0.6878,0.3709,10.1648,-0.0159,-0.0137,9.8066,-0.0551,-0.1323,0.0641,13.63,-31.25,13.5,59.07,-82.81,-175.86,0.5734604696890278,-0.5201273389888358,0.3581684672614724,0.6612033544224916,0.3629791641537152,0.4698154656456298,-0.05035125151108745,-0.07006340290673171,0.02415893454484281
52.203125,-2.197779,120.92,6.39,2,252.18,24 / 24,13211910,2020-01-08 15:55:35:504,1.218,-1.5277,9.3168,-0.0231,-0.0251,9.8065,-0.1043,-0.0932,0.1127,14.19,-31.62,13.06,63.81,-82.74,-174.52,-0.8889824372781667,1.734381236651518,-0.4894629834442239,0.16840602792508713,-0.6682701044522568,-0.6115190038518372,-0.09271201777921151,-0.15623695103226176,0.1535525756035797
52.203125,-2.197779,120.92,6.39,2,252.18,24 / 24,13212010,2020-01-08 15:55:35:604,0.3916,1.3097,8.7763,0.0316,-0.0103,9.8065,-0.0768,-0.2038,0.1047,13.81,-31.81,12.63,64.32,-82.74,-174.06,-0.6352281494535559,-1.211532237667296,-1.03052747427455,0.19870981037894048,-0.8480689827327823,-0.9861336323012532,-0.10218620451058533,-0.13483839530581165,0.05513439898415757
52.203125,-2.197779,120.92,6.39,2,252.18,24 / 24,13212110,2020-01-08 15:55:35:704,1.3099,-2.2762,9.5191,-0.0142,-0.0141,9.8065,-0.1029,-0.0164,-0.077,13.88,-32.0,12.19,66.37,-82.83,-174.72,-0.806787606620427,2.493924947966285,-0.2869984176176697,0.7664348551674888,-0.5529922563863778,-0.3219100217511365,-0.0689221414432753,-0.09798403454888037,-0.014817988355344458
52.203125,-2.197779,120.92,6.39,2,252.18,24 / 24,13212210,2020-01-08 15:55:35:804,-0.0313,2.349,10.1718,0.0116,-0.0384,9.8066,-0.0104,-0.1838,0.2845,14.31,-31.75,12.06,65.41,-82.91,-175.46,-0.4714023731553063,-2.340873690907953,0.3646647443865758,-0.8156257278474399,-0.667217895210757,0.3472560382090268,-0.04601451209636607,-0.0834728349239116,0.21024184220406278
52.20298,-2.198836,121.15,7.15,2,261.22,23 / 23,13212310,2020-01-08 15:55:35:904,0.8653,-0.8848,9.8557,0.0054,-0.0156,9.8066,-0.0857,-0.0368,0.131,13.75,-31.81,11.69,68.89,-82.89,-172.31,-0.6529359376317581,1.033730612700707,0.049225417360933,-0.7118951162670123,-0.3762739038977344,0.08914736221845176,-0.05565710352412988,-0.15886849933746222,0.2143437135600006
52.20298,-2.198836,121.15,7.15,2,261.22,23 / 23,13212410,2020-01-08 15:55:36:004,-2.6429,1.0064,10.1855,0.0047,-0.0069,9.8066,0.0404,-0.2337,0.1163,13.13,-32.25,10.81,70.97,-82.92,-171.66,2.36780094262573,-1.5588744651603883,0.3788891103893285,-0.08532640511929229,1.8398216860516963,0.31652402156130854,0.021339130907909697,-0.09246865117708514,0.027275276172638745
52.20298,-2.198836,121.15,7.15,2,261.22,23 / 23,13212510,2020-01-08 15:55:36:104,0.1107,-2.0119,9.61,0.0091,0.003,9.8066,0.01,0.0818,-0.079,12.38,-32.37,10.25,73.56,-82.68,-171.37,0.3339717462634741,1.9896690055350976,-0.1961536415942903,0.40767102367262203,0.6246950883530966,-0.10120241855615751,0.01643845472668632,-0.06930572514524337,0.012153746192791692
52.20298,-2.198836,121.15,7.15,2,261.22,23 / 23,13212609,2020-01-08 15:55:36:203,1.796,0.0878,9.5171,0.0368,-0.017,9.8065,-0.016,-0.3033,0.1038,11.88,-32.25,10.5,68.35,-82.92,-172.4,-1.7405587182250886,0.2759085984906141,-0.2895683575420175,1.5099496746144854,-1.8471669179099224,-0.3776449820498841,-0.012729285482933176,-0.15665935070080494,0.01496925559740175
52.20298,-2.198836,121.15,7.15,2,261.22,23 / 23,13212710,2020-01-08 15:55:36:304,-1.0917,-3.6238,9.9572,-0.0226,-0.0088,9.8066,0.0685,0.1322,-0.0785,11.81,-32.37,11.31,68.75,-82.72,-172.42,1.8212487545825968,3.300602938346568,0.1515037534497023,2.064708601031079,2.115870427619485,0.2840754417447422,0.06179398939706171,0.004697924482116089,0.0026354699006430867
52.20298,-2.198836,121.15,7.15,2,261.22,23 / 23,13212810,2020-01-08 15:55:36:404,-0.5212,1.6078,10.1321,0.0009,-0.0488,9.8065,-0.0144,-0.1761,0.2048,11.19,-32.81,11.63,62.98,-82.51,-173.44,0.153708017935148,-1.7301737472280163,0.3252690880262237,-0.9036536519129055,0.1223897139593324,0.22329466794214362,-0.011068963761262932,-0.07683549653277655,0.13627561269960276
52.20298,-2.198836,121.15,7.15,2,261.22,23 / 23,13212910,2020-01-08 15:55:36:504,1.9258,-0.7974,9.3569,0.0463,-0.0003,9.8064,-0.0381,-0.1248,0.0979,11.69,-32.87,12.25,67.08,-82.59,-171.53,-1.664131341335668,1.182615013675101,-0.449474713654273,0.4348539391646609,-1.382123289036243,-0.28538270298235385,-0.03366208306429543,-0.1960785471953171,0.15131193335277837
52.20298,-2.198836,121.15,7.15,2,261.22,23 / 23,13213010,2020-01-08 15:55:36:604,-1.3036,-0.6916,9.2404,0.0203,-0.0032,9.8066,0.0723,-0.0518,0.0679,12.5,-33.25,12.06,68.5,-83.02,-171.2,1.4410118358052664,0.3878013105076027,-0.5659357230620118,0.6967507889472426,1.513579443793899,-0.6847604787360705,0.059539087096907736,0.0002718745016103835,0.02866744258139301
52.20298,-2.198836,121.15,7.15,2,261.22,23 / 23,13213110,2020-01-08 15:55:36:704,0.247,0.8714,9.3698,0.0069,0.0162,9.8066,0.0223,0.0681,-0.0582,12.19,-33.0,12.44,67.06,-82.77,-171.21,-0.4182837113479502,-0.7834972216613412,-0.4370127349059106,-0.9736202147665762,-0.17102694346153763,-0.230895961467622,0.04069718915347263,0.022829586382485,-0.029515595248105254
52.20298,-2.198836,121.15,7.15,2,261.22,23 / 23,13213211,2020-01-08 15:55:36:805,0.48,-1.3945,10.1697,0.0195,0.0276,9.8065,0.054,0.0624,-0.1149,11.63,-32.69,11.69,66.89,-83.04,-170.86,-0.1440508178864389,1.4877742914528145,0.3634830388867213,1.250305852144151,0.06149398236642567,0.20715635564115936,0.03422141155550504,0.11093446589728256,-0.1374770099955544
52.20298,-2.198836,121.15,7.15,2,261.22,23 / 23,13213310,2020-01-08 15:55:36:904,-1.2528,1.5969,8.9621,0.0051,0.0386,9.8065,0.0681,0.2247,-0.2154,11.44,-32.31,11.69,63.31,-82.87,-172.05,0.8935869233186948,-1.7921201259847497,-0.8446481661107396,-1.440345774065579,1.0902274444991784,-0.5690838859786975,0.08491517038049592,0.1691046883860342,-0.19546434984215472
52.20298,-2.198836,121.15,7.15,2,261.22,23 / 23,13213410,2020-01-08 15:55:37:004,-4.0173,-0.0006,10.225,0.0129,0.0162,9.8065,0.0788,0.0247,-0.1319,12.44,-32.69,11.5,65.04,-83.09,-172.44,3.939522120632809,-0.8501052716806043,0.4188353114359057,-1.5797372028923005,2.351797588440784,0.18925913685284948,0.06850204466632391,0.08461695342629613,-0.15093712773125748
52.20298,-2.198836,121.15,7.15,2,261.22,23 / 23,13213509,2020-01-08 15:55:37:103,-1.6855,-0.775,9.9307,0.0096,0.0241,9.8065,0.0097,0.3467,-0.1958,11.88,-32.94,12.38,63.48,-83.17,-173.69,1.8272420352807297,0.4159709487365531,0.1245197747763315,1.2162798447172443,1.9814149944410822,0.5080191859697539,0.011483318306092928,0.28862870974083843,-0.17725735443089952
52.20298,-2.198836,121.15,7.15,2,261.22,23 / 23,13213610,2020-01-08 15:55:37:204,-1.0214,-4.2323,11.319,-0.021,0.0043,9.8066,0.1058,0.2806,-0.1322,12.44,-33.25,12.5,59.71,-83.02,-174.54,1.8876135505992435,3.922161769914809,1.5134383417281532,2.8229948485963465,2.3669439721629573,1.169263336554598,0.11197076248863919,0.3313765057973874,-0.1500042142117809
52.20298,-2.198836,121.15,7.15,2,261.22,23 / 23,13213710,2020-01-08 15:55:37:304,-3.0545,-0.8763,10.2692,0.0016,0.05,9.8065,0.1958,0.2133,-0.1039,11.75,-33.44,12.19,62.86,-82.97,-174.61,3.18372092778212,0.2475351707290445,0.4631604292837409,1.3443546934692476,2.154973066990367,0.9907656891549231,0.18535476154399994,0.17255943126598797,-0.08786393152844302
52.20298,-2.198836,121.15,7.15,2,261.22,23 / 23,13213810,2020-01-08 15:55:37:404,1.0358,0.297,8.9691,-0.0175,0.0419,9.8065,0.0378,0.1849,-0.2122,12.63,-33.5,13.06,63.96,-82.87,-172.84,-1.0834057881481214,-0.0225229875500556,-0.8375441918125689,-1.3209561849938165,-0.5309656512787618,-1.3260389631198666,0.046702749840887486,0.213924714746628,-0.2232503977554794
52.20298,-2.198836,121.15,7.15,2,261.22,23 / 23,13213910,2020-01-08 15:55:37:504,1.0764,0.4841,9.1668,-0.0043,0.0184,9.8066,0.0164,0.0648,-0.1565,12.81,-33.06,12.25,64.7,-82.92,-174.83,-1.1554661508607378,-0.2223481544350512,-0.6399939784360444,0.9813572388443434,-0.9269011219164851,0.04517293627417884,0.014612527874906096,0.05188696814100502,-0.1574296829526901
52.20298,-2.198836,121.15,7.15,2,261.22,23 / 23,13214009,2020-01-08 15:55:37:603,0.7975,0.1203,10.5128,0.0441,0.0139,9.8065,0.039,-0.0021,0.0661,12.81,-32.87,11.88,63.6,-83.18,-175.37,-0.7587489938954071,0.0579134883097159,0.7062139917436561,-1.243107600488575,-0.20827313234449985,0.07746004933457656,0.03049577485846531,-0.01507648024608214,0.08932733141174737
52.20298,-2.198836,121.15,7.15,2,261.22,23 / 23,13214110,2020-01-08 15:55:37:704,-0.3453,0.2884,8.6557,0.0239,0.0068,9.8065,-0.0009,0.0689,0.0632,12.5,-33.25,11.81,64.03,-83.38,-174.62,0.3001760854014698,-0.3541542446615969,-1.1508331454825342,0.7517648901113118,0.680754507213922,-0.3389829154339089,0.01821260858660932,0.12165764226125027,0.0076840722367965825
52.20298,-2.198836,121.15,7.15,2,261.22,23 / 23,13214210,2020-01-08 15:55:37:804,-0.1699,-2.8206,10.5538,0.0399,0.065,9.8063,0.1265,0.1813,-0.166,12.25,-33.06,11.75,63.08,-83.59,-173.28,0.8251551738497592,2.772872620877159,0.7481684419024976,1.6664639180804328,1.3083705427455268,0.035264890926051645,0.09792505188777594,0.07664971347273859,-0.07373305660090729
52.20298,-2.198836,121.15,7.15,2,261.22,23 / 23,13214310,2020-01-08 15:55:37:904,-2.3917,0.3026,9.4743,-0.01,0.0029,9.8066,0.0037,0.1295,-0.0162,12.75,-33.5,11.13,66.64,-83.32,-175.28,2.261622365720272,-0.8046517914860499,-0.3321717015823789,0.015269757774586362,2.5825061831640133,0.5193038661888996,0.04149342712336748,0.28776251275496395,-0.14031479551519732
52.20298,-2.198836,121.15,7.15,2,261.22,23 / 23,13214410,2020-01-08 15:55:38:004,3.1998,-2.6637,9.8503,-0.004,-0.0203,9.8065,0.0997,0.3602,-0.3139,12.06,-33.19,11.69,59.49,-83.35,-176.93,-2.560605112739188,3.2703471032002245,0.0441329945033426,2.5177486542197407,-1.605676898338952,-0.641997744088759,0.05025295791652615,0.16459826012964865,-0.17294799756755846
52.20298,-2.198836,121.15,7.15,2,261.22,23 / 23,13214509,2020-01-08 15:55:38:103,0.8351,3.616,8.5567,-0.0286,-0.0746,9.8062,0.0766,-0.1763,0.1371,11.88,-33.0,10.63,63.21,-83.18,-176.92,-1.6367626693227453,-3.4183701358907497,-1.250403886095106,-3.0110136660983646,-0.8605743537682868,-0.4942401759453846,0.14236742726468887,0.020237471498669127,0.0018772406734495206
52.20298,-2.198836,121.15,7.15,2,261.22,23 / 23,13214610,2020-01-08 15:55:38:204,-1.1955,-0.4646,10.6464,-0.0247,0.0443,9.8065,0.0769,0.369,-0.0739,11.75,-33.06,11.56,62.04,-83.05,-175.21,1.2527209124194516,0.2451274338284859,0.8401111335839077,-0.08119379522671744,1.601180043154916,0.3263018387781276,-0.008884078169558572,0.22146300183434883,0.030337965237515137
52.20298,-2.198836,121.15,7.15,2,261.22,23 / 23,13214711,2020-01-08 15:55:38:305,0.1377,1.7377,8.1441,-0.0002,-0.0516,9.8064,-0.0503,-0.259,0.0521,11.13,-33.87,11.94,62.71,-83.27,-172.6,-0.5191318028166944,-1.717478639150232,-1.662715094466565,-1.7410159088850783,0.3756874801535136,-1.1529417735432943,0.05378820082398524,-0.20924398633263752,0.001553621430948197
52.20298,-2.198836,121.15,7.15,2,261.22,23 / 23,13214810,2020-01-08 15:55:38:404,-0.6554,2.6845,11.8066,0.0289,0.0083,9.8066,0.2439,-0.2776,0.1518,11.25,-33.81,12.13,66.19,-83.34,-169.34,0.0927022067728893,-2.761142841155951,1.9994522854003491,-2.7121093125156666,0.49641948021500004,1.7966980100154177,0.13128021007777912,-0.1990898812837233,0.13259343103377613
52.20298,-2.198836,121.15,7.15,2,261.22,23 / 23,13214909,2020-01-08 15:55:38:503,2.9389,0.636,9.9709,-0.0502,0.0141,9.8064,-0.2135,0.1743,0.1193,11.81,-33.25,13.0,64.28,-83.42,-169.73,-3.052927310827331,0.0352161724126448,0.1641137593415005,-0.3105942397251805,-1.1058414552306273,0.3081979369362118,-0.10873480427971374,-0.033079691255348154,0.2144386802123488
52.20298,-2.198836,121.15,7.15,2,261.22,23 / 23,13215009,2020-01-08 15:55:38:603,-3.1161,4.3018,10.4823,0.0492,0.0078,9.8064,-0.086,-0.454,-0.0559,12.69,-32.37,13.38,62.02,-83.76,-172.79,2.168060415551756,-4.874221129137178,0.675191320138404,-4.618267626172711,2.5810287549127615,0.8657460348367041,-0.1649325975454704,-0.1476322649836806,-0.22004132558134257
52.20298,-2.198836,121.15,7.15,2,261.22,23 / 23,13215109,2020-01-08 15:55:38:703,1.3709,-3.662,11.0735,-0.0005,0.0449,9.8065,-0.2361,0.6139,-0.5999,13.44,-32.5,13.56,62.02,-83.45,-170.78,-0.5425733858132218,3.9147956920606055,1.2677237003507125,3.448881743134009,0.23516712761852943,1.0044232447307793,-0.19686879394327245,0.25874615963704406,-0.3884338576911036
52.20298,-2.198836,121.15,7.15,2,261.22,23 / 23,13215210,2020-01-08 15:55:38:804,2.8621,-3.4453,8.3376,0.078,-0.0196,9.8063,-0.2135,0.0108,0.2414,13.5,-31.94,13.19,65.1,-83.4,-172.28,-1.982342016445866,3.9444329627177095,-1.468155891742879,4.180793556582393,-1.1335007883192745,-0.8945900007468333,-0.20692931176238216,0.3601436467364279,0.015283385239827224
52.20298,-2.198836,121.15,7.15,2,261.22,23 / 23,13215310,2020-01-08 15:55:38:904,1.9179,-4.4982,10.778,0.0327,0.0508,9.8064,-0.048,0.7671,-0.3959,13.38,-32.12,12.5,59.98,-83.8,-174.57,-0.8632836355061745,4.847723917458817,0.9724714827515436,4.478512595638012,-0.26403940836969353,0.35905470280207596,-0.09811824179713892,0.4674938368520418,-0.18881740626434484
52.20298,-2.198836,121.15,7.15,2,261.22,23 / 23,13215410,2020-01-08 15:55:39:004,2.9134,-1.6285,7.772,0.0719,-0.059,9.8061,-0.2002,0.3148,-0.1794,12.88,-33.56,11.75,64.98,-83.65,-173.6,-2.4373798549230976,2.1440900572098287,-2.033979493355087,2.1646767802189757,-0.8652077557748066,-1.183577333808309,-0.11510839042284857,0.5406076115625837,-0.3438771139960314
52.20298,-2.198836,121.15,7.15,2,261.22,23 / 23,13215509,2020-01-08 15:55:39:103,-1.1625,2.6567,10.7199,0.0503,0.0346,9.8064,0.0049,0.4672,-0.2599,12.69,-33.37,12.25,62.08,-83.88,-175.52,0.6206152389511137,-2.8217065075949965,0.9130080011575488,-2.9486570221730144,1.0588098756634443,0.09024218968934761,-0.10353695609395358,0.31795829857060653,-0.14571285197340544
52.20298,-2.198836,121.15,7.15,2,261.22,23 / 23,13215610,2020-01-08 15:55:39:204,2.0997,1.5697,8.5163,0.0236,-0.0287,9.8065,-0.1591,0.2979,-0.1215,12.63,-33.31,12.5,58.0,-83.88,-176.54,-2.371019616189708,-1.1144362148714555,-1.29073146418091,-1.403216305273038,-0.6409179018683712,-0.33294456393635774,-0.03899655126515868,0.38386291394417416,-0.19209439439043982
52.20298,-2.198836,121.15,7.15,2,261.22,23 / 23,13215710,2020-01-08 15:55:39:304,-0.9501,1.605,10.8416,0.0311,-0.0057,9.8065,0.1721,0.4057,-0.2389,12.13,-33.94,12.5,57.6,-84.02,-175.02,0.6118494976291641,-1.7841898751056362,1.0348171924651592,-1.644360072826382,0.9745730241341968,0.18123676144222695,0.05003288304737557,0.36219908235470516,-0.19685620621847247
52.20298,-2.198836,121.15,7.15,2,261.22,23 / 23,13215809,2020-01-08 15:55:39:403,2.1791,-2.3294,9.7672,0.0136,-0.0584,9.8064,-0.0486,0.2954,-0.2143,12.19,-34.0,12.19,62.13,-83.84,-174.01,-1.6266322957564083,2.683453880186949,-0.0388656314993864,2.1170102231931986,-0.15667257099390963,0.8471449356954008,0.06864809999711022,0.3167481383068369,-0.24418934629803601
52.20298,-2.198836,121.15,7.15,2,261.22,23 / 23,13215910,2020-01-08 15:55:39:504,1.3888,-1.2689,10.7611,0.0273,0.0138,9.8065,0.0593,0.2447,-0.1905,12.75,-33.44,12.63,59.39,-83.89,-175.26,-1.0540282304535709,1.5452142958951478,0.9547774448363232,1.8605068294749458,-0.6530489417015232,0.23129775804890024,-0.04899962090952632,0.2309928149309201,-0.16074534919955163
52.20298,-2.198836,121.15,7.15,2,261.22,23 / 23,13216010,2020-01-08 15:55:39:604,2.8938,0.7952,8.4721,0.0231,-0.0264,9.8065,-0.1448,0.1116,-0.0501,12.69,-33.56,12.88,60.69,-83.79,-174.54,-2.98003490004488,-0.184964595835006,-1.334821524699875,-0.9019663926042176,-0.5381694953903754,-0.6578072798264029,-0.04817234745323741,0.12458743267367076,-0.08430140708044569
52.20298,-2.198836,121.15,7.15,2,261.22,23 / 23,13216110,2020-01-08 15:55:39:704,2.808,4.3769,8.9971,0.0377,0.0036,9.8065,0.1494,0.2541,-0.2772,12.5,-33.94,13.31,58.64,-84.06,-175.94,-3.6456079344746,-3.675308118049677,-0.8106148071026027,-3.3425526244254815,-1.464767255522532,-1.3038311483901384,0.06696450713255012,0.24088200361055068,-0.24087067977445353
52.20298,-2.198836,121.15,7.15,2,261.22,23 / 23,13216210,2020-01-08 15:55:39:804,5.9109,3.159,9.3241,0.012,-0.088,9.8061,0.0626,0.222,-0.1718,12.5,-33.06,13.44,52.08,-83.98,178.36,-6.458959796835135,-1.9028118437696215,-0.4832180047116259,-2.6090314487775856,-0.6306597310297434,-0.0791331175471719,0.12816178292377195,0.23428384153519458,-0.20456737586752813
52.20298,-2.198836,121.15,7.15,2,261.22,22 / 23,13216309,2020-01-08 15:55:39:903,5.2672,1.6377,10.1463,0.0205,-0.0401,9.8065,0.126,0.257,-0.1633,13.38,-32.62,13.88,45.02,-83.97,174.59,-5.48476317525101,-0.5106825143642563,0.3389897504837679,-0.31909827631141113,-1.2824450551738724,0.09784610197825583,0.07989561743181353,0.24505900875814057,-0.13896645817175335
52.20298,-2.198836,121.15,7.15,2,261.22,22 / 23,13216410,2020-01-08 15:55:40:004,6.4294,0.127,9.8858,0.0069,-0.0304,9.8065,-0.0257,0.2289,-0.0874,13.19,-32.75,14.19,41.41,-83.85,171.32,-6.306175304858598,1.226997613368308,0.0787361491314163,0.663269221015485,-0.7547782335091968,0.2227798792376945,-0.0009583177337999082,0.24469675030099558,-0.10181566640200032
52.20298,-2.198836,121.15,7.15,2,261.22,22 / 23,13216510,2020-01-08 15:55:40:104,5.4154,2.4615,9.6869,-0.0081,-0.0014,9.8065,0.023,0.1273,0.0241,12.88,-32.75,15.63,36.03,-83.74,170.87,-5.826153718274014,-1.2393227340157429,-0.1206019568399093,-1.292115656030826,-1.1051902592510952,-0.15650108580607935,0.019834636649137514,0.10085678557021027,0.03072339276795955
52.20298,-2.198836,121.15,7.15,2,261.22,22 / 23,13216610,2020-01-08 15:55:40:204,4.3249,2.3978,10.0784,-0.0122,0.0079,9.8066,0.0411,0.1483,0.0538,12.81,-32.56,15.75,36.18,-83.8,171.06,-4.749512959161679,-1.401667364608485,0.27090387547389,-1.764298092964752,-0.8640438932739112,0.2237346706941146,0.025338417602719356,0.1915370330499221,0.05066666841550769
52.20298,-2.198836,121.15,7.15,2,261.22,22 / 23,13216709,2020-01-08 15:55:40:303,5.7769,0.462,9.3645,-0.0069,-0.0002,9.8066,0.0066,0.3434,0.0022,12.13,-31.87,17.63,29.02,-83.73,170.68,-5.74786949595797,0.7921201258174833,-0.4426800805443565,0.475146399730785,-0.9703915418575195,-0.3594872677671974,0.03526620987278196,0.2812758087377838,0.006530612644123615
52.20298,-2.198836,121.15,7.15,2,261.22,22 / 23,13216810,2020-01-08 15:55:40:404,3.3653,1.0108,10.4512,-0.0022,-0.0087,9.8066,0.0844,0.1952,0.0302,11.88,-32.0,17.25,30.79,-83.57,170.35,-3.5080188202580485,-0.2718344465098359,0.6440928895788404,-0.45855644329853007,-0.9339202719969528,0.496181987544162,0.05143483464556548,0.27287166504106325,0.020842568219295025
52.20298,-2.198836,121.15,7.15,2,261.22,22 / 23,13216910,2020-01-08 15:55:40:504,5.588,0.5875,9.2589,-0.0407,0.0158,9.8065,-0.0864,0.4803,0.0558,12.44,-33.06,18.0,31.41,-83.54,172.42,-5.619923230334439,0.6518579012494986,-0.548192029973001,0.12805251371245052,-0.8901338211456997,-0.4356329835438712,-0.05819036033821428,0.3945366125984817,0.07242014235153177
52.20298,-2.198836,121.15,7.15,2,261.22,22 / 23,13217010,2020-01-08 15:55:40:604,3.8044,1.8837,8.7009,-0.0133,0.0443,9.8064,-0.0627,0.3421,0.0842,10.38,-32.06,19.19,27.06,-83.6,174.82,-4.123731741505063,-0.9754227537117086,-1.1062291243883813,-1.073639326295131,-0.9651315999852411,-1.276325121217048,-0.07942899805725767,0.42726686328565633,0.06023498638618233
52.20298,-2.198836,121.15,7.15,2,261.22,22 / 23,13217109,2020-01-08 15:55:40:703,4.2092,0.7144,9.8905,-0.0201,0.0335,9.8065,-0.0557,0.5257,-0.0088,9.88,-31.5,19.63,30.18,-83.81,179.15,-4.276802147805727,0.2442349308472122,0.0834984256041871,-0.3852115696529181,-0.8535370076179802,0.16039484477349827,-0.05269743141623503,0.4483842544749873,0.020233970121175934
52.20298,-2.198836,121.15,7.15,2,261.22,22 / 23,13217210,2020-01-08 15:55:40:804,2.6952,0.6368,9.5687,-0.0133,0.0209,9.8065,-0.0488,0.4624,0.0452,10.06,-32.19,20.5,31.19,-83.76,-178.86,-2.777546666772328,-0.0191670182889966,-0.2381617923006056,-0.13778322310137148,-0.9766615529972418,-0.38428877769542863,-0.040851297028649744,0.5272594701567668,0.015194937106944105
52.20298,-2.198836,121.15,7.15,2,261.22,23 / 23,13217310,2020-01-08 15:55:40:904,2.8563,0.3138,9.6373,-0.009,0.001,9.8066,0.0308,0.5604,-0.0556,9.31,-32.25,21.38,31.32,-83.67,-176.65,-2.865527560198837,0.3105413462630998,-0.1696062911628029,-0.32235502768056673,-0.8371294541535039,-0.1572552484364882,0.018530041294573592,0.5102921345190989,-0.029330497401795354
52.20298,-2.198836,121.15,7.15,2,261.22,23 / 23,13217409,2020-01-08 15:55:41:003,3.0189,-0.4093,9.2042,-0.004,-0.0003,9.8066,-0.0061,0.5063,-0.0236,8.06,-32.75,22.06,29.49,-83.63,-175.07,-2.8642114169329727,1.0494331670888315,-0.602556351659089,0.8202854279333194,-0.9933917397964723,-0.7132326419516133,0.002340607408932816,0.5406403217991873,-0.04218284727363535
52.20298,-2.198836,121.15,7.15,2,261.22,23 / 23,13217510,2020-01-08 15:55:41:104,2.434,-0.6018,9.761,-0.0149,0.0193,9.8065,0.0115,0.614,-0.0227,7.88,-32.56,22.44,31.88,-83.68,-172.96,-2.2581066101373306,1.1330601822778994,-0.0455612838983565,0.5664534810593175,-0.8177976355811478,-0.09619725908192725,0.013907953231166972,0.5957292849936416,-0.014060733407518679
52.20298,-2.198836,121.15,7.15,2,261.22,23 / 23,13217610,2020-01-08 15:55:41:204,3.0582,0.023,9.8126,-0.0081,0.0032,9.8066,0.022,0.5755,-0.0485,7.06,-31.75,23.13,29.63,-83.67,-171.62,-2.998860049876549,0.6398665062776194,0.005743291607598,0.2528476309841034,-1.0338696571948094,-0.08099059122847407,0.00489574523150312,0.5786640946216968,-0.0469598598358736
52.20298,-2.198836,121.15,7.15,2,261.22,23 / 23,13217710,2020-01-08 15:55:41:304,1.5747,0.7335,9.804,-0.0126,-0.0001,9.8066,-0.0755,0.6647,-0.0911,6.63,-31.69,23.81,31.48,-83.65,-169.19,-1.7078968891226765,-0.37520239679815,-0.0028961287967817,-0.8513493604387389,-0.49104392900644556,-0.09956677683758489,-0.043793562886256465,0.673056580994309,-0.100962906767394
52.20298,-2.198836,121.15,7.15,2,261.22,23 / 23,13217809,2020-01-08 15:55:41:403,2.9047,0.3831,10.4682,0.0026,0.0215,9.8066,0.0232,0.7023,-0.0509,5.19,-32.06,25.0,29.3,-84.01,-165.82,-2.9120653610286515,0.2706253767763645,0.661279644735656,-0.27627390359348425,-1.1027789270798443,0.5798638873511041,-0.019664353404395964,0.6896099178055696,-0.03682729502257774
52.20298,-2.198836,121.15,7.15,2,261.22,23 / 23,13217910,2020-01-08 15:55:41:504,1.3696,1.5693,9.6365,-0.0033,0.0005,9.8066,-0.0571,0.5289,0.0188,4.88,-32.06,24.5,30.86,-84.1,-164.38,-1.6780429191539863,-1.236931982870199,-0.1705669699266678,-1.6372522279356692,-0.41355721536415924,-0.2953567166413842,-0.008426828836014429,0.535858133025086,0.0067493438985962075
52.20298,-2.198836,121.15,7.15,2,261.22,23 / 23,13218009,2020-01-08 15:55:41:603,0.5929,1.1158,9.5077,0.006,0.0191,9.8066,0.0266,0.4601,-0.0623,4.25,-32.31,24.81,28.32,-84.21,-164.37,-0.8089110462021522,-0.9448219525277876,-0.2991957676066267,-1.6218626590308183,0.0002611042030133959,-0.38957228226058027,-0.022219113463937422,0.4691382992797564,-0.05935405836495599
52.20298,-2.198836,121.15,7.15,2,261.22,23 / 23,13218110,2020-01-08 15:55:41:704,1.8741,1.7617,9.3604,0.0067,-0.0121,9.8065,-0.0983,0.4072,-0.0159,3.31,-32.94,25.5,23.27,-84.37,-166.21,-2.205016436063843,-1.3307731651249777,-0.4466539036788514,-1.6910925905949945,-0.68825212128417,-0.5883727100349077,-0.05395854772176681,0.3751907668515541,-0.004273611859753525
52.20298,-2.198836,121.15,7.15,2,261.22,23 / 23,13218210,2020-01-08 15:55:41:804,0.4259,1.6265,10.0063,-0.0133,0.0073,9.8066,0.0207,0.3134,0.037,3.06,-32.0,26.13,18.16,-84.49,-170.6,-0.7770578819489643,-1.4869588240967444,0.1992984534355872,-2.2511786637356144,-0.05879593276195966,0.09397744172340686,-0.016559026682594836,0.3693221269645517,0.009454790437762995
52.20298,-2.198836,121.15,7.15,2,261.22,22 / 23,13218310,2020-01-08 15:55:41:904,3.0957,0.31,10.432,-0.0028,0.0069,9.8066,0.029,0.5193,-0.0574,2.25,-31.94,27.06,12.22,-84.44,-173.46,-3.091291846897768,0.3699876580355203,0.6250766914585565,0.009535350301215786,-0.6566166796363382,0.4700911448863568,0.05889204995990034,0.44543131175800177,-0.01776282465916201
52.20298,-2.198836,121.15,7.15,2,261.22,22 / 23,13218410,2020-01-08 15:55:42:004,0.435,-1.0914,9.7784,-0.0114,-0.0358,9.8065,0.0937,0.3957,0.076,1.06,-31.44,27.44,9.32,-84.09,-173.94,-0.2090216339914428,1.126891991386831,-0.0278984994537278,0.31834670290385536,0.4290396752138981,-0.14722593249125204,0.06980418886705461,0.47604470604845567,0.03216154655366889
52.20298,-2.198836,121.15,7.15,2,261.22,22 / 23,13218509,2020-01-08 15:55:42:103,1.6763,-1.0641,9.9192,-0.0288,-0.0404,9.8065,0.1127,0.6474,-0.0895,0.25,-31.44,27.94,8.41,-83.32,-172.73,-1.4451663527360836,1.3663094263943267,0.112790754344006,0.970350070327284,-0.09444451312864433,-0.056803649963575946,0.13228092809873743,0.5742960076188057,-0.05061461853114193
52.20298,-2.198836,121.15,7.15,2,261.22,22 / 23,13218610,2020-01-08 15:55:42:204,1.3859,-1.3374,9.658,0.0136,-0.0488,9.8065,0.164,0.4895,-0.0836,-1.06,-30.62,28.19,4.82,-82.5,-173.87,-1.0631651569155198,1.553521776357833,-0.1483220802942036,0.7382941591097907,-0.4894862079613602,-0.2765892748270627,0.14791519103666778,0.5434386466466481,-0.11026463933500256
52.20298,-2.198836,121.15,7.15,2,261.22,22 / 23,13218710,2020-01-08 15:55:42:304,1.4516,-0.9377,9.2499,0.0223,-0.0571,9.8064,0.0237,0.526,-0.127,-1.12,-30.31,29.69,3.12,-81.99,-175.44,-1.2064931594386556,1.167398577660046,-0.5564188324500092,0.7076728048233589,0.1271713474813218,-0.7445224377544144,0.03602612119905821,0.4979192254867725,-0.11582992145536337
52.20298,-2.198836,121.15,7.15,2,261.22,22 / 23,13218809,2020-01-08 15:55:42:403,1.5428,-1.9289,9.7139,0.018,0.0007,9.8066,-0.0021,0.4537,-0.1178,-1.56,-30.5,29.5,359.42,-81.68,-176.68,-1.0743019481013032,2.212307371904463,-0.09238996981769,1.4215883486055991,-0.5506275835218867,-0.2222035801297818,-0.010030934549102748,0.4560941658575616,-0.11462752472248183
52.20298,-2.198836,121.15,7.15,2,261.22,22 / 23,13218910,2020-01-08 15:55:42:504,1.9995,-2.7616,10.2721,0.0043,-0.0066,9.8065,0.0261,0.3,-0.0068,-2.44,-30.25,30.13,357.57,-81.46,-178.23,-1.3563272251820615,3.119422732112665,0.4660575893692623,2.576492424174776,-0.06077198860184544,0.25403115975384744,0.029430467539442635,0.31688579892620616,-0.019785241951621194
52.20298,-2.198836,121.15,7.15,2,261.22,22 / 23,13219010,2020-01-08 15:55:42:604,1.1304,-3.5449,9.901,-0.0059,-0.0234,9.8065,0.0503,0.311,-0.0186,-3.56,-30.0,29.38,352.2,-81.26,-178.64,-0.352677489670519,3.6834257836047057,0.0952012340033648,2.9386014047826485,0.13422724878393077,-0.02681437186102209,0.0510275083485866,0.2851157043259685,-0.0018923410025786184
52.20298,-2.198836,121.15,7.15,2,261.22,22 / 23,13219110,2020-01-08 15:55:42:704,-0.471,0.0778,10.2086,0.0059,-0.0163,9.8066,0.0301,0.1996,-0.0265,-3.81,-29.37,29.38,352.13,-80.95,-178.7,0.4454671707282228,-0.1945069689687474,0.4020179832121741,-0.8258826045732358,1.6818764509337298,0.1589461950069185,0.026606528841286493,0.2231558290318019,-0.04087741479276645
52.20298,-2.198836,121.15,7.15,2,261.22,22 / 23,13219210,2020-01-08 15:55:42:804,-0.5287,-0.5721,10.0232,0.0161,-0.0225,9.8066,0.0344,0.1128,-0.0281,-4.12,-30.81,29.88,351.34,-80.76,-179.53,0.6501884381833088,0.4195819641489593,0.2167688405044666,-0.2748232041773222,1.1175625016236237,0.11434166468091761,0.038739385948092536,0.10194058466498815,-0.021327972143703345
52.20298,-2.198836,121.15,7.15,2,261.22,23 / 23,13219310,2020-01-08 15:55:42:904,0.1951,-2.2157,10.7129,0.0116,0.0004,9.8066,0.0946,0.0893,-0.0154,-4.37,-29.75,29.81,349.12,-80.52,178.63,0.2970993805991492,2.2035480664130165,0.9067849949437068,1.5001192365595561,1.4484222720738211,0.6233041289304376,0.09145358110350571,0.07879464915579294,-0.01016499851850963
52.20298,-2.198836,121.15,7.15,2,261.22,23 / 23,13219410,2020-01-08 15:55:43:004,-0.6905,-1.5865,10.3834,0.0125,-0.0245,9.8066,0.0595,-0.0009,-0.0052,-4.06,-29.62,29.88,347.55,-80.35,177.37,1.022292482909272,1.3742261713862551,0.5772103163183,0.711773622993366,1.4941130478163367,0.5087113855410684,0.06035667307349338,0.03782984905279975,-0.02591982095502006
52.20298,-2.198836,121.15,7.15,2,261.22,23 / 23,13219510,2020-01-08 15:55:43:104,0.8282,-1.0204,9.9002,0.014,-0.0209,9.8065,0.0336,0.0319,-0.06,-4.25,-29.19,30.19,345.67,-80.05,175.83,-0.5802978764891982,1.1511500863736936,0.0938585807689693,0.41644754926785965,0.45639817922218634,-0.24097832279624654,0.034035478742571346,-0.03965133793637966,-0.021497347668772655
52.20298,-2.198836,121.15,7.15,2,261.22,23 / 23,13219610,2020-01-08 15:55:43:204,-1.3227,-1.1906,10.3144,0.0227,-0.0027,9.8066,0.0345,-0.085,0.0352,-4.5,-29.94,30.5,343.37,-79.77,173.78,1.5692551090484694,0.8707819372294838,0.5081787387525605,0.20091144567071423,2.0699353250016035,0.48871532260228134,0.03637948824934452,0.02058467129610615,-0.021924584553898355
52.20298,-2.198836,121.15,7.15,2,261.22,23 / 23,13219710,2020-01-08 15:55:43:304,1.5476,-0.2549,10.4557,0.0165,-0.0175,9.8065,0.0436,0.2531,-0.1566,-4.62,-29.37,30.5,339.2,-79.55,172.1,-1.4443457427141884,0.5608790760544837,0.6491276049804602,-0.14784719195285045,-0.5441880808208415,0.25325156236703295,0.03364591494852494,0.11678156328699815,-0.08156320111672516
52.20298,-2.198836,121.15,7.15,2,261.22,23 / 23,13219810,2020-01-08 15:55:43:404,2.4874,0.0081,10.5298,0.0439,-0.0131,9.8065,0.0412,-0.0257,-0.0429,-4.5,-29.37,31.0,339.97,-79.4,171.0,-2.391016002878726,0.5044619407404314,0.7230941877253858,-0.21965175895287004,-1.8513362372427384,0.764839752702167,0.06585794271127977,0.13327124197245555,-0.13356299668316107
52.20298,-2.198836,121.15,7.15,2,261.22,23 / 23,13219909,2020-01-08 15:55:43:503,2.835,-0.997,10.8936,0.0047,-0.0082,9.8066,0.1414,0.2608,-0.185,-4.37,-29.56,31.44,338.39,-79.13,169.92,-2.551684971315866,1.5739277139298729,1.0869902890478038,0.9467968019702704,-1.7868321976633856,0.6255043845610779,0.09631636513536576,0.09132111606734492,-0.08282470394675509
52.20298,-2.198836,121.15,7.15,2,261.22,23 / 23,13220010,2020-01-08 15:55:43:604,-1.0453,-0.4174,9.5742,0.023,-0.0229,9.8065,0.0188,-0.0469,0.0291,-4.44,-28.19,30.81,339.16,-78.91,170.39,1.1281616234357204,0.1556555655139314,-0.2321230844431853,-0.6562574884896485,1.6898270062246068,-0.12327746411871143,0.08711843713491446,0.11836781739188781,-0.07838124552613626
52.20298,-2.198836,121.15,7.15,2,261.22,23 / 23,13220109,2020-01-08 15:55:43:703,-2.5728,-1.5884,10.7344,-0.0203,0.0074,9.8065,-0.0366,0.3179,-0.1998,-3.94,-28.25,31.56,339.96,-78.7,170.79,2.835767975154872,1.00955218107179,0.9284700774818906,0.496869164038819,3.4962575660961113,0.4040134121250726,-0.1260522791743493,0.17158230412297149,-0.09477607693483019
52.20298,-2.198836,121.15,7.15,2,261.22,23 / 23,13220210,2020-01-08 15:55:43:804,-2.4001,-1.2927,8.7728,0.0284,0.0299,9.8065,-0.2353,0.0135,0.011,-3.87,-28.25,30.19,337.91,-78.6,169.85,2.65618659088455,0.7697958814214853,-1.0332017205520083,-0.13166387742189525,3.19837295364172,-0.8583572856899179,-0.13274190660492455,0.13015777905551934,-0.08425369501053276
52.20298,-2.198836,121.15,7.15,2,261.22,23 / 23,13220310,2020-01-08 15:55:43:904,-2.0819,1.0233,13.0412,-0.0436,0.102,9.806,0.2652,0.474,-0.3392,-4.5,-27.5,30.38,338.62,-79.02,170.13,1.7921582861654164,-1.3386150384950646,3.2351596677820247,-1.7401062198990507,2.3951509578089247,2.657114798054855,0.16165480283403313,0.3887263250852442,-0.2572509932710656
52.20298,-2.198836,121.15,7.15,2,261.22,23 / 23,13220410,2020-01-08 15:55:44:004,3.6745,-0.2586,11.5674,0.0513,-0.09,9.8061,0.0515,0.3941,-0.1758,-4.56,-27.87,30.25,334.01,-78.97,168.34,-3.502461640392681,0.94322990582574,1.7610399462629371,-0.0122123020547521,-3.021086767759181,1.9943945479221719,0.14510080652446808,0.4587701405802647,-0.24802534241086516
52.20298,-2.198836,121.15,7.15,2,261.22,23 / 23,13220509,2020-01-08 15:55:44:103,-2.6255,0.8913,7.4132,0.0689,-0.058,9.8062,0.3582,0.2355,-0.243,-4.75,-27.25,30.81,334.42,-78.34,168.37,2.427622779706318,-1.5058702814997438,-2.392992516650826,-1.8320634444148425,3.00281140007442,-3.008140227347256,0.27812183162223464,0.1691244009269046,-0.16867784100894095
52.20298,-2.198836,121.15,7.15,2,261.22,23 / 23,13220610,2020-01-08 15:55:44:204,-0.4914,-1.7915,11.3914,0.0545,-0.0391,9.8064,0.2453,0.0542,-0.0958,-5.94,-25.75,31.81,334.39,-77.82,169.71,0.9096688504747632,1.5937437389621945,1.5854403322089203,0.6445990380904305,1.3257620082570243,1.8609745588268758,0.3185021933840324,0.14980336101485597,-0.1894557307834048
52.20298,-2.198836,121.15,7.15,2,261.22,23 / 23,13220709,2020-01-08 15:55:44:303,3.6911,-0.5297,10.4435,-0.005,-0.0795,9.8063,-0.0841,0.2394,-0.0853,-5.19,-25.31,32.44,338.22,-77.32,171.2,-3.5129727942934186,1.2341456078190076,0.6369975315928161,0.934393172809498,-2.9870155067847537,0.012875901147534896,-0.16418069472216024,0.09086910375202187,0.043763578314896544
52.20298,-2.198836,121.15,7.15,2,261.22,23 / 23,13220810,2020-01-08 15:55:44:404,3.5658,0.2782,8.0737,0.001,0.0527,9.8064,-0.3139,-0.0319,0.0412,-4.94,-25.94,32.19,336.45,-77.02,170.02,-3.52970205005883,0.5464981339713681,-1.7330440869684474,-0.33523894266209336,-3.122887805877117,-1.446067844345815,-0.2139369986898262,0.18142107153518672,-0.1303461936180155
52.20298,-2.198836,121.15,7.15,2,261.22,23 / 23,13220910,2020-01-08 15:55:44:504,7.0249,-0.844,13.3513,-0.0234,0.1034,9.806,0.007,0.6119,-0.5647,-5.06,-26.19,33.5,336.86,-77.5,169.42,-6.680275170006267,2.4397989832027345,3.5449338942440987,2.1286874313317994,-6.283035735011218,2.955699550334214,-0.11744495614125273,0.3381556558568261,-0.3574894610039939
52.20298,-2.198836,121.15,7.15,2,261.22,23 / 23,13221010,2020-01-08 15:55:44:604,0.8444,-0.8053,8.2956,0.0769,-0.0133,9.8062,-0.2062,0.036,0.0808,-4.5,-26.5,32.06,339.21,-77.46,170.36,-0.5790922408143373,0.9387874034280792,-1.5104843586722092,0.1654560644109384,-0.07903268385332929,-1.2572375700820844,-0.06385554091998734,0.34987873362738064,-0.1428331435237175
52.20298,-2.198836,121.15,7.15,2,261.22,23 / 23,13221110,2020-01-08 15:55:44:704,-3.0001,-0.335,8.2365,-0.0681,0.0439,9.8063,0.4099,0.7275,-0.4364,-5.81,-27.62,32.25,334.82,-77.49,170.54,2.945102472563821,-0.2599738039596998,-1.5694732547428756,-0.5940462228764285,3.11090977259701,-2.0702778228713052,0.26422730006938294,0.4051410171135583,-0.22075886332068176
52.20298,-2.198836,121.15,7.15,2,261.22,23 / 23,13221210,2020-01-08 15:55:44:804,-3.4122,-1.7834,8.7109,0.0843,-0.0768,9.8059,0.0674,0.0321,-0.025,-5.87,-26.94,31.69,334.73,-76.61,170.68,3.7817758654722176,0.9152267934862331,-1.094327204183813,0.2625186977385547,4.472064955515579,-0.9223003817502031,0.20077089247286758,0.3272046692670568,-0.21172441925370628
52.20298,-2.198836,121.15,7.15,2,261.22,23 / 23,13221310,2020-01-08 15:55:44:904,2.0251,0.5264,9.9211,-0.0237,-0.0485,9.8064,0.1844,0.6561,-0.257,-6.94,-27.44,32.19,334.68,-76.5,172.38,-2.124503112392462,-0.1210219495183952,0.1144017183852913,-0.46125212107452884,-2.2543939677048677,-0.251244820317645,0.07343263221124584,0.41994723270644724,-0.1110611057857435
52.20272,-2.199461,120.72,7.38,3,170.94,23 / 23,13221410,2020-01-08 15:55:45:004,5.1674,0.1754,11.2811,0.0478,-0.0269,9.8064,0.0678,0.2924,-0.1394,-7.12,-27.75,32.63,335.93,-76.53,173.04,-5.043572786301886,0.902762257344968,1.4742331552330663,0.3570010716774075,-4.133696464065457,1.5328923300844899,0.15447381027247725,0.4486956317325931,-0.24240306969948155
52.20272,-2.199461,120.72,7.38,3,170.94,23 / 23,13221510,2020-01-08 15:55:45:104,1.0574,0.6932,10.222,0.0203,-0.0048,9.8066,0.1437,0.4249,-0.2635,-7.31,-28.62,32.19,334.39,-76.29,172.59,-1.1629623160339295,-0.4588036172895375,0.4151571536744061,-0.767103843530779,-1.562071566392651,0.20890135583079178,0.07676576850618645,0.35522156230651897,-0.19891430558234555
52.20272,-2.199461,120.72,7.38,3,170.94,23 / 23,13221610,2020-01-08 15:55:45:204,3.141,1.3254,9.9518,0.0244,-0.0389,9.8065,0.0583,0.431,-0.0962,-7.56,-28.31,33.0,335.07,-76.2,174.11,-3.337047520956096,-0.6624104098062381,0.1447357311139899,-1.130647528887398,-2.2799051747356716,0.08430598736727041,0.11246569937524487,0.4207471086032347,-0.12955273768375922
52.20272,-2.199461,120.72,7.38,3,170.94,23 / 23,13221710,2020-01-08 15:55:45:304,-1.6669,-1.8295,9.1747,-0.0192,-0.0278,9.8066,0.1687,0.2971,-0.1067,-7.62,-28.31,32.81,337.42,-75.74,176.17,1.996590497754167,1.4054712554098605,-0.6313578418728942,1.1755620950737053,1.4548610278584735,-0.6818658602084697,0.1214590070629383,0.3706584910802838,-0.09741710011201245
52.20272,-2.199461,120.72,7.38,3,170.94,23 / 23,13221809,2020-01-08 15:55:45:403,-0.03,-0.1126,8.2178,-0.001,-0.025,9.8066,-0.0063,0.3914,-0.0529,-8.44,-28.62,33.06,340.03,-75.68,178.39,0.0473592120270308,0.0796392413791159,-1.5887777995266472,-0.34142411212554835,1.0952913065704921,-1.7480237594826407,0.037480604174355905,0.2769039253582777,-0.0445967793524163
52.20272,-2.199461,120.72,7.38,3,170.94,23 / 23,13221910,2020-01-08 15:55:45:504,-3.5981,-1.0752,10.6793,-0.0121,0.0181,9.8066,0.2184,0.1053,-0.0812,-8.44,-28.62,33.31,341.8,-75.77,179.72,3.737080059190576,0.2966272951199499,0.8732416956318487,0.1837571355290022,3.236295775716969,0.9522379784334801,0.17574523434177827,0.23607182653111336,-0.10031790865495657
52.20272,-2.199461,120.72,7.38,3,170.94,23 / 23,13222009,2020-01-08 15:55:45:603,0.7301,-1.4189,12.5901,0.0111,-0.0711,9.8063,0.1908,0.2325,-0.0847,-9.25,-28.12,34.0,343.37,-75.89,-178.14,-0.4127916704311925,1.4702942246104012,2.784044936760167,1.0809823351320036,0.4483341229305122,2.5632475185275707,0.2357501210773892,0.1097820263278159,-0.06344737535127039
52.20272,-2.199461,120.72,7.38,3,170.94,23 / 23,13222110,2020-01-08 15:55:45:704,-3.594,-1.076,10.7873,0.0205,-0.0262,9.8066,0.2318,-0.1614,-0.0242,-8.69,-28.31,33.63,345.19,-75.61,-176.63,3.75554795171648,0.2479954990293878,0.9812342201632148,0.2689664091729045,1.7058903390528648,1.1522913857556605,0.1790698592178,-0.06814506282186975,-0.03607874604983778
52.20272,-2.199461,120.72,7.38,3,170.94,23 / 23,13222210,2020-01-08 15:55:45:804,-2.625,-1.9484,11.3913,0.0261,-0.0392,9.8065,0.106,-0.1591,0.0845,-8.87,-28.19,33.63,346.74,-75.44,-175.39,2.9993537355896125,1.2942935747458375,1.585448895794587,0.9463094905032104,2.551753461999089,1.3445541816228284,0.17269598786394758,-0.20756894310707316,0.07377900586503508
52.20272,-2.199461,120.72,7.38,3,170.94,24 / 24,13222310,2020-01-08 15:55:45:904,-1.3279,2.1527,8.3516,0.0565,-0.0008,9.8064,0.106,-0.4001,0.2927,-8.0,-27.62,34.19,348.07,-74.91,-175.82,0.8892493751767041,-2.400474633123548,-1.455172063530018,-2.255800121340961,0.8821862677098358,-1.2276325076671004,0.02155154114130632,-0.40205644726100775,0.33698265282457474
52.20272,-2.199461,120.72,7.38,3,170.94,24 / 24,13222410,2020-01-08 15:55:46:004,-1.314,2.5267,8.276,0.0223,0.014,9.8066,-0.1922,-0.138,-0.0679,-7.19,-27.87,33.0,347.47,-74.75,-177.41,0.765061671031253,-2.740919589580636,-1.5310570802461898,-3.0136199360880225,0.989494944338912,-1.758693815964501,-0.09191206548697621,-0.09242452115757885,-0.14845783551188152
52.20272,-2.199461,120.72,7.38,3,170.94,24 / 24,13222510,2020-01-08 15:55:46:104,3.1157,0.4602,11.6347,-0.0442,-0.0665,9.8062,-0.103,0.3598,-0.672,-6.75,-27.69,33.81,346.39,-75.01,-178.71,-3.199481560803714,0.1645720835913147,1.828121145159543,0.4013817214565289,-1.7505217047453372,2.0886770410762243,-0.2095928091729201,0.28886550188697563,-0.564400931326518
52.20272,-2.199461,120.72,7.38,3,170.94,24 / 24,13222609,2020-01-08 15:55:46:203,-3.1247,-1.3512,8.7607,0.0367,-0.0668,9.8063,-0.1814,-0.1812,0.1492,-5.87,-28.5,33.81,346.19,-74.75,179.59,3.3637387962681493,0.5749298922940003,-1.0450500511589431,0.4263344568264716,1.9818811092899098,-1.241478784211194,-0.0848904111823233,-0.1072622123789269,0.032108900658056855
52.20272,-2.199461,120.72,7.38,3,170.94,24 / 24,13222710,2020-01-08 15:55:46:304,-1.5055,-0.1712,6.4404,-0.0169,0.0517,9.8065,0.4719,-0.0777,0.0465,-5.31,-27.19,34.56,349.11,-74.57,179.82,1.5021466007928437,-0.1016544358279573,-3.365927144993338,0.18618074448367405,1.8951668551888021,-3.079809865614715,0.4041674413428761,-0.13975807455579747,0.15705674474427486
52.20272,-2.199461,120.72,7.38,3,170.94,24 / 24,13222810,2020-01-08 15:55:46:404,0.0805,-0.3275,9.4609,0.033,0.0189,9.8065,0.2551,-0.1633,0.0019,-4.87,-26.56,34.81,349.63,-74.3,-179.73,0.0281255673289431,0.3485821230607729,-0.3455257239987622,0.3743036695973118,-0.0961964712596044,-0.5091527203015213,0.28072324751518507,-0.1116258189915133,-0.09594801968296315
52.20272,-2.199461,120.72,7.38,3,170.94,24 / 24,13222910,2020-01-08 15:55:46:504,-0.6591,-0.6234,8.6932,-0.0075,0.0356,9.8065,-0.0679,-0.2695,-0.0525,-5.19,-26.25,34.75,348.64,-74.46,179.4,0.7781817861162338,0.5037332492585621,-1.113097646816469,0.8060709973749994,1.186274739962362,-0.7938952707323701,-0.050164544496500145,-0.3291724713099058,0.037357952009009265
52.20272,-2.199461,120.72,7.38,3,170.94,24 / 24,13223010,2020-01-08 15:55:46:604,-1.5843,-1.3499,9.4617,0.0169,0.0265,9.8065,0.0527,-0.2337,0.1087,-6.12,-26.81,34.88,345.05,-74.52,178.31,1.8597081943594067,1.0000543373368762,-0.3443576544904669,1.2370563112803326,1.741960183653829,-0.4881004480357841,0.003890144863001238,-0.1392140988709571,0.016210076580929045
52.20272,-2.199461,120.72,7.38,3,170.94,24 / 24,13223110,2020-01-08 15:55:46:704,1.7353,0.3598,9.8396,0.0004,0.012,9.8066,0.0167,-0.1179,-0.1219,-6.19,-27.25,34.19,344.08,-74.32,177.98,-1.7691095048063743,0.0333010617082259,0.0327787933403396,0.3325887478178207,-1.4152894192971783,0.40548578808742464,0.07464087024401414,-0.2689191950685986,-0.016608349988140803
52.20272,-2.199461,120.72,7.38,3,170.94,24 / 24,13223210,2020-01-08 15:55:46:804,-1.9752,-3.273,12.3041,0.0367,0.0619,9.8063,0.1519,-0.321,0.2022,-5.62,-27.87,34.19,341.85,-74.53,176.35,2.681484446754096,2.823889839070316,2.4987180310333765,3.2824457585569293,1.911796613920338,2.349936391221272,0.11008378703446663,-0.10947650440670245,0.078963414595042
52.20272,-2.199461,120.72,7.38,3,170.94,22 / 22,13223311,2020-01-08 15:55:46:905,-1.1508,-1.9982,9.6858,0.0159,-0.0094,9.8066,0.0056,0.3728,-0.1026,-6.06,-27.5,34.0,341.87,-74.4,176.27,1.5669950265379264,1.6914999980589926,-0.120255201017798,1.9999157591817864,1.9067097087702956,0.33531789051663885,0.009610795987321466,0.12058722987133876,0.03623743344636405
52.20272,-2.199461,120.72,7.38,3,170.94,22 / 22,13223410,2020-01-08 15:55:47:004,-6.7132,-0.7851,9.8661,-0.0324,0.0076,9.8065,-0.0105,-0.3219,-0.1909,-5.25,-27.25,34.19,343.81,-74.25,176.17,6.694996915442248,-0.6621109185251699,0.0603284658226775,-0.004765401952467829,1.8459188977067196,-0.12366100271698949,0.034885633374183246,-0.0688202985732186,-0.3341146160688692
52.20272,-2.199461,120.72,7.38,3,170.94,22 / 22,13223509,2020-01-08 15:55:47:103,-1.4735,-0.5304,10.5852,-0.0609,-0.0055,9.8064,0.0598,0.468,-0.5402,-5.87,-26.94,33.31,340.8,-74.43,175.85,1.4923146652330703,0.2087826242013866,0.7790346370745602,0.5679206289067955,1.969535518746421,1.3449460692838384,-0.03181468428825354,0.26163597348041595,-0.4127443746688163
52.20272,-2.199461,120.72,7.38,3,170.94,22 / 22,13223610,2020-01-08 15:55:47:204,3.6488,1.6712,10.1066,0.0614,-0.0057,9.8064,-0.163,0.2806,-0.0337,-4.87,-27.81,33.75,340.93,-74.4,174.07,-3.864062975642185,-0.8665181099165294,0.2995264520170952,-0.057888268161783066,-4.270938644014617,0.060384249038493876,-0.04392139388154593,0.39999435257566707,-0.12012163646681273
52.20272,-2.199461,120.72,7.38,3,170.94,22 / 22,13223709,2020-01-08 15:55:47:303,-0.6391,-1.4522,12.6631,-0.0204,0.0188,9.8065,0.228,0.2736,-0.3063,-5.19,-27.19,33.06,339.46,-74.65,173.08,0.9201063332908592,1.303014958813726,2.856982779532581,1.7670755140473782,1.7428520175983746,3.5392930007439394,0.11136931012997275,0.2624772421510302,-0.2825898680702995
52.20272,-2.199461,120.72,7.38,3,170.94,22 / 22,13223810,2020-01-08 15:55:47:404,-0.4068,3.0287,8.7349,0.0156,-0.0631,9.8063,-0.1609,0.1224,-0.0469,-4.19,-27.37,32.31,339.45,-74.38,171.83,-0.2520254302536803,-3.110098254265094,-1.0720629605217529,-2.198611979058484,-1.111798188357956,-1.3546089525701612,-0.07826178307955856,0.02794706002594893,1.065258338427133e-05
52.20272,-2.199461,120.72,7.38,3,170.94,22 / 22,13223910,2020-01-08 15:55:47:504,3.8249,3.0163,6.2417,0.0587,0.0729,9.8061,0.1945,-0.3629,0.4802,-3.25,-27.19,32.38,341.64,-74.46,171.7,-4.310461156297244,-2.064181798637398,-3.56537396106309,-1.4562539787433217,-2.9709365677103694,-2.8017924889254804,0.16740689353253488,-0.18798642777414096,0.3735278198257616
52.20272,-2.199461,120.72,7.38,3,170.94,22 / 22,13224010,2020-01-08 15:55:47:604,-3.0316,1.1452,10.3383,-0.0491,0.0863,9.806,0.3127,0.1679,-0.3014,-1.94,-26.31,33.5,344.69,-74.85,171.59,2.6850471570586185,-1.675437390177413,0.5323063647627444,-0.6832319743644764,1.2556947355209225,0.2632628906225025,0.2810595856795291,-0.047423547654216636,-0.1601983581872785
52.20272,-2.199461,120.72,7.38,3,170.94,22 / 22,13224112,2020-01-08 15:55:47:706,-0.1151,2.4168,7.1799,0.0138,-0.0692,9.8064,-0.2422,-0.4504,0.0321,-3.19,-26.75,33.25,340.44,-74.14,170.62,-0.4082251614116932,-2.4550503367402152,-2.62705034623666,-1.701098132647477,1.4947408291371587,-1.8610633153265608,-0.1672681178782132,-0.23806857424898853,-0.114854911608755
52.20272,-2.199461,120.72,7.38,3,170.94,22 / 22,13224210,2020-01-08 15:55:47:804,-2.3827,0.3446,10.6302,0.0452,0.0351,9.8064,0.0409,-0.1128,0.4421,-4.12,-26.75,33.88,337.42,-74.34,169.6,2.3044862898810607,-0.8243892499885119,0.8239298539642792,0.26376044624168027,0.3401543075884127,0.6589302212680334,-0.05116817392948805,-0.28702968038060483,0.5714688267085668
52.20272,-2.199461,120.72,7.38,3,170.94,22 / 22,13224310,2020-01-08 15:55:47:904,3.5921,3.6889,8.0759,0.0884,0.0301,9.8062,0.0285,-0.3329,0.6424,-5.19,-27.06,33.06,337.59,-74.43,171.72,-4.2081347410263765,-2.8196590647064737,-1.7314138673885813,-1.9519685419869734,-1.859379277052682,-1.0593535998327561,0.11150124904440467,-0.21640606845133503,0.5459974383069229
52.20272,-2.199461,120.72,7.38,3,170.94,22 / 22,13224409,2020-01-08 15:55:48:003,-1.8267,0.6595,9.5323,-0.0437,0.0335,9.8065,0.067,-0.3015,-0.1013,-5.25,-27.19,33.75,338.16,-74.54,171.73,1.6067647135699104,-0.9946231052681688,-0.2741945909264215,0.22563222063129396,-0.6994612320396415,-0.24953999214643752,0.01185087180496314,-0.35665448369834163,-0.045804865308738715
52.20272,-2.199461,120.72,7.38,3,170.94,22 / 22,13224510,2020-01-08 15:55:48:104,1.6747,2.6966,9.1788,-0.0169,-0.0094,9.8065,-0.0282,-0.1776,-0.0225,-6.19,-27.12,33.63,335.01,-74.58,170.88,-2.2337115132632395,-2.278933426344473,-0.6284498100923323,-1.335955260288689,0.3046537909217454,-0.11835441812158809,-0.009665604441389725,-0.17627466386469764,-0.03701148951613531
52.20272,-2.199461,120.72,7.38,3,170.94,22 / 22,13224610,2020-01-08 15:55:48:204,-3.6056,1.383,9.3043,0.0523,-0.0158,9.8064,0.0433,-0.2174,0.526,-6.06,-26.69,33.75,335.94,-74.38,171.69,3.271715005256417,-2.1523800686555186,-0.5021147522573489,-0.7785092593101186,0.9194001117084758,-0.25319262108253426,0.06071064382005711,-0.17673998839670485,0.5065971663372297
52.20272,-2.199461,120.72,7.38,3,170.94,22 / 22,13224710,2020-01-08 15:55:48:304,5.2767,0.5917,9.756,0.0353,0.0176,9.8065,0.1734,-0.3319,0.3541,-5.62,-27.56,33.13,337.07,-74.22,173.26,-5.242259242036853,0.5661500344897777,-0.0510607258704948,1.576578595341709,-2.828956819341853,0.2965875178256563,0.1277658601671189,-0.4030304209147042,0.3978504341146889
52.20272,-2.199461,120.72,7.38,3,170.94,22 / 22,13224810,2020-01-08 15:55:48:404,-0.5851,2.1259,8.0951,-0.0003,-0.0261,9.8066,-0.0813,-0.4524,0.1848,-6.19,-27.94,32.81,338.82,-74.17,174.6,0.1087014814097592,-2.227056643555504,-1.7119374942837766,-0.7243016113094791,-1.9874830047722327,-1.2813404669104274,-0.01830792993436893,-0.36109652419816607,0.12334722261475466
52.20272,-2.199461,120.72,7.38,3,170.94,22 / 22,13224910,2020-01-08 15:55:48:504,5.5452,2.9507,9.6503,-0.0001,0.0108,9.8066,0.0788,-0.1749,0.2111,-6.31,-28.25,32.81,339.38,-74.16,175.03,-6.047648265065659,-1.6789768654523505,-0.1574196217887584,-0.5573508426745455,-4.0293737068924145,0.10382975241659476,0.00786618103664729,-0.275989371515973,0.2876011954291938
52.20272,-2.199461,120.72,7.38,3,170.94,22 / 22,13225010,2020-01-08 15:55:48:604,-0.0116,-0.2075,10.6574,0.0277,0.0046,9.8065,-0.0069,-0.1648,0.2157,-7.81,-28.19,32.63,336.61,-74.16,176.19,0.0838694837915176,0.1985192425908572,0.850951073804892,1.7524437427081683,-1.5471994613062225,1.3535434373653974,0.06713503855426059,-0.06521676253951995,0.1261732888800651
52.20272,-2.199461,120.72,7.38,3,170.94,22 / 22,13225109,2020-01-08 15:55:48:703,2.182,-0.6773,11.0999,-0.0173,-0.0526,9.8064,-0.0162,0.4175,-0.2821,-7.19,-28.56,33.56,339.92,-74.13,176.78,-2.013741447961149,1.082644623590077,1.2934600224880672,2.402070935221097,-0.5298459789489569,1.592492474629585,-0.09292905572915822,0.33034513946580507,-0.18426238368490502
52.20272,-2.199461,120.72,7.38,3,170.94,22 / 22,13225210,2020-01-08 15:55:48:804,0.928,2.0353,8.1057,0.0126,-0.0308,9.8065,-0.1452,0.3213,-0.0399,-7.69,-28.37,32.69,337.34,-73.81,176.89,-1.337954541728361,-1.820648700698181,-1.7013415186006822,-0.32290195615645145,-2.4509462626274927,-1.2597855402643994,-0.06473572075813032,0.38857134010791206,-0.1387964024509601
52.20272,-2.199461,120.72,7.38,3,170.94,23 / 23,13225310,2020-01-08 15:55:48:904,-2.8394,2.3569,8.4878,-0.0615,0.0528,9.8063,0.0839,0.2391,-0.2184,-7.25,-28.19,33.5,341.83,-74.16,178.06,2.217771908155445,-2.8471607644955763,-1.3187914219138372,-1.235616004123942,2.973727582949098,-0.8638197987123546,0.0006945505620964941,0.1928331128925319,-0.12531891151452185
52.20272,-2.199461,120.72,7.38,3,170.94,23 / 23,13225410,2020-01-08 15:55:49:004,-3.7291,5.186,6.6907,-0.0045,-0.0088,9.8066,-0.0055,0.0313,-0.1194,-7.87,-28.25,32.88,339.0,-74.21,177.99,2.521113875602319,-5.87343004400929,-3.116765848499768,-4.525945136773472,1.3025358578845356,-2.834079095488537,0.07567123943436879,0.06258152792550042,-0.202972425544723
52.20272,-2.199461,120.72,7.38,3,170.94,23 / 23,13225510,2020-01-08 15:55:49:104,-0.587,3.2432,8.8817,-0.0488,0.0326,9.8064,0.3656,0.139,-0.2449,-8.69,-28.37,33.0,335.98,-74.32,177.23,-0.1644920830353534,-3.2510452841484723,-0.9253802488894332,-1.2907335099133148,0.45377439069317965,-0.25836247836636794,0.2942709494988149,0.11071403918078032,-0.17017630414148455
52.20272,-2.199461,120.72,7.38,3,170.94,23 / 23,13225610,2020-01-08 15:55:49:204,1.0326,-0.0337,12.4106,-0.0112,0.0648,9.8064,0.2398,0.172,0.0619,-8.0,-28.69,33.06,338.1,-74.52,177.35,-0.9985531322958406,0.3200689952944666,2.604136288720957,1.4787593621096038,-1.4775608747521782,2.711998753529244,0.29286859951002764,0.21259078991108946,-0.008973320195067368
52.20272,-2.199461,120.72,7.38,3,170.94,23 / 23,13225710,2020-01-08 15:55:49:304,0.7205,0.9999,10.4736,-0.0388,0.0352,9.8064,0.101,0.1568,-0.0899,-8.75,-28.44,33.0,337.33,-74.56,178.17,-0.9490265545465668,-0.7790410667969918,0.6669198115285497,1.5156996932533935,-0.4815103507977671,1.5089914503718842,0.07291568246633476,0.0895790030533206,-0.01437187721152455
52.20272,-2.199461,120.72,7.38,3,170.94,23 / 23,13225810,2020-01-08 15:55:49:404,0.7735,-1.8653,10.693,-0.0449,0.0029,9.8065,0.0235,-0.0172,-0.1598,-8.31,-29.0,33.31,340.35,-74.79,178.96,-0.3977454405541336,2.000280016444731,0.8868542554051737,3.0068438830398776,-0.8599073319025686,0.8967360018842025,0.02276822392257714,0.08490503361705808,-0.249553359160118
52.20272,-2.199461,120.72,7.38,3,170.94,23 / 23,13225910,2020-01-08 15:55:49:504,-1.2157,2.9975,7.2429,-0.0648,0.0258,9.8063,0.2272,0.218,-0.2435,-8.62,-28.69,33.06,339.22,-75.13,179.56,0.4854523035605579,-3.1491197144615204,-2.5639758861887816,-0.6079445234997931,0.9684869935246208,-1.6654741544314349,0.25679385957205525,0.08255105464799634,-0.13309259248313465
52.20272,-2.199461,120.72,7.38,3,170.94,23 / 23,13226010,2020-01-08 15:55:49:604,-1.1654,-1.9406,11.5464,-0.0082,0.0624,9.8063,0.3525,-0.1632,0.2039,-8.87,-27.94,33.25,339.13,-74.87,179.43,1.5605301426889082,1.7070330866639556,1.7406471683813078,2.658624592520558,0.9862476522687957,1.7892370371916435,0.29877903439485864,-0.006244946515227716,0.07328722998255892
52.20272,-2.199461,120.72,7.38,3,170.94,23 / 23,13226110,2020-01-08 15:55:49:704,3.5857,0.2623,8.3404,-0.025,0.009,9.8066,-0.0916,0.1202,-0.0671,-9.37,-28.37,32.44,339.79,-74.54,-179.36,-3.580539686782471,0.5291618972039465,-1.4665541442180705,3.1853117047550827,-3.011780562401645,-0.6612015885554395,-0.022938556125306306,-0.03917326449536509,0.07583209796745065
52.20272,-2.199461,120.72,7.38,3,170.94,23 / 23,13226210,2020-01-08 15:55:49:804,-0.6287,0.0902,9.0421,0.0115,0.0263,9.8066,-0.072,-0.3464,0.313,-9.31,-29.06,32.19,340.33,-74.74,-178.87,0.6115916459346071,-0.1998835042155622,-0.7644617344023867,0.8135009614074049,-0.09808516709131754,-0.5424445115274381,-0.1441631954589694,-0.2052492033813564,0.1702326360230998
52.20272,-2.199461,120.72,7.38,3,170.94,21 / 22,13226310,2020-01-08 15:55:49:904,1.683,2.8204,9.64,-0.0071,0.0231,9.8066,-0.0563,0.0838,-0.0137,-9.5,-29.37,32.44,341.87,-74.92,-177.77,-2.251934018377001,-2.368514559423848,-0.1673703040376884,0.2735023498747076,-1.6296481172542154,0.42914077657390326,0.0077921889151891695,-0.02344186105842483,0.11600327099393892
52.20272,-2.199461,120.72,7.38,3,170.94,21 / 22,13226410,2020-01-08 15:55:50:004,-0.4261,2.0355,9.6327,0.0077,0.0325,9.8065,-0.0222,0.0619,0.1083,-9.87,-28.94,32.88,341.41,-75.39,-177.28,-0.0069333395059371,-2.049389781740228,-0.174216334773866,-0.8820625559711085,-0.78796721656721,0.29490581559811546,-0.06720243926191993,0.1288405262566735,0.0017920153517112132
52.20272,-2.199461,120.72,7.38,3,170.94,21 / 22,13226510,2020-01-08 15:55:50:104,1.203,2.9344,11.5807,0.0239,-0.0289,9.8065,-0.3063,-0.1413,0.0462,-9.5,-29.5,32.75,343.89,-75.4,-176.95,-1.788819800400698,-2.6408832140907137,1.7734342139555992,-0.10213833237322378,-1.2092584208204156,2.1249072096560835,-0.2901428680239647,-0.17025724931042516,0.1231718782036165
52.20272,-2.199461,120.72,7.38,3,170.94,21 / 22,13226610,2020-01-08 15:55:50:204,-0.247,0.8018,9.0732,0.0526,-0.0302,9.8064,-0.2193,-0.0503,0.2345,-10.12,-28.81,31.38,340.09,-75.63,-177.12,0.1138226320539847,-0.8768063531291864,-0.7333630939341029,0.4849655062320519,-0.6378695418832512,-0.03090851032143438,-0.20043766692473952,-0.05319289581625419,0.1899648007094133
52.20272,-2.199461,120.72,7.38,3,170.94,21 / 22,13226710,2020-01-08 15:55:50:304,1.4738,2.2744,10.4879,0.0199,0.0003,9.8066,-0.0271,0.1774,0.0178,-9.94,-29.56,32.13,341.06,-75.69,-176.91,-1.9088866938088431,-1.9084992789805997,0.6806671744179205,0.49285379192439405,-1.4776803355992518,0.8350929789296275,-0.0807384079097971,0.2069731711527265,0.030477113808378614
52.20272,-2.199461,120.72,7.38,3,170.94,21 / 22,13226810,2020-01-08 15:55:50:404,-0.2726,1.8942,8.2945,0.028,-0.0319,9.8065,-0.1978,0.1048,0.019,-10.5,-28.87,31.94,341.31,-75.67,-176.84,-0.1203141220770643,-1.9453807799589131,-1.5124098991329296,-0.40301672894569146,-0.7554809670527063,-0.6613970147756262,-0.11708874768666805,0.05195769438820479,0.03338655152775569
52.20272,-2.199461,120.72,7.38,3,170.94,21 / 22,13226909,2020-01-08 15:55:50:503,-2.0757,0.7857,10.5216,0.0107,0.024,9.8066,-0.0431,-0.0763,0.1641,-10.69,-29.0,31.75,339.77,-75.82,-176.51,1.8737697401678937,-1.1925767139210497,0.7149997148561749,1.0843780099726306,2.0807206732193366,0.7707590513666152,-0.13715280070944952,-0.004437768638901832,0.1313785473648615
52.20272,-2.199461,120.72,7.38,3,170.94,21 / 22,13227010,2020-01-08 15:55:50:604,1.1937,1.8407,8.2186,-0.0045,0.004,9.8066,-0.1964,0.0972,-0.118,-10.75,-29.5,31.38,339.23,-76.18,-176.38,-1.5648392657116592,-1.5358380776404654,-1.588513015922952,0.13549071299119136,-2.033157956463458,-0.6994222509840216,-0.10575027429927344,0.013902895772875068,-0.07696777944407482
52.20272,-2.199461,120.72,7.38,3,170.94,21 / 22,13227109,2020-01-08 15:55:50:703,-0.6128,2.3232,8.6516,-0.0382,0.0104,9.8065,0.1191,-0.135,-0.0365,-11.37,-29.31,30.88,339.15,-76.43,-176.54,0.06409887374018,-2.382016748625273,-1.1553746377924017,-0.19124685881799497,0.0068978866677444906,-1.0989997427028881,0.04779984202523717,-0.051218864781969256,-0.07819372456044188
52.20272,-2.199461,120.72,7.38,3,170.94,21 / 22,13227210,2020-01-08 15:55:50:804,0.1256,0.4312,8.0507,0.0086,-0.0101,9.8066,0.1086,0.0099,0.1401,-10.37,-29.0,31.63,343.47,-76.46,-175.43,-0.2089103351985649,-0.4054723024159046,-1.7560091639341648,1.3298343419974679,-0.48743155782501013,-0.9185558307472468,0.14947753982944306,-0.06245525166508433,0.17879211488728217
52.20272,-2.199461,120.72,7.38,3,170.94,21 / 22,13227311,2020-01-08 15:55:50:905,-0.8322,2.0988,6.6319,-0.0289,0.1093,9.8059,0.2953,-0.3521,0.165,-10.94,-29.44,30.88,341.09,-76.29,-174.97,0.3572157405467739,-2.115033772016225,-3.1743828058279986,0.029546713158120685,0.011200917143031008,-3.0542557843140834,0.28763188375127974,-0.3005417575932835,0.13087604177533232
52.20272,-2.199461,120.72,7.38,3,170.94,21 / 22,13227410,2020-01-08 15:55:51:004,-4.0758,1.5882,9.6996,-0.0477,0.099,9.8059,0.1932,-0.4053,0.1218,-11.37,-29.25,31.56,341.78,-77.0,-175.35,3.61377331505461,-2.320333526838476,-0.1063047112245435,-0.5789689649300573,1.933006129186154,0.6339467672965192,0.174560556805406,-0.43176323734822447,0.14849524134480493
52.20272,-2.199461,120.72,7.38,3,170.94,21 / 22,13227511,2020-01-08 15:55:51:105,-2.0911,1.7221,7.6849,0.0579,-0.0317,9.8064,-0.2703,-0.1549,0.2231,-10.5,-29.62,30.81,341.08,-76.79,-176.65,1.7219861183963163,-2.1743620252655367,-2.121718944896694,-0.04955798102681622,1.0530466813445638,-1.9187708325386306,-0.23986232466751412,-0.15315996633707343,0.2094979862461837
52.20272,-2.199461,120.72,7.38,3,170.94,21 / 22,13227609,2020-01-08 15:55:51:203,-1.7293,1.2282,7.9784,0.0194,0.0041,9.8065,-0.2096,-0.143,-0.0358,-10.62,-29.81,30.75,339.73,-76.92,-176.14,1.4448851742040203,-1.571049153353303,-1.8282323433068584,0.135696279711003,1.6274519426419052,-1.1929186915120678,-0.23537905397843067,-0.12205197196962086,-0.04175899682896478
52.20272,-2.199461,120.72,7.38,3,170.94,21 / 22,13227710,2020-01-08 15:55:51:304,-3.137,2.2293,10.2767,0.002,-0.0239,9.8065,-0.1495,-0.166,-0.1003,-10.44,-29.87,31.25,340.47,-77.29,-177.31,2.581140720134237,-2.87544416140054,0.469949718089556,-0.7623270897863654,1.539592452971502,0.7478187070312006,-0.14031254819336864,-0.2083970349393699,-0.07165097974229634
52.20272,-2.199461,120.72,7.38,3,170.94,21 / 22,13227810,2020-01-08 15:55:51:404,-2.6321,2.2224,8.5516,0.0347,-0.0033,9.8066,-0.1188,-0.0337,0.0781,-9.19,-30.06,30.56,341.16,-77.43,-178.48,2.126116234862144,-2.7467221194756437,-1.2552828702084824,-1.0974331554756436,2.6057191286372,-0.7175383078313591,-0.10768916926848472,0.02899872340678661,0.030035399855817435
52.20272,-2.199461,120.72,7.38,3,170.94,21 / 22,13227910,2020-01-08 15:55:51:504,-3.971,2.7777,10.7138,-0.005,0.0101,9.8066,0.0123,0.2049,-0.1593,-10.06,-29.12,30.44,338.52,-77.65,-178.46,3.278159537339464,-3.555696422084337,0.9069016494234408,-1.461547876444583,1.8182075293420141,1.247974871784594,-0.014978167181104729,0.12595218661140464,-0.10129492709425887
52.20272,-2.199461,120.72,7.38,3,170.94,21 / 22,13228010,2020-01-08 15:55:51:604,-0.0224,3.1502,9.7067,-0.0059,-0.0068,9.8066,-0.124,-0.0283,-0.1569,-9.62,-29.81,30.31,337.22,-77.88,-179.45,-0.6625766439704283,-3.086708742156535,-0.1006110926255452,-1.5046616678678615,0.14150901166713326,0.3428422319394523,-0.08889645881671955,0.057663145096094014,-0.21199941464974667
52.20272,-2.199461,120.72,7.38,3,170.94,21 / 22,13228110,2020-01-08 15:55:51:704,-1.3701,3.7767,9.2525,-0.0507,0.0464,9.8064,0.0866,0.1508,-0.2855,-8.81,-30.31,30.75,339.13,-78.48,179.5,0.4866667636139191,-3.926613941638331,-0.5546332793161978,-1.8681575233539967,-1.3978311971700637,-0.15312257785782601,0.05122034972609468,0.07201268659655885,-0.24607776096520934
52.20272,-2.199461,120.72,7.38,3,170.94,21 / 22,13228210,2020-01-08 15:55:51:804,-0.8455,3.3228,10.2468,0.0013,0.0472,9.8065,0.104,0.0305,-0.1423,-8.0,-30.56,30.5,338.56,-78.63,177.43,0.122742282875489,-3.3811461234204754,0.4396304289664279,-1.868551017018584,1.2215228230003767,0.7824041015902312,0.1366755927211855,0.08517128336764408,-0.1562274442750202
52.20272,-2.199461,120.72,7.38,3,170.94,22 / 22,13228310,2020-01-08 15:55:51:904,-4.3929,2.3952,8.7898,-0.0053,0.016,9.8066,-0.0443,0.0576,-0.0838,-8.69,-30.37,30.31,333.87,-78.74,175.75,3.773649130644626,-3.2666252880033344,-1.016975961644221,-1.2653291644332625,-0.24193700869843676,-0.5496303954020292,-0.07613716861129549,0.04367821613875594,-0.100371715349998
52.20272,-2.199461,120.72,7.38,3,170.94,22 / 22,13228409,2020-01-08 15:55:52:003,-1.4795,3.6637,9.1461,-0.0211,0.0355,9.8065,-0.1156,0.0567,-0.2279,-7.81,-30.62,30.69,335.27,-79.05,174.56,0.6443801765302168,-3.8567624407076457,-0.6610988005144871,-2.4112052709148166,1.9261150673238892,-0.42936087260238553,-0.08105371572838084,0.017131717789053303,-0.180939409877948
52.20272,-2.199461,120.72,7.38,3,170.94,22 / 22,13228510,2020-01-08 15:55:52:104,-7.2813,2.051,10.7097,-0.0395,-0.0036,9.8065,-0.0541,0.1936,-0.1432,-7.0,-30.19,29.63,336.29,-79.46,173.9,6.630647457592946,-3.56361111497199,0.903332028859968,-1.6439708698393893,4.182881680927594,1.4412189790834513,-0.09256327956989824,0.2913900288718998,-0.21661930747224376
52.20272,-2.199461,120.72,7.38,3,170.94,22 / 22,13228609,2020-01-08 15:55:52:203,1.4109,3.4156,10.2257,-0.0401,-0.0357,9.8064,-0.1321,0.4544,-0.3682,-7.0,-31.12,29.38,335.18,-79.59,173.65,-2.1590996164436573,-3.0587438591568463,0.4184017570985283,-1.6736673083944351,-0.8823008382400459,0.5352686574735711,-0.09287924736258069,0.30495001885480133,-0.2740752816870842
52.20272,-2.199461,120.72,7.38,3,170.94,22 / 22,13228710,2020-01-08 15:55:52:304,-4.9435,2.6295,10.7085,-0.0349,0.0342,9.8065,0.1803,-0.2544,-0.1331,-7.0,-30.62,29.31,333.45,-79.62,172.22,4.235761673583609,-3.590067862479071,0.9018180733358174,-1.7790124163031025,1.793950526144167,1.5036774091569802,0.14673623598547364,-0.07084060235660326,-0.2419254000688692
52.20272,-2.199461,120.72,7.38,3,170.94,22 / 22,13228811,2020-01-08 15:55:52:405,0.8008,1.8787,10.6096,-0.0221,-0.0017,9.8066,0.1726,0.0712,-0.178,-6.94,-30.12,29.81,333.34,-79.68,171.36,-1.2080175557855903,-1.659684362617599,0.8025079260645496,-0.325602236868311,-0.15839904734466964,0.8164176779713008,0.1940892106052296,-0.12284880318291964,-0.060354807649251885
52.20272,-2.199461,120.72,7.38,3,170.94,22 / 22,13228910,2020-01-08 15:55:52:504,-0.8667,2.9385,7.565,0.0153,0.0438,9.8065,0.1262,-0.3114,0.1021,-5.94,-30.44,29.88,333.79,-79.39,170.07,0.2393520970161529,-3.016176275134239,-2.242080638819959,-1.340020841254058,-1.9797323681262593,-1.600399267571417,0.12021055576739326,-0.12965609323965177,-0.017865731146245383
52.20272,-2.199461,120.72,7.38,3,170.94,22 / 22,13229010,2020-01-08 15:55:52:604,1.7118,2.9004,9.835,-0.0406,0.032,9.8064,0.1251,-0.0386,-0.135,-5.37,-30.75,30.44,334.46,-79.54,168.88,-2.328087793165179,-2.424598150937865,0.0278085199888956,-1.133731957172181,-1.70004434266526,-0.031462529980891274,0.11607506031289441,-0.19140720067192463,-0.02048193064739165
52.20272,-2.199461,120.72,7.38,3,170.94,22 / 22,13229110,2020-01-08 15:55:52:704,-1.951,3.0413,8.457,0.0128,0.0148,9.8066,0.0227,-0.3457,0.1608,-4.81,-30.44,30.63,334.02,-79.49,167.95,1.2674072507454763,-3.3776447221510137,-1.3501214173855598,-1.8559534935992925,-0.5687250391573627,-0.7075322370004368,0.0434247756798402,-0.22989743003055121,0.06005608209339687
52.20272,-2.199461,120.72,7.38,3,170.94,22 / 22,13229209,2020-01-08 15:55:52:803,-2.0778,2.825,9.5386,-0.0253,0.0161,9.8066,0.0595,-0.1793,-0.0653,-4.81,-30.69,30.44,333.9,-79.5,168.44,1.4006743286600236,-3.184421046986644,-0.2684650452876129,-1.936792972574001,1.4940854213926211,-0.36076176603520793,0.031368536086174015,-0.25837727124692494,0.014829510041507645
52.20272,-2.199461,120.72,7.38,3,170.94,22 / 23,13229310,2020-01-08 15:55:52:904,-1.2197,0.9727,9.911,0.012,-0.0073,9.8066,0.0338,-0.2285,0.0614,-4.5,-30.62,30.75,335.51,-79.36,167.6,0.992202388564451,-1.221901926777967,0.1042801585311893,0.13749399909282078,-0.3968059098875846,0.7050367163180888,0.06550062917675015,-0.17980122104355414,0.005129989713957291
52.20272,-2.199461,120.72,7.38,3,170.94,22 / 23,13229409,2020-01-08 15:55:53:003,-0.0053,0.9696,10.2519,0.0043,0.0151,9.8066,0.0612,-0.1997,0.0476,-4.62,-31.0,30.56,332.78,-79.29,167.18,-0.1958838418329983,-0.9343356104750392,0.445085371032323,0.2600221349549783,-0.646897297704499,0.357869106809444,0.02882584906077818,-0.22684678613952974,0.08113519540976907
52.20272,-2.199461,120.72,7.38,3,170.94,22 / 23,13229510,2020-01-08 15:55:53:104,-0.0734,0.6578,9.5876,0.0117,0.0032,9.8065,-0.0371,-0.2593,0.0801,-4.31,-30.19,30.06,334.57,-79.32,167.09,-0.0575899990168441,-0.6575446260599794,-0.2190407193945492,0.5424670760427066,-1.0345825868909704,0.3051243643346071,-0.006172292907460783,-0.24593456073004383,0.06479341993768481
52.20272,-2.199461,120.72,7.38,3,170.94,22 / 23,13229610,2020-01-08 15:55:53:204,-1.3371,0.8401,9.4822,0.002,0.0139,9.8066,0.0205,-0.1993,0.0644,-4.12,-30.19,30.06,334.11,-79.4,166.67,1.130210874684587,-1.0947004745096998,-0.3244762855016335,0.030807760333776857,0.21397583651540908,-0.3799746296662579,-0.007432505316233717,-0.20355382847219694,0.0673613224204555
52.20272,-2.199461,120.72,7.38,3,170.94,22 / 23,13229710,2020-01-08 15:55:53:304,-1.0599,0.941,9.472,0.0086,0.0031,9.8066,-0.0345,-0.229,0.0549,-4.5,-30.5,30.19,334.41,-79.5,166.87,0.841925776717054,-1.1456119830125266,-0.3347237530822868,-0.09819984649577634,0.1713164417567494,0.09207180042660312,-0.010544506467397435,-0.23230191530599892,0.0589283673628618
52.20272,-2.199461,120.72,7.38,3,170.94,22 / 23,13229810,2020-01-08 15:55:53:404,-1.3194,0.6973,9.9197,0.012,0.0212,9.8065,0.0063,-0.203,0.0446,-4.19,-30.44,31.0,333.82,-79.64,165.92,1.1549035934812788,-0.9465435046593852,0.1131569421253374,0.09715422503206994,-0.09738531900391012,0.1021871795414003,-0.013303455866808762,-0.19203291859211477,0.03730944236281471
52.20272,-2.199461,120.72,7.38,3,170.94,22 / 23,13229910,2020-01-08 15:55:53:504,0.1274,0.9833,9.6996,0.0188,0.0129,9.8066,-0.0196,-0.1599,0.0378,-3.19,-30.37,30.5,334.49,-79.79,164.6,-0.3146671193380088,-0.924340790071495,-0.1072279246163219,-0.026569037373999127,-0.8105418531752122,0.21458351399271847,-0.004190478771468584,-0.17851174563421823,0.04637175893872082
52.20272,-2.199461,120.72,7.38,3,170.94,22 / 23,13230009,2020-01-08 15:55:53:603,-0.7639,0.8509,10.1932,0.0093,0.0138,9.8066,0.0085,-0.2144,0.0221,-2.87,-30.94,30.31,333.17,-79.87,163.94,0.5751080267067489,-0.9838304161382018,0.3864746820928917,-0.026334999127312186,-0.8793055684918072,0.4220857326543345,-0.003234240355275274,-0.18944436992506486,0.013131663554515838
52.20272,-2.199461,120.72,7.38,3,170.94,22 / 23,13230110,2020-01-08 15:55:53:704,0.2955,0.7441,9.6342,0.006,0.0128,9.8066,-0.0239,-0.1254,0.0074,-2.5,-30.62,30.5,335.08,-79.96,163.33,-0.4399262038527367,-0.651927699713436,-0.1725888452654697,0.09237017932855635,-0.8772075807326879,0.04554186984417907,-0.015130092894218319,-0.15404072241343691,0.016065320670486414
52.20272,-2.199461,120.72,7.38,3,170.94,22 / 23,13230210,2020-01-08 15:55:53:804,-0.3956,0.454,9.739,0.0013,0.02,9.8065,-0.0106,-0.1759,0.0378,-2.12,-30.75,30.31,333.99,-80.21,162.56,0.2943252811425942,-0.5091654155184793,-0.0675652907951049,0.36575658162348823,-1.2578373880488751,0.010311539901333433,-0.017185859357982898,-0.14681288970158243,0.03050948724660136
52.202183,-2.199273,121.82,1.19,2,182.53,22 / 22,13230311,2020-01-08 15:55:53:905,-0.0948,0.347,9.8613,-0.0059,0.0182,9.8066,-0.0113,-0.1069,0.0004,-1.87,-31.56,30.44,333.39,-80.4,162.1,0.0161275998971535,-0.3402350126373933,0.0546331098985785,0.24420439474994698,-0.43863586437263535,0.17551928232006583,-0.006195559082167859,-0.1336985148474591,0.0050580639430710065
52.202183,-2.199273,121.82,1.19,2,182.53,22 / 22,13230410,2020-01-08 15:55:54:004,-0.7482,0.013,9.8791,-0.0002,0.0245,9.8066,-0.0005,-0.1575,0.029,-1.62,-30.75,30.38,333.13,-80.64,161.61,0.7329729485664418,-0.1495914583675943,0.0725641251120158,0.6468671644565277,-0.8556560320407197,0.18473317819487187,-0.004528973759655593,-0.13432183426955827,0.02759341584069372
52.202183,-2.199273,121.82,1.19,2,182.53,22 / 22,13230510,2020-01-08 15:55:54:104,0.0157,0.0528,9.6077,0.0072,0.0112,9.8066,-0.0003,-0.1278,0.0262,-1.56,-31.31,30.31,332.21,-80.79,160.75,-0.0172189446478563,-0.0387596105754415,-0.1989100815274435,0.3868971923933192,-0.5230449484707196,-0.16523833281000583,0.0025526547027946724,-0.14786652436818865,0.025288886481207355
52.202183,-2.199273,121.82,1.19,2,182.53,22 / 22,13230609,2020-01-08 15:55:54:203,-0.4206,0.1517,9.7913,0.0052,0.0143,9.8066,-0.0016,-0.1709,0.0153,-0.62,-31.37,29.69,334.04,-80.89,160.34,0.3863069850986566,-0.2257242482747411,-0.015295980020555,0.48550647943728414,-1.2131456401618375,0.12002993318379326,-0.002623013052898431,-0.15170660539772346,0.015686704561442125
52.202183,-2.199273,121.82,1.19,2,182.53,22 / 22,13230710,2020-01-08 15:55:54:304,-0.2942,0.1493,9.6229,0.0042,0.0121,9.8066,-0.0348,-0.1437,0.0454,-1.25,-31.06,29.5,333.78,-81.06,160.04,0.2619505966042229,-0.1981058550098443,-0.1837064102025571,0.08847033979666091,-0.3012307146930069,-0.2234839218074995,-0.03657233227437744,-0.16540695209460185,0.04972247679883039
52.202183,-2.199273,121.82,1.19,2,182.53,22 / 22,13230809,2020-01-08 15:55:54:403,-0.935,0.1599,9.8677,-0.0014,0.0161,9.8066,-0.0565,-0.2133,0.0585,-0.75,-30.87,29.13,332.98,-81.31,159.43,0.8808476703991539,-0.3411588493556584,0.0611443460894502,0.25768108872145573,-0.7194606640188042,0.20503097723531533,-0.0511448503414258,-0.18544510736571373,0.04529894478853856
52.202183,-2.199273,121.82,1.19,2,182.53,22 / 22,13230910,2020-01-08 15:55:54:504,0.6219,0.1047,10.6153,0.0087,-0.0002,9.8066,-0.0434,-0.1883,0.0476,-0.87,-30.69,29.31,332.85,-81.57,159.19,-0.6215179231136024,0.0292169316428859,0.8086258604286217,0.22123102568049957,-1.242604940465585,0.7127456013411448,-0.052420706730413345,-0.22508931505457452,0.07221432915018647
52.202183,-2.199273,121.82,1.19,2,182.53,22 / 22,13231010,2020-01-08 15:55:54:604,-1.1824,0.0996,9.3367,0.001,-0.0038,9.8066,-0.0447,-0.2813,0.1262,-0.5,-29.81,28.88,335.75,-81.76,159.47,1.133560516553139,-0.3552988052930741,-0.4698259723228306,0.08183305544320191,-0.4534526563270683,-0.3343627248838768,-0.03297851553402472,-0.23478779651362636,0.09050986661056346
52.202183,-2.199273,121.82,1.19,2,182.53,22 / 22,13231110,2020-01-08 15:55:54:704,0.4783,-0.9836,9.7144,-0.0148,0.0064,9.8066,0.0014,-0.1977,0.0402,-0.37,-30.37,29.88,337.73,-82.0,160.95,-0.2687243512845625,1.072878613048751,-0.0920171434531549,1.2358965138817222,-0.958140263705175,-0.22540015445915818,-0.01097657576793503,-0.2517906417151916,0.08336495547232109
52.202183,-2.199273,121.82,1.19,2,182.53,22 / 22,13231210,2020-01-08 15:55:54:804,-1.2437,-0.8183,9.5693,0.0031,0.0023,9.8066,-0.0068,-0.2981,0.1166,0.0,-29.44,29.88,338.69,-82.09,161.65,1.3940930893315244,0.5334187341741276,-0.2370122408445557,0.7466765206696846,-0.1518150388759707,-0.12585279140014305,0.0034666290975118525,-0.2418656673767869,0.07223138158561182
52.202183,-2.199273,121.82,1.19,2,182.53,22 / 22,13231311,2020-01-08 15:55:54:905,-0.3524,-0.8429,9.8966,-0.004,0.0106,9.8066,0.0397,-0.1952,-0.01,0.38,-30.06,30.38,339.13,-82.3,162.05,0.5237306136919215,0.7586245294471649,0.0902212702357434,0.9645441969675652,-0.2570656152740748,-0.06508365565936464,0.03426223022080545,-0.24543131731109852,0.028086729532717285
52.202183,-2.199273,121.82,1.19,2,182.53,24 / 24,13231410,2020-01-08 15:55:55:004,-1.8036,-2.4298,9.7089,0.0147,-0.0039,9.8066,0.0085,-0.3539,0.0687,0.25,-29.81,30.44,339.26,-82.36,162.13,2.297325487411189,1.978291439877496,-0.0970029576784524,1.9113828519341005,0.5329463545377727,-0.020652920531339727,0.007419699653393411,-0.31877518832252305,0.043583860395501134
52.202183,-2.199273,121.82,1.19,2,182.53,24 / 24,13231509,2020-01-08 15:55:55:103,-2.2429,-2.8857,10.3361,0.0041,-0.0085,9.8066,-0.0255,-0.2844,0.034,2.06,-30.06,29.81,342.97,-82.29,161.55,2.812942809638428,2.326748276726024,0.5303341366119539,2.6323332223165017,1.1009456540873417,0.3622160477355736,-0.018016819781787242,-0.29708036884899813,0.04227569047555428
52.202183,-2.199273,121.82,1.19,2,182.53,24 / 24,13231610,2020-01-08 15:55:55:204,-1.4174,-3.3593,10.0978,-0.004,0.008,9.8066,0.0065,-0.3476,0.0444,2.38,-29.94,29.06,342.85,-82.38,161.36,2.1042286075359344,2.98464734374862,0.2920761727387093,2.6091039104691323,0.6472324651286078,0.33027845031891856,-0.005355223199825286,-0.36019152153587114,0.052647631935069314
52.202183,-2.199273,121.82,1.19,2,182.53,24 / 24,13231710,2020-01-08 15:55:55:304,-3.195,-2.8755,9.4884,-0.0122,0.0216,9.8066,-0.0278,-0.4749,0.0943,2.63,-30.44,29.06,346.15,-82.55,162.18,3.731248982293292,2.145172988926718,-0.3172843672708797,2.5711386673708074,0.9656228697472982,-0.4952215720155408,-0.014871969080501679,-0.4401242751917503,0.07426751052802696
52.202183,-2.199273,121.82,1.19,2,182.53,24 / 24,13231810,2020-01-08 15:55:55:404,-2.6596,-4.024,9.746,-0.0304,0.0312,9.8065,0.0054,-0.402,0.0438,4.06,-30.12,26.75,350.77,-82.96,163.65,3.439532947746196,3.3951566098237964,-0.0593685618669724,2.7280722310957457,0.7811597080026347,-0.05821938914144992,-0.005117348803647158,-0.4508603151168105,0.0675023815614414
52.202183,-2.199273,121.82,1.19,2,182.53,24 / 24,13231909,2020-01-08 15:55:55:503,-4.2823,-2.1179,9.5627,-0.0213,0.0419,9.8065,-0.0224,-0.6186,0.0676,4.06,-30.06,26.38,352.65,-83.19,164.95,4.625720989095829,1.1933022444009702,-0.2429620640057037,1.7107332414295384,0.8348597271345224,-0.4290329669413722,-0.016890315786474708,-0.56561142621631,0.049520227648811616
52.202183,-2.199273,121.82,1.19,2,182.53,24 / 24,13232009,2020-01-08 15:55:55:603,-1.6966,-2.0898,9.546,-0.0101,0.0362,9.8065,-0.053,-0.4492,-0.1054,4.88,-30.12,25.5,355.71,-83.79,165.37,2.104154635634577,1.713771685033576,-0.2598814747431989,0.825739483969405,0.9094711193883245,-0.2965211579136854,-0.05249036494857673,-0.4987397923566708,-0.1004018336799493
52.202183,-2.199273,121.82,1.19,2,182.53,24 / 24,13232110,2020-01-08 15:55:55:704,-3.5591,-0.7226,10.1064,-0.0004,0.0298,9.8066,-0.0929,-0.4978,-0.1137,6.06,-31.5,24.06,355.31,-84.19,161.9,3.6372042578381545,-0.0303164535576606,0.3002625341391798,0.49795338714489645,0.7367074557925928,0.11309877521917963,-0.09869752341056104,-0.4535501127267479,-0.10295213211766888
52.202183,-2.199273,121.82,1.19,2,182.53,24 / 24,13232211,2020-01-08 15:55:55:805,-2.2646,-1.0473,9.4854,0.0078,0.0335,9.8065,-0.0908,-0.4919,0.0244,6.63,-31.56,22.56,354.54,-84.57,158.33,2.4516616876149437,0.5670642605615182,-0.3206691501764159,-0.4224083957133915,1.0036123966418382,-0.403623322534555,-0.08172575471169796,-0.5354262249994952,0.0014674544221018847
52.202183,-2.199273,121.82,1.19,2,182.53,23 / 24,13232310,2020-01-08 15:55:55:904,-3.6053,-1.1422,10.0394,-0.0305,0.0538,9.8064,0.0845,-0.533,-0.0246,8.75,-32.25,21.44,1.63,-84.93,158.22,3.748303201657632,0.3994634158563607,0.2335639694719878,0.8170758851603808,0.6989525555436532,0.06179687656926372,0.07423358535849937,-0.48161013778487216,0.001851076615786009
52.202183,-2.199273,121.82,1.19,2,182.53,23 / 24,13232410,2020-01-08 15:55:56:004,-2.4517,-3.2885,10.5109,-0.0347,0.0205,9.8065,0.0578,-0.4093,0.0704,8.63,-32.19,21.31,7.58,-85.33,163.49,3.0717752522146826,2.711869059865644,0.7053455621359348,1.7719384085037635,1.038902280552776,0.5583317735147351,0.06867370044045776,-0.47699567136939097,0.050981476621606236
52.202183,-2.199273,121.82,1.19,2,182.53,23 / 24,13232510,2020-01-08 15:55:56:104,-3.2343,-0.2603,9.1334,-0.0286,0.024,9.8065,-0.0592,-0.4845,-0.0034,8.69,-32.5,20.19,15.92,-85.58,169.88,3.1919497072408665,-0.4113846602689501,-0.6727721142707578,-0.243623417296721,0.7413912255752274,-0.8050035958204033,-0.0722631913915254,-0.39629588840079855,0.00045739675372215294
52.202183,-2.199273,121.82,1.19,2,182.53,23 / 24,13232609,2020-01-08 15:55:56:203,-1.7706,-1.4402,9.4527,-0.0171,0.0139,9.8065,-0.0766,-0.2517,-0.0163,9.81,-32.25,18.94,19.94,-85.72,169.95,2.0251524546770607,1.0431973201894584,-0.3533275908629387,0.3065924332039789,1.002802840818346,-0.5862276915385787,-0.05873747301993325,-0.35789642660716414,-0.001199018466565411
52.202183,-2.199273,121.82,1.19,2,182.53,23 / 24,13232710,2020-01-08 15:55:56:304,-2.3184,-2.1443,10.1418,0.0128,-0.0262,9.8065,-0.0313,-0.6032,0.1019,10.63,-32.81,18.13,23.12,-85.9,169.12,2.7320048698985846,1.5673355899512853,0.3359697595356944,1.3608317124418554,0.8672370801547109,0.2666354375109268,-0.05542405641791534,-0.4881811405960736,0.0706859945592578
52.202183,-2.199273,121.82,1.19,2,182.53,23 / 24,13232810,2020-01-08 15:55:56:404,-0.141,-1.0059,9.8672,-0.0021,0.0096,9.8066,-0.0789,-0.4023,-0.0033,10.81,-33.0,16.94,23.02,-85.94,167.48,0.3539603792335124,0.9618816412447884,0.060840596390082,0.5501864363381889,-0.7427813779078479,-0.27256281256985443,-0.049822607902418645,-0.5127231440339777,0.0362254502676578
52.202183,-2.199273,121.82,1.19,2,182.53,23 / 24,13232910,2020-01-08 15:55:56:504,-1.9246,0.0754,10.5629,0.0059,-0.0146,9.8066,0.0301,-0.5485,0.1134,10.69,-33.5,16.31,25.05,-86.12,167.69,1.8659143186861216,-0.5030750739135283,0.756438474252206,-1.158647123842134,0.9219181598105525,0.7590649267356168,0.00030125363897384044,-0.45689843162545507,0.07539597743315513
52.202183,-2.199273,121.82,1.19,2,182.53,23 / 24,13233010,2020-01-08 15:55:56:604,-2.8241,0.9473,10.0781,-0.0072,-0.001,9.8066,-0.0422,-0.3346,0.0516,11.69,-33.06,15.94,28.17,-86.03,168.15,2.547130088076109,-1.5317693031202528,0.2715177092491065,-1.5618824750401477,0.7732717859259164,-0.1552626191184634,-0.017563313475311138,-0.39570325952727947,0.07935447751672726
52.202183,-2.199273,121.82,1.19,2,182.53,23 / 24,13233110,2020-01-08 15:55:56:704,-2.1622,0.0202,9.9611,0.0135,-0.0339,9.8065,0.0411,-0.5089,0.0756,12.31,-33.19,14.88,27.45,-85.85,165.44,2.1131764069454597,-0.5206065519259092,0.154766763941397,-1.6226449945982044,1.2629433776243997,0.21020477280989847,0.02714728622348914,-0.4844800686250942,0.06362073397465004
52.202183,-2.199273,121.82,1.19,2,182.53,23 / 24,13233210,2020-01-08 15:55:56:804,-3.2955,-0.0235,10.4164,0.0279,-0.036,9.8065,0.0885,-0.4824,0.1289,12.25,-32.87,14.81,24.22,-85.64,162.43,3.24292510231665,-0.7268084338879657,0.6101705509067655,-0.4048625892881845,0.666183526632256,0.1299882651166223,0.08839992171184743,-0.4713617835220738,0.12330131363780786
52.202183,-2.199273,121.82,1.19,2,182.53,22 / 23,13233311,2020-01-08 15:55:56:905,0.3518,-2.9336,9.376,0.009,-0.0159,9.8066,0.0943,-0.2898,0.1119,12.56,-33.69,15.0,28.5,-85.38,163.73,0.2925290610221391,2.923260895457888,-0.4299697379400758,1.4674947437795949,-0.27776873834986193,-0.37517467672665716,0.10878657363579142,-0.32808255270162456,0.13391385509514242
52.202183,-2.199273,121.82,1.19,2,182.53,22 / 23,13233409,2020-01-08 15:55:57:003,-2.6333,0.6694,10.3227,0.0142,-0.0027,9.8066,0.1395,-0.4069,0.1167,12.75,-33.31,14.44,33.55,-85.21,166.0,2.44103805841147,-1.2256588540378015,0.51616609817529,-0.670903609992085,0.6394343519905055,0.054481140701308994,0.11321662926795002,-0.35319312390741586,0.08110400951041855
52.202183,-2.199273,121.82,1.19,2,182.53,22 / 23,13233510,2020-01-08 15:55:57:104,0.1251,-0.8162,8.7547,-0.0183,0.0205,9.8065,0.015,-0.1455,-0.0207,12.56,-33.06,14.94,33.22,-85.09,167.73,0.0399654690334099,0.8481778314169075,-1.0516229445851073,-0.7849561308941696,-0.45535680189956584,-1.0761970701676344,0.048373366759782,-0.20428807330361237,0.025378524512947948
52.202183,-2.199273,121.82,1.19,2,182.53,22 / 23,13233610,2020-01-08 15:55:57:204,-1.564,-1.0402,10.3938,0.0208,0.0185,9.8066,0.0356,-0.0837,0.0841,12.75,-33.81,14.44,39.95,-85.19,171.46,1.775271234601084,0.6931197321865794,0.587569272896012,1.287678559042091,0.5078027427398268,0.23100006763796815,0.0009053057088487257,-0.024377349012118816,0.029348909599920064
52.202183,-2.199273,121.82,1.19,2,182.53,22 / 23,13233710,2020-01-08 15:55:57:304,0.6378,-0.5081,9.8021,-0.0115,0.0431,9.8065,0.0164,0.0577,-0.1349,11.69,-33.5,14.38,41.69,-85.34,175.44,-0.515618207156598,0.6779014781111573,-0.0043290210583397,-0.8976825478040233,-1.051846147947916,-0.188249475166129,0.04645527422500583,-0.005123968674672807,-0.07047086699145708
52.202183,-2.199273,121.82,1.19,2,182.53,22 / 23,13233810,2020-01-08 15:55:57:404,-0.3264,1.352,10.6406,-0.0027,0.0239,9.8065,0.0834,-0.1501,0.0132,12.31,-32.94,14.06,41.21,-85.32,174.99,0.030503722883689,-1.366805163968891,0.8338268864927585,-0.9663872294346283,-1.0189566658501474,0.6553066717481606,0.06341112014458761,-0.07432672424940552,-0.06525086166528629
52.202183,-2.199273,121.82,1.19,2,182.53,22 / 23,13233911,2020-01-08 15:55:57:505,-0.9381,-0.9117,10.5685,-0.0338,-0.0147,9.8066,-0.0461,-0.0329,0.023,13.06,-33.75,14.63,42.68,-85.28,176.17,1.0758975626253966,0.6814617118361499,0.762176797100303,-0.5830037023991598,0.39622520556695295,0.367073993444655,-0.040002431196722504,-0.1344191150204893,0.12137610514766706
52.202183,-2.199273,121.82,1.19,2,182.53,22 / 23,13234010,2020-01-08 15:55:57:604,-0.7069,0.0642,9.5189,-0.012,-0.0301,9.8066,-0.036,-0.1754,0.1052,11.81,-32.81,14.19,46.51,-84.94,179.2,0.6584156855548416,-0.2414289449429758,-0.2876641089170993,-0.26428633839158333,-0.0795707728094659,-0.25567253236293247,-0.027310192512263125,-0.03691256618504511,-0.01642039793633189
52.202183,-2.199273,121.82,1.19,2,182.53,22 / 23,13234110,2020-01-08 15:55:57:704,0.5635,-3.3685,11.7805,-0.0397,0.0184,9.8065,0.0183,0.0161,-0.1605,12.88,-32.62,14.56,51.14,-84.76,-176.71,0.138778366267126,3.436984206373232,1.974714657918252,2.7051185955724164,-0.7418611693203214,1.365507763487758,-0.0026973199081095946,-0.16300495417542643,-0.01906071208635797
52.202183,-2.199273,121.82,1.19,2,182.53,22 / 23,13234209,2020-01-08 15:55:57:803,1.3345,-0.6386,8.9797,-0.0139,-0.0613,9.8064,-0.2073,-0.3242,0.3921,11.25,-32.5,13.63,48.83,-84.68,-176.67,-1.1926545498789034,0.8538530452084959,-0.8266806165874029,0.23707546910872856,-1.5812657013578757,-0.6045339357400561,-0.17835747666033988,-0.1132524405414851,0.24184064509513242
52.202183,-2.199273,121.82,1.19,2,182.53,22 / 23,13234312,2020-01-08 15:55:57:906,-3.6081,2.1533,10.7833,-0.037,0.0152,9.8065,-0.0981,0.3292,-0.0711,11.31,-33.0,14.38,58.22,-84.82,-168.24,3.0278165444860603,-2.856032659160619,0.9766112239496414,-2.919935444224742,0.9206485993554653,0.20198020261664418,-0.13157660336542595,0.10837624358432342,0.07285761321074455
52.202183,-2.199273,121.82,1.19,2,182.53,22 / 23,13234410,2020-01-08 15:55:58:004,-3.835,2.8485,11.9085,-0.0015,-0.0037,9.8066,-0.0431,-0.1055,-0.0658,12.0,-32.75,13.69,63.05,-84.76,-166.06,3.130416134881263,-3.610075101008394,2.1015716232273136,-4.882747764632598,1.938014806005719,2.447406510024821,-0.005662750531527445,0.09475167978459206,-0.18918434251283156
52.202183,-2.199273,121.82,1.19,2,182.53,22 / 23,13234510,2020-01-08 15:55:58:104,-0.7834,0.3853,11.406,-0.0695,0.0025,9.8063,-0.1095,0.5207,-0.3455,11.63,-32.25,13.81,62.65,-84.45,-166.66,0.6147054071959506,-0.527650413106381,1.5996722926626965,0.08397973655859081,-0.6054404295803537,0.7451262662624021,-0.1522675539884053,0.3713353511686452,-0.2530592822262071
52.202183,-2.199273,121.82,1.19,2,182.53,22 / 23,13234610,2020-01-08 15:55:58:204,3.4051,-3.921,8.848,-0.0628,-0.0297,9.8064,-0.1698,0.3913,-0.2313,12.56,-32.44,13.44,65.95,-84.37,-168.15,-2.5501224621451306,4.546048578610481,-0.9578070833818656,2.692044724809959,-1.8068293781394886,-0.5801589246184965,-0.12129741455910059,0.46827646553116675,-0.28667711048007094
52.202183,-2.199273,121.82,1.19,2,182.53,22 / 23,13234710,2020-01-08 15:55:58:304,0.4511,0.2939,10.6147,-0.051,0.0399,9.8064,0.0708,0.3155,-0.247,12.25,-31.81,13.31,61.53,-84.53,-170.04,-0.5450697318691572,-0.1402813687846854,0.808201351750898,1.0170868412807437,-1.810639125950134,-0.0283303560045145,0.01930253696627772,0.3187672097305798,-0.23161543992682826
52.202183,-2.199273,121.82,1.19,2,182.53,22 / 23,13234810,2020-01-08 15:55:58:404,3.6051,-2.6475,8.4127,-0.0561,0.0171,9.8064,-0.0776,0.4678,-0.2394,12.19,-32.0,13.88,62.57,-84.18,-167.17,-3.002567126431753,3.389676374065525,-1.3933998063633273,1.153223609314419,-1.6491610408867685,-1.0752721710323532,-0.028552850091209878,0.3895706978611071,-0.2138761446910364
52.202183,-2.199273,121.82,1.19,2,182.53,22 / 23,13234911,2020-01-08 15:55:58:505,-1.9456,2.378,9.8249,-0.0206,0.0498,9.8065,0.0383,0.1997,-0.1665,12.69,-31.87,13.25,67.53,-84.23,-166.92,1.379461368436749,-2.687608592425997,0.0180329395429805,-1.2163963136730693,0.17569995167082275,-0.7157631589223338,-0.0026148791631931817,0.3385885719908536,-0.23228166542305664
52.202183,-2.199273,121.82,1.19,2,182.53,22 / 23,13235010,2020-01-08 15:55:58:604,1.1408,-1.7429,9.2656,-0.0255,0.0443,9.8065,0.0302,0.4483,-0.2021,12.38,-31.75,13.19,68.57,-84.27,-163.96,-0.7547404661628176,1.9962561978495468,-0.5405926019504932,-0.3566572039160797,-0.3430188952837808,-0.3492864556291386,0.05961841503778441,0.2674065793980569,-0.09885885272361455
52.202183,-2.199273,121.82,1.19,2,182.53,22 / 23,13235109,2020-01-08 15:55:58:703,-1.8745,3.3408,10.0533,-0.0072,0.0346,9.8065,0.1127,0.0487,0.1165,12.0,-32.12,12.44,74.02,-84.21,-161.64,1.1128269913959676,-3.630382340106957,0.2462074772628432,-2.10415690140357,0.06388308300476869,-0.3330382397838838,0.09451767671517042,0.25178940352758333,-0.018397564925626254
52.202183,-2.199273,121.82,1.19,2,182.53,22 / 23,13235210,2020-01-08 15:55:58:804,-1.0122,-1.8931,10.5857,-0.0704,0.0579,9.8061,0.0885,0.288,-0.2739,11.69,-31.31,13.63,71.24,-83.87,-159.3,1.3391113178603438,1.7027511818484065,0.7801177418134952,-0.5202568854493501,1.7391335008481508,0.8157108779273914,0.09917047743495881,0.08220038708732927,-0.11604877595605967
52.202183,-2.199273,121.82,1.19,2,182.53,21 / 24,13235310,2020-01-08 15:55:58:904,-1.3437,1.3632,10.2,-0.0021,0.0145,9.8066,0.0142,-0.2412,0.1346,12.38,-31.62,13.94,71.41,-83.75,-159.67,1.0202309160179583,-1.6056661363854263,0.3932059847792934,-0.22018281741654566,0.18573472897380683,-0.02062454244711387,0.005230804790546571,-0.05098334145054334,-0.0357528705421123
52.202183,-2.199273,121.82,1.19,2,182.53,21 / 24,13235410,2020-01-08 15:55:59:004,1.5501,-1.6491,9.8288,-0.0347,-0.0086,9.8065,-0.0509,0.2175,0.0161,11.06,-32.0,13.56,72.02,-83.57,-157.35,-1.1950656263069914,1.9428429385917696,0.0225398487921975,-0.007693733698515892,-0.8417124434056005,-0.08673566705351782,-0.037847914023904826,0.05844713672872822,0.187450145205611
52.202183,-2.199273,121.82,1.19,2,182.53,21 / 24,13235510,2020-01-08 15:55:59:104,-0.3264,1.5251,9.955,-0.0162,-0.0126,9.8065,-0.0252,0.0603,0.1603,10.75,-32.31,14.25,74.76,-83.35,-155.15,-0.0276528667000292,-1.568462952301366,0.1481784944631086,-0.386973882577541,-0.6284248749973591,-0.12537823358932113,-0.04602909190598943,0.17740686308999265,0.001143799883492877
52.202183,-2.199273,121.82,1.19,2,182.53,21 / 24,13235610,2020-01-08 15:55:59:204,1.6818,-2.4369,9.5149,-0.0762,0.0704,9.8061,-0.0225,0.1539,-0.3109,11.56,-33.06,13.69,80.09,-82.96,-153.16,-1.1778274847500838,2.8266738138249377,-0.2907787757104573,1.140423634765221,-0.8678977890362428,-0.5044964672002633,0.006390119182146115,0.08313438046712306,-0.1788850548107629
52.202183,-2.199273,121.82,1.19,2,182.53,21 / 24,13235710,2020-01-08 15:55:59:304,0.2577,-0.801,9.8597,0.0108,0.0033,9.8066,0.1036,-0.196,0.1831,10.13,-32.31,13.63,73.85,-83.03,-154.4,-0.0682222994915404,0.838562265239398,0.0532611975893919,1.9042458264349247,-0.4512939969312627,-0.12730296351362336,0.06997021576899982,-0.16870715352692828,0.09157985417979847
52.202183,-2.199273,121.82,1.19,2,182.53,21 / 24,13235809,2020-01-08 15:55:59:403,-1.0175,0.1623,10.1853,-0.0199,0.0132,9.8066,-0.0183,-0.1637,-0.0756,11.06,-33.37,13.31,82.02,-82.77,-152.37,0.9421708597221552,-0.3601582656692348,0.3787484056211241,-1.9291442795471245,1.2405749090606106,0.11455998874155651,0.014202631826589367,-0.15803171269682564,-0.03000722359998468
52.202183,-2.199273,121.82,1.19,2,182.53,21 / 24,13235910,2020-01-08 15:55:59:504,0.5862,-1.1561,10.3747,-0.014,0.0354,9.8065,0.0107,0.1076,-0.1952,10.31,-33.37,13.25,78.07,-82.9,-153.79,-0.3300859675463693,1.292557950508506,0.568419500550631,2.4398823928333133,-0.5340528671466298,0.4282318183747563,-0.014149729327932762,0.08594886835565206,-0.202203553605304
52.202183,-2.199273,121.82,1.19,2,182.53,21 / 24,13236009,2020-01-08 15:55:59:603,2.1636,0.3669,9.6934,-0.0054,-0.0135,9.8066,0.0141,0.1121,-0.0338,10.38,-33.25,13.13,79.13,-82.9,-152.78,-2.2000488440417727,0.0948174214725258,-0.1134642693351516,-1.5742238650836378,-1.6669751985643821,-0.37709103598528426,0.025952951047130156,0.13003232485473154,-0.04616095336654395
52.202183,-2.199273,121.82,1.19,2,182.53,21 / 24,13236110,2020-01-08 15:55:59:704,-0.6602,4.0067,9.1303,0.004,0.0661,9.8063,0.1002,0.1903,-0.2028,10.44,-33.31,12.56,78.74,-82.89,-153.15,-0.1984084489514253,-3.991114501846572,-0.6768346330786316,-2.542929302796866,-0.269822259465664,-0.8192598874522656,0.10420184470686099,0.19339112202993866,-0.19545393845325024
52.202183,-2.199273,121.82,1.19,2,182.53,21 / 24,13236209,2020-01-08 15:55:59:803,0.1423,-0.0542,10.5479,-0.024,0.0274,9.8065,0.1354,0.2722,-0.2595,10.5,-32.94,12.31,85.62,-82.89,-151.54,-0.1449643683582244,0.1152935071340641,0.7414047134455171,-1.8447354667075397,0.26963923144378865,0.5128776456079095,0.11589433075735311,0.23736123934864994,-0.2412235109609378
52.202183,-2.199273,121.82,1.19,2,182.53,21 / 23,13236309,2020-01-08 15:55:59:903,-2.7674,3.3347,9.9637,-0.0306,0.033,9.8065,0.0192,0.2082,-0.1876,10.44,-33.94,12.44,83.97,-82.58,-152.25,1.962974981489454,-3.812897790749408,0.1566800221622495,-1.9175919740690397,1.9809305537258375,-0.009416631969768496,0.05070943394904319,0.2771214077091057,-0.24140776761341287
52.202183,-2.199273,121.82,1.19,2,182.53,21 / 23,13236410,2020-01-08 15:56:00:004,0.5167,-3.6068,9.6911,-0.0382,0.0219,9.8065,0.1163,0.446,-0.2942,10.5,-33.12,11.56,83.89,-82.5,-154.06,0.2382012976438345,3.663170172425089,-0.1146267405797651,1.330092335005633,0.773337688394286,-0.29815174255100513,0.078495369529128,0.3480778535372441,-0.2082001477354003
52.202183,-2.199273,121.82,1.19,2,182.53,21 / 23,13236509,2020-01-08 15:56:00:103,-0.3811,3.2331,10.4041,0.0054,0.0454,9.8064,0.1019,0.0634,0.0331,11.38,-33.06,12.13,82.62,-82.33,-155.66,-0.3079180160193229,-3.196376311457878,0.5970123959865958,-0.8425961828015769,-0.23371132978204,0.41135335043143395,0.13932069065573371,0.18123489939926288,-0.07089340367914083
52.202183,-2.199273,121.82,1.19,2,182.53,21 / 23,13236610,2020-01-08 15:56:00:204,1.3249,-2.7553,10.7409,-0.0217,0.0906,9.8062,0.1123,0.2834,-0.4335,11.44,-33.5,11.13,89.71,-82.27,-152.03,-0.7034114615518976,3.0686637027492987,0.9352314447164328,0.42620026150916124,-0.022186570315365917,0.7821339239215669,0.08202305649841991,0.1543982384908093,-0.3300582367905087
52.202183,-2.199273,121.82,1.19,2,182.53,21 / 23,13236710,2020-01-08 15:56:00:304,0.5563,4.5874,10.1595,-0.0114,0.0598,9.8064,0.0005,0.1366,-0.2887,12.25,-33.62,11.25,90.68,-82.51,-152.74,-1.527831758344094,-4.299759130630056,0.3520315280747755,-1.6217686155291189,-1.4152711103893978,0.17126485494163587,0.017587356264877445,0.2713298751665411,-0.3765873583330343
52.202183,-2.199273,121.82,1.19,2,182.53,21 / 23,13236810,2020-01-08 15:56:00:404,0.4114,-0.293,9.2365,-0.0284,0.0092,9.8065,0.1138,0.3814,-0.2612,12.63,-33.5,11.94,86.39,-82.47,-155.16,-0.3644748906143776,0.3897992489509082,-0.569967963686509,-2.3654271325242573,0.4694270424305229,-0.7213467835002214,0.11387737956210188,0.24278825486548722,-0.1950441157569954
52.202183,-2.199273,121.82,1.19,2,182.53,21 / 23,13236909,2020-01-08 15:56:00:503,-2.0812,3.8421,10.3671,0.0021,0.0226,9.8066,0.1673,0.0825,-0.2064,12.0,-33.62,11.75,81.72,-82.27,-158.97,1.2133848146430704,-4.178180240144315,0.5598093983323178,-1.4243817712439697,1.367740190093351,0.4137610328581449,0.14978915541035978,0.22511927673032514,-0.2540171822487398
52.202183,-2.199273,121.82,1.19,2,182.53,21 / 23,13237010,2020-01-08 15:56:00:604,1.0018,-3.1256,10.6045,-0.0328,0.0048,9.8065,0.0617,0.3314,-0.3012,13.06,-33.37,13.0,77.5,-82.13,-161.64,-0.3375262730230145,3.279464182518208,0.7986213186481907,0.6971235146238238,0.6307121272797707,0.624582935588701,0.09249573317320607,0.18458512715937642,-0.2624194676476297
52.202183,-2.199273,121.82,1.19,2,182.53,21 / 23,13237110,2020-01-08 15:56:00:704,-1.1872,1.0288,10.9192,-0.0088,0.0048,9.8066,0.0786,-0.0289,-0.1021,12.06,-33.37,12.38,76.63,-82.16,-163.58,0.930559473125446,-1.2536188403683002,1.1124658152276552,1.2639719995303893,1.1562079138214698,1.0161824138914501,0.042126982050231965,0.12117385975684507,-0.1446007667055567
52.202183,-2.199273,121.82,1.19,2,182.53,21 / 23,13237210,2020-01-08 15:56:00:804,1.4082,-0.5647,9.1438,-0.02,-0.0054,9.8065,-0.0757,0.1971,-0.0775,12.0,-33.31,12.31,75.32,-82.05,-165.03,-1.2744794754258908,0.8533963889079795,-0.6626912479556111,-1.2333639612341982,-0.21732100404481175,-0.8598691701175438,-0.04224621910752114,0.04600314760918482,-0.01914327627030053
52.202183,-2.199273,121.82,1.19,2,182.53,21 / 23,13237310,2020-01-08 15:56:00:904,1.9707,-0.9383,9.085,0.0327,-0.0278,9.8065,0.0939,-0.2102,0.07,11.88,-33.44,12.31,72.12,-82.27,-167.57,-1.696849265876548,1.3059951380239714,-0.7214539267007735,3.2620976228708396,-1.345698434983509,-0.7840940726053732,0.07027721903918023,-0.060800854944577556,-0.012835761204454985
52.202183,-2.199273,121.82,1.19,2,182.53,22 / 24,13237410,2020-01-08 15:56:01:004,2.3879,-2.6385,10.1654,0.0062,0.0079,9.8066,0.1798,0.1146,-0.0509,12.19,-33.62,12.06,72.19,-82.27,-167.95,-1.7571234079378562,3.096474939756067,0.3592012900025784,1.817733370228408,-0.6781359335630441,0.17300483602765082,0.19094253186861226,-0.03139318859338558,0.058775264740482766
52.202183,-2.199273,121.82,1.19,2,182.53,22 / 24,13237510,2020-01-08 15:56:01:104,1.6993,2.1705,8.7962,0.0368,-0.0252,9.8065,0.1406,-0.1835,0.2059,12.31,-34.06,11.63,72.24,-82.14,-168.17,-2.095536431795362,-1.7867439356238746,-1.010932243787716,-0.6855995489969972,-1.4538527340260776,-1.0901240906201197,0.14016085745748535,-0.04031003822302126,0.07459419410158571
52.202183,-2.199273,121.82,1.19,2,182.53,22 / 24,13237610,2020-01-08 15:56:01:204,1.179,1.9021,10.1821,0.0047,0.0527,9.8065,0.1145,-0.0129,-0.1817,12.44,-33.62,11.69,71.43,-82.13,-168.94,-1.5444814174876516,-1.553777279104127,0.375086027432522,-1.7670358008667613,-0.5191420470485126,0.26251775103800973,0.10860847023491775,-0.15614906158322597,-0.0402660330885717
52.202183,-2.199273,121.82,1.19,2,182.53,22 / 24,13237710,2020-01-08 15:56:01:304,-0.3517,2.0371,9.9524,0.0023,-0.0402,9.8065,0.0205,-0.3297,0.2443,12.44,-33.69,12.13,70.26,-81.97,-170.33,-0.100881913011587,-2.10486157117095,0.1454603239198953,-2.0733559099485093,0.7082779633783705,-0.01947510398594665,0.028513038971552503,-0.18301216252365043,0.10675659330608231
52.202183,-2.199273,121.82,1.19,2,182.53,22 / 24,13237810,2020-01-08 15:56:01:404,1.144,0.4466,9.8613,-0.0027,0.0114,9.8066,0.0556,-0.0325,0.0324,12.94,-33.25,12.06,71.87,-81.79,-170.41,-1.2134553987275094,-0.1785131721083463,0.0545074552962864,0.8253613994287188,-0.305730409957926,0.08405596358977,0.04711939653608453,-0.18389295241084672,0.15386259102850672
52.202183,-2.199273,121.82,1.19,2,182.53,22 / 24,13237910,2020-01-08 15:56:01:504,1.7606,-1.707,10.1057,0.0006,-0.0308,9.8066,0.0396,-0.3081,0.1321,12.94,-34.0,12.81,68.64,-81.47,-171.52,-1.3585297797931153,2.015317233621007,0.299333485072154,0.8961623514596426,-0.24212750548138956,-0.011783422998784931,0.05035575476700803,-0.15536941889898204,0.034840598835231384
52.202183,-2.199273,121.82,1.19,2,182.53,22 / 24,13238010,2020-01-08 15:56:01:604,2.5201,-1.4633,9.286,-0.0099,-0.0212,9.8065,-0.0912,-0.1074,0.0983,12.38,-33.06,13.25,66.39,-81.3,-171.7,-2.160747431904923,1.9523947037598648,-0.5203826632841501,4.162806221133043,-1.238721845862124,-0.3038009706025074,-0.10809094948633982,-0.251703080728093,0.16642074767442064
52.202183,-2.199273,121.82,1.19,2,182.53,22 / 24,13238110,2020-01-08 15:56:01:704,2.5268,-2.5054,9.0985,0.0257,-0.0505,9.8064,-0.0289,-0.5032,0.3112,12.5,-33.5,12.13,71.77,-81.4,-171.24,-1.9147634906790785,2.9353379654297043,-0.7075517178761376,0.7715291467877632,-0.4937373790573135,-1.1890609812370863,-0.003245207799091855,-0.3837587058389282,0.27636840996485634
52.202183,-2.199273,121.82,1.19,2,182.53,22 / 24,13238210,2020-01-08 15:56:01:804,-0.4207,4.271,9.3493,0.0442,-0.004,9.8065,0.0461,-0.3381,0.2712,12.75,-33.31,12.56,67.51,-81.64,-171.8,-0.4649671002979925,-4.274893513997275,-0.4581264995877385,-1.0741950934633084,0.17630234794181718,-0.05528091545402887,0.013146414296056296,-0.4114952931695921,0.2678499849841238
52.202183,-2.199273,121.82,1.19,2,182.53,23 / 24,13238310,2020-01-08 15:56:01:904,1.0921,1.9805,10.8392,0.0279,0.057,9.8064,-0.3471,-0.5185,0.2894,12.25,-32.87,12.19,70.0,-81.73,-170.58,-1.4529707972825368,-1.6499475793694631,1.0322783430727385,-4.5397519031938485,0.20881688710629376,0.4064405187289267,-0.3122311788115874,-0.5131828270203168,0.33633834783477523
52.202183,-2.199273,121.82,1.19,2,182.53,23 / 24,13238410,2020-01-08 15:56:02:004,0.6149,6.263,7.1733,0.0362,-0.0861,9.8061,-0.2672,-0.6062,0.5197,12.5,-32.94,12.19,66.51,-81.75,-175.33,-1.9297827102953025,-6.075697987699369,-2.6342803558678347,-2.3063842161305255,-1.3208068187853599,-2.095774455621315,-0.29794036138919366,-0.5252325943668839,0.42445550757118694
52.202183,-2.199273,121.82,1.19,2,182.53,23 / 24,13238510,2020-01-08 15:56:02:104,3.4678,-2.8389,10.4342,-0.0223,0.0911,9.8062,-0.134,-0.3169,0.2746,12.44,-32.56,12.19,66.53,-81.8,-173.54,-2.77867166984994,3.611677137608121,0.628374104218301,0.49459726689609246,-0.9965872342177573,-0.07181646246313922,-0.11083251311243457,-0.49451437627362016,0.42087632046121337
52.202183,-2.199273,121.82,1.19,2,182.53,23 / 24,13238609,2020-01-08 15:56:02:203,-0.921,6.9818,9.18,-0.0176,0.0623,9.8063,-0.1119,-0.747,0.5329,11.81,-32.0,12.0,67.59,-81.72,-172.29,-0.6052230199714946,-6.951794862144571,-0.6277872177393622,-3.172054738223914,0.10386581604784437,-0.037822307422134105,-0.1270600025043304,-0.47269167532181366,0.3362344638974376
52.202183,-2.199273,121.82,1.19,2,182.53,23 / 24,13238710,2020-01-08 15:56:02:304,3.7793,-4.0922,10.5061,-0.047,0.1198,9.8057,-0.0352,0.038,0.043,11.94,-33.12,12.56,66.3,-81.49,-171.42,-2.8314106707605515,4.935963768818084,0.7010357597287454,2.1654288140905296,-1.0773657733970512,0.01627088129614454,-0.027598261180468257,-0.32182280271232844,0.28436566625351706
52.202183,-2.199273,121.82,1.19,2,182.53,23 / 24,13238810,2020-01-08 15:56:02:404,-0.9164,3.9696,10.4858,-0.0129,0.0128,9.8066,-0.0028,-0.5369,0.4288,11.25,-32.94,12.31,64.29,-81.32,-174.64,0.0316387860216054,-4.058656040049065,0.6783813571969054,-0.827159746583561,0.9783755069580361,1.231010526398987,-0.0019947498841606653,-0.11401836847474026,0.15508698766188017
52.202183,-2.199273,121.82,1.19,2,182.53,23 / 24,13238909,2020-01-08 15:56:02:503,3.6646,-5.8428,10.1501,-0.0538,0.0697,9.8062,-0.1347,0.3844,-0.1922,12.19,-32.62,13.56,62.33,-81.05,-172.97,-2.360407821746874,6.5735775138543495,0.3449284047228475,4.641671956657047,-0.7630565918478089,-0.24520099258615174,-0.14617147847791875,-0.06807537702180161,0.09423748574170146
52.202183,-2.199273,121.82,1.19,2,182.53,23 / 24,13239010,2020-01-08 15:56:02:604,1.6517,-2.8867,8.8762,0.0056,0.0017,9.8066,-0.056,-0.2971,0.3695,11.56,-33.94,14.38,63.77,-80.91,-172.42,-0.9865313013319276,3.1749356700624363,-0.929883547793766,5.462109591034434,0.2894480175562514,-0.47956342726974,-0.032351713722977266,0.14181669202888558,0.09578174403025574
52.202183,-2.199273,121.82,1.19,2,182.53,23 / 24,13239110,2020-01-08 15:56:02:704,3.4915,-6.3117,10.8602,-0.0233,0.0729,9.8064,0.097,0.7918,-0.3236,11.0,-33.19,14.75,60.85,-80.87,-170.09,-2.060166119295786,6.990724080346208,1.0549516734777011,6.15597427500099,-0.6795633581379945,0.604342396209312,0.06289283544841122,0.4149482129428299,-0.08998865689932012
52.202183,-2.199273,121.82,1.19,2,182.53,23 / 24,13239210,2020-01-08 15:56:02:804,2.0005,-0.8142,9.1515,0.0381,-0.0474,9.8064,-0.0934,0.1377,-0.1195,11.75,-33.06,15.44,62.34,-80.69,-171.03,-1.7515804827135282,1.170887292502604,-0.6548883651684186,2.4030785143252062,-0.14118865491995408,-0.3307070388869544,-0.05420969091217051,0.4073302166633298,-0.2890839147760285
52.202,-2.199954,123.74,7.03,2,249.2,22 / 23,13239310,2020-01-08 15:56:02:904,-1.7936,4.9505,9.9992,0.0002,0.032,9.8065,0.0104,0.8547,-0.5085,11.13,-33.19,16.38,62.0,-80.68,-167.04,0.6944342631422908,-5.18917062113146,0.1917375783725358,-4.980069220314608,1.8930286118501103,-0.11866232387230355,-0.026836949677899555,0.7222105691346559,-0.4178415358913211
52.202,-2.199954,123.74,7.03,2,249.2,22 / 23,13239410,2020-01-08 15:56:03:004,3.1652,0.4434,10.1179,0.0253,-0.044,9.8065,0.024,0.5764,-0.1551,11.13,-33.75,16.13,64.78,-80.65,-165.11,-3.171304861467404,0.1989610144408254,0.3110317031524024,0.5739534363719074,-1.3152163582003322,0.5284207461480783,0.05328357082271258,0.5679825983923934,-0.16567885008066835
52.202,-2.199954,123.74,7.03,2,249.2,22 / 23,13239510,2020-01-08 15:56:03:104,-0.9206,2.8355,9.7654,-0.0008,0.0104,9.8066,0.0927,0.0834,0.0919,11.13,-33.19,16.44,65.84,-80.56,-163.86,0.2909475930442234,-2.9567761046432723,-0.0417618858809079,-2.0325169315576526,1.4237378394373794,-0.2497036300198971,0.07461602360272504,0.20602976422772196,0.03736455879456345
52.202,-2.199954,123.74,7.03,2,249.2,22 / 23,13239610,2020-01-08 15:56:03:204,-0.0176,-0.6446,10.9504,-0.0684,0.0091,9.8063,0.0942,0.4814,-0.1125,10.06,-33.5,16.06,67.1,-80.18,-161.35,0.0907752814948833,0.6491041773718502,1.1442433111833945,0.5804910603905715,2.043237873118631,1.304413800308499,0.1010545972678002,0.29576084054662055,-0.02169961276893808
52.202,-2.199954,123.74,7.03,2,249.2,22 / 23,13239710,2020-01-08 15:56:03:304,-1.9385,3.4438,10.2448,0.0121,-0.0124,9.8065,0.0932,-0.1938,0.2066,9.94,-33.56,16.31,69.3,-80.19,-159.9,1.1619070002917344,-3.794821947888352,0.437680473059881,-2.6209793080599386,2.37711547888967,0.27491889569100525,0.09462417813309747,-0.006117381054575266,0.11482839319025805
52.202,-2.199954,123.74,7.03,2,249.2,22 / 23,13239809,2020-01-08 15:56:03:403,1.3634,0.0945,10.2873,-0.0155,0.0253,9.8065,-0.0064,0.2029,-0.1232,9.88,-33.44,16.38,72.62,-79.97,-156.78,-1.3615968608713604,0.2287617262235201,0.4806709384604939,0.17766628032620724,0.536803346522924,0.6405395980020414,-0.010693512944035938,0.06626197079149057,-0.06201187032344673
52.202,-2.199954,123.74,7.03,2,249.2,22 / 23,13239910,2020-01-08 15:56:03:504,0.3798,1.9105,11.5078,0.0222,-0.0004,9.8066,-0.0737,0.0868,-0.1166,10.06,-33.44,16.94,71.91,-79.98,-155.11,-0.7602701204612763,-1.7896852262820122,1.7007392935902024,-0.7901334271956477,0.6555134613516714,1.5306252047884625,-0.0734080705132295,0.14082536716846006,-0.1281542281373474
52.202,-2.199954,123.74,7.03,2,249.2,22 / 23,13240010,2020-01-08 15:56:03:604,0.1592,0.8113,9.7256,-0.0245,-0.0029,9.8066,0.0293,-0.1482,0.1381,9.31,-33.62,16.56,71.37,-79.71,-154.49,-0.3544339904142004,-0.7556531100425082,-0.0811988529608121,-0.4492103186119084,1.3954279901100148,0.11978703485521269,0.03933738637606926,-0.11458954592874235,0.09720182344585243
52.202,-2.199954,123.74,7.03,2,249.2,22 / 23,13240110,2020-01-08 15:56:03:704,2.383,-3.9952,10.4788,-0.0437,0.04,9.8064,-0.0027,-0.0298,0.049,8.75,-33.56,16.81,73.76,-79.33,-153.04,-1.5025421738065996,4.462412160932855,0.6731109952237434,5.045973441976924,0.1565079713325566,0.4667724886079125,-0.026147300424815566,-0.13349222780700035,0.13113648249277599
52.202,-2.199954,123.74,7.03,2,249.2,22 / 23,13240210,2020-01-08 15:56:03:804,0.1743,1.483,8.9077,-0.0004,0.015,9.8066,-0.1674,-0.4383,0.3179,8.5,-33.75,17.25,75.27,-79.12,-152.05,-0.486095419082033,-1.39593475208216,-0.8992456346720735,-0.6114199297200669,1.1055441948429645,-0.6445126025603534,-0.1323997723878423,-0.2948773126022425,0.2137721303446785
52.202,-2.199954,123.74,7.03,2,249.2,22 / 23,13240310,2020-01-08 15:56:03:904,2.711,-0.76,10.0868,-0.0261,0.0892,9.8062,0.0243,-0.0206,0.0635,9.13,-34.19,17.06,77.66,-79.01,-150.05,-2.4905720328450305,1.4177188763279005,0.2805664750352831,1.5742209258313151,-0.14011657888244566,0.03984003890104515,-0.016362204985760027,-0.17196612956855512,0.16916763851069253
52.202,-2.199954,123.74,7.03,2,249.2,22 / 23,13240410,2020-01-08 15:56:04:004,-0.0899,2.6672,10.1905,-0.0418,0.0083,9.8065,-0.0262,-0.2391,0.2009,8.75,-34.12,17.0,77.15,-79.11,-150.31,-0.5246944728716778,-2.60714709572516,0.3834039011144463,-1.4410068983243152,0.9742370080075571,0.6745311782927079,0.013306597009048151,-0.10398008814826895,0.10986182575937195
52.202,-2.199954,123.74,7.03,2,249.2,22 / 23,13240510,2020-01-08 15:56:04:104,1.5983,0.5643,8.9537,-0.0104,-0.0004,9.8066,0.0794,-0.1992,0.05,8.56,-34.19,16.56,77.89,-78.84,-150.15,-1.6923761851118928,-0.205478665287323,-0.853159748334306,-0.3043804751296597,0.2673299647627505,-1.0993213255784333,0.04544315497273131,-0.3052882417592667,0.1174630508659116
52.202,-2.199954,123.74,7.03,2,249.2,22 / 23,13240610,2020-01-08 15:56:04:204,-0.4506,1.9248,9.617,-0.0142,-0.0108,9.8065,0.008,-0.2436,0.0957,8.44,-34.25,16.31,78.87,-78.72,-149.74,0.0100977942483052,-1.984121530785839,-0.1899009100119802,-0.6671312922202561,1.51781708032168,0.0974118552204375,0.03626499818943815,-0.16957350746584157,0.05329189474236361
52.202,-2.199954,123.74,7.03,2,249.2,22 / 23,13240709,2020-01-08 15:56:04:303,0.6531,1.5213,10.0732,-0.013,0.0219,9.8065,-0.065,0.0239,-0.0008,8.06,-34.19,16.06,80.04,-78.56,-148.97,-0.9729059988999258,-1.3211937987504545,0.2663068220077765,-1.4248502124093565,0.97338110752612,0.06111732468707376,-0.09124953488061327,-0.020564329338772405,0.02084949757983001
52.202,-2.199954,123.74,7.03,2,249.2,22 / 23,13240810,2020-01-08 15:56:04:404,1.6824,0.4406,9.3834,0.0226,0.0072,9.8066,-0.1085,-0.0398,-0.0236,8.5,-34.25,15.94,82.53,-78.65,-148.59,-1.7141093474831666,-0.0663502090166978,-0.4234343333201403,1.1470402142645757,-0.10754213323471318,-0.19132775766720828,-0.07915048933683715,-0.020326538974835995,-0.03195399381650034
52.202,-2.199954,123.74,7.03,2,249.2,22 / 23,13240910,2020-01-08 15:56:04:504,0.9105,1.4514,10.4777,0.0303,0.0167,9.8066,-0.0229,-0.0434,-0.0352,9.5,-35.0,15.5,85.67,-78.66,-148.18,-1.168142490716525,-1.2120605905530817,0.6707037991622756,-1.0957960438170755,0.6820949678997571,0.5568015295276076,-0.05886429197668924,-0.04297137218893681,-0.03224258017543904
52.202,-2.199954,123.74,7.03,2,249.2,22 / 23,13241009,2020-01-08 15:56:04:603,2.1187,1.3683,8.7692,0.0122,-0.0064,9.8066,-0.0665,-0.0783,-0.0224,8.94,-34.94,15.13,85.77,-78.57,-149.07,-2.352649500741784,-0.8894825967930619,-1.0378834889628543,0.0319811924024056,-0.6022706483313399,-0.9082255305938629,-0.02423432900376132,-0.09331617654860744,-0.026060213522104712
52.202,-2.199954,123.74,7.03,2,249.2,22 / 23,13241110,2020-01-08 15:56:04:704,1.4855,2.083,9.8522,0.0112,0.0052,9.8066,0.0617,-0.0781,-0.0443,8.94,-34.37,14.75,84.52,-78.47,-149.79,-1.8865264695838464,-1.7122747110687146,0.045009814419311,-1.2462276124025302,-0.1627336261655432,0.059971663864017644,0.017892768956161632,-0.05421741775577507,-0.03692361153615908
52.202,-2.199954,123.74,7.03,2,249.2,22 / 23,13241210,2020-01-08 15:56:04:804,3.7419,1.9952,8.582,-0.0235,-0.0233,9.8066,-0.0112,-0.0273,0.0068,9.06,-35.19,14.81,85.16,-78.28,-150.34,-4.111142883652964,-1.161554474172694,-1.2253652368657204,-0.6084267417124862,-2.2256729381191667,-1.224437476956205,0.026085508462970405,-0.05399748170764017,-0.003976161965518504
52.202,-2.199954,123.74,7.03,2,249.2,23 / 23,13241311,2020-01-08 15:56:04:905,2.6407,1.0248,8.7817,0.0002,-0.0001,9.8066,0.1593,-0.1777,0.0147,9.44,-35.0,14.81,84.98,-78.18,-150.73,-2.7989636021158133,-0.4330629583286907,-1.025348476448114,0.39428297073508334,-1.1832197204546604,-0.8718148794056444,0.13727480960661992,-0.15343551498258928,0.02572955664196462
52.202,-2.199954,123.74,7.03,2,249.2,23 / 23,13241410,2020-01-08 15:56:05:004,1.3464,1.6737,11.0952,-0.0375,-0.0143,9.8065,0.1268,-0.0313,0.0179,8.63,-34.5,15.25,84.14,-78.15,-150.89,-1.7145997495476335,-1.351275695756837,1.2882051827671204,-1.1270036929640819,0.2566591631292604,1.1663137379788142,0.12737907441347604,-0.050900256249454545,0.011710956635770974
52.202,-2.199954,123.74,7.03,2,249.2,23 / 23,13241510,2020-01-08 15:56:05:104,1.8867,1.6818,9.2053,-0.0115,-0.0219,9.8066,0.0493,-0.0128,-0.0209,8.69,-34.44,15.0,83.97,-78.0,-151.37,-2.220005899343407,-1.255659310193914,-0.601840613122624,-0.16167309330522056,-0.664491531443946,-0.33318302484347306,0.07138333849148537,0.004792495784671527,-0.0253983373514188
52.202,-2.199954,123.74,7.03,2,249.2,23 / 23,13241611,2020-01-08 15:56:05:205,1.5228,0.8742,10.9378,-0.0061,-0.0132,9.8066,0.1051,-0.0548,-0.0281,9.63,-35.0,15.69,84.42,-78.0,-150.82,-1.6840730169631903,-0.5381910711709913,1.1308739339326546,-0.5123368323891923,0.3053597662782027,0.9223651392187885,0.06460807512382809,-0.07755061967519046,-0.007890084819167443
52.202,-2.199954,123.74,7.03,2,249.2,23 / 23,13241710,2020-01-08 15:56:05:304,1.263,2.1239,9.9427,-0.0225,-0.0275,9.8065,-0.0552,0.003,0.0071,8.94,-34.94,14.63,84.96,-77.91,-151.39,-1.7179755419657403,-1.8247610689269704,0.1356087332586685,-0.6300554554954307,-0.16759524135205883,0.47187423745964613,-0.004547411396920626,0.039442083077638815,-0.031332622493028234
52.202,-2.199954,123.74,7.03,2,249.2,23 / 23,13241809,2020-01-08 15:56:05:403,2.2276,0.2927,10.0893,0.0111,-0.0088,9.8066,0.0493,0.0961,-0.0995,9.31,-33.94,15.0,83.89,-78.0,-151.46,-2.229526976343295,0.182004025623847,0.2824496174793603,0.18822186216018,-0.28769666833142665,0.03892370101749271,-0.0019238454056824464,0.04038011529328781,-0.04400352152110871
52.202,-2.199954,123.74,7.03,2,249.2,23 / 23,13241909,2020-01-08 15:56:05:503,1.5444,2.7167,9.2482,0.0145,-0.0203,9.8065,-0.0681,-0.1048,0.0636,9.69,-34.44,14.63,85.19,-78.14,-151.84,-2.0824658834759626,-2.3439855166580648,-0.5590435062281854,-1.2374087310673474,-0.4919289829407218,-0.20850575959895928,-0.02450040484009189,-0.030185937082394008,-0.004070227004951448
52.202,-2.199954,123.74,7.03,2,249.2,23 / 23,13242010,2020-01-08 15:56:05:604,2.8446,1.6849,9.4355,0.0161,0.0143,9.8066,-0.0254,0.0995,-0.0804,9.5,-34.75,14.44,89.27,-78.26,-151.28,-3.121466968414099,-1.02338052560383,-0.3717096782631884,-0.8615067803172016,-1.2772087583960365,-0.6019019259569556,-0.056426000963900866,0.012626778406940816,-0.008109300406301506
52.202,-2.199954,123.74,7.03,2,249.2,23 / 23,13242110,2020-01-08 15:56:05:704,1.3584,2.2263,9.7418,0.0182,-0.0093,9.8065,-0.0447,-0.1303,0.0847,8.69,-34.56,14.13,87.33,-78.45,-150.88,-1.7894722706655637,-1.89519193337461,-0.0653147624265859,-1.0358824365359114,-0.13424219009210872,0.25662151050310156,-0.027455130861081905,-0.041966232867546895,0.01632078853711555
52.202,-2.199954,123.74,7.03,2,249.2,23 / 23,13242210,2020-01-08 15:56:05:804,1.4222,0.0766,9.5011,-0.0001,0.0129,9.8066,-0.0267,-0.0134,-0.0141,9.38,-34.75,14.25,87.7,-78.42,-150.59,-1.4026983363228376,0.2436228114983076,-0.3056313678188201,0.6828469555119344,0.3181414359818072,-0.4892546203057019,-0.032026052907152124,-0.09122395959100052,0.04248063302287024
52.202,-2.199954,123.74,7.03,2,249.2,24 / 24,13242310,2020-01-08 15:56:05:904,1.9701,-0.2776,9.4074,0.0029,0.002,9.8066,-0.0265,-0.1788,0.0928,9.13,-33.81,13.5,87.44,-78.4,-150.11,-1.861041279739724,0.6960592867591365,-0.3992987157769141,1.2225842411992238,-0.1429025384248366,-0.1319159184519243,-0.029389509498135805,-0.12204091429660566,0.054142193608344116
52.202,-2.199954,123.74,7.03,2,249.2,24 / 24,13242410,2020-01-08 15:56:06:004,1.7681,0.9832,9.543,-0.0016,0.0156,9.8066,-0.0176,-0.1104,0.0627,9.44,-34.87,13.69,89.08,-78.44,-149.14,-1.93630450947304,-0.5644649664682339,-0.2639639335674228,0.18615216816011926,-0.33782892190026426,-0.3840348992374798,-0.01080282705682343,-0.13857708675840757,0.07959690626867431
52.202,-2.199954,123.74,7.03,2,249.2,24 / 24,13242510,2020-01-08 15:56:06:104,1.9946,0.4037,9.675,0.0093,0.0161,9.8065,0.027,-0.0956,0.0571,8.69,-35.0,13.75,89.0,-78.61,-148.82,-2.022189712810245,0.04829696482027,-0.1317507821364472,0.2512843737761685,-0.24657963656876233,0.06888416222292393,0.02018396629639342,-0.09983752099190872,0.06339626317851932
52.202,-2.199954,123.74,7.03,2,249.2,24 / 24,13242609,2020-01-08 15:56:06:203,1.3037,1.4121,10.1064,-0.0069,-0.0017,9.8066,0.0219,-0.1356,0.0403,9.44,-34.94,14.19,88.71,-78.72,-148.84,-1.5839377087999165,-1.0990449986779058,0.2993731209089315,-0.09684805964481968,-0.08364192675703147,0.24944515404528586,0.026027646545999754,-0.098754443898803,0.01182211927863311
52.202,-2.199954,123.74,7.03,2,249.2,24 / 24,13242710,2020-01-08 15:56:06:304,2.3007,-0.4323,9.3475,-0.0101,-0.0047,9.8066,0.0183,-0.0656,-0.0226,9.0,-35.06,13.88,88.28,-78.69,-149.36,-2.164781779081443,0.9144792591934084,-0.4591935795087465,0.8886086410004576,-0.2575628523062051,-0.33045862799937864,0.01800824057856518,-0.1318633441615687,0.024513764080200614
52.202,-2.199954,123.74,7.03,2,249.2,24 / 24,13242810,2020-01-08 15:56:06:404,0.9044,1.6169,9.9751,0.0001,0.0005,9.8065,0.0205,-0.1905,0.1119,9.06,-35.19,13.44,91.18,-78.75,-149.6,-1.2306767736405886,-1.3842290364533556,0.1681608261784133,-0.2601832412890037,0.2086595932252296,0.19049159433253635,0.017218697735724386,-0.10120035878509337,0.05205051299595061
52.202,-2.199954,123.74,7.03,2,249.2,24 / 24,13242910,2020-01-08 15:56:06:504,1.2302,0.4834,9.9939,-0.0117,0.0112,9.8065,-0.0324,0.057,-0.0529,9.0,-35.19,13.63,88.0,-78.79,-149.39,-1.3144008937213214,-0.1942084677582573,0.1871912701906287,-0.3049542726375767,0.3646458590184608,0.24200972079443178,-0.026591340615155896,-0.046163149269432345,0.012302649813124993
52.202,-2.199954,123.74,7.03,2,249.2,24 / 24,13243010,2020-01-08 15:56:06:604,0.5417,2.0661,10.2739,0.0181,0.0024,9.8066,-0.0324,-0.1288,0.0646,9.44,-35.19,13.5,88.02,-78.92,-149.06,-0.9550791684053416,-1.9029749620929608,0.4667911907110686,-0.8120094571380952,0.45980300919665734,0.5603586596264597,-0.039687571002233496,-0.02271500605887168,0.0014562503721506593
52.202,-2.199954,123.74,7.03,2,249.2,24 / 24,13243110,2020-01-08 15:56:06:704,1.9789,-0.1909,9.7251,-0.001,0.0247,9.8065,-0.0331,0.1122,-0.0529,9.56,-34.87,13.44,93.53,-79.01,-148.41,-1.887244233680292,0.6362216324134041,-0.0815142128080185,0.5849725912173271,-0.3160695144570846,-0.09833348400804037,-0.024917712751178187,0.014255084365019124,0.0021853568587863093
52.202,-2.199954,123.74,7.03,2,249.2,24 / 24,13243210,2020-01-08 15:56:06:804,1.9696,0.0683,9.1938,0.0158,0.0076,9.8066,-0.0249,-0.0654,0.0478,9.31,-34.87,12.69,91.75,-79.01,-148.37,-1.9210860513425847,0.360878834474538,-0.6129744041681133,1.287053827500836,-0.5078275204948276,-0.4553442147964943,-0.03374198955526751,0.015128639572564419,0.004414192359112708
52.202,-2.199954,123.74,7.03,2,249.2,23 / 24,13243310,2020-01-08 15:56:06:904,1.6118,0.1573,9.6311,-0.002,0.0162,9.8066,-0.0168,0.0961,-0.032,9.31,-34.87,13.56,89.12,-79.04,-147.66,-1.6063771035169023,0.2091756497489116,-0.1756645919039076,0.3187318839100907,-0.16874496679357087,-0.2536459898792667,-0.007727670848581128,0.03878428295917913,-0.0012969842083620019
52.202,-2.199954,123.74,7.03,2,249.2,23 / 24,13243410,2020-01-08 15:56:07:004,1.9116,0.57,9.5908,0.0092,0.0006,9.8066,0.0042,0.0039,-0.0088,9.75,-35.56,13.5,91.61,-79.13,-147.58,-1.980301296160612,-0.1470571810762632,-0.216084987721268,0.5405655081487675,-0.5671356226325716,-0.011393999976628719,-0.00395870855506545,0.036674163435522655,-0.02814567213944288
52.202,-2.199954,123.74,7.03,2,249.2,23 / 24,13243510,2020-01-08 15:56:07:104,1.3138,0.9363,10.1411,0.0057,0.0027,9.8066,-0.0383,0.0174,-0.0259,9.56,-35.31,13.13,94.16,-79.12,-147.49,-1.4782654379764262,-0.6306177210743343,0.3341816942194446,-0.3253968025159847,-0.17710535856086784,0.21616547214361245,-0.032954486409214535,0.006179424825774417,-0.015178713261171994
52.202,-2.199954,123.74,7.03,2,249.2,23 / 24,13243610,2020-01-08 15:56:07:204,1.4715,0.5953,9.6648,0.0117,0.0041,9.8066,-0.0191,0.0536,-0.0172,9.31,-35.31,13.56,89.24,-79.11,-147.37,-1.5527465200165909,-0.2635142645093352,-0.1420535004020325,0.18053060620872363,-0.15925540090988205,0.08240220035871038,-0.01956004276902692,0.04916870145587122,-0.022305370766956264
52.202,-2.199954,123.74,7.03,2,249.2,23 / 24,13243710,2020-01-08 15:56:07:304,1.3243,0.9201,10.0628,0.0097,0.001,9.8066,-0.0167,0.0117,-0.0313,9.5,-35.12,13.31,94.33,-79.15,-147.22,-1.481486098745963,-0.6150434989772257,0.2558844340484937,-0.1441351189753045,-0.30082923520301297,0.1276978638590052,-0.022467888460071993,0.025144946530294705,-0.029423551729777956
52.202,-2.199954,123.74,7.03,2,249.2,23 / 24,13243810,2020-01-08 15:56:07:404,1.5891,0.6308,9.518,0.0105,0.0016,9.8066,-0.0315,0.0142,-0.0029,9.56,-35.12,12.69,94.24,-79.15,-147.33,-1.676919159621371,-0.2750559025893629,-0.2888718445011631,-0.023446418362992383,-0.33673968941353416,-0.07790715467974418,-0.019602818732906688,-0.0029027308636874996,-0.0029657337773906474
52.202,-2.199954,123.74,7.03,2,249.2,23 / 24,13243909,2020-01-08 15:56:07:503,1.1311,0.8812,10.1479,0.0165,0.0019,9.8066,0.0138,-0.0128,-0.0056,9.06,-34.87,13.56,88.66,-79.29,-147.52,-1.277617187563647,-0.6191881244504256,0.3410098658125908,-0.0562902991712025,-0.1917379379668968,0.23484509151305008,-0.002530307079813968,0.004956330607259943,-0.0067453172549967995
52.202,-2.199954,123.74,7.03,2,249.2,23 / 24,13244010,2020-01-08 15:56:07:604,1.554,0.1922,9.5604,0.0057,-0.0029,9.8066,-0.0311,0.0079,-0.0289,9.75,-35.31,13.5,90.18,-79.38,-147.77,-1.554008662230758,0.1423711938442817,-0.2463713881016286,0.28210739578210786,-0.30443667015100345,-0.08024668552962995,-0.013163943554652582,-0.00979933012388132,-0.026635816487571573
52.202,-2.199954,123.74,7.03,2,249.2,23 / 24,13244110,2020-01-08 15:56:07:704,1.1176,0.4951,9.7138,0.0115,0.0004,9.8066,0.0182,-0.0151,-0.0139,8.94,-34.75,13.69,88.05,-79.44,-147.78,-1.1865772506961914,-0.2453203604986598,-0.0930026282159516,0.3214536856309361,-0.17041935968180305,-0.151089333734719,0.0017421197887497507,0.00327258209765164,-0.01748795449955827
52.202,-2.199954,123.74,7.03,2,249.2,23 / 24,13244210,2020-01-08 15:56:07:804,1.1772,0.3548,9.6812,0.0025,0.0005,9.8066,-0.0052,0.0096,0.0061,9.5,-34.87,13.5,90.17,-79.42,-147.69,-1.2233852996680403,-0.0934487541427352,-0.1255765858164199,0.015377136434466806,-0.09563812482208495,-0.02560944015084786,0.007335381010210972,-0.010465491061616133,0.01135859389032944
52.202,-2.199954,123.74,7.03,2,249.2,23 / 24,13244309,2020-01-08 15:56:07:903,1.1283,0.3704,9.6425,0.0006,-0.0013,9.8066,0.0128,-0.0421,0.0252,9.31,-35.06,13.75,88.08,-79.48,-147.67,-1.181220002296162,-0.1205382928581814,-0.1642766451151526,0.3738994951550998,-0.21849164377712726,-0.16121707336826555,0.005436645556319196,-0.02000642283730902,0.018008224605580395
52.202,-2.199954,123.74,7.03,2,249.2,23 / 24,13244409,2020-01-08 15:56:08:003,0.7511,0.5554,9.9652,-0.0025,0.0038,9.8066,0.0199,0.006,-0.0001,9.38,-34.62,14.44,87.85,-79.58,-147.67,-0.85458451037679,-0.376722644634745,0.1584135210247707,-0.23928932809453737,0.13229678932005967,0.18577831538238812,0.02208936430275758,-0.017328282549081704,0.008975180942402732
52.202,-2.199954,123.74,7.03,2,249.2,23 / 24,13244510,2020-01-08 15:56:08:104,0.8833,0.7413,9.8582,0.0068,-0.0041,9.8066,0.0168,-0.0656,0.0139,10.06,-34.62,13.69,89.65,-79.66,-147.69,-1.0162608792977832,-0.539547939143434,0.0513596784936339,-0.16546943838417427,-0.10305877255975915,0.11329774597758901,0.01889900791285637,-0.042775265348942985,0.003395820286176497
52.202,-2.199954,123.74,7.03,2,249.2,23 / 24,13244609,2020-01-08 15:56:08:203,0.9678,0.2998,9.9093,-0.0012,0.0021,9.8066,0.0267,-0.0178,-0.0042,10.25,-34.5,13.75,89.06,-79.71,-147.51,-1.0103563672518985,-0.0824405993169837,0.1025531020389112,0.11130868753918981,-0.16988650240281253,0.0654873476181905,0.02156865570612469,-0.03804666028806964,0.006928906815503337
52.202,-2.199954,123.74,7.03,2,249.2,23 / 24,13244710,2020-01-08 15:56:08:304,1.084,0.1014,9.5554,0.0026,-0.0021,9.8066,0.0199,-0.0411,0.0265,10.13,-35.12,14.06,89.56,-79.78,-147.49,-1.0783327409191634,0.1314544546846078,-0.251312308105545,0.3699915429049802,-0.22223975643280586,-0.14543916375556062,0.02685083994499165,-0.025192303644466372,0.015734050218559722
52.202,-2.199954,123.74,7.03,2,249.2,23 / 24,13244809,2020-01-08 15:56:08:403,0.9111,0.0143,9.8834,-0.0014,0.0027,9.8066,0.0215,-0.0189,-0.0017,9.88,-34.94,13.75,89.54,-79.87,-147.32,-0.8936672829200718,0.1848283627535628,0.0767223159197736,0.43119211904472277,-0.19416185290192672,-0.006552588140005394,0.013711871730022595,-0.0294112403563752,0.0077951442605286485
52.202,-2.199954,123.74,7.03,2,249.2,23 / 24,13244910,2020-01-08 15:56:08:504,0.7527,0.0223,9.7284,0.0055,0.0002,9.8066,-0.0045,-0.0363,0.0167,9.88,-35.19,13.75,89.48,-79.95,-147.19,-0.7344697477794886,0.1390684802548248,-0.0782664512824472,0.2551660638807797,0.04914729618873277,0.0497585546182292,0.0033926414769127364,-0.03144452172404424,0.009031631200896863
52.202,-2.199954,123.74,7.03,2,249.2,23 / 24,13245010,2020-01-08 15:56:08:604,0.4924,0.2557,9.8792,0.0042,0.0033,9.8066,0.0106,-0.0317,0.0172,10.13,-34.56,13.75,89.46,-80.04,-147.02,-0.5310559745621433,-0.1415579197252246,0.0725028774940641,0.13004444606061982,0.03972022474385414,-0.03509321014586851,0.00309909896285193,-0.03136949571922367,0.022957780091834357
52.202,-2.199954,123.74,7.03,2,249.2,23 / 24,13245110,2020-01-08 15:56:08:704,0.6487,0.1635,9.7448,0.0017,0.0042,9.8066,-0.0074,-0.0297,0.0263,9.88,-34.5,13.44,91.93,-80.13,-146.74,-0.6661105466609152,-0.0164681531534048,-0.0618891715796274,0.008609853227983327,0.026266949725117797,0.06594332233715072,-0.0005366280293623401,-0.03415855320585687,0.02216870169324238
52.202,-2.199954,123.74,7.03,2,249.2,23 / 24,13245210,2020-01-08 15:56:08:804,0.4712,0.3242,9.8471,0.0051,0.0051,9.8066,0.0077,-0.0423,0.0179,10.13,-35.06,14.25,89.63,-80.24,-146.4,-0.5238080052977722,-0.2114429479724398,0.0403896439535319,0.04568086576512517,-0.06685999444467355,-0.07159129920818862,0.0014869070875760588,-0.035146615613545124,0.020823399533036212
52.202,-2.199954,123.74,7.03,2,249.2,24 / 25,13245310,2020-01-08 15:56:08:904,0.567,-0.2485,9.7774,0.0006,0.0055,9.8065,0.011,-0.0192,0.0244,9.69,-35.56,13.88,90.31,-80.3,-146.18,-0.4985465953093993,0.3698335796135908,-0.0290892711425297,0.34171482932952196,0.0842267891945587,0.08024867068084066,0.016655671467396542,-0.02755047004296431,0.022347265711203802
52.202,-2.199954,123.74,7.03,2,249.2,24 / 25,13245409,2020-01-08 15:56:09:003,0.1147,-0.0553,10.0063,0.0024,0.0041,9.8066,0.0122,-0.0454,0.0222,9.75,-34.87,13.44,92.7,-80.38,-146.0,-0.0969298557495379,0.082113281760484,0.1997041612558364,0.2845134334749133,0.2604600124329217,0.09792145006018521,0.0071172597931952394,-0.037037903733938116,0.023506076918897605
52.202,-2.199954,123.74,7.03,2,249.2,24 / 25,13245509,2020-01-08 15:56:09:103,0.2294,-0.2924,9.6846,0.0005,0.0026,9.8065,-0.0083,-0.017,0.0121,10.13,-34.62,13.25,92.82,-80.46,-145.7,-0.1601118580541089,0.3373366886233758,-0.1218522524169187,0.28917858324419465,0.2979894077913746,-0.0430538974508579,-0.004037963789917239,-0.024788678294480115,0.011669711527780867
52.202,-2.199954,123.74,7.03,2,249.2,24 / 25,13245610,2020-01-08 15:56:09:204,0.0006,-0.2651,9.9298,0.0059,0.0037,9.8066,0.0245,0.0007,-0.0027,10.0,-35.06,13.75,89.9,-80.54,-145.45,0.0629478311882375,0.2613504225204257,0.1232610936065889,0.37803917452929586,0.33197476208814525,0.03976296941048638,0.021393534608034396,0.007892915247592856,-0.0034351381101979774
52.202,-2.199954,123.74,7.03,2,249.2,24 / 25,13245710,2020-01-08 15:56:09:304,0.2332,-0.218,9.8844,0.0048,-0.0002,9.8066,0.0201,-0.0041,0.0004,9.81,-34.87,14.5,87.13,-80.66,-145.21,-0.1762460272439076,0.2617938364434782,0.0778303609200492,0.21408463827578234,0.1474885149772686,0.12058073137055052,0.02196205066589828,-0.01078657924686233,0.0024789968134339047
52.202,-2.199954,123.74,7.03,2,249.2,24 / 25,13245812,2020-01-08 15:56:09:406,0.0367,-0.1928,9.8552,0.0048,-0.0009,9.8065,-0.0002,-0.0169,-0.0077,9.75,-35.06,14.19,89.93,-80.77,-144.92,0.0100950049387516,0.1942610276501269,0.0487406812796374,0.20940880649754695,0.19725220919195652,-0.014492374030908847,-0.0011699038624778668,-0.011097496791928403,-0.010823169521453246
52.202,-2.199954,123.74,7.03,2,249.2,24 / 25,13245909,2020-01-08 15:56:09:503,-0.035,-0.012,9.7919,0.0071,0.0046,9.8066,0.0028,0.0216,-0.0221,10.06,-35.19,13.88,90.11,-80.84,-144.57,0.0446862261272148,0.0071640150657853,-0.0146927901585984,-0.035842102649269236,0.23088935391489976,-0.007823400546428015,0.0035228503465423895,0.017748080140145377,-0.018927523918840384
52.202,-2.199954,123.74,7.03,2,249.2,24 / 25,13246010,2020-01-08 15:56:09:604,0.1238,0.0334,9.8993,0.0087,-0.0002,9.8066,0.0107,0.0056,0.0036,10.5,-35.12,13.44,94.94,-80.91,-144.36,-0.1196440866199013,-0.0080885101898921,0.0926829463266985,-0.09390676522851185,-0.013122344144607417,0.04677363520294304,0.009641408382341284,0.006092379467223577,0.0019066184072318816
52.202,-2.199954,123.74,7.03,2,249.2,24 / 25,13246110,2020-01-08 15:56:09:704,0.2229,0.0489,9.7558,0.0054,-0.001,9.8066,0.005,-0.0011,-0.0014,10.0,-34.94,13.31,93.03,-81.02,-144.18,-0.2231354750961863,-0.0019639492359446,-0.0508291516454651,-0.05126005206093727,-0.17121168860658373,-0.07535808400072563,0.006614134420398205,0.0028638312709298704,-0.0027215873300838146
52.202,-2.199954,123.74,7.03,2,249.2,24 / 25,13246210,2020-01-08 15:56:09:804,0.2574,-0.0765,9.7967,0.0087,0.0025,9.8066,-0.0014,0.0106,-0.0067,10.06,-35.0,13.19,93.15,-81.09,-143.9,-0.225899809178069,0.1306212621742931,-0.0099026300196755,-0.04210415269266715,-0.2031976366106661,-0.04491125104226564,-0.003294053751047403,0.001920196423322692,-0.0014265291515531656
52.202,-2.199954,123.74,7.03,2,249.2,24 / 24,13246311,2020-01-08 15:56:09:905,0.2582,-0.4164,9.8764,0.0077,0.0044,9.8066,-0.0063,-0.0237,0.0194,9.63,-35.25,13.25,93.17,-81.2,-143.62,-0.1541865439420089,0.4647999722275976,0.0698743549840963,0.38758567182701914,-0.22842994485774198,0.021309649713114893,-0.0048575790059385004,-0.011016314147922153,0.01019791720404543
52.202,-2.199954,123.74,7.03,2,249.2,24 / 24,13246410,2020-01-08 15:56:10:004,0.331,-0.2311,9.761,0.0018,0.004,9.8066,0.0126,0.0147,-0.0064,9.5,-35.0,13.69,90.41,-81.28,-143.3,-0.2709539634231545,0.3003847001754475,-0.0455740233662811,0.06236039392219435,-0.33751545670750516,-0.07817460716954719,0.012564476786057958,-0.0005455626555446302,0.005759412664188947
52.202,-2.199954,123.74,7.03,2,249.2,24 / 24,13246510,2020-01-08 15:56:10:104,0.0289,0.1434,9.7551,0.0051,-0.0012,9.8066,0.0179,-0.0035,0.0092,10.56,-35.37,13.0,95.22,-81.35,-143.09,-0.0543235139000378,-0.1360918513127189,-0.0515345888101294,-0.26644295357774556,-0.2443912019802147,-0.11527628957142902,0.015749008556070976,0.012561756547774765,-0.004298950839432181
52.202,-2.199954,123.74,7.03,2,249.2,24 / 24,13246610,2020-01-08 15:56:10:204,0.0575,-0.4228,9.9938,0.0038,-0.0006,9.8066,0.0162,0.0296,-0.0352,9.88,-35.5,13.06,93.57,-81.41,-142.72,0.0382976527553158,0.42383463142053,0.1872908566963614,0.14187036312685544,-0.12239792772211919,0.14793426581946714,0.020730761472877116,0.014359544660673795,-0.02217278415592384
52.202,-2.199954,123.74,7.03,2,249.2,24 / 24,13246709,2020-01-08 15:56:10:303,-0.2563,-0.1562,9.9869,0.0073,-0.0036,9.8066,0.0219,-0.0138,-0.0036,9.63,-34.81,13.13,93.63,-81.5,-142.46,0.290219691944234,0.0923255733920269,0.1803561169066012,-0.11167096204938684,-0.005940819396503566,0.11034851082563074,0.015604229154830932,-0.0005847984676039708,-0.014640520526596968
52.202,-2.199954,123.74,7.03,2,249.2,24 / 24,13246810,2020-01-08 15:56:10:404,-0.0381,-0.4754,9.7826,0.0045,0.0024,9.8065,-0.0129,0.0029,-0.0049,9.94,-35.25,13.63,91.12,-81.54,-142.02,0.1443262271388918,0.4574744249013722,-0.0237886679116705,0.14442703731615827,-0.11230106936366965,-0.07819529277126719,-0.006164558011183803,-0.007735123210840701,0.0033067871120380683
52.202,-2.199954,123.74,7.03,2,249.2,24 / 24,13246910,2020-01-08 15:56:10:504,-0.0712,-0.2668,9.8306,0.0067,0.0076,9.8065,0.0034,-0.0079,0.0076,9.44,-34.75,13.44,92.27,-81.61,-141.43,0.1350669486884748,0.251231747751251,0.0241683324587502,-0.03454132681271656,-0.26003753107588656,-0.04479889239490721,-0.002143629476507705,0.0002744518234129422,0.00229084422208993
52.202,-2.199954,123.74,7.03,2,249.2,24 / 24,13247010,2020-01-08 15:56:10:604,0.205,-0.1278,9.8253,0.0046,0.0045,9.8065,-0.0027,-0.0016,-0.0032,9.75,-34.5,13.56,91.42,-81.67,-140.91,-0.1672742423984655,0.1722854460134028,0.0188133708298708,-0.173701514506498,-0.517462898128835,-0.0562874429648202,0.0002344926002230132,-0.007911931761234678,-0.00017810659167599024
52.202,-2.199954,123.74,7.03,2,249.2,24 / 24,13247109,2020-01-08 15:56:10:703,0.074,-0.2818,9.8791,0.0049,0.0028,9.8066,-0.0107,-0.0273,0.0109,10.06,-34.87,12.5,94.86,-81.72,-140.68,-0.0063092432753578,0.292786051000135,0.0725585404279789,-0.0664692975993701,-0.49593893052321414,0.008497386825275573,-0.010217219841410335,-0.022069921770925788,0.009081329848892207
52.202,-2.199954,123.74,7.03,2,249.2,24 / 24,13247210,2020-01-08 15:56:10:804,-0.0849,-0.0273,9.7328,0.0046,0.0088,9.8065,-0.0075,-0.0235,0.0191,10.25,-34.37,12.88,94.33,-81.77,-140.6,0.095177686771139,0.0160297873102723,-0.0736844885961927,-0.38055161329377074,-0.34306558564793277,-0.1707028613561914,-0.01141053156864956,-0.028353589295028125,0.02102003772428629
52.202,-2.199954,123.74,7.03,2,249.2,24 / 24,13247310,2020-01-08 15:56:10:904,-0.042,-0.2007,9.8022,0.0022,0.0034,9.8066,-0.0036,-0.0335,0.0214,10.06,-34.87,13.38,95.17,-81.82,-140.14,0.0870452495477516,0.1898262610593099,-0.0043503038298902,-0.22037720619837384,-0.49337162360492537,-0.06457803371939783,0.002891351472731861,-0.028590280869378003,0.01819643957877181
52.202,-2.199954,123.74,7.03,2,249.2,24 / 24,13247409,2020-01-08 15:56:11:003,-0.2162,-0.2072,9.969,-0.0014,0.0055,9.8066,0.0133,-0.0323,0.0157,9.5,-34.94,12.94,95.29,-81.87,-139.9,0.2554835822798962,0.1615151279028844,0.1624656660465414,-0.31350197877994773,-0.2652274824922738,0.047713971247681446,0.005900806516762086,-0.03726239603169034,0.020851878954141534
52.202,-2.199954,123.74,7.03,2,249.2,24 / 24,13247510,2020-01-08 15:56:11:104,0.1255,-0.3533,9.7695,0.0002,0.0014,9.8066,0.0002,-0.0318,0.0171,10.31,-34.31,13.25,95.17,-81.9,-139.45,-0.0461106697980069,0.373351250153278,-0.0370302597852557,-0.059577506051860595,-0.7107030687135143,-0.09965870475628384,0.006231213100474035,-0.02729341884722435,0.010154693269251537
52.202,-2.199954,123.74,7.03,2,249.2,24 / 24,13247610,2020-01-08 15:56:11:204,0.2384,-0.3859,9.7952,-0.001,0.003,9.8066,0.0282,0.0014,-0.0113,10.19,-34.25,12.94,95.48,-81.93,-139.06,-0.1501936071015624,0.431276011135316,-0.0113319285663255,-0.14932795744512006,-0.7514358858006989,-0.1349517199510808,0.0258939894240958,-0.0018108610232301326,-0.0035749787791853945
52.202,-2.199954,123.74,7.03,2,249.2,24 / 24,13247711,2020-01-08 15:56:11:305,0.0573,0.0828,9.6708,0.0024,0.0,9.8065,0.0161,-0.0157,0.0114,9.81,-33.81,13.31,95.74,-81.96,-138.71,-0.0713994762981826,-0.0690338198903984,-0.1357231980749247,-0.5028548701868494,-0.8075943245667307,-0.21037858395801218,0.012985024472387576,-0.014479443863597294,0.004446182586206986
52.202,-2.199954,123.74,7.03,2,249.2,24 / 24,13247810,2020-01-08 15:56:11:404,0.0536,-0.1858,9.9752,-0.0011,-0.0012,9.8066,0.0025,-0.0076,-0.0127,10.0,-33.69,13.88,93.33,-81.97,-138.33,-0.0137567078020857,0.192009044063237,0.1686371548276648,-0.5083773306196908,-0.6992500134473942,0.04693892943561019,0.011408524069075903,-0.006845511375574391,-0.008001714405507133
52.202,-2.199954,123.74,7.03,2,249.2,24 / 24,13247910,2020-01-08 15:56:11:504,-1.2823,-0.976,10.1325,0.0018,-0.0012,9.8066,0.0371,0.0027,-0.004,11.0,-32.37,14.0,94.54,-81.97,-138.22,1.4635988501161985,0.675880105625935,0.3262256102111186,0.24543696919387628,0.6745028370983379,0.23007536762755798,0.023568035337579347,0.0009320656732509948,-0.005645104214069362
52.202,-2.199954,123.74,7.03,2,249.2,24 / 24,13248010,2020-01-08 15:56:11:604,-2.0841,-1.7985,10.0374,-0.001,-0.0016,9.8066,0.0065,-0.0342,0.0045,11.13,-33.06,15.31,92.8,-81.91,-138.02,2.4206667231228574,1.3070046752192463,0.2313768668658985,0.49473179087577124,1.2226230238133775,0.12029409936008009,0.02234116928570135,-0.03294355304491628,0.003304955472559634
52.202,-2.199954,123.74,7.03,2,249.2,24 / 24,13248110,2020-01-08 15:56:11:704,-2.8693,-2.0359,9.8576,-0.0173,-0.0109,9.8066,0.0836,-0.0161,-0.0095,11.81,-32.5,15.63,91.78,-81.76,-138.47,3.2206489707627712,1.3645065722317729,0.0516915995205985,0.9180867807141501,1.1789647537958095,-0.07117586112975478,0.06801496058355565,-0.0156423640944913,-0.006543137784736553
52.202,-2.199954,123.74,7.03,2,249.2,24 / 24,13248210,2020-01-08 15:56:11:804,-3.3167,-2.5312,10.0766,-0.0202,-0.0085,9.8066,0.0584,-0.0318,0.0236,11.75,-32.0,15.88,90.91,-81.39,-139.97,3.761724695963497,1.754964469159885,0.2708404765995923,0.8632084741916253,1.1245709230680958,0.17325815678976203,0.07188423063896096,-0.034017351429378284,0.020294607043481516
52.202,-2.199954,123.74,7.03,2,249.2,24 / 24,13248310,2020-01-08 15:56:11:904,-2.0691,-0.4708,10.0826,-0.0159,-0.0081,9.8066,0.0338,-0.1267,0.0414,11.25,-32.0,16.44,88.62,-81.2,-140.68,2.1046287093096745,0.0104203266060615,0.2762733116732728,-0.49319738392256796,1.1637370805524572,0.1286157487558135,0.023035140811545705,-0.12397662796965056,0.043898178336020444
52.20193,-2.200305,124.29,1.3,2,260.03,24 / 24,13248410,2020-01-08 15:56:12:004,-2.9319,-1.644,9.9029,-0.022,-0.0128,9.8065,0.011,-0.1555,0.0256,10.13,-31.94,16.63,84.22,-81.07,-141.01,3.1925286789629306,0.9674577979097562,0.0970074907561934,0.04728034920606733,1.0284080964487945,0.008299678967488133,0.019461972451270362,-0.1568639465712704,0.024472417620716187
52.20193,-2.200305,124.29,1.3,2,260.03,24 / 24,13248510,2020-01-08 15:56:12:104,-2.0341,-0.5178,9.9203,-0.0097,-0.0038,9.8066,0.0333,-0.1913,-0.0075,9.44,-32.25,16.0,83.95,-80.79,-141.8,2.087551701581832,0.0667452423769932,0.1139825242869867,-0.5475136933069277,1.1548389345101522,-0.04920978519892151,0.026255833111837566,-0.19280462458104522,-0.007666939055216891
52.20193,-2.200305,124.29,1.3,2,260.03,24 / 24,13248611,2020-01-08 15:56:12:205,-2.1147,0.1633,9.768,-0.0086,-0.0087,9.8066,0.0165,-0.2747,-0.0242,9.75,-33.12,14.0,90.73,-80.65,-143.2,2.019882131108019,-0.6207477320962209,-0.0384655628832427,-1.5121088505427287,0.9468172193652958,-0.12889600642049126,0.022996170860534335,-0.26975849651769784,-0.023379662755108103
52.20193,-2.200305,124.29,1.3,2,260.03,24 / 24,13248710,2020-01-08 15:56:12:304,-2.0416,0.0054,10.1581,-0.0058,-0.0156,9.8066,0.035,-0.2881,-0.0385,9.5,-33.87,12.31,96.07,-80.6,-144.64,1.9836381930693476,-0.4582441932256977,0.3516627196213767,-1.2345508731158705,1.1227807952703122,0.18622751749295285,0.028454208644960476,-0.2960265598287779,-0.03893163371055537
52.20193,-2.200305,124.29,1.3,2,260.03,24 / 24,13248810,2020-01-08 15:56:12:404,-2.6879,0.2917,9.8018,-0.0066,-0.0221,9.8065,0.0395,-0.2886,-0.0675,9.75,-35.06,10.88,98.08,-80.55,-146.89,2.5511435199942665,-0.8828976473183674,-0.0045502473506365,-1.6967282137509074,0.8925589227847898,-0.10842056028712299,0.04629790524264571,-0.2791301847424898,-0.06853853105181273
52.20193,-2.200305,124.29,1.3,2,260.03,24 / 24,13248910,2020-01-08 15:56:12:504,-0.8715,-0.0319,10.1646,0.0016,-0.0314,9.8065,0.0357,-0.309,-0.0535,9.88,-35.25,9.25,102.53,-80.55,-150.29,0.8527461902381578,-0.1872866168928244,0.3581719254312768,-1.1608312686698221,-0.04116046729738887,0.20182081915110803,0.028852795349447378,-0.31744172333888604,-0.05039845627299783
52.20193,-2.200305,124.29,1.3,2,260.03,24 / 24,13249010,2020-01-08 15:56:12:604,-2.3776,0.0173,9.9955,0.0025,-0.0228,9.8066,-0.0442,-0.3266,-0.0098,10.06,-35.06,8.13,104.32,-80.62,-152.75,2.315802400642986,-0.5508835422912401,0.1890867367343304,-1.2598956776574584,0.8729134838202603,0.06546330351283165,-0.03766612582172889,-0.32288010153460356,-0.014659142521812583
52.20193,-2.200305,124.29,1.3,2,260.03,24 / 24,13249109,2020-01-08 15:56:12:703,-1.5801,-0.7994,9.5183,0.002,-0.0121,9.8066,-0.0316,-0.2637,-0.0052,10.38,-34.56,8.13,102.23,-80.79,-154.61,1.7144005888771534,0.4288236464955509,-0.2879921718795979,-0.7495263980168828,0.767206424943952,-0.43221511962934955,-0.03778734231402482,-0.2586418736815007,0.00021779621817611143
52.20193,-2.200305,124.29,1.3,2,260.03,24 / 24,13249210,2020-01-08 15:56:12:804,-1.3583,-0.4311,10.2153,0.0055,0.0032,9.8066,-0.0152,-0.26,0.0245,10.69,-35.0,7.38,106.63,-80.88,-155.07,1.4252258866765215,0.1308673017505584,0.4089101873023594,-0.4772607626751678,0.3110684859937546,0.2699895181698657,-0.008773994851370906,-0.27662411145583865,0.020184080982065387
52.20193,-2.200305,124.29,1.3,2,260.03,23 / 23,13249310,2020-01-08 15:56:12:904,-1.0582,0.4941,9.6514,-0.0014,0.0027,9.8066,-0.0159,-0.2926,0.0222,10.69,-34.87,7.31,106.62,-80.88,-155.06,0.926466479635925,-0.7070732813488078,-0.1552239572799421,-2.06202379993921,-0.08761951550061609,-0.29638969056951825,-0.023387188955506753,-0.2646972626686678,0.023934109166084596
52.20193,-2.200305,124.29,1.3,2,260.03,23 / 23,13249410,2020-01-08 15:56:13:004,-0.9515,0.5894,9.2331,0.0206,-0.0193,9.8066,-0.0076,-0.1832,-0.0136,10.69,-35.69,6.44,110.83,-80.93,-155.65,0.8185832732371433,-0.8033366054275778,-0.5735573843622445,-1.3518184247673293,-0.26082155889589126,-0.7106193253979571,0.0010438255739118833,-0.21800484183884689,-0.012121067871918984
52.20193,-2.200305,124.29,1.3,2,260.03,23 / 23,13249510,2020-01-08 15:56:13:104,-1.1782,0.056,10.384,0.018,-0.03,9.8066,-0.0162,-0.2003,-0.1092,10.75,-36.0,5.81,107.97,-81.31,-157.88,1.149666989780597,-0.34126975190259,0.5774789771456326,-1.8056990113349052,0.06815910406990777,0.41824435626945977,-0.0244306239644434,-0.16675748040640456,-0.11303243507498088
52.20193,-2.200305,124.29,1.3,2,260.03,23 / 23,13249610,2020-01-08 15:56:13:204,-0.9204,-1.1106,10.0257,-0.0062,-0.0325,9.8066,-0.0659,-0.0481,-0.1404,10.5,-35.75,5.31,109.25,-81.59,-160.65,1.124569576994146,0.8563088518745743,0.2194184967145127,0.2901580623744011,0.08738739374879584,0.11204940742083955,-0.061493231162281885,-0.07000418740565238,-0.1369833014957429
52.20193,-2.200305,124.29,1.3,2,260.03,23 / 23,13249709,2020-01-08 15:56:13:303,-1.1526,-2.1449,10.1062,-0.0013,-0.0422,9.8065,-0.0012,0.0109,-0.087,11.0,-34.87,5.38,104.28,-81.78,-165.04,1.5763875812538033,1.805962252267539,0.3002692242863766,0.33070671780139504,0.44014316187864533,0.09369719437947759,0.002467355737737518,0.01110077447373914,-0.08568953624318164
52.20193,-2.200305,124.29,1.3,2,260.03,23 / 23,13249811,2020-01-08 15:56:13:405,-0.5084,0.0193,9.4547,0.0125,0.0004,9.8066,0.0375,0.1357,-0.1386,10.94,-35.06,6.0,96.92,-81.89,-167.67,0.5047022676554417,-0.1303717868870846,-0.3518614048276998,-0.8123390370671805,-0.49427267898485455,-0.39689234969722165,0.02251842381412299,0.16398694542895675,-0.1490245456148069
52.20193,-2.200305,124.29,1.3,2,260.03,23 / 23,13249910,2020-01-08 15:56:13:504,-0.213,-2.5504,9.4241,-0.006,0.0231,9.8066,0.0313,0.2373,-0.1673,11.19,-35.31,6.44,96.19,-81.86,-168.53,0.7554698211599491,2.4689012875347496,-0.381902188689474,1.08876876925152,-0.41504618465367893,-0.665313502572241,0.058061284647508316,0.1796203231566635,-0.14515353993529806
52.20193,-2.200305,124.29,1.3,2,260.03,23 / 23,13250009,2020-01-08 15:56:13:603,-0.5963,0.2263,10.4389,0.0027,0.003,9.8066,0.1366,0.0171,0.0028,10.88,-34.62,6.5,90.89,-81.77,-169.48,0.5369066056486457,-0.3469821664119962,0.6322988636735705,-1.2307395348727044,-0.4326921482964823,0.6770759858871586,0.10118408552545471,0.09813663383498333,-0.030913981613958662
52.20193,-2.200305,124.29,1.3,2,260.03,23 / 23,13250110,2020-01-08 15:56:13:704,-0.7834,-1.2063,10.236,-0.0183,0.005,9.8065,0.0773,0.2224,-0.0999,11.25,-34.75,6.75,90.95,-81.57,-170.0,1.007564615148458,1.0184057463792404,0.4298362851627143,-0.1933419440666953,-0.17580970425188325,0.05156788500472764,0.11515234678515122,0.129772357780288,-0.05722913089756744
52.20193,-2.200305,124.29,1.3,2,260.03,23 / 23,13250210,2020-01-08 15:56:13:804,-1.699,-0.6432,10.625,0.0211,-0.0314,9.8065,0.2074,0.0298,-0.1003,11.06,-33.56,7.44,89.48,-81.26,-171.69,1.8113015549797764,0.2275351349141018,0.8187795425555437,-0.8886511930642698,0.8629133759468394,0.9630280269071674,0.17473150607642735,0.11946829303760742,-0.14754173637247678
52.20193,-2.200305,124.29,1.3,2,260.03,24 / 24,13250310,2020-01-08 15:56:13:904,-1.4901,-2.2119,10.4009,0.0035,-0.0286,9.8066,0.11,0.1933,-0.1039,11.88,-33.31,8.0,81.27,-81.14,-175.79,1.927973521351697,1.811028965370202,0.5949155633843133,0.7670163275105577,0.7507834691488214,0.12736305233813638,0.1307871127043061,0.1205499260379858,-0.058113077849233453
52.20193,-2.200305,124.29,1.3,2,260.03,24 / 24,13250410,2020-01-08 15:56:14:004,0.044,-3.6615,8.4206,0.0447,-0.0241,9.8065,0.0706,0.0323,0.0751,12.19,-33.69,8.13,80.29,-81.1,-177.45,0.7828441141371012,3.55247930571126,-1.3850790358149794,2.2617273952012558,-0.1514126774335015,-1.1592999925545646,0.06544060870656442,0.07752221862683382,0.03834451449022629
52.20193,-2.200305,124.29,1.3,2,260.03,24 / 24,13250510,2020-01-08 15:56:14:104,0.4073,-1.9068,10.4511,0.0468,0.0162,9.8065,0.0447,0.075,-0.044,11.75,-33.31,7.31,82.1,-81.47,-178.38,0.0612600457940507,1.9554066261381653,0.6450042970742674,0.9850558952857428,-1.0908483934986792,0.12291911102849701,0.03432969044233065,0.06307857357144632,-0.0241771375336464
52.20193,-2.200305,124.29,1.3,2,260.03,24 / 24,13250610,2020-01-08 15:56:14:204,-1.4649,-3.1026,9.1629,0.0261,0.0366,9.8064,-0.0454,0.1854,-0.0055,11.31,-32.25,8.56,71.3,-81.69,-177.72,2.1310967811341173,2.7453876034904097,-0.6426688930086693,1.4276634639510912,1.0695313794712247,-0.38084156110506096,-0.023002451808260813,0.16288713100081664,-0.002552910391780492
52.20193,-2.200305,124.29,1.3,2,260.03,24 / 24,13250710,2020-01-08 15:56:14:304,-1.3033,-1.6988,9.8924,0.0411,0.0271,9.8064,0.0294,0.0471,0.0392,11.94,-32.37,9.25,74.55,-82.19,-175.1,1.6839941013052568,1.3965026934126987,0.0865000812726674,0.33155024324180865,0.5808144884759971,-0.432616538526899,0.0005483189979830598,0.10211934611634786,0.011911491696451526
52.20193,-2.200305,124.29,1.3,2,260.03,24 / 24,13250810,2020-01-08 15:56:14:404,-0.1427,-1.8652,9.6618,0.0352,0.0079,9.8065,0.0398,0.1548,-0.0921,12.19,-32.37,9.69,70.61,-82.53,-174.41,0.5764449864717962,1.791086143927639,-0.1442626514450337,0.6440396783149207,-0.36823823405921274,0.09303585355462313,0.06899042966207583,0.07071488028565197,-0.043878413242996746
52.20193,-2.200305,124.29,1.3,2,260.03,24 / 24,13250910,2020-01-08 15:56:14:504,-0.931,-0.9097,11.0443,0.0523,-0.0322,9.8064,0.1162,0.1141,0.0423,13.13,-32.19,10.0,69.45,-82.7,-176.65,1.1487968363223633,0.645337459364026,1.238178881421143,-0.6996134729082149,0.12525027536676253,0.7850234291949714,0.09207562791377905,0.22225533489960161,-0.019449241404484882
52.20193,-2.200305,124.29,1.3,2,260.03,24 / 24,13251010,2020-01-08 15:56:14:604,0.2555,-1.6356,9.8428,0.0172,-0.0158,9.8065,0.0019,0.3395,-0.1052,12.81,-31.12,11.0,64.2,-82.69,-177.87,0.1154980270896968,1.63314846251763,0.0366459426770476,0.8349889738509229,-0.8672166146991052,0.19386757340265282,0.017245089405850796,0.21550744697767313,-0.03943934132444797
52.20193,-2.200305,124.29,1.3,2,260.03,24 / 24,13251110,2020-01-08 15:56:14:704,-1.2834,-0.5517,9.933,0.0029,0.0151,9.8066,-0.0076,0.1517,-0.0817,13.88,-32.37,11.38,64.36,-82.7,-179.62,1.378059744296242,0.2769876019165909,0.1266337219490619,-1.4757399053713005,0.4653415894971138,-0.2128795256524297,-0.012776066156497307,0.27852769633672303,-0.141633910273252
52.20193,-2.200305,124.29,1.3,2,260.03,24 / 24,13251209,2020-01-08 15:56:14:803,-0.3174,-1.6843,9.4249,-0.0079,0.0524,9.8064,0.0911,0.6203,-0.2596,13.94,-31.87,10.94,63.8,-82.71,179.89,0.6756745937796101,1.629631640780424,-0.3810826008729125,1.2668900488410015,-0.3642151477193127,-0.335256293419252,0.08684024153238523,0.5077121128936977,-0.21431362603741533
52.20193,-2.200305,124.29,1.3,2,260.03,23 / 24,13251310,2020-01-08 15:56:14:904,1.178,-5.8981,10.1174,-0.0047,0.0162,9.8066,0.0875,0.4945,-0.2152,13.75,-31.81,12.13,62.89,-82.66,-178.16,0.116392705061708,6.030207775606507,0.3120374035644693,3.8607345634944075,-0.6671041170568153,0.10292222837613822,0.09938366435365294,0.5751046740592427,-0.23928484196797506
52.20193,-2.200305,124.29,1.3,2,260.03,23 / 24,13251410,2020-01-08 15:56:15:004,-0.7415,-3.1101,10.4695,-0.0252,0.0578,9.8064,0.0469,0.7332,-0.3493,14.56,-31.44,12.56,62.66,-82.57,-177.03,1.380512785490898,2.9396995957311165,0.6638738177955762,2.964380097073085,0.28284887941893405,0.6015541690014448,0.029296899898675587,0.6983634779849416,-0.34932599897974215
52.20193,-2.200305,124.29,1.3,2,260.03,23 / 24,13251510,2020-01-08 15:56:15:104,0.7596,-6.6238,9.9291,-0.0073,0.0504,9.8065,-0.0075,0.7216,-0.386,14.56,-32.31,12.31,64.5,-82.64,-178.21,0.6858607142629127,6.682987385831308,0.1240431031956206,4.2250298796653585,0.02521861107636303,0.02717200551325996,0.014034882065261715,0.7044482325649013,-0.3634905195972218
52.20193,-2.200305,124.29,1.3,2,260.03,23 / 24,13251610,2020-01-08 15:56:15:204,-0.0859,0.3627,9.7966,-0.0083,0.0473,9.8065,0.0265,0.434,-0.1563,13.94,-31.69,11.75,60.32,-82.77,179.71,0.0079809271290624,-0.324705924934167,-0.0099647937664414,-0.08635565922522404,-1.121798942601035,-0.14551374700514585,0.0029975280658495083,0.5008658725829775,-0.1957505024237909
52.20193,-2.200305,124.29,1.3,2,260.03,23 / 24,13251710,2020-01-08 15:56:15:304,1.6607,-3.8179,9.3488,-0.0216,0.0207,9.8066,-0.0364,0.5885,-0.2065,13.69,-32.0,12.63,58.88,-82.87,-178.75,-0.8176681940045942,4.110604323743062,-0.4570721038721499,1.5937863514870618,-1.388376814213838,-0.48523815138096354,-0.013219200327817097,0.48086350927241983,-0.15730579468049039
52.20193,-2.200305,124.29,1.3,2,260.03,23 / 24,13251810,2020-01-08 15:56:15:404,-1.0988,-0.6197,10.0292,-0.0077,0.0196,9.8066,0.0243,0.3502,-0.0753,12.81,-32.56,12.5,56.36,-82.99,-179.41,1.2029979117379477,0.3897377099364047,0.222834023002915,0.6009896975701607,0.08814487366913776,0.06535787129962567,0.0037969496034512464,0.4858762363114453,-0.12795389413016983
52.20193,-2.200305,124.29,1.3,2,260.03,23 / 24,13251910,2020-01-08 15:56:15:504,0.3707,-2.9589,9.8446,-0.0263,0.0292,9.8065,0.0105,0.5213,-0.1064,12.81,-32.06,13.63,54.89,-82.91,-177.99,0.2546708481653472,3.0035718838622367,0.0387416773900892,0.6839068740697678,-0.27421295802603696,0.02981479306790341,0.02642569840890298,0.37205093578758575,-0.05434234512874963
52.20193,-2.200305,124.29,1.3,2,260.03,23 / 24,13252010,2020-01-08 15:56:15:604,-0.8924,-1.0858,10.4416,-0.0146,0.0148,9.8066,0.0513,0.1315,0.008,12.31,-32.69,15.19,52.6,-82.84,-176.12,1.0938042394929743,0.8860238492753861,0.6353205680461037,0.8444909917217545,0.04562488945179535,0.5019335319329242,0.04083434400963038,0.2789893020717631,-0.041216058372525614
52.20193,-2.200305,124.29,1.3,2,260.03,23 / 24,13252110,2020-01-08 15:56:15:704,1.0031,-1.8428,9.8193,-0.0218,0.0046,9.8065,-0.0119,0.3232,0.0023,11.56,-32.87,15.88,51.5,-82.75,-175.02,-0.6037760601002126,2.0245376297022486,0.0131325994938035,0.10418396120877083,-1.1340150724437772,-0.010405708632276675,-0.006319213242386837,0.1931493602257697,0.04666564642958691
52.20193,-2.200305,124.29,1.3,2,260.03,23 / 24,13252210,2020-01-08 15:56:15:804,0.4892,-2.646,9.5872,0.0001,0.0114,9.8066,-0.0311,0.0463,0.1203,11.0,-32.06,16.38,51.02,-82.78,-173.03,0.0936624187370248,2.700456647919019,-0.2188405219019278,2.265339974804732,-0.8523271996021713,-0.30650955904833865,-0.033882960402369315,0.14379942706767063,0.08423047969013342
52.20193,-2.200305,124.29,1.3,2,260.03,23 / 23,13252310,2020-01-08 15:56:15:904,0.1294,-1.7074,9.6363,-0.0117,0.0391,9.8065,0.0463,0.1508,0.0914,11.13,-32.56,16.81,53.32,-82.87,-169.19,0.2376903094127403,1.7360313494304336,-0.1698174626062444,0.3098718170215362,-0.3131462641840321,-0.2117701062804627,0.04919976077801224,0.09873875201531061,0.1136096652838483
52.20193,-2.200305,124.29,1.3,2,260.03,23 / 23,13252410,2020-01-08 15:56:16:004,-0.3358,-0.8395,9.8532,0.0196,0.0174,9.8066,0.0685,-0.0568,0.1594,10.75,-32.25,16.63,56.86,-82.9,-165.71,0.5313034740643012,0.760448940566028,0.0468226146131343,-0.09093024378501613,-0.30748101937696126,-0.005934386752334472,0.06297986722112035,-0.05833643469128589,0.15769829851086245
52.20193,-2.200305,124.29,1.3,2,260.03,23 / 23,13252509,2020-01-08 15:56:16:103,-1.0163,-1.383,10.5387,-0.0186,0.0241,9.8066,0.0467,-0.1116,0.0167,10.44,-32.62,17.06,57.85,-82.91,-162.94,1.2767807001533364,1.1595609053964613,0.7324995975371568,0.20265049194097268,0.7175407268912912,0.6988784568627642,0.05605838370349596,-0.05579629893700606,-0.007138437219488009
52.20193,-2.200305,124.29,1.3,2,260.03,23 / 23,13252610,2020-01-08 15:56:16:204,-0.3545,-2.2784,10.4594,-0.0318,0.0584,9.8063,0.1643,0.1035,-0.0921,10.44,-33.44,16.94,62.94,-82.69,-158.72,0.8174443832002285,2.2126523501848663,0.6536538821087093,1.0337159427014426,0.060955290103920645,0.599861282880972,0.1509119994758817,0.0018178686071615748,-0.04245325194908515
52.20193,-2.200305,124.29,1.3,2,260.03,23 / 23,13252709,2020-01-08 15:56:16:303,-2.9042,0.2922,10.728,0.0164,-0.0027,9.8065,0.1567,-0.1458,0.1025,10.31,-33.12,16.94,63.26,-82.48,-158.77,2.7887919633682072,-0.9160729442445954,0.9216736764581792,-1.526091667818915,1.4675076372672957,0.9391788056383263,0.1744227223594489,-0.014748583019069818,0.03310354799952618
52.20193,-2.200305,124.29,1.3,2,260.03,23 / 23,13252810,2020-01-08 15:56:16:404,-0.909,-0.0242,9.1707,0.0004,0.0523,9.8064,0.1614,0.2088,-0.1287,10.81,-33.5,16.75,65.65,-82.24,-159.1,0.904664230769103,-0.1206661349980831,-0.6356079085659423,-1.4610574646753083,0.19086457608089835,-0.7314242039689469,0.13790196523456486,0.06953760497921901,-0.05071099343690337
52.20193,-2.200305,124.29,1.3,2,260.03,23 / 23,13252910,2020-01-08 15:56:16:504,0.1457,-2.5216,10.5288,-0.0099,0.0223,9.8066,0.0269,-0.0734,-0.0166,10.31,-33.31,16.25,67.87,-82.15,-157.21,0.3948424083962765,2.517722587426541,0.7227612713019652,2.075587207706868,-0.07224855172849212,0.8268935827590902,0.05887813412068373,0.05308174002228329,-0.0902155663584681
52.20193,-2.200305,124.29,1.3,2,260.03,23 / 23,13253010,2020-01-08 15:56:16:604,-1.3076,-2.0062,9.9696,-0.0481,0.0224,9.8064,-0.0334,0.112,-0.1316,11.13,-33.25,16.44,71.66,-82.18,-155.79,1.6661448999905912,1.7103613138656282,0.163761406525427,0.40851462427546636,0.9615382820724366,0.0034094202034354315,-0.0768979012471175,0.01453749030099192,-0.07341846394750692
52.20193,-2.200305,124.29,1.3,2,260.03,23 / 23,13253110,2020-01-08 15:56:16:704,-0.3018,1.238,8.3475,-0.0196,-0.0245,9.8065,-0.1551,-0.1204,0.0862,11.31,-33.12,15.88,73.48,-81.92,-154.55,0.0043725027562744,-1.2933523833784797,-1.4592616570131798,-1.760610683175672,-0.3740139452319816,-1.2607195698832272,-0.0983950114783815,-0.06029726057566902,0.04952218090582746
52.20193,-2.200305,124.29,1.3,2,260.03,23 / 23,13253210,2020-01-08 15:56:16:804,-0.1709,0.3881,10.5167,0.0044,-0.011,9.8066,-0.0273,-0.0772,0.0563,10.75,-33.19,15.75,74.07,-81.94,-153.95,0.0853095527824517,-0.4275986856627093,0.7100243335432825,-1.496688797289932,-0.6230589652581471,0.49532577150375195,-0.09588279362082128,-0.10055565519289739,0.07223595725047677
52.20193,-2.200305,124.29,1.3,2,260.03,23 / 24,13253311,2020-01-08 15:56:16:905,-0.3451,0.0146,8.9186,-0.0324,-0.0173,9.8066,-0.1398,-0.0537,0.0045,11.81,-33.44,14.25,82.19,-81.84,-153.21,0.2986447700730112,-0.0981995195828372,-0.8879814500662376,-0.7621630112975032,0.008777114100176175,-0.6207877007061064,-0.06438154319036843,-0.058897254286694484,0.002015635874184789
52.20193,-2.200305,124.29,1.3,2,260.03,23 / 24,13253410,2020-01-08 15:56:17:004,-2.3551,0.3204,10.996,-0.0003,0.005,9.8066,0.0977,-0.1641,0.0683,11.38,-33.12,14.19,80.28,-81.87,-153.1,2.231780028659579,-0.8145100914182386,1.1895224985909694,-1.4934566790303734,1.296966573773547,0.9599075975474349,0.023423802595373654,-0.1424708210543327,0.06816148689382481
52.20193,-2.200305,124.29,1.3,2,260.03,23 / 24,13253509,2020-01-08 15:56:17:103,-0.4812,-0.2688,9.615,-0.0185,0.0056,9.8065,-0.0723,-0.0763,-0.0101,11.5,-33.06,14.0,83.14,-81.75,-152.46,0.510897188720514,0.1685496956685728,-0.1914000069161616,-0.8154673874953104,0.29059236464368987,0.0970246341121036,-0.008008531654400748,-0.10314399232522073,-0.01690821878220227
52.20193,-2.200305,124.29,1.3,2,260.03,23 / 24,13253609,2020-01-08 15:56:17:203,-0.9974,0.9944,9.8163,-0.004,0.022,9.8065,0.0434,-0.1255,-0.0482,11.25,-33.5,13.0,84.86,-81.83,-151.52,0.7611204766554556,-1.16322982273039,0.0096622733555332,-1.3546110485510598,0.08527254346438717,-0.1841031377513953,-0.003672489405770408,-0.09959731569914818,-0.03066181725079454
52.20193,-2.200305,124.29,1.3,2,260.03,23 / 24,13253709,2020-01-08 15:56:17:303,-0.1468,1.2962,9.588,0.0118,0.0012,9.8066,0.0362,-0.1094,0.0475,11.56,-33.81,14.19,85.1,-81.85,-150.81,-0.1234842380586298,-1.2987719049330035,-0.2188791947805389,-2.658147810415957,-0.29986188562730776,0.04212005640923941,0.062133039988766056,-0.1350738044020057,0.0234173625782899
52.20193,-2.200305,124.29,1.3,2,260.03,23 / 24,13253810,2020-01-08 15:56:17:404,-0.2835,1.3262,9.5742,0.0218,0.0222,9.8066,0.0856,-0.0183,-0.0829,11.19,-34.19,13.25,86.58,-82.01,-149.92,0.0178524907495325,-1.3390967857729748,-0.2326691576176915,-1.0221824692617425,-0.6087103611109173,-0.3476750599079244,0.08101020397750969,0.013605845501327783,-0.06337396470430619
52.20193,-2.200305,124.29,1.3,2,260.03,23 / 24,13253910,2020-01-08 15:56:17:504,0.1328,-0.5888,10.436,0.0004,0.0123,9.8066,0.0935,0.075,-0.037,10.38,-34.0,13.5,80.58,-81.97,-151.01,-0.0001585398963442,0.6153811037179685,0.6295247430021769,-1.0932730059500062,-0.15382994059468102,0.8278861088501008,0.07968209196609503,0.02771277187662674,-0.03748064531195887
52.20193,-2.200305,124.29,1.3,2,260.03,23 / 24,13254010,2020-01-08 15:56:17:604,0.4554,1.7827,9.4232,-0.0056,0.0056,9.8066,0.0319,-0.1379,0.0459,10.25,-34.25,13.81,80.61,-81.83,-151.27,-0.832218945348688,-1.636361895213815,-0.3838389569793158,-0.8762378507701454,-1.3950805830254063,-0.39311154309044666,0.05910221734486556,-0.06644599640065575,0.013730689376155835
52.20193,-2.200305,124.29,1.3,2,260.03,23 / 24,13254110,2020-01-08 15:56:17:704,0.4467,-0.5482,10.1463,-0.0049,0.0238,9.8066,0.089,0.0555,-0.0561,9.38,-34.25,13.25,82.12,-81.65,-150.86,-0.3181135811705458,0.6556430784708849,0.3397919262255537,-1.2914382811642144,-0.46172628893095397,0.4546264091516454,0.05425879101402001,-0.0467167485041849,0.017787281675257276
52.20193,-2.200305,124.29,1.3,2,260.03,23 / 24,13254210,2020-01-08 15:56:17:804,-0.1589,0.5926,9.4407,0.0066,0.007,9.8065,-0.0335,-0.0616,0.0532,9.75,-34.56,13.63,81.7,-81.59,-151.23,0.0357828650713421,-0.6074129288423822,-0.3659185297882651,0.44931663845722947,-0.45685983151000115,-0.25303661279611517,0.0033690584369536827,0.07485698459686503,-0.06430081809549239
52.20193,-2.200305,124.29,1.3,2,260.03,24 / 25,13254310,2020-01-08 15:56:17:904,2.0129,-2.5352,9.5808,-0.0052,0.0281,9.8065,0.0184,0.2801,-0.1689,10.56,-34.81,13.88,83.92,-81.61,-151.06,-1.4198150767187487,2.937268401756616,-0.2252875361937918,0.933422104198806,-1.5601790590429885,-0.2100312568912721,-0.016434965101676555,0.10965021784033345,-0.014440767539053045
52.20193,-2.200305,124.29,1.3,2,260.03,24 / 25,13254410,2020-01-08 15:56:18:004,-0.7124,2.8185,10.6243,0.0087,-0.0234,9.8065,0.0285,-0.239,0.29,9.5,-33.75,14.06,81.16,-81.46,-151.53,0.0931712593197377,-2.930640133903613,0.8172179525623448,-1.7802436551954306,-0.3260379260579545,1.0688281264248936,0.05830520578868337,-0.03856493154571543,0.11302256164467245
52.20193,-2.200305,124.29,1.3,2,260.03,24 / 25,13254509,2020-01-08 15:56:18:103,-0.4159,1.027,10.1544,-0.0418,0.0514,9.8064,0.0189,0.1074,-0.2035,9.69,-34.75,14.0,83.33,-81.31,-150.27,0.1555696598807276,-1.033284104113522,0.3478105966052661,-2.8784042567314745,0.012638084631255486,0.24333455440176016,-0.0032158048799851915,-0.11580206948796584,-0.022713635057716994
52.20193,-2.200305,124.29,1.3,2,260.03,24 / 25,13254610,2020-01-08 15:56:18:204,1.6076,3.3799,8.3157,-0.0116,-0.0068,9.8066,-0.1141,-0.1999,0.1154,9.94,-33.81,14.13,82.28,-81.35,-150.67,-2.309232610852681,-2.9591068703109937,-1.4917974457186831,-1.9262052234022309,-2.3418205045936205,-1.080041108253909,-0.10251090945608714,0.035945359858407376,-0.051293004015663515
52.20193,-2.200305,124.29,1.3,2,260.03,24 / 25,13254709,2020-01-08 15:56:18:303,2.0874,-3.3915,8.7196,-0.0391,0.0172,9.8065,-0.022,0.3764,-0.1675,10.25,-34.25,13.94,84.08,-81.12,-149.41,-1.3438221921609703,3.7863797371928194,-1.0863056437445773,2.292388170913399,-1.4963115817515553,-1.3336197934573764,-0.020829933062390837,0.14100675277936103,-0.027870904531198958
52.20193,-2.200305,124.29,1.3,2,260.03,24 / 25,13254810,2020-01-08 15:56:18:404,-0.8672,0.3083,9.114,-0.0041,0.0409,9.8066,0.0597,-0.1722,0.0111,9.19,-34.56,13.63,84.03,-81.12,-147.85,0.785521254395546,-0.4465596442437461,-0.6925893249435375,0.3114081869515961,0.5256961430413187,-0.10189462851911438,0.045838419621112673,0.047289223917278474,-0.09486431131252426
52.20193,-2.200305,124.29,1.3,2,260.03,24 / 25,13254910,2020-01-08 15:56:18:504,0.6624,-1.2261,10.1185,0.0062,0.036,9.8065,0.0742,0.1207,-0.0665,9.88,-34.5,14.56,82.85,-81.21,-147.74,-0.3695656885650759,1.373598179317764,0.3122308338558902,0.3383477817017758,-0.5370125500318464,-0.09075534892467224,0.09712518715610766,-0.06678562889435331,0.004493817555225689
52.20193,-2.200305,124.29,1.3,2,260.03,24 / 25,13255010,2020-01-08 15:56:18:604,-0.1087,0.4603,9.2382,0.0369,0.0094,9.8065,0.1455,-0.2109,0.1094,9.94,-34.0,13.5,84.98,-81.14,-148.48,0.0453325790677167,-0.4715433118658176,-0.5683897626714297,-0.03679751747691429,-0.13243026615986037,0.19996830470597587,0.12056189819653523,-0.07005069854043719,0.07139600357397098
52.20193,-2.200305,124.29,1.3,2,260.03,24 / 25,13255110,2020-01-08 15:56:18:704,0.3939,-0.7336,8.5997,0.0029,0.0172,9.8066,0.0564,0.0338,0.0006,9.94,-33.81,13.75,85.05,-81.21,-148.27,-0.220292171876805,0.8175478031373822,-1.2067626935711258,0.22111158300787825,-0.39930505314411535,-1.748569044858549,0.0746371496079895,-0.04952385352689291,0.009600690374884122
52.20193,-2.200305,124.29,1.3,2,260.03,24 / 25,13255210,2020-01-08 15:56:18:804,0.3322,-2.0834,8.4012,0.0167,0.0328,9.8066,0.2044,-0.2088,0.0291,9.94,-33.69,13.75,85.21,-80.93,-148.7,0.1470068517780464,2.1348304364646618,-1.4049483417814377,2.3317330134121272,0.03888567116000968,-0.4988159366275401,0.20024551057319423,-0.18736214383570768,0.0432621192630558
52.20193,-2.200305,124.29,1.3,2,260.03,24 / 25,13255310,2020-01-08 15:56:18:904,-0.2296,-0.1956,11.0706,0.0385,0.0205,9.8065,0.2159,-0.1772,0.1747,9.19,-34.69,13.0,88.15,-80.82,-147.52,0.3081262867531815,0.1531536644487433,1.264170786119352,-0.15409153857573488,0.13696626286732982,0.6447140296370346,0.20282450430119045,-0.1416291758989131,0.14511721386208756
52.20193,-2.200305,124.29,1.3,2,260.03,24 / 25,13255410,2020-01-08 15:56:19:004,0.4611,0.7464,8.1038,0.0592,0.0173,9.8064,0.0043,0.0996,0.039,10.06,-34.87,12.31,94.95,-80.95,-145.63,-0.5490278862106402,-0.6253047743809008,-1.702797550884875,-0.4689398715559904,-0.6170969147850207,-0.7451334306377413,0.032589748802718685,0.02194429732126387,0.0748304298912518
52.20193,-2.200305,124.29,1.3,2,260.03,24 / 25,13255510,2020-01-08 15:56:19:104,-0.1629,0.7381,10.9024,0.0292,0.0128,9.8066,0.101,-0.1377,-0.0998,10.06,-34.44,12.0,93.46,-81.3,-145.72,0.0315393293466381,-0.7498612600689796,1.095652089557688,-1.0026507896651307,-0.09554817932072154,0.5025874736881769,0.06292173130158038,-0.040588945769244975,-0.13173277108423886
52.20193,-2.200305,124.29,1.3,2,260.03,24 / 25,13255610,2020-01-08 15:56:19:204,0.5181,-0.3934,9.4333,-0.021,0.0295,9.8065,0.0721,0.0073,-0.0656,10.0,-34.37,12.88,89.0,-81.18,-147.34,-0.4355298396267921,0.5289849883280886,-0.3731488991249918,0.8906061004658231,-0.5062749894631573,0.5153424590022537,0.11420731605524474,-0.08355244614709052,-0.04867781074629572
52.20193,-2.200305,124.29,1.3,2,260.03,24 / 25,13255710,2020-01-08 15:56:19:304,-0.8322,0.5297,10.8046,0.0106,0.0009,9.8066,0.1738,-0.0872,0.1529,9.81,-35.0,12.5,91.11,-80.87,-146.49,0.7092813220055658,-0.6978260193228414,0.997949965183664,-1.1397178884242924,0.6705841988951666,0.5560857422455759,0.13130315475529047,-0.02641200670470649,0.16223386354728153
52.20193,-2.200305,124.29,1.3,2,260.03,24 / 25,13255810,2020-01-08 15:56:19:404,-0.4421,-0.378,9.3755,0.0251,-0.0153,9.8066,0.0631,0.1148,0.0194,9.38,-34.37,13.0,88.51,-80.74,-146.73,0.534305906953182,0.2538661725398628,-0.4309797028108136,1.0335739341778258,0.41752225796934445,0.26389711350888373,0.10540885264039596,0.10156361717925247,-0.024488543581341247
52.20193,-2.200305,124.29,1.3,2,260.03,24 / 25,13255910,2020-01-08 15:56:19:504,0.0444,-2.9623,10.3949,0.0025,0.0389,9.8066,0.0789,0.1427,-0.22,9.0,-35.37,12.19,92.39,-80.71,-146.86,0.6042131551816419,2.93991330344505,0.5889738290724452,2.1351397240328076,0.6916909248410431,0.40740428686740493,0.03491013007041065,0.10090871854864361,-0.14019442100141502
52.20193,-2.200305,124.29,1.3,2,260.03,24 / 25,13256010,2020-01-08 15:56:19:604,-2.0714,1.3985,9.0691,0.008,0.0326,9.8066,0.0252,0.1384,-0.0061,9.19,-34.81,12.38,91.22,-80.85,-147.7,1.737227394979515,-1.780849741453716,-0.7376371713091207,-0.47111661319070774,1.5452104040893166,-0.3258346973761164,0.07323350906150018,0.23052030862138775,-0.11458551638037007
52.20193,-2.200305,124.29,1.3,2,260.03,24 / 25,13256110,2020-01-08 15:56:19:704,1.1681,-4.2022,10.5821,-0.0083,0.0588,9.8064,0.0625,0.4491,-0.3579,10.13,-35.06,12.69,91.51,-80.87,-146.1,-0.2329471468379704,4.414117260080195,0.7765648015730372,3.193545736544155,-0.0010579107183124048,0.9116015537815331,0.010072588351538375,0.3223774528152563,-0.23422069484928282
52.20193,-2.200305,124.29,1.3,2,260.03,24 / 25,13256209,2020-01-08 15:56:19:803,-2.5733,0.9348,10.9286,-0.0404,-0.0029,9.8065,-0.1046,-0.1385,0.0373,9.31,-35.06,13.06,88.29,-81.0,-146.93,2.2719399088405927,-1.460534191322952,1.1220967144564713,0.3601499797826073,1.7274686586044967,1.2280706442117624,-0.05109215390289881,0.0018274034276676981,-0.08700872025508939
52.20193,-2.200305,124.29,1.3,2,260.03,25 / 25,13256310,2020-01-08 15:56:19:904,-2.3657,0.0319,8.8999,-0.0453,0.0125,9.8065,0.0339,0.1573,-0.0409,10.0,-34.94,13.63,88.62,-80.57,-146.67,2.262089652962493,-0.5176109553474918,-0.9064134712504428,-2.077941682354214,2.369277884437489,-0.4742486532300593,-0.014089350178872004,0.02057643108855066,0.07353951632660014
52.20193,-2.200305,124.29,1.3,2,260.03,25 / 25,13256410,2020-01-08 15:56:20:004,0.0675,1.8946,8.8596,-0.0139,-0.049,9.8065,-0.1447,-0.1539,0.1611,9.38,-34.44,13.81,84.37,-80.32,-148.73,-0.4972170831841397,-1.8804623383558317,-0.94734528880191,0.3136091101713636,-0.8300174803000786,-1.0915068504119398,-0.10970392161969092,-0.02609384060796081,0.06031202527285609
52.20193,-2.200305,124.29,1.3,2,260.03,25 / 25,13256509,2020-01-08 15:56:20:103,0.6988,-1.4846,8.4378,-0.0111,0.0022,9.8066,-0.1052,0.1214,-0.1037,9.13,-33.94,14.06,85.13,-80.33,-147.96,-0.3734866263195863,1.6049295013167038,-1.3685228261756288,-0.11961557458714994,0.1028906610217094,-0.7333321670714213,-0.12200667065777786,-0.0065459099249333685,-0.014059305122950373
52.20193,-2.200305,124.29,1.3,2,260.03,25 / 25,13256610,2020-01-08 15:56:20:204,-2.7488,2.6893,10.9589,-0.022,0.0159,9.8066,-0.0756,0.4189,-0.2066,9.63,-33.94,13.31,89.7,-80.62,-147.9,2.088154873787783,-3.197340834320461,1.1519209618126005,-0.843988363856261,1.6476518139692327,0.8773898130279677,-0.07772239849404958,0.5650521741456297,-0.29130095441524323
52.20193,-2.200305,124.29,1.3,2,260.03,25 / 25,13256710,2020-01-08 15:56:20:304,0.4221,-3.579,9.3783,-0.0411,0.04,9.8064,-0.1396,0.6834,-0.5417,9.69,-34.19,13.0,89.77,-80.78,-147.46,0.3257120835806625,3.634046357604614,-0.4273213771743543,1.970655102824391,0.8632177899762987,0.2688344387671955,-0.12250978907934099,0.5029947945019494,-0.4552748785223748
52.20193,-2.200305,124.29,1.3,2,260.03,25 / 25,13256810,2020-01-08 15:56:20:404,-1.7769,1.1602,10.5431,-0.0125,0.031,9.8066,-0.1085,0.0839,-0.2004,10.5,-34.75,12.81,88.78,-81.3,-149.81,1.4802895680632793,-1.482263264223621,0.7363902906856977,0.7930282305059316,1.159720154059704,0.47866165042157627,-0.13327419240904714,0.30221648610279017,-0.2932575638589119
52.20193,-2.200305,124.29,1.3,2,260.03,25 / 25,13256909,2020-01-08 15:56:20:503,1.1711,-0.1534,8.9944,-0.0293,-0.0061,9.8065,-0.114,0.5075,-0.0437,9.81,-33.75,13.19,86.32,-81.45,-149.4,-1.1405600375250138,0.4020869191518504,-0.8121654820588663,-0.977948929531272,-0.5919275836430407,-0.20163126401348253,-0.09004085489258201,0.2635605753118129,0.05713545104263586
52.20193,-2.200305,124.29,1.3,2,260.03,25 / 25,13257010,2020-01-08 15:56:20:604,-1.1068,2.8598,10.8192,0.0224,-0.0393,9.8065,0.0177,-0.3918,0.3338,9.81,-34.25,13.19,85.75,-81.42,-150.05,0.4794067243008988,-3.0742770480004133,1.0121386094962233,-1.088274987735284,0.2398357435856009,0.8996954513095184,0.001962977670255942,-0.14576653439592385,0.2270371207248806
52.20193,-2.200305,124.29,1.3,2,260.03,25 / 25,13257110,2020-01-08 15:56:20:704,-0.3577,-0.7062,9.45,-0.0134,0.0334,9.8065,0.0073,0.035,0.0122,9.5,-33.75,13.19,88.25,-81.3,-147.83,0.4952973656712449,0.64835972937989,-0.3563047584267735,-0.2718374330315782,1.0133910442423144,0.0619059433728926,0.010795572255711594,-0.18809982596082903,0.12003757040284535
52.20193,-2.200305,124.29,1.3,2,260.03,25 / 25,13257209,2020-01-08 15:56:20:803,1.4569,-2.374,8.8756,0.0421,-0.0163,9.8065,0.0464,-0.3391,0.2165,9.69,-33.75,13.31,88.61,-81.16,-147.79,-0.8747314596863841,2.606919064211953,-0.930484285779832,4.152149019309978,-0.9967473348029705,-0.8262085822676948,0.05405519444100201,-0.15586559991494128,0.11286586534527074
52.201847,-2.201071,126.82,8.33,2,257.09,25 / 25,13257310,2020-01-08 15:56:20:904,1.6577,-2.8797,10.6586,0.0174,0.0303,9.8065,0.1159,0.0237,-0.006,9.56,-33.94,13.38,88.77,-81.37,-147.15,-0.9764529536624909,3.1944223697737795,0.8526217524627607,2.841365143620934,-0.5150174177851814,1.0403634497380212,0.10353554233819734,-0.11609636929271655,0.090315618224665
52.201847,-2.201071,126.82,8.33,2,257.09,25 / 25,13257410,2020-01-08 15:56:21:004,1.4506,1.7619,8.7778,0.0182,-0.0018,9.8065,0.0712,-0.111,0.1292,9.69,-33.75,13.75,86.13,-81.35,-146.92,-1.7779413660775032,-1.4143091696035526,-1.0292158236083295,-0.3879118376639934,-1.761730861202997,-0.7101628224799295,0.07829674694829507,-0.00551236522441402,0.040190584417734015
52.201847,-2.201071,126.82,8.33,2,257.09,25 / 25,13257509,2020-01-08 15:56:21:103,1.6435,2.8444,9.9403,0.0177,0.0494,9.8065,0.0719,-0.11,0.0467,9.38,-33.81,13.13,87.79,-81.37,-145.97,-2.188681750947074,-2.380152690465644,0.1330354957911878,-2.1331448053780697,-1.6065458299118496,0.12364716899872552,0.07987915519774594,-0.1969869157298187,0.1302736921229863
52.201847,-2.201071,126.82,8.33,2,257.09,25 / 25,13257610,2020-01-08 15:56:21:204,-0.4651,2.6189,9.969,-0.0158,-0.0557,9.8064,-0.1312,-0.1399,0.1912,9.31,-33.94,13.69,84.65,-81.13,-146.65,-0.1362222014835806,-2.7086866023043448,0.1620333679212756,-2.206717134662412,0.02653849898846075,0.630566949031015,-0.15922705155505856,-0.05795332188275382,0.11204399483168043
52.201847,-2.201071,126.82,8.33,2,257.09,25 / 25,13257710,2020-01-08 15:56:21:304,0.3637,1.2797,8.6391,-0.0369,-0.0082,9.8065,-0.1571,0.0477,0.0005,9.44,-33.19,13.5,85.2,-81.02,-145.79,-0.667960167365307,-1.1714266593269105,-1.1677235660170209,-0.3608420984544937,-0.34391486968824087,-1.2903859320548006,-0.11250229429085647,-0.03243622145272056,0.07283860538638305
52.201847,-2.201071,126.82,8.33,2,257.09,25 / 25,13257810,2020-01-08 15:56:21:404,0.9652,-0.2446,7.8154,0.0181,0.0068,9.8066,0.3381,-0.2841,0.0604,9.81,-32.87,14.56,82.55,-80.95,-148.03,-0.8706510539118196,0.4495364388622094,-1.9912211184238973,0.48693722948157925,-0.5608633059501107,-1.472750900913344,0.28857498834881395,-0.21538782004354126,0.0017203799494302993
52.201847,-2.201071,126.82,8.33,2,257.09,25 / 25,13257911,2020-01-08 15:56:21:505,0.8341,-0.8401,8.6545,-0.0201,0.0199,9.8066,0.1242,-0.0628,-0.0816,9.5,-33.37,14.13,85.11,-80.79,-148.54,-0.6491922874322612,1.0237638211868785,-1.1519761552945909,2.3002711796994966,-0.3891624291978205,-1.2875488032352767,0.16391810332670148,-0.1016712006180045,-0.04664209805694867
52.201847,-2.201071,126.82,8.33,2,257.09,25 / 25,13258010,2020-01-08 15:56:21:604,0.3287,0.3409,8.1338,0.0581,0.0246,9.8064,-0.0212,-0.2626,0.1796,9.69,-33.31,12.94,88.07,-80.66,-148.83,-0.3320565656550778,-0.2503904805116918,-1.6726935925250854,-0.5615632336222848,0.11834048754172824,-1.2020972463435338,-0.039898925478872006,-0.2723769889171105,0.17814239360552098
52.201847,-2.201071,126.82,8.33,2,257.09,25 / 25,13258110,2020-01-08 15:56:21:704,-0.6894,4.4522,10.212,0.0519,0.0102,9.8065,0.0203,-0.397,0.2022,10.5,-34.25,12.88,91.17,-81.11,-147.23,-0.2310434406891427,-4.497585048470239,0.4045585251746484,-2.902668553106537,-0.021932393590172516,0.33763612857180214,0.014072513361853858,-0.32774696677122117,0.16517356925502524
52.201847,-2.201071,126.82,8.33,2,257.09,25 / 25,13258210,2020-01-08 15:56:21:804,-0.92,1.0862,10.3084,0.0184,-0.0142,9.8066,-0.0232,-0.0805,-0.0326,9.88,-33.87,13.13,89.58,-81.06,-147.02,0.6798251908565744,-1.2765125021901778,0.5016288484816186,-1.778460408737044,1.255240665355094,0.8607579514968531,0.00464735285337891,-0.20773755043287592,0.0403545111604161
52.201847,-2.201071,126.82,8.33,2,257.09,25 / 25,13258310,2020-01-08 15:56:21:904,-2.4526,2.9988,10.5077,0.0198,-0.0426,9.8065,0.0112,-0.4347,0.2733,10.38,-34.44,12.88,87.89,-81.09,-148.66,1.7606474574516615,-3.5019527948552005,0.7007169993477055,-1.7673727442341978,1.942250532496185,0.7376005336266778,-0.029869666846833804,-0.262127887922724,0.17338456438175093
52.201847,-2.201071,126.82,8.33,2,257.09,25 / 25,13258410,2020-01-08 15:56:22:004,0.653,-0.7589,9.323,-0.014,0.0074,9.8066,-0.1269,0.1716,-0.0295,9.25,-33.94,12.38,90.49,-80.94,-147.56,-0.4865995865817791,0.8918742762321922,-0.4834819207930573,0.3754680812472838,0.18692119975732926,-0.2442906461964446,-0.08360085483742682,-0.0276387960516232,0.08617787108515988
52.201847,-2.201071,126.82,8.33,2,257.09,25 / 25,13258510,2020-01-08 15:56:22:104,0.8627,0.4702,9.5178,0.0056,-0.0173,9.8065,-0.024,-0.0964,0.0623,9.94,-34.25,12.69,90.13,-80.84,-146.97,-0.9418263384467916,-0.2917799625757708,-0.2888805144816649,1.40009206791223,-0.7533562219940068,-0.17190937690408023,-0.058201057618319764,0.11054573741536326,-0.059907297714261565
52.201847,-2.201071,126.82,8.33,2,257.09,25 / 25,13258610,2020-01-08 15:56:22:204,0.7051,-1.5918,10.5093,-0.0206,0.0065,9.8065,0.0321,0.1345,-0.1783,10.0,-33.37,12.19,92.75,-80.78,-147.05,-0.3652134317107932,1.7167991686491098,0.7031009769753928,1.350589175047069,0.36944114736821954,0.8717516471656943,0.04719559212647361,-0.06406074298380095,-0.05506243582060761
52.201847,-2.201071,126.82,8.33,2,257.09,25 / 25,13258710,2020-01-08 15:56:22:304,-1.444,2.5212,10.3772,0.0048,-0.013,9.8066,0.0682,-0.2747,0.0847,10.69,-33.87,12.5,90.78,-80.87,-148.15,0.8700382526699472,-2.7865284816343414,0.5701472616189918,-1.2929527090312685,1.1071490511824447,0.6924186965561006,0.08000542717637651,-0.09776187604699672,-0.036912862302432084
52.201847,-2.201071,126.82,8.33,2,257.09,25 / 25,13258809,2020-01-08 15:56:22:403,0.7911,1.2111,9.1313,-0.0036,0.0318,9.8065,0.12,0.0845,-0.0758,11.56,-34.44,12.19,94.68,-80.79,-149.15,-1.0295613569116848,-0.9807406570540136,-0.675531491460933,-1.0713000285803156,-0.27529548145147903,-0.4884935297009204,0.07630659054030296,-0.059238868357355465,0.04192203636716051
52.201847,-2.201071,126.82,8.33,2,257.09,25 / 25,13258910,2020-01-08 15:56:22:504,0.0336,2.3973,8.9204,0.0049,-0.0095,9.8066,0.0359,-0.1211,0.0343,10.69,-34.25,12.06,94.67,-80.64,-147.85,-0.5453376305054287,-2.3441735599293643,-0.8867454875457866,-1.1557738932577415,-0.21749591303796112,-0.8569685774092541,0.11278109718010798,-0.020835572970948745,-0.07483439794450654
52.201847,-2.201071,126.82,8.33,2,257.09,25 / 25,13259010,2020-01-08 15:56:22:604,1.9602,1.9269,9.8451,0.0158,0.0447,9.8064,0.1871,0.1086,-0.2121,10.63,-34.94,11.56,95.27,-80.62,-147.87,-2.3035827001259097,-1.4201830370491713,0.0381152851021046,-1.162719482024545,-1.2645213689776094,0.33603837431563766,0.08048735385433811,0.059838456608973384,-0.1203165882486446
52.201847,-2.201071,126.82,8.33,2,257.09,25 / 25,13259110,2020-01-08 15:56:22:704,3.6236,-3.045,9.5476,0.03,0.0155,9.8065,-0.0737,0.0083,0.1108,9.25,-35.12,11.06,96.06,-80.89,-146.27,-2.851581932199701,3.761556340549215,-0.25850493385275,4.591404618404956,-1.5464712515225019,-0.4008441825106973,0.053874110815946986,0.001489560410829975,0.047914767683660216
52.201847,-2.201071,126.82,8.33,2,257.09,25 / 25,13259210,2020-01-08 15:56:22:804,-1.4011,1.1544,12.6105,0.0222,0.0316,9.8065,0.2183,-0.2099,-0.0504,8.56,-34.81,11.75,96.97,-80.81,-141.81,1.148274787818522,-1.4031010532601629,2.803863615798841,-0.7742770843429425,1.8357785133647182,3.26596242950973,0.08321762736905458,-0.14895777762812923,-0.026338774600358633
52.201847,-2.201071,126.82,8.33,2,257.09,24 / 25,13259311,2020-01-08 15:56:22:905,-1.268,1.8032,10.66,-0.0325,-0.0345,9.8065,0.0661,-0.0881,0.0087,8.63,-35.12,12.25,95.48,-80.56,-144.03,0.8114254457454462,-2.060515631720748,0.8531868889236712,-1.5996824817117083,1.4143167484252341,0.5173592975360206,0.19261594208163274,-0.195462009737009,0.026473542365403946
52.201847,-2.201071,126.82,8.33,2,257.09,24 / 25,13259410,2020-01-08 15:56:23:004,4.259,-2.2226,4.8982,0.1024,0.0028,9.806,0.5277,-0.294,0.1619,8.5,-34.5,12.56,88.13,-80.34,-148.05,-3.58035154955701,3.067961237909009,-4.9076395735906,4.055989058988567,-1.3786365523122468,-4.299881780383381,0.42500957400752515,-0.1545094904253203,0.10918133028281204
52.201847,-2.201071,126.82,8.33,2,257.09,24 / 25,13259510,2020-01-08 15:56:23:104,0.89,-0.5646,8.2781,-0.0038,0.0286,9.8066,0.192,-0.0594,-0.1593,8.94,-34.5,13.5,84.36,-80.23,-148.95,-0.7451755093528868,0.7717919041012006,-1.528439611834405,0.88413318690805,0.01951979635842288,-2.0003280377695463,0.2604965664255719,-0.2098170931120435,-0.08728255118678406
52.201847,-2.201071,126.82,8.33,2,257.09,24 / 25,13259610,2020-01-08 15:56:23:204,-3.1266,2.5167,9.0912,0.0391,0.0846,9.8061,0.0222,-0.167,-0.0755,8.75,-33.81,12.81,86.83,-80.27,-149.51,2.568908522894489,-3.0556608824595606,-0.7151884244075218,-1.7495501599148502,2.5468441904508663,-0.05694183642260431,-0.009036332859239424,-0.03337843773494262,-0.14688319625566587
52.201847,-2.201071,126.82,8.33,2,257.09,24 / 25,13259710,2020-01-08 15:56:23:304,0.9146,1.6652,11.4129,0.0683,0.0421,9.8063,0.1462,0.1695,-0.0988,8.94,-34.19,13.19,88.31,-81.05,-146.19,-1.175658636117987,-1.40353293352495,1.6061640438734903,-1.5870516468497362,-0.24668001249622606,1.1217316028279276,0.1428623167193255,0.08367451996637026,-0.0468929615733704
52.201847,-2.201071,126.82,8.33,2,257.09,24 / 25,13259810,2020-01-08 15:56:23:404,-0.248,1.5461,9.4207,0.0388,-0.0124,9.8065,0.0512,-0.2901,0.1021,9.13,-34.12,12.0,89.54,-81.37,-147.45,-0.0549085339042321,-1.5836376688776854,-0.3861281090728033,-0.037988350411235605,0.4184327058788313,0.18064356336579135,0.08522416646467797,-0.2783485907109373,0.08273344367887048
52.201847,-2.201071,126.82,8.33,2,257.09,24 / 25,13259910,2020-01-08 15:56:23:504,-1.1333,-1.2321,10.0808,0.0274,0.0221,9.8065,0.0898,-0.098,-0.0102,9.25,-34.12,12.38,88.85,-81.38,-148.12,1.4031573456064037,0.9752865207098358,0.2746785138894112,0.5941357768162876,2.487440254322463,-0.07696417595001648,0.026612698774680962,-0.025527105873691044,-0.02693257634519301
52.201847,-2.201071,126.82,8.33,2,257.09,24 / 25,13260010,2020-01-08 15:56:23:604,0.4514,1.2397,7.6485,0.0144,0.0326,9.8065,0.1197,0.2636,-0.1476,8.81,-34.19,12.31,89.43,-81.11,-148.21,-0.686010717899184,-1.08448974115131,-2.158308297316444,0.5702388397994906,-0.27186214844838985,-1.8177451444603785,0.2121764280892353,0.12184164271369743,-0.10269974992111405
52.201847,-2.201071,126.82,8.33,2,257.09,24 / 25,13260110,2020-01-08 15:56:23:704,-0.9951,5.6637,11.7447,0.0577,0.0489,9.8063,0.1381,-0.2096,-0.0064,8.25,-34.0,11.75,88.38,-81.28,-146.52,-0.1791575196273912,-5.710240352514846,1.9372194350852696,-6.134342408135453,1.0335756903639806,1.8277499609285015,0.01943514227213146,-0.038441386968934774,-0.06146857654464252
52.201847,-2.201071,126.82,8.33,2,257.09,24 / 25,13260209,2020-01-08 15:56:23:803,1.0153,2.8236,9.803,-0.0342,0.0214,9.8065,-0.0394,0.5612,-0.3196,8.81,-34.37,12.13,89.9,-81.3,-147.27,-1.6273872096397943,-2.511051654650541,-0.0042187175283713,-0.9318312915224687,-1.2368702957168285,0.03739340573919836,0.09366530301791766,0.414193100427478,-0.27705384312507353
52.201847,-2.201071,126.82,8.33,2,257.09,24 / 25,13260310,2020-01-08 15:56:23:904,3.6182,-3.4679,9.3075,0.0537,0.0514,9.8063,0.3963,0.3254,-0.3044,8.75,-34.31,12.13,89.86,-81.43,-146.98,-2.7244969015660216,4.203421097874848,-0.4982989938759232,3.9365089355329737,-0.7110932244409065,-0.3371069921843475,0.2703974923339873,0.39906550998196133,-0.31456916975621185
52.201847,-2.201071,126.82,8.33,2,257.09,24 / 25,13260410,2020-01-08 15:56:24:004,-4.358,2.4758,12.993,-0.1745,-0.0688,9.8048,-0.2726,0.3696,-0.2291,9.19,-33.87,12.94,83.16,-81.26,-150.78,3.538221328194664,-3.3851320552148003,3.1879698009023865,-2.0922845115821085,2.4279697255262813,2.9488959622782964,-0.17918082240846583,0.39719313517039345,-0.26170323592617556
52.201847,-2.201071,126.82,8.33,2,257.09,24 / 25,13260510,2020-01-08 15:56:24:104,1.344,-2.2484,7.97,-0.0899,-0.0049,9.8062,-0.1606,0.4874,-0.183,9.13,-34.75,12.94,83.91,-80.16,-153.31,-0.917819348532436,2.4996790398654047,-1.8358116028386648,2.5894141926996634,0.37139735254310424,-1.4650888715898813,-0.2031112362096478,0.361042618096967,-0.11011207343886606
52.201847,-2.201071,126.82,8.33,2,257.09,24 / 25,13260610,2020-01-08 15:56:24:204,-1.5997,2.157,11.6028,0.0236,0.004,9.8066,-0.135,-0.2257,0.201,9.13,-34.37,12.81,83.95,-80.23,-152.42,1.1222519089651966,-2.4520049657371312,1.7958476079067582,-1.6199925955886516,1.6644028121377938,1.3721105953269348,-0.14613520339681518,-0.03209508294952923,0.10252818117725673
52.201847,-2.201071,126.82,8.33,2,257.09,24 / 25,13260710,2020-01-08 15:56:24:304,1.1238,2.296,9.6247,-0.0347,0.0012,9.8066,-0.3323,0.1792,-0.1165,9.75,-35.0,12.13,90.91,-80.68,-150.44,-1.6247327860740968,-1.992046489397716,-0.182513171946957,-1.4203016433212088,-0.4165665389330769,0.2804447311862932,-0.2819272024184043,-0.03174289974247513,-0.01478853905336494
52.201847,-2.201071,126.82,8.33,2,257.09,24 / 25,13260809,2020-01-08 15:56:24:403,0.7187,2.1743,11.4291,0.0626,0.0057,9.8063,0.1319,-0.4375,0.1037,10.0,-35.12,11.75,89.8,-81.49,-149.59,-1.1071816899374745,-1.9771710319625888,1.622256584463503,-1.6692582327725387,-0.38290361335482326,1.139063187932775,0.06728690776014751,-0.2621188482987464,0.02207450170809555
52.201847,-2.201071,126.82,8.33,2,257.09,24 / 25,13260909,2020-01-08 15:56:24:503,0.0863,2.3104,10.13,0.0045,-0.0225,9.8066,0.0574,-0.2735,0.1865,9.75,-34.81,11.56,89.28,-81.49,-150.13,-0.5814645893229008,-2.2608310815653647,0.3228667867581521,-1.220590358093239,0.4860628783681683,0.7606562365155226,0.11136391502541701,-0.37195959691830993,0.2294614292790177
52.201847,-2.201071,126.82,8.33,2,257.09,24 / 25,13261009,2020-01-08 15:56:24:603,3.3408,-3.3626,7.8788,0.0428,-0.0348,9.8064,0.0504,-0.4007,0.2754,10.69,-34.5,12.0,91.2,-81.24,-150.07,-2.5052135876779453,3.9593952866530695,-1.927120246415167,3.834882291476019,-1.0601819680017972,-2.370406264584525,0.022739940698140903,-0.3996960575396412,0.28186602914473324
52.201847,-2.201071,126.82,8.33,2,257.09,24 / 25,13261109,2020-01-08 15:56:24:703,0.3358,2.241,11.1269,0.0402,-0.0001,9.8065,0.0488,-0.5551,0.2554,9.81,-34.81,11.81,89.4,-81.42,-150.18,-0.7706583954729116,-2.12541615882337,1.3198698872614796,-0.7835164936763295,0.13866595330300646,1.6612033295500384,0.04738795199040848,-0.46100734518307385,0.19762206504804378
52.201847,-2.201071,126.82,8.33,2,257.09,24 / 25,13261210,2020-01-08 15:56:24:804,3.0086,-2.8849,9.3675,0.0028,-0.0252,9.8065,-0.196,0.0743,0.0221,10.56,-34.75,12.19,92.52,-81.48,-148.74,-2.3206716278367416,3.439120571814906,-0.4386018904121128,3.1102057542406016,-0.8575721910265195,-0.8004691414982846,-0.173562440542143,-0.09438551165645408,0.12407449688920737
52.201847,-2.201071,126.82,8.33,2,257.09,25 / 25,13261310,2020-01-08 15:56:24:904,3.5199,-0.3363,8.2333,0.0342,-0.032,9.8065,-0.1826,-0.1754,0.1393,10.56,-34.94,12.13,91.5,-81.7,-149.28,-3.3385737567248595,1.046872588803908,-1.5734180225607757,2.420357034531725,-1.222147297653866,-1.3383314201126695,-0.21256112331795243,0.038022948374603495,0.008286863026740665
52.201847,-2.201071,126.82,8.33,2,257.09,25 / 25,13261409,2020-01-08 15:56:25:003,1.2107,1.7469,11.7338,0.0059,0.0314,9.8065,-0.1314,0.2222,-0.2268,10.13,-34.56,11.19,95.14,-81.64,-147.24,-1.5456818742088276,-1.4167657259641384,1.926813691428312,-1.6610335802009675,-0.2530357366810556,1.6305593438317247,-0.1073351047445551,-0.005419503023613194,-0.08715437806384965
52.201847,-2.201071,126.82,8.33,2,257.09,25 / 25,13261510,2020-01-08 15:56:25:104,-1.1038,3.0859,10.5178,0.0089,-0.0031,9.8066,-0.0217,-0.189,0.2277,10.31,-34.62,12.31,91.56,-81.49,-147.8,0.4225059686907497,-3.25612838006521,0.7105944053780644,-2.1335166224872086,1.1258004841228544,0.877567359093381,-0.03038481451122305,0.02733927140367803,0.10017241457248054
52.201847,-2.201071,126.82,8.33,2,257.09,25 / 25,13261610,2020-01-08 15:56:25:204,1.6636,-0.9108,10.0472,-0.0171,0.0308,9.8066,0.0024,0.2712,-0.0389,10.25,-34.87,12.13,91.33,-81.29,-148.53,-1.4390035295021213,1.2808575904795982,0.240674230010682,1.3759868294751922,-0.06903251588628401,-0.040518461857943416,-0.007731071905321761,0.08375432640964264,0.06118589358770392
52.201847,-2.201071,126.82,8.33,2,257.09,25 / 25,13261710,2020-01-08 15:56:25:304,2.981,-1.398,9.7394,0.0134,-0.0221,9.8065,-0.0195,0.0541,-0.0715,10.63,-35.06,11.25,95.05,-81.28,-150.0,-2.6024056481889466,1.98172760915633,-0.0670336138202547,2.6476519122157596,-1.3051047321591254,0.09021847537698538,0.006045044358146465,0.2038048238923754,-0.1381586235860003
52.201847,-2.201071,126.82,8.33,2,257.09,25 / 25,13261810,2020-01-08 15:56:25:404,2.3115,-1.1313,10.1346,-0.0067,0.0049,9.8066,0.0204,0.4007,-0.1754,10.13,-34.69,12.19,91.38,-81.16,-148.79,-2.0197726838535464,1.607941815167088,0.3280657016455874,2.1890532452604665,-0.6254966012904035,0.0060890633732543775,-0.010927087416369321,0.2890720970481223,-0.1386809970347423
52.201847,-2.201071,126.82,8.33,2,257.09,25 / 25,13261910,2020-01-08 15:56:25:504,3.4576,-0.4007,8.8975,0.0278,-0.0405,9.8065,-0.0303,0.2115,-0.185,10.25,-35.12,12.56,90.2,-81.13,-146.81,-3.272048825484917,1.0893132780902732,-0.909200828100695,1.221588079593726,-1.256218870219119,-0.7118615246545199,-0.006718478177996095,0.2923083102801907,-0.20184307175708283
52.201847,-2.201071,126.82,8.33,2,257.09,25 / 25,13262010,2020-01-08 15:56:25:604,0.6035,4.9568,9.4406,0.0121,0.0012,9.8066,0.1549,0.3841,-0.2805,10.75,-35.5,12.06,95.6,-81.17,-146.26,-1.642897982572758,-4.712510577267062,-0.3671669892629741,-3.634084719522649,-0.32198781245199826,-0.7647087150565149,0.15226960816149807,0.3207396768861771,-0.2706423096735949
52.201847,-2.201071,126.82,8.33,2,257.09,25 / 25,13262110,2020-01-08 15:56:25:704,0.5583,0.1165,9.327,-0.0094,-0.0561,9.8064,0.0966,0.2167,-0.1835,9.13,-34.94,11.75,92.65,-81.14,-145.48,-0.5914702438205289,-0.0464207280021566,-0.4794856376228946,-0.39457872969700625,0.23928842707800146,-0.22326093427890087,0.0707691895059892,0.2795166580874715,-0.19886332381627636
52.201847,-2.201071,126.82,8.33,2,257.09,25 / 25,13262209,2020-01-08 15:56:25:803,1.0465,2.3584,8.786,0.0061,-0.0318,9.8065,0.0764,0.1876,-0.1231,10.0,-35.37,12.44,93.21,-81.13,-146.98,-1.529795637953232,-2.1104353977912003,-1.021124961916594,-0.6367647980171227,-0.29941209140955494,-1.4908335293243997,0.12822971744993664,0.10927303968144962,-0.09297572141276726
52.201847,-2.201071,126.82,8.33,2,257.09,25 / 25,13262309,2020-01-08 15:56:25:903,4.6235,-0.6086,11.1778,-0.0296,-0.045,9.8064,0.3384,0.1058,-0.1728,10.25,-35.94,12.44,94.68,-80.96,-146.51,-4.423311301178999,1.5504846854764986,1.371144377140857,0.8653634341484306,-1.0665905428118094,1.6634197228823084,0.2732338686164901,0.20887419983511152,-0.22074910591614627
52.201847,-2.201071,126.82,8.33,2,257.09,25 / 25,13262410,2020-01-08 15:56:26:004,1.1717,3.8397,14.5512,-0.058,-0.0335,9.8064,-0.1277,0.2841,-0.2539,10.25,-35.0,12.13,95.96,-80.52,-145.61,-2.0342331442599195,-3.519231565522305,4.743824625028399,-1.8151088203212231,-0.8748257652420925,4.246539180993166,-0.06692674960539513,0.15941005043094658,-0.19347426544520105
52.201847,-2.201071,126.82,8.33,2,257.09,25 / 25,13262510,2020-01-08 15:56:26:104,-1.2709,2.9987,10.0489,0.0179,-0.0295,9.8065,-0.033,-0.0827,0.1788,9.69,-34.81,12.0,97.56,-79.66,-146.03,0.60761975027563,-3.2345136414190505,0.2418226262140415,-4.07645100250009,1.6375265784315265,0.5109912572647948,-0.07472324796649119,0.04602647288236958,0.11910456028887935
52.201847,-2.201071,126.82,8.33,2,257.09,25 / 25,13262609,2020-01-08 15:56:26:203,-0.0206,-1.1437,9.216,-0.0327,0.0416,9.8064,0.0579,0.2252,0.0653,9.63,-34.94,14.0,90.08,-79.14,-148.42,0.2430792447334767,1.160305825362544,-0.5901334869413437,2.9164258666600897,1.269059663055745,-1.0430060464290702,0.07508014445629832,0.12111951325779259,0.10703652271287743
52.201847,-2.201071,126.82,8.33,2,257.09,25 / 25,13262710,2020-01-08 15:56:26:304,2.875,-0.4814,7.0881,0.026,-0.0079,9.8066,-0.128,-0.0033,-0.1648,10.19,-35.06,13.06,91.46,-78.9,-150.81,-2.680238491814233,1.0754682830001778,-2.718627429284493,0.25401813066716894,-0.8988632744755912,-2.5466830011407797,-0.12477284563085655,0.04461929728025536,-0.17222482459953845
52.201847,-2.201071,126.82,8.33,2,257.09,25 / 25,13262810,2020-01-08 15:56:26:404,2.4871,0.0061,9.6196,0.0332,-0.0164,9.8065,-0.0668,0.2712,-0.252,10.75,-35.06,13.69,89.21,-79.03,-151.36,-2.4013350213917946,0.5056126777908986,-0.1871069349179381,2.149385013765462,-1.050332866017171,-0.5230796449641871,-0.08092188772633815,0.3031569000061579,-0.29041104908658383
52.201847,-2.201071,126.82,8.33,2,257.09,25 / 25,13262910,2020-01-08 15:56:26:504,3.7902,-2.0463,10.7229,-0.0175,-0.0327,9.8066,0.0272,0.4457,-0.0909,9.63,-34.94,13.88,87.38,-78.73,-152.11,-3.2858936847344515,2.784925174847926,0.916441161843191,2.1410367015797447,-0.8664857084827221,0.9313713595760148,0.04242368839947158,0.32706170227573833,-0.0032693620125658213
52.201847,-2.201071,126.82,8.33,2,257.09,25 / 25,13263010,2020-01-08 15:56:26:604,1.4594,2.3137,9.6294,0.0425,-0.0033,9.8065,0.0111,-0.1147,0.2082,9.13,-35.44,13.44,88.86,-79.02,-151.29,-1.8818640360719248,-1.9581765655134935,-0.1777394385409741,-0.5663727100687482,-0.975889853522018,-0.3518548441024961,0.00189191254912539,0.07701140482237888,0.07864100936062952
52.201847,-2.201071,126.82,8.33,2,257.09,25 / 25,13263109,2020-01-08 15:56:26:703,3.5509,-2.25,9.8495,0.0235,0.0276,9.8065,-0.0342,0.3086,-0.2983,9.63,-35.12,13.5,89.31,-79.33,-148.77,-2.955279527190536,2.9826692973398004,0.0432238230028291,2.6443758837599085,-0.8776875521036334,-0.12111914975900795,-0.03485544367001804,0.07390320367843156,-0.14413942991772827
52.201847,-2.201071,126.82,8.33,2,257.09,25 / 25,13263209,2020-01-08 15:56:26:803,0.6032,3.1427,9.0017,0.0378,-0.0235,9.8065,-0.0524,-0.4364,0.1659,9.31,-34.87,13.06,92.8,-79.53,-145.96,-1.2327574560176642,-2.970451673223488,-0.8055610167309754,-1.9345595775684972,-0.33797960735398314,-0.816072209244877,-0.04076044812817499,-0.19582470263445997,0.009396564624891524
52.201847,-2.201071,126.82,8.33,2,257.09,25 / 25,13263310,2020-01-08 15:56:26:904,0.4978,3.6616,9.5586,-0.0355,0.0119,9.8066,0.0671,-0.0523,-0.0214,10.06,-35.19,11.81,97.38,-79.66,-146.2,-1.3054244212592605,-3.449660131817876,-0.2488675055651199,-3.398619480707181,-0.23219674854765787,-0.5705683453053148,0.045259517424156244,-0.26536695627340157,0.11729027924047035
52.201847,-2.201071,126.82,8.33,2,257.09,25 / 25,13263410,2020-01-08 15:56:27:004,0.2516,2.4324,9.8018,-0.008,-0.0339,9.8065,0.1082,-0.3743,0.1708,9.56,-34.56,12.0,95.63,-79.74,-147.9,-0.7837437569627385,-2.3528212441291565,-0.0052779348669598,-1.72233154256375,0.1223356507814981,0.1088709348850449,0.1382421957825994,-0.21055285330513512,0.06288379210632691
52.201847,-2.201071,126.82,8.33,2,257.09,25 / 25,13263510,2020-01-08 15:56:27:104,1.4856,1.362,11.1433,-0.0281,-0.0116,9.8065,0.1154,-0.1609,-0.0231,9.5,-34.25,12.06,93.83,-79.72,-149.12,-1.7737800222781124,-1.0163319789442478,1.3363654556828122,-0.5561923528208443,-0.7731367279655996,0.9127155860456919,0.08011722388401055,-0.26782107354551393,0.04978706110584638
52.201847,-2.201071,126.82,8.33,2,257.09,25 / 25,13263609,2020-01-08 15:56:27:203,2.662,-0.6593,9.9338,-0.0099,-0.0215,9.8066,-0.0723,-0.2393,0.0832,10.0,-35.44,11.94,92.91,-79.72,-150.8,-2.472324363230389,1.1972760697357512,0.1271241354564984,1.4439154293379843,-1.5488316902258084,0.30327477484894,-0.03558290093104636,-0.18448671632107783,0.04228619920185212
52.201847,-2.201071,126.82,8.33,2,257.09,25 / 25,13263710,2020-01-08 15:56:27:304,1.7975,0.3996,10.439,0.0065,0.0385,9.8065,-0.0222,-0.2238,0.1799,9.88,-34.87,11.88,93.59,-79.8,-149.88,-1.826834285434516,0.0322511114709847,0.6322711596853425,0.847237707087402,-0.9042989355285445,0.1745941551867807,-0.056288162935533,-0.23852164980193924,0.1960721841411043
52.201847,-2.201071,126.82,8.33,2,257.09,25 / 25,13263810,2020-01-08 15:56:27:404,1.9975,0.6679,9.503,-0.0232,0.0253,9.8066,-0.075,-0.2304,0.1988,9.19,-35.37,11.81,93.83,-79.77,-147.82,-2.1115606574810006,-0.1930952105584744,-0.3039112361163739,-0.2368720584411791,-1.1810200404261626,-0.1296197079793188,-0.04690035397725015,-0.24185590684996947,0.19955567812817904
52.201847,-2.201071,126.82,8.33,2,257.09,25 / 25,13263910,2020-01-08 15:56:27:504,1.3146,2.8973,9.6707,-0.0039,0.0184,9.8066,-0.0213,-0.228,0.0633,9.44,-35.75,10.75,98.96,-79.84,-146.83,-1.9065695420276536,-2.5281007497873493,-0.1366581513745295,-1.4773762320896802,-1.0529703015125398,-0.5696101423967258,-0.04147090818721498,-0.20225691190562223,0.05165049220498487
52.201847,-2.201071,126.82,8.33,2,257.09,25 / 25,13264010,2020-01-08 15:56:27:604,1.9009,0.4429,9.3553,-0.01,-0.0047,9.8065,-0.032,-0.2072,0.0319,9.56,-35.31,10.31,102.78,-79.88,-147.53,-1.9623871924214027,-0.0262300769393074,-0.451458193063546,-0.213936301708262,-1.0451532666648646,-0.32532050903830523,-0.020072987893718915,-0.23892876202505658,0.05039045328127726
52.201847,-2.201071,126.82,8.33,2,257.09,25 / 25,13264110,2020-01-08 15:56:27:704,1.5963,1.0366,9.88,0.0032,0.0034,9.8066,-0.0046,-0.2066,0.0646,9.5,-35.56,10.0,102.13,-79.98,-148.77,-1.7779801965654387,-0.6665655297619155,0.0730357799598292,0.462638046923689,-0.9781554584524004,-0.29987376050680914,-0.009434370690925488,-0.17400812968146245,0.04242961674217251
52.201847,-2.201071,126.82,8.33,2,257.09,25 / 25,13264210,2020-01-08 15:56:27:804,1.7169,-0.0867,10.0177,0.001,0.0013,9.8066,-0.0196,-0.1081,-0.0043,9.56,-34.75,9.94,100.78,-80.05,-149.28,-1.6568867996938377,0.454790216676075,0.2109786999107771,0.29030043721853155,-0.7732843785386592,0.2690175227989998,-0.019570631279365196,-0.13841990647765096,0.018484915997610207
52.201847,-2.201071,126.82,8.33,2,257.09,25 / 25,13264310,2020-01-08 15:56:27:904,0.9612,0.9856,10.0081,0.0062,0.001,9.8066,-0.0281,-0.1844,0.0948,9.5,-34.56,8.94,104.68,-80.03,-149.35,-1.144368791185721,-0.7563090290624508,0.2011992353831032,0.29118831320500804,-0.38715981371827307,-0.10281421711528654,-0.026300973408907573,-0.15827303386472447,0.07412677259026346
52.201847,-2.201071,126.82,8.33,2,257.09,25 / 25,13264410,2020-01-08 15:56:28:004,0.8645,-0.1683,9.593,-0.0094,0.0135,9.8066,0.0017,-0.0873,0.0378,8.94,-34.75,9.31,103.73,-80.0,-149.14,-0.8143545657258808,0.3654667003393586,-0.2136308550384826,0.37647562866115697,0.024338866290710026,-0.21962115710495766,0.0011202585124641812,-0.10860404593343115,0.054886402674717394
52.201847,-2.201071,126.82,8.33,2,257.09,25 / 25,13264510,2020-01-08 15:56:28:104,0.7978,0.4182,9.5833,0.0006,0.0,9.8066,0.0073,-0.1216,0.0161,9.25,-35.69,9.75,99.86,-79.98,-149.75,-0.8684369962379026,-0.2369911484838413,-0.2234599496679412,0.5989530638887659,-0.1537172948126665,-0.46944414905458093,0.0042499139786598,-0.10404477498747083,0.0021865203503938033
52.201847,-2.201071,126.82,8.33,2,257.09,25 / 25,13264610,2020-01-08 15:56:28:204,0.9204,0.287,9.8078,0.0019,-0.0079,9.8066,-0.0127,-0.1242,-0.0125,9.88,-35.37,9.56,100.0,-80.0,-150.27,-0.9604221443394702,-0.0905421754147148,0.001057891083593,0.2041443670814148,-0.16433125644008278,-0.0506854589278531,-0.00474450938829786,-0.14065270891275594,0.000202582697363873
52.201847,-2.201071,126.82,8.33,2,257.09,25 / 25,13264710,2020-01-08 15:56:28:304,0.6829,0.0468,9.9882,0.0027,-0.0108,9.8066,0.0339,-0.1195,-0.0252,9.06,-34.56,9.75,97.51,-80.1,-151.12,-0.6767017671334982,0.0899419778837865,0.181531041347626,0.6385380934395403,-0.01700641973262529,-0.025673809542226922,0.02095559134003,-0.1010356055038302,-0.038954632212421875
52.201847,-2.201071,126.82,8.33,2,257.09,25 / 25,13264809,2020-01-08 15:56:28:403,0.6067,0.1418,9.5588,-0.0011,-0.0156,9.8066,0.0163,-0.0693,-0.0332,9.81,-34.62,9.81,97.73,-80.2,-152.2,-0.6273946999707783,-0.0230022392438875,-0.2478855127641464,0.601904778736196,0.14071878973121937,-0.32424257015815505,0.033398432993330035,-0.09167232158419074,-0.017309008719473325
52.201847,-2.201071,126.82,8.33,2,257.09,25 / 25,13264909,2020-01-08 15:56:28:503,0.3412,0.0528,10.0303,0.0008,0.0034,9.8066,0.0311,-0.0889,0.0389,9.75,-34.94,8.94,101.75,-80.26,-152.02,-0.3430896589515245,0.024890221075976,0.2236608432768597,0.27528591800396973,0.2404236989716959,0.037627883451549916,0.011291602550984492,-0.0633653549864057,0.0218728210005348
52.201847,-2.201071,126.82,8.33,2,257.09,25 / 25,13265010,2020-01-08 15:56:28:604,0.3629,0.438,9.6485,-0.0064,0.0037,9.8066,-0.0242,-0.0059,-0.0295,9.75,-34.94,9.19,102.33,-80.28,-151.31,-0.4540119577490914,-0.3447194662328717,-0.1582283850039589,0.5909116941324972,0.3066245612805267,-0.24293724937847436,-0.003489963830714198,-0.030752504100615353,-0.014260665118676942
52.201847,-2.201071,126.82,8.33,2,257.09,25 / 25,13265112,2020-01-08 15:56:28:706,0.1796,-0.4489,9.8859,0.0072,-0.0095,9.8066,0.0386,-0.0632,-0.0204,9.88,-34.94,8.81,102.43,-80.38,-150.9,-0.0739152343886194,0.466172900935768,0.0793849769062514,0.4704714995973708,0.4120254333871013,-0.09649332140467298,0.018848857713019997,-0.045172886332456155,-0.03005838327776771
52.201847,-2.201071,126.82,8.33,2,257.09,25 / 25,13265210,2020-01-08 15:56:28:804,0.215,-0.2106,9.5353,-0.0083,-0.0124,9.8066,0.007,0.0094,-0.0569,9.69,-35.31,9.13,102.25,-80.36,-151.17,-0.1754339757626384,0.2416264810792996,-0.2712736326835855,1.4104168609824894,0.5943089756775863,-0.35508684063897344,0.0242628292173754,0.004785908092945677,-0.05618639388600705
52.201847,-2.201071,126.82,8.33,2,257.09,25 / 25,13265309,2020-01-08 15:56:28:903,-0.1265,-1.4576,9.6636,0.007,-0.023,9.8065,0.0188,0.0133,-0.0904,9.81,-35.62,8.88,102.47,-80.38,-151.65,0.4388125567929287,1.3723842414126253,-0.1425652619790177,1.2318759843984757,0.8160825388151364,-0.31297718418278075,0.00500677972222417,-0.00032005099405281803,-0.08020642146038545
52.201847,-2.201071,126.82,8.33,2,257.09,25 / 25,13265410,2020-01-08 15:56:29:004,-0.3142,0.6738,9.774,0.0103,-0.0178,9.8065,0.0032,-0.0565,-0.0411,10.19,-36.31,8.94,101.18,-80.48,-152.78,0.1682338410768967,-0.7451843786603193,-0.0326293811946764,0.5402637218742707,0.9491431324202687,-0.11137319787447894,0.013003735355848303,-0.02323940554444968,-0.062333733670146836
52.201847,-2.201071,126.82,8.33,2,257.09,25 / 25,13265510,2020-01-08 15:56:29:104,0.0498,-1.4732,10.0159,0.0013,-0.0069,9.8065,0.0298,0.039,-0.0646,10.0,-36.12,8.38,105.83,-80.48,-152.26,0.2678377399691639,1.442398650946045,0.2097269100455199,1.28349336813651,0.5454628573067641,0.04364576189871011,0.02425935244977491,-0.011429697767032055,-0.034003918569208105
52.201847,-2.201071,126.82,8.33,2,257.09,25 / 25,13265610,2020-01-08 15:56:29:204,-0.2208,1.2218,10.1654,0.0035,-0.0093,9.8066,0.0183,-0.1162,0.0177,8.94,-35.87,7.94,105.21,-80.47,-151.9,-0.0456573995613333,-1.250607520432446,0.3585406137428603,0.024086952895577718,0.7256547039107402,0.28676392590615596,0.01946101873253905,-0.05424708406939182,-0.019026423669313564
52.201847,-2.201071,126.82,8.33,2,257.09,25 / 25,13265710,2020-01-08 15:56:29:304,-0.4791,-0.6823,10.0511,-0.0076,-0.0033,9.8066,0.0181,-0.0377,-0.0435,9.63,-35.31,7.5,106.37,-80.4,-151.06,0.6064176694213516,0.5617089365689925,0.2446920121134083,0.5053265358579841,0.8192977213001648,0.08316899343377207,0.021190312948761662,-0.10371218680455238,-0.004994072455536937
52.201847,-2.201071,126.82,8.33,2,257.09,25 / 25,13265810,2020-01-08 15:56:29:404,-1.1992,0.2195,9.7948,-0.0003,-0.0101,9.8066,0.0307,-0.1932,0.0392,10.19,-35.5,7.44,110.56,-80.38,-151.2,1.1215081116702068,-0.481973057307286,-0.0117531905368159,0.6747465454199283,1.8372269188527934,-0.07574767276087627,0.023870037975449017,-0.130913785559523,0.0036740329582536676
52.201847,-2.201071,126.82,8.33,2,257.09,25 / 25,13265910,2020-01-08 15:56:29:504,-1.6122,-0.5862,9.5033,-0.0113,-0.0095,9.8066,0.0169,-0.0811,-0.0727,9.88,-35.87,6.63,110.82,-80.37,-151.74,1.6874873545782494,0.2191093257976336,-0.303038151867068,0.35152203502283486,1.8944537637394272,-0.45852224722638735,0.02650618079952368,-0.13301506029768118,-0.04430997151080391
52.201847,-2.201071,126.82,8.33,2,257.09,25 / 25,13266009,2020-01-08 15:56:29:603,-0.5314,0.6692,9.9402,-0.0126,-0.0221,9.8066,0.0321,-0.2494,-0.0206,10.31,-36.5,7.19,110.36,-80.26,-152.65,0.3580337363786006,-0.7866964114728063,0.1334866652163727,0.18961134474632374,0.9537439957400179,0.07618593346420888,0.02107876875377749,-0.21201970352900476,-0.03933579188360371
52.201847,-2.201071,126.82,8.33,2,257.09,25 / 25,13266110,2020-01-08 15:56:29:704,-0.2058,0.4879,10.366,-0.001,-0.0102,9.8066,-0.0068,-0.2696,0.0172,9.19,-35.94,6.5,109.5,-80.3,-152.88,0.092855799371083,-0.5305953006352444,0.5593044228923565,-0.17553025123990643,0.3644670637005364,0.4139628420875538,0.0040809948701176855,-0.29155922779809346,0.02590303525277911
52.201847,-2.201071,126.82,8.33,2,257.09,25 / 25,13266210,2020-01-08 15:56:29:804,0.1078,0.4462,9.9934,-0.0031,-0.001,9.8066,0.0204,-0.288,0.0384,9.94,-35.44,6.44,113.13,-80.39,-153.39,-0.2044716979716418,-0.4129395563142301,0.1866899503444155,0.3746429933544035,0.20562993651610306,0.13163953610433182,0.011082509367588178,-0.27934528855878404,0.03828683992550265
52.201847,-2.201071,126.82,8.33,2,257.09,25 / 25,13266310,2020-01-08 15:56:29:904,-2.2014,0.517,10.2198,-0.0148,-0.0023,9.8066,0.02,-0.3032,0.0394,9.69,-36.37,6.75,109.19,-80.35,-153.79,2.0237777753836883,-0.9773248036278442,0.4132626695902299,-0.41840744227816373,2.420685277073468,0.28582009909850226,0.026764864168091124,-0.30241062495766136,0.033386703636909536
52.201782,-2.201743,128.14,1.86,2,285.15,24 / 25,13266409,2020-01-08 15:56:30:003,-1.291,0.5138,9.9306,-0.017,-0.002,9.8065,0.0307,-0.3311,0.0324,9.5,-35.62,5.69,113.59,-80.13,-154.55,1.13330623331527,-0.7776538443464698,0.1240883955167082,-0.1414735602220223,1.315273386535186,0.06323909010062462,0.026919900386419657,-0.33726067262858855,0.041841721793877885
52.201782,-2.201743,128.14,1.86,2,285.15,24 / 25,13266510,2020-01-08 15:56:30:104,-0.8341,1.2381,9.9361,-0.0137,-0.0035,9.8066,0.0161,-0.3786,0.0747,9.13,-36.25,4.56,118.23,-79.88,-155.56,0.5342765788107187,-1.388967351926702,0.1292872871400708,-0.6816777380313096,1.0823622017418422,0.03041586744479035,0.016959626595595734,-0.37017293143035745,0.0641426026170695
52.201782,-2.201743,128.14,1.86,2,285.15,24 / 25,13266610,2020-01-08 15:56:30:204,-2.6503,0.7343,9.7917,-0.01,0.0039,9.8065,-0.005,-0.3957,0.0559,8.88,-36.25,4.06,122.84,-79.79,-156.17,2.421541267767796,-1.2809401569714485,-0.0147476355899556,-0.7346283736498822,1.956914254448814,-0.09137665808058734,-0.003342729094559566,-0.4049058748809755,0.06612383337250723
52.201782,-2.201743,128.14,1.86,2,285.15,24 / 25,13266710,2020-01-08 15:56:30:304,0.1213,1.217,9.5223,0.0013,0.0026,9.8066,-0.0247,-0.4662,0.0912,9.19,-36.0,3.44,127.29,-79.74,-156.64,-0.3782337498809712,-1.1601487283685836,-0.284583921744954,-0.37212754081491484,0.29449907942896913,-0.34373619419704005,-0.028329998910144337,-0.4559499809585177,0.0816850691315883
52.201782,-2.201743,128.14,1.86,2,285.15,24 / 25,13266809,2020-01-08 15:56:30:403,-0.0554,1.5927,10.0796,0.0047,0.0051,9.8066,-0.0649,-0.4848,0.1132,8.69,-37.62,2.94,128.69,-79.74,-156.64,-0.2826486643395847,-1.563453965906232,0.2726466560204324,-1.0463130455646388,-0.4919938652604463,0.171227880843665,-0.05977102216352489,-0.4976823475792953,0.12241993656333947
52.201782,-2.201743,128.14,1.86,2,285.15,24 / 25,13266910,2020-01-08 15:56:30:504,0.0915,1.7081,9.8578,0.0139,0.0043,9.8066,-0.0541,-0.4732,0.0873,8.69,-37.0,2.38,132.02,-79.88,-156.92,-0.4420814422572326,-1.6472887034723094,0.0508091116265924,-0.8349214947266841,0.2751667776766339,0.03986349557070078,-0.060477727842838114,-0.45581984193590364,0.07794065454747334
52.201782,-2.201743,128.14,1.86,2,285.15,24 / 25,13267010,2020-01-08 15:56:30:604,-1.2152,1.233,9.9081,0.0069,-0.0052,9.8066,-0.0426,-0.4576,0.0342,8.63,-37.31,2.38,132.0,-80.01,-156.47,0.9273184281777048,-1.4720001587916771,0.1013210998721744,-0.9440916209694132,0.6576631092280869,-0.029771341030134915,-0.035054639269883864,-0.48029086912824304,0.0434034797384744
52.201782,-2.201743,128.14,1.86,2,285.15,24 / 25,13267110,2020-01-08 15:56:30:704,0.3655,1.8533,10.4279,0.0019,-0.0155,9.8065,-0.0299,-0.5582,0.0932,8.06,-36.25,0.88,136.76,-80.16,-157.45,-0.7569398728305391,-1.747060834044189,0.6209483320439059,-0.9401255654485237,-0.1112791458761766,0.6609466242431399,-0.0383540049191761,-0.5312440954875417,0.08524789286695879
52.201782,-2.201743,128.14,1.86,2,285.15,24 / 25,13267210,2020-01-08 15:56:30:804,-0.5391,0.2571,10.017,-0.0024,0.0025,9.8066,-0.0343,-0.4676,0.0644,7.56,-36.25,0.0,140.42,-80.24,-158.44,0.4693887004747724,-0.3640712837645237,0.2103866873275398,0.18378524795827,0.26689149115170485,0.05173551785460495,-0.025827733620353954,-0.4962596293383361,0.06988813356389245
52.201782,-2.201743,128.14,1.86,2,285.15,24 / 25,13267310,2020-01-08 15:56:30:904,0.6441,1.4499,9.787,-0.0082,-0.0125,9.8066,-0.003,-0.5049,0.039,7.5,-36.5,-0.12,139.51,-80.3,-159.76,-0.9514373858276056,-1.2879676871723718,-0.019983684579765,-0.4851412787841246,-0.49801487286837903,0.06546072360984051,-0.009768621596549584,-0.47732146732055397,0.036508937496196284
52.201782,-2.201743,128.14,1.86,2,285.15,24 / 25,13267410,2020-01-08 15:56:31:004,-0.2994,1.0068,9.8754,-0.008,-0.0119,9.8065,-0.0458,-0.3876,0.0354,7.5,-36.37,-1.31,142.44,-80.36,-161.55,0.0655735465858364,-1.0575405874207526,0.068694075042355,-0.5101140555875157,0.044317238747388465,-0.10668218287842565,-0.043032190348787344,-0.41254763667632055,0.03532147511015259
52.201782,-2.201743,128.14,1.86,2,285.15,24 / 25,13267510,2020-01-08 15:56:31:104,0.0778,0.6649,9.0177,0.0047,-0.0117,9.8065,-0.0742,-0.4198,0.0416,7.19,-36.37,-2.69,152.43,-80.34,-162.05,-0.2167471142425715,-0.6449042542541149,-0.7889586816256362,0.17961855350816402,-0.045512650171685154,-0.6723622502246529,-0.07065177770147685,-0.39699567826607507,0.043185524487245844
52.201782,-2.201743,128.14,1.86,2,285.15,24 / 25,13267610,2020-01-08 15:56:31:204,0.8362,1.4762,10.2949,0.0011,-0.0046,9.8066,-0.0262,-0.4184,0.0639,5.38,-37.5,-2.44,156.73,-80.35,-161.91,-1.1339842325513474,-1.2667413743621776,0.4878971108788759,-0.757870402349833,-0.9060267108821644,0.31433603452678727,-0.03784105801127025,-0.4410703928119501,0.06178794539141429
52.201782,-2.201743,128.14,1.86,2,285.15,24 / 25,13267710,2020-01-08 15:56:31:304,0.5009,1.291,9.8808,-0.0096,0.0003,9.8065,-0.0084,-0.3598,-0.0009,4.75,-37.37,-3.31,160.17,-80.29,-161.86,-0.776052396886146,-1.1507861794350451,0.0739667256850008,-0.27030525353673857,-0.9191888258538637,0.20131451013145857,0.012028347207531896,-0.3356914758916174,0.001697247370719187
52.201782,-2.201743,128.14,1.86,2,285.15,24 / 25,13267810,2020-01-08 15:56:31:404,0.5728,1.7581,10.031,-0.0182,-0.0007,9.8065,0.0141,-0.3138,-0.0332,4.94,-37.31,-3.5,160.06,-80.22,-162.23,-0.9553233636544184,-1.5906651310833522,0.224054461262413,-1.157253577164467,-0.4754467824914621,0.07437881987203519,-0.014023926292214585,-0.33804426271757765,-0.03771122929700721
52.201782,-2.201743,128.14,1.86,2,285.15,24 / 25,13267910,2020-01-08 15:56:31:504,-0.9444,1.2303,10.0601,-0.0201,-0.0122,9.8066,-0.0446,-0.3744,0.0079,4.69,-36.62,-4.12,162.55,-80.22,-163.01,0.635537685833339,-1.4122082583626687,0.2532956274748572,-0.4526839152131571,0.21300876859519896,0.3699040238255899,-0.01228937547584782,-0.35534461970895415,0.01684685645653728
52.201782,-2.201743,128.14,1.86,2,285.15,24 / 25,13268009,2020-01-08 15:56:31:603,-0.4,2.5472,10.6558,-0.0091,-0.0201,9.8066,0.0379,-0.2156,-0.0029,4.0,-36.62,-4.75,168.7,-80.32,-163.45,-0.170277385303697,-2.591479663623517,0.8486527588359565,-2.2513837256681297,0.49989573767404866,0.7434379313067753,0.0072318810540100064,-0.22154726303116343,-0.018630626619585856
52.201782,-2.201743,128.14,1.86,2,285.15,24 / 25,13268110,2020-01-08 15:56:31:704,-2.0612,2.5737,9.9775,-0.0228,-0.0079,9.8066,-0.0373,-0.265,-0.0925,3.38,-36.0,-6.19,174.44,-80.36,-163.92,1.4357132729054458,-2.959493565837028,0.1704850778583478,-1.9220572934689764,0.8247250339736302,0.2578536674930365,-0.015158654768353555,-0.27903055626982076,-0.06908679642704267
52.201782,-2.201743,128.14,1.86,2,285.15,24 / 25,13268210,2020-01-08 15:56:31:804,1.1389,0.0049,9.5951,-0.0164,-0.0043,9.8066,0.0853,-0.3067,0.0068,2.38,-36.12,-5.56,178.52,-80.56,-164.4,-1.1302369304564388,0.2394287476323375,-0.211597107351723,0.4933800391107238,-0.3755379461498541,-0.2556889199215284,0.07742910526817025,-0.27074409896474827,-0.02332982084070284
52.201782,-2.201743,128.14,1.86,2,285.15,24 / 25,13268311,2020-01-08 15:56:31:905,-1.9785,3.3722,10.0219,-0.0098,0.0495,9.8065,0.1273,-0.1274,-0.0248,2.88,-36.19,-5.94,173.78,-79.99,-165.36,1.208312831860522,-3.668289520173051,0.2148120959112119,-2.57556570800909,0.5284396812907388,0.2577317803008217,0.11847467543706854,-0.18049778151158402,0.009621358999821372
52.201782,-2.201743,128.14,1.86,2,285.15,24 / 25,13268410,2020-01-08 15:56:32:004,1.2313,0.3192,9.77,-0.0293,0.0176,9.8065,0.0549,-0.3023,0.0366,1.75,-37.19,-6.37,177.73,-79.79,-166.15,-1.295958564371927,-0.023531921458012,-0.0366717616640946,0.16528128164647932,-0.5749882118626682,-0.0051144586884316265,0.07854768942437082,-0.24234206570649866,0.001199994758162173
52.201782,-2.201743,128.14,1.86,2,285.15,24 / 25,13268510,2020-01-08 15:56:32:104,0.3427,1.8062,10.1974,-0.0161,0.0263,9.8065,0.1059,-0.1585,-0.0146,1.94,-36.87,-6.19,178.15,-79.57,-165.34,-0.733110351639307,-1.6612247264272348,0.390468795969731,-0.5394539145736839,-1.3666342237683713,0.3736240541581365,0.07285656023970288,-0.2129451492968915,0.017978412253587643
52.201782,-2.201743,128.14,1.86,2,285.15,24 / 25,13268610,2020-01-08 15:56:32:204,0.4776,1.5067,9.2784,-0.0151,0.0251,9.8065,-0.0161,-0.2055,0.057,1.25,-36.5,-6.44,181.99,-79.29,-166.39,-0.7996313796022372,-1.34092707649366,-0.5284748738413109,-1.2030989815535793,-0.21221638724287847,-0.40483981671951597,0.019424158815007676,-0.16724279891712046,0.031059577200670527
52.201782,-2.201743,128.14,1.86,2,285.15,24 / 25,13268710,2020-01-08 15:56:32:304,-0.5281,0.8438,10.3888,0.0024,-0.0063,9.8066,0.045,-0.115,-0.0419,1.69,-36.44,-6.19,177.72,-79.43,-166.19,0.3352629383341242,-0.944389533109096,0.582051777708438,0.19539341072116378,-0.16691479279521643,0.4866486760938754,0.012858769130057394,-0.13089407969050498,-0.02559528906959943
52.201782,-2.201743,128.14,1.86,2,285.15,24 / 25,13268810,2020-01-08 15:56:32:404,0.794,0.971,10.7251,-0.0172,-0.001,9.8066,-0.0693,-0.16,0.0028,1.06,-36.69,-7.5,182.85,-79.53,-166.36,-1.0013147714490234,-0.7750636589007773,0.9182138874626812,-0.6928612053126408,-0.6103540468634205,1.1534241366838356,-0.04321101206582164,-0.16686313693980995,-0.00265993759141726
52.201782,-2.201743,128.14,1.86,2,285.15,24 / 25,13268910,2020-01-08 15:56:32:504,1.3868,0.9593,9.9508,0.0073,-0.0101,9.8066,-0.0694,-0.2643,0.1079,0.69,-36.19,-7.44,183.51,-79.61,-165.2,-1.5556678331071856,-0.6501922134162078,0.1438677470753114,0.513237441162168,-1.8816109788132596,-0.049918054461875014,-0.09086908506957944,-0.23956485460971538,0.10347791568762657
52.201782,-2.201743,128.14,1.86,2,285.15,24 / 25,13269009,2020-01-08 15:56:32:603,1.0993,0.6434,9.0834,0.0231,0.0081,9.8066,-0.0607,-0.0956,0.0769,1.06,-36.62,-7.37,183.97,-79.62,-164.22,-1.1875218695559997,-0.3889330200574956,-0.7234318801623137,-0.3749552479663689,-1.017906902310234,-0.3611557562196035,-0.0391941009779048,-0.13038773343876764,0.08862503565260292
52.201782,-2.201743,128.14,1.86,2,285.15,24 / 25,13269110,2020-01-08 15:56:32:704,0.4006,0.4608,8.9468,0.0106,-0.0166,9.8066,-0.0281,-0.1665,-0.0142,0.0,-36.25,-8.37,189.13,-79.65,-163.65,-0.4834033247900964,-0.3822192774405348,-0.8599397941337033,0.8048611310458142,-0.6216007287991056,-1.1609991015932635,-0.05506139628795604,-0.12913790965581326,-0.02994856580317983
52.201782,-2.201743,128.14,1.86,2,285.15,24 / 25,13269210,2020-01-08 15:56:32:804,1.3054,-0.49,9.4341,-0.0151,-0.0009,9.8066,0.0709,-0.2508,-0.058,-0.56,-36.25,-8.0,193.28,-79.63,-163.4,-1.1844270111776969,0.7616252537261754,-0.3724982390283263,0.7177310114383209,-1.235786114291245,0.1121239439636591,0.10658022634715744,-0.2861114455548486,-0.04146924147020221
52.201782,-2.201743,128.14,1.86,2,285.15,24 / 25,13269310,2020-01-08 15:56:32:904,2.466,0.887,12.4082,0.0135,0.0203,9.8066,0.2165,-0.4045,0.1432,-0.81,-35.81,-7.81,193.18,-79.63,-163.58,-2.5818163521776007,-0.3197141398043617,2.601202585812476,0.850619475697125,-1.955928190694584,2.2137660421634653,0.17248256621507718,-0.3720952939895301,0.12817380308593837
52.201782,-2.201743,128.14,1.86,2,285.15,24 / 25,13269410,2020-01-08 15:56:33:004,-0.2745,0.1522,11.9385,0.015,0.0202,9.8065,-0.246,-0.1861,0.1245,-0.37,-36.87,-8.19,189.2,-79.61,-163.28,0.2540782264173638,-0.1915835085815446,2.131993964367674,-0.22693034175138543,-0.010024532469333935,2.6948953847781105,-0.19610646393586828,-0.21827712239769215,0.13784472431327544
52.201782,-2.201743,128.14,1.86,2,285.15,24 / 25,13269510,2020-01-08 15:56:33:104,-1.1582,-0.3923,8.6275,0.0139,-0.0219,9.8065,-0.1224,-0.1022,0.0509,-1.25,-35.62,-8.5,193.6,-79.84,-163.06,1.2244754103996764,0.1099956731281632,-1.1788199570840436,1.1571820323604163,1.4442130836205285,-1.5853740825017908,-0.17733967012973226,-0.06542995803723752,0.03718602583731031
52.201782,-2.201743,128.14,1.86,2,285.15,24 / 25,13269610,2020-01-08 15:56:33:204,-0.4181,-1.778,7.8625,-0.0136,0.0154,9.8066,0.1256,-0.3883,0.1548,-1.0,-36.44,-8.31,193.13,-79.76,-163.8,0.7808441945644095,1.6648991580954238,-1.9436619451921693,1.7734649729171696,0.30810591275206267,-1.3968668221113651,0.18841982718534997,-0.4335063395636091,0.17118117226280782
52.201782,-2.201743,128.14,1.86,2,285.15,24 / 25,13269710,2020-01-08 15:56:33:304,0.554,-0.1717,10.268,-0.0046,0.0096,9.8066,0.1957,-0.5575,0.0671,-1.12,-36.69,-8.69,193.39,-79.81,-163.51,-0.5066214999664455,0.2970571763547778,0.4613949498508586,1.0527307264602555,-0.1126063943938595,0.1518499388524735,0.12067073953871524,-0.5040842623517314,0.04836561275463443
52.201782,-2.201743,128.14,1.86,2,285.15,24 / 25,13269809,2020-01-08 15:56:33:403,-2.6754,-1.0875,8.5698,0.008,0.0273,9.8066,-0.1635,0.3886,-0.2949,-1.94,-36.06,-8.81,197.79,-79.89,-162.9,2.8604789679993456,0.5120965507592555,-1.2363276411752129,0.9454784993712905,1.319095958523836,-0.8419854661187024,-0.07480163928025688,0.330613848982152,-0.27751871486320173
52.201782,-2.201743,128.14,1.86,2,285.15,24 / 25,13269910,2020-01-08 15:56:33:504,-3.8395,0.7663,10.0357,-0.0265,-0.0498,9.8064,-0.0445,0.3849,-0.0848,-1.81,-36.56,-8.5,197.99,-80.06,-162.44,3.548365185962375,-1.6167972408852027,0.2294294857166199,-1.339787272936647,2.564548798201533,0.16131722201126997,-0.14238287879852446,0.4442567639229814,-0.09652302987738778
52.201782,-2.201743,128.14,1.86,2,285.15,24 / 25,13270009,2020-01-08 15:56:33:603,-2.4896,-0.0722,9.4814,-0.018,0.004,9.8066,-0.1212,-0.4331,0.1802,-2.12,-36.0,-9.12,198.56,-80.49,-162.34,2.430231767238882,-0.4568697166106461,-0.3249794755782082,0.46689481981587755,1.121973195465476,-0.22868984731257758,-0.025183411347874753,-0.49157411032532533,0.1855125108694356
52.201782,-2.201743,128.14,1.86,2,285.15,24 / 25,13270110,2020-01-08 15:56:33:704,3.4708,0.9086,12.2179,0.0118,-0.0172,9.8065,0.1234,-0.5051,0.1799,-2.69,-35.25,-10.0,203.69,-80.76,-160.76,-3.57746301511672,-0.1610125139486856,2.4109064572944163,-0.4946480122493318,-1.290453190501501,2.7141282553758312,0.04510511761655443,-0.45456906331731484,0.1761011238181445
52.201782,-2.201743,128.14,1.86,2,285.15,24 / 25,13270210,2020-01-08 15:56:33:804,0.77,0.1089,10.1653,0.0297,0.0133,9.8065,-0.3072,0.1928,0.0005,-2.69,-35.81,-9.81,203.29,-80.72,-160.96,-0.7435887015654666,0.0657151134184525,0.3587175166793274,1.550030980545199,-1.7744356971753563,0.05116823900095424,-0.26281353917235584,0.1672539024540288,0.012651234580787568
52.201782,-2.201743,128.14,1.86,2,285.15,24 / 25,13270311,2020-01-08 15:56:33:905,-0.9932,-0.0942,7.945,0.0042,-0.0625,9.8064,-0.2223,0.1323,-0.0604,-2.12,-36.31,-9.69,199.91,-81.26,-161.08,0.9811332461779396,-0.183088711324578,-1.8613107443492187,-1.1268458048374517,1.7652360518011825,-1.1211546578335982,-0.22230534660479281,0.10865062397987732,-0.09342659663083999
52.201782,-2.201743,128.14,1.86,2,285.15,23 / 25,13270410,2020-01-08 15:56:34:004,-0.2238,2.2357,10.2048,0.0105,-0.0577,9.8064,0.0521,-0.415,0.0986,-2.5,-35.62,-10.5,200.64,-81.3,-160.02,-0.2642735665211481,-2.29022626126804,0.3979017017259544,-0.33544923221141165,-1.3500162374624498,-0.3352263499791346,0.006933094076577009,-0.3204921277036238,0.16429898553086086
52.201782,-2.201743,128.14,1.86,2,285.15,23 / 25,13270510,2020-01-08 15:56:34:104,7.6954,0.8551,8.8569,0.0291,-0.0266,9.8065,-0.1121,-0.8063,0.3413,-3.0,-35.62,-10.12,204.25,-81.04,-159.95,-7.676472450089634,0.7872388768888983,-0.9504295943043546,-0.5908978790422366,-1.2704915252438282,0.19551151009225937,-0.0295571544846188,-0.9790984714425155,0.23516639226192282
52.201782,-2.201743,128.14,1.86,2,285.15,23 / 25,13270609,2020-01-08 15:56:34:203,-2.3018,1.6766,13.8071,0.125,-0.137,9.8048,0.3412,0.2253,-0.4845,-2.25,-35.75,-10.31,203.29,-81.35,-156.11,1.9796453833075345,-2.293727619651618,4.002090235513999,-0.13125052802529413,0.9941405524456163,2.92142961935026,0.23235854995403882,-0.572051164503113,-0.33519682863750405
52.201782,-2.201743,128.14,1.86,2,285.15,23 / 25,13270709,2020-01-08 15:56:34:303,10.8787,-4.9295,8.2655,-0.0931,0.2331,9.8034,0.234,-1.0214,0.5782,-3.44,-35.62,-10.0,201.15,-80.08,-163.45,-9.605179880864132,7.400956757725037,-1.5376374528890044,5.916030205186509,-1.5029285935745318,-0.10984924958437847,0.36038403326137036,-0.02641638108261629,-0.6756796634042428
52.201782,-2.201743,128.14,1.86,2,285.15,23 / 25,13270810,2020-01-08 15:56:34:404,-6.1907,1.311,8.4803,0.11,0.1745,9.8044,0.2699,0.8403,-0.4963,-3.19,-36.31,-8.31,202.7,-79.62,-161.1,5.90921619990218,-2.4642057649923803,-1.3238381323228117,-0.4689191700078541,1.3016392181674463,-2.598097398508246,0.13029818668097115,-0.3634638923419254,-0.26899623336887574
52.201782,-2.201743,128.14,1.86,2,285.15,23 / 25,13270910,2020-01-08 15:56:34:504,-5.354,-1.7911,5.4511,-0.1128,0.0207,9.8059,-0.0855,-0.5723,0.2198,-3.37,-36.19,-8.75,201.82,-78.75,-160.98,5.508716952982039,0.6435455729959798,-4.353959846783792,-0.5631826973887661,2.078945568114023,-2.819476732127421,0.06526075754227986,0.4150915146680675,-0.03084809979301155
52.201782,-2.201743,128.14,1.86,2,285.15,23 / 25,13271010,2020-01-08 15:56:34:604,-6.3844,2.0685,10.8848,0.1043,-0.0488,9.8059,-0.0195,0.5276,-0.3696,-3.5,-36.44,-7.62,200.52,-78.08,-162.63,5.881654609297747,-3.462976373603527,1.0789559225428726,-2.0018393087381026,1.7539729147453116,-0.21364486881128875,-0.17771961581981457,0.5213152837244619,-0.11626850158184941
52.201782,-2.201743,128.14,1.86,2,285.15,23 / 25,13271110,2020-01-08 15:56:34:704,1.0586,-3.2823,5.0831,-0.0416,-0.0634,9.8063,-0.5476,-0.1649,0.1494,-3.75,-36.81,-7.94,202.49,-77.9,-165.09,-0.3818548938072494,3.3811169904431977,-4.722563946312617,2.7615494323613343,-0.8532026488376292,-3.246290637630682,-0.38934440162795897,-0.058684604060389556,-0.08170523248925976
52.201782,-2.201743,128.14,1.86,2,285.15,23 / 25,13271209,2020-01-08 15:56:34:803,5.9618,-2.7506,8.9609,-0.0157,-0.1155,9.8059,0.1275,0.7531,-0.5171,-3.81,-36.75,-9.06,202.61,-78.6,-165.11,-5.27111923556188,3.858721846034125,-0.8448970229729343,4.55861077100481,-1.712886412089338,-2.0205531862684687,-0.02131006327544524,0.5974041055894995,-0.3307712345638575
52.201782,-2.201743,128.14,1.86,2,285.15,23 / 25,13271310,2020-01-08 15:56:34:904,1.0392,0.4774,9.6367,-0.0827,0.0362,9.8062,0.0748,0.4117,-0.311,-3.81,-36.62,-8.19,202.18,-78.73,-166.96,-1.1904962951148683,-0.1896590272578648,-0.1696918521832209,-0.10460265183814238,-2.2336486890777554,1.1479395062049613,0.2063939046815254,0.5576614992934305,-0.4382722622968487
52.201782,-2.201743,128.14,1.86,2,285.15,23 / 25,13271410,2020-01-08 15:56:35:004,3.0269,-0.6921,9.8951,-0.0211,0.0189,9.8066,0.1478,0.4128,-0.3166,-3.75,-37.12,-8.37,202.75,-78.63,-165.78,-2.823888451540106,1.349627720953423,0.0884097171836318,1.2868911976209632,-1.2282038950985128,-0.9158449557771545,0.037536385301787205,0.3228581669461028,-0.2524499565167435
52.201782,-2.201743,128.14,1.86,2,285.15,23 / 25,13271510,2020-01-08 15:56:35:104,-4.2901,1.6672,9.5236,-0.0493,0.0111,9.8065,-0.0487,0.4406,-0.2952,-3.37,-36.0,-8.37,199.44,-78.54,-165.26,3.785641849574189,-2.5290222542366623,-0.2829248740005348,-1.8604196010487033,0.5015348954226398,0.8630989487617685,0.038281283551583424,0.451540079964935,-0.2995330825637884
52.201782,-2.201743,128.14,1.86,2,285.15,23 / 25,13271609,2020-01-08 15:56:35:203,2.9277,1.8454,11.405,-0.0494,-0.0455,9.8064,0.0468,0.0589,-0.1397,-3.75,-36.31,-8.75,202.36,-78.77,-166.24,-3.314207072162878,-1.206982075929897,1.5979283248035612,-1.804319153970553,-0.9271741584312747,0.7358962063648975,-0.014493021153550546,0.1286980786109365,-0.1897869103781719
52.201782,-2.201743,128.14,1.86,2,285.15,23 / 25,13271710,2020-01-08 15:56:35:304,-2.9337,-0.6675,8.6561,-0.0225,0.0016,9.8066,-0.1212,0.3071,-0.208,-3.5,-36.31,-8.75,199.08,-78.84,-165.77,2.9871230823734627,0.0278272886381299,-1.1501094872918445,0.9594445413033876,0.2837208505912635,-0.1179713303849844,-0.08906760219940761,0.16679991772918992,-0.10689467192055303
52.201782,-2.201743,128.14,1.86,2,285.15,23 / 25,13271811,2020-01-08 15:56:35:405,0.7269,-0.8564,9.2339,-0.0262,-0.0239,9.8065,0.1555,-0.0035,-0.0073,-3.94,-36.12,-8.5,203.27,-79.08,-166.08,-0.556442970890282,0.9750545057659366,-0.5724740613620337,0.2234126603802501,0.5380055453391023,-1.3717572809861733,0.15451034547117884,0.19474318606220462,-0.15839566597326127
52.201782,-2.201743,128.14,1.86,2,285.15,23 / 25,13271910,2020-01-08 15:56:35:504,-4.2978,2.7751,9.5478,-0.0023,0.0437,9.8065,0.106,0.3988,-0.1848,-3.5,-36.81,-9.06,198.61,-78.87,-166.23,3.607887685664063,-3.5909436768619827,-0.2589630422252396,-2.809149665754263,0.3655363248578739,0.7429655854108097,0.07950615310907647,0.15253528296818766,0.013994725725240915
52.201782,-2.201743,128.14,1.86,2,285.15,23 / 25,13272009,2020-01-08 15:56:35:603,4.5707,-0.9283,10.2835,-0.0266,0.0221,9.8065,-0.1895,0.0033,0.1772,-4.31,-36.12,-8.69,202.33,-78.81,-166.34,-4.285545074945418,1.9164255839977111,0.4768362838649188,1.4157728510388663,-1.1854343241559697,-0.3394669867253296,-0.1469617761146074,0.28881065800778366,-0.06006949640749838
52.201782,-2.201743,128.14,1.86,2,285.15,23 / 25,13272110,2020-01-08 15:56:35:704,-0.4008,-0.8809,8.6636,0.0162,-0.0518,9.8065,-0.0519,0.3319,-0.3062,-3.5,-36.75,-9.19,198.19,-78.67,-166.71,0.5856398436434462,0.720297096919189,-1.1426785574723397,0.983302881414035,-0.687333144048047,-0.11001281712936935,-0.09386812985328842,0.02137792520498294,-0.050876377248919476
52.201782,-2.201743,128.14,1.86,2,285.15,23 / 25,13272209,2020-01-08 15:56:35:803,7.4852,-1.4314,10.3391,-0.1138,-0.0566,9.8058,-0.3947,-0.0578,0.2607,-3.56,-36.12,-8.62,201.21,-79.06,-168.53,-7.125826325224805,2.976207479532893,0.5329851325371121,3.0235076819585327,-1.7053165201278297,-0.33903093295449727,-0.36864130247734417,0.25038414891986477,0.018523196288793668
52.201782,-2.201743,128.14,1.86,2,285.15,23 / 25,13272310,2020-01-08 15:56:35:904,-4.6733,-1.7544,5.805,0.0125,-0.095,9.8061,-0.5457,0.5484,-0.3045,-2.81,-36.81,-8.75,196.96,-78.54,-168.71,4.933494428772446,0.6140393405077207,-4.000339938002781,0.15163108955807483,1.2705388169271536,-2.92775957259742,-0.5481144316375663,0.2853871141098431,-0.11086185227721303
52.201782,-2.201743,128.14,1.86,2,285.15,23 / 24,13272410,2020-01-08 15:56:36:004,-4.8773,1.8504,12.9375,-0.0039,-0.0919,9.8062,-0.3748,-0.8431,0.5013,-2.56,-36.44,-8.94,198.27,-78.84,-167.15,4.341481868114907,-2.9452210476277982,3.131262478528382,-2.2537274956085853,1.6612245222760116,2.2195424716480265,-0.39381649657092604,-0.6753016369810493,0.38443433372297037
52.201782,-2.201743,128.14,1.86,2,285.15,23 / 24,13272510,2020-01-08 15:56:36:104,0.4622,-0.2159,9.984,0.0846,-0.0806,9.8059,-0.4112,-0.6143,0.4458,-2.31,-35.87,-9.75,196.36,-79.0,-164.29,-0.33970645939969,0.2132781317844941,0.1780994664355928,-0.961878756725355,-0.4871956296727024,1.2506275436331815,-0.38046390582127293,-0.6468789887054598,0.4759215956083685
52.201782,-2.201743,128.14,1.86,2,285.15,23 / 24,13272610,2020-01-08 15:56:36:204,-7.1078,3.8824,10.1856,0.057,-0.0607,9.8063,-0.2527,-0.3186,0.157,-2.56,-36.31,-9.75,200.01,-79.55,-164.62,6.149518591142761,-5.391293499491519,0.3789995244456685,-4.175653300391865,1.0630854539948194,-0.5187281359889914,-0.28290582396860886,-0.4349561328791575,0.20135890633589365
52.201782,-2.201743,128.14,1.86,2,285.15,23 / 24,13272710,2020-01-08 15:56:36:304,7.9312,-3.9091,8.8728,0.0737,-0.044,9.8062,-0.136,-1.0241,0.7871,-3.62,-35.44,-8.94,204.42,-79.68,-164.59,-6.84271894861234,5.464148910926341,-0.9331740938989316,3.780971423957594,-1.6673153677378245,0.07758238098567216,-0.11641323703166494,-0.7767090271281016,0.6962041665299468
52.201782,-2.201743,128.14,1.86,2,285.15,23 / 24,13272810,2020-01-08 15:56:36:404,-1.2803,2.0516,11.3678,0.1697,-0.0283,9.8051,0.0341,-0.1818,0.534,-3.75,-35.94,-8.69,205.6,-79.23,-161.54,0.9687494758731184,-2.343310197623371,1.5623498554132758,-0.8737557072002504,-0.41047198574661503,0.7376959954253384,0.029922688748265723,-0.517524790151518,0.6406747467857117
52.201782,-2.201743,128.14,1.86,2,285.15,23 / 24,13272909,2020-01-08 15:56:36:503,2.3547,-0.8803,9.4406,0.0827,0.0063,9.8062,-0.0233,-0.5145,0.14,-3.37,-35.44,-8.56,198.91,-79.25,-166.93,-2.0282235209829453,1.354386413161406,-0.3655868060739131,-0.5359955424845868,-1.379233515706553,0.5315423424381529,-0.032675571177589284,-0.14528985505914882,0.04057226159509961
52.201782,-2.201743,128.14,1.86,2,285.15,23 / 24,13273010,2020-01-08 15:56:36:604,0.0062,-1.4547,10.912,-0.0036,0.0219,9.8065,-0.2421,0.3615,-0.1969,-3.94,-36.06,-9.25,202.64,-78.95,-166.01,0.307731707664107,1.443956289682584,1.1058323921753428,2.8599707190566575,-1.302734668804133,0.3925769150519363,-0.22677389368946096,0.01359049054245539,-0.11663908707424027
52.201782,-2.201743,128.14,1.86,2,285.15,23 / 24,13273110,2020-01-08 15:56:36:704,3.6942,0.0868,11.6903,-0.0605,-0.0608,9.8063,-0.1242,-0.2853,0.0998,-3.81,-35.87,-9.06,202.84,-79.23,-166.07,-3.698880530080068,0.6626689146423763,1.8836577671544483,-1.1533205509374564,-1.3007602110691345,2.6426658996498906,-0.13562396492397627,-0.0035328068221148166,0.041255432653347954
52.201782,-2.201743,128.14,1.86,2,285.15,23 / 24,13273210,2020-01-08 15:56:36:804,-2.9028,0.2346,10.285,0.0765,-0.0552,9.8061,-0.1469,0.3415,0.1354,-3.5,-36.56,-9.19,200.28,-79.39,-164.03,2.847272865720018,-0.9236220216851012,0.4790796689412274,0.19805752631682627,0.3528093707516855,-0.11271636580012678,-0.14682319962528492,0.15292008912447533,0.1757350715834669
52.201782,-2.201743,128.14,1.86,2,285.15,22 / 25,13273310,2020-01-08 15:56:36:904,-0.8965,-1.1195,8.4339,0.0195,-0.025,9.8065,-0.1982,0.1048,-0.0974,-3.0,-36.31,-9.87,199.15,-79.65,-166.09,1.130058320331112,0.8722610667483965,-1.3722776082430903,-0.6887487718367068,1.7436425774560076,-0.7505108729615061,-0.1848757044575297,0.1957112628589298,-0.1250994428733046
52.201782,-2.201743,128.14,1.86,2,285.15,22 / 25,13273410,2020-01-08 15:56:37:004,-1.2014,0.5454,10.1985,-0.0217,-0.0454,9.8065,0.0106,0.0641,-0.2846,-3.44,-35.94,-9.44,200.45,-79.71,-164.56,1.0250528904141998,-0.8306815008579154,0.3919637049344427,-0.1238301495652614,-0.5288324446522881,-0.08714484385660629,-0.013326212757852174,0.053213534097502,-0.2654496296463825
52.201782,-2.201743,128.14,1.86,2,285.15,22 / 25,13273510,2020-01-08 15:56:37:104,-0.0289,-0.6634,9.3081,-0.011,-0.0091,9.8066,-0.0965,0.1445,0.1667,-3.62,-36.06,-9.87,204.3,-79.62,-163.47,0.1582095588104541,0.6352537376443623,-0.4983508546294158,-0.6152546248498957,0.5964678886904992,-0.001301445233846621,-0.06618756296748636,0.10876569670369046,0.1539296746284759
52.201782,-2.201743,128.14,1.86,2,285.15,22 / 25,13273610,2020-01-08 15:56:37:204,-2.5052,-0.6694,9.0707,0.0052,-0.0339,9.8065,-0.0226,-0.1091,0.2212,-3.31,-35.5,-9.5,201.22,-80.03,-164.11,2.588417851404188,0.0810943697920719,-0.7354500524985716,0.3699685744481358,0.5962888895998719,-1.115054595715148,-0.05738711627628665,-0.06538882018797623,0.23065236624715107
52.201782,-2.201743,128.14,1.86,2,285.15,22 / 25,13273710,2020-01-08 15:56:37:304,-1.9403,-1.0385,9.046,0.0229,-0.0037,9.8065,-0.0276,-0.0017,-0.0379,-2.75,-35.81,-10.06,201.67,-80.33,-162.93,2.1398588866423967,0.588701906151064,-0.760104953905489,-0.3959730708982405,2.237455458300876,-0.3754066968023134,0.013239171070612244,-0.020704623570491666,-0.050164728594007606
52.201782,-2.201743,128.14,1.86,2,285.15,22 / 25,13273810,2020-01-08 15:56:37:404,-2.4024,-0.1866,12.0058,0.0046,-0.0119,9.8066,-0.1677,0.0288,-0.0367,-2.94,-35.37,-10.25,202.72,-80.58,-162.0,2.3879928879378105,-0.347296657914507,2.1994373663643745,-0.40236328973818886,0.755637457496118,1.9084470395134667,-0.21721347035880983,0.004430497060173935,-0.0136932180866556
52.201782,-2.201743,128.14,1.86,2,285.15,22 / 25,13273910,2020-01-08 15:56:37:504,-1.5171,-0.4643,9.1632,-0.0249,-0.0173,9.8065,-0.1401,-0.1545,0.0929,-3.12,-36.12,-10.87,202.04,-80.6,-162.31,1.5534894375167414,0.1158796817349078,-0.643076353853051,-0.6992522092405997,1.5936922039506733,-0.35898901606866424,-0.08258911755290817,-0.08419778282788075,0.05242366847688458
52.201782,-2.201743,128.14,1.86,2,285.15,22 / 25,13274010,2020-01-08 15:56:37:604,-4.0675,0.8319,12.873,0.0247,-0.0955,9.8061,0.2772,0.3019,-0.1796,-3.0,-35.5,-10.56,203.06,-81.02,-161.62,3.7967434947057472,-1.7860934660172676,3.0670272538828214,-2.0841700766327333,0.9148480841149049,2.850580341658362,0.21804463576462862,0.19487610170170538,-0.1177609531284824
52.201782,-2.201743,128.14,1.86,2,285.15,22 / 25,13274110,2020-01-08 15:56:37:704,-0.1998,0.5667,11.1735,-0.0681,0.1008,9.8059,0.0335,0.0018,-0.0922,-3.62,-35.5,-11.0,207.55,-81.08,-160.3,0.0282833880210479,-0.4835967319628462,1.3675056529305134,-1.2306473278209407,-0.13128211421530722,1.5716648330461513,0.08463626454800766,0.1327509649911335,-0.1766595342964628
52.201782,-2.201743,128.14,1.86,2,285.15,22 / 25,13274210,2020-01-08 15:56:37:804,-1.2709,-1.2682,8.584,0.0226,0.0186,9.8066,0.161,0.1403,-0.1254,-3.06,-35.12,-11.62,202.4,-80.96,-162.11,1.5400535181109642,0.9788778489737834,-1.222203161566235,0.5274071108874565,0.6307397003312503,-1.39207579117771,0.12509631904822277,-0.005607894277505326,-0.019371484443970084
52.201782,-2.201743,128.14,1.86,2,285.15,22 / 24,13274310,2020-01-08 15:56:37:904,1.4482,-1.2622,11.3309,0.0075,-0.0079,9.8066,0.1017,-0.1062,0.1405,-3.25,-34.81,-9.75,202.42,-80.89,-162.84,-1.1375552928246453,1.5343895859490817,1.524464504112064,0.7761685514972498,-1.5185358456031668,1.6866668537464566,0.12247864590708646,0.05246578093289514,0.016582464988426124
52.201782,-2.201743,128.14,1.86,2,285.15,22 / 24,13274410,2020-01-08 15:56:38:004,-2.092,0.2294,9.0718,0.0237,0.0244,9.8065,-0.0753,0.1303,-0.1983,-2.06,-34.25,-10.06,199.08,-80.75,-162.36,2.022252892172188,-0.6548988491395955,-0.734572200329452,-1.1968692155116947,1.2981574049523614,-0.9027641746729216,-0.08894048780542549,-0.04378666435708703,-0.06260628796574359
52.201782,-2.201743,128.14,1.86,2,285.15,22 / 24,13274510,2020-01-08 15:56:38:104,-1.5715,-1.1515,8.8841,-0.0085,-0.0222,9.8066,-0.0331,-0.1734,0.2303,-2.06,-34.5,-9.75,198.95,-80.62,-162.42,1.769353355488549,0.767061615640595,-0.9221165442785696,-0.05528648562968541,1.1419015497178917,-0.7505458284193364,-0.014800235301483187,0.019125658288785742,0.08973668403918622
52.201782,-2.201743,128.14,1.86,2,285.15,22 / 24,13274610,2020-01-08 15:56:38:204,-2.6133,-0.1223,10.5863,0.0331,-0.0256,9.8065,-0.0207,0.3466,-0.0427,-1.37,-34.44,-10.25,195.87,-80.92,-161.63,2.605209309105728,-0.4746522167992462,0.7800394982540404,-1.0655273270250336,1.5257497232125259,0.5622581871248404,-0.05311436910840145,0.1365781551687466,0.09686727512786276
52.201782,-2.201743,128.14,1.86,2,285.15,22 / 24,13274709,2020-01-08 15:56:38:303,-1.2665,-1.9904,8.9921,-0.0377,-0.0071,9.8066,-0.1097,0.0189,-0.1651,-2.12,-34.06,-9.37,200.51,-81.22,-160.85,1.6265499564325243,1.672918730268294,-0.81395131374479,0.7480791216302795,0.7563404666528455,-0.5835853280312092,-0.060780877301404704,0.23919622293363918,-0.2986331853006904
52.201782,-2.201743,128.14,1.86,2,285.15,22 / 24,13274810,2020-01-08 15:56:38:404,4.1775,-1.8476,10.3452,0.011,-0.0411,9.8065,0.1436,0.5685,-0.4973,-2.75,-34.12,-9.87,205.59,-81.4,-159.19,-3.6807785652817975,2.659880392852181,0.5387649200556728,2.0545919902700285,-2.2699934909911454,0.23080127623208907,0.08379585487459394,0.35128563319898387,-0.3762540199108373
52.201782,-2.201743,128.14,1.86,2,285.15,22 / 24,13274911,2020-01-08 15:56:38:505,3.235,-2.1084,8.5776,-0.0905,0.037,9.8061,-0.0383,0.1343,-0.0704,-2.87,-33.87,-10.19,203.75,-81.28,-161.69,-2.7863574436643237,2.8104129750222886,-1.2282893657289324,1.7469490476601202,-3.054713617741692,-0.9077602384543157,0.02171516434411057,0.3311747982214387,-0.1698672653461169
52.201782,-2.201743,128.14,1.86,2,285.15,22 / 24,13275010,2020-01-08 15:56:38:604,0.761,-1.6036,8.9297,0.0039,0.0028,9.8066,0.1242,0.5128,-0.2904,-3.37,-35.25,-11.0,204.24,-81.23,-160.17,-0.3939343046562775,1.73178048625133,-0.8765997325199686,1.1463254242631513,-0.5412933617647142,-1.2914018150687288,0.07475257631865156,0.35397622661374106,-0.22211797693228466
52.201782,-2.201743,128.14,1.86,2,285.15,22 / 24,13275110,2020-01-08 15:56:38:704,-3.4805,-0.5254,9.549,-0.0309,-0.01,9.8066,0.0689,0.2646,-0.1239,-2.81,-34.94,-11.69,204.83,-81.25,-159.03,3.4797759500860126,-0.2382071028720918,-0.2571999093006653,-1.4727442889607998,0.8740964184535353,0.1573032705300574,0.10112687786082053,0.37066552898211835,-0.15495229514133216
52.201782,-2.201743,128.14,1.86,2,285.15,22 / 24,13275210,2020-01-08 15:56:38:804,-0.0378,-0.7245,9.7857,-0.004,0.0038,9.8066,-0.0828,0.354,-0.0467,-2.69,-35.37,-11.62,205.6,-81.45,-158.19,0.1895850355950401,0.7040083826000905,-0.0207328605655903,0.161762379088626,0.040088790382854456,-0.5295419173412853,-0.09696546443026105,0.30980131809776273,-0.052638520868611045
52.201782,-2.201743,128.14,1.86,2,285.15,22 / 23,13275310,2020-01-08 15:56:38:904,-2.6631,-2.1128,8.0069,-0.0368,-0.0313,9.8065,-0.1752,0.1954,-0.2361,-2.37,-35.31,-12.19,203.7,-81.61,-156.26,3.0126114152477763,1.468582443970388,-1.7989141630385677,0.053174025451160234,0.9408078662797638,-1.316098371586298,-0.17475881288200096,0.17583094417793077,-0.1991222113649525
52.202263,-2.201946,130.17,8.28,2,348.5,22 / 23,13275410,2020-01-08 15:56:39:004,0.7083,-1.0969,9.8561,-0.0094,-0.0433,9.8064,-0.0552,0.014,-0.0557,-2.75,-35.69,-11.81,208.26,-81.94,-154.85,-0.4744179858376052,1.18324808348842,0.0498787292818417,0.6723771390158706,-0.750533605167851,-0.5121470957877433,-0.050130018139545124,0.09134020240823898,-0.11509173734958639
52.202263,-2.201946,130.17,8.28,2,348.5,22 / 23,13275510,2020-01-08 15:56:39:104,-2.8834,-0.1366,10.1048,0.0118,-0.0036,9.8066,-0.02,0.1687,-0.0086,-2.19,-36.12,-11.19,205.65,-82.06,-153.74,2.8560577388329387,-0.4925913351017134,0.2984681708912882,-2.0504842622918784,1.9735932875121223,0.7992628798423599,-0.01965128412248749,0.04690911590332729,0.06465979965565866
52.202263,-2.201946,130.17,8.28,2,348.5,22 / 23,13275610,2020-01-08 15:56:39:204,-0.3,0.7635,10.7377,-0.0162,-0.0037,9.8066,-0.0987,-0.2999,0.1609,-2.56,-35.87,-11.69,208.5,-82.16,-154.82,0.1121085679460477,-0.8104621629937999,0.9309501819906902,-1.3585183237937355,-0.3590564816688845,0.37634395983339725,-0.11620520834073639,-0.15223421987346478,0.08196919142234411
52.202263,-2.201946,130.17,8.28,2,348.5,22 / 23,13275710,2020-01-08 15:56:39:304,2.8943,-2.6156,8.9274,0.0404,-0.013,9.8065,-0.0757,-0.0127,0.1542,-2.37,-35.81,-12.31,204.98,-82.02,-154.7,-2.227539025689248,3.1554653651896083,-0.8787474029095089,1.5542474406512847,-2.9035351426144764,-0.42371617270758033,-0.031816098786855096,-0.16506173582985179,0.22895442778903036
52.202263,-2.201946,130.17,8.28,2,348.5,22 / 23,13275810,2020-01-08 15:56:39:404,1.057,1.2706,10.6756,0.0299,-0.0067,9.8066,0.0615,-0.122,0.2536,-2.62,-36.12,-11.25,208.6,-81.81,-154.44,-1.277794676305972,-1.0267999805502117,0.868627230258297,-1.7367852517045343,-1.9146416452820032,0.3877719827638961,-0.011873998640291244,0.01263602711476626,0.19663995705827497
52.202263,-2.201946,130.17,8.28,2,348.5,22 / 23,13275909,2020-01-08 15:56:39:503,0.5046,-0.8658,8.9681,0.0225,0.0002,9.8065,-0.1234,-0.1127,-0.01,-2.12,-36.19,-11.44,204.38,-81.71,-155.09,-0.2845433914292049,0.9495644730707344,-0.8382442006216714,-0.5509500857859466,-0.8292992672083521,-0.4898115866277687,-0.025373607190759817,-0.20528616654427828,0.011993032440215518
52.202263,-2.201946,130.17,8.28,2,348.5,22 / 23,13276010,2020-01-08 15:56:39:604,-1.4479,-1.0694,9.1293,0.016,-0.0147,9.8066,0.1134,-0.1232,-0.0059,-2.06,-35.81,-11.44,205.42,-81.67,-153.54,1.6565011665303315,0.7154611298589781,-0.6769415387938338,-0.3059381902283905,0.9837866081842261,-1.0295277798821707,0.0023392212168434484,-0.09904064852205842,0.024130144756057
52.202263,-2.201946,130.17,8.28,2,348.5,22 / 23,13276110,2020-01-08 15:56:39:704,-4.8749,0.1892,8.3574,0.0391,-0.0479,9.8064,-0.1796,0.2309,0.0966,-2.56,-36.44,-11.37,210.4,-81.73,-151.79,4.748313031786575,-1.2876925759002538,-1.4486492301924427,-2.543214999686848,4.1762946623872175,-1.2474892253236471,-0.06975850605753407,0.2985845811651275,0.0036896241808842614
52.202263,-2.201946,130.17,8.28,2,348.5,22 / 23,13276210,2020-01-08 15:56:39:804,-7.0997,-0.4999,11.0167,0.0273,-0.1177,9.8058,0.298,-0.2948,0.0371,-2.0,-35.44,-11.87,207.22,-81.97,-151.86,7.042364515130355,-1.1591715862518277,1.2115724987218954,-2.612526101759164,6.518324549311525,1.0144968295589836,0.20039166338522918,-0.46297072586923294,0.19134782770891617
52.202263,-2.201946,130.17,8.28,2,348.5,22 / 23,13276310,2020-01-08 15:56:39:904,0.7624,0.3567,12.5987,-0.0134,0.0925,9.8062,0.1534,-0.8116,0.3285,-2.81,-36.0,-12.0,212.25,-82.08,-149.64,-0.8148184814356193,-0.091804030513752,2.7923764775352864,-1.0151479919291853,-1.5896255560592691,2.837796294065923,0.23578230066348188,-0.5613912365768936,0.13056888396317945
52.202263,-2.201946,130.17,8.28,2,348.5,22 / 23,13276409,2020-01-08 15:56:40:003,2.1045,-1.7411,8.6533,0.1066,0.04,9.8059,-0.0625,0.7078,-0.4603,-2.06,-35.31,-11.87,209.89,-81.71,-147.88,-1.5681282567571948,2.1692033373199084,-1.1523623699686707,0.24775930846333383,-1.7850103567995768,-1.2014361195616015,-0.13480951996579527,0.4228863294876944,-0.25102763537029193
52.202263,-2.201946,130.17,8.28,2,348.5,22 / 23,13276510,2020-01-08 15:56:40:104,3.9439,-4.0349,9.3754,-0.0874,-0.0883,9.8058,-0.1354,0.2024,-0.074,-2.5,-36.62,-12.06,209.76,-82.0,-147.78,-3.088528261236372,4.721070358949416,-0.4298409652342022,4.111966168686827,-3.0834415882338075,-0.5141445877196584,-0.06535187041006654,0.4587951086034645,-0.2549596543120904
52.202263,-2.201946,130.17,8.28,2,348.5,22 / 23,13276610,2020-01-08 15:56:40:204,4.3107,-3.0862,10.5395,-0.0268,-0.0125,9.8066,0.0223,0.7213,-0.481,-2.75,-36.25,-12.0,213.63,-82.58,-148.57,-3.5753777899408723,3.934173073521429,0.7332368217543859,1.6284758191877504,-1.8598854078153677,0.7925253287348016,-0.04834662409046668,0.5524435573933438,-0.364743437506833
52.202263,-2.201946,130.17,8.28,2,348.5,22 / 23,13276710,2020-01-08 15:56:40:304,-5.1495,-1.3885,9.1592,-0.0724,-0.0295,9.8063,-0.0798,0.6505,-0.3396,-2.44,-35.56,-11.87,208.89,-82.73,-150.33,5.250631604142216,0.2358603655269528,-0.6463756381210737,-0.20054489766409267,0.6394348470015389,-0.8065389933966601,-0.015370744403770594,0.6929659873510287,-0.36729332131170994
52.202263,-2.201946,130.17,8.28,2,348.5,22 / 23,13276810,2020-01-08 15:56:40:404,1.2053,-0.6839,12.0643,-0.0745,-0.0538,9.8062,0.2712,0.3606,-0.2246,-2.75,-36.12,-12.69,212.63,-82.88,-150.16,-1.1147049303116534,0.8900452407852434,2.2581368531810524,-1.5985019458711243,-0.7196635657704439,2.3634011069663003,0.22857243409488107,0.4568532593565174,-0.2921576994405123
52.202263,-2.201946,130.17,8.28,2,348.5,22 / 23,13276910,2020-01-08 15:56:40:504,-8.102,0.7271,10.3143,-0.1062,0.0756,9.8057,0.1563,0.7533,-0.6977,-2.44,-35.0,-12.25,210.85,-82.83,-148.17,7.668711690147883,-2.355336738007769,0.5091107089623049,-2.8583393625249434,0.5429232233215989,0.34353245281559797,0.15882727630658858,0.5303463772549468,-0.544444726097808
52.202263,-2.201946,130.17,8.28,2,348.5,22 / 23,13277010,2020-01-08 15:56:40:604,6.8858,-3.8769,8.5958,-0.1172,0.0556,9.8058,0.1412,0.2883,-0.3163,-2.75,-35.5,-12.06,210.6,-82.73,-153.1,-5.993673648891478,5.346325371095101,-1.2096885826396566,2.944164747902819,-1.5812500495115875,-1.1306734771373355,0.1915343617433506,0.608028723528413,-0.534193407806044
52.202263,-2.201946,130.17,8.28,2,348.5,22 / 23,13277109,2020-01-08 15:56:40:703,-7.7234,-2.4174,10.9331,-0.0339,0.0115,9.8066,0.2452,0.7998,-0.4538,-0.94,-35.0,-12.44,205.86,-82.68,-149.77,8.031730046555916,0.7187603892750669,1.1276806604974785,-0.11665248414510176,0.7200875888528318,1.0285907445063498,0.14146034530880852,0.42410670327370975,-0.1986986381249492
52.202263,-2.201946,130.17,8.28,2,348.5,22 / 23,13277210,2020-01-08 15:56:40:804,2.8199,-3.2752,8.9567,-0.0701,0.0325,9.8063,-0.1469,-0.415,0.2964,-2.19,-35.12,-12.12,207.66,-82.72,-152.24,-2.111213678850727,3.851833368703333,-0.8490912506775217,1.7860257292594968,-1.8343779064044554,-0.8604034738807544,-0.0038128447743164817,-0.028392546552483577,0.03419079165806449
52.202263,-2.201946,130.17,8.28,2,348.5,22 / 23,13277310,2020-01-08 15:56:40:904,-1.0739,-1.9066,11.0836,0.0373,-0.0031,9.8065,0.1447,0.014,-0.1606,-1.44,-36.12,-11.81,205.04,-82.78,-150.73,1.494274508665458,1.619842744973616,1.2776209431239562,0.2539385767187212,0.6563586911594658,1.2974455935145586,-0.011814512050961193,-0.3405740737112772,0.0791504628922946
52.202263,-2.201946,130.17,8.28,2,348.5,22 / 23,13277410,2020-01-08 15:56:41:004,-4.5109,-0.6948,10.5975,-0.0331,0.0415,9.8064,-0.2895,-0.6389,0.3993,-2.31,-35.06,-11.94,206.95,-82.79,-153.27,4.53128896470448,-0.2437311775417706,0.7916344935900044,-1.8331435786477832,1.6985896068964785,0.6566405832799973,-0.1504404099501303,-0.35213044142792255,0.20737148471598302
52.202263,-2.201946,130.17,8.28,2,348.5,22 / 23,13277510,2020-01-08 15:56:41:104,-4.1035,-1.0892,11.4524,0.1165,-0.0661,9.8057,-0.0551,-0.1547,0.225,-1.44,-35.5,-12.37,201.77,-82.85,-155.42,4.341064035248305,0.0916121266855683,1.647277985076549,-1.8593654904435684,1.757311209258028,1.7974465402435347,-0.14982312752579324,-0.34832451936779973,0.3512484411816133
52.202263,-2.201946,130.17,8.28,2,348.5,22 / 23,13277610,2020-01-08 15:56:41:204,-4.5312,0.6539,11.5843,0.007,-0.0423,9.8065,-0.4093,-0.5983,0.4344,-1.94,-34.37,-12.06,208.05,-83.11,-152.51,4.282185302067068,-1.655920924650228,1.7780161557382723,-2.789908924758962,1.1655395497132366,1.5334238333272732,-0.3733680747207089,-0.5104170807965592,0.3823964772956344
52.202263,-2.201946,130.17,8.28,2,348.5,22 / 23,13277710,2020-01-08 15:56:41:304,3.4878,-3.4214,6.9183,0.0436,-0.0898,9.8061,-0.4316,-0.5033,0.3494,-2.56,-34.5,-12.31,211.71,-82.93,-152.25,-2.6470544186792275,3.994731705792501,-2.887331387854001,1.5671610967624923,-1.663351726503707,-2.6445760019800346,-0.4115694874254784,-0.48710360284214016,0.3280893104661249
52.202263,-2.201946,130.17,8.28,2,348.5,22 / 23,13277810,2020-01-08 15:56:41:404,-2.7061,-0.5717,11.2625,0.1107,-0.1042,9.8054,0.0154,-0.1706,0.1364,-2.06,-35.0,-12.94,212.66,-83.14,-146.37,2.851253653195589,-0.1492929433435419,1.457437176075396,-0.9953685136700885,0.7379774765417941,1.161740592202296,-0.0419775267351947,-0.2757794146275804,0.2215514801133811
52.202263,-2.201946,130.17,8.28,2,348.5,22 / 23,13277910,2020-01-08 15:56:41:504,4.3011,-2.275,9.3228,0.0247,0.0132,9.8066,-0.1689,-0.4968,0.3029,-2.0,-35.06,-13.12,210.89,-83.2,-148.71,-3.684419413733019,3.1541510805882584,-0.4836353838700734,0.47487056117803794,-1.2566481306171895,-0.2203137407152641,-0.10062296357891254,-0.32708939984965135,0.17007223260131282
52.202263,-2.201946,130.17,8.28,2,348.5,22 / 23,13278010,2020-01-08 15:56:41:604,-1.6641,-1.3138,9.1255,0.0265,0.0064,9.8065,0.0438,-0.0711,-0.0466,-2.44,-35.44,-12.37,210.23,-83.41,-149.82,1.9349790433638503,0.92601703057259,-0.6805629734508325,0.12645684655076872,0.47608752813538224,-0.9496380572408909,-0.011576986892434249,-0.2772518923583662,0.11343450389399455
52.202263,-2.201946,130.17,8.28,2,348.5,22 / 23,13278110,2020-01-08 15:56:41:704,2.8313,-3.165,11.1171,0.0019,-0.0085,9.8066,0.0578,-0.3267,0.2082,-2.25,-35.19,-12.81,209.57,-83.49,-150.77,-2.0848145337923745,3.6907028922298113,1.3109795501740644,1.0114309684677547,-1.1053750082271498,1.5203066547659116,0.08672189973652479,-0.11133875219381983,0.04335538371776433
52.202263,-2.201946,130.17,8.28,2,348.5,22 / 23,13278210,2020-01-08 15:56:41:804,-2.1897,-2.7468,9.5035,0.0405,0.0075,9.8065,-0.1339,0.0719,-0.1004,-2.69,-35.81,-13.0,213.94,-83.52,-149.41,2.77022140203792,2.210502459132567,-0.3021949567083092,1.2376405412975922,0.6077586987699078,-0.48112027513174105,-0.1346509917422283,-0.1281610674635737,0.0470940478603189
52.202263,-2.201946,130.17,8.28,2,348.5,23 / 23,13278310,2020-01-08 15:56:41:904,0.4641,-3.0274,8.2524,-0.0067,-0.0382,9.8065,-0.1025,-0.2386,0.1818,-3.12,-35.75,-12.81,214.25,-83.51,-149.01,0.1830381126822156,3.020834724256489,-1.5534640993701658,0.5296071172822349,0.9902629308925116,-1.4448832000780019,-0.12355928162930918,-0.07541704571689445,0.07130401774313577
52.202263,-2.201946,130.17,8.28,2,348.5,23 / 23,13278409,2020-01-08 15:56:42:003,-0.5437,-2.8778,9.4001,0.0326,-0.0135,9.8065,-0.2016,0.0557,-0.0444,-2.44,-35.75,-12.94,211.3,-83.63,-148.5,1.1786550619601883,2.673513021900463,-0.4057061826547393,1.4048823002394006,0.054152060089866505,-0.4686838019398614,-0.16733267914833985,-0.05259253968505462,0.014742024231749917
52.202263,-2.201946,130.17,8.28,2,348.5,23 / 23,13278509,2020-01-08 15:56:42:103,1.5034,-2.7878,8.7594,-0.0173,-0.0167,9.8066,-0.1222,-0.25,0.055,-3.06,-34.5,-13.31,213.93,-83.98,-150.61,-0.8892659961403054,3.033443137002743,-1.0466997003341254,0.8006737406257349,-0.31097257149802315,-1.043276383751564,-0.16326725641698608,-0.20856745146099784,0.0532699528000825
52.202263,-2.201946,130.17,8.28,2,348.5,23 / 23,13278610,2020-01-08 15:56:42:204,1.0933,-3.4861,8.5865,-0.0286,0.0047,9.8066,0.0204,-0.1035,0.0641,-2.69,-34.81,-12.5,212.38,-84.1,-152.82,-0.3450448047604948,3.650614342425599,-1.2194044716927634,2.0888403352183316,-1.1205743356963718,-1.1831433805156617,0.06527115159762945,-0.0760385153482158,0.012771746849927377
52.202263,-2.201946,130.17,8.28,2,348.5,23 / 23,13278710,2020-01-08 15:56:42:304,-2.2764,-2.0074,10.7353,0.0154,-0.0024,9.8066,0.121,0.0573,-0.1346,-3.31,-35.12,-13.44,211.95,-84.29,-153.23,2.669135010966908,1.4652302108021862,0.9293409775659682,-0.5570585721764374,2.334431711661717,0.8609543657802692,0.0734625045748574,-0.028342873821960286,-0.04477270423764286
52.202263,-2.201946,130.17,8.28,2,348.5,23 / 23,13278810,2020-01-08 15:56:42:404,2.9543,-1.86,9.5533,-0.0497,0.0298,9.8064,-0.0793,-0.3984,0.1759,-4.31,-35.31,-13.44,214.02,-84.34,-155.03,-2.527450411953897,2.491474507311074,-0.2529206289196581,0.740023913438479,-2.4655533815220623,-0.16384038468833628,-0.030500097973686996,-0.2768706350909524,0.06899372768429267
52.202263,-2.201946,130.17,8.28,2,348.5,23 / 23,13278910,2020-01-08 15:56:42:504,2.5036,-2.7755,9.2848,0.0076,-0.0042,9.8065,0.0024,-0.1701,-0.11,-4.06,-35.0,-13.19,214.62,-84.29,-154.24,-1.8417858742345967,3.2432056115592904,-0.5212799004567791,1.3093761120846414,-1.6657298908172824,-0.6095322890893407,-0.04521882006871613,-0.29928564032397453,-0.008480035812247266
52.202263,-2.201946,130.17,8.28,2,348.5,23 / 23,13279009,2020-01-08 15:56:42:603,1.7251,-3.4236,8.8678,-0.0154,-0.0002,9.8066,-0.138,-0.51,0.1122,-4.31,-34.94,-13.25,214.17,-84.41,-154.94,-0.9637066142915665,3.717722256853539,-0.938170577489249,1.9228782474312074,-1.2316873549397733,-0.8492366162105395,-0.09441794752982571,-0.3997027948634294,0.03352784723920295
52.202263,-2.201946,130.17,8.28,2,348.5,23 / 23,13279109,2020-01-08 15:56:42:703,1.6245,-2.7238,9.7207,0.0079,-0.0296,9.8065,-0.0723,-0.3748,0.1192,-5.06,-35.56,-13.06,217.93,-84.72,-154.8,-0.9995797571175098,2.978763300168339,-0.0853249713221603,1.0012749633776383,-0.855370984215352,-0.14720207810619712,-0.1095041837365936,-0.44762459199004917,0.16621683727703396
52.202263,-2.201946,130.17,8.28,2,348.5,23 / 23,13279210,2020-01-08 15:56:42:804,-1.2469,-1.807,10.4293,-0.0144,-0.0078,9.8066,-0.087,-0.3792,0.0902,-4.94,-34.37,-14.19,215.47,-84.94,-157.56,1.5903997427189205,1.4920366522739408,0.6232074025802032,-0.2196390151858041,1.3970259852008517,0.6750266723297733,-0.05765123189384061,-0.35158361775757857,0.0749955018646574
52.202263,-2.201946,130.17,8.28,2,348.5,24 / 24,13279310,2020-01-08 15:56:42:904,1.0379,-3.0725,9.5754,-0.0035,-0.0326,9.8065,-0.0661,-0.3851,0.0536,-5.19,-34.25,-14.37,214.12,-85.09,-159.32,-0.3634906980272518,3.1927507906072354,-0.230499634543169,1.0837328862204945,-0.14156496552591746,-0.24358448819460943,-0.08665258098616735,-0.3699306004718896,0.042804519120325235
52.202263,-2.201946,130.17,8.28,2,348.5,24 / 24,13279410,2020-01-08 15:56:43:004,-1.0965,-3.0933,9.6314,0.0077,-0.0002,9.8066,-0.1308,-0.3024,0.0386,-5.87,-34.87,-13.94,216.82,-85.39,-160.11,1.743369993277849,2.78342632642085,-0.1744111290191323,1.2203662545656022,1.5378600777202025,-0.16883870065016535,-0.11980299257150737,-0.35078386286760976,0.06689374133760242
52.202263,-2.201946,130.17,8.28,2,348.5,24 / 24,13279510,2020-01-08 15:56:43:104,0.9966,-4.2828,9.4499,0.0052,-0.0215,9.8066,-0.0357,-0.4095,0.1202,-6.44,-34.44,-14.25,215.53,-85.62,-162.06,-0.0520624774985188,4.374867798199505,-0.3558198795932327,2.1160388827812997,0.30814157589499747,-0.3260740438790606,-0.03686906650332432,-0.3409049513238027,0.08302319827650681
52.202263,-2.201946,130.17,8.28,2,348.5,24 / 24,13279610,2020-01-08 15:56:43:204,-0.7508,-2.2727,10.1779,0.0068,-0.0216,9.8066,-0.0012,-0.2209,0.0254,-6.25,-34.62,-14.69,214.58,-85.78,-162.1,1.2237875884129163,2.0355169022402624,0.3718703257060262,0.6166570429186531,0.9722275082506021,0.34729927183551723,-0.00885853532316895,-0.2966391493536065,0.06445557936272235
52.202263,-2.201946,130.17,8.28,2,348.5,24 / 24,13279710,2020-01-08 15:56:43:304,-0.2474,-3.7142,9.7573,-0.0067,-0.0106,9.8066,-0.0631,-0.3237,0.0806,-7.69,-35.0,-15.0,221.17,-85.77,-161.23,1.0312920393614755,3.5652643394908146,-0.0484443918815814,1.2011844029843406,1.5383868710718598,-0.0013884302826381867,-0.04923065564322424,-0.2514655517448972,0.04409565664213025
52.202263,-2.201946,130.17,8.28,2,348.5,24 / 24,13279810,2020-01-08 15:56:43:404,-0.7555,-1.1943,9.8359,0.0243,-0.0136,9.8066,0.0076,-0.1698,0.0192,-7.87,-34.94,-13.87,223.72,-85.69,-159.63,1.015393958948587,0.985442111772456,0.0296306003340631,-0.3443767039718266,0.7292607921223021,0.002955815870462151,-0.00886726156531413,-0.23159879803512678,0.05139937919692626
52.202263,-2.201946,130.17,8.28,2,348.5,24 / 24,13279909,2020-01-08 15:56:43:503,-0.4222,-1.5472,9.8577,0.0023,0.0075,9.8066,0.0064,-0.2439,0.0374,-8.62,-35.12,-14.0,226.6,-85.68,-159.6,0.7488028341657021,1.4270764102213316,0.0514857741051799,-0.9624630362607899,1.3734233889310516,0.08654238665529154,0.021961744614676086,-0.19566122404898723,0.009295294174894764
52.202263,-2.201946,130.17,8.28,2,348.5,24 / 24,13280010,2020-01-08 15:56:43:604,-0.583,-1.2523,9.5272,0.0064,-0.0092,9.8066,0.02,-0.2125,-0.0258,-8.94,-34.62,-14.25,226.49,-85.64,-159.66,0.8429007283312979,1.0873785380955057,-0.2790709713815603,-0.22791057378780943,0.5620917154105616,-0.2839071520119797,0.0079663476958479,-0.2470597237636553,-0.0007089734237627713
52.202263,-2.201946,130.17,8.28,2,348.5,24 / 24,13280109,2020-01-08 15:56:43:703,0.5076,-1.5374,9.5093,-0.0083,0.0064,9.8066,0.014,-0.2858,0.0407,-8.62,-34.81,-14.44,225.49,-85.69,-160.84,-0.1719068026031068,1.61867264586903,-0.2969940348460408,-0.7123129908125174,0.5202120306073357,-0.29261919023992183,0.020915994515565414,-0.26303782914039897,0.01754635342034138
52.202263,-2.201946,130.17,8.28,2,348.5,24 / 24,13280210,2020-01-08 15:56:43:804,-0.7364,-1.6615,9.4883,-0.0027,-0.0128,9.8066,0.0158,-0.158,-0.013,-8.56,-34.69,-14.25,224.53,-85.78,-162.04,1.0710290729774044,1.4524803630398455,-0.3178675664813885,0.08483792518335442,0.8478060946883882,-0.29223371021723815,0.014699355770515381,-0.1724015350333994,0.008957518821677007
52.202263,-2.201946,130.17,8.28,2,348.5,24 / 24,13280310,2020-01-08 15:56:43:904,0.0742,-0.818,10.019,-0.0034,-0.0109,9.8066,-0.0049,-0.1957,0.0051,-8.87,-34.62,-14.25,224.55,-85.95,-162.26,0.0977004909836689,0.804867749257255,0.2125757518324016,-1.4002506043920777,0.8008133246544444,0.1853173164808587,-0.009395788506612554,-0.18449481349730681,-0.016185128308668188
52.202263,-2.201946,130.17,8.28,2,348.5,24 / 24,13280410,2020-01-08 15:56:44:004,-0.0301,-0.4103,10.0546,0.0016,-0.0004,9.8066,0.0234,-0.2356,-0.0449,-9.62,-35.0,-13.62,228.56,-85.95,-160.85,0.1190486627054731,0.3934502956135204,0.2480951043242741,-1.0717454718952468,0.0057236751645916295,0.2949634080775685,0.032012426715846656,-0.25038607435248456,-0.02360161138238459
52.202263,-2.201946,130.17,8.28,2,348.5,24 / 24,13280510,2020-01-08 15:56:44:104,0.8936,-0.0101,10.1607,0.0041,0.0086,9.8066,0.0389,-0.2693,0.0889,-10.25,-35.0,-12.87,231.45,-85.99,-159.47,-0.8647268014450172,0.209419037073729,0.3540310378678431,-1.8272842694688871,-0.20276209752779206,0.31016739901710016,0.029210770678570138,-0.24379054170394632,0.0661731212694793
52.202263,-2.201946,130.17,8.28,2,348.5,24 / 24,13280610,2020-01-08 15:56:44:204,0.0802,-0.5139,9.3679,0.0137,-0.0195,9.8066,-0.0408,-0.2882,0.0865,-11.06,-35.81,-13.37,235.1,-86.0,-158.23,0.0413994243831312,0.4972250919922789,-0.4385938845378653,-1.085297016535711,0.08059426620261761,-0.3921215202410445,-0.03422711974680247,-0.3297806057014744,0.11321982778244943
52.202263,-2.201946,130.17,8.28,2,348.5,24 / 24,13280709,2020-01-08 15:56:44:303,1.2008,-2.0639,9.9944,0.0097,-0.021,9.8066,-0.0133,-0.4365,0.0944,-11.69,-35.44,-13.62,236.1,-86.14,-158.47,-0.7240831339433641,2.2511611992145557,0.1881630417739953,0.39883284549244263,-0.14203525913690365,0.15057257558064566,-0.012778863162847723,-0.3772423121333032,0.06036872513213221
52.202263,-2.201946,130.17,8.28,2,348.5,24 / 24,13280809,2020-01-08 15:56:44:403,0.4162,-1.1684,10.0663,0.0025,-0.0272,9.8066,-0.0214,-0.2195,0.0091,-11.5,-34.44,-13.31,239.57,-86.29,-154.3,-0.1587207130843442,1.2034021478438384,0.2599234999049427,-0.48883196948887286,0.05759726564456186,0.28158367947264046,-0.031035653104143426,-0.2936499441981854,0.05309078885474099
52.202263,-2.201946,130.17,8.28,2,348.5,24 / 24,13280909,2020-01-08 15:56:44:503,1.3637,-1.5074,9.5912,0.0005,-0.0191,9.8066,-0.067,-0.3535,0.0847,-11.56,-34.81,-13.56,243.95,-86.4,-150.54,-1.011337060808887,1.7466095200166325,-0.21517626268181,0.06436242034594233,-0.5270400847099882,-0.22547726513971475,-0.049281502684250286,-0.2708794753451984,0.030603603605835694
52.202263,-2.201946,130.17,8.28,2,348.5,24 / 24,13281010,2020-01-08 15:56:44:604,0.8265,-0.611,10.1402,0.0265,-0.0212,9.8065,0.0271,-0.1935,-0.0277,-12.37,-34.37,-12.87,249.0,-86.28,-147.05,-0.6545396749432093,0.7479284354176986,0.3337672833260795,-1.0133582700719712,-0.2608040927903841,0.31205380833900354,0.005165103311024252,-0.2758006827260986,0.032749740996138824
52.202263,-2.201946,130.17,8.28,2,348.5,24 / 24,13281109,2020-01-08 15:56:44:703,0.6496,-0.5396,9.8729,0.0058,-0.0035,9.8065,-0.0102,-0.3123,0.0656,-12.81,-34.62,-12.37,253.95,-86.14,-146.01,-0.5135021878449737,0.6619577895717259,0.0664680216625993,-0.9016058324835382,-0.11938572860787777,0.0960541907923072,0.010666984576542707,-0.24051929173021136,0.0068203563349950305
52.202263,-2.201946,130.17,8.28,2,348.5,24 / 24,13281210,2020-01-08 15:56:44:804,1.5642,0.6831,9.7923,0.0022,-0.0077,9.8065,0.0298,-0.2315,-0.0901,-13.94,-35.5,-11.0,260.61,-86.08,-143.61,-1.6739856640872366,-0.3388399016105821,-0.0144843883869825,-2.0894871646932573,-1.1286881596653227,-0.08830141483788023,0.014781868407021944,-0.28183523820112055,-0.04423263332922819
52.202263,-2.201946,130.17,8.28,2,348.5,24 / 25,13281310,2020-01-08 15:56:44:904,2.3335,0.2461,9.6414,-0.0132,0.0043,9.8066,-0.0249,-0.3422,0.0255,-14.56,-35.31,-11.19,261.77,-86.03,-144.57,-2.343790345981287,0.2683897786810782,-0.165447607369941,-1.267469780195261,-1.664386274985302,-0.09305968465542917,-0.0183076529905546,-0.3238491327056848,0.004431654251826251
52.202263,-2.201946,130.17,8.28,2,348.5,24 / 25,13281409,2020-01-08 15:56:45:003,2.2405,-0.1584,9.9598,0.0025,-0.0162,9.8066,-0.034,-0.3139,0.0207,-14.12,-34.94,-11.25,261.21,-86.0,-142.84,-2.155119277348935,0.619977656815309,0.1530479841383162,-1.0052770958775643,-1.3502718122971693,0.02714377932226031,-0.032770541763674,-0.2923265316441441,0.007995269085940874
52.202263,-2.201946,130.17,8.28,2,348.5,24 / 25,13281509,2020-01-08 15:56:45:103,1.1601,-0.0132,9.9806,-0.0023,-0.0063,9.8066,-0.0069,-0.3044,0.0009,-14.62,-34.87,-10.69,264.59,-85.92,-141.49,-1.133759350618124,0.2566005302254494,0.1739059308188986,-1.3692821109190396,-0.8091314165278256,0.2852309104658325,-0.012273470560416461,-0.367995453101122,0.04994550936148844
52.202263,-2.201946,130.17,8.28,2,348.5,24 / 25,13281610,2020-01-08 15:56:45:204,4.1927,-0.5821,10.1773,0.0006,-0.0031,9.8066,-0.0487,-0.4159,0.1188,-16.81,-33.87,-11.31,270.92,-85.86,-139.18,-3.969650885101236,1.4666199300888367,0.3704858041560872,0.093387392339018,-1.302973386099681,0.19725452969369917,-0.04466482294296075,-0.3172160140719643,0.039622947096540996
52.202263,-2.201946,130.17,8.28,2,348.5,24 / 25,13281709,2020-01-08 15:56:45:303,1.3443,-1.1818,9.499,0.0098,-0.0266,9.8066,-0.0398,-0.2117,-0.0553,-16.75,-34.0,-10.5,275.89,-85.67,-136.18,-1.0549073428199989,1.4151468534167988,-0.3074490711141968,-0.41180212046142384,-0.6911523916119116,-0.16336083449892563,-0.037230405571242076,-0.3281452519883664,0.038632559554710726
52.202263,-2.201946,130.17,8.28,2,348.5,24 / 25,13281810,2020-01-08 15:56:45:404,3.0853,-3.867,9.7433,-0.0112,-0.0016,9.8066,-0.0623,-0.6117,0.189,-17.19,-34.56,-10.12,279.08,-85.44,-132.38,-2.193090096327856,4.440727760836056,-0.0626824020652097,3.4162434966438857,-1.3087028031094703,-0.2780333194094544,-0.07450971966063225,-0.5031700712410423,0.10269374996557601
52.202263,-2.201946,130.17,8.28,2,348.5,24 / 25,13281909,2020-01-08 15:56:45:503,2.7247,-1.3082,8.8422,0.0085,-0.0333,9.8065,-0.0931,-0.4197,0.0002,-17.87,-34.25,-8.62,287.25,-85.2,-128.35,-2.3784817298739687,1.82922418386038,-0.9642357003534224,-0.25691074266052993,-1.5578026314461662,-0.79224616060779,-0.07162722830063269,-0.4919057921194014,0.05412263254032694
52.202263,-2.201946,130.17,8.28,2,348.5,24 / 25,13282010,2020-01-08 15:56:45:604,1.1895,0.4822,9.9229,-0.0269,0.0064,9.8066,0.0435,-0.6198,0.0973,-19.94,-34.44,-8.5,291.8,-85.37,-129.53,-1.290261924430474,-0.2031919645535314,0.1160925574954979,-0.8573096622450515,-0.6422678422507992,-0.13817316550766118,0.01624660185116796,-0.6076151801778338,0.09678554663704958
52.202263,-2.201946,130.17,8.28,2,348.5,24 / 25,13282110,2020-01-08 15:56:45:704,1.755,-1.9155,10.0908,0.0189,0.0011,9.8066,-0.0599,-0.6944,0.1054,-19.0,-33.94,-7.5,292.93,-85.39,-129.62,-1.2835046046694445,2.24496101265514,0.2844897035935427,-0.06785485470290059,-0.7422549102185917,0.48175300340426097,-0.03167725960618569,-0.6341327721293788,0.04116520289256798
52.202263,-2.201946,130.17,8.28,2,348.5,24 / 25,13282210,2020-01-08 15:56:45:804,0.2371,2.462,9.6856,0.0232,-0.055,9.8064,-0.0384,-0.4343,-0.0373,-19.81,-34.31,-7.0,295.28,-85.23,-128.4,-0.7499970481006984,-2.412136980065255,-0.1213856138177494,-2.773311608229382,-0.16361667044230033,-0.4124969614187581,-0.06368156238497027,-0.5647945684202531,0.08938393965916513
52.202263,-2.201946,130.17,8.28,2,348.5,23 / 24,13282310,2020-01-08 15:56:45:904,1.3162,-1.7262,9.7019,0.0033,-0.0166,9.8066,-0.0522,-0.7262,0.3536,-20.69,-33.5,-7.31,297.23,-85.34,-128.06,-0.9146515544323846,1.951898870575332,-0.10442218644122,-0.4590946186212356,-0.27186238818885344,0.11508971791307232,-0.03149752929655415,-0.5416438282778885,0.18067895944717866
52.202263,-2.201946,130.17,8.28,2,348.5,23 / 24,13282410,2020-01-08 15:56:46:004,-0.4738,2.5408,10.0312,0.026,-0.0498,9.8064,-0.0433,-0.1635,-0.1762,-20.12,-33.62,-5.94,299.22,-85.16,-127.09,-0.0688523913731009,-2.6375200133341195,0.2242564769726645,-2.8669424779572195,0.4525740324064792,-0.09870248822040914,-0.06009421027853719,-0.37633833372684355,0.017050687979938847
52.202263,-2.201946,130.17,8.28,2,348.5,23 / 24,13282510,2020-01-08 15:56:46:104,0.9016,-4.0125,9.5042,-0.0095,0.0128,9.8066,-0.0942,-0.5438,0.2684,-21.12,-33.37,-5.5,303.26,-85.12,-127.0,-0.0243832453146487,4.1271118403266245,-0.3015665345884926,1.807790439076646,0.7113352640851551,-0.06798535831673469,-0.07911824523998422,-0.33161601644201044,0.08288831878817093
52.202263,-2.201946,130.17,8.28,2,348.5,23 / 24,13282610,2020-01-08 15:56:46:204,0.6453,-3.3743,10.4698,0.0113,-0.0652,9.8064,-0.0302,-0.0462,-0.0956,-21.31,-33.06,-5.56,302.2,-84.78,-125.05,0.0921416847264903,3.3678905320764416,0.6640946046201767,3.0747232252049783,0.552086582545539,0.3216583898813985,-0.046383046167411984,-0.23225635139687326,0.0597296414646703
52.202263,-2.201946,130.17,8.28,2,348.5,23 / 24,13282710,2020-01-08 15:56:46:304,1.4483,-3.9405,9.8267,0.0019,0.0265,9.8065,-0.0154,-0.2684,0.0356,-22.12,-32.94,-4.44,308.87,-84.57,-124.43,-0.5597417769160111,4.185190454388357,0.020976264479013,2.1514402347151114,0.2571062694690208,0.2522610792212685,0.004492653441874257,-0.12552059541324453,-0.07761453021829165
52.202263,-2.201946,130.17,8.28,2,348.5,23 / 24,13282810,2020-01-08 15:56:46:404,1.039,-2.8548,10.519,0.0009,-0.0034,9.8066,0.0177,0.019,-0.1555,-22.5,-33.94,-3.44,310.26,-84.41,-125.28,-0.400913871716457,3.0077576677099733,0.7129580701536269,2.4782382324827017,0.0016174895742972484,0.3715119227368328,-0.007475912168030991,-0.07435783163518395,-0.08515997119266629
52.202263,-2.201946,130.17,8.28,2,348.5,23 / 24,13282909,2020-01-08 15:56:46:503,0.0236,0.6608,9.5237,-0.007,0.0399,9.8065,-0.0442,-0.1252,-0.094,-22.81,-33.56,-3.5,310.8,-84.16,-125.12,-0.1633314709993428,-0.599746036821652,-0.2829426300469982,-2.199827777334957,0.7234394923565821,-0.07644600284315625,-0.013838829161847924,-0.07755234236970043,-0.12909392821678012
52.202263,-2.201946,130.17,8.28,2,348.5,23 / 24,13283010,2020-01-08 15:56:46:604,0.3486,-1.1052,10.8692,-0.0046,-0.0119,9.8066,0.0681,-0.2763,-0.0157,-23.37,-33.37,-2.87,310.22,-84.09,-125.75,-0.1100365264878835,1.1434528887761048,1.0628176438072816,0.26525109399763624,0.23883499652728424,0.7461517659147243,0.034337592394190736,-0.28917904773612757,-0.00435263384656201
52.202263,-2.201946,130.17,8.28,2,348.5,23 / 24,13283110,2020-01-08 15:56:46:704,0.4366,-1.9976,9.9743,0.0256,0.0006,9.8066,-0.0165,-0.3016,0.048,-24.06,-33.37,-1.81,311.81,-83.85,-126.96,0.0281690851703416,2.039801623725519,0.168117127287502,0.9529252189799382,0.972709522039822,0.3280652611661875,0.017825740380331124,-0.3098286646901415,0.049396310785991146
52.202263,-2.201946,130.17,8.28,2,348.5,23 / 24,13283210,2020-01-08 15:56:46:804,-0.223,-2.5229,9.7978,-0.0076,0.001,9.8066,0.0157,-0.2061,-0.0469,-23.06,-32.75,-1.94,311.88,-83.83,-126.4,0.7529620619932007,2.418579437340533,-0.0082127018999827,1.148629418703393,1.0548753997456966,-0.2808686731703079,-0.016007131146237447,-0.1893619621496096,-0.05308752513449364
52.202263,-2.201946,130.17,8.28,2,348.5,22 / 22,13283310,2020-01-08 15:56:46:904,0.0353,-1.6052,9.8619,0.0122,0.0254,9.8065,0.011,-0.1646,-0.0712,-23.44,-33.12,-1.06,314.09,-83.79,-126.83,0.3279855016322222,1.5974275522843755,0.0557660821809167,1.0363406851582626,1.313562253751097,0.15572272072224164,0.036826787402082985,-0.1799941269402996,-0.06487942813189736
52.202263,-2.201946,130.17,8.28,2,348.5,22 / 22,13283410,2020-01-08 15:56:47:004,-0.4471,-2.3443,10.66,0.0047,0.0357,9.8065,0.0692,-0.1292,-0.1079,-23.69,-32.75,-0.25,312.57,-83.87,-131.04,0.9527871931583712,2.227047201517587,0.8540742454646894,0.5837196949669565,1.220146203995441,0.6341074152664539,0.05257123581662884,-0.1222429106989782,-0.11196250257153546
52.202263,-2.201946,130.17,8.28,2,348.5,22 / 22,13283510,2020-01-08 15:56:47:104,1.2294,-0.0352,9.9536,0.0043,0.031,9.8066,-0.0136,-0.1155,-0.1296,-23.37,-33.19,-0.62,305.8,-83.87,-134.4,-1.1822412595802705,0.327998909818482,0.1469141562407893,0.2480723205128953,-0.17753673054693633,0.1850639030846007,-0.00905863016361202,-0.1095393588420879,-0.12872411245936077
52.202263,-2.201946,130.17,8.28,2,348.5,22 / 22,13283611,2020-01-08 15:56:47:205,-0.1843,-0.8979,9.7835,0.0022,0.0132,9.8066,-0.0101,-0.1832,-0.01,-23.75,-33.5,0.56,309.44,-84.04,-136.45,0.3780138591547266,0.8497065031797972,-0.022879045891643,-1.0955473529098685,0.6267907961139547,-0.19204449083218653,-0.0012818742086765696,-0.2031396934053748,-0.008482935959260463
52.202263,-2.201946,130.17,8.28,2,348.5,22 / 22,13283711,2020-01-08 15:56:47:305,1.3742,-1.0024,10.4694,0.0058,0.0043,9.8066,0.0329,-0.1655,-0.0265,-23.5,-33.56,0.88,308.85,-84.05,-136.62,-1.120064807939651,1.2772103779815458,0.6629145996215128,1.5819446580292513,-0.11839569391048901,0.6456782561908275,0.012371737367701342,-0.1356875464248764,-0.026891469425230012
52.202263,-2.201946,130.17,8.28,2,348.5,22 / 22,13283810,2020-01-08 15:56:47:404,0.275,-2.3769,9.8204,0.0222,0.021,9.8066,-0.0036,-0.0513,-0.1123,-23.56,-33.5,1.5,310.69,-84.1,-137.78,0.2686188288439314,2.3961764422593874,0.0143203474699214,0.2710165065992478,0.5115566287090068,-0.11020321728630532,0.023427993965969025,-0.08027550480256546,-0.11967518987732678
52.202263,-2.201946,130.17,8.28,2,348.5,22 / 22,13283910,2020-01-08 15:56:47:504,0.4745,-0.6067,10.3504,-0.0058,0.0464,9.8065,0.0424,-0.0184,-0.1393,-23.69,-33.0,1.38,307.17,-84.23,-138.74,-0.3287336365671919,0.7409754062926889,0.5440078615780242,1.2836269276502035,0.6548052221581152,0.47785779218629765,0.017234408113684485,-0.0070359150598829235,-0.11572611058739286
52.202263,-2.201946,130.17,8.28,2,348.5,22 / 22,13284010,2020-01-08 15:56:47:604,1.2315,-1.6426,9.5181,0.0122,0.0444,9.8065,-0.0306,0.1452,-0.1323,-23.31,-33.31,0.56,302.16,-84.57,-143.6,-0.8280751076941693,1.9097420696745304,-0.2881195816540948,-0.22667904697146082,-0.587497544328172,-0.3699117955757104,-0.017268897809161576,0.1708445611668169,-0.17948114312681696
52.202263,-2.201946,130.17,8.28,2,348.5,22 / 22,13284110,2020-01-08 15:56:47:704,-0.2515,2.292,9.8567,-0.0114,0.0475,9.8064,-0.0028,0.17,-0.2468,-23.12,-33.12,1.63,305.27,-84.64,-143.3,-0.2480516245037154,-2.24364600243918,0.0498132243461079,-1.6499538656060504,0.7126040830277779,-0.06577182039295243,0.0047082605438386604,0.09124873066399046,-0.17265234453189032
52.202263,-2.201946,130.17,8.28,2,348.5,22 / 22,13284210,2020-01-08 15:56:47:804,0.2469,-2.0545,10.2936,-0.0125,0.027,9.8065,-0.0098,-0.0407,-0.0041,-22.75,-33.19,2.06,304.76,-84.9,-144.1,0.1940913062761141,2.0884975830833645,0.4875483876324254,0.1363762035137911,0.4270289955475236,0.4545134736157712,-0.04304233552223699,0.09750862407263142,-0.10256555754999433
52.202652,-2.201821,130.55,7.17,3,76.81,23 / 23,13284310,2020-01-08 15:56:47:904,0.4837,1.9686,9.1212,0.003,-0.0054,9.8066,-0.0256,0.2194,-0.1236,-22.62,-33.31,1.56,307.03,-84.86,-141.94,-0.8937496991740982,-1.824361501035394,-0.6858850040393751,-1.375200767005332,0.045351752966270586,-0.8573366426253111,0.031435951717638286,0.029324349940411592,-0.009704484186943736
52.202652,-2.201821,130.55,7.17,3,76.81,23 / 23,13284410,2020-01-08 15:56:48:004,1.7659,-4.1826,11.0838,0.0182,0.0018,9.8066,0.1235,-0.3961,0.195,-23.75,-33.06,2.25,306.25,-84.75,-142.58,-0.807421167431117,4.462026922779782,1.2780005042145195,2.8736713021091753,-0.5889371558340992,1.3012022121358378,0.05232335399872241,-0.17549675082324134,0.07922906812329264
52.202652,-2.201821,130.55,7.17,3,76.81,23 / 23,13284510,2020-01-08 15:56:48:104,1.7485,0.8676,9.1188,0.0111,-0.0023,9.8066,-0.1885,0.1452,-0.1056,-23.37,-33.87,2.38,305.16,-84.54,-143.09,-1.8837011876334144,-0.4759074124487678,-0.6881392159183931,-0.3236604909468934,-0.9673334494614808,-0.9165484548638286,-0.11829313242180654,-0.07565067717786055,-0.0030347099473592987
52.202652,-2.201821,130.55,7.17,3,76.81,23 / 23,13284609,2020-01-08 15:56:48:203,0.7961,1.5675,8.294,-0.0139,0.0271,9.8066,-0.0023,-0.1815,0.0533,-23.12,-33.37,2.88,307.25,-84.7,-144.05,-1.1220263365890435,-1.3299382691606505,-1.513014216794588,-2.446661903469821,-0.9181465896844795,-1.4388153383194708,-0.05621672316972939,0.007835542302007652,-0.0233413136164783
52.202652,-2.201821,130.55,7.17,3,76.81,23 / 23,13284710,2020-01-08 15:56:48:304,1.2349,1.2723,9.029,0.0592,-0.0296,9.8063,-0.1609,0.2284,-0.0698,-22.62,-34.19,3.25,307.59,-84.63,-143.47,-1.4279965209298768,-1.0185444593130633,-0.7776904979584285,-1.2200862886392903,-0.544086408293062,-1.0446702366518956,-0.13277759010804677,0.09650577248605823,-0.026234379819826282
52.202652,-2.201821,130.55,7.17,3,76.81,23 / 23,13284810,2020-01-08 15:56:48:404,0.2718,-0.1255,7.9982,0.0379,-0.0018,9.8065,-0.2103,0.048,-0.0273,-23.31,-33.56,3.0,306.59,-84.21,-143.86,-0.2016043623475732,0.171458866640439,-1.80829127303452,-0.4792081880347948,-0.0031884986676278815,-1.711849164144588,-0.2126148656849136,0.10771651424220205,-0.037576706365705675
52.202652,-2.201821,130.55,7.17,3,76.81,23 / 23,13284910,2020-01-08 15:56:48:504,2.0678,-1.6057,10.4985,0.028,-0.0044,9.8066,-0.0415,0.0995,-0.0161,-24.37,-32.69,3.69,308.82,-84.27,-144.43,-1.64794028619488,2.002241410480444,0.6920935538590287,1.5108367021730134,-0.8132126370461887,0.4288603862002032,-0.056197502487306705,0.11294943248539634,-0.03315887159414689
52.202652,-2.201821,130.55,7.17,3,76.81,23 / 23,13285010,2020-01-08 15:56:48:604,0.3023,1.7352,8.9111,0.0376,-0.0341,9.8065,-0.1199,0.1917,-0.1426,-22.69,-33.31,2.81,306.17,-84.02,-144.22,-0.6387660602719982,-1.6708418044260125,-0.8958210339275468,-1.979348120870585,-0.4331117212053508,-0.8257619193919871,-0.10119969795596018,0.11704420038984827,-0.10764541478405726
52.202652,-2.201821,130.55,7.17,3,76.81,23 / 23,13285110,2020-01-08 15:56:48:704,1.3558,-2.5285,10.2898,0.0025,-0.0078,9.8066,0.0098,-0.2254,0.0496,-23.62,-33.19,4.06,309.94,-84.11,-143.23,-0.779809338045592,2.752599575339524,0.4836575174000398,2.1398479723053523,-0.008612522488981672,0.27850248802746885,-0.0015461461323506634,-0.11022454642538963,0.00585207944273225
52.202652,-2.201821,130.55,7.17,3,76.81,23 / 23,13285212,2020-01-08 15:56:48:806,0.7346,-2.0964,10.3126,0.0039,-0.0177,9.8066,0.0499,-0.0152,0.0223,-23.0,-33.62,3.38,307.39,-84.06,-142.95,-0.2667929663916048,2.187081075968444,0.5064089851342316,2.0135546618995814,-0.04950613356615125,0.500160047231536,0.04805002759609235,-0.14788124250349807,0.06945968819717699
52.202652,-2.201821,130.55,7.17,3,76.81,23 / 23,13285310,2020-01-08 15:56:48:904,0.2116,2.0792,9.0822,-0.0171,0.041,9.8065,-0.1435,-0.1594,-0.0368,-23.75,-32.87,3.75,310.27,-83.92,-142.72,-0.661439004209656,-1.9412283768438667,-0.7247787611721703,-2.4511824251355137,0.04715515587644141,-0.8279115346829183,-0.1277670343371728,-0.02831726443114426,-0.086960318110295
52.202652,-2.201821,130.55,7.17,3,76.81,23 / 23,13285410,2020-01-08 15:56:49:004,0.2999,2.3576,10.1279,-0.0262,-0.044,9.8065,0.1394,0.2826,-0.2412,-23.31,-33.37,3.63,312.96,-84.38,-140.94,-0.8348213992114037,-2.2754037688383177,0.3208311864128808,-2.5476236734345115,-0.6220508040004444,0.20973754184099364,0.10994634373865028,0.1640089533825249,-0.18458891731513455
52.202652,-2.201821,130.55,7.17,3,76.81,23 / 23,13285509,2020-01-08 15:56:49:103,1.6589,1.5682,10.2904,-0.0233,-0.0016,9.8066,0.097,0.1434,-0.1538,-23.19,-33.56,4.44,311.5,-84.38,-142.08,-1.980409989899658,-1.1715466722084344,0.4833073419088307,-1.3572735750195475,-1.3082864610510998,0.4960903953478549,0.144043220182965,0.24865978830705987,-0.22200857914205077
52.202652,-2.201821,130.55,7.17,3,76.81,23 / 23,13285610,2020-01-08 15:56:49:204,-0.645,-3.966,9.5729,-0.0171,-0.0578,9.8064,-0.0132,0.3422,-0.3416,-23.37,-32.69,4.31,309.95,-84.46,-143.77,1.4534477914351407,3.681875921988185,-0.2325663618324199,3.1057936369577974,1.6189613836052266,-0.44171280979791094,-0.08661920980491797,0.24207023519282192,-0.2570594168009077
52.202652,-2.201821,130.55,7.17,3,76.81,23 / 23,13285709,2020-01-08 15:56:49:303,0.0888,-1.5345,10.8983,-0.008,-0.0144,9.8066,0.0217,0.1935,-0.1116,-24.12,-33.87,4.31,311.04,-84.53,-142.5,0.2321195464383364,1.5051455411524943,1.092035052601348,1.8138575813712858,0.9198863138126913,1.1979653654762406,0.13021513457181907,0.30146307976743436,-0.21477258715808414
52.202652,-2.201821,130.55,7.17,3,76.81,23 / 23,13285810,2020-01-08 15:56:49:404,1.6592,-0.3903,11.4569,-0.0061,-0.0138,9.8066,0.1327,0.2379,-0.1907,-22.81,-33.12,3.63,309.86,-84.53,-143.92,-1.545632583367867,0.7253744715855734,1.6502479277985844,-0.2901610206555223,-1.4910041693348808,1.383721888470099,-0.011662621514014121,0.11126676301408855,-0.07140821449478195
52.202652,-2.201821,130.55,7.17,3,76.81,23 / 23,13285909,2020-01-08 15:56:49:503,1.2573,3.8611,8.7508,0.1196,0.0109,9.8059,-0.3223,0.0526,-0.1278,-23.0,-33.0,4.13,304.48,-84.24,-148.52,-1.9386923526201083,-3.5153721574808285,-1.0560624490535095,-2.6272828554314636,-1.1702056950052468,-0.9071600641584975,-0.15427303828995984,0.1993860490819421,-0.25340394029905833
52.202652,-2.201821,130.55,7.17,3,76.81,23 / 23,13286010,2020-01-08 15:56:49:604,3.2495,3.0009,13.0501,-0.0598,-0.0846,9.806,0.4192,0.4447,-0.4908,-22.69,-32.56,4.75,310.34,-84.32,-145.69,-3.895671065897832,-2.302565412702695,3.2431313597435003,-3.7951825584046395,-2.1203084401975896,2.9776733129653645,0.25035442162819016,0.2897120731736147,-0.3766168194417762
52.202652,-2.201821,130.55,7.17,3,76.81,23 / 23,13286110,2020-01-08 15:56:49:704,0.1763,-0.0364,10.6325,0.0035,0.0166,9.8065,0.0831,0.0633,-0.0863,-23.44,-32.81,4.5,305.25,-84.41,-150.46,-0.1574718193050387,0.0887424888829837,0.8259977220256819,1.5321830736018471,0.7428054246014056,0.9613039746058238,0.22789800797797938,0.20317297042202107,-0.16718886190760357
52.202652,-2.201821,130.55,7.17,3,76.81,23 / 23,13286210,2020-01-08 15:56:49:804,-3.213,-6.4323,7.5226,-0.0881,-0.0932,9.8058,0.2858,0.7497,-0.4776,-23.12,-32.87,5.06,302.46,-84.39,-153.02,4.4149300985870745,5.519536655641207,-2.2815123036317377,3.629430250408684,1.671461248215941,-2.492906996560062,0.18235198923510976,0.6512834454931007,-0.44789462481458714
52.202652,-2.201821,130.55,7.17,3,76.81,24 / 24,13286310,2020-01-08 15:56:49:904,-0.0097,-1.0072,9.9361,-0.0392,-0.0453,9.8064,0.1649,0.4327,-0.4399,-23.56,-32.25,5.25,307.42,-84.54,-148.55,0.177965939555283,0.945724198316082,0.1299146453545918,2.7980287904803776,1.2152075662780155,0.21071339601585548,0.22240330083906928,0.47072116123603336,-0.41261428807202305
52.202652,-2.201821,130.55,7.17,3,76.81,24 / 24,13286410,2020-01-08 15:56:50:004,0.1878,1.312,9.8915,-0.016,-0.0957,9.8061,-0.0319,-0.4418,0.2802,-23.25,-32.25,4.69,303.25,-84.63,-152.77,-0.5016783031605372,-1.3309882126180317,0.0850655512520878,-3.4165499446119876,-1.012743727319568,-0.04239987046629856,-0.050555406447443677,-0.4136617115007439,0.20450703570828488
52.202652,-2.201821,130.55,7.17,3,76.81,24 / 24,13286510,2020-01-08 15:56:50:104,0.7159,4.3657,9.4799,-0.0123,-0.038,9.8065,-0.0741,-0.5334,0.2238,-23.81,-32.87,3.81,305.75,-84.58,-147.61,-1.657854816321356,-4.144113530608946,-0.327653694354187,-2.145112271948803,-0.5445230185780983,-0.31575395239121634,-0.08071106820188328,-0.6222242175374854,0.33001456715904265
52.202652,-2.201821,130.55,7.17,3,76.81,24 / 24,13286609,2020-01-08 15:56:50:203,-1.94,-3.9832,9.4127,-0.0194,-0.0648,9.8064,-0.0415,-0.5838,0.4592,-23.19,-32.94,4.25,309.31,-84.49,-144.39,2.7181348615000887,3.4139603693249807,-0.3926577152894583,1.4348769703078272,1.3992700260317346,-0.43263259728580017,-0.023971286077521723,-0.44546222999357726,0.3413856067674894
52.202652,-2.201821,130.55,7.17,3,76.81,24 / 24,13286709,2020-01-08 15:56:50:303,0.8745,1.3538,8.8615,0.01,-0.0608,9.8064,-0.1222,-0.2164,0.2456,-23.94,-33.5,3.88,307.05,-84.47,-146.28,-1.1482801914507876,-1.1954782391354457,-0.9452903266591476,0.6139601815471876,-0.07938365699153616,-0.9941528563514876,-0.1390806245652103,-0.39113360919439466,0.36120766766181567
52.202652,-2.201821,130.55,7.17,3,76.81,24 / 24,13286810,2020-01-08 15:56:50:404,-1.8557,-4.8348,9.1505,-0.0605,-0.0541,9.8063,-0.2342,-0.5348,0.346,-23.12,-32.69,3.56,303.23,-84.47,-149.94,2.7810812751203287,4.28310982148137,-0.6545734246858179,2.750340330245786,1.4477589152666153,-0.620396710613291,-0.22542122720036745,-0.3374784610448906,0.239239455157308
52.202652,-2.201821,130.55,7.17,3,76.81,24 / 24,13286910,2020-01-08 15:56:50:504,-0.4545,2.3356,11.1493,-0.0276,-0.0795,9.8062,-0.1768,-0.0131,0.0996,-22.87,-33.37,3.31,304.54,-84.42,-146.19,-0.1024622652930851,-2.4506780005050417,1.342590053602223,-1.1597606400016562,0.7779444493314398,1.2509739065132943,-0.1745528943857258,-0.21907153380832406,0.196768993181481
52.202652,-2.201821,130.55,7.17,3,76.81,24 / 24,13287010,2020-01-08 15:56:50:604,-1.2916,0.082,9.89,0.0035,-0.0218,9.8065,-0.063,-0.2882,0.211,-22.81,-32.5,4.19,305.05,-84.56,-148.57,1.2424914026398182,-0.3798153210065499,0.0835831101050257,-1.1849606734302471,0.8749420756460174,0.17526427116270016,-0.07463451457838015,-0.0870450688136707,0.12127416581393101
52.202652,-2.201821,130.55,7.17,3,76.81,24 / 24,13287110,2020-01-08 15:56:50:704,0.7444,1.8595,8.9999,0.0183,-0.0413,9.8065,0.0044,0.1702,-0.0146,-22.94,-32.87,4.94,306.92,-84.13,-148.6,-1.1176592344501932,-1.700091505525873,-0.807088668293006,-1.1451024816527635,-0.5399156812521745,-0.9261408085686348,0.01996716582918463,-0.013602404627286553,0.06940958797390058
52.202652,-2.201821,130.55,7.17,3,76.81,24 / 24,13287210,2020-01-08 15:56:50:804,-0.0222,-0.945,10.4573,-0.0085,-0.0038,9.8066,0.0584,-0.1085,0.048,-22.62,-32.5,4.5,306.46,-83.94,-149.0,0.2156385236038871,0.9161153018401575,0.6509135125900012,0.9590842636266246,0.11334622609877631,0.789993335124005,0.04632512247296745,0.046712821541606504,-0.02891337185644976
52.202652,-2.201821,130.55,7.17,3,76.81,22 / 23,13287310,2020-01-08 15:56:50:904,-0.6849,-1.4325,9.5629,0.0013,-0.0089,9.8066,-0.0932,0.2474,-0.1299,-22.44,-33.37,4.25,304.81,-83.97,-148.01,0.9762372808852728,1.2428403484578774,-0.243322275295196,1.045662715483884,1.2146963639768784,-0.3832817928868174,-0.09104492878406319,0.13012534832119182,-0.06591957645769625
52.202652,-2.201821,130.55,7.17,3,76.81,22 / 23,13287409,2020-01-08 15:56:51:003,0.2045,-1.2513,9.6036,-0.0178,0.0153,9.8065,-0.0689,0.082,-0.0252,-22.12,-32.37,5.19,309.05,-84.04,-147.01,0.0552224695621143,1.2848158748191842,-0.202632442289175,2.0693548336443355,0.20707155872001123,-0.01780268083245984,-0.059223631355059064,0.15470852226255116,-0.06666363259686767
52.202652,-2.201821,130.55,7.17,3,76.81,22 / 23,13287510,2020-01-08 15:56:51:104,0.1796,-0.6536,11.1298,-0.0225,0.0165,9.8065,-0.0291,0.1715,-0.1903,-23.0,-32.06,4.88,308.89,-84.19,-147.06,-0.0534843211540086,0.6976114252124586,1.323434560831678,-0.03304456590374677,-0.0934931446008318,1.1621133092181077,-0.045592952604429283,0.1465845539606255,-0.18154053052001576
52.202652,-2.201821,130.55,7.17,3,76.81,22 / 23,13287609,2020-01-08 15:56:51:203,-0.6038,2.6916,9.8015,0.0022,0.0266,9.8065,-0.0514,0.2943,-0.0761,-23.37,-32.25,5.0,308.4,-84.07,-147.38,0.0188992191510763,-2.7329650564144488,-0.005551570322914,-1.5349966311557968,0.32101404072495343,0.2273515461293421,-0.03937284192354817,0.27189650593522563,-0.04619755197707996
52.202652,-2.201821,130.55,7.17,3,76.81,22 / 23,13287710,2020-01-08 15:56:51:304,-0.2198,-1.2057,10.1784,0.016,0.0284,9.8065,0.2233,0.3679,-0.0462,-23.87,-32.19,4.88,305.28,-84.01,-149.93,0.4955499621614571,1.154475216272644,0.3721978909317065,0.29615187231157225,0.3167945532257021,0.18777840890454858,0.22878568077884426,0.4330147061793072,-0.11228882806862332
52.202652,-2.201821,130.55,7.17,3,76.81,22 / 23,13287810,2020-01-08 15:56:51:404,1.5925,5.0865,9.6509,0.0382,0.0663,9.8063,0.1357,0.4569,-0.5741,-24.0,-33.0,4.81,304.15,-83.9,-150.65,-2.5971981730364724,-4.56863488788007,-0.1566607839284629,-3.417522626180982,-1.7075291762625076,0.12500456066356636,0.10477457813587224,0.35896188369571796,-0.4833721872754926
52.202652,-2.201821,130.55,7.17,3,76.81,22 / 23,13287910,2020-01-08 15:56:51:504,-0.425,-4.5317,10.4603,0.0071,0.0815,9.8063,-0.0528,0.2746,-0.3288,-24.06,-32.56,4.31,303.54,-83.9,-148.84,1.413675249129651,4.412305245614103,0.6550766058443035,3.893652181869833,1.2630959998780291,0.44903476646976237,0.0008373798147432616,0.38914899592965035,-0.4272700637441038
52.202652,-2.201821,130.55,7.17,3,76.81,22 / 23,13288010,2020-01-08 15:56:51:604,1.7175,3.0804,12.6067,0.0003,0.0437,9.8065,0.1076,0.4385,-0.2482,-24.06,-32.56,3.63,307.4,-83.93,-145.34,-2.3302497524157384,-2.59709215898226,2.7993733547205277,-1.933578299461665,-1.871571044749733,3.1260141433864925,0.04488673972322256,0.3285509233934559,-0.15882166247399032
52.202652,-2.201821,130.55,7.17,3,76.81,22 / 23,13288110,2020-01-08 15:56:51:704,2.7126,3.2301,11.1112,0.0999,0.0505,9.806,-0.4436,-0.4663,0.2187,-23.56,-32.44,3.19,297.34,-83.66,-152.16,-3.2353393687044854,-2.5438297881248784,1.3042674834401895,-2.3573088523837393,-1.9933025678830936,1.082171943458746,-0.3902925673190194,-0.3819147699657954,0.15134701314070967
52.202652,-2.201821,130.55,7.17,3,76.81,22 / 23,13288210,2020-01-08 15:56:51:804,-1.7038,-3.6987,6.6626,-0.0651,-0.0467,9.8063,-0.3545,-0.5471,0.4172,-24.25,-32.87,4.38,299.16,-83.58,-152.5,2.385909034126221,3.214950825826374,-3.142740945161278,3.1276748400488374,1.8766549929268965,-2.7781842188965116,-0.38418951929178047,-0.592129078346898,0.45468272327151127
52.202652,-2.201821,130.55,7.17,3,76.81,22 / 23,13288309,2020-01-08 15:56:51:903,-1.6038,0.4184,9.864,-0.0352,-0.0929,9.8061,-0.0198,-0.0308,0.3254,-24.19,-31.94,4.31,301.53,-83.37,-150.28,1.4219937403000478,-0.8365798658823869,0.0579136473353784,0.1838242384651274,1.6270523060319213,-0.1738725625844062,-0.017211649365961576,-0.028625653495343684,0.32132068596006524
52.202652,-2.201821,130.55,7.17,3,76.81,24 / 24,13288409,2020-01-08 15:56:52:003,-0.5178,0.3202,9.3778,-0.0244,-0.0628,9.8064,-0.0213,-0.0502,0.0214,-23.44,-32.37,4.56,306.27,-83.9,-149.12,0.3995795819975049,-0.4800306529161103,-0.4286458327239769,-1.3072427718573487,0.03652309522521152,-0.031447772991184675,-0.0044060052377842135,-0.013437355069267146,-0.008057707635987323
52.202652,-2.201821,130.55,7.17,3,76.81,24 / 24,13288510,2020-01-08 15:56:52:104,0.8289,2.9095,9.8582,0.0078,0.0149,9.8066,-0.0169,-0.3284,0.0081,-23.94,-32.31,4.38,301.01,-83.91,-151.41,-1.4241993446031702,-2.650404584603108,0.0508792172377674,-0.9510964866760829,-1.079966632010486,-0.18937740342874348,-0.038749734488685544,-0.3971878868835561,0.06727327913647159
52.202652,-2.201821,130.55,7.17,3,76.81,24 / 24,13288609,2020-01-08 15:56:52:203,-1.8524,-2.1189,10.4879,-0.0105,-0.0233,9.8066,-0.0494,-0.4767,0.3442,-22.94,-33.0,4.31,300.8,-83.87,-151.44,2.2492641518162064,1.650483116923944,0.6819244211080465,0.36027318714256107,1.4991714678307457,1.1136213100470023,-0.038684422309138274,-0.38440528818673425,0.2640124479874018
52.202652,-2.201821,130.55,7.17,3,76.81,24 / 24,13288710,2020-01-08 15:56:52:304,2.555,4.1574,11.0762,-0.0252,-0.074,9.8062,-0.0243,-0.1229,0.1477,-23.25,-33.44,4.88,304.9,-83.8,-150.04,-3.42971467154848,-3.578016016244504,1.268832794052436,-1.5762530066917035,-1.645575723795933,1.01320720145582,-0.011093748374844087,-0.2279514902146671,0.23645728782845715
52.202652,-2.201821,130.55,7.17,3,76.81,24 / 24,13288810,2020-01-08 15:56:52:404,0.9586,-2.3876,9.3295,0.0231,-0.0415,9.8065,-0.0827,-0.3085,0.288,-22.44,-33.37,3.75,297.26,-83.85,-154.8,-0.4091909346418183,2.4924565653551345,-0.4765474885308293,1.171883675515585,-0.9031670790909905,-0.0022605278856733246,-0.12517514481592584,-0.2031097164505425,0.20343365230176935
52.202652,-2.201821,130.55,7.17,3,76.81,24 / 24,13288910,2020-01-08 15:56:52:504,-3.5702,3.2196,8.3251,-0.0195,-0.0357,9.8066,-0.1862,-0.103,0.0126,-22.87,-33.75,4.5,299.2,-83.57,-154.75,2.7680304601964383,-3.9422258445605034,-1.4819425062747598,-2.08788978479855,2.223938989378316,-1.7624414128577308,-0.11917575981639118,-0.1971196787207708,0.08386133215746089
52.202652,-2.201821,130.55,7.17,3,76.81,24 / 24,13289010,2020-01-08 15:56:52:604,-0.6395,-2.9492,10.3647,-0.0043,0.0118,9.8066,0.0381,-0.4599,0.2541,-22.25,-34.25,4.13,296.56,-83.84,-155.18,1.2568424880831572,2.7550938834292698,0.5588204574275767,1.821021793703955,0.8946574752235151,1.0803391544995107,-0.039139898098292054,-0.38474027799790655,0.19895619980143206
52.202652,-2.201821,130.55,7.17,3,76.81,24 / 24,13289110,2020-01-08 15:56:52:704,0.2262,2.938,10.5306,0.0084,-0.0723,9.8063,-0.245,-0.3028,0.3908,-22.5,-34.56,3.94,296.56,-83.7,-154.73,-0.8599662371443026,-2.893235317145204,0.7236027159951525,-1.5315269911786937,-0.8591403679718544,0.41844645992938423,-0.17701673176606844,-0.3571569435052857,0.4328485464125341
52.202652,-2.201821,130.55,7.17,3,76.81,24 / 24,13289210,2020-01-08 15:56:52:804,0.0701,2.8709,10.5124,-0.0438,-0.1149,9.8058,-0.0607,-0.0335,0.1536,-22.81,-33.75,4.25,291.99,-83.77,-159.29,-0.7532262840873765,-2.8916414122386715,0.7059167925373813,-3.2047424107732123,-0.9295177320901962,1.263398385951404,-0.10224517477072553,0.002744477183745986,0.12023360188174186
52.202652,-2.201821,130.55,7.17,3,76.81,23 / 24,13289310,2020-01-08 15:56:52:904,2.3123,2.0481,12.1638,-0.0205,0.0327,9.8065,-0.2989,-0.0162,-0.0836,-22.0,-34.19,3.75,293.42,-83.75,-157.98,-2.7118355809454413,-1.4672388113945212,2.356653207889505,-0.701226148744022,-2.229086704529308,2.0465409829953303,-0.29135601828541247,-0.03662768251527778,-0.05917163029224193
52.202652,-2.201821,130.55,7.17,3,76.81,23 / 24,13289409,2020-01-08 15:56:53:003,1.255,0.8362,6.9133,-0.1139,0.0688,9.8056,-0.4564,-0.0084,0.0101,-22.06,-34.31,3.5,293.51,-83.45,-157.45,-1.5014977009213848,-0.4545787507308541,-2.892585707202429,-0.18768491281083577,-1.5299736482963864,-2.3307098321775097,-0.43531424079344605,-0.007364748585694511,0.0027257567807516606
52.202652,-2.201821,130.55,7.17,3,76.81,23 / 24,13289509,2020-01-08 15:56:53:103,-0.1571,-1.9656,10.8294,-0.0831,-0.0333,9.8062,0.0391,0.2081,-0.0775,-21.75,-33.5,3.5,295.86,-84.17,-156.54,0.4875509647979979,1.871001972481101,1.023642127746006,2.2182391721622525,0.11078614425490274,0.7452459006575878,0.004349246843451032,0.23773081989082598,-0.10115716212667185
52.202652,-2.201821,130.55,7.17,3,76.81,23 / 24,13289610,2020-01-08 15:56:53:204,1.1877,2.9938,9.0283,0.0254,0.0058,9.8066,0.0267,0.2264,-0.0608,-22.0,-34.25,3.13,291.18,-84.14,-158.07,-1.7773938214170188,-2.668099973277275,-0.7790699045569739,-2.1154642948795357,-1.7732982236326322,-0.2552392953905931,0.059167650958343296,0.15030246659450588,0.008002248081351818
52.202652,-2.201821,130.55,7.17,3,76.81,23 / 24,13289710,2020-01-08 15:56:53:304,-1.5754,-1.5328,7.4939,0.0644,0.0313,9.8063,0.082,-0.1617,0.1818,-22.69,-33.31,3.13,287.39,-83.91,-161.62,1.9380116193257808,1.1754659435441386,-2.311912063406857,1.4804575323896585,1.5529096335594685,-2.5193252148913774,0.06021371107741939,-0.024783935109211258,0.05983351198969276
52.202652,-2.201821,130.55,7.17,3,76.81,23 / 24,13289810,2020-01-08 15:56:53:404,-4.6988,-1.2252,9.4242,-0.0242,-0.0123,9.8065,0.1478,0.0423,-0.1403,-23.0,-33.75,2.81,286.46,-83.9,-162.24,4.826099766371817,0.1796538257464388,-0.3816417271742721,0.6006442514651358,1.8899976351919292,0.06696707121306833,0.16147311305209405,-0.1623829806698049,0.03276356339300914
52.202652,-2.201821,130.55,7.17,3,76.81,23 / 24,13289909,2020-01-08 15:56:53:503,0.2553,-3.6437,9.7218,0.0149,0.0279,9.8065,-0.0622,-0.3922,0.3378,-23.5,-33.5,4.19,288.54,-84.0,-163.14,0.5545663852826057,3.637448446752138,-0.0838911886615376,4.310443691752848,0.3025402596261806,-0.19258005468800665,-0.07834917253045467,-0.12490879884793799,0.12645642788619166
52.202652,-2.201821,130.55,7.17,3,76.81,23 / 24,13290010,2020-01-08 15:56:53:604,0.183,1.8148,9.2739,-0.0372,-0.0303,9.8065,-0.1355,0.1379,-0.0788,-22.19,-34.06,4.44,287.59,-83.98,-163.85,-0.6116490932754729,-1.7545097404550978,-0.5330344898254504,-1.8222837145919455,-0.9553088493515896,-0.1823588686853607,-0.10520816672917592,-0.17191842090442605,0.14923285875724085
52.202652,-2.201821,130.55,7.17,3,76.81,23 / 24,13290110,2020-01-08 15:56:53:704,1.4274,5.3397,10.0669,-0.0032,0.0425,9.8065,-0.1111,-0.615,0.3512,-21.62,-33.69,4.13,282.36,-83.83,-168.63,-2.5359946511298768,-4.865835743649364,0.2590868681830414,-3.5615496130060067,-2.0314671175319208,0.2626927392232024,-0.16131626024483076,-0.2973226382104624,0.1336713244063209
52.202652,-2.201821,130.55,7.17,3,76.81,23 / 24,13290209,2020-01-08 15:56:53:803,0.0358,-4.5422,9.4569,-0.0523,-0.0567,9.8063,-0.2436,-0.1183,0.0999,-21.56,-33.31,4.19,279.11,-83.71,-171.9,0.8783146324850447,4.399629139682443,-0.3483949764560217,3.703992850610727,0.2563146604611722,-0.1076020447896463,-0.1771312046321214,-0.39904554699748784,0.27770016642761375
52.202652,-2.201821,130.55,7.17,3,76.81,23 / 23,13290310,2020-01-08 15:56:53:904,-2.1943,-1.2232,6.8507,-0.0791,-0.0494,9.8061,0.0666,-0.7606,0.5398,-21.06,-34.56,3.75,276.94,-83.63,-173.35,2.3184703292812707,0.6922191516139233,-2.954961018081508,2.6268373793672444,2.1875431852108793,-2.830954281743738,-0.004398319281382054,-0.5632397195726688,0.4284726539841879
52.202652,-2.201821,130.55,7.17,3,76.81,23 / 23,13290410,2020-01-08 15:56:54:004,-0.6106,3.3148,6.8474,0.0111,-0.077,9.8063,-0.2047,-0.4165,0.2443,-21.5,-34.37,2.81,277.89,-83.75,-170.19,-0.1216374517151221,-3.445547181190965,-2.959614213462161,-4.626444265206105,-0.9724314497877308,-2.841233340899751,-0.14315361793498219,-0.49380793034245757,0.271169549501141
52.202652,-2.201821,130.55,7.17,3,76.81,23 / 23,13290510,2020-01-08 15:56:54:104,0.7959,8.7472,8.126,-0.0218,-0.0606,9.8064,0.0332,-0.7579,0.3825,-21.25,-34.31,3.0,276.47,-83.99,-171.98,-2.691897594698607,-8.425719619717695,-1.6824549086261342,-6.129151217292783,-1.6861584190152061,-1.4239068146693388,-0.009944147678706758,-0.8152911287044751,0.44235401503973437
52.202652,-2.201821,130.55,7.17,3,76.81,23 / 23,13290609,2020-01-08 15:56:54:203,-3.5566,-6.8587,9.8834,-0.0181,-0.1129,9.8059,0.1087,-0.8277,0.6118,-21.87,-33.69,3.75,275.68,-84.07,-175.55,4.905988849746381,5.82733120093933,0.0793134334345513,4.527727876269238,1.0488747199984663,0.05316080303691906,0.13400277095817226,-0.6516203312087184,0.4825971372340179
52.202652,-2.201821,130.55,7.17,3,76.81,23 / 23,13290709,2020-01-08 15:56:54:303,1.0366,5.1331,10.3105,0.0551,-0.0832,9.8061,-0.1517,0.2017,-0.0741,-21.87,-33.37,3.81,279.9,-83.84,-171.32,-2.0800349343805378,-4.883426055258919,0.5031420620211164,-2.6484390792076713,-1.7121821933636798,0.9208691342701831,-0.16787087471253703,-0.047058441507069726,0.09043842393005158
52.202652,-2.201821,130.55,7.17,3,76.81,23 / 23,13290810,2020-01-08 15:56:54:404,-0.9365,-3.7244,8.9832,0.0313,-0.0023,9.8065,-0.0627,-0.4102,0.289,-20.87,-33.44,3.94,278.14,-83.85,-173.12,1.7454676415389287,3.42717396112236,-0.8223803819069393,2.4446851728155856,0.8560780754876078,-1.0230829388779674,-0.04498059114413788,-0.15218917775935636,0.12956237999218223
52.202652,-2.201821,130.55,7.17,3,76.81,23 / 23,13290909,2020-01-08 15:56:54:503,-2.5051,-4.1487,8.5272,0.0039,-0.0182,9.8065,0.2609,0.4726,-0.2323,-20.5,-33.94,3.69,278.41,-83.81,-172.56,3.3384888349339565,3.494784030524778,-1.2781614213432893,5.269383403623333,2.1048843599288913,-0.6744476796434689,0.23528139333165335,0.2659978867975864,-0.11180347450853353
52.202652,-2.201821,130.55,7.17,3,76.81,23 / 23,13291009,2020-01-08 15:56:54:603,-1.3876,0.1869,10.9792,0.0185,0.0402,9.8065,0.1061,0.1826,-0.1861,-20.37,-34.12,4.06,276.33,-83.69,-174.39,1.3415328065381649,-0.4457962092530044,1.172782528347642,-0.7911580568683682,0.6500460264898646,0.7741956517106795,0.13914116664847187,0.29824689034587926,-0.2498663110160576
52.202652,-2.201821,130.55,7.17,3,76.81,23 / 23,13291110,2020-01-08 15:56:54:704,-1.7021,-1.5385,9.6411,0.0256,0.0211,9.8065,0.0007,-0.1767,0.0803,-20.44,-34.56,3.25,273.96,-83.56,-173.3,2.022612229839592,1.151738867336748,-0.164905910049271,2.261433825927655,1.8184447456770867,0.634527662690459,-0.033496605230839985,-0.19071941694645225,0.08704287424001464
52.202652,-2.201821,130.55,7.17,3,76.81,23 / 23,13291210,2020-01-08 15:56:54:804,-0.2033,-1.2656,9.4649,-0.0012,-0.0378,9.8066,-0.0922,0.1251,-0.0626,-21.44,-34.56,3.94,275.42,-83.58,-174.77,0.4613755015721069,1.1557121340749084,-0.3414062824569984,1.5155287898061798,0.027262324539009786,-0.9327776671464416,-0.06670858976727538,0.05015312678487921,-0.023161142930281473
52.202652,-2.201821,130.55,7.17,3,76.81,23 / 23,13291310,2020-01-08 15:56:54:904,0.5092,2.1751,8.8237,-0.0205,0.0278,9.8066,0.081,-0.2041,0.0227,-21.0,-34.0,3.31,274.71,-83.44,-172.81,-0.97882231245511,-1.983014819095765,-0.983428135598438,-1.459006160568938,-1.4579926618696508,-0.017066670799741085,0.07527743194262773,-0.06243868556720854,-0.05037147631094202
52.202652,-2.201821,130.55,7.17,3,76.81,23 / 23,13291409,2020-01-08 15:56:55:003,-1.6483,1.9378,9.8447,0.015,-0.033,9.8066,0.185,0.0348,-0.0135,-20.94,-34.19,2.88,275.75,-83.66,-172.13,1.2007131928882273,-2.282308201821808,0.037792066906469,-1.4369909327286658,0.9827557340578643,-0.6944877330384396,0.1612821155468856,-0.15483876465416213,0.08597283902998953
52.202652,-2.201821,130.55,7.17,3,76.81,23 / 23,13291510,2020-01-08 15:56:55:104,-4.7913,-2.4714,7.7316,0.0744,0.0351,9.8063,0.059,-0.2247,0.2425,-21.19,-33.75,2.75,273.94,-83.6,-173.83,5.291052449177149,1.4022660227797428,-2.0737340261986263,1.684092670605382,1.3118231658107513,-1.0200945090867322,0.11824060827469507,0.0038188326578226725,0.116270864782092
52.202652,-2.201821,130.55,7.17,3,76.81,23 / 23,13291610,2020-01-08 15:56:55:204,-0.6737,-2.4903,10.0502,0.0033,-0.0507,9.8065,0.1247,0.1377,-0.1215,-21.87,-33.69,2.38,271.24,-83.77,-174.28,1.1856130877434394,2.236962878087566,0.2443062386220687,3.1315528089555036,1.0513535663781661,-0.5263471360705076,0.02874022793193241,-0.12824385400069718,0.03754677636664937
52.202652,-2.201821,130.55,7.17,3,76.81,23 / 23,13291710,2020-01-08 15:56:55:304,-2.3747,-1.8114,8.7205,0.0352,0.0471,9.8064,-0.1404,-0.3915,0.1362,-22.62,-34.06,2.56,274.09,-83.71,-174.04,2.7532380224944517,1.2971745326593376,-1.0852823104201386,1.8284833439170418,1.265364809737244,-0.06834573655052267,-0.011971495553424548,-0.08923197198392992,-0.06233688362466494
52.202652,-2.201821,130.55,7.17,3,76.81,23 / 23,13291810,2020-01-08 15:56:55:404,-1.3643,2.7782,11.3754,0.0395,-0.0299,9.8065,0.1921,0.2394,0.0012,-22.75,-34.06,2.81,274.44,-83.94,-174.05,0.7670777743694337,-3.044552139776877,1.5683817189219216,-2.602412247022875,0.5336787375710588,0.8947591303449145,0.040819550390820164,-0.08992886684685417,0.2386929894647436
52.202652,-2.201821,130.55,7.17,3,76.81,23 / 23,13291910,2020-01-08 15:56:55:504,-2.0645,0.679,8.7948,0.048,0.0631,9.8063,0.0091,-0.1585,0.3209,-21.5,-33.87,2.88,271.39,-83.63,-176.42,1.930826558809686,-1.0554469618440043,-1.0114651850308067,0.19143126016519396,1.3327712665271179,-0.17086308223605728,0.16903125195585977,0.17408856367810716,0.06051938040150054
52.202652,-2.201821,130.55,7.17,3,76.81,23 / 23,13292010,2020-01-08 15:56:55:604,2.2958,8.3456,12.9959,0.0173,-0.0288,9.8066,0.3273,0.4164,-0.2813,-20.94,-34.5,3.19,275.26,-83.44,-172.26,-4.025994134835227,-7.689392400562759,3.187222589722917,-8.085355707710184,-2.5034485601571856,2.7413220276974473,0.17589802710035846,0.12007686735087343,-0.033316645910332156
52.202652,-2.201821,130.55,7.17,3,76.81,23 / 23,13292110,2020-01-08 15:56:55:704,-0.996,1.0003,9.1503,0.0606,0.0187,9.8064,-0.2391,-0.9151,0.726,-21.75,-34.5,4.0,277.54,-83.12,-172.24,0.8209506638819575,-1.1856666931911553,-0.6562345846790797,1.0442470758280193,0.49701352169428015,-0.10420232900176396,-0.11358527362702985,-0.703439950076152,0.5390429807282092
52.202652,-2.201821,130.55,7.17,3,76.81,23 / 23,13292209,2020-01-08 15:56:55:803,-1.0672,-9.0406,7.9683,-0.032,-0.1372,9.8056,-0.1308,-0.6915,0.2665,-21.19,-34.19,3.06,272.59,-83.15,-174.42,2.9253176454165293,8.473038371799882,-1.8352055234827167,7.1164690654286815,1.130861956509951,-1.9711923075946292,-0.2163754679458949,-0.7751473871407062,0.34516932904109404
52.202652,-2.201821,130.55,7.17,3,76.81,22 / 23,13292310,2020-01-08 15:56:55:904,-0.228,3.6805,10.3314,-0.0462,-0.0792,9.8062,-0.0197,-0.5225,0.1275,-21.62,-33.5,3.0,279.72,-83.25,-168.0,-0.6307930067508942,-3.710979702730705,0.5243664735229528,-0.5341561174489593,-0.6422993628666059,0.7421673800167975,0.017441787785037598,-0.5910389737788642,0.1868512925638938
52.202652,-2.201821,130.55,7.17,3,76.81,22 / 23,13292410,2020-01-08 15:56:56:004,-1.21,-7.5238,11.4664,-0.0082,-0.0561,9.8064,0.0101,-0.7876,0.6176,-21.87,-33.56,3.38,276.11,-83.48,-171.6,2.778919322977313,7.034383242106632,1.6617840803042712,4.907814884872055,0.7824204018298421,1.8400208948472612,0.02402771822106122,-0.5690512662427575,0.41747743762946693
52.202652,-2.201821,130.55,7.17,3,76.81,22 / 23,13292510,2020-01-08 15:56:56:104,0.1296,4.5719,11.1677,-0.0037,-0.1062,9.806,-0.2644,-0.0228,0.0732,-21.94,-34.25,2.19,274.84,-83.59,-170.4,-1.136074083264781,-4.540333486967882,1.3606332696403425,-0.7448769347170581,-0.9125503780300945,1.280612453794626,-0.32602516760124506,-0.36427035279186837,0.3896217450433897
52.202652,-2.201821,130.55,7.17,3,76.81,22 / 23,13292610,2020-01-08 15:56:56:204,-2.5214,-5.5032,8.4791,-0.0795,-0.046,9.8062,-0.4203,-0.7346,0.5724,-21.5,-33.56,2.88,277.77,-83.8,-170.39,3.5581828967930766,4.804897700425251,-1.3256675380416338,2.340747399034965,0.5571607468525581,-0.9061777767566277,-0.3212276511445483,-0.3146627068463224,0.18508664855892545
52.202652,-2.201821,130.55,7.17,3,76.81,22 / 23,13292710,2020-01-08 15:56:56:304,0.6661,8.0428,12.3551,-0.1144,-0.1706,9.8045,0.0981,0.3011,-0.4361,-21.25,-33.44,2.44,281.18,-83.56,-164.22,-2.5283262611414985,-7.8540731905858845,2.5486821700915003,-3.939509244700021,-1.704883087343518,2.2726026059427724,-0.022075793011678307,-0.1459091198937475,-0.03422266950484171
52.202652,-2.201821,130.55,7.17,3,76.81,22 / 23,13292810,2020-01-08 15:56:56:404,-1.3225,2.6707,10.263,0.004,0.0274,9.8065,-0.2417,-0.4334,0.533,-21.69,-33.81,3.19,281.48,-83.26,-166.0,0.7271578930403394,-2.8667618164957065,0.4560125832379749,-5.147909092957138,-0.7602599106038985,0.9971149763249141,-0.1183524085207448,-0.007090051377198873,0.17105877333088707
52.202652,-2.201821,130.55,7.17,3,76.81,22 / 23,13292911,2020-01-08 15:56:56:505,-0.2352,4.5011,9.5158,-0.0519,-0.0649,9.8062,0.0071,0.5359,-0.2974,-21.56,-34.06,3.25,283.96,-83.7,-164.28,-0.8025643861956621,-4.498583616576304,-0.2914153405049988,-0.9700596608462445,-0.6243505312098586,-0.637001091745913,-0.10614907239940692,0.1657005901853439,-0.014622998083014108
52.202652,-2.201821,130.55,7.17,3,76.81,22 / 23,13293011,2020-01-08 15:56:56:605,-1.5229,-0.4065,9.6195,-0.0359,0.0599,9.8063,-0.0935,-0.0812,-0.0329,-21.25,-34.06,2.69,284.85,-83.84,-163.57,1.5525228885246525,0.135851440664253,-0.1865724167086774,-1.510625110645407,0.1929607335220249,0.3551843683740718,0.004880544866695917,0.21548426884263985,-0.22202399513518545
52.202652,-2.201821,130.55,7.17,3,76.81,22 / 23,13293110,2020-01-08 15:56:56:704,-1.6513,-2.4962,10.2135,-0.0107,-0.0064,9.8066,-0.0383,0.3882,-0.1518,-21.94,-34.5,2.75,284.32,-84.2,-164.71,2.137452978600061,2.0787976328003466,0.4075968303819375,4.841858140043852,1.91055862717105,0.09909088802047242,-0.12474596789752773,0.16284932661231757,-0.04480934765636632
52.202652,-2.201821,130.55,7.17,3,76.81,22 / 23,13293210,2020-01-08 15:56:56:804,-0.663,-1.3594,10.3614,-0.0275,0.028,9.8065,-0.1337,0.019,-0.0731,-21.75,-34.81,2.63,281.93,-84.22,-166.79,0.9188374524735338,1.2182245828067035,0.5552653615861342,0.4946696762584182,-0.20158338362634864,1.0145934656611446,-0.05289076153551846,0.1918109149861375,-0.12848709985730355
52.20276,-2.200474,129.04,12.29,2,81.42,23 / 24,13293310,2020-01-08 15:56:56:904,-1.044,-0.9915,10.4253,-0.0367,-0.0242,9.8065,0.0913,0.2663,-0.1529,-22.0,-34.44,2.69,285.2,-84.08,-163.68,1.1916209740841384,0.728003608298547,0.6191011390936583,2.5254059861487153,0.7596892550658731,0.40429943953435893,0.011355711168695522,0.11754013829159854,-0.11113787196006536
52.20276,-2.200474,129.04,12.29,2,81.42,23 / 24,13293410,2020-01-08 15:56:57:004,-2.0632,-1.473,8.1031,0.0106,-0.0061,9.8066,-0.0768,0.0698,-0.1546,-22.19,-34.37,2.31,280.85,-83.9,-164.99,2.3408887846144464,0.9871123228309538,-1.7029983147911745,1.2961130635871938,1.1481185929995545,-1.352763920374961,0.002706673440980195,0.22344266903243276,-0.21633761644677063
52.20276,-2.200474,129.04,12.29,2,81.42,23 / 24,13293510,2020-01-08 15:56:57:104,-2.6927,0.1462,9.1323,-0.0256,-0.0556,9.8064,0.163,0.3551,-0.3711,-22.62,-34.31,2.44,279.61,-84.19,-166.81,2.561439985496518,-0.7703280110293343,-0.6739261206713854,0.025188757448649568,1.230007106872217,-0.794799709439633,0.08776299671686844,0.1765162696517072,-0.2692249217036705
52.20276,-2.200474,129.04,12.29,2,81.42,23 / 24,13293610,2020-01-08 15:56:57:204,0.1583,3.5189,10.1308,-0.0277,0.0207,9.8065,0.0101,-0.0335,-0.1047,-22.31,-34.44,2.81,282.6,-84.38,-166.65,-0.933748827971774,-3.376482442990487,0.3234952371184663,-2.0689788803414775,-1.5573869861856773,0.5890682387993549,0.07516667693728339,0.17444165050139537,-0.2489500256621705
52.20276,-2.200474,129.04,12.29,2,81.42,23 / 24,13293709,2020-01-08 15:56:57:303,0.3933,5.3988,10.1551,-0.0407,-0.0646,9.8063,0.1301,0.5155,-0.4924,-21.44,-34.12,3.13,284.68,-84.74,-165.19,-1.5984392246657655,-5.242420339132319,0.3475313408912741,-5.364444980118606,-2.6468589687470017,0.2801363676078972,0.08035264187175947,0.29151640578336746,-0.3207613682524445
52.20276,-2.200474,129.04,12.29,2,81.42,23 / 24,13293809,2020-01-08 15:56:57:403,0.1308,0.9144,10.3645,-0.0112,0.0297,9.8066,0.0496,0.0791,-0.0447,-21.44,-33.0,3.56,282.35,-84.81,-170.51,-0.3289477156480073,-0.8335989870682554,0.5576886489150883,1.3371002118904025,-0.8025423263162389,0.789835205596106,0.0817760811285893,0.291208693937153,-0.21663784369241817
52.20276,-2.200474,129.04,12.29,2,81.42,23 / 24,13293910,2020-01-08 15:56:57:504,-1.3129,-4.1923,9.3747,-0.017,-0.0752,9.8063,0.0413,0.5473,-0.3567,-20.75,-33.37,2.56,278.13,-84.77,-171.87,2.1507639915283057,3.7423223336834304,-0.4305642618232986,2.8724308472365245,0.7531013892190355,-0.4953721143889554,0.025224561064780705,0.382338885020321,-0.21599727302657873
52.20276,-2.200474,129.04,12.29,2,81.42,23 / 24,13294009,2020-01-08 15:56:57:603,-0.1788,-1.0045,10.166,-0.0166,-0.0045,9.8066,-0.0054,0.254,-0.1503,-20.62,-33.12,2.38,277.97,-84.85,-169.42,0.3733448197436872,0.9416743760741964,0.3596390065271389,3.7647764445219725,-0.03220827256380626,0.6032669169779823,-0.000642417059333998,0.3386173240563717,-0.23175442349714725
52.20276,-2.200474,129.04,12.29,2,81.42,23 / 24,13294110,2020-01-08 15:56:57:704,0.0703,-0.968,9.7352,0.0007,-0.0594,9.8065,-0.0369,0.4084,-0.2706,-20.81,-32.56,1.81,277.17,-85.02,-170.48,0.1273708389045155,0.9023320748330242,-0.0711006759763188,-0.47796537214680945,-1.2475336666891785,-0.16231627653803993,-0.037316034143271413,0.42575356491791794,-0.26622375125110453
52.20276,-2.200474,129.04,12.29,2,81.42,23 / 24,13294210,2020-01-08 15:56:57:804,-1.9822,4.2133,7.9019,-0.0064,-0.0247,9.8066,-0.1229,0.4332,-0.1911,-21.06,-33.12,1.13,277.37,-85.01,-167.52,1.0187453730294924,-4.563284223386954,-1.9054938182840504,-1.3607096339943303,0.6187252731751962,-1.639703260192658,-0.11899952648681793,0.31099653350874723,-0.1152251688368708
52.20276,-2.200474,129.04,12.29,2,81.42,24 / 24,13294310,2020-01-08 15:56:57:904,-2.9,-4.0771,9.2102,-0.0022,-0.0199,9.8066,-0.1208,0.0529,0.1092,-21.25,-33.31,1.06,276.93,-85.14,-168.16,3.70235146038132,3.339473836384699,-0.5952459994946367,1.739770532004182,0.5428183622612506,-0.7000109239262424,-0.1352916760502938,0.2619126866281255,-0.03428879951957019
52.20276,-2.200474,129.04,12.29,2,81.42,24 / 24,13294411,2020-01-08 15:56:58:005,1.3283,6.5137,9.0718,-0.0093,-0.1019,9.806,-0.0537,0.7187,-0.4035,-22.19,-34.31,1.5,283.9,-85.14,-163.95,-2.728475633389773,-6.173200260044034,-0.7358029813683542,-2.906117979983669,-2.4303808876487936,-0.4809905570363888,-0.024412495630678245,0.4567807022292071,-0.21727941588001543
52.20276,-2.200474,129.04,12.29,2,81.42,24 / 24,13294510,2020-01-08 15:56:58:104,1.2373,1.0474,11.3981,0.0346,0.0095,9.8065,-0.117,-0.2861,0.1764,-22.56,-33.87,1.69,280.51,-85.21,-167.46,-1.397914729857398,-0.7553930561530668,1.5912667905676432,-2.2590608532026972,-2.915737992128457,1.5256636647015631,-0.15981645641665113,-0.009109307401702738,-0.023411990726195278
52.20276,-2.200474,129.04,12.29,2,81.42,24 / 24,13294610,2020-01-08 15:56:58:204,-2.0658,3.3053,9.3725,0.0349,-0.0736,9.8063,-0.2793,0.1874,-0.1299,-21.5,-33.87,2.69,283.06,-85.08,-167.31,1.32522792287359,-3.751421686851231,-0.4343897096599048,-0.737737789312624,0.8482845743229286,-0.25451242719678757,-0.23087679910932885,-0.07694112048764551,0.059293739318678595
52.20276,-2.200474,129.04,12.29,2,81.42,24 / 24,13294710,2020-01-08 15:56:58:304,-2.2691,-0.1534,10.25,-0.0016,0.0213,9.8065,0.1121,-0.1762,0.1794,-21.25,-33.94,2.94,284.27,-85.26,-166.42,2.251980960651134,-0.3169505193766385,0.4437259414680141,-1.4321161490294845,0.43065533162535974,0.4878316895701414,0.07032068492154678,0.06668859302270422,0.013905397761063386
52.20276,-2.200474,129.04,12.29,2,81.42,24 / 24,13294809,2020-01-08 15:56:58:403,-0.3461,1.2804,11.1899,0.0059,-0.0254,9.8066,0.0564,0.1112,-0.1504,-20.81,-34.0,1.63,282.78,-85.18,-165.0,0.0628653721037654,-1.351221961906071,1.383034231193489,1.140759905307799,-0.47101309987399265,1.4208289111244183,0.08046252845523426,-0.11908732950019676,-0.009589915955565829
52.20276,-2.200474,129.04,12.29,2,81.42,24 / 24,13294910,2020-01-08 15:56:58:504,-1.0976,-1.7429,9.6603,-0.0451,-0.0503,9.8063,0.0815,0.0362,-0.1245,-21.31,-33.87,1.38,283.14,-85.41,-162.28,1.3917903542906178,1.4267821206807056,-0.1455314392475558,0.9162571397892183,-0.21846991373604896,0.06726370619695517,0.0797566963519104,0.27012908531275726,-0.2477644591244708
52.20276,-2.200474,129.04,12.29,2,81.42,24 / 24,13295010,2020-01-08 15:56:58:604,-0.2174,4.3941,11.2718,-0.0339,-0.0582,9.8063,0.2152,0.5097,-0.2234,-21.81,-34.0,0.69,283.51,-85.41,-162.13,-0.7781516660218685,-4.387941134686422,1.464510284427608,-2.5861463115783714,-1.385184685552581,1.3171917794097368,0.19803121600497609,0.2617288206238458,-0.10924685208222745
52.20276,-2.200474,129.04,12.29,2,81.42,24 / 24,13295110,2020-01-08 15:56:58:704,-1.5512,1.1811,9.5204,0.0008,0.0163,9.8066,-0.0426,-0.3101,0.1847,-22.0,-34.0,1.81,285.84,-85.41,-162.48,1.2653343443938003,-1.4711609830381291,-0.2863351862482072,-1.2805047175144875,-0.3660288085252925,0.1202409039356821,-0.014939753873944736,-0.05236501335763453,0.07612765253671142
52.20276,-2.200474,129.04,12.29,2,81.42,24 / 24,13295209,2020-01-08 15:56:58:803,-1.6027,4.1486,9.7549,-0.0034,-0.0413,9.8065,-0.0154,0.1867,-0.0625,-22.19,-33.12,1.44,283.94,-85.4,-161.89,0.6611507780918218,-4.435743171379849,-0.052413988453646,-3.3594914736796184,-0.04368288475480753,-0.38821873966990494,-0.04532638102742922,-0.061507905200493096,0.03675932626151483
52.20276,-2.200474,129.04,12.29,2,81.42,24 / 24,13295310,2020-01-08 15:56:58:904,-2.5855,2.5946,9.6922,-0.0053,0.0333,9.8065,0.0404,-0.3539,0.1203,-21.56,-32.94,2.13,286.54,-85.41,-161.99,1.9692456172468624,-3.0560886246482406,-0.1146657631974173,-2.2075183735641035,0.3434279688162949,0.46847950346421935,0.06838278114831588,-0.14248468394252534,0.0392795950223346
52.20276,-2.200474,129.04,12.29,2,81.42,24 / 24,13295410,2020-01-08 15:56:59:004,-0.5488,-2.6081,10.3842,0.0084,-0.03,9.8066,-0.0091,0.3414,-0.2045,-22.12,-32.69,1.69,282.47,-85.38,-165.91,1.0983465223998825,2.397911786284857,0.5782276298554528,2.8510208906398655,0.26919274928979436,0.09201757803916555,-0.03532275518904514,0.19155780896872845,-0.1511292262744297
52.20276,-2.200474,129.04,12.29,2,81.42,24 / 24,13295509,2020-01-08 15:56:59:103,-1.0286,-0.6475,9.2868,0.0199,-0.023,9.8066,-0.0743,0.2584,-0.1792,-22.62,-31.75,1.38,280.09,-85.38,-166.02,1.1583079034774657,0.3845925718596,-0.5195727999155227,1.7211232107804972,-0.4375013057339244,0.18432141736717186,-0.04742597304088811,0.33377344920859353,-0.19989091104926682
52.20276,-2.200474,129.04,12.29,2,81.42,24 / 24,13295610,2020-01-08 15:56:59:204,-0.0212,-1.719,10.04,-0.0232,-0.0372,9.8065,0.0195,0.146,-0.0896,-22.12,-31.56,0.94,278.71,-85.57,-167.48,0.3595763524562731,1.6428581126546262,0.2338793672796346,1.681784850175618,-0.612412532196307,-0.331356829111493,-0.010327014146920745,0.141902429326818,-0.09953191486542622
52.20276,-2.200474,129.04,12.29,2,81.42,24 / 24,13295710,2020-01-08 15:56:59:304,-2.2825,1.4971,8.7949,0.0162,-0.0193,9.8065,-0.1074,0.2351,-0.1138,-21.87,-32.75,0.56,281.54,-85.72,-164.73,1.9190799026508856,-1.9749210687014933,-1.0117530872897882,-0.399111280942276,0.36659445317374434,-0.26982661974075417,-0.07344682210288589,0.1846665427458974,-0.08177953878470759
52.20276,-2.200474,129.04,12.29,2,81.42,24 / 24,13295810,2020-01-08 15:56:59:404,-2.2909,-1.1778,10.6248,0.0168,0.0004,9.8066,-0.0799,-0.0291,0.0666,-22.0,-33.62,1.69,284.0,-85.79,-164.85,2.5069289028001425,0.6543669374168964,0.8186557014526353,0.5338885417346665,0.8815661900194578,0.2643746066324626,-0.11816962677346868,0.05256662573228555,0.024227419541460283
52.20276,-2.200474,129.04,12.29,2,81.42,24 / 24,13295910,2020-01-08 15:56:59:504,-1.1283,1.0811,8.4845,0.0396,-0.0308,9.8065,-0.1508,0.0998,-0.0767,-21.0,-34.12,1.19,283.34,-85.83,-162.76,0.9017216260268248,-1.3367126745249571,-1.3221548150348632,0.21910431901348038,-0.609177136824859,-0.6347156844716562,-0.10855026804015314,0.009220337513741267,-0.034701573017325335
52.20276,-2.200474,129.04,12.29,2,81.42,24 / 24,13296009,2020-01-08 15:56:59:603,-0.4263,-0.2376,10.044,0.0091,-0.0168,9.8066,0.0009,-0.0214,-0.0339,-21.5,-34.06,1.38,283.46,-85.89,-162.75,0.4726571328412554,0.1219851061504637,0.2374856388326342,0.07399270113246659,-0.7802364471408854,-0.21608008426457126,-0.044766302496300155,0.06177588314160544,-0.06896498479483805
52.20276,-2.200474,129.04,12.29,2,81.42,24 / 24,13296110,2020-01-08 15:56:59:704,-0.8645,0.5329,8.7931,0.0052,0.0031,9.8066,-0.0401,0.0303,0.0763,-21.25,-34.44,1.25,284.91,-85.86,-161.28,0.7355965434458528,-0.7041779448521407,-1.0135479896158477,0.6246739090875015,-0.7480477029467429,-0.4633924350921299,0.008246293917542486,-0.036582273962838995,0.10258963866672896
52.20276,-2.200474,129.04,12.29,2,81.42,24 / 24,13296210,2020-01-08 15:56:59:804,-0.787,-0.0215,9.7356,-0.0326,0.0059,9.8066,0.0213,-0.0984,0.0984,-21.94,-34.12,1.19,287.57,-85.93,-158.97,0.7426600336363623,-0.1354100454995252,-0.0709317560550523,0.04685913113555251,-0.6220569264221251,-0.3531711901332458,-0.02853219441074069,-0.050589289686632316,0.0799232873398531
52.20276,-2.200474,129.04,12.29,2,81.42,24 / 24,13296310,2020-01-08 15:56:59:904,-1.3342,-1.0274,9.6564,-0.0056,-0.0082,9.8066,-0.0883,-0.0479,0.0202,-21.81,-33.81,0.31,288.74,-86.23,-155.68,1.5166649604234932,0.7097716603081177,-0.1498606954710332,1.6928575303502973,0.03995923516524447,0.20676434552120249,-0.039070132750077105,-0.07774406530493286,0.0322816754924928
52.20276,-2.200474,129.04,12.29,2,81.42,24 / 24,13296409,2020-01-08 15:57:00:003,-1.9187,1.6541,9.2789,-0.0254,0.0208,9.8066,0.062,-0.1558,0.1443,-21.44,-33.69,0.94,293.34,-86.57,-154.24,1.4979651672976426,-2.002031335882601,-0.5279128315423594,-1.5244039691324687,0.04746554823016691,-0.600676247840538,0.01637824740248489,-0.1406391806426217,0.13751117597365306
52.20276,-2.200474,129.04,12.29,2,81.42,24 / 24,13296510,2020-01-08 15:57:00:104,-1.7804,0.6159,9.2421,-0.0087,0.0096,9.8066,0.0207,-0.0229,-0.009,-21.75,-34.0,0.38,292.69,-86.53,-152.32,1.600001520957573,-0.9728955745414186,-0.5644910663342461,-0.3641713902208623,0.1109522515747795,-0.42234828888188786,0.05945013309821279,-0.027952263254797723,-0.005943177546797171
52.20276,-2.200474,129.04,12.29,2,81.42,24 / 24,13296610,2020-01-08 15:57:00:204,-2.6973,0.0197,9.763,-0.0227,-0.0448,9.8064,0.1144,0.0932,-0.1939,-21.56,-34.06,0.81,293.55,-86.48,-154.01,2.598200618184978,-0.6379786435678102,-0.0431945368602703,0.1195174514934193,0.48705901452439176,0.09552789963452468,0.08497390975257454,0.09303186083627224,-0.19547969253582145
52.20276,-2.200474,129.04,12.29,2,81.42,24 / 24,13296710,2020-01-08 15:57:00:304,-2.7497,0.3885,10.0883,-0.0041,0.0204,9.8066,-0.0338,-0.0791,0.109,-21.31,-33.87,0.19,292.21,-86.57,-152.6,2.6022295109883515,-0.9498094965062304,0.2818427797334969,-0.6758212416736117,0.48512943000431213,0.22261503081698025,-0.014292863057890688,-0.0768335338473141,0.11004259656463514
52.20276,-2.200474,129.04,12.29,2,81.42,24 / 24,13296810,2020-01-08 15:57:00:404,-2.0624,-1.4872,9.005,-0.0102,0.0256,9.8065,-0.0913,-0.0997,0.2489,-21.56,-33.81,0.25,299.18,-86.75,-146.39,2.329545371368097,1.036399873765034,-0.8009897592337203,2.0052296459413794,0.4420069275730043,-0.47943445992073896,-0.10256255240483952,-0.10516446022478274,0.2515242825016891
52.20276,-2.200474,129.04,12.29,2,81.42,24 / 24,13296910,2020-01-08 15:57:00:504,-2.6656,0.3494,10.1076,-0.0079,0.002,9.8066,0.0211,0.0028,-0.0418,-22.5,-33.5,-0.5,301.47,-86.79,-144.38,2.5208324992544124,-0.9107003506755716,0.3011402198015783,-0.8924545084142328,0.4532728701382448,0.07909905075808084,0.027230549637981355,0.01724099776306977,-0.05512766637846115
52.20276,-2.200474,129.04,12.29,2,81.42,24 / 24,13297010,2020-01-08 15:57:00:604,-1.9706,1.0009,9.4394,0.0001,0.0036,9.8066,0.1311,-0.1005,-0.0815,-22.81,-33.31,0.31,296.66,-86.74,-149.11,1.7102643563637543,-1.3975748223041995,-0.3672629404296813,-0.3114317541177454,0.11853016816804607,0.08833770616170161,0.12720746051569548,-0.13148411808975285,-0.0506740436109783
52.20276,-2.200474,129.04,12.29,2,81.42,24 / 24,13297110,2020-01-08 15:57:00:704,-1.3901,-1.8178,9.525,-0.0018,0.0062,9.8066,0.0822,-0.1614,0.0891,-22.75,-33.69,1.38,296.12,-86.73,-151.99,1.7480048878229968,1.4829456091635926,-0.2810741582026578,1.3389931929957675,0.16952371213382245,-0.6130298525146911,0.08536178688948076,-0.1092238131941207,0.03918297255819848
52.20276,-2.200474,129.04,12.29,2,81.42,24 / 24,13297209,2020-01-08 15:57:00:803,-3.0301,2.9862,9.2605,-0.0361,0.0215,9.8065,0.0251,0.0481,-0.0068,-22.94,-33.81,1.19,296.43,-86.64,-151.56,2.286701167840607,-3.538928939646026,-0.5464227476343362,-2.4327946632051756,0.3821288367434231,-0.015117875352868942,0.022646973446150024,-0.02366648029186887,0.05645126705120158
52.20276,-2.200474,129.04,12.29,2,81.42,23 / 23,13297310,2020-01-08 15:57:00:904,-2.2743,-0.0451,10.741,-0.0199,0.0337,9.8065,-0.0015,-0.1936,0.1996,-22.44,-34.44,1.44,299.03,-86.78,-149.18,2.2185070603128905,-0.4078913913846876,0.934703207534948,-0.6257178976565685,0.3928609353711859,0.5509157409853983,-0.0007077319034650351,-0.1098956246084012,0.13447989879939465
52.20276,-2.200474,129.04,12.29,2,81.42,23 / 23,13297410,2020-01-08 15:57:01:004,-0.9099,0.7639,9.9701,0.0188,-0.0178,9.8066,0.0378,0.1177,-0.0723,-21.75,-34.44,1.63,302.51,-86.66,-148.29,0.7389109135121602,-0.9631105531440228,0.1633999826047706,0.07993331620490185,-0.8979072155641453,0.709903816596726,0.03984843985730068,0.03242801092061153,-0.018161261107237828
52.20276,-2.200474,129.04,12.29,2,81.42,23 / 23,13297510,2020-01-08 15:57:01:104,-0.7943,0.8039,9.6651,-0.0011,0.0025,9.8066,0.0275,0.0746,-0.0368,-21.5,-33.62,1.25,297.81,-86.66,-150.09,0.6023833471998998,-0.9531577910325894,-0.1416156008712288,-1.1761611105849226,-1.0303589251443677,-0.5196084571774184,0.022023479597817714,0.15240524897952223,-0.07065426637860575
52.20276,-2.200474,129.04,12.29,2,81.42,23 / 23,13297609,2020-01-08 15:57:01:203,-2.4442,-0.029,9.4205,-0.0124,-0.0035,9.8066,-0.0611,0.1273,-0.0171,-21.5,-34.25,1.44,295.44,-86.63,-152.31,2.380470557081694,-0.4978155294505111,-0.3858941895197099,0.423306635967749,0.3531198790270747,0.11763698729387442,-0.05264632508844436,0.06223956387502866,-0.006079808265977205
52.20276,-2.200474,129.04,12.29,2,81.42,23 / 23,13297710,2020-01-08 15:57:01:304,-1.5452,-1.2884,10.6288,-0.0128,-0.0141,9.8065,0.0089,0.0097,-0.078,-21.75,-33.75,0.81,299.42,-86.9,-148.98,1.7704166748110886,0.9148959787798532,0.8227136109019362,0.731694243714752,0.11410688536800745,0.5035621841311806,-0.00122143430277568,0.06093873979989982,-0.0707097836251004
52.20276,-2.200474,129.04,12.29,2,81.42,23 / 23,13297810,2020-01-08 15:57:01:404,-2.6305,0.0704,9.758,-0.0474,-0.0169,9.8065,0.2077,0.2385,-0.1311,-20.37,-34.19,0.69,297.79,-87.0,-150.53,2.5039391338441197,-0.6405734755339991,-0.0483072090505514,0.12166941343380973,0.35316144910546454,0.3611934470554704,0.21767894228198628,0.19812437244194053,-0.14699246387865147
52.20276,-2.200474,129.04,12.29,2,81.42,23 / 23,13297910,2020-01-08 15:57:01:504,-2.423,2.3082,11.3298,-0.0121,-0.0069,9.8065,0.2923,0.1826,-0.2095,-21.44,-33.31,0.25,293.8,-87.0,-151.85,1.8566222421166096,-2.779580580044569,1.522975823549734,-2.893331306496835,0.17931153836834268,1.3049775416069975,0.28436098381537955,0.2191318721973459,-0.1970602898636599
52.20276,-2.200474,129.04,12.29,2,81.42,23 / 23,13298010,2020-01-08 15:57:01:604,-1.5559,1.7139,9.7033,0.0548,-0.0179,9.8065,-0.0775,0.2074,-0.1071,-21.37,-33.25,0.38,285.61,-86.67,-159.32,1.2007424303102376,-2.037559805771127,-0.1034583199099632,-1.4617881679340647,-0.4371038237358672,0.1760801527977272,-0.07237556522662236,0.16418505395675106,-0.10476390811385748
52.20276,-2.200474,129.04,12.29,2,81.42,23 / 23,13298110,2020-01-08 15:57:01:704,-2.9057,0.156,9.063,0.0572,-0.006,9.8064,-0.1399,0.0189,0.0359,-21.87,-33.12,0.56,286.98,-86.55,-160.64,2.8588887595410424,-0.7950367834347617,-0.743192803756591,-0.8110787317183183,0.30713068438244473,-0.8380042084971122,-0.14395033288363346,0.08065680650428027,0.010962341002850515
52.20276,-2.200474,129.04,12.29,2,81.42,23 / 23,13298209,2020-01-08 15:57:01:803,-3.2751,0.8716,8.8036,-0.0612,-0.0023,9.8064,0.3448,-0.0328,-0.0182,-21.69,-34.06,0.25,285.79,-86.52,-159.0,2.951006272741852,-1.544199196452708,-1.002732805842643,-1.1852662264889244,0.37694474563198943,-0.8637362394645365,0.3508550261524242,-0.12232418670122151,0.03186198479232412
52.20276,-2.200474,129.04,12.29,2,81.42,23 / 23,13298309,2020-01-08 15:57:01:903,-4.2885,-0.3646,11.1019,0.0163,0.0551,9.8064,0.3343,-0.1469,0.0387,-21.06,-33.87,0.81,284.22,-86.58,-163.1,4.294205266565557,-0.515838364333647,1.2959487993289784,-0.39988389908500177,0.3009630359712451,1.3168318473630878,0.32611910050089293,-0.027839862330831418,-0.03298832924652431
52.20276,-2.200474,129.04,12.29,2,81.42,23 / 23,13298409,2020-01-08 15:57:02:003,-3.4907,2.0589,9.1856,0.0402,0.0019,9.8065,0.0092,0.0646,-0.0567,-20.75,-34.5,1.19,279.57,-86.16,-167.0,3.006197569844053,-2.7678627507686957,-0.6210737347295056,-2.6594928132196674,0.3939974202270389,-0.6014225719866244,0.013520171459641454,-0.07499049897223842,0.027404937136350366
52.20276,-2.200474,129.04,12.29,2,81.42,23 / 23,13298510,2020-01-08 15:57:02:104,-3.8672,0.1344,7.6251,0.0127,0.0006,9.8066,-0.0297,-0.2491,0.2153,-20.69,-34.44,1.25,277.85,-85.58,-167.73,3.7606949619829466,-0.9643447688844108,-2.181210964038405,-0.6830286393619783,0.3077627042583543,-2.083143708334311,-0.020376054336840282,-0.10725676839882456,0.1316949029137189
52.20276,-2.200474,129.04,12.29,2,81.42,23 / 23,13298610,2020-01-08 15:57:02:204,-2.6404,2.747,8.527,0.0995,-0.0976,9.8056,-0.4081,0.8702,-0.2501,-21.31,-35.69,1.06,287.66,-84.92,-156.67,2.064456579084604,-3.3668612816326307,-1.2790165258187147,-3.5326449792046315,0.41032639738089277,-1.3307644970323431,-0.4375594164863773,0.7457633012708669,-0.1794359784616812
52.20276,-2.200474,129.04,12.29,2,81.42,23 / 23,13298710,2020-01-08 15:57:02:304,-4.0919,5.2408,7.4338,0.0362,-0.0151,9.8065,-0.4465,0.6463,-0.2336,-21.0,-34.81,1.75,291.69,-85.09,-156.06,2.901947811859125,-6.019997988486344,-2.373546465916861,-5.558423872498553,0.33031727008145817,-2.255242297163529,-0.4005227547098283,0.7425153604985338,-0.283897755186177
52.20276,-2.200474,129.04,12.29,2,81.42,23 / 23,13298810,2020-01-08 15:57:02:404,-5.4318,-2.1418,11.7381,0.055,-0.0579,9.8063,0.2845,-0.2286,0.0349,-21.75,-34.37,3.13,298.34,-85.16,-152.8,5.806261260597953,0.8552088358223128,1.932721581296929,0.41990445146281313,0.4235848511863638,1.8645141356811574,0.2364882450305264,-0.29836278042551867,0.06388937669505626
52.20276,-2.200474,129.04,12.29,2,81.42,23 / 23,13298910,2020-01-08 15:57:02:504,-5.3943,-3.8887,8.8326,0.0827,-0.0268,9.8063,0.2094,-0.294,0.0714,-21.19,-34.56,3.88,299.62,-84.19,-152.71,6.179305907666608,2.594330748635428,-0.9723778926740868,3.2174109019102186,0.370545107135759,-0.8840019624498858,0.2411716976971858,-0.2431063153288856,0.060709232254668746
52.20276,-2.200474,129.04,12.29,2,81.42,23 / 23,13299009,2020-01-08 15:57:02:603,-2.8789,-4.3653,8.648,-0.0452,-0.064,9.8063,0.3107,0.0851,-0.1153,-22.37,-33.19,4.44,297.52,-83.59,-154.19,3.6923002086504297,3.591760556370698,-1.1570961692528654,2.929276812247829,0.43241681823016975,-1.207054321963547,0.30702374989639225,0.04982063755977989,-0.11930043817766528
52.20276,-2.200474,129.04,12.29,2,81.42,23 / 23,13299110,2020-01-08 15:57:02:704,-2.8105,-0.9606,11.452,-0.017,-0.0585,9.8064,0.3647,-0.2383,-0.0181,-23.06,-33.0,6.5,308.76,-83.1,-150.54,2.921906112524306,0.2801159760045297,1.6460333318557452,1.0097296681771524,0.42867542337621845,1.6860191750982718,0.34111204142773843,-0.2233967218165439,-0.002617961169749855
52.20276,-2.200474,129.04,12.29,2,81.42,23 / 23,13299210,2020-01-08 15:57:02:804,-4.6271,-2.4652,8.0068,0.0125,-0.0358,9.8065,-0.1555,-0.1932,0.0797,-23.12,-33.12,7.69,312.81,-82.46,-148.59,5.053628523630378,1.3755208916726265,-1.7987700330285683,0.5615285158939752,0.4377935218403338,-1.8340196158813382,-0.1168056085304565,-0.17938089561340134,0.0563828629820917
52.20276,-2.200474,129.04,12.29,2,81.42,22 / 23,13299310,2020-01-08 15:57:02:904,-2.9306,-3.2838,9.9195,-0.0221,-0.0518,9.8064,-0.0859,-0.2104,-0.1322,-23.94,-32.37,9.06,318.56,-82.33,-145.39,3.535305253728238,2.531124842769873,0.1140686340529255,3.2861825725215685,0.5014727985899261,0.1266898503704642,-0.1236138166081491,-0.2577835193797847,-0.10527016444341422
52.20276,-2.200474,129.04,12.29,2,81.42,22 / 23,13299410,2020-01-08 15:57:03:004,-3.8711,-6.2354,10.9305,0.0055,-0.0567,9.8064,-0.0509,-0.54,-0.0859,-24.87,-32.12,10.19,320.07,-82.38,-145.65,5.114131120476481,5.200593187279353,1.125813236286355,4.329644859870454,0.4450271707239141,1.0674207301490244,-0.026000952677132292,-0.46184756923392306,-0.11299300157189732
52.20276,-2.200474,129.04,12.29,2,81.42,22 / 23,13299509,2020-01-08 15:57:03:103,-2.3729,-2.5814,10.2916,0.02,-0.0282,9.8066,-0.0664,-0.3481,-0.0111,-24.31,-31.94,12.13,326.05,-82.01,-144.93,2.8857823180968016,1.9789670624101023,0.485773021539667,2.6693340125164338,0.5802828707582824,0.51694833154766,-0.07507055825655311,-0.4475857834190544,0.014813776145417259
52.20276,-2.200474,129.04,12.29,2,81.42,22 / 23,13299610,2020-01-08 15:57:03:204,-5.9248,-5.429,10.5064,-0.0158,-0.0277,9.8065,0.0394,-0.8559,0.0989,-24.5,-31.94,13.69,330.84,-81.83,-144.59,6.931935055733841,4.004523630692939,0.7016049987778914,3.1715430719846296,0.4653126554016458,0.5702764552222268,0.03591587650016103,-0.7463618916831679,0.07341902394557744
52.20276,-2.200474,129.04,12.29,2,81.42,22 / 23,13299710,2020-01-08 15:57:03:304,-5.0519,-4.4257,9.6958,-0.0125,-0.0408,9.8065,-0.0287,-0.838,0.0903,-25.19,-31.37,14.25,331.59,-81.5,-143.02,5.864263339566657,3.199003712580207,-0.1092958879032614,3.7440598013059736,0.6502903049620965,-0.01479198442403698,-0.02053558218413091,-0.9494809021801752,0.11709334206976973
52.20276,-2.200474,129.04,12.29,2,81.42,22 / 23,13299809,2020-01-08 15:57:03:403,-5.842,-3.8196,9.5778,0.02,0.0055,9.8066,-0.036,-0.9697,0.1202,-24.31,-31.31,16.69,336.71,-81.29,-144.73,6.547296304149572,2.475471467057167,-0.227454548108345,1.7580132349209634,0.5153257146892158,-0.4677566488411153,-0.042438697016823186,-0.8594658162695357,0.09055453307961703
52.20276,-2.200474,129.04,12.29,2,81.42,22 / 23,13299910,2020-01-08 15:57:03:504,-6.3214,-2.3145,9.6351,0.0214,0.0065,9.8066,-0.0261,-0.8865,-0.019,-23.69,-30.81,18.19,336.55,-81.26,-146.49,6.693489608520666,0.9031651213334856,-0.1704544344759544,1.2475394415405594,0.6923564505781535,0.009110206705728346,-0.02409701401205709,-0.994937451401781,0.014165309243768711
52.20276,-2.200474,129.04,12.29,2,81.42,22 / 23,13300010,2020-01-08 15:57:03:604,-5.8127,-3.3953,10.4226,0.0307,0.0149,9.8065,-0.162,-1.1401,0.1163,-22.44,-30.87,18.56,338.92,-81.44,-148.4,6.439825588120451,2.0741002518011347,0.6173502653012861,1.5191680812172452,0.6138111832311453,0.26159199452101733,-0.1604908295289058,-1.0352551287100182,0.07984322984801698
52.20276,-2.200474,129.04,12.29,2,81.42,22 / 23,13300110,2020-01-08 15:57:03:704,-6.338,-2.6932,8.8175,0.0167,0.009,9.8066,-0.138,-0.9535,0.2171,-21.12,-31.37,20.63,340.89,-81.49,-151.02,6.787168516317252,1.2730591807476774,-0.9879674050422492,1.3965244907845689,0.6880068090524685,-0.7330198251959211,-0.14037989044578295,-1.049496725397261,0.25576427994845274
52.20276,-2.200474,129.04,12.29,2,81.42,22 / 23,13300210,2020-01-08 15:57:03:804,-7.0385,-3.6179,10.7272,0.0474,-0.0207,9.8064,-0.0375,-1.3583,0.3048,-20.12,-31.06,21.81,344.95,-81.43,-150.3,7.69343567672987,1.9895486353059284,0.9221946680459128,1.6069904067362013,0.775261559426316,0.47476730320474203,-0.03671937962623176,-1.278706807999273,0.26620402986803515
52.20276,-2.200474,129.04,12.29,2,81.42,22 / 22,13300310,2020-01-08 15:57:03:904,-6.729,-1.4553,9.5128,0.0192,-0.0001,9.8066,-0.0714,-1.1298,0.0783,-19.69,-31.56,23.06,343.96,-81.15,-152.29,6.903293216235037,-0.0295200270007724,-0.2929164704982944,-0.10908991593686945,0.6266669807358731,0.002642247568450218,-0.06881820879363876,-1.1868075804233922,0.11328449185351092
52.20276,-2.200474,129.04,12.29,2,81.42,22 / 22,13300410,2020-01-08 15:57:04:004,-4.7302,-0.7359,10.6338,0.0591,0.0216,9.8064,-0.0267,-1.0412,0.0552,-17.5,-31.5,24.63,345.64,-81.1,-157.72,4.840058330472952,-0.2900016889800395,0.8279649014348973,-0.5269082332719557,1.0024486500380616,0.33109500399504443,-0.034130285550318815,-1.0083383879392511,0.027780354526804517
52.20276,-2.200474,129.04,12.29,2,81.42,22 / 22,13300510,2020-01-08 15:57:04:104,-4.9604,-1.2874,10.0213,0.0728,0.0054,9.8063,0.0695,-1.0225,-0.038,-15.87,-31.5,25.75,343.79,-81.02,-161.88,5.193415080668482,0.1804713099986038,0.215705786089689,-0.050749431581215365,0.5125594440519707,0.5072706970153922,0.08299789145713247,-1.0344393516282397,-0.021238095371046064
52.20276,-2.200474,129.04,12.29,2,81.42,22 / 22,13300610,2020-01-08 15:57:04:204,-1.682,0.9243,9.3965,0.0877,-0.0025,9.8062,0.0346,-0.8549,-0.0228,-13.87,-31.62,26.75,341.48,-80.91,-167.86,1.5291260462743717,-1.285502927399533,-0.4097635638420502,-1.431512118207289,0.8101852274940109,-0.911689658948465,0.015095040634126464,-0.8587516965989656,-0.02742715029191725
52.20276,-2.200474,129.04,12.29,2,81.42,22 / 22,13300710,2020-01-08 15:57:04:304,-1.3211,0.4525,8.595,0.0937,0.0056,9.8062,-0.0801,-0.7242,0.0563,-12.25,-31.69,28.06,336.86,-80.4,-175.7,1.2857984340516695,-0.7403639257294413,-1.2111844345386724,-1.0510044074476008,-0.3465490429509907,-0.9630058043273945,-0.05698969790889889,-0.7081336561544533,0.04881488046946689
52.20276,-2.200474,129.04,12.29,2,81.42,22 / 22,13300810,2020-01-08 15:57:04:404,0.1826,0.5738,9.7794,0.0559,0.0033,9.8064,0.0307,-0.667,0.0437,-10.31,-30.75,28.63,338.21,-80.24,-178.82,-0.2463822038813086,-0.5299164227741157,-0.0271391688316721,-0.6517892737469465,-0.666438676815654,-0.49965542946899544,0.008403351434928142,-0.6948617373453629,0.06251198332025878
52.20276,-2.200474,129.04,12.29,2,81.42,22 / 22,13300910,2020-01-08 15:57:04:504,-1.7709,-0.0379,9.8643,0.0416,0.0187,9.8065,-0.0376,-0.6081,0.06,-10.31,-30.69,28.94,332.81,-80.17,176.71,1.782280063078614,-0.3343932538613691,0.0579618712991289,-0.6499147158173688,0.010116267194652862,0.23672112539733586,-0.020663751558591247,-0.5665482690579506,0.03071687490866672
52.20276,-2.200474,129.04,12.29,2,81.42,22 / 22,13301012,2020-01-08 15:57:04:606,0.4208,1.2649,9.9037,0.0421,0.0272,9.8064,0.0023,-0.3937,-0.0213,-9.19,-30.62,29.06,330.18,-80.28,172.71,-0.6359430197561654,-1.1273649706757531,0.0969895278711487,-1.2845739329093298,-0.7774664152769362,-0.32565950129509164,-0.006788791546678696,-0.4510320148248822,0.017633847599889223
52.20276,-2.200474,129.04,12.29,2,81.42,22 / 22,13301110,2020-01-08 15:57:04:704,-1.879,0.9505,9.9298,0.0559,0.0211,9.8065,0.0315,-0.4269,0.0285,-7.44,-30.5,29.13,331.35,-80.21,169.99,1.6898356392414338,-1.323665498494779,0.1232494237068114,-1.585754437722794,-0.17745993127102144,0.2204668149962773,0.03330918808285646,-0.3534264508539495,-0.018863511209920462
52.20276,-2.200474,129.04,12.29,2,81.42,22 / 22,13301211,2020-01-08 15:57:04:805,-0.372,0.6116,10.6285,0.0454,-0.001,9.8065,-0.0625,-0.2185,-0.036,-7.19,-30.5,28.63,328.42,-80.09,167.6,0.2758352277699675,-0.6881767986630212,0.8218960645379727,-0.9169905897392738,0.35435868390556113,0.4574949561330999,-0.059826009906213284,-0.3057839138946855,0.017662733088662563
52.20276,-2.200474,129.04,12.29,2,81.42,22 / 22,13301311,2020-01-08 15:57:04:905,-1.9433,0.7951,9.9328,0.0426,-0.015,9.8065,-0.0307,-0.3782,0.1567,-6.0,-30.12,28.75,328.57,-80.01,165.92,1.765290312830554,-1.218119799595568,0.1262805418893126,-1.396874381667129,-0.12139543109073145,0.14052784170238986,-0.03484212073141235,-0.28185493479458135,0.09976243090348098
52.20276,-2.200474,129.04,12.29,2,81.42,22 / 22,13301410,2020-01-08 15:57:05:004,1.1131,1.639,10.3121,0.0145,-0.0214,9.8066,0.0266,-0.0401,0.0109,-6.94,-29.87,29.19,325.4,-79.66,165.32,-1.4299362728667513,-1.3854971569749843,0.5050349033029102,-1.6915543080876225,-1.214340934933991,0.19842680472412144,0.030648327493307884,-0.139884081504276,0.06803302760357256
52.20276,-2.200474,129.04,12.29,2,81.42,22 / 22,13301509,2020-01-08 15:57:05:103,-0.7514,1.1265,9.1897,0.0195,-0.0211,9.8065,-0.0154,-0.2068,0.0652,-6.19,-30.25,29.19,328.16,-79.48,165.91,0.5062386438201242,-1.28637231657679,-0.6169955499418315,-1.3828182857932474,-1.3105205546071002,-0.678846111582096,-0.019414026145071216,-0.10789442270928508,0.009798487492219935
52.20276,-2.200474,129.04,12.29,2,81.42,22 / 22,13301610,2020-01-08 15:57:05:204,0.261,1.5536,9.7502,0.014,-0.0265,9.8065,-0.0083,-0.0394,-0.0641,-5.94,-29.81,29.44,328.22,-79.3,166.07,-0.5809131244543956,-1.4900410633014036,-0.0566769045754568,-1.8508019380540912,-0.3159295337822851,-0.3137667334931109,-0.0037800987709604716,-0.13589084957313063,-0.010391430015565885
52.20276,-2.200474,129.04,12.29,2,81.42,22 / 22,13301709,2020-01-08 15:57:05:303,-1.7365,0.6436,9.7521,0.04,-0.0107,9.8066,0.0337,-0.1506,0.0571,-6.37,-29.56,29.63,327.76,-78.95,165.33,1.5943043494741267,-1.0209085246605405,-0.0545015185414047,-1.0601952730251543,-0.07016619527769885,-0.1770859115224035,0.028946544930057824,-0.05545301022255655,0.0029239818265899362
52.20276,-2.200474,129.04,12.29,2,81.42,22 / 22,13301810,2020-01-08 15:57:05:404,0.8957,-0.3529,10.3909,0.0218,-0.0248,9.8065,0.0276,0.0423,-0.0449,-6.56,-29.81,30.38,325.17,-78.59,165.2,-0.7830052687866157,0.5081840907562283,0.5844021380476508,0.13281826515708073,-0.5412037768895325,0.3598621084549719,0.03099536248017055,-0.05372593931212635,0.013623708261793183
52.20276,-2.200474,129.04,12.29,2,81.42,22 / 22,13301910,2020-01-08 15:57:05:504,-2.0289,-0.2094,10.4045,0.0106,-0.0063,9.8066,0.0149,-0.183,0.1071,-6.69,-29.19,30.5,325.9,-78.26,165.19,2.0353977874221023,-0.2402295774961698,0.5981135904267872,-0.2582340044154897,0.5809176288088647,0.43916532755696275,0.015293173483200282,-0.08420540864539164,0.03964535130113954
52.20276,-2.200474,129.04,12.29,2,81.42,22 / 22,13302010,2020-01-08 15:57:05:604,0.5621,-1.1667,9.7722,-0.0104,-0.0163,9.8066,-0.0199,0.1043,-0.0138,-5.62,-29.56,30.25,328.75,-78.18,166.62,-0.3117918439323675,1.246586070980861,-0.0341874786106563,0.8991280032172193,-0.13622733971531242,-0.2510415704002282,-0.026049421513539665,0.001847161149841594,0.06603704907124087
52.20276,-2.200474,129.04,12.29,2,81.42,22 / 22,13302110,2020-01-08 15:57:05:704,-0.5377,1.2585,9.4475,-0.0076,-0.0005,9.8066,0.021,-0.0525,0.025,-5.44,-29.0,30.88,332.71,-78.19,167.37,0.2470867257758737,-1.343451662915711,-0.359340506141972,-1.3715200221686397,-0.9742817064091653,-0.5243844948493761,0.03256560209355644,0.05333314782401529,-0.0669156926858867
52.20276,-2.200474,129.04,12.29,2,81.42,22 / 22,13302210,2020-01-08 15:57:05:804,-0.0441,0.7798,9.0497,-0.0044,-0.0242,9.8066,-0.002,0.0078,-0.1052,-5.94,-29.0,31.13,331.02,-78.06,167.81,-0.1339776876241674,-0.7935819728013114,-0.7570781542639174,-1.0818198880781646,-0.033521803378134124,-0.9931765323482771,-0.014673965730835813,-0.09949615784739115,-0.007773252260529488
52.202793,-2.199412,128.01,4.02,3,170.27,22 / 22,13302310,2020-01-08 15:57:05:904,1.3534,-0.9174,9.7319,0.035,-0.013,9.8065,-0.0245,-0.2547,0.1319,-6.56,-28.69,31.13,329.17,-77.85,168.15,-1.0931317475167874,1.166702688792512,-0.0745043524582121,1.1115942606859803,-2.091694392704502,-0.2181689285444844,-0.01911404251174662,-0.15002210886567297,0.042163764170594926
52.202793,-2.199412,128.01,4.02,3,170.27,22 / 22,13302410,2020-01-08 15:57:06:004,1.9431,0.0537,11.1072,0.0252,-0.0643,9.8064,0.1589,0.1876,-0.263,-5.37,-28.25,31.38,333.33,-77.33,168.11,-1.898590624349883,0.296812818388901,1.3006155627128102,0.08351075210673309,-1.854617527835854,1.02720711017808,0.17064770772922316,0.09108202055178856,-0.19721197718642353
52.202793,-2.199412,128.01,4.02,3,170.27,22 / 22,13302510,2020-01-08 15:57:06:104,-0.5468,-2.9652,9.9742,-0.0314,-0.0049,9.8065,0.0786,0.1539,-0.068,-5.31,-28.44,31.56,333.34,-76.98,167.85,1.139743513850408,2.780244446273625,0.1684104557341648,2.6934313055792494,0.3317378338864572,0.05847673521942859,0.04345403708703064,0.23734692460643553,-0.09744766586812656
52.202793,-2.199412,128.01,4.02,3,170.27,22 / 22,13302610,2020-01-08 15:57:06:204,0.0146,-0.684,8.9078,-0.0288,0.008,9.8065,-0.0519,0.2264,-0.0622,-6.5,-28.12,29.94,331.85,-77.07,169.34,0.106499354041107,0.6853318520088493,-0.8985473778332156,0.5551330978397535,0.12548062143216376,-1.2061872351938507,0.004547077532682334,0.158344952917505,-0.07080921473185778
52.202793,-2.199412,128.01,4.02,3,170.27,22 / 22,13302710,2020-01-08 15:57:06:304,-0.3574,0.7551,12.7826,-0.0389,-0.0091,9.8065,0.2137,-0.0403,-0.1367,-6.37,-28.56,30.25,331.88,-77.03,169.59,0.146378642573401,-0.8154067937002437,2.975953654509065,-0.9384970561113152,-0.5091000184570103,2.8861892553907698,0.1476388606664032,0.01352244229488099,-0.10166969267412586
52.202793,-2.199412,128.01,4.02,3,170.27,22 / 22,13302810,2020-01-08 15:57:06:404,0.2474,-0.7835,12.5985,0.0266,-0.0529,9.8064,0.0654,0.09,0.1401,-5.56,-27.0,30.0,333.53,-76.74,170.65,-0.0589298153864675,0.7604192428594552,2.7922466334383085,0.7272078146611282,-0.036374344854269935,2.482008025909881,0.12341267801620588,0.04566823320386584,0.10027165320657708
52.202793,-2.199412,128.01,4.02,3,170.27,22 / 22,13302910,2020-01-08 15:57:06:504,-0.2762,-1.6427,10.6895,-0.039,0.0555,9.8064,0.3454,0.0977,-0.1204,-6.87,-26.75,31.0,333.86,-76.77,172.13,0.5966253159066716,1.6073188403081906,0.8835027266565734,1.4326562828319556,0.06409866584542023,0.7721038387450717,0.31215124344600614,0.13990512134908722,-0.09920792319868522
52.202793,-2.199412,128.01,4.02,3,170.27,22 / 22,13303009,2020-01-08 15:57:06:603,0.8359,-1.0056,11.6136,-0.0311,0.0274,9.8065,0.2516,0.0155,-0.0964,-7.25,-26.0,31.56,334.19,-76.38,171.86,-0.6248821106460023,1.1948705921786331,1.807261747988177,1.2834700312568874,-0.5846145432945309,1.550042560006145,0.25131703556273016,-0.03185203048884016,-0.08272555251690256
52.202793,-2.199412,128.01,4.02,3,170.27,22 / 22,13303110,2020-01-08 15:57:06:704,1.3301,0.6068,9.474,0.0439,-0.0313,9.8065,0.0044,-0.1491,0.2033,-6.69,-25.87,31.75,334.04,-76.2,171.81,-1.393263867140212,-0.3466001561314239,-0.3327497983337828,-0.5965962009607834,-1.8155970868851914,-0.5234359902133973,0.035453615737310096,-0.09297246075787499,0.15082896414729985
52.202793,-2.199412,128.01,4.02,3,170.27,22 / 22,13303210,2020-01-08 15:57:06:804,3.0021,-0.7826,12.5391,-0.0224,0.0299,9.8065,0.0882,-0.0074,-0.0563,-5.69,-25.12,32.94,337.14,-75.81,172.17,-2.7794577914534147,1.4431662971671264,2.7325344799745586,1.6792892449512755,-2.7264146122883766,2.587708632833918,0.038853934628320014,-0.07027435612243754,0.02766710737189927
52.202793,-2.199412,128.01,4.02,3,170.27,23 / 23,13303310,2020-01-08 15:57:06:904,0.0629,-1.0481,11.2452,0.0313,-0.0504,9.8065,-0.2475,-0.2681,0.1978,-6.0,-25.19,33.06,337.02,-75.86,172.04,0.1834427900573318,0.9808732240003132,1.438922513971901,0.6398209345624497,-0.1235662083076208,1.1216415407170288,-0.1958335550027046,-0.20510876220141966,0.09558008406724566
52.202793,-2.199412,128.01,4.02,3,170.27,23 / 23,13303410,2020-01-08 15:57:07:004,-2.1581,0.6166,8.5879,-0.0018,-0.0118,9.8066,-0.1269,-0.1141,0.1336,-5.44,-25.44,32.81,339.48,-75.73,172.4,1.970941812218867,-1.077028969232103,-1.2186643969043498,-0.6870623067282792,2.0152977639287806,-1.2169186847744182,-0.16864290234854834,-0.1694012028507512,0.24029780902485134
52.202793,-2.199412,128.01,4.02,3,170.27,23 / 23,13303510,2020-01-08 15:57:07:104,-1.3984,-1.8032,10.166,0.048,-0.0506,9.8063,0.011,-0.1813,0.2473,-4.62,-25.56,32.63,339.73,-75.39,172.87,1.7893138968761988,1.4005945558699249,0.3602144895936875,0.9813998684270656,1.615168922566369,-0.09343099553532774,0.03860830777944406,-0.13906577674779327,0.1475389602432262
52.202793,-2.199412,128.01,4.02,3,170.27,23 / 23,13303610,2020-01-08 15:57:07:204,-1.1774,-0.8397,9.3894,-0.011,-0.0204,9.8065,-0.0805,-0.189,-0.0144,-5.5,-25.94,31.88,340.35,-75.28,173.78,1.315316722142427,0.5494702745079093,-0.4168191428961776,1.0629338960485264,1.3210556390478916,-0.28058686383522913,-0.09720664772860822,-0.21706799009725497,0.07010151213795364
52.202793,-2.199412,128.01,4.02,3,170.27,23 / 23,13303710,2020-01-08 15:57:07:304,2.6937,-0.3436,11.1786,0.0375,-0.0427,9.8064,-0.1266,-0.1719,0.1818,-5.69,-26.87,32.38,337.7,-75.26,173.6,-2.5295799170727413,0.8646259785591491,1.372049361481902,0.419745917774601,-2.0211481130070874,0.8210584414348286,-0.11408742373219025,-0.15508266979827312,0.11747896774785113
52.202793,-2.199412,128.01,4.02,3,170.27,23 / 23,13303810,2020-01-08 15:57:07:404,1.8124,0.3518,9.9108,0.0218,-0.0096,9.8066,-0.0035,0.0408,0.0223,-6.12,-27.44,31.75,337.9,-74.89,173.9,-1.826440059556792,0.0319792255473687,0.1039711401282715,0.5994907625589276,-1.8863028285590295,0.31671982834722534,-0.01803928106052878,0.029622988977412543,0.06542136503218521
52.202793,-2.199412,128.01,4.02,3,170.27,23 / 23,13303910,2020-01-08 15:57:07:504,-0.7896,-1.1743,11.1805,-0.0107,-0.0197,9.8066,-0.0345,0.1223,-0.0753,-6.44,-27.56,32.13,337.39,-74.86,173.7,1.0087306690708429,0.959873310977789,1.3742245974179144,0.5744969805040093,1.1508051325826902,0.8015718288936726,-0.01412732541370913,0.134585015363853,-0.0999299370197613
52.202793,-2.199412,128.01,4.02,3,170.27,23 / 23,13304009,2020-01-08 15:57:07:603,1.0729,0.9738,9.7579,-0.0155,-0.0161,9.8065,0.0305,0.0909,-0.0946,-6.12,-27.37,32.13,338.13,-74.77,174.13,-1.2757567685889422,-0.7327555683515393,-0.0489129272208591,-0.2039482939670328,-1.411774599557237,0.15857633770406496,0.003077532188636845,0.07167203298001311,-0.08339865886046688
52.202793,-2.199412,128.01,4.02,3,170.27,23 / 23,13304110,2020-01-08 15:57:07:704,1.2891,-0.5167,9.4526,0.0,-0.0195,9.8065,-0.0338,0.0458,0.0255,-6.44,-28.12,32.81,338.85,-74.45,174.52,-1.1520222463109633,0.7627815952799821,-0.353893828579656,0.531434077608588,-0.8597979806204322,-0.8650633668185121,-0.00025554930759795653,0.07423785905608843,0.0219446136603227
52.202793,-2.199412,128.01,4.02,3,170.27,23 / 23,13304210,2020-01-08 15:57:07:804,0.4279,1.8892,9.2165,-0.0063,-0.0168,9.8066,-0.0309,0.0774,-0.0381,-7.25,-28.25,33.0,337.64,-74.36,175.27,-0.8337303646656405,-1.7679675683253144,-0.5905658357747868,-1.364988405488742,-1.0281238211393922,-0.4612339441072978,-0.06788137230753864,0.043298129696377564,-0.03649524762305193
52.202793,-2.199412,128.01,4.02,3,170.27,22 / 22,13304310,2020-01-08 15:57:07:904,0.586,-0.0116,11.4363,-0.0253,-0.0355,9.8064,-0.1515,-0.0661,-0.0045,-7.06,-27.81,33.06,338.18,-74.39,175.68,-0.6023544811827769,0.1077480207320761,1.6298442726307767,0.10279316128160243,-0.2040718814001544,1.2382301710794865,-0.1151856394329392,-0.036268748124870506,-0.009273330281785282
52.202793,-2.199412,128.01,4.02,3,170.27,22 / 22,13304410,2020-01-08 15:57:08:004,-0.5858,-1.3924,10.4023,0.0166,-0.0114,9.8066,-0.0331,-0.1132,0.2737,-6.75,-28.25,33.38,339.78,-74.33,176.91,0.8851302560664878,1.2190819224841407,0.5960611932243591,1.4454943127965532,0.679422656935129,0.6121110264936489,-0.06383550763429782,-0.12405328376668208,0.2845647882912311
52.202793,-2.199412,128.01,4.02,3,170.27,22 / 22,13304510,2020-01-08 15:57:08:104,0.9602,0.8953,9.7255,0.0368,-0.0053,9.8065,0.0034,-0.2424,0.3004,-7.75,-28.25,33.63,340.34,-74.14,178.52,-1.0954126378057236,-0.6810093718314435,-0.0812792003728449,-0.4356595970839068,-0.6576900587388783,-0.3427290268908899,0.02372063275963171,-0.2663307731196143,0.2853493083515567
52.202793,-2.199412,128.01,4.02,3,170.27,22 / 22,13304610,2020-01-08 15:57:08:204,-3.0275,0.3399,10.0917,-0.0207,0.023,9.8065,0.0612,-0.3314,0.1294,-7.0,-27.81,33.25,342.27,-74.16,178.85,2.8683287496469125,-0.9559611470954184,0.2853758209676963,-0.9018107841471831,1.8404056225452954,0.20442583046354845,0.05518675000105558,-0.26095061720849044,0.14075329033336653
52.202793,-2.199412,128.01,4.02,3,170.27,22 / 22,13304710,2020-01-08 15:57:08:304,-0.5654,1.6455,9.6551,0.0048,0.0104,9.8066,-0.0011,-0.1403,0.2044,-7.81,-27.75,32.88,340.76,-74.18,179.33,0.2053669525811633,-1.7194204744483164,-0.1518220894186795,-1.2567830941992608,0.6223133541434023,-0.3234774792859993,-0.011527800430075764,-0.25936715021868556,0.20798214691633693
52.202793,-2.199412,128.01,4.02,3,170.27,22 / 22,13304810,2020-01-08 15:57:08:404,-2.032,1.5179,9.3294,-0.0113,-0.0197,9.8065,-0.0111,-0.167,-0.001,-7.62,-28.19,32.56,342.44,-74.11,-179.38,1.6429536767627055,-1.9359682218804408,-0.4772807558251137,-1.997427477183222,1.5612345296420729,-0.5945622737439742,0.015502810220845665,-0.01121147564143006,-0.02840260667624804
52.202793,-2.199412,128.01,4.02,3,170.27,22 / 22,13304910,2020-01-08 15:57:08:504,-3.2377,3.2992,8.5373,-0.046,0.0168,9.8065,0.2056,0.241,-0.2305,-7.0,-28.62,32.5,344.42,-74.04,-179.38,2.411571320201052,-3.89155604187657,-1.2696781602113658,-3.2878510922550976,2.792759760193335,-1.4260000367018488,0.1652709724668167,0.07540197060999823,-0.17817153258179644
52.202793,-2.199412,128.01,4.02,3,170.27,22 / 22,13305010,2020-01-08 15:57:08:604,-4.9833,0.3141,9.0616,0.0039,-0.0158,9.8066,0.1303,-0.1766,-0.0626,-7.06,-28.44,33.81,345.8,-73.92,-178.88,4.799760235354263,-1.3942022108850212,-0.7446641714728154,-1.485294380783206,4.766263570411247,-0.8182195801005099,0.18112116731596317,-0.03834250402373829,-0.13152277771483178
52.202793,-2.199412,128.01,4.02,3,170.27,22 / 22,13305109,2020-01-08 15:57:08:703,-0.9152,1.7423,8.3155,-0.0577,0.0206,9.8064,0.1977,0.5375,-0.4035,-7.12,-28.5,33.06,344.31,-73.64,-179.47,0.4675041889426363,-1.86548888451381,-1.4912179602849842,-1.2102608302071476,0.8700943425784446,-1.7102999928642013,0.1386995987121599,0.4627576998069557,-0.332565618604643
52.202793,-2.199412,128.01,4.02,3,170.27,22 / 22,13305209,2020-01-08 15:57:08:803,4.4775,1.3754,9.4354,0.0116,-0.0119,9.8066,-0.0055,0.2655,-0.1395,-6.12,-28.31,33.31,346.78,-73.5,-179.27,-4.659675744167711,-0.3946903053563611,-0.3718804405622699,-0.43339803510062863,-4.748625241747108,-0.3348117784856716,0.06112340206457123,0.25508565041725645,-0.19745790481119832
52.202793,-2.199412,128.01,4.02,3,170.27,22 / 22,13305309,2020-01-08 15:57:08:903,2.4121,1.4391,10.1651,-0.0022,0.0097,9.8066,0.0417,-0.547,0.2072,-6.87,-27.94,32.5,344.79,-73.52,-179.09,-2.665191882795371,-0.8770145393420242,0.3579788061664574,-0.23991030465263286,-2.117114394721935,0.025450648140567134,-0.03320230172872152,-0.45238122115634055,0.24149784177989678
52.202793,-2.199412,128.01,4.02,3,170.27,22 / 22,13305410,2020-01-08 15:57:09:004,2.0951,1.0276,9.0649,-0.0574,-0.0191,9.8064,-0.0713,-0.2244,0.3404,-5.56,-27.5,32.88,348.54,-73.46,-178.08,-2.327097368349945,-0.5593227531115172,-0.7419132604762585,-0.497034182597201,-2.6245423843370914,-0.5664168590853854,0.011936085491249138,-0.38198014090471544,0.3345003336071339
52.202793,-2.199412,128.01,4.02,3,170.27,22 / 22,13305510,2020-01-08 15:57:09:104,2.7175,-0.0018,11.0985,-0.0205,0.0194,9.8065,0.0668,-0.5589,0.2442,-4.44,-27.37,34.06,352.43,-73.48,-178.86,-2.669587859605382,0.6090679664122154,1.2917795137476225,1.2011275853603829,-1.1581170232006555,0.8404697871673072,-0.021912699694939447,-0.37042584730881767,0.22314034463729157
52.202793,-2.199412,128.01,4.02,3,170.27,22 / 22,13305610,2020-01-08 15:57:09:204,-4.0984,-0.4018,9.3168,-0.0215,-0.0274,9.8065,-0.1218,-0.2941,0.3784,-4.87,-26.56,33.75,350.2,-73.21,-178.81,4.0621253791702205,-0.5107224572709969,-0.4892801197067551,-0.3462561381534055,1.348623270376714,-0.19462946152603555,-0.03477027960631136,-0.4800622869854235,0.41782611587148044
52.202793,-2.199412,128.01,4.02,3,170.27,22 / 22,13305710,2020-01-08 15:57:09:304,-3.78,0.3594,11.1929,-0.0452,0.0282,9.8065,0.0806,-0.5422,0.4581,-3.81,-26.25,34.63,352.95,-72.93,-178.7,3.576090212191186,-1.1266581940739782,1.3866324487752166,-0.5592192846986763,3.2432418577104434,0.8542097442329286,0.005915404895775987,-0.3878458574733652,0.416648971268581
52.202793,-2.199412,128.01,4.02,3,170.27,22 / 22,13305810,2020-01-08 15:57:09:404,-1.016,0.5037,8.7306,-0.0258,0.01,9.8066,-0.1729,-0.2451,-0.0045,-4.0,-26.25,34.69,351.34,-72.91,-179.89,0.8610479331652697,-0.6948149249612693,-1.0760299284141126,-0.4699955470671945,-0.21635007265025358,-0.7169054903486886,-0.12150085724960882,-0.3455419460589141,0.017842874091118302
52.202793,-2.199412,128.01,4.02,3,170.27,22 / 22,13305910,2020-01-08 15:57:09:504,2.5531,1.6407,10.0628,-0.0004,0.0255,9.8065,-0.0396,-0.4223,0.1171,-5.12,-26.19,35.38,349.51,-73.07,-179.68,-2.8410678673517027,-1.0285236305337142,0.255725428018792,-0.42970277988255856,-0.3472155925697869,-0.2955659794984078,-0.06094539076903456,-0.3899057472712279,0.13269304731483117
52.202793,-2.199412,128.01,4.02,3,170.27,22 / 22,13306010,2020-01-08 15:57:09:604,-1.2278,-0.6763,10.2229,-0.0325,-0.0091,9.8066,0.0189,-0.4317,0.3596,-5.06,-27.44,35.19,350.18,-73.16,-179.11,1.3107345549479574,0.3945447661841631,0.4165488854169019,0.6120285446122132,-0.14699484606421592,0.7720463092410406,0.010985952539266462,-0.39133625623633844,0.2969001977572148
52.202793,-2.199412,128.01,4.02,3,170.27,22 / 22,13306110,2020-01-08 15:57:09:704,2.2817,1.9694,8.7072,-0.0307,-0.0121,9.8065,-0.0705,-0.3399,0.1136,-6.56,-26.87,34.06,345.57,-73.16,-178.97,-2.6841792330672734,-1.4378164487384149,-1.0999373639019785,-0.7362531899564393,-0.7373435177446497,-1.6052614604787763,-0.04203367742817879,-0.4475759073221812,0.2200655656100156
52.202793,-2.199412,128.01,4.02,3,170.27,22 / 22,13306209,2020-01-08 15:57:09:803,-3.8917,-0.3994,9.3296,-0.0258,0.0289,9.8065,0.0251,-0.6241,0.4623,-6.37,-27.12,34.19,348.05,-73.2,-178.76,3.867645036951175,-0.4127237867439374,-0.4764853135225613,-0.27448929391960375,2.19353214204362,-0.18685682107920737,-0.010303082366832007,-0.4639619808401298,0.3250910980216567
52.202793,-2.199412,128.01,4.02,3,170.27,22 / 22,13306310,2020-01-08 15:57:09:904,3.9316,-0.1485,9.221,-0.0403,-0.0118,9.8065,-0.26,-0.1304,0.0649,-5.62,-27.94,33.81,348.13,-73.3,-178.63,-3.849563788793951,0.9875163719898838,-0.5857958697859631,1.856869665517821,-1.823247376069376,-0.9925462952125437,-0.23123551153826377,-0.3216725154692802,0.2162267395404232
52.202793,-2.199412,128.01,4.02,3,170.27,22 / 22,13306409,2020-01-08 15:57:10:003,-3.3189,-0.642,8.2702,-0.0224,0.0752,9.8063,-0.3127,-0.4448,0.2543,-6.0,-27.5,34.06,346.8,-73.3,-179.71,3.3738042550232503,-0.0079524877311565,-1.535666925712048,-0.004103950171336579,1.717927814370797,-1.3579941844669885,-0.3256453163071144,-0.24533135565811515,0.10323604405597075
52.202793,-2.199412,128.01,4.02,3,170.27,22 / 22,13306510,2020-01-08 15:57:10:104,-1.1907,2.2128,10.0087,-0.0382,0.0331,9.8065,-0.0154,0.1547,-0.0547,-5.12,-28.12,34.06,348.8,-73.81,-179.87,0.6569256632196502,-2.3765431708204066,0.2018028994596251,-1.300274816025215,2.514636486644718,-0.07264748080497985,-0.021755512119853868,-0.03388506401829183,0.08706665206385732
52.202793,-2.199412,128.01,4.02,3,170.27,22 / 22,13306609,2020-01-08 15:57:10:203,-1.2431,-0.2818,9.9165,-0.0208,-0.0215,9.8066,0.0231,-0.1558,0.1327,-5.0,-27.94,33.94,348.69,-73.54,-179.89,1.249665822724244,-0.008583385863603,0.1100592885769086,-0.159828243360493,-0.158550808853281,0.150636882856517,0.0483177813707999,0.01075472434473342,0.004221983532759883
52.202793,-2.199412,128.01,4.02,3,170.27,22 / 22,13306709,2020-01-08 15:57:10:303,0.3508,2.5463,9.9882,-0.0194,0.0152,9.8066,-0.0568,-0.0569,-0.0036,-5.44,-27.5,33.75,349.21,-73.48,-179.59,-0.90571261819408,-2.392366624269369,0.1809983379095165,-1.1108185646186974,0.5792173756844864,0.049322841157162955,-0.09861847414655212,-0.1989529682835696,0.10992117036091886
52.202793,-2.199412,128.01,4.02,3,170.27,22 / 22,13306810,2020-01-08 15:57:10:404,-0.8615,-0.107,8.7269,0.0018,0.0375,9.8065,-0.1471,-0.2564,0.1862,-5.31,-27.06,33.63,349.31,-73.5,-179.51,0.8743182524337598,-0.044255402241062,-1.079496342204853,-0.3255516359600229,-0.1323791081850337,-1.175211820337631,-0.09252482731635099,-0.13560709502936422,0.09015163855715194
52.202793,-2.199412,128.01,4.02,3,170.27,22 / 22,13306910,2020-01-08 15:57:10:504,1.3682,1.4493,10.7182,-0.0376,0.0394,9.8064,-0.0415,0.0594,-0.0915,-4.69,-27.06,32.75,348.64,-73.82,-179.76,-1.6761521283835503,-1.074893794486324,0.9113661520432312,0.3623916553917562,-0.667791735661369,0.9042843869723164,-0.1024915482415239,-0.04452494891545458,-0.017664025059043856
52.202793,-2.199412,128.01,4.02,3,170.27,22 / 22,13307010,2020-01-08 15:57:10:604,-0.7735,1.1721,8.6029,0.0091,-0.0344,9.8065,-0.0675,-0.0311,0.0944,-5.19,-27.19,32.5,347.62,-73.88,179.47,0.5050781388623913,-1.3462914518150106,-1.2038078627476785,-1.6842133462610192,-0.059875763072504,-1.40417630096962,-0.008973119500804889,0.05814808175353361,0.04808740505268404
52.202793,-2.199412,128.01,4.02,3,170.27,22 / 22,13307110,2020-01-08 15:57:10:704,-2.8851,0.106,7.259,0.0159,0.0165,9.8066,0.3326,0.3701,-0.2099,-4.37,-27.06,32.38,348.78,-73.82,178.95,2.814254930843893,-0.7105587783929139,-2.547381482359797,0.787258030206127,2.5462835061035087,-2.479192017454258,0.28579515351297363,0.29639521264424634,-0.19330047660017266
52.202793,-2.199412,128.01,4.02,3,170.27,22 / 22,13307210,2020-01-08 15:57:10:804,1.3809,-0.6741,11.7698,0.067,-0.037,9.8063,0.1298,0.2032,-0.3069,-3.75,-27.25,32.75,350.22,-73.75,179.73,-1.1464647441711855,0.9042722297470456,1.963535636264543,0.6238776974553442,-1.3412423771882191,1.7191882333524475,0.15916550691399275,0.25838539736110516,-0.2973519250398547
52.202793,-2.199412,128.01,4.02,3,170.27,22 / 22,13307310,2020-01-08 15:57:10:904,1.0249,1.6889,10.0246,-0.0211,-0.0276,9.8066,-0.1144,0.0284,0.1349,-3.5,-26.81,32.69,351.81,-73.55,179.22,-1.3905897290115137,-1.4515352711237075,0.2175265782646116,-0.020093684353956816,-1.1928321518484484,0.28835915808115176,-0.12710688580111393,-0.003960908932496732,0.10696280606580538
52.202793,-2.199412,128.01,4.02,3,170.27,22 / 22,13307409,2020-01-08 15:57:11:003,-1.0907,-1.5549,9.9946,-0.0265,0.0106,9.8065,-0.0566,-0.0092,0.0218,-1.75,-26.31,32.94,354.45,-73.37,179.4,1.375849295073574,1.3000709874897338,0.1885408304135151,1.2107747648459561,1.4009721327434257,-0.024417481467007285,-0.05389961148591757,-0.005896749382501523,0.061630638801381615
52.202793,-2.199412,128.01,4.02,3,170.27,22 / 22,13307511,2020-01-08 15:57:11:105,0.7339,1.4638,9.809,-0.0156,0.0498,9.8064,-0.0359,-0.0845,0.0031,-2.44,-26.19,33.94,354.56,-73.61,179.31,-1.0359622651272156,-1.2198074725953616,0.0022192415382535,0.01590888404300328,-1.0168794149663298,-9.303709084440559e-05,-0.037571997687739035,-0.050004885904570306,-0.04811884147299951
52.202793,-2.199412,128.01,4.02,3,170.27,22 / 22,13307610,2020-01-08 15:57:11:204,-1.0731,-0.0469,9.1151,-0.0017,0.0109,9.8066,-0.1136,-0.1202,0.1738,-3.25,-26.87,33.69,352.46,-73.69,179.47,1.0588632786123808,-0.1737449444035778,-0.6913988006212015,0.04422744438143106,1.123416686330359,-0.8066067754680981,-0.10515406524963196,-0.20166031004500412,0.2412588584031444
52.202793,-2.199412,128.01,4.02,3,170.27,22 / 22,13307710,2020-01-08 15:57:11:304,1.5052,3.427,9.2892,-0.0193,0.0556,9.8064,0.0022,-0.0771,0.1825,-3.56,-27.12,33.56,349.5,-74.23,178.83,-2.2135831369800463,-2.9647209654782505,-0.518086230787203,-2.0141843180220924,-1.9846381918527842,-0.6480704805589553,-0.01789256586270359,0.05537588063454349,0.09445456061971921
52.202793,-2.199412,128.01,4.02,3,170.27,22 / 22,13307809,2020-01-08 15:57:11:403,3.9839,0.5244,8.745,-0.0091,-0.048,9.8065,0.0708,0.2687,-0.1878,-5.31,-26.31,33.75,347.04,-74.42,178.48,-4.022554064685703,0.2996294810482242,-1.0619576172179817,0.8793874052613146,-2.054580237178986,-1.044128793790872,0.10388642159601984,0.09284205381541506,-0.08180762881943783
52.202793,-2.199412,128.01,4.02,3,170.27,22 / 22,13307910,2020-01-08 15:57:11:504,-2.6554,-0.2828,9.7422,0.0359,0.0061,9.8065,0.1167,-0.0922,0.0337,-5.12,-26.56,34.19,347.22,-74.2,178.77,2.6904880836497256,-0.2964279763618058,-0.064013409289539,0.36036912212000594,2.830074435459733,-0.33751723413892687,0.07331526473653424,0.10447536561915209,-0.0781973540008124
52.202793,-2.199412,128.01,4.02,3,170.27,22 / 22,13308011,2020-01-08 15:57:11:605,1.1521,-0.3186,10.7253,0.0097,-0.0444,9.8065,0.1134,0.4086,-0.2683,-5.06,-26.5,34.13,347.97,-73.9,179.3,-1.0568578121953465,0.5131997589295926,0.9187678772335672,1.415612548272841,-1.31593146416934,1.0626050692667242,0.1601773868455315,0.22517972049300697,-0.16893610029757783
52.202793,-2.199412,128.01,4.02,3,170.27,22 / 22,13308110,2020-01-08 15:57:11:704,-2.3788,-1.8397,12.6224,0.0225,0.0179,9.8066,0.3742,-0.3514,0.1317,-4.75,-27.31,34.19,347.76,-73.86,179.26,2.7441428730906194,1.297353515016992,2.816416666464502,1.7499144960364879,3.040337326221316,2.4268447048335906,0.3334562527731409,-0.21656456482158065,0.06299583343441137
52.202793,-2.199412,128.01,4.02,3,170.27,22 / 22,13308209,2020-01-08 15:57:11:803,-2.1004,3.0933,9.3478,0.0065,-0.0827,9.8062,0.0815,-0.1153,0.0143,-4.75,-27.06,34.13,349.19,-73.78,-179.66,1.374906325344742,-3.5545938886526653,-0.4589434096706764,-2.4602588996384673,0.9412179891767665,-0.23664648540172817,0.10852098275371194,-0.17819602869069695,0.041577594527108484
52.202793,-2.199412,128.01,4.02,3,170.27,23 / 23,13308310,2020-01-08 15:57:11:904,3.2701,0.2099,8.4063,-0.0122,-0.0307,9.8065,0.0624,-0.0757,-0.1004,-5.0,-27.19,32.88,350.01,-73.3,-178.65,-3.257096672173291,0.4709508898120914,-1.4005242652317258,0.8832029661237775,-2.897414433560287,-1.842785434296988,0.05017605275841435,-0.08662026513024755,-0.08622848869237064
52.202793,-2.199412,128.01,4.02,3,170.27,23 / 23,13308409,2020-01-08 15:57:12:003,-1.6613,1.5323,11.5334,-0.0249,0.0154,9.8065,0.0677,-0.2932,0.3052,-5.56,-27.87,32.69,348.2,-73.45,-178.23,1.271805694463501,-1.8335807503615569,1.7266922387715085,-0.7254196274920516,0.8201568291031832,1.9513071479139459,0.07239581565597206,-0.22819627679823007,0.25766097536748134
52.202793,-2.199412,128.01,4.02,3,170.27,23 / 23,13308510,2020-01-08 15:57:12:104,3.5404,0.0971,11.0853,-0.0555,0.0052,9.8065,-0.2905,0.3763,0.0914,-5.94,-27.69,33.44,348.73,-73.67,-177.89,-3.531741074618893,0.6830497727966276,1.2784834178558038,1.2326096087380394,-3.315035038004907,0.8674411390739815,-0.2995496225146323,0.28864319167265584,0.1628707486324676
52.202793,-2.199412,128.01,4.02,3,170.27,23 / 23,13308610,2020-01-08 15:57:12:204,2.6135,1.7172,8.5861,-0.0153,0.0423,9.8065,-0.1902,0.1858,-0.0464,-6.44,-28.25,32.94,349.52,-73.71,-177.32,-2.927251424145448,-1.0703400777716294,-1.2209941964457764,-0.1040128005873806,-3.1518592192772314,-1.0807544431677716,-0.16772607980334722,0.2678752966016039,-0.13651536047389465
52.202793,-2.199412,128.01,4.02,3,170.27,23 / 23,13308710,2020-01-08 15:57:12:304,0.6054,1.5559,11.3012,-0.0249,0.0521,9.8064,0.1441,0.0941,-0.1487,-6.5,-28.5,33.38,351.06,-74.13,-176.26,-0.9390472632304752,-1.33343628623104,1.494408738592533,-0.5251308578962666,-1.1216923186002983,1.1989220326934429,0.10789368103380058,0.03085491666113188,-0.04083722171309197
52.202793,-2.199412,128.01,4.02,3,170.27,23 / 23,13308810,2020-01-08 15:57:12:404,0.2216,-1.0503,9.1337,0.0218,-0.0224,9.8066,-0.0557,0.0738,0.0192,-7.12,-28.19,32.5,349.37,-74.27,-175.88,0.0259403058995854,1.0469553936735223,-0.672684446221076,1.7984916075621316,0.27825365466018626,-0.6924392628097229,-0.014331265543587761,0.12287515949169996,-0.10575563750094767
52.202793,-2.199412,128.01,4.02,3,170.27,23 / 23,13308910,2020-01-08 15:57:12:504,-0.645,0.3557,9.2371,-0.0023,0.033,9.8065,0.1345,0.1311,-0.2944,-6.69,-28.25,32.75,348.97,-74.33,-176.2,0.5583702552220863,-0.4532091474929278,-0.5694199388078676,0.636384644560009,-0.23423793897128364,-0.6868886543912784,0.10002859842742665,0.07963990888295787,-0.1572916476401638
52.202793,-2.199412,128.01,4.02,3,170.27,23 / 23,13309009,2020-01-08 15:57:12:603,0.8738,-1.9322,9.6851,0.0153,-0.0343,9.8065,0.1135,0.2543,0.0954,-6.69,-28.44,33.44,349.02,-74.04,-176.1,-0.4303929168456633,2.038110722190023,-0.1210423117060581,2.604210824960229,0.454890459467626,-0.3438748349735362,0.13231394560296433,0.32532736116531064,-0.042827845929227885
52.202793,-2.199412,128.01,4.02,3,170.27,23 / 23,13309110,2020-01-08 15:57:12:704,-1.8799,1.9402,8.3426,0.0263,-0.0162,9.8065,0.1037,0.3991,-0.2259,-7.37,-28.12,33.19,348.53,-74.09,-176.46,1.441222917864532,-2.3201599937215005,-1.4641846586261895,-1.0205926534574106,-0.033886323159871556,-1.3816532717698276,0.10183803214810604,0.30278173115751805,-0.10243663582059774
52.202793,-2.199412,128.01,4.02,3,170.27,23 / 23,13309210,2020-01-08 15:57:12:804,4.669,-1.1325,11.2304,0.0579,-0.0281,9.8064,0.2254,0.3011,-0.1945,-7.81,-28.94,33.13,347.83,-74.15,-175.27,-4.266036925578124,2.0695995019106173,1.4238698751273788,2.55413984883253,-2.7628525211815558,1.0009713020368929,0.21632849131546916,0.40854588712967366,-0.2851618416413185
52.202793,-2.199412,128.01,4.02,3,170.27,21 / 22,13309311,2020-01-08 15:57:12:905,3.8734,-1.2938,10.3209,0.0171,-0.0115,9.8066,0.1127,0.5754,-0.3285,-7.75,-29.31,32.94,347.16,-74.03,-175.74,-3.490523119648768,2.081254426326757,0.514272140109412,3.4705619108270502,-5.527882975596305,0.771331686375246,0.12313949559526566,0.49160358543840343,-0.28787997603657955
52.202793,-2.199412,128.01,4.02,3,170.27,21 / 22,13309410,2020-01-08 15:57:13:004,0.8227,0.8195,10.5525,0.0422,0.0,9.8065,0.0829,0.193,-0.0881,-8.19,-28.62,33.0,349.04,-74.07,-174.36,-0.9385253608859468,-0.6326945090679221,0.7457508331669531,-0.10596136652517951,0.9700973577729068,0.17165769069138065,0.07908309435284565,0.206913012082839,-0.06587397493891592
52.202793,-2.199412,128.01,4.02,3,170.27,21 / 22,13309510,2020-01-08 15:57:13:104,-4.7448,0.1032,9.5796,-0.0228,-0.0175,9.8065,0.0615,0.6557,-0.1329,-8.06,-28.5,32.19,349.2,-74.05,-173.85,4.585669084798313,-1.1329851370451602,-0.2265387912913687,0.23267947938289946,2.29273118099505,0.1389260511182427,0.05632784300851643,0.7519477092045673,-0.22186840521750129
52.202793,-2.199412,128.01,4.02,3,170.27,21 / 22,13309609,2020-01-08 15:57:13:203,3.7522,0.6958,11.1034,0.0068,0.0131,9.8066,0.0254,0.8892,-0.5625,-7.87,-28.69,32.25,349.15,-74.11,-173.81,-3.8047601288062887,0.1382005207908183,1.2963377909708176,0.8012738802531989,-1.8597236796633765,0.6537259715905646,0.03472314305180002,0.6671559657121646,-0.4147749826200329
52.202793,-2.199412,128.01,4.02,3,170.27,21 / 22,13309710,2020-01-08 15:57:13:304,-7.5966,-2.445,11.3722,0.0563,0.0597,9.8063,0.0364,-0.1174,-0.0202,-8.0,-28.69,33.06,350.31,-74.25,-173.47,8.012224991463366,0.8005673377334563,1.5670947431231517,2.0734836074169394,5.882227233006754,1.9497009155628242,0.03377384872035861,0.21156764524356755,-0.20820801534797218
52.202793,-2.199412,128.01,4.02,3,170.27,21 / 22,13309810,2020-01-08 15:57:13:404,-1.4112,1.1133,10.3808,-0.0189,-0.0457,9.8064,0.0176,0.7276,-0.303,-8.25,-28.12,32.38,350.65,-74.17,-172.81,1.110504524368336,-1.431338146142176,0.5742529605981459,-0.5900176812390651,2.6703344173644847,-0.037935253426918086,0.00047141165786650924,0.3397854661293265,-0.09811850662194321
52.202793,-2.199412,128.01,4.02,3,170.27,21 / 22,13309910,2020-01-08 15:57:13:504,-6.535,-0.2528,10.5943,0.0311,0.0274,9.8065,0.1939,-0.7866,0.3216,-8.19,-28.87,32.38,351.46,-74.13,-172.13,6.472705869522338,-1.138116414119308,0.7884033514409173,0.024648823885636162,4.910664244311615,1.0901962228812647,0.24028435293851066,-0.39918940962928295,0.12161318176596234
52.202793,-2.199412,128.01,4.02,3,170.27,21 / 22,13310010,2020-01-08 15:57:13:604,-2.8652,0.159,12.6348,-0.0255,-0.0548,9.8064,0.2133,-0.2862,0.1573,-8.62,-28.94,32.88,350.34,-74.31,-171.84,2.72697306741547,-0.8198636214370708,2.8285852686165844,0.19504464068342214,3.562193771935028,2.34302312208685,0.13743548276466405,-0.6237244265408053,0.3367417226916597
52.202793,-2.199412,128.01,4.02,3,170.27,21 / 22,13310110,2020-01-08 15:57:13:704,4.7707,2.6916,9.2495,0.0019,-0.0751,9.8063,-0.2531,-0.4787,0.4379,-8.12,-29.19,32.13,352.19,-74.12,-171.61,-5.252017893320367,-1.676680412745383,-0.5578166470791759,-0.605279216311363,-2.7328340503083988,-0.4221597041733029,-0.15899104049317767,-0.2179059176415629,0.2875694897782002
52.202793,-2.199412,128.01,4.02,3,170.27,21 / 22,13310209,2020-01-08 15:57:13:803,2.4138,1.8139,11.8324,-0.0796,0.0383,9.8062,0.0606,-0.2019,0.1756,-8.31,-29.06,32.63,353.71,-74.67,-171.02,-2.817084602508668,-1.1984523987238342,2.025594122795005,-0.040042744236843286,-2.0353659836049554,1.74057736656026,-0.03274475627857723,-0.38179043897444015,0.29344093829847206
52.202793,-2.199412,128.01,4.02,3,170.27,21 / 21,13310310,2020-01-08 15:57:13:904,2.0734,2.6965,11.0149,-0.0101,0.0085,9.8066,-0.2402,-0.4199,0.3502,-8.25,-28.75,32.56,352.27,-74.46,-172.06,-2.612814827039817,-2.177474347551901,1.2075219606095438,-1.1653981051308746,-1.8663083103623181,1.1232827257642302,-0.16657103029932982,-0.3112535025081456,0.2657850769866529
52.202793,-2.199412,128.01,4.02,3,170.27,21 / 21,13310410,2020-01-08 15:57:14:004,-4.4453,1.2753,8.4932,-0.0323,0.0344,9.8065,-0.2189,-0.225,0.1623,-8.19,-29.5,32.38,351.42,-74.48,-172.22,4.043209429225606,-2.1603419585106853,-1.3132169789183186,-0.8925634951994436,1.182420734657434,-1.3630588307022073,-0.26112914728149983,-0.27571487403565725,0.21295460233514263
52.202793,-2.199412,128.01,4.02,3,170.27,21 / 21,13310511,2020-01-08 15:57:14:105,-0.3473,0.6733,10.1399,-0.0506,0.0099,9.8064,-0.0803,-0.391,0.2555,-8.06,-28.5,32.63,352.92,-74.73,-171.67,0.147099252321975,-0.7117414060738525,0.3333746853711778,0.2685684758623374,0.9619247926286424,0.020065275622608514,-0.07119954692814921,-0.3877054062610804,0.23867574542110293
52.202793,-2.199412,128.01,4.02,3,170.27,21 / 21,13310609,2020-01-08 15:57:14:203,-3.3419,1.141,8.6508,-0.0423,0.0275,9.8065,-0.1374,-0.4032,0.2798,-7.87,-29.81,32.38,350.57,-74.86,-172.84,2.9832119972480644,-1.7965898880987132,-1.155679823072403,-0.44477277715422786,0.6811065594806749,-0.9822801906574933,-0.1193833123029762,-0.36522607770382653,0.26382666471333505
52.202793,-2.199412,128.01,4.02,3,170.27,21 / 21,13310709,2020-01-08 15:57:14:303,4.2368,3.1702,9.4547,-0.0473,0.0304,9.8064,-0.0726,-0.3541,0.2696,-7.5,-29.69,32.38,353.67,-75.21,-172.3,-4.85888820068349,-2.1453006513160493,-0.3527609795905508,-1.181394390407798,-0.8355705179105423,-0.8595054718403337,-0.10839093335103492,-0.4295499163857628,0.31488729701661733
52.202793,-2.199412,128.01,4.02,3,170.27,21 / 21,13310810,2020-01-08 15:57:14:404,-1.936,0.9331,10.5034,-0.0423,0.0198,9.8065,-0.0786,-0.4876,0.315,-7.75,-29.12,32.25,351.32,-75.36,-172.44,1.6529863207705389,-1.2992008993236703,0.6968496513180167,0.12287057617757063,0.20321208987571182,1.041778887475692,-0.03428377084798796,-0.3795209774774311,0.24752624385557112
52.202793,-2.199412,128.01,4.02,3,170.27,21 / 21,13310910,2020-01-08 15:57:14:504,3.7511,1.5842,11.6307,-0.0443,0.028,9.8064,-0.1006,-0.1902,0.0902,-8.44,-29.25,32.31,350.2,-75.44,-173.29,-4.041447288493097,-0.7042326940664039,1.823636536412825,0.24805952613676768,-0.8447138480448562,1.19099389774086,-0.1453697217570064,-0.32212889136648204,0.168873040099986
52.202793,-2.199412,128.01,4.02,3,170.27,21 / 21,13311010,2020-01-08 15:57:14:604,-2.9629,1.558,9.1126,-0.0038,0.0166,9.8066,-0.1696,-0.4311,0.2895,-8.31,-29.62,31.75,348.89,-75.47,-174.2,2.5586226587153877,-2.14137617546732,-0.6941044124979698,-0.6564688936196682,0.7554384185270024,-0.25191591495936766,-0.13162490614415617,-0.2890643472730442,0.21295199758590855
52.202793,-2.199412,128.01,4.02,3,170.27,21 / 21,13311110,2020-01-08 15:57:14:704,1.5802,2.0039,10.4456,-0.0428,0.0202,9.8065,0.0375,-0.0487,0.0824,-7.56,-29.12,31.38,347.68,-75.73,-174.74,-2.011596013362106,-1.5885272172565663,0.6385188008671248,-0.6459872655887913,-1.1224472168586073,-0.04029060016406305,0.012565149310786415,-0.18333875604949962,0.14422008137302877
52.202793,-2.199412,128.01,4.02,3,170.27,21 / 21,13311210,2020-01-08 15:57:14:804,-0.6258,0.5388,9.4226,-0.0075,0.003,9.8066,-0.0594,-0.2035,0.1085,-7.94,-29.31,32.06,347.17,-75.76,-175.66,0.4887038580059737,-0.6561183366136303,-0.3840700424785045,0.8817521936966668,-0.3494126566410222,0.0787983493634983,-0.05106867639931374,-0.09451792769882625,0.06999944906777586
52.202286,-2.199312,125.37,5.54,2,166.35,21 / 21,13311310,2020-01-08 15:57:14:904,-1.4933,-0.0092,9.68,0.012,-0.0019,9.8066,-0.0711,0.2109,-0.0694,-8.44,-29.19,31.81,347.13,-75.8,-175.7,1.471688192998259,-0.3164601055168252,-0.1264745199864318,0.6239096920914863,1.9675175093487391,-0.77881847662608,-0.06397432229005863,0.1426753123928904,-0.05670154705832927
52.202286,-2.199312,125.37,5.54,2,166.35,21 / 21,13311410,2020-01-08 15:57:15:004,1.6989,1.7177,9.4594,0.0147,0.0403,9.8065,0.0062,0.2294,-0.1814,-7.44,-28.87,31.44,348.28,-75.85,-176.05,-2.005388411522731,-1.2760323247513914,-0.3476170811681975,0.2953608703854253,-2.407305528353501,0.07399381092632362,-0.010245895546659067,0.24840870001534784,-0.17193139063922225
52.202286,-2.199312,125.37,5.54,2,166.35,21 / 21,13311510,2020-01-08 15:57:15:104,0.1414,0.3437,10.7232,0.026,0.0025,9.8066,-0.1802,0.0665,-0.0245,-7.37,-28.94,30.94,346.88,-76.04,-177.15,-0.1861722376484116,-0.308598603183339,0.9165134805567656,0.6474129070608441,-0.005337601556657523,0.34239678166987986,-0.1631613255065838,0.09700173489297745,-0.048714516655305684
52.202286,-2.199312,125.37,5.54,2,166.35,21 / 21,13311610,2020-01-08 15:57:15:204,0.181,2.3049,9.7602,-0.0078,0.0388,9.8065,-0.1243,0.0883,-0.0952,-8.25,-29.62,30.88,343.57,-76.5,-177.98,-0.6715541220469835,-2.1725148192423096,-0.0468269295839611,-0.5976494990325816,-0.7716748608246138,0.29623979523467614,-0.13451963172363574,0.015364671871305594,-0.06373874470960146
52.202286,-2.199312,125.37,5.54,2,166.35,21 / 21,13311710,2020-01-08 15:57:15:304,0.0198,0.6761,10.8818,-0.0073,0.0457,9.8065,-0.0156,-0.0781,-0.0418,-7.44,-29.94,31.19,345.84,-76.62,-178.0,-0.1621306526074034,-0.6100516506963547,1.075155474788531,0.3870216660958516,-0.11826187326366111,0.6039255147016095,-0.015343528324930661,0.024685128153329492,-0.0757936851190387
52.202286,-2.199312,125.37,5.54,2,166.35,21 / 21,13311810,2020-01-08 15:57:15:404,-0.6836,0.9022,8.9052,-0.0206,-0.0019,9.8066,-0.0803,0.0756,0.1012,-7.12,-29.62,31.25,346.12,-76.55,-177.77,0.4532468188028771,-1.0253114898794748,-0.901549466178202,0.5184275278318672,0.4704400761652995,-0.6470774009914502,-0.07201501599055521,-0.04084800456845432,0.13597891686995964
52.202286,-2.199312,125.37,5.54,2,166.35,21 / 21,13311910,2020-01-08 15:57:15:504,-2.3073,1.5791,8.7844,-0.0067,0.0354,9.8065,-0.0395,-0.259,0.1691,-8.69,-29.87,31.13,341.75,-76.74,-177.77,1.9150677726491792,-2.001989069856084,-1.0222590915894487,-0.939275066145626,2.017162219350954,-1.3923544952469504,-0.05223565731255492,-0.1464194591035809,0.13446204624209523
52.202286,-2.199312,125.37,5.54,2,166.35,21 / 21,13312010,2020-01-08 15:57:15:604,-0.889,2.499,9.2539,-0.0161,0.0106,9.8066,-0.043,-0.002,0.0146,-8.56,-29.81,30.69,340.86,-76.82,-178.49,0.3175951655428148,-2.617762532603024,-0.5531897447744607,-1.1346631706877504,0.2914599132564302,-0.3738618328603037,-0.03029318737807816,-0.09495618314724623,0.04682347708356512
52.202286,-2.199312,125.37,5.54,2,166.35,21 / 21,13312109,2020-01-08 15:57:15:703,2.8664,2.401,10.3997,0.0043,0.0135,9.8066,-0.1084,-0.2113,0.1399,-7.62,-30.44,30.5,341.99,-76.97,-179.35,-3.3085274143771994,-1.716489682765782,0.592325744226221,-0.5736250290126554,-1.7141421838594477,0.3016947063642551,-0.11753837769206231,-0.14866381021397487,0.11393397831668364
52.202286,-2.199312,125.37,5.54,2,166.35,21 / 21,13312211,2020-01-08 15:57:15:805,-0.2043,1.7367,9.5467,-0.0292,0.035,9.8065,-0.1542,-0.1926,0.0803,-7.37,-29.81,30.31,343.26,-77.4,-179.71,-0.1947986307842552,-1.6995011630985086,-0.2601696178868621,-0.29371508619719305,-0.3262383159267833,-0.1280541030110231,-0.15082680726857142,-0.2210585205064063,0.09615114051099795
52.202286,-2.199312,125.37,5.54,2,166.35,22 / 22,13312310,2020-01-08 15:57:15:904,1.0622,1.5733,9.9606,-0.0262,0.0139,9.8065,-0.0577,-0.0452,0.0679,-8.25,-30.56,31.56,342.58,-77.49,-179.5,-1.3982161345996538,-1.2889803808877147,0.1536585455865207,-0.06678339910077136,-0.9188643829811971,-0.08798471726579689,-0.05472405952975532,-0.04882621251320874,0.06433339540957983
52.202286,-2.199312,125.37,5.54,2,166.35,22 / 22,13312410,2020-01-08 15:57:16:004,-1.7609,1.0991,9.8092,-0.0277,-0.0005,9.8065,-0.0033,-0.032,0.1027,-8.5,-30.56,30.5,341.56,-77.63,-179.8,1.4562771711031282,-1.4464991392605762,0.0025944252313763,-0.11933133805805923,1.27563357388347,0.1172823318893283,-0.011232725289689858,-0.0015317483719935673,0.09405903258495399
52.202286,-2.199312,125.37,5.54,2,166.35,22 / 22,13312510,2020-01-08 15:57:16:104,-0.4846,2.4227,8.8513,-0.0088,0.0102,9.8066,-0.0692,0.0206,0.013,-8.06,-30.62,30.75,342.13,-77.78,-179.4,-0.0538505463495187,-2.458185587603282,-0.9558052707311064,-1.1723518058431748,0.5202898014341603,-1.174419338354651,-0.05946539513507887,-0.030843015829712876,0.03219461129962495
52.202286,-2.199312,125.37,5.54,2,166.35,22 / 22,13312610,2020-01-08 15:57:16:204,-0.783,1.7947,9.3868,-0.0001,0.0186,9.8066,-0.0166,-0.0244,0.0271,-7.69,-30.94,30.25,341.61,-77.91,-179.29,0.382815382274614,-1.902796217315435,-0.4201364045926204,-0.6431369407783468,0.2954177628899787,-0.3042628327305303,-0.02439721612323408,0.04220098096192351,-0.00044938454416448967
52.202286,-2.199312,125.37,5.54,2,166.35,22 / 22,13312710,2020-01-08 15:57:16:304,0.3747,1.7694,9.9376,-0.0143,0.0162,9.8065,-0.011,0.116,-0.0155,-7.69,-30.56,30.25,341.37,-78.15,-179.56,-0.7568306610100985,-1.6286038618703402,0.1306723446488656,-0.30457768241445093,-0.24411734963135368,-0.07480789038257035,-0.007982875903721967,0.040948312824258454,0.018024540494283307
52.202286,-2.199312,125.37,5.54,2,166.35,22 / 22,13312810,2020-01-08 15:57:16:404,-0.9235,1.9697,8.9396,0.0075,0.0215,9.8065,-0.0597,0.0332,-0.0508,-8.19,-30.87,29.44,339.8,-78.37,179.73,0.4905113584398325,-2.10262057067237,-0.8672630471932401,-0.8932560317899456,0.6614051971296594,-0.7515427278028797,-0.05680560270340572,0.10791389051707143,-0.08711194760750733
52.202286,-2.199312,125.37,5.54,2,166.35,22 / 22,13312910,2020-01-08 15:57:16:504,0.7099,2.2675,10.1486,-0.0117,0.0133,9.8066,-0.048,0.2701,-0.1513,-8.12,-30.94,30.38,341.29,-78.55,-179.78,-1.1893877159237345,-2.0464284273455458,0.3414319155582258,-0.7125492722527892,-0.8827303277750445,0.1600869195137955,-0.0563442401069151,0.2066541583492007,-0.11702959500392329
52.202286,-2.199312,125.37,5.54,2,166.35,22 / 22,13313009,2020-01-08 15:57:16:603,2.776,2.6405,9.8277,0.0034,0.0043,9.8066,-0.0353,0.1742,-0.0086,-8.5,-30.31,29.0,341.32,-78.76,-179.35,-3.274512892056864,-1.978499576220204,0.0202769980486589,-0.8024573860452452,-1.4505259141275473,0.11453933250662318,-0.02297767006046829,0.21507148465057369,-0.03462072727249674
52.202286,-2.199312,125.37,5.54,2,166.35,22 / 22,13313110,2020-01-08 15:57:16:704,-0.4893,2.0695,10.192,-0.0324,0.0108,9.8065,0.0138,0.3737,-0.1096,-9.0,-30.69,29.5,342.41,-78.95,-177.29,0.0035798639642,-2.108866884178865,0.3850729793009692,-0.790899642111907,0.030023552752762195,0.2547298859345809,-0.000601250693756876,0.3638995097385397,-0.09758592107173705
52.202286,-2.199312,125.37,5.54,2,166.35,22 / 22,13313210,2020-01-08 15:57:16:804,1.2905,2.0333,9.8071,-0.0079,0.0117,9.8066,-0.0297,0.3756,-0.0782,-9.31,-30.87,29.5,344.67,-79.0,-175.5,-1.7026515325361569,-1.6951953057920215,-6.30315203754498e-05,-0.5397557172540521,-0.7443652752512678,0.0411138050593266,-0.015032129374032114,0.3516909637647196,-0.07321976772592631
52.202286,-2.199312,125.37,5.54,2,166.35,21 / 23,13313310,2020-01-08 15:57:16:904,-1.1065,2.4341,9.6031,0.0271,0.0032,9.8065,0.0063,0.1239,0.0134,-9.31,-30.06,29.19,343.9,-79.03,-175.59,0.5845159350673407,-2.6177240983152386,-0.2038553329006229,-1.336162817985497,0.35506307613018656,-0.25355114460171885,-0.007330158946445647,0.177408906790735,-0.007816242690392269
52.202286,-2.199312,125.37,5.54,2,166.35,21 / 23,13313410,2020-01-08 15:57:17:004,0.6705,2.7125,9.0657,0.0138,-0.0083,9.8066,0.0305,0.3038,-0.2098,-9.75,-31.06,29.63,341.99,-79.0,-175.95,-1.2261771148033969,-2.5158511291224044,-0.7415680138907972,-1.3737215587369953,0.07178226948677968,-0.7804329744160656,0.04239986796360727,0.2294058083988597,-0.17552165695516994
52.202286,-2.199312,125.37,5.54,2,166.35,21 / 23,13313510,2020-01-08 15:57:17:104,-1.211,1.3536,9.7915,0.0279,0.0231,9.8065,0.0605,0.1265,-0.116,-10.56,-31.0,29.31,338.92,-79.06,-176.04,0.9238976153438176,-1.5657300746575638,-0.015198344476524,-0.3357954900800219,0.552323566308327,0.03310866188507132,0.05069478370682173,0.21226910759071618,-0.16036832479219315
52.202286,-2.199312,125.37,5.54,2,166.35,21 / 23,13313610,2020-01-08 15:57:17:204,0.3452,1.964,10.399,0.0028,-0.0083,9.8065,0.0254,0.2343,-0.0329,-10.31,-30.62,29.31,341.74,-78.98,-175.44,-0.7584826738553749,-1.8526925532246508,0.5920267195719512,-0.7207558681965536,0.7355623048565515,0.46428400252976004,0.03271691723797536,0.14442369935624916,0.02029036211297772
52.202286,-2.199312,125.37,5.54,2,166.35,21 / 23,13313710,2020-01-08 15:57:17:304,-1.9654,1.0759,9.6207,0.0128,-0.0031,9.8066,0.0405,0.0906,0.0224,-10.62,-30.62,29.56,340.65,-78.92,-175.34,1.700001454531711,-1.4790136102047815,-0.1859807662611492,-0.31264907519849877,1.352187889196891,-0.044838869255169,0.03621041172452136,0.18044319297051753,-0.03906093926236283
52.202286,-2.199312,125.37,5.54,2,166.35,21 / 23,13313810,2020-01-08 15:57:17:404,1.5811,1.2549,10.089,0.0099,-0.008,9.8066,0.0468,0.221,-0.1031,-10.81,-31.31,29.88,341.24,-78.89,-174.84,-1.80600096938932,-0.8956451038471458,0.2819857381490613,0.22758275138164175,-0.2885888466254383,0.08057270785202278,0.04747022859560199,0.1331183815835062,-0.03544395334358097
52.202286,-2.199312,125.37,5.54,2,166.35,21 / 23,13313910,2020-01-08 15:57:17:504,1.113,1.8672,8.9899,-0.0035,-0.0068,9.8066,0.0363,-0.0009,0.1433,-11.0,-30.37,30.31,341.77,-78.83,-174.51,-1.4931678860505486,-1.589986440492021,-0.8172147350108465,-0.49814161983019256,-1.6480654095407528,-0.6118283714518944,0.03976092032925243,0.08386808215988711,0.07411160587060135
52.202286,-2.199312,125.37,5.54,2,166.35,21 / 23,13314010,2020-01-08 15:57:17:604,1.4095,2.0254,9.7935,-0.0222,-0.0076,9.8066,0.0211,0.1862,-0.0628,-11.37,-29.81,29.44,342.26,-78.96,-173.42,-1.8352837232140564,-1.6776686522543287,-0.0136765693320897,-0.5616554407691505,-0.44842262772603503,-0.25358565765847935,0.013240490080712585,0.10583189529848543,0.0018410123837762221
52.202286,-2.199312,125.37,5.54,2,166.35,21 / 23,13314110,2020-01-08 15:57:17:704,-0.2116,1.0489,9.5091,-0.0001,0.005,9.8066,0.0044,0.0441,0.038,-11.62,-30.12,29.81,342.08,-79.12,-172.72,-0.0178285791904374,-1.064899873496216,-0.2977181741039562,-0.05784858628724043,0.14921851590026713,-0.07158165443234799,0.016464545669999244,0.11841524235796269,-0.01691293729625275
52.202286,-2.199312,125.37,5.54,2,166.35,21 / 23,13314210,2020-01-08 15:57:17:804,-0.4331,0.8377,10.1302,-0.009,-0.0161,9.8066,0.067,0.1688,0.0079,-12.31,-29.94,29.13,342.22,-79.23,-171.88,0.2305887058545057,-0.9250763231257804,0.3234421975012405,0.1842097975085365,1.3877415668240163,0.08844257659389644,0.05151721828156289,0.10253431853040673,0.0504060589804683
52.202286,-2.199312,125.37,5.54,2,166.35,21 / 23,13314310,2020-01-08 15:57:17:904,-0.9868,0.6862,9.7634,0.0018,-0.015,9.8066,0.0504,0.0442,0.0673,-12.81,-30.0,29.75,341.94,-79.1,-171.24,0.8147431351247043,-0.8973284639452213,-0.0432769171831513,0.017811898776461832,1.365854545439911,0.15876235456806423,0.06797764592658972,0.10009895091795969,0.03734661633718835
52.202286,-2.199312,125.37,5.54,2,166.35,21 / 23,13314410,2020-01-08 15:57:18:004,0.1535,1.3493,9.9714,-0.0108,-0.0124,9.8066,0.0636,0.1555,0.0017,-12.75,-30.19,29.44,342.01,-79.1,-170.38,-0.4532228857386363,-1.294571757538029,0.1644791793134947,-0.19599944591092905,0.44659134411890195,-0.027676534667130354,0.04564627642488206,0.112462482462717,0.020462954769912237
52.202286,-2.199312,125.37,5.54,2,166.35,21 / 23,13314510,2020-01-08 15:57:18:104,0.014,1.044,9.4284,0.0047,-0.0022,9.8066,-0.0119,0.0733,0.0155,-13.31,-30.06,28.69,341.98,-79.17,-170.42,-0.2339498130375768,-1.019661317453412,-0.3784368542687868,-0.19619637714753674,0.6895959995252057,-0.23420860311014552,0.004455560807915756,0.10118677308464977,0.006249744656783417
52.202286,-2.199312,125.37,5.54,2,166.35,21 / 23,13314610,2020-01-08 15:57:18:204,-0.8169,0.9883,9.6021,-0.0175,0.0096,9.8066,-0.0227,0.0893,0.0331,-13.25,-30.37,28.56,342.07,-79.24,-170.37,0.5703298749209235,-1.1276322199169766,-0.2046551010304773,-0.052482103043269834,1.25422131752533,-0.33152178731448556,-0.03542507318231065,0.0781300827204214,0.033959969270022844
52.202286,-2.199312,125.37,5.54,2,166.35,21 / 23,13314710,2020-01-08 15:57:18:304,-0.5816,1.0844,9.6917,-0.0202,0.0057,9.8066,-0.0567,0.0491,0.0665,-13.94,-30.94,28.06,340.09,-79.45,-169.49,0.3163849614654527,-1.1741460042717493,-0.1150972493641309,-0.4308911513419627,1.537806704562124,-0.044410889244815774,-0.04938916022907223,0.04318357290364151,0.07377144953629161
52.202286,-2.199312,125.37,5.54,2,166.35,21 / 23,13314810,2020-01-08 15:57:18:404,-1.1057,0.4945,9.6448,-0.021,0.0012,9.8066,-0.005,0.0129,0.0621,-14.31,-30.75,27.38,339.53,-79.59,-169.06,0.9533064924562574,-0.7149255642249834,-0.1618220907612324,0.3126244306202759,1.5137552930759492,-0.21965239265506253,-0.005779263618322325,0.034779294398085185,0.046489800827927225
52.202286,-2.199312,125.37,5.54,2,166.35,21 / 23,13314910,2020-01-08 15:57:18:504,0.6235,0.4306,9.831,-0.0067,-0.0055,9.8066,0.0258,0.0901,0.0095,-14.31,-30.75,28.0,341.61,-79.66,-168.32,-0.7092219807206378,-0.2904251058468581,0.0242497413705087,0.3964138551929982,0.6963849419762536,0.023318299690624114,0.019988368910962125,0.05484580945530372,0.03324311013483901
52.202286,-2.199312,125.37,5.54,2,166.35,21 / 23,13315010,2020-01-08 15:57:18:604,-0.7239,0.5539,10.1051,-0.0047,0.0108,9.8066,-0.0037,0.0293,0.0312,-14.62,-30.37,27.81,339.79,-79.73,-168.39,0.5855872507911227,-0.6850778591335163,0.2984365906452037,0.2604987250864529,1.1381536218213875,0.2982728773676444,0.007663592763279407,0.07432470136476525,0.0007343435650033897
52.202286,-2.199312,125.37,5.54,2,166.35,21 / 23,13315110,2020-01-08 15:57:18:704,1.6161,-0.4835,10.4316,0.0026,-0.0055,9.8066,0.047,0.1825,-0.08,-14.62,-30.75,27.13,337.95,-79.66,-168.78,-1.4730908251585495,0.8135728391747155,0.6249751244576829,1.4761090844189253,-0.0057551252202802106,0.5659305784775502,0.031766161235555354,0.13156718868124498,-0.04562655830290812
52.202286,-2.199312,125.37,5.54,2,166.35,21 / 23,13315210,2020-01-08 15:57:18:804,1.7503,-0.2422,9.9095,0.0079,-0.0018,9.8066,0.0168,0.1003,0.0082,-14.12,-30.87,27.38,339.39,-79.49,-169.12,-1.6499897005474398,0.6093457423155285,0.1028109158081296,1.435377643090351,-0.9972778868758199,0.1416097173995298,0.03421661161602028,0.15376332180675623,-0.026392299499189104
52.202286,-2.199312,125.37,5.54,2,166.35,21 / 23,13315310,2020-01-08 15:57:18:904,1.934,-0.8313,9.9451,-0.0087,-0.0046,9.8066,0.0197,0.2055,-0.0499,-15.12,-30.25,27.75,339.01,-79.41,-168.91,-1.7195658222234331,1.2249906744424464,0.1385267503772683,1.8940215488376455,-0.29293292932345294,0.03802846290791467,0.0014512107367339253,0.152111501117756,-0.01870455067849814
52.202286,-2.199312,125.37,5.54,2,166.35,22 / 23,13315410,2020-01-08 15:57:19:004,1.1997,-1.0925,9.9291,-0.0011,0.0014,9.8066,0.002,0.1572,-0.0009,-15.37,-30.37,27.81,339.3,-79.35,-168.65,-0.937567491913156,1.3264496772638348,0.1226480810870814,2.0037409729121847,-0.1090911759412262,0.18255899613125898,0.01997245358314985,0.20826712450234316,-0.02597827393907984
52.202286,-2.199312,125.37,5.54,2,166.35,22 / 23,13315510,2020-01-08 15:57:19:104,1.042,-0.734,9.8942,-0.0006,-0.0012,9.8066,0.059,0.2573,-0.0596,-15.44,-30.12,27.25,338.37,-79.38,-168.45,-0.8606927209981226,0.9397897035392172,0.0876796050545261,1.6325081340898757,0.4623142471048527,-0.0414624618263099,0.04236184954957103,0.21126283859573103,-0.04211346599997298
52.202286,-2.199312,125.37,5.54,2,166.35,22 / 23,13315610,2020-01-08 15:57:19:204,1.0252,-1.3549,9.7445,0.0196,0.007,9.8066,0.0013,0.2073,-0.0846,-16.12,-30.31,27.31,335.84,-79.3,-168.96,-0.6892923008059759,1.5462557815466509,-0.0618753754183311,2.0656522047826664,0.3452030845629013,0.007403837332726107,0.01573462585677112,0.2446735442079187,-0.0941191808899777
52.202286,-2.199312,125.37,5.54,2,166.35,22 / 23,13315710,2020-01-08 15:57:19:304,2.3711,-1.4354,9.873,0.0073,-0.0023,9.8066,0.0363,0.384,-0.1219,-16.12,-30.5,26.94,335.68,-79.24,-169.06,-2.000444062608496,1.907755870065183,0.0665289606581531,2.6180851963484173,-0.7982757259517622,-0.08534081524872729,0.02429803331513658,0.35923090376576333,-0.1200750763157801
52.202286,-2.199312,125.37,5.54,2,166.35,22 / 23,13315809,2020-01-08 15:57:19:403,2.3607,-0.7884,10.0646,0.0256,0.0101,9.8066,0.0277,0.3162,-0.1308,-16.37,-31.06,27.19,334.35,-79.08,-169.93,-2.108868515028992,1.281785467565208,0.2579881033265958,1.6607424252769525,-0.8829255061182706,0.331863539899226,0.03798121605506962,0.32579232994844814,-0.12542630376447966
52.202286,-2.199312,125.37,5.54,2,166.35,22 / 23,13315909,2020-01-08 15:57:19:503,1.5339,0.1019,10.2768,0.0121,0.0216,9.8066,-0.0117,0.2685,-0.104,-17.19,-31.0,26.56,330.23,-79.03,-171.83,-1.5035404721091004,0.2486446011497496,0.4700566785495395,0.9445618195886055,-0.40024289479849895,0.2956239873890609,-0.021690695579490715,0.273596446348232,-0.11599349698123139
52.202286,-2.199312,125.37,5.54,2,166.35,22 / 23,13316010,2020-01-08 15:57:19:604,2.3366,-0.6515,9.6217,0.0033,0.0221,9.8066,-0.0692,0.336,-0.0951,-17.12,-31.56,26.31,328.33,-79.06,-172.1,-2.133905004267066,1.1595087398664274,-0.1849399225082004,1.440473659359608,-0.7640403697187954,-0.10684418753643388,-0.057911980826775754,0.3202846153164801,-0.07735071201356168
52.202286,-2.199312,125.37,5.54,2,166.35,22 / 23,13316109,2020-01-08 15:57:19:703,1.7044,0.5711,9.6121,-0.0074,0.02,9.8065,0.0124,0.3561,-0.0564,-17.5,-31.0,26.5,328.89,-79.3,-173.1,-1.790226533212509,-0.1701653246743956,-0.1946651793731461,0.4592994360159258,-0.7405866069774253,-0.3938026091146868,-0.0015341024112226452,0.37563575752760087,-0.07835859208391607
52.202286,-2.199312,125.37,5.54,2,166.35,22 / 23,13316210,2020-01-08 15:57:19:804,2.999,0.6756,9.9085,0.001,0.0071,9.8066,0.0244,0.4555,-0.1129,-17.62,-30.5,27.38,327.63,-79.41,-172.99,-3.071629384185813,-0.0083681623245159,0.101502512607283,0.2321875365634012,-1.619415453745599,0.18427487345753274,0.041922979107225075,0.4400255114603844,-0.08921771568148035
52.202286,-2.199312,125.37,5.54,2,166.35,22 / 23,13316311,2020-01-08 15:57:19:905,1.6686,1.7941,10.3989,0.021,0.0148,9.8065,0.006,0.457,-0.0403,-18.06,-30.37,26.63,326.63,-79.48,-173.88,-1.9916721101702195,-1.3836085124316388,0.5918629063362673,-0.8796948352477754,-0.9473058658092505,0.36672112336302753,-0.015312221383773335,0.4613671602007845,-0.062474640413019054
52.202286,-2.199312,125.37,5.54,2,166.35,22 / 23,13316411,2020-01-08 15:57:20:005,1.4332,3.2962,9.2481,-0.0062,0.0163,9.8065,-0.0768,0.5164,-0.054,-18.94,-31.5,25.56,323.23,-79.67,-174.2,-2.110796655602892,-2.8936472227046046,-0.5592585799338019,-2.6357138035473717,-0.6321316535293944,-0.4727353506342701,-0.05274887963276501,0.5275537541538737,-0.036693284484097366
52.202286,-2.199312,125.37,5.54,2,166.35,22 / 23,13316510,2020-01-08 15:57:20:104,1.9042,2.6021,10.2599,-0.031,0.002,9.8065,-0.0172,0.6226,-0.0227,-19.0,-31.19,23.63,322.66,-80.07,-172.45,-2.448988090164747,-2.123358727039093,0.4526540185816801,-1.7955841758084254,-1.375643811621148,0.20217424644555784,-0.041585985521049376,0.5952738044382161,-0.03244535012393812
52.202286,-2.199312,125.37,5.54,2,166.35,22 / 23,13316610,2020-01-08 15:57:20:204,1.5428,1.5994,9.7046,-0.0306,-0.0151,9.8065,-0.0516,0.564,-0.0814,-20.12,-32.0,22.06,320.24,-80.26,-170.35,-1.8836882967165332,-1.2384729851282383,-0.1023937787207538,-0.9201839057238416,-0.4152319394987334,-0.014448613360204088,-0.02996425640290029,0.6043794943599512,-0.08042328918192061
52.202286,-2.199312,125.37,5.54,2,166.35,22 / 23,13316709,2020-01-08 15:57:20:303,1.135,0.5575,9.6913,-0.0159,-0.0258,9.8065,0.0537,0.7363,-0.1091,-21.37,-31.56,21.19,318.64,-80.37,-169.07,-1.249374394071657,-0.3222128658925237,-0.1154263076226839,-0.19917238814733562,-0.1353521421406353,-0.3893091672241738,0.037327255303173885,0.6887582078512186,-0.10225651070442102
52.202286,-2.199312,125.37,5.54,2,166.35,22 / 23,13316810,2020-01-08 15:57:20:404,2.7209,0.7049,9.8797,-0.0064,-0.0181,9.8066,0.0367,0.7184,-0.111,-21.5,-31.56,20.25,319.01,-80.21,-167.06,-2.818971898818655,-0.1197840914168344,0.0727124825197715,0.2756399948667282,-0.556088656972703,0.15931233273976067,0.04717174358646378,0.7657161749982686,-0.1224293690677076
52.202286,-2.199312,125.37,5.54,2,166.35,22 / 23,13316910,2020-01-08 15:57:20:504,2.9295,1.3291,10.3197,-0.0095,0.0007,9.8066,0.0272,0.7698,-0.1977,-22.0,-31.75,18.5,315.54,-80.2,-167.26,-3.1559297082597038,-0.6656055140887155,0.5125584319260764,-0.7450041299110126,-0.8538077426399074,0.21781883983207487,0.02071684958608987,0.7307555441719457,-0.186450095275806
52.202286,-2.199312,125.37,5.54,2,166.35,22 / 23,13317010,2020-01-08 15:57:20:604,3.6308,2.5021,10.456,-0.0031,0.0065,9.8066,0.0131,0.7298,-0.1661,-22.31,-32.0,17.44,311.04,-80.34,-167.8,-4.085527889223479,-1.656148979960692,0.6485378574549808,-1.1991564645109614,-0.5793413468841843,0.7306616355432928,0.019639933753840953,0.7523886679960867,-0.17238848505176524
52.202286,-2.199312,125.37,5.54,2,166.35,22 / 23,13317110,2020-01-08 15:57:20:704,2.2074,3.0026,9.6017,-0.0169,0.0032,9.8065,-0.0067,0.8435,-0.1512,-22.87,-33.25,15.31,305.25,-80.57,-168.15,-2.817086443447803,-2.451036899717045,-0.2056598559954418,-2.696742928389119,-0.8401597133643165,-0.5175683821270672,-0.018047433036025972,0.8446375118318832,-0.15304544772085715
52.202286,-2.199312,125.37,5.54,2,166.35,22 / 23,13317210,2020-01-08 15:57:20:804,2.1826,3.3532,9.1362,-0.0123,-0.0244,9.8066,-0.0151,0.8025,-0.1051,-23.06,-32.81,13.25,301.88,-80.62,-167.2,-2.869620746015108,-2.826619815942298,-0.6713427739702158,-2.3552233338971877,-0.597696299432078,-0.5978759825752524,0.0045989018053157575,0.7732553415833492,-0.09451439235397993
52.202286,-2.199312,125.37,5.54,2,166.35,22 / 22,13317310,2020-01-08 15:57:20:904,1.3913,0.7967,10.0459,-0.0071,-0.0413,9.8065,0.0308,0.6507,0.019,-23.37,-32.94,12.63,303.93,-80.61,-165.36,-1.545889307932645,-0.5178207657209188,0.2390958431418838,-0.8649435543519917,-0.3881899214574968,-0.0849354615341778,0.0020747286566227905,0.70752078846035,0.0013996492722739944
52.202286,-2.199312,125.37,5.54,2,166.35,22 / 22,13317409,2020-01-08 15:57:21:003,2.2511,2.0679,8.8807,0.0191,-0.0523,9.8064,-0.0127,0.7603,-0.1005,-24.31,-32.94,11.5,304.65,-80.29,-161.61,-2.635499792355134,-1.5905931961504651,-0.9263620560320304,-1.173825852197622,-0.6193314245329327,-0.8658037874800775,0.02221819122730325,0.6820151868983348,-0.07855504141616897
52.202286,-2.199312,125.37,5.54,2,166.35,22 / 22,13317510,2020-01-08 15:57:21:104,1.5694,-0.9234,10.9231,-0.0151,-0.02,9.8065,0.1438,0.4377,-0.1051,-24.75,-33.0,10.88,302.56,-80.09,-160.6,-1.353378170865403,1.222691783073482,1.1166734975943526,0.8534612654026992,-0.20096569031281503,0.7843542740938138,0.10811285222432729,0.5269913698894733,-0.12936617486384897
52.202286,-2.199312,125.37,5.54,2,166.35,22 / 22,13317609,2020-01-08 15:57:21:203,0.8814,-0.2928,10.4896,-0.001,-0.0045,9.8066,-0.016,0.4498,-0.0489,-24.56,-33.75,10.06,300.44,-80.08,-160.06,-0.7998755769634669,0.4711220849736607,0.682992454151165,0.7604314983507419,0.5409489881637426,0.7304212921301276,0.014745676353113885,0.36182691218592766,-0.023217217383223437
52.202286,-2.199312,125.37,5.54,2,166.35,22 / 22,13317710,2020-01-08 15:57:21:304,0.5385,-0.6112,10.0893,-0.0086,0.0115,9.8066,-0.0345,0.1904,0.0071,-23.75,-33.62,8.94,298.49,-80.26,-160.21,-0.4004735425953277,0.7257000959156006,0.2827955135238823,0.4077850557504715,0.7594044902652295,-0.06010207211973356,-0.056800266822079906,0.2656146109553144,-0.019347791676321367
52.202286,-2.199312,125.37,5.54,2,166.35,22 / 22,13317810,2020-01-08 15:57:21:404,1.127,0.6827,9.5638,0.0004,-0.0117,9.8066,-0.0166,0.2966,-0.0375,-23.75,-34.0,8.25,296.96,-80.36,-159.44,-1.2495108390423888,-0.4359133208352673,-0.243049377357677,-0.3303671167127089,0.01917218975964896,-0.20038258215315913,-0.002864180669441399,0.24201963386483638,-0.011639422774170108
52.202286,-2.199312,125.37,5.54,2,166.35,22 / 22,13317910,2020-01-08 15:57:21:504,1.3017,0.7913,10.1246,0.0056,-0.0012,9.8066,-0.0026,0.0284,0.1305,-24.62,-33.94,7.81,297.85,-80.35,-158.37,-1.4362096929672137,-0.4953934383762638,0.3177145244409896,-0.7125756873868866,-0.24481370641967298,-0.04699089550963656,-0.010488985335610022,0.06049684678347759,0.10700688149796993
52.202286,-2.199312,125.37,5.54,2,166.35,22 / 22,13318010,2020-01-08 15:57:21:604,0.5746,-1.6517,10.0496,-0.0062,-0.0117,9.8066,-0.0038,-0.0073,0.0266,-23.81,-34.0,7.88,299.46,-80.28,-157.1,-0.2146774691395536,1.7264661805373736,0.2433223206048494,1.622365256584133,0.9438098676541018,0.2980890836796709,0.002407674246746462,-0.022299196807446357,0.04697703540387586
52.202286,-2.199312,125.37,5.54,2,166.35,22 / 22,13318110,2020-01-08 15:57:21:704,0.5802,0.4563,10.0469,-0.0072,0.0162,9.8066,0.0512,0.12,-0.0449,-23.44,-33.56,7.13,297.13,-80.36,-157.16,-0.6683105014690472,-0.3035766474065523,0.2401523532584868,-0.4032620984835813,0.5787373619488507,-0.16287593712071177,0.04222497638973466,0.12891283790079952,-0.06366439557176232
52.202286,-2.199312,125.37,5.54,2,166.35,22 / 22,13318209,2020-01-08 15:57:21:803,1.5156,0.4199,10.5591,-0.0054,0.0165,9.8066,-0.0011,0.0848,-0.0737,-24.06,-34.0,7.19,296.0,-80.52,-158.2,-1.5722568042009897,-0.0671297578461646,0.7522838209447339,-0.3730894814066923,-0.5541665320332103,0.8373529594548239,0.014809833687698767,0.06994196178647914,-0.05320987039944986
52.202286,-2.199312,125.37,5.54,2,166.35,22 / 22,13318309,2020-01-08 15:57:21:903,0.4318,0.4271,10.2192,-0.0168,-0.0196,9.8066,0.0248,0.0478,-0.0343,-23.75,-33.75,6.94,296.67,-80.73,-157.88,-0.5341970706935754,-0.339896998925712,0.4124622768007987,-0.3369166308008244,0.7779994540647195,-0.04082846145704386,-0.0016165936320523253,0.07612201085149059,-0.05961004850176111
52.202286,-2.199312,125.37,5.54,2,166.35,22 / 23,13318409,2020-01-08 15:57:22:003,0.984,0.641,9.0204,0.001,-0.0124,9.8066,0.0122,0.1163,0.0414,-23.12,-33.69,6.75,297.32,-80.66,-157.4,-1.1003841957439982,-0.4266335156165584,-0.7864282962288986,-0.8968208057274691,-0.23025869806098864,-0.6626799826213845,0.051488378592123574,0.07518483059988068,0.07176321829435946
52.202286,-2.199312,125.37,5.54,2,166.35,22 / 23,13318510,2020-01-08 15:57:22:104,1.4044,-1.5864,9.8886,-0.013,0.0152,9.8066,0.1024,-0.06,0.1172,-24.25,-33.81,6.69,297.32,-80.48,-156.95,-1.0399503978591598,1.868852128031979,0.0822448390047608,1.93286052503162,0.3193213256661497,-0.4180347677383727,0.05002448057156138,-0.015119687172805846,0.08603090219135132
52.202286,-2.199312,125.37,5.54,2,166.35,22 / 23,13318610,2020-01-08 15:57:22:204,0.4724,-0.2526,9.665,0.0155,-0.0253,9.8066,-0.0517,0.1033,-0.1558,-23.56,-33.81,6.63,297.19,-80.4,-156.98,-0.3973325363069928,0.3202399714142644,-0.1415862857074915,-0.25150994003164473,0.3492614344764351,0.011183147759145445,0.011127128165133619,0.06871951457749237,-0.1317026256637414
52.202286,-2.199312,125.37,5.54,2,166.35,22 / 23,13318710,2020-01-08 15:57:22:304,2.3325,0.2245,10.4488,0.0101,0.0028,9.8065,0.0561,-0.0075,-0.0487,-23.44,-33.12,7.0,296.5,-80.46,-158.22,-2.31584141466259,0.2826319965611264,0.6420589043486944,0.3439891856424696,-0.6428650719516111,0.11735278285597059,-0.011737161599136707,0.0029704009492402053,-0.05759750194248696
52.202286,-2.199312,125.37,5.54,2,166.35,22 / 23,13318809,2020-01-08 15:57:22:403,0.7326,-1.331,9.1429,0.0308,0.0122,9.8065,-0.0728,-0.0473,0.0866,-23.62,-33.37,7.31,294.43,-80.22,-159.59,-0.3965385588688934,1.4628028928250223,-0.6633545869841619,0.8710639080539824,0.27932069645687657,-0.5081017230192983,-0.0073785723449457195,-0.024977607531674183,0.07559953154512164
52.202286,-2.199312,125.37,5.54,2,166.35,22 / 23,13318910,2020-01-08 15:57:22:504,2.0991,-0.2652,10.4886,0.0195,0.0052,9.8066,0.0532,0.1055,-0.0154,-23.56,-33.69,6.69,293.37,-80.08,-160.0,-1.972930268134748,0.7110194087662381,0.6818899305866466,0.693408977313831,-0.6864983975863467,0.16781714923526955,-0.0018962269976129705,0.04924505760159186,0.015293799907576802
52.202286,-2.199312,125.37,5.54,2,166.35,22 / 23,13319010,2020-01-08 15:57:22:604,0.924,-2.1027,9.535,0.0474,0.0063,9.8065,-0.1458,-0.0883,0.0378,-23.44,-32.75,6.63,293.27,-79.98,-160.5,-0.4026672844218003,2.248196330832362,-0.2710961565354216,1.7220525105470736,0.26438859687328436,-0.14486953525643098,-0.10730609352810118,-0.003928613430905344,-0.008490642088112382
52.202286,-2.199312,125.37,5.54,2,166.35,22 / 23,13319110,2020-01-08 15:57:22:704,2.0201,1.2304,10.7093,0.0236,0.0026,9.8066,-0.1175,0.098,-0.0731,-23.75,-32.37,6.81,293.76,-80.09,-160.4,-2.213890440694572,-0.7700589687564986,0.9022586553970384,-0.9341895639379839,-0.8472252899451572,0.4305938753642641,-0.13696867702860033,-0.004276277886773254,-0.01716137374230744
52.202286,-2.199312,125.37,5.54,2,166.35,22 / 23,13319209,2020-01-08 15:57:22:803,1.5625,0.0724,9.0414,0.022,0.0383,9.8065,-0.115,-0.0791,0.065,-23.5,-33.44,6.25,289.74,-80.13,-161.48,-1.5117117979145325,0.2980349412445228,-0.765234397974494,-0.10051222041965024,-0.8098987855726067,-0.6868775244695503,-0.1118457839368412,0.029463552644885326,0.005350228288292427
52.202286,-2.199312,125.37,5.54,2,166.35,22 / 22,13319310,2020-01-08 15:57:22:904,0.5136,2.3861,9.5485,0.0095,0.0068,9.8066,-0.0873,0.2153,-0.0865,-24.0,-33.31,6.5,291.94,-80.23,-161.88,-1.0037905260005613,-2.2152406125924657,-0.2586784069698744,-2.553493714863575,-0.0155593438592415,-0.6765992066684984,-0.08151496279192663,0.11104314509516304,-0.0278798442256895
52.202286,-2.199312,125.37,5.54,2,166.35,22 / 22,13319410,2020-01-08 15:57:23:004,0.1205,0.5317,10.3514,-0.0061,0.0167,9.8066,0.0297,0.056,-0.0383,-23.19,-33.69,6.5,291.33,-80.35,-162.4,-0.2344266229832446,-0.4758515552416768,0.5446733478065082,-0.7391013259128505,0.5058544692246987,0.5830831377343173,0.02476204985584413,0.14781408771758225,-0.09243209393704613
52.202286,-2.199312,125.37,5.54,2,166.35,22 / 22,13319510,2020-01-08 15:57:23:104,0.1661,-1.7247,9.6603,-0.0009,-0.0203,9.8066,0.0652,0.1988,-0.0707,-22.5,-33.25,5.75,288.67,-80.32,-162.83,0.2033420175208442,1.7004789834673564,-0.1459290947562532,1.2251265103353814,1.041593764850608,-0.5281162430562416,0.06055841607470851,0.1250483514866463,-0.024462841998412962
52.202286,-2.199312,125.37,5.54,2,166.35,22 / 22,13319609,2020-01-08 15:57:23:203,2.2007,-0.4225,9.2461,0.0119,-0.0156,9.8065,0.0801,0.1507,-0.0962,-23.62,-32.87,6.38,288.69,-80.13,-162.4,-2.050071540525739,0.8680557890180984,-0.5604882120781751,0.6802797010928681,-1.2604492222761412,-0.5252432288656596,0.09823300345589629,0.2018646527299095,-0.12938845906011304
52.202286,-2.199312,125.37,5.54,2,166.35,22 / 22,13319710,2020-01-08 15:57:23:304,0.7101,-0.9485,10.0289,-0.0027,-0.036,9.8065,-0.0037,0.1571,-0.2177,-23.5,-33.5,6.0,288.08,-80.0,-162.83,-0.4999890202323128,1.0443589113343663,0.2225472847815237,0.5304937739600047,0.2404061844055846,-0.16601882939968904,-0.03140206983474208,0.13406083023205834,-0.20496132517990687
52.202286,-2.199312,125.37,5.54,2,166.35,22 / 22,13319810,2020-01-08 15:57:23:404,-0.5393,1.0715,9.9849,-0.0138,0.0097,9.8066,-0.0889,0.134,0.0209,-23.69,-32.69,6.13,288.54,-80.16,-162.59,0.2849198342336915,-1.149982684524958,0.1781036028636596,-1.367818983005918,0.9597505846620249,0.26354869909024015,-0.06431049459334709,0.12124038914623236,0.035814768114761274
52.202286,-2.199312,125.37,5.54,2,166.35,22 / 22,13319910,2020-01-08 15:57:23:504,2.4318,-0.9397,10.8194,0.0083,0.0077,9.8065,0.0981,0.1481,0.0504,-23.81,-33.62,5.94,288.33,-80.31,-162.6,-2.163287704020227,1.446055366396812,1.0129144124504663,1.0131585764849,-1.2939962161076486,0.569703023273118,0.09539876701147487,0.20489415961156032,0.005584573401180015
52.202286,-2.199312,125.37,5.54,2,166.35,22 / 22,13320010,2020-01-08 15:57:23:604,0.5423,1.003,9.3267,0.0239,-0.0355,9.8065,0.029,0.1208,-0.1129,-23.44,-33.12,5.88,288.8,-80.05,-162.25,-0.7294773752221048,-0.902672526237273,-0.4800769932161792,-1.2456293684249546,-0.1767590296105359,-0.296347035549137,-0.00854563171459085,0.01584970492721148,-0.04482278169394582
52.202286,-2.199312,125.37,5.54,2,166.35,22 / 22,13320110,2020-01-08 15:57:23:704,-0.5065,1.2642,9.2147,-0.0189,0.0256,9.8065,0.0057,-0.1604,0.1596,-23.69,-33.94,5.88,287.81,-79.97,-162.61,0.2099961301129688,-1.3143446822957854,-0.5920393918130511,-1.5917637193162937,0.9231860685007409,-1.1208351891851605,0.09326759282394188,-0.013343375736073925,0.08382412055578048
52.202286,-2.199312,125.37,5.54,2,166.35,22 / 22,13320210,2020-01-08 15:57:23:804,2.2885,3.063,11.1988,-0.0287,-0.0109,9.8066,0.2117,0.1549,-0.0603,-23.56,-33.56,6.13,288.22,-80.15,-162.48,-2.9240362906380373,-2.504146649527664,1.3913156430843163,-2.9897872679329125,-1.588403187215747,1.693241570114506,0.07898117874573907,-0.013636988864212135,0.0029564704237552905
52.202286,-2.199312,125.37,5.54,2,166.35,23 / 24,13320310,2020-01-08 15:57:23:904,0.2107,-2.6275,9.4292,0.0109,0.001,9.8066,-0.1581,0.0339,0.1164,-23.56,-33.06,6.44,288.21,-79.92,-162.57,0.3700052238776213,2.6100696215607697,-0.3768232409351795,2.458971175932394,1.0828010070787975,-0.9849992646637787,-0.00031460314453912036,0.18859077655497125,0.08417617677686075
52.2022,-2.198924,126.17,8.26,3,71.56,23 / 24,13320410,2020-01-08 15:57:24:004,-1.5796,-2.5948,4.6052,-0.0332,0.0104,9.8066,0.6075,0.5627,-0.0158,-23.81,-32.94,5.75,289.28,-79.99,-161.67,2.0709873801696457,2.212887646360599,-5.200684714127815,1.6847625151674133,2.3096023923127627,-4.803375376809799,0.4538558028254549,0.4659927991457286,-0.026301150496431173
52.2022,-2.198924,126.17,8.26,3,71.56,23 / 24,13320510,2020-01-08 15:57:24:104,-1.6533,-1.9379,9.8099,-0.0917,-0.0806,9.8058,0.303,0.2121,-0.6783,-24.25,-32.81,6.38,289.79,-79.79,-160.91,1.92437486598388,1.4781523720313627,0.0046476044989675,1.3073076070004188,2.570628874533134,-0.6324666086783344,0.4241711692850607,0.2102803385007637,-0.6214016784637553
52.2022,-2.198924,126.17,8.26,3,71.56,23 / 24,13320610,2020-01-08 15:57:24:204,0.0331,-4.8289,9.7471,-0.0152,-0.0968,9.8061,0.0408,0.4532,-0.5291,-23.19,-33.37,5.44,283.41,-80.01,-164.77,0.9701615876319956,4.631847817759307,-0.0579360595977715,4.2589234118198425,1.2714559358162574,0.3708484104123455,-0.02863445486897717,0.5744259445773146,-0.6301571098222389
52.2022,-2.198924,126.17,8.26,3,71.56,23 / 24,13320710,2020-01-08 15:57:24:304,1.3425,2.3614,9.6512,0.0072,-0.0156,9.8065,-0.0364,0.8083,-0.1304,-23.62,-33.69,5.75,286.84,-80.05,-163.62,-1.8150738727342008,-2.0343207166806323,-0.1559462670334556,-2.431947369972224,-1.3418812526179233,-0.7381711538981848,-0.025988461216186726,0.5789669782001958,0.007757945076555084
52.2022,-2.198924,126.17,8.26,3,71.56,23 / 24,13320809,2020-01-08 15:57:24:403,-0.6818,-6.9978,11.9112,-0.053,0.017,9.8065,0.2089,-0.4478,0.2835,-23.87,-33.25,5.63,288.43,-80.44,-163.07,2.121893985248069,6.715168688683643,2.106334723611345,6.703668043321451,2.4081760365604876,2.480631174027982,0.25329326136982266,-0.1550000093603427,0.12258211545428808
52.2022,-2.198924,126.17,8.26,3,71.56,23 / 24,13320910,2020-01-08 15:57:24:504,0.8187,0.4748,12.6832,-0.0318,-0.0469,9.8064,0.3342,0.0687,-0.1048,-23.25,-33.37,6.19,288.77,-80.26,-162.57,-0.94314099618319,-0.3272408629243655,2.876612219078389,-1.1066645167647886,-0.7441276648217952,2.4410364649088154,0.24987167560993598,-0.2215985593387999,0.0547188279592667
52.2022,-2.198924,126.17,8.26,3,71.56,23 / 24,13321010,2020-01-08 15:57:24:604,1.7149,5.3934,8.0731,-0.0196,0.0731,9.8063,0.0197,-0.6136,0.3868,-23.62,-33.69,6.13,287.52,-80.04,-162.98,-2.837497984766712,-4.822657913713683,-1.734543286787515,-4.380923658568559,-1.4024593610300717,-1.4935990306191052,0.12016777275303332,-0.39396960636049033,0.260399203705407
52.2022,-2.198924,126.17,8.26,3,71.56,23 / 24,13321110,2020-01-08 15:57:24:704,1.8655,1.8508,12.1762,-0.076,0.0098,9.8063,0.1653,-0.3744,0.1701,-23.75,-32.69,6.13,286.99,-80.24,-164.15,-2.292193564585966,-1.3810424076392156,2.3693247541805573,-2.530539020792262,-2.114841174056028,2.149864960559612,0.07674936213044779,-0.4708698391443375,0.23152489797444684
52.2022,-2.198924,126.17,8.26,3,71.56,23 / 24,13321210,2020-01-08 15:57:24:804,2.4472,5.4911,10.776,0.0473,0.0651,9.8062,-0.3147,-0.4433,0.3205,-23.37,-33.31,5.81,287.78,-80.19,-163.39,-3.510411424005892,-4.783384120826026,0.9683780443805812,-3.999059269228728,-1.2137163912227253,1.0324044339961802,-0.26276995859473573,-0.4953378556998016,0.34691301012224013
52.2022,-2.198924,126.17,8.26,3,71.56,23 / 24,13321309,2020-01-08 15:57:24:903,-0.3265,-4.075,8.0003,0.055,0.0658,9.8062,-0.2145,-0.7352,0.5029,-24.5,-32.69,6.19,285.66,-80.05,-165.13,1.2630170427129597,3.9623279225678223,-1.8049340940477547,2.6667898126769796,0.8931542349289536,-1.784387635194781,-0.216303637684008,-0.5398348909963904,0.38169907918833373
52.2022,-2.198924,126.17,8.26,3,71.56,23 / 23,13321409,2020-01-08 15:57:25:003,2.6442,4.3216,11.2354,0.0011,0.0218,9.8066,0.1261,0.0851,-0.0302,-23.75,-32.44,5.5,286.7,-79.97,-164.45,-3.5058692704621155,-3.6313263712503794,1.4276121790917138,-2.8114423774361557,-1.1265804698020185,1.3216529680060423,0.07937538225526752,-0.22227391812947533,0.17466845340016673
52.2022,-2.198924,126.17,8.26,3,71.56,23 / 23,13321510,2020-01-08 15:57:25:104,-0.6791,-4.6252,9.0659,0.0276,0.0586,9.8063,-0.1949,-0.4629,0.2737,-23.81,-32.75,5.81,285.63,-79.91,-164.98,1.6972119746905614,4.422502565271469,-0.7392848322089746,3.3582354200633695,1.224753760015536,-0.5053834516609702,-0.11384528152310341,-0.0910113877322419,0.011420997941325669
52.2022,-2.198924,126.17,8.26,3,71.56,23 / 23,13321610,2020-01-08 15:57:25:204,2.0472,-3.6871,10.2441,0.006,-0.0621,9.8064,-0.0461,0.4835,-0.4913,-23.56,-32.44,5.0,284.69,-80.16,-164.23,-1.2142121756699538,3.9789749528011686,0.4383501425068541,4.435593246732026,-0.4285919338452233,0.21350362399934264,-0.14151062914457196,0.09888935540015689,-0.2064065304269081
52.2022,-2.198924,126.17,8.26,3,71.56,23 / 23,13321710,2020-01-08 15:57:25:304,-1.2927,-5.8519,10.2628,-0.0244,0.0586,9.8064,-0.0456,-0.1024,0.09,-23.44,-32.5,4.88,285.03,-80.32,-164.1,2.509246784369619,5.499541879919382,0.4578381658878177,5.060916293397633,1.62350912934565,0.8442828552321574,0.044862499048695645,0.24926794715362194,-0.182540287734115
52.2022,-2.198924,126.17,8.26,3,71.56,23 / 23,13321810,2020-01-08 15:57:25:404,0.2552,-1.03,11.1306,0.0202,-0.0607,9.8064,0.1409,0.6814,-0.5165,-22.75,-33.12,4.38,281.46,-80.38,-164.68,-0.0212920179122917,0.9968881946811062,1.3243993760488817,0.7490072829218374,0.48935658430993145,1.0522379594942046,0.07051777018917611,0.3951332855286429,-0.28347494292444775
52.2022,-2.198924,126.17,8.26,3,71.56,23 / 23,13321910,2020-01-08 15:57:25:504,1.5034,5.4116,10.7935,0.0282,0.0102,9.8065,0.0171,0.3208,-0.1872,-22.44,-33.62,4.56,282.68,-80.14,-165.15,-2.6020467297208567,-4.958158311800104,0.9856596631071718,-4.5030436681833965,-2.1030893010372593,1.456450006329829,0.05786704656568069,0.5253718090886218,-0.3663167178701659
52.2022,-2.198924,126.17,8.26,3,71.56,23 / 23,13322010,2020-01-08 15:57:25:604,0.8578,1.5725,10.6031,-0.0212,-0.0688,9.8064,0.1375,0.5494,-0.3603,-21.69,-33.69,5.06,283.34,-80.12,-164.48,-1.211402377036472,-1.414113227742357,0.7962572700041601,-2.5303785906502263,-1.1101008487861903,0.5429935361430419,0.12926884310549888,0.4278415270715985,-0.23668432594875502
52.2022,-2.198924,126.17,8.26,3,71.56,23 / 23,13322110,2020-01-08 15:57:25:704,0.8414,3.9421,9.9885,-0.0077,-0.0446,9.8065,0.0749,0.4521,-0.3669,-22.37,-33.56,5.44,282.53,-80.1,-165.23,-1.6863451968421104,-3.710975552694337,0.1810304515613565,-2.3035716061307596,-1.4154909044921324,0.681847162424658,0.05506833527705295,0.5001002755759608,-0.4417162280923118
52.2022,-2.198924,126.17,8.26,3,71.56,23 / 23,13322210,2020-01-08 15:57:25:804,1.0145,-6.7239,10.2359,0.0122,-0.0931,9.8062,-0.0988,0.5966,-0.513,-22.81,-34.25,5.06,280.81,-80.15,-167.04,0.4465950611083185,6.691147109869148,0.4311139356172814,4.759450619186362,0.09781803960736946,0.2429280597779364,-0.06209515834158843,0.6068445521781698,-0.4779891769203213
52.2022,-2.198924,126.17,8.26,3,71.56,23 / 23,13322310,2020-01-08 15:57:25:904,0.9234,0.9606,10.9544,-0.0331,-0.0303,9.8065,0.074,0.6004,-0.2433,-22.56,-34.37,5.06,282.59,-80.31,-165.57,-1.1473100633746274,-0.7623310911203406,1.1475976629422786,1.4514049744483584,-0.5021810479787253,1.6451673257637258,0.035180136198270394,0.5493500159753681,-0.24611456679598592
52.2022,-2.198924,126.17,8.26,3,71.56,23 / 23,13322410,2020-01-08 15:57:26:004,-0.2154,-4.6086,10.5313,0.0199,-0.0714,9.8063,-0.0581,0.3577,-0.2371,-22.87,-34.12,5.5,285.56,-80.34,-165.29,1.20512898824962,4.380376722535186,0.7260432634164129,1.8584812749433834,0.46434819616063305,0.6287094850686492,-0.03059310943102182,0.4324184623347651,-0.26014506157551975
52.2022,-2.198924,126.17,8.26,3,71.56,23 / 23,13322510,2020-01-08 15:57:26:104,0.3897,2.5301,9.1123,0.0347,-0.0468,9.8064,-0.0769,0.454,-0.2737,-22.75,-35.19,4.94,283.85,-80.04,-163.54,-0.9006014481996347,-2.440185948611321,-0.6947107223158363,0.3035677986044918,0.029836920522823274,-0.2176147204672072,-0.08532010121607002,0.3705453154710966,-0.23184924438269816
52.2022,-2.198924,126.17,8.26,3,71.56,23 / 23,13322610,2020-01-08 15:57:26:204,-0.4649,-1.0275,9.7276,-0.0229,-0.007,9.8065,-0.0003,0.2819,-0.153,-22.06,-34.44,5.56,285.93,-80.36,-165.03,0.6510660728896935,0.9016314252219908,-0.0786333376129626,-1.9039802173417841,-0.3488503188225952,-0.0716700287523504,-0.011448609556560761,0.36293807200238937,-0.20501848296190797
52.2022,-2.198924,126.17,8.26,3,71.56,23 / 23,13322710,2020-01-08 15:57:26:304,-0.2277,4.1836,9.0484,-0.0007,-0.0515,9.8064,-0.0988,0.4395,-0.4461,-22.31,-34.0,5.25,283.01,-80.48,-165.38,-0.6886878201019637,-4.18472085574439,-0.7589370566398483,-1.223297142666753,0.3815943751800939,-0.3125020723417079,-0.07351155693526262,0.3672385706141007,-0.39235277157840787
52.2022,-2.198924,126.17,8.26,3,71.56,23 / 23,13322810,2020-01-08 15:57:26:404,0.1758,-2.7186,11.1489,0.0094,-0.0275,9.8065,-0.0205,0.2676,-0.2482,-23.19,-34.56,5.19,280.41,-80.83,-168.06,0.4158606308233259,2.663676800691739,1.3429935841945964,-0.1233626790447197,-0.6733379470070873,1.463270859445268,-0.051585813858972145,0.3299186224671723,-0.299029395198269
52.2022,-2.198924,126.17,8.26,3,71.56,23 / 23,13322910,2020-01-08 15:57:26:504,1.8728,2.4742,10.2347,0.0388,-0.0225,9.8065,0.0167,0.2806,-0.1838,-22.12,-34.12,4.69,280.03,-80.64,-168.49,-2.327921820175628,-2.044127717016593,0.427485678911851,0.8539122900665578,-0.9529292447010912,0.8344207761491588,0.04508112416511013,0.2244168527707207,-0.13403074107182633
52.2022,-2.198924,126.17,8.26,3,71.56,23 / 23,13323010,2020-01-08 15:57:26:604,-1.4073,-0.3517,10.1433,-0.021,-0.0238,9.8065,0.0459,0.013,-0.0858,-22.69,-34.37,5.56,281.61,-80.59,-169.44,1.424334776424382,0.0221326292495624,0.336988028556813,-2.4922326615557746,0.41517688399348307,0.5782162113927689,0.027272061233098343,0.07096515352676348,-0.14225486043172003
52.2022,-2.198924,126.17,8.26,3,71.56,23 / 23,13323110,2020-01-08 15:57:26:704,-0.893,0.6077,10.225,-0.0052,-0.0207,9.8066,-0.0291,0.0759,-0.0256,-22.06,-34.75,4.69,279.93,-80.71,-168.28,0.7318914171993302,-0.8046539101045747,0.418331206561709,1.8000530066654985,1.6089814759532932,0.7773575569113784,-0.024877026938922485,0.005689511123843253,0.047210879772316555
52.2022,-2.198924,126.17,8.26,3,71.56,23 / 23,13323210,2020-01-08 15:57:26:804,-1.6866,-0.2012,8.8312,-0.0303,-0.0016,9.8066,0.0525,-0.0192,0.1643,-22.25,-34.37,4.94,281.83,-80.95,-167.25,1.66060820067903,-0.1609470291595027,-0.9752186768321668,-2.1956662157789864,0.8708900166026269,-0.6071631093231076,0.06393024412652235,0.07367493792931074,0.06849005088067733
52.2022,-2.198924,126.17,8.26,3,71.56,22 / 22,13323311,2020-01-08 15:57:26:905,-0.3616,2.2,9.135,-0.0084,-0.0526,9.8065,0.1055,0.1352,-0.1835,-22.0,-34.25,4.38,281.41,-80.86,-164.88,-0.1392445330903871,-2.2757249523283307,-0.6719792789622743,-0.158149511790193,0.46141715089859126,-0.3681550976634051,0.08127907786332728,0.012890783698002187,-0.06411015222332733
52.2022,-2.198924,126.17,8.26,3,71.56,22 / 22,13323410,2020-01-08 15:57:27:004,-0.2414,-2.3415,8.8067,-0.0055,0.0099,9.8066,-0.1018,-0.1154,0.1334,-22.5,-34.06,4.19,280.96,-80.92,-165.41,0.7360257337276911,2.245906642154289,-0.9993499157041336,0.8701733140950708,0.25635963720825183,-0.5007502068401979,-0.07101063062734606,0.03601817008521338,-0.004341776287498371
52.2022,-2.198924,126.17,8.26,3,71.56,22 / 22,13323510,2020-01-08 15:57:27:104,-0.541,1.4632,8.8007,-0.0294,-0.0424,9.8065,-0.0703,0.2878,-0.1798,-23.25,-33.94,3.69,283.23,-81.17,-163.76,0.1760876368094028,-1.580177269047755,-1.0060976605417875,-0.12107904410353026,0.4477496613375319,-0.7636885147852663,-0.10055082649193775,0.1162196520597273,-0.032272158496378676
52.2022,-2.198924,126.17,8.26,3,71.56,22 / 22,13323610,2020-01-08 15:57:27:204,-2.3178,-5.5687,9.059,-0.0264,-0.0232,9.8065,-0.1204,-0.1131,0.0363,-23.0,-34.44,3.88,285.3,-81.46,-162.23,3.430110326619781,4.923370600657679,-0.746060008173601,4.357179812726727,1.8632892951168172,-0.11522006706975008,-0.09571345681254598,0.06239654295918623,-0.11156170957442454
52.2022,-2.198924,126.17,8.26,3,71.56,22 / 22,13323710,2020-01-08 15:57:27:304,-2.1443,0.2546,10.2082,-0.0286,-0.0418,9.8064,0.0563,0.1381,-0.1564,-22.87,-33.94,3.88,287.72,-81.87,-160.57,2.002456933769526,-0.7443920801496469,0.4019071402809708,-0.07053396551515179,1.9483876720973083,0.5781023280693783,0.038236234383161614,-0.021486412385376855,-0.01737052238135081
52.2022,-2.198924,126.17,8.26,3,71.56,22 / 22,13323810,2020-01-08 15:57:27:404,-0.2287,-0.0119,9.2577,-0.0046,0.0022,9.8066,0.1715,-0.41,0.2558,-22.94,-33.87,4.75,289.68,-81.84,-161.17,0.2219620072058699,-0.0342962872167245,-0.5488783672547944,0.28636792663145516,0.40278677322042505,0.21255704070565656,0.185529084964611,-0.2848006658520099,0.13411688090174884
52.2022,-2.198924,126.17,8.26,3,71.56,22 / 22,13323909,2020-01-08 15:57:27:503,-2.1206,-1.3424,9.2085,0.0277,-0.035,9.8064,0.0333,-0.254,0.0021,-24.12,-33.62,4.63,291.03,-81.45,-159.32,2.379214426717902,0.8151014058404585,-0.5974282131723542,0.6848589419174966,1.6859698334653825,-0.48815919204156943,0.020061564963955836,-0.33224097452127593,0.09900801127863729
52.2022,-2.198924,126.17,8.26,3,71.56,22 / 22,13324010,2020-01-08 15:57:27:604,-1.8515,-2.7097,10.1956,0.0017,0.0514,9.8065,0.1099,-0.2757,0.0402,-23.19,-33.62,5.13,290.4,-81.51,-160.01,2.403409269653827,2.2980520450673576,0.3898755451471609,3.4357621713558517,2.4210232745863367,1.2729534681678454,0.12190065282802373,-0.24904549543213642,-0.02579018609545979
52.2022,-2.198924,126.17,8.26,3,71.56,22 / 22,13324110,2020-01-08 15:57:27:704,-0.1871,-1.8237,11.084,-0.0058,0.0219,9.8065,0.159,-0.3951,0.0161,-23.06,-34.37,4.31,283.27,-81.63,-164.42,0.5736701759651199,1.7632099177907472,1.2779313811830806,0.9911294550780041,0.10349440820087935,1.3286630741547791,0.15462051751562783,-0.37152545472883336,0.04555359296747061
52.2022,-2.198924,126.17,8.26,3,71.56,22 / 22,13324211,2020-01-08 15:57:27:805,-1.9171,0.8106,6.7647,-0.0119,0.0165,9.8066,-0.2582,0.0108,-0.052,-22.94,-35.31,3.63,281.69,-81.79,-165.83,1.6903252487697027,-1.184502494460811,-3.0419223944715874,0.4938000432476667,2.2349624895587725,-2.0588328185562528,-0.27074314707120306,-0.06044010436234923,-0.03889139469295558
52.2022,-2.198924,126.17,8.26,3,71.56,22 / 22,13324310,2020-01-08 15:57:27:904,-2.3704,3.8444,8.3404,0.0261,0.0202,9.8066,-0.241,0.0321,-0.1579,-22.5,-35.69,4.5,281.97,-82.01,-168.07,1.5185121784850013,-4.249692424509407,-1.466865839420936,-5.286861759499538,1.027869011212827,-1.4521105037180462,-0.20697868382230042,0.150866385764241,-0.21889457835621615
52.2022,-2.198924,126.17,8.26,3,71.56,22 / 22,13324410,2020-01-08 15:57:28:004,1.1688,6.3629,9.2673,0.0127,0.035,9.8065,-0.1476,-0.0329,-0.0153,-21.12,-35.5,4.63,283.01,-82.66,-168.54,-2.489393836962652,-5.931286460889995,-0.5407231300355216,-4.1916320725934675,-1.4680759553813671,0.5042178687468839,-0.19555731144595623,-0.1999677793021686,0.0939554735166852
52.2022,-2.198924,126.17,8.26,3,71.56,22 / 22,13324509,2020-01-08 15:57:28:103,-1.0047,-3.3256,6.9915,0.0193,0.0744,9.8063,-0.3615,-0.3643,0.3976,-22.69,-34.69,3.5,279.39,-83.1,-170.1,1.7313638990691185,3.1009270456076035,-2.8139483909303458,2.3413668895791235,1.3616914909839823,-2.7964256051750023,-0.3206724770281036,-0.15376536373395894,0.24982791714554978
52.2022,-2.198924,126.17,8.26,3,71.56,22 / 22,13324610,2020-01-08 15:57:28:204,-0.0964,4.3914,8.3632,-0.0581,0.0233,9.8064,0.0039,0.1204,-0.0595,-21.44,-34.94,2.63,280.1,-83.93,-168.04,-0.9014801122379544,-4.273904659580683,-1.4441825743492316,-3.0584278567156504,-0.5107947291181697,-0.39132184531679964,-0.0017539599375888115,-0.11648723036398363,0.10496250266737356
52.2022,-2.198924,126.17,8.26,3,71.56,22 / 22,13324709,2020-01-08 15:57:28:303,0.1826,-3.6398,9.8968,-0.0539,0.0892,9.8061,-0.0169,-0.3806,0.2635,-21.62,-34.37,2.56,279.88,-84.56,-169.58,0.5706926602718617,3.692632304500417,0.0915220807880355,3.7778892993646602,0.4385917901890364,0.16248437615170142,-0.0696113215219774,-0.14827803445112156,0.1130652620097386
52.2022,-2.198924,126.17,8.26,3,71.56,22 / 22,13324810,2020-01-08 15:57:28:404,-1.6864,3.4819,4.803,-0.0412,-0.0089,9.8065,-0.1148,0.4918,-0.1012,-20.81,-34.94,0.88,274.01,-84.62,-169.7,0.856910743972969,-3.761853752399979,-5.004152301081362,-3.5852186321238104,1.0168356679711406,-4.0041907390185045,0.0032036959949890004,0.30344324585164306,0.002274984737974696
52.2022,-2.198924,126.17,8.26,3,71.56,22 / 22,13324910,2020-01-08 15:57:28:504,1.427,5.7599,8.2163,-0.1424,0.0053,9.8056,0.2024,0.4521,-0.0831,-21.19,-34.69,0.75,277.45,-85.5,-167.78,-2.769644402219125,-5.282325928699424,-1.5907277197075669,-3.957273156599556,-1.8314928325034632,-1.4176657307923966,0.033743460973406886,0.5582905504568944,-0.11176941478035085
52.2022,-2.198924,126.17,8.26,3,71.56,22 / 22,13325009,2020-01-08 15:57:28:603,0.9665,2.3139,6.7231,0.0207,-0.0185,9.8066,-0.5297,0.7196,-0.1618,-21.0,-34.75,-0.56,275.12,-86.23,-165.86,-1.4247157231775212,-2.0739061704113904,-3.0841040764637486,-3.1841253599773647,-1.5233843089648096,-2.185932253917123,-0.34273207713313614,0.7230859828148483,-0.22467061314660614
52.2022,-2.198924,126.17,8.26,3,71.56,22 / 22,13325110,2020-01-08 15:57:28:704,0.4091,7.026,10.6109,-0.0685,-0.1048,9.8058,0.0129,0.8868,-0.2757,-20.81,-34.87,-2.06,283.38,-86.99,-156.29,-1.9995424584067705,-6.861551729082149,0.8034514522722542,-4.2457386029175925,-1.5349818569036204,1.1037154382440542,-0.15420246423776826,0.762649726285767,-0.11944876548233399
52.2022,-2.198924,126.17,8.26,3,71.56,22 / 22,13325210,2020-01-08 15:57:28:804,0.4019,-1.1064,11.2223,0.045,0.0098,9.8065,-0.2876,0.3542,0.2486,-20.81,-34.44,-3.25,287.44,-87.48,-150.56,-0.1087723952261548,1.166541273811888,1.4160224971836095,-1.0852001606923416,-0.4282691003267579,2.1964131897001686,-0.16991550698286054,0.5925101072923591,0.012449479139503727
52.2022,-2.198924,126.17,8.26,3,71.56,22 / 22,13325311,2020-01-08 15:57:28:905,1.0654,7.9767,8.2441,0.0497,-0.127,9.8057,-0.1535,0.9073,-0.5291,-20.75,-34.5,-3.44,294.34,-87.28,-143.54,-2.7339131305032764,-7.695540462740527,-1.563512302856968,-4.146851019444637,-1.305581453295161,-1.1502175464201707,-0.2111049747892294,0.5754092439979174,-0.2379717527570845
52.2022,-2.198924,126.17,8.26,3,71.56,22 / 22,13325410,2020-01-08 15:57:29:004,2.8212,-5.3545,9.9287,-0.0288,-0.042,9.8064,0.0202,0.187,0.0442,-20.37,-33.94,-4.37,285.7,-87.6,-149.12,-1.6412747807066803,5.800959964635722,0.1232644430067264,2.940208475812636,-2.0926334188100197,0.809261128168532,0.027897843513616308,0.5839349078041511,-0.27251914202119276
52.2022,-2.198924,126.17,8.26,3,71.56,22 / 22,13325510,2020-01-08 15:57:29:104,0.1888,3.0776,9.3671,0.0295,-0.137,9.8056,-0.0887,0.9505,-0.4648,-20.44,-34.5,-4.19,300.42,-87.64,-134.86,-0.8466054549481594,-3.1050991297705064,-0.4392385433343295,0.6883675738999329,-0.029550284353644346,0.03936957074046732,-0.07138689804916508,0.517909180515867,-0.14967280573737224
52.2022,-2.198924,126.17,8.26,3,71.56,22 / 22,13325610,2020-01-08 15:57:29:204,-0.5657,-3.121,9.6822,-0.0953,0.0086,9.8062,0.1148,-0.4728,0.2515,-20.69,-34.81,-4.06,310.65,-88.29,-126.43,1.1322300573501023,2.95531920688081,-0.123255031030648,0.2608708326570207,0.6646933867522821,0.5130231388895695,0.10170316500934112,-0.027699086756933042,-0.04082230387783838
52.2022,-2.198924,126.17,8.26,3,71.56,22 / 22,13325711,2020-01-08 15:57:29:305,2.0001,2.3977,11.0995,-0.1053,-0.0491,9.8059,0.1615,0.0807,-0.0434,-20.12,-35.0,-5.81,316.65,-88.32,-114.7,-2.582359663008704,-1.9372233292820316,1.2928745891814195,1.2803435931735256,-1.1822561528244937,1.7840978253754496,0.1463275074089339,-0.3650549541838108,0.2116170518299103
52.2022,-2.198924,126.17,8.26,3,71.56,22 / 22,13325810,2020-01-08 15:57:29:404,1.9031,7.59,11.8081,0.0494,0.1538,9.8052,-0.3363,-0.7159,0.5521,-19.87,-34.94,-5.19,322.54,-88.18,-111.53,-3.4092763411813536,-6.864214379033937,2.001069296182626,-8.60824667528878,-2.367858585046082,2.6190159768147243,-0.2786999431051674,-0.2705336038700654,0.3430527159482073
52.2022,-2.198924,126.17,8.26,3,71.56,22 / 22,13325910,2020-01-08 15:57:29:504,-1.9791,6.5095,5.8962,0.0487,0.0713,9.8062,-0.0634,0.1686,0.125,-19.12,-35.19,-5.75,296.26,-88.46,-133.77,0.5967806288410876,-6.722810922754224,-3.911286010756122,-4.782162602300774,1.3044098604769978,-3.429761547900639,-0.1675004088553022,-0.2786624301135962,0.28436332689085453
52.2022,-2.198924,126.17,8.26,3,71.56,22 / 22,13326010,2020-01-08 15:57:29:604,-2.1459,-8.0126,5.9014,-0.1787,-0.0324,9.8049,0.4627,0.0888,0.49,-19.62,-34.94,-5.5,297.56,-88.29,-135.82,3.637318503462744,7.371478969342878,-3.901537137962837,7.11869490059311,1.8232549051066593,-3.3139148013902435,0.6074941164930643,0.5320252357351016,0.37950808182594153
52.2022,-2.198924,126.17,8.26,3,71.56,22 / 22,13326110,2020-01-08 15:57:29:704,0.7169,1.8793,10.371,-0.0681,-0.3341,9.8007,0.6947,1.0028,-0.8017,-19.81,-35.19,-4.87,330.07,-87.72,-103.94,-1.242563353256372,-1.992998737125651,0.5697359010628014,-1.6759156403074515,-0.7215707357270551,1.0693613473649193,0.5260086462015572,0.5861101868393286,0.5557657245605523
52.2022,-2.198924,126.17,8.26,3,71.56,22 / 22,13326209,2020-01-08 15:57:29:803,0.4671,-6.963,6.8825,0.1105,0.1034,9.8054,-0.5963,-1.1421,0.5153,-20.5,-33.87,-5.37,292.0,-87.3,-139.8,1.1712759773442072,6.978426325209235,-2.921334547518157,8.314159752860663,1.231368697078734,-2.4244507224822684,-0.42931159990474443,-0.7875048195244947,0.48991904449353996
52.2022,-2.198924,126.17,8.26,3,71.56,22 / 22,13326310,2020-01-08 15:57:29:904,0.8827,-5.9351,8.1947,0.0129,0.0362,9.8065,-0.2487,-0.4587,0.6077,-20.56,-33.87,-4.75,306.72,-87.35,-126.51,0.4344781673814695,6.018996289905174,-1.6105239377844085,4.8692093500363605,0.745590138193094,-1.0263593928167296,-0.38831903326477357,-0.7188350771050084,0.5931182955932157
52.2022,-2.198924,126.17,8.26,3,71.56,22 / 22,13326409,2020-01-08 15:57:30:003,-1.7495,7.0075,8.9268,-0.0694,0.1218,9.8056,-0.0769,-0.5338,0.4939,-19.37,-34.62,-5.56,314.92,-86.9,-113.65,0.160614869671589,-7.085711900935926,-0.8802156898029996,-4.588410745126706,0.44215878904651673,-0.5552442599777077,0.01929091893973843,-0.38031725291792734,0.5541632173050177
52.2022,-2.198924,126.17,8.26,3,71.56,22 / 22,13326510,2020-01-08 15:57:30:104,0.342,-1.9352,10.1604,-0.034,0.0459,9.8065,-0.1064,-0.7249,0.2703,-20.06,-34.62,-6.06,321.77,-87.51,-108.92,0.058650486836196,2.015539285618115,0.3543161420594569,0.05660934048986199,0.2001288295845185,1.0878632234384131,-0.15559387218715653,-0.7835465386559377,0.15484115594119088
52.2022,-2.198924,126.17,8.26,3,71.56,22 / 22,13326610,2020-01-08 15:57:30:204,-0.6519,7.57,9.5671,0.0252,0.059,9.8064,-0.1747,-0.3213,0.0882,-21.0,-33.44,-5.75,325.33,-87.37,-106.44,-0.9534443431547176,-7.480891793316003,-0.2409393309602056,-4.678514707347401,-0.5297075552274741,-0.14252144058916616,-0.16768792885739517,-0.3330419457848579,0.2654628302397758
52.2022,-2.198924,126.17,8.26,3,71.56,22 / 22,13326710,2020-01-08 15:57:30:304,0.8993,-3.6455,8.331,-0.0356,0.1282,9.8057,-0.1358,-0.6143,0.5975,-20.62,-33.25,-6.31,318.01,-87.56,-113.55,-0.1015656003646705,3.886749105752248,-1.473925238184309,2.09020332030143,-0.03230814422806605,-0.5748285518571322,-0.10808377234754703,-0.552276393350238,0.36169360609821144
52.2022,-2.198924,126.17,8.26,3,71.56,22 / 22,13326810,2020-01-08 15:57:30:404,0.7347,7.2864,11.2318,0.0665,0.026,9.8063,-0.119,0.4172,-0.241,-20.87,-34.31,-6.25,315.02,-87.1,-115.8,-2.213627611998339,-6.947271224983251,1.4238065078929314,-4.8570117312958905,-1.5605661038700178,1.3075464441356437,-0.17490286933679614,-0.718356698577397,0.037698072119638576
52.2022,-2.198924,126.17,8.26,3,71.56,22 / 22,13326910,2020-01-08 15:57:30:504,2.1761,-4.7701,8.6726,0.03,0.0794,9.8063,-0.24,-0.6123,0.238,-20.94,-33.0,-5.75,318.33,-87.42,-113.11,-1.0532092761760954,5.19771354311536,-1.1327821036244348,4.520821874225475,-0.9280686701176108,-0.12734861978267686,-0.16044076230532606,0.5688020412242424,-0.058143512307832365
52.2022,-2.198924,126.17,8.26,3,71.56,22 / 22,13327010,2020-01-08 15:57:30:604,1.4118,-4.7715,9.4863,0.0086,-0.0842,9.8063,0.123,0.7058,-0.3289,-21.06,-33.62,-6.12,324.95,-87.31,-106.67,-0.3626552624273296,4.879429774716369,-0.3190576190049729,5.435530879754342,-0.04626629563048734,-0.5620164435332617,0.022431441734599294,0.5172086351470677,-0.04608066507378674
52.2022,-2.198924,126.17,8.26,3,71.56,22 / 22,13327109,2020-01-08 15:57:30:703,1.6003,-6.8237,8.9607,-0.0106,0.0312,9.8066,0.0175,-0.028,-0.1244,-20.5,-33.56,-5.44,329.62,-86.98,-103.78,-0.099432194408222,7.04110481937777,-0.8444855186741335,8.080000512310553,0.1998618499410696,0.14203348973380603,0.13733882407079218,0.16456420565658808,-0.36146845071427225
52.2022,-2.198924,126.17,8.26,3,71.56,22 / 22,13327210,2020-01-08 15:57:30:804,1.5787,-5.5607,12.4922,0.0731,-0.1566,9.805,0.08,1.033,-0.8635,-20.69,-32.94,-6.25,322.5,-87.47,-109.2,-0.3089480444234213,5.6008740122805865,2.6882956337439743,4.29648121220231,-0.22375262051182426,2.4554581486524465,-0.055840691504260104,0.8913532351870922,-0.7027003320654819
52.2022,-2.198924,126.17,8.26,3,71.56,22 / 22,13327310,2020-01-08 15:57:30:904,-1.0947,9.1986,10.1615,0.0857,-0.0317,9.8062,-0.1374,0.75,-0.4793,-20.25,-34.0,-5.69,316.92,-87.08,-113.09,-0.8316108796331295,-9.2683122986234,0.3533140530208897,-6.499699355547541,-0.29077906262442227,1.1719294825798185,0.006319050470990503,0.7833535827251819,-0.5405245393175787
52.2022,-2.198924,126.17,8.26,3,71.56,22 / 22,13327410,2020-01-08 15:57:31:004,3.4939,-1.6034,12.7205,-0.0082,-0.1627,9.8053,0.4027,0.7934,-0.4949,-21.06,-33.81,-4.25,316.56,-87.57,-119.97,-3.110861100681169,2.1593167089701018,2.915236954799946,-0.7192573129678719,-2.187738255224488,2.825804149588291,0.2656685753349807,0.9036710686335738,-0.5433836518741029
52.2022,-2.198924,126.17,8.26,3,71.56,22 / 22,13327510,2020-01-08 15:57:31:104,0.2723,11.1197,9.7445,0.0478,-0.169,9.805,0.13,1.066,-0.8628,-21.19,-33.5,-4.44,325.09,-86.86,-111.31,-2.6461299482327587,-10.976466970872236,-0.0630660321930924,-6.06998183471005,-1.2280395133269295,0.47148229277408826,0.2413973359547963,0.8158402134859988,-0.7103950601827069
52.2022,-2.198924,126.17,8.26,3,71.56,22 / 22,13327610,2020-01-08 15:57:31:204,-1.5781,-7.3677,7.2173,-0.0554,-0.1548,9.8052,0.2879,0.0409,-0.1815,-21.44,-33.12,-4.62,318.6,-87.36,-115.3,3.038085418060124,6.717413885484384,-2.5861469010232274,3.04746294148291,1.579554944007631,-2.456413315912382,0.2209195582531514,0.3860170838674841,-0.4188404775043374
52.2022,-2.198924,126.17,8.26,3,71.56,22 / 22,13327710,2020-01-08 15:57:31:304,-0.6481,6.0177,8.3604,0.0184,-0.1793,9.8049,0.3,0.8846,-0.5593,-20.87,-33.25,-5.31,329.75,-86.57,-104.17,-0.6811525431336406,-6.195093131120711,-1.445843632528624,-2.036065334433449,0.2317346281555237,-1.2336795922203443,0.3084498711897286,0.5166282361353357,-0.26312764098621444
52.2022,-2.198924,126.17,8.26,3,71.56,22 / 22,13327809,2020-01-08 15:57:31:403,1.0132,-4.7784,9.458,-0.0687,-0.0396,9.8063,0.2547,-0.4759,0.1005,-21.81,-34.12,-5.31,335.27,-86.77,-99.85,-0.0377927122916896,4.860657030744108,-0.3473195652069006,1.383936211954869,-0.5807435268000554,-0.010594883603567168,0.31074350857513383,-0.15892322547615192,-0.2264081729009815
52.2022,-2.198924,126.17,8.26,3,71.56,22 / 22,13327910,2020-01-08 15:57:31:504,1.3354,-2.8172,10.1177,-0.0086,-0.0705,9.8064,0.1152,0.1347,-0.0755,-21.19,-33.87,-5.19,329.57,-86.62,-104.3,-0.722118315972666,2.971350649886515,0.3118092897201532,6.4008003398374225,0.18740301405278026,0.2532488442118612,-0.00024731862908558555,-0.08250845855835331,0.2539971612844292
52.2022,-2.198924,126.17,8.26,3,71.56,22 / 22,13328010,2020-01-08 15:57:31:604,-0.2863,-10.3557,8.3099,-0.0824,0.1376,9.8053,-0.184,-1.3933,0.9256,-21.12,-33.94,-5.25,330.57,-86.35,-103.16,2.455214033521388,10.20440939815563,-1.4930151186216258,7.558255063140164,1.4776824841936653,-1.041716651795091,-0.02690867982216114,-0.037742466337331526,0.6210708218877176
52.2022,-2.198924,126.17,8.26,3,71.56,22 / 22,13328110,2020-01-08 15:57:31:704,1.0369,-1.1198,12.2151,-0.1434,-0.0535,9.8054,0.3854,-0.1474,0.2379,-21.12,-33.25,-5.5,349.23,-86.51,-86.36,-0.9237750988938074,1.2946242207336387,2.409843472874027,3.3260362053830543,-0.17062266109075086,2.1958011700508377,0.2147228453170185,-1.1820074866074994,0.4933174815874456
52.2022,-2.198924,126.17,8.26,3,71.56,22 / 22,13328210,2020-01-08 15:57:31:804,-2.7388,6.5652,9.8292,-0.0221,0.1964,9.8046,-0.3196,-1.1502,0.8837,-21.75,-33.75,-5.12,349.62,-86.07,-86.48,1.28398538566004,-6.803933575858665,0.0233862077849225,-7.770207795168485,0.9092710572051057,0.45831936576727395,-0.16594531518877526,-1.1497175118656284,0.6928040908639572
52.2022,-2.198924,126.17,8.26,3,71.56,22 / 22,13328311,2020-01-08 15:57:31:905,1.9015,6.8351,12.5304,-0.0054,-0.1286,9.8057,-0.2975,-0.9627,0.735,-22.37,-34.31,-4.44,352.04,-87.43,-87.1,-3.3597455825990616,-6.391471744212635,2.722971529990277,-5.957471605230862,-1.5166146265462963,2.4806924436733206,-0.41082230390548147,-0.9701204953335998,0.8584980607687644
52.2022,-2.198924,126.17,8.26,3,71.56,23 / 23,13328409,2020-01-08 15:57:32:003,3.1715,2.8555,10.4649,-0.007,0.0301,9.8066,-0.4215,-0.9088,0.5504,-22.25,-33.69,-4.06,348.49,-87.29,-90.37,-3.71167901496882,-2.0761428797222967,0.6574008920122479,-1.615502345279375,-2.158510633130973,0.9612120210822793,-0.3581834772664936,-0.8808876050823817,0.48639573327909363
52.2022,-2.198924,126.17,8.26,3,71.56,23 / 23,13328510,2020-01-08 15:57:32:104,0.1579,-8.2632,7.2506,-0.0615,-0.1542,9.8052,-0.3521,-0.4378,0.4239,-21.56,-33.62,-3.75,340.2,-87.78,-98.34,1.5293625177248398,7.967077401261555,-2.552787984084416,7.068067744657901,1.7010124377781308,-2.73463486622882,-0.36947373560975894,-0.4723368922804221,0.4403424057003654
52.2022,-2.198924,126.17,8.26,3,71.56,23 / 23,13328610,2020-01-08 15:57:32:204,-0.365,0.3884,11.8136,-0.0727,-0.0434,9.8062,-0.1266,-0.5842,0.4044,-20.44,-34.06,-4.69,350.84,-87.6,-84.49,0.1923766819886432,-0.4849501614634773,2.0073265412292995,0.9561296356972311,0.24269965749887779,2.121393349692082,-0.1421973001434495,-0.5753563655472658,0.42656187799499523
52.2022,-2.198924,126.17,8.26,3,71.56,23 / 23,13328710,2020-01-08 15:57:32:304,-0.3705,-4.3435,9.4855,0.0404,-0.0406,9.8064,-0.0754,-0.4561,0.1947,-21.25,-33.56,-4.0,352.22,-87.35,-86.41,1.3263871176757651,4.114016084755247,-0.3198951366289895,2.4480862508453614,1.2176860238800384,-0.41593322862611304,-0.0419211913653662,-0.40355210209744163,0.13698202026316653
52.2022,-2.198924,126.17,8.26,3,71.56,23 / 23,13328810,2020-01-08 15:57:32:404,0.0165,0.2151,8.6579,0.0186,-0.0303,9.8065,0.1145,-0.0855,-0.0863,-21.12,-33.06,-4.56,349.94,-87.33,-85.94,-0.0505581133650377,-0.2398805895258503,-1.1486551745157023,1.5496648455743796,0.13893282591950107,-1.219165719798106,0.07454472796783633,-0.22385469278401293,0.00825093286123249
52.2022,-2.198924,126.17,8.26,3,71.56,23 / 23,13328910,2020-01-08 15:57:32:504,1.9488,-4.3189,10.8028,0.0079,0.0216,9.8066,0.1061,-0.2851,0.1424,-21.31,-33.0,-4.06,349.93,-87.36,-88.57,-0.9625085190248032,4.656068757594974,0.9970198470204512,2.852119387695609,-1.27327445539203,0.9571147672067426,0.14740248121310814,-0.05739240812319085,0.009198115143531489
52.2022,-2.198924,126.17,8.26,3,71.56,23 / 23,13329010,2020-01-08 15:57:32:604,0.9441,-2.3675,9.2772,0.0117,0.0061,9.8066,-0.0588,0.4493,-0.2236,-21.06,-33.62,-3.81,352.97,-87.56,-85.76,-0.4002446148426227,2.518657721750452,-0.528941025971992,4.079933913966784,-0.1680750184029217,-0.7357366446750673,-0.10115677099472972,0.15234480115271654,-0.05358509466987874
52.2022,-2.198924,126.17,8.26,3,71.56,23 / 23,13329110,2020-01-08 15:57:32:704,0.0469,5.0921,8.2686,-0.0562,0.116,9.8058,-0.1809,-0.1526,-0.3042,-21.12,-33.69,-3.94,349.31,-87.66,-89.21,-1.1702718525449842,-4.837270399106796,-1.5383314132741757,-6.307540778109897,-1.5973990263418019,-1.578461007014314,-0.13718636824193686,0.1736351519095917,-0.5012427640937802
52.2022,-2.198924,126.17,8.26,3,71.56,23 / 23,13329210,2020-01-08 15:57:32:804,0.8009,5.3471,9.2602,-0.0314,-0.0182,9.8066,-0.08,0.5516,-0.6828,-21.56,-33.5,-4.19,355.46,-87.93,-83.99,-1.9662207645458625,-5.06080464685861,-0.5476792596063768,-4.068281008454129,-1.7754402894673014,-0.830795753503446,-0.12191118274340465,0.24687980342298144,-0.47935432972596487
52.2022,-2.198924,126.17,8.26,3,71.56,23 / 23,13329310,2020-01-08 15:57:32:904,-0.3249,-4.4604,9.1327,-0.0561,0.0286,9.8064,-0.2169,-0.2527,0.436,-21.37,-33.81,-3.19,358.8,-88.26,-83.02,1.227663690652064,4.326385331353817,-0.6726648179450746,3.3748125283286976,0.7423906136577918,-0.7654816231882895,-0.18465766803987482,-0.019029046621410722,0.25547419326540555
52.202515,-2.197632,126.34,13.7,2,69.08,22 / 22,13329409,2020-01-08 15:57:33:003,1.7438,-0.045,9.9557,0.0128,-0.0258,9.8065,-0.1238,0.0859,0.1927,-21.31,-34.0,-2.94,347.55,-88.6,-93.83,-1.6864166317845706,0.3908577287456666,0.1490619331692776,0.7819704252478585,-1.580878372802971,-0.16555390378536197,-0.13588479145193816,-0.040399968978956084,0.3203694927206432
52.202515,-2.197632,126.34,13.7,2,69.08,22 / 22,13329510,2020-01-08 15:57:33:104,-0.1997,0.3545,9.8572,0.0021,-0.0065,9.8066,-0.1693,0.1012,-0.0738,-21.69,-34.12,-3.44,347.04,-88.09,-94.53,0.1194657803036165,-0.3959529364742415,0.0505351306901785,-0.9430867136587174,-0.41125582217761053,-0.12274292296122138,-0.1862526860669559,0.10502034761484204,-0.12716863487572108
52.202515,-2.197632,126.34,13.7,2,69.08,22 / 22,13329610,2020-01-08 15:57:33:204,-0.3556,-1.9571,11.2216,0.0604,0.0107,9.8064,-0.108,-0.1407,-0.2301,-21.62,-33.44,-3.37,356.6,-88.3,-85.49,0.8291356019133731,1.8320679828202373,1.415678261457997,1.853760039398257,0.8523396949204809,1.0860342777663508,-0.059225642728456825,-0.029925443078153716,-0.2586068552527478
52.202515,-2.197632,126.34,13.7,2,69.08,22 / 22,13329709,2020-01-08 15:57:33:303,0.7231,-1.5724,10.1119,-0.0044,0.0464,9.8065,0.0956,0.0792,0.0082,-21.25,-33.94,-3.06,349.21,-88.87,-92.32,-0.3625129696190423,1.737287358066259,0.3057054666850807,1.2738372892053136,-0.9649816794632998,0.053228732384852095,0.020851640719127783,-0.1187300432630946,0.1101116464076555
52.202515,-2.197632,126.34,13.7,2,69.08,22 / 22,13329810,2020-01-08 15:57:33:404,-0.8126,-4.1809,7.738,0.0051,0.1273,9.8058,-0.2544,-0.4176,0.4441,-20.75,-33.75,-3.44,329.16,-89.69,-112.46,1.7250396744236016,4.032090876110223,-2.0667604259935928,4.04766162350329,1.6958629850842204,-2.4183272068530117,-0.1669864262959243,-0.17350485789008144,0.2935555886109401
52.202515,-2.197632,126.34,13.7,2,69.08,22 / 22,13329910,2020-01-08 15:57:33:504,0.4411,1.6562,10.3203,0.0072,-0.0103,9.8066,0.0235,0.0367,-0.0532,-20.62,-34.87,-3.0,334.12,-89.47,-107.36,-0.7820910004689481,-1.5343559021888522,0.5132882059854029,-2.2790595007979877,-1.4898750967161938,0.19778281342169435,-0.060362076035737636,-0.20587989041591997,0.10844599000492394
52.202515,-2.197632,126.34,13.7,2,69.08,22 / 22,13330010,2020-01-08 15:57:33:604,0.2829,1.6777,9.9711,0.0182,0.0653,9.8064,0.0127,-0.3926,0.2425,-20.5,-33.94,-2.87,314.39,-89.43,-126.4,-0.6051717083804343,-1.5178253983303036,0.164314343741994,-1.190467860734556,-0.6698218269402724,-0.21772749299198235,0.07901239580379635,-0.1985529274327148,0.11136818370588336
52.202515,-2.197632,126.34,13.7,2,69.08,22 / 22,13330110,2020-01-08 15:57:33:704,-0.1723,1.9289,10.5935,0.0105,-0.0349,9.8065,-0.0153,-0.0458,-0.1136,-20.25,-33.87,-2.87,270.48,-89.32,-169.84,-0.2437608018514881,-1.9573402100849884,0.7865718361759304,-3.2178584545708877,-1.0546165153319098,0.4124471656164989,-0.05517414406652834,-0.15289345320127581,-0.04709200934700314
52.202515,-2.197632,126.34,13.7,2,69.08,22 / 22,13330210,2020-01-08 15:57:33:804,0.0746,3.4962,9.0585,0.0194,0.102,9.8061,-0.21,-0.6071,0.2293,-19.94,-34.37,-3.0,259.63,-89.23,179.44,-0.7835108140215427,-3.302816803283397,-0.7483705019976031,-2.54581487510876,-0.9188991639838533,-1.1435220676915197,-0.1998821477462393,-0.6088247074818753,0.24364495964357683
52.202515,-2.197632,126.34,13.7,2,69.08,22 / 22,13330310,2020-01-08 15:57:33:904,-1.7926,-1.5582,8.559,0.007,0.1148,9.806,-0.1014,-0.6846,0.4812,-20.19,-34.06,-2.12,228.93,-88.46,146.59,2.1173495633255244,1.247249223166066,-1.2464743727798244,-0.5149691194659699,1.1524820959377566,-1.710576941634549,-0.08342699739386547,-0.5736850744192912,0.39207194972883275
52.202515,-2.197632,126.34,13.7,2,69.08,21 / 22,13330410,2020-01-08 15:57:34:004,1.3831,5.8764,11.5483,-0.0293,-0.0786,9.8063,0.24,0.5848,-0.4487,-19.87,-34.81,-1.44,239.03,-88.2,154.58,-2.659827434198201,-5.512467843573505,1.740539874250141,-4.476229719984211,-2.305413750226727,1.3913055777824155,0.19916812713211562,0.3828261105947271,-0.3077963652015157
52.202515,-2.197632,126.34,13.7,2,69.08,21 / 22,13330510,2020-01-08 15:57:34:104,0.9168,-1.9769,11.2587,0.0544,-0.0204,9.8065,0.0512,0.0472,-0.0369,-19.44,-34.19,-1.62,238.38,-87.56,158.07,-0.4218064434556309,2.095859962279324,1.452570546573839,0.10458231420228548,-1.1832445780675387,0.827344935306502,0.10868951134881952,0.3148436666483565,-0.20314471716776084
52.202515,-2.197632,126.34,13.7,2,69.08,21 / 22,13330609,2020-01-08 15:57:34:203,-0.9106,1.433,8.9323,0.053,-0.0801,9.8061,0.0776,0.2445,-0.1858,-20.44,-34.87,-1.56,244.65,-87.18,164.78,0.6158894126402757,-1.6847013256107852,-0.8740621744949737,-0.7371177943643263,0.004896618586578083,-1.0865328599387165,0.008521560992568188,-0.06761256970805028,-0.010889921561552817
52.202515,-2.197632,126.34,13.7,2,69.08,21 / 22,13330710,2020-01-08 15:57:34:304,-1.7566,-3.047,9.4459,-0.0296,-0.0393,9.8064,0.2434,-0.2134,-0.0532,-21.06,-34.94,-1.0,250.09,-86.82,167.78,2.33327170933421,2.566168850597962,-0.3596791634795525,0.7706146506601652,1.4588743335175396,-1.2334721378916642,0.31915781608208743,0.12898575494341125,-0.23411544633669762
52.202515,-2.197632,126.34,13.7,2,69.08,21 / 22,13330809,2020-01-08 15:57:34:403,-1.5437,1.5214,12.4137,-0.0221,-0.0148,9.8066,0.2246,0.2757,-0.0089,-21.44,-34.81,-0.25,254.84,-86.6,170.3,1.1554273876878185,-1.8279277598890225,2.6068784141973347,-1.4032905596243184,0.12369939512880979,2.6186080091853223,0.15034703343215416,-0.08347665155768758,0.18324765225169948
52.202515,-2.197632,126.34,13.7,2,69.08,21 / 22,13330910,2020-01-08 15:57:34:504,0.1261,1.3191,12.1058,0.074,0.0681,9.8061,-0.4073,-0.3865,0.4825,-22.06,-33.87,0.69,260.46,-86.21,173.62,-0.3201227796842235,-1.2110141392409728,2.2994133296312107,-2.4134068824279726,-0.5569675955084009,1.1162952660151715,-0.3475287730169542,-0.03210304670961782,0.2767260751889601
52.202515,-2.197632,126.34,13.7,2,69.08,21 / 22,13331010,2020-01-08 15:57:34:604,-2.8028,5.8521,11.2226,0.0136,-0.071,9.8063,-0.1764,0.3874,-0.1248,-21.19,-34.5,1.44,261.51,-85.72,175.64,1.4769930934941995,-6.390371108897903,1.4151949520590532,-6.800374221149461,-0.010700081728051147,1.6893259145318535,-0.2073480509736404,0.07158970166584154,0.08662313244158006
52.202515,-2.197632,126.34,13.7,2,69.08,21 / 22,13331110,2020-01-08 15:57:34:704,-0.4552,-3.8301,12.952,0.0857,0.121,9.8054,0.0745,-0.5985,0.3878,-20.56,-34.12,1.63,256.65,-84.92,169.17,1.377269319870693,3.741791217891513,3.147536065282314,3.324654702457306,1.4279468223582383,1.6636602422261726,0.06686446765936055,-0.36322457084853405,0.1893216556586973
52.202515,-2.197632,126.34,13.7,2,69.08,21 / 22,13331210,2020-01-08 15:57:34:804,-0.8802,-6.4321,10.6913,0.0597,-0.0341,9.8063,0.0345,-0.3537,-0.0741,-20.0,-34.25,1.13,254.16,-84.5,170.27,2.293274911302757,6.046156748988122,0.8865211547699936,4.760059922793108,0.4297002472757987,1.378319474304794,0.08198911524610318,-0.46912148625148986,0.08792720660580328
52.202515,-2.197632,126.34,13.7,2,69.08,21 / 22,13331310,2020-01-08 15:57:34:904,-1.6809,4.5855,13.2114,0.0674,0.0968,9.8059,0.022,-0.5748,0.2952,-20.56,-34.75,2.44,254.06,-84.03,168.14,0.7419841939879795,-4.76028988901234,3.4046307374572784,-4.505303294725098,0.9467150956417034,1.717250682545594,-0.057655844067454,-0.6037963598132547,0.19060923325877108
52.202515,-2.197632,126.34,13.7,2,69.08,21 / 22,13331410,2020-01-08 15:57:35:004,-5.607,-3.3886,7.8797,0.1228,0.0589,9.8057,-0.1544,-0.6147,0.4149,-20.06,-33.87,3.56,256.84,-82.62,167.56,6.337228282448642,2.135465559894268,-1.9247505886837637,0.2415651473463427,4.286990869307267,-1.3445501829432214,-0.05706041178920833,-0.4395532220461567,0.4488220649578728
52.202515,-2.197632,126.34,13.7,2,69.08,21 / 22,13331510,2020-01-08 15:57:35:104,0.0747,3.1227,14.6611,0.0487,-0.0931,9.8061,0.4505,0.2478,-0.591,-20.56,-33.37,4.5,261.43,-81.99,170.24,-0.7173623996724852,-3.136001465314609,4.85427199867094,-2.5994721125476814,-0.5800790626429015,3.131702093201566,0.35207301730194285,-0.05190111820932872,0.4558135573387706
52.202515,-2.197632,126.34,13.7,2,69.08,21 / 22,13331610,2020-01-08 15:57:35:204,-0.8475,-1.1801,11.9658,0.0295,0.0509,9.8064,0.2618,-0.7897,0.6054,-20.19,-33.5,5.0,262.18,-81.39,171.94,1.120860400591126,1.013237756727368,2.159749886150892,-1.0043069674140777,-0.8672009840385795,2.649781032856099,0.3488150510073231,-0.4025751818441209,0.4930572480821068
52.202515,-2.197632,126.34,13.7,2,69.08,21 / 22,13331709,2020-01-08 15:57:35:303,-1.5449,3.3349,11.25,0.0509,0.0325,9.8064,0.0943,0.062,0.2569,-20.44,-33.44,5.38,265.03,-80.59,176.25,0.848338033342925,-3.5685457041500053,1.4429859661744473,-3.2672636798938317,0.6746281414276754,-0.12441470576706093,0.022964701532196305,-0.3719085194410201,0.4314642327358674
52.202515,-2.197632,126.34,13.7,2,69.08,21 / 22,13331809,2020-01-08 15:57:35:403,-1.7163,-3.5007,8.7887,0.083,0.077,9.806,-0.0497,-0.4397,0.2273,-21.31,-34.25,6.19,268.68,-80.02,178.61,2.5265065338525337,3.107430696579967,-1.0163445628097771,1.4737353232377888,0.8325060852446953,-0.7875695989547433,0.009194017158788793,0.005800279400663258,0.005086129906287623
52.202515,-2.197632,126.34,13.7,2,69.08,21 / 22,13331910,2020-01-08 15:57:35:504,-1.0756,-6.1229,9.6588,-0.0104,-0.1039,9.806,0.0988,0.4358,-0.5373,-21.37,-34.31,6.0,268.17,-79.48,178.98,2.334299260279195,5.6492904513512086,-0.1457540384759877,5.285801715668983,1.3294223312881859,-1.4037300405724948,0.045922166079414926,0.006915907482724949,-0.2875316753162177
52.202515,-2.197632,126.34,13.7,2,69.08,21 / 22,13332011,2020-01-08 15:57:35:605,-2.2499,-6.5452,10.4212,-0.0291,0.0134,9.8066,0.0753,-0.1895,0.2049,-21.81,-34.0,6.94,272.78,-79.72,-179.35,3.578785649685403,5.9276836306895175,0.616262775170936,4.996948574604846,0.7391842947935682,0.4733598591557171,0.12691004571643766,0.19744030280206926,-0.04812684130466921
52.202515,-2.197632,126.34,13.7,2,69.08,21 / 22,13332110,2020-01-08 15:57:35:704,-1.4593,-0.477,10.4324,-0.0221,-0.0326,9.8065,0.111,0.5701,-0.1693,-22.0,-33.81,6.75,274.79,-79.64,-177.22,1.4990529684044462,0.1249073012820061,0.6261184983725236,-1.0574232844875473,0.26857129840678096,-0.24784699373373842,0.06112009173227317,0.2523995049907727,0.06118087935463656
52.202515,-2.197632,126.34,13.7,2,69.08,21 / 22,13332210,2020-01-08 15:57:35:804,-1.0255,4.5525,9.8293,0.0177,-0.0266,9.8065,-0.0457,0.0495,-0.242,-21.62,-32.87,6.69,277.11,-79.56,-175.28,0.0343724580415863,-4.696305345202648,0.0218524311971124,-4.938586313593167,-0.7965704579683657,-0.5117312372493623,-0.004294786115700522,0.2672113095629107,-0.4240737202851135
52.202515,-2.197632,126.34,13.7,2,69.08,23 / 23,13332309,2020-01-08 15:57:35:903,-0.2981,3.0804,11.7001,-0.0088,-0.1232,9.8058,0.2229,0.5216,-0.6371,-22.31,-32.12,6.81,279.66,-79.42,-173.04,-0.4064305630917862,-3.1912709449667136,1.8936007745024184,-4.9837642553839,-2.106782625444544,1.3818286038243117,0.20073643768722832,0.4342781452123592,-0.529159333800942
52.202515,-2.197632,126.34,13.7,2,69.08,23 / 23,13332410,2020-01-08 15:57:36:004,-1.5331,1.2991,11.3164,0.009,0.0044,9.8065,0.1899,0.2737,-0.0228,-22.81,-31.0,7.56,280.08,-79.21,-175.1,1.227508004522581,-1.5962593612219522,1.5097346324915102,-1.517569134510358,0.6719567530461896,0.6603864075245582,0.18283396955731998,0.20907041573939186,-0.03399156781076221
52.202515,-2.197632,126.34,13.7,2,69.08,23 / 23,13332510,2020-01-08 15:57:36:104,-1.4947,-4.2771,9.8254,0.0052,-0.0241,9.8066,0.082,0.0787,0.034,-23.37,-31.5,8.25,280.65,-78.83,-174.04,2.379152241176299,3.8310966736208822,0.0198831757222994,1.947397649015309,0.05859907411004864,-0.2370390650514863,0.12289622941685409,0.29814934036593366,-0.06341978393266466
52.202515,-2.197632,126.34,13.7,2,69.08,23 / 23,13332610,2020-01-08 15:57:36:204,0.3974,5.3781,10.9869,-0.0249,-0.0543,9.8064,0.1847,0.6118,-0.2434,-22.06,-32.87,9.0,284.14,-78.64,-172.17,-1.58045547069926,-5.214829099484147,1.1792392752576306,-5.413725459209629,-2.1291366377530534,0.15975841092922005,0.11258537557578246,0.25941485971392686,-0.04429862304163801
52.202515,-2.197632,126.34,13.7,2,69.08,23 / 23,13332710,2020-01-08 15:57:36:304,-1.9046,-4.4198,8.8626,0.0311,0.0552,9.8064,-0.1789,-0.7234,0.488,-23.25,-33.19,9.44,283.74,-78.4,-171.93,2.8526126272501955,3.954410982045478,-0.9426308471140026,2.626615336457823,0.12595801642923943,-1.1036674330163234,-0.08381483412676183,-0.2827235325712781,0.21534426436793702
52.202515,-2.197632,126.34,13.7,2,69.08,23 / 23,13332810,2020-01-08 15:57:36:404,-1.3463,-3.9315,9.1346,-0.0181,-0.0477,9.8064,0.0449,0.1783,-0.1492,-22.62,-33.12,9.38,283.33,-78.34,-172.22,2.1321839819568607,3.507582163304743,-0.670814247577533,2.4280299632421354,1.1539110537747566,-1.6868360235419433,-0.06283205042767011,-0.2931531066672057,0.15291982485977287
52.202515,-2.197632,126.34,13.7,2,69.08,23 / 23,13332910,2020-01-08 15:57:36:504,-4.9779,-8.2508,8.777,-0.011,0.0426,9.8065,-0.0489,-0.7856,0.4997,-22.81,-32.75,9.38,281.4,-78.07,-173.68,6.633840951459507,7.031886174939208,-1.0272197785467638,6.785839177744812,5.122115145999222,-1.2540028130261716,0.06212595599914056,-0.3410957060744758,0.21781303897224397
52.202515,-2.197632,126.34,13.7,2,69.08,23 / 23,13333010,2020-01-08 15:57:36:604,-2.7716,-2.5823,10.1636,-0.003,-0.0482,9.8064,0.1281,-0.2776,-0.0471,-22.06,-33.06,9.69,285.52,-77.95,-172.31,3.248607834693685,1.8795701684065165,0.357999620674524,-0.4416854205167309,1.8657188628837353,-0.5050115895360126,0.021414398923166364,-0.6468017437799245,0.1706488763978065
52.202515,-2.197632,126.34,13.7,2,69.08,23 / 23,13333110,2020-01-08 15:57:36:704,-4.834,6.5144,8.5087,-0.0349,0.0649,9.8063,-0.017,-1.0962,0.4462,-22.56,-33.31,9.38,281.34,-77.91,-173.5,3.3005150938084995,-7.330160804256144,-1.2986606636412736,-6.306564689321972,2.3328291785266244,-1.704330159481838,0.0782658076752236,-0.8367877220238752,0.32172065306635095
52.202515,-2.197632,126.34,13.7,2,69.08,23 / 23,13333210,2020-01-08 15:57:36:804,-2.2191,0.9819,11.56,-0.0054,0.0815,9.8062,0.1236,-0.9363,0.7313,-22.56,-33.06,10.0,284.94,-78.01,-172.6,1.9681410619915165,-1.3556115870207708,1.7537788558532497,-4.875930066012728,-0.037483290229256616,1.1230937200273867,0.047388783139709394,-1.0663192564570585,0.7523443811831151
52.202515,-2.197632,126.34,13.7,2,69.08,23 / 23,13333310,2020-01-08 15:57:36:904,0.1955,8.0908,10.2295,0.1027,0.1397,9.8051,-0.2856,-1.1639,0.7801,-22.5,-33.37,10.31,280.42,-77.82,-176.96,-1.8000421167878466,-7.745319730036277,0.422597997274829,-5.68926037241491,-2.222732285106244,-0.18972509540998905,-0.23598328868033303,-1.168133518455123,0.8546623017768561
52.202515,-2.197632,126.34,13.7,2,69.08,23 / 23,13333409,2020-01-08 15:57:37:003,-4.5564,-10.785,7.6404,0.094,0.0965,9.8057,-0.2892,-1.1394,0.8443,-22.31,-33.19,10.63,283.69,-77.56,-175.87,6.88128727927749,9.627742789047478,-2.162461714805178,5.355712978644766,-0.5234693793254581,-2.5752880427154334,-0.30702307948927243,-1.0109256001192595,0.6959630672749246
52.202515,-2.197632,126.34,13.7,2,69.08,23 / 23,13333510,2020-01-08 15:57:37:104,-0.419,1.9356,9.7203,0.0428,0.0731,9.8062,-0.1266,-0.7757,0.3948,-22.06,-33.06,10.5,286.55,-77.66,-173.34,0.0506058446863349,-1.918212373166626,-0.0862823267769472,0.594183423844866,-0.008375176778376542,-0.8408177274294749,-0.14156333657413167,-1.0033076682819533,0.585968830202275
52.202515,-2.197632,126.34,13.7,2,69.08,23 / 23,13333609,2020-01-08 15:57:37:203,-6.0107,-11.5547,8.8518,0.0454,0.0958,9.806,-0.2049,-1.2647,0.881,-22.25,-33.0,10.94,285.34,-77.75,-174.59,8.419285113083475,10.076313524782352,-0.9510725707848212,5.664170130179065,5.636975265958996,-1.2424690227782433,-0.16059495915938946,-0.9765750806164494,0.6813002078301722
52.202515,-2.197632,126.34,13.7,2,69.08,23 / 23,13333710,2020-01-08 15:57:37:304,1.6164,2.3071,11.3926,0.0724,0.0478,9.8062,-0.286,-0.3272,0.3462,-23.06,-32.81,10.69,288.2,-78.02,-171.89,-1.9938148079654097,-1.874858775164642,1.585763076479584,0.4017614802078815,-1.9807604357084265,0.8152161859322492,-0.35212920810215076,-0.6289538068597558,0.5233050786085204
52.202515,-2.197632,126.34,13.7,2,69.08,23 / 23,13333810,2020-01-08 15:57:37:404,-3.7768,-5.2934,9.2336,0.0631,0.0752,9.8061,-0.2952,-0.7304,0.4552,-23.06,-32.87,10.88,287.42,-78.1,-172.74,4.9043495308311424,4.417669096249975,-0.5709725522950154,0.6905209611385956,-0.7277582135490293,-0.8727434816493504,-0.2188481749719906,-0.46187216729902586,0.32338183752769933
52.202515,-2.197632,126.34,13.7,2,69.08,23 / 23,13333910,2020-01-08 15:57:37:504,-1.4039,-0.7422,11.9182,0.0297,0.0371,9.8065,0.1595,-0.0898,0.1915,-22.94,-33.0,11.75,289.38,-78.29,-173.42,1.5673437513929986,0.4524492870425258,2.111993737591103,1.9442143019779965,1.366188745886411,1.4555278484266738,0.08760187672729436,-0.2867974839920051,0.2654222764624212
52.202515,-2.197632,126.34,13.7,2,69.08,23 / 23,13334010,2020-01-08 15:57:37:604,-2.0577,-1.6285,10.8527,0.044,-0.008,9.8065,-0.0457,-0.2415,-0.0506,-22.69,-32.94,12.06,289.91,-78.1,-172.69,2.4008036086700986,1.130565340942194,1.0467385645216738,-1.5640358884001733,-0.42365507368727123,0.6298675637905723,0.0076413210292101685,-0.13989184894370632,-0.06198927896220405
52.202515,-2.197632,126.34,13.7,2,69.08,23 / 23,13334110,2020-01-08 15:57:37:704,-0.7741,-2.2865,9.1486,0.004,-0.0184,9.8066,0.0172,-0.1476,-0.0576,-22.87,-33.0,12.19,289.31,-78.34,-173.56,1.2475956035326798,2.0479208857174376,-0.6574241217724169,2.5308759112933314,0.6576810077506361,-1.1252702501369858,-0.00895729599418791,-0.1464422722085283,-0.10878152354201952
52.202515,-2.197632,126.34,13.7,2,69.08,23 / 23,13334210,2020-01-08 15:57:37:804,-0.7931,-1.1372,11.1739,-0.0149,-0.0007,9.8066,0.032,0.0477,0.0867,-22.5,-32.69,11.94,290.33,-78.3,-173.11,1.0041566812566731,0.9423483589750432,1.3676204553254634,-0.6583622724254823,-1.0120831108502277,0.8071275278104328,0.03058616517589908,-0.04854227815982767,0.1969987680482468
52.202515,-2.197632,126.34,13.7,2,69.08,23 / 23,13334310,2020-01-08 15:57:37:904,-1.5392,-1.421,8.9852,-0.0077,0.0158,9.8066,-0.1708,-0.1753,0.222,-22.69,-33.44,12.0,290.42,-78.52,-172.78,1.8046843772966148,1.0741230221326197,-0.820949743690937,0.6863265239623177,0.8132149479411799,-1.114085476652733,-0.14834536308804602,-0.0033212192244133666,0.06192383723807492
52.202515,-2.197632,126.34,13.7,2,69.08,24 / 24,13334410,2020-01-08 15:57:38:004,-1.401,2.1747,11.4198,-0.0556,-0.0694,9.8062,-0.0495,0.1285,-0.2182,-23.06,-32.81,11.75,292.94,-78.81,-170.85,0.8312883822566873,-2.481193822547012,1.61320419367159,-3.250541251463496,-0.8348036017367871,0.9699289913760969,-0.08399926523304384,-0.0920413740600419,-0.026489176622417093
52.202515,-2.197632,126.34,13.7,2,69.08,24 / 24,13334510,2020-01-08 15:57:38:104,-3.3017,-4.1069,10.2636,0.0451,0.0194,9.8065,-0.1448,-0.3545,0.3355,-23.25,-32.75,11.56,294.04,-79.31,-170.5,4.155572399178812,3.3102168399386884,0.4583064998116283,2.44649089294864,0.7355227956474284,0.24480698340181006,-0.10511535464652619,-0.11644324083509333,0.13817484403882865
52.202515,-2.197632,126.34,13.7,2,69.08,24 / 24,13334610,2020-01-08 15:57:38:204,-3.9446,-2.9057,9.2051,0.0431,-0.0552,9.8064,-0.1559,0.1806,-0.2464,-23.12,-32.62,11.63,293.83,-78.92,-170.19,4.507346737969399,1.926679555679237,-0.600328662854165,1.5576884324704623,0.5162315369956282,-1.20183928776371,-0.19767156420372212,-0.04488049574296965,-0.07140350826636645
52.202515,-2.197632,126.34,13.7,2,69.08,24 / 24,13334710,2020-01-08 15:57:38:304,-2.6909,-2.6779,10.1468,0.0092,0.0198,9.8066,0.0889,-0.4908,0.0669,-22.56,-33.06,12.44,292.72,-79.15,-171.5,3.2168830604120044,2.054074642376677,0.3410309064871141,1.1800173578840716,0.6604213272674839,0.0708868639999441,0.1308920538486107,-0.301141595714111,-0.06382138049873161
52.202515,-2.197632,126.34,13.7,2,69.08,24 / 24,13334810,2020-01-08 15:57:38:404,-2.1826,-2.4419,10.5974,-0.0017,0.0152,9.8066,0.1084,-0.2113,0.0967,-22.62,-32.81,12.5,293.05,-79.06,-173.25,2.6580400409202163,1.930628682145488,0.7915338859088935,1.5569158982236546,0.5047874861999894,0.3709794577732676,0.07124848064299968,-0.35368811267870703,0.17254856519198356
52.202515,-2.197632,126.34,13.7,2,69.08,24 / 24,13334913,2020-01-08 15:57:38:507,-1.7693,0.8551,9.6146,-0.0202,0.0261,9.8065,-0.3094,-0.1641,0.1466,-22.81,-32.81,12.31,291.06,-79.64,-173.67,1.530005069819426,-1.185605211138654,-0.1919431938041028,-1.7163850535268494,0.2948190279430105,-0.6433131100269079,-0.28698449137280774,-0.06787052153147172,0.12426866595329997
52.202515,-2.197632,126.34,13.7,2,69.08,24 / 24,13335010,2020-01-08 15:57:38:604,-1.2414,-1.5755,9.5838,-0.0415,0.0218,9.8065,-0.098,-0.1039,-0.0025,-22.44,-33.31,12.31,293.3,-80.18,-172.94,1.515265722536446,1.3020374029818602,-0.2222408183533231,0.6976128079994734,-0.1290315008689088,-0.3599573526655438,-0.09485041514747988,-0.16316190881075418,-0.023144231512453192
52.202515,-2.197632,126.34,13.7,2,69.08,24 / 24,13335110,2020-01-08 15:57:38:704,-0.6708,0.6235,10.6118,-0.0087,0.0117,9.8066,-0.0487,-0.2419,-0.095,-23.37,-32.56,11.81,292.3,-80.47,-173.59,0.5149877103667113,-0.7399986288991482,0.8051163750655147,-0.7975602672069645,-0.5237667464489604,0.10671874839842138,-0.08232292877997421,-0.20916225441691016,-0.04718818553405972
52.202515,-2.197632,126.34,13.7,2,69.08,24 / 24,13335210,2020-01-08 15:57:38:804,-2.0199,-1.9468,9.5427,0.0512,0.0425,9.8064,-0.2602,-0.1107,0.1908,-22.19,-33.0,11.75,291.63,-80.85,-175.38,2.450373904404968,1.497585947813722,-0.2630806863341132,0.6784004263062204,0.1757419880438138,-0.0924208648983964,-0.20139965007840815,-0.12355630894622825,0.13239060340974568
52.202515,-2.197632,126.34,13.7,2,69.08,22 / 23,13335310,2020-01-08 15:57:38:904,1.162,-0.7196,10.4402,-0.0128,0.0417,9.8065,0.0314,-0.1315,-0.0121,-22.12,-32.5,12.13,292.39,-81.13,-175.38,-0.9837449005607736,0.9959334591034648,0.6337751459775629,1.3043242268448414,-1.85052893801667,-0.29004228977271695,-0.038624146560846576,-0.13715831973901668,0.044393191477875335
52.202515,-2.197632,126.34,13.7,2,69.08,22 / 23,13335409,2020-01-08 15:57:39:003,-1.6524,-1.6655,8.1658,0.0178,0.0278,9.8066,-0.263,-0.2193,-0.0042,-21.31,-33.56,11.69,290.0,-81.56,-178.25,1.9953901568838843,1.2949732890615062,-1.6402804249359708,0.48622125976061126,0.07369968832473106,-1.228593685547669,-0.19812908628761736,-0.19265413131629294,-0.05346350035218367
52.202515,-2.197632,126.34,13.7,2,69.08,22 / 23,13335510,2020-01-08 15:57:39:104,-0.9453,1.5638,9.8375,-0.0071,0.036,9.8065,-0.1833,-0.2441,0.1129,-20.94,-33.75,11.38,285.85,-82.34,179.03,0.5878064762438721,-1.69378043043791,0.0307323925415976,-1.2928843452058043,-0.2334683035155254,-1.0058722474209185,-0.23107560186204304,-0.29481802221735737,0.15599625832893213
52.202515,-2.197632,126.34,13.7,2,69.08,22 / 23,13335609,2020-01-08 15:57:39:203,0.0513,-1.6729,9.0491,0.005,0.0536,9.8064,-0.0492,-0.2764,0.097,-21.81,-32.94,12.06,287.82,-82.69,178.59,0.326049635048455,1.6962375478669591,-0.7569141607151081,1.2319952085004435,-1.529470382431346,-0.2550227894047385,-0.022612799044354773,-0.20215850912221578,0.05704546594440156
52.202515,-2.197632,126.34,13.7,2,69.08,22 / 23,13335710,2020-01-08 15:57:39:304,0.622,-0.3197,10.676,-0.0064,0.0033,9.8066,-0.1156,-0.0376,-0.0999,-21.37,-33.44,11.5,287.64,-82.85,177.41,-0.5443787845964738,0.4503670511158002,0.8694211742018509,0.6222805570479283,-1.5028845750797355,-0.09805074553254137,-0.12348261579942545,-0.12710780880302028,-0.06277170596464948
52.202515,-2.197632,126.34,13.7,2,69.08,22 / 23,13335810,2020-01-08 15:57:39:404,-0.7736,-1.4394,9.6596,0.0163,0.0072,9.8065,-0.0925,-0.0639,0.1648,-21.69,-33.37,10.94,283.95,-83.23,176.38,1.08244468092258,1.242989113171347,-0.1465085570194526,1.441146149418644,-0.5160364382062274,0.24406058779541367,-0.09788524352287607,0.022719817729591647,0.13466190663775374
52.202515,-2.197632,126.34,13.7,2,69.08,22 / 23,13335910,2020-01-08 15:57:39:504,-2.0194,1.1736,11.1572,-0.075,0.0284,9.8062,0.1969,0.0691,0.1216,-22.31,-32.81,11.19,286.69,-83.31,178.9,1.6525618178122596,-1.536710792073108,1.3509014693289358,-1.8433068155130756,0.3747838064466893,0.6618028569303284,0.20970471721161404,0.01208487769611777,0.13718210232497866
52.202515,-2.197632,126.34,13.7,2,69.08,22 / 23,13336010,2020-01-08 15:57:39:604,-1.1063,0.7414,10.886,-0.0409,-0.0358,9.8064,0.1981,-0.099,-0.3162,-21.44,-33.12,11.5,292.95,-83.75,-178.77,0.873263924794834,-0.9882897607329169,1.0795122169213256,0.0689814409295747,-0.3056087480526005,1.155508857222471,0.1835902927713807,-0.10053515769324879,-0.30781720144163494
52.202515,-2.197632,126.34,13.7,2,69.08,22 / 23,13336110,2020-01-08 15:57:39:704,-2.7716,-6.7463,10.8762,-0.0259,-0.1168,9.8058,-0.2042,0.5162,-0.4991,-21.62,-33.44,10.44,290.4,-83.7,-175.81,4.10659585282957,5.883988438451259,1.0721219416162042,5.001852146946904,0.2724893129954621,0.8445435669863725,-0.19282590292544072,0.5960542788239032,-0.54119843310017
52.202515,-2.197632,126.34,13.7,2,69.08,22 / 23,13336210,2020-01-08 15:57:39:804,-1.4228,4.5702,8.1794,-0.0104,-0.0183,9.8066,-0.1383,0.7316,-0.1645,-21.06,-32.81,11.06,291.55,-83.87,-177.99,0.3931314452087259,-4.784523085409511,-1.6281192714207249,-2.8432046884025635,-0.2754411582417138,-2.0167607527315186,-0.14489249709097635,0.5747820589514634,-0.08208724886602374
52.202515,-2.197632,126.34,13.7,2,69.08,22 / 22,13336310,2020-01-08 15:57:39:904,-1.6901,-3.9631,9.7423,-0.0403,0.0174,9.8065,0.1683,-0.2818,0.1537,-21.81,-32.94,11.13,291.66,-83.95,-177.21,2.466974844272691,3.532759134984232,-0.0631659869802757,2.148361193885597,-0.22111001272262942,0.27482624134791894,0.1733110371638149,-0.07434341056782992,0.03271928571999018
52.202515,-2.197632,126.34,13.7,2,69.08,22 / 22,13336410,2020-01-08 15:57:40:004,-0.8684,-0.7604,11.8435,-0.0454,-0.0655,9.8063,0.1722,0.3416,-0.2905,-21.94,-32.94,10.25,291.67,-84.24,-175.32,0.952886005515682,0.5013069570870616,2.03742446369638,3.192202520128813,0.7879456767213584,1.1345741829671434,0.16233445352606699,0.12549951563297007,-0.14329005522794966
52.202515,-2.197632,126.34,13.7,2,69.08,22 / 22,13336510,2020-01-08 15:57:40:104,-1.4019,-4.1322,8.8917,-0.0932,0.0421,9.8061,0.2542,-0.1811,0.1866,-21.5,-33.31,11.13,293.17,-84.05,-176.7,2.1756239787436478,3.7955309374932256,-0.9133502863893234,2.11545666768285,-0.6560805991415758,-0.02241802496090911,0.2749131118757661,0.00394902036292627,0.03173430746658912
52.202515,-2.197632,126.34,13.7,2,69.08,22 / 22,13336610,2020-01-08 15:57:40:204,4.2111,1.4043,12.9455,-0.1718,-0.0094,9.8051,0.4504,0.1615,-0.3664,-21.44,-32.94,11.25,296.08,-84.81,-174.96,-4.584744539332333,-0.4390285075837573,3.139720328085152,2.7598537092296214,-1.7712892325200362,1.7975935773367429,0.41539086997988595,0.028048219629100743,-0.2194957672302506
52.202515,-2.197632,126.34,13.7,2,69.08,22 / 22,13336711,2020-01-08 15:57:40:305,-0.7625,-0.8134,10.7939,0.0473,-0.0361,9.8064,-0.0803,0.1475,-0.1591,-20.69,-32.94,11.19,290.43,-84.06,-179.32,0.9578445730111244,0.5848308201205996,0.9877420036579416,-1.1096430618727227,-1.9759909425867406,2.29500063100972,-0.028695117716246415,0.23621698342698202,-0.29374980846427057
52.202515,-2.197632,126.34,13.7,2,69.08,22 / 22,13336810,2020-01-08 15:57:40:404,0.947,1.9947,10.2652,0.0033,-0.0102,9.8066,-0.0814,0.2274,-0.0936,-20.75,-32.37,10.81,287.93,-83.94,178.21,-1.3527140635357655,-1.755233399546147,0.4580699023404975,1.6596161844585158,-0.9293670200827235,-1.1351508408886928,-0.15328971401793906,0.1518093950522076,0.03801256904380393
52.202515,-2.197632,126.34,13.7,2,69.08,22 / 22,13336910,2020-01-08 15:57:40:504,-2.5431,0.3549,7.9862,-0.0496,0.0533,9.8063,0.3747,0.279,-0.0356,-20.62,-31.62,10.38,285.01,-83.91,177.78,2.370591456225853,-0.8302409557903305,-1.81996289055501,-2.2338031091760895,-0.9803811803718114,-0.3269257427663156,0.470897562191277,0.38622354967382333,-0.18179776510823029
52.202515,-2.197632,126.34,13.7,2,69.08,22 / 22,13337010,2020-01-08 15:57:40:604,5.1949,5.7788,15.0291,-0.1294,-0.0332,9.8056,0.5116,0.5493,-0.6341,-20.25,-32.19,9.56,284.98,-84.57,176.03,-6.4499638205507965,-4.532522237845337,5.221750244604127,-1.200693689418707,-1.6349810605623367,3.6314826894698964,0.39207483011214156,0.36850331841835265,-0.45562056726085354
52.202515,-2.197632,126.34,13.7,2,69.08,22 / 22,13337110,2020-01-08 15:57:40:704,-6.0653,-1.6087,5.5977,-0.0737,-0.0653,9.8061,-0.2988,0.3157,-0.1522,-20.62,-32.25,9.69,278.8,-84.82,170.45,6.1838503090865125,0.2200679071057385,-4.207558692528571,-0.6022971387501779,-0.7664056291553512,-2.7916273771089095,-0.1657095824113844,0.5941635073704011,-0.37409861381520665
52.202515,-2.197632,126.34,13.7,2,69.08,22 / 22,13337210,2020-01-08 15:57:40:804,4.4643,7.1994,10.3311,-0.0577,-0.1014,9.8059,0.072,1.0106,-0.315,-20.19,-32.0,10.81,289.39,-84.98,177.32,-5.985885919376527,-6.158039599906404,0.5231803954606971,-3.1766423015607588,-1.9470761991181702,-0.8152672323768912,-0.05896602853258048,0.6373219326051522,-0.0487314932831487
52.202515,-2.197632,126.34,13.7,2,69.08,22 / 23,13337311,2020-01-08 15:57:40:905,1.86,2.2947,10.7119,0.0689,-0.0096,9.8063,-0.0762,-0.3145,0.4244,-18.94,-31.62,10.31,287.71,-84.1,178.48,-2.244723565647787,-1.865546069708297,0.904932613856642,-1.8739881055140797,-4.566398805604458,2.022732221436571,0.03818268858184442,0.12410728341844163,0.12440750376330587
52.202515,-2.197632,126.34,13.7,2,69.08,22 / 23,13337410,2020-01-08 15:57:41:004,3.5974,6.2613,10.7436,-0.0282,-0.1035,9.806,0.0595,0.5424,-0.2651,-19.06,-32.31,9.31,291.22,-84.02,-175.47,-4.909274234839068,-5.436720581951548,0.935865354059936,-2.9928216504080285,-5.3609403934777236,0.022955586124148053,-0.03056349920286649,0.0853029307861905,0.04759006061718593
52.202515,-2.197632,126.34,13.7,2,69.08,22 / 23,13337509,2020-01-08 15:57:41:103,-1.2038,-2.7714,9.335,-0.0072,0.0305,9.8065,-0.031,-0.3254,0.3614,-20.37,-32.31,8.06,289.0,-84.0,-174.22,1.7710443719471154,2.4792308442901096,-0.4707692357355102,3.4050572250321567,0.03423963526010254,0.22802010122900418,0.03473792434448002,0.09928498902002839,0.0630580627972014
52.202515,-2.197632,126.34,13.7,2,69.08,22 / 23,13337609,2020-01-08 15:57:41:203,-2.0719,-1.9819,9.2794,-0.0203,-0.0596,9.8063,0.0539,0.3471,-0.1708,-21.56,-32.56,8.69,291.7,-84.05,-172.73,2.4169598640133505,1.436398106144537,-0.5262974030079861,3.2931100706537855,1.384748765138243,-0.9555038137240585,0.007159919767419046,-0.0021438742941521545,0.08644896532690845
52.202515,-2.197632,126.34,13.7,2,69.08,22 / 23,13337709,2020-01-08 15:57:41:303,-2.9195,-3.507,10.6608,0.0476,0.072,9.8062,-0.0297,-0.5775,0.4629,-21.37,-32.69,9.5,294.72,-83.9,-172.72,3.667038862469999,2.857262789347203,0.8556517420928783,4.672460668627107,2.5200627564189473,1.1334823462161454,0.005090104516925046,-0.33051329123739137,0.26670524524160727
52.202515,-2.197632,126.34,13.7,2,69.08,22 / 23,13337810,2020-01-08 15:57:41:404,-2.1433,-1.9372,10.2093,-0.0055,-0.0239,9.8065,-0.0109,-0.3648,0.1168,-21.94,-33.06,9.44,289.95,-83.85,-174.12,2.499089652561092,1.408888484745703,0.4034076300877787,2.80649639624444,0.9561685006972225,0.40405915396666847,-0.03932727269356113,-0.5029248911528943,0.2437583916235055
52.202515,-2.197632,126.34,13.7,2,69.08,22 / 23,13337910,2020-01-08 15:57:41:504,1.0017,6.2595,10.9703,0.0678,0.0487,9.8062,-0.0961,-0.3064,0.214,-21.87,-33.69,9.69,288.57,-83.54,-177.09,-2.24743428333733,-5.865039214675361,1.1626215258631043,-3.390266482097669,-2.9443942691588507,1.112853311234228,-0.07166838386484087,-0.26512175307818076,0.15122616776878
52.202515,-2.197632,126.34,13.7,2,69.08,22 / 23,13338010,2020-01-08 15:57:41:604,-2.2083,0.3485,10.3517,0.0229,0.0493,9.8065,0.0507,-0.2481,0.3607,-22.75,-34.06,9.38,286.8,-83.42,-175.72,2.114635836235242,-0.771986304437822,0.5453160055143348,0.4646638028176473,0.2639816170292922,0.8492214365556172,0.03102819207686754,-0.21610452732947238,0.37402423675279245
52.202515,-2.197632,126.34,13.7,2,69.08,22 / 23,13338110,2020-01-08 15:57:41:704,-2.093,1.975,10.094,0.0244,0.0282,9.8065,0.0353,0.0839,0.154,-22.0,-33.62,10.25,292.59,-83.11,-172.68,1.6493227263781305,-2.3565440683521186,0.2872348310477946,0.4017117527696501,1.1534338915516937,0.049457566053424384,0.04783098918305334,0.004214085825602329,0.17293046955249688
52.202515,-2.197632,126.34,13.7,2,69.08,22 / 23,13338210,2020-01-08 15:57:41:804,-4.573,0.7819,9.427,-0.0102,-0.0429,9.8065,-0.0237,-0.0871,0.049,-21.75,-33.44,9.56,293.55,-82.91,-171.79,4.278841163166136,-1.7863652377173218,-0.3793107800606272,-0.31128497318349724,2.400074935373185,0.08127717904173831,-0.026889308741992936,0.020589124799774983,0.01092975449955964
52.202515,-2.197632,126.34,13.7,2,69.08,23 / 23,13338310,2020-01-08 15:57:41:904,-2.4668,2.8486,9.5945,0.0437,-0.0131,9.8065,-0.0997,-0.0621,0.2305,-22.87,-33.69,9.75,296.03,-82.83,-168.49,1.8366068391549344,-3.33446037731998,-0.2124392865089181,-0.7205384494942959,1.2566316381391889,-0.5031921298375885,-0.10659641918959398,-0.18698953254736148,0.28029642395900867
52.202637,-2.196013,125.49,11.06,2,94.97,23 / 23,13338410,2020-01-08 15:57:42:004,-3.0132,-0.2061,8.9614,0.0305,0.0027,9.8066,-0.0602,-0.1229,0.2092,-23.31,-33.19,9.69,299.39,-82.42,-165.14,3.017528555888617,-0.4502570305969807,-0.8449024741322194,1.6516489046607141,1.384204697504389,-0.349970893560428,-0.044579694320227986,0.014408987321686176,0.1528317115215899
52.202637,-2.196013,125.49,11.06,2,94.97,23 / 23,13338510,2020-01-08 15:57:42:104,-3.2616,-0.2345,9.6902,-0.0246,-0.0424,9.8064,0.1202,0.2903,-0.1456,-23.25,-32.81,9.88,301.76,-82.31,-162.84,3.2026245774471542,-0.5082706855302674,-0.1158903626796834,1.6020539962919753,2.3021474164981157,-0.3634887368481755,0.09906852015164982,0.14561701831873647,-0.08996560247730895
52.202637,-2.196013,125.49,11.06,2,94.97,23 / 23,13338610,2020-01-08 15:57:42:204,-3.697,-0.1953,9.0375,0.0123,-0.0251,9.8065,0.0324,0.0994,-0.0337,-23.31,-32.62,9.69,304.36,-82.17,-160.33,3.659257050057176,-0.6310631176152914,-0.768656433780735,2.357639035750206,2.4594166044539123,-0.3146738288146348,0.05544997023229404,0.2404259113734254,-0.07770691849874509
52.202637,-2.196013,125.49,11.06,2,94.97,23 / 23,13338710,2020-01-08 15:57:42:304,-1.9407,0.3069,9.1393,-0.0372,-0.0271,9.8065,0.1045,0.3593,-0.146,-22.37,-32.87,9.56,305.54,-82.19,-159.91,1.7872730320922918,-0.7352766453419195,-0.6671187702128892,0.6854303147658065,0.44564320053468653,-0.8252221866103306,0.08168441898166223,0.24148066562816292,-0.12627499225326178
52.202637,-2.196013,125.49,11.06,2,94.97,23 / 23,13338810,2020-01-08 15:57:42:404,-0.7055,4.3935,10.6526,-0.0233,-0.0141,9.8066,0.1475,0.2174,-0.2028,-23.56,-33.0,9.63,305.99,-82.26,-158.39,-0.2814228612615606,-4.451373156653739,0.8450614139705422,-0.5267566574677647,-0.9942926818335869,1.229747480454296,0.16974117238927128,0.28564684900882065,-0.1867693295384438
52.202637,-2.196013,125.49,11.06,2,94.97,23 / 23,13338910,2020-01-08 15:57:42:504,-1.8207,0.8421,9.9001,-0.0023,-0.0523,9.8064,-0.0125,0.6931,-0.2116,-23.19,-33.56,9.56,306.2,-82.0,-158.22,1.583587932326546,-1.2644322723861658,0.0936477396315097,-0.4928028190402728,-0.1768211615321822,0.030879961412963897,-0.03372932543223539,0.7013320922704094,-0.271361266447401
52.202637,-2.196013,125.49,11.06,2,94.97,23 / 23,13339009,2020-01-08 15:57:42:603,0.0071,6.7392,8.6288,0.0388,-0.0886,9.8061,-0.0773,0.7161,-0.5325,-23.56,-33.56,8.69,302.71,-81.78,-158.32,-1.4367555874697842,-6.67472597669988,-1.1788382152959758,-1.9947942201553295,-1.7474874035018377,-0.8606454547368301,-0.06034342079646074,0.6131529300463542,-0.4256933627425753
52.202637,-2.196013,125.49,11.06,2,94.97,23 / 23,13339110,2020-01-08 15:57:42:704,-1.5936,-2.5432,10.392,0.0124,-0.0715,9.8063,0.1222,0.2259,-0.2602,-22.69,-33.0,9.75,302.55,-81.88,-161.6,2.0997477639078315,2.0685230479434824,0.5863898942603541,2.4413066903483687,-0.03320221006564883,0.6036772726931642,0.11628208934957526,0.4255458380677032,-0.4123622781842983
52.202637,-2.196013,125.49,11.06,2,94.97,23 / 23,13339209,2020-01-08 15:57:42:803,-0.8278,5.4199,8.205,0.0208,-0.0466,9.8064,-0.0089,0.6675,-0.263,-22.5,-33.0,8.75,301.13,-81.41,-160.52,-0.3462446264647388,-5.52079071485656,-1.6025637932381636,-0.4441960867472363,-0.43799896213853984,-1.3368247246582075,-0.021561911541403335,0.3867644267305298,-0.07250164848738763
52.202637,-2.196013,125.49,11.06,2,94.97,23 / 23,13339310,2020-01-08 15:57:42:904,-3.2558,1.0591,8.7007,-0.0194,0.0531,9.8064,-0.1018,-0.3774,0.3454,-22.5,-32.81,8.81,299.06,-81.6,-162.63,2.944594074542432,-1.6780266571754,-1.1056607635158024,-1.3251331518891114,-0.09268061075367395,-1.026620582647134,-0.0665341957623305,-0.04292960200967044,0.12900521225603417
52.202637,-2.196013,125.49,11.06,2,94.97,22 / 22,13339410,2020-01-08 15:57:43:004,-1.0757,2.9686,10.279,0.0234,-0.0056,9.8066,0.1007,0.4626,-0.3231,-23.37,-32.56,10.0,304.25,-81.67,-159.83,0.43393487442148,-3.141040492646021,0.4718192008798041,1.8988145261509592,0.3463032077820285,0.6958103483622199,0.04495648598039283,0.1039051990902217,-0.09694128512936664
52.202637,-2.196013,125.49,11.06,2,94.97,22 / 22,13339510,2020-01-08 15:57:43:104,-3.1694,-1.1378,8.9016,0.0151,0.0407,9.8065,-0.0458,0.1776,0.0321,-22.25,-32.75,9.19,303.47,-81.57,-158.64,3.3635137539456603,0.4665114417090903,-0.9043720538433688,1.1917198885578415,0.057864256627713856,-0.774501851281635,0.02265184205844035,0.5362321098460009,-0.18768728184386257
52.202637,-2.196013,125.49,11.06,2,94.97,22 / 22,13339610,2020-01-08 15:57:43:204,-0.9516,6.8797,10.051,-0.03,-0.0077,9.8065,0.0573,0.6706,-0.2599,-23.31,-32.5,9.13,306.85,-81.42,-155.25,-0.5806598075878848,-6.9245346637262495,0.2430214984432407,-2.3111809675267656,-0.8427494095161067,0.4266638723476403,-0.013183567821822076,0.3299171832845819,-0.05933048501440417
52.202637,-2.196013,125.49,11.06,2,94.97,22 / 22,13339710,2020-01-08 15:57:43:304,-0.8647,3.2776,11.1118,0.015,0.0394,9.8065,-0.18,-0.1244,0.2009,-23.44,-32.0,9.5,311.19,-81.36,-153.64,0.1628019354730164,-3.3518689374960933,1.304641550639505,-1.959918876413299,-1.4818232769026665,1.4835492261713972,-0.11769249339650789,0.18374162443574155,0.027935842776500016
52.202637,-2.196013,125.49,11.06,2,94.97,22 / 22,13339810,2020-01-08 15:57:43:404,-0.8138,7.8861,9.1623,-0.0362,-0.0658,9.8063,-0.0584,0.4335,-0.0278,-23.37,-32.44,8.25,310.96,-81.17,-149.07,-0.9500284617132922,-7.933006324630758,-0.645730551625894,-3.996044245366444,-1.4821044144935305,-0.5078628722021505,-0.10562986274617775,0.17128561430559305,0.1132761959844775
52.202637,-2.196013,125.49,11.06,2,94.97,22 / 22,13339910,2020-01-08 15:57:43:504,-2.42,4.0313,9.7898,-0.0175,-0.0151,9.8066,0.0028,-0.2997,0.3134,-24.37,-32.56,8.31,311.32,-81.09,-147.99,1.476415732284889,-4.468280568807822,-0.0175155324249032,-2.28677594034168,0.1823413275584644,0.21140203855302953,0.03267687766062722,-0.0938252167173908,0.2051210635391532
52.202637,-2.196013,125.49,11.06,2,94.97,22 / 22,13340010,2020-01-08 15:57:43:604,-3.4189,-0.4537,9.6818,-0.0313,-0.0734,9.8063,0.0265,0.1349,0.1944,-24.31,-31.75,7.88,312.77,-81.0,-146.91,3.3901642022899274,-0.356846127441412,-0.1241355019402774,2.8409928975536127,2.5887149639200393,-0.034529620101431235,0.012171764166239489,-0.01131326711913827,0.2716132437625168
52.202637,-2.196013,125.49,11.06,2,94.97,22 / 22,13340109,2020-01-08 15:57:43:703,-2.7905,2.6367,9.422,-0.0105,-0.0165,9.8066,-0.0399,0.1053,0.2531,-25.0,-32.25,7.63,315.14,-81.02,-144.49,2.1446516396498296,-3.1887387472632867,-0.3849700588994696,-0.2833024828296069,1.0200563081990408,-0.11407375121218594,-0.03667358134187036,0.1982569750736492,0.20328053442301258
52.202637,-2.196013,125.49,11.06,2,94.97,22 / 22,13340209,2020-01-08 15:57:43:803,-2.7755,2.5163,9.7537,-0.008,-0.0416,9.8065,0.0122,0.1567,0.0295,-25.0,-31.87,6.5,314.07,-81.13,-143.32,2.152889117069524,-3.0930470527757947,-0.0531495900132476,-0.5230874715110604,1.0052047098482357,0.00066100526609017,0.013986170827211531,0.10255386059267667,0.057200579387612485
52.202637,-2.196013,125.49,11.06,2,94.97,22 / 22,13340310,2020-01-08 15:57:43:904,-0.7396,7.0451,9.1823,-0.0229,-0.0465,9.8064,0.0031,0.1435,0.1464,-24.25,-32.31,5.81,315.4,-81.02,-140.09,-0.8245565163491859,-7.079733726043155,-0.6256414146083984,-3.6627563223319823,-1.5826725578670873,-0.33968666131982506,0.00362571969289391,0.17590983966868254,0.1337176284644968
52.202637,-2.196013,125.49,11.06,2,94.97,22 / 22,13340409,2020-01-08 15:57:44:003,-1.6172,5.5041,8.4353,-0.0009,-0.067,9.8064,0.0357,0.3073,0.2092,-23.69,-32.56,4.69,314.67,-81.0,-138.08,0.3809877421886418,-5.788034644863403,-1.3722242528694044,-3.6245656799707753,-0.6979704660867222,-1.3210127873312651,0.02509056171336568,0.28295794937760577,0.21558806782484305
52.202637,-2.196013,125.49,11.06,2,94.97,22 / 22,13340510,2020-01-08 15:57:44:104,-2.7699,5.8436,8.7065,-0.001,-0.0207,9.8066,0.1674,0.3637,0.0644,-23.5,-32.44,3.94,313.38,-81.17,-137.29,1.4435690514100603,-6.322224159689992,-1.1011956131601872,-2.6734901717569133,0.8043564338363305,-0.8459323790985811,0.19423516126892568,0.38619452679139543,0.05605662036911006
52.202637,-2.196013,125.49,11.06,2,94.97,22 / 22,13340610,2020-01-08 15:57:44:204,-2.7286,4.2461,10.3827,0.0087,-0.0357,9.8065,0.1867,0.5376,0.0868,-23.75,-32.19,2.94,312.08,-81.35,-136.16,1.7527037241541576,-4.770273128076014,0.5754588681148628,-2.7670557347677898,0.6889305225462945,0.6714929809928301,0.14216697176599835,0.5193664276381099,0.10115715606361093
52.202637,-2.196013,125.49,11.06,2,94.97,22 / 22,13340710,2020-01-08 15:57:44:304,-4.0941,4.2452,7.9535,0.027,0.0,9.8066,-0.0003,0.6363,0.1334,-23.69,-32.37,1.13,308.38,-81.3,-134.54,3.1123286144625566,-5.031531023772404,-1.8537189680243864,-1.4144209377982873,1.4015332199978698,-1.6808739325776076,0.05655301903974177,0.6407554892743414,0.11603167612951637
52.202637,-2.196013,125.49,11.06,2,94.97,22 / 22,13340810,2020-01-08 15:57:44:404,-2.0715,5.8939,9.71,-0.0271,-0.0581,9.8064,0.1429,0.7215,-0.0277,-23.56,-33.87,-0.87,305.77,-81.27,-131.4,0.7170261814175608,-6.252321240002809,-0.0975750325211346,-4.212587432783428,-0.26648472015858266,0.08716463499764526,0.08534827317542693,0.7435004239983329,-0.016851554967789367
52.202637,-2.196013,125.49,11.06,2,94.97,22 / 22,13340910,2020-01-08 15:57:44:504,-2.4582,5.8351,10.0484,0.0128,-0.0336,9.8066,-0.0945,0.6596,0.0894,-22.62,-32.5,-1.75,308.55,-80.95,-126.24,1.151515824678885,-6.262749629915184,0.2406788493227889,-2.863376838711664,0.5517364631500999,0.29391551734880383,-0.0504749428477593,0.6012320088922594,0.09672058514389285
52.202637,-2.196013,125.49,11.06,2,94.97,22 / 22,13341010,2020-01-08 15:57:44:604,-1.895,1.9683,9.266,-0.0583,-0.0271,9.8063,-0.0666,0.6666,0.0102,-22.5,-33.56,-3.5,310.03,-80.88,-121.06,1.3648446169071666,-2.343493932697559,-0.5405992037630628,-0.1637083754489339,0.49363868953639545,-0.24686723673142802,-0.08534199689173086,0.7620391552264381,-0.022863305860239713
52.202637,-2.196013,125.49,11.06,2,94.97,22 / 22,13341110,2020-01-08 15:57:44:704,-3.3934,4.9643,10.5659,-0.0796,-0.0282,9.8062,-0.1359,1.0311,-0.2472,-20.75,-33.44,-5.37,308.21,-81.3,-117.54,2.1629111823696268,-5.5883306001640864,0.7588459003316328,-2.4887129768642424,1.380860874931813,0.6862361842579323,-0.14746903879435813,0.9109546285199287,-0.18943055987695157
52.202637,-2.196013,125.49,11.06,2,94.97,22 / 22,13341210,2020-01-08 15:57:44:804,-6.6586,4.7402,8.2187,-0.1041,-0.006,9.806,-0.2439,0.6372,-0.0233,-19.69,-33.44,-6.81,304.94,-81.85,-115.0,5.381088813538811,-6.044011841362239,-1.5878318620938787,-3.7234345901111974,1.259310172479574,-1.1981915390292932,-0.20541072458443432,0.7583111258622632,-0.09570517351734831
52.202637,-2.196013,125.49,11.06,2,94.97,22 / 23,13341310,2020-01-08 15:57:44:904,-5.5463,4.6835,9.5339,-0.0434,-0.0536,9.8063,0.0244,1.0298,-0.169,-18.12,-33.31,-8.69,303.23,-82.28,-109.28,4.3558646487520685,-5.809314229124095,-0.2730163530786267,-2.9929534548321994,1.3449968453051893,-0.445210115028588,-0.030685903743790002,0.9356013756400652,-0.09765757938945725
52.202637,-2.196013,125.49,11.06,2,94.97,22 / 23,13341409,2020-01-08 15:57:45:003,-4.5087,2.7,8.0019,-0.0446,-0.0007,9.8065,-0.039,0.9057,-0.0606,-17.87,-33.25,-9.69,302.56,-82.45,-107.88,3.7793446136025968,-3.596894408303005,-1.8048422000694748,-1.2175222435762747,1.415352196492947,-1.3588362986107796,0.019122974145869304,0.9502918286476661,-0.11457090355917073
52.202637,-2.196013,125.49,11.06,2,94.97,22 / 23,13341510,2020-01-08 15:57:45:104,-2.7838,2.4196,9.0621,-0.0512,0.0082,9.8064,-0.0065,0.8447,-0.1887,-16.06,-33.94,-10.5,301.45,-83.03,-105.54,2.150389385061062,-2.9423294652185854,-0.7446193797660776,-0.326237721832237,1.2778791042267519,-0.971372287045167,-0.0547390090314514,0.8601962183525224,-0.16431387476364012
52.202637,-2.196013,125.49,11.06,2,94.97,22 / 23,13341609,2020-01-08 15:57:45:203,-5.0179,3.7285,8.9765,-0.0801,-0.0153,9.8062,-0.0901,0.9735,-0.1434,-14.37,-34.37,-12.19,298.21,-83.81,-100.9,4.017593205778092,-4.717639664703124,-0.830138661252146,-2.40158422571652,1.6124551272552279,-0.3758629118535205,-0.061286173948636405,0.9019766076848643,-0.13357714354142872
52.202637,-2.196013,125.49,11.06,2,94.97,22 / 23,13341710,2020-01-08 15:57:45:304,-3.0957,1.7329,10.5252,-0.0905,-0.0379,9.8062,0.0136,0.6718,-0.0376,-13.31,-34.62,-13.19,299.83,-84.39,-95.73,2.554145386242644,-2.375609437155608,0.7188475694002358,0.14007032173388811,1.1660848318358816,0.4827160492290717,0.00852625089891047,0.7827220394638637,-0.07700799538534883
52.202637,-2.196013,125.49,11.06,2,94.97,22 / 23,13341810,2020-01-08 15:57:45:404,-3.8671,0.0746,10.1339,-0.0263,-0.018,9.8066,-0.0356,0.7594,-0.0977,-11.94,-34.25,-13.87,300.84,-84.8,-91.38,3.7310432730155534,-0.9162108225911708,0.3275950449139858,1.2277980604414855,1.854649764307498,0.74965976942468,-0.05200561333617768,0.6339536057528465,-0.04184484388508998
52.202637,-2.196013,125.49,11.06,2,94.97,22 / 23,13341910,2020-01-08 15:57:45:504,-2.9133,-0.9762,8.6996,-0.0248,0.0181,9.8066,-0.1123,0.4151,0.1307,-9.94,-34.87,-14.94,298.09,-85.24,-87.33,3.0348609736648613,0.3502946456357158,-1.106537966707384,2.8301519106833832,1.0166370201514425,-1.3178955215476944,-0.08337885750507257,0.5269271130128209,0.07688702648444157
52.202637,-2.196013,125.49,11.06,2,94.97,22 / 23,13342010,2020-01-08 15:57:45:604,-2.3979,0.328,10.4651,0.0146,-0.0214,9.8065,0.0835,0.5415,0.0296,-9.31,-35.06,-15.0,299.66,-85.82,-83.93,2.2808898136521507,-0.8600120539956889,0.6587195875028851,1.0628829019162804,2.118681529050677,1.0207525205468175,0.05549867488015438,0.46964100246329776,0.06239360268220863
52.202637,-2.196013,125.49,11.06,2,94.97,22 / 23,13342109,2020-01-08 15:57:45:703,-4.9991,3.8033,10.6447,0.0005,0.0236,9.8066,-0.0191,0.2897,0.1208,-7.31,-35.37,-14.94,291.62,-86.19,-85.83,4.0700153538478725,-4.766324317288164,0.837658272728256,-2.3280460316984257,0.867124329106228,0.6751449119493425,-0.00546189127848528,0.3020689621718319,0.12336352477969667
52.202637,-2.196013,125.49,11.06,2,94.97,22 / 23,13342210,2020-01-08 15:57:45:804,-0.5409,0.0184,10.5578,0.0209,-0.0342,9.8065,-0.0502,0.21,0.2072,-6.5,-35.06,-14.81,285.68,-86.44,-88.65,0.5372588231733727,-0.1723002685244677,0.7513343226478875,1.5605491701734184,0.8886603230906699,1.032884470108963,-0.040836708770355765,0.2656093325085537,0.16323294692238305
52.202637,-2.196013,125.49,11.06,2,94.97,22 / 23,13342311,2020-01-08 15:57:45:905,-2.4332,0.1884,10.7608,0.0354,-0.013,9.8065,-0.0238,0.3997,0.0016,-5.56,-35.44,-14.5,283.1,-86.64,-92.52,2.3674575550080785,-0.7275931811206849,0.9544575936215556,1.5896266507530212,0.7798994946417243,0.8618629776681027,-0.05711040727518734,0.2805188724630051,0.0837661071649619
52.202637,-2.196013,125.49,11.06,2,94.97,22 / 22,13342410,2020-01-08 15:57:46:004,2.1013,1.4814,8.4114,0.0045,-0.0142,9.8065,-0.1732,0.0069,0.1618,-4.81,-34.87,-14.62,273.05,-86.79,-98.27,-2.369121754219725,-1.0095684970030698,-1.3956099646899245,0.6310690652169634,-1.5160704372533251,-1.213521259321535,-0.1224765895165581,0.17395476957265846,0.05211432833790017
52.202637,-2.196013,125.49,11.06,2,94.97,22 / 22,13342509,2020-01-08 15:57:46:103,0.1503,0.6245,10.0988,0.043,-0.0453,9.8064,0.0463,0.4023,-0.1518,-3.81,-35.19,-13.94,274.07,-86.73,-93.98,-0.2488248649595252,-0.6311299819083316,0.2922400084079242,1.440024936497345,-1.4278991241212862,0.28984151485251514,-0.01091646684252899,0.20964900809173814,-0.02917589947464286
52.202637,-2.196013,125.49,11.06,2,94.97,22 / 22,13342610,2020-01-08 15:57:46:204,2.4266,-0.0681,8.6051,-0.0322,-0.0051,9.8065,-0.0908,-0.0304,0.1011,-4.0,-35.25,-14.5,277.6,-87.19,-91.62,-2.387608613730133,0.5903725545747169,-1.201588013608072,2.2643247529307153,-1.5425534033022548,-1.1335330876976322,-0.0378229671624431,0.16510310016165347,-0.02013627710297475
52.202637,-2.196013,125.49,11.06,2,94.97,22 / 22,13342710,2020-01-08 15:57:46:304,-2.1124,0.0626,8.6984,0.0267,-0.023,9.8065,-0.018,0.351,-0.1218,-3.31,-34.12,-15.12,279.66,-87.15,-85.38,2.070822918834907,-0.5432456353948516,-1.1079433191515342,1.1567416889721158,1.0326293588587552,-1.0086673568830065,-0.060085319026424805,0.1704157100082675,-0.012425865662531602
52.202637,-2.196013,125.49,11.06,2,94.97,22 / 22,13342810,2020-01-08 15:57:46:404,-0.7901,1.1891,10.093,-0.0068,-0.0192,9.8066,-0.0166,0.0586,0.0813,-3.25,-34.62,-15.06,286.0,-87.27,-79.28,0.5051828068833194,-1.3485018933459154,0.2861917456391307,0.46492022874664857,0.7534987011028759,0.24159481921729464,0.01345654041092001,0.2146671133189338,-0.011701510384171583
52.202637,-2.196013,125.49,11.06,2,94.97,22 / 22,13342910,2020-01-08 15:57:46:504,-1.1688,0.4777,10.2631,0.0292,-0.0104,9.8065,0.0308,0.3179,-0.1248,-3.12,-34.25,-15.75,291.89,-87.02,-72.92,1.064995500187083,-0.7343301717179705,0.456588385185081,0.5136814089375527,0.47897756261966784,0.6476023741937498,0.009767729407827216,0.18744674451929927,-0.04659297052159762
52.202637,-2.196013,125.49,11.06,2,94.97,22 / 22,13343010,2020-01-08 15:57:46:604,-0.3373,0.6449,10.4247,-0.0374,0.0482,9.8064,0.14,0.1245,-0.1268,-3.31,-33.62,-15.94,297.35,-86.86,-67.4,0.1645271471713858,-0.6473466927267006,0.6181899928496477,1.3540488912329074,0.04519127636223874,0.4890887051424474,0.1560033027914972,0.23457301432533123,-0.19592078113454028
52.202637,-2.196013,125.49,11.06,2,94.97,22 / 22,13343110,2020-01-08 15:57:46:704,2.8186,-1.3884,8.9847,-0.0135,0.0283,9.8065,0.197,0.3225,-0.2502,-3.19,-34.31,-14.94,294.75,-87.1,-70.67,-2.461205377331681,1.9925962925295784,-0.8217132380526616,2.781380252894702,-2.0836536181135306,-0.5768724676245631,0.18413215863142884,0.22486922333685697,-0.18386061444779028
52.202637,-2.196013,125.49,11.06,2,94.97,22 / 22,13343210,2020-01-08 15:57:46:804,-2.4261,1.0743,10.0641,-0.0635,0.0209,9.8063,0.0399,0.0971,-0.0894,-2.37,-34.12,-15.37,285.21,-86.9,-75.63,2.080859677658672,-1.5367419064039507,0.2577566196942316,0.6247438108773836,1.4224886689475333,0.09961276053018131,0.04828734688899637,0.18899428653492653,-0.15614075021154855
52.202637,-2.196013,125.49,11.06,2,94.97,21 / 22,13343309,2020-01-08 15:57:46:903,-1.7659,0.0793,10.5282,0.0057,0.0079,9.8066,0.091,0.1563,-0.1871,-2.87,-34.31,-14.12,286.74,-87.07,-78.66,1.714732948433276,-0.4507420305162051,0.7217296013629013,-0.047760186805728244,2.168837709796824,0.9605830848172795,0.09020820269723814,0.06810398190349229,-0.12223148065794412
52.202637,-2.196013,125.49,11.06,2,94.97,21 / 22,13343410,2020-01-08 15:57:47:004,-0.4909,1.5041,10.5069,-0.0286,0.0442,9.8065,0.1123,0.0177,-0.0351,-3.0,-34.56,-15.56,285.68,-87.23,-79.17,0.1375452938483466,-1.525293012218536,0.70010854802486,0.695845172389503,-0.8920479140925339,0.5832190072172438,0.10338908559895567,0.09738158292789306,-0.09023160218202499
52.202637,-2.196013,125.49,11.06,2,94.97,21 / 22,13343509,2020-01-08 15:57:47:103,3.8721,0.3735,8.9531,-0.0164,0.0314,9.8065,0.0636,0.323,-0.2093,-2.62,-33.81,-15.31,281.02,-87.32,-84.43,-3.871013580154792,0.5020365251941411,-0.8537970541224489,0.6591319031268736,-1.0773370933256783,-0.6850048580799546,0.08120707713369389,0.26335200761757027,-0.17526512892356225
52.202637,-2.196013,125.49,11.06,2,94.97,21 / 22,13343610,2020-01-08 15:57:47:204,1.5338,0.776,10.6488,-0.0434,0.0015,9.8065,0.0929,0.2316,-0.1583,-3.31,-34.19,-14.81,281.26,-87.25,-84.03,-1.7069347560438537,-0.4174886642959731,0.841995447608759,1.712715027075755,-3.076710197587749,0.8303510300183464,0.07109885248048063,0.2560642186396066,-0.16006526245251035
52.202637,-2.196013,125.49,11.06,2,94.97,21 / 22,13343710,2020-01-08 15:57:47:304,3.4495,-0.6095,10.1858,-0.0316,0.0101,9.8065,-0.0554,0.3084,-0.1579,-3.62,-34.56,-14.75,283.99,-87.07,-84.49,-3.266548527336187,1.3534153968660605,0.3791534545321583,1.4415400826940667,-0.7808082668783152,0.43184162305272455,-0.03613660003246656,0.33298102682193065,-0.1954634190768802
52.202637,-2.196013,125.49,11.06,2,94.97,21 / 22,13343810,2020-01-08 15:57:47:404,-2.581,0.4149,9.5172,-0.0595,-0.0002,9.8064,-0.007,0.4083,-0.2772,-3.37,-34.56,-15.56,276.4,-86.78,-87.31,2.3733388298519422,-0.9474169311594682,-0.2890862453825608,0.9253358081610139,0.49442520998970646,-0.1589150902944713,-0.01685369115613463,0.3266843607966095,-0.20000359774065452
52.202637,-2.196013,125.49,11.06,2,94.97,21 / 22,13343910,2020-01-08 15:57:47:504,3.3164,0.3751,10.5547,-0.0638,0.0275,9.8063,0.1148,0.0483,-0.0222,-4.06,-34.69,-14.81,277.56,-87.18,-91.05,-3.375987655682111,0.3870641708427633,0.7480434722205677,0.581992828645689,-0.7324392049197738,0.6739401030862895,0.10989202880766534,0.18662553753953015,-0.13225072723937398
52.202637,-2.196013,125.49,11.06,2,94.97,21 / 22,13344010,2020-01-08 15:57:47:604,-2.9867,1.8225,9.4675,-0.0324,0.0403,9.8065,0.0687,0.3172,-0.3348,-3.62,-34.5,-14.62,273.48,-87.08,-95.04,2.5021210630762707,-2.3755857340808286,-0.3391591598965324,-0.9030753902658883,0.6151849756921954,-0.06957747772941653,0.09165905264938298,0.1306447436457525,-0.20370208557268754
52.202637,-2.196013,125.49,11.06,2,94.97,21 / 22,13344109,2020-01-08 15:57:47:703,1.6473,-0.0428,9.7987,-0.0699,-0.002,9.8064,0.0419,-0.1948,0.0024,-3.19,-34.06,-14.62,266.55,-87.4,-98.98,-1.6682754423064288,0.4090176983340005,-0.0078320525308409,0.8452113990041508,-0.6224813474922287,-0.17990417581954227,-0.00026753739328165896,0.025200980818437003,-0.13622234897437546
52.202637,-2.196013,125.49,11.06,2,94.97,21 / 22,13344210,2020-01-08 15:57:47:804,-2.8856,0.5964,9.1041,0.0063,-0.0048,9.8065,-0.0812,0.1196,-0.0894,-3.44,-34.81,-15.19,264.1,-87.47,-101.44,2.695122761522336,-1.2087116961582736,-0.7022977615615782,-0.21806905334679916,0.9795623518514285,-0.33111347960361454,-0.021345287104163644,-0.11498639917097558,0.044272000261901194
52.202637,-2.196013,125.49,11.06,2,94.97,21 / 23,13344309,2020-01-08 15:57:47:903,1.6855,1.1296,10.2628,-0.028,-0.0315,9.8065,-0.0269,-0.3863,0.2189,-4.37,-34.31,-14.31,273.98,-87.7,-96.59,-1.9231107180772091,-0.7656684926364897,0.4558970008678781,-0.02801514912290015,-1.3186154943883945,0.2432166140878546,-0.09932984014915325,-0.15808601158500418,0.10043375140772444
52.202637,-2.196013,125.49,11.06,2,94.97,21 / 23,13344410,2020-01-08 15:57:48:004,3.2287,-1.2523,9.8456,0.0471,-0.0161,9.8064,-0.19,-0.0044,0.0413,-4.37,-34.56,-14.62,275.34,-87.75,-94.54,-2.8414487456966144,1.8912791102039448,0.0392172523936243,2.4040965745668172,-3.340171532396139,0.4555474516979843,-0.11395632441278676,-0.2052916460114325,0.13664561691479649
52.202637,-2.196013,125.49,11.06,2,94.97,21 / 23,13344510,2020-01-08 15:57:48:104,3.9662,0.9448,11.1924,-0.0181,-0.0218,9.8066,0.1014,-0.524,0.2485,-3.81,-33.81,-15.0,278.85,-87.71,-91.11,-4.099119432923375,-0.0877196330394263,1.3852540671694038,0.9227626546645504,-4.036931672198726,1.1971706545155494,0.033228256690643845,-0.36846704135246255,0.18163648289137757
52.202637,-2.196013,125.49,11.06,2,94.97,21 / 23,13344610,2020-01-08 15:57:48:204,1.707,-0.3583,9.9503,0.0497,0.0098,9.8064,0.0137,-0.2379,0.0866,-4.06,-34.44,-15.12,271.1,-87.62,-98.61,-1.5394313991822446,0.715756379237205,0.143846733689169,0.8422276469766912,-1.49996587746743,0.5522390000431909,0.06279613504160228,-0.3364087433567098,0.12289194352345899
52.202637,-2.196013,125.49,11.06,2,94.97,21 / 23,13344710,2020-01-08 15:57:48:304,-1.6876,0.642,10.2588,0.0125,0.0044,9.8066,0.0482,-0.2693,0.1013,-4.0,-34.37,-15.0,266.0,-87.75,-104.01,1.5232157015247083,-0.9882769645823976,0.4521959507828366,0.1877587967765182,1.0964964044303684,0.340642917474855,0.026065489747042824,-0.23061874425333545,0.09370544400580594
52.202637,-2.196013,125.49,11.06,2,94.97,21 / 23,13344810,2020-01-08 15:57:48:404,1.3414,-0.089,10.3481,0.0195,0.0022,9.8066,-0.0258,-0.2511,0.1404,-4.31,-33.62,-14.5,256.38,-87.76,-114.47,-1.2714540842641064,0.373144809303078,0.5414118237518386,0.2698925350736432,-0.8299015518104045,0.9098539371263984,-0.0331627520773084,-0.23609699571664644,0.12493456036048187
52.202637,-2.196013,125.49,11.06,2,94.97,21 / 23,13344910,2020-01-08 15:57:48:504,-0.0897,0.1824,9.9682,0.0234,0.0228,9.8066,-0.0878,-0.1013,0.0394,-4.25,-34.06,-15.31,247.31,-87.59,-122.75,0.0761232226076917,-0.1802155921505658,0.1615732815958155,1.0062979473086089,-0.6455285971490258,0.15255147539737687,-0.054358042057994244,-0.15713223427462897,0.06993885672788834
52.202637,-2.196013,125.49,11.06,2,94.97,21 / 23,13345010,2020-01-08 15:57:48:604,1.8915,-0.0055,8.9343,0.0014,-0.0184,9.8065,0.0393,-0.2053,0.0985,-4.31,-33.94,-14.5,241.16,-87.71,-130.11,-1.8485658608544695,0.3939192727649904,-0.8723583693801943,0.24491812171563587,-1.2535169257021037,-0.5486485304503543,-0.011764637388813264,-0.12500715695586911,0.06122154914568326
52.202637,-2.196013,125.49,11.06,2,94.97,21 / 23,13345109,2020-01-08 15:57:48:703,-0.5651,0.9066,8.8108,0.0065,0.0055,9.8066,-0.1285,-0.1075,0.0676,-4.31,-34.0,-15.06,236.54,-87.9,-134.56,0.3646410837709368,-1.0027129839614073,-0.9959563051768716,0.031694282972307475,-0.37985869747551715,-0.9018742360789853,-0.07099757490926344,-0.1952262945278841,0.10451189163040538
52.202637,-2.196013,125.49,11.06,2,94.97,21 / 23,13345210,2020-01-08 15:57:48:804,2.2293,-0.6904,10.6092,-0.0009,-0.0411,9.8066,-0.0126,-0.3185,0.1307,-4.69,-33.5,-14.62,238.04,-88.09,-137.02,-2.0385670772149664,1.1134119266257425,0.8025630463351645,1.0885961720256478,-1.5704254943658782,1.0970162637797403,-0.06553167659317174,-0.23886012737026402,0.09938716365340533
52.202637,-2.196013,125.49,11.06,2,94.97,21 / 21,13345310,2020-01-08 15:57:48:904,-0.4833,0.0961,10.7936,0.0303,0.0026,9.8065,-0.0605,-0.0505,0.0474,-4.19,-34.06,-14.5,232.25,-87.99,-139.99,0.4813626346112227,-0.201929509892988,0.9871211207519166,0.548939257788049,-0.026632994106339236,1.171382335176264,-0.020704498070273927,-0.10984215278858629,0.06971889839352395
52.202637,-2.196013,125.49,11.06,2,94.97,21 / 21,13345410,2020-01-08 15:57:49:004,0.2958,0.9653,9.7142,0.0045,-0.0046,9.8066,-0.0062,-0.0316,0.0499,-4.37,-34.94,-14.62,222.06,-87.87,-149.67,-0.4929895473332073,-0.884577905074516,-0.0926428414621462,-0.6647712148830253,-0.3699733018153939,0.19299974010985343,-0.027600821624272895,-0.00024271385993704375,0.038431856300633005
52.202637,-2.196013,125.49,11.06,2,94.97,21 / 21,13345509,2020-01-08 15:57:49:103,0.2142,0.2828,9.5363,-0.0102,0.0234,9.8066,0.0531,-0.1927,0.0498,-4.94,-34.69,-14.25,217.73,-87.57,-158.45,-0.2748849492258968,-0.2050374528934601,-0.2703769916247269,0.1911692880062308,-0.38737765006579494,-0.006209248570926251,0.053816343922967955,-0.19283008714550318,0.04970908317075075
