GPS LATITUDE (degrees),GPS LONGITUDE (degrees),GPS ALTITUDE (m),GPS SPEED (Kmh),GPS ACCURACY (m),GPS ORIENTATION (Â°),GPS SATELLITES IN RANGE,TIME SINCE START (ms),DATE (YYYY-MO-DD HH-MI-SS_SSS),ACCELEROMETER X (m/s²),ACCELEROMETER Y (m/s²),ACCELEROMETER Z (m/s²),GRAVITY X (m/s²),GRAVITY Y (m/s²),GRAVITY Z (m/s²),GYROSCOPE Yaw (rad/s),GYROSCOPE Pitch (rad/s),GYROSCOPE Roll (rad/s),MAGNETIC FIELD X (Î¼T),MAGNETIC FIELD Y (Î¼T),MAGNETIC FIELD Z (Î¼T),ORIENTATION (Yaw) (Â°),ORIENTATION (Pitch) (Â°),ORIENTATION (Roll ) (Â°),accel_lateral,accel_forward,accel_vertical
52.572826,-1.527021,135.85,13.16,4,126.89,20 / 21,7998913,2019-11-06 18:19:39:375,-3.2299,1.6137,9.545,0.0011,-0.0036,9.8066,-0.0778,0.0088,-0.0067,-24.44,-35.94,24.06,353.04,-88.57,-141.78,-3.360018906053308,1.3287077533748868,-0.26127285945117873
52.572826,-1.527021,135.85,13.16,4,126.89,20 / 21,7999014,2019-11-06 18:19:39:476,0.2227,1.0724,8.9855,0.0055,0.0045,9.8066,-0.04,0.1583,0.0331,-24.06,-36.0,24.19,344.08,-88.22,-150.39,0.12293345138690139,1.082740278355219,-0.8211895738240755
52.572826,-1.527021,135.85,13.16,4,126.89,20 / 21,7999114,2019-11-06 18:19:39:576,-3.7006,0.9379,9.4016,-0.0082,0.0301,9.8065,0.0511,0.2793,-0.1941,-24.37,-36.06,24.06,343.87,-88.39,-150.65,-3.757661689922374,0.581587087717024,-0.40447211707429453
52.572826,-1.527021,135.85,13.16,4,126.89,20 / 21,7999214,2019-11-06 18:19:39:676,1.3735,2.6149,10.7055,0.0217,0.0112,9.8065,0.1019,0.2753,-0.183,-24.25,-36.25,24.44,351.97,-88.55,-142.82,1.1191788132043257,2.711944049764976,0.8986746825291678
52.572826,-1.527021,135.85,13.16,4,126.89,20 / 21,7999313,2019-11-06 18:19:39:775,-0.3413,1.2653,8.9146,0.0433,0.0273,9.8065,0.0464,0.157,-0.0782,-23.94,-36.25,24.06,344.2,-88.71,-150.42,-0.49143904936805,1.1995879158630276,-0.891921107986365
52.572826,-1.527021,135.85,13.16,4,126.89,20 / 21,7999413,2019-11-06 18:19:39:875,0.9564,3.6262,9.7468,0.0031,-0.0463,9.8065,0.1108,-0.14,0.0038,-25.0,-36.25,23.63,344.8,-88.43,-148.59,0.6286725174621979,3.741760001229447,-0.06003489807731791
52.572826,-1.527021,135.85,13.16,4,126.89,20 / 21,7999513,2019-11-06 18:19:39:975,1.9831,1.7116,9.716,-0.0097,0.0016,9.8066,0.1186,-0.5587,0.2612,-24.06,-35.81,24.31,349.03,-88.61,-145.69,1.8357110884652057,1.8776186431071828,-0.09095730175326065
52.572826,-1.527021,135.85,13.16,4,126.89,20 / 21,7999614,2019-11-06 18:19:40:076,-5.2727,-1.3534,9.9524,-0.0552,-0.0393,9.8064,0.0099,-0.6226,0.2935,-23.69,-35.87,24.38,352.23,-88.83,-142.6,-5.082665727589396,-1.7650647265026782,0.14675378306599104
52.572826,-1.527021,135.85,13.16,4,126.89,20 / 21,7999714,2019-11-06 18:19:40:176,0.0042,2.9247,9.3813,-0.0422,-0.0437,9.8064,0.0345,-0.5873,0.247,-24.0,-36.37,24.13,10.77,-88.78,-124.48,-0.21326511554953273,2.961067270294016,-0.42527654682946153
52.572826,-1.527021,135.85,13.16,4,126.89,20 / 21,7999814,2019-11-06 18:19:40:276,-4.4227,-2.3393,10.8635,-0.0273,-0.0132,9.8065,0.0503,-0.435,0.1819,-24.37,-35.56,24.44,6.92,-89.04,-128.21,-4.1751505726571825,-2.7012791658517807,1.0577050315544079
52.572826,-1.527021,135.85,13.16,4,126.89,20 / 21,7999913,2019-11-06 18:19:40:375,-0.2985,3.9686,9.2095,-0.0379,-0.0592,9.8063,0.0762,0.0395,0.0245,-24.37,-35.56,24.13,17.3,-88.94,-118.04,-0.611702026339674,3.9895701606782157,-0.5969974907802686
52.572826,-1.527021,135.85,13.16,4,126.89,20 / 21,8000013,2019-11-06 18:19:40:475,-6.4743,-1.2267,10.6061,-0.011,0.0133,9.8066,-0.0663,-0.5682,0.242,-24.87,-36.0,24.44,21.58,-89.14,-112.58,-6.330093442863522,-1.800084889392609,0.8004114789260944
52.572826,-1.527021,135.85,13.16,4,126.89,20 / 21,8000113,2019-11-06 18:19:40:575,2.5231,4.9228,9.4833,-0.0541,-0.0661,9.8062,-0.087,0.2711,0.0432,-24.12,-36.19,24.06,26.28,-88.95,-109.22,2.131273927982523,5.1950315359253905,-0.32352162932734463
52.572826,-1.527021,135.85,13.16,4,126.89,20 / 21,8000213,2019-11-06 18:19:40:675,-1.3531,3.8022,9.7294,-0.0021,0.0277,9.8066,0.0095,-0.3434,0.0459,-24.19,-36.06,24.13,17.76,-89.15,-117.52,-1.6757266928214414,3.6419754172314556,-0.07724118880159574
52.572826,-1.527021,135.85,13.16,4,126.89,20 / 21,8000314,2019-11-06 18:19:40:776,0.7897,4.8425,9.1972,-0.0003,-0.0474,9.8064,0.0448,0.402,-0.1879,-24.44,-36.31,23.88,18.52,-89.05,-116.8,0.3595296798730607,4.940191585221526,-0.6095835960693193
52.572826,-1.527021,135.85,13.16,4,126.89,20 / 21,8000414,2019-11-06 18:19:40:876,-2.8561,2.212,9.7369,0.0389,0.0172,9.8065,0.051,-0.0589,-0.0086,-24.5,-35.5,23.94,20.91,-89.07,-114.43,-3.0757535598075454,1.9333770599831899,-0.06934971710088499
52.572826,-1.527021,135.85,13.16,4,126.89,20 / 21,8000514,2019-11-06 18:19:40:976,-2.6019,0.101,9.7418,-0.0301,0.0038,9.8065,-0.0783,0.3644,-0.179,-24.0,-36.44,24.06,24.02,-89.15,-111.35,-2.570461954708748,-0.12794863445877586,-0.06437123841450161
52.572826,-1.527021,135.85,13.16,4,126.89,20 / 21,8000614,2019-11-06 18:19:41:076,-3.6774,-3.1683,9.9506,-0.0077,0.0219,9.8066,0.0793,-0.0104,0.0595,-25.06,-36.06,23.75,44.05,-89.19,-90.37,-3.3768198801825013,-3.4987099071434438,0.1446603347865418
52.572826,-1.527021,135.85,13.16,4,126.89,20 / 21,8000714,2019-11-06 18:19:41:176,-5.2708,1.8656,7.5317,0.1091,-0.0432,9.8059,0.1841,0.7312,-0.5517,-24.44,-36.06,23.44,31.11,-89.12,-103.17,-5.526423208348692,1.4311429651990215,-2.2736102184381335
52.572826,-1.527021,135.85,13.16,4,126.89,20 / 21,8000814,2019-11-06 18:19:41:276,2.0991,5.8427,10.1747,0.0792,0.0643,9.8061,0.0145,0.4266,-0.2171,-24.62,-36.0,22.88,57.47,-89.1,-75.95,1.507191213053599,5.932850508563733,0.36800546236309994
52.572826,-1.527021,135.85,13.16,4,126.89,22 / 22,8000914,2019-11-06 18:19:41:376,1.4431,3.003,8.5143,-0.0479,-0.0078,9.8065,0.061,0.366,-0.2462,-24.5,-36.25,23.63,54.71,-89.11,-81.06,1.2219933183789051,3.1295018669316828,-1.292566777659253
52.572826,-1.527021,135.85,13.16,4,126.89,22 / 22,8001014,2019-11-06 18:19:41:476,-2.0032,0.3112,10.0912,-0.0155,0.0504,9.8065,0.0255,-0.0892,0.0937,-24.5,-36.06,23.69,15.8,-89.18,-119.44,-2.002852025745355,0.08609894126919883,0.2849434247005035
52.572826,-1.527021,135.85,13.16,4,126.89,22 / 22,8001114,2019-11-06 18:19:41:576,-1.2223,-1.9575,10.1389,0.0009,-0.0085,9.8066,-0.0744,0.3818,-0.2266,-24.62,-37.06,23.38,31.49,-89.38,-101.48,-1.0481376391270625,-2.04842538658558,0.33257097744220976
52.572826,-1.527021,135.85,13.16,4,126.89,22 / 22,8001213,2019-11-06 18:19:41:675,-1.2346,0.8828,9.084,0.053,0.0299,9.8064,0.0687,0.1724,-0.0922,-25.37,-35.94,22.94,47.12,-89.55,-85.85,-1.3573052405044477,0.737052042281157,-0.7222815940257233
52.572826,-1.527021,135.85,13.16,4,126.89,22 / 22,8001314,2019-11-06 18:19:41:776,-0.7309,0.6333,12.4314,-0.0156,0.0066,9.8066,0.056,0.2192,-0.1581,-24.44,-36.19,23.56,56.5,-89.32,-79.1,-0.7670089153361246,0.5619655310280557,2.6248569648137514
52.572826,-1.527021,135.85,13.16,4,126.89,22 / 22,8001414,2019-11-06 18:19:41:876,1.0563,-0.0307,10.0418,0.0132,-0.0196,9.8065,0.0961,0.1812,0.0542,-24.25,-36.0,24.63,9.11,-89.18,-127.2,1.040107886082491,0.08012430920520636,0.23516502797695166
52.572826,-1.527021,135.85,13.16,4,126.89,22 / 22,8001513,2019-11-06 18:19:41:975,1.9656,0.0612,9.5773,0.0467,-0.0011,9.8065,0.0198,0.0749,-0.1328,-24.25,-36.5,23.44,343.82,-88.96,-149.64,1.906083648105052,0.2297554531069846,-0.22945304137043374
52.572826,-1.527021,135.85,13.16,4,126.89,22 / 22,8001613,2019-11-06 18:19:42:075,-0.0505,-0.1522,10.9658,0.0128,0.0224,9.8065,0.0006,0.0235,0.0756,-24.87,-35.81,23.13,354.22,-88.89,-138.27,-0.047653626132765164,-0.1793847071566672,1.1593182474000465
52.572826,-1.527021,135.85,13.16,4,126.89,22 / 22,8001714,2019-11-06 18:19:42:176,0.63,0.5435,9.9939,-0.0268,0.0196,9.8066,-0.1537,0.1676,0.0188,-25.06,-36.31,23.5,12.95,-89.26,-121.06,0.6085217625540569,0.5793116272126415,0.1871845161180426
52.572826,-1.527021,135.85,13.16,4,126.89,22 / 22,8001814,2019-11-06 18:19:42:276,-0.1092,0.8943,10.2306,-0.011,0.006,9.8066,0.0615,0.0998,-0.0344,-24.31,-35.75,22.88,52.51,-89.25,-81.91,-0.17540781249240556,0.8763473497691391,0.4239617339680984
52.572826,-1.527021,135.85,13.16,4,126.89,22 / 23,8001913,2019-11-06 18:19:42:375,-0.9631,-0.1004,9.5106,-0.0084,-0.0228,9.8065,0.0767,0.1939,-0.0574,-25.37,-35.81,23.25,32.06,-89.3,-100.96,-0.9443014269948381,-0.16076299168498784,-0.2957714243803903
52.572826,-1.527021,135.85,13.16,4,126.89,22 / 23,8002013,2019-11-06 18:19:42:475,0.0262,-0.3482,9.4001,0.0036,-0.0263,9.8066,0.0565,0.1422,-0.0619,-25.5,-36.25,23.5,13.82,-89.06,-120.24,0.05059659364519801,-0.31872088524847114,-0.40648444252878013
52.572826,-1.527021,135.85,13.16,4,126.89,22 / 23,8002115,2019-11-06 18:19:42:577,-0.3918,0.9542,10.2797,0.0091,-0.0004,9.8066,0.0054,0.177,-0.0752,-25.06,-36.0,23.56,356.77,-89.07,-137.01,-0.48273792813143046,0.915941395022636,0.47309727712951594
52.572826,-1.527021,135.85,13.16,4,126.89,22 / 23,8002215,2019-11-06 18:19:42:677,1.52,1.1871,9.7327,0.0079,0.0,9.8066,-0.0056,0.165,-0.0151,-25.0,-36.0,22.44,347.13,-89.15,-144.01,1.4025534569964508,1.3147081109489862,-0.07416477109958368
52.572826,-1.527021,135.85,13.16,4,126.89,22 / 23,8002314,2019-11-06 18:19:42:776,0.0419,0.2704,9.7286,-0.0102,-0.0046,9.8066,0.0387,0.1216,-0.0142,-25.12,-35.94,22.88,348.24,-89.07,-144.18,0.02785624984949207,0.27849581317786515,-0.07802256972647204
52.572826,-1.527021,135.85,13.16,4,126.89,22 / 23,8002414,2019-11-06 18:19:42:876,0.3129,2.2465,8.9492,-0.0165,-0.0058,9.8066,-0.0631,0.2693,-0.0929,-25.19,-36.75,22.75,354.48,-89.1,-138.04,0.13118443107036873,2.272411710319528,-0.8575721974547813
52.572826,-1.527021,135.85,13.16,4,126.89,22 / 23,8002515,2019-11-06 18:19:42:977,0.6917,0.5347,10.6692,0.0043,0.0078,9.8066,-0.0378,0.023,0.0267,-25.37,-36.31,22.0,348.11,-89.26,-143.08,0.6388265373944921,0.5850208677819485,0.8624803588373594
52.572826,-1.527021,135.85,13.16,4,126.89,22 / 23,8002613,2019-11-06 18:19:43:075,2.6224,3.0385,9.6674,0.0,-0.0076,9.8066,-0.078,0.2827,-0.0642,-25.06,-36.5,22.06,357.1,-89.4,-134.21,2.3461222510063946,3.263628878958537,-0.13971590374947898
52.572826,-1.527021,135.85,13.16,4,126.89,22 / 23,8002713,2019-11-06 18:19:43:175,0.2515,0.9873,9.6374,0.0193,-0.0013,9.8066,0.0123,-0.1396,0.1248,-25.69,-36.19,21.63,359.25,-89.39,-130.97,0.14488793076507206,1.0050994217384814,-0.16928697510318377
52.572826,-1.527021,135.85,13.16,4,126.89,22 / 23,8002813,2019-11-06 18:19:43:275,-0.2078,-1.9835,10.8651,0.0121,0.0078,9.8066,0.1579,-0.0373,-0.0234,-24.94,-36.44,22.31,338.48,-89.18,-152.54,-0.04488950092418537,-2.00282649057286,1.0586429668997859
52.572826,-1.527021,135.85,13.16,4,126.89,21 / 23,8002913,2019-11-06 18:19:43:375,1.8579,1.4442,9.5496,0.0398,0.0451,9.8064,-0.008,0.0173,0.0311,-25.25,-36.12,21.75,317.1,-88.92,-173.44,1.688831198429782,1.5526283621607555,-0.25711672879110314
52.572826,-1.527021,135.85,13.16,4,126.89,21 / 23,8003015,2019-11-06 18:19:43:477,0.4574,0.9469,9.1043,0.0346,0.0111,9.8066,-0.1003,0.0521,0.0216,-25.5,-36.44,22.25,289.8,-88.77,159.7,0.3393068736545716,0.9691231149825311,-0.7024087154195308
52.572826,-1.527021,135.85,13.16,4,126.89,21 / 23,8003114,2019-11-06 18:19:43:576,1.0229,1.3409,9.8826,0.0098,0.0374,9.8065,-0.0372,0.0865,0.0101,-24.81,-36.44,21.56,286.23,-88.87,156.05,0.8953083840572775,1.3870609782269943,0.07589341286778241
52.572826,-1.527021,135.85,13.16,4,126.89,21 / 23,8003214,2019-11-06 18:19:43:676,1.9296,-0.3169,10.4932,-0.002,0.0076,9.8066,0.0933,0.1066,-0.0356,-25.06,-36.12,21.63,270.37,-88.85,140.27,1.9526549161099682,-0.15439164127906557,0.6863675179484597
52.572826,-1.527021,135.85,13.16,4,126.89,21 / 23,8003314,2019-11-06 18:19:43:776,0.4932,-0.8514,9.6727,0.0215,0.0001,9.8066,0.1026,0.0874,-0.0621,-25.37,-36.06,21.44,271.79,-88.53,143.38,0.5442984123029145,-0.8070248171583356,-0.1339124073978261
52.572826,-1.527021,135.85,13.16,4,126.89,21 / 23,8003414,2019-11-06 18:19:43:876,1.9218,-0.7995,9.4546,0.0424,0.0023,9.8065,0.0174,0.0349,-0.0402,-25.31,-35.56,21.56,270.8,-87.88,141.75,1.9422408405134293,-0.6344986507725419,-0.35209826697885427
52.572826,-1.527021,135.85,13.16,4,126.89,21 / 23,8003514,2019-11-06 18:19:43:976,2.3348,0.1696,9.4695,-0.0061,0.016,9.8066,0.0066,0.0775,0.0771,-25.25,-35.5,21.5,268.25,-87.83,139.18,2.318475876692295,0.3575809805042945,-0.3374131467170224
52.572826,-1.527021,135.85,13.16,4,126.89,21 / 23,8003613,2019-11-06 18:19:44:075,-0.8272,-3.0611,10.3026,-0.0007,0.0318,9.8065,0.0005,-0.2666,0.0775,-25.19,-35.75,21.63,265.69,-87.92,136.59,-0.5529597584451375,-3.1532657981776215,0.4963851141840844
52.572826,-1.527021,135.85,13.16,4,126.89,21 / 23,8003713,2019-11-06 18:19:44:175,0.3012,0.8624,9.5654,-0.0221,0.0288,9.8065,-0.0839,0.2342,-0.037,-25.75,-36.62,21.25,256.79,-87.97,130.05,0.24917719275074188,0.8586496445496825,-0.24118991381806074
52.572826,-1.527021,135.85,13.16,4,126.89,21 / 23,8003814,2019-11-06 18:19:44:276,-0.1361,-0.9088,9.6944,0.0185,0.018,9.8066,-0.0638,0.0014,0.0136,-25.0,-35.62,21.31,248.5,-88.13,120.38,-0.07302115248919328,-0.9367730585920063,-0.11212666045739363
52.572826,-1.527021,135.85,13.16,4,126.89,21 / 23,8003917,2019-11-06 18:19:44:379,-0.5619,-0.9185,10.06,-0.0128,-0.0318,9.8065,-0.0398,0.3362,-0.1008,-25.19,-35.87,20.94,246.92,-88.11,118.8,-0.4694707245050257,-0.9312802522177442,0.2536223189350284
52.572826,-1.527021,135.85,13.16,4,126.89,21 / 23,8004013,2019-11-06 18:19:44:475,2.2971,1.3759,10.1468,-0.0052,-0.0172,9.8066,-0.0257,0.3125,-0.1281,-25.5,-35.81,20.56,252.3,-88.21,124.14,2.171777067036963,1.589010770531751,0.3398206618591919
52.572826,-1.527021,135.85,13.16,4,126.89,21 / 23,8004113,2019-11-06 18:19:44:575,-0.9928,-3.1232,9.7528,-0.0311,-0.0586,9.8064,0.0783,0.0346,-0.0222,-25.44,-35.56,21.81,262.12,-88.37,132.52,-0.6901842177969945,-3.1369281119638948,-0.053298929394380745
52.572826,-1.527021,135.85,13.16,4,126.89,21 / 23,8004214,2019-11-06 18:19:44:676,2.0028,0.2997,10.5426,-0.019,-0.0177,9.8066,0.1044,0.3335,-0.0695,-25.69,-36.19,20.88,263.29,-88.28,136.21,1.9864146066327315,0.49293882508033826,0.7357189173077916
52.572826,-1.527021,135.85,13.16,4,126.89,21 / 23,8004314,2019-11-06 18:19:44:776,1.5698,-0.0664,9.8897,-0.0056,0.0336,9.8066,0.05,-0.2268,0.0333,-25.25,-35.56,20.69,262.92,-88.15,134.91,1.578121791776431,0.038076439816634874,0.0829009351650399
52.572826,-1.527021,135.85,13.16,4,126.89,21 / 23,8004413,2019-11-06 18:19:44:875,3.2791,3.4485,10.3176,-0.0284,-0.0217,9.8065,-0.0503,0.1942,0.0911,-25.5,-36.37,20.44,249.73,-88.31,122.85,2.9916157593771477,3.7460275428689833,0.5104706615597656
52.572826,-1.527021,135.85,13.16,4,126.89,21 / 23,8004513,2019-11-06 18:19:44:975,1.4071,-0.4665,9.5369,0.0502,0.09,9.806,0.1344,-0.621,0.3899,-25.19,-35.87,21.19,253.5,-88.44,125.11,1.400311620109363,-0.4357975131848754,-0.2692444318617751
52.572826,-1.527021,135.85,13.16,4,126.89,21 / 23,8004613,2019-11-06 18:19:45:075,-0.5859,-3.783,10.5387,0.0061,-0.0128,9.8066,0.0614,-0.0864,0.0029,-25.62,-35.75,20.56,246.96,-88.0,120.0,-0.2601325014542784,-3.807462835574875,0.7323935331522767
52.572826,-1.527021,135.85,13.16,4,126.89,21 / 23,8004713,2019-11-06 18:19:45:175,-0.5705,-3.162,10.3095,0.0176,0.0721,9.8063,0.1121,-0.5981,0.3663,-24.56,-35.87,20.94,251.53,-87.94,123.65,-0.3031304247163899,-3.273089119811642,0.503462232329209
52.572826,-1.527021,135.85,13.16,4,126.89,21 / 23,8004813,2019-11-06 18:19:45:275,-0.647,-3.9735,9.8501,0.0098,0.0238,9.8065,0.0047,-0.4217,0.17,-24.37,-36.19,20.31,243.76,-87.82,116.19,-0.30492197518741937,-4.03940447973935,0.04391501007040856
52.572826,-1.527021,135.85,13.16,4,126.89,20 / 22,8004913,2019-11-06 18:19:45:375,2.8911,2.7751,9.8291,0.0409,0.0676,9.8063,0.0685,-0.3304,0.2473,-24.31,-36.12,19.5,242.21,-88.0,114.44,2.6026639556948092,2.9462451248578647,0.02227393046404788
52.572826,-1.527021,135.85,13.16,4,126.89,20 / 22,8005014,2019-11-06 18:19:45:476,1.1496,-1.8658,11.2628,0.03,0.027,9.8065,0.0832,-0.526,0.2165,-25.31,-36.37,21.25,238.22,-87.64,110.37,1.2809254981227902,-1.787605424922909,1.4562631640761465
52.572826,-1.527021,135.85,13.16,4,126.89,20 / 22,8005114,2019-11-06 18:19:45:576,3.8846,2.5994,8.0321,0.0401,0.0643,9.8063,0.1023,-0.2176,0.1365,-24.69,-36.44,20.19,237.07,-87.35,110.88,3.6080030160070846,2.861282213195301,-1.7748454109966836
52.572826,-1.527021,135.85,13.16,4,126.89,20 / 22,8005214,2019-11-06 18:19:45:676,1.1654,-2.6146,10.5315,0.0156,0.063,9.8064,0.0811,-0.5009,0.0932,-24.25,-37.0,21.0,239.81,-87.19,111.41,1.3795095003504694,-2.566813016566548,0.7251043279606995
52.572826,-1.527021,135.85,13.16,4,126.89,20 / 22,8005313,2019-11-06 18:19:45:775,0.1787,1.6277,11.0602,0.0005,0.0394,9.8065,0.0393,-0.1178,0.0377,-24.31,-37.44,20.5,237.77,-87.06,109.43,0.038858629370212325,1.5978826670548854,1.2535855811427614
52.572826,-1.527021,135.85,13.16,4,126.89,20 / 22,8005413,2019-11-06 18:19:45:875,-2.056,-4.51,9.6804,0.073,0.0746,9.8061,0.1121,-0.5332,0.1226,-24.06,-37.25,20.31,231.8,-86.63,105.09,-1.7201801979053872,-4.753137253063277,-0.1251598588856687
52.572826,-1.527021,135.85,13.16,4,126.89,20 / 22,8005513,2019-11-06 18:19:45:975,3.3054,-0.1841,8.8106,-0.0185,-0.0189,9.8065,-0.0074,0.4777,-0.3795,-23.5,-37.5,20.13,234.27,-86.22,106.94,3.3254950541450157,0.1258687423460612,-0.9963226207194434
52.572826,-1.527021,135.85,13.16,4,126.89,20 / 22,8005613,2019-11-06 18:19:46:075,2.1772,1.0352,9.7023,0.0104,0.0526,9.8064,-0.0086,-0.0728,0.0302,-23.75,-37.44,21.06,231.7,-85.93,104.15,2.072617476455999,1.1682085780466112,-0.10443813703568278
52.572826,-1.527021,135.85,13.16,4,126.89,20 / 22,8005713,2019-11-06 18:19:46:175,-0.4516,-0.282,9.4366,-0.0247,0.0045,9.8065,-0.1005,0.1028,-0.0212,-24.12,-37.62,20.38,226.75,-86.04,100.38,-0.40027270898447753,-0.3227396002517047,-0.3698280395962389
52.572826,-1.527021,135.85,13.16,4,126.89,20 / 22,8005813,2019-11-06 18:19:46:275,0.3325,-0.9666,9.9866,0.0056,0.0163,9.8065,0.0301,-0.011,0.0414,-23.87,-37.31,19.63,223.8,-85.94,97.26,0.41157579768395264,-0.9505558128584125,0.18011396226250986
52.572826,-1.527021,135.85,13.16,4,126.89,23 / 23,8005913,2019-11-06 18:19:46:375,3.0671,-1.3693,9.0182,0.0189,0.0079,9.8066,-0.1603,-0.0748,-0.0114,-23.56,-37.44,20.13,227.53,-85.85,101.28,3.1568032437797555,-1.1055750382743104,-0.78871715767211
52.572826,-1.527021,135.85,13.16,4,126.89,23 / 23,8006014,2019-11-06 18:19:46:476,-0.4486,-3.5436,10.8182,-0.0153,0.0518,9.8065,0.2889,-0.2132,-0.0468,-23.5,-37.75,19.69,225.96,-85.49,98.9,-0.11728229031017606,-3.6194423575666907,1.0119628573379935
52.572826,-1.527021,135.85,13.16,4,126.89,23 / 23,8006114,2019-11-06 18:19:46:576,2.1483,-0.3056,10.2244,-0.0721,-0.0287,9.8063,0.0835,0.5189,-0.4982,-22.94,-37.62,20.13,226.59,-85.61,99.48,2.2361561843190474,-0.08175142764375841,0.4178272411055599
52.572826,-1.527021,135.85,13.16,4,126.89,23 / 23,8006214,2019-11-06 18:19:46:676,7.7485,0.0511,10.0515,0.1166,0.0016,9.8059,-0.2507,0.15,0.0947,-23.12,-37.25,19.94,229.87,-84.94,103.46,7.59840006097696,0.7163463821526487,0.24460497566921763
52.572826,-1.527021,135.85,13.16,4,126.89,23 / 23,8006313,2019-11-06 18:19:46:775,-2.2146,-3.3574,10.0784,0.0041,-0.0029,9.8066,-0.171,0.1566,0.1676,-22.87,-37.75,20.25,227.05,-85.17,100.36,-1.9169967503452867,-3.535556762704251,0.2722811357069234
52.572826,-1.527021,135.85,13.16,4,126.89,23 / 23,8006413,2019-11-06 18:19:46:875,3.8419,2.695,10.3867,-0.0547,-0.0558,9.8063,-0.0421,0.5146,-0.4145,-23.56,-36.87,19.63,222.74,-85.47,96.49,3.6413448402982103,3.0808717887399397,0.5797354011788219
52.572826,-1.527021,135.85,13.16,4,126.89,23 / 23,8006513,2019-11-06 18:19:46:975,-0.8221,-1.9775,8.5701,-0.0397,0.0035,9.8065,0.0984,-0.0946,0.0202,-23.81,-37.12,20.38,221.29,-85.14,95.18,-0.6064229260479097,-2.041885133959193,-1.2361844742917385
52.572826,-1.527021,135.85,13.16,4,126.89,23 / 23,8006614,2019-11-06 18:19:47:076,2.3998,1.4219,9.0358,-0.0623,-0.0347,9.8064,0.0501,0.3336,-0.3182,-22.81,-37.37,19.63,220.24,-85.24,92.87,2.3252774716307836,1.6661579242270421,-0.7710037493175931
52.572826,-1.527021,135.85,13.16,4,126.89,23 / 23,8006714,2019-11-06 18:19:47:176,-0.8412,-2.9839,10.5367,0.0071,0.0147,9.8066,0.0836,-0.4345,0.2284,-22.69,-36.94,20.0,220.51,-84.96,93.37,-0.5828889169526639,-3.0612158911145184,0.7303825288721647
52.572826,-1.527021,135.85,13.16,4,126.89,23 / 23,8006814,2019-11-06 18:19:47:276,-1.2352,-3.4655,9.2069,-0.0127,-0.0494,9.8065,-0.1018,0.1731,-0.09,-22.87,-37.56,19.75,221.65,-85.3,94.44,-0.9193335249996256,-3.509914119624812,-0.5992448269865559
52.572826,-1.527021,135.85,13.16,4,126.89,21 / 23,8006914,2019-11-06 18:19:47:376,-2.4015,-5.0197,8.6787,0.0326,0.0203,9.8066,-0.0699,-0.588,0.3183,-23.12,-36.87,20.13,220.21,-85.36,92.75,-1.984436040142321,-5.233528733620418,-1.1272940241807987
52.572826,-1.527021,135.85,13.16,4,126.89,21 / 23,8007014,2019-11-06 18:19:47:476,0.3071,-1.3082,10.2285,-0.0491,-0.0284,9.8064,0.0577,-0.0596,-0.0393,-23.31,-37.44,20.13,219.31,-85.61,91.6,0.46674251189137256,-1.2437423123444904,0.42212720603784015
52.572826,-1.527021,135.85,13.16,4,126.89,21 / 23,8007113,2019-11-06 18:19:47:575,1.717,0.9377,9.4463,0.0038,0.0465,9.8065,0.0976,-0.5739,0.2253,-23.0,-37.19,20.0,218.59,-85.65,90.79,1.6287095955724604,1.0374966653035609,-0.3604739141382956
52.572826,-1.527021,135.85,13.16,4,126.89,21 / 23,8007214,2019-11-06 18:19:47:676,0.0225,1.2795,10.1979,-0.0099,-0.002,9.8066,-0.0136,-0.1414,0.0742,-22.31,-37.44,20.56,219.65,-85.59,89.32,-0.07967685188381467,1.2794547722182648,0.3912221684948265
52.572826,-1.527021,135.85,13.16,4,126.89,21 / 23,8007314,2019-11-06 18:19:47:776,0.1767,-0.5914,9.7933,0.0281,0.0222,9.8066,0.013,-0.3458,0.0931,-23.5,-37.56,21.69,218.95,-85.48,88.53,0.201657623539527,-0.598265448059853,-0.013284070390275933
52.572826,-1.527021,135.85,13.16,4,126.89,21 / 23,8007413,2019-11-06 18:19:47:875,-2.5246,-2.3672,10.5396,-0.0129,0.0054,9.8066,0.0088,-0.1963,0.1177,-22.56,-36.62,21.19,218.28,-85.59,89.05,-2.2946350382529843,-2.5829903187779073,0.7334628172725113
52.572826,-1.527021,135.85,13.16,4,126.89,21 / 23,8007513,2019-11-06 18:19:47:975,-1.051,-1.9185,9.3973,0.009,0.0066,9.8066,-0.0578,-0.2088,0.1035,-23.0,-37.31,21.19,217.29,-85.8,87.85,-0.8877432916809803,-2.0104042212438973,-0.409051604666376
52.572826,-1.527021,135.85,13.16,4,126.89,21 / 23,8007613,2019-11-06 18:19:48:075,0.6809,-2.6234,10.2089,-0.024,-0.0019,9.8066,0.1038,-0.1186,0.0084,-22.87,-37.37,21.88,217.41,-85.92,86.49,0.9313686995875478,-2.5498335578772404,0.40235894739858374
52.572826,-1.527021,135.85,13.16,4,126.89,21 / 23,8007713,2019-11-06 18:19:48:175,-0.0176,-2.5755,9.4958,-0.0047,-0.0019,9.8066,0.0751,-0.1572,-0.0374,-22.94,-37.56,21.44,217.77,-85.97,88.32,0.21204026288299455,-2.5649006250064956,-0.31065048005403223
52.572826,-1.527021,135.85,13.16,4,126.89,21 / 23,8007813,2019-11-06 18:19:48:275,0.4214,-1.5453,9.7857,0.008,-0.0091,9.8066,-0.0656,0.0258,0.0416,-23.0,-37.37,21.56,220.0,-85.88,89.28,0.5460775388683858,-1.4941923445737533,-0.020865496894067304
52.572456,-1.525836,134.7,12.55,6,116.82,20 / 22,8007913,2019-11-06 18:19:48:375,-1.5965,-1.4771,10.7591,0.0099,0.0015,9.8066,-0.0403,-0.0976,-0.0661,-22.69,-36.62,22.5,222.05,-85.86,90.13,-1.470906480126567,-1.6132741040388328,0.9527937667509044
52.572456,-1.525836,134.7,12.55,6,116.82,20 / 22,8008014,2019-11-06 18:19:48:476,-0.1458,-2.1011,10.2734,0.0037,0.0014,9.8066,0.0433,-0.0506,0.0479,-22.56,-37.5,21.81,219.82,-85.72,89.2,0.034886195867736364,-2.107488679703628,0.46694020844101536
52.572456,-1.525836,134.7,12.55,6,116.82,20 / 22,8008113,2019-11-06 18:19:48:575,-0.3329,-1.199,10.1749,0.007,0.0098,9.8066,-0.022,-0.1543,0.021,-22.31,-37.06,22.56,222.4,-85.72,89.4,-0.23290580113793005,-1.233856000329032,0.3684136238636447
52.572456,-1.525836,134.7,12.55,6,116.82,20 / 22,8008213,2019-11-06 18:19:48:675,0.886,-2.1596,9.7594,0.0014,-0.0097,9.8066,0.0397,-0.1075,-0.005,-21.81,-37.56,22.94,222.64,-85.63,89.82,1.069107820996902,-2.0643634465233616,-0.04719150073313828
52.572456,-1.525836,134.7,12.55,6,116.82,20 / 22,8008314,2019-11-06 18:19:48:776,-0.2409,-1.0433,9.6304,0.0297,0.015,9.8066,0.0017,-0.1963,0.1595,-21.56,-37.5,22.88,225.03,-85.66,92.24,-0.17709228918854117,-1.0779125119250097,-0.1761040253528516
52.572456,-1.525836,134.7,12.55,6,116.82,20 / 22,8008414,2019-11-06 18:19:48:876,-0.572,-2.184,9.8118,-0.0004,-0.0107,9.8066,0.0024,-0.2229,-0.0319,-21.37,-37.06,23.13,227.48,-85.59,93.66,-0.379468220558576,-2.2149404526334844,0.005399154923301306
52.572456,-1.525836,134.7,12.55,6,116.82,20 / 22,8008513,2019-11-06 18:19:48:975,1.6085,-2.0256,10.6343,0.0317,0.0008,9.8066,0.1065,-0.2559,0.0991,-21.62,-37.25,23.69,230.09,-85.41,96.52,1.747974203777954,-1.880778570608228,0.8276114071638325
52.572456,-1.525836,134.7,12.55,6,116.82,20 / 22,8008613,2019-11-06 18:19:49:075,-2.9633,-2.0158,8.2041,0.0533,-0.0016,9.8064,-0.0521,-0.4222,0.1284,-21.5,-36.81,23.56,234.98,-85.49,100.37,-2.829217432549778,-2.2702496010968476,-1.601792108257514
52.572456,-1.525836,134.7,12.55,6,116.82,20 / 22,8008713,2019-11-06 18:19:49:175,3.099,-1.9914,9.9088,0.0147,-0.0121,9.8066,-0.1041,-0.2096,0.1068,-21.44,-37.19,23.81,235.49,-85.62,100.79,3.2454987970048976,-1.7021548621032152,0.10191272765532346
52.572456,-1.525836,134.7,12.55,6,116.82,20 / 22,8008813,2019-11-06 18:19:49:275,-0.4178,-3.3881,9.4757,-0.0046,0.0479,9.8065,-0.0406,-0.1698,0.0693,-22.19,-36.44,24.19,233.45,-85.95,99.49,-0.11135769866955651,-3.4589876797120787,-0.3305488988743917
52.572456,-1.525836,134.7,12.55,6,116.82,20 / 22,8008914,2019-11-06 18:19:49:376,2.1424,1.7571,8.9816,-0.0464,-0.0236,9.8065,-0.1626,0.4112,-0.0838,-21.5,-37.06,24.06,232.97,-86.63,97.23,2.0246905674593267,1.9651279051421036,-0.8252868364835566
52.572456,-1.525836,134.7,12.55,6,116.82,20 / 22,8009014,2019-11-06 18:19:49:476,-3.3998,-5.0243,10.4408,0.0102,0.0502,9.8065,-0.1089,-0.3479,0.1193,-21.94,-36.87,24.13,232.42,-86.77,97.8,-2.953367027316998,-5.353068347306969,0.6350348108702469
52.572456,-1.525836,134.7,12.55,6,116.82,20 / 22,8009114,2019-11-06 18:19:49:576,-1.0023,-2.567,9.4737,-0.0193,-0.0188,9.8065,-0.0019,0.3422,-0.1437,-21.87,-37.25,23.88,233.8,-86.99,99.03,-0.7565702155920012,-2.6243849120544476,-0.33252582194476965
52.572456,-1.525836,134.7,12.55,6,116.82,20 / 22,8009214,2019-11-06 18:19:49:676,-5.1682,-5.9964,10.2506,0.0464,0.0417,9.8064,0.0793,-0.6277,0.2648,-21.87,-37.12,24.56,237.63,-86.94,101.82,-4.666867701602624,-6.470713961240197,0.44522477194047916
52.572456,-1.525836,134.7,12.55,6,116.82,20 / 22,8009313,2019-11-06 18:19:49:775,2.4268,-1.8118,9.9959,-0.0109,-0.0238,9.8065,0.0305,0.1081,-0.1541,-22.12,-36.62,24.5,239.48,-87.08,103.59,2.5846645420997785,-1.568092978286548,0.18918579825285622
52.572456,-1.525836,134.7,12.55,6,116.82,20 / 22,8009414,2019-11-06 18:19:49:876,1.6149,-0.032,8.5321,0.0331,0.022,9.8065,0.1496,-0.7042,0.2585,-22.06,-36.69,24.13,237.57,-87.09,102.84,1.5803079662289772,0.0843666615944392,-1.2746025256073534
52.572456,-1.525836,134.7,12.55,6,116.82,20 / 22,8009514,2019-11-06 18:19:49:976,1.1498,1.2646,8.5166,-0.0337,-0.0503,9.8064,-0.0976,-0.0796,0.0858,-21.94,-36.81,24.81,240.72,-87.67,104.3,1.0638899484991604,1.4132164285356146,-1.290029380905526
52.572456,-1.525836,134.7,12.55,6,116.82,20 / 22,8009614,2019-11-06 18:19:50:076,-1.7345,-2.8237,11.5398,-0.0266,0.0159,9.8065,-0.0449,-0.7162,0.4022,-22.31,-36.69,25.44,238.52,-87.74,102.0,-1.4529710939350824,-2.9778835281908838,1.733685136556954
52.572456,-1.525836,134.7,12.55,6,116.82,20 / 22,8009714,2019-11-06 18:19:50:176,-3.6916,-3.1121,8.3387,-0.0869,-0.0252,9.8061,-0.0916,-0.0635,0.0186,-21.75,-36.62,25.63,246.06,-87.64,108.62,-3.3212975039144865,-3.3902347937054773,-1.4667540332449023
52.572456,-1.525836,134.7,12.55,6,116.82,20 / 22,8009814,2019-11-06 18:19:50:276,-4.0967,-3.0777,9.561,0.0336,0.0012,9.8066,-0.0369,-0.3775,0.1131,-22.0,-36.81,24.94,246.93,-87.99,110.32,-3.84543333348443,-3.4281184196331136,-0.24488617498542328
52.572456,-1.525836,134.7,12.55,6,116.82,21 / 22,8009914,2019-11-06 18:19:50:376,-0.3667,-2.1491,9.1629,-0.0031,-0.0271,9.8066,0.0778,-0.1781,0.0059,-21.69,-36.87,25.44,239.71,-88.3,102.67,-0.17682849271651704,-2.145702311546661,-0.6435308262911104
52.572456,-1.525836,134.7,12.55,6,116.82,21 / 22,8010014,2019-11-06 18:19:50:476,0.9988,-1.0211,10.8026,-0.0322,-0.0185,9.8066,0.0816,-0.4341,0.1188,-21.31,-36.81,25.81,239.61,-88.55,99.92,1.1148048094704763,-0.9085869687332072,0.9959235497916985
52.572456,-1.525836,134.7,12.55,6,116.82,21 / 22,8010114,2019-11-06 18:19:50:576,-4.1374,-2.3992,8.7654,-0.0778,-0.0394,9.8062,-0.2431,-0.0672,0.2391,-21.62,-36.69,25.5,238.71,-88.38,100.44,-3.8379513535616,-2.7056455721658375,-1.0401366667482155
52.572456,-1.525836,134.7,12.55,6,116.82,21 / 22,8010214,2019-11-06 18:19:50:676,-1.9568,0.3719,7.9155,0.0018,-0.0145,9.8066,-0.2363,-0.3718,0.2846,-22.25,-36.5,26.0,255.69,-88.66,117.3,-1.9851115278230853,0.2136123938053525,-1.8908675515002746
52.572456,-1.525836,134.7,12.55,6,116.82,21 / 22,8010313,2019-11-06 18:19:50:775,-3.0319,-4.8976,11.8567,-0.0199,-0.0415,9.8065,0.2945,-0.5753,0.1991,-22.37,-36.37,26.69,271.0,-88.94,131.26,-2.5758016577489125,-5.1006222390240925,2.050870509006068
52.572456,-1.525836,134.7,12.55,6,116.82,21 / 22,8010414,2019-11-06 18:19:50:876,-0.3059,0.7381,8.3569,-0.0341,-0.0443,9.8064,0.1574,-0.2757,0.0509,-22.62,-36.06,27.0,290.01,-89.29,151.11,-0.33932120384238107,0.75555165583071,-1.4495095949990917
52.572456,-1.525836,134.7,12.55,6,116.82,21 / 22,8010514,2019-11-06 18:19:50:976,-3.9338,-1.3251,9.9882,-0.0425,0.0007,9.8065,-0.2092,-0.3762,0.27,-21.62,-36.25,26.94,289.8,-89.7,149.27,-3.7605135616818486,-1.6608092091128803,0.18228204336344764
52.572456,-1.525836,134.7,12.55,6,116.82,21 / 22,8010613,2019-11-06 18:19:51:075,1.2688,-0.8613,10.1471,-0.0363,0.0175,9.8065,-0.0097,-0.3216,0.153,-21.81,-36.81,27.13,241.11,-89.62,100.63,1.3769543754441271,-0.7613496407951423,0.34048081062870683
52.572456,-1.525836,134.7,12.55,6,116.82,21 / 22,8010714,2019-11-06 18:19:51:176,-2.4007,-3.2692,9.3896,-0.0428,-0.0296,9.8065,-0.0149,-0.1286,0.1068,-21.56,-36.69,27.0,250.7,-89.27,110.6,-2.0657919442000896,-3.433309588843672,-0.41640736116465715
52.572456,-1.525836,134.7,12.55,6,116.82,21 / 22,8010814,2019-11-06 18:19:51:276,-2.2013,-3.6873,9.2063,0.0041,0.0029,9.8066,-0.0435,-0.5656,0.2766,-21.37,-36.37,27.19,261.96,-89.28,120.58,-1.874516426318977,-3.8688695839439227,-0.5998013003436313
52.572456,-1.525836,134.7,12.55,6,116.82,23 / 23,8010914,2019-11-06 18:19:51:376,-2.2049,-4.609,11.2501,-0.024,-0.0434,9.8065,0.1305,-0.5277,0.0989,-21.56,-36.44,27.5,272.76,-89.11,131.82,-1.773346818626628,-4.738638322768371,1.4441457810268972
52.572456,-1.525836,134.7,12.55,6,116.82,23 / 23,8011013,2019-11-06 18:19:51:475,-1.9646,-0.4471,9.7309,0.0072,-0.0607,9.8065,0.0767,0.0231,-0.1593,-21.5,-37.25,27.88,297.14,-89.09,154.88,-1.9304932081131885,-0.5572595544424733,-0.07532146049716551
52.572456,-1.525836,134.7,12.55,6,116.82,23 / 23,8011113,2019-11-06 18:19:51:575,-2.2858,-1.4565,10.25,0.0074,-0.0197,9.8066,0.0615,-0.331,0.186,-21.37,-36.56,27.13,295.55,-88.87,154.54,-2.1587950136843523,-1.6316944741279606,0.4437806575233519
52.572456,-1.525836,134.7,12.55,6,116.82,23 / 23,8011214,2019-11-06 18:19:51:676,0.2872,0.1793,9.3338,-0.0081,-0.0224,9.8066,-0.0233,0.0413,-0.032,-20.94,-36.44,27.38,294.34,-88.65,153.51,0.2764828054060383,0.2267046145488873,-0.47284997203875007
52.572456,-1.525836,134.7,12.55,6,116.82,23 / 23,8011314,2019-11-06 18:19:51:776,-1.2139,-0.2115,9.2751,-0.0064,0.0178,9.8066,-0.003,-0.3518,0.093,-20.94,-36.81,27.31,294.61,-88.63,153.84,-1.1829049897877113,-0.33399307403112705,-0.5313298425973946
52.572456,-1.525836,134.7,12.55,6,116.82,23 / 23,8011414,2019-11-06 18:19:51:876,-0.3684,-0.0003,9.9085,-0.0328,-0.0119,9.8065,-0.016,-0.0774,0.0737,-20.12,-36.25,27.69,295.38,-88.88,151.98,-0.33531691982999323,-0.017768432240030028,0.10204296198884782
52.572456,-1.525836,134.7,12.55,6,116.82,23 / 23,8011514,2019-11-06 18:19:51:976,-2.6535,-1.0379,9.7862,-0.002,-0.0089,9.8066,0.0228,-0.322,0.0176,-20.37,-36.62,28.25,292.9,-88.88,149.55,-2.551422914211695,-1.2568017645952314,-0.019996183281253365
52.572456,-1.525836,134.7,12.55,6,116.82,23 / 23,8011614,2019-11-06 18:19:52:076,-0.0601,-1.3733,10.9129,-0.0285,-0.0361,9.8065,-0.1214,0.079,0.0426,-20.5,-37.06,27.88,306.56,-88.72,163.21,0.08552834731656372,-1.334768988658196,1.1064809120457868
52.572456,-1.525836,134.7,12.55,6,116.82,23 / 23,8011714,2019-11-06 18:19:52:176,-1.7705,-2.3814,11.1325,-0.0125,0.0049,9.8066,0.0737,-0.153,-0.0229,-20.75,-35.75,28.25,302.7,-88.68,160.72,-1.5425479793795827,-2.530724748357711,1.3262656141820806
52.572456,-1.525836,134.7,12.55,6,116.82,23 / 23,8011814,2019-11-06 18:19:52:276,-0.632,-0.5275,8.6015,0.022,-0.0032,9.8065,0.0345,0.2228,-0.2666,-19.94,-36.75,28.31,306.17,-88.77,162.78,-0.6058242069581504,-0.5795351810208196,-1.2048848468723865
52.572456,-1.525836,134.7,12.55,6,116.82,20 / 22,8011914,2019-11-06 18:19:52:376,-0.4101,0.502,9.9574,0.0137,0.0203,9.8066,-0.0589,0.0466,0.0578,-21.12,-36.31,27.81,310.49,-89.02,168.13,-0.4642595211623412,0.442827455623298,0.15082742309112718
52.572456,-1.525836,134.7,12.55,6,116.82,20 / 22,8012013,2019-11-06 18:19:52:475,-0.7949,0.4098,10.6588,-0.0094,0.0228,9.8066,-0.1044,-0.0163,0.0111,-20.75,-36.56,27.69,289.27,-89.18,146.96,-0.8162114556384242,0.3169257931688834,0.8522798785075704
52.572456,-1.525836,134.7,12.55,6,116.82,20 / 22,8012113,2019-11-06 18:19:52:575,0.2979,-0.555,10.9546,-0.0128,0.0018,9.8066,0.04,0.0169,0.019,-20.31,-37.0,28.06,292.14,-89.15,148.53,0.35831764371223995,-0.5274358021078432,1.147991581353872
52.572456,-1.525836,134.7,12.55,6,116.82,20 / 22,8012214,2019-11-06 18:19:52:676,-0.9495,-0.8248,9.7602,0.0283,-0.003,9.8066,-0.0368,0.062,-0.004,-20.37,-36.37,28.31,287.76,-88.89,144.41,-0.9022397751197097,-0.9041170362884948,-0.046225673438518765
52.572456,-1.525836,134.7,12.55,6,116.82,20 / 22,8012314,2019-11-06 18:19:52:776,1.3042,0.285,9.848,0.0138,0.0075,9.8066,0.0263,0.0798,-0.0704,-20.31,-36.87,27.63,293.19,-88.97,149.75,1.2612141307011295,0.38922037847607815,0.041216301371338145
52.572456,-1.525836,134.7,12.55,6,116.82,20 / 22,8012413,2019-11-06 18:19:52:875,-0.6863,-0.2771,10.6983,-0.0086,-0.0054,9.8066,0.0677,-0.1017,-0.0065,-19.62,-36.75,28.13,297.54,-89.03,154.01,-0.6512494471767202,-0.32982932517236535,0.8918037025087745
52.572456,-1.525836,134.7,12.55,6,116.82,20 / 22,8012513,2019-11-06 18:19:52:975,-3.0098,-0.217,10.3218,0.0088,-0.0339,9.8065,0.0669,-0.26,0.0783,-20.06,-36.56,27.69,296.78,-89.02,153.27,-2.9909821376121113,-0.44618604498258174,0.5157029433192011
52.572456,-1.525836,134.7,12.55,6,116.82,20 / 22,8012614,2019-11-06 18:19:53:076,-1.6011,0.0712,10.4594,-0.0178,-0.0171,9.8066,-0.0403,0.1905,-0.14,-20.37,-36.62,27.56,308.91,-88.8,165.46,-1.5848773861875134,-0.050371645918365,0.6530007565377787
52.572456,-1.525836,134.7,12.55,6,116.82,20 / 22,8012714,2019-11-06 18:19:53:176,-1.7006,-0.8814,10.2335,0.0027,0.0353,9.8065,-0.1103,-0.029,0.0479,-20.5,-36.5,28.19,298.56,-88.88,155.13,-1.6166104935222414,-1.0620292572093812,0.42727409126351706
52.572456,-1.525836,134.7,12.55,6,116.82,20 / 22,8012814,2019-11-06 18:19:53:276,1.1408,-0.6559,9.6751,-0.0157,0.0048,9.8066,-0.1729,0.1925,-0.0638,-19.94,-36.37,27.69,298.09,-88.86,154.69,1.2098025576628468,-0.5571040648181569,-0.13161239468804245
52.572456,-1.525836,134.7,12.55,6,116.82,21 / 23,8012914,2019-11-06 18:19:53:376,1.3811,2.5254,10.0959,-0.0168,0.028,9.8065,0.0407,0.052,-0.1468,-20.19,-36.75,28.19,280.46,-89.08,136.98,1.1743170140201056,2.6100380915813632,0.2890748018717985
52.572456,-1.525836,134.7,12.55,6,116.82,21 / 23,8013014,2019-11-06 18:19:53:476,-1.2979,3.2986,10.3131,-0.0618,-0.0214,9.8063,-0.0545,0.3047,-0.2291,-19.87,-36.5,28.0,269.14,-88.93,125.79,-1.5214709086103295,3.1992967844846913,0.5067699764571434
52.572456,-1.525836,134.7,12.55,6,116.82,21 / 23,8013114,2019-11-06 18:19:53:576,1.4054,1.7086,9.3564,-0.0156,-0.0045,9.8066,-0.0597,0.2961,-0.1112,-19.44,-37.06,27.94,259.48,-89.37,114.32,1.2657834400576147,1.8307074789777258,-0.45048313985201494
52.572456,-1.525836,134.7,12.55,6,116.82,21 / 23,8013213,2019-11-06 18:19:53:675,-1.1364,-1.1064,9.8295,-0.0201,-0.0279,9.8065,0.0417,0.0656,-0.1153,-19.75,-36.87,27.44,249.92,-89.26,107.21,-1.017765875135193,-1.171934722996388,0.023207077491035
52.572456,-1.525836,134.7,12.55,6,116.82,21 / 23,8013314,2019-11-06 18:19:53:776,1.8376,0.6975,9.5649,-0.0021,-0.0186,9.8066,0.011,0.2293,-0.0565,-20.12,-37.25,28.56,268.31,-89.25,123.69,1.770043814038196,0.8741307795131876,-0.24198030228260886
52.572456,-1.525836,134.7,12.55,6,116.82,21 / 23,8013414,2019-11-06 18:19:53:876,-1.8805,-0.537,10.0605,0.0046,-0.0088,9.8066,0.0079,-0.0501,0.0567,-19.87,-36.62,28.25,278.03,-89.15,134.47,-1.8316908047258973,-0.690916866626711,0.2541754104812701
52.572456,-1.525836,134.7,12.55,6,116.82,21 / 23,8013514,2019-11-06 18:19:53:976,0.0059,0.6467,9.8239,-0.0322,-0.0204,9.8066,-0.0777,0.2617,-0.1091,-19.62,-36.31,27.75,283.13,-89.25,139.43,-0.020347389460398414,0.6678783565698185,0.017256725290313277
52.572456,-1.525836,134.7,12.55,6,116.82,21 / 23,8013613,2019-11-06 18:19:54:075,-1.7435,-0.6277,10.1562,-0.011,0.0073,9.8066,-0.0456,-0.0897,0.0595,-19.62,-36.56,27.69,279.94,-89.33,136.19,-1.6703286380035298,-0.7839645640910432,0.34986170598511485
52.572456,-1.525836,134.7,12.55,6,116.82,21 / 23,8013713,2019-11-06 18:19:54:175,0.7795,-0.0019,9.6021,-0.0201,0.0026,9.8065,-0.0457,0.0776,-0.0014,-19.44,-36.56,27.56,267.08,-89.57,121.71,0.796908095865617,0.06538728643128328,-0.20450369071728233
52.572456,-1.525836,134.7,12.55,6,116.82,21 / 23,8013813,2019-11-06 18:19:54:275,0.4305,0.0009,9.4058,0.0042,0.0091,9.8066,-0.0046,-0.0611,0.0162,-19.87,-37.0,28.0,266.5,-89.64,122.42,0.4253354943032033,0.02906199975103729,-0.40085494565530894
52.572456,-1.525836,134.7,12.55,6,116.82,21 / 23,8013913,2019-11-06 18:19:54:375,1.4118,-0.0349,10.071,0.0089,-0.0139,9.8065,-0.1143,0.1311,-0.0372,-19.81,-36.06,28.06,257.91,-89.59,113.86,1.3993999566384714,0.10171028598083638,0.26431882090751807
52.572456,-1.525836,134.7,12.55,6,116.82,21 / 23,8014013,2019-11-06 18:19:54:475,-1.154,0.2801,10.2264,0.0035,0.0053,9.8066,0.0409,-0.0872,0.0443,-19.44,-36.75,28.38,239.24,-89.63,93.74,-1.1770356390790544,0.1726131244242459,0.4199346897009844
52.572456,-1.525836,134.7,12.55,6,116.82,21 / 23,8014114,2019-11-06 18:19:54:576,-0.4955,0.5353,10.3105,-0.0058,-0.0135,9.8066,0.0268,-0.0751,-0.0132,-19.75,-36.12,28.25,256.85,-89.58,112.81,-0.5357278523112744,0.5039353275371307,0.5039321322539316
52.572456,-1.525836,134.7,12.55,6,116.82,21 / 23,8014214,2019-11-06 18:19:54:676,-0.275,-0.8062,9.7269,0.0257,-0.0094,9.8065,-0.0272,-0.1485,0.1409,-19.56,-36.94,28.25,285.03,-89.44,141.15,-0.22991987309506706,-0.8200372462648499,-0.07951513500152327
52.572456,-1.525836,134.7,12.55,6,116.82,21 / 23,8014313,2019-11-06 18:19:54:775,-0.1417,-1.2298,10.3904,-0.0006,0.009,9.8066,0.0018,-0.1353,0.0631,-19.94,-36.5,28.0,296.81,-89.56,152.75,-0.03221773915019039,-1.2463515390232156,0.5838895002125936
52.572456,-1.525836,134.7,12.55,6,116.82,21 / 23,8014413,2019-11-06 18:19:54:875,-0.5474,0.4914,8.8185,-0.0139,0.0061,9.8066,0.0997,-0.0005,-0.0869,-19.37,-36.44,27.75,304.37,-89.62,158.87,-0.5739961554002803,0.43674791689057907,-0.9880585107560361
52.572456,-1.525836,134.7,12.55,6,116.82,21 / 23,8014513,2019-11-06 18:19:54:975,0.1778,0.861,8.9924,0.0112,0.0067,9.8066,-0.0165,0.0682,0.0531,-20.06,-37.12,27.81,302.81,-89.53,158.78,0.0911963234396004,0.865535733634318,-0.8142707254919596
52.572456,-1.525836,134.7,12.55,6,116.82,21 / 23,8014613,2019-11-06 18:19:55:075,-1.3371,-0.3282,11.0762,0.0195,-0.022,9.8066,-0.0303,0.0236,-0.003,-19.81,-36.06,27.69,317.23,-89.54,173.1,-1.3244892622349809,-0.4235064383744419,1.2697939403224574
52.572456,-1.525836,134.7,12.55,6,116.82,21 / 23,8014713,2019-11-06 18:19:55:175,1.2643,-0.3782,9.8552,-0.0078,-0.0258,9.8066,0.1433,0.1462,-0.0779,-19.62,-36.31,27.88,321.24,-89.27,177.26,1.298037567365089,-0.23986815083567428,0.04845486480835792
52.572456,-1.525836,134.7,12.55,6,116.82,21 / 23,8014813,2019-11-06 18:19:55:275,1.0656,-0.6783,9.4587,-0.0495,0.0133,9.8065,0.136,0.0627,-0.0804,-19.94,-37.5,27.38,334.14,-89.17,-168.93,1.1712346761862704,-0.5915189688892597,-0.34790523529120637
52.572456,-1.525836,134.7,12.55,6,116.82,23 / 23,8014913,2019-11-06 18:19:55:375,-0.0299,0.908,9.6128,-0.0052,-0.0064,9.8066,-0.1992,0.0564,0.1843,-20.0,-37.06,27.63,333.44,-89.03,-170.55,-0.10454708454390306,0.9087289147042813,-0.19384931440102918
52.572456,-1.525836,134.7,12.55,6,116.82,23 / 23,8015014,2019-11-06 18:19:55:476,0.9121,-1.7244,11.184,-0.0598,0.0266,9.8063,0.2322,-0.1974,-0.1178,-19.75,-36.75,28.56,1.34,-89.2,-144.09,1.1213877512238346,-1.6592622314480008,1.3776742208139594
52.572456,-1.525836,134.7,12.55,6,116.82,23 / 23,8015114,2019-11-06 18:19:55:576,-3.3579,1.6505,9.1485,-0.0606,0.0074,9.8065,0.1364,0.2215,-0.1264,-19.94,-36.62,27.81,348.1,-88.93,-156.13,-3.428369437786823,1.3485872982825873,-0.6576657182491248
52.572456,-1.525836,134.7,12.55,6,116.82,23 / 23,8015213,2019-11-06 18:19:55:675,-2.0183,0.2423,10.5895,0.0334,-0.0359,9.8065,-0.2202,-0.108,0.0641,-20.0,-36.94,28.38,3.8,-88.9,-140.74,-2.068065830974548,0.09787301176034953,0.783250740391932
52.572456,-1.525836,134.7,12.55,6,116.82,23 / 23,8015313,2019-11-06 18:19:55:775,3.3957,1.7921,7.8066,0.0435,0.0007,9.8065,-0.0891,-0.1242,0.1945,-20.0,-37.12,28.06,17.68,-89.0,-127.11,3.1825572560710644,2.0773861425311066,-2.000438686050924
52.572456,-1.525836,134.7,12.55,6,116.82,23 / 23,8015414,2019-11-06 18:19:55:876,-3.7285,-2.5362,10.5656,-0.014,0.0491,9.8064,0.0947,-0.3452,0.2005,-20.5,-36.5,28.25,21.44,-88.98,-123.42,-3.474239407554049,-2.899997888934542,0.7598314044402823
52.572456,-1.525836,134.7,12.55,6,116.82,23 / 23,8015514,2019-11-06 18:19:55:976,1.2496,-0.3115,10.1994,0.0144,0.0362,9.8065,0.093,-0.1542,0.0249,-20.37,-36.87,28.31,20.83,-89.14,-123.97,1.2609108552233959,-0.23838753728154408,0.3927593884920463
52.572456,-1.525836,134.7,12.55,6,116.82,23 / 23,8015614,2019-11-06 18:19:56:076,-0.7933,0.2545,9.3766,0.0319,0.0101,9.8065,-0.051,-0.0445,0.1001,-20.06,-36.31,28.25,8.75,-89.12,-135.86,-0.8434560719368759,0.17131379808636563,-0.4298067557612838
52.572456,-1.525836,134.7,12.55,6,116.82,23 / 23,8015713,2019-11-06 18:19:56:175,0.9398,-1.1045,10.8221,0.0256,-0.0038,9.8065,-0.1214,0.0563,0.053,-20.37,-36.87,28.63,14.93,-89.04,-130.74,1.0070280206714701,-1.0165184156521951,1.015544369401187
52.572456,-1.525836,134.7,12.55,6,116.82,23 / 23,8015814,2019-11-06 18:19:56:276,0.1207,-1.6683,10.8489,-0.011,0.0199,9.8066,0.0757,-0.138,-0.0322,-20.19,-36.25,28.56,16.41,-89.28,-129.21,0.278872467080243,-1.6701580235122095,1.042379846122502
52.572456,-1.525836,134.7,12.55,6,116.82,21 / 22,8015916,2019-11-06 18:19:56:378,0.9687,1.597,8.4424,-0.0009,0.0213,9.8066,0.048,0.0744,0.0558,-20.56,-36.5,28.31,9.74,-89.14,-133.54,0.8280055867652143,1.654318743723702,-1.3644165538610367
52.572456,-1.525836,134.7,12.55,6,116.82,21 / 22,8016014,2019-11-06 18:19:56:476,1.2957,-0.6677,9.7681,-0.0028,0.0168,9.8065,0.0555,-0.242,0.0272,-19.81,-35.69,28.56,11.85,-89.2,-133.73,1.353350861107587,-0.5683959757199897,-0.038529489026896464
52.572456,-1.525836,134.7,12.55,6,116.82,21 / 22,8016114,2019-11-06 18:19:56:576,0.4185,-0.1071,9.7496,-0.0149,0.0194,9.8066,0.0492,-0.0015,0.1514,-20.69,-34.81,29.69,25.62,-89.1,-119.76,0.44279040349910365,-0.0881412017492666,-0.057049076445602226
52.572456,-1.525836,134.7,12.55,6,116.82,21 / 22,8016213,2019-11-06 18:19:56:675,-0.3626,0.5021,10.3306,-0.0134,-0.003,9.8065,0.0091,-0.0393,-0.0378,-20.56,-33.44,29.06,29.54,-88.86,-115.07,-0.3919436475740425,0.4726834677544397,0.5241163768076639
52.572456,-1.525836,134.7,12.55,6,116.82,21 / 22,8016313,2019-11-06 18:19:56:775,-0.5564,-0.6572,9.0477,-0.0107,0.0064,9.8065,0.0929,0.119,-0.0161,-20.62,-33.31,27.38,26.2,-88.8,-116.44,-0.4857084277695984,-0.7088062413599818,-0.7586909287731853
52.572456,-1.525836,134.7,12.55,6,116.82,21 / 22,8016414,2019-11-06 18:19:56:876,-0.6174,0.5116,10.1646,-0.013,-0.0103,9.8066,-0.0272,0.102,-0.1706,-20.44,-35.81,26.25,22.78,-88.81,-120.15,-0.647656075038489,0.4671036130604188,0.35804859046174464
52.572456,-1.525836,134.7,12.55,6,116.82,21 / 22,8016514,2019-11-06 18:19:56:976,0.9215,0.1715,9.236,0.0088,0.002,9.8066,0.0188,-0.1223,0.0647,-19.69,-35.81,27.44,19.44,-88.93,-124.41,0.8943223261988678,0.2485811465687309,-0.5707283858656585
52.572456,-1.525836,134.7,12.55,6,116.82,21 / 22,8016614,2019-11-06 18:19:57:076,-0.3041,-1.617,9.6518,-0.0111,0.0139,9.8065,0.0111,-0.1678,0.0086,-19.56,-36.81,28.06,22.92,-88.92,-122.0,-0.14935933538287227,-1.6502776597004456,-0.15456822062638828
52.572456,-1.525836,134.7,12.55,6,116.82,21 / 22,8016714,2019-11-06 18:19:57:176,0.5964,-0.0408,8.9946,0.0025,0.0063,9.8066,-0.0602,-0.1507,0.0682,-19.69,-36.44,28.0,27.02,-89.01,-117.92,0.5956427804427007,0.00493069147430486,-0.8120744955901971
52.572456,-1.525836,134.7,12.55,6,116.82,21 / 22,8016814,2019-11-06 18:19:57:276,-0.9917,-0.7089,9.9934,0.0215,0.0262,9.8066,-0.0027,-0.1238,0.0736,-19.87,-36.37,27.88,34.67,-89.06,-110.36,-0.9450527603866324,-0.820826725711737,0.18697394589342078
52.57164,-1.524493,133.41,15.38,4,140.53,22 / 23,8016914,2019-11-06 18:19:57:376,-0.6238,-1.4127,9.8648,-0.0178,0.007,9.8066,-0.1736,-0.0587,0.0825,-19.19,-36.19,27.56,33.29,-89.09,-113.09,-0.47959373444552716,-1.4672270618555792,0.058360336181675264
52.57164,-1.524493,133.41,15.38,4,140.53,22 / 23,8017014,2019-11-06 18:19:57:476,3.0684,-0.5544,10.359,0.026,-0.0156,9.8065,-0.0986,-0.0209,0.2012,-19.94,-35.69,28.44,16.23,-89.22,-128.46,3.0779171950316866,-0.2707982039132284,0.5521354211474286
52.57164,-1.524493,133.41,15.38,4,140.53,22 / 23,8017114,2019-11-06 18:19:57:576,0.0425,-1.5097,10.084,-0.0179,-0.0022,9.8065,0.1818,-0.1831,-0.0827,-19.37,-35.94,28.75,14.23,-88.98,-132.8,0.1919571312986905,-1.4964334803946528,0.27757874287762707
52.57164,-1.524493,133.41,15.38,4,140.53,22 / 23,8017213,2019-11-06 18:19:57:675,1.0732,0.207,10.3631,-0.0437,0.0073,9.8065,0.2228,-0.043,-0.028,-19.5,-36.37,28.5,17.13,-88.86,-129.99,1.0952418097764944,0.29658973101432196,0.5564433210798392
52.57164,-1.524493,133.41,15.38,4,140.53,22 / 23,8017313,2019-11-06 18:19:57:775,-0.1056,0.1845,9.2093,0.0409,-0.0086,9.8065,-0.1922,-0.1698,0.1612,-20.19,-36.25,28.88,4.78,-88.68,-140.74,-0.16289045648408246,0.17951619821075518,-0.5971920409435838
52.57164,-1.524493,133.41,15.38,4,140.53,22 / 23,8017414,2019-11-06 18:19:57:876,0.516,-0.3198,9.5002,0.0277,-0.017,9.8065,-0.1536,0.0748,0.1715,-20.19,-36.06,28.31,17.44,-88.57,-127.47,0.512857699542906,-0.2589854765300961,-0.30634608364729826
52.57164,-1.524493,133.41,15.38,4,140.53,22 / 23,8017514,2019-11-06 18:19:57:976,-0.527,-0.8624,10.566,-0.0097,-0.0076,9.8066,0.0735,-0.1248,-0.0154,-20.62,-36.56,28.13,20.43,-88.4,-123.3,-0.44051745527459474,-0.8966883404631438,0.759516347207781
52.57164,-1.524493,133.41,15.38,4,140.53,22 / 23,8017614,2019-11-06 18:19:58:076,-1.3659,0.0879,9.2378,-0.0332,-0.0035,9.8065,0.0739,0.1492,-0.0644,-20.87,-36.69,28.19,15.08,-88.31,-128.52,-1.335659329570313,-0.025465146546828413,-0.5685319882320876
52.57164,-1.524493,133.41,15.38,4,140.53,22 / 23,8017714,2019-11-06 18:19:58:176,-0.1325,-0.916,9.4756,-0.0052,0.0009,9.8066,-0.116,0.0717,0.0779,-20.25,-36.62,27.94,23.11,-88.17,-122.14,-0.04671810463354468,-0.9245399613614567,-0.3309307760623139
52.57164,-1.524493,133.41,15.38,4,140.53,22 / 23,8017814,2019-11-06 18:19:58:276,-1.421,-1.3377,9.5676,-0.0088,-0.0112,9.8066,-0.1617,0.0361,0.0992,-20.56,-36.56,29.25,34.12,-87.87,-111.23,-1.290891291785715,-1.444865003084673,-0.23874020535497653
52.57164,-1.524493,133.41,15.38,4,140.53,22 / 22,8017914,2019-11-06 18:19:58:376,1.0177,-0.6429,9.9917,-0.0421,-0.0098,9.8065,0.0812,0.2656,-0.11,-20.37,-36.44,28.31,41.79,-87.76,-104.26,1.1110998078626169,-0.5380394220453177,0.1850985880356652
52.57164,-1.524493,133.41,15.38,4,140.53,22 / 22,8018013,2019-11-06 18:19:58:475,1.9931,2.3837,10.6032,0.0408,0.0225,9.8065,0.1275,-0.528,0.0858,-20.62,-36.31,28.31,35.38,-87.61,-109.2,1.7385624142105434,2.522847967182563,0.7963105464435446
52.57164,-1.524493,133.41,15.38,4,140.53,22 / 22,8018113,2019-11-06 18:19:58:575,2.3437,0.1045,8.4055,0.0519,0.0014,9.8064,0.0138,-0.2763,0.2833,-21.06,-36.87,28.31,23.93,-87.87,-120.12,2.273844974938589,0.3029099793907452,-1.4012038518117298
52.57164,-1.524493,133.41,15.38,4,140.53,22 / 22,8018213,2019-11-06 18:19:58:675,3.1642,0.1497,8.876,0.0109,0.0494,9.8065,-0.1343,-0.2534,0.0959,-20.37,-36.12,28.44,29.59,-87.69,-116.08,3.1323516291049356,0.37544702933085394,-0.9309156942550137
52.57164,-1.524493,133.41,15.38,4,140.53,22 / 22,8018314,2019-11-06 18:19:58:776,-1.3777,-1.2732,8.891,-0.0016,0.0613,9.8064,-0.007,-0.2555,0.172,-20.44,-36.25,27.94,45.72,-88.07,-100.2,-1.2543144440815501,-1.4497256856868554,-0.9151444321134058
52.57164,-1.524493,133.41,15.38,4,140.53,22 / 22,8018413,2019-11-06 18:19:58:875,0.6894,-0.374,9.4665,0.0413,0.0194,9.8065,0.0065,-0.1762,0.0806,-21.06,-36.31,28.19,45.95,-88.23,-98.51,0.6799603454115394,-0.33527476866989026,-0.3400616534706191
52.57164,-1.524493,133.41,15.38,4,140.53,22 / 22,8018513,2019-11-06 18:19:58:975,-1.1474,-2.3112,10.3558,0.0395,0.0131,9.8065,0.0656,-0.322,0.1177,-20.94,-35.94,28.38,38.49,-88.32,-105.73,-0.9791487562246071,-2.4191018037008236,0.54958781510804
52.57164,-1.524493,133.41,15.38,4,140.53,22 / 22,8018614,2019-11-06 18:19:59:076,2.3364,0.6632,9.6323,0.0199,0.0242,9.8066,0.0188,-0.0766,0.0544,-20.75,-35.62,28.06,33.73,-88.28,-110.39,2.251766127461383,0.8390021842020202,-0.17463785993250452
52.57164,-1.524493,133.41,15.38,4,140.53,22 / 22,8018713,2019-11-06 18:19:59:175,0.4106,-1.5418,10.8233,0.0236,0.0281,9.8065,0.0196,-0.3092,0.1627,-20.44,-36.5,27.38,35.25,-88.52,-109.15,0.5228530804726177,-1.529999543821419,1.016839860620415
52.57164,-1.524493,133.41,15.38,4,140.53,22 / 22,8018813,2019-11-06 18:19:59:275,2.8546,1.8041,9.2183,0.0202,0.0305,9.8065,0.0564,-0.0735,0.0886,-20.62,-36.44,27.81,35.24,-88.33,-108.89,2.668470108298089,2.0144959782570377,-0.5886703616675554
52.57164,-1.524493,133.41,15.38,4,140.53,22 / 22,8018913,2019-11-06 18:19:59:375,0.1281,-1.7765,9.9748,0.0233,0.0322,9.8066,0.0435,-0.4527,0.1697,-20.12,-36.19,28.19,33.49,-88.55,-111.81,0.2624981467222269,-1.7926078981733233,0.16829027415159048
52.57164,-1.524493,133.41,15.38,4,140.53,22 / 22,8019013,2019-11-06 18:19:59:475,3.9596,1.2446,9.8134,0.012,0.0037,9.8066,-0.0056,0.1138,-0.0279,-20.56,-36.31,27.75,28.12,-88.52,-115.73,3.8240417487839897,1.5811675689061928,0.006215512558915197
52.57164,-1.524493,133.41,15.38,4,140.53,22 / 22,8019114,2019-11-06 18:19:59:576,-3.2778,-2.2689,9.7037,0.0609,0.0371,9.8063,-0.0184,-0.5059,0.2321,-20.06,-36.19,28.0,24.55,-88.64,-120.51,-3.124395217000254,-2.588981294945092,-0.10203348671085533
52.57164,-1.524493,133.41,15.38,4,140.53,22 / 22,8019214,2019-11-06 18:19:59:676,1.37,-1.5843,10.7432,0.0186,-0.0338,9.8066,-0.1106,0.3031,-0.0763,-20.87,-36.56,27.69,26.64,-88.55,-117.19,1.4818571812214225,-1.4263918712332229,0.93651337104298
52.57164,-1.524493,133.41,15.38,4,140.53,22 / 22,8019314,2019-11-06 18:19:59:776,-2.6066,-2.9248,10.6159,0.0247,0.0401,9.8065,0.0398,-0.3081,0.1336,-20.12,-36.5,28.44,25.08,-88.51,-120.05,-2.3620015474448133,-3.1834714811342475,0.8099123895047097
52.57164,-1.524493,133.41,15.38,4,140.53,22 / 22,8019414,2019-11-06 18:19:59:876,1.9471,0.4493,9.4051,-0.0398,-0.0253,9.8065,-0.008,0.3402,-0.2263,-20.37,-36.5,27.88,28.35,-88.42,-116.91,1.9377674710603985,0.6464090542956191,-0.4016855643719753
52.57164,-1.524493,133.41,15.38,4,140.53,22 / 22,8019514,2019-11-06 18:19:59:976,1.7572,0.3844,9.527,0.0263,0.0281,9.8065,-0.024,-0.1066,0.118,-20.69,-36.5,28.13,30.13,-88.37,-113.85,1.6931015367454,0.5061960072379501,-0.27974548884070155
52.57164,-1.524493,133.41,15.38,4,140.53,22 / 22,8019614,2019-11-06 18:20:00:076,3.6644,1.5769,9.3804,-0.0146,-0.0285,9.8065,-0.0207,0.3863,-0.2791,-20.87,-36.19,28.06,29.01,-88.19,-115.03,3.524558817034136,1.9207677625116883,-0.4266705025693434
52.57164,-1.524493,133.41,15.38,4,140.53,22 / 22,8019713,2019-11-06 18:20:00:175,0.4931,-1.5193,9.7334,0.0313,0.0167,9.8065,0.0118,-0.0261,0.0534,-20.5,-36.87,28.63,21.13,-88.47,-124.86,0.594268353222398,-1.4897665878905781,-0.07307180005449572
52.57164,-1.524493,133.41,15.38,4,140.53,22 / 22,8019814,2019-11-06 18:20:00:276,-1.2988,-1.7065,9.8358,-0.0355,-0.0245,9.8065,0.0375,0.322,-0.1578,-20.37,-36.31,28.13,19.21,-88.49,-125.78,-1.111457395077298,-1.7859725627021779,0.029560855924742724
52.57164,-1.524493,133.41,15.38,4,140.53,22 / 22,8019914,2019-11-06 18:20:00:376,0.5989,0.6318,8.8093,0.0102,-0.0175,9.8066,0.0002,-0.2739,0.2042,-20.5,-36.5,28.19,21.49,-88.33,-123.62,0.5295750768603446,0.698198664593536,-0.9974138222062906
52.57164,-1.524493,133.41,15.38,4,140.53,22 / 22,8020014,2019-11-06 18:20:00:476,-0.1159,-1.5677,10.3212,0.0046,-0.0295,9.8065,0.0846,-0.1663,-0.0062,-20.31,-36.19,28.63,26.35,-88.36,-119.82,0.014462035958897319,-1.5428101790814717,0.5148040217777257
52.57164,-1.524493,133.41,15.38,4,140.53,22 / 22,8020113,2019-11-06 18:20:00:575,2.3991,0.5999,8.942,-0.0164,-0.017,9.8066,0.1253,-0.178,0.0876,-20.25,-36.06,28.5,26.26,-88.21,-119.97,2.3522328746055567,0.8255918882414044,-0.8649494538381249
52.57164,-1.524493,133.41,15.38,4,140.53,22 / 22,8020213,2019-11-06 18:20:00:675,0.1009,-1.3781,10.1928,-0.0209,-0.0073,9.8066,-0.1044,-0.1739,0.0939,-20.12,-36.62,28.19,25.72,-88.22,-119.59,0.2411882913533991,-1.3548828343878316,0.3862629068331886
52.57164,-1.524493,133.41,15.38,4,140.53,22 / 22,8020313,2019-11-06 18:20:00:775,0.2179,-0.8703,10.1694,-0.0056,-0.0083,9.8065,-0.0451,0.1208,-0.0629,-19.75,-36.25,28.25,23.09,-88.29,-122.08,0.29802770803514406,-0.8391429476395296,0.36292045777299564
52.57164,-1.524493,133.41,15.38,4,140.53,22 / 22,8020414,2019-11-06 18:20:00:876,1.0213,-0.04,10.5976,-0.0091,0.0214,9.8065,0.1274,-0.0179,-0.056,-21.19,-36.56,28.31,26.35,-88.33,-117.57,1.0319218336977973,0.028944943032017157,0.790969562885102
52.57164,-1.524493,133.41,15.38,4,140.53,22 / 22,8020514,2019-11-06 18:20:00:976,-0.9815,0.3308,9.1385,-0.049,0.0041,9.8065,0.1277,0.1222,-0.1799,-20.5,-36.31,28.5,19.5,-88.28,-126.51,-0.95756803974075,0.2439046463826045,-0.6678975316169639
52.57164,-1.524493,133.41,15.38,4,140.53,22 / 22,8020614,2019-11-06 18:20:01:076,-1.2609,-0.5692,9.2642,0.0261,0.0001,9.8066,-0.0162,0.0211,0.0873,-20.31,-36.31,28.56,21.73,-88.23,-124.35,-1.232386534485292,-0.6796409829430283,-0.5421999759531209
52.57164,-1.524493,133.41,15.38,4,140.53,22 / 22,8020713,2019-11-06 18:20:01:175,2.5952,0.723,9.3212,-0.004,-0.0277,9.8065,-0.1155,0.1853,-0.1425,-20.69,-36.87,28.19,20.53,-88.19,-123.28,2.5235831832757656,0.9749610651352365,-0.4856810255281976
52.57164,-1.524493,133.41,15.38,4,140.53,22 / 22,8020814,2019-11-06 18:20:01:276,0.4019,0.0425,9.3951,0.0222,0.0088,9.8066,-0.0639,0.0238,0.0991,-20.62,-36.44,28.63,21.63,-88.17,-123.15,0.3752504717819919,0.06672814695159729,-0.41155129429002985
52.57164,-1.524493,133.41,15.38,4,140.53,20 / 22,8020915,2019-11-06 18:20:01:377,0.3171,-1.2873,10.4485,-0.0021,-0.0284,9.8066,-0.0579,0.1449,-0.0903,-21.31,-35.69,28.44,20.95,-87.86,-122.98,0.42808482309854967,-1.2261409686788043,0.6419308133748431
52.57164,-1.524493,133.41,15.38,4,140.53,20 / 22,8021013,2019-11-06 18:20:01:475,0.7827,-0.1466,10.0228,0.0086,0.0234,9.8066,0.0692,-0.0998,0.1321,-20.69,-36.06,28.69,22.75,-87.99,-122.13,0.7860225369935501,-0.10167923318470787,0.2161091272417555
52.57164,-1.524493,133.41,15.38,4,140.53,20 / 22,8021113,2019-11-06 18:20:01:575,1.9855,0.8797,9.7285,-0.0292,0.0078,9.8065,0.0334,0.2232,-0.1432,-20.94,-36.44,27.69,22.19,-87.87,-121.78,1.930777801061963,1.0446406142165534,-0.07831200454332568
52.57164,-1.524493,133.41,15.38,4,140.53,20 / 22,8021214,2019-11-06 18:20:01:676,0.5092,0.0915,9.5885,0.0074,0.0112,9.8066,-0.0075,0.0663,0.0043,-21.0,-36.0,28.5,26.13,-87.98,-118.87,0.4928345340613089,0.12383448647662947,-0.2181698466691537
52.57164,-1.524493,133.41,15.38,4,140.53,20 / 22,8021314,2019-11-06 18:20:01:776,-0.56,-1.1182,10.8333,-0.0083,-0.0272,9.8066,-0.0718,0.2056,-0.0913,-20.37,-35.25,28.44,27.1,-87.97,-118.31,-0.4541089448544991,-1.1349726832799065,1.0268343850940829
52.57164,-1.524493,133.41,15.38,4,140.53,20 / 22,8021415,2019-11-06 18:20:01:877,0.8494,-0.3412,10.541,0.0105,-0.0094,9.8066,-0.0333,0.1408,0.0035,-20.56,-34.19,28.5,27.88,-87.88,-117.17,0.8647802098553845,-0.25716110485982424,0.7343099922987246
52.57164,-1.524493,133.41,15.38,4,140.53,20 / 22,8021514,2019-11-06 18:20:01:976,-1.2033,-0.5334,9.5583,-0.0119,-0.017,9.8065,-0.0276,0.1283,-0.0677,-20.56,-35.31,28.13,27.8,-87.72,-116.41,-1.1417391314986094,-0.618567905794596,-0.2480154461433593
52.57164,-1.524493,133.41,15.38,4,140.53,20 / 22,8021614,2019-11-06 18:20:02:076,1.2479,0.3887,11.1093,-0.0227,0.0034,9.8066,0.1058,0.1595,-0.0884,-20.87,-35.44,28.63,28.51,-87.81,-116.62,1.2322253194819137,0.4949638836029711,1.3025126701711425
52.57164,-1.524493,133.41,15.38,4,140.53,20 / 22,8021714,2019-11-06 18:20:02:176,0.9004,-0.6953,10.1427,0.0005,-0.0128,9.8066,0.0065,0.1233,-0.087,-20.56,-36.0,28.31,22.61,-87.87,-121.38,0.9561479684981331,-0.6012151074461041,0.336022211937638
52.57164,-1.524493,133.41,15.38,4,140.53,20 / 22,8021814,2019-11-06 18:20:02:276,0.5542,1.263,9.6211,0.0093,-0.0057,9.8066,-0.069,0.1846,-0.0659,-21.0,-36.25,28.44,19.56,-87.95,-124.29,0.43190891402147286,1.3114560801433353,-0.18564371749097677
52.57164,-1.524493,133.41,15.38,4,140.53,20 / 21,8021914,2019-11-06 18:20:02:376,0.3132,-1.0647,9.7825,0.0107,-0.0184,9.8065,-0.048,0.1317,-0.0405,-20.69,-36.25,28.25,19.47,-88.1,-124.32,0.39278484412438164,-1.0158597359668327,-0.023979221579996362
52.57164,-1.524493,133.41,15.38,4,140.53,20 / 21,8022013,2019-11-06 18:20:02:475,1.3139,1.0279,10.0061,-0.019,0.0037,9.8066,0.036,0.1099,-0.0688,-20.94,-36.44,28.5,18.63,-88.11,-126.08,1.2383104861462069,1.1367883495414386,0.19926788062103196
52.57164,-1.524493,133.41,15.38,4,140.53,20 / 21,8022113,2019-11-06 18:20:02:575,0.2446,-0.5097,9.5618,-0.0084,-0.0117,9.8066,-0.0215,-0.0249,-0.0008,-20.56,-36.5,28.25,17.82,-88.04,-125.94,0.29552600439809407,-0.4739992454465134,-0.24480428109131094
52.57164,-1.524493,133.41,15.38,4,140.53,20 / 21,8022213,2019-11-06 18:20:02:675,2.4647,0.7825,10.3885,-0.0283,-0.0155,9.8065,0.0502,0.2444,-0.0878,-20.75,-36.5,28.44,21.26,-87.87,-122.68,2.413788468791444,1.012871516721667,0.5816300529919413
52.57164,-1.524493,133.41,15.38,4,140.53,20 / 21,8022313,2019-11-06 18:20:02:775,-0.1178,1.8186,8.8773,-0.0197,0.0344,9.8065,0.1734,-0.2543,-0.0138,-21.06,-36.19,28.38,18.35,-87.86,-125.48,-0.25377724788578027,1.7687350270722222,-0.9292897300967794
52.57164,-1.524493,133.41,15.38,4,140.53,20 / 21,8022413,2019-11-06 18:20:02:875,0.2946,1.4517,8.556,-0.0016,-0.0075,9.8066,0.0025,-0.0557,0.076,-20.56,-36.62,28.38,17.39,-87.99,-126.38,0.1673785265365811,1.4794179775437646,-1.2507223179326263
52.57164,-1.524493,133.41,15.38,4,140.53,20 / 21,8022514,2019-11-06 18:20:02:976,1.2583,0.7269,9.8496,0.0407,0.0288,9.8065,-0.1297,-0.3378,0.2696,-20.87,-36.25,27.31,20.4,-87.95,-122.49,1.15193297768577,0.8018483941867598,0.042901604400188996
52.57164,-1.524493,133.41,15.38,4,140.53,20 / 21,8022614,2019-11-06 18:20:03:076,-0.1357,0.0374,10.28,-0.008,-0.0076,9.8066,0.0033,-0.0549,0.0598,-20.81,-36.37,28.63,27.93,-88.05,-117.09,-0.13108535744336552,0.03369944453078339,0.4734140117299673
52.57164,-1.524493,133.41,15.38,4,140.53,20 / 21,8022714,2019-11-06 18:20:03:176,0.7506,1.3515,8.8977,0.0285,-0.0171,9.8065,0.0692,-0.2514,0.0666,-20.62,-36.62,27.69,30.26,-88.09,-113.9,0.5996096571536872,1.4264112623627088,-0.9089724856412652
52.57164,-1.524493,133.41,15.38,4,140.53,20 / 21,8022816,2019-11-06 18:20:03:278,-0.8597,0.734,9.3193,0.0247,-0.0379,9.8065,0.1478,-0.1413,-0.003,-20.87,-36.62,27.56,22.14,-87.92,-121.83,-0.9485395447733298,0.69161732744341,-0.487129361033842
52.57164,-1.524493,133.41,15.38,4,140.53,20 / 23,8022913,2019-11-06 18:20:03:375,0.6983,0.9289,9.8412,-0.0096,0.016,9.8066,0.0576,-0.1084,-0.046,-21.12,-35.87,27.75,28.06,-88.08,-116.01,0.6254090750083393,0.9712786857830086,0.03445552845111118
52.57164,-1.524493,133.41,15.38,4,140.53,20 / 23,8023014,2019-11-06 18:20:03:476,0.3552,-0.5191,10.21,-0.0052,-0.0096,9.8066,0.006,-0.0381,0.0927,-21.44,-36.75,28.0,25.14,-88.12,-118.85,0.40360080517070296,-0.4760241495308465,0.40338241053496077
52.57164,-1.524493,133.41,15.38,4,140.53,20 / 23,8023114,2019-11-06 18:20:03:576,0.0004,0.3277,10.143,0.0047,0.0086,9.8066,-0.0383,0.0393,-0.0728,-21.12,-37.0,28.0,28.01,-88.21,-116.02,-0.032130630317301755,0.31752618993525944,0.33638222500692755
52.57164,-1.524493,133.41,15.38,4,140.53,20 / 23,8023214,2019-11-06 18:20:03:676,-0.2799,1.2032,10.6102,0.0288,-0.0181,9.8065,0.0845,0.0451,0.003,-20.69,-36.25,28.06,25.77,-88.19,-118.17,-0.4141588500115936,1.1897016858254303,0.8036699669025872
52.57164,-1.524493,133.41,15.38,4,140.53,20 / 23,8023314,2019-11-06 18:20:03:776,2.7642,1.2479,10.5495,0.0213,0.0018,9.8065,-0.0007,-0.2339,0.0933,-21.12,-36.44,28.44,8.51,-88.14,-134.91,2.623588833357551,1.4811088218369781,0.7425718223567631
52.57164,-1.524493,133.41,15.38,4,140.53,20 / 23,8023413,2019-11-06 18:20:03:875,2.1237,0.5122,9.8015,-0.0234,-0.0201,9.8065,0.0518,-0.1481,0.1148,-20.75,-36.37,27.69,359.84,-87.9,-143.29,2.092360883484899,0.7179167362907186,-0.00530970959442027
52.57164,-1.524493,133.41,15.38,4,140.53,20 / 23,8023513,2019-11-06 18:20:03:975,1.863,3.6586,9.0131,-0.0006,-0.0166,9.8066,0.0289,-0.2011,0.0919,-20.31,-36.69,28.56,357.8,-87.97,-147.53,1.5351618337132102,3.823958474041441,-0.7939533885039786
52.57164,-1.524493,133.41,15.38,4,140.53,20 / 23,8023614,2019-11-06 18:20:04:076,0.1387,-1.1199,10.3778,-0.003,-0.04,9.8065,0.1172,-0.3212,0.1874,-20.62,-36.5,27.88,358.59,-88.0,-144.49,0.23561086902255216,-1.0633440604519104,0.571343607210304
52.57164,-1.524493,133.41,15.38,4,140.53,20 / 23,8023713,2019-11-06 18:20:04:175,2.349,2.1146,9.5652,-0.0343,-0.0366,9.8065,0.0054,-0.0959,0.0257,-20.69,-36.06,27.94,1.93,-87.67,-141.29,2.1861376818071916,2.35124924539531,-0.24173341144878238
52.57164,-1.524493,133.41,15.38,4,140.53,20 / 23,8023814,2019-11-06 18:20:04:276,-2.0276,-0.8841,10.3059,-0.0314,-0.0116,9.8065,0.0316,-0.2895,0.2742,-21.5,-36.44,28.13,357.95,-87.57,-145.09,-1.9122436955633886,-1.043592537720202,0.49970962967786026
52.57164,-1.524493,133.41,15.38,4,140.53,21 / 22,8023913,2019-11-06 18:20:04:375,1.1208,1.3002,9.6691,-0.0022,-0.0344,9.8066,0.0034,0.091,-0.0074,-21.12,-36.69,28.25,359.13,-87.47,-143.96,1.0020431467407267,1.427632449645125,-0.13772265895705812
52.57164,-1.524493,133.41,15.38,4,140.53,21 / 22,8024013,2019-11-06 18:20:04:475,0.0052,-0.7888,10.176,0.0036,-0.0063,9.8066,0.122,-0.104,0.0886,-21.19,-36.56,29.13,358.89,-87.37,-145.15,0.07002943520063092,-0.7793405117188356,0.36944473876251754
52.57164,-1.524493,133.41,15.38,4,140.53,21 / 22,8024114,2019-11-06 18:20:04:576,0.617,2.9383,9.0999,0.0134,-0.0192,9.8065,0.0367,0.0022,0.007,-21.31,-36.44,28.25,358.44,-87.39,-144.62,0.3427203040612661,2.998888288120363,-0.7068483561264557
52.57164,-1.524493,133.41,15.38,4,140.53,21 / 22,8024214,2019-11-06 18:20:04:676,0.3647,1.1798,10.8171,0.0304,-0.0266,9.8065,0.1609,-0.1256,0.031,-22.06,-35.87,29.5,1.49,-87.55,-142.32,0.22770864107397326,1.2310703256226905,1.0104872280991422
52.57164,-1.524493,133.41,15.38,4,140.53,21 / 22,8024313,2019-11-06 18:20:04:775,3.3684,2.4361,9.6245,-0.0113,-0.03,9.8065,-0.0338,0.1917,-0.0331,-21.37,-35.56,30.44,358.51,-87.2,-146.43,3.1512103471857027,2.7520324875518902,-0.1825810374839558
52.57164,-1.524493,133.41,15.38,4,140.53,21 / 22,8024414,2019-11-06 18:20:04:876,0.6949,1.2952,9.5655,-0.0085,0.0073,9.8066,-0.0214,0.1004,0.0901,-21.5,-34.37,31.38,357.49,-86.92,-148.27,0.5881174183614692,1.344431506871581,-0.24126542551897065
52.57164,-1.524493,133.41,15.38,4,140.53,21 / 22,8024513,2019-11-06 18:20:04:975,-0.6349,-1.405,10.8814,-0.008,0.0095,9.8065,-0.166,0.2539,-0.0701,-22.12,-32.69,32.19,359.19,-86.89,-146.26,-0.5007416672770209,-1.4638038627157148,1.0750627442857381
52.57164,-1.524493,133.41,15.38,4,140.53,21 / 22,8024613,2019-11-06 18:20:05:075,3.4887,3.5927,8.9671,-0.0017,0.0183,9.8066,-0.0463,0.549,-0.1635,-21.37,-31.25,29.81,358.77,-86.95,-146.19,3.16454078586582,3.8657214192120817,-0.8401590882902276
52.57164,-1.524493,133.41,15.38,4,140.53,21 / 22,8024714,2019-11-06 18:20:05:176,0.0111,-1.0146,11.6863,0.0354,0.0742,9.8063,-0.0787,-0.4239,0.0952,-21.06,-32.25,31.56,355.63,-87.18,-150.91,0.07118684987776755,-1.0866284456922273,1.8800656859314706
52.57164,-1.524493,133.41,15.38,4,140.53,21 / 22,8024814,2019-11-06 18:20:05:276,-5.0589,-1.7955,10.225,-0.0438,-0.0437,9.8064,0.0089,0.1129,0.1148,-21.12,-29.44,34.75,346.68,-87.12,-161.87,-4.84275183641023,-2.1833816085512563,0.41935261103930876
52.57164,-1.524493,133.41,15.38,4,140.53,21 / 24,8024914,2019-11-06 18:20:05:376,-1.3059,-0.3883,10.1756,0.0217,0.0039,9.8065,0.0514,-0.8189,0.417,-23.75,-17.75,37.94,337.61,-87.03,-169.63,-1.2881960353913156,-0.5067045481164975,0.3692951195455366
52.57164,-1.524493,133.41,15.38,4,140.53,21 / 24,8025014,2019-11-06 18:20:05:476,-1.1787,-3.511,11.0162,-0.0747,-0.1088,9.8058,0.1167,-0.5236,0.4122,-25.75,-11.5,29.06,326.22,-86.89,-171.37,-0.8022765015754952,-3.485586408070297,1.2107389507632904
52.57164,-1.524493,133.41,15.38,4,140.53,21 / 24,8025113,2019-11-06 18:20:05:575,4.6784,7.292,8.2907,-0.0384,-0.066,9.8063,0.0127,-0.6669,0.422,-25.94,-15.12,21.94,331.73,-86.7,-157.77,4.0554815158112705,7.741982622283925,-1.5166358663722976
52.57164,-1.524493,133.41,15.38,4,140.53,21 / 24,8025214,2019-11-06 18:20:05:676,0.2228,-0.8488,9.5842,-0.0485,-0.0564,9.8063,0.0343,-0.7791,0.4172,-23.06,-17.0,24.25,347.75,-86.91,-148.11,0.33948901444349994,-0.7656717394608099,-0.2220897486676037
52.57164,-1.524493,133.41,15.38,4,140.53,21 / 24,8025314,2019-11-06 18:20:05:776,6.2482,5.4428,8.6612,-0.0429,-0.0651,9.8063,0.0037,-0.3829,0.2689,-21.31,-16.56,26.19,350.35,-87.14,-150.47,5.7854999600294805,6.0365795671374665,-1.1462342570859292
52.57164,-1.524493,133.41,15.38,4,140.53,21 / 24,8025414,2019-11-06 18:20:05:876,-2.5194,-0.733,10.481,-0.0188,-0.03,9.8065,0.1504,-0.7608,0.3164,-19.0,-13.12,27.69,343.66,-87.48,-161.9,-2.4295058573019808,-0.9188130948960034,0.6748654650987825
52.57164,-1.524493,133.41,15.38,4,140.53,21 / 24,8025514,2019-11-06 18:20:05:976,4.3387,3.8521,9.2155,-0.0121,-0.0839,9.8062,0.0273,-0.0433,0.085,-17.62,-10.0,20.63,335.81,-87.25,-163.16,3.990075935058022,4.301152718701625,-0.5914917183498655
52.57164,-1.524493,133.41,15.38,4,140.53,21 / 24,8025614,2019-11-06 18:20:06:076,-1.0547,-2.701,10.6524,0.0016,-0.0195,9.8066,0.1191,-0.5551,0.2213,-18.75,-14.56,17.94,324.2,-87.35,-168.34,-0.8177927441419283,-2.7635003221074856,0.846091352834103
52.57164,-1.524493,133.41,15.38,4,140.53,21 / 24,8025714,2019-11-06 18:20:06:176,4.2261,4.9438,8.992,-0.0366,-0.0665,9.8063,0.0061,0.1672,-0.026,-21.19,-20.06,16.88,325.73,-87.27,-162.09,3.808392677130451,5.36362663189668,-0.8151419756017028
52.57164,-1.524493,133.41,15.38,4,140.53,21 / 24,8025814,2019-11-06 18:20:06:276,-0.2243,0.9543,9.2544,-0.0204,0.0087,9.8066,-0.053,-0.4349,0.2696,-22.25,-23.12,21.31,330.9,-87.53,-161.84,-0.2858328156336009,0.9241230769941408,-0.552227806320769
52.570557,-1.522966,133.47,18.34,4,130.87,21 / 22,8025914,2019-11-06 18:20:06:376,1.9335,4.5072,8.5881,-0.0451,-0.0584,9.8063,-0.1266,0.16,0.0546,-23.06,-22.44,21.31,333.76,-87.44,-157.81,1.5718490000957364,4.720973003682773,-1.218719483472916
52.570557,-1.522966,133.47,18.34,4,130.87,21 / 22,8026014,2019-11-06 18:20:06:476,-1.2348,-0.8165,10.4891,-0.017,-0.0369,9.8065,0.0502,0.0039,0.0228,-23.31,-25.0,20.63,330.66,-87.72,-160.82,-1.1449188694403007,-0.8830042324192845,0.6828030960161026
52.570557,-1.522966,133.47,18.34,4,130.87,21 / 22,8026114,2019-11-06 18:20:06:576,0.3533,2.047,9.5657,-0.0222,-0.0392,9.8065,-0.1202,0.3925,-0.1176,-22.19,-26.44,21.25,339.66,-87.54,-153.26,0.19170172578676925,2.111018684306712,-0.24096865530258554
52.570557,-1.522966,133.47,18.34,4,130.87,21 / 22,8026213,2019-11-06 18:20:06:675,-1.6663,-0.5515,10.2603,-0.0044,-0.0037,9.8066,-0.032,-0.03,0.1018,-21.87,-29.19,20.94,342.89,-87.67,-150.11,-1.6076070140206278,-0.690920747886809,0.45394751746343454
52.570557,-1.522966,133.47,18.34,4,130.87,21 / 22,8026313,2019-11-06 18:20:06:775,3.2192,3.2443,9.5909,-0.0444,-0.04,9.8064,-0.0765,0.4226,-0.1408,-23.12,-32.56,21.06,350.8,-87.7,-141.2,2.96404073549636,3.5569522646986713,-0.21611294494591043
52.570557,-1.522966,133.47,18.34,4,130.87,21 / 22,8026414,2019-11-06 18:20:06:876,0.8103,1.8391,9.5489,-0.0016,0.0161,9.8065,0.0574,-0.225,0.2041,-23.81,-34.12,25.13,359.1,-87.69,-137.04,0.6494330717991172,1.8869655323318097,-0.25781026947213176
52.570557,-1.522966,133.47,18.34,4,130.87,21 / 22,8026513,2019-11-06 18:20:06:975,2.4214,3.0398,9.0037,-0.0203,-0.033,9.8066,-0.008,0.2138,-0.1669,-22.31,-34.94,24.63,3.06,-87.62,-135.73,2.163697548906584,3.274388223089652,-0.8033939390781043
52.570557,-1.522966,133.47,18.34,4,130.87,21 / 22,8026614,2019-11-06 18:20:07:076,1.0494,1.6356,10.3343,0.0148,0.0306,9.8065,0.0548,-0.1699,0.1492,-22.69,-36.62,24.69,359.15,-87.68,-138.2,0.8904315996959026,1.6893173136240267,0.5275732936314159
52.570557,-1.522966,133.47,18.34,4,130.87,21 / 22,8026714,2019-11-06 18:20:07:176,-0.9808,-0.2751,9.4111,-0.0018,-0.0108,9.8066,-0.0834,0.0175,0.012,-23.87,-36.75,25.63,0.14,-87.72,-137.16,-0.9522034805521812,-0.34887918784065985,-0.3953575393437612
52.570557,-1.522966,133.47,18.34,4,130.87,21 / 22,8026814,2019-11-06 18:20:07:276,-1.2432,0.5341,9.0779,0.0206,0.0168,9.8066,-0.124,-0.161,0.1321,-24.0,-36.69,26.19,358.14,-87.91,-139.08,-1.304266055712567,0.4048159085775366,-0.7285654096088606
52.570557,-1.522966,133.47,18.34,4,130.87,23 / 24,8026914,2019-11-06 18:20:07:376,0.653,0.4725,10.8495,0.0094,0.0196,9.8065,0.0534,-0.0518,0.0001,-23.87,-36.69,25.94,1.45,-88.04,-135.89,0.6016841123006771,0.5074883415215549,1.0428903021049962
52.570557,-1.522966,133.47,18.34,4,130.87,23 / 24,8027014,2019-11-06 18:20:07:476,2.0883,2.2109,9.2375,0.0136,0.0171,9.8066,0.0356,-0.111,0.0537,-24.12,-36.25,26.19,358.85,-88.06,-138.4,1.87495457626829,2.3666924776130016,-0.5694957360161971
52.570557,-1.522966,133.47,18.34,4,130.87,23 / 24,8027114,2019-11-06 18:20:07:576,-0.8517,0.8617,10.1773,0.0121,0.0176,9.8065,-0.0318,-0.1438,0.125,-23.81,-34.31,25.81,355.2,-88.09,-141.93,-0.9342217582671559,0.7654003101248726,0.3708638047059508
52.570557,-1.522966,133.47,18.34,4,130.87,23 / 24,8027213,2019-11-06 18:20:07:675,0.5306,1.7758,9.6369,0.0074,0.0137,9.8066,-0.0147,0.0071,0.0706,-24.06,-35.19,24.5,358.89,-88.19,-137.24,0.36717134298984605,1.8010725655175572,-0.1698692397906038
52.570557,-1.522966,133.47,18.34,4,130.87,23 / 24,8027313,2019-11-06 18:20:07:775,1.2438,0.9855,9.7642,-0.003,-0.0033,9.8066,0.0223,0.0422,0.0036,-23.69,-35.94,24.19,359.4,-88.15,-135.58,1.1556037617654649,1.0939821826727214,-0.04261889003874447
52.570557,-1.522966,133.47,18.34,4,130.87,23 / 24,8027413,2019-11-06 18:20:07:875,1.3409,0.6116,9.6839,-0.0161,0.0053,9.8066,0.0489,-0.0446,0.0468,-24.25,-36.31,24.69,8.44,-88.2,-128.0,1.2988021202821882,0.7225716979491588,-0.12291124307142402
52.570557,-1.522966,133.47,18.34,4,130.87,23 / 24,8027514,2019-11-06 18:20:07:976,0.4541,0.5971,10.2074,0.004,-0.0173,9.8066,0.017,-0.0345,0.0327,-23.44,-36.62,24.63,12.44,-88.18,-125.38,0.39472970695911397,0.6514146299354466,0.40070618706233785
52.570557,-1.522966,133.47,18.34,4,130.87,23 / 24,8027613,2019-11-06 18:20:08:075,1.8704,1.5289,10.135,-0.0044,-0.0131,9.8066,0.1163,-0.0774,0.0481,-23.87,-36.0,24.38,10.28,-88.12,-125.08,1.7328977884728018,1.699977190618948,0.3280676852135582
52.570557,-1.522966,133.47,18.34,4,130.87,23 / 24,8027713,2019-11-06 18:20:08:175,-0.3361,-0.1939,9.732,-0.0053,-0.0137,9.8066,-0.0267,-0.1501,0.1302,-24.31,-36.37,24.69,4.74,-88.01,-131.6,-0.3137941790796069,-0.2084270886674099,-0.07454664234815213
52.570557,-1.522966,133.47,18.34,4,130.87,23 / 24,8027814,2019-11-06 18:20:08:276,1.5653,2.6099,10.1541,-0.0176,-0.0291,9.8066,-0.0641,-0.0409,0.0658,-24.44,-35.62,24.44,4.52,-87.88,-130.66,1.3462406524337507,2.7672690092665717,0.34714261635178
52.570557,-1.522966,133.47,18.34,4,130.87,21 / 23,8027914,2019-11-06 18:20:08:376,0.1489,-0.2269,9.9642,-0.0173,-0.0046,9.8065,0.0232,-0.233,0.1297,-24.25,-35.62,23.75,8.01,-88.12,-127.28,0.18501240613641606,-0.20691284904790838,0.15769116168793793
52.570557,-1.522966,133.47,18.34,4,130.87,21 / 23,8028014,2019-11-06 18:20:08:476,2.3042,4.0735,9.2734,-0.0076,-0.0356,9.8065,-0.0116,0.036,-0.0099,-24.75,-36.62,23.63,7.62,-88.07,-126.49,1.943756819466787,4.29538811782296,-0.5336365842422018
52.570557,-1.522966,133.47,18.34,4,130.87,21 / 23,8028114,2019-11-06 18:20:08:576,1.7217,0.2251,9.7065,0.0126,-0.0109,9.8066,0.0601,-0.2437,0.1313,-23.94,-36.25,24.13,1.96,-88.22,-133.11,1.6819213669699544,0.3844633576975806,-0.10033574596235559
52.570557,-1.522966,133.47,18.34,4,130.87,21 / 23,8028213,2019-11-06 18:20:08:675,3.5241,3.0094,9.5581,-0.0142,-0.0335,9.8065,0.0107,0.2843,-0.1576,-24.75,-36.25,24.13,359.66,-88.12,-134.16,3.2587835452488996,3.3404822015379563,-0.2490347895839956
52.570557,-1.522966,133.47,18.34,4,130.87,21 / 23,8028313,2019-11-06 18:20:08:775,-0.0373,0.5339,9.3033,0.0202,0.0155,9.8066,-0.0128,-0.0383,0.0666,-24.94,-36.12,23.56,354.49,-88.17,-139.15,-0.10265016962083326,0.5113563395307548,-0.5033222990276918
52.570557,-1.522966,133.47,18.34,4,130.87,21 / 23,8028414,2019-11-06 18:20:08:876,0.7363,0.4577,10.4277,-0.0325,-0.0268,9.8065,-0.0222,0.224,-0.1624,-24.44,-35.94,24.13,355.02,-88.12,-139.81,0.7235907105188926,0.5498808215470306,0.6210722145978895
52.570557,-1.522966,133.47,18.34,4,130.87,21 / 23,8028514,2019-11-06 18:20:08:976,0.5518,0.1527,9.7949,-0.0028,-0.0183,9.8065,0.0302,-0.2859,0.281,-24.31,-36.0,23.88,350.43,-88.19,-144.25,0.537531123141918,0.21881623414165804,-0.011681923208588902
52.570557,-1.522966,133.47,18.34,4,130.87,21 / 23,8028614,2019-11-06 18:20:09:076,2.3514,3.3562,9.5608,-0.0199,-0.0346,9.8065,-0.0791,0.2976,-0.1329,-24.56,-35.94,23.63,349.06,-88.02,-144.37,2.0658434824330953,3.5850567051880433,-0.24620305984076096
52.570557,-1.522966,133.47,18.34,4,130.87,21 / 23,8028713,2019-11-06 18:20:09:175,-0.366,-0.4232,10.32,0.0062,0.0168,9.8066,0.0721,-0.138,0.1221,-25.19,-35.75,24.13,342.6,-88.1,-150.63,-0.3322563477190895,-0.47081091949590387,0.5134736580232659
52.570557,-1.522966,133.47,18.34,4,130.87,21 / 23,8028814,2019-11-06 18:20:09:276,-0.5354,-0.2156,9.297,-0.0129,-0.0228,9.8065,-0.0569,0.3451,-0.1216,-25.25,-35.56,23.69,345.04,-88.13,-148.28,-0.5037135326894664,-0.2377630533190489,-0.5094209923647633
52.570557,-1.522966,133.47,18.34,4,130.87,23 / 24,8028915,2019-11-06 18:20:09:377,-2.4526,-1.3526,9.2651,0.0274,0.0324,9.8065,0.0056,-0.0309,0.0043,-24.81,-34.87,24.25,353.08,-88.27,-140.54,-2.349530056207625,-1.596486333688662,-0.5409980233996521
52.570557,-1.522966,133.47,18.34,4,130.87,23 / 24,8029014,2019-11-06 18:20:09:476,1.426,1.5925,11.063,-0.0245,-0.0418,9.8065,0.0385,0.481,-0.2357,-25.31,-33.69,22.06,348.7,-88.19,-142.28,1.302270042112879,1.7549043374493176,1.256217534432988
52.570557,-1.522966,133.47,18.34,4,130.87,23 / 24,8029113,2019-11-06 18:20:09:575,0.9454,4.4808,8.8542,-0.0007,0.0475,9.8064,-0.1384,-0.0192,0.0719,-25.19,-34.69,22.19,345.03,-88.01,-145.77,0.5548959468924689,4.498958238919286,-0.9525776569826667
52.570557,-1.522966,133.47,18.34,4,130.87,23 / 24,8029213,2019-11-06 18:20:09:675,1.9793,3.0737,9.711,-0.0235,-0.0275,9.8065,-0.1285,0.5581,-0.1733,-25.87,-35.31,22.44,346.45,-87.98,-143.3,1.724082981191289,3.264368729872157,-0.09593851885138857
52.570557,-1.522966,133.47,18.34,4,130.87,23 / 24,8029314,2019-11-06 18:20:09:776,0.6088,0.6438,9.3341,0.011,0.0343,9.8066,-0.022,0.0766,-0.0667,-25.62,-35.19,22.25,345.11,-88.16,-144.63,0.5421840578500325,0.6593822869138672,-0.47261272424418643
52.570557,-1.522966,133.47,18.34,4,130.87,23 / 24,8029414,2019-11-06 18:20:09:876,-0.9531,-1.8541,9.3494,-0.0142,0.0062,9.8065,0.0079,0.3465,-0.224,-24.75,-35.69,22.0,350.67,-88.07,-140.33,-0.7727760872573363,-1.9352714678487968,-0.4568710700992209
52.570557,-1.522966,133.47,18.34,4,130.87,23 / 24,8029514,2019-11-06 18:20:09:976,-2.2047,-0.5807,10.0859,0.0226,0.0314,9.8065,-0.0015,0.0565,-0.0516,-25.0,-36.0,21.75,345.24,-88.09,-145.58,-2.1652454053208605,-0.8044019376537269,0.2797247172414951
52.570557,-1.522966,133.47,18.34,4,130.87,23 / 24,8029614,2019-11-06 18:20:10:076,1.2847,-0.1231,10.3472,0.0171,0.0108,9.8065,-0.0389,0.3316,-0.2568,-25.44,-36.25,22.5,335.12,-88.18,-156.68,1.2745194056191476,-0.022563805738102388,0.5405428931831678
52.570557,-1.522966,133.47,18.34,4,130.87,23 / 24,8029714,2019-11-06 18:20:10:176,1.397,2.0811,9.5987,0.0044,0.03,9.8066,-0.0667,0.0713,0.1084,-25.12,-35.94,22.63,336.64,-88.1,-155.17,1.2079814791993744,2.164948580890311,-0.20819886650105424
52.570557,-1.522966,133.47,18.34,4,130.87,23 / 24,8029813,2019-11-06 18:20:10:275,1.7869,1.368,9.5808,-0.0222,0.0012,9.8065,-0.04,0.2899,-0.1591,-25.37,-36.5,22.63,339.86,-88.35,-152.14,1.682692491116018,1.5196675051224802,-0.22601370360353756
52.570557,-1.522966,133.47,18.34,4,130.87,21 / 22,8029914,2019-11-06 18:20:10:376,-0.9498,0.511,10.7194,0.0142,0.0266,9.8065,0.073,0.0237,0.061,-25.69,-35.94,22.19,335.49,-88.29,-153.99,-1.002533494800112,0.39835655859648866,0.912997488510805
52.570557,-1.522966,133.47,18.34,4,130.87,21 / 22,8030014,2019-11-06 18:20:10:476,-2.4145,-1.4071,9.2643,0.0283,-0.0046,9.8065,0.0473,0.383,-0.1362,-25.44,-36.31,22.25,332.89,-88.09,-157.5,-2.3109430262655515,-1.610668187453068,-0.54180185426156
52.570557,-1.522966,133.47,18.34,4,130.87,21 / 22,8030114,2019-11-06 18:20:10:576,-0.8971,-0.507,10.2668,0.0475,0.0539,9.8064,-0.0042,0.2437,-0.2256,-25.31,-36.19,22.13,339.14,-88.06,-151.45,-0.8919060797031395,-0.6412789957617676,0.4605550179765234
52.570557,-1.522966,133.47,18.34,4,130.87,21 / 22,8030213,2019-11-06 18:20:10:675,-0.5297,-0.6198,10.4221,0.0148,0.0148,9.8066,0.0034,0.2634,-0.0684,-25.5,-36.25,22.25,328.66,-88.15,-161.63,-0.4868765041742084,-0.679718074904967,0.6156072354436625
52.570557,-1.522966,133.47,18.34,4,130.87,21 / 22,8030313,2019-11-06 18:20:10:775,0.7008,2.9284,9.1313,0.0036,0.0365,9.8066,-0.1192,0.2883,-0.1663,-25.37,-36.75,22.38,327.23,-88.1,-162.96,0.44169939244266176,2.9417219881434873,-0.6755567564527134
52.570557,-1.522966,133.47,18.34,4,130.87,21 / 22,8030414,2019-11-06 18:20:10:876,0.6483,0.5405,9.3573,-0.0119,0.0274,9.8066,-0.046,0.1701,-0.0785,-25.75,-36.81,22.56,327.74,-88.32,-162.79,0.6127734114877729,0.568806447872963,-0.44941529906288025
52.570557,-1.522966,133.47,18.34,4,130.87,21 / 22,8030514,2019-11-06 18:20:10:976,-0.2753,1.486,9.4983,0.0079,0.0016,9.8066,-0.0087,0.1285,-0.0574,-25.25,-36.62,22.63,326.06,-88.32,-165.52,-0.4118894851122692,1.4539473081986567,-0.30834845067849775
52.570557,-1.522966,133.47,18.34,4,130.87,21 / 22,8030613,2019-11-06 18:20:11:075,-1.3089,-0.566,10.8376,0.0039,0.0086,9.8066,-0.0923,0.1315,-0.1042,-25.75,-36.25,21.75,324.33,-88.21,-164.79,-1.2574287280194243,-0.6870676762148475,1.0312036667177749
52.570557,-1.522966,133.47,18.34,4,130.87,21 / 22,8030713,2019-11-06 18:20:11:175,-0.6329,0.6679,10.1632,-0.0281,0.0097,9.8066,-0.031,0.1114,0.0559,-26.0,-36.62,22.5,329.95,-88.19,-160.57,-0.6599671771423857,0.6028469920036761,0.3566408127610061
52.570557,-1.522966,133.47,18.34,4,130.87,21 / 22,8030813,2019-11-06 18:20:11:275,-0.971,-0.7173,9.9317,-0.0103,0.0178,9.8065,-0.0416,0.0322,-0.0309,-26.0,-36.19,21.88,337.53,-88.5,-152.1,-0.8927613255213999,-0.816242513319548,0.12536712130004893
52.570557,-1.522966,133.47,18.34,4,130.87,23 / 24,8030914,2019-11-06 18:20:11:376,-0.7005,-0.0369,9.8301,0.0112,0.0059,9.8066,0.0054,0.0106,-0.0258,-25.94,-36.0,22.19,340.02,-88.52,-149.67,-0.7052330100800361,-0.10483634056379333,0.023594982319216383
52.570557,-1.522966,133.47,18.34,4,130.87,23 / 24,8031014,2019-11-06 18:20:11:476,-1.0672,0.1248,9.9365,-0.001,0.0028,9.8066,-0.0015,-0.0147,0.0384,-25.19,-36.75,22.13,336.17,-88.57,-154.53,-1.0727665577620806,0.02835745648680445,0.1300316008087883
52.570557,-1.522966,133.47,18.34,4,130.87,23 / 24,8031114,2019-11-06 18:20:11:576,-0.2456,0.0449,10.0137,0.0225,-0.0007,9.8066,0.0586,-0.0564,-0.0973,-26.0,-36.37,22.5,331.21,-88.78,-159.67,-0.2710336919329646,0.022008091343629865,0.2071322325293615
52.570557,-1.522966,133.47,18.34,4,130.87,23 / 24,8031214,2019-11-06 18:20:11:676,-0.5011,0.1999,9.7744,0.0078,-0.0033,9.8066,0.0269,0.062,-0.0595,-25.25,-37.0,22.69,325.18,-88.68,-166.61,-0.5247160880284767,0.15794297368129914,-0.03214551335412809
52.570557,-1.522966,133.47,18.34,4,130.87,23 / 24,8031313,2019-11-06 18:20:11:775,-0.3745,0.0127,9.6255,-0.0057,0.0025,9.8066,-0.0515,0.0425,0.0552,-25.5,-36.56,22.13,321.92,-88.71,-168.54,-0.36830276017801916,-0.02208413239972736,-0.1810526385927679
52.570557,-1.522966,133.47,18.34,4,130.87,23 / 24,8031414,2019-11-06 18:20:11:876,0.2277,-0.9992,10.4154,-0.003,0.0112,9.8066,-0.0794,0.0086,-0.0012,-25.37,-36.0,22.63,320.4,-88.7,-171.33,0.31820075171534346,-0.9863289432927305,0.6088280440574635
52.570557,-1.522966,133.47,18.34,4,130.87,23 / 24,8031514,2019-11-06 18:20:11:976,0.4697,-0.7637,9.9465,0.0048,-0.0092,9.8066,0.0656,0.0232,0.0121,-25.81,-36.62,22.94,317.5,-88.5,-172.91,0.5290808324549654,-0.7109715300442795,0.1398829017258983
52.570557,-1.522966,133.47,18.34,4,130.87,23 / 24,8031614,2019-11-06 18:20:12:076,-0.0241,-0.7817,10.0712,0.0074,0.0099,9.8066,0.0291,-0.065,0.0466,-25.75,-36.44,22.25,312.29,-88.52,-176.77,0.037838378925903325,-0.7913057780990558,0.26464956570398457
52.570557,-1.522966,133.47,18.34,4,130.87,23 / 24,8031714,2019-11-06 18:20:12:176,0.3591,-1.0097,9.9969,0.0015,0.0037,9.8066,0.0,-0.0202,0.024,-25.44,-36.06,22.5,316.39,-88.45,-175.08,0.44482525450213145,-0.978255258615416,0.19031172309765926
52.570557,-1.522966,133.47,18.34,4,130.87,23 / 24,8031814,2019-11-06 18:20:12:276,-0.2666,-0.1205,9.7817,0.0007,0.0019,9.8066,0.0186,0.0308,-0.0277,-25.5,-36.44,21.94,311.23,-88.48,-178.87,-0.25558263307994955,-0.14529503310537775,-0.024858218416189768
52.570557,-1.522966,133.47,18.34,4,130.87,23 / 23,8031914,2019-11-06 18:20:12:376,0.5556,-1.0606,10.3561,0.0102,0.0208,9.8066,-0.0448,0.0374,-0.0213,-25.25,-36.81,22.5,306.63,-88.53,175.32,0.6378944527592184,-1.0295569174352062,0.5494912109400235
52.570557,-1.522966,133.47,18.34,4,130.87,23 / 23,8032014,2019-11-06 18:20:12:476,1.2756,-0.1,9.7714,0.0041,-0.0081,9.8066,0.0288,0.0258,-0.0015,-24.94,-36.56,21.81,304.67,-88.47,174.72,1.2746620401274482,0.019576833109845756,-0.035360020694583494
52.570557,-1.522966,133.47,18.34,4,130.87,23 / 23,8032114,2019-11-06 18:20:12:576,0.9091,-1.0963,10.5997,0.0134,-0.0011,9.8066,0.0038,-0.0387,-0.0095,-25.75,-36.75,22.19,300.38,-88.48,171.58,0.9880904212517438,-1.0126716005088987,0.793046460778496
52.570557,-1.522966,133.47,18.34,4,130.87,23 / 23,8032215,2019-11-06 18:20:12:677,1.231,0.1895,10.4904,-0.0066,-0.0145,9.8066,0.0076,0.0293,-0.008,-25.06,-36.37,22.75,302.14,-88.34,171.03,1.2151199581970624,0.31143103690168317,0.6836273812871391
52.570557,-1.522966,133.47,18.34,4,130.87,23 / 23,8032313,2019-11-06 18:20:12:775,1.0048,-1.0359,10.7206,0.0054,0.0102,9.8066,0.0169,-0.036,-0.0273,-25.5,-36.5,23.0,298.89,-88.13,168.02,1.0871173708000885,-0.954687938094109,0.9139301575953829
52.570557,-1.522966,133.47,18.34,4,130.87,23 / 23,8032413,2019-11-06 18:20:12:875,-1.0422,-2.0226,9.2012,0.019,0.0128,9.8066,-0.0123,0.2964,-0.1385,-25.5,-36.31,22.63,293.03,-88.08,162.31,-0.8793230221857287,-2.120400475820362,-0.6051451105271687
52.570557,-1.522966,133.47,18.34,4,130.87,23 / 23,8032513,2019-11-06 18:20:12:975,0.0879,0.2653,9.5581,0.0017,0.0443,9.8065,-0.0264,0.2142,-0.1171,-25.37,-36.06,22.13,285.55,-88.25,156.03,0.06652408618051535,0.22767106161936454,-0.24842389913001323
52.570557,-1.522966,133.47,18.34,4,130.87,23 / 23,8032613,2019-11-06 18:20:13:075,-1.0427,-1.6725,9.4641,0.0132,0.0054,9.8066,0.0499,0.0249,-0.0047,-26.19,-36.37,21.75,285.43,-88.39,156.85,-0.9052556521310363,-1.7637872399133723,-0.34226633869485557
52.570557,-1.522966,133.47,18.34,4,130.87,23 / 23,8032713,2019-11-06 18:20:13:175,0.2201,-0.1996,9.3372,0.0043,0.0049,9.8066,-0.0595,0.1735,-0.0925,-26.56,-36.31,22.31,284.01,-88.5,156.34,0.2327888424025782,-0.18488899268027,-0.46941630269787493
52.570557,-1.522966,133.47,18.34,4,130.87,23 / 23,8032813,2019-11-06 18:20:13:275,-0.8371,-1.4718,10.0691,-0.0011,0.0313,9.8065,-0.013,-0.1476,0.0974,-26.44,-35.94,22.56,279.53,-88.45,149.62,-0.7013991090478173,-1.5703956298213146,0.26279502595187315
52.570557,-1.522966,133.47,18.34,4,130.87,21 / 23,8032913,2019-11-06 18:20:13:375,0.0969,0.273,10.716,0.0014,-0.014,9.8066,0.0187,0.0564,-0.0785,-26.06,-36.31,23.0,274.79,-88.25,145.1,0.07016430689463198,0.29431072511770184,0.9093710887853693
52.570557,-1.522966,133.47,18.34,4,130.87,21 / 23,8033014,2019-11-06 18:20:13:476,0.4067,2.0589,8.8365,0.012,0.0041,9.8066,0.0651,-0.2133,0.1444,-25.5,-36.44,23.06,274.54,-88.15,143.89,0.2134817900826723,2.081366876039074,-0.9702693402506569
52.570557,-1.522966,133.47,18.34,4,130.87,21 / 23,8033114,2019-11-06 18:20:13:576,-0.2478,-0.4531,9.708,-0.0141,-0.0318,9.8065,0.0153,-0.1985,0.0264,-25.19,-36.37,23.13,270.7,-88.3,139.89,-0.19599686343853817,-0.44011971061663535,-0.09844541558134703
52.570557,-1.522966,133.47,18.34,4,130.87,21 / 23,8033213,2019-11-06 18:20:13:675,1.5346,-0.1321,9.6079,-0.0275,-0.0221,9.8065,0.0247,-0.163,0.1478,-24.81,-36.69,22.56,284.09,-88.49,153.07,1.5657116060647587,0.026932980690493505,-0.1987967584877574
52.570557,-1.522966,133.47,18.34,4,130.87,21 / 23,8033313,2019-11-06 18:20:13:775,-1.8406,-2.1188,9.5391,-0.0278,-0.0205,9.8066,-0.0789,-0.0976,0.084,-25.44,-36.19,23.25,282.96,-88.69,151.7,-1.6225074961143515,-2.2487255503376162,-0.2671437895806715
52.570557,-1.522966,133.47,18.34,4,130.87,21 / 23,8033413,2019-11-06 18:20:13:875,-1.7874,-2.1362,8.7887,0.0002,-0.0039,9.8066,-0.0593,-0.3367,0.1914,-25.31,-36.62,23.0,286.78,-88.68,155.55,-1.5945257811888125,-2.2804444637937107,-1.0175451049839623
52.570557,-1.522966,133.47,18.34,4,130.87,21 / 23,8033513,2019-11-06 18:20:13:975,-0.6421,-2.0717,10.2027,-0.0369,-0.0252,9.8065,0.0124,-0.2264,0.0575,-25.06,-36.25,22.25,284.81,-88.79,154.73,-0.4239731422958139,-2.0915354477976718,0.3963962351203733
52.570557,-1.522966,133.47,18.34,4,130.87,21 / 23,8033613,2019-11-06 18:20:14:075,2.3642,1.6689,9.416,0.0165,-0.0162,9.8066,0.1121,-0.3162,0.1207,-25.31,-36.19,22.25,276.68,-88.66,146.77,2.19139191081009,1.8838111858435658,-0.3910020068065644
52.570557,-1.522966,133.47,18.34,4,130.87,21 / 23,8033713,2019-11-06 18:20:14:175,-0.9268,-0.4899,9.5695,0.0123,-0.0413,9.8065,0.0867,-0.3166,0.1363,-25.12,-36.37,22.69,271.18,-88.53,140.13,-0.8963288295014722,-0.5289758621023394,-0.23685214104501548
52.570557,-1.522966,133.47,18.34,4,130.87,21 / 23,8033813,2019-11-06 18:20:14:275,1.8379,1.6663,11.1183,-0.0308,-0.0226,9.8065,0.0352,-0.1134,0.0135,-25.37,-36.37,22.56,277.46,-88.41,146.53,1.7141046644272757,1.8458493789995778,1.3114600296751444
52.570557,-1.522966,133.47,18.34,4,130.87,23 / 24,8033913,2019-11-06 18:20:14:375,-1.6074,-2.8483,9.4495,-0.0227,-0.0395,9.8065,0.0404,-0.3545,0.2515,-25.81,-36.25,23.25,275.79,-88.01,146.35,-1.3331946283973464,-2.936577222101107,-0.3566326281335014
52.570557,-1.522966,133.47,18.34,4,130.87,23 / 24,8034013,2019-11-06 18:20:14:475,3.3082,0.4958,10.5586,0.0184,-0.0461,9.8065,-0.1362,-0.2689,0.257,-25.12,-36.37,22.63,283.69,-87.61,153.55,3.229943440990916,0.827402544803028,0.7516411755972642
52.570557,-1.522966,133.47,18.34,4,130.87,23 / 24,8034113,2019-11-06 18:20:14:575,-0.2708,-0.77,9.2615,-0.0154,-0.0144,9.8066,0.1146,-0.3291,0.0124,-25.06,-36.19,22.63,277.63,-87.66,147.48,-0.1884519977498012,-0.7750676635170974,-0.54502338620857
52.570557,-1.522966,133.47,18.34,4,130.87,23 / 24,8034214,2019-11-06 18:20:14:676,1.2948,2.8567,9.374,-0.0006,-0.0184,9.8066,0.1427,-0.2475,0.0295,-24.81,-35.75,24.0,276.86,-87.79,145.31,1.0391088298083206,2.9772848873526185,-0.4329335622888236
52.570557,-1.522966,133.47,18.34,4,130.87,23 / 24,8034314,2019-11-06 18:20:14:776,-1.016,-0.6125,9.3746,-0.0148,0.0001,9.8066,-0.0439,0.4363,-0.2591,-24.37,-35.81,23.0,272.45,-87.7,141.16,-0.9438820664310311,-0.6977891401755886,-0.43183464488493745
52.570557,-1.522966,133.47,18.34,4,130.87,23 / 24,8034414,2019-11-06 18:20:14:876,2.0771,3.4155,9.3817,-0.0311,-0.0468,9.8065,-0.0625,-0.2428,0.2041,-24.25,-35.94,22.06,270.17,-87.42,140.51,1.7974789516617076,3.633276193294852,-0.4252729612495966
52.570557,-1.522966,133.47,18.34,4,130.87,23 / 24,8034513,2019-11-06 18:20:14:975,-1.2374,-1.7052,10.9401,0.0029,-0.0274,9.8066,0.1584,-0.5615,0.1024,-24.5,-36.75,23.19,264.33,-87.18,133.66,-1.0887750245530345,-1.7797027279704754,1.1337576134094922
52.570557,-1.522966,133.47,18.34,4,130.87,23 / 24,8034614,2019-11-06 18:20:15:076,3.1435,3.6357,10.0991,-0.0095,-0.0518,9.8064,0.01,0.2161,-0.2045,-25.06,-36.25,22.63,268.48,-87.17,138.87,2.8186880197271353,3.948977927716399,0.29207826666053044
52.570557,-1.522966,133.47,18.34,4,130.87,23 / 24,8034714,2019-11-06 18:20:15:176,-2.6021,-1.5834,8.9035,-0.0099,0.0213,9.8066,-0.0979,-0.2848,0.2159,-25.0,-36.5,22.81,265.17,-87.1,135.61,-2.4421442180290933,-1.8251765838638716,-0.9026708126787288
52.570557,-1.522966,133.47,18.34,4,130.87,23 / 24,8034814,2019-11-06 18:20:15:276,-0.9303,-2.5264,10.0428,-0.0271,-0.0239,9.8066,-0.139,0.4066,-0.1905,-24.56,-36.56,22.94,263.44,-87.18,133.87,-0.680998872007997,-2.571846336798245,0.23646117275630232
52.569836,-1.520928,134.11,18.23,6,117.4,22 / 23,8034914,2019-11-06 18:20:15:376,0.8634,3.275,9.0423,0.0343,0.0285,9.8065,0.1125,-0.0762,-0.0371,-24.12,-36.75,22.44,261.48,-87.21,132.1,0.5420919766026464,3.3064868811863746,-0.7644942729971487
52.569836,-1.520928,134.11,18.23,6,117.4,22 / 23,8035014,2019-11-06 18:20:15:476,-2.7964,-1.8091,9.4634,0.0001,-0.0201,9.8066,0.1095,0.3476,-0.2784,-23.81,-36.81,22.75,262.22,-87.12,131.61,-2.629485141192109,-2.026588515884984,-0.3427336714316483
52.569836,-1.520928,134.11,18.23,6,117.4,22 / 23,8035114,2019-11-06 18:20:15:576,-2.2962,-1.54,9.3601,0.0376,0.0104,9.8066,-0.0142,0.0153,0.0473,-24.0,-36.56,22.38,262.38,-87.07,133.16,-2.189421928247174,-1.748469199655601,-0.4461075296003492
52.569836,-1.520928,134.11,18.23,6,117.4,22 / 23,8035214,2019-11-06 18:20:15:676,-0.3532,-0.4156,10.015,-0.0235,0.0016,9.8066,-0.0694,0.332,-0.1645,-24.37,-36.5,23.19,263.72,-86.97,133.2,-0.29194963967655474,-0.4444046357444606,0.20846682618959705
52.569836,-1.520928,134.11,18.23,6,117.4,22 / 23,8035313,2019-11-06 18:20:15:775,1.0331,1.8687,9.5992,0.0276,0.0338,9.8065,-0.0234,0.1176,-0.0953,-24.19,-36.56,22.94,260.35,-86.76,130.11,0.8412584567009673,1.915743854731583,-0.2075361223673652
52.569836,-1.520928,134.11,18.23,6,117.4,22 / 23,8035413,2019-11-06 18:20:15:875,0.1154,1.5517,9.7311,0.0105,-0.0002,9.8066,-0.0576,0.3706,-0.1805,-24.19,-36.31,23.25,261.47,-86.77,131.14,-0.031145030409733737,1.555124456742759,-0.07560278514258857
52.569836,-1.520928,134.11,18.23,6,117.4,22 / 23,8035513,2019-11-06 18:20:15:975,0.6467,0.5614,9.7353,0.015,0.0296,9.8066,-0.0234,0.1405,-0.0984,-24.5,-36.75,22.94,262.29,-86.79,132.04,0.5827951676300371,0.5849699503972108,-0.0714126719802701
52.569836,-1.520928,134.11,18.23,6,117.4,22 / 23,8035613,2019-11-06 18:20:16:075,-1.7942,-2.9519,10.1459,-0.0039,0.0041,9.8066,-0.1042,0.3784,-0.1562,-23.94,-36.94,22.69,262.36,-86.8,132.11,-1.525056093109733,-3.1011353841300933,0.3397025495417748
52.569836,-1.520928,134.11,18.23,6,117.4,22 / 23,8035713,2019-11-06 18:20:16:175,-0.4839,-0.6514,10.7466,0.0014,0.0446,9.8065,-0.0608,0.2767,-0.1499,-24.06,-36.69,22.69,263.0,-86.87,132.67,-0.4224963438287417,-0.7356868489537639,0.9402030630283171
52.569836,-1.520928,134.11,18.23,6,117.4,22 / 23,8035813,2019-11-06 18:20:16:275,-1.7668,-2.879,9.2936,0.0314,0.0149,9.8066,-0.0175,0.33,-0.181,-24.31,-36.87,22.5,260.31,-86.78,130.06,-1.5384594287729216,-3.0400219233313273,-0.512599982134799
52.569836,-1.520928,134.11,18.23,6,117.4,21 / 21,8035914,2019-11-06 18:20:16:376,2.8621,2.1313,9.8594,0.0366,0.0331,9.8065,-0.0112,0.3748,-0.2514,-24.25,-36.62,23.0,258.29,-86.65,128.14,2.6313143177787213,2.3371199858776177,0.05241214233463512
52.569836,-1.520928,134.11,18.23,6,117.4,21 / 21,8036013,2019-11-06 18:20:16:475,-0.1109,-1.4977,9.9834,0.0003,0.0326,9.8066,-0.0006,0.2793,-0.1274,-23.81,-36.62,23.25,258.44,-86.91,128.01,0.02299393405913425,-1.5341507759002428,0.1769023623391374
52.569836,-1.520928,134.11,18.23,6,117.4,21 / 21,8036113,2019-11-06 18:20:16:575,0.8824,3.8979,9.0954,0.0113,0.0322,9.8066,-0.1262,0.4648,-0.2455,-24.62,-37.25,22.31,254.89,-87.09,126.64,0.5298205107635364,3.926991835778955,-0.7115353034809309
52.569836,-1.520928,134.11,18.23,6,117.4,21 / 21,8036214,2019-11-06 18:20:16:676,-1.8208,-0.58,10.2178,0.0362,0.0306,9.8065,0.011,0.0214,0.0624,-24.0,-36.56,23.06,256.42,-86.88,126.0,-1.796477075897914,-0.7705348527439903,0.4115764892217231
52.569836,-1.520928,134.11,18.23,6,117.4,21 / 21,8036313,2019-11-06 18:20:16:775,2.0148,2.6386,9.6289,0.0065,0.0143,9.8066,-0.0442,0.4643,-0.2876,-23.62,-36.81,22.69,259.21,-86.91,128.8,1.7712321969162959,2.7897686907510972,-0.17811183765259672
52.569836,-1.520928,134.11,18.23,6,117.4,21 / 21,8036413,2019-11-06 18:20:16:875,-1.5684,-3.0408,9.8665,0.0143,0.0409,9.8065,0.0014,0.0112,0.0267,-24.0,-36.12,22.75,257.16,-86.99,126.55,-1.307299234357581,-3.2082295446564784,0.060382784312846625
52.569836,-1.520928,134.11,18.23,6,117.4,21 / 21,8036515,2019-11-06 18:20:16:977,0.1216,0.598,9.8014,-0.006,-0.0006,9.8066,-0.0873,0.4678,-0.1719,-24.12,-36.81,22.19,256.09,-87.3,126.55,0.07479414721865642,0.6074611286367061,-0.005250974885991645
52.569836,-1.520928,134.11,18.23,6,117.4,21 / 21,8036613,2019-11-06 18:20:17:075,-3.329,-3.1916,9.9106,0.0162,0.0519,9.8065,0.0017,-0.2242,0.1088,-24.5,-36.94,22.38,253.83,-87.31,124.24,-3.0489082238677825,-3.523447773200145,0.10472121066121738
52.569836,-1.520928,134.11,18.23,6,117.4,21 / 21,8036713,2019-11-06 18:20:17:175,2.1061,2.0236,10.1519,0.0057,-0.0117,9.8065,0.0291,0.3654,-0.216,-24.81,-36.31,22.19,252.29,-87.41,123.6,1.9145227871352488,2.2111078658862837,0.3450100186308864
52.569836,-1.520928,134.11,18.23,6,117.4,21 / 21,8036813,2019-11-06 18:20:17:275,0.4471,1.2392,9.7194,0.0427,0.0333,9.8064,0.0787,-0.3043,0.0991,-24.81,-36.19,22.38,252.12,-87.18,123.65,0.29744745955899593,1.2366236140635023,-0.08712184538002964
52.569836,-1.520928,134.11,18.23,6,117.4,21 / 21,8036914,2019-11-06 18:20:17:376,1.8099,2.1737,9.8599,-0.02,-0.0332,9.8065,-0.0241,0.1321,0.0115,-24.31,-36.87,22.38,254.64,-87.18,125.21,1.630023897404819,2.358389816727165,0.05303533017543677
52.569836,-1.520928,134.11,18.23,6,117.4,21 / 21,8037014,2019-11-06 18:20:17:476,0.1313,-1.093,9.9709,0.0069,0.018,9.8066,-0.0369,-0.4239,0.2209,-24.81,-37.37,22.56,256.71,-87.21,127.04,0.2210445066272119,-1.0958649675214136,0.16434764692329523
52.569836,-1.520928,134.11,18.23,6,117.4,21 / 21,8037114,2019-11-06 18:20:17:576,-2.9511,-2.1504,9.5844,-0.0429,-0.0278,9.8065,-0.0395,-0.0079,0.0376,-24.37,-36.62,21.75,257.49,-87.5,127.74,-2.7115863894475725,-2.368666103114363,-0.2215999876346913
52.569836,-1.520928,134.11,18.23,6,117.4,21 / 21,8037213,2019-11-06 18:20:17:675,-2.2814,-1.9655,9.7326,-0.0042,0.0117,9.8066,0.0406,-0.506,0.2335,-24.62,-36.25,22.0,252.8,-87.41,124.11,-2.0956903288955724,-2.1686636858214987,-0.07359037418496647
52.569836,-1.520928,134.11,18.23,6,117.4,21 / 21,8037314,2019-11-06 18:20:17:776,-1.4962,-2.0118,9.6015,-0.0407,-0.0488,9.8064,-0.0058,-0.2503,0.1518,-24.81,-36.44,22.81,252.13,-87.42,122.11,-1.2783920091288337,-2.0827114020170243,-0.20459801295180266
52.569836,-1.520928,134.11,18.23,6,117.4,21 / 21,8037414,2019-11-06 18:20:17:876,2.1189,3.2408,9.737,-0.018,-0.0179,9.8066,0.0428,-0.4336,0.2148,-24.19,-36.25,22.56,255.77,-87.65,124.45,1.843907744224639,3.4329879968526265,-0.07006500020836562
52.569836,-1.520928,134.11,18.23,6,117.4,21 / 21,8037514,2019-11-06 18:20:17:976,-1.0052,-0.6153,9.8846,-0.0404,-0.0439,9.8065,-0.0142,-0.4055,0.2502,-24.69,-37.12,22.88,253.35,-87.55,123.28,-0.9111586857233523,-0.6535304932190581,0.07825825109052983
52.569836,-1.520928,134.11,18.23,6,117.4,21 / 21,8037614,2019-11-06 18:20:18:076,2.172,2.3482,9.7795,-0.035,-0.0377,9.8065,-0.011,-0.1915,0.1026,-25.06,-36.94,21.75,257.54,-87.83,128.54,1.9900264878870124,2.569657431067274,-0.02742397616726576
52.569836,-1.520928,134.11,18.23,6,117.4,21 / 21,8037714,2019-11-06 18:20:18:176,-2.3553,-1.4031,9.8566,-0.0348,-0.0274,9.8065,-0.0293,-0.3899,0.2614,-24.69,-36.31,22.56,257.48,-87.9,127.03,-2.191379575295111,-1.5732412420963038,0.05048070073504011
52.569836,-1.520928,134.11,18.23,6,117.4,21 / 21,8037814,2019-11-06 18:20:18:276,0.5785,1.5475,9.8493,-0.0287,-0.0389,9.8065,-0.0275,-0.0824,0.0548,-24.87,-36.81,22.81,263.34,-88.15,132.72,0.4662323331704551,1.6334009735855095,0.04262993075697617
52.569836,-1.520928,134.11,18.23,6,117.4,21 / 23,8037913,2019-11-06 18:20:18:375,-1.7536,-1.6378,10.326,0.0002,-0.0253,9.8066,0.0647,-0.2763,0.1416,-24.69,-36.25,22.69,262.85,-87.99,132.34,-1.606093652047913,-1.7595740115716447,0.5197206255798099
52.569836,-1.520928,134.11,18.23,6,117.4,21 / 23,8038013,2019-11-06 18:20:18:475,-0.9098,-0.2679,9.3834,0.0059,-0.0277,9.8066,0.1617,0.1552,-0.1614,-24.81,-36.5,23.13,269.3,-87.88,138.94,-0.891255464389388,-0.3193409642795072,-0.4230671527418441
52.569836,-1.520928,134.11,18.23,6,117.4,21 / 23,8038113,2019-11-06 18:20:18:575,-3.2218,-1.4941,9.1394,0.0247,-0.0049,9.8066,-0.0154,-0.1969,0.1375,-24.94,-36.44,22.13,270.79,-87.81,141.82,-3.104005666831479,-1.7672874157135465,-0.6666923882410871
52.569836,-1.520928,134.11,18.23,6,117.4,21 / 23,8038214,2019-11-06 18:20:18:676,1.3297,1.7449,9.9004,-0.0417,-0.0222,9.8065,-0.2188,0.1934,-0.0971,-24.5,-36.62,22.5,277.09,-87.88,145.66,1.2117214365437377,1.8802031800353238,0.09362020084061563
52.569836,-1.520928,134.11,18.23,6,117.4,21 / 23,8038314,2019-11-06 18:20:18:776,-0.6041,0.757,8.6366,-0.0143,0.0186,9.8065,0.0291,-0.3706,0.1942,-24.69,-36.56,23.0,269.53,-87.94,139.16,-0.6522239891058127,0.6839463825947911,-1.1698657289494385
52.569836,-1.520928,134.11,18.23,6,117.4,21 / 23,8038413,2019-11-06 18:20:18:875,1.6387,3.5652,8.3328,-0.0059,-0.0353,9.8066,-0.1164,0.3119,-0.1804,-24.5,-36.5,22.31,271.46,-87.74,141.45,1.3234438639676644,3.730357322514372,-1.4742206196121876
52.569836,-1.520928,134.11,18.23,6,117.4,21 / 23,8038514,2019-11-06 18:20:18:976,-0.5329,-1.4884,10.5163,0.0048,0.0234,9.8066,0.0575,-0.242,0.0948,-25.12,-37.12,22.56,265.63,-87.55,135.68,-0.4034245581112581,-1.5529606090295984,0.7098567409802877
52.569836,-1.520928,134.11,18.23,6,117.4,21 / 23,8038614,2019-11-06 18:20:19:076,-1.5423,-0.8211,9.9742,-0.0278,-0.0235,9.8066,-0.0068,0.3217,-0.1964,-25.19,-36.69,22.31,264.77,-87.83,135.82,-1.438974447190581,-0.9269019019785059,0.16784270744119578
52.569836,-1.520928,134.11,18.23,6,117.4,21 / 23,8038713,2019-11-06 18:20:19:175,-2.0406,-2.7641,9.619,0.01,0.0108,9.8066,0.0038,-0.1506,0.1331,-25.19,-36.44,22.69,267.65,-87.82,137.34,-1.8002535447275185,-2.9435144292681787,-0.18717400830787426
52.569836,-1.520928,134.11,18.23,6,117.4,21 / 23,8038813,2019-11-06 18:20:19:275,1.0492,0.2601,10.0658,-0.0194,-0.0195,9.8065,-0.1024,0.2232,-0.1172,-24.56,-36.37,22.69,269.71,-87.85,139.37,1.0401064598234457,0.3719422323950135,0.25914501344720614
52.569836,-1.520928,134.11,18.23,6,117.4,22 / 22,8038914,2019-11-06 18:20:19:376,-0.3443,1.3577,9.3608,-0.0176,0.0239,9.8066,-0.0417,-0.1281,0.1046,-24.69,-36.69,21.88,269.07,-87.96,139.99,-0.44207788307876067,1.3001123152582148,-0.445834142934933
52.569836,-1.520928,134.11,18.23,6,117.4,22 / 22,8039014,2019-11-06 18:20:19:476,1.6162,1.841,10.0155,-0.0295,-0.0204,9.8066,-0.0087,0.2702,-0.1238,-24.81,-36.31,22.81,267.26,-88.31,136.43,1.4767444062733899,1.9981237119335664,0.2085791225148882
52.569836,-1.520928,134.11,18.23,6,117.4,22 / 22,8039113,2019-11-06 18:20:19:575,-0.5957,-0.2148,9.7956,0.0191,0.0145,9.8066,0.0137,-0.0554,0.0246,-24.25,-37.0,22.75,268.16,-88.32,136.25,-0.5924082239612466,-0.28215610163058535,-0.010906901288279182
52.569836,-1.520928,134.11,18.23,6,117.4,22 / 22,8039214,2019-11-06 18:20:19:676,-2.23,-1.4345,10.726,-0.0223,-0.0205,9.8065,-0.0332,0.3532,-0.1809,-24.75,-36.81,23.13,277.61,-88.45,146.68,-2.0755556136443882,-1.601476468287252,0.9198682276236418
52.569836,-1.520928,134.11,18.23,6,117.4,22 / 22,8039313,2019-11-06 18:20:19:775,-2.2799,-1.0646,10.3405,0.0015,0.0378,9.8065,-0.0865,0.0943,-0.0086,-24.75,-36.94,22.75,282.34,-88.38,151.46,-2.176255052886131,-1.2975365690880454,0.5343599130425226
52.569836,-1.520928,134.11,18.23,6,117.4,22 / 22,8039413,2019-11-06 18:20:19:875,-1.7279,-0.9772,9.1076,-0.0164,0.0083,9.8066,-0.1654,0.4105,-0.1511,-25.06,-35.62,22.5,279.55,-88.51,148.5,-1.6189062481651275,-1.1313598864713412,-0.6987208791323365
52.569836,-1.520928,134.11,18.23,6,117.4,22 / 22,8039513,2019-11-06 18:20:19:975,2.8242,1.3759,10.0665,0.0349,0.0244,9.8065,0.099,0.3155,-0.2036,-25.19,-36.0,22.56,279.26,-88.57,148.15,2.6605393170169336,1.5901276753097318,0.2595597403703758
52.569836,-1.520928,134.11,18.23,6,117.4,22 / 22,8039614,2019-11-06 18:20:20:076,-0.6198,0.2042,9.598,0.0369,0.0219,9.8065,0.0305,-0.3123,0.1804,-25.44,-36.06,22.5,276.62,-88.33,145.77,-0.6701458273740902,0.12419331405326253,-0.20842509637172657
52.569836,-1.520928,134.11,18.23,6,117.4,22 / 22,8039714,2019-11-06 18:20:20:176,0.2313,1.6627,9.3966,0.0029,0.0281,9.8066,-0.0586,-0.1542,0.0409,-24.87,-36.19,21.56,272.32,-88.4,142.7,0.08461286122914208,1.648278807217255,-0.4101235879501228
52.569836,-1.520928,134.11,18.23,6,117.4,22 / 22,8039814,2019-11-06 18:20:20:276,-3.1797,-2.0496,10.5942,0.0101,0.0391,9.8066,0.1351,-0.4075,0.1865,-25.0,-36.25,22.31,271.67,-88.51,141.94,-2.994945943581826,-2.35943807643012,0.7881346639467789
52.569836,-1.520928,134.11,18.23,6,117.4,22 / 22,8039914,2019-11-06 18:20:20:376,0.4116,0.2939,9.3032,0.0002,-0.0018,9.8066,0.0317,0.0239,-0.0248,-25.31,-36.37,22.19,281.6,-88.34,152.02,0.3839192386235687,0.33048981690278467,-0.5034704650108708
52.569836,-1.520928,134.11,18.23,6,117.4,22 / 22,8040015,2019-11-06 18:20:20:477,1.3997,-1.3895,9.994,0.0177,0.0266,9.8066,0.0537,-0.3013,0.156,-25.56,-36.37,22.69,285.25,-88.28,155.48,1.5005004214370585,-1.2898831481839534,0.1873016799130831
52.569836,-1.520928,134.11,18.23,6,117.4,22 / 22,8040114,2019-11-06 18:20:20:576,1.1732,2.5299,10.2554,-0.0262,-0.011,9.8066,-0.014,0.2967,-0.1612,-25.44,-36.87,22.69,295.36,-88.38,164.35,0.9727945898632634,2.6360339041337992,0.44849810723110994
52.569836,-1.520928,134.11,18.23,6,117.4,22 / 22,8040213,2019-11-06 18:20:20:675,-2.0845,-0.7525,9.2496,0.0147,0.0252,9.8065,-0.0974,-0.133,0.0846,-24.81,-36.62,22.69,289.98,-88.43,158.98,-2.0232664574282206,-0.9582298250259931,-0.5565824149903704
52.569836,-1.520928,134.11,18.23,6,117.4,22 / 22,8040313,2019-11-06 18:20:20:775,-0.4455,-1.9421,10.904,0.0227,-0.0391,9.8065,-0.0905,0.2608,-0.0812,-25.19,-36.31,22.81,289.62,-88.43,158.59,-0.29995181514500385,-1.936562828146802,1.0976701741558248
52.569836,-1.520928,134.11,18.23,6,117.4,22 / 22,8040413,2019-11-06 18:20:20:875,-0.628,-1.925,10.5702,0.013,0.0065,9.8066,0.1045,-0.0431,-0.0285,-25.06,-36.44,23.25,293.0,-88.18,162.17,-0.46964127735565225,-1.9800791851186825,0.7637942794126483
52.569836,-1.520928,134.11,18.23,6,117.4,22 / 22,8040513,2019-11-06 18:20:20:975,-0.2592,-0.696,8.8409,-0.0389,-0.0034,9.8065,0.0369,0.2066,-0.1797,-25.31,-35.5,23.56,294.24,-88.13,162.14,-0.15904478331975183,-0.7092698820479431,-0.9655315641233437
52.569836,-1.520928,134.11,18.23,6,117.4,22 / 22,8040613,2019-11-06 18:20:21:075,0.5983,0.4862,9.4929,0.0026,0.0179,9.8065,-0.0616,0.0435,-0.0282,-25.12,-35.75,22.81,288.95,-88.29,158.05,0.5524525872107784,0.5185499637617341,-0.31370434164483785
52.569836,-1.520928,134.11,18.23,6,117.4,22 / 22,8040714,2019-11-06 18:20:21:176,1.1047,0.2741,9.4842,0.0179,-0.0045,9.8066,-0.0221,0.0739,-0.0658,-24.69,-35.81,22.31,280.82,-88.22,151.36,1.0582518008914195,0.3724968201539008,-0.3225572893073422
52.569836,-1.520928,134.11,18.23,6,117.4,22 / 22,8040813,2019-11-06 18:20:21:275,-0.3033,-0.0536,9.1614,0.0208,0.0116,9.8066,-0.063,0.0044,0.0277,-25.19,-35.87,22.31,277.0,-88.13,147.67,-0.3172417127760165,-0.09332071141223951,-0.6451541137561256
52.569836,-1.520928,134.11,18.23,6,117.4,21 / 22,8040914,2019-11-06 18:20:21:376,-0.5105,-0.2347,10.3347,-0.0077,-0.0117,9.8066,-0.0403,0.1021,-0.0345,-25.12,-36.25,22.44,274.6,-88.14,145.26,-0.48132030590509045,-0.26605456752889867,0.5281781709048956
52.569836,-1.520928,134.11,18.23,6,117.4,21 / 22,8041013,2019-11-06 18:20:21:475,0.4771,-0.4572,10.4682,-0.0051,-0.0032,9.8066,0.0146,0.0668,0.0047,-25.12,-36.56,22.06,278.49,-88.24,149.08,0.5201162326742779,-0.4100736419383636,0.6615633852444702
52.569836,-1.520928,134.11,18.23,6,117.4,21 / 22,8041113,2019-11-06 18:20:21:575,-1.7468,0.0708,9.8434,-0.0057,-0.024,9.8066,0.0483,0.0435,-0.007,-24.75,-36.25,23.13,288.34,-88.26,157.49,-1.7427183235121806,-0.05773030019555992,0.03702090401685507
52.569836,-1.520928,134.11,18.23,6,117.4,21 / 22,8041214,2019-11-06 18:20:21:676,0.8104,0.2154,10.4641,-0.0115,-0.0128,9.8066,0.0178,0.0914,-0.0656,-24.5,-36.62,23.38,293.32,-88.14,161.45,0.7988923528523901,0.29920494535411724,0.6573800340971826
52.569836,-1.520928,134.11,18.23,6,117.4,21 / 22,8041314,2019-11-06 18:20:21:776,-0.5458,-1.1912,9.9057,0.003,-0.0139,9.8066,0.0045,-0.0485,0.0674,-25.0,-36.12,23.13,294.96,-88.05,164.23,-0.4437929975310607,-1.2207526126111496,0.09923897493146938
52.569836,-1.520928,134.11,18.23,6,117.4,21 / 22,8041414,2019-11-06 18:20:21:876,0.5936,-0.2099,9.7543,-0.0133,-0.0109,9.8066,-0.0212,0.0504,-0.0297,-25.19,-36.12,23.63,302.28,-88.03,170.19,0.6219634865853045,-0.14519975794126824,-0.05236746746262114
52.569836,-1.520928,134.11,18.23,6,117.4,21 / 22,8041514,2019-11-06 18:20:21:976,0.9048,0.9927,9.2809,0.0149,0.01,9.8066,0.0058,-0.1675,0.0545,-24.56,-35.87,22.69,301.18,-88.06,170.34,0.8005424459840504,1.056679742619923,-0.5258721362789304
52.569836,-1.520928,134.11,18.23,6,117.4,21 / 22,8041613,2019-11-06 18:20:22:075,1.3886,0.0723,9.2101,-0.0039,0.0111,9.8066,-0.0135,-0.1084,0.1245,-25.25,-36.19,23.19,299.98,-88.08,169.15,1.3817483882821395,0.18262773840464963,-0.5966845403099628
52.569836,-1.520928,134.11,18.23,6,117.4,21 / 22,8041714,2019-11-06 18:20:22:176,0.368,0.9677,9.0924,-0.0132,0.0106,9.8066,-0.1004,-0.0357,0.0228,-25.0,-36.31,22.63,305.33,-88.38,174.13,0.2960029843081647,0.9867050018624245,-0.7143045307012503
52.569836,-1.520928,134.11,18.23,6,117.4,21 / 22,8041814,2019-11-06 18:20:22:276,-0.0198,-0.6969,11.2238,-0.0193,0.029,9.8066,0.1887,-0.1663,0.082,-24.81,-36.06,23.06,306.86,-88.57,175.47,0.0631211346150883,-0.723068769165694,1.417241749816211
52.569836,-1.520928,134.11,18.23,6,117.4,22 / 23,8041914,2019-11-06 18:20:22:376,1.3485,0.2857,10.8923,0.0028,-0.0035,9.8066,0.0955,0.059,-0.0958,-24.87,-36.25,23.13,310.0,-88.17,178.89,1.315409954039005,0.40578038680387396,1.0855084294930208
52.569836,-1.520928,134.11,18.23,6,117.4,22 / 23,8042014,2019-11-06 18:20:22:476,-0.3283,-2.0449,10.2269,0.0323,0.006,9.8066,-0.0202,-0.1277,0.0856,-24.75,-35.81,22.44,304.05,-87.89,174.61,-0.17992157513252793,-2.074539209660201,0.4204646886294486
52.569836,-1.520928,134.11,18.23,6,117.4,22 / 23,8042114,2019-11-06 18:20:22:576,0.3084,-1.0465,9.4608,0.0051,0.0064,9.8066,-0.0244,0.1836,-0.0517,-25.12,-36.56,22.31,303.69,-87.93,174.27,0.39411855541302476,-1.0223866326983186,-0.34577894319773617
52.569836,-1.520928,134.11,18.23,6,117.4,22 / 23,8042213,2019-11-06 18:20:22:675,0.4339,-1.247,9.0874,-0.0236,0.0098,9.8066,0.0176,0.1415,-0.0926,-25.19,-36.12,22.44,300.93,-88.12,171.35,0.5655026280921105,-1.2120551034758542,-0.7191872730791693
52.569836,-1.520928,134.11,18.23,6,117.4,22 / 23,8042313,2019-11-06 18:20:22:775,-1.0237,-1.0852,8.7228,-0.0546,-0.0107,9.8064,0.1131,0.1589,-0.1522,-25.19,-35.81,23.44,308.22,-88.43,176.93,-0.8716165029848925,-1.1551608235309114,-1.083412277715079
52.569836,-1.520928,134.11,18.23,6,117.4,22 / 23,8042413,2019-11-06 18:20:22:875,1.1507,-0.1217,9.8555,0.0006,-0.0114,9.8066,-0.0641,-0.058,-0.0104,-25.44,-35.87,22.63,305.29,-88.3,174.16,1.1553451975188351,-0.009357204431891336,0.04875681793743306
52.569836,-1.520928,134.11,18.23,6,117.4,22 / 23,8042513,2019-11-06 18:20:22:975,0.1197,0.0922,9.5672,0.006,-0.001,9.8066,-0.1086,0.1103,0.076,-25.19,-36.25,23.13,306.41,-88.45,175.12,0.1050895434395316,0.10276418550746548,-0.2394201328975029
52.569836,-1.520928,134.11,18.23,6,117.4,22 / 23,8042613,2019-11-06 18:20:23:075,1.5231,0.6382,9.5716,0.0045,-0.0122,9.8066,-0.1192,0.1577,-0.0519,-25.62,-35.94,22.81,311.54,-88.54,-178.81,1.4559154732966981,0.780618889761556,-0.23523478391319277
52.569836,-1.520928,134.11,18.23,6,117.4,22 / 23,8042713,2019-11-06 18:20:23:175,0.4539,-0.8707,10.2501,0.012,-0.0019,9.8066,-0.0983,-0.0048,0.105,-25.75,-35.75,22.38,313.45,-88.73,-175.8,0.5161963228822121,-0.8268234992301489,0.4434924546863176
52.569836,-1.520928,134.11,18.23,6,117.4,22 / 23,8042813,2019-11-06 18:20:23:275,0.5694,0.8561,10.6271,-0.0485,-0.0247,9.8065,0.0034,0.1112,-0.1019,-25.62,-36.06,22.44,322.34,-88.84,-167.15,0.5386568174922984,0.931489536484979,0.8204690648574564
52.569836,-1.520928,134.11,18.23,6,117.4,21 / 22,8042914,2019-11-06 18:20:23:376,-0.0423,-0.5692,9.9267,-0.0116,0.0059,9.8065,0.1167,-0.0299,0.0223,-26.12,-36.25,22.44,323.8,-88.89,-165.74,0.019695498440810245,-0.5755742218250903,0.12023702637544759
52.569836,-1.520928,134.11,18.23,6,117.4,21 / 22,8043014,2019-11-06 18:20:23:476,-0.1639,-0.2564,9.804,0.0263,-0.0086,9.8066,-0.149,-0.1087,0.0755,-25.81,-36.69,21.81,318.7,-88.7,-170.59,-0.16781507695130016,-0.26347520002876773,-0.002561038389019589
52.569836,-1.520928,134.11,18.23,6,117.4,21 / 22,8043114,2019-11-06 18:20:23:576,0.872,-0.4006,9.5355,0.0397,0.0027,9.8065,-0.1358,-0.0737,0.1377,-25.69,-36.25,21.94,321.25,-88.74,-168.15,0.8643293224590323,-0.32903329260611686,-0.27108503222104946
52.569836,-1.520928,134.11,18.23,6,117.4,21 / 22,8043214,2019-11-06 18:20:23:676,1.4539,-0.5387,10.2921,0.0063,0.0158,9.8066,-0.0753,0.0204,0.0166,-26.31,-36.12,21.44,321.77,-88.87,-166.4,1.4905836865089988,-0.4258263387674571,0.48534365425453585
52.569836,-1.520928,134.11,18.23,6,117.4,21 / 22,8043313,2019-11-06 18:20:23:775,4.0342,0.8508,9.8917,0.0526,0.0134,9.8064,-0.222,-0.0785,0.1797,-25.69,-35.94,22.0,305.82,-88.87,176.55,3.893186838143122,1.1821885453257361,0.0847342705744546
52.569836,-1.520928,134.11,18.23,6,117.4,21 / 22,8043414,2019-11-06 18:20:23:876,0.0161,-1.4912,11.0953,-0.0581,0.0351,9.8064,0.1479,-0.3477,0.1654,-25.94,-35.81,22.31,322.02,-89.25,-167.72,0.20747332703279,-1.5138860677815231,1.2889780185662372
52.569836,-1.520928,134.11,18.23,6,117.4,21 / 22,8043514,2019-11-06 18:20:23:976,2.0842,3.3852,10.1942,0.0158,-0.0047,9.8066,0.0745,0.0229,-0.0273,-26.75,-36.5,22.44,335.64,-89.06,-153.13,1.7642600572135498,3.55773048675935,0.38713636370654536
52.569836,-1.520928,134.11,18.23,6,117.4,21 / 22,8043614,2019-11-06 18:20:24:076,-0.6577,-2.0488,10.0502,0.0383,0.0497,9.8064,0.0034,-0.4432,0.3167,-27.0,-35.69,23.13,330.34,-88.94,-159.55,-0.509899919803593,-2.1512827289599508,0.2440110281583972
52.569836,-1.520928,134.11,18.23,6,117.4,21 / 22,8043714,2019-11-06 18:20:24:176,2.3596,1.8694,9.4749,0.0216,0.0142,9.8066,-0.0681,0.2118,-0.0387,-27.5,-35.31,22.38,340.36,-88.83,-148.41,2.166869822703854,2.0524165526232148,-0.33211051771000694
52.569836,-1.520928,134.11,18.23,6,117.4,21 / 22,8043813,2019-11-06 18:20:24:275,-1.4837,-1.9281,10.2556,0.0242,0.0447,9.8065,0.0421,-0.2671,0.0707,-26.25,-36.06,22.63,327.36,-88.99,-163.56,-1.329653572743899,-2.0970087428463957,0.4494093556159738
