GPS LATITUDE (degrees),GPS LONGITUDE (degrees),GPS ALTITUDE (m),GPS SPEED (Kmh),GPS ACCURACY (m),GPS ORIENTATION (Â°),GPS SATELLITES IN RANGE,TIME SINCE START (ms),DATE (YYYY-MO-DD HH-MI-SS_SSS),ACCELEROMETER X (m/s²),ACCELEROMETER Y (m/s²),ACCELEROMETER Z (m/s²),GRAVITY X (m/s²),GRAVITY Y (m/s²),GRAVITY Z (m/s²),GYROSCOPE Yaw (rad/s),GYROSCOPE Pitch (rad/s),GYROSCOPE Roll (rad/s),MAGNETIC FIELD X (Î¼T),MAGNETIC FIELD Y (Î¼T),MAGNETIC FIELD Z (Î¼T),ORIENTATION (Yaw) (Â°),ORIENTATION (Pitch) (Â°),ORIENTATION (Roll ) (Â°),accel_lateral,accel_forward,accel_vertical
52.562946,-1.49791,135.3,21.84,3,116.47,25 / 25,602409,2020-01-08 17:42:16:002,0.6469,0.3656,10.9911,-0.015,-0.0003,9.8065,0.152,0.0113,-0.0307,-18.19,-34.06,15.75,327.85,-82.96,-158.3,-0.37626543481260993,0.6564459384366934,1.1843878724789636
52.562946,-1.49791,135.3,21.84,3,116.47,25 / 25,602510,2020-01-08 17:42:16:103,-0.4159,0.8213,9.3381,0.0002,0.0125,9.8066,0.0745,-0.0081,0.0661,-18.06,-33.81,15.94,327.69,-82.78,-158.28,-0.8022527237013116,-0.42837290707439035,-0.46869619136329854
52.562946,-1.49791,135.3,21.84,3,116.47,25 / 25,602610,2020-01-08 17:42:16:203,0.0688,0.5204,9.5944,-0.0311,-0.0145,9.8065,0.0602,0.1461,-0.1837,-17.62,-34.12,16.19,327.62,-82.71,-158.29,-0.5362845154939566,0.09175395058187716,-0.21228415153758068
52.562946,-1.49791,135.3,21.84,3,116.47,25 / 25,602710,2020-01-08 17:42:16:303,-0.0988,-1.1957,9.5708,-0.0326,0.0,9.8066,0.0708,0.0749,-0.0258,-17.81,-33.31,15.31,325.7,-82.84,-158.2,1.196641047012017,-0.048108121986339236,-0.2354110940566125
52.562946,-1.49791,135.3,21.84,3,116.47,25 / 25,602810,2020-01-08 17:42:16:403,0.2535,-0.4933,11.0718,-0.0072,-0.0058,9.8066,0.0758,0.0847,-0.0174,-18.0,-33.25,15.69,327.62,-82.81,-158.52,0.48308980512918703,0.26823407998217497,1.265316758174158
52.562946,-1.49791,135.3,21.84,3,116.47,25 / 25,602909,2020-01-08 17:42:16:502,-0.0897,-0.1818,10.1895,-0.0153,0.0086,9.8065,0.109,0.0751,-0.0306,-18.31,-33.75,15.75,326.73,-82.73,-159.05,0.19138312345669042,-0.07145280862641669,0.38307116335657343
52.562946,-1.49791,135.3,21.84,3,116.47,25 / 25,603010,2020-01-08 17:42:16:603,1.1343,1.0111,9.9621,-0.0116,-0.0099,9.8065,0.0506,0.1198,-0.1346,-17.44,-33.81,16.5,329.69,-82.68,-159.87,-1.038295143364061,1.1303199864125506,0.15510994030988431
52.562946,-1.49791,135.3,21.84,3,116.47,25 / 25,603109,2020-01-08 17:42:16:702,1.1348,0.2915,8.961,0.0032,0.0169,9.8066,0.0706,-0.018,0.0631,-18.12,-33.44,15.31,322.22,-82.69,-161.04,-0.2914444360653556,1.1271907736894275,-0.8458511573533342
52.562946,-1.49791,135.3,21.84,3,116.47,25 / 25,603210,2020-01-08 17:42:16:803,0.0195,-0.2272,9.1474,-0.0129,-0.0041,9.8065,-0.0595,-0.0832,-0.0068,-17.94,-33.75,15.63,324.61,-82.74,-160.86,0.22279395056059345,0.03568430568200833,-0.6590338882952814
52.562946,-1.49791,135.3,21.84,3,116.47,25 / 25,603310,2020-01-08 17:42:16:903,-1.9813,-0.4023,8.1592,-0.0118,0.0294,9.8065,0.0563,-0.173,0.3222,-18.87,-33.62,15.63,324.79,-82.76,-159.37,0.46201844530612535,-1.9629636756481417,-1.6468773464599138
52.562946,-1.49791,135.3,21.84,3,116.47,25 / 25,603409,2020-01-08 17:42:17:002,0.5043,-1.0318,10.9868,-0.0496,-0.0325,9.8064,0.0925,0.1291,-0.1965,-18.56,-33.0,14.94,325.65,-82.77,-156.85,0.990415533049477,0.5691433612080347,1.180636593659176
52.562946,-1.49791,135.3,21.84,3,116.47,25 / 25,603510,2020-01-08 17:42:17:103,-1.0728,-0.0837,11.1267,-0.0404,0.0019,9.8065,0.1973,-0.1134,-0.0673,-18.06,-33.75,15.13,326.96,-82.86,-156.98,0.10081148655365282,-1.0307993684319765,1.3203767894881673
52.562946,-1.49791,135.3,21.84,3,116.47,25 / 25,603610,2020-01-08 17:42:17:203,1.3062,1.7545,10.5496,0.004,-0.0052,9.8066,0.0546,0.2952,0.0128,-18.37,-32.87,15.0,325.45,-82.65,-158.25,-1.7794661662835844,1.2754915546423684,0.7422529131556159
52.562946,-1.49791,135.3,21.84,3,116.47,25 / 25,603709,2020-01-08 17:42:17:302,-0.7144,-0.4588,8.8667,-0.02,0.0138,9.8065,0.1861,0.0253,-0.0073,-18.44,-33.31,15.5,327.92,-82.37,-157.92,0.48336743861179593,-0.6872911611164837,-0.93954932767845
52.562946,-1.49791,135.3,21.84,3,116.47,25 / 25,603810,2020-01-08 17:42:17:403,0.425,-0.6237,9.4888,-0.0289,-0.017,9.8065,0.0875,0.0974,-0.124,-17.87,-33.5,15.81,327.48,-82.5,-158.4,0.5998542797553303,0.4629961119300517,-0.31757335120703856
52.562946,-1.49791,135.3,21.84,3,116.47,25 / 25,603910,2020-01-08 17:42:17:503,-1.7683,-0.4174,8.7817,-0.0326,0.0488,9.8064,0.2421,0.0216,0.0526,-18.12,-34.06,15.75,325.31,-82.79,-160.31,0.4927730964663119,-1.7285804862099285,-1.0243003456473347
52.562946,-1.49791,135.3,21.84,3,116.47,25 / 25,604010,2020-01-08 17:42:17:603,-0.1784,0.8357,10.8734,-0.0245,-0.006,9.8066,-0.0093,0.246,-0.2286,-17.37,-33.37,15.06,324.39,-82.76,-160.67,-0.8396121417439707,-0.16648627231939087,1.0665552552799586
52.562946,-1.49791,135.3,21.84,3,116.47,25 / 25,604110,2020-01-08 17:42:17:703,2.051,-0.0983,12.6722,-0.0219,-0.0002,9.8066,0.2713,0.0591,-0.1971,-17.75,-33.56,15.63,322.12,-82.9,-163.13,0.06576489450498005,2.074550172723736,2.865330336890089
52.562946,-1.49791,135.3,21.84,3,116.47,25 / 25,604209,2020-01-08 17:42:17:802,1.2236,3.4625,10.5684,0.0011,-0.043,9.8066,0.1356,0.4915,-0.1377,-17.81,-33.75,15.75,322.52,-82.69,-162.59,-3.52386404937208,1.1693508487996755,0.760510679711002
52.562946,-1.49791,135.3,21.84,3,116.47,25 / 25,604311,2020-01-08 17:42:17:904,-0.1695,-3.9475,11.8133,-0.0367,-0.0612,9.8063,-0.0547,0.2198,-0.2649,-17.62,-34.0,15.44,324.16,-82.48,-159.01,3.8872248663678572,-0.07361787513634219,2.008251920639392
52.562946,-1.49791,135.3,21.84,3,116.47,25 / 25,604410,2020-01-08 17:42:18:003,2.8672,0.3168,8.373,0.0125,-0.0346,9.8065,-0.0983,0.4606,-0.0551,-18.25,-34.0,15.19,323.8,-82.6,-159.42,-0.3941563172585551,2.848846846326259,-1.4340253637025056
52.562946,-1.49791,135.3,21.84,3,116.47,25 / 25,604510,2020-01-08 17:42:18:103,-0.9107,-0.7212,10.2093,-0.0195,-0.0063,9.8066,-0.0043,0.0765,-0.1191,-17.94,-33.56,15.69,326.32,-82.65,-159.33,0.7281927706176318,-0.8802090076044484,0.4030559908402432
52.562946,-1.49791,135.3,21.84,3,116.47,25 / 25,604609,2020-01-08 17:42:18:202,1.2573,2.0717,10.0859,-0.0003,-0.0235,9.8066,0.0822,0.3032,-0.2114,-18.25,-33.44,15.5,326.5,-82.73,-159.41,-2.114103760129618,1.2257481458172415,0.2784529842386396
52.562946,-1.49791,135.3,21.84,3,116.47,25 / 25,604710,2020-01-08 17:42:18:303,-0.8746,-1.5844,8.9899,-0.0298,-0.0134,9.8065,0.0636,0.0863,-0.052,-18.37,-33.31,15.56,323.94,-82.61,-161.49,1.5838808061636462,-0.8210135831278655,-0.815979097885443
52.562946,-1.49791,135.3,21.84,3,116.47,25 / 25,604810,2020-01-08 17:42:18:403,0.6974,1.265,9.8236,-0.0399,-0.026,9.8065,0.0884,0.1691,-0.1641,-18.06,-33.81,15.44,323.4,-82.61,-159.76,-1.3020287815857101,0.7176564203073483,0.016583555531716056
52.562946,-1.49791,135.3,21.84,3,116.47,25 / 25,604910,2020-01-08 17:42:18:503,-1.3995,-0.5878,8.6427,-0.0089,0.0101,9.8066,0.0014,-0.0689,0.0839,-18.12,-33.31,15.31,323.05,-82.65,-160.29,0.6192734623339134,-1.3815440937141539,-1.1635086058867397
52.562946,-1.49791,135.3,21.84,3,116.47,25 / 25,605010,2020-01-08 17:42:18:603,-1.0132,-0.2809,10.1559,-0.0481,0.0069,9.8065,0.1293,0.1582,-0.123,-17.69,-33.25,15.88,326.13,-82.67,-159.68,0.3022785804552443,-0.960579446640498,0.3496312292827942
52.562946,-1.49791,135.3,21.84,3,116.47,25 / 25,605110,2020-01-08 17:42:18:703,-3.4602,-1.8969,9.0808,0.0217,0.0087,9.8065,-0.0505,-0.1264,0.1704,-17.69,-33.62,15.44,322.38,-82.63,-160.64,1.9583707625644617,-3.4527281921988053,-0.7245905375646693
52.562946,-1.49791,135.3,21.84,3,116.47,25 / 25,605210,2020-01-08 17:42:18:803,3.3753,1.8807,11.5381,-0.0807,-0.0339,9.8062,0.2691,0.4054,-0.2337,-17.69,-33.12,15.88,326.48,-82.54,-159.28,-1.967298645246023,3.426835861011112,1.7307913774055486
52.562946,-1.49791,135.3,21.84,3,116.47,24 / 24,605310,2020-01-08 17:42:18:903,-0.9822,-0.4643,8.9338,-0.0452,-0.0117,9.8065,0.0807,-0.1388,-0.0097,-18.12,-33.56,15.06,321.58,-82.38,-161.09,0.4670241879027577,-0.9301569428545836,-0.8724204947003392
52.562946,-1.49791,135.3,21.84,3,116.47,24 / 24,605410,2020-01-08 17:42:19:003,2.538,1.94,10.4041,0.0328,-0.0127,9.8065,0.2835,0.3207,-0.1583,-17.37,-32.94,15.69,327.46,-82.34,-159.74,-1.9906254544699473,2.475408704590489,0.5966172435104056
52.562946,-1.49791,135.3,21.84,3,116.47,24 / 24,605510,2020-01-08 17:42:19:103,-3.6168,-2.5125,9.2339,0.0564,0.0103,9.8065,0.2057,-0.1488,0.2159,-18.62,-32.87,16.19,322.76,-82.3,-160.89,2.5783495644564285,-3.634632904980156,-0.5712670211931202
52.562946,-1.49791,135.3,21.84,3,116.47,24 / 24,605609,2020-01-08 17:42:19:202,-0.1206,0.5566,11.3801,0.047,-0.0074,9.8065,-0.0869,0.1231,-0.0006,-18.44,-33.56,15.31,323.02,-82.41,-159.91,-0.5618983112998572,-0.17590591764158456,1.5734453012091152
52.562946,-1.49791,135.3,21.84,3,116.47,24 / 24,605710,2020-01-08 17:42:19:303,-1.2472,-0.8571,9.0167,0.0567,0.0188,9.8064,-0.1809,-0.1687,0.1191,-18.37,-32.94,15.63,323.39,-82.25,-161.64,0.8958083435549553,-1.2905893100675319,-0.7892330165146025
52.562946,-1.49791,135.3,21.84,3,116.47,24 / 24,605810,2020-01-08 17:42:19:403,0.9709,1.7964,9.1996,-0.0117,-0.0064,9.8066,-0.0464,0.1758,-0.2018,-17.62,-33.62,15.63,323.26,-82.38,-161.68,-1.8172874731561466,0.9550859303438949,-0.6077143289152264
52.562946,-1.49791,135.3,21.84,3,116.47,24 / 24,605909,2020-01-08 17:42:19:502,0.6642,0.9047,10.1868,-0.0077,0.0407,9.8065,0.1225,-0.0836,0.0623,-18.31,-33.69,14.75,320.69,-82.58,-162.04,-0.8742028762038522,0.6587847833874239,0.3799284674963138
52.562946,-1.49791,135.3,21.84,3,116.47,24 / 24,606010,2020-01-08 17:42:19:603,-0.1424,0.8674,9.0188,-0.0182,0.0006,9.8065,0.0168,0.2256,-0.0591,-18.19,-33.94,15.25,320.14,-82.5,-162.43,-0.8645669956363858,-0.13742999033060485,-0.7879569009876125
52.562946,-1.49791,135.3,21.84,3,116.47,24 / 24,606110,2020-01-08 17:42:19:703,0.1311,0.634,10.7665,-0.0349,-0.0069,9.8065,0.1227,0.0044,-0.1226,-18.06,-33.44,15.38,321.26,-82.52,-161.7,-0.6436482285576874,0.15640456402760278,0.959772566927128
52.562946,-1.49791,135.3,21.84,3,116.47,24 / 24,606210,2020-01-08 17:42:19:803,-0.6535,-0.4518,9.4586,-0.0081,-0.0153,9.8065,-0.0669,0.1891,0.0241,-18.56,-33.94,15.56,321.34,-82.39,-161.99,0.4463400979199319,-0.6387607953993717,-0.3476679209383388
52.562946,-1.49791,135.3,21.84,3,116.47,25 / 25,606309,2020-01-08 17:42:19:902,-0.2526,2.0275,9.3042,-0.0319,-0.0142,9.8066,-0.0246,0.1518,-0.1059,-18.62,-33.81,15.63,323.4,-82.44,-160.28,-2.037961005373817,-0.25168108611395973,-0.5030156175192172
52.562946,-1.49791,135.3,21.84,3,116.47,25 / 25,606409,2020-01-08 17:42:20:002,-0.7355,-1.4642,9.3898,0.008,-0.0138,9.8065,-0.0375,0.0538,0.0593,-18.69,-33.44,15.25,322.22,-82.5,-159.55,1.4616320388991089,-0.7214964896143862,-0.41613206838424793
52.562946,-1.49791,135.3,21.84,3,116.47,25 / 25,606510,2020-01-08 17:42:20:103,1.3887,1.2025,10.0651,-0.0167,-0.0183,9.8065,0.0321,0.1977,-0.1899,-18.44,-33.37,16.06,326.67,-82.36,-158.97,-1.2420370434860997,1.3867772490077848,0.25800892279669124
52.562946,-1.49791,135.3,21.84,3,116.47,25 / 25,606610,2020-01-08 17:42:20:203,-0.62,-0.8977,8.8237,-0.0169,0.0004,9.8066,0.1599,0.1282,-0.1667,-17.87,-33.44,15.75,324.35,-82.42,-160.99,0.9074489548568737,-0.589560477849143,-0.9825275911074742
52.562946,-1.49791,135.3,21.84,3,116.47,25 / 25,606710,2020-01-08 17:42:20:303,-1.0522,0.4486,8.8025,-0.0014,-0.0134,9.8066,-0.1245,0.1013,0.0162,-17.87,-33.75,15.44,320.7,-82.46,-161.91,-0.4457045040295259,-1.0578203865693232,-1.004094106568762
52.562946,-1.49791,135.3,21.84,3,116.47,25 / 25,606810,2020-01-08 17:42:20:403,-0.8603,-0.0024,10.9264,0.0035,-0.0042,9.8066,0.1012,0.016,0.0733,-17.81,-33.69,15.31,322.97,-82.56,-160.09,0.010930894790873833,-0.863571111585825,1.119924627273413
52.562946,-1.49791,135.3,21.84,3,116.47,25 / 25,606910,2020-01-08 17:42:20:503,0.9669,0.2232,10.7805,0.0076,-0.0242,9.8066,0.0798,0.061,-0.102,-18.19,-33.12,15.56,325.65,-82.32,-159.79,-0.2622179659142925,0.9555777760196533,0.9736823467276712
52.562946,-1.49791,135.3,21.84,3,116.47,25 / 25,607010,2020-01-08 17:42:20:603,-0.1762,1.7803,8.6562,-0.0433,-0.0031,9.8065,-0.0197,0.0706,-0.1548,-18.19,-33.31,15.31,321.71,-82.28,-161.09,-1.7808140969214759,-0.16006821765025656,-1.150846374588728
52.562946,-1.49791,135.3,21.84,3,116.47,25 / 25,607110,2020-01-08 17:42:20:703,-0.2649,-0.4102,9.6522,-0.0211,0.032,9.8065,0.0634,0.034,0.0591,-17.94,-33.69,15.56,325.28,-82.61,-160.18,0.44589255759772545,-0.23709339421088593,-0.15412436374733357
52.562946,-1.49791,135.3,21.84,3,116.47,25 / 25,607209,2020-01-08 17:42:20:802,1.1418,0.7491,9.7535,0.0002,0.0143,9.8066,0.0081,-0.0754,0.076,-18.5,-33.31,15.13,323.28,-82.63,-160.08,-0.7519962062859843,1.1303277451961624,-0.05349863709709621
52.562946,-1.49791,135.3,21.84,3,116.47,25 / 25,607310,2020-01-08 17:42:20:903,-0.0918,0.089,9.3407,0.02,-0.0101,9.8065,0.04,-0.103,-0.0105,-17.87,-33.25,15.56,325.79,-82.6,-159.91,-0.09724585724314991,-0.11335403763359389,-0.4658151944722354
52.562946,-1.49791,135.3,21.84,3,116.47,25 / 25,607410,2020-01-08 17:42:21:003,1.4835,1.0862,9.4764,0.0037,-0.0041,9.8066,-0.0878,-0.0536,0.0084,-18.12,-34.12,15.75,324.83,-82.52,-160.48,-1.1124912950548498,1.4630635062910398,-0.33076043443336983
52.562946,-1.49791,135.3,21.84,3,116.47,25 / 25,607509,2020-01-08 17:42:21:102,-0.3011,-1.3699,10.2433,0.0013,0.0227,9.8065,0.0083,-0.0733,0.1114,-18.62,-33.44,15.81,323.94,-82.59,-160.13,1.3968825316248785,-0.28120326562463294,0.4372855774471785
52.562946,-1.49791,135.3,21.84,3,116.47,25 / 25,607610,2020-01-08 17:42:21:203,-1.1018,0.3972,10.3973,0.0057,0.0193,9.8066,-0.0023,-0.1993,0.0664,-18.19,-33.56,14.69,323.15,-82.74,-160.11,-0.36126438010793244,-1.113016004881553,0.5907406965350687
52.562946,-1.49791,135.3,21.84,3,116.47,25 / 25,607709,2020-01-08 17:42:21:302,-1.0247,-0.2569,8.9066,0.0265,0.0031,9.8065,-0.0877,-0.0562,0.0922,-18.19,-33.94,15.69,325.44,-82.75,-160.17,0.2761853566323427,-1.0472659345144533,-0.8996650272114813
52.562946,-1.49791,135.3,21.84,3,116.47,25 / 25,607810,2020-01-08 17:42:21:403,0.3373,0.7537,10.5895,0.0103,0.0056,9.8066,-0.0249,-0.0842,-0.0425,-18.25,-34.06,15.31,323.85,-82.82,-159.59,-0.7532188322855926,0.3157369488833648,0.7826152246156163
52.562946,-1.49791,135.3,21.84,3,116.47,25 / 25,607910,2020-01-08 17:42:21:503,-0.461,-0.0275,9.6753,0.0392,0.0143,9.8065,-0.0998,-0.0664,0.1688,-18.0,-33.69,15.69,324.35,-82.81,-161.15,0.04941614612078551,-0.49952760931849455,-0.1311141946210192
52.562946,-1.49791,135.3,21.84,3,116.47,25 / 25,608011,2020-01-08 17:42:21:604,1.2178,1.0796,10.7293,0.0194,0.0005,9.8065,-0.0397,-0.118,0.0176,-18.5,-33.62,15.88,324.47,-82.74,-160.98,-1.097428975688316,1.1820411807917228,0.9222838501417033
52.562946,-1.49791,135.3,21.84,3,116.47,25 / 25,608110,2020-01-08 17:42:21:703,-1.0524,-0.4438,9.3714,0.0371,0.0106,9.8065,-0.0878,-0.1781,0.2044,-18.56,-33.94,15.5,322.81,-82.82,-161.12,0.4709949076632246,-1.0825508115229443,-0.43479783512147996
52.562946,-1.49791,135.3,21.84,3,116.47,25 / 25,608209,2020-01-08 17:42:21:802,0.9133,1.3591,9.9038,0.0139,-0.0093,9.8066,-0.028,0.0283,-0.0523,-18.62,-33.56,15.44,322.17,-82.83,-159.71,-1.3819016179961503,0.8785762687774757,0.0966354909992753
52.562946,-1.49791,135.3,21.84,3,116.47,25 / 25,608310,2020-01-08 17:42:21:903,-0.7259,-1.125,10.3094,0.0287,0.0159,9.8065,-0.0104,0.11,-0.0935,-17.87,-33.69,15.75,324.83,-82.71,-160.65,1.152042076255389,-0.7371558592485923,0.5033713079950457
52.562946,-1.49791,135.3,21.84,3,116.47,25 / 25,608410,2020-01-08 17:42:22:003,1.0361,-0.0506,10.0213,0.0219,-0.0037,9.8066,-0.1144,-0.0089,0.0733,-18.12,-33.56,15.69,326.35,-82.63,-159.29,0.03145885601302246,1.0148242927149569,0.21456778717677896
52.562946,-1.49791,135.3,21.84,3,116.47,25 / 25,608510,2020-01-08 17:42:22:103,-0.7255,-1.2582,10.2467,-0.0204,0.0118,9.8066,-0.102,0.0214,-0.0343,-18.25,-33.75,15.56,326.49,-82.64,-159.18,1.280397280401577,-0.6857142137001678,0.4406050856150068
52.562946,-1.49791,135.3,21.84,3,116.47,25 / 25,608609,2020-01-08 17:42:22:202,0.0771,-1.0868,9.7648,-0.0027,-0.0011,9.8066,-0.0793,0.0979,0.0089,-18.62,-32.94,15.44,324.8,-82.73,-157.55,1.084379525695993,0.09623558545789654,-0.04146717187016088
52.562946,-1.49791,135.3,21.84,3,116.47,25 / 25,608710,2020-01-08 17:42:22:303,-0.9449,0.4061,8.6944,0.0019,-0.0015,9.8066,-0.0976,0.0811,-0.0168,-18.62,-33.06,15.13,325.1,-82.82,-157.37,-0.3928520385776885,-0.9530232089082415,-1.1121919254641224
52.562946,-1.49791,135.3,21.84,3,116.47,25 / 25,608809,2020-01-08 17:42:22:402,-0.7208,0.5454,9.4374,0.0251,-0.0011,9.8066,-0.004,-0.0046,-0.0734,-18.56,-33.25,14.63,324.7,-82.9,-157.78,-0.5350174233402037,-0.7541467325371702,-0.3692651656004375
52.562946,-1.49791,135.3,21.84,3,116.47,25 / 25,608910,2020-01-08 17:42:22:503,-0.6932,-0.7224,9.76,0.0251,0.0208,9.8066,-0.0203,-0.0086,-0.0287,-18.12,-33.69,15.19,324.2,-82.83,-159.3,0.7540132291623396,-0.7069630438753206,-0.04626007828271571
52.562946,-1.49791,135.3,21.84,3,116.47,25 / 25,609010,2020-01-08 17:42:22:603,0.3877,-0.2007,10.0291,0.0101,0.0039,9.8066,-0.0265,-0.0231,0.073,-18.19,-33.31,15.19,324.92,-82.82,-158.86,0.19878403489297156,0.38068795586677545,0.2225101294989644
52.562946,-1.49791,135.3,21.84,3,116.47,25 / 25,609109,2020-01-08 17:42:22:702,0.1906,1.4112,9.5419,-0.011,-0.0134,9.8066,-0.0132,-0.122,0.1093,-17.44,-33.62,15.19,326.25,-82.8,-158.96,-1.427406496121927,0.17995409950696864,-0.2651811209335231
52.562946,-1.49791,135.3,21.84,3,116.47,25 / 25,609211,2020-01-08 17:42:22:804,-0.5798,0.7346,8.7463,-0.0108,0.0198,9.8066,-0.1124,-0.219,0.0314,-18.37,-33.69,14.75,324.36,-82.85,-159.18,-0.7057577689063075,-0.5799140249888157,-1.0604441641357936
52.562946,-1.49791,135.3,21.84,3,116.47,25 / 25,609310,2020-01-08 17:42:22:903,0.919,0.8885,9.137,-0.0227,-0.0086,9.8065,-0.0655,-0.0294,0.1469,-18.25,-33.62,14.31,323.02,-82.66,-158.03,-0.9110518135752073,0.9279050978063673,-0.6699210941941457
52.562946,-1.49791,135.3,21.84,3,116.47,25 / 25,609410,2020-01-08 17:42:23:003,-0.6039,-1.0683,10.0399,-0.0208,-0.0173,9.8066,0.0109,-0.0099,-0.0253,-17.87,-33.94,14.81,324.83,-82.81,-158.74,1.0596399313965876,-0.5670755170099205,0.2337179364057595
52.562946,-1.49791,135.3,21.84,3,116.47,25 / 25,609510,2020-01-08 17:42:23:103,1.3633,2.1959,9.1326,0.0246,-0.002,9.8066,0.0255,-0.2321,0.0315,-17.56,-34.81,14.75,325.29,-82.89,-158.25,-2.2177163356318816,1.3051490691135936,-0.6748912964792317
52.562946,-1.49791,135.3,21.84,3,116.47,25 / 25,609610,2020-01-08 17:42:23:203,0.4513,-0.8267,10.2793,0.0313,0.0336,9.8065,-0.0271,-0.1013,0.1194,-18.12,-34.5,16.06,329.77,-82.87,-156.6,0.8536863427264767,0.4330533939966838,0.47301196199487927
52.562946,-1.49791,135.3,21.84,3,116.47,25 / 25,609710,2020-01-08 17:42:23:303,0.7605,1.2463,10.1338,-0.0305,-0.0463,9.8065,-0.0494,-0.1362,0.1916,-18.06,-34.5,16.56,331.4,-82.74,-157.0,-1.304541331535588,0.7713695001416759,0.32677524166701616
52.562946,-1.49791,135.3,21.84,3,116.47,25 / 25,609809,2020-01-08 17:42:23:402,-1.2707,-1.0688,8.9392,-0.0033,-0.0142,9.8066,-0.1246,-0.2937,-0.0016,-18.31,-33.56,16.25,327.49,-82.75,-158.42,1.0739595862099702,-1.2513967180033492,-0.866881618998901
52.562946,-1.49791,135.3,21.84,3,116.47,25 / 25,609909,2020-01-08 17:42:23:502,1.7691,1.0443,8.4297,-0.0159,-0.0185,9.8065,-0.0447,-0.1385,0.1828,-18.37,-33.12,15.81,329.85,-82.8,-156.62,-1.0892845961403053,1.7684984208100512,-1.3773959068487918
52.562946,-1.49791,135.3,21.84,3,116.47,25 / 25,610010,2020-01-08 17:42:23:603,0.0714,0.9532,9.4613,-0.012,0.014,9.8066,0.0052,-0.0077,0.0909,-18.5,-33.25,14.88,328.14,-83.04,-156.3,-0.9402455327379438,0.0691111872455855,-0.345609999803024
52.562946,-1.49791,135.3,21.84,3,116.47,25 / 25,610110,2020-01-08 17:42:23:703,0.5208,0.2198,9.9282,0.0277,-0.0015,9.8065,0.0184,0.0803,-0.1053,-19.0,-33.12,15.13,324.83,-82.99,-157.75,-0.22878491716158247,0.48970729522749246,0.12155828511599517
52.562946,-1.49791,135.3,21.84,3,116.47,25 / 25,610210,2020-01-08 17:42:23:803,-0.198,-0.1579,10.2684,0.0046,0.0201,9.8066,0.0154,0.0659,-0.0176,-19.12,-33.12,15.13,323.89,-82.82,-158.41,0.18090187107959926,-0.19981492848054933,0.4618858164051081
52.562946,-1.49791,135.3,21.84,3,116.47,25 / 25,610310,2020-01-08 17:42:23:903,-1.3947,-0.3372,9.1151,0.0038,-0.0049,9.8066,-0.019,0.1877,-0.146,-18.56,-33.75,14.94,323.37,-82.91,-158.76,0.353672795248126,-1.3934013497427569,-0.6911917407177545
52.562946,-1.49791,135.3,21.84,3,116.47,25 / 25,610410,2020-01-08 17:42:24:003,0.9674,2.402,9.1374,0.0015,0.0425,9.8065,0.0084,0.2314,-0.1862,-18.44,-33.75,15.56,327.83,-83.13,-158.45,-2.373650664391694,0.9299439816492007,-0.6699884957425042
52.562946,-1.49791,135.3,21.84,3,116.47,25 / 25,610510,2020-01-08 17:42:24:103,-1.0988,-0.6984,10.2636,0.0015,0.0096,9.8066,-0.0235,0.2038,-0.1111,-18.62,-33.75,14.69,325.45,-83.08,-157.13,0.7244445103856779,-1.0893819377629135,0.45738412198935857
52.562946,-1.49791,135.3,21.84,3,116.47,25 / 25,610610,2020-01-08 17:42:24:203,0.062,0.1958,9.3273,-0.0023,0.0247,9.8066,-0.0674,0.069,-0.1163,-18.12,-33.25,14.44,325.15,-82.95,-156.68,-0.1719015488653596,0.06163290248598896,-0.47936357061091245
52.562946,-1.49791,135.3,21.84,3,116.47,25 / 25,610710,2020-01-08 17:42:24:303,-0.8017,-0.1304,10.4059,-0.0193,0.0152,9.8066,-0.0236,0.1672,-0.0535,-17.87,-33.19,15.19,327.13,-83.07,-157.18,0.15724682483157704,-0.7800200126065823,0.5994596116617166
52.562946,-1.49791,135.3,21.84,3,116.47,25 / 25,610810,2020-01-08 17:42:24:403,0.4222,1.5848,10.2326,0.0047,0.0121,9.8066,0.0264,0.1606,-0.0914,-17.87,-33.75,14.31,324.04,-83.02,-157.51,-1.5789814014579362,0.3936821224715938,0.425440548486147
52.562946,-1.49791,135.3,21.84,3,116.47,25 / 25,610910,2020-01-08 17:42:24:503,-2.3583,-1.9285,9.1659,0.0512,0.04,9.8064,-0.1038,0.273,-0.189,-18.25,-33.75,15.44,323.64,-83.14,-160.06,2.004987291788554,-2.3794863033966003,-0.639526107140577
52.562946,-1.49791,135.3,21.84,3,116.47,25 / 25,611010,2020-01-08 17:42:24:603,1.1427,0.7168,10.0518,0.0054,0.0364,9.8066,-0.0587,-0.0465,-0.2243,-18.25,-33.25,15.63,326.56,-83.22,-159.76,-0.6976325695726369,1.1268943318171634,0.24481922471454207
52.562946,-1.49791,135.3,21.84,3,116.47,25 / 25,611110,2020-01-08 17:42:24:703,0.1108,-0.7117,10.005,0.0028,0.001,9.8066,-0.0712,0.1768,-0.0157,-18.37,-33.31,14.69,324.91,-83.24,-159.23,0.7109183637912317,0.1188142987976022,0.19861040361882526
52.562946,-1.49791,135.3,21.84,3,116.47,25 / 25,611210,2020-01-08 17:42:24:803,-0.4566,0.9002,10.77,-0.0164,0.0367,9.8065,-0.0786,0.202,-0.1122,-18.37,-33.62,15.13,325.77,-83.24,-158.32,-0.8570386207588436,-0.45309819981443583,0.9632898649174589
52.56215,-1.495225,136.93,23.03,3,116.23,25 / 25,611310,2020-01-08 17:42:24:903,-0.3545,-0.2728,9.0324,-0.0054,-0.0149,9.8066,-0.0508,-0.0466,0.0491,-18.37,-33.62,14.81,327.13,-83.52,-157.4,0.2634072128472849,-0.34526073886363634,-0.7740675179978547
52.56215,-1.495225,136.93,23.03,3,116.23,25 / 25,611410,2020-01-08 17:42:25:003,-1.3552,-0.4365,10.5305,-0.0195,0.002,9.8066,-0.0428,-0.1045,0.1049,-18.37,-33.75,15.25,329.05,-83.46,-155.71,0.4584570091605412,-1.3288009778272156,0.7242327540763448
52.56215,-1.495225,136.93,23.03,3,116.23,25 / 25,611510,2020-01-08 17:42:25:103,0.0375,0.2817,9.2311,0.0132,0.0075,9.8066,-0.0736,0.0193,0.0678,-17.94,-33.62,15.56,330.36,-83.35,-156.46,-0.274352902949234,0.02006182922944107,-0.575590468693929
52.56215,-1.495225,136.93,23.03,3,116.23,25 / 25,611610,2020-01-08 17:42:25:203,1.0912,1.3497,10.2579,-0.023,0.0013,9.8065,-0.0872,0.0116,0.0425,-18.31,-33.62,14.69,329.12,-83.36,-155.57,-1.3652716930436515,1.0937043062442993,0.4508106638893954
52.56215,-1.495225,136.93,23.03,3,116.23,25 / 25,611710,2020-01-08 17:42:25:303,-0.9351,1.068,9.9365,-0.0055,0.0045,9.8065,0.0215,-0.1179,0.0996,-18.56,-33.37,15.38,328.13,-83.35,-155.2,-1.0493340497264987,-0.9455892794550536,0.1297974447524266
52.56215,-1.495225,136.93,23.03,3,116.23,25 / 25,611810,2020-01-08 17:42:25:403,1.5149,0.1354,9.6801,-0.0115,-0.0141,9.8065,0.0182,-0.1369,0.0337,-18.31,-32.81,14.81,329.87,-83.36,-155.07,-0.1725705184816306,1.5239417996288485,-0.12666877079599276
52.56215,-1.495225,136.93,23.03,3,116.23,25 / 25,611910,2020-01-08 17:42:25:503,0.4984,0.7393,8.169,-0.0344,0.0314,9.8065,0.0216,-0.0698,0.0213,-18.75,-33.62,15.0,328.0,-83.27,-155.1,-0.7153687245803266,0.5217831072669311,-1.6378017208634204
52.56215,-1.495225,136.93,23.03,3,116.23,25 / 25,612010,2020-01-08 17:42:25:603,-0.3459,-0.2693,9.6818,-0.0126,0.0052,9.8066,-0.0022,-0.0747,0.0937,-17.69,-33.56,15.19,331.65,-83.5,-153.52,0.2795585029592657,-0.3291199859580116,-0.12466458304655784
52.56215,-1.495225,136.93,23.03,3,116.23,25 / 25,612110,2020-01-08 17:42:25:703,-2.6236,-0.5072,9.3293,0.0199,0.0155,9.8066,-0.0528,-0.266,0.0796,-18.69,-33.5,14.19,326.29,-83.55,-154.92,0.5628467943538324,-2.6353434277058043,-0.4767508092635347
52.56215,-1.495225,136.93,23.03,3,116.23,25 / 25,612209,2020-01-08 17:42:25:802,-0.5821,-0.8508,10.934,0.0,0.0051,9.8066,-0.0081,-0.205,0.1349,-18.25,-33.62,14.31,328.1,-83.51,-154.49,0.8642616344378399,-0.5689064534685117,1.1277558487725583
52.56215,-1.495225,136.93,23.03,3,116.23,25 / 25,612312,2020-01-08 17:42:25:905,0.5817,0.9188,8.6386,0.0089,0.02,9.8066,-0.1297,-0.0171,-0.0053,-18.0,-33.75,15.06,328.3,-83.46,-156.35,-0.9070028269441883,0.5589518052883261,-1.1683681060693887
52.56215,-1.495225,136.93,23.03,3,116.23,25 / 25,612410,2020-01-08 17:42:26:003,0.0236,-0.3273,10.2296,-0.0257,0.0163,9.8066,-0.1254,-0.0937,0.0466,-18.12,-33.87,14.69,329.09,-83.47,-155.68,0.3426784475395062,0.05455989510127077,0.4231018192332104
52.56215,-1.495225,136.93,23.03,3,116.23,25 / 25,612510,2020-01-08 17:42:26:103,-1.6753,-0.1081,9.9251,-0.0009,0.0159,9.8066,0.0173,-0.0488,0.0398,-18.25,-33.69,14.88,329.53,-83.47,-155.31,0.14931847051744138,-1.6723122933219736,0.1187821449820363
52.56215,-1.495225,136.93,23.03,3,116.23,25 / 25,612609,2020-01-08 17:42:26:202,-1.0524,-1.506,10.0173,0.0075,0.0212,9.8066,-0.0044,0.0596,-0.0886,-18.31,-34.06,14.69,329.07,-83.63,-155.82,1.54301694538204,-1.036608526520404,0.21133813903097834
52.56215,-1.495225,136.93,23.03,3,116.23,25 / 25,612710,2020-01-08 17:42:26:303,-0.297,-0.0298,9.4628,-0.013,0.0106,9.8066,-0.0709,0.1452,-0.017,-18.06,-33.44,14.69,330.76,-83.59,-154.48,0.04480833706435478,-0.2834034493478463,-0.343745978634325
52.56215,-1.495225,136.93,23.03,3,116.23,25 / 25,612809,2020-01-08 17:42:26:402,-0.979,0.9921,9.4294,-0.0148,0.0025,9.8066,-0.0548,-0.0961,0.0378,-18.12,-33.5,15.13,331.05,-83.55,-154.2,-0.9747562905272877,-0.9791366755115342,-0.3773740647496896
52.56215,-1.495225,136.93,23.03,3,116.23,25 / 25,612910,2020-01-08 17:42:26:503,0.3323,-0.006,9.5518,-0.0329,0.0111,9.8065,0.0038,0.072,0.0337,-18.87,-33.5,14.94,328.65,-83.51,-154.87,0.011645859514015984,0.3653814645966407,-0.25474752066584166
52.56215,-1.495225,136.93,23.03,3,116.23,25 / 25,613010,2020-01-08 17:42:26:603,-0.0722,1.0068,9.8086,0.0099,0.0114,9.8066,0.0549,0.0621,-0.1185,-18.44,-33.62,14.5,330.25,-83.74,-154.9,-0.994042335870883,-0.09717266881294549,0.001696152153692644
52.56215,-1.495225,136.93,23.03,3,116.23,25 / 25,613111,2020-01-08 17:42:26:704,1.2994,1.3178,10.9398,0.0025,-0.035,9.8066,0.123,0.0792,0.042,-18.31,-34.0,14.56,331.02,-83.8,-154.29,-1.3726572124703484,1.276412246254094,1.1325827319298631
52.56215,-1.495225,136.93,23.03,3,116.23,25 / 25,613210,2020-01-08 17:42:26:803,-0.9909,-0.1585,9.1373,0.0285,-0.0112,9.8065,0.1223,0.0163,-0.1204,-17.94,-33.31,14.75,329.62,-83.63,-155.49,0.16294278612526225,-1.0171448813261272,-0.6690054027000051
52.56215,-1.495225,136.93,23.03,3,116.23,25 / 25,613310,2020-01-08 17:42:26:903,-0.1505,-0.1457,9.7596,-0.0134,0.0,9.8066,0.0848,0.127,-0.117,-18.5,-33.19,14.81,331.5,-83.64,-153.88,0.14777562018235638,-0.1348831915590705,-0.04693389728713065
52.56215,-1.495225,136.93,23.03,3,116.23,24 / 25,613410,2020-01-08 17:42:27:003,1.0713,1.9235,9.5039,0.0115,0.0124,9.8066,0.0257,0.0168,0.0848,-18.37,-32.87,15.75,333.82,-83.66,-153.85,-1.9268419570353554,1.0306787586586397,-0.3034598969518819
52.56215,-1.495225,136.93,23.03,3,116.23,24 / 25,613510,2020-01-08 17:42:27:103,0.0109,0.8817,8.8368,-0.0101,-0.0383,9.8065,0.0156,-0.1601,0.0873,-17.94,-33.12,14.88,330.87,-83.72,-154.48,-0.9199028342496174,0.006921733581718608,-0.969994822225224
52.56215,-1.495225,136.93,23.03,3,116.23,24 / 25,613609,2020-01-08 17:42:27:202,0.0539,0.7023,9.4391,-0.0063,-0.0027,9.8066,-0.005,-0.06,0.1078,-18.56,-33.62,14.56,330.55,-83.62,-153.18,-0.7057138133371501,0.04945935435878703,-0.36773234278691075
52.56215,-1.495225,136.93,23.03,3,116.23,24 / 25,613710,2020-01-08 17:42:27:303,-0.6496,-0.8278,9.8427,-0.0214,-0.0197,9.8066,-0.0167,-0.01,0.0702,-17.81,-33.81,14.75,333.11,-83.65,-152.38,0.8175141653844812,-0.6158784244320679,0.036447437698538816
52.56215,-1.495225,136.93,23.03,3,116.23,24 / 25,613810,2020-01-08 17:42:27:403,0.1051,1.2481,9.8705,-0.0046,0.0336,9.8065,0.0046,-0.1536,0.039,-18.75,-33.25,15.25,331.7,-83.88,-152.5,-1.216043132695997,0.09129418333555285,0.06359883263079576
52.56215,-1.495225,136.93,23.03,3,116.23,24 / 25,613910,2020-01-08 17:42:27:503,0.3389,-0.3367,10.0005,0.0036,-0.0336,9.8065,0.0256,-0.2875,0.1314,-18.44,-33.56,14.88,333.61,-83.87,-152.12,0.29792275519506334,0.3398812960875537,0.19404751095241432
52.56215,-1.495225,136.93,23.03,3,116.23,24 / 25,614010,2020-01-08 17:42:27:603,-0.59,-0.9616,10.5584,0.0,0.0113,9.8066,0.0593,0.0489,-0.074,-18.25,-33.62,15.25,331.26,-83.75,-154.03,0.9814878548530327,-0.575085410888662,0.7521941311649625
52.56215,-1.495225,136.93,23.03,3,116.23,24 / 25,614110,2020-01-08 17:42:27:703,0.1911,0.4067,9.4806,0.0073,0.0177,9.8066,-0.0168,-0.0062,-0.1142,-18.19,-33.44,15.31,331.32,-83.76,-154.13,-0.3916361506251777,0.17783903759987002,-0.32615003024535255
52.56215,-1.495225,136.93,23.03,3,116.23,24 / 25,614210,2020-01-08 17:42:27:803,0.2275,-0.1397,10.3019,-0.0253,0.0072,9.8065,-0.0248,-0.1523,0.1161,-18.44,-33.69,14.75,331.31,-83.92,-154.13,0.14289447785502854,0.2550662684788194,0.4954099079376892
52.56215,-1.495225,136.93,23.03,3,116.23,25 / 25,614309,2020-01-08 17:42:27:902,-0.9909,-0.8776,9.2223,0.0059,-0.0139,9.8066,0.0238,-0.0903,0.0283,-18.37,-33.19,15.0,331.74,-83.86,-153.84,0.8788909571873952,-0.9836806272562638,-0.5838814339700713
52.56215,-1.495225,136.93,23.03,3,116.23,25 / 25,614410,2020-01-08 17:42:28:003,0.1723,-0.2191,9.6453,-0.0228,-0.02,9.8065,0.0741,-0.0526,0.0229,-18.37,-33.19,15.69,335.47,-83.82,-152.52,0.196172455605044,0.19807177940307608,-0.1611651260849751
52.56215,-1.495225,136.93,23.03,3,116.23,25 / 25,614510,2020-01-08 17:42:28:103,-0.0651,-0.267,9.0445,0.0062,-0.023,9.8066,0.1197,-0.0715,0.0789,-18.81,-33.56,15.5,332.02,-83.83,-153.98,0.24529571112799672,-0.06770155031199229,-0.7620122139359471
52.56215,-1.495225,136.93,23.03,3,116.23,25 / 25,614609,2020-01-08 17:42:28:202,0.941,1.3022,9.2711,-0.0027,-0.0106,9.8066,-0.0143,-0.0821,-0.0525,-18.12,-33.69,15.06,331.64,-83.72,-153.69,-1.3267771707440383,0.9236249368809226,-0.5360532577684378
52.56215,-1.495225,136.93,23.03,3,116.23,25 / 25,614710,2020-01-08 17:42:28:303,-0.9362,-0.9617,9.9537,-0.0346,-0.0176,9.8066,-0.0856,-0.1184,0.1393,-18.0,-33.56,15.56,332.4,-83.76,-155.01,0.9576056601299205,-0.887170791868353,0.1475302197613051
52.56215,-1.495225,136.93,23.03,3,116.23,25 / 25,614810,2020-01-08 17:42:28:403,-0.0253,-0.3394,9.9236,0.0309,0.024,9.8065,-0.0696,0.0335,0.2086,-18.0,-33.44,15.38,330.35,-83.8,-154.99,0.3641724090311537,-0.050670867027170954,0.11722341803223883
52.56215,-1.495225,136.93,23.03,3,116.23,25 / 25,614910,2020-01-08 17:42:28:503,-0.93,0.8547,9.7273,0.0072,0.0426,9.8065,-0.0293,-0.0672,-0.1354,-17.94,-33.87,15.06,331.32,-84.1,-154.25,-0.7977809544995451,-0.949408504093896,-0.07932169307311465
52.56215,-1.495225,136.93,23.03,3,116.23,25 / 25,615010,2020-01-08 17:42:28:603,1.3061,-0.1628,9.9429,-0.0207,-0.0071,9.8065,0.0887,-0.0255,0.1202,-18.19,-33.81,15.31,333.27,-84.05,-152.53,0.13553484302217714,1.3290259718572421,0.1362569721367177
52.56215,-1.495225,136.93,23.03,3,116.23,25 / 25,615109,2020-01-08 17:42:28:702,1.7334,0.9676,10.718,0.0351,-0.0108,9.8065,0.0638,0.1293,0.0438,-18.31,-34.06,14.94,332.34,-84.05,-153.33,-1.004311431505109,1.6834080174318582,0.9109432997691463
52.56215,-1.495225,136.93,23.03,3,116.23,25 / 25,615210,2020-01-08 17:42:28:803,-0.31,-0.8375,10.1369,0.031,0.02,9.8066,0.0551,-0.0043,0.0423,-18.37,-33.62,14.69,331.27,-83.93,-154.17,0.8624628692724543,-0.3279216398348665,0.3306214410081996
52.56215,-1.495225,136.93,23.03,3,116.23,25 / 25,615311,2020-01-08 17:42:28:904,1.3602,1.0164,11.109,0.0538,0.0096,9.8065,0.0174,-0.0314,0.0188,-18.69,-33.37,15.31,331.94,-84.02,-152.39,-1.0268949646840213,1.291177508335917,1.3019910996139938
52.56215,-1.495225,136.93,23.03,3,116.23,25 / 25,615410,2020-01-08 17:42:29:003,0.3011,1.0358,7.8399,0.0386,-0.0332,9.8065,-0.1453,-0.004,-0.0254,-17.81,-34.12,15.06,331.22,-83.86,-154.16,-1.072226553000052,0.24599658795594623,-1.9669770481008817
52.56215,-1.495225,136.93,23.03,3,116.23,25 / 25,615510,2020-01-08 17:42:29:103,1.0689,0.4292,10.3641,0.009,-0.0197,9.8066,-0.0479,-0.0678,0.1393,-18.31,-33.87,15.0,330.32,-83.91,-154.96,-0.4650861306212478,1.0530547061162363,0.5572038648737139
52.56215,-1.495225,136.93,23.03,3,116.23,25 / 25,615610,2020-01-08 17:42:29:203,-0.0775,-0.5142,10.0546,0.0233,0.0275,9.8066,0.038,-0.1674,0.0363,-17.87,-33.69,15.25,330.52,-84.02,-154.88,0.5430859058248032,-0.09254578015612806,0.24818643691738515
52.56215,-1.495225,136.93,23.03,3,116.23,25 / 25,615710,2020-01-08 17:42:29:303,-0.6989,0.742,10.3607,-0.008,-0.018,9.8065,0.0386,-0.3059,0.0008,-18.06,-33.62,15.38,331.46,-83.9,-153.97,-0.749621174293544,-0.7022585591539723,0.5540590773065223
52.56215,-1.495225,136.93,23.03,3,116.23,25 / 25,615809,2020-01-08 17:42:29:402,1.1337,0.8806,9.0662,0.0291,-0.0165,9.8065,-0.1545,-0.1375,0.2133,-17.75,-32.87,14.75,329.74,-83.71,-155.45,-0.9134974674658619,1.0907764696178028,-0.7407447132862838
52.56215,-1.495225,136.93,23.03,3,116.23,25 / 25,615910,2020-01-08 17:42:29:503,1.6675,1.7279,11.1462,-0.0109,-0.0114,9.8066,-0.2706,-0.2085,0.3342,-18.0,-33.56,14.44,327.9,-83.73,-154.85,-1.7649592409813988,1.6520411059505689,1.3388047923143949
52.56215,-1.495225,136.93,23.03,3,116.23,25 / 25,616010,2020-01-08 17:42:29:603,-2.0593,-2.8918,10.3525,0.0671,-0.0107,9.8064,-0.1286,-0.4819,0.2198,-17.87,-33.56,14.44,329.27,-83.67,-153.62,2.9128139716818087,-2.082424667542518,0.5473222546047987
52.56215,-1.495225,136.93,23.03,3,116.23,25 / 25,616110,2020-01-08 17:42:29:703,-1.6099,-1.8123,10.1924,-0.0575,-0.0097,9.8064,-0.2945,-0.7738,0.4945,-17.69,-33.69,14.31,331.37,-83.73,-151.88,1.8257917039547644,-1.5248545255669925,0.3867969100546445
52.56215,-1.495225,136.93,23.03,3,116.23,25 / 25,616210,2020-01-08 17:42:29:803,-5.7516,-5.8189,5.6674,0.1332,0.0067,9.8057,-0.4076,-0.5394,0.4032,-18.62,-34.12,14.56,325.21,-83.56,-157.74,5.915419258004665,-5.796434613591928,-4.135598392298382
52.56215,-1.495225,136.93,23.03,3,116.23,25 / 25,616310,2020-01-08 17:42:29:903,3.2168,3.2039,9.2849,-0.1561,-0.0427,9.8053,-0.2277,-0.5294,0.4568,-18.25,-33.87,14.81,326.95,-83.59,-157.62,-3.2971672064347506,3.3232470777477188,-0.5219189621507455
52.56215,-1.495225,136.93,23.03,3,116.23,25 / 25,616410,2020-01-08 17:42:30:003,3.3678,0.3691,11.9286,0.0644,0.0765,9.8061,0.0278,-0.4784,0.4116,-18.5,-33.37,15.5,335.49,-83.79,-152.49,-0.343297479019949,3.2988848058941795,2.1219280026285205
52.56215,-1.495225,136.93,23.03,3,116.23,25 / 25,616510,2020-01-08 17:42:30:103,4.1679,4.3239,10.6182,-0.0945,-0.0521,9.806,0.0662,-0.1086,-0.1191,-18.37,-33.12,15.25,334.74,-83.69,-151.14,-4.440340822744664,4.195719025515827,0.8101937032535899
52.56215,-1.495225,136.93,23.03,3,116.23,25 / 25,616610,2020-01-08 17:42:30:203,1.4741,0.6439,9.2668,0.0069,0.0215,9.8065,-0.0215,0.2205,-0.1039,-18.25,-33.0,14.88,336.39,-83.83,-149.81,-0.6443872088059188,1.4575252377842287,-0.5401101705664731
52.56215,-1.495225,136.93,23.03,3,116.23,25 / 25,616709,2020-01-08 17:42:30:302,-3.412,-3.7175,10.1411,-0.0383,-0.0523,9.8063,-0.122,0.3381,-0.1644,-17.75,-33.37,14.38,336.25,-83.7,-147.83,3.715790527791097,-3.3177303476245124,0.3364518747596692
52.56215,-1.495225,136.93,23.03,3,116.23,25 / 25,616810,2020-01-08 17:42:30:403,-3.1664,-1.307,8.315,0.0248,-0.0192,9.8065,-0.1078,0.3046,-0.2047,-18.31,-34.25,14.75,335.73,-83.83,-150.27,1.336481598188413,-3.1715298799919704,-1.4906286217639395
52.56215,-1.495225,136.93,23.03,3,116.23,25 / 25,616909,2020-01-08 17:42:30:502,-1.3691,-1.8755,10.5295,-0.0435,-0.0665,9.8062,-0.0415,0.4801,-0.2939,-18.62,-33.44,14.63,333.25,-84.12,-151.31,1.8286467639281734,-1.2979363033143292,0.7240660296642519
52.56215,-1.495225,136.93,23.03,3,116.23,25 / 25,617010,2020-01-08 17:42:30:603,2.7583,3.0044,10.2177,-0.0014,-0.034,9.8065,0.033,0.558,-0.2928,-18.06,-33.87,14.25,334.74,-83.93,-149.15,-3.0799974224271156,2.7134027460153196,0.4098359498126649
52.56215,-1.495225,136.93,23.03,3,116.23,25 / 25,617110,2020-01-08 17:42:30:703,-0.7022,-2.8897,10.8706,-0.0456,-0.0181,9.8065,0.2009,0.4513,-0.3349,-18.94,-33.69,14.25,330.99,-83.92,-151.01,2.880879174654271,-0.6128647378005762,1.065106062420058
52.56215,-1.495225,136.93,23.03,3,116.23,25 / 25,617210,2020-01-08 17:42:30:803,3.8873,3.3357,10.7215,-0.0549,-0.0556,9.8062,0.2205,0.3605,-0.2991,-18.0,-33.69,14.69,336.62,-83.74,-149.46,-3.4509351628271836,3.89049048929681,0.9136524911879748
52.56215,-1.495225,136.93,23.03,3,116.23,24 / 24,617310,2020-01-08 17:42:30:903,-4.426,-0.9946,6.9581,-0.1166,0.003,9.8059,0.3588,0.3763,-0.3518,-18.5,-33.5,15.0,341.56,-84.06,-145.51,1.0636910932066324,-4.294188778596975,-2.846858435539902
52.56215,-1.495225,136.93,23.03,3,116.23,24 / 24,617410,2020-01-08 17:42:31:003,1.1075,1.9652,9.1756,-0.0813,-0.046,9.8062,0.3478,0.3925,-0.3536,-18.31,-34.0,14.81,340.72,-83.9,-146.07,-2.028780349697655,1.158101255771207,-0.6314103373099117
52.56215,-1.495225,136.93,23.03,3,116.23,24 / 24,617510,2020-01-08 17:42:31:103,-2.9471,-3.4569,9.6672,-0.0584,-0.0069,9.8064,0.2254,0.1641,-0.136,-18.44,-33.62,14.94,336.84,-83.85,-149.34,3.4934178924359323,-2.8361132087834253,-0.1376866942470341
52.56215,-1.495225,136.93,23.03,3,116.23,24 / 24,617609,2020-01-08 17:42:31:202,0.6054,-0.0543,10.7605,-0.0339,-0.0397,9.8064,0.1445,0.0207,-0.0545,-18.12,-33.12,15.5,341.26,-83.76,-147.52,0.004606916431296105,0.6395815826141118,0.9540118633967944
52.56215,-1.495225,136.93,23.03,3,116.23,24 / 24,617709,2020-01-08 17:42:31:302,-1.6804,-1.2653,10.26,-0.0322,0.023,9.8065,0.1166,-0.0666,0.052,-18.62,-32.81,14.69,335.22,-83.75,-149.37,1.3129807777646123,-1.6284267756642425,0.4541476560771747
52.56215,-1.495225,136.93,23.03,3,116.23,24 / 24,617810,2020-01-08 17:42:31:403,1.0471,0.7316,9.7481,-0.025,-0.0302,9.8066,0.101,-0.0587,0.0424,-18.31,-33.06,14.56,338.77,-83.75,-147.74,-0.7779383147007793,1.0604258613636475,-0.05889712277927242
52.56215,-1.495225,136.93,23.03,3,116.23,24 / 24,617910,2020-01-08 17:42:31:503,1.0531,0.2165,9.6773,-0.0024,0.0015,9.8066,0.0018,-0.1982,0.0872,-18.44,-34.0,14.5,338.36,-83.84,-148.04,-0.2309269791090941,1.0521029957847412,-0.12952125918288643
52.56215,-1.495225,136.93,23.03,3,116.23,24 / 24,618010,2020-01-08 17:42:31:603,2.2905,1.4408,9.9856,0.0231,-0.0089,9.8066,-0.0106,-0.3063,0.1933,-19.12,-33.75,14.31,334.71,-83.79,-147.72,-1.483946381415896,2.2451988141943833,0.1782113122750802
52.56215,-1.495225,136.93,23.03,3,116.23,24 / 24,618110,2020-01-08 17:42:31:703,1.4166,2.9989,9.554,0.0752,0.0408,9.8062,-0.1853,-0.438,0.2187,-18.62,-33.62,14.19,335.83,-83.84,-146.79,-2.9780046493076084,1.2963892861721116,-0.25333285890392043
52.56215,-1.495225,136.93,23.03,3,116.23,24 / 24,618210,2020-01-08 17:42:31:803,-1.6732,-2.6899,9.5789,0.0097,0.0408,9.8065,-0.1006,-0.2789,0.3352,-18.25,-33.87,15.13,336.02,-83.89,-150.06,2.7559584196019546,-1.6413629260492284,-0.2264897225399258
52.56215,-1.495225,136.93,23.03,3,116.23,25 / 25,618310,2020-01-08 17:42:31:903,-1.3056,-1.1687,9.6051,0.0329,0.0253,9.8065,-0.1046,-0.3312,0.1624,-18.12,-33.75,14.75,336.79,-83.82,-149.36,1.2142081825235647,-1.3202829861970897,-0.20082712927121596
52.56215,-1.495225,136.93,23.03,3,116.23,25 / 25,618409,2020-01-08 17:42:32:002,1.1988,2.3655,9.6227,0.0116,0.0035,9.8066,-0.0433,-0.3383,0.1606,-18.31,-32.94,14.5,334.79,-83.89,-151.22,-2.3796584814764845,1.1512487166873804,-0.18482141072584982
52.56215,-1.495225,136.93,23.03,3,116.23,25 / 25,618510,2020-01-08 17:42:32:103,0.2936,3.0615,10.2136,0.022,0.0479,9.8064,0.0722,-0.201,0.1799,-17.94,-33.12,15.13,333.02,-83.96,-152.8,-3.017499229400881,0.22596361320697333,0.40620463570907533
52.56215,-1.495225,136.93,23.03,3,116.23,25 / 25,618609,2020-01-08 17:42:32:202,1.6981,1.454,11.5624,-0.0184,-0.0357,9.8065,0.2818,0.0753,0.2039,-18.75,-34.19,14.38,331.71,-83.55,-150.12,-1.5160981550494712,1.6939770525993134,1.7551784181451566
52.56215,-1.495225,136.93,23.03,3,116.23,25 / 25,618709,2020-01-08 17:42:32:302,2.0577,3.5494,6.8762,-0.0165,-0.0453,9.8065,-0.1331,-0.0148,-0.6417,-18.06,-33.87,14.19,329.47,-83.84,-153.59,-3.6247796281583318,2.019083887909949,-2.931740902752287
52.56215,-1.495225,136.93,23.03,3,116.23,25 / 25,618809,2020-01-08 17:42:32:402,0.8398,-3.7259,11.9654,0.049,0.1346,9.8056,-0.3533,-0.2211,-0.3996,-18.19,-34.62,14.63,330.68,-84.17,-154.73,3.847384615025785,0.8495065854084329,2.160909788818266
52.56215,-1.495225,136.93,23.03,3,116.23,25 / 25,618910,2020-01-08 17:42:32:503,0.9269,2.0635,9.3113,0.0594,0.0818,9.806,-0.1401,-0.0271,0.7724,-18.5,-34.06,14.5,337.96,-83.81,-148.36,-1.9944587936800642,0.837304182597369,-0.4954543935794847
52.56215,-1.495225,136.93,23.03,3,116.23,25 / 25,619010,2020-01-08 17:42:32:603,1.6067,0.0854,12.0432,-0.0889,-0.051,9.806,-0.2456,-0.2927,0.317,-17.69,-33.5,14.69,334.86,-84.2,-151.36,-0.16279061818230664,1.6936522303474584,2.2369107039108442
52.56215,-1.495225,136.93,23.03,3,116.23,25 / 25,619110,2020-01-08 17:42:32:703,-1.2,0.9829,7.6729,-0.0101,0.0155,9.8066,-0.2228,-0.0765,0.0054,-18.19,-34.12,14.38,328.67,-84.17,-154.55,-0.9485780471819728,-1.2047206390687775,-2.1338341852651412
52.56215,-1.495225,136.93,23.03,3,116.23,25 / 25,619210,2020-01-08 17:42:32:803,0.1776,0.0267,9.2979,-0.0574,0.0131,9.8064,-0.2114,-0.0719,0.1537,-18.25,-34.06,14.88,333.75,-84.15,-152.18,-0.01699676334257858,0.23469566263198996,-0.5085383623460548
52.56215,-1.495225,136.93,23.03,3,116.23,25 / 25,619310,2020-01-08 17:42:32:903,-4.0357,-2.0292,9.0239,-0.0242,-0.0004,9.8066,-0.185,-0.5028,0.1983,-18.5,-33.94,14.94,332.55,-84.13,-153.21,2.089599332053106,-3.980408644811303,-0.7814746520487152
52.56215,-1.495225,136.93,23.03,3,116.23,25 / 25,619410,2020-01-08 17:42:33:003,2.5502,3.2994,10.2802,-0.0641,-0.0183,9.8063,-0.1176,-0.2847,0.3465,-18.44,-33.56,14.69,336.78,-84.14,-149.57,-3.3570822646293452,2.563796255039299,0.4724684340329776
52.56215,-1.495225,136.93,23.03,3,116.23,25 / 25,619510,2020-01-08 17:42:33:103,-1.6124,-0.8281,8.9338,-0.0146,-0.0015,9.8065,-0.1284,-0.2286,0.2419,-18.44,-33.56,14.69,333.92,-84.03,-151.95,0.8509936950380913,-1.5852142011113366,-0.872206029330435
52.56215,-1.495225,136.93,23.03,3,116.23,25 / 25,619609,2020-01-08 17:42:33:202,-0.7077,0.6784,9.3512,-0.055,-0.0183,9.8064,-0.0913,-0.3363,0.1829,-18.5,-33.37,14.13,335.59,-84.1,-148.65,-0.6865848759075264,-0.6632453310920235,-0.45532632140002444
52.56215,-1.495225,136.93,23.03,3,116.23,25 / 25,619710,2020-01-08 17:42:33:303,-2.3256,-1.218,10.2053,0.0126,0.0084,9.8066,-0.0412,-0.2689,0.2114,-18.44,-33.62,14.75,338.11,-84.12,-148.41,1.2615602887702781,-2.319293153472124,0.3994280862122545
52.56215,-1.495225,136.93,23.03,3,116.23,25 / 25,619810,2020-01-08 17:42:33:403,-0.2131,2.0737,10.0849,-0.0449,-0.0297,9.8064,0.0374,0.1987,0.0284,-18.56,-33.87,14.56,337.51,-84.24,-147.58,-2.1006987996601487,-0.20001251853557744,0.2778571495129559
52.56215,-1.495225,136.93,23.03,3,116.23,25 / 25,619910,2020-01-08 17:42:33:503,3.813,3.0989,13.8325,0.1008,-0.0403,9.806,0.3959,0.8891,-0.4542,-18.62,-33.87,14.06,333.15,-84.62,-149.63,-3.196372785358946,3.6647729072039295,4.024965625398652
52.56215,-1.495225,136.93,23.03,3,116.23,25 / 25,620010,2020-01-08 17:42:33:603,-1.6315,-1.5491,9.5973,0.1148,0.103,9.8053,0.1853,0.7264,-0.7611,-18.06,-33.87,14.38,330.35,-84.43,-153.3,1.6784366752929494,-1.7210959269696913,-0.20722267539989245
52.56215,-1.495225,136.93,23.03,3,116.23,25 / 25,620110,2020-01-08 17:42:33:703,2.0342,1.7748,12.5268,0.053,0.0075,9.8064,0.2876,0.5311,-0.0661,-18.75,-33.5,14.75,337.1,-84.13,-147.97,-1.7979850509248367,1.9545756645372045,2.7195519149760234
52.56215,-1.495225,136.93,23.03,3,116.23,25 / 25,620209,2020-01-08 17:42:33:802,-0.5124,-0.0704,8.8567,0.0561,-0.0026,9.8064,0.104,0.4302,-0.3064,-18.19,-33.81,14.69,333.01,-84.11,-152.79,0.07670945105209379,-0.5675405632968303,-0.9495959925842163
52.561325,-1.492474,138.5,23.44,6,116.39,25 / 25,620310,2020-01-08 17:42:33:903,1.9557,3.0529,11.949,-0.0128,0.0506,9.8065,-0.0652,0.3109,-0.536,-18.25,-33.87,15.0,338.44,-84.26,-148.21,-3.0324662148121524,1.9230832919867393,2.1412620339660218
52.561325,-1.492474,138.5,23.44,6,116.39,25 / 25,620409,2020-01-08 17:42:34:002,-4.5494,-2.5209,9.0275,0.0414,-0.0229,9.8065,-0.123,0.0524,0.0855,-18.31,-33.81,14.75,341.92,-84.21,-145.19,2.5675218334465066,-4.552532263789918,-0.7775418071893846
52.561325,-1.492474,138.5,23.44,6,116.39,25 / 25,620510,2020-01-08 17:42:34:103,-0.3896,0.6805,9.2309,0.0105,-0.0111,9.8066,-0.2034,-0.2458,0.2426,-18.56,-33.25,14.19,335.87,-83.98,-146.95,-0.6852743796722848,-0.41061394975412685,-0.5758613277795969
52.561325,-1.492474,138.5,23.44,6,116.39,25 / 25,620610,2020-01-08 17:42:34:203,5.3304,5.1181,11.4239,0.1144,0.0538,9.8058,-0.3903,-0.7796,0.581,-18.25,-33.75,14.44,330.76,-84.31,-152.85,-5.143268130116051,5.138893353555284,1.6157370276495713
52.561325,-1.492474,138.5,23.44,6,116.39,25 / 25,620709,2020-01-08 17:42:34:302,-0.4245,3.6837,8.3809,0.0466,0.0253,9.8064,-0.283,-0.5048,0.6393,-18.0,-33.5,14.56,336.82,-84.31,-149.73,-3.6503864460129294,-0.5266781106232564,-1.4265920869524724
52.561325,-1.492474,138.5,23.44,6,116.39,25 / 25,620810,2020-01-08 17:42:34:403,0.161,1.1327,14.3314,0.0099,-0.0455,9.8065,0.0358,0.0234,-0.4122,-18.19,-34.5,14.38,332.48,-84.45,-151.46,-1.181799290177998,0.1338648451745156,4.524504072377567
52.561325,-1.492474,138.5,23.44,6,116.39,25 / 25,620910,2020-01-08 17:42:34:503,-1.1466,0.2369,9.8901,0.0852,-0.0128,9.8062,0.0277,-0.1497,-0.26,-18.37,-33.87,14.75,329.53,-84.16,-155.84,-0.23103384797353635,-1.2354302888346087,0.083999419763329
52.561325,-1.492474,138.5,23.44,6,116.39,25 / 25,621010,2020-01-08 17:42:34:603,1.9324,1.8821,10.9248,-0.002,0.0517,9.8065,0.0346,-0.073,0.3837,-18.31,-33.75,14.31,334.1,-84.3,-149.96,-1.8598570202392526,1.9066003357358239,1.1174387831281019
52.561325,-1.492474,138.5,23.44,6,116.39,25 / 25,621110,2020-01-08 17:42:34:703,-3.759,-1.4698,8.6617,0.0516,0.031,9.8064,-0.0082,0.0417,0.0493,-18.56,-33.12,14.63,337.57,-84.17,-147.58,1.5587315432774382,-3.787582755822556,-1.1436712524967767
52.561325,-1.492474,138.5,23.44,6,116.39,25 / 25,621210,2020-01-08 17:42:34:803,1.1793,0.5367,8.2944,-0.0104,-0.0188,9.8066,-0.1329,0.1373,-0.2689,-18.06,-33.25,14.25,335.61,-84.42,-148.83,-0.5729796131584963,1.1809344317326225,-1.5125486474335588
52.561325,-1.492474,138.5,23.44,6,116.39,25 / 25,621309,2020-01-08 17:42:34:902,4.3024,2.9159,9.5684,0.0753,0.0882,9.8059,0.0045,0.6137,-0.2292,-18.44,-33.75,14.06,329.33,-84.79,-154.47,-2.8913485310910616,4.183735872939551,-0.23900997308959543
52.561325,-1.492474,138.5,23.44,6,116.39,25 / 25,621410,2020-01-08 17:42:35:003,1.1583,3.0481,11.7034,-0.1743,-0.0506,9.8049,0.4569,0.6056,-0.7072,-17.94,-34.06,14.69,325.98,-84.69,-159.4,-3.119142040757685,1.2857614315926895,1.8973236863030796
52.561325,-1.492474,138.5,23.44,6,116.39,25 / 25,621510,2020-01-08 17:42:35:103,-3.9457,-3.7746,12.4407,-0.0699,0.0116,9.8064,0.1757,0.5586,-0.757,-18.06,-34.25,14.0,327.72,-85.2,-156.24,3.8436500648662246,-3.817616923192437,2.6360629310789565
52.561325,-1.492474,138.5,23.44,6,116.39,25 / 25,621609,2020-01-08 17:42:35:202,-4.4054,-1.477,4.9578,0.0482,-0.0497,9.8064,-0.65,-0.5042,0.3347,-18.44,-34.19,13.88,329.94,-84.65,-153.83,1.4961656679773574,-4.43214187827777,-4.847501095903152
52.561325,-1.492474,138.5,23.44,6,116.39,25 / 25,621710,2020-01-08 17:42:35:303,-7.4782,-6.5411,4.631,-0.0968,0.0272,9.806,-0.9326,-0.9161,1.0086,-18.0,-34.06,14.13,337.0,-84.65,-147.67,6.681041580868006,-7.281754684374959,-5.171845701613312
52.561325,-1.492474,138.5,23.44,6,116.39,25 / 25,621810,2020-01-08 17:42:35:403,-3.772,-4.4883,11.6819,0.1689,0.0743,9.8049,0.0539,-0.938,0.4629,-18.31,-33.94,13.44,336.84,-84.52,-145.61,4.621189154497973,-3.8710515478837846,1.8790187018699065
52.561325,-1.492474,138.5,23.44,6,116.39,25 / 25,621910,2020-01-08 17:42:35:503,-1.5745,-1.7995,10.2552,0.0835,0.0047,9.8062,0.1462,-0.8601,0.5252,-17.81,-33.62,13.88,329.71,-84.25,-153.71,1.8289714539294801,-1.6304093261393489,0.4498127276422031
52.561325,-1.492474,138.5,23.44,6,116.39,25 / 25,622010,2020-01-08 17:42:35:603,4.6793,6.1172,9.4286,0.0514,0.0908,9.806,-0.0241,-0.4781,0.3847,-17.87,-33.75,14.31,333.6,-84.05,-150.21,-6.095709414615438,4.536003303275873,-0.37998275650231444
52.561325,-1.492474,138.5,23.44,6,116.39,25 / 25,622110,2020-01-08 17:42:35:703,1.638,0.9874,8.9037,-0.0188,0.014,9.8066,-0.0735,-0.2895,0.2665,-18.5,-33.94,14.38,333.31,-84.23,-150.58,-0.9981037247806189,1.6417341730814725,-0.9034489855634054
52.561325,-1.492474,138.5,23.44,6,116.39,25 / 25,622210,2020-01-08 17:42:35:803,3.297,4.0246,8.1436,0.0262,0.1015,9.806,-0.1071,-0.0185,-0.0903,-18.44,-34.12,14.5,333.87,-84.66,-152.43,-3.971677763667428,3.2107483189376826,-1.6641186808724162
52.561325,-1.492474,138.5,23.44,6,116.39,25 / 25,622309,2020-01-08 17:42:35:902,-2.5004,-2.4528,10.7891,0.029,0.0751,9.8062,-0.0647,0.1096,-0.06,-17.81,-34.0,13.75,332.17,-84.74,-151.94,2.5656213018548444,-2.490668875160404,0.9840686306228131
52.561325,-1.492474,138.5,23.44,6,116.39,25 / 25,622410,2020-01-08 17:42:36:003,0.3752,1.0505,8.9281,0.0416,0.0141,9.8065,-0.0472,0.1837,-0.0701,-18.12,-33.69,14.5,334.07,-84.47,-152.12,-1.0410551489037454,0.3177349425548725,-0.8787770839186985
52.561325,-1.492474,138.5,23.44,6,116.39,25 / 25,622510,2020-01-08 17:42:36:103,-1.7934,-2.2851,9.3475,0.0405,0.0384,9.8064,-0.0278,0.1674,-0.2371,-18.44,-34.37,14.13,328.67,-84.36,-154.7,2.35116701391286,-1.7985479416799428,-0.45789697986220396
52.561325,-1.492474,138.5,23.44,6,116.39,25 / 25,622610,2020-01-08 17:42:36:203,1.4073,1.7734,11.206,0.0392,0.0162,9.8065,0.1362,0.2597,-0.0431,-18.0,-33.75,14.13,334.06,-84.28,-149.97,-1.7781746410080193,1.341513906743138,1.3987441095821513
52.561325,-1.492474,138.5,23.44,6,116.39,25 / 25,622709,2020-01-08 17:42:36:302,-1.8607,-2.9774,10.3439,0.0417,0.0073,9.8065,-0.0157,0.4919,-0.319,-18.0,-33.56,13.94,331.94,-84.27,-151.8,3.0130107972799802,-1.8568818495492228,0.5386226344008541
52.561325,-1.492474,138.5,23.44,6,116.39,25 / 25,622810,2020-01-08 17:42:36:403,1.6836,3.6027,8.6703,0.0194,0.0127,9.8065,-0.0884,0.3729,-0.381,-18.75,-33.75,14.5,332.22,-84.26,-152.2,-3.6144408244619335,1.6094536977394072,-1.13758006368602
52.561325,-1.492474,138.5,23.44,6,116.39,25 / 25,622910,2020-01-08 17:42:36:503,0.1049,-0.132,9.1483,0.0019,0.0426,9.8065,-0.0741,0.1729,-0.0617,-18.37,-34.0,14.19,333.05,-84.31,-150.87,0.17322950006921953,0.10554145071804623,-0.6581595114302438
52.561325,-1.492474,138.5,23.44,6,116.39,25 / 25,623010,2020-01-08 17:42:36:603,-0.2499,0.4762,8.7044,0.0229,0.0155,9.8065,-0.0539,0.0963,-0.1803,-17.87,-34.5,14.25,333.32,-84.46,-150.74,-0.456161633406383,-0.2799037494346097,-1.1022065120749687
52.561325,-1.492474,138.5,23.44,6,116.39,25 / 25,623110,2020-01-08 17:42:36:703,0.6983,0.7366,10.0877,-0.0119,0.0328,9.8065,-0.0356,0.0223,0.1821,-17.81,-33.69,14.19,331.19,-84.64,-152.73,-0.7145699478853631,0.6994938552486166,0.28087373684368744
52.561325,-1.492474,138.5,23.44,6,116.39,25 / 25,623209,2020-01-08 17:42:36:802,-0.958,-1.5779,10.7826,-0.0193,-0.0449,9.8065,0.0264,0.1381,0.0246,-17.69,-33.81,13.56,326.05,-84.65,-157.25,1.546735404637201,-0.915227254311699,0.9767223561518722
52.561325,-1.492474,138.5,23.44,6,116.39,25 / 25,623310,2020-01-08 17:42:36:903,-3.3564,-0.6276,8.8946,0.0646,0.0177,9.8064,0.339,-0.1866,-0.0121,-17.81,-34.37,14.31,324.34,-84.55,-158.66,0.697352184382537,-3.4109574338942035,-0.9110991412018622
52.561325,-1.492474,138.5,23.44,6,116.39,25 / 25,623410,2020-01-08 17:42:37:003,3.3079,1.4439,15.0074,-0.0064,-0.0658,9.8063,0.468,0.2363,0.1418,-17.87,-34.12,14.0,327.77,-84.24,-155.39,-1.561406076779857,3.291773567979343,5.2001401548946244
52.561325,-1.492474,138.5,23.44,6,116.39,25 / 25,623510,2020-01-08 17:42:37:103,4.7116,3.0555,11.4105,0.1382,-0.0428,9.8056,-0.0421,-0.3177,0.1051,-18.62,-33.62,14.31,322.18,-84.11,-158.85,-3.1677530147239774,4.526154257922043,1.6032538573792119
52.561325,-1.492474,138.5,23.44,6,116.39,25 / 25,623610,2020-01-08 17:42:37:203,5.8039,3.2264,10.0327,-0.0909,-0.0498,9.806,-0.1219,-0.1648,0.2054,-18.87,-33.19,14.69,331.93,-83.88,-152.3,-3.365214313414923,5.844513778747354,0.22480588252903994
52.561325,-1.492474,138.5,23.44,6,116.39,25 / 25,623710,2020-01-08 17:42:37:303,-1.367,0.7329,7.6187,0.0382,-0.0133,9.8065,0.0876,-0.5828,0.095,-18.81,-33.75,14.31,334.91,-83.9,-147.62,-0.7241239419080359,-1.416651866308537,-2.187832792157597
52.561325,-1.492474,138.5,23.44,6,116.39,25 / 25,623809,2020-01-08 17:42:37:402,0.2351,-2.0663,9.7166,0.0089,0.0062,9.8066,0.0224,-0.1578,-0.0401,-18.5,-33.12,14.06,338.54,-84.18,-146.15,2.068863328865116,0.2575640872083158,-0.08937537388845304
52.561325,-1.492474,138.5,23.44,6,116.39,25 / 25,623910,2020-01-08 17:42:37:503,0.13,-0.6179,10.553,0.0327,0.0193,9.8065,0.0941,-0.2649,0.2288,-18.31,-33.81,13.5,333.93,-84.39,-150.16,0.6354141128861451,0.10704838635105521,0.7466879723986118
52.561325,-1.492474,138.5,23.44,6,116.39,25 / 25,624010,2020-01-08 17:42:37:603,-1.4919,0.5821,10.2342,0.0061,-0.0617,9.8064,0.1468,-0.2203,0.2706,-17.87,-34.37,13.94,331.52,-84.5,-152.34,-0.6211649482211458,-1.5075229462768942,0.42781298899174763
52.561325,-1.492474,138.5,23.44,6,116.39,25 / 25,624110,2020-01-08 17:42:37:703,3.689,4.1188,8.2501,0.0074,-0.0392,9.8065,0.1503,-0.6102,0.3682,-18.0,-33.5,14.56,334.51,-84.42,-151.81,-4.212809092705013,3.617956793682788,-1.5582527739319243
52.561325,-1.492474,138.5,23.44,6,116.39,25 / 25,624210,2020-01-08 17:42:37:803,-0.2542,-1.4457,11.505,-0.0297,-0.0568,9.8064,0.0688,-0.1257,0.3346,-17.87,-33.37,14.75,334.33,-84.43,-151.97,1.3915996276770302,-0.2031913742310871,1.6990730301217887
52.561325,-1.492474,138.5,23.44,6,116.39,24 / 25,624311,2020-01-08 17:42:37:904,-0.5173,0.2344,10.1432,0.0275,-0.0099,9.8065,-0.0747,0.0264,-0.1671,-19.44,-33.44,14.5,333.57,-84.07,-151.0,-0.2361246498955966,-0.5483919002581149,0.336701490111012
52.561325,-1.492474,138.5,23.44,6,116.39,24 / 25,624410,2020-01-08 17:42:38:003,-1.3524,-2.2093,9.8956,-0.0014,0.0213,9.8065,-0.0253,-0.0238,-0.0947,-19.06,-32.87,14.0,330.37,-84.14,-151.83,2.2507857517251053,-1.31703418401517,0.09000348863654066
52.561325,-1.492474,138.5,23.44,6,116.39,24 / 25,624510,2020-01-08 17:42:38:103,1.7179,1.5107,9.0896,-0.0114,-0.0091,9.8066,-0.0291,-0.1357,0.091,-18.12,-33.75,14.25,330.1,-84.32,-153.43,-1.545598864663758,1.7059728180738616,-0.7177328357705454
52.561325,-1.492474,138.5,23.44,6,116.39,24 / 25,624610,2020-01-08 17:42:38:203,-2.933,-2.9471,10.8448,-0.0252,0.0304,9.8066,-0.0772,0.1034,-0.1229,-18.44,-33.19,13.06,326.52,-84.48,-154.66,3.0208855319517354,-2.862205305901206,1.0395661208964382
52.561325,-1.492474,138.5,23.44,6,116.39,24 / 25,624710,2020-01-08 17:42:38:303,5.0194,4.4476,12.5789,-0.071,-0.0346,9.8063,-0.1174,0.2358,-0.3527,-17.87,-33.62,13.81,332.17,-84.63,-151.86,-4.559700606210115,5.022289650991699,2.77043982126824
52.561325,-1.492474,138.5,23.44,6,116.39,24 / 25,624810,2020-01-08 17:42:38:403,-0.3768,0.777,9.0932,-0.0306,0.0104,9.8065,0.0642,0.3906,-0.3301,-18.19,-33.56,13.5,327.32,-84.44,-155.95,-0.7610385144956259,-0.35787583435108455,-0.7134929268337611
52.561325,-1.492474,138.5,23.44,6,116.39,24 / 25,624910,2020-01-08 17:42:38:503,3.0469,2.5109,11.7653,-0.0946,-0.0263,9.8061,0.2442,0.2081,-0.1012,-17.81,-34.25,14.13,329.99,-84.56,-153.71,-2.585134420372009,3.1029701531041147,1.9579394749462764
52.561325,-1.492474,138.5,23.44,6,116.39,24 / 25,625010,2020-01-08 17:42:38:603,-3.8902,-3.8007,8.1524,0.0199,0.0161,9.8066,0.123,0.3722,-0.3637,-17.87,-34.06,14.5,331.23,-84.53,-154.64,3.876135899466236,-3.8520505568172916,-1.652422127240091
52.561325,-1.492474,138.5,23.44,6,116.39,24 / 25,625110,2020-01-08 17:42:38:703,-2.5198,-2.4928,9.6663,-0.0589,-0.0244,9.8064,0.1232,0.7454,-0.4935,-17.62,-34.06,14.0,330.59,-84.72,-153.32,2.5054488781461233,-2.423235726691933,-0.13896010895273564
52.561325,-1.492474,138.5,23.44,6,116.39,24 / 25,625210,2020-01-08 17:42:38:803,-2.7398,-3.5612,8.9467,0.0542,0.0385,9.8063,0.1582,0.6593,-0.4368,-17.81,-34.37,14.25,329.21,-84.73,-154.54,3.64189587915037,-2.7392568119183216,-0.8580528968464733
52.561325,-1.492474,138.5,23.44,6,116.39,24 / 24,625310,2020-01-08 17:42:38:903,-0.9632,-1.3366,9.6078,-0.099,-0.0611,9.8059,0.1099,0.298,-0.2855,-17.56,-34.5,14.31,331.28,-84.7,-152.69,1.288511160908886,-0.8448020834328731,-0.19757005856331705
52.561325,-1.492474,138.5,23.44,6,116.39,24 / 24,625410,2020-01-08 17:42:39:003,1.8456,1.3276,11.3694,-0.0283,0.0194,9.8065,-0.0665,0.1659,-0.2372,-18.12,-33.69,13.81,328.28,-84.79,-155.4,-1.3369422905058321,1.8540820256008625,1.5622131782189088
52.561325,-1.492474,138.5,23.44,6,116.39,24 / 24,625510,2020-01-08 17:42:39:103,1.0812,1.4066,7.8648,-0.0424,-0.0098,9.8065,-0.1803,0.2159,0.0599,-18.5,-34.12,14.0,330.58,-84.49,-153.14,-1.432642018985848,1.1017373859821844,-1.9423121241873813
52.561325,-1.492474,138.5,23.44,6,116.39,24 / 24,625609,2020-01-08 17:42:39:202,4.0174,2.847,9.2726,-0.0633,-0.023,9.8064,-0.1597,-0.0784,0.1204,-18.19,-33.44,13.5,335.82,-84.63,-148.78,-2.931330785434652,4.036670208541655,-0.5353021425656209
52.561325,-1.492474,138.5,23.44,6,116.39,24 / 24,625709,2020-01-08 17:42:39:302,-1.7703,-1.9381,7.9578,-0.0338,-0.0065,9.8066,0.1056,-0.4599,0.2785,-18.12,-34.12,14.0,331.84,-84.87,-152.33,1.958280113422501,-1.7072920787532604,-1.8479353357735022
52.561325,-1.492474,138.5,23.44,6,116.39,24 / 24,625810,2020-01-08 17:42:39:403,-0.4599,2.0254,8.6026,-0.0494,-0.0559,9.8063,0.0843,-0.484,0.3076,-18.31,-33.0,14.0,332.95,-84.79,-151.4,-2.074456625369583,-0.44215763605738656,-1.2043006121132651
52.561325,-1.492474,138.5,23.44,6,116.39,24 / 24,625909,2020-01-08 17:42:39:502,-9.5108,-6.3317,6.7094,-0.148,-0.0292,9.8054,-0.3584,-1.0183,0.6612,-18.5,-33.37,14.31,336.27,-84.79,-148.49,6.444630360444589,-9.266663158222112,-3.092642804994595
52.561325,-1.492474,138.5,23.44,6,116.39,24 / 24,626010,2020-01-08 17:42:39:603,7.0185,6.3523,13.2614,-0.2316,-0.0889,9.8035,-0.556,-0.9694,1.0923,-18.44,-33.56,13.44,338.15,-84.42,-144.42,-6.551418320125507,7.152154859133341,3.4548051646510016
52.561325,-1.492474,138.5,23.44,6,116.39,24 / 24,626110,2020-01-08 17:42:39:703,-0.4292,-2.3203,9.2417,-0.0181,-0.0246,9.8065,-0.3628,-0.9723,0.8999,-19.0,-33.31,14.13,333.83,-84.23,-148.88,2.3018457212969965,-0.3763473663611132,-0.5640121232560202
52.561325,-1.492474,138.5,23.44,6,116.39,24 / 24,626210,2020-01-08 17:42:39:803,5.772,5.9525,9.9703,-0.1364,-0.066,9.8054,-0.2303,-0.7461,0.3914,-18.44,-34.12,13.88,341.17,-84.43,-143.94,-6.107385691684707,5.816552019209672,0.1621340212071571
52.561325,-1.492474,138.5,23.44,6,116.39,25 / 25,626311,2020-01-08 17:42:39:904,-2.3575,-1.5639,9.1899,0.0367,0.0518,9.8064,-0.1286,-0.3717,0.3117,-18.25,-33.44,14.13,338.64,-84.45,-146.22,1.6519883197067693,-2.3695303472117173,-0.6156402400713633
52.561325,-1.492474,138.5,23.44,6,116.39,25 / 25,626410,2020-01-08 17:42:40:003,-1.8607,-1.0743,9.951,-0.0587,-0.039,9.8063,-0.1018,-0.3528,0.0148,-18.25,-33.25,14.0,337.89,-84.6,-146.95,1.0624388394174589,-1.7860858850212362,0.14528972374256457
52.561325,-1.492474,138.5,23.44,6,116.39,25 / 25,626510,2020-01-08 17:42:40:103,-5.0483,-5.1805,8.6121,0.0931,0.0662,9.8059,-0.1099,-0.2313,-0.1317,-18.19,-34.0,14.19,330.52,-84.57,-153.26,5.324381329885195,-5.06147869529219,-1.191390012159429
52.561325,-1.492474,138.5,23.44,6,116.39,25 / 25,626610,2020-01-08 17:42:40:203,0.8916,1.0537,10.2918,-0.0663,-0.0538,9.8062,-0.0359,0.124,0.0581,-18.75,-34.06,13.81,337.89,-84.26,-145.29,-1.1220420207317592,0.9410771803305524,0.4851097446694795
52.561325,-1.492474,138.5,23.44,6,116.39,25 / 25,626710,2020-01-08 17:42:40:303,3.2377,4.4302,10.7596,0.0919,0.0651,9.8059,0.0235,0.3631,-0.256,-18.06,-33.81,14.13,340.94,-84.48,-144.17,-4.41256851021152,3.0794322165224233,0.9518590791359263
52.561325,-1.492474,138.5,23.44,6,116.39,25 / 25,626810,2020-01-08 17:42:40:403,0.3496,-0.0201,10.5239,0.0086,0.0178,9.8066,0.0111,0.2567,-0.0737,-17.81,-33.94,14.0,335.04,-84.66,-149.38,0.03249971844789956,0.3416356753962966,0.7172625276684426
52.561325,-1.492474,138.5,23.44,6,116.39,25 / 25,626910,2020-01-08 17:42:40:503,2.0093,1.9931,10.8284,0.002,-0.0088,9.8066,0.0583,0.2835,-0.013,-18.37,-33.75,14.06,331.4,-84.42,-152.38,-2.032411086893441,1.9768798565727363,1.0208738151944063
52.561325,-1.492474,138.5,23.44,6,116.39,25 / 25,627009,2020-01-08 17:42:40:602,-1.9429,-1.7976,9.275,0.0405,0.0454,9.8064,0.0496,0.2607,-0.3294,-17.87,-33.37,14.69,332.31,-84.4,-153.72,1.8730105821007987,-1.9553215136688558,-0.5305277160734991
52.561325,-1.492474,138.5,23.44,6,116.39,25 / 25,627110,2020-01-08 17:42:40:703,1.7275,2.2895,10.1087,0.0189,0.0257,9.8065,-0.0139,0.2194,-0.1899,-18.12,-33.75,13.94,332.21,-84.46,-151.71,-2.289525275307995,1.6741449375994195,0.30123409773146304
52.561325,-1.492474,138.5,23.44,6,116.39,25 / 25,627210,2020-01-08 17:42:40:803,-2.8082,-3.9895,9.762,0.036,0.0353,9.8064,0.0212,0.2713,-0.0383,-18.56,-32.81,13.69,329.53,-84.52,-152.85,4.067447334960574,-2.7828956148645814,-0.042710819350632076
52.561325,-1.492474,138.5,23.44,6,116.39,25 / 25,627310,2020-01-08 17:42:40:903,0.6155,-0.0787,9.3457,0.0028,0.0015,9.8066,0.012,0.0757,-0.158,-18.31,-34.0,13.75,333.61,-84.42,-150.46,0.07105434015367003,0.6137802370986045,-0.46096338389562597
52.561325,-1.492474,138.5,23.44,6,116.39,25 / 25,627410,2020-01-08 17:42:41:003,-2.2953,-2.6301,10.0147,-0.0032,0.0393,9.8065,-0.0106,-0.3237,0.2574,-18.69,-33.81,13.81,333.77,-84.44,-148.97,2.703756892970455,-2.251360709657746,0.2093791506433234
52.561325,-1.492474,138.5,23.44,6,116.39,25 / 25,627509,2020-01-08 17:42:41:102,0.485,0.7439,10.3555,-0.0143,-0.0413,9.8065,0.0393,-0.1676,0.2752,-17.69,-33.87,14.0,333.8,-84.54,-150.38,-0.7928505644694991,0.4874222337637075,0.5486784836798266
52.561325,-1.492474,138.5,23.44,6,116.39,25 / 25,627610,2020-01-08 17:42:41:203,0.448,-0.1895,9.3965,0.0524,0.0192,9.8064,-0.035,-0.1282,0.0132,-18.56,-33.87,14.0,331.6,-84.48,-150.89,0.20281279945420938,0.3986593536674781,-0.40989114178154124
52.561325,-1.492474,138.5,23.44,6,116.39,25 / 25,627710,2020-01-08 17:42:41:303,3.1765,2.8566,10.9797,-0.0089,-0.0143,9.8066,-0.0466,-0.2099,0.1388,-17.87,-33.69,14.31,335.14,-84.53,-149.21,-2.9192102094274293,3.141698658629997,1.1717273025483106
52.561325,-1.492474,138.5,23.44,6,116.39,25 / 25,627810,2020-01-08 17:42:41:403,-0.9324,-0.8364,9.2066,0.0587,0.0124,9.8064,-0.0748,-0.3149,0.2347,-17.75,-34.0,14.56,333.26,-84.56,-152.88,0.8639112521733284,-0.9782092205974308,-0.599386986100365
52.561325,-1.492474,138.5,23.44,6,116.39,25 / 25,627909,2020-01-08 17:42:41:502,-1.9106,-2.3563,10.1767,-0.0089,-0.0288,9.8065,-0.0167,-0.4558,0.1373,-18.19,-33.5,13.63,332.4,-84.63,-151.77,2.3559290693032557,-1.8661633138819158,0.3712140707639761
52.561325,-1.492474,138.5,23.44,6,116.39,25 / 25,628010,2020-01-08 17:42:41:603,-0.5907,0.8269,9.1316,0.0146,-0.0344,9.8065,-0.0182,-0.0241,0.1356,-18.31,-33.75,14.13,332.99,-84.54,-151.08,-0.8518140114318055,-0.6183756052980834,-0.675085395117302
52.561325,-1.492474,138.5,23.44,6,116.39,25 / 25,628109,2020-01-08 17:42:41:702,1.08,-0.7638,11.3078,0.0088,0.0014,9.8066,-0.0543,0.0429,-0.0036,-17.87,-34.31,13.69,333.44,-84.62,-150.75,0.7484018195396351,1.0828818442696375,1.5012872969092073
52.561325,-1.492474,138.5,23.44,6,116.39,25 / 25,628210,2020-01-08 17:42:41:803,-0.7928,0.7028,9.7259,0.0205,-0.0116,9.8066,0.0518,-0.0778,0.0081,-18.25,-34.5,13.75,333.12,-84.61,-151.01,-0.7019690326590682,-0.8240425815477038,-0.08080866898970518
52.561325,-1.492474,138.5,23.44,6,116.39,25 / 25,628310,2020-01-08 17:42:41:903,0.8796,1.0296,8.66,-0.0161,-0.0198,9.8066,0.0634,-0.1955,0.1164,-18.44,-34.0,14.19,334.1,-84.65,-150.2,-1.0624849554166533,0.8795358311664092,-1.1470627058743064
52.561325,-1.492474,138.5,23.44,6,116.39,25 / 25,628410,2020-01-08 17:42:42:003,0.0273,1.0507,9.998,-0.025,0.0126,9.8066,0.0706,0.0322,-0.0014,-18.0,-33.87,13.94,334.24,-84.8,-150.17,-1.0388343539064515,0.036591460139863266,0.19106310525216047
52.561325,-1.492474,138.5,23.44,6,116.39,25 / 25,628510,2020-01-08 17:42:42:103,-1.0147,-0.7207,11.2261,0.0216,-0.023,9.8066,0.1151,0.0016,-0.1583,-18.44,-34.25,13.88,335.7,-84.83,-148.92,0.71286856621895,-1.025410414494907,1.419871515011948
52.561325,-1.492474,138.5,23.44,6,116.39,25 / 25,628610,2020-01-08 17:42:42:203,0.3588,1.3095,10.0052,-0.0044,-0.039,9.8066,0.0249,0.2309,-0.0028,-18.75,-34.37,13.75,333.35,-84.68,-149.49,-1.3539117699569396,0.342753571445425,0.19811955590873404
52.561325,-1.492474,138.5,23.44,6,116.39,25 / 25,628710,2020-01-08 17:42:42:303,1.1003,0.8045,10.6185,0.0007,0.0188,9.8066,-0.1437,0.0872,-0.0023,-18.19,-33.94,14.5,336.57,-84.57,-150.01,-0.8025302335241785,1.0876825950158509,0.8114912549000216
52.561325,-1.492474,138.5,23.44,6,116.39,25 / 25,628810,2020-01-08 17:42:42:403,-0.7684,0.7966,9.306,0.0197,-0.0047,9.8066,-0.1641,-0.0595,0.0281,-18.37,-34.44,14.19,334.48,-84.62,-149.84,-0.789106778320639,-0.8002210577805104,-0.5007398636947766
52.561325,-1.492474,138.5,23.44,6,116.39,25 / 25,628910,2020-01-08 17:42:42:503,-0.2068,0.8884,9.1577,-0.0071,-0.0203,9.8066,-0.0531,-0.0811,0.0575,-18.62,-34.19,14.38,335.84,-84.78,-147.38,-0.9053625343143212,-0.21353673514095406,-0.6491592518059731
52.561325,-1.492474,138.5,23.44,6,116.39,25 / 25,629010,2020-01-08 17:42:42:603,-0.1194,0.4983,10.6917,-0.0106,0.0049,9.8065,0.09,0.0792,-0.0436,-18.44,-34.06,13.81,337.81,-84.87,-147.1,-0.49197750209590196,-0.11613944199742898,0.8850592112644242
52.561325,-1.492474,138.5,23.44,6,116.39,25 / 25,629110,2020-01-08 17:42:42:703,0.1109,1.1992,9.2454,0.0005,0.0176,9.8066,0.0742,0.0996,-0.1227,-18.44,-34.06,13.88,338.0,-84.78,-146.87,-1.182957845189242,0.09240495648335748,-0.5615907945493174
52.561325,-1.492474,138.5,23.44,6,116.39,25 / 25,629209,2020-01-08 17:42:42:802,0.1342,-0.466,10.1488,-0.0109,-0.007,9.8066,0.0981,-0.0198,-0.0548,-18.31,-33.5,13.63,337.32,-84.71,-147.52,0.45663943490185743,0.15208611806176361,0.34232453780793415
52.560497,-1.489673,139.04,23.48,6,115.36,25 / 25,629310,2020-01-08 17:42:42:903,1.0157,0.5824,11.4461,0.0134,0.0046,9.8065,0.1283,-0.0183,-0.0321,-18.19,-34.25,13.94,334.74,-84.6,-149.6,-0.5934441639809466,0.9936599214150472,1.6392712633394135
52.560497,-1.489673,139.04,23.48,6,115.36,25 / 25,629410,2020-01-08 17:42:43:003,0.5758,1.4888,10.2339,0.0116,0.0173,9.8066,0.0203,0.1623,-0.0815,-18.0,-34.44,13.69,335.97,-84.51,-148.48,-1.4800162421028544,0.5418988521765323,0.4267513762385572
52.560497,-1.489673,139.04,23.48,6,115.36,25 / 25,629510,2020-01-08 17:42:43:103,-1.1224,-0.9714,10.4504,-0.0007,0.0059,9.8066,-0.1065,0.1065,-0.0231,-18.44,-34.37,14.5,338.33,-84.53,-148.46,0.9939781757962225,-1.1066728387920104,0.6442726394321339
52.560497,-1.489673,139.04,23.48,6,115.36,25 / 25,629610,2020-01-08 17:42:43:203,-0.3257,0.1606,9.625,-0.0331,0.0001,9.8065,-0.0763,0.0425,0.0563,-18.31,-33.81,13.38,337.71,-84.6,-144.91,-0.15599011656450848,-0.29502376016806736,-0.18150846941805668
52.560497,-1.489673,139.04,23.48,6,115.36,25 / 25,629710,2020-01-08 17:42:43:303,-1.3315,0.6164,9.7071,-0.0005,-0.0015,9.8066,0.1005,0.0164,-0.038,-19.19,-34.12,14.06,338.08,-84.57,-145.29,-0.5976299059114982,-1.3402236053412513,-0.0995029810925853
52.560497,-1.489673,139.04,23.48,6,115.36,25 / 25,629810,2020-01-08 17:42:43:403,-3.7853,-3.8173,8.565,-0.0744,-0.052,9.8062,0.2215,-0.2299,0.3656,-19.19,-34.25,13.44,333.91,-84.31,-146.67,3.8214916286420992,-3.6535958582108807,-1.2394673763688415
52.560497,-1.489673,139.04,23.48,6,115.36,25 / 25,629911,2020-01-08 17:42:43:504,0.4565,0.9592,11.8169,-0.0752,-0.0099,9.8063,-0.2151,-0.4322,-0.053,-18.94,-33.75,13.81,341.43,-84.27,-142.25,-0.9776871660722253,0.5172369560384837,2.0102153607526
52.560497,-1.489673,139.04,23.48,6,115.36,25 / 25,630010,2020-01-08 17:42:43:603,-0.6378,-1.7258,11.6909,0.0005,0.0267,9.8065,-0.0417,-0.2087,0.1011,-19.0,-33.5,13.88,344.36,-84.15,-139.74,1.7613684383950368,-0.611408523731967,1.8850483657810282
52.560497,-1.489673,139.04,23.48,6,115.36,25 / 25,630109,2020-01-08 17:42:43:702,6.7018,6.7875,10.028,0.0185,-0.0773,9.8063,-0.0874,-0.4987,0.5798,-18.69,-34.37,13.75,339.37,-84.51,-144.15,-6.9653479423183695,6.57854781598767,0.21855318621592362
52.560497,-1.489673,139.04,23.48,6,115.36,25 / 25,630210,2020-01-08 17:42:43:803,2.7956,3.6968,11.5837,-0.1075,-0.0612,9.8058,-0.1708,-0.4294,0.1697,-18.75,-34.19,13.94,338.03,-84.92,-145.54,-3.8021240657734228,2.84607445365255,1.7762868047511133
52.560497,-1.489673,139.04,23.48,6,115.36,24 / 24,630311,2020-01-08 17:42:43:904,1.6435,1.9377,10.7175,-0.0102,0.0038,9.8066,-0.1137,-0.4933,0.3371,-18.25,-33.62,13.75,335.11,-84.73,-149.37,-1.9590257205970294,1.624335246546841,0.9100466707070045
52.560497,-1.489673,139.04,23.48,6,115.36,24 / 24,630411,2020-01-08 17:42:44:004,-4.5222,-3.5909,9.8154,-0.0759,-0.0711,9.806,-0.1197,-0.524,0.4905,-18.69,-33.56,13.81,332.88,-84.58,-149.84,3.5867632176426,-4.392455934388995,0.011161317888461622
52.560497,-1.489673,139.04,23.48,6,115.36,24 / 24,630510,2020-01-08 17:42:44:103,0.2759,1.0917,9.6527,-0.0411,-0.0193,9.8065,-0.0868,-0.5692,0.2384,-18.56,-33.87,14.56,339.92,-84.51,-145.64,-1.1156264756710488,0.30010808871729894,-0.15419838477832823
52.560497,-1.489673,139.04,23.48,6,115.36,24 / 24,630610,2020-01-08 17:42:44:203,-2.3894,-2.9176,10.1772,-0.04,-0.0038,9.8066,-0.1117,-0.3059,0.2083,-18.69,-33.44,14.19,338.99,-84.61,-144.61,2.9489451687032027,-2.3049281964481976,0.37186497710876365
52.560497,-1.489673,139.04,23.48,6,115.36,24 / 24,630711,2020-01-08 17:42:44:304,0.3154,1.5818,10.4051,-0.0099,-0.031,9.8065,-0.1539,-0.1368,0.1106,-18.75,-34.5,13.63,336.88,-84.7,-146.42,-1.6177349028111372,0.3009093072889945,0.598041188392152
52.560497,-1.489673,139.04,23.48,6,115.36,24 / 24,630810,2020-01-08 17:42:44:403,-0.622,-0.9658,9.9558,-0.014,-0.0034,9.8066,-0.1042,-0.1814,0.0506,-18.75,-33.62,14.44,334.81,-84.75,-148.27,0.9714542519304918,-0.5933269224464554,0.14959344740457997
52.560497,-1.489673,139.04,23.48,6,115.36,24 / 24,630910,2020-01-08 17:42:44:503,0.498,2.519,9.4709,-0.0267,-0.0241,9.8065,0.0786,-0.0318,0.0686,-18.81,-34.25,13.63,335.92,-84.8,-147.32,-2.550651013884273,0.4860594694717951,-0.336482774459447
52.560497,-1.489673,139.04,23.48,6,115.36,24 / 24,631010,2020-01-08 17:42:44:603,0.1612,1.6083,11.0751,0.0277,0.0034,9.8066,0.102,0.2059,-0.1099,-18.06,-34.12,13.19,336.25,-84.9,-146.35,-1.6071435994123195,0.10934494550672104,1.267971468038674
52.560497,-1.489673,139.04,23.48,6,115.36,24 / 24,631109,2020-01-08 17:42:44:702,0.171,0.7161,9.7306,0.0131,-0.0236,9.8066,0.0161,0.118,-0.1316,-18.56,-34.25,13.19,333.97,-84.72,-146.89,-0.7419832787600866,0.14666322728310124,-0.07625753604291659
52.560497,-1.489673,139.04,23.48,6,115.36,24 / 24,631211,2020-01-08 17:42:44:804,1.0149,0.7328,9.0908,-0.0078,0.0142,9.8065,0.0368,0.1819,-0.0094,-18.37,-33.56,13.5,335.6,-84.81,-148.99,-0.73378487352239,1.0115939665843916,-0.7160762153289182
52.560497,-1.489673,139.04,23.48,6,115.36,25 / 25,631310,2020-01-08 17:42:44:903,-1.4657,-1.6739,11.1384,-0.0085,0.0429,9.8065,-0.0892,0.2307,-0.2502,-18.69,-33.75,14.06,333.34,-84.95,-149.69,1.7382569892261426,-1.4308328932054841,1.3326558299604936
52.560497,-1.489673,139.04,23.48,6,115.36,25 / 25,631410,2020-01-08 17:42:45:003,-0.6196,1.58,9.9633,-0.0199,0.029,9.8066,-0.1086,0.1225,-0.1113,-18.69,-33.81,13.38,331.42,-84.75,-149.16,-1.5417852422575984,-0.6231100481321292,0.1562949604864324
52.560497,-1.489673,139.04,23.48,6,115.36,25 / 25,631511,2020-01-08 17:42:45:104,-2.5157,-1.1856,11.8906,0.0053,0.0136,9.8066,-0.0025,0.0708,0.0725,-18.25,-33.56,13.88,334.57,-84.86,-149.93,1.2365949630048045,-2.502248032634587,2.084745864763253
52.560497,-1.489673,139.04,23.48,6,115.36,25 / 25,631609,2020-01-08 17:42:45:202,0.9788,2.5379,8.2127,0.0019,0.0341,9.8065,0.0586,0.057,-0.0682,-18.25,-33.75,14.06,335.59,-84.51,-148.81,-2.517805438995296,0.9386266363302367,-1.5947358085078205
52.560497,-1.489673,139.04,23.48,6,115.36,25 / 25,631709,2020-01-08 17:42:45:302,-0.6181,-0.6388,10.3933,-0.0331,0.0397,9.8065,0.042,-0.0856,0.067,-18.25,-33.75,14.13,335.63,-84.54,-148.79,0.6870986030976114,-0.574569887817192,0.5871000286450775
52.560497,-1.489673,139.04,23.48,6,115.36,25 / 25,631810,2020-01-08 17:42:45:403,0.5865,1.4926,8.8414,-0.0232,0.0235,9.8065,-0.0265,-0.0628,0.0181,-18.69,-33.69,14.0,335.87,-84.55,-147.21,-1.4778612390373906,0.5872347862126325,-0.9656543760645792
52.560497,-1.489673,139.04,23.48,6,115.36,25 / 25,631910,2020-01-08 17:42:45:503,-0.8766,0.0202,11.1084,-0.0174,0.0401,9.8065,0.0693,-0.2118,0.1017,-19.0,-33.5,13.69,335.84,-84.63,-147.38,0.032500545257729524,-0.8586173102308562,1.3020308326341123
52.560497,-1.489673,139.04,23.48,6,115.36,25 / 25,632010,2020-01-08 17:42:45:603,-0.0819,1.9735,9.7247,-0.0104,-0.0029,9.8066,0.0806,-0.218,0.0852,-18.81,-34.0,14.31,334.44,-84.52,-148.44,-1.9750634844742478,-0.1014498332820871,-0.08251656575185032
52.560497,-1.489673,139.04,23.48,6,115.36,25 / 25,632110,2020-01-08 17:42:45:703,-1.6542,0.5081,9.3783,0.009,0.0174,9.8065,-0.0606,-0.1376,0.0713,-18.69,-33.94,14.5,334.55,-84.54,-150.34,-0.4653060325289099,-1.6705042038773148,-0.42811443671105437
52.560497,-1.489673,139.04,23.48,6,115.36,25 / 25,632209,2020-01-08 17:42:45:802,-1.1456,-0.3623,10.0203,-0.0176,-0.004,9.8065,-0.1697,-0.1766,0.1119,-18.31,-33.44,14.5,335.05,-84.58,-151.44,0.37528205619521987,-1.122411533384884,0.21407722443660648
52.560497,-1.489673,139.04,23.48,6,115.36,25 / 25,632310,2020-01-08 17:42:45:903,-0.0588,1.2859,10.4923,0.0186,0.0235,9.8065,0.0018,-0.1361,0.1179,-18.56,-33.69,14.81,332.25,-84.72,-152.49,-1.2613012733490911,-0.096422947176692,0.6854107331416126
52.560497,-1.489673,139.04,23.48,6,115.36,25 / 25,632409,2020-01-08 17:42:46:002,-1.111,-1.5652,9.6834,-0.0019,-0.0202,9.8066,0.0245,-0.0146,-0.0562,-18.94,-33.31,14.94,332.51,-84.71,-152.35,1.561667019795527,-1.0855799820024818,-0.12254905939438532
52.560497,-1.489673,139.04,23.48,6,115.36,25 / 25,632510,2020-01-08 17:42:46:103,-1.0789,-0.83,10.0667,-0.0124,-0.0069,9.8066,0.0857,-0.0463,0.0389,-19.44,-32.87,14.44,328.16,-84.6,-154.13,0.8390820373062837,-1.0538694188676574,0.26051574356549584
52.560497,-1.489673,139.04,23.48,6,115.36,25 / 25,632610,2020-01-08 17:42:46:203,-2.2468,0.4725,8.7838,-0.0297,-0.0014,9.8066,0.1084,0.0597,-0.0698,-20.0,-31.37,16.19,333.39,-84.64,-152.27,-0.43992535339818506,-2.2241694160449477,-1.0226287460108667
52.560497,-1.489673,139.04,23.48,6,115.36,25 / 25,632710,2020-01-08 17:42:46:303,0.8512,2.0436,10.1203,-0.0512,0.0025,9.8065,0.1332,-0.0047,-0.1334,-21.31,-29.0,16.13,332.51,-84.6,-151.96,-2.054638991122845,0.8714134899617102,0.31302165367663143
52.560497,-1.489673,139.04,23.48,6,115.36,25 / 25,632809,2020-01-08 17:42:46:402,0.0988,-0.0165,10.2315,-0.0177,-0.0211,9.8066,-0.0295,0.0589,-0.0667,-22.75,-26.75,14.5,327.16,-84.59,-152.95,-0.006500385004559009,0.11647649393358678,0.42488162040235683
52.560497,-1.489673,139.04,23.48,6,115.36,25 / 25,632910,2020-01-08 17:42:46:503,-2.2788,1.3721,9.0605,0.0477,-0.0181,9.8065,-0.1228,-0.068,-0.1492,-22.37,-29.37,11.69,320.3,-84.34,-153.98,-1.3545508873859418,-2.3474018959615885,-0.7461035600490711
52.560497,-1.489673,139.04,23.48,6,115.36,25 / 25,633010,2020-01-08 17:42:46:603,-0.4775,-3.7201,9.1474,-0.0684,-0.0697,9.8061,0.0014,0.2034,0.227,-20.12,-31.44,11.94,314.64,-84.24,-160.72,3.6563898196968814,-0.35383424484018744,-0.6574826793120762
52.560497,-1.489673,139.04,23.48,6,115.36,25 / 25,633110,2020-01-08 17:42:46:703,-4.5018,-0.669,6.5644,0.0089,0.0207,9.8066,-0.0693,0.0668,0.009,-19.81,-33.19,12.38,318.78,-84.23,-156.65,0.7590025198823304,-4.500186284083835,-3.2413268893087586
52.560497,-1.489673,139.04,23.48,6,115.36,25 / 25,633209,2020-01-08 17:42:46:802,-1.9421,-0.5272,10.5256,-0.0952,-0.0556,9.8059,0.0173,0.2286,-0.2127,-18.56,-33.0,13.38,330.18,-84.38,-150.07,0.49930026632540986,-1.8394413425648892,0.720117387174101
52.560497,-1.489673,139.04,23.48,6,115.36,25 / 25,633310,2020-01-08 17:42:46:903,3.1274,2.8744,11.3883,0.0065,0.0064,9.8066,0.1493,0.3651,-0.1572,-18.31,-33.94,13.56,328.29,-84.43,-155.1,-2.9154637327300663,3.077307288395992,1.580337551259406
52.560497,-1.489673,139.04,23.48,6,115.36,25 / 25,633410,2020-01-08 17:42:47:003,0.2562,1.384,10.3189,-0.0662,-0.0155,9.8064,0.1125,0.3372,-0.2678,-18.25,-34.0,14.06,326.91,-84.29,-156.19,-1.4043879612626062,0.3012295069762647,0.5120092756850176
52.560497,-1.489673,139.04,23.48,6,115.36,25 / 25,633510,2020-01-08 17:42:47:103,1.5598,1.6648,10.9812,-0.0275,-0.0327,9.8064,0.183,0.3452,-0.268,-18.0,-33.37,13.94,330.62,-84.36,-153.13,-1.7217310590393125,1.5615618176867494,1.174031272957506
52.560497,-1.489673,139.04,23.48,6,115.36,25 / 25,633610,2020-01-08 17:42:47:203,-3.8069,-1.109,7.8447,-0.0647,-0.0152,9.8063,0.2336,0.3802,-0.2857,-18.31,-33.56,14.13,329.48,-84.36,-154.0,1.1510027846940099,-3.7254720281831752,-1.9607102276602164
52.560497,-1.489673,139.04,23.48,6,115.36,25 / 25,633710,2020-01-08 17:42:47:303,2.0541,2.9528,10.659,-0.0762,-0.0188,9.8062,0.1696,0.3527,-0.3456,-18.62,-34.0,14.06,332.25,-84.48,-150.32,-3.0038094426694064,2.0851490754327346,0.851548386970537
52.560497,-1.489673,139.04,23.48,6,115.36,25 / 25,633810,2020-01-08 17:42:47:403,-1.8017,0.0936,9.0334,-0.0111,-0.0339,9.8065,0.0528,0.3154,-0.1708,-18.12,-33.19,13.56,332.18,-84.37,-151.78,-0.10010722537026281,-1.7924346968723712,-0.7728807287523201
52.560497,-1.489673,139.04,23.48,6,115.36,25 / 25,633910,2020-01-08 17:42:47:503,1.0598,2.7479,10.4441,-0.0393,-0.0193,9.8065,-0.0346,0.3024,-0.1338,-18.12,-33.75,14.31,332.06,-84.37,-151.77,-2.7837394162012488,1.0571343807151854,0.6365627807195869
52.560497,-1.489673,139.04,23.48,6,115.36,25 / 25,634010,2020-01-08 17:42:47:603,-0.3526,-0.9435,10.8044,0.0193,-0.0238,9.8066,-0.0411,0.1329,-0.0217,-18.5,-34.31,13.38,327.68,-84.31,-153.37,0.9249107413406736,-0.3577820532193348,0.9981456120961522
52.560497,-1.489673,139.04,23.48,6,115.36,25 / 25,634110,2020-01-08 17:42:47:703,0.4982,2.9779,7.9863,-0.0026,-0.0367,9.8066,0.0547,-0.0102,0.0462,-18.12,-33.5,14.44,330.64,-84.11,-152.93,-3.0212605545748485,0.4548098631468036,-1.8213287840899204
52.560497,-1.489673,139.04,23.48,6,115.36,25 / 25,634210,2020-01-08 17:42:47:803,-2.6981,-0.7692,9.5273,-0.0526,0.0131,9.8064,0.1922,-0.0398,-0.0789,-18.44,-33.56,14.06,329.72,-84.17,-153.64,0.8223839835783783,-2.633381932934977,-0.27846818282418595
52.560497,-1.489673,139.04,23.48,6,115.36,25 / 25,634310,2020-01-08 17:42:47:903,-0.1674,0.0157,11.2477,0.0411,-0.0139,9.8065,0.1952,-0.0867,-0.0215,-18.87,-33.5,14.44,330.59,-84.43,-151.86,-0.02689768384020879,-0.20872251507884915,1.4412207590453285
52.560497,-1.489673,139.04,23.48,6,115.36,25 / 25,634410,2020-01-08 17:42:48:003,-2.6337,-1.7313,9.2546,0.0436,0.0069,9.8065,0.0343,-0.1271,0.1489,-18.37,-33.5,14.19,328.99,-84.32,-154.53,1.7787431585474551,-2.650732659041495,-0.550960330887288
52.560497,-1.489673,139.04,23.48,6,115.36,25 / 25,634510,2020-01-08 17:42:48:103,2.7012,0.987,12.0831,0.002,-0.0105,9.8065,-0.047,-0.1334,0.1463,-18.19,-33.94,14.69,332.6,-84.36,-153.33,-1.0390108810118197,2.6840950801925283,2.27589200965804
52.560497,-1.489673,139.04,23.48,6,115.36,25 / 25,634610,2020-01-08 17:42:48:203,0.6955,1.0369,10.3344,0.0642,0.0122,9.8064,-0.1133,-0.327,0.2307,-18.75,-33.56,14.44,327.47,-84.3,-154.37,-1.0343164189954743,0.6157752130132909,0.527583370127239
52.560497,-1.489673,139.04,23.48,6,115.36,25 / 25,634710,2020-01-08 17:42:48:303,1.5001,2.5529,9.5449,-0.0286,-0.0148,9.8066,-0.068,-0.3225,0.2149,-18.06,-34.12,14.56,333.71,-84.31,-152.32,-2.59048442760171,1.4895818204909879,-0.2627361802565425
52.560497,-1.489673,139.04,23.48,6,115.36,25 / 25,634810,2020-01-08 17:42:48:403,-1.1165,0.1327,10.0071,0.0072,0.0246,9.8066,-0.0533,-0.4474,0.201,-18.37,-33.0,14.56,332.06,-84.29,-153.86,-0.09112528401078487,-1.1251808192344153,0.20062865358897272
52.560497,-1.489673,139.04,23.48,6,115.36,25 / 25,634910,2020-01-08 17:42:48:503,-2.8964,-0.9636,9.5122,-0.037,-0.0274,9.8065,-0.03,-0.3524,0.2545,-18.56,-33.94,14.19,327.64,-84.28,-154.2,0.979512181749306,-2.8449276019515777,-0.2935883435335241
52.560497,-1.489673,139.04,23.48,6,115.36,25 / 25,635010,2020-01-08 17:42:48:603,-0.3833,-1.2068,10.8051,-0.0079,0.0215,9.8065,0.0915,-0.2747,0.1472,-18.19,-33.87,14.44,330.92,-84.34,-152.74,1.2335280753605797,-0.3566056090186322,0.9990440114998311
52.560497,-1.489673,139.04,23.48,6,115.36,25 / 25,635109,2020-01-08 17:42:48:702,-0.4083,-0.1151,9.4836,-0.0135,-0.0276,9.8066,0.0804,-0.2541,0.1037,-18.44,-33.37,14.19,331.62,-84.19,-152.13,0.09357512950743302,-0.3934741497370399,-0.3229149712019882
52.560497,-1.489673,139.04,23.48,6,115.36,25 / 25,635210,2020-01-08 17:42:48:803,2.3603,2.445,10.0289,-0.0266,0.0036,9.8065,0.1005,-0.2371,0.1029,-18.37,-33.25,14.13,331.22,-84.32,-152.58,-2.4773570133867255,2.3496648666042708,0.22127940001079488
52.560497,-1.489673,139.04,23.48,6,115.36,25 / 25,635309,2020-01-08 17:42:48:902,-0.7294,1.8149,8.8162,-0.0032,-0.0412,9.8065,0.0823,-0.1332,0.0411,-18.5,-33.5,14.13,329.58,-84.21,-153.92,-1.8445671482468757,-0.7543792260775034,-0.9907834066389556
52.560497,-1.489673,139.04,23.48,6,115.36,25 / 25,635411,2020-01-08 17:42:49:004,-0.8307,0.0494,8.4799,-0.0021,-0.0099,9.8066,-0.12,0.0125,0.0628,-18.19,-33.5,14.38,330.39,-84.15,-153.17,-0.04631450486571567,-0.8295893835377776,-1.3265985682792105
52.560497,-1.489673,139.04,23.48,6,115.36,25 / 25,635510,2020-01-08 17:42:49:103,-2.0912,-0.6415,9.3573,-0.028,-0.0143,9.8066,-0.1192,-0.054,0.0222,-18.81,-33.0,14.63,331.02,-84.28,-153.38,0.6585331275735725,-2.0535227341813993,-0.4488018160483729
52.560497,-1.489673,139.04,23.48,6,115.36,25 / 25,635610,2020-01-08 17:42:49:203,1.2755,1.102,8.9906,-0.0391,0.005,9.8066,0.1415,0.0472,-0.0307,-18.94,-33.75,14.19,332.22,-84.64,-150.46,-1.1165322585665374,1.2977128472594637,-0.8165385732701438
52.560497,-1.489673,139.04,23.48,6,115.36,25 / 25,635709,2020-01-08 17:42:49:302,-0.6864,-1.0952,10.6702,-0.0231,0.0037,9.8066,0.1253,0.256,-0.0994,-18.81,-34.12,14.44,333.25,-84.59,-149.52,1.1085483215565752,-0.6464521602157599,0.8640447229897753
52.560497,-1.489673,139.04,23.48,6,115.36,25 / 25,635811,2020-01-08 17:42:49:404,2.5635,0.8687,9.6718,-0.0009,-0.0456,9.8065,-0.0737,0.2162,-0.0845,-18.75,-33.81,14.56,336.03,-84.29,-148.9,-0.9530078370016949,2.5502331575340507,-0.13536190316059404
52.560497,-1.489673,139.04,23.48,6,115.36,25 / 25,635909,2020-01-08 17:42:49:502,-0.4586,1.2861,10.6258,0.0114,0.0155,9.8066,-0.065,0.088,0.0476,-18.44,-34.06,14.38,332.76,-84.04,-150.92,-1.263594249387091,-0.4890834181599012,0.8188650578678405
52.560497,-1.489673,139.04,23.48,6,115.36,25 / 25,636009,2020-01-08 17:42:49:602,-0.3312,-0.7553,11.0893,0.0259,-0.007,9.8066,-0.0916,-0.0088,-0.0731,-17.81,-33.37,14.06,330.25,-83.82,-153.05,0.7532151869423924,-0.34554087649986726,1.2829890782181432
52.560497,-1.489673,139.04,23.48,6,115.36,25 / 25,636109,2020-01-08 17:42:49:702,0.2036,0.3359,10.0703,-0.0402,0.0259,9.8065,-0.0203,-0.0822,0.124,-18.62,-33.25,13.94,330.02,-84.22,-152.2,-0.3137427121408148,0.23911184979126746,0.263666292627488
52.560497,-1.489673,139.04,23.48,6,115.36,25 / 25,636210,2020-01-08 17:42:49:803,-1.7561,-0.7805,9.8766,0.0113,0.0095,9.8066,0.0008,-0.1376,0.134,-18.94,-33.5,13.75,330.09,-84.13,-152.07,0.816666609032411,-1.755217133854347,0.07050689835494195
52.560497,-1.489673,139.04,23.48,6,115.36,24 / 25,636309,2020-01-08 17:42:49:902,-0.2841,0.7163,9.2318,-0.0021,0.0168,9.8066,0.0278,-0.0418,-0.0108,-18.81,-33.5,14.5,333.3,-84.02,-151.2,-0.6949632144429938,-0.292647083922684,-0.5749809604174827
52.560497,-1.489673,139.04,23.48,6,115.36,24 / 25,636410,2020-01-08 17:42:50:003,-0.5708,-0.4908,10.0689,0.0062,0.0021,9.8066,0.0564,-0.0718,0.0544,-17.94,-33.25,14.5,333.4,-84.01,-152.5,0.5015023397350717,-0.569428524517453,0.26254001353341405
52.560497,-1.489673,139.04,23.48,6,115.36,24 / 25,636509,2020-01-08 17:42:50:102,-0.1474,0.8492,9.5903,0.0051,0.0182,9.8066,0.0239,-0.038,0.0182,-18.25,-33.19,14.38,330.4,-84.02,-153.07,-0.8285247949959421,-0.1651041897000876,-0.2165414755200716
52.560497,-1.489673,139.04,23.48,6,115.36,24 / 25,636610,2020-01-08 17:42:50:203,-1.0073,0.3854,9.0597,-0.0003,-0.0086,9.8066,-0.0633,0.0267,-0.0277,-18.25,-33.75,14.38,330.71,-83.93,-152.6,-0.3784581156123212,-1.012959016054848,-0.7468789035180774
52.560497,-1.489673,139.04,23.48,6,115.36,24 / 25,636710,2020-01-08 17:42:50:303,-0.1522,-1.4742,9.3459,0.06,-0.0047,9.8064,-0.2996,0.0932,0.1044,-19.0,-34.0,13.81,330.55,-84.09,-151.52,1.472693560739964,-0.18997422359351723,-0.46000305490842863
52.560497,-1.489673,139.04,23.48,6,115.36,24 / 25,636809,2020-01-08 17:42:50:402,-0.5805,1.5396,6.691,0.0263,-0.031,9.8065,-0.3387,0.0621,0.0,-18.31,-33.94,14.63,334.05,-83.98,-151.81,-1.5602303569605347,-0.6309649588135862,-3.1159100282209966
52.560497,-1.489673,139.04,23.48,6,115.36,24 / 25,636909,2020-01-08 17:42:50:502,-0.5605,-3.0973,13.3713,-0.0072,-0.0604,9.8064,-0.1712,0.352,-0.2565,-18.44,-33.62,14.69,335.04,-84.22,-151.11,3.0437962954883124,-0.5067213606967016,3.5659433652520773
52.560497,-1.489673,139.04,23.48,6,115.36,24 / 25,637010,2020-01-08 17:42:50:603,0.8261,3.6294,10.437,0.0608,-0.0916,9.806,-0.016,0.2713,-0.2344,-18.56,-33.5,14.19,331.67,-83.67,-150.36,-3.7323700174562244,0.708919729980272,0.6297086304303959
52.560497,-1.489673,139.04,23.48,6,115.36,24 / 25,637110,2020-01-08 17:42:50:703,4.4202,-0.0758,11.655,-0.0801,-0.0812,9.806,0.0013,0.3096,-0.2197,-19.69,-33.0,14.63,341.16,-83.44,-142.8,-0.07417857882156623,4.499960723443832,1.8483455510014577
52.560497,-1.489673,139.04,23.48,6,115.36,24 / 25,637210,2020-01-08 17:42:50:803,-3.3519,-7.2105,10.6885,0.1456,-0.107,9.8049,0.7384,-1.0754,-0.3172,-19.37,-33.19,14.5,340.26,-83.01,-144.68,7.15539618933823,-3.3893418173926806,0.8863604675735585
52.560497,-1.489673,139.04,23.48,6,115.36,25 / 25,637309,2020-01-08 17:42:50:902,9.8115,6.6785,4.7443,0.3027,-0.1741,9.8004,0.7341,-2.0296,0.4265,-18.87,-33.44,13.69,335.09,-83.21,-147.14,-6.994275811065883,9.40316835849016,-5.059652370531811
52.560497,-1.489673,139.04,23.48,6,115.36,25 / 25,637410,2020-01-08 17:42:51:003,8.0127,-0.0266,15.438,-0.1018,-0.2373,9.8032,-0.3693,-1.9148,1.3518,-18.5,-33.5,15.0,335.61,-84.77,-151.06,-0.3354265492649832,8.111165808658603,5.633556073608909
52.560497,-1.489673,139.04,23.48,6,115.36,25 / 25,637509,2020-01-08 17:42:51:102,7.6555,7.4437,9.3837,-0.0962,-0.1568,9.8049,-0.4369,-1.2825,1.3036,-19.0,-33.5,15.13,338.91,-83.98,-146.32,-7.716946550056462,7.635587641496664,-0.4247350851943949
52.560497,-1.489673,139.04,23.48,6,115.36,25 / 25,637610,2020-01-08 17:42:51:203,-7.7427,-6.5507,8.0658,-0.1501,-0.0853,9.8051,-0.3142,-1.0134,0.7562,-18.06,-33.5,15.06,335.12,-84.38,-151.25,6.580256235004667,-7.494007918165351,-1.736147924042543
52.560497,-1.489673,139.04,23.48,6,115.36,25 / 25,637710,2020-01-08 17:42:51:303,3.6213,3.1276,9.354,-0.0784,-0.0891,9.8058,-0.1136,-0.5155,0.2991,-18.06,-33.44,14.38,341.11,-84.29,-144.0,-3.2722442326136223,3.6504722225214588,-0.4533568734740126
52.560497,-1.489673,139.04,23.48,6,115.36,25 / 25,637811,2020-01-08 17:42:51:404,-5.3645,-5.1432,9.958,-0.0497,-0.069,9.8062,-0.0082,-0.2977,0.2659,-18.44,-32.56,15.13,341.65,-84.44,-145.61,5.154098753959135,-5.237283874242133,0.15418033285801472
52.560497,-1.489673,139.04,23.48,6,115.36,25 / 25,637910,2020-01-08 17:42:51:503,2.3513,2.4777,10.0324,-0.0533,-0.0767,9.8061,-0.0309,0.0296,0.0027,-19.37,-32.19,14.69,338.37,-84.49,-147.15,-2.590613471857315,2.365651196815922,0.22514098790489323
52.560497,-1.489673,139.04,23.48,6,115.36,25 / 25,638009,2020-01-08 17:42:51:602,-2.656,-4.4888,10.1694,0.0066,-0.0105,9.8065,0.0142,0.2654,-0.2071,-19.87,-32.25,15.06,335.22,-84.58,-148.65,4.518013561237946,-2.594387897068804,0.3647066766772093
52.560497,-1.489673,139.04,23.48,6,115.36,25 / 25,638109,2020-01-08 17:42:51:702,2.2106,3.3359,9.0921,-0.0091,-0.0493,9.8065,0.1234,0.6633,-0.3353,-19.37,-32.0,13.88,335.43,-84.54,-147.78,-3.41821600972149,2.1680522002900453,-0.7157956815329297
52.560497,-1.489673,139.04,23.48,6,115.36,25 / 25,638210,2020-01-08 17:42:51:803,3.4949,3.8881,10.0172,0.0641,0.0578,9.8063,0.1356,0.8175,-0.5688,-19.06,-33.0,13.75,338.78,-84.52,-144.74,-3.8819110292543133,3.3723986887719746,0.2091874396869663
52.559746,-1.487057,138.86,20.05,6,115.24,25 / 25,638310,2020-01-08 17:42:51:903,4.5737,5.6761,9.6595,-0.0393,-0.0712,9.8062,0.0782,0.8929,-0.5563,-17.81,-33.5,13.44,332.12,-84.7,-149.93,-5.816489383428871,4.5253663008666685,-0.14919207565943776
52.559746,-1.487057,138.86,20.05,6,115.24,25 / 25,638410,2020-01-08 17:42:52:003,-3.9062,-3.6768,9.2276,0.0427,0.0392,9.8064,0.0849,0.8188,-0.4885,-17.81,-33.31,14.56,337.64,-84.54,-149.15,3.775591920488746,-3.8922226659386965,-0.5770485410198823
52.559746,-1.487057,138.86,20.05,6,115.24,25 / 25,638510,2020-01-08 17:42:52:103,-0.782,-1.9915,12.3105,-0.0188,-0.0899,9.8062,0.1626,0.4022,-0.2809,-18.25,-33.81,14.13,339.41,-84.31,-145.39,1.9121458229680863,-0.7339481030494017,2.5050137372349637
52.559746,-1.487057,138.86,20.05,6,115.24,25 / 25,638609,2020-01-08 17:42:52:202,4.2367,4.7769,8.2187,0.0371,-0.0545,9.8064,0.1663,0.3109,-0.1351,-18.44,-33.44,14.25,337.26,-84.32,-147.34,-4.893970507707672,4.125689527457227,-1.589841502388616
52.559746,-1.487057,138.86,20.05,6,115.24,25 / 25,638709,2020-01-08 17:42:52:302,1.2991,0.3942,10.6068,-0.039,-0.0692,9.8063,0.1484,0.0044,-0.1146,-18.56,-33.31,14.63,336.12,-84.55,-149.07,-0.4838773676450828,1.3310371284604618,0.8001589065558115
52.559746,-1.487057,138.86,20.05,6,115.24,25 / 25,638810,2020-01-08 17:42:52:403,1.432,2.3379,8.2206,0.0319,-0.0375,9.8065,0.1594,-0.0635,-0.0926,-19.0,-33.62,14.31,334.49,-84.31,-148.25,-2.3958350474839687,1.3637246830326164,-1.5868564503870797
52.559746,-1.487057,138.86,20.05,6,115.24,25 / 25,638909,2020-01-08 17:42:52:502,-2.6577,-2.2795,9.6591,-0.0376,-0.0304,9.8065,0.2018,-0.1545,0.1059,-19.44,-33.06,14.44,334.41,-84.47,-148.53,2.2885885991348576,-2.585741322458461,-0.14630658645707925
52.559746,-1.487057,138.86,20.05,6,115.24,25 / 25,639010,2020-01-08 17:42:52:603,-0.8911,0.285,8.5593,-0.0087,-0.055,9.8064,0.1954,-0.1448,0.1369,-18.87,-33.06,14.31,337.04,-84.36,-146.17,-0.3261925095679924,-0.8876252346409613,-1.2470798128148466
52.559746,-1.487057,138.86,20.05,6,115.24,25 / 25,639109,2020-01-08 17:42:52:702,-1.2954,-1.5866,9.6789,-0.0626,-0.029,9.8064,0.0364,-0.1492,-0.0055,-18.87,-33.5,14.25,338.29,-84.4,-145.1,1.5761412520073765,-1.209075466814525,-0.12682712354957582
52.559746,-1.487057,138.86,20.05,6,115.24,25 / 25,639210,2020-01-08 17:42:52:803,1.0511,0.2614,12.0617,-0.0305,0.002,9.8066,-0.1971,-0.2286,0.1903,-18.37,-33.87,14.19,338.31,-84.44,-146.41,-0.2764788625571769,1.0778615274477952,2.25486072656539
52.559746,-1.487057,138.86,20.05,6,115.24,25 / 25,639310,2020-01-08 17:42:52:903,-1.7713,-1.1402,8.9926,-0.0377,-0.0171,9.8065,-0.2939,-0.1706,0.3417,-18.56,-33.44,14.31,338.36,-84.49,-145.09,1.1494985085200027,-1.7164977764752722,-0.8132922858762014
52.559746,-1.487057,138.86,20.05,6,115.24,25 / 25,639410,2020-01-08 17:42:53:003,2.0316,0.5941,11.2796,-0.0821,-0.0051,9.8062,-0.206,-0.2006,0.1105,-18.75,-34.0,14.44,338.64,-84.57,-144.81,-0.6316285915096455,2.104584767823163,1.4729033123169575
52.559746,-1.487057,138.86,20.05,6,115.24,25 / 25,639509,2020-01-08 17:42:53:102,-0.7684,-0.7968,9.9997,-0.0011,-0.0073,9.8066,-0.108,-0.2264,0.1432,-18.56,-33.75,14.31,337.85,-84.5,-145.46,0.8009738071643757,-0.755222272502219,0.19346169996459303
52.559746,-1.487057,138.86,20.05,6,115.24,25 / 25,639610,2020-01-08 17:42:53:203,0.0711,0.7783,9.5565,-0.0142,-0.0286,9.8065,0.1237,-0.1341,0.0605,-18.25,-33.44,14.5,343.1,-84.5,-144.39,-0.8080199525139518,0.07302894913110353,-0.25026831387164844
52.559746,-1.487057,138.86,20.05,6,115.24,25 / 25,639710,2020-01-08 17:42:53:303,-0.2433,-1.7758,10.8156,-0.0021,-0.0075,9.8066,0.1053,-0.2677,0.0522,-18.06,-33.5,14.31,339.35,-84.62,-145.69,1.7714293327794146,-0.21423743810557208,1.0095958444261945
52.559746,-1.487057,138.86,20.05,6,115.24,25 / 25,639809,2020-01-08 17:42:53:402,0.1273,0.4576,10.3368,0.0119,-0.0385,9.8065,0.0716,-0.1779,0.1023,-18.19,-33.69,14.69,341.29,-84.47,-145.86,-0.4979609311943628,0.10794415209474877,0.530125863387733
52.559746,-1.487057,138.86,20.05,6,115.24,25 / 25,639910,2020-01-08 17:42:53:503,-0.5595,-0.6562,9.8464,-0.0049,-0.0122,9.8066,0.0778,-0.2525,0.1303,-18.25,-33.5,14.13,338.41,-84.72,-146.57,0.6523166411715287,-0.5447728110986941,0.040084709532710074
52.559746,-1.487057,138.86,20.05,6,115.24,25 / 25,640010,2020-01-08 17:42:53:603,0.2414,1.8914,9.7458,-0.0126,-0.0225,9.8065,0.0341,-0.1258,0.167,-18.44,-33.5,14.25,338.97,-84.77,-146.11,-1.9175094187952715,0.2249627731447945,-0.061343944529391806
52.559746,-1.487057,138.86,20.05,6,115.24,25 / 25,640110,2020-01-08 17:42:53:703,-0.1833,-1.0229,10.6374,0.0188,-0.0423,9.8065,0.0684,-0.1219,0.0696,-18.25,-33.25,14.06,338.65,-84.87,-146.44,0.9832842359276404,-0.18710218496186248,0.831240316490179
52.559746,-1.487057,138.86,20.05,6,115.24,25 / 25,640210,2020-01-08 17:42:53:803,1.1143,0.8965,9.9002,-0.007,-0.0079,9.8066,-0.0231,-0.0737,0.039,-18.25,-33.06,14.94,341.97,-84.59,-145.4,-0.9213159937348363,1.1074808505388882,0.0931504985389338
52.559746,-1.487057,138.86,20.05,6,115.24,25 / 25,640310,2020-01-08 17:42:53:903,-1.066,-1.0309,9.5169,-0.0183,0.0031,9.8066,-0.0779,-0.0336,0.0409,-18.37,-34.0,14.56,340.16,-84.61,-146.91,1.0498485490760514,-1.0319530838087254,-0.28922004913313354
52.559746,-1.487057,138.86,20.05,6,115.24,24 / 24,640410,2020-01-08 17:42:54:003,-0.4075,0.2319,11.3397,-0.0296,-0.0054,9.8066,-0.1507,-0.0904,0.0074,-18.5,-33.44,14.94,341.82,-84.68,-145.57,-0.23203642628669227,-0.38123726841124406,1.533079434357671
52.559746,-1.487057,138.86,20.05,6,115.24,24 / 24,640510,2020-01-08 17:42:54:103,-2.8603,-1.5161,9.0443,-0.0034,0.0047,9.8066,-0.0236,-0.0361,0.0456,-18.44,-33.69,14.75,341.16,-84.77,-146.13,1.564156627529154,-2.833635597308435,-0.7614032349702048
52.559746,-1.487057,138.86,20.05,6,115.24,24 / 24,640609,2020-01-08 17:42:54:202,0.4138,-0.9523,9.6883,-0.0356,-0.004,9.8066,0.2454,0.1653,-0.145,-18.37,-33.62,14.56,342.38,-84.83,-145.09,0.9414195481379954,0.4637005320722397,-0.11806435084128661
52.559746,-1.487057,138.86,20.05,6,115.24,24 / 24,640709,2020-01-08 17:42:54:302,4.9963,3.4298,14.652,0.1262,-0.0179,9.8058,0.6063,0.69,-0.1803,-18.25,-34.25,15.25,341.68,-84.79,-145.68,-3.522643679523592,4.817980472354085,4.844399799265869
52.559746,-1.487057,138.86,20.05,6,115.24,24 / 24,640809,2020-01-08 17:42:54:402,-4.9484,-5.1947,10.137,0.1963,0.0867,9.8042,0.535,0.6695,-0.3081,-19.0,-33.44,14.88,328.68,-84.76,-155.79,5.3586397903091765,-5.0640385181741685,0.3352213808270744
52.559746,-1.487057,138.86,20.05,6,115.24,24 / 24,640910,2020-01-08 17:42:54:503,7.6845,8.1651,11.4455,0.1094,0.0396,9.8059,0.1246,0.1245,-0.284,-18.0,-33.81,14.5,341.56,-84.71,-145.74,-8.239868571126603,7.451341990913137,1.635923862841639
52.559746,-1.487057,138.86,20.05,6,115.24,24 / 24,641009,2020-01-08 17:42:54:602,-0.9861,-0.337,9.9782,0.1562,0.0852,9.805,-0.1593,-0.3477,0.2072,-18.25,-33.44,14.69,333.35,-84.7,-153.01,0.4394043578986476,-1.1357473659552266,0.17349957056270082
52.559746,-1.487057,138.86,20.05,6,115.24,24 / 24,641109,2020-01-08 17:42:54:702,6.0472,6.0168,11.6344,-0.0108,-0.034,9.8065,-0.1323,-0.4635,0.4034,-18.06,-33.31,14.13,335.45,-84.57,-149.06,-6.142479844181483,5.965878575579858,1.8251019794141563
52.559746,-1.487057,138.86,20.05,6,115.24,24 / 24,641210,2020-01-08 17:42:54:803,-2.7362,-1.8492,9.6392,0.0822,0.0463,9.8061,-0.1252,-0.7535,0.4283,-18.69,-32.87,14.63,332.14,-84.47,-152.51,1.938040085124272,-2.789379063179866,-0.16588999471131147
52.559746,-1.487057,138.86,20.05,6,115.24,24 / 24,641310,2020-01-08 17:42:54:903,0.3584,0.1087,10.3198,-0.062,-0.0697,9.8061,-0.1486,-0.8875,0.4979,-18.31,-33.12,14.75,340.48,-84.2,-146.51,-0.18491348620399495,0.41772062217864525,0.5135824124973231
52.559746,-1.487057,138.86,20.05,6,115.24,24 / 24,641410,2020-01-08 17:42:55:003,3.3887,5.6263,8.8232,0.0166,0.0136,9.8066,-0.0194,-0.7578,0.5721,-18.37,-33.12,14.88,337.57,-84.49,-149.18,-5.662835469144765,3.2865309357933854,-0.9856693753328446
52.559746,-1.487057,138.86,20.05,6,115.24,24 / 24,641510,2020-01-08 17:42:55:103,1.5662,1.9444,10.0849,-0.0328,-0.0754,9.8063,-0.0348,-0.6366,0.3908,-19.37,-33.31,14.88,336.01,-84.59,-149.19,-2.0438850989888113,1.568251318277043,0.2777273930562362
52.559746,-1.487057,138.86,20.05,6,115.24,24 / 24,641610,2020-01-08 17:42:55:203,3.1457,3.0964,9.2161,-0.0068,-0.0325,9.8065,-0.0833,-0.3575,0.2172,-17.94,-33.75,14.88,339.42,-84.34,-147.4,-3.1761188608366404,3.1046459672200575,-0.5918496600167986
52.559746,-1.487057,138.86,20.05,6,115.24,24 / 24,641709,2020-01-08 17:42:55:302,-5.4345,-2.9024,9.5513,-0.0664,-0.0595,9.8062,-0.0542,-0.1941,0.1677,-17.81,-33.62,14.94,342.61,-84.41,-144.69,2.923992510313376,-5.32444359610359,-0.253219710020281
52.559746,-1.487057,138.86,20.05,6,115.24,24 / 24,641810,2020-01-08 17:42:55:403,0.7971,1.4216,9.6048,-0.0297,-0.0431,9.8064,0.0081,0.0766,-0.0696,-18.62,-34.31,14.56,338.5,-84.4,-146.82,-1.4769950917809425,0.8044835689542987,-0.20218451013260114
52.559746,-1.487057,138.86,20.05,6,115.24,24 / 24,641910,2020-01-08 17:42:55:503,-2.9758,-3.7458,10.4147,-0.0317,-0.0288,9.8065,-0.0649,0.2896,-0.192,-18.19,-33.94,14.63,337.64,-84.49,-149.03,3.7609879500592642,-2.887356462914331,0.6098059901114975
52.559746,-1.487057,138.86,20.05,6,115.24,24 / 24,642009,2020-01-08 17:42:55:602,0.7284,1.5362,9.5496,-0.0215,-0.0545,9.8065,-0.0833,0.3836,-0.1382,-18.31,-33.87,14.94,339.79,-84.43,-147.13,-1.60179776831955,0.7256754836098906,-0.2575133237214369
52.559746,-1.487057,138.86,20.05,6,115.24,24 / 24,642110,2020-01-08 17:42:55:703,-2.2919,-2.4764,10.7646,-0.0084,0.0097,9.8066,-0.068,0.3869,-0.2497,-18.0,-34.19,14.56,338.78,-84.37,-147.98,2.520108170999264,-2.245433954283709,0.9591197127640381
52.559746,-1.487057,138.86,20.05,6,115.24,24 / 24,642210,2020-01-08 17:42:55:803,0.9989,1.5806,9.8395,-0.0269,-0.0466,9.8064,-0.0561,0.3884,-0.2164,-18.06,-33.69,14.63,340.24,-84.28,-146.67,-1.6425666395523255,1.0010314135263145,0.03243506995969097
52.559746,-1.487057,138.86,20.05,6,115.24,24 / 24,642310,2020-01-08 17:42:55:903,-1.487,-0.1927,9.0554,-0.0198,0.0293,9.8065,0.0655,0.2768,-0.212,-18.62,-33.81,14.56,338.22,-84.57,-147.16,0.24444544223889403,-1.463773091788293,-0.7508167629489714
52.559746,-1.487057,138.86,20.05,6,115.24,24 / 24,642410,2020-01-08 17:42:56:003,-0.6858,-0.9213,10.2629,-0.0258,-0.0072,9.8065,0.0612,0.0654,-0.1041,-18.25,-33.5,14.0,337.87,-84.55,-146.94,0.9238495930619762,-0.6460097297569797,0.4567856482624376
52.559746,-1.487057,138.86,20.05,6,115.24,24 / 24,642510,2020-01-08 17:42:56:103,-1.3472,-2.4766,11.2755,-0.0103,0.0243,9.8066,-0.0771,0.0887,0.1965,-17.87,-33.62,14.44,337.27,-84.61,-147.41,2.5204003923470526,-1.298646756391171,1.4698871025937719
52.559746,-1.487057,138.86,20.05,6,115.24,24 / 24,642610,2020-01-08 17:42:56:203,-4.7442,-3.305,11.1656,0.0471,0.0414,9.8064,-0.0347,-0.219,0.2789,-18.75,-33.31,14.56,336.56,-84.59,-148.7,3.418179491918518,-4.739854460146708,1.3609562622123583
52.559746,-1.487057,138.86,20.05,6,115.24,24 / 24,642710,2020-01-08 17:42:56:303,5.5093,9.6221,8.4456,0.0345,0.1558,9.8053,0.1655,-0.7543,0.5919,-18.12,-33.0,14.63,334.6,-84.89,-152.03,-9.547732876175097,5.330546736853343,-1.3634966928553232
52.559746,-1.487057,138.86,20.05,6,115.24,24 / 24,642809,2020-01-08 17:42:56:402,-1.1404,-2.0328,10.6991,0.0434,0.0866,9.8061,0.0872,-0.9743,0.5527,-18.25,-33.37,15.13,337.06,-84.32,-149.53,2.136808359149948,-1.151425588253299,0.8938439186918767
52.559746,-1.487057,138.86,20.05,6,115.24,24 / 24,642910,2020-01-08 17:42:56:503,5.1686,5.7948,8.2013,0.0314,0.0697,9.8063,-0.0164,-0.8953,0.5327,-18.31,-33.75,14.5,339.82,-83.99,-146.88,-5.8017688840221995,5.049638048031164,-1.6075609631574894
52.559746,-1.487057,138.86,20.05,6,115.24,24 / 24,643009,2020-01-08 17:42:56:602,-2.5973,-1.5693,8.245,0.0357,0.1117,9.8059,-0.0653,-0.8315,0.4612,-18.81,-33.56,14.31,333.66,-84.59,-149.16,1.7212007411814638,-2.6074459002231545,-1.5599848383769137
52.559746,-1.487057,138.86,20.05,6,115.24,24 / 24,643110,2020-01-08 17:42:56:703,2.7038,4.6141,9.011,0.0363,-0.0011,9.8065,-0.1125,-0.4269,0.2925,-17.81,-33.44,13.38,335.39,-84.61,-147.02,-4.654833922180888,2.5971523672591466,-0.7973507873917899
52.559746,-1.487057,138.86,20.05,6,115.24,24 / 24,643210,2020-01-08 17:42:56:803,-3.0368,-1.163,9.8071,0.0593,0.0497,9.8063,-0.0847,-0.3056,0.1299,-18.5,-33.75,14.06,333.66,-84.63,-150.56,1.2594726639462235,-3.0773695065563413,0.001633673585422108
52.559746,-1.487057,138.86,20.05,6,115.24,24 / 24,643310,2020-01-08 17:42:56:903,-3.0222,-2.2701,10.8271,-0.0001,-0.0654,9.8064,-0.0929,0.2389,-0.1263,-18.06,-33.81,14.31,335.36,-84.13,-148.76,2.2499117536903244,-2.988204159858348,1.0218375553929278
52.559746,-1.487057,138.86,20.05,6,115.24,24 / 24,643410,2020-01-08 17:42:57:003,-4.0613,-2.6918,9.5119,0.0167,-0.0168,9.8066,-0.0678,0.2879,-0.2885,-18.94,-33.75,14.69,334.27,-84.09,-150.3,2.7365768717910934,-4.037041324393805,-0.2932600550958092
52.559746,-1.487057,138.86,20.05,6,115.24,24 / 24,643509,2020-01-08 17:42:57:102,-1.9399,-1.5221,9.8638,-0.0503,-0.0467,9.8063,-0.0274,0.5284,-0.2043,-18.25,-33.44,14.56,336.17,-84.33,-150.3,1.5038434612618015,-1.8670196247043622,0.05824203798724251
52.559746,-1.487057,138.86,20.05,6,115.24,24 / 24,643610,2020-01-08 17:42:57:203,2.1035,4.1776,8.2744,-0.0116,-0.0197,9.8066,-0.0722,0.4884,-0.3519,-18.25,-33.94,14.56,340.34,-84.37,-146.63,-4.228376654251952,2.0510445583191137,-1.533838071494715
52.559746,-1.487057,138.86,20.05,6,115.24,24 / 24,643710,2020-01-08 17:42:57:303,-2.935,-0.4522,8.9767,0.0707,-0.0341,9.8063,-0.1935,0.3416,0.0156,-18.37,-33.69,14.06,332.25,-84.26,-151.53,0.46385938796744597,-2.9991361414501876,-0.829031442854703
52.559746,-1.487057,138.86,20.05,6,115.24,24 / 24,643810,2020-01-08 17:42:57:403,0.4961,3.2328,8.5292,0.008,-0.0427,9.8065,-0.14,0.1045,0.0302,-18.0,-34.25,14.19,332.6,-84.2,-151.17,-3.282111579501542,0.4382342706996379,-1.2784097362294513
52.559746,-1.487057,138.86,20.05,6,115.24,24 / 24,643910,2020-01-08 17:42:57:503,0.0659,2.1268,10.4876,0.0213,0.0012,9.8065,-0.0501,-0.2055,0.1218,-18.37,-34.37,14.25,330.74,-84.37,-152.91,-2.1262491816869167,0.012483116426958018,0.6804192231117442
52.559746,-1.487057,138.86,20.05,6,115.24,24 / 24,644010,2020-01-08 17:42:57:603,-1.5307,2.9359,7.0647,0.0216,-0.0227,9.8065,0.065,-0.1929,0.1978,-18.25,-34.25,14.69,333.24,-84.27,-152.7,-2.9338640521182433,-1.5973350955493457,-2.742513228083811
52.559746,-1.487057,138.86,20.05,6,115.24,24 / 24,644109,2020-01-08 17:42:57:702,-0.9892,1.5386,8.7191,-0.0576,0.041,9.8063,0.1644,-0.2702,0.0558,-18.12,-34.06,14.5,336.13,-84.48,-150.34,-1.4829651477132073,-0.9543372104225825,-1.0875398932778473
52.559746,-1.487057,138.86,20.05,6,115.24,24 / 24,644210,2020-01-08 17:42:57:803,-2.5405,-0.9054,11.695,-0.0208,0.0307,9.8065,0.1805,-0.216,0.2132,-17.87,-33.37,14.5,340.34,-84.89,-146.97,0.9735679198650774,-2.504962100774304,1.8891622294271013
52.559746,-1.487057,138.86,20.05,6,115.24,24 / 24,644310,2020-01-08 17:42:57:903,-2.0752,0.005,9.524,-0.0129,0.0248,9.8065,0.0341,-0.2696,-0.0186,-18.19,-33.75,14.19,338.81,-85.04,-146.32,0.0511359788435435,-2.061802823125552,-0.2821946318043932
52.559746,-1.487057,138.86,20.05,6,115.24,24 / 24,644410,2020-01-08 17:42:58:003,-1.6074,-1.8223,11.5777,-0.0059,0.041,9.8065,-0.0196,-0.4031,0.0608,-18.69,-33.87,14.94,337.12,-85.16,-148.45,1.886786300676388,-1.5728349597867957,1.7720232009915617
52.559746,-1.487057,138.86,20.05,6,115.24,24 / 24,644510,2020-01-08 17:42:58:103,1.5405,2.8191,9.5571,0.0471,0.0583,9.8063,-0.0583,-0.2193,0.3766,-17.37,-33.5,14.44,341.35,-84.95,-145.64,-2.7830313756880964,1.4513617600862643,-0.2502923156929245
52.559746,-1.487057,138.86,20.05,6,115.24,24 / 24,644609,2020-01-08 17:42:58:202,0.8089,0.0027,11.8137,-0.0455,-0.0021,9.8065,-0.1575,-0.1651,0.0835,-18.44,-33.25,14.0,339.27,-85.15,-146.05,-0.01838638947638335,0.8545105759902106,2.0070744520826587
52.559746,-1.487057,138.86,20.05,6,115.24,24 / 24,644710,2020-01-08 17:42:58:303,-0.1592,2.624,7.6688,0.0334,0.0287,9.8065,-0.2476,-0.2872,0.1725,-17.69,-34.44,14.5,341.71,-85.15,-145.83,-2.5914009247412477,-0.23220176115945101,-2.138495202090632
52.559746,-1.487057,138.86,20.05,6,115.24,24 / 24,644809,2020-01-08 17:42:58:402,-2.9027,-1.9768,10.1236,-0.0179,0.0243,9.8066,-0.1434,-0.2692,0.4676,-18.94,-34.69,14.13,340.26,-85.11,-143.61,2.0444795067796724,-2.8541035405555304,0.3180531027145236
52.559746,-1.487057,138.86,20.05,6,115.24,24 / 24,644909,2020-01-08 17:42:58:502,-0.7399,1.5096,9.1101,0.0174,0.0025,9.8066,-0.0413,-0.1698,-0.0538,-18.37,-34.25,13.88,340.6,-85.11,-144.78,-1.4952298346585362,-0.7801463922798091,-0.6968682071667537
52.559746,-1.487057,138.86,20.05,6,115.24,24 / 24,645010,2020-01-08 17:42:58:603,-2.2127,-2.4803,10.675,0.032,0.0409,9.8065,-0.0881,-0.1059,-0.1333,-19.0,-33.62,14.69,339.0,-85.11,-146.76,2.554644824998609,-2.2061191184867703,0.8696252256891955
52.559746,-1.487057,138.86,20.05,6,115.24,24 / 24,645110,2020-01-08 17:42:58:703,1.401,1.6884,10.4224,0.0487,0.0259,9.8064,0.0349,0.0117,0.2441,-18.19,-33.31,14.81,345.11,-84.76,-142.74,-1.6829958858572163,1.3270407796254136,0.6152764885796124
52.559746,-1.487057,138.86,20.05,6,115.24,24 / 24,645210,2020-01-08 17:42:58:803,0.3239,-0.8521,10.0809,0.002,-0.0074,9.8066,-0.0027,0.0173,0.0169,-18.81,-34.44,14.44,337.84,-84.71,-145.59,0.8396379441351571,0.3347004557540194,0.2745212517939891
52.559746,-1.487057,138.86,20.05,6,115.24,24 / 24,645310,2020-01-08 17:42:58:903,1.8337,1.2718,8.6316,0.0262,0.0339,9.8065,-0.0783,0.0191,-0.0423,-18.06,-33.75,15.31,340.89,-84.64,-146.29,-1.264769888197188,1.7883710146617304,-1.175554726002769
52.559746,-1.487057,138.86,20.05,6,115.24,24 / 24,645410,2020-01-08 17:42:59:003,-1.2813,-0.6026,9.7507,-0.0201,0.012,9.8066,-0.0653,-0.0392,0.1314,-18.37,-33.81,14.94,342.6,-84.86,-144.91,0.6336570056369635,-1.2517505746159812,-0.05552214113089123
52.559746,-1.487057,138.86,20.05,6,115.24,24 / 24,645510,2020-01-08 17:42:59:103,-0.1003,0.8033,9.5006,0.0137,-0.0053,9.8066,-0.0185,0.009,-0.0215,-17.87,-33.56,14.94,342.13,-84.94,-145.36,-0.8066820729233083,-0.126281778846434,-0.3062399476807922
52.559746,-1.487057,138.86,20.05,6,115.24,24 / 24,645610,2020-01-08 17:42:59:203,-0.1401,-1.2976,9.8909,0.0014,0.0133,9.8065,-0.0126,0.0582,-0.0655,-18.69,-33.0,14.69,340.52,-84.88,-145.37,1.3128665006565932,-0.12160906752086684,0.08483634922848667
52.559746,-1.487057,138.86,20.05,6,115.24,24 / 24,645710,2020-01-08 17:42:59:303,0.9321,1.2026,10.4728,0.0013,0.0063,9.8066,0.0406,0.1206,-0.0177,-18.31,-33.06,14.69,343.58,-84.72,-144.06,-1.2104788809996705,0.912660106601641,0.6656854951639452
52.559746,-1.487057,138.86,20.05,6,115.24,24 / 24,645810,2020-01-08 17:42:59:403,-0.9754,-1.5468,9.4904,0.0121,0.0139,9.8066,-0.0073,0.276,-0.1188,-19.12,-33.31,13.75,340.35,-84.8,-143.51,1.5755843690456637,-0.9637831127992834,-0.315561701576573
52.559746,-1.487057,138.86,20.05,6,115.24,24 / 24,645910,2020-01-08 17:42:59:503,1.1644,1.2678,9.1852,-0.0234,-0.0006,9.8066,-0.0263,0.271,-0.1259,-18.81,-34.31,14.06,341.0,-84.76,-142.86,-1.2860534461819386,1.168357621364197,-0.6219745671357918
52.559746,-1.487057,138.86,20.05,6,115.24,24 / 24,646010,2020-01-08 17:42:59:603,0.9574,1.0266,9.6821,-0.0008,0.0226,9.8066,0.0183,0.0785,-0.0835,-18.44,-33.69,14.0,344.86,-84.93,-140.99,-1.018363603338196,0.942859852807096,-0.12495743019375356
52.559746,-1.487057,138.86,20.05,6,115.24,24 / 24,646109,2020-01-08 17:42:59:702,0.4711,0.7173,10.5785,-0.004,-0.0126,9.8066,0.0338,-0.0189,-0.028,-19.37,-33.81,13.69,344.54,-84.9,-139.83,-0.7372614249581384,0.464094171270983,0.771599521423514
52.559746,-1.487057,138.86,20.05,6,115.24,24 / 24,646210,2020-01-08 17:42:59:803,0.7283,1.4582,9.8442,0.0003,-0.0198,9.8066,-0.0061,-0.0716,0.1281,-19.06,-33.37,14.88,346.43,-84.81,-140.15,-1.488872938003382,0.705526924078687,0.03702558414454081
52.559746,-1.487057,138.86,20.05,6,115.24,24 / 24,646309,2020-01-08 17:42:59:902,-0.734,-0.2099,9.4802,-0.0227,-0.007,9.8066,-0.0494,-0.076,0.013,-18.62,-33.37,14.81,346.0,-84.81,-140.53,0.21375857897089545,-0.7081897399133446,-0.3262324664986801
52.559746,-1.487057,138.86,20.05,6,115.24,24 / 24,646410,2020-01-08 17:43:00:003,-0.804,0.3478,9.7978,-0.0198,0.0066,9.8066,-0.0635,0.0352,0.0253,-18.56,-33.75,14.25,346.58,-84.87,-138.04,-0.32927578154864634,-0.7892810882616417,-0.008794509539862995
52.559746,-1.487057,138.86,20.05,6,115.24,24 / 24,646510,2020-01-08 17:43:00:103,-0.268,0.9048,9.4636,0.0038,0.0053,9.8066,0.0327,0.0474,-0.0659,-18.87,-33.94,13.88,347.32,-84.97,-137.43,-0.8951688260618128,-0.2854461727537903,-0.343245896271652
52.559746,-1.487057,138.86,20.05,6,115.24,24 / 24,646610,2020-01-08 17:43:00:203,0.0199,0.7615,9.8233,0.0105,0.0103,9.8066,-0.0226,0.0748,0.0108,-18.56,-34.12,14.0,346.01,-85.05,-138.61,-0.7512614876048196,-0.0019809763725757656,0.016460345512924263
52.559746,-1.487057,138.86,20.05,6,115.24,24 / 24,646710,2020-01-08 17:43:00:303,-1.7943,1.2242,7.94,-0.0136,0.0294,9.8066,-0.1632,0.0068,-0.0782,-19.25,-34.81,14.06,347.02,-85.39,-137.79,-1.1670854162792472,-1.7988609456005749,-1.8667206592046115
52.559746,-1.487057,138.86,20.05,6,115.24,24 / 24,646809,2020-01-08 17:43:00:402,2.4096,1.4118,10.549,-0.0651,0.0147,9.8064,-0.0555,-0.1123,0.1816,-18.87,-34.0,13.69,350.56,-85.52,-134.74,-1.4346734372078127,2.453351027134993,0.7417979012008578
52.559746,-1.487057,138.86,20.05,6,115.24,24 / 24,646910,2020-01-08 17:43:00:503,-0.466,-0.0403,10.516,0.0047,-0.0259,9.8065,0.0049,-0.0172,0.1522,-18.44,-33.75,13.31,346.42,-85.81,-137.88,0.021303810613447438,-0.4703283013286942,0.7095727845842256
52.559746,-1.487057,138.86,20.05,6,115.24,24 / 24,647010,2020-01-08 17:43:00:603,1.2442,0.1146,11.3101,0.0059,0.0159,9.8066,0.072,-0.0966,-0.0884,-17.81,-33.87,13.75,345.34,-85.65,-140.86,-0.11793160053582766,1.2368731048937307,1.5032890241020196
52.559746,-1.487057,138.86,20.05,6,115.24,24 / 24,647110,2020-01-08 17:43:00:703,-0.6697,-0.6562,10.5911,0.0195,-0.0154,9.8066,0.0605,-0.0795,0.0466,-18.37,-33.56,14.38,343.93,-85.41,-142.01,0.6509186341740147,-0.6793014414241353,0.7848031685487319
52.559746,-1.487057,138.86,20.05,6,115.24,24 / 24,647210,2020-01-08 17:43:00:803,0.2818,0.3573,9.6926,-0.0088,-0.0181,9.8065,0.0206,0.0064,0.0399,-18.44,-33.0,14.13,342.5,-85.32,-143.29,-0.37972368847176063,0.28486257950242033,-0.11406121695225059
52.559116,-1.484874,138.83,15.53,6,113.58,23 / 23,647310,2020-01-08 17:43:00:903,0.2323,0.614,9.9214,0.0044,0.0056,9.8066,-0.0048,-0.0089,-0.0601,-18.44,-33.62,14.19,342.41,-85.24,-143.27,-0.6118199370682925,0.21867140719016084,0.11457395115481382
52.559116,-1.484874,138.83,15.53,6,113.58,23 / 23,647410,2020-01-08 17:43:01:003,0.1961,0.4264,9.8058,-0.0048,-0.0122,9.8066,-0.0169,-0.0005,0.0972,-18.19,-33.0,14.31,342.74,-85.2,-143.02,-0.4415934141333086,0.19423112278857638,-0.0009682635886954132
52.559116,-1.484874,138.83,15.53,6,113.58,23 / 23,647509,2020-01-08 17:43:01:102,0.4032,0.9265,10.0869,-0.0152,-0.0057,9.8066,-0.0666,0.0234,0.0546,-18.81,-33.69,13.88,339.6,-85.11,-144.26,-0.9385220666882984,0.4042664965363195,0.279943601672508
52.559116,-1.484874,138.83,15.53,6,113.58,23 / 23,647610,2020-01-08 17:43:01:203,0.0152,-1.5782,8.5454,-0.0012,-0.0028,9.8066,-0.0618,0.1245,-0.0343,-19.0,-33.25,13.94,341.27,-84.91,-142.76,1.5753733668727308,0.04009188183079408,-1.2607025644295884
52.559116,-1.484874,138.83,15.53,6,113.58,23 / 23,647710,2020-01-08 17:43:01:303,0.5433,0.3338,9.9278,-0.0341,0.0211,9.8065,-0.1426,-0.0028,-0.0121,-18.56,-33.44,14.31,346.8,-85.16,-137.99,-0.32145160821944235,0.5726126611265661,0.12111706688442589
52.559116,-1.484874,138.83,15.53,6,113.58,23 / 23,647810,2020-01-08 17:43:01:403,-0.5872,0.1401,9.8238,-0.002,0.0035,9.8066,0.0313,-0.029,0.1049,-18.75,-33.62,14.06,349.25,-85.3,-135.84,-0.127722837299185,-0.5872001757522269,0.017241532089689128
52.559116,-1.484874,138.83,15.53,6,113.58,23 / 23,647910,2020-01-08 17:43:01:503,0.7545,0.1103,10.6338,0.0211,-0.0074,9.8065,0.0782,-0.0156,-0.0016,-18.62,-33.56,14.38,348.05,-85.24,-136.87,-0.12906319832027013,0.7316483829213196,0.8271562576732174
52.559116,-1.484874,138.83,15.53,6,113.58,23 / 23,648010,2020-01-08 17:43:01:603,0.8661,-1.2684,10.278,0.0276,-0.0239,9.8065,0.0898,0.1203,-0.0435,-19.12,-33.31,13.88,344.68,-84.92,-139.78,1.231501508488694,0.8573265911860523,0.47177314530966635
52.559116,-1.484874,138.83,15.53,6,113.58,23 / 23,648110,2020-01-08 17:43:01:703,-0.5025,0.394,8.7767,-0.0011,0.0166,9.8066,0.0481,0.1192,-0.0033,-18.5,-33.44,14.25,346.87,-84.84,-139.26,-0.36943050529269733,-0.5072052142036915,-1.0299469415672677
52.559116,-1.484874,138.83,15.53,6,113.58,23 / 23,648210,2020-01-08 17:43:01:803,-0.3404,-1.18,10.4886,-0.0337,0.0389,9.8064,0.0619,-0.1203,-0.0225,-18.81,-33.25,14.13,348.77,-85.07,-136.24,1.2231892604017438,-0.2881002835143366,0.6826310862221217
52.559116,-1.484874,138.83,15.53,6,113.58,23 / 23,648311,2020-01-08 17:43:01:904,-0.3017,-1.1121,9.4277,-0.0155,-0.0055,9.8066,0.0628,-0.2071,0.0697,-19.37,-33.12,14.25,349.89,-85.09,-135.26,1.1109304289158035,-0.2694529756933052,-0.37850744510375495
52.559116,-1.484874,138.83,15.53,6,113.58,23 / 23,648409,2020-01-08 17:43:02:002,0.186,-1.165,10.0564,0.0036,0.0227,9.8066,-0.0059,-0.1011,0.0862,-18.56,-33.44,13.63,348.4,-85.23,-136.61,1.1847200834538656,0.20041019843115618,0.2501502872791689
52.559116,-1.484874,138.83,15.53,6,113.58,23 / 23,648510,2020-01-08 17:43:02:103,-0.2289,-1.1027,10.3427,-0.0031,-0.0008,9.8066,-0.022,-0.0049,-0.0413,-19.25,-33.69,13.38,345.57,-85.21,-137.0,1.1050235591503195,-0.2090028467441579,0.5364822492642236
52.559116,-1.484874,138.83,15.53,6,113.58,23 / 23,648611,2020-01-08 17:43:02:204,0.4826,0.4012,10.2774,-0.0006,-0.0188,9.8066,0.0256,0.1237,-0.0586,-18.31,-34.44,13.75,348.5,-85.15,-137.89,-0.4274235848411454,0.47684665659695125,0.4705966693611993
52.559116,-1.484874,138.83,15.53,6,113.58,23 / 23,648710,2020-01-08 17:43:02:303,-0.1432,-0.9724,10.0267,0.0009,-0.0032,9.8066,0.0219,0.1109,-0.0401,-18.5,-32.56,14.13,347.95,-85.16,-138.42,0.9712018010169875,-0.12936720847506167,0.22042832638463308
52.559116,-1.484874,138.83,15.53,6,113.58,23 / 23,648810,2020-01-08 17:43:02:403,0.7467,-0.0031,9.9723,-0.0153,-0.0027,9.8066,0.021,0.063,-0.0438,-19.19,-33.5,14.31,347.8,-85.16,-137.11,-0.011198812407520088,0.7619418065609923,0.1655896132468244
52.559116,-1.484874,138.83,15.53,6,113.58,23 / 23,648909,2020-01-08 17:43:02:502,-0.5487,-0.5944,8.7643,-0.0194,0.0096,9.8065,0.0126,0.0633,-0.0854,-18.81,-34.12,13.88,350.16,-85.26,-135.02,0.6122834512319476,-0.5202334894394076,-1.0419315821171713
52.559116,-1.484874,138.83,15.53,6,113.58,23 / 23,649009,2020-01-08 17:43:02:602,-0.126,0.5718,10.1392,-0.0281,0.0037,9.8066,0.0149,0.1104,-0.0725,-19.06,-33.31,14.25,351.0,-85.43,-134.35,-0.5666575940064141,-0.1064500249897354,0.33243396838251565
52.559116,-1.484874,138.83,15.53,6,113.58,23 / 23,649110,2020-01-08 17:43:02:703,-1.6253,-0.5535,10.0844,0.0103,-0.0047,9.8066,0.0867,0.1494,-0.1427,-19.19,-33.62,14.0,349.84,-85.54,-135.38,0.5734309074388537,-1.627057813617665,0.2782112606268062
52.559116,-1.484874,138.83,15.53,6,113.58,23 / 23,649210,2020-01-08 17:43:02:803,0.5325,-0.0006,10.0074,-0.0075,-0.0181,9.8066,0.0452,0.1424,-0.0812,-19.12,-34.19,14.25,347.0,-85.4,-137.86,-0.025744216141268622,0.539700992880983,0.20071612695185467
52.559116,-1.484874,138.83,15.53,6,113.58,23 / 24,649310,2020-01-08 17:43:02:903,0.4046,-1.1571,9.7735,-0.0083,0.0048,9.8066,-0.0894,0.0656,-0.0702,-19.19,-33.5,14.69,348.54,-85.38,-138.46,1.155520854685914,0.43045315032325693,-0.032791306206351185
52.559116,-1.484874,138.83,15.53,6,113.58,23 / 24,649410,2020-01-08 17:43:03:003,-0.0987,0.6587,9.4812,-0.013,-0.0035,9.8066,-0.0607,0.1093,-0.0465,-19.0,-33.69,14.38,348.53,-85.52,-136.54,-0.6607214934778667,-0.09576948400411968,-0.3255976105409284
52.559116,-1.484874,138.83,15.53,6,113.58,23 / 24,649510,2020-01-08 17:43:03:103,0.3103,0.429,9.7099,0.0016,0.0073,9.8066,0.0367,0.0843,-0.0797,-19.06,-34.62,14.13,350.15,-85.75,-135.13,-0.42629811589270816,0.3022613717542,-0.0968785297761924
52.559116,-1.484874,138.83,15.53,6,113.58,23 / 24,649610,2020-01-08 17:43:03:203,0.7148,0.6805,10.7025,-0.0165,-0.0146,9.8065,0.049,0.0553,-0.0281,-19.19,-33.56,13.69,350.73,-85.67,-134.62,-0.7063870058839657,0.7208094475395602,0.8956733993236605
52.559116,-1.484874,138.83,15.53,6,113.58,23 / 24,649710,2020-01-08 17:43:03:303,-0.5582,0.0561,9.5373,0.0038,0.0105,9.8066,0.0667,0.0636,-0.005,-19.0,-33.25,13.94,351.42,-85.61,-134.02,-0.03699331510472379,-0.5626641663246684,-0.2692329485254883
52.559116,-1.484874,138.83,15.53,6,113.58,23 / 24,649809,2020-01-08 17:43:03:402,-0.13,-0.0701,10.0448,-0.0154,-0.0236,9.8065,0.0287,0.0616,-0.0701,-18.69,-33.81,13.81,352.33,-85.47,-133.16,0.04815497526955228,-0.1138488630076477,0.23833135494234697
52.559116,-1.484874,138.83,15.53,6,113.58,23 / 24,649910,2020-01-08 17:43:03:503,-0.9907,-0.5267,9.8304,-0.0103,0.0075,9.8066,0.0171,-0.0363,0.0347,-18.5,-34.31,13.69,353.81,-85.48,-133.32,0.548986095661216,-0.9721898662876021,0.024111629110217494
52.559116,-1.484874,138.83,15.53,6,113.58,23 / 24,650009,2020-01-08 17:43:03:602,-0.8816,-0.7077,9.47,-0.0021,0.0054,9.8065,-0.0277,-0.1283,0.0623,-18.75,-33.75,14.38,353.81,-85.54,-131.87,0.7264517796935112,-0.8686412565425452,-0.3361462318877276
52.559116,-1.484874,138.83,15.53,6,113.58,23 / 24,650109,2020-01-08 17:43:03:702,-0.1107,1.3982,9.5469,-0.0019,0.0173,9.8066,-0.0011,-0.237,0.0244,-19.44,-34.5,14.5,355.2,-85.7,-132.57,-1.3790099220605534,-0.12974741711604146,-0.26012224551211016
52.559116,-1.484874,138.83,15.53,6,113.58,23 / 24,650211,2020-01-08 17:43:03:804,1.2433,1.1103,10.364,0.0491,0.0259,9.8065,-0.0868,-0.2881,0.078,-19.0,-33.81,13.31,346.7,-85.75,-136.2,-1.1025480612261274,1.1777101438633064,0.5569828002083902
52.559116,-1.484874,138.83,15.53,6,113.58,23 / 24,650309,2020-01-08 17:43:03:902,1.3575,2.4577,11.4013,0.03,0.013,9.8065,-0.0814,-0.1382,0.2211,-18.31,-33.81,14.19,353.19,-85.71,-133.91,-2.465042883227356,1.290528896752902,1.5938319015805602
52.559116,-1.484874,138.83,15.53,6,113.58,23 / 24,650410,2020-01-08 17:43:04:003,-3.5744,-0.2752,8.7279,0.0516,0.0165,9.8065,0.0238,-0.0215,0.06,-18.81,-33.75,14.63,351.61,-85.67,-135.77,0.34695223272322206,-3.6213150560769716,-1.0779815688770427
52.559116,-1.484874,138.83,15.53,6,113.58,23 / 24,650510,2020-01-08 17:43:04:103,-0.8394,1.8481,10.122,-0.0369,-0.0109,9.8065,0.1141,0.2393,-0.1737,-18.12,-33.75,14.19,351.74,-85.79,-135.21,-1.8467277536206654,-0.8305313408934127,0.3150266588734383
52.559116,-1.484874,138.83,15.53,6,113.58,23 / 24,650610,2020-01-08 17:43:04:203,0.3599,3.5607,10.7952,0.0091,0.0125,9.8065,0.1338,0.3494,-0.242,-18.81,-34.31,14.13,351.74,-85.87,-133.77,-3.553423587366604,0.297135744489782,0.9875235329313232
52.559116,-1.484874,138.83,15.53,6,113.58,23 / 24,650710,2020-01-08 17:43:04:303,1.1116,4.3594,9.9583,-0.0586,-0.039,9.8063,0.0392,0.4746,-0.3616,-18.87,-33.81,13.94,355.16,-85.71,-130.69,-4.415674294925196,1.1034420751892329,0.15043506186706715
52.559116,-1.484874,138.83,15.53,6,113.58,23 / 24,650810,2020-01-08 17:43:04:403,-1.5987,0.4844,9.0717,0.0053,0.0215,9.8065,0.1356,0.4069,-0.4141,-19.44,-33.25,13.81,352.11,-86.03,-133.5,-0.4383083054781675,-1.610932756604213,-0.7347141845972543
52.559116,-1.484874,138.83,15.53,6,113.58,23 / 24,650909,2020-01-08 17:43:04:502,-2.2815,-0.6798,9.161,-0.0448,-0.0205,9.8065,0.1466,0.2433,-0.2165,-19.25,-33.94,13.94,353.86,-86.19,-131.92,0.6933209790973068,-2.2265439394129753,-0.6449664609938267
52.559116,-1.484874,138.83,15.53,6,113.58,23 / 24,651010,2020-01-08 17:43:04:603,-3.2756,-0.0143,8.8264,0.0295,0.0017,9.8066,0.1917,0.2901,-0.0954,-18.81,-34.25,14.44,355.11,-86.06,-130.78,0.06639018421271557,-3.3046155301162314,-0.9797155666594368
52.559116,-1.484874,138.83,15.53,6,113.58,23 / 24,651110,2020-01-08 17:43:04:703,-0.5531,1.3603,10.9125,-0.0296,-0.0315,9.8065,0.1245,0.154,-0.3234,-19.06,-33.56,13.81,355.64,-86.25,-130.33,-1.384061292451958,-0.5443734994654105,1.1056343526754218
52.559116,-1.484874,138.83,15.53,6,113.58,23 / 24,651210,2020-01-08 17:43:04:803,-1.425,-0.1008,8.0866,0.07,0.0146,9.8064,0.0827,0.1277,-0.1749,-19.06,-33.5,14.06,354.17,-86.26,-131.67,0.13858828898365289,-1.4933209178705047,-1.719546487422476
52.559116,-1.484874,138.83,15.53,6,113.58,24 / 24,651310,2020-01-08 17:43:04:903,0.5744,1.9392,11.2793,0.0461,0.042,9.8064,0.0793,0.0119,-0.0461,-18.75,-33.5,13.69,357.75,-86.54,-128.44,-1.9054573299952187,0.49969932327745853,1.4722214812600518
52.559116,-1.484874,138.83,15.53,6,113.58,24 / 24,651410,2020-01-08 17:43:05:003,-3.5787,-0.2849,8.3169,0.0884,0.0095,9.8062,0.049,0.0828,-0.0165,-18.69,-34.25,14.13,357.19,-86.56,-128.95,0.35040583783440143,-3.662427004793338,-1.4886747271892786
52.559116,-1.484874,138.83,15.53,6,113.58,24 / 24,651510,2020-01-08 17:43:05:103,2.4541,2.6413,10.3943,0.0568,0.0258,9.8064,0.0548,-0.1465,0.1013,-18.94,-33.19,14.31,1.63,-86.34,-124.91,-2.651711330288288,2.3574769375769047,0.5867226428336819
52.559116,-1.484874,138.83,15.53,6,113.58,24 / 24,651610,2020-01-08 17:43:05:203,-3.8724,-1.1048,8.5392,0.0439,0.0114,9.8065,0.0308,0.0021,0.1454,-19.06,-33.5,13.81,1.69,-86.28,-124.85,1.1758164391374153,-3.8991152962540325,-1.2663779167262978
52.559116,-1.484874,138.83,15.53,6,113.58,24 / 24,651710,2020-01-08 17:43:05:303,-0.1373,2.6172,10.2001,0.0084,0.0045,9.8066,0.016,0.1208,-0.1317,-19.87,-33.81,13.69,8.14,-86.23,-117.61,-2.610317955404053,-0.18521593092724384,0.3926923231054561
52.559116,-1.484874,138.83,15.53,6,113.58,24 / 24,651809,2020-01-08 17:43:05:402,-4.5221,-0.7414,10.6687,0.0385,0.0306,9.8065,0.0417,0.1484,-0.0793,-18.94,-33.69,14.0,11.37,-86.11,-116.14,0.8407383163309684,-4.548258124161588,0.8631062040392667
52.559116,-1.484874,138.83,15.53,6,113.58,24 / 24,651910,2020-01-08 17:43:05:503,0.5996,3.828,11.2409,0.0591,0.0078,9.8064,0.0253,0.1122,-0.1395,-19.19,-32.56,13.69,6.16,-85.86,-120.86,-3.828409065038665,0.48275509972623487,1.4332097140398157
52.559116,-1.484874,138.83,15.53,6,113.58,24 / 24,652010,2020-01-08 17:43:05:603,-2.9665,-0.4035,10.014,0.0708,0.0229,9.8063,0.1698,0.2222,-0.1409,-19.25,-33.0,13.94,3.16,-85.67,-123.57,0.4723059524301839,-3.0304613272801006,0.20827570947844204
52.559116,-1.484874,138.83,15.53,6,113.58,24 / 24,652110,2020-01-08 17:43:05:703,0.5806,4.4819,10.2428,0.0358,-0.0059,9.8065,0.0608,0.3426,-0.3402,-19.06,-33.25,13.31,1.82,-85.6,-122.77,-4.495678746284949,0.4767991386924869,0.43479737987239125
52.559116,-1.484874,138.83,15.53,6,113.58,24 / 24,652212,2020-01-08 17:43:05:805,-3.7548,1.9427,11.0049,0.0192,0.0827,9.8062,-0.0101,0.2638,-0.2959,-18.75,-32.31,14.0,4.25,-85.89,-122.55,-1.802985454975186,-3.801581517750867,1.1986572083139264
52.559116,-1.484874,138.83,15.53,6,113.58,24 / 24,652310,2020-01-08 17:43:05:903,-1.5877,3.6627,9.89,0.002,-0.0032,9.8066,0.0755,0.127,0.0559,-19.44,-33.56,13.25,0.83,-85.97,-123.63,-3.641418427876966,-1.645051785909774,0.08246765907378804
52.559116,-1.484874,138.83,15.53,6,113.58,24 / 24,652409,2020-01-08 17:43:06:002,-4.0448,1.1404,10.5366,0.0407,0.021,9.8065,0.2241,-0.1544,0.0775,-19.12,-33.62,13.31,356.35,-86.36,-127.68,-1.0576009969446882,-4.101889823533917,0.7303373377080616
52.559116,-1.484874,138.83,15.53,6,113.58,24 / 24,652510,2020-01-08 17:43:06:103,-0.8475,4.5021,10.5739,0.0521,-0.0096,9.8064,0.1271,0.2532,-0.2152,-18.87,-33.81,12.44,348.04,-86.48,-133.12,-4.497796187024592,-0.9677507331346563,0.7661992420411147
52.559116,-1.484874,138.83,15.53,6,113.58,24 / 24,652611,2020-01-08 17:43:06:204,-5.1378,4.5437,7.6857,0.0201,0.0376,9.8065,0.2916,0.0726,-0.0441,-19.44,-33.81,12.94,352.28,-86.87,-131.47,-4.426752497079061,-5.225881914338741,-2.121481276606409
52.559116,-1.484874,138.83,15.53,6,113.58,24 / 24,652710,2020-01-08 17:43:06:303,-2.7624,2.4899,8.2882,0.1038,-0.0163,9.8061,0.2533,0.2727,-0.2835,-18.94,-33.5,12.75,2.98,-86.98,-121.63,-2.461998640486228,-2.904057865018125,-1.5182792565501058
52.559116,-1.484874,138.83,15.53,6,113.58,24 / 24,652809,2020-01-08 17:43:06:402,-2.544,0.7834,9.1793,0.0062,0.0251,9.8066,0.3759,0.3707,-0.3481,-19.37,-34.06,12.13,359.48,-86.88,-122.75,-0.7193718615799678,-2.5614849761302763,-0.6271706799794222
52.559116,-1.484874,138.83,15.53,6,113.58,24 / 24,652910,2020-01-08 17:43:06:503,1.0566,4.6967,12.9799,0.1373,0.005,9.8056,0.2728,0.2291,-0.1989,-19.37,-33.56,12.56,10.58,-86.88,-114.66,-4.706104208753375,0.848550487824037,3.172678224460742
52.559116,-1.484874,138.83,15.53,6,113.58,24 / 24,653010,2020-01-08 17:43:06:603,-2.2301,3.8584,10.0479,0.0578,0.0072,9.8064,0.3161,0.4989,-0.3433,-19.5,-34.06,12.06,358.79,-87.0,-123.39,-3.816168492467566,-2.3459571408292885,0.24061012133718518
52.559116,-1.484874,138.83,15.53,6,113.58,24 / 24,653110,2020-01-08 17:43:06:703,0.8187,4.389,12.5189,0.0845,0.0486,9.8061,0.3715,0.4026,-0.2822,-19.37,-33.37,12.06,354.25,-87.23,-127.61,-4.351892523819827,0.6687299629222135,2.7113165322055544
52.559116,-1.484874,138.83,15.53,6,113.58,24 / 24,653209,2020-01-08 17:43:06:802,-3.9241,-0.7754,10.3849,0.0811,0.0054,9.8063,-0.0375,0.4146,-0.142,-19.56,-33.62,12.44,352.03,-87.12,-128.34,0.8412124430485188,-3.992828310102099,0.5794284698800698
52.559116,-1.484874,138.83,15.53,6,113.58,24 / 24,653310,2020-01-08 17:43:06:903,0.6215,4.9209,10.253,0.0021,-0.0017,9.8066,0.0584,-0.1726,0.2142,-19.75,-32.81,12.0,350.88,-87.19,-129.44,-4.931562376735404,0.5448038678761934,0.4447486367769893
52.559116,-1.484874,138.83,15.53,6,113.58,24 / 24,653409,2020-01-08 17:43:07:002,-4.7685,-1.348,9.6167,0.0565,0.0327,9.8064,-0.0536,-0.4377,0.2398,-19.69,-32.62,13.19,351.69,-87.04,-130.73,1.4537105531657868,-4.803552171669824,-0.18856230180113454
52.559116,-1.484874,138.83,15.53,6,113.58,24 / 24,653510,2020-01-08 17:43:07:103,-0.5751,2.4111,10.3424,0.0195,0.0135,9.8065,-0.0475,0.1021,-0.0656,-19.25,-32.06,12.19,351.18,-86.96,-130.42,-2.388486392476411,-0.6307852181536097,0.535225645418757
52.559116,-1.484874,138.83,15.53,6,113.58,24 / 24,653610,2020-01-08 17:43:07:203,-3.6396,-2.4966,9.948,0.0463,0.0608,9.8063,-0.0888,-0.4297,0.353,-19.56,-30.62,11.31,343.01,-87.16,-134.66,2.6129098927499834,-3.646707044035522,0.14304575264920225
52.559116,-1.484874,138.83,15.53,6,113.58,24 / 24,653710,2020-01-08 17:43:07:303,1.0403,4.8598,10.0377,0.0074,-0.0203,9.8065,-0.0874,0.6004,-0.2905,-20.06,-31.69,10.63,347.51,-87.1,-130.41,-4.8952638926740795,0.958870187578917,0.22950216655577504
52.559116,-1.484874,138.83,15.53,6,113.58,24 / 24,653809,2020-01-08 17:43:07:402,-0.4044,3.0071,8.9807,0.029,0.0481,9.8065,-0.1046,-0.0577,0.1796,-20.19,-32.12,10.06,342.1,-87.22,-133.23,-2.9518295317632575,-0.47830100319641516,-0.8266757319237166
52.559116,-1.484874,138.83,15.53,6,113.58,24 / 24,653910,2020-01-08 17:43:07:503,-0.0183,4.8501,9.0976,0.0123,-0.0531,9.8065,-0.1231,0.6219,-0.3175,-20.62,-32.56,9.69,342.13,-86.9,-131.96,-4.901946813338743,-0.1049895229228515,-0.7104508774535956
52.559116,-1.484874,138.83,15.53,6,113.58,24 / 24,654010,2020-01-08 17:43:07:603,-1.3827,1.7544,9.2407,0.0192,0.0026,9.8066,-0.0692,0.2424,-0.0487,-19.87,-32.69,9.81,341.81,-87.09,-133.39,-1.730176443168979,-1.4283617895514926,-0.5662523586285515
52.559116,-1.484874,138.83,15.53,6,113.58,24 / 24,654110,2020-01-08 17:43:07:703,-3.2449,-3.0339,10.8194,-0.0051,-0.0607,9.8064,0.02,0.6572,-0.3679,-20.19,-34.0,10.13,336.99,-87.12,-137.84,3.0216245477114008,-3.1942358761077005,1.0144129043216779
52.559116,-1.484874,138.83,15.53,6,113.58,24 / 24,654210,2020-01-08 17:43:07:803,-1.69,-1.2319,7.7205,0.0426,-0.0244,9.8065,-0.0069,0.3884,-0.1677,-19.87,-33.44,9.0,332.21,-86.93,-139.83,1.2342799385535541,-1.7143973978944094,-2.085365580750078
52.559116,-1.484874,138.83,15.53,6,113.58,24 / 24,654310,2020-01-08 17:43:07:903,-2.3148,-3.5756,10.254,-0.0766,-0.0666,9.8061,0.2067,0.6921,-0.3887,-20.25,-33.87,10.13,329.34,-87.07,-144.93,3.542367216990878,-2.1847116113826375,0.44933765152519717
52.559116,-1.484874,138.83,15.53,6,113.58,24 / 24,654410,2020-01-08 17:43:08:003,1.8961,4.3099,10.7925,-0.006,-0.052,9.8064,0.0256,0.4842,-0.2707,-20.12,-34.37,9.25,331.45,-87.01,-140.53,-4.390534646749954,1.8359280335473833,0.9844404508770959
52.559116,-1.484874,138.83,15.53,6,113.58,24 / 24,654510,2020-01-08 17:43:08:103,-1.0734,-1.3167,10.701,-0.0208,-0.047,9.8065,-0.0036,0.22,-0.0218,-20.62,-34.94,9.94,336.94,-87.04,-136.75,1.2852175215568689,-1.0331151586793708,0.8950553564948482
52.559116,-1.484874,138.83,15.53,6,113.58,24 / 24,654610,2020-01-08 17:43:08:203,-0.9218,3.7818,8.7679,-0.0168,-0.0374,9.8065,-0.1008,0.4036,-0.2328,-20.75,-34.0,9.75,340.99,-87.13,-133.09,-3.8047170784482685,-0.9629105072087616,-1.0396801950941659
52.559116,-1.484874,138.83,15.53,6,113.58,24 / 24,654709,2020-01-08 17:43:08:302,-2.0488,0.6444,9.3416,-0.0189,-0.0028,9.8066,0.0033,0.1755,-0.07,-20.0,-34.62,9.19,337.49,-87.33,-135.08,-0.616220056513567,-2.0395385622167423,-0.46491090026077125
52.559116,-1.484874,138.83,15.53,6,113.58,24 / 24,654810,2020-01-08 17:43:08:403,-1.3333,3.0803,9.0584,-0.0141,-0.0005,9.8066,0.0316,0.3106,-0.096,-20.75,-34.19,8.69,337.78,-87.4,-133.94,-3.06021865904055,-1.3658339488684592,-0.7489859164086117
52.559116,-1.484874,138.83,15.53,6,113.58,24 / 24,654910,2020-01-08 17:43:08:503,-4.2027,1.0964,9.7489,-0.0274,0.0042,9.8065,0.0415,0.0326,0.0399,-20.81,-34.19,8.94,339.22,-87.51,-132.65,-1.0287918979175328,-4.191377808629729,-0.05734096359059296
52.559116,-1.484874,138.83,15.53,6,113.58,24 / 24,655009,2020-01-08 17:43:08:602,-3.3882,0.3009,11.1367,-0.0382,-0.0036,9.8065,0.1355,0.0101,0.0308,-21.19,-33.75,8.38,345.16,-87.64,-124.77,-0.2541305615333733,-3.3540427092058813,1.3305891373814844
52.559116,-1.484874,138.83,15.53,6,113.58,24 / 24,655110,2020-01-08 17:43:08:703,-4.1096,1.9345,8.8169,-0.002,0.0273,9.8065,-0.0688,0.0237,0.0916,-21.19,-34.44,8.63,348.53,-87.65,-123.96,-1.8444264315276704,-4.136165183461892,-0.9896092530891956
52.559116,-1.484874,138.83,15.53,6,113.58,24 / 24,655209,2020-01-08 17:43:08:802,-3.951,-0.1767,10.3619,-0.0084,0.0114,9.8066,0.0031,-0.0734,0.0277,-21.37,-34.06,7.94,346.82,-87.59,-123.19,0.24763943878213285,-3.93921939828786,0.5559313811184824
52.559116,-1.484874,138.83,15.53,6,113.58,24 / 24,655310,2020-01-08 17:43:08:903,-3.2855,2.3246,10.0263,0.0109,0.0034,9.8066,-0.0404,0.0618,-0.0172,-21.31,-33.0,7.56,345.77,-87.67,-124.24,-2.2710564285635364,-3.3311617380011356,0.21944170879185337
52.559116,-1.484874,138.83,15.53,6,113.58,24 / 24,655411,2020-01-08 17:43:09:004,-3.7966,1.0401,9.6763,0.0005,0.0125,9.8065,0.011,0.011,0.0697,-21.25,-33.62,7.88,345.46,-87.71,-124.51,-0.9699066281011669,-3.812252583550586,-0.12997531295329887
52.559116,-1.484874,138.83,15.53,6,113.58,24 / 24,655510,2020-01-08 17:43:09:103,-3.8081,1.0251,9.9338,0.017,-0.0127,9.8066,-0.0468,0.0578,0.016,-21.44,-32.56,7.75,346.01,-87.58,-123.97,-0.9797634066257719,-3.8403678339353733,0.12742549631683117
52.559116,-1.484874,138.83,15.53,6,113.58,24 / 24,655609,2020-01-08 17:43:09:202,-3.2462,1.6205,9.7555,0.0062,-0.006,9.8066,-0.0118,0.1453,-0.0079,-21.12,-33.5,7.5,347.43,-87.53,-122.63,-1.5770164174410988,-3.2766786081263155,-0.05114428774198525
52.559116,-1.484874,138.83,15.53,6,113.58,24 / 24,655710,2020-01-08 17:43:09:303,-3.0161,0.544,10.2579,0.0027,-0.0113,9.8066,0.0572,-0.0532,0.0888,-21.37,-32.81,7.38,342.96,-87.47,-124.35,-0.5096394117174339,-3.0268040914223646,0.4515616039624495
52.559116,-1.484874,138.83,15.53,6,113.58,24 / 24,655809,2020-01-08 17:43:09:402,-1.8248,0.8627,10.0719,-0.0087,0.0058,9.8066,0.0461,-0.0088,-0.0393,-21.31,-32.5,7.69,344.46,-87.4,-125.39,-0.8293687150547526,-1.828838114235742,0.26529153097504615
52.559116,-1.484874,138.83,15.53,6,113.58,24 / 24,655910,2020-01-08 17:43:09:503,-1.2768,-0.7751,10.4541,0.001,0.0193,9.8066,0.0408,-0.0655,0.0436,-20.94,-33.5,7.56,343.56,-87.52,-126.25,0.8134632318580275,-1.2655257128103823,0.6479372582518059
52.559116,-1.484874,138.83,15.53,6,113.58,24 / 24,656010,2020-01-08 17:43:09:603,-0.487,0.0302,9.945,0.0055,0.0083,9.8065,0.0123,0.0545,-0.0385,-21.44,-33.5,7.81,342.14,-87.53,-127.59,-0.014479343689826061,-0.492755869982711,0.1385644658774162
52.559116,-1.484874,138.83,15.53,6,113.58,24 / 24,656110,2020-01-08 17:43:09:703,-0.2426,-1.0808,9.7446,0.0076,0.0145,9.8065,-0.0085,-0.0635,0.031,-21.25,-33.0,7.44,336.42,-87.63,-130.58,1.0989850121818032,-0.2335838855371655,-0.06151626953190735
52.559116,-1.484874,138.83,15.53,6,113.58,24 / 24,656210,2020-01-08 17:43:09:803,0.2977,0.1559,9.827,-0.0002,-0.0026,9.8066,-0.0068,0.0927,-0.0221,-21.5,-32.94,7.38,336.59,-87.65,-130.44,-0.16300210105746216,0.2954670545217339,0.020306519719136593
52.559116,-1.484874,138.83,15.53,6,113.58,23 / 24,656309,2020-01-08 17:43:09:902,0.4076,0.3135,9.7003,-0.0006,0.0046,9.8066,0.0006,0.0081,-0.0126,-20.87,-33.37,8.31,339.65,-87.7,-130.02,-0.315015631841546,0.4034577563912352,-0.10645717685164328
52.55879,-1.483569,138.93,0.0,6,94.3,23 / 24,656410,2020-01-08 17:43:10:003,0.6702,0.0924,9.8005,-0.0052,-0.0078,9.8066,0.0008,0.1119,-0.0501,-21.75,-33.44,7.63,338.64,-87.75,-130.17,-0.11042022439888362,0.6738033648740546,-0.0062297293762887855
52.55879,-1.483569,138.93,0.0,6,94.3,23 / 24,656510,2020-01-08 17:43:10:103,0.5242,-0.0568,9.7654,-0.0017,0.0043,9.8066,-0.0169,0.0529,-0.0362,-21.31,-33.0,7.69,340.25,-87.8,-129.5,0.05313768874388689,0.5267596376283266,-0.04125688064592315
52.55879,-1.483569,138.93,0.0,6,94.3,23 / 24,656610,2020-01-08 17:43:10:203,0.4559,-1.0202,10.0966,-0.0019,-0.009,9.8066,-0.0117,0.0809,-0.0479,-21.69,-33.31,7.0,337.01,-87.92,-129.47,1.0040546467449702,0.4731098746707958,0.29025435886273615
52.55879,-1.483569,138.93,0.0,6,94.3,23 / 24,656710,2020-01-08 17:43:10:303,0.5872,-0.3819,9.8904,-0.0027,0.001,9.8066,-0.0096,0.0605,-0.0207,-21.44,-33.0,7.13,339.0,-87.97,-128.34,0.37389107855784526,0.5956457517834388,0.0838359097117299
52.55879,-1.483569,138.93,0.0,6,94.3,23 / 24,656811,2020-01-08 17:43:10:404,0.2314,-0.8247,9.7256,-0.0086,0.0007,9.8066,0.0109,0.0404,-0.0039,-21.44,-32.94,7.0,341.89,-88.06,-125.64,0.8216945854211619,0.2524676123958448,-0.08077297184508248
52.55879,-1.483569,138.93,0.0,6,94.3,23 / 24,656910,2020-01-08 17:43:10:503,0.6495,-0.1506,9.8359,-0.0089,-0.004,9.8066,0.0024,0.0512,-0.0442,-21.12,-32.87,7.13,343.27,-88.11,-124.35,0.136597709387239,0.6605498115263525,0.029251021907956212
52.55879,-1.483569,138.93,0.0,6,94.3,23 / 24,657010,2020-01-08 17:43:10:603,0.7446,-0.8695,9.8125,-0.0071,0.0052,9.8066,-0.0005,-0.001,0.0069,-21.37,-32.44,6.94,344.54,-88.23,-123.2,0.863207876425089,0.7648680447771294,0.0060684558579203254
52.55879,-1.483569,138.93,0.0,6,94.3,23 / 24,657110,2020-01-08 17:43:10:703,1.1161,-0.2187,9.838,-0.0099,0.0022,9.8066,0.0099,0.0432,-0.0313,-21.87,-33.25,6.75,347.0,-88.35,-120.12,0.2038034165336227,1.1292222203409508,0.03130678037544266
52.55879,-1.483569,138.93,0.0,6,94.3,23 / 24,657210,2020-01-08 17:43:10:803,0.9062,-0.448,9.7488,-0.0078,0.0096,9.8066,0.0072,-0.0003,0.0082,-21.56,-32.56,7.0,348.48,-88.45,-118.73,0.4437169499618318,0.920820550552346,-0.057787386141299475
52.55879,-1.483569,138.93,0.0,6,94.3,24 / 24,657310,2020-01-08 17:43:10:903,1.1084,-0.2248,9.6773,-0.0087,0.0001,9.8066,0.0019,0.0275,-0.0246,-21.56,-32.31,6.81,352.64,-88.57,-114.76,0.20798913355919912,1.1203613211486432,-0.12939065033981514
52.55879,-1.483569,138.93,0.0,6,94.3,24 / 24,657410,2020-01-08 17:43:11:003,0.9085,-0.4999,9.6809,-0.0079,0.0095,9.8066,0.0162,-0.0062,-0.0046,-22.12,-32.31,7.13,356.58,-88.73,-110.96,0.4954963213618129,0.9239956332518402,-0.12567129842745295
52.55879,-1.483569,138.93,0.0,6,94.3,24 / 24,657509,2020-01-08 17:43:11:102,1.0799,-0.798,9.8695,0.0003,0.0046,9.8066,-0.0005,0.0121,-0.0016,-21.69,-32.19,7.0,357.08,-88.79,-110.48,0.7861296024079016,1.0916459253957058,0.06299803000846996
52.55879,-1.483569,138.93,0.0,6,94.3,24 / 24,657610,2020-01-08 17:43:11:203,0.974,-0.9168,9.7912,0.0001,0.0141,9.8066,0.0094,-0.0452,0.0351,-21.37,-32.37,7.06,357.91,-88.85,-110.46,0.9160414436557632,0.9878910946385888,-0.015245938437363006
52.55879,-1.483569,138.93,0.0,6,94.3,24 / 24,657710,2020-01-08 17:43:11:303,1.349,-0.6137,9.6526,0.0046,-0.0005,9.8066,0.0325,0.0291,-0.0214,-21.37,-32.12,7.56,359.5,-88.94,-111.34,0.592808369763311,1.3535153127871749,-0.15400043762665636
52.55879,-1.483569,138.93,0.0,6,94.3,24 / 24,657810,2020-01-08 17:43:11:403,3.4189,-0.9603,9.6132,0.0065,0.0086,9.8066,-0.0038,-0.0269,0.0325,-21.62,-32.94,7.75,350.12,-88.94,-119.6,0.9171457047480812,3.4266619568223047,-0.1935874994127402
52.55879,-1.483569,138.93,0.0,6,94.3,24 / 24,657910,2020-01-08 17:43:11:503,1.2917,-0.0918,9.9077,-0.0156,0.0103,9.8066,-0.0574,-0.0169,-0.0013,-21.69,-31.94,7.19,353.94,-89.06,-113.57,0.08224773742309997,1.3087111105639675,0.10094279952135322
52.55879,-1.483569,138.93,0.0,6,94.3,24 / 24,658009,2020-01-08 17:43:11:602,3.7941,-0.8815,9.201,-0.0195,0.0027,9.8066,-0.0187,0.0102,0.0303,-21.81,-32.31,7.25,20.1,-89.11,-87.98,0.8265080842680027,3.8264747264313916,-0.6058725234085437
52.55879,-1.483569,138.93,0.0,6,94.3,24 / 24,658110,2020-01-08 17:43:11:703,3.5522,-1.1879,9.8334,-0.0068,-0.0065,9.8065,0.0406,0.0922,0.0241,-21.69,-31.62,7.0,24.36,-88.98,-83.87,1.1273296536919992,3.5764958265518647,0.026758635312162143
52.55879,-1.483569,138.93,0.0,6,94.3,24 / 24,658210,2020-01-08 17:43:11:803,2.6813,-1.417,9.52,-0.0131,-0.0034,9.8066,-0.0129,0.038,-0.0173,-21.75,-32.31,7.0,20.99,-88.94,-87.19,1.3727035537215329,2.7154694511703843,-0.2865423064063803
52.55879,-1.483569,138.93,0.0,6,94.3,24 / 24,658310,2020-01-08 17:43:11:903,2.2425,-0.6612,9.9257,-0.02,0.0048,9.8066,0.0051,0.0862,-0.0218,-21.56,-33.12,7.56,34.09,-88.87,-76.79,0.6316040067399374,2.2723482232682755,0.11898315376375816
52.55879,-1.483569,138.93,0.0,6,94.3,24 / 24,658409,2020-01-08 17:43:12:002,3.413,-1.3345,9.4834,-0.0143,0.0088,9.8066,0.0133,0.0891,-0.0366,-21.19,-32.37,6.94,41.01,-88.92,-68.46,1.2913183945419957,3.4472149856119443,-0.32327088778596075
52.55879,-1.483569,138.93,0.0,6,94.3,24 / 24,658510,2020-01-08 17:43:12:103,4.0934,-1.3484,9.6213,-0.0069,0.0072,9.8065,0.0519,0.0952,-0.0444,-21.44,-32.56,6.31,48.58,-88.98,-58.52,1.2933755926746466,4.120343436476471,-0.185364591437442
52.55879,-1.483569,138.93,0.0,6,94.3,24 / 24,658609,2020-01-08 17:43:12:202,3.1058,-1.5129,9.3112,0.0015,0.0136,9.8066,0.0564,0.0727,-0.0582,-21.31,-32.69,6.25,53.45,-89.23,-53.43,1.4794464556847238,3.127003787481983,-0.4953659231671491
52.55879,-1.483569,138.93,0.0,6,94.3,24 / 24,658710,2020-01-08 17:43:12:303,3.6335,-1.1986,9.5556,0.0022,0.0165,9.8066,0.0424,0.0525,-0.0331,-21.5,-32.19,7.0,62.63,-89.47,-46.48,1.1600190455208257,3.6492591906542162,-0.25114114249697816
52.55879,-1.483569,138.93,0.0,6,94.3,24 / 24,658810,2020-01-08 17:43:12:403,3.9419,-0.5937,9.0587,-0.001,0.0049,9.8065,0.0131,0.0668,-0.0148,-20.69,-33.62,6.81,70.47,-89.68,-38.43,0.5390271428873411,3.9514125134276266,-0.7481818615539108
52.55879,-1.483569,138.93,0.0,6,94.3,24 / 24,658909,2020-01-08 17:43:12:502,3.2975,-2.159,10.3799,-0.0103,0.0126,9.8066,0.0614,-0.0219,0.0513,-20.37,-33.5,6.81,80.9,-89.66,-28.91,2.1210476135327867,3.3404048532347126,0.5735091347248497
52.55879,-1.483569,138.93,0.0,6,94.3,24 / 24,659010,2020-01-08 17:43:12:603,3.1126,-1.224,9.7211,0.0115,-0.0089,9.8066,0.0667,-0.0775,0.0541,-20.69,-33.75,7.13,61.94,-89.71,-46.88,1.1679997950333676,3.1191432646651585,-0.08556426412930998
52.55879,-1.483569,138.93,0.0,6,94.3,24 / 24,659110,2020-01-08 17:43:12:703,3.7729,-0.4024,9.7525,0.0163,-0.0055,9.8066,0.0725,0.0601,0.0235,-20.94,-33.19,6.81,351.56,-89.68,-116.8,0.3399515815039197,3.7621749819992534,-0.054518868769395094
52.55879,-1.483569,138.93,0.0,6,94.3,24 / 24,659210,2020-01-08 17:43:12:803,2.2361,-1.9633,9.3146,0.0072,0.0242,9.8066,0.0403,-0.1346,0.1541,-20.87,-33.25,7.06,321.85,-89.62,-146.24,1.9536565104968717,2.258689874407899,-0.49169273966616117
52.55879,-1.483569,138.93,0.0,6,94.3,24 / 24,659310,2020-01-08 17:43:12:903,2.0287,-2.0233,9.7785,-0.0294,-0.0197,9.8065,0.0305,0.0041,-0.1141,-20.25,-34.0,7.94,349.98,-89.51,-121.68,1.9721944385747658,2.0882184825530725,-0.027662891723536046
52.55879,-1.483569,138.93,0.0,6,94.3,24 / 24,659410,2020-01-08 17:43:13:003,1.916,-0.1486,9.0321,-0.011,0.0214,9.8065,0.0256,-0.1586,0.1514,-19.62,-33.81,7.44,341.34,-89.64,-127.77,0.14102983838595123,1.9292460487505092,-0.7746254759981627
52.55879,-1.483569,138.93,0.0,6,94.3,24 / 24,659510,2020-01-08 17:43:13:103,1.1748,-2.7807,10.3145,-0.012,-0.0156,9.8065,0.0377,-0.0879,-0.0702,-20.56,-33.69,7.75,0.61,-89.59,-110.25,2.7466377592978337,1.2286319648788613,0.5087049872738473
52.55879,-1.483569,138.93,0.0,6,94.3,24 / 24,659610,2020-01-08 17:43:13:203,1.5163,-2.3652,9.6252,-0.0047,0.0167,9.8066,0.0046,-0.1885,0.0877,-20.56,-33.25,7.5,355.74,-89.67,-115.08,2.3586381377831325,1.5568906704612142,-0.1808649917085963
52.55879,-1.483569,138.93,0.0,6,94.3,24 / 24,659709,2020-01-08 17:43:13:302,0.4777,-3.4694,9.3764,-0.0295,0.0094,9.8065,-0.0158,-0.1936,0.0235,-19.69,-33.5,8.44,22.13,-89.57,-89.92,3.4708527147064316,0.5597925080981583,-0.42907000674967494
52.55879,-1.483569,138.93,0.0,6,94.3,24 / 24,659810,2020-01-08 17:43:13:403,1.7367,-1.0593,11.7581,0.0264,-0.0118,9.8066,-0.0837,-0.021,-0.0712,-19.87,-33.5,7.75,49.63,-89.68,-62.54,1.0208419216451938,1.7262490301084388,1.9515841378381376
52.55879,-1.483569,138.93,0.0,6,94.3,24 / 24,659909,2020-01-08 17:43:13:502,-1.4728,-4.916,8.5272,0.0615,-0.0114,9.8065,-0.166,-0.2797,0.1136,-20.69,-32.75,8.63,8.0,-89.52,-105.3,4.927693041934052,-1.4599883345558295,-1.2775216191656489
52.55879,-1.483569,138.93,0.0,6,94.3,24 / 24,660010,2020-01-08 17:43:13:603,2.5721,-3.1227,10.8729,-0.0106,-0.0603,9.8064,0.1103,0.1074,-0.1886,-20.75,-32.75,8.56,4.54,-89.36,-108.73,3.0225745267351636,2.6289547133783033,1.0670968303475121
52.55879,-1.483569,138.93,0.0,6,94.3,24 / 24,660109,2020-01-08 17:43:13:702,2.6765,-0.8548,9.0149,0.0502,-0.0063,9.8064,-0.0579,-0.1953,0.0249,-20.44,-33.12,9.56,354.38,-88.94,-122.04,0.808861560226048,2.6387440480147686,-0.7916116569728596
52.55879,-1.483569,138.93,0.0,6,94.3,24 / 24,660210,2020-01-08 17:43:13:803,2.7943,-0.8082,9.786,-0.0003,-0.0699,9.8063,0.0136,0.2417,-0.3102,-21.44,-32.31,10.0,354.92,-88.49,-120.36,0.6958778290913608,2.8054630851938414,-0.02047106723518717
52.55879,-1.483569,138.93,0.0,6,94.3,23 / 23,660310,2020-01-08 17:43:13:903,0.929,-3.2818,9.3908,0.0249,-0.0208,9.8065,-0.0585,-0.2095,-0.031,-20.5,-32.12,11.19,348.42,-88.56,-129.99,3.2470592895834542,0.953348837328542,-0.4147966541500936
52.55879,-1.483569,138.93,0.0,6,94.3,23 / 23,660410,2020-01-08 17:43:14:003,-0.6457,-5.2889,9.833,-0.0366,-0.0326,9.8065,-0.0083,-0.4818,0.0805,-20.62,-32.06,10.94,351.86,-88.73,-125.54,5.264916953672899,-0.5293825050417462,0.0282556947075683
52.55879,-1.483569,138.93,0.0,6,94.3,23 / 23,660510,2020-01-08 17:43:14:103,0.6505,-3.7654,9.5644,-0.0053,0.002,9.8066,0.006,-0.5724,0.1365,-20.75,-32.06,11.31,6.83,-88.75,-111.02,3.757107967248285,0.7127746787755425,-0.24110002019055574
52.55879,-1.483569,138.93,0.0,6,94.3,23 / 23,660610,2020-01-08 17:43:14:203,-0.512,-4.8181,9.7088,-0.0058,-0.0308,9.8065,0.0258,-0.5672,0.1273,-20.12,-32.56,12.06,12.01,-88.78,-109.32,4.7944513405494265,-0.4336180540569072,-0.09610799290230977
52.55879,-1.483569,138.93,0.0,6,94.3,23 / 23,660710,2020-01-08 17:43:14:303,1.0018,-2.659,8.9187,-0.0029,-0.0207,9.8065,-0.0193,-0.4778,0.1449,-20.0,-32.94,12.5,15.26,-88.59,-108.28,2.623057288642225,1.0444359047692509,-0.8871087426746149
52.55879,-1.483569,138.93,0.0,6,94.3,23 / 23,660809,2020-01-08 17:43:14:402,0.5496,-2.9184,9.6678,-0.0078,-0.0039,9.8066,0.0105,-0.3745,-0.0717,-20.0,-32.44,12.94,21.5,-88.51,-102.26,2.9057638588866737,0.6014772677221656,-0.1379563075814556
52.55879,-1.483569,138.93,0.0,6,94.3,23 / 23,660909,2020-01-08 17:43:14:502,-0.3757,-1.957,10.0333,0.0004,-0.0044,9.8066,-0.0269,-0.3357,0.0661,-19.0,-33.37,14.0,28.77,-88.48,-98.65,1.958002020833764,-0.3464390973441522,0.22737391724264905
52.55879,-1.483569,138.93,0.0,6,94.3,23 / 23,661010,2020-01-08 17:43:14:603,0.4299,-2.5453,10.9162,0.0131,-0.0022,9.8066,0.006,-0.305,-0.0847,-18.37,-33.0,13.81,35.39,-88.39,-93.84,2.5361381831168934,0.45544094847444394,1.1103461931259297
52.55879,-1.483569,138.93,0.0,6,94.3,23 / 23,661110,2020-01-08 17:43:14:703,0.6982,-3.4049,9.2923,0.0296,-0.0101,9.8066,0.0244,-0.2213,-0.1009,-18.12,-32.75,15.63,30.8,-88.3,-102.04,3.384443715833502,0.7198893992498978,-0.5133200533806781
52.55879,-1.483569,138.93,0.0,6,94.3,23 / 23,661210,2020-01-08 17:43:14:803,0.4737,-2.5904,8.1681,0.0164,-0.0109,9.8066,-0.0823,-0.2056,0.0031,-17.62,-33.69,16.06,25.19,-87.93,-107.7,2.5727980164571362,0.4961025651089165,-1.6377479663875563
52.55879,-1.483569,138.93,0.0,6,94.3,24 / 24,661310,2020-01-08 17:43:14:903,-2.0746,-5.1781,9.7383,0.0152,-0.0046,9.8066,0.0356,-0.2825,-0.1318,-17.25,-32.94,17.13,19.31,-87.58,-116.81,5.204592349457689,-2.011180389441825,-0.06635583690316886
52.55879,-1.483569,138.93,0.0,6,94.3,24 / 24,661410,2020-01-08 17:43:15:003,-0.7735,-5.2549,9.5721,-0.0124,0.0244,9.8065,-0.0997,-0.4153,0.0624,-17.12,-33.25,18.06,19.4,-87.35,-118.43,5.290300745183218,-0.6810531331459937,-0.23261495082201883
52.55879,-1.483569,138.93,0.0,6,94.3,24 / 24,661509,2020-01-08 17:43:15:102,0.2466,-3.3251,9.5377,-0.037,0.0016,9.8065,-0.2271,-0.0246,-0.0847,-16.31,-32.94,18.06,30.18,-87.47,-109.96,3.322106662064931,0.3339361622788058,-0.2677858386590015
52.55879,-1.483569,138.93,0.0,6,94.3,24 / 24,661610,2020-01-08 17:43:15:203,2.0645,-0.5126,9.0814,-0.0161,0.055,9.8064,-0.1732,-0.1481,-0.0488,-16.5,-32.94,18.0,44.89,-87.46,-95.96,0.5362410454433177,2.0888598045420075,-0.7251216299012055
52.55879,-1.483569,138.93,0.0,6,94.3,24 / 24,661709,2020-01-08 17:43:15:302,-0.7912,-1.2752,9.4858,-0.0005,0.0216,9.8066,-0.1386,0.0999,-0.151,-16.0,-33.0,18.0,49.03,-87.22,-92.24,1.3087342276290792,-0.7710049846055183,-0.32027395327369773
52.55879,-1.483569,138.93,0.0,6,94.3,24 / 24,661810,2020-01-08 17:43:15:403,2.073,-1.6692,10.192,0.0207,0.018,9.8065,0.0275,-0.0571,-0.0534,-15.62,-33.19,19.0,46.57,-87.07,-96.19,1.6557865977016626,2.077683002568038,0.38573755807726756
52.55879,-1.483569,138.93,0.0,6,94.3,24 / 24,661910,2020-01-08 17:43:15:503,3.0839,-2.331,11.0966,0.0274,-0.0475,9.8064,-0.0012,-0.1263,0.1919,-15.62,-32.31,20.69,31.79,-87.05,-112.82,2.2365135077434877,3.09092972750128,1.2904810302091934
52.55879,-1.483569,138.93,0.0,6,94.3,24 / 24,662010,2020-01-08 17:43:15:603,1.9476,-1.7296,9.556,-0.0255,0.0036,9.8066,-0.1062,0.0039,-0.1091,-14.81,-31.31,21.13,21.7,-86.67,-124.27,1.7031845089842774,1.999099913017361,-0.250336326029537
52.55879,-1.483569,138.93,0.0,6,94.3,24 / 24,662110,2020-01-08 17:43:15:703,2.4011,-2.0477,9.8713,-0.0322,0.0354,9.8065,-0.0975,0.0077,-0.0307,-15.56,-31.69,20.44,25.09,-86.45,-118.17,2.0459706287988526,2.4645930061774166,0.06510791037802799
52.55879,-1.483569,138.93,0.0,6,94.3,24 / 24,662210,2020-01-08 17:43:15:803,1.2034,-1.1438,8.8974,-0.049,0.0125,9.8065,-0.1457,-0.0272,0.0878,-15.37,-29.69,20.69,38.63,-86.31,-108.57,1.137481140766843,1.2696491058912296,-0.9089147717522054
52.55879,-1.483569,138.93,0.0,6,94.3,24 / 24,662310,2020-01-08 17:43:15:903,2.0231,-2.1773,9.7098,-0.0329,0.0103,9.8066,-0.0271,-0.0544,-0.0357,-14.75,-29.06,19.81,41.92,-86.11,-104.29,2.1562270984267586,2.0888970599767536,-0.09640421583415099
52.55879,-1.483569,138.93,0.0,6,94.3,24 / 24,662410,2020-01-08 17:43:16:003,0.5158,-1.9287,10.2946,-0.0124,-0.0072,9.8066,0.0162,-0.0878,0.1201,-14.44,-27.25,19.88,47.64,-86.07,-100.65,1.9131201603040353,0.5573224841481893,0.48853289643703174
52.55879,-1.483569,138.93,0.0,6,94.3,24 / 24,662510,2020-01-08 17:43:16:103,2.8182,-0.4436,9.3586,0.0096,-0.0283,9.8066,0.0283,-0.0837,0.037,-13.25,-26.37,17.63,45.28,-86.07,-102.22,0.37283939325997073,2.8145073964975627,-0.4482755312238769
52.55879,-1.483569,138.93,0.0,6,94.3,24 / 24,662610,2020-01-08 17:43:16:203,-0.5677,-2.0033,10.5504,-0.0038,-0.0343,9.8066,0.1144,-0.1231,0.186,-12.56,-26.69,15.69,38.87,-86.21,-105.22,1.9770805402058407,-0.5338965474822518,0.7445063224217195
52.55879,-1.483569,138.93,0.0,6,94.3,24 / 24,662710,2020-01-08 17:43:16:303,2.2956,-0.2975,9.0182,0.0034,-0.0468,9.8065,0.0048,-0.175,0.1354,-12.5,-28.56,15.19,32.55,-86.19,-111.95,0.21619148826318338,2.2956249441786594,-0.7885528365729679
52.55879,-1.483569,138.93,0.0,6,94.3,24 / 24,662810,2020-01-08 17:43:16:403,0.7537,-2.2009,10.8808,-0.0282,-0.0183,9.8065,0.0809,-0.1305,0.1578,-13.31,-31.31,15.63,30.99,-86.2,-112.91,2.1701588544343697,0.8150317599150938,1.0748788940386778
52.55879,-1.483569,138.93,0.0,6,94.3,24 / 24,662910,2020-01-08 17:43:16:503,3.8671,1.1761,9.3505,0.0063,-0.0262,9.8066,-0.0316,-0.152,0.1021,-14.0,-32.44,15.88,25.49,-86.42,-115.69,-1.2605152042195737,3.8420754629570544,-0.4570412419843769
52.55879,-1.483569,138.93,0.0,6,94.3,24 / 24,663010,2020-01-08 17:43:16:603,3.1283,-1.1533,10.3072,-0.0251,-0.0317,9.8065,0.066,-0.1263,0.1305,-15.75,-32.94,16.88,22.18,-86.7,-116.35,1.0735308654420959,3.170102723321872,0.5005984563803569
52.55879,-1.483569,138.93,0.0,6,94.3,24 / 24,663110,2020-01-08 17:43:16:703,3.1278,0.2007,9.2408,-0.0072,-0.0138,9.8066,-0.0165,0.1038,0.0271,-16.44,-34.25,17.06,21.0,-86.68,-117.5,-0.2617962745632426,3.131310631303555,-0.5663226385287298
52.55879,-1.483569,138.93,0.0,6,94.3,24 / 24,663210,2020-01-08 17:43:16:803,1.2263,-0.4731,9.2583,-0.0006,0.0207,9.8066,-0.0156,-0.0813,0.0799,-16.87,-33.87,17.38,17.26,-86.73,-119.14,0.4753283753088551,1.234164366374144,-0.5483212492677546
52.55879,-1.483569,138.93,0.0,6,94.3,24 / 24,663309,2020-01-08 17:43:16:902,2.6831,-0.5768,9.1867,-0.0149,-0.018,9.8066,-0.0855,-0.0117,0.161,-17.12,-34.12,18.13,18.9,-86.96,-119.11,0.5180536271215775,2.706070317612697,-0.6201139617535572
52.55879,-1.483569,138.93,0.0,6,94.3,24 / 24,663409,2020-01-08 17:43:17:002,1.0473,-1.0772,9.6595,-0.0264,0.0105,9.8065,-0.0805,-0.047,0.04,-16.94,-34.62,17.63,16.79,-87.09,-121.05,1.0713532923157325,1.0900370323581827,-0.14681066423120093
52.55879,-1.483569,138.93,0.0,6,94.3,24 / 24,663510,2020-01-08 17:43:17:103,2.4621,-0.2879,10.0646,-0.0097,-0.0218,9.8066,-0.05,0.0963,-0.0482,-17.31,-34.37,18.31,18.46,-87.04,-119.49,0.22853425436727706,2.4755843521488248,0.25772593966591206
52.55879,-1.483569,138.93,0.0,6,94.3,24 / 24,663609,2020-01-08 17:43:17:202,1.4568,-0.0006,10.1386,-0.0104,-0.0166,9.8066,0.0251,-0.0169,0.149,-16.87,-34.25,17.81,16.81,-87.14,-120.98,-0.038335251708818935,1.4668356635428659,0.33178213429174097
52.55879,-1.483569,138.93,0.0,6,94.3,24 / 24,663710,2020-01-08 17:43:17:303,2.4653,-0.6284,9.96,0.0049,-0.0069,9.8066,0.0876,0.1195,-0.0081,-17.25,-34.31,18.44,14.05,-87.1,-123.57,0.5840995764518908,2.469556043907867,0.1532403366834113
52.55879,-1.483569,138.93,0.0,6,94.3,24 / 24,663809,2020-01-08 17:43:17:402,3.2038,-0.0678,10.361,0.0384,-0.0122,9.8065,0.0877,0.0725,-0.0299,-16.19,-34.0,17.56,15.68,-86.95,-123.87,0.007454288445343474,3.1659567765943413,0.5540585639805098
52.55879,-1.483569,138.93,0.0,6,94.3,24 / 24,663910,2020-01-08 17:43:17:503,2.5141,-0.7159,9.7523,-0.0062,-0.0065,9.8066,-0.007,0.0979,-0.0216,-16.56,-34.12,17.75,11.0,-86.81,-126.49,0.6711482085564177,2.5307519157542657,-0.05444045423787333
52.55879,-1.483569,138.93,0.0,6,94.3,24 / 24,664010,2020-01-08 17:43:17:603,1.8424,0.0063,8.9189,-0.0155,0.0073,9.8066,-0.1034,0.1143,0.0108,-16.87,-33.56,16.94,4.43,-86.83,-130.93,-0.0268675617694786,1.8575773973947156,-0.8879690573510073
52.55879,-1.483569,138.93,0.0,6,94.3,24 / 24,664110,2020-01-08 17:43:17:703,2.0163,-0.7004,9.8014,-0.006,0.0097,9.8066,-0.0414,0.0756,-0.0006,-17.19,-34.25,17.5,6.03,-86.85,-131.07,0.6793781574410664,2.0328265806989285,-0.005268016313905137
52.55879,-1.483569,138.93,0.0,6,94.3,24 / 24,664209,2020-01-08 17:43:17:802,1.2227,-0.4993,9.3247,-0.003,0.0014,9.8066,-0.0091,0.0277,0.05,-17.37,-34.31,17.0,5.78,-86.73,-129.69,0.4822245588636258,1.2330783623890558,-0.4819188905165531
52.55879,-1.483569,138.93,0.0,6,94.3,24 / 24,664310,2020-01-08 17:43:17:903,1.7598,-0.6716,10.3044,-0.0284,-0.0028,9.8066,0.0113,-0.1241,0.2123,-17.37,-34.06,16.88,8.41,-86.66,-127.3,0.6414693457555417,1.7981981947737553,0.49775280086440954
52.55879,-1.483569,138.93,0.0,6,94.3,24 / 24,664409,2020-01-08 17:43:18:002,0.233,-1.4375,9.8265,0.0006,-0.0117,9.8065,-0.0314,-0.0804,-0.0835,-17.87,-33.87,16.44,2.38,-86.7,-129.45,1.4221085283992128,0.25397995018511005,0.020418578750611413
52.55879,-1.483569,138.93,0.0,6,94.3,24 / 24,664510,2020-01-08 17:43:18:103,2.0419,-0.0196,9.5556,-0.0152,-0.0203,9.8066,0.0027,-0.2203,0.0389,-16.69,-34.06,16.25,2.92,-86.5,-130.61,-0.031788996014666115,2.056818030873815,-0.251298522886111
52.55879,-1.483569,138.93,0.0,6,94.3,24 / 24,664609,2020-01-08 17:43:18:202,-0.6308,-3.0891,10.064,-0.0213,-0.0406,9.8065,0.0531,-0.3216,0.249,-17.19,-33.69,16.56,357.01,-86.65,-137.73,3.05730280406747,-0.5632028243788592,0.2585553961008442
52.55879,-1.483569,138.93,0.0,6,94.3,24 / 24,664710,2020-01-08 17:43:18:303,3.2477,-0.2377,9.9172,-0.0173,-0.0315,9.8065,-0.1491,-0.0961,0.0332,-17.12,-33.5,16.63,357.9,-86.51,-136.92,0.1566695880684266,3.2677650256216633,0.11029191946068397
52.55879,-1.483569,138.93,0.0,6,94.3,24 / 24,664810,2020-01-08 17:43:18:403,0.2618,-2.2158,11.0858,-0.0348,-0.0079,9.8066,0.032,-0.3141,0.243,-16.69,-33.69,16.25,358.19,-86.53,-134.91,2.202743788815767,0.33019955015612856,1.2798572841962723
52.55879,-1.483569,138.93,0.0,6,94.3,24 / 24,664910,2020-01-08 17:43:18:503,3.4201,0.9611,9.8308,-0.0173,-0.0415,9.8065,-0.0817,0.0746,0.0167,-17.06,-33.87,16.25,355.78,-86.47,-137.1,-1.054576197685325,3.4218172919657595,0.023483476737498496
52.55879,-1.483569,138.93,0.0,6,94.3,24 / 24,665010,2020-01-08 17:43:18:603,0.2335,-1.0623,8.9201,-0.0072,0.0158,9.8065,-0.0386,-0.3301,0.1976,-17.0,-33.81,16.31,353.74,-86.35,-138.93,1.0746121801409034,0.25688354844605205,-0.8860928646764853
52.55879,-1.483569,138.93,0.0,6,94.3,24 / 24,665110,2020-01-08 17:43:18:703,3.5116,0.8268,9.9367,-0.022,-0.0447,9.8065,0.0042,0.2413,-0.0145,-17.06,-34.06,16.5,354.98,-86.37,-139.56,-0.9249827013553551,3.5200075309277192,0.1294111061906647
52.55879,-1.483569,138.93,0.0,6,94.3,24 / 24,665210,2020-01-08 17:43:18:803,0.2986,-1.448,10.2777,0.0142,0.0288,9.8065,-0.0414,-0.166,0.0339,-17.0,-33.5,15.75,351.82,-86.43,-140.71,1.472170664109509,0.30680999177301294,0.47162718823622884
52.558563,-1.482827,138.93,12.39,4,118.61,24 / 24,665309,2020-01-08 17:43:18:902,2.9288,0.2724,9.6438,-0.0085,-0.0473,9.8065,-0.0273,0.3539,-0.161,-17.12,-33.69,16.38,351.08,-86.2,-141.31,-0.36411737578289816,2.932095843309387,-0.16322736382356007
52.558563,-1.482827,138.93,12.39,4,118.61,24 / 24,665410,2020-01-08 17:43:19:003,-0.6957,-2.6747,10.4889,0.0069,-0.0343,9.8066,-0.0706,0.0001,0.0048,-16.62,-33.44,16.69,349.26,-86.14,-144.73,2.6505246581254838,-0.6624161425674409,0.6832394168480477
52.558563,-1.482827,138.93,12.39,4,118.61,24 / 24,665510,2020-01-08 17:43:19:103,1.8483,-1.1617,10.1568,-0.0072,-0.0573,9.8064,-0.1336,0.3208,-0.1336,-17.0,-33.37,16.44,348.03,-86.25,-144.11,1.0760466614038926,1.872070047103324,0.35048122805664744
52.558563,-1.482827,138.93,12.39,4,118.61,24 / 24,665610,2020-01-08 17:43:19:203,1.8623,0.8215,8.3788,0.0053,-0.0107,9.8066,-0.1177,0.1801,-0.0429,-17.19,-33.62,15.69,350.98,-85.95,-141.34,-0.8597857384943907,1.843977073020543,-1.4283331957411918
52.558563,-1.482827,138.93,12.39,4,118.61,24 / 24,665710,2020-01-08 17:43:19:303,1.1935,-0.6438,9.4535,0.0154,-0.0539,9.8064,-0.1377,0.2011,-0.0996,-17.06,-33.37,16.06,350.83,-85.71,-141.44,0.5720943516533615,1.186853477473018,-0.3528837001287021
52.558563,-1.482827,138.93,12.39,4,118.61,24 / 24,665810,2020-01-08 17:43:19:403,1.8193,1.0615,8.7929,0.0066,-0.0277,9.8065,-0.118,0.2977,-0.0717,-17.19,-33.37,16.0,351.22,-85.81,-141.12,-1.1162172718713228,1.7958461445517615,-1.0142083203537213
52.558563,-1.482827,138.93,12.39,4,118.61,24 / 24,665909,2020-01-08 17:43:19:502,1.1008,-1.8447,10.679,0.009,-0.028,9.8065,-0.0235,0.1021,-0.0511,-17.5,-33.44,14.94,348.46,-85.84,-141.72,1.799669713682406,1.119323745194395,0.8729178971119111
52.558563,-1.482827,138.93,12.39,4,118.61,24 / 24,666010,2020-01-08 17:43:19:603,1.4064,0.3303,9.5336,0.0065,-0.0327,9.8065,-0.1171,0.231,-0.0882,-17.62,-33.87,15.25,345.24,-85.62,-142.91,-0.384082478146413,1.3942008165321842,-0.27321814208046596
52.558563,-1.482827,138.93,12.39,4,118.61,24 / 24,666110,2020-01-08 17:43:19:703,-0.4516,-2.4909,10.5429,0.0178,-0.0162,9.8065,0.002,-0.0778,0.0729,-17.62,-33.56,15.69,347.09,-85.62,-143.13,2.48129295737704,-0.4317460302717929,0.7372530332359778
52.558563,-1.482827,138.93,12.39,4,118.61,24 / 24,666210,2020-01-08 17:43:19:803,1.4391,0.1022,10.4141,-0.0131,-0.0366,9.8065,-0.0177,0.2449,-0.1618,-17.5,-33.62,15.38,346.38,-85.43,-143.39,-0.16098188715156345,1.4500153485868295,0.6073453390549199
52.558563,-1.482827,138.93,12.39,4,118.61,24 / 24,666310,2020-01-08 17:43:19:903,-0.8179,-1.8989,10.8151,-0.0212,0.0056,9.8066,0.1101,-0.0681,0.0492,-18.12,-33.75,15.38,344.52,-85.6,-143.54,1.9160308021613501,-0.767610019191234,1.0092196062335328
52.558563,-1.482827,138.93,12.39,4,118.61,24 / 24,666411,2020-01-08 17:43:20:004,2.3039,0.8304,10.3971,-0.0199,-0.0379,9.8065,0.0792,0.1947,-0.0905,-17.94,-33.87,15.75,346.01,-85.36,-144.0,-0.903599183654925,2.3104594592645746,0.589987535794616
52.558563,-1.482827,138.93,12.39,4,118.61,24 / 24,666510,2020-01-08 17:43:20:103,0.1585,0.3514,8.8133,-0.0013,0.0143,9.8066,0.0468,-0.0961,0.1367,-17.56,-34.12,16.38,344.99,-85.22,-144.85,-0.33916534450432845,0.1545346337515833,-0.9934300458806969
52.558563,-1.482827,138.93,12.39,4,118.61,24 / 24,666610,2020-01-08 17:43:20:203,3.6157,1.1059,10.2556,-0.0587,-0.0214,9.8064,0.1281,0.2785,-0.1956,-17.81,-33.44,15.13,343.79,-85.23,-144.09,-1.1829886087703325,3.656960187246665,0.44830952523058154
52.558563,-1.482827,138.93,12.39,4,118.61,24 / 24,666710,2020-01-08 17:43:20:303,-1.9527,-1.3257,8.7493,-0.0071,0.0209,9.8065,0.0661,-0.06,0.0994,-17.94,-34.31,15.63,344.41,-85.25,-145.37,1.3762627734601682,-1.925121057654664,-1.0564906302293045
52.558563,-1.482827,138.93,12.39,4,118.61,24 / 24,666809,2020-01-08 17:43:20:402,1.8744,-0.2318,10.8097,-0.0477,-0.0382,9.8064,0.1272,0.2511,-0.2916,-17.25,-33.81,15.31,344.94,-85.19,-144.56,0.16413362213435237,1.9249534244296553,1.0030826126803316
52.558563,-1.482827,138.93,12.39,4,118.61,24 / 24,666911,2020-01-08 17:43:20:504,-0.1587,-1.3051,9.9655,-0.015,-0.0111,9.8066,0.0981,-0.1065,-0.0499,-17.62,-33.44,15.25,340.18,-85.17,-147.25,1.2959779827332578,-0.12405444049444496,0.15933130283860275
52.558563,-1.482827,138.93,12.39,4,118.61,24 / 24,667011,2020-01-08 17:43:20:604,2.5781,1.1444,9.6777,0.0005,-0.0079,9.8066,0.0539,0.2123,-0.0354,-18.12,-33.75,15.69,339.5,-84.99,-149.59,-1.1911823619524906,2.5598262614350547,-0.129639314410085
52.558563,-1.482827,138.93,12.39,4,118.61,24 / 24,667109,2020-01-08 17:43:20:702,0.1798,-0.5654,10.0555,-0.0031,0.0028,9.8066,0.0035,-0.045,-0.0133,-17.94,-34.12,15.56,339.88,-84.89,-149.2,0.565283944196138,0.19152330465368717,0.24905370145530648
52.558563,-1.482827,138.93,12.39,4,118.61,24 / 24,667210,2020-01-08 17:43:20:803,1.4102,-0.0541,9.5388,-0.0136,-0.0179,9.8066,0.0324,0.0994,-0.0395,-17.94,-34.0,16.19,339.08,-84.97,-149.95,0.014707911594009415,1.4241474957571205,-0.2679949769403614
52.558563,-1.482827,138.93,12.39,4,118.61,24 / 24,667310,2020-01-08 17:43:20:903,-0.5911,-0.865,9.5244,0.0019,0.0189,9.8066,0.0899,-0.0639,0.1684,-18.5,-34.06,15.25,336.41,-84.78,-150.28,0.8928737650283131,-0.5795785624393209,-0.28183360283141384
52.558563,-1.482827,138.93,12.39,4,118.61,24 / 24,667410,2020-01-08 17:43:21:003,3.4102,0.8549,10.4175,-0.0286,-0.0338,9.8065,0.07,0.2484,-0.2472,-17.87,-33.94,15.06,337.57,-84.65,-149.19,-0.9408978684830417,3.4250252047693497,0.6102193685706319
52.558563,-1.482827,138.93,12.39,4,118.61,24 / 24,667510,2020-01-08 17:43:21:103,-1.5295,-1.595,8.5579,-0.047,0.0109,9.8065,-0.0268,0.1111,-0.1663,-18.25,-33.62,15.0,337.91,-85.06,-149.12,1.6285772163876384,-1.458172126081621,-1.2478755230317233
52.558563,-1.482827,138.93,12.39,4,118.61,24 / 24,667610,2020-01-08 17:43:21:203,1.2459,1.5521,10.8172,-0.0642,0.0057,9.8064,0.1376,0.2593,-0.1902,-18.44,-33.94,15.0,335.65,-85.27,-151.26,-1.5663958930260677,1.286660129302949,1.0101194127295976
52.558563,-1.482827,138.93,12.39,4,118.61,24 / 24,667709,2020-01-08 17:43:21:302,-1.4034,-0.1268,9.2595,0.009,-0.0001,9.8066,0.0291,-0.0506,0.0523,-18.19,-33.81,16.0,333.62,-85.15,-154.89,0.14826090395739797,-1.4103947763107372,-0.5468549527188367
52.558563,-1.482827,138.93,12.39,4,118.61,24 / 24,667810,2020-01-08 17:43:21:403,0.8793,0.3234,11.211,-0.0374,-0.0235,9.8065,0.157,0.1573,-0.123,-18.19,-33.75,15.81,333.92,-84.95,-154.49,-0.3611985842808854,0.9115354033139892,1.4042569356135255
52.558563,-1.482827,138.93,12.39,4,118.61,24 / 24,667909,2020-01-08 17:43:21:502,-0.3157,-0.5774,9.7772,-0.0301,-0.0045,9.8066,0.0844,-0.0175,-0.0282,-18.0,-32.94,15.88,332.39,-84.76,-155.82,0.5771710117927137,-0.27689070872329696,-0.029176849879410983
52.558563,-1.482827,138.93,12.39,4,118.61,24 / 24,668010,2020-01-08 17:43:21:603,0.637,1.1455,10.1299,-0.0268,-0.0139,9.8065,0.037,0.2005,-0.0596,-17.69,-33.62,15.94,334.74,-84.72,-153.62,-1.169428045831568,0.6462018134328152,0.3229359409212624
52.558563,-1.482827,138.93,12.39,4,118.61,24 / 24,668110,2020-01-08 17:43:21:703,-0.6348,-0.0207,9.2988,-0.0107,0.0028,9.8066,0.0783,-0.015,-0.0467,-18.12,-34.06,15.13,333.31,-84.76,-152.99,0.033115860443952365,-0.623743464767453,-0.5077020090042477
52.558563,-1.482827,138.93,12.39,4,118.61,24 / 24,668210,2020-01-08 17:43:21:803,-0.1643,1.0383,8.4814,0.0204,-0.0078,9.8066,-0.0299,-0.0245,0.0147,-17.62,-33.31,15.56,332.67,-84.66,-155.51,-1.0427580419403437,-0.2007151660131927,-1.3255049709831472
52.558563,-1.482827,138.93,12.39,4,118.61,24 / 24,668311,2020-01-08 17:43:21:904,1.3525,-0.0685,10.5778,0.0087,0.0234,9.8065,0.0192,-0.076,0.1343,-17.19,-34.19,15.44,332.87,-84.67,-154.81,0.07128181552572035,1.34514632737287,0.7711342300343285
52.558563,-1.482827,138.93,12.39,4,118.61,24 / 24,668410,2020-01-08 17:43:22:003,0.5835,0.7414,9.269,0.0131,-0.0255,9.8066,-0.0458,-0.0093,-0.1031,-16.94,-33.62,15.0,332.78,-84.59,-154.83,-0.7752829439572135,0.5586390182180877,-0.5379259559952155
52.558563,-1.482827,138.93,12.39,4,118.61,24 / 24,668510,2020-01-08 17:43:22:103,0.6944,0.6456,9.6694,-0.0006,-0.0018,9.8066,0.0381,-0.1041,-0.0233,-17.31,-33.81,15.63,333.45,-84.59,-156.19,-0.6578124885748639,0.6850915198817625,-0.1375061426302158
52.558563,-1.482827,138.93,12.39,4,118.61,24 / 24,668609,2020-01-08 17:43:22:202,0.2173,-0.0263,9.7566,0.035,0.0147,9.8066,-0.0896,-0.1554,0.2086,-17.5,-34.06,15.13,330.3,-84.53,-156.95,0.03824904493577426,0.18289329562255954,-0.05001342797509549
52.558563,-1.482827,138.93,12.39,4,118.61,24 / 24,668710,2020-01-08 17:43:22:303,0.7032,1.0631,10.7355,0.0432,0.0049,9.8065,-0.0607,-0.1724,0.1405,-18.31,-34.0,15.69,330.05,-84.36,-157.49,-1.0683755036519524,0.6440205415768717,0.9285685570939125
52.558563,-1.482827,138.93,12.39,4,118.61,24 / 24,668809,2020-01-08 17:43:22:402,-1.2256,-0.6725,8.8716,0.0268,-0.004,9.8066,-0.1486,-0.1298,0.101,-18.0,-33.75,15.5,331.36,-84.36,-156.33,0.6876982388652468,-1.2422581332953988,-0.9346062660409822
52.558563,-1.482827,138.93,12.39,4,118.61,24 / 24,668910,2020-01-08 17:43:22:503,1.213,-0.0895,10.0058,0.0302,0.005,9.8066,-0.0509,-0.0337,0.0476,-17.69,-34.37,15.44,330.72,-84.47,-155.04,0.07650370734632878,1.1841240016322194,0.19905843745183818
52.558563,-1.482827,138.93,12.39,4,118.61,24 / 24,669010,2020-01-08 17:43:22:603,-1.5265,-1.5397,9.7031,0.0311,-0.0004,9.8065,-0.039,-0.2252,0.1342,-17.5,-34.19,15.19,329.92,-84.36,-157.14,1.5627570359245229,-1.534112081090832,-0.10268582823133801
52.558563,-1.482827,138.93,12.39,4,118.61,24 / 24,669110,2020-01-08 17:43:22:703,1.584,0.8843,9.8956,0.0266,0.0056,9.8066,-0.0737,-0.0326,0.1537,-17.37,-33.19,15.63,332.67,-84.25,-156.74,-0.9022252761750389,1.5439195457112778,0.08849540892925768
52.558563,-1.482827,138.93,12.39,4,118.61,24 / 24,669210,2020-01-08 17:43:22:803,0.0864,-0.7767,10.3355,-0.0123,-0.0022,9.8066,0.0357,-0.1051,-0.0336,-17.5,-33.87,15.25,330.63,-84.11,-156.33,0.7727466269282425,0.11049809908593893,0.5291313359360017
52.558563,-1.482827,138.93,12.39,4,118.61,24 / 24,669310,2020-01-08 17:43:22:903,0.5532,0.1216,9.7949,-0.0208,-0.0159,9.8065,0.0796,0.1461,-0.1658,-17.62,-33.0,15.06,329.1,-83.99,-156.22,-0.14617776819471473,0.5718490630642539,-0.011726856277249998
52.558563,-1.482827,138.93,12.39,4,118.61,24 / 24,669410,2020-01-08 17:43:23:003,0.7703,-0.0365,10.2882,0.0,0.006,9.8066,0.0701,-0.0005,0.0406,-17.56,-33.19,14.94,328.04,-83.96,-157.12,0.0306697004098287,0.7709230434971751,0.48150174504546095
52.558563,-1.482827,138.93,12.39,4,118.61,24 / 24,669509,2020-01-08 17:43:23:102,0.395,-0.3043,9.7444,0.0059,0.0001,9.8066,-0.0216,0.0302,-0.0135,-17.5,-33.87,15.75,332.17,-83.82,-156.75,0.2984892502796667,0.3936588991675363,-0.06215986304429727
52.558563,-1.482827,138.93,12.39,4,118.61,24 / 24,669610,2020-01-08 17:43:23:203,0.4475,-0.395,9.8385,0.0033,-0.0066,9.8066,0.0109,0.0423,0.0198,-17.56,-33.56,15.56,329.46,-83.78,-157.56,0.38161467303499563,0.45003853977342967,0.031958786632044794
52.558563,-1.482827,138.93,12.39,4,118.61,24 / 24,669710,2020-01-08 17:43:23:303,0.6235,-1.1006,10.5239,0.0084,-0.0132,9.8066,0.0089,0.0789,-0.0408,-16.87,-33.06,15.0,328.88,-83.69,-157.64,1.0777260126060546,0.6316063084859,0.717555693192569
52.558563,-1.482827,138.93,12.39,4,118.61,24 / 24,669810,2020-01-08 17:43:23:403,-0.3948,-0.533,9.4928,0.0319,-0.0216,9.8065,-0.2188,0.0166,0.0121,-17.37,-33.44,15.44,327.64,-83.52,-158.56,0.5179068243213896,-0.41894621910456903,-0.313475879166674
52.558563,-1.482827,138.93,12.39,4,118.61,24 / 24,669910,2020-01-08 17:43:23:503,1.2014,-1.0428,10.0414,0.0347,-0.0036,9.8065,-0.083,-0.0453,0.124,-17.31,-33.37,15.19,326.76,-83.53,-159.33,1.021327754965799,1.182345019858899,0.23506044106012372
52.558563,-1.482827,138.93,12.39,4,118.61,24 / 24,670010,2020-01-08 17:43:23:603,0.1177,-0.3159,9.4117,0.0171,-0.0004,9.8066,-0.0979,-0.0077,0.0407,-17.56,-33.75,15.5,329.24,-83.63,-157.64,0.31406559151948465,0.10531356683706207,-0.3948144841106665
52.558563,-1.482827,138.93,12.39,4,118.61,24 / 24,670110,2020-01-08 17:43:23:703,-0.3589,-1.7879,10.8759,0.0169,-0.0186,9.8065,-0.1204,0.1473,-0.056,-18.19,-33.62,15.38,327.09,-83.76,-157.64,1.7744493908818755,-0.3487983649650519,1.070015677360219
52.558563,-1.482827,138.93,12.39,4,118.61,24 / 24,670210,2020-01-08 17:43:23:803,1.8659,0.2508,11.3727,-0.024,-0.024,9.8065,0.0901,0.223,-0.1803,-17.44,-34.12,15.38,328.25,-83.65,-158.01,-0.30390446247154695,1.8857388051610773,1.5658386655078977
52.558563,-1.482827,138.93,12.39,4,118.61,22 / 23,670311,2020-01-08 17:43:23:904,-0.6182,-0.8716,9.4916,0.0089,-0.0119,9.8066,-0.0019,-0.0298,0.0317,-17.5,-33.37,15.38,326.53,-83.49,-159.5,0.869203704042917,-0.6140459260405062,-0.3146363322808259
52.558563,-1.482827,138.93,12.39,4,118.61,22 / 23,670410,2020-01-08 17:43:24:003,0.2069,-0.3244,9.8906,-0.0231,-0.0138,9.8066,0.0347,-0.0064,-0.0618,-17.44,-33.5,15.44,326.74,-83.31,-159.16,0.30705253361001184,0.2346916046257975,0.08406516711362014
52.558563,-1.482827,138.93,12.39,4,118.61,22 / 23,670510,2020-01-08 17:43:24:103,-0.2648,0.0095,9.3667,-0.0153,0.0116,9.8065,-0.0261,0.0223,0.0149,-17.44,-34.06,15.38,327.2,-83.45,-158.73,0.006020650678494086,-0.2495011934110842,-0.4397631251615491
52.558563,-1.482827,138.93,12.39,4,118.61,22 / 23,670610,2020-01-08 17:43:24:203,0.552,0.7283,9.4134,-0.0076,-0.0028,9.8066,-0.0311,0.0561,-0.1055,-17.37,-33.19,15.31,327.47,-83.47,-158.67,-0.7393695312292159,0.5484029465437024,-0.39351304236591056
52.558563,-1.482827,138.93,12.39,4,118.61,22 / 23,670710,2020-01-08 17:43:24:303,-0.0486,-0.6291,11.2061,0.0282,-0.0266,9.8065,-0.0933,0.1301,-0.0295,-17.69,-33.37,15.69,326.88,-83.6,-159.8,0.60314748344026,-0.06746584120037764,1.3998021729840275
52.558563,-1.482827,138.93,12.39,4,118.61,22 / 23,670809,2020-01-08 17:43:24:402,1.0959,2.1788,8.7298,0.011,-0.0241,9.8065,-0.14,0.1785,-0.1733,-17.44,-33.44,15.56,328.31,-83.44,-159.91,-2.2187415645625617,1.0512459908763048,-1.077556052532291
52.558563,-1.482827,138.93,12.39,4,118.61,22 / 23,670910,2020-01-08 17:43:24:503,-1.2054,-0.6967,9.5236,-0.0069,-0.0211,9.8066,-0.0632,-0.0191,0.0051,-17.06,-33.06,15.81,328.38,-83.52,-159.92,0.6937724973648014,-1.1881653348186407,-0.2826118699480154
52.558563,-1.482827,138.93,12.39,4,118.61,22 / 23,671010,2020-01-08 17:43:24:603,0.8767,1.3075,9.4941,-0.0066,-0.0141,9.8065,-0.0126,0.1636,-0.0897,-17.31,-33.37,15.75,328.9,-83.49,-159.45,-1.3347322297924773,0.863129810536456,-0.3129473037373939
52.558563,-1.482827,138.93,12.39,4,118.61,22 / 23,671110,2020-01-08 17:43:24:703,-0.5515,-0.1126,10.2706,0.0081,-0.0125,9.8066,0.0071,-0.1375,0.0028,-17.44,-33.19,15.81,327.92,-83.47,-160.27,0.10841938965731254,-0.557953979812745,0.4641128767416987
52.558563,-1.482827,138.93,12.39,4,118.61,22 / 23,671210,2020-01-08 17:43:24:803,0.8914,2.3519,9.4986,0.0097,-0.0209,9.8066,-0.0345,0.0784,0.0102,-17.0,-32.69,15.88,327.15,-83.29,-160.79,-2.3857886619022577,0.8456027502971619,-0.3088805261399824
52.558563,-1.482827,138.93,12.39,4,118.61,24 / 24,671310,2020-01-08 17:43:24:903,-0.7483,-0.0539,10.237,0.0245,0.0188,9.8065,-0.0175,-0.2643,0.1964,-17.69,-33.0,15.63,326.2,-83.3,-160.13,0.08426364817824829,-0.7715493658790977,0.43063510494066176
52.558563,-1.482827,138.93,12.39,4,118.61,24 / 24,671410,2020-01-08 17:43:25:003,-1.4499,-0.4029,9.5584,-0.0074,-0.0155,9.8065,-0.0151,-0.0157,-0.0546,-17.56,-32.75,15.94,325.71,-83.25,-160.51,0.409291545991695,-1.4364992564943486,-0.24776790847668487
52.558563,-1.482827,138.93,12.39,4,118.61,24 / 24,671510,2020-01-08 17:43:25:103,-0.8939,-0.5116,9.4457,0.0171,0.0048,9.8065,-0.0182,-0.2179,0.1308,-17.25,-32.31,16.0,326.52,-83.19,-161.4,0.5302594203093627,-0.9031214598560239,-0.3605040581196039
52.558563,-1.482827,138.93,12.39,4,118.61,24 / 24,671609,2020-01-08 17:43:25:202,-1.6387,-0.4117,10.0899,-0.0075,-0.0132,9.8066,-0.002,0.2159,-0.1799,-18.37,-32.94,16.0,326.1,-83.11,-160.07,0.42307974384799824,-1.6249349045149895,0.28366294512039053
52.558563,-1.482827,138.93,12.39,4,118.61,24 / 24,671710,2020-01-08 17:43:25:303,0.5407,1.3532,9.8049,0.0029,-0.0068,9.8066,-0.0277,0.0782,-0.0306,-17.87,-33.37,15.69,325.79,-83.09,-160.32,-1.3679920229159865,0.5171311959165035,-0.00220939996243518
52.558563,-1.482827,138.93,12.39,4,118.61,24 / 24,671809,2020-01-08 17:43:25:402,0.1934,1.3077,9.5946,-0.0209,-0.0265,9.8065,-0.0367,0.2773,-0.2207,-17.87,-33.37,16.06,327.07,-83.1,-159.23,-1.3372261722302203,0.19402979125399936,-0.21235428982820845
52.558563,-1.482827,138.93,12.39,4,118.61,24 / 24,671910,2020-01-08 17:43:25:503,0.8302,2.3923,9.5715,-0.0096,-0.0118,9.8066,-0.0031,0.3164,-0.1561,-17.31,-33.81,16.0,327.87,-83.2,-159.94,-2.4164734794350657,0.8032435210594479,-0.2359843830913605
52.558563,-1.482827,138.93,12.39,4,118.61,24 / 24,672009,2020-01-08 17:43:25:602,-1.7774,-1.1918,10.0071,-0.0175,-0.0208,9.8065,0.0521,0.0894,-0.1629,-17.75,-33.25,15.56,325.32,-83.25,-160.86,1.197467500906231,-1.7419267450799703,0.20122666087893498
52.558563,-1.482827,138.93,12.39,4,118.61,24 / 24,672110,2020-01-08 17:43:25:703,-0.9923,0.8637,9.0923,0.0091,-0.0106,9.8066,-0.0153,0.1524,-0.0257,-18.56,-33.31,15.81,323.09,-83.2,-161.38,-0.8587982163028413,-1.0146326300550952,-0.7144320749396255
52.558563,-1.482827,138.93,12.39,4,118.61,24 / 24,672210,2020-01-08 17:43:25:803,-1.3399,-1.0411,10.5369,-0.0176,0.0084,9.8066,0.1084,-0.0536,0.0267,-18.06,-33.56,16.06,324.2,-83.13,-161.56,1.06918175487847,-1.306143701459137,0.7308246275089664
52.558563,-1.482827,138.93,12.39,4,118.61,24 / 24,672310,2020-01-08 17:43:25:903,-0.2991,0.8017,10.6225,-0.0036,-0.0309,9.8065,-0.0289,0.1353,-0.1205,-18.56,-34.12,15.94,323.6,-83.12,-160.7,-0.828287560602868,-0.3079672923081567,0.8157786916921366
52.558563,-1.482827,138.93,12.39,4,118.61,24 / 24,672410,2020-01-08 17:43:26:003,-0.8685,0.0079,10.9089,-0.0197,-0.013,9.8066,0.093,0.0019,-0.0716,-18.44,-33.12,15.94,325.9,-83.12,-160.24,-0.008388602978753391,-0.8488646917542655,1.1024163943052552
52.558563,-1.482827,138.93,12.39,4,118.61,24 / 24,672509,2020-01-08 17:43:26:102,-0.5826,0.7891,8.8262,0.0135,-0.0128,9.8066,-0.0804,0.0845,-0.0197,-18.56,-33.5,15.88,323.47,-83.05,-160.92,-0.7924626634802587,-0.6083194577993091,-0.9805678682541704
52.558563,-1.482827,138.93,12.39,4,118.61,24 / 24,672610,2020-01-08 17:43:26:203,-0.1091,0.4957,9.8485,-0.0045,0.0054,9.8066,-0.012,-0.0727,0.013,-18.56,-33.25,16.0,323.52,-83.09,-160.92,-0.48867216875509734,-0.11201117897227703,0.04175963684504676
52.558563,-1.482827,138.93,12.39,4,118.61,24 / 24,672710,2020-01-08 17:43:26:303,-0.6464,0.3724,9.5645,0.0125,-0.0016,9.8066,-0.0535,-0.012,0.0508,-18.12,-33.19,15.06,323.27,-83.19,-160.6,-0.3638960538386195,-0.6645251693161155,-0.24212307066049685
52.558563,-1.482827,138.93,12.39,4,118.61,24 / 24,672810,2020-01-08 17:43:26:403,-0.9315,-0.1981,10.4578,0.0108,-0.01,9.8066,-0.0524,-0.0654,0.0312,-18.12,-33.44,15.81,326.15,-83.19,-160.09,0.2021481776913377,-0.939250415356203,0.651396278396855
52.558563,-1.482827,138.93,12.39,4,118.61,24 / 24,672910,2020-01-08 17:43:26:503,-0.0357,-1.3237,9.225,0.0072,-0.0249,9.8065,-0.0101,0.0433,0.0253,-17.94,-33.25,15.56,326.83,-83.09,-159.43,1.2994865712504942,-0.023297083464817337,-0.5810817472969432
52.558563,-1.482827,138.93,12.39,4,118.61,24 / 24,673010,2020-01-08 17:43:26:603,-0.2236,-0.2562,10.2608,-0.0012,0.0085,9.8066,0.024,-0.1765,0.0633,-18.06,-32.12,14.94,325.06,-82.92,-158.99,0.26789435103859416,-0.21830003587481303,0.454316190575095
52.558563,-1.482827,138.93,12.39,4,118.61,24 / 24,673110,2020-01-08 17:43:26:703,-1.9165,-1.2269,9.5226,0.0221,-0.0001,9.8066,-0.0562,-0.1485,0.137,-18.44,-32.81,14.56,324.93,-82.89,-158.91,1.2561235284406231,-1.9198286812942533,-0.2833296944865607
52.558563,-1.482827,138.93,12.39,4,118.61,24 / 24,673210,2020-01-08 17:43:26:803,-1.5544,-0.134,9.7186,0.0043,-0.0076,9.8066,0.0031,0.0096,-0.0083,-18.94,-33.62,14.75,323.44,-82.77,-158.57,0.150031055785116,-1.5566181619656276,-0.0877338597050991
52.558563,-1.482827,138.93,12.39,4,118.61,24 / 24,673310,2020-01-08 17:43:26:903,-0.4255,-0.2595,9.0724,-0.0098,0.0119,9.8066,0.0214,-0.1134,0.0026,-18.69,-34.37,16.31,325.59,-82.77,-158.7,0.2779020125705218,-0.4116429317820426,-0.7340535798721627
52.558563,-1.482827,138.93,12.39,4,118.61,24 / 24,673410,2020-01-08 17:43:27:003,-0.7383,1.0576,8.9158,-0.0125,0.016,9.8066,-0.0436,0.0095,-0.0135,-18.12,-34.12,16.69,329.37,-82.84,-158.79,-1.0301985317386448,-0.7416239578871424,-0.891025100820032
52.558563,-1.482827,138.93,12.39,4,118.61,24 / 24,673509,2020-01-08 17:43:27:102,-0.4135,-0.1934,10.007,-0.0227,0.0245,9.8066,0.0232,-0.0794,0.0017,-18.12,-33.62,17.0,330.0,-83.09,-158.43,0.2237323847750335,-0.38742540053247004,0.20052578144750266
52.558563,-1.482827,138.93,12.39,4,118.61,24 / 24,673611,2020-01-08 17:43:27:204,-0.0783,-1.2814,9.3686,0.0048,-0.0079,9.8066,0.055,-0.0571,0.0356,-17.69,-33.44,16.5,330.05,-83.05,-158.51,1.2747527583826488,-0.0638556976832983,-0.43758395179577453
52.558563,-1.482827,138.93,12.39,4,118.61,24 / 24,673709,2020-01-08 17:43:27:302,0.6199,-0.5889,9.9321,-0.0106,-0.0032,9.8066,0.0432,0.1006,-0.1437,-17.37,-33.06,16.5,331.59,-82.91,-158.59,0.5760392967904356,0.6393197773771385,0.12559435022176194
52.558563,-1.482827,138.93,12.39,4,118.61,24 / 24,673810,2020-01-08 17:43:27:403,0.351,-0.0575,10.8568,-0.0207,0.0004,9.8065,0.1013,0.1076,-0.1085,-17.87,-33.69,16.31,326.53,-83.01,-159.46,0.05192590269614936,0.3726818770903127,1.0502643996240333
52.558563,-1.482827,138.93,12.39,4,118.61,24 / 24,673910,2020-01-08 17:43:27:503,0.5655,-0.169,9.6164,0.0233,-0.0133,9.8065,0.0212,-0.0635,-0.1512,-17.81,-34.0,15.94,323.82,-82.81,-161.6,0.14752740065092743,0.5444702775006762,-0.1901292270418124
52.558563,-1.482827,138.93,12.39,4,118.61,24 / 24,674010,2020-01-08 17:43:27:603,0.3215,-1.1355,10.5816,-0.006,-0.0303,9.8065,-0.0476,0.095,-0.0058,-17.25,-33.25,16.44,324.01,-82.83,-163.08,1.0998632320716408,0.34431713776522993,0.7754030431834039
52.558563,-1.482827,138.93,12.39,4,118.61,24 / 24,674109,2020-01-08 17:43:27:702,0.0334,-1.4388,8.5776,-0.0032,-0.0015,9.8066,-0.0783,-0.0114,0.0045,-17.19,-33.75,16.44,327.2,-82.76,-160.14,1.4369728727762958,0.058201575458515266,-1.2285493028442875
52.558563,-1.482827,138.93,12.39,4,118.61,24 / 24,674210,2020-01-08 17:43:27:803,0.2496,-0.2296,9.3859,-0.052,-0.0333,9.8064,-0.0714,0.0899,-0.1982,-16.94,-33.87,16.31,327.44,-82.99,-160.13,0.1918418996938899,0.30448077393411993,-0.4204814429036307
52.558563,-1.482827,138.93,12.39,4,118.61,24 / 24,674310,2020-01-08 17:43:27:903,1.578,0.8141,10.3647,0.0125,-0.0143,9.8066,-0.0811,-0.0633,-0.1769,-17.31,-35.19,15.44,329.72,-83.29,-156.31,-0.8522036027794758,1.552846530451957,0.557610161558235
52.558056,-1.481131,139.31,14.76,4,119.66,24 / 24,674410,2020-01-08 17:43:28:003,1.0264,0.4068,10.9385,0.023,-0.0086,9.8066,0.1137,0.058,0.1783,-17.06,-34.69,17.25,331.48,-83.24,-158.65,-0.43091733672519195,0.9971493151760119,1.1316226500709845
52.558056,-1.481131,139.31,14.76,4,119.66,24 / 24,674510,2020-01-08 17:43:28:103,3.0141,-0.5472,10.8751,0.0304,-0.0046,9.8066,0.0282,-0.0891,-0.0518,-17.44,-34.31,16.94,330.52,-82.83,-159.29,0.4969873222814527,2.9917287578109226,1.0682393651137485
52.558056,-1.481131,139.31,14.76,4,119.66,24 / 24,674610,2020-01-08 17:43:28:203,0.7607,-0.6122,10.1015,0.035,0.0056,9.8065,0.002,-0.0133,0.1869,-17.75,-33.31,17.38,325.12,-82.56,-162.34,0.606639003087376,0.735018992149744,0.29509071675050935
52.558056,-1.481131,139.31,14.76,4,119.66,24 / 24,674710,2020-01-08 17:43:28:303,0.829,0.4,10.4081,-0.01,0.0191,9.8066,0.0593,0.0326,-0.022,-17.06,-33.25,16.5,328.54,-82.64,-160.97,-0.3937609095933204,0.8332165770850085,0.6012574671028897
52.558056,-1.481131,139.31,14.76,4,119.66,24 / 24,674810,2020-01-08 17:43:28:403,0.7403,-0.132,11.027,-0.0206,0.0165,9.8066,0.1111,0.0296,0.0375,-17.44,-33.69,16.88,327.93,-82.71,-161.38,0.1365640020891551,0.76323381846691,1.2203366878373412
52.558056,-1.481131,139.31,14.76,4,119.66,24 / 24,674910,2020-01-08 17:43:28:503,0.3743,1.1744,9.4321,0.0014,0.0121,9.8066,0.0645,0.0118,0.0586,-17.31,-34.0,16.31,325.8,-82.53,-161.12,-1.1676970965280353,0.35519342848823604,-0.3749227508684542
52.558056,-1.481131,139.31,14.76,4,119.66,24 / 24,675009,2020-01-08 17:43:28:602,1.5605,-0.2435,10.9312,0.0004,-0.0057,9.8066,0.0424,0.0211,0.0053,-17.56,-33.37,16.31,323.17,-82.4,-161.96,0.21377484030756694,1.5636817126394744,1.124449122552175
52.558056,-1.481131,139.31,14.76,4,119.66,24 / 24,675110,2020-01-08 17:43:28:703,-0.819,0.7214,9.9757,-0.0212,0.0435,9.8065,0.4906,0.0583,0.0749,-17.94,-32.81,16.81,324.23,-82.0,-162.63,-0.6657878926255383,-0.8079562757061989,0.16910064630335822
52.558056,-1.481131,139.31,14.76,4,119.66,24 / 24,675210,2020-01-08 17:43:28:803,3.5733,0.6467,14.2468,-0.0497,-0.0375,9.8064,0.4119,0.1612,-0.3341,-17.12,-33.69,16.88,325.25,-81.72,-162.79,-0.7404353688993467,3.612839517845962,4.439657293392526
52.558056,-1.481131,139.31,14.76,4,119.66,24 / 24,675309,2020-01-08 17:43:28:902,0.5033,0.0715,7.9438,-0.0787,0.0113,9.8063,0.0858,0.2047,-0.0977,-17.19,-33.31,16.63,325.26,-81.91,-163.13,-0.06841673339742592,0.5807599135477237,-1.8626033832803122
52.558056,-1.481131,139.31,14.76,4,119.66,24 / 24,675410,2020-01-08 17:43:29:003,2.5254,1.4005,12.4023,-0.123,0.0355,9.8057,0.366,0.2311,-0.1536,-17.56,-33.5,16.56,325.1,-82.13,-162.0,-1.405801150310705,2.62777738739996,2.595782781369531
52.558056,-1.481131,139.31,14.76,4,119.66,24 / 24,675510,2020-01-08 17:43:29:103,2.9856,1.7464,8.5764,-0.0045,0.0225,9.8065,-0.0553,-0.1809,0.1824,-17.44,-33.31,16.44,324.09,-81.99,-162.25,-1.7686152315723918,2.963463594429529,-1.231080386140949
52.558056,-1.481131,139.31,14.76,4,119.66,24 / 24,675609,2020-01-08 17:43:29:202,0.2356,-0.4779,11.612,-0.0465,0.0255,9.8064,0.0912,-0.2362,0.0499,-18.37,-33.5,16.63,325.26,-82.13,-161.86,0.4984911360129981,0.289948302280105,1.8057186656069533
52.558056,-1.481131,139.31,14.76,4,119.66,24 / 24,675710,2020-01-08 17:43:29:303,2.6339,1.7039,10.1107,0.0276,0.0001,9.8066,-0.0455,0.0996,0.0617,-17.5,-33.56,16.06,324.52,-82.1,-161.79,-1.743192174482314,2.580227301601131,0.3031815543461836
52.558056,-1.481131,139.31,14.76,4,119.66,24 / 24,675810,2020-01-08 17:43:29:403,1.4297,1.1496,10.0091,0.0176,0.0043,9.8066,-0.039,-0.0501,-0.0314,-18.62,-34.12,16.19,320.54,-81.92,-162.23,-1.166629316357294,1.3946125964932206,0.201931904161158
52.558056,-1.481131,139.31,14.76,4,119.66,24 / 24,675910,2020-01-08 17:43:29:503,1.1253,0.366,9.8305,0.0044,-0.0204,9.8065,-0.0242,0.2459,-0.0711,-18.06,-33.44,16.44,322.29,-81.81,-162.18,-0.4033471965962078,1.1149199135385417,0.023714877043555332
52.558056,-1.481131,139.31,14.76,4,119.66,24 / 24,676010,2020-01-08 17:43:29:603,1.5073,0.6385,9.2681,-0.0184,-0.0059,9.8066,-0.0263,0.12,-0.0822,-19.0,-33.19,16.44,320.84,-81.92,-162.18,-0.6672714590704655,1.5156853440449616,-0.5389256328634573
52.558056,-1.481131,139.31,14.76,4,119.66,24 / 24,676110,2020-01-08 17:43:29:703,0.8673,0.3045,9.5447,-0.0016,0.0032,9.8066,-0.0255,0.0928,0.0209,-18.25,-33.5,16.06,322.8,-82.04,-161.95,-0.314347349983291,0.8641982053072114,-0.26212156626702193
52.558056,-1.481131,139.31,14.76,4,119.66,24 / 24,676210,2020-01-08 17:43:29:803,1.2885,0.1219,10.048,-0.0088,-0.0096,9.8066,-0.0087,0.1279,-0.0892,-18.44,-33.31,15.56,323.89,-82.13,-161.12,-0.15121872156048977,1.2951924033541133,0.241170140240052
52.558056,-1.481131,139.31,14.76,4,119.66,24 / 24,676310,2020-01-08 17:43:29:903,1.2904,0.0485,9.639,-0.0082,-0.0222,9.8065,-0.0557,0.0669,-0.1004,-18.5,-33.12,15.81,323.37,-82.27,-161.68,-0.0903148101204204,1.297356174615077,-0.1677107368687108
52.558056,-1.481131,139.31,14.76,4,119.66,24 / 24,676410,2020-01-08 17:43:30:003,1.7757,2.0386,9.9297,0.019,0.0112,9.8065,-0.08,0.1899,-0.0617,-17.94,-34.06,15.81,323.19,-82.21,-161.58,-2.0538240704502315,1.7257962708556915,0.1223021223848295
52.558056,-1.481131,139.31,14.76,4,119.66,24 / 24,676510,2020-01-08 17:43:30:103,1.4223,-0.7125,11.626,-0.0273,-0.0399,9.8065,0.1564,0.3813,-0.3264,-18.12,-33.62,16.0,323.41,-82.16,-161.35,0.6499772701003484,1.4598799423804074,1.819503028903298
52.558056,-1.481131,139.31,14.76,4,119.66,24 / 24,676609,2020-01-08 17:43:30:202,4.6635,4.7072,9.4814,-0.0031,-0.0458,9.8065,-0.0219,0.7614,-0.2856,-17.87,-33.69,15.25,318.75,-82.06,-163.15,-4.823058750859462,4.594000844108231,-0.3272844330102434
52.558056,-1.481131,139.31,14.76,4,119.66,24 / 24,676709,2020-01-08 17:43:30:302,-0.6006,-1.9501,10.0867,-0.0362,-0.0369,9.8064,0.0224,0.0318,-0.0675,-18.0,-33.75,15.69,321.06,-82.12,-163.3,1.9214425545681644,-0.5353069560918032,0.2809887226461171
52.558056,-1.481131,139.31,14.76,4,119.66,24 / 24,676810,2020-01-08 17:43:30:403,2.269,2.9574,7.367,-0.001,-0.0815,9.8063,-0.1177,0.5023,-0.1812,-18.56,-33.25,15.19,320.48,-81.99,-160.57,-3.072167041392512,2.2233517669433844,-2.440593020192288
52.558056,-1.481131,139.31,14.76,4,119.66,24 / 24,676909,2020-01-08 17:43:30:502,-0.7206,-2.3495,10.5206,-0.036,0.0067,9.8066,0.0497,-0.1158,0.0842,-18.81,-34.06,15.31,322.0,-82.13,-159.2,2.3660744377051,-0.6487199845521044,0.7148466527033712
52.558056,-1.481131,139.31,14.76,4,119.66,24 / 24,677010,2020-01-08 17:43:30:603,-0.3474,-0.6785,10.6562,-0.0069,-0.0391,9.8066,0.0278,0.0467,-0.1338,-19.0,-33.69,15.19,324.45,-82.24,-157.24,0.6442144911564393,-0.3306535615853216,0.8498521527859967
52.558056,-1.481131,139.31,14.76,4,119.66,24 / 24,677110,2020-01-08 17:43:30:703,1.0821,-0.1369,9.3882,0.0168,0.0181,9.8066,-0.0047,-0.143,0.12,-18.81,-33.56,15.0,322.12,-82.28,-159.24,0.1389743676127917,1.0674676079536942,-0.4185052940122065
52.558056,-1.481131,139.31,14.76,4,119.66,24 / 24,677210,2020-01-08 17:43:30:803,-0.6662,-1.5289,10.2851,-0.0086,0.0174,9.8066,0.0016,-0.3072,0.0607,-18.62,-32.94,15.13,323.31,-82.28,-158.43,1.5559335621214572,-0.6340277654507545,0.47908584084854494
52.558056,-1.481131,139.31,14.76,4,119.66,24 / 24,677310,2020-01-08 17:43:30:903,1.4819,1.7979,8.7602,-0.0012,-0.0114,9.8066,-0.1018,0.1955,-0.039,-18.81,-33.62,14.31,321.26,-82.43,-158.03,-1.831229984405157,1.455368378344548,-1.047188945477487
52.558056,-1.481131,139.31,14.76,4,119.66,24 / 24,677410,2020-01-08 17:43:31:003,0.1508,2.3673,8.1818,-0.0279,0.0307,9.8065,-0.009,0.0256,0.0442,-18.62,-33.19,14.56,325.94,-82.56,-156.44,-2.338520423506317,0.14304737180533322,-1.6254670154338478
52.558056,-1.481131,139.31,14.76,4,119.66,24 / 24,677509,2020-01-08 17:43:31:102,-1.1313,-0.2419,8.5129,0.0251,-0.0348,9.8065,-0.2199,0.1921,-0.1059,-18.44,-33.75,14.44,326.1,-82.59,-155.39,0.2250111630970442,-1.1533105960035068,-1.29336652795244
52.558056,-1.481131,139.31,14.76,4,119.66,24 / 24,677610,2020-01-08 17:43:31:203,4.0046,2.0383,12.8468,-0.0427,0.008,9.8065,0.3096,0.2549,-0.1932,-18.62,-33.62,15.06,327.65,-82.82,-155.03,-2.0923626206380406,4.01649831013469,3.039068847269159
52.558056,-1.481131,139.31,14.76,4,119.66,24 / 24,677710,2020-01-08 17:43:31:303,-6.5759,-6.1268,9.7496,-0.064,-0.0812,9.8061,-0.0589,0.8851,-0.3159,-19.12,-33.56,14.13,329.15,-82.45,-151.43,6.14359220875428,-6.419556913589342,-0.05363791309330587
52.558056,-1.481131,139.31,14.76,4,119.66,24 / 24,677810,2020-01-08 17:43:31:403,6.1848,5.8961,12.7135,-0.1067,-0.1513,9.8048,0.1448,1.5499,-0.8643,-19.19,-33.62,14.0,328.7,-82.02,-151.46,-6.142963412650019,6.199554807162532,2.9058691305410105
52.558056,-1.481131,139.31,14.76,4,119.66,24 / 24,677910,2020-01-08 17:43:31:503,-6.1997,-8.7966,10.3385,0.0426,-0.0719,9.8062,-0.1303,-0.0739,0.182,-18.62,-33.5,15.13,327.83,-81.99,-154.39,8.818111480879706,-6.109311396483991,0.535972799280299
52.558056,-1.481131,139.31,14.76,4,119.66,24 / 24,678010,2020-01-08 17:43:31:603,5.2145,5.3048,9.2749,-0.0784,-0.131,9.8054,-0.0356,0.9017,-0.6613,-19.0,-33.62,15.06,329.34,-81.53,-152.6,-5.515204448063395,5.209854306655342,-0.532991838104995
52.558056,-1.481131,139.31,14.76,4,119.66,24 / 24,678110,2020-01-08 17:43:31:703,2.5154,1.7123,8.636,-0.0025,0.055,9.8064,-0.1227,-0.6882,0.3862,-18.94,-33.62,14.69,327.99,-81.97,-154.06,-1.6948871589904153,2.492335305077785,-1.1712907859930546
52.558056,-1.481131,139.31,14.76,4,119.66,24 / 24,678210,2020-01-08 17:43:31:803,1.6053,1.2233,11.6466,-0.0074,-0.016,9.8066,-0.3327,-0.2293,-0.0947,-18.56,-33.75,14.88,327.86,-82.3,-154.44,-1.2641809920915241,1.5939948396328212,1.8393728959779816
52.558056,-1.481131,139.31,14.76,4,119.66,23 / 23,678310,2020-01-08 17:43:31:903,7.6,3.706,13.7152,0.1561,-0.015,9.8054,-0.3583,-0.4751,0.1974,-18.5,-33.75,14.69,321.94,-82.11,-160.53,-3.8346115222378034,7.387212636376147,3.9075399151493824
52.558056,-1.481131,139.31,14.76,4,119.66,23 / 23,678410,2020-01-08 17:43:32:003,-1.9177,-3.7962,8.1087,0.167,0.0114,9.8052,-0.4962,-0.7133,0.5459,-18.81,-33.69,14.63,322.28,-82.08,-158.92,3.8392919515289003,-2.0270054586707564,-1.6949897585072193
52.558056,-1.481131,139.31,14.76,4,119.66,23 / 23,678510,2020-01-08 17:43:32:103,3.3198,4.3102,10.78,0.0215,-0.0479,9.8065,-0.0371,0.1198,-0.1922,-19.12,-33.44,15.19,326.36,-82.13,-155.73,-4.407886322209057,3.2320235485121813,0.971639183207967
52.558056,-1.481131,139.31,14.76,4,119.66,23 / 23,678609,2020-01-08 17:43:32:202,-1.9166,-6.6971,9.6284,0.0737,0.0609,9.8061,-0.1661,-0.6445,0.4986,-18.5,-33.0,15.31,327.82,-81.99,-155.72,6.787437682870387,-1.8876986880895315,-0.1752676357350343
52.558056,-1.481131,139.31,14.76,4,119.66,23 / 23,678710,2020-01-08 17:43:32:303,-0.9024,-2.0645,9.7784,-0.0164,-0.0179,9.8066,-0.0586,0.4643,-0.3908,-18.94,-33.94,15.06,329.07,-82.18,-153.33,2.059798653023921,-0.8548919968086206,-0.0274223046699166
52.558056,-1.481131,139.31,14.76,4,119.66,23 / 23,678810,2020-01-08 17:43:32:403,-4.923,-6.191,11.8526,0.0315,0.0953,9.8061,-0.0719,-0.4311,0.2993,-18.94,-33.31,15.75,329.39,-82.52,-155.43,6.359995151183916,-4.8583937834344955,2.0492124614110043
52.558056,-1.481131,139.31,14.76,4,119.66,23 / 23,678909,2020-01-08 17:43:32:502,-2.1031,-4.6204,12.4931,0.0433,0.025,9.8064,-0.2835,0.7231,-0.3936,-18.5,-33.37,15.06,332.51,-82.04,-151.89,4.676530731651227,-2.075389465373523,2.6884846834115033
52.558056,-1.481131,139.31,14.76,4,119.66,23 / 23,679010,2020-01-08 17:43:32:603,-2.6631,-3.4654,10.9339,0.0373,-0.0118,9.8065,-0.2943,0.1992,-0.0871,-18.94,-33.81,15.25,326.95,-82.25,-155.16,3.4937598330706114,-2.6476027092354566,1.1288870638250248
52.558056,-1.481131,139.31,14.76,4,119.66,23 / 23,679109,2020-01-08 17:43:32:702,-2.7681,-3.7583,12.4132,0.0333,-0.0817,9.8062,-0.0864,0.5616,-0.1756,-18.75,-32.87,15.44,327.65,-81.95,-154.51,3.7177920311347883,-2.7450047687782475,2.6085723590913377
52.558056,-1.481131,139.31,14.76,4,119.66,23 / 23,679210,2020-01-08 17:43:32:803,2.9037,2.5757,8.9624,0.0342,-0.0821,9.8062,-0.171,0.3934,-0.3565,-18.94,-33.37,15.44,327.65,-82.0,-154.54,-2.700704012907977,2.828781075184226,-0.8450591655868414
52.558056,-1.481131,139.31,14.76,4,119.66,24 / 24,679310,2020-01-08 17:43:32:903,-0.1187,-1.2263,12.3252,-0.0474,-0.022,9.8064,0.1988,0.0746,-0.14,-18.75,-33.31,14.94,326.09,-82.18,-156.0,1.2044375876778353,-0.05269104824149739,2.5191922060104925
52.558056,-1.481131,139.31,14.76,4,119.66,24 / 24,679410,2020-01-08 17:43:33:003,2.147,-0.4608,9.3923,0.0288,-0.0269,9.8065,-0.0918,0.1317,-0.0807,-18.56,-33.19,14.31,324.92,-82.13,-154.88,0.40188742316969217,2.124473227868645,-0.41436951283534557
52.558056,-1.481131,139.31,14.76,4,119.66,24 / 24,679509,2020-01-08 17:43:33:102,0.981,-0.6832,9.3642,-0.035,-0.0069,9.8065,0.0474,-0.1111,-0.1222,-18.62,-33.19,14.88,329.59,-82.42,-153.25,0.6609691245935253,1.0260686938631427,-0.44223278011478645
52.558056,-1.481131,139.31,14.76,4,119.66,24 / 24,679610,2020-01-08 17:43:33:203,-0.5768,-1.086,9.0275,0.0104,0.0259,9.8065,0.0701,-0.0808,0.1915,-18.62,-32.87,15.44,327.9,-82.4,-154.65,1.1209183624398253,-0.5703942040667149,-0.7785620891825645
52.558056,-1.481131,139.31,14.76,4,119.66,24 / 24,679710,2020-01-08 17:43:33:303,1.5593,1.5619,10.4728,0.0129,0.0046,9.8066,0.0305,0.0779,-0.0833,-18.37,-33.0,14.63,329.78,-82.16,-154.23,-1.5807650094607595,1.522719531199146,0.6654817083655861
52.558056,-1.481131,139.31,14.76,4,119.66,24 / 24,679810,2020-01-08 17:43:33:403,-1.2723,-2.3302,10.0158,0.0268,0.0175,9.8066,-0.0588,-0.1929,0.144,-18.62,-32.81,15.06,325.67,-82.17,-156.34,2.367047555734485,-1.263348997289074,0.21013310053414505
52.558056,-1.481131,139.31,14.76,4,119.66,24 / 24,679910,2020-01-08 17:43:33:503,-0.7818,0.7733,9.4379,-0.0029,0.0243,9.8065,0.099,0.191,-0.0298,-18.94,-33.25,14.5,326.36,-82.2,-155.78,-0.7369943409597463,-0.7902111548209791,-0.36872461565483167
52.558056,-1.481131,139.31,14.76,4,119.66,24 / 24,680009,2020-01-08 17:43:33:602,0.981,2.3947,10.4275,0.0046,0.0164,9.8066,0.0409,-0.2156,-0.0433,-18.62,-33.25,15.63,327.64,-82.34,-156.78,-2.393019593684271,0.9403387683411442,0.6200039395018622
52.558056,-1.481131,139.31,14.76,4,119.66,24 / 24,680110,2020-01-08 17:43:33:703,3.5461,3.6805,10.5521,-0.0846,-0.0173,9.8062,0.2275,0.3344,-0.3203,-18.75,-33.37,14.81,328.51,-82.49,-154.2,-3.752626002422761,3.57435839248926,0.7442004487919687
52.558056,-1.481131,139.31,14.76,4,119.66,24 / 24,680210,2020-01-08 17:43:33:803,-1.8342,-1.909,11.5136,0.0009,0.045,9.8065,0.1802,-0.2321,0.165,-18.87,-33.12,15.75,328.88,-82.51,-155.86,1.9810358696933514,-1.805042833698947,1.7079858522541644
52.558056,-1.481131,139.31,14.76,4,119.66,24 / 24,680311,2020-01-08 17:43:33:904,-2.4674,-3.8628,9.7008,-0.0388,-0.0509,9.8064,0.0442,0.6238,-0.4427,-18.75,-33.56,15.13,326.33,-82.18,-155.61,3.8482941487856865,-2.3705777861198287,-0.10403861964224129
52.558056,-1.481131,139.31,14.76,4,119.66,24 / 24,680409,2020-01-08 17:43:34:002,-4.0646,-3.4532,9.9207,0.0008,0.0305,9.8065,0.0328,-0.0795,-0.0051,-18.69,-33.19,15.31,326.49,-82.14,-155.63,3.544862485427674,-4.012131962660456,0.11589462285150709
52.558056,-1.481131,139.31,14.76,4,119.66,24 / 24,680510,2020-01-08 17:43:34:103,0.5969,-0.6223,10.9002,-0.0364,-0.0439,9.8064,0.0875,0.6892,-0.423,-18.87,-32.87,15.38,328.7,-82.08,-153.73,0.5683884598928685,0.642144596315147,1.09389156961916
52.558056,-1.481131,139.31,14.76,4,119.66,24 / 24,680610,2020-01-08 17:43:34:203,5.1577,4.4748,10.1022,0.0299,-0.0236,9.8065,-0.0538,0.1998,-0.2089,-18.81,-33.19,15.63,329.08,-82.12,-155.4,-4.575674374656436,5.05909264522007,0.2935294094169246
52.558056,-1.481131,139.31,14.76,4,119.66,24 / 24,680711,2020-01-08 17:43:34:304,1.4062,1.5094,10.8369,-0.0759,-0.0656,9.8061,0.2093,0.7668,-0.4488,-18.31,-32.19,15.38,331.35,-82.06,-153.03,-1.5976051448219806,1.4582098366994247,1.0300853961645
52.558056,-1.481131,139.31,14.76,4,119.66,24 / 24,680810,2020-01-08 17:43:34:403,4.7502,3.7045,11.1135,-0.0424,-0.0244,9.8065,0.1433,0.7233,-0.3062,-19.06,-32.37,16.56,331.99,-82.14,-154.97,-3.801506773924197,4.735732429534708,1.3051220531665753
52.558056,-1.481131,139.31,14.76,4,119.66,24 / 24,680910,2020-01-08 17:43:34:503,-4.6568,-3.6957,8.7578,-0.0731,-0.0363,9.8063,0.1441,0.3815,-0.2779,-18.69,-32.56,16.13,328.5,-82.05,-155.83,3.728766938956512,-4.527873242003189,-1.0466744094017106
52.558056,-1.481131,139.31,14.76,4,119.66,24 / 24,681010,2020-01-08 17:43:34:603,2.9017,1.4476,11.223,-0.096,-0.0664,9.8059,0.2559,0.7691,-0.5995,-18.37,-32.75,15.88,334.45,-82.14,-152.33,-1.5596999401569485,2.9746142657972685,1.416184933682672
52.558056,-1.481131,139.31,14.76,4,119.66,24 / 24,681110,2020-01-08 17:43:34:703,-7.4229,-2.5408,8.2148,-0.0245,-0.0419,9.8065,-0.021,0.0768,0.0081,-18.56,-32.06,16.06,332.14,-82.08,-152.96,2.6112221222654757,-7.359910225143646,-1.5898343203042913
52.558056,-1.481131,139.31,14.76,4,119.66,24 / 24,681210,2020-01-08 17:43:34:803,0.2345,0.3302,9.5959,-0.0718,-0.0399,9.8063,0.0777,0.4856,-0.3596,-18.75,-31.75,16.5,334.91,-82.05,-152.47,-0.37463136446425416,0.30062755420425935,-0.21056180663362553
52.558056,-1.481131,139.31,14.76,4,119.66,23 / 23,681310,2020-01-08 17:43:34:903,0.2747,-0.7584,10.8649,0.0204,-0.0071,9.8066,-0.1772,-0.1706,0.022,-18.12,-32.31,16.31,332.12,-82.11,-154.39,0.7470225592265576,0.265802925744969,1.0585013796268858
52.558056,-1.481131,139.31,14.76,4,119.66,23 / 23,681410,2020-01-08 17:43:35:003,-0.7761,0.4459,8.959,-0.008,-0.031,9.8065,-0.1371,0.3797,-0.1452,-18.19,-32.69,15.63,331.45,-82.12,-154.79,-0.4649362853514275,-0.7753566545197272,-0.8475398390964243
52.558056,-1.481131,139.31,14.76,4,119.66,23 / 23,681510,2020-01-08 17:43:35:103,-5.1752,-3.1769,10.3747,0.0462,-0.0021,9.8064,-0.1863,-0.2441,0.2104,-17.81,-32.44,16.19,332.24,-82.3,-154.41,3.253368680569757,-5.172616056753988,0.5700642487462478
52.558056,-1.481131,139.31,14.76,4,119.66,23 / 23,681610,2020-01-08 17:43:35:203,1.1573,4.3427,8.6879,-0.0088,-0.079,9.8063,-0.1378,0.4661,-0.2843,-17.75,-32.94,15.5,332.02,-82.24,-154.4,-4.438503763177483,1.09881139919607,-1.1199716573449972
52.558056,-1.481131,139.31,14.76,4,119.66,23 / 23,681710,2020-01-08 17:43:35:303,1.5072,2.7522,8.8342,0.0017,0.0392,9.8065,0.0139,-0.5651,0.3928,-18.19,-33.06,16.13,330.22,-82.57,-156.15,-2.7351892658811465,1.4640832652583242,-0.9733788636492379
52.558056,-1.481131,139.31,14.76,4,119.66,23 / 23,681810,2020-01-08 17:43:35:403,3.1759,5.4439,10.1082,-0.0633,-0.0381,9.8063,0.0421,0.12,-0.0385,-18.37,-33.12,15.5,334.12,-82.44,-152.8,-5.530547266409909,3.15580676234364,0.29969127907239307
52.558056,-1.481131,139.31,14.76,4,119.66,23 / 23,681909,2020-01-08 17:43:35:502,2.5347,0.826,11.0447,0.071,0.0467,9.8062,-0.1036,-0.7781,0.4974,-17.81,-32.94,15.75,335.53,-82.36,-151.58,-0.8169360964136977,2.451782764267887,1.2378954403402853
52.558056,-1.481131,139.31,14.76,4,119.66,23 / 23,682010,2020-01-08 17:43:35:603,-6.8715,-3.3184,8.247,0.0613,0.0005,9.8064,-0.269,-0.5193,0.3511,-18.25,-33.19,15.31,329.77,-82.21,-154.28,3.424062845043855,-6.881934450821566,-1.5573417280049526
52.558056,-1.481131,139.31,14.76,4,119.66,23 / 23,682109,2020-01-08 17:43:35:702,0.7078,1.1394,8.7588,0.0788,0.0524,9.8062,-0.1292,-0.4479,0.3157,-17.62,-33.37,15.75,335.06,-82.25,-151.89,-1.0960712727675987,0.6123106400656657,-1.0478359628663214
52.558056,-1.481131,139.31,14.76,4,119.66,23 / 23,682210,2020-01-08 17:43:35:803,-2.1376,-3.5,10.1204,0.0092,0.0615,9.8064,-0.0188,-0.5637,0.2701,-18.31,-32.37,15.19,329.96,-82.36,-154.4,3.593519056067764,-2.092545393092376,0.31544105871894274
52.558056,-1.481131,139.31,14.76,4,119.66,24 / 24,682310,2020-01-08 17:43:35:903,1.124,0.9012,11.273,0.0621,0.0044,9.8064,-0.2728,-0.0334,0.1216,-18.87,-33.31,15.44,326.68,-82.34,-155.63,-0.913255336239534,1.048395313317422,1.466161439898103
52.558056,-1.481131,139.31,14.76,4,119.66,24 / 24,682410,2020-01-08 17:43:36:003,-0.7268,-0.7501,11.8985,0.0333,0.0164,9.8065,-0.1738,-0.2868,0.1128,-18.87,-33.25,15.88,330.18,-82.33,-154.63,0.7772608952500911,-0.7481053810881337,2.0923532444360364
52.558056,-1.481131,139.31,14.76,4,119.66,24 / 24,682510,2020-01-08 17:43:36:103,1.297,-0.8581,11.3339,0.0734,-0.02,9.8064,-0.2175,0.0819,0.062,-18.5,-33.06,15.81,333.19,-82.61,-153.68,0.8189758782276111,1.2363726207203178,1.5275883194154392
52.558056,-1.481131,139.31,14.76,4,119.66,24 / 24,682610,2020-01-08 17:43:36:203,-0.6183,1.1888,8.5229,0.031,-0.0127,9.8066,-0.2049,0.0402,-0.0589,-18.31,-33.06,14.81,327.73,-82.37,-156.1,-1.1911138155687946,-0.6676106400131068,-1.2839868931194105
52.558056,-1.481131,139.31,14.76,4,119.66,24 / 24,682709,2020-01-08 17:43:36:302,-1.1194,-1.9374,10.0788,0.0213,0.0062,9.8065,0.0039,-0.111,0.174,-18.44,-33.5,15.63,331.17,-82.5,-155.3,1.9605737325468067,-1.1110812900983655,0.2730819401586901
52.558056,-1.481131,139.31,14.76,4,119.66,24 / 24,682810,2020-01-08 17:43:36:403,-0.5168,1.0679,10.7919,-0.002,-0.0277,9.8066,0.0433,0.0713,0.0598,-18.44,-33.56,15.44,328.51,-82.34,-155.26,-1.087988585140534,-0.5312033753189658,0.9850270568129783
52.558056,-1.481131,139.31,14.76,4,119.66,24 / 24,682910,2020-01-08 17:43:36:503,1.7618,3.1669,9.6822,0.0263,0.0416,9.8064,-0.1743,-0.4636,0.3335,-18.56,-33.31,15.06,327.15,-82.43,-155.3,-3.151197740997942,1.6879285579615928,-0.12544305619351553
52.558056,-1.481131,139.31,14.76,4,119.66,24 / 24,683010,2020-01-08 17:43:36:603,3.8351,2.8212,11.2405,-0.0466,0.0075,9.8065,0.1339,0.0465,0.0788,-18.69,-33.37,15.81,332.08,-82.53,-153.17,-2.8726504613570816,3.8388219925219556,1.4325444553642015
52.558056,-1.481131,139.31,14.76,4,119.66,24 / 24,683110,2020-01-08 17:43:36:703,-0.8288,2.2475,8.8666,0.0315,0.0685,9.8063,0.0989,-0.6017,0.3451,-18.75,-33.81,15.63,332.45,-82.31,-152.57,-2.1654143365141736,-0.8933493412038305,-0.9402663908646143
52.558056,-1.481131,139.31,14.76,4,119.66,24 / 24,683210,2020-01-08 17:43:36:803,-2.7355,-3.1652,11.8387,-0.0197,0.0324,9.8065,0.247,-0.483,0.1748,-18.5,-33.44,15.69,331.37,-82.29,-154.98,3.237733606431084,-2.6667530240827677,2.033608035569338
52.557487,-1.479093,140.24,17.18,4,114.06,24 / 24,683310,2020-01-08 17:43:36:903,0.069,3.4683,6.9388,0.0208,0.0522,9.8065,-0.2078,0.0353,0.1399,-18.81,-34.06,15.13,324.99,-82.5,-157.01,-3.415522121975487,-0.003968572145763158,-2.8687904462911185
52.557487,-1.479093,140.24,17.18,4,114.06,24 / 24,683409,2020-01-08 17:43:37:002,-0.6628,-1.9062,11.9499,-0.0318,0.0453,9.8064,-0.0297,-0.1775,0.0603,-18.62,-33.06,15.38,326.33,-82.6,-156.13,1.9601522237709517,-0.6010577745463821,2.144210416750917
52.557487,-1.479093,140.24,17.18,4,114.06,24 / 24,683510,2020-01-08 17:43:37:103,0.6599,0.816,11.5974,0.0596,-0.047,9.8063,-0.2255,0.1713,-0.0437,-18.25,-33.56,16.0,330.9,-82.75,-155.55,-0.8725686782736387,0.5874059425052316,1.7907390821684037
52.557487,-1.479093,140.24,17.18,4,114.06,24 / 24,683609,2020-01-08 17:43:37:202,-1.1337,1.7997,7.634,0.0584,-0.0202,9.8063,-0.3706,0.02,0.0637,-18.19,-34.0,15.44,328.33,-82.58,-155.6,-1.800934475615659,-1.2198429415780354,-2.1727042878452645
52.557487,-1.479093,140.24,17.18,4,114.06,24 / 24,683709,2020-01-08 17:43:37:302,-2.4804,0.6372,7.7103,-0.0105,-0.0144,9.8066,0.1979,0.088,-0.1097,-18.62,-34.25,15.5,330.77,-82.74,-154.28,-0.6134316639115953,-2.4797834149885256,-2.096148388940653
52.557487,-1.479093,140.24,17.18,4,114.06,24 / 24,683810,2020-01-08 17:43:37:403,-1.853,-1.013,7.7438,0.0713,-0.0322,9.8063,0.0026,-0.0354,0.0547,-18.5,-33.25,15.5,330.98,-82.4,-155.38,1.0105031136655744,-1.90950706971964,-2.0619096944247812
52.557487,-1.479093,140.24,17.18,4,114.06,24 / 24,683909,2020-01-08 17:43:37:502,-1.6977,-0.7896,8.9276,-0.0687,0.0089,9.8064,0.203,0.1852,-0.1101,-18.94,-33.5,15.38,330.33,-82.52,-152.7,0.823371613801914,-1.6168372475507062,-0.8783104180857062
52.557487,-1.479093,140.24,17.18,4,114.06,24 / 24,684010,2020-01-08 17:43:37:603,-0.0281,1.2834,9.8999,-0.0405,-0.003,9.8065,0.0667,0.1862,-0.1055,-19.0,-33.19,15.81,331.82,-82.43,-153.32,-1.2864699721601214,-0.007079958176020149,0.09299013346889279
52.557487,-1.479093,140.24,17.18,4,114.06,24 / 24,684110,2020-01-08 17:43:37:703,0.5106,-0.8884,10.7588,-0.0218,-0.0039,9.8066,0.1236,0.0725,-0.0412,-18.56,-33.75,15.69,329.93,-82.31,-154.67,0.8760273675031245,0.5458743790075357,0.9524033093856223
52.557487,-1.479093,140.24,17.18,4,114.06,24 / 24,684209,2020-01-08 17:43:37:802,1.4826,1.345,9.7252,0.0029,-0.0188,9.8066,0.0066,0.2187,-0.0965,-18.12,-33.37,15.81,332.38,-82.21,-154.09,-1.3860378286823465,1.4588543058228303,-0.08204719278387732
52.557487,-1.479093,140.24,17.18,4,114.06,24 / 24,684311,2020-01-08 17:43:37:904,-2.3493,-0.1611,8.9866,-0.0317,-0.0053,9.8066,0.1055,0.0352,-0.0827,-18.5,-33.25,15.56,331.87,-82.2,-154.5,0.1911603357482548,-2.315088184882792,-0.8196144351173394
52.557487,-1.479093,140.24,17.18,4,114.06,24 / 24,684410,2020-01-08 17:43:38:003,-0.4851,1.7873,8.3069,0.0065,-0.03,9.8066,0.0054,0.2581,-0.0475,-18.69,-33.25,15.0,328.38,-82.19,-154.09,-1.8091635814598641,-0.5192896749895224,-1.5002050889690353
52.557487,-1.479093,140.24,17.18,4,114.06,24 / 24,684510,2020-01-08 17:43:38:103,-3.3136,0.6971,10.3613,-0.0099,0.0131,9.8065,0.1738,-0.1302,0.0588,-19.0,-33.12,15.56,330.03,-81.99,-154.51,-0.6340408726469406,-3.3136069441537503,0.555062087940757
52.557487,-1.479093,140.24,17.18,4,114.06,24 / 24,684609,2020-01-08 17:43:38:202,-0.6896,-0.8068,11.8596,-0.01,-0.0292,9.8066,0.0516,0.1115,-0.1229,-18.87,-32.69,15.06,328.04,-81.95,-154.18,0.7871523376476032,-0.66745190278701,2.0533450939386486
52.557487,-1.479093,140.24,17.18,4,114.06,24 / 24,684710,2020-01-08 17:43:38:303,-1.5789,-0.0069,11.6498,-0.0515,0.0453,9.8064,0.3153,-0.2966,0.0223,-19.06,-33.31,15.94,329.57,-81.91,-154.83,0.07474848061917133,-1.5261752673405427,1.8436379465619466
52.557487,-1.479093,140.24,17.18,4,114.06,24 / 24,684809,2020-01-08 17:43:38:402,-1.2899,-1.2814,10.9269,-0.0014,0.0171,9.8065,0.1544,-0.232,0.0993,-18.31,-33.44,16.13,330.48,-82.06,-155.55,1.3175164310382976,-1.268520025477684,1.1209986881821952
52.557487,-1.479093,140.24,17.18,4,114.06,24 / 24,684910,2020-01-08 17:43:38:503,-0.5382,1.6875,7.4432,-0.0394,0.0468,9.8064,0.2058,-0.102,0.0442,-18.31,-33.81,15.56,330.26,-82.15,-155.64,-1.6321989900400533,-0.5239340501356567,-2.363647972524817
52.557487,-1.479093,140.24,17.18,4,114.06,24 / 24,685010,2020-01-08 17:43:38:603,-2.6885,-0.8686,9.6063,-0.0218,0.0275,9.8065,0.1294,-0.2595,0.0091,-18.56,-33.19,15.81,328.71,-82.12,-155.7,0.9364669381235774,-2.6528441315322615,-0.19952901442219598
52.557487,-1.479093,140.24,17.18,4,114.06,24 / 24,685109,2020-01-08 17:43:38:702,-0.0121,2.1564,8.5906,-0.0484,0.0141,9.8065,0.1679,0.0778,-0.158,-18.25,-33.87,15.63,328.86,-82.18,-156.82,-2.142215649822002,0.0036650803123228107,-1.2165847553064282
52.557487,-1.479093,140.24,17.18,4,114.06,24 / 24,685210,2020-01-08 17:43:38:803,3.0363,-0.2746,11.7687,0.0004,0.0438,9.8065,0.2788,-0.1701,0.0534,-17.75,-33.75,15.81,328.35,-82.28,-157.33,0.27173671130127613,3.040650961678475,1.9618606216994454
52.557487,-1.479093,140.24,17.18,4,114.06,23 / 24,685309,2020-01-08 17:43:38:902,-3.2372,-1.2721,9.1841,-0.0521,-0.0199,9.8065,0.0887,0.4692,-0.3208,-17.94,-33.75,15.56,327.3,-82.13,-158.08,1.3005156917155396,-3.1658481509506675,-0.6215408520152864
52.557487,-1.479093,140.24,17.18,4,114.06,23 / 24,685410,2020-01-08 17:43:39:003,-2.0286,-1.0687,10.0006,0.0058,0.01,9.8066,-0.0162,0.1715,0.0102,-17.81,-33.75,15.06,325.35,-82.16,-157.72,1.1093394413998798,-2.0177946917502814,0.19463718991752083
52.557487,-1.479093,140.24,17.18,4,114.06,23 / 24,685510,2020-01-08 17:43:39:103,-0.4179,-1.6138,10.342,-0.005,-0.0259,9.8065,-0.0957,0.3342,-0.1127,-17.87,-33.44,15.88,329.39,-82.04,-156.44,1.593802878533701,-0.3887175418361828,0.5360635475823039
52.557487,-1.479093,140.24,17.18,4,114.06,23 / 24,685610,2020-01-08 17:43:39:203,0.4129,2.5843,9.0917,-0.0056,-0.0181,9.8066,-0.0437,0.3153,-0.1206,-18.31,-33.25,15.25,327.37,-82.2,-156.26,-2.6082139193352556,0.3789199683185524,-0.7157861612208574
52.557487,-1.479093,140.24,17.18,4,114.06,23 / 24,685710,2020-01-08 17:43:39:303,-2.5163,-0.0793,9.6278,-0.0108,-0.0274,9.8065,-0.0142,0.1761,-0.0233,-18.12,-32.87,14.88,327.71,-82.37,-156.11,0.08991452050705417,-2.5044510059267675,-0.1783201836988402
52.557487,-1.479093,140.24,17.18,4,114.06,23 / 24,685810,2020-01-08 17:43:39:403,0.763,2.8518,9.8023,-0.0241,-0.0331,9.8066,0.0146,0.3769,-0.1707,-18.94,-33.37,15.06,328.56,-82.31,-154.03,-2.8964934592801104,0.7432968109860354,-0.005329270637859735
52.557487,-1.479093,140.24,17.18,4,114.06,23 / 24,685910,2020-01-08 17:43:39:503,-0.1114,-0.032,9.6665,-0.0012,0.0046,9.8066,-0.111,-0.0827,0.0738,-18.31,-33.56,16.25,330.67,-82.32,-155.43,0.03831029438524726,-0.1096524233881945,-0.14007240052634182
52.557487,-1.479093,140.24,17.18,4,114.06,23 / 24,686010,2020-01-08 17:43:39:603,2.3509,2.5509,11.1436,-0.0563,0.0039,9.8064,0.1459,0.2413,-0.1479,-18.37,-33.25,16.0,332.24,-82.6,-154.47,-2.5836085093370746,2.3685187659791103,1.3360428906610198
52.557487,-1.479093,140.24,17.18,4,114.06,23 / 24,686110,2020-01-08 17:43:39:703,-4.029,-1.1081,8.9184,0.0426,0.0196,9.8065,-0.1133,-0.1656,0.2917,-17.87,-33.37,15.38,326.89,-82.49,-156.9,1.189547121966519,-4.054170055705238,-0.8871517705805237
52.557487,-1.479093,140.24,17.18,4,114.06,23 / 24,686210,2020-01-08 17:43:39:803,-0.8634,-0.9532,9.7732,-0.0575,-0.0481,9.8063,0.0354,0.1992,-0.272,-18.5,-34.06,15.31,329.0,-82.46,-154.94,0.9172176412241186,-0.7920979730961643,-0.03269601878229748
52.557487,-1.479093,140.24,17.18,4,114.06,24 / 24,686310,2020-01-08 17:43:39:903,-6.6507,0.9878,9.3058,0.0085,0.0317,9.8066,-0.0125,-0.4492,0.2169,-17.94,-33.5,15.81,330.3,-82.57,-156.08,-0.854929857214982,-6.67299257125762,-0.5001375542618173
52.557487,-1.479093,140.24,17.18,4,114.06,24 / 24,686410,2020-01-08 17:43:40:003,-4.3771,5.5787,8.5468,-0.0059,0.0073,9.8066,-0.0814,-0.1348,0.0755,-18.44,-34.19,14.31,325.84,-82.75,-155.74,-5.504125229979841,-4.455293032045271,-1.260933341342136
52.557487,-1.479093,140.24,17.18,4,114.06,24 / 24,686510,2020-01-08 17:43:40:103,-5.2187,4.5575,9.838,-0.0323,0.0485,9.8065,0.0084,-0.187,0.0559,-18.06,-33.81,14.38,327.76,-83.04,-154.38,-4.429907719340757,-5.25412084219871,0.030821805565290333
52.557487,-1.479093,140.24,17.18,4,114.06,24 / 24,686610,2020-01-08 17:43:40:203,-3.53,1.5335,10.6323,-0.0114,0.0206,9.8066,0.1216,-0.0928,0.0251,-18.44,-34.0,14.38,328.36,-83.47,-154.24,-1.4596760211051527,-3.5410038475415786,0.8257302980431137
52.557487,-1.479093,140.24,17.18,4,114.06,24 / 24,686710,2020-01-08 17:43:40:303,1.0236,0.4242,9.6552,0.0436,-0.016,9.8065,0.1042,0.016,0.0253,-18.62,-34.44,15.06,325.54,-83.05,-157.02,-0.45495011055572604,0.9731963323941933,-0.1515817453383601
52.557487,-1.479093,140.24,17.18,4,114.06,24 / 24,686810,2020-01-08 17:43:40:403,-0.8032,-0.7647,9.1734,0.0558,-0.0182,9.8064,0.0052,-0.1208,0.0855,-18.0,-33.56,15.44,324.97,-82.55,-158.39,0.7596320214407535,-0.8476790985729992,-0.6326385918075986
52.557487,-1.479093,140.24,17.18,4,114.06,24 / 24,686909,2020-01-08 17:43:40:502,-0.9281,-0.0612,9.2529,-0.0038,-0.0025,9.8066,0.0809,0.1521,-0.0662,-18.0,-33.56,15.25,324.96,-82.43,-158.29,0.07287511615390739,-0.923382080988421,-0.553547305977589
52.557487,-1.479093,140.24,17.18,4,114.06,24 / 24,687010,2020-01-08 17:43:40:603,-0.3392,-1.5643,9.1884,0.0235,-0.0012,9.8065,-0.0342,-0.0903,0.0016,-18.31,-33.44,15.31,324.74,-82.43,-158.67,1.5686135245154647,-0.3390608053319667,-0.6175515290198949
52.557487,-1.479093,140.24,17.18,4,114.06,24 / 24,687110,2020-01-08 17:43:40:703,0.0774,-0.2819,10.1201,-0.045,0.015,9.8065,0.0467,0.2542,-0.1059,-17.87,-33.12,15.69,326.9,-82.47,-158.86,0.29491113717234174,0.1269285633711178,0.31367641124614554
52.557487,-1.479093,140.24,17.18,4,114.06,24 / 24,687210,2020-01-08 17:43:40:803,-0.1334,3.3843,10.1675,-0.0096,-0.0053,9.8066,0.0113,0.1724,-0.0853,-18.12,-32.94,15.63,328.49,-82.82,-157.8,-3.3874501466124967,-0.17509466232980128,0.359842706524102
52.557487,-1.479093,140.24,17.18,4,114.06,23 / 24,687310,2020-01-08 17:43:40:903,-1.3264,-1.1856,10.2374,0.0121,-0.0256,9.8065,-0.1163,0.1141,0.0319,-17.37,-32.81,14.94,328.46,-82.68,-157.18,1.1800101473771913,-1.3207095116107783,0.43146204703041713
52.557487,-1.479093,140.24,17.18,4,114.06,23 / 24,687410,2020-01-08 17:43:41:003,1.5992,3.6632,11.0958,-0.0553,-0.0367,9.8063,0.0093,0.5671,-0.2626,-18.69,-33.75,15.06,327.53,-82.81,-155.13,-3.724955932753856,1.5984296687256905,1.2880863337444952
52.557487,-1.479093,140.24,17.18,4,114.06,23 / 24,687510,2020-01-08 17:43:41:103,-4.6425,-2.5817,9.6705,0.0602,-0.0527,9.8063,-0.3562,0.034,0.0619,-17.75,-33.25,15.31,329.31,-82.92,-155.21,2.600008363967949,-4.663859529095676,-0.13431578522337217
52.557487,-1.479093,140.24,17.18,4,114.06,23 / 24,687610,2020-01-08 17:43:41:203,1.1713,1.1792,7.7434,-0.0471,-0.0589,9.8063,-0.0375,0.7243,-0.3655,-18.19,-32.94,15.44,329.87,-82.66,-154.54,-1.2557602009333175,1.1992111253756796,-2.0634693054482565
52.557487,-1.479093,140.24,17.18,4,114.06,23 / 24,687709,2020-01-08 17:43:41:302,-2.4601,-3.6038,9.5825,0.0165,-0.0183,9.8065,-0.1363,-0.1278,0.0768,-18.12,-32.94,15.38,328.11,-82.77,-156.11,3.6226852619871988,-2.422019304021165,-0.22250346857876493
52.557487,-1.479093,140.24,17.18,4,114.06,23 / 24,687810,2020-01-08 17:43:41:403,2.9161,1.8663,9.4609,-0.0155,-0.0517,9.8064,-0.0887,0.314,-0.1649,-18.37,-32.31,15.31,328.93,-82.62,-155.46,-1.962089063593782,2.9021533093371024,-0.34653352742466503
52.557487,-1.479093,140.24,17.18,4,114.06,23 / 24,687909,2020-01-08 17:43:41:502,-0.7525,2.1804,9.4988,-0.0059,0.0252,9.8065,0.1103,-0.318,0.2107,-18.31,-32.06,15.19,328.75,-82.9,-155.83,-2.1435416998723533,-0.7792131725602879,-0.3082753681643647
52.557487,-1.479093,140.24,17.18,4,114.06,23 / 24,688009,2020-01-08 17:43:41:602,0.9529,2.4658,8.9632,-0.0117,-0.0398,9.8065,0.1028,0.101,-0.1467,-19.31,-32.69,14.94,327.01,-82.66,-155.61,-2.5196585523187056,0.926405990885674,-0.844234641422832
52.557487,-1.479093,140.24,17.18,4,114.06,23 / 24,688110,2020-01-08 17:43:41:703,-2.5284,-1.4278,10.256,0.0367,-0.0585,9.8064,0.0002,0.2735,-0.1995,-19.5,-32.62,15.81,327.74,-82.85,-157.09,1.4078656160600673,-2.5439947359197004,0.4504063173720607
52.557487,-1.479093,140.24,17.18,4,114.06,23 / 24,688209,2020-01-08 17:43:41:802,-2.7842,4.321,10.7743,0.0017,-0.03,9.8066,0.24,-0.1017,0.0513,-20.31,-32.62,15.5,326.64,-82.75,-156.67,-4.308597309340684,-2.8513711633629115,0.9667237530363314
52.557487,-1.479093,140.24,17.18,4,114.06,24 / 24,688310,2020-01-08 17:43:41:903,-1.619,3.0685,7.4664,0.006,-0.0199,9.8066,-0.2249,-0.489,0.4107,-19.12,-32.81,16.13,329.81,-83.01,-155.43,-3.062675852624767,-1.6719371860075485,-2.3409438839481638
52.557487,-1.479093,140.24,17.18,4,114.06,24 / 24,688410,2020-01-08 17:43:42:003,-7.1267,-1.9375,9.8797,-0.0823,-0.0351,9.8062,-0.0226,-0.333,0.1953,-18.81,-33.87,15.63,334.58,-83.44,-151.52,2.008894990520361,-7.014755627798876,0.07512502463343734
52.557487,-1.479093,140.24,17.18,4,114.06,24 / 24,688509,2020-01-08 17:43:42:102,-2.6232,-0.3632,9.2,-0.0126,-0.0188,9.8066,-0.2113,-0.6534,0.4968,-18.5,-33.81,16.06,332.31,-83.49,-154.9,0.3841100653035547,-2.6051669469988274,-0.606112131537811
52.557487,-1.479093,140.24,17.18,4,114.06,24 / 24,688609,2020-01-08 17:43:42:202,-2.6563,-4.2592,10.2082,-0.0681,-0.0636,9.8062,0.0334,-0.6355,0.2863,-18.19,-33.5,15.13,326.47,-83.44,-158.05,4.234206230731595,-2.5242744487339035,0.4037062088981085
52.557487,-1.479093,140.24,17.18,4,114.06,24 / 24,688710,2020-01-08 17:43:42:303,5.9007,3.6845,9.8232,-0.0095,-0.0847,9.8063,-0.1444,-0.5889,0.3916,-18.62,-33.69,16.0,329.48,-82.87,-155.47,-3.858324029200677,5.852412625070607,0.01484727607420839
52.557487,-1.479093,140.24,17.18,4,114.06,24 / 24,688810,2020-01-08 17:43:42:403,-0.9771,0.0477,9.7082,-0.0879,-0.0595,9.806,-0.0428,-0.467,0.3467,-18.31,-33.44,14.94,324.97,-83.05,-159.01,-0.09368326902348337,-0.8907359251863234,-0.09770504944749851
52.557487,-1.479093,140.24,17.18,4,114.06,24 / 24,688910,2020-01-08 17:43:42:503,2.2065,5.4065,10.3628,-0.0211,-0.0221,9.8066,-0.1518,-0.16,-0.1476,-18.56,-33.94,14.81,326.87,-83.09,-155.92,-5.461906823408962,2.1451676755285645,0.5541549027717821
52.557487,-1.479093,140.24,17.18,4,114.06,24 / 24,689009,2020-01-08 17:43:42:602,-3.2623,-2.5256,9.0713,-0.0548,0.0013,9.8065,-0.1408,-0.7857,0.7199,-18.31,-33.44,15.56,332.68,-83.1,-154.45,2.575444723758712,-3.168947043733726,-0.7339332455167072
52.557487,-1.479093,140.24,17.18,4,114.06,24 / 24,689110,2020-01-08 17:43:42:703,2.5289,3.9377,10.0056,-0.0628,-0.0947,9.8059,-0.0543,0.4383,0.0497,-18.44,-33.25,14.88,329.4,-83.0,-155.2,-4.071270173481827,2.5303312206356177,0.1980450160794813
52.557487,-1.479093,140.24,17.18,4,114.06,24 / 24,689209,2020-01-08 17:43:42:802,-2.3779,0.0442,9.3228,0.014,0.0548,9.8064,-0.0474,-0.224,-0.0864,-18.06,-33.0,15.19,328.0,-83.1,-156.47,0.046995370341650314,-2.3915325742906286,-0.48324974006541177
52.557487,-1.479093,140.24,17.18,4,114.06,24 / 24,689309,2020-01-08 17:43:42:902,-2.6524,-3.2679,10.3236,-0.0196,-0.0093,9.8065,-0.0289,0.5053,-0.3157,-18.31,-33.0,15.56,330.78,-83.22,-156.14,3.29795286537752,-2.583050685710166,0.5185154412362731
52.557487,-1.479093,140.24,17.18,4,114.06,24 / 24,689409,2020-01-08 17:43:43:002,-0.6353,-1.4521,10.1006,0.0204,0.0408,9.8065,-0.0191,0.1774,-0.1408,-18.0,-33.87,15.81,329.11,-83.32,-157.51,1.5025697987565743,-0.6329629562766776,0.2946686373642723
52.557487,-1.479093,140.24,17.18,4,114.06,24 / 24,689510,2020-01-08 17:43:43:103,0.3034,-1.9639,10.9867,0.0163,0.0192,9.8065,-0.1577,0.1944,-0.116,-17.19,-32.87,16.0,328.74,-83.33,-159.45,1.9781451692834675,0.3172805752013457,1.1807873584352044
52.557487,-1.479093,140.24,17.18,4,114.06,24 / 24,689610,2020-01-08 17:43:43:203,1.35,1.671,7.8509,-0.0416,0.0442,9.8064,-0.21,0.3137,-0.1302,-17.87,-33.62,15.19,324.28,-83.48,-159.82,-1.647074191094367,1.366516685966247,-1.9562177297035888
52.557487,-1.479093,140.24,17.18,4,114.06,24 / 24,689710,2020-01-08 17:43:43:303,1.4394,-0.9889,10.1705,0.008,0.0271,9.8066,0.093,0.1376,-0.1121,-17.87,-33.69,15.69,325.75,-83.27,-160.34,0.9940784781366633,1.4466811868790532,0.36401468766481165
52.557487,-1.479093,140.24,17.18,4,114.06,24 / 24,689809,2020-01-08 17:43:43:402,3.6921,0.62,9.5411,0.0321,0.0072,9.8066,0.1082,0.4117,-0.1589,-17.37,-33.44,15.38,327.32,-83.25,-158.61,-0.6681012532330199,3.650257385698512,-0.26622513702115114
52.557487,-1.479093,140.24,17.18,4,114.06,24 / 24,689910,2020-01-08 17:43:43:503,-3.1743,-2.7559,9.5377,0.049,0.0311,9.8064,0.0339,0.1387,-0.0508,-18.06,-33.94,15.63,325.69,-83.36,-160.47,2.835605265579651,-3.180738774316523,-0.26734847554527263
52.557487,-1.479093,140.24,17.18,4,114.06,24 / 24,690009,2020-01-08 17:43:43:602,0.9061,-0.2614,9.6803,0.0005,0.0225,9.8066,0.0036,0.1647,-0.1714,-17.81,-34.06,15.5,328.14,-83.23,-158.26,0.27018605348356006,0.9097799962571841,-0.12634126369977675
52.557487,-1.479093,140.24,17.18,4,114.06,24 / 24,690110,2020-01-08 17:43:43:703,-1.2934,-2.5954,10.6493,0.0,0.0005,9.8066,0.0628,-0.1455,0.2782,-18.19,-33.75,15.5,329.42,-83.41,-157.31,2.6149303602192155,-1.2538000934366043,0.84371096763179
52.557487,-1.479093,140.24,17.18,4,114.06,24 / 24,690210,2020-01-08 17:43:43:803,0.6021,0.9871,9.3336,0.0008,-0.0405,9.8065,-0.0416,0.0674,-0.1673,-18.31,-33.75,15.88,330.95,-83.29,-155.91,-1.0364418638536417,0.5855943953742678,-0.4733131383744114
52.557487,-1.479093,140.24,17.18,4,114.06,24 / 24,690310,2020-01-08 17:43:43:903,0.0857,-1.3352,10.8888,-0.0057,0.0221,9.8066,0.0062,-0.0725,-0.1039,-18.0,-34.0,16.56,334.25,-83.19,-154.89,1.3554135928958309,0.11210713599208345,1.0826172325678491
52.557487,-1.479093,140.24,17.18,4,114.06,24 / 24,690410,2020-01-08 17:43:44:003,1.4342,-2.1134,10.6675,0.0059,-0.0342,9.8065,0.062,0.0988,0.1219,-17.87,-34.31,16.25,331.46,-83.09,-155.34,2.0570445806447393,1.4597609192683205,0.8614523677006284
52.557487,-1.479093,140.24,17.18,4,114.06,24 / 24,690510,2020-01-08 17:43:44:103,-0.4183,-3.2431,10.786,0.0045,0.0203,9.8066,0.0259,0.0299,0.1093,-18.69,-33.25,16.69,330.63,-82.94,-156.52,3.269118683121131,-0.3731668718434194,0.9804964464122063
52.557487,-1.479093,140.24,17.18,4,114.06,24 / 24,690610,2020-01-08 17:43:44:203,-1.9002,1.8188,7.1906,-0.0113,0.0276,9.8065,-0.2771,0.0043,-0.1333,-18.69,-34.06,16.69,331.16,-82.94,-155.93,-1.7615381636640295,-1.9161902684351013,-2.6161941084540676
52.557487,-1.479093,140.24,17.18,4,114.06,24 / 24,690710,2020-01-08 17:43:44:303,0.5373,1.0932,10.4408,-0.1025,0.0343,9.806,0.0427,-0.1517,0.238,-18.37,-33.94,16.56,335.48,-83.04,-153.75,-1.068675392505786,0.6237710089817131,0.6343712822996802
52.557487,-1.479093,140.24,17.18,4,114.06,24 / 24,690810,2020-01-08 17:43:44:403,-0.8079,2.4829,6.0843,0.0068,-0.0536,9.8065,-0.1981,0.0535,-0.1219,-18.75,-33.81,17.56,333.99,-83.1,-155.37,-2.522675552812023,-0.8535615349682641,-3.7228862380238237
52.557487,-1.479093,140.24,17.18,4,114.06,24 / 24,690910,2020-01-08 17:43:44:503,1.7651,-0.2733,11.335,-0.0409,0.0474,9.8064,0.1998,-0.321,-0.0966,-17.81,-33.75,16.25,333.68,-83.01,-153.42,0.29281040829987337,1.810866226730987,1.5284397350488965
52.557487,-1.479093,140.24,17.18,4,114.06,24 / 24,691010,2020-01-08 17:43:44:603,-0.9886,-1.3584,12.01,0.0239,-0.045,9.8065,0.0165,-0.0642,0.1777,-17.56,-33.94,16.0,332.9,-82.97,-154.04,1.3278868459997046,-0.9921741019763087,2.204063323860833
52.557487,-1.479093,140.24,17.18,4,114.06,24 / 24,691110,2020-01-08 17:43:44:703,2.417,-0.4089,9.8395,0.0113,-0.013,9.8066,0.0859,-0.1263,-0.062,-18.12,-33.56,16.38,332.31,-82.87,-154.46,0.3593927870541417,2.411427122478245,0.03267671326413608
52.557487,-1.479093,140.24,17.18,4,114.06,24 / 24,691209,2020-01-08 17:43:44:802,-0.9936,-1.0481,9.5809,0.0056,-0.0125,9.8066,0.07,-0.1314,0.1238,-18.44,-33.87,16.5,333.49,-82.69,-155.21,1.050693051980473,-0.9834254362686358,-0.2252265788485079
52.557487,-1.479093,140.24,17.18,4,114.06,24 / 24,691310,2020-01-08 17:43:44:903,1.8242,1.0007,10.8725,-0.0137,0.0065,9.8066,-0.013,0.1282,-0.2547,-17.37,-33.81,16.69,335.64,-82.8,-154.99,-1.0222741514645386,1.822774233368131,1.065318033930095
52.557487,-1.479093,140.24,17.18,4,114.06,24 / 24,691410,2020-01-08 17:43:45:003,1.1463,1.0382,9.4252,-0.0058,0.0277,9.8065,-0.0721,-0.077,0.1595,-17.56,-34.06,16.38,330.84,-82.57,-155.48,-1.0277188200905556,1.1366031008337032,-0.3817875954072991
52.557487,-1.479093,140.24,17.18,4,114.06,24 / 24,691510,2020-01-08 17:43:45:103,2.7734,0.3528,8.6821,0.0068,-0.0167,9.8066,-0.0467,0.2095,-0.1428,-17.19,-34.37,15.94,332.06,-82.58,-155.94,-0.41101803120406966,2.7605260286268227,-1.1250183479832452
52.557487,-1.479093,140.24,17.18,4,114.06,24 / 24,691610,2020-01-08 17:43:45:203,2.1522,-2.0268,11.2018,-0.0138,0.0229,9.8065,0.0354,0.0781,-0.0086,-17.94,-34.06,16.06,329.51,-82.55,-156.57,2.016199675378749,2.197004144434698,1.3956359977943351
52.557487,-1.479093,140.24,17.18,4,114.06,24 / 24,691709,2020-01-08 17:43:45:302,1.9796,-0.7854,9.5226,0.0038,0.0108,9.8066,-0.243,0.1632,-0.1623,-17.81,-34.0,16.19,329.25,-82.51,-156.76,0.7662618796543104,1.9875974266546836,-0.28403394400022236
52.557487,-1.479093,140.24,17.18,4,114.06,24 / 24,691810,2020-01-08 17:43:45:403,0.9443,0.9282,9.427,-0.0184,0.0153,9.8065,0.0708,0.0155,0.0382,-18.37,-34.06,15.75,329.41,-82.46,-156.58,-0.9272608099566781,0.9487039405059734,-0.3799291691709443
52.557487,-1.479093,140.24,17.18,4,114.06,24 / 24,691910,2020-01-08 17:43:45:503,1.7046,1.575,8.1994,0.0246,-0.0091,9.8066,-0.0746,0.1269,-0.2205,-18.25,-33.37,15.44,327.45,-82.45,-156.4,-1.6088601782699163,1.655579398427272,-1.6079460290322192
52.557487,-1.479093,140.24,17.18,4,114.06,24 / 24,692010,2020-01-08 17:43:45:603,1.2361,-1.903,12.2951,0.0313,-0.0154,9.8065,0.3087,-0.0926,0.13,-17.81,-33.56,15.69,330.43,-82.46,-155.74,1.8683332516056301,1.2336116225411233,2.4890239021906138
52.557487,-1.479093,140.24,17.18,4,114.06,24 / 24,692110,2020-01-08 17:43:45:703,3.1358,1.0089,8.9574,0.0449,-0.0647,9.8063,-0.0673,-0.2717,0.1247,-18.25,-33.94,15.88,328.25,-82.08,-157.25,-1.1200389880811785,3.0741588579942345,-0.849688743595957
52.557487,-1.479093,140.24,17.18,4,114.06,24 / 24,692210,2020-01-08 17:43:45:803,2.05,-0.1307,10.835,-0.0243,-0.0393,9.8065,0.1583,-0.3118,0.2472,-18.31,-33.56,15.94,329.8,-82.31,-156.15,0.05963117270236556,2.075590941370316,1.0282281202844177
52.557007,-1.477424,141.83,13.74,6,114.32,24 / 24,692310,2020-01-08 17:43:45:903,2.0514,-0.5899,8.954,0.0355,0.0542,9.8063,-0.048,-0.4207,0.3756,-18.31,-34.0,16.13,330.04,-82.36,-155.98,0.6137532520180927,2.02530851960764,-0.852387972722472
52.557007,-1.477424,141.83,13.74,6,114.32,24 / 24,692410,2020-01-08 17:43:46:003,-1.7111,-3.7447,10.9486,-0.0418,-0.0297,9.8065,0.1618,0.0628,0.0658,-18.87,-34.0,16.25,328.19,-82.51,-156.28,3.7395018593068845,-1.6126582757425834,1.143520454525985
52.557007,-1.477424,141.83,13.74,6,114.32,24 / 24,692510,2020-01-08 17:43:46:103,-2.1085,-3.6605,9.4749,0.0084,0.0593,9.8064,0.0235,-0.3817,0.3158,-18.44,-34.37,15.88,328.69,-82.65,-157.34,3.75155398547146,-2.0603407481717175,-0.33001302325273646
52.557007,-1.477424,141.83,13.74,6,114.32,24 / 24,692610,2020-01-08 17:43:46:203,3.368,0.2396,10.971,-0.0564,-0.0165,9.8064,0.1457,0.1919,-0.1585,-17.87,-34.19,16.25,330.31,-82.53,-155.89,-0.30832913842994947,3.4202896721922302,1.1640220920112345
52.557007,-1.477424,141.83,13.74,6,114.32,24 / 24,692709,2020-01-08 17:43:46:302,0.6684,0.0917,8.2034,-0.0264,0.0208,9.8065,0.1054,-0.1664,0.0774,-18.44,-33.37,15.69,329.41,-82.5,-156.78,-0.08090749895321243,0.6934212023938434,-1.6032231512437096
52.557007,-1.477424,141.83,13.74,6,114.32,24 / 24,692809,2020-01-08 17:43:46:402,3.8941,-0.1811,11.5845,-0.073,-0.0004,9.8064,0.3023,0.1083,-0.1883,-19.06,-33.69,15.94,329.33,-82.67,-155.45,0.12000175322831752,3.9696318009280893,1.7775819121161607
52.557007,-1.477424,141.83,13.74,6,114.32,24 / 24,692910,2020-01-08 17:43:46:503,-1.3514,-0.0686,7.4725,-0.0017,0.0048,9.8066,-0.1374,-0.1219,0.0897,-18.69,-34.44,15.5,327.19,-82.41,-157.05,0.09458771413125773,-1.3487601083815541,-2.3338808440822336
52.557007,-1.477424,141.83,13.74,6,114.32,24 / 24,693009,2020-01-08 17:43:46:602,-0.1405,-2.8246,11.1502,-0.0704,0.019,9.8063,0.2104,0.0563,0.0223,-19.12,-34.75,16.81,331.06,-82.6,-155.64,2.8439063645493174,-0.02681710494282357,1.3448121105040558
52.557007,-1.477424,141.83,13.74,6,114.32,24 / 24,693110,2020-01-08 17:43:46:703,-1.3803,-2.3072,7.3317,0.0235,0.0175,9.8065,-0.2491,-0.0585,0.2172,-19.19,-33.94,16.38,330.22,-82.56,-154.61,2.346493813918738,-1.3687617571213377,-2.473858848738789
52.557007,-1.477424,141.83,13.74,6,114.32,24 / 24,693209,2020-01-08 17:43:46:802,2.9705,-0.1153,12.2275,-0.0908,-0.0051,9.8062,0.2253,0.0374,-0.2301,-19.0,-34.19,17.25,333.69,-82.75,-153.66,0.06302913694849299,3.0629577469975295,2.4208908666033135
52.557007,-1.477424,141.83,13.74,6,114.32,23 / 23,693310,2020-01-08 17:43:46:903,-0.294,0.598,8.6519,0.0059,0.0041,9.8066,-0.0153,-0.1253,0.1227,-18.5,-33.69,16.75,333.09,-82.55,-155.45,-0.5889189163902457,-0.30902626868336314,-1.154844831646822
52.557007,-1.477424,141.83,13.74,6,114.32,23 / 23,693410,2020-01-08 17:43:47:003,-0.6677,-1.508,8.2176,-0.0377,0.0163,9.8065,-0.0472,-0.0616,-0.0141,-18.94,-33.5,16.19,330.49,-82.61,-154.58,1.534178166131428,-0.6070541183876802,-1.5883250145716925
52.557007,-1.477424,141.83,13.74,6,114.32,23 / 23,693509,2020-01-08 17:43:47:102,-1.7472,-2.1837,8.721,0.0555,-0.0059,9.8064,-0.2517,-0.3424,0.2756,-18.81,-33.94,16.81,330.84,-82.62,-155.98,2.205211091852163,-1.7696470129814683,-1.084447684223613
52.557007,-1.477424,141.83,13.74,6,114.32,23 / 23,693610,2020-01-08 17:43:47:203,2.0013,-2.1134,9.4035,-0.0103,-0.0171,9.8065,-0.1425,-0.1399,0.0263,-19.0,-33.56,16.19,332.49,-82.7,-152.8,2.0657081265370354,2.043075845468893,-0.40262671995338195
52.557007,-1.477424,141.83,13.74,6,114.32,23 / 23,693710,2020-01-08 17:43:47:303,2.0784,-3.4828,12.1152,0.054,-0.0437,9.8063,-0.3486,0.0417,-0.1077,-18.31,-33.06,16.38,335.4,-82.91,-152.02,3.407293850818533,2.0766007757109284,2.309697212296665
52.557007,-1.477424,141.83,13.74,6,114.32,23 / 23,693810,2020-01-08 17:43:47:403,2.0778,0.9998,12.2195,-0.0479,-0.0033,9.8064,0.0261,0.0928,-0.0386,-19.06,-33.62,16.5,335.26,-82.94,-152.46,-1.0359641436388942,2.110595208172988,2.412473392668145
52.557007,-1.477424,141.83,13.74,6,114.32,23 / 23,693909,2020-01-08 17:43:47:502,-1.9861,0.5262,9.1662,0.0865,0.0086,9.8062,-0.1348,-0.1577,0.4651,-18.44,-32.81,16.88,339.32,-82.9,-150.56,-0.48593205896526925,-2.080294485079673,-0.6398635865689438
52.557007,-1.477424,141.83,13.74,6,114.32,23 / 23,694011,2020-01-08 17:43:47:604,-1.5803,-1.2047,9.5962,-0.0406,-0.021,9.8065,-0.0396,-0.0361,-0.1651,-18.31,-32.94,16.88,338.63,-82.73,-151.05,1.206960796171725,-1.5216172007073252,-0.20970121844214437
52.557007,-1.477424,141.83,13.74,6,114.32,23 / 23,694110,2020-01-08 17:43:47:703,-1.8639,-3.494,9.6297,0.0168,0.0342,9.8066,0.1179,-0.3337,0.2487,-18.19,-33.25,16.69,336.27,-82.99,-153.18,3.556347706176329,-1.827049329465386,-0.17550806384450782
52.557007,-1.477424,141.83,13.74,6,114.32,23 / 23,694210,2020-01-08 17:43:47:803,1.7765,-0.9024,11.6476,-0.0603,-0.0052,9.8064,0.2387,-0.0129,-0.135,-18.37,-32.75,16.38,335.08,-82.82,-152.24,0.8686776787736803,1.8504416864713973,1.8412181227028108
52.557007,-1.477424,141.83,13.74,6,114.32,22 / 22,694311,2020-01-08 17:43:47:904,0.4376,0.2588,8.0039,0.0415,0.0402,9.8064,-0.0861,-0.4938,0.3828,-18.19,-33.0,16.75,334.9,-82.54,-154.06,-0.22400094142405222,0.3924895796303157,-1.8026266746397483
52.557007,-1.477424,141.83,13.74,6,114.32,22 / 22,694410,2020-01-08 17:43:48:003,1.0686,-1.8774,12.2445,-0.0551,0.0312,9.8064,0.1907,-0.1539,0.0667,-18.37,-32.5,17.31,334.88,-82.64,-154.26,1.8905757977058941,1.1528320472917521,2.4385423276756613
52.557007,-1.477424,141.83,13.74,6,114.32,22 / 22,694510,2020-01-08 17:43:48:103,1.142,1.6971,8.0648,0.0481,0.0218,9.8064,-0.1414,-0.5012,0.2534,-18.31,-32.87,17.19,333.94,-82.51,-154.84,-1.6911261758512224,1.0681459766691979,-1.742289955741072
52.557007,-1.477424,141.83,13.74,6,114.32,22 / 22,694609,2020-01-08 17:43:48:202,-0.7649,-5.0175,9.5635,-0.024,0.0546,9.8064,0.1625,-0.3382,0.2502,-18.12,-32.94,16.5,332.39,-82.56,-156.18,5.082821185705678,-0.6639961537963576,-0.24118360617001078
52.557007,-1.477424,141.83,13.74,6,114.32,22 / 22,694710,2020-01-08 17:43:48:303,-0.3805,0.613,8.4596,0.0495,0.0736,9.8062,-0.1438,-0.5139,0.3984,-18.31,-33.25,16.06,328.24,-82.6,-157.84,-0.5323926088708842,-0.4383124473221465,-1.346708665057935
52.557007,-1.477424,141.83,13.74,6,114.32,22 / 22,694809,2020-01-08 17:43:48:402,-1.3289,-4.8153,11.0458,0.0076,0.0465,9.8064,0.0705,-0.6881,0.2377,-18.44,-33.37,16.69,332.7,-82.58,-155.93,4.881096479419735,-1.2625064441449259,1.241135966398848
52.557007,-1.477424,141.83,13.74,6,114.32,22 / 22,694910,2020-01-08 17:43:48:503,4.0342,1.4282,9.9932,0.0428,0.0239,9.8065,-0.0365,-0.0922,0.0597,-18.31,-33.25,16.94,332.28,-82.52,-156.25,-1.4646761530703316,3.969689866991319,0.18567570259335622
52.557007,-1.477424,141.83,13.74,6,114.32,22 / 22,695010,2020-01-08 17:43:48:603,0.3008,-2.0771,10.6384,0.0087,0.0762,9.8063,0.1597,-0.3048,0.2883,-18.25,-33.12,17.0,329.79,-82.65,-158.44,2.1483610357455336,0.32481008246587967,0.8327406441497196
52.557007,-1.477424,141.83,13.74,6,114.32,22 / 22,695110,2020-01-08 17:43:48:703,0.0276,0.8507,7.1195,-0.0352,0.0186,9.8065,0.0328,0.0527,-0.0765,-17.81,-33.0,16.19,328.08,-82.4,-157.82,-0.8320978237794052,0.04980804552274475,-2.687272896499866
52.557007,-1.477424,141.83,13.74,6,114.32,22 / 22,695210,2020-01-08 17:43:48:803,1.6654,0.8657,11.3178,-0.0776,0.0437,9.8062,0.357,0.2004,-0.1171,-18.19,-32.62,16.44,329.88,-82.74,-156.56,-0.8487983458822949,1.7305568007800154,1.5110863930634533
52.557007,-1.477424,141.83,13.74,6,114.32,23 / 23,695310,2020-01-08 17:43:48:903,1.8538,-1.4667,8.4603,-0.0207,0.0026,9.8066,0.0492,-0.0156,0.0269,-17.81,-32.81,16.0,328.4,-82.5,-157.62,1.4411587457036157,1.8963589893596524,-1.3461056731017873
52.557007,-1.477424,141.83,13.74,6,114.32,23 / 23,695410,2020-01-08 17:43:49:003,3.2053,-1.7221,12.8423,-0.1054,0.0237,9.806,0.2041,0.0389,0.0616,-18.19,-33.25,16.88,331.91,-82.64,-156.64,1.694465958016934,3.3371980665319576,3.036373495118333
52.557007,-1.477424,141.83,13.74,6,114.32,23 / 23,695509,2020-01-08 17:43:49:102,-0.4926,-0.275,7.0796,0.0021,-0.0117,9.8066,-0.302,-0.0852,0.0643,-18.31,-33.12,16.75,330.45,-82.44,-157.72,0.27163640119875276,-0.491035973706225,-2.7268445716744045
52.557007,-1.477424,141.83,13.74,6,114.32,23 / 23,695610,2020-01-08 17:43:49:203,0.1732,1.2844,8.6216,-0.0664,0.0157,9.8063,0.1476,-0.1699,0.0158,-18.31,-32.94,17.06,332.55,-82.55,-156.04,-1.2718063544167308,0.22018296604416515,-1.1851371221631772
52.557007,-1.477424,141.83,13.74,6,114.32,23 / 23,695710,2020-01-08 17:43:49:303,-1.8712,1.3094,9.3652,-0.004,-0.0319,9.8065,-0.0275,-0.2383,0.2182,-18.56,-33.06,16.31,327.5,-82.56,-157.07,-1.3127131437194748,-1.8873709740031785,-0.4414546735469298
52.557007,-1.477424,141.83,13.74,6,114.32,23 / 23,695810,2020-01-08 17:43:49:403,-1.1164,4.5249,9.661,-0.0341,-0.0179,9.8065,-0.0188,-0.2235,0.0736,-18.56,-34.0,15.5,329.27,-82.63,-155.46,-4.5258327512227225,-1.1510289848111566,-0.14678407299282942
52.557007,-1.477424,141.83,13.74,6,114.32,23 / 23,695911,2020-01-08 17:43:49:504,-4.6011,0.5661,9.8471,-0.0285,-0.018,9.8065,-0.0477,-0.3519,0.2734,-18.44,-33.12,15.13,330.56,-82.78,-154.05,-0.5147617143046911,-4.580919658762542,0.04107782186244825
52.557007,-1.477424,141.83,13.74,6,114.32,23 / 23,696010,2020-01-08 17:43:49:603,-0.9536,4.0935,8.8192,-0.039,-0.0343,9.8064,-0.0983,-0.2898,-0.0467,-18.56,-33.12,14.94,329.44,-82.79,-153.65,-4.113152592196523,-0.9771781292458467,-0.9883766979399119
52.557007,-1.477424,141.83,13.74,6,114.32,23 / 23,696110,2020-01-08 17:43:49:703,-9.2481,-1.1071,8.6428,-0.0827,-0.0171,9.8062,-0.1759,-0.5461,0.5926,-18.44,-33.69,15.69,331.12,-82.79,-155.4,1.2291207816273257,-9.14799506993077,-1.1617250211191021
52.557007,-1.477424,141.83,13.74,6,114.32,23 / 23,696209,2020-01-08 17:43:49:802,-2.2942,2.415,11.2149,-0.069,-0.0263,9.8063,-0.0901,0.1878,-0.0106,-18.56,-33.19,15.06,330.46,-82.98,-152.93,-2.407753192255434,-2.2617378081617567,1.4081481961481972
52.557007,-1.477424,141.83,13.74,6,114.32,24 / 24,696310,2020-01-08 17:43:49:903,-8.9428,0.4957,8.9773,-0.0014,0.0424,9.8065,-0.279,-0.3103,0.1716,-18.44,-33.31,15.38,333.35,-83.0,-151.86,-0.31750276025059704,-8.94735813078128,-0.828047080047603
52.557007,-1.477424,141.83,13.74,6,114.32,24 / 24,696410,2020-01-08 17:43:50:003,-1.5464,5.9415,10.7242,-0.0851,-0.0436,9.8062,-0.0479,0.1786,-0.1651,-18.44,-33.37,15.38,334.95,-82.97,-150.5,-5.962564138601769,-1.5516902122330172,0.9163133079467934
52.557007,-1.477424,141.83,13.74,6,114.32,24 / 24,696509,2020-01-08 17:43:50:102,-6.832,3.6913,8.0318,-0.0357,0.0095,9.8065,-0.2516,-0.3223,0.2709,-18.56,-33.31,15.44,330.54,-83.25,-153.05,-3.5778326182485487,-6.851555434646788,-1.7748822219400313
52.557007,-1.477424,141.83,13.74,6,114.32,24 / 24,696610,2020-01-08 17:43:50:203,-2.359,2.8058,8.4273,-0.022,-0.0168,9.8066,-0.134,-0.0809,-0.0589,-19.12,-34.19,15.38,328.32,-83.09,-154.68,-2.786425021121905,-2.3796933074002036,-1.3798563745478991
52.557007,-1.477424,141.83,13.74,6,114.32,24 / 24,696710,2020-01-08 17:43:50:303,-2.7594,1.6679,9.7623,-0.0503,0.0147,9.8065,-0.106,-0.0844,0.0681,-18.25,-33.87,15.38,325.58,-82.68,-157.99,-1.6119476520891618,-2.733844576957735,-0.04433154591283719
52.557007,-1.477424,141.83,13.74,6,114.32,24 / 24,696810,2020-01-08 17:43:50:403,-1.4726,-3.2008,12.2895,0.0174,-0.0122,9.8065,-0.2296,0.3765,-0.3051,-18.31,-33.5,15.56,329.53,-82.54,-156.7,3.2100173090155892,-1.441166925968414,2.4842273904204246
52.557007,-1.477424,141.83,13.74,6,114.32,24 / 24,696910,2020-01-08 17:43:50:503,0.062,-3.835,11.3576,-0.0001,0.0463,9.8065,0.0119,0.1643,0.0185,-18.37,-33.62,15.56,329.63,-82.27,-156.25,3.8794179126287966,0.1211200734241708,1.5523220983380215
52.557007,-1.477424,141.83,13.74,6,114.32,24 / 24,697010,2020-01-08 17:43:50:603,-1.9869,-2.2176,9.7486,0.009,0.0015,9.8066,-0.3154,0.5524,-0.2177,-18.62,-33.62,16.38,326.03,-82.03,-157.71,2.249105595994118,-1.962055015127699,-0.057006628388180436
52.557007,-1.477424,141.83,13.74,6,114.32,24 / 24,697110,2020-01-08 17:43:50:703,-0.8386,5.5586,6.8128,-0.0411,0.0986,9.8061,-0.1556,0.3998,-0.2504,-17.56,-33.62,16.63,330.0,-82.44,-157.96,-5.446333196478279,-0.8805584117657389,-2.994916148476831
52.557007,-1.477424,141.83,13.74,6,114.32,24 / 24,697210,2020-01-08 17:43:50:803,0.8445,-0.3001,9.2245,0.0191,0.0298,9.8065,-0.1286,0.3282,-0.2331,-18.19,-33.81,15.63,326.86,-82.16,-158.46,0.31754150176792123,0.830222312643186,-0.5820150137619922
52.557007,-1.477424,141.83,13.74,6,114.32,24 / 24,697310,2020-01-08 17:43:50:903,2.4554,2.6055,8.6057,-0.0266,0.0705,9.8063,-0.152,0.3883,-0.187,-18.0,-33.5,15.63,327.93,-81.97,-157.6,-2.57193275257075,2.443136216991614,-1.2017639957486466
52.557007,-1.477424,141.83,13.74,6,114.32,24 / 24,697409,2020-01-08 17:43:51:002,-1.7911,0.9345,9.3209,-0.0006,0.0252,9.8066,0.0953,-0.001,-0.0252,-17.75,-33.81,15.94,327.78,-82.38,-157.88,-0.8819107391848129,-1.8041403082913967,-0.4857287577534614
52.557007,-1.477424,141.83,13.74,6,114.32,24 / 24,697511,2020-01-08 17:43:51:104,-1.3015,1.419,8.9701,0.0497,-0.0138,9.8064,0.1596,0.12,-0.1239,-18.19,-33.37,16.63,331.81,-82.53,-156.64,-1.411894929400909,-1.3728720072366452,-0.8365585036792271
52.557007,-1.477424,141.83,13.74,6,114.32,24 / 24,697609,2020-01-08 17:43:51:202,-0.0325,-0.136,9.0865,0.0579,-0.0059,9.8064,0.2383,-0.0562,-0.2182,-18.44,-33.94,16.19,327.74,-82.4,-157.93,0.13168471868058815,-0.0885192625347903,-0.7198455772082736
52.557007,-1.477424,141.83,13.74,6,114.32,24 / 24,697710,2020-01-08 17:43:51:303,0.2404,-0.999,11.5248,0.0483,-0.0219,9.8065,0.2116,-0.1094,0.0958,-18.0,-33.44,16.56,328.49,-82.11,-159.13,0.9735282957185523,0.20712393382498254,1.7185819862526779
52.557007,-1.477424,141.83,13.74,6,114.32,24 / 24,697810,2020-01-08 17:43:51:403,0.2033,-0.097,9.0518,0.0641,-0.0488,9.8063,0.0902,0.0358,0.1045,-18.12,-33.12,16.5,327.03,-81.96,-160.24,0.04632626929468716,0.1398085716510843,-0.7545048509228552
52.557007,-1.477424,141.83,13.74,6,114.32,24 / 24,697909,2020-01-08 17:43:51:502,0.0764,-1.1279,10.4008,0.0213,0.0005,9.8065,0.089,-0.1831,-0.0631,-18.31,-33.94,16.25,325.74,-82.16,-159.4,1.1272457230865494,0.07227459268862177,0.5946499163665769
52.557007,-1.477424,141.83,13.74,6,114.32,24 / 24,698010,2020-01-08 17:43:51:603,2.3513,1.0769,9.9753,-0.0173,-0.0423,9.8065,0.0077,-0.2226,0.1647,-18.5,-32.87,16.94,329.61,-82.02,-158.13,-1.1550144669456346,2.351393526173552,0.16810147594652997
52.557007,-1.477424,141.83,13.74,6,114.32,24 / 24,698109,2020-01-08 17:43:51:702,0.653,-1.4437,9.831,-0.0525,-0.0416,9.8064,-0.1555,-0.3954,0.2848,-18.06,-32.94,16.44,324.11,-81.95,-160.77,1.3912413562104302,0.7266671747283546,0.02494245260741758
52.557007,-1.477424,141.83,13.74,6,114.32,24 / 24,698209,2020-01-08 17:43:51:802,2.9683,1.8036,8.8312,-0.0157,-0.0368,9.8065,-0.0399,-0.1432,0.1315,-18.0,-33.94,15.88,326.55,-81.8,-158.42,-1.8850908006529057,2.9556347996921257,-0.9763164723298859
52.557007,-1.477424,141.83,13.74,6,114.32,24 / 24,698310,2020-01-08 17:43:51:903,0.8494,-1.3953,11.2038,0.0093,-0.0201,9.8066,0.1921,-0.2993,0.0763,-18.37,-33.56,16.44,325.07,-81.71,-159.57,1.3618666101052832,0.8610365618908935,1.3975143166949862
52.557007,-1.477424,141.83,13.74,6,114.32,24 / 24,698410,2020-01-08 17:43:52:003,4.9066,2.1482,8.1101,0.0493,-0.0522,9.8064,0.0149,0.3396,-0.3005,-18.12,-33.81,16.13,324.88,-81.57,-159.6,-2.2732034825769003,4.8231639005659375,-1.6977022869389768
52.557007,-1.477424,141.83,13.74,6,114.32,24 / 24,698509,2020-01-08 17:43:52:102,-0.4976,-2.1244,10.7781,0.0235,0.0392,9.8065,0.1193,-0.3127,0.0555,-18.31,-34.25,16.63,326.84,-81.65,-159.96,2.1709369302829677,-0.4881209312425798,0.9723618314271928
52.557007,-1.477424,141.83,13.74,6,114.32,24 / 24,698610,2020-01-08 17:43:52:203,-2.4221,-2.1795,9.729,-0.016,-0.0432,9.8065,-0.0303,0.5429,-0.3037,-17.87,-33.69,16.31,325.07,-81.73,-159.58,2.172536695697884,-2.3734652460066274,-0.07647340612802227
52.557007,-1.477424,141.83,13.74,6,114.32,24 / 24,698710,2020-01-08 17:43:52:303,-1.8034,-2.7392,9.6798,0.0251,0.0264,9.8065,0.0465,-0.0778,0.062,-17.62,-33.5,16.69,327.81,-81.82,-159.47,2.7930283219867826,-1.7864032567944217,-0.12555754335754593
52.557007,-1.477424,141.83,13.74,6,114.32,24 / 24,698810,2020-01-08 17:43:52:403,-0.7208,0.1498,9.6458,-0.0096,-0.0387,9.8065,0.0045,0.5191,-0.1527,-17.75,-33.56,16.31,324.75,-81.68,-159.81,-0.17765090433590164,-0.7139970431167474,-0.16065664819476935
52.557007,-1.477424,141.83,13.74,6,114.32,24 / 24,698909,2020-01-08 17:43:52:502,2.0639,1.9602,10.1125,0.023,0.0385,9.8065,0.0601,0.1707,-0.1165,-18.19,-33.12,16.25,324.32,-81.82,-160.48,-1.952500798269028,2.01159084398676,0.3050944266082958
52.557007,-1.477424,141.83,13.74,6,114.32,24 / 24,699009,2020-01-08 17:43:52:602,0.2249,0.9259,9.7115,0.0311,-0.0167,9.8065,0.178,0.2345,-0.1294,-18.44,-33.37,16.56,327.58,-81.78,-159.63,-0.9453978655244276,0.17948208600596735,-0.09532710351627706
52.557007,-1.477424,141.83,13.74,6,114.32,24 / 24,699110,2020-01-08 17:43:52:703,1.2185,2.2404,9.7514,0.0416,0.0015,9.8065,0.0751,0.2646,-0.1483,-17.37,-33.37,16.44,328.9,-82.02,-158.28,-2.2564576889014547,1.1428331766809854,-0.05598087597344635
52.557007,-1.477424,141.83,13.74,6,114.32,24 / 24,699210,2020-01-08 17:43:52:803,-0.3362,-1.2805,9.3556,0.0168,0.0307,9.8065,0.0501,0.0509,0.0209,-17.94,-33.12,16.38,325.28,-82.03,-159.87,1.3165420811502122,-0.33315528600778127,-0.4504328517834163
52.557007,-1.477424,141.83,13.74,6,114.32,24 / 24,699311,2020-01-08 17:43:52:904,1.4301,0.8887,10.7881,0.009,0.0076,9.8066,0.0531,0.2858,-0.1826,-17.69,-32.87,15.81,326.4,-81.99,-158.9,-0.9028448200452721,1.4077239530006551,0.9810143592555772
52.557007,-1.477424,141.83,13.74,6,114.32,24 / 24,699410,2020-01-08 17:43:53:003,-2.31,-0.6688,8.7158,0.0441,0.0132,9.8064,-0.0222,-0.2817,-0.0112,-17.87,-33.0,16.38,325.02,-81.85,-159.92,0.7179393735006421,-2.343648909401964,-1.0900422080986087
52.557007,-1.477424,141.83,13.74,6,114.32,24 / 24,699510,2020-01-08 17:43:53:103,-0.637,-1.8756,11.5726,0.0089,-0.0585,9.8064,0.2008,0.2298,0.0132,-18.44,-33.06,16.0,326.45,-81.65,-158.57,1.8261139245125122,-0.6180453981813884,1.766869967057089
52.557007,-1.477424,141.83,13.74,6,114.32,24 / 24,699610,2020-01-08 17:43:53:203,-2.9874,-4.6747,11.0897,0.0532,0.0224,9.8065,0.3376,-0.3304,0.3585,-17.69,-33.62,16.63,326.53,-81.83,-160.36,4.742221979500526,-2.9689002041113417,1.2851308435991067
52.557007,-1.477424,141.83,13.74,6,114.32,24 / 24,699709,2020-01-08 17:43:53:302,4.9565,2.8844,11.8604,0.0722,-0.0551,9.8062,0.2943,0.3615,-0.467,-18.44,-32.75,16.81,328.86,-82.01,-158.75,-3.0138255133437513,4.8394877027029635,2.052559117420269
52.557007,-1.477424,141.83,13.74,6,114.32,24 / 24,699810,2020-01-08 17:43:53:403,-1.0598,-1.018,6.3068,0.1295,0.0404,9.8056,0.2948,-0.1054,-0.1023,-18.37,-32.75,16.56,325.16,-81.58,-161.49,1.0774161764311558,-1.1736170150982086,-3.498291579419366
52.557007,-1.477424,141.83,13.74,6,114.32,24 / 24,699910,2020-01-08 17:43:53:503,3.3902,-0.037,11.7758,0.0591,-0.002,9.8064,0.3927,0.3518,-0.2704,-18.12,-32.19,16.69,329.67,-81.76,-158.06,-0.016105918830003795,3.3315239815003608,1.9689279138827362
52.557007,-1.477424,141.83,13.74,6,114.32,24 / 24,700010,2020-01-08 17:43:53:603,-2.2526,-1.1325,7.4747,0.0947,-0.0051,9.8061,0.138,0.055,-0.034,-17.62,-33.62,15.88,324.33,-81.59,-160.07,1.1635814646643905,-2.330274909698452,-2.330701832135408
52.557007,-1.477424,141.83,13.74,6,114.32,24 / 24,700110,2020-01-08 17:43:53:703,1.9271,1.8766,10.2351,0.0389,0.0208,9.8065,0.1179,0.1621,-0.312,-17.75,-32.62,16.38,324.22,-81.71,-160.47,-1.8843338072250186,1.8599240849233576,0.4277374676958739
52.557007,-1.477424,141.83,13.74,6,114.32,24 / 24,700210,2020-01-08 17:43:53:803,-1.8713,-0.9619,9.3918,0.0195,0.0192,9.8066,-0.0397,0.0796,-0.1547,-17.5,-32.37,16.63,329.96,-81.68,-159.23,1.0097692540785312,-1.8757753713611307,-0.41421455758181563
52.557007,-1.477424,141.83,13.74,6,114.32,24 / 24,700310,2020-01-08 17:43:53:903,1.1149,0.0645,11.2088,-0.0061,-0.0047,9.8066,0.0933,0.0256,0.0391,-17.44,-32.06,16.38,327.89,-81.78,-159.11,-0.08662530301345532,1.1200193564758354,1.4020153986305872
52.557007,-1.477424,141.83,13.74,6,114.32,24 / 24,700410,2020-01-08 17:43:54:003,1.6667,-1.1617,8.8253,0.0396,-0.0169,9.8065,-0.0301,-0.1292,0.0216,-17.06,-31.19,16.31,328.54,-81.9,-158.85,1.120328023052187,1.6441217300246131,-0.9810727534820495
52.557007,-1.477424,141.83,13.74,6,114.32,24 / 24,700510,2020-01-08 17:43:54:103,1.0657,-0.7826,10.4764,0.0203,-0.0169,9.8066,0.2173,0.0585,-0.065,-17.37,-31.56,15.38,323.71,-81.65,-160.43,0.7495582118169315,1.056975824491068,0.6698912475463696
52.557007,-1.477424,141.83,13.74,6,114.32,24 / 24,700610,2020-01-08 17:43:54:203,1.4359,-0.636,9.5145,0.0532,-0.0287,9.8064,0.1267,-0.0624,-0.0318,-18.0,-32.0,15.56,323.8,-81.52,-160.87,0.5863727663006869,1.3917021855067182,-0.2919078549760264
52.557007,-1.477424,141.83,13.74,6,114.32,24 / 24,700709,2020-01-08 17:43:54:302,-0.173,0.5476,9.3373,0.0157,0.0026,9.8065,-0.0021,0.0255,-0.0348,-18.19,-32.37,15.88,324.78,-81.77,-160.25,-0.5419283688966599,-0.19700199552775402,-0.4693454876134291
52.557007,-1.477424,141.83,13.74,6,114.32,24 / 24,700810,2020-01-08 17:43:54:403,-2.1392,0.2933,9.0163,-0.0175,0.0128,9.8065,0.1353,0.08,-0.0137,-18.0,-32.62,16.06,324.71,-81.86,-160.19,-0.24806735523045986,-2.125817348318752,-0.7899812458887833
52.557007,-1.477424,141.83,13.74,6,114.32,24 / 24,700911,2020-01-08 17:43:54:504,-0.2612,0.8532,9.2009,0.0032,0.002,9.8066,-0.0568,0.1766,-0.0398,-17.69,-32.75,15.75,325.15,-81.8,-159.78,-0.8469025988244993,-0.27735200629235357,-0.605931632042687
52.557007,-1.477424,141.83,13.74,6,114.32,24 / 24,701010,2020-01-08 17:43:54:603,-1.3887,-2.3699,10.4862,-0.0011,0.0213,9.8066,0.0701,0.1337,-0.0104,-18.69,-33.12,15.94,323.57,-81.85,-159.82,2.4117332809400773,-1.3511137738433137,0.6805597047554991
52.557007,-1.477424,141.83,13.74,6,114.32,24 / 24,701110,2020-01-08 17:43:54:703,2.9848,-0.3048,11.4017,0.0468,-0.0063,9.8065,0.0645,0.3117,-0.2442,-18.37,-33.19,15.63,325.02,-81.69,-159.79,0.2534395906369681,2.9424092237429234,1.59486852872904
52.557007,-1.477424,141.83,13.74,6,114.32,24 / 24,701210,2020-01-08 17:43:54:803,1.8287,-1.9996,12.5217,-0.0045,0.024,9.8066,0.4472,-0.1614,-0.0447,-18.87,-32.75,16.44,325.31,-81.8,-158.3,1.994723758767187,1.8640319127488847,2.715475900180931
52.557007,-1.477424,141.83,13.74,6,114.32,24 / 24,701310,2020-01-08 17:43:54:903,-0.9794,-0.7269,8.6948,0.0433,-0.0212,9.8064,-0.096,-0.0771,-0.0145,-18.44,-33.56,15.31,324.44,-81.74,-158.09,0.7214699467651696,-1.01204560615916,-1.1112277655677076
52.5565,-1.475648,143.31,15.16,6,115.13,24 / 24,701409,2020-01-08 17:43:55:002,0.7999,0.2645,8.6213,-0.0155,-0.0063,9.8066,-0.1875,0.1021,-0.0232,-18.44,-33.37,16.38,327.02,-81.52,-157.99,-0.28274530959890704,0.8110370300635942,-1.1855040766549234
52.5565,-1.475648,143.31,15.16,6,115.13,24 / 24,701510,2020-01-08 17:43:55:103,2.3476,-0.6349,10.0451,-0.0148,-0.0034,9.8065,0.0834,0.1136,-0.055,-18.25,-32.81,16.5,328.3,-81.57,-158.87,0.5955561161706846,2.3717307605355575,0.23845771537343366
52.5565,-1.475648,143.31,15.16,6,115.13,24 / 24,701610,2020-01-08 17:43:55:203,-0.3334,-1.1273,9.9235,-0.0004,0.0276,9.8066,0.1218,0.0304,-0.1517,-18.37,-32.75,16.31,327.66,-81.79,-157.68,1.1597756511329287,-0.3154462488831561,0.11731463295231984
52.5565,-1.475648,143.31,15.16,6,115.13,24 / 24,701710,2020-01-08 17:43:55:303,0.7352,0.2295,9.3846,0.0124,0.0075,9.8066,-0.0698,0.1001,0.0364,-18.69,-33.06,15.88,326.27,-81.73,-157.45,-0.23279161435263854,0.7192940932555347,-0.42217521444868084
52.5565,-1.475648,143.31,15.16,6,115.13,24 / 24,701810,2020-01-08 17:43:55:403,1.143,-2.0227,9.5034,-0.0028,0.0024,9.8066,0.1015,-0.2188,0.1184,-18.56,-33.12,16.0,326.36,-81.81,-157.43,2.0076030571893355,1.176310410911018,-0.3027237551735688
52.5565,-1.475648,143.31,15.16,6,115.13,24 / 24,701909,2020-01-08 17:43:55:502,1.1774,-1.2301,11.1546,0.0261,-0.0187,9.8065,0.1766,-0.0255,-0.1188,-18.25,-32.37,16.69,330.65,-81.92,-157.35,1.1933857922393138,1.1697120399232908,1.3483172306767577
52.5565,-1.475648,143.31,15.16,6,115.13,24 / 24,702009,2020-01-08 17:43:55:602,0.7109,0.8106,9.6506,0.0382,-0.0101,9.8065,0.0811,0.1663,-0.0975,-18.19,-32.87,16.44,327.58,-81.86,-157.8,-0.8307487226009389,0.6601656039599977,-0.15625788058539541
52.5565,-1.475648,143.31,15.16,6,115.13,24 / 24,702110,2020-01-08 17:43:55:703,0.2847,-0.1201,9.1973,0.0067,0.0355,9.8065,-0.1652,0.0372,-0.0928,-19.06,-32.37,16.88,329.55,-82.02,-156.95,0.1515644277904916,0.2802403392500136,-0.6091909195692082
52.5565,-1.475648,143.31,15.16,6,115.13,24 / 24,702209,2020-01-08 17:43:55:802,-0.1168,0.8751,10.268,-0.0239,0.0007,9.8065,0.0644,0.0849,0.049,-18.19,-32.81,16.38,328.55,-82.13,-157.21,-0.8730393430016273,-0.10607360837732101,0.46123607315246123
52.5565,-1.475648,143.31,15.16,6,115.13,24 / 24,702310,2020-01-08 17:43:55:903,0.0232,-0.3939,8.8455,0.0129,0.0141,9.8065,-0.0699,-0.1599,-0.0154,-17.75,-32.31,16.31,328.34,-81.97,-157.44,0.40810399365645633,0.016346136765449413,-0.9608720123796389
52.5565,-1.475648,143.31,15.16,6,115.13,24 / 24,702409,2020-01-08 17:43:56:002,-1.715,1.4664,11.4096,-0.0747,0.0224,9.8062,-0.1694,0.0092,-0.115,-17.12,-33.06,16.06,332.05,-82.36,-155.94,-1.4194923676273141,-1.6617664861014922,1.603179719781191
52.5565,-1.475648,143.31,15.16,6,115.13,24 / 24,702510,2020-01-08 17:43:56:103,-1.2882,-1.6737,10.0514,-0.0455,0.0,9.8065,-0.1918,-0.3811,0.4028,-17.75,-32.87,15.31,329.4,-82.54,-154.84,1.6922589882683983,-1.2171629658326515,0.24561111788817824
52.5565,-1.475648,143.31,15.16,6,115.13,24 / 24,702610,2020-01-08 17:43:56:203,5.6875,4.6391,11.8257,-0.0646,-0.0634,9.8062,-0.1622,0.1338,-0.0492,-17.62,-32.75,15.19,329.14,-82.25,-154.83,-4.789760882170191,5.680470099138044,2.0171740268085068
52.5565,-1.475648,143.31,15.16,6,115.13,24 / 24,702710,2020-01-08 17:43:56:303,0.1512,1.1379,6.4337,-0.0571,0.0403,9.8064,-0.3986,-0.5681,0.4301,-18.19,-32.87,15.13,326.97,-82.09,-156.5,-1.0995529568675526,0.1911723334798746,-3.3730781748954
52.5565,-1.475648,143.31,15.16,6,115.13,24 / 24,702810,2020-01-08 17:43:56:403,7.6345,2.5317,12.0103,-0.1217,-0.0412,9.8057,0.1332,0.5556,-0.3049,-18.12,-33.06,14.94,330.46,-82.16,-153.67,-2.6908307636175657,7.71663381827358,2.2026589219045736
52.5565,-1.475648,143.31,15.16,6,115.13,24 / 24,702910,2020-01-08 17:43:56:503,1.0737,-0.571,8.4849,0.0117,0.0334,9.8065,-0.2108,0.0373,0.0236,-18.56,-33.37,15.19,327.28,-82.0,-154.85,0.5886612142894063,1.0708507052650478,-1.3215622050530471
52.5565,-1.475648,143.31,15.16,6,115.13,24 / 24,703009,2020-01-08 17:43:56:602,-1.3573,-2.9059,10.0139,-0.0501,0.0146,9.8065,0.0543,0.2491,-0.2906,-18.69,-33.0,15.63,331.58,-82.29,-153.43,2.939905076198957,-1.2627692113707285,0.20851597481669304
52.5565,-1.475648,143.31,15.16,6,115.13,24 / 24,703110,2020-01-08 17:43:56:703,-0.7514,-0.5941,8.6774,-0.0001,0.0136,9.8066,-0.0612,0.203,0.0911,-19.12,-32.87,15.38,329.11,-82.17,-153.46,0.6193745622839333,-0.7421641360840245,-1.1288982091872755
52.5565,-1.475648,143.31,15.16,6,115.13,24 / 24,703210,2020-01-08 17:43:56:803,1.2966,-0.3389,11.3955,-0.036,0.0145,9.8065,0.1301,0.1148,-0.1511,-19.0,-33.62,15.31,330.33,-82.34,-152.41,0.3326603331563005,1.338024517958458,1.5889187556594506
52.5565,-1.475648,143.31,15.16,6,115.13,23 / 23,703310,2020-01-08 17:43:56:903,2.0095,-0.4238,11.2522,0.0359,0.0025,9.8066,-0.0825,-0.1859,0.0551,-19.19,-32.87,15.88,332.53,-82.18,-152.56,0.39588530811541117,1.9800354076389208,1.4454489327937328
52.5565,-1.475648,143.31,15.16,6,115.13,23 / 23,703410,2020-01-08 17:43:57:003,2.6695,-0.3571,11.6494,-0.0376,-0.0113,9.8065,-0.0321,-0.0874,-0.102,-18.87,-33.62,15.75,333.23,-82.27,-151.89,0.3041536529069972,2.71228715252361,1.8426170024393835
52.5565,-1.475648,143.31,15.16,6,115.13,23 / 23,703510,2020-01-08 17:43:57:103,2.1934,-0.5668,8.8581,0.0344,0.0121,9.8065,-0.1834,-0.0057,0.1558,-18.56,-33.56,15.69,332.99,-82.32,-152.13,0.546423176654686,2.167390702450694,-0.9485294012021384
52.5565,-1.475648,143.31,15.16,6,115.13,23 / 23,703609,2020-01-08 17:43:57:202,2.3839,-1.1547,9.6001,-0.0197,0.0091,9.8065,0.1108,-0.1551,-0.0871,-18.44,-32.94,15.63,333.86,-82.29,-152.91,1.1273128394581828,2.4209290930449683,-0.20637937988373675
52.5565,-1.475648,143.31,15.16,6,115.13,23 / 23,703710,2020-01-08 17:43:57:303,1.1674,-0.3455,8.6212,-0.0074,-0.0167,9.8066,-0.0746,0.2561,-0.0827,-18.37,-33.25,14.94,330.03,-82.22,-154.07,0.3113402192377858,1.1794809375673427,-1.185465995210419
52.5565,-1.475648,143.31,15.16,6,115.13,23 / 23,703809,2020-01-08 17:43:57:402,1.5466,0.4662,11.1178,-0.0436,0.0249,9.8065,0.0985,0.1192,-0.0957,-18.31,-33.19,15.94,332.91,-82.42,-153.8,-0.4657628684969045,1.583514657397698,1.3109293269037008
52.5565,-1.475648,143.31,15.16,6,115.13,23 / 23,703911,2020-01-08 17:43:57:504,0.7532,-0.7536,10.1301,0.03,-0.0041,9.8065,-0.2109,0.0211,0.1204,-18.37,-33.62,15.88,332.52,-82.56,-154.06,0.7383526233797195,0.7345188169626996,0.32373285448962846
52.5565,-1.475648,143.31,15.16,6,115.13,23 / 23,704010,2020-01-08 17:43:57:603,4.6731,0.2183,11.93,-0.0357,-0.0383,9.8065,0.0527,0.3447,-0.2385,-18.37,-33.12,15.81,332.96,-82.41,-153.74,-0.32859659478749265,4.704669068064694,2.1227356142226825
52.5565,-1.475648,143.31,15.16,6,115.13,23 / 23,704110,2020-01-08 17:43:57:703,-1.1184,-4.0385,10.3182,0.0509,-0.0473,9.8064,-0.2395,-0.183,0.1269,-18.25,-33.31,15.69,331.55,-82.59,-155.04,4.008295424545593,-1.1086190420278768,0.5132355981613742
52.5565,-1.475648,143.31,15.16,6,115.13,23 / 23,704210,2020-01-08 17:43:57:803,1.795,-1.4947,10.1975,-0.0211,-0.0545,9.8065,0.1683,0.3847,-0.2599,-18.75,-32.94,15.56,330.03,-82.12,-154.6,1.412392118286613,1.8377683291289566,0.39119345936814537
52.5565,-1.475648,143.31,15.16,6,115.13,24 / 24,704310,2020-01-08 17:43:57:903,-3.021,-1.583,7.6512,-0.001,-0.0015,9.8066,-0.2072,-0.2751,0.2373,-17.81,-33.62,15.94,328.69,-81.98,-156.8,1.6277658717120065,-2.9959924462828496,-2.1544602430088506
52.5565,-1.475648,143.31,15.16,6,115.13,24 / 24,704410,2020-01-08 17:43:58:003,-1.2976,3.3541,9.4682,-0.0655,-0.0096,9.8063,0.211,0.0543,-0.115,-18.62,-33.94,15.69,324.9,-81.98,-158.61,-3.3445368850148394,-1.2829729767827325,-0.3389883119231224
52.5565,-1.475648,143.31,15.16,6,115.13,24 / 24,704510,2020-01-08 17:43:58:103,-4.0168,3.5035,10.7169,0.0315,0.003,9.8065,0.0778,-0.2461,0.09,-18.69,-34.0,15.13,324.48,-82.28,-157.25,-3.4390487671635115,-4.100747422088927,0.9098766165267446
52.5565,-1.475648,143.31,15.16,6,115.13,24 / 24,704609,2020-01-08 17:43:58:202,-2.7764,7.5667,8.2469,0.0096,-0.0255,9.8065,0.0635,0.4615,-0.3402,-18.94,-34.0,14.63,327.84,-82.68,-154.76,-7.548616390329986,-2.900936370103563,-1.5616042290708165
52.5565,-1.475648,143.31,15.16,6,115.13,24 / 24,704710,2020-01-08 17:43:58:303,-4.7493,5.2477,11.1752,0.0147,0.0537,9.8065,0.1131,0.1896,-0.0809,-18.31,-34.62,15.06,331.19,-82.95,-153.35,-5.121656331097763,-4.841961040264361,1.3677431778986429
52.5565,-1.475648,143.31,15.16,6,115.13,24 / 24,704809,2020-01-08 17:43:58:402,-6.9364,2.9608,9.8332,0.0159,0.0175,9.8066,-0.068,0.6395,-0.4786,-18.31,-34.19,14.13,329.19,-83.22,-153.32,-2.8376290060833176,-6.996095184605377,0.026674552968673014
52.5565,-1.475648,143.31,15.16,6,115.13,24 / 24,704910,2020-01-08 17:43:58:503,-4.2894,6.76,9.199,0.0362,0.054,9.8064,0.1373,0.286,-0.0475,-18.5,-34.19,14.13,331.3,-83.04,-151.41,-6.639494213611682,-4.426798348114531,-0.6088999035534864
52.5565,-1.475648,143.31,15.16,6,115.13,24 / 24,705010,2020-01-08 17:43:58:603,-4.8043,2.1727,10.181,-0.0161,0.0349,9.8066,0.0335,0.3794,-0.1522,-18.19,-33.94,14.56,332.18,-83.39,-152.99,-2.065123101970166,-4.819989887186237,0.37441621376686895
52.5565,-1.475648,143.31,15.16,6,115.13,24 / 24,705110,2020-01-08 17:43:58:703,3.8739,5.4409,9.4199,0.0497,0.0304,9.8064,0.0538,0.7053,-0.4253,-18.19,-33.94,14.31,326.8,-83.33,-155.44,-5.467699558324723,3.741726462306611,-0.388770833744093
52.5565,-1.475648,143.31,15.16,6,115.13,24 / 24,705210,2020-01-08 17:43:58:803,-3.407,0.0176,8.7068,0.0483,0.063,9.8063,0.3437,-0.1107,-0.0221,-18.12,-34.0,15.31,328.32,-83.08,-156.03,0.09810074370783795,-3.4543695400271703,-1.0989844516718357
52.5565,-1.475648,143.31,15.16,6,115.13,24 / 24,705310,2020-01-08 17:43:58:903,3.1132,1.8648,8.9667,0.0524,-0.0162,9.8064,0.0598,0.4049,-0.2771,-18.5,-33.19,15.5,332.34,-82.51,-154.33,-1.92689312068326,3.0318298185297206,-0.8407404967869528
52.5565,-1.475648,143.31,15.16,6,115.13,24 / 24,705410,2020-01-08 17:43:59:003,-3.9531,-2.6343,10.4926,0.041,0.0414,9.8064,0.0982,-0.1516,0.1454,-17.94,-33.5,15.81,328.65,-82.27,-157.23,2.7356922624209177,-3.9530028334237284,0.687627940294965
52.5565,-1.475648,143.31,15.16,6,115.13,24 / 24,705510,2020-01-08 17:43:59:103,-0.125,-2.0721,10.4739,0.0184,-0.0135,9.8066,0.0155,0.2391,-0.2018,-18.62,-33.62,15.13,324.09,-82.1,-157.42,2.0603232535058824,-0.11209792372312695,0.6679737693651601
52.5565,-1.475648,143.31,15.16,6,115.13,24 / 24,705610,2020-01-08 17:43:59:203,-2.6395,-2.7196,11.3774,-0.0215,0.0521,9.8065,0.0426,-0.5373,0.2114,-17.81,-33.62,15.19,325.59,-82.49,-157.81,2.810547979535738,-2.575482192797728,1.5721587799294914
52.5565,-1.475648,143.31,15.16,6,115.13,24 / 24,705710,2020-01-08 17:43:59:303,-0.6366,-0.5571,8.3508,-0.056,-0.0444,9.8064,-0.1939,-0.1271,0.1579,-18.87,-33.69,14.94,323.06,-82.54,-158.69,0.5219032652113037,-0.5729689406385174,-1.455353079092959
52.5565,-1.475648,143.31,15.16,6,115.13,24 / 24,705809,2020-01-08 17:43:59:402,0.8037,3.8478,9.6799,-0.0154,-0.0251,9.8066,-0.0249,-0.436,0.1616,-18.44,-33.12,14.81,328.7,-82.42,-155.33,-3.8848257614707875,0.7603057275834115,-0.12804731007241263
52.5565,-1.475648,143.31,15.16,6,115.13,24 / 24,705910,2020-01-08 17:43:59:503,-3.4562,0.3946,9.9033,-0.0097,-0.0537,9.8064,0.0845,-0.4995,0.324,-18.62,-33.87,15.5,331.57,-82.41,-153.38,-0.3960579916807302,-3.452883400600082,0.09725759140672785
52.5565,-1.475648,143.31,15.16,6,115.13,24 / 24,706009,2020-01-08 17:43:59:602,0.4848,1.7466,8.9979,0.0118,-0.0648,9.8064,0.0808,-0.1104,0.2113,-18.25,-33.19,15.06,329.74,-82.24,-154.32,-1.8181006575660152,0.44538587998363194,-0.8091431436212195
52.5565,-1.475648,143.31,15.16,6,115.13,24 / 24,706110,2020-01-08 17:43:59:703,-0.3234,-1.744,10.1069,0.0004,-0.0267,9.8066,0.0495,-0.2438,0.063,-18.62,-34.37,15.38,325.97,-82.05,-155.8,1.7219130879068156,-0.2977000666755527,0.30089168814805695
52.5565,-1.475648,143.31,15.16,6,115.13,24 / 24,706210,2020-01-08 17:43:59:803,2.4066,1.7,10.7667,-0.0034,-0.0257,9.8066,0.0574,-0.0469,-0.1241,-18.19,-33.94,15.63,331.17,-81.92,-154.72,-1.7623248251390822,2.3837099759309313,0.9592030344749056
52.5565,-1.475648,143.31,15.16,6,115.13,24 / 24,706310,2020-01-08 17:43:59:903,-3.1097,-3.602,9.5085,0.0217,-0.0103,9.8065,-0.0323,-0.5428,0.3423,-18.62,-33.62,15.13,326.5,-82.11,-155.41,3.638829732285045,-3.076660558569603,-0.29640653970607583
52.5565,-1.475648,143.31,15.16,6,115.13,24 / 24,706410,2020-01-08 17:44:00:003,2.6525,2.0315,10.3155,-0.0394,-0.0554,9.8064,0.0313,0.1503,0.0029,-18.81,-33.62,15.31,327.53,-82.17,-154.61,-2.1276106609245438,2.6600414540911657,0.5080476041049534
52.5565,-1.475648,143.31,15.16,6,115.13,24 / 24,706509,2020-01-08 17:44:00:102,0.6395,-0.9071,10.4276,0.017,0.0011,9.8066,0.0369,-0.0409,-0.0156,-18.62,-34.06,15.13,325.98,-82.39,-156.08,0.8984652243301923,0.6362767063835828,0.6211977813731773
52.5565,-1.475648,143.31,15.16,6,115.13,24 / 24,706610,2020-01-08 17:44:00:203,-3.1827,-0.7886,8.7632,0.0309,-0.0062,9.8066,-0.1655,0.105,0.1355,-18.25,-34.25,15.56,328.56,-82.24,-157.12,0.8313359372397212,-3.2015223455028234,-1.0426857200038049
52.5565,-1.475648,143.31,15.16,6,115.13,24 / 24,706710,2020-01-08 17:44:00:303,-0.0721,-2.5967,7.302,0.0957,-0.0252,9.8061,-0.3913,-0.0623,0.083,-18.5,-34.56,15.13,324.34,-82.11,-158.32,2.574546918625892,-0.12916823686946843,-2.5032598008153215
52.5565,-1.475648,143.31,15.16,6,115.13,24 / 24,706810,2020-01-08 17:44:00:403,0.6661,1.5966,10.0693,-0.0356,-0.0062,9.8065,0.069,0.2158,-0.0107,-18.5,-34.25,15.5,328.68,-82.45,-157.19,-1.6133320293794031,0.6773705365024197,0.2621897962487514
52.5565,-1.475648,143.31,15.16,6,115.13,24 / 24,706910,2020-01-08 17:44:00:503,4.0311,2.0198,10.2931,0.0602,0.0329,9.8063,-0.1142,-0.4423,0.3204,-17.94,-34.12,15.25,325.75,-82.14,-157.37,-2.046994469168777,3.940406694367544,0.48559384898893193
52.5565,-1.475648,143.31,15.16,6,115.13,24 / 24,707010,2020-01-08 17:44:00:603,1.408,-0.3283,10.9914,-0.028,0.0031,9.8066,0.0763,-0.3156,0.0869,-18.75,-34.19,15.63,325.11,-82.25,-158.67,0.30922523090644416,1.4410226343509174,1.1846968067228005
52.5565,-1.475648,143.31,15.16,6,115.13,24 / 24,707109,2020-01-08 17:44:00:702,1.0959,0.8339,8.2516,0.0123,0.0494,9.8065,-0.0272,-0.3025,0.3848,-18.25,-33.69,15.25,326.33,-82.38,-157.1,-0.8003320450468419,1.0713708015864374,-1.5553059001942913
52.5565,-1.475648,143.31,15.16,6,115.13,24 / 24,707210,2020-01-08 17:44:00:803,-0.224,-2.0074,10.2824,-0.0334,0.0032,9.8065,0.1139,-0.0493,-0.0327,-18.69,-33.31,15.06,326.59,-82.46,-155.8,2.0131050702022852,-0.16004663758260343,0.4765653996298482
52.5565,-1.475648,143.31,15.16,6,115.13,24 / 24,707311,2020-01-08 17:44:00:904,-0.8176,0.2021,8.0946,0.0212,-0.0084,9.8065,-0.1279,-0.1747,0.0905,-18.12,-34.12,15.19,326.75,-82.3,-156.69,-0.19721956613544706,-0.8421332091666629,-1.7118450282522666
52.5565,-1.475648,143.31,15.16,6,115.13,24 / 24,707409,2020-01-08 17:44:01:002,-0.6933,-0.5613,10.453,-0.013,0.0273,9.8065,0.1294,-0.3064,0.1335,-18.12,-34.19,15.31,327.01,-82.28,-156.44,0.5986338498426156,-0.6712127483892384,0.6467853277729585
52.5565,-1.475648,143.31,15.16,6,115.13,24 / 24,707510,2020-01-08 17:44:01:103,1.4358,2.6097,9.6406,0.0474,0.023,9.8065,-0.0649,-0.1966,0.2022,-18.56,-34.12,14.88,325.77,-82.14,-156.05,-2.6073870117724693,1.3490234694450325,-0.16692186713166476
52.5565,-1.475648,143.31,15.16,6,115.13,24 / 24,707609,2020-01-08 17:44:01:202,-1.031,-2.2893,9.389,0.0235,0.0277,9.8066,-0.1123,-0.3326,0.1373,-19.0,-34.06,15.0,324.18,-82.09,-157.34,2.332845078756307,-1.0193301223350681,-0.41671207112687986
52.5565,-1.475648,143.31,15.16,6,115.13,24 / 24,707710,2020-01-08 17:44:01:303,2.8842,2.6117,8.8242,0.0062,0.0136,9.8066,-0.0779,-0.2008,-0.0803,-18.0,-33.94,15.06,325.47,-82.26,-157.71,-2.6410953964724695,2.838165247170594,-0.9836414521994343
52.5565,-1.475648,143.31,15.16,6,115.13,24 / 24,707809,2020-01-08 17:44:01:402,-1.2672,-3.9831,11.2603,0.0133,0.0976,9.8061,0.1029,-0.4145,0.4017,-18.31,-33.81,14.94,324.23,-82.68,-159.13,4.099169073314782,-1.2183180450771365,1.455680057368056
52.5565,-1.475648,143.31,15.16,6,115.13,24 / 24,707910,2020-01-08 17:44:01:503,3.3506,0.1838,10.8374,0.0397,0.0114,9.8065,-0.1293,0.0347,0.0671,-18.81,-34.31,14.5,322.88,-82.56,-158.85,-0.22287629575616308,3.308052187632642,1.0303651103802514
52.5565,-1.475648,143.31,15.16,6,115.13,24 / 24,708010,2020-01-08 17:44:01:603,2.6953,2.0081,9.3841,0.0163,0.0364,9.8065,-0.0463,-0.3743,0.2024,-18.31,-34.62,15.0,324.38,-82.59,-158.74,-2.0119309337575326,2.6487578627371535,-0.42341392558305313
52.5565,-1.475648,143.31,15.16,6,115.13,24 / 24,708109,2020-01-08 17:44:01:702,-1.1896,-3.3507,11.1389,-0.0006,-0.0042,9.8066,-0.165,0.1609,-0.1114,-18.44,-34.44,14.81,325.16,-82.53,-158.21,3.36370591687533,-1.137970292997333,1.3335338979694003
52.5565,-1.475648,143.31,15.16,6,115.13,24 / 24,708210,2020-01-08 17:44:01:803,-1.6938,-4.3045,12.2679,-0.0184,0.0738,9.8063,0.1791,-0.4088,0.1419,-18.31,-33.87,15.38,326.24,-82.78,-157.53,4.402396693267828,-1.608522217409419,2.463231666166378
52.5565,-1.475648,143.31,15.16,6,115.13,24 / 24,708310,2020-01-08 17:44:01:903,-0.3373,0.2048,8.3495,0.0213,-0.0597,9.8064,-0.2909,0.5489,-0.2104,-18.87,-34.25,15.44,325.35,-82.74,-156.92,-0.2585708089799219,-0.3627708028695587,-1.4569318108027027
52.5565,-1.475648,143.31,15.16,6,115.13,24 / 24,708410,2020-01-08 17:44:02:003,0.7482,-0.0902,9.7825,-0.0388,0.0198,9.8065,-0.0573,-0.0618,-0.1171,-18.62,-33.94,15.0,325.93,-82.63,-156.34,0.0980703845514868,0.7885730087681649,-0.02407923412916016
52.5565,-1.475648,143.31,15.16,6,115.13,24 / 24,708510,2020-01-08 17:44:02:103,0.4536,-1.2558,12.1323,0.0841,-0.03,9.8062,-0.3903,0.1311,0.1257,-18.75,-34.31,15.0,323.53,-82.36,-158.12,1.2193176472741973,0.3883570979879912,2.3264351139647252
52.5565,-1.475648,143.31,15.16,6,115.13,24 / 24,708610,2020-01-08 17:44:02:203,2.5663,-0.4764,10.4166,0.0168,-0.0046,9.8066,-0.3541,0.036,0.0595,-18.19,-34.44,14.81,326.41,-82.61,-157.23,0.4329208975738382,2.5564415617629566,0.6097799010584384
52.5565,-1.475648,143.31,15.16,6,115.13,24 / 24,708710,2020-01-08 17:44:02:303,2.0532,-1.4694,12.9536,0.0654,-0.005,9.8064,-0.2575,-0.2335,0.2164,-18.62,-34.44,15.5,330.41,-82.89,-154.69,1.4331074775419175,2.010201701299843,3.1473760687125805
52.5565,-1.475648,143.31,15.16,6,115.13,24 / 24,708810,2020-01-08 17:44:02:403,-6.9112,-0.7868,8.0671,0.0658,-0.0313,9.8063,-0.3729,-0.0572,0.1836,-18.81,-33.69,14.44,325.08,-82.82,-155.16,0.8616843935735544,-6.964995411229279,-1.7379484507392233
52.5565,-1.475648,143.31,15.16,6,115.13,24 / 24,708910,2020-01-08 17:44:02:503,-5.2004,2.051,11.0132,0.0221,0.0812,9.8063,-0.048,-0.4423,0.3338,-18.94,-33.81,14.5,332.47,-83.22,-151.25,-1.8908277490889862,-5.251577764961204,1.2070324361176743
52.5565,-1.475648,143.31,15.16,6,115.13,24 / 24,709010,2020-01-08 17:44:02:603,-13.1508,1.3434,8.9341,0.0424,0.0168,9.8065,-0.2268,-0.644,0.4053,-18.94,-34.31,14.19,328.58,-83.63,-152.86,-1.1262652674932112,-13.211908348586977,-0.870907512756747
52.5565,-1.475648,143.31,15.16,6,115.13,24 / 24,709110,2020-01-08 17:44:02:703,-4.2396,10.7386,9.3785,0.0357,0.0958,9.806,0.0495,-0.3929,0.398,-17.87,-34.0,13.81,330.59,-83.94,-152.71,-10.576661676157423,-4.436129589159092,-0.43025601249726225
52.5565,-1.475648,143.31,15.16,6,115.13,24 / 24,709210,2020-01-08 17:44:02:803,-5.6425,-0.3123,9.4089,0.0653,0.0499,9.8062,0.0554,-0.6595,0.3572,-18.44,-34.94,14.06,332.42,-83.76,-150.88,0.44877004082567457,-5.701712310572626,-0.39635734876734746
52.5565,-1.475648,143.31,15.16,6,115.13,24 / 24,709311,2020-01-08 17:44:02:904,-1.9875,6.6531,7.7906,-0.0159,0.0441,9.8065,-0.0693,0.1791,-0.0808,-18.44,-34.19,13.56,333.21,-83.58,-150.2,-6.577723392760097,-2.0717963217656905,-2.017710420118498
52.5565,-1.475648,143.31,15.16,6,115.13,24 / 24,709410,2020-01-08 17:44:03:003,-3.9177,3.5346,10.3737,-0.0176,0.0768,9.8063,0.1707,-0.3289,0.1321,-18.31,-34.5,13.81,333.25,-84.18,-150.6,-3.398489656763512,-3.9519655300024,0.566868690742638
52.5565,-1.475648,143.31,15.16,6,115.13,24 / 24,709510,2020-01-08 17:44:03:103,-2.1125,-1.1118,9.9381,0.0161,-0.0292,9.8066,0.0464,0.3397,-0.165,-18.56,-33.62,14.19,328.32,-83.74,-153.17,1.114686275495562,-2.1119335458122817,0.13215209152561133
52.5565,-1.475648,143.31,15.16,6,115.13,24 / 24,709609,2020-01-08 17:44:03:202,-2.0113,-1.6449,10.4474,-0.007,-0.0009,9.8066,0.1892,-0.0032,-0.0882,-17.87,-34.0,14.63,330.24,-83.54,-154.75,1.6739757446500791,-1.979070040747221,0.6416121181368114
52.5565,-1.475648,143.31,15.16,6,115.13,24 / 24,709710,2020-01-08 17:44:03:303,-1.9021,-0.9462,8.6184,-0.0182,-0.0425,9.8065,-0.0787,0.3783,-0.2619,-18.06,-33.19,15.06,328.18,-83.29,-156.46,0.9325205661688396,-1.8701573466931996,-1.1875400634427453
52.5565,-1.475648,143.31,15.16,6,115.13,24 / 24,709810,2020-01-08 17:44:03:403,1.6716,1.8234,10.174,-0.057,0.0287,9.8064,0.1375,0.1774,-0.1499,-17.94,-33.5,14.38,327.81,-83.59,-154.96,-1.8208030788781593,1.70125964833411,0.3667799979523361
52.5565,-1.475648,143.31,15.16,6,115.13,24 / 24,709910,2020-01-08 17:44:03:503,-1.969,1.432,8.6277,-0.0327,-0.0183,9.8065,-0.1786,0.319,-0.1223,-18.5,-33.56,14.25,329.17,-83.86,-153.87,-1.420418081745356,-1.9582180104291624,-1.1789791841596247
52.5565,-1.475648,143.31,15.16,6,115.13,24 / 24,710010,2020-01-08 17:44:03:603,2.483,2.1262,9.0532,-0.0416,-0.0273,9.8065,-0.0696,0.2463,-0.2934,-18.12,-33.81,14.19,331.16,-84.13,-152.37,-2.1912649000176905,2.4915745516718593,-0.7543491840067382
52.5565,-1.475648,143.31,15.16,6,115.13,24 / 24,710110,2020-01-08 17:44:03:703,-2.8979,-2.8368,10.7022,-0.0353,-0.0686,9.8063,0.0154,0.388,-0.2619,-18.12,-33.62,14.25,329.82,-84.32,-153.68,2.810970145138777,-2.8202017741892704,0.8971931820952368
52.5565,-1.475648,143.31,15.16,6,115.13,24 / 24,710210,2020-01-08 17:44:03:803,3.227,1.8509,9.9216,0.022,-0.0383,9.8065,-0.0993,0.1516,-0.139,-18.06,-33.94,15.13,334.76,-84.03,-151.23,-1.9375820395963033,3.1760228739651795,0.11403593242391652
52.5565,-1.475648,143.31,15.16,6,115.13,24 / 24,710310,2020-01-08 17:44:03:903,2.6196,0.284,11.2846,-0.0489,-0.0484,9.8064,0.2203,0.3264,-0.2703,-18.31,-34.06,14.56,333.2,-84.0,-152.56,-0.37326711216277386,2.663364318165215,1.47770748854501
52.55589,-1.47378,144.91,12.39,6,116.78,24 / 24,710410,2020-01-08 17:44:04:003,0.4504,-0.065,9.7337,0.0295,-0.0098,9.8066,-0.0056,0.0635,0.0139,-18.12,-33.69,13.94,331.4,-83.72,-151.84,0.048839453568678144,0.4216778511711845,-0.07294352340520155
