GPS LATITUDE (degrees),GPS LONGITUDE (degrees),GPS ALTITUDE (m),GPS SPEED (Kmh),GPS ACCURACY (m),GPS ORIENTATION (Â°),GPS SATELLITES IN RANGE,TIME SINCE START (ms),DATE (YYYY-MO-DD HH-MI-SS_SSS),ACCELEROMETER X (m/s²),ACCELEROMETER Y (m/s²),ACCELEROMETER Z (m/s²),GRAVITY X (m/s²),GRAVITY Y (m/s²),GRAVITY Z (m/s²),GYROSCOPE Yaw (rad/s),GYROSCOPE Pitch (rad/s),GYROSCOPE Roll (rad/s),MAGNETIC FIELD X (Î¼T),MAGNETIC FIELD Y (Î¼T),MAGNETIC FIELD Z (Î¼T),ORIENTATION (Yaw) (Â°),ORIENTATION (Pitch) (Â°),ORIENTATION (Roll ) (Â°),accel_lateral,accel_forward,accel_vertical,accel_forward_filt,accel_lateral_filt,accel_vertical_filt,is_idle,is_harsh_brake,is_sharp_turn
52.578316,-1.537562,138.26,17.23,4,132.74,21 / 23,7944914,2019-11-06 18:18:45:376,0.2221,-1.1026,9.6625,0.0151,-0.006,9.8065,0.0657,0.1845,-0.0377,-20.25,-36.31,26.06,257.28,-88.72,116.21,0.0318963382703717,1.1154967127010496,-0.1441050573647369,-0.0377768138159053,-0.0033167655701296,0.0080151850939059,False,False,False
52.578316,-1.537562,138.26,17.23,4,132.74,21 / 23,7945014,2019-11-06 18:18:45:476,1.8638,0.5993,9.5905,0.0216,0.0071,9.8066,-0.0478,0.1916,-0.1105,-19.81,-36.62,26.19,265.07,-88.66,124.14,-1.926179206968492,-0.1852359315159463,-0.2159217504505993,-1.3146668526296386,-1.8893327795757204,-0.0427343732947699,False,False,False
52.578316,-1.537562,138.26,17.23,4,132.74,21 / 23,7945113,2019-11-06 18:18:45:575,-0.1484,0.2987,10.6049,-0.0034,0.0167,9.8066,-0.0212,0.0904,-0.0354,-20.25,-36.12,26.81,265.81,-88.58,123.86,0.0815134119592254,-0.3063830114444585,0.7983213037173643,-1.3840249102930098,-0.0607361121766417,0.8474832870361275,False,False,False
52.578316,-1.537562,138.26,17.23,4,132.74,21 / 23,7945213,2019-11-06 18:18:45:675,0.792,-0.3249,9.8125,-0.0137,0.0123,9.8066,-0.0511,0.0448,0.0382,-20.31,-36.44,26.13,266.31,-88.6,125.42,-0.7151251572509373,0.5014500732417517,0.0059138407709654,-0.5716620471265494,-0.5450693176463243,0.2276029706781585,False,False,False
52.578316,-1.537562,138.26,17.23,4,132.74,21 / 23,7945314,2019-11-06 18:18:45:776,0.6456,-0.4057,9.1509,0.0007,0.003,9.8066,-0.0576,0.115,-0.0282,-20.5,-36.75,26.31,266.56,-88.52,125.79,-0.5428224823425881,0.5369081977313627,-0.6557038431123382,-0.4486146911925966,-0.7516875055210583,-0.7038088355081376,False,False,False
52.578316,-1.537562,138.26,17.23,4,132.74,21 / 23,7945414,2019-11-06 18:18:45:876,0.4098,0.6889,10.2686,0.006,0.0123,9.8065,0.0383,0.0738,-0.0335,-20.56,-36.37,26.69,263.93,-88.74,123.12,-0.5389109522164679,-0.5747403967821152,0.4621978709252957,-1.6102107671530863,-0.2959872069430932,0.7263385338775438,False,False,False
52.578316,-1.537562,138.26,17.23,4,132.74,21 / 23,7945514,2019-11-06 18:18:45:976,0.2069,-0.5634,10.461,0.0112,-0.002,9.8066,0.0999,0.0702,-0.0363,-20.19,-36.37,26.56,260.29,-88.72,118.18,-0.0712679856748216,0.590298584116605,0.6543517905590126,-0.2789033282391318,-0.2767040960631514,0.5225106397570589,False,False,False
52.578316,-1.537562,138.26,17.23,4,132.74,21 / 23,7945613,2019-11-06 18:18:46:075,1.1407,0.2599,9.5903,0.0079,0.0041,9.8066,-0.0447,0.1209,-0.0487,-20.31,-36.62,26.31,266.25,-88.66,125.33,-1.1613125890965552,-0.0080571001024805,-0.2162020433386207,-1.0280878191077982,-0.9274591217664264,0.0750138603057505,False,False,False
52.578316,-1.537562,138.26,17.23,4,132.74,21 / 23,7945714,2019-11-06 18:18:46:176,0.1562,1.2724,10.0544,-0.0033,0.0116,9.8066,-0.0372,-0.101,0.0797,-20.12,-36.56,25.81,264.22,-88.61,123.34,-0.4249948278176992,-1.1976494278636125,0.2479455066464519,-1.9290213275006125,-0.5448682616317087,0.0566985108377162,False,False,False
52.578316,-1.537562,138.26,17.23,4,132.74,21 / 23,7945814,2019-11-06 18:18:46:276,-1.2512,-0.0407,9.3128,-0.0016,-0.0117,9.8066,0.0198,0.0188,-0.03,-20.5,-36.44,25.94,259.97,-88.66,118.99,1.2269357500413551,-0.2385162404879624,-0.4938808239787672,-1.2592353626389192,1.3663751873660834,-0.2020093305139877,False,False,False
52.578316,-1.537562,138.26,17.23,4,132.74,21 / 23,7945914,2019-11-06 18:18:46:376,-1.4008,1.334,9.8172,0.0016,0.0082,9.8066,-0.0265,-0.0283,-0.0654,-21.0,-36.87,25.81,257.47,-88.59,117.92,1.0869910860519971,-1.5946537561372032,0.0106553686473034,-2.1766388823153084,1.1293164133689917,-0.2053585374229779,False,False,False
52.578316,-1.537562,138.26,17.23,4,132.74,21 / 23,7946014,2019-11-06 18:18:46:476,0.1038,-0.0972,9.0847,0.0082,-0.0132,9.8066,0.1101,-0.0519,0.0251,-20.62,-36.62,25.75,248.63,-88.59,109.0,-0.0755211330874701,0.1024083362427527,-0.7219030829170738,-0.9250875363048484,-0.1029443862459382,-0.4636371917937689,False,False,False
52.578316,-1.537562,138.26,17.23,4,132.74,21 / 23,7946114,2019-11-06 18:18:46:576,0.8696,-0.1609,10.3897,0.0091,0.0086,9.8066,-0.0209,-0.0714,-0.036,-21.25,-35.87,25.88,248.86,-88.44,109.34,-0.8044188361663349,0.3493704228020761,0.5831352790664426,-0.0820208542593106,-0.5432358723137797,0.3812610084139425,False,False,False
52.578316,-1.537562,138.26,17.23,4,132.74,21 / 23,7946214,2019-11-06 18:18:46:676,0.1338,-0.9206,9.4676,-0.018,-0.0026,9.8065,0.03,-0.0853,0.1039,-20.56,-36.25,26.56,258.65,-88.2,118.38,0.0476742578493496,0.9292114302882012,-0.3389892814828653,-0.1036017011293605,-0.1935439150271907,-0.1480936548794916,False,False,False
52.578316,-1.537562,138.26,17.23,4,132.74,21 / 23,7946314,2019-11-06 18:18:46:776,0.35,-0.158,9.8746,0.0104,-0.0154,9.8065,0.0267,-0.0784,0.0146,-21.25,-36.25,26.19,259.17,-88.18,120.02,-0.3013168773657847,0.2118260413256085,0.0681057826535612,-0.0738627804492791,0.2047871615789943,-0.0862182060076313,False,False,False
52.578316,-1.537562,138.26,17.23,4,132.74,21 / 23,7946414,2019-11-06 18:18:46:876,-0.0572,-0.9215,10.0035,-0.0132,0.0116,9.8066,-0.0058,-0.1008,0.0767,-20.5,-35.31,27.06,256.58,-88.37,114.76,0.2422281342757648,0.9022071411312248,0.1967969142469085,-0.1313642980400456,-0.2254941683510535,0.2969479760208402,False,False,False
52.578316,-1.537562,138.26,17.23,4,132.74,21 / 23,7946514,2019-11-06 18:18:46:976,1.4529,0.4403,9.4162,-0.007,-0.0053,9.8066,0.0537,-0.0923,0.0658,-20.31,-35.62,27.75,254.24,-88.39,111.4,-1.5214087311049282,-0.1236573056043323,-0.3902612889954225,-0.2712169921138611,-0.7814285548121196,-0.477925193603036,False,False,False
52.578316,-1.537562,138.26,17.23,4,132.74,21 / 23,7946614,2019-11-06 18:18:47:076,1.096,-0.3689,9.5751,-0.0129,0.0149,9.8066,-0.1418,-0.0318,0.0385,-20.44,-35.56,26.63,252.57,-88.32,110.81,-1.0014039296158197,0.6116899849773324,-0.2314723137405956,-0.4162806628520659,-1.669952819176017,-0.2284821970917444,False,False,False
52.578316,-1.537562,138.26,17.23,4,132.74,21 / 23,7946714,2019-11-06 18:18:47:176,0.8708,1.0291,9.4855,-0.0117,-0.018,9.8066,0.0637,-0.1685,0.1197,-20.31,-35.44,26.19,252.55,-88.35,111.78,-1.0857435898104772,-0.8345615924083676,-0.3209325095129313,-0.8554040335094123,-0.1613056990539304,-0.3408691101694899,False,False,False
52.578316,-1.537562,138.26,17.23,4,132.74,21 / 23,7946813,2019-11-06 18:18:47:275,-2.1436,0.448,10.1729,-0.019,-0.0092,9.8065,-0.0388,-0.1401,0.0384,-20.12,-36.56,25.63,250.31,-88.29,109.69,1.9780224124359973,-0.9002472549371272,0.3663170428454639,-1.910747132595148,1.170772980784316,0.2834203243079284,False,False,False
52.578316,-1.537562,138.26,17.23,4,132.74,22 / 25,7946914,2019-11-06 18:18:47:376,1.1712,0.4137,10.2098,-0.0115,-0.012,9.8066,0.0698,-0.1645,0.1378,-19.87,-36.37,25.88,246.66,-88.47,105.77,-1.2462854388510067,-0.1633283373262375,0.4033193265071753,-0.0782896789222611,-0.2195328916107125,0.4359647403347455,False,False,False
52.578316,-1.537562,138.26,17.23,4,132.74,22 / 25,7947013,2019-11-06 18:18:47:475,-0.3977,-1.0072,9.8614,0.0043,-0.0322,9.8065,0.0397,-0.1963,-0.0161,-20.19,-36.75,25.56,247.92,-88.43,107.12,0.6009071461801669,0.8666913191804371,0.0547701463105715,-0.1023203118374811,-0.2557787233047663,-0.0888027573183805,False,False,False
52.578316,-1.537562,138.26,17.23,4,132.74,22 / 25,7947113,2019-11-06 18:18:47:575,1.4532,1.4801,10.0369,-0.0174,-0.0224,9.8065,-0.0221,-0.0956,0.0896,-20.31,-36.37,25.75,251.22,-88.45,110.39,-1.7574688289606413,-1.1538445577371834,0.2306530333899734,-0.9993969922403332,-0.7304859072924154,0.2893502743877102,False,False,False
52.578316,-1.537562,138.26,17.23,4,132.74,22 / 25,7947214,2019-11-06 18:18:47:676,0.098,-1.0491,9.8081,-0.0251,-0.0111,9.8066,0.0154,-0.2564,0.1111,-20.56,-36.94,25.38,244.83,-88.29,106.61,0.1013621661937106,1.040347837204415,0.0013960260075751,0.1534875618448363,-0.7036039778979963,-0.169033829655321,False,False,False
52.578316,-1.537562,138.26,17.23,4,132.74,22 / 25,7947313,2019-11-06 18:18:47:775,1.4305,0.83,9.9718,-0.0246,-0.0136,9.8066,-0.0145,0.1315,-0.1215,-20.19,-36.0,26.19,244.93,-88.53,103.95,-1.601649913924187,-0.5134536186922288,0.1653812101736465,-0.3430560525727844,-0.6799152146111699,0.2176412842830108,False,False,False
52.578316,-1.537562,138.26,17.23,4,132.74,22 / 25,7947414,2019-11-06 18:18:47:876,0.3241,0.325,10.1291,0.0064,0.0065,9.8066,-0.0022,-0.1175,0.1429,-20.69,-36.62,26.06,238.4,-88.63,98.61,-0.3783500722263611,-0.243293907893265,0.3225540066846648,-0.9930910230047488,-1.0347263289713466,0.1621252631017445,False,False,False
52.578316,-1.537562,138.26,17.23,4,132.74,22 / 25,7947513,2019-11-06 18:18:47:975,1.5109,1.2145,9.3301,-0.019,-0.007,9.8066,-0.1128,0.1336,-0.1035,-19.81,-36.75,26.25,238.54,-88.63,97.41,-1.7554642679593728,-0.8667279122376477,-0.4762734929282041,-0.7444583442026851,-1.033311477953201,-0.4630416704015287,False,False,False
52.578316,-1.537562,138.26,17.23,4,132.74,22 / 25,7947613,2019-11-06 18:18:48:075,0.4289,-0.7676,10.4035,-0.0287,0.0278,9.8065,0.0087,0.0181,0.0952,-20.62,-36.62,25.56,230.81,-88.71,90.83,-0.2771722434960144,0.8748157670263217,0.5969429128463911,0.3217130451944752,-0.7041119236226285,0.4799862760838975,False,False,False
52.578316,-1.537562,138.26,17.23,4,132.74,22 / 25,7947713,2019-11-06 18:18:48:175,-1.6238,-1.0488,10.0667,0.0348,-0.0309,9.8064,0.0461,0.2404,-0.1528,-21.06,-37.06,26.0,237.6,-88.64,97.79,1.8377078055427627,0.6403241621888527,0.2600873867844195,0.6514593786635567,2.2857247484424867,0.2085583737879376,False,False,False
52.578316,-1.537562,138.26,17.23,4,132.74,22 / 25,7947813,2019-11-06 18:18:48:275,-1.8021,-2.6789,10.4619,0.038,0.0294,9.8065,-0.0029,-0.0742,-0.0086,-20.75,-36.94,25.63,242.62,-88.75,102.77,2.3759730815508293,2.253029168443841,0.6549943067593132,1.9487110293732155,1.861733039857522,0.6043760364876168,False,False,False
52.578316,-1.537562,138.26,17.23,4,132.74,19 / 23,7947915,2019-11-06 18:18:48:377,1.9863,0.5257,10.1496,0.0024,-0.021,9.8066,-0.0131,-0.2591,0.0332,-20.5,-36.25,26.31,248.8,-88.43,107.97,-2.054850213192384,-0.1104794264986388,0.3431821639650732,-0.260895793333682,-1.8774835810634976,0.2147391325982729,False,False,False
52.578316,-1.537562,138.26,17.23,4,132.74,19 / 23,7948013,2019-11-06 18:18:48:475,1.4154,2.6765,8.7144,0.0938,0.09,9.8058,0.0256,-0.6881,0.6003,-19.94,-36.56,26.25,245.96,-88.53,105.03,-1.843460218862878,-2.2447827694613487,-1.0910396461171656,-2.265086922817229,-1.6576148033781055,-1.0684146104843766,False,False,False
52.578316,-1.537562,138.26,17.23,4,132.74,19 / 23,7948113,2019-11-06 18:18:48:575,-2.8927,-3.9796,10.5208,-0.0284,0.0202,9.8066,0.1753,-0.4791,-0.018,-19.94,-37.0,26.69,240.74,-88.34,98.86,3.652309095483427,3.2960766517121978,0.7135917229668114,2.9526612038476987,1.771056237337555,0.5127380616577663,False,False,False
52.578316,-1.537562,138.26,17.23,4,132.74,19 / 23,7948214,2019-11-06 18:18:48:676,-0.5514,-1.2032,10.1561,0.0366,0.0402,9.8064,0.162,-0.4314,0.2442,-20.62,-36.62,26.13,238.07,-87.95,98.91,0.8399489295616069,1.089216427347092,0.3495297127935606,1.3681872060516505,1.3584976433628524,0.4360276804067453,False,False,False
52.578316,-1.537562,138.26,17.23,4,132.74,19 / 23,7948314,2019-11-06 18:18:48:776,-0.023,0.193,9.5947,0.0263,0.0103,9.8066,0.0162,-0.1633,0.0249,-20.56,-36.62,26.56,248.67,-87.97,108.58,0.009137154052273,-0.1890325907693623,-0.2118834161581501,-0.7372338605875814,-0.5672749535244368,-0.4664984176434264,False,False,False
52.578316,-1.537562,138.26,17.23,4,132.74,19 / 23,7948414,2019-11-06 18:18:48:876,5.1742,1.5982,10.0354,0.0662,0.034,9.8063,-0.0339,-0.6204,0.3542,-20.25,-37.12,26.63,250.23,-88.04,108.79,-5.324167186178825,-0.4375003459396983,0.2295858682917925,0.1363503712358757,-1.1730854408407287,0.3591333446219546,False,False,False
52.578316,-1.537562,138.26,17.23,4,132.74,19 / 23,7948514,2019-11-06 18:18:48:976,3.4322,2.635,9.8706,-0.0235,0.0129,9.8066,0.0863,-0.242,0.078,-20.5,-36.5,26.19,247.26,-87.99,106.85,-3.935853938677176,-1.823803943673284,0.0644968870654882,-2.568245749545748,-2.882538064950269,-0.217504841266178,False,False,False
52.578316,-1.537562,138.26,17.23,4,132.74,19 / 23,7948614,2019-11-06 18:18:49:076,1.8479,1.7826,9.3257,0.0289,0.0624,9.8064,0.14,-0.7188,0.2604,-19.87,-36.75,26.44,250.96,-88.08,110.57,-2.144375697134228,-1.2922029369474113,-0.4804018830984973,-0.4504332431723192,-0.929787124961145,-0.3328421689275928,False,False,False
52.578316,-1.537562,138.26,17.23,4,132.74,19 / 23,7948714,2019-11-06 18:18:49:176,-5.7108,-3.1377,10.2224,0.0236,0.0166,9.8065,-0.0561,-0.402,0.3375,-20.5,-36.62,26.13,247.66,-87.98,107.33,6.27567930940151,1.8572504848334503,0.4152041692176528,0.95085364815273,0.8968531231181277,0.1323654898221363,False,False,False
52.578316,-1.537562,138.26,17.23,4,132.74,19 / 23,7948815,2019-11-06 18:18:49:277,-0.5337,-2.104,9.2874,0.0791,0.0602,9.8061,0.0311,-0.7615,0.399,-20.31,-36.56,26.19,242.2,-87.87,101.89,1.0607044442616935,1.983408810830105,-0.5189708479722166,3.0371209455976063,2.264665165796932,-0.3751461896170369,False,False,False
52.578316,-1.537562,138.26,17.23,4,132.74,21 / 21,7948913,2019-11-06 18:18:49:375,-3.365,-4.3184,10.6552,0.0403,0.0371,9.8065,0.1235,-0.6467,0.3564,-20.56,-36.94,26.25,245.09,-88.06,105.95,4.2567908937277,3.528077903357215,0.8480198257820917,2.5248227468626814,0.804345503291448,0.5838647015322888,False,False,False
52.578316,-1.537562,138.26,17.23,4,132.74,21 / 21,7949014,2019-11-06 18:18:49:476,3.0786,3.172,9.5579,0.0401,0.0772,9.8062,0.1896,-0.4904,0.1872,-20.44,-36.62,26.31,253.91,-88.29,113.32,-3.629226570354397,-2.374708957939602,-0.2477782196139839,-1.1947634106212144,-0.8071845785061076,-0.1196947618345651,False,False,False
52.578316,-1.537562,138.26,17.23,4,132.74,21 / 21,7949113,2019-11-06 18:18:49:575,-1.7491,-1.7439,9.6895,0.0605,0.0473,9.8063,0.0301,-0.6573,0.3407,-19.87,-37.44,26.75,246.52,-87.79,105.27,2.1503016490901423,1.3635178908466536,-0.1171051632564099,0.3534371857419097,0.8644149842854291,-0.3551243058259871,False,False,False
52.578316,-1.537562,138.26,17.23,4,132.74,21 / 21,7949214,2019-11-06 18:18:49:676,0.8359,2.1951,10.2086,0.0261,0.0477,9.8064,0.0492,-0.0662,0.1725,-20.0,-37.31,26.56,251.15,-88.07,109.69,-1.2495845767242977,-1.9249454107531423,0.4024812930226407,-0.7206645664941814,-0.2207667057170133,0.5153346746107265,False,False,False
52.578316,-1.537562,138.26,17.23,4,132.74,21 / 21,7949313,2019-11-06 18:18:49:775,-2.6014,-1.1897,9.6193,0.0256,0.0178,9.8065,-0.0374,-0.3971,0.0612,-20.0,-37.12,26.56,248.77,-87.92,107.42,2.8242213807344654,0.6187479085667126,-0.1874932218685004,-0.3036482837994763,1.066095347950619,-0.403786456546862,False,False,False
52.578316,-1.537562,138.26,17.23,4,132.74,21 / 21,7949414,2019-11-06 18:18:49:876,-0.0695,0.0978,10.0494,0.0196,-0.0149,9.8066,-0.0507,0.1902,0.0199,-20.62,-36.87,26.5,251.05,-87.84,111.12,0.0630031706324892,-0.1291026975266501,0.2428065773029967,1.006616908603679,0.8077897718991613,0.3499513716167058,False,False,False
52.578316,-1.537562,138.26,17.23,4,132.74,21 / 21,7949514,2019-11-06 18:18:49:976,-1.0662,-1.1287,9.7351,0.025,0.0133,9.8066,-0.0501,-0.0905,-0.0813,-20.5,-36.94,25.75,252.62,-87.77,112.58,1.3098603868469123,0.8826776900768777,-0.0716906717070314,0.1203363196745383,0.666175095247812,-0.2760806113508684,False,False,False
52.578316,-1.537562,138.26,17.23,4,132.74,21 / 21,7949613,2019-11-06 18:18:50:075,0.4139,0.9009,9.4247,-0.0112,-0.013,9.8065,-0.0594,0.2224,-0.1644,-19.5,-36.94,26.06,249.76,-87.58,108.52,-0.6104563805749984,-0.8020981545227971,-0.3816752781179259,0.2058023162622995,-0.198235333142917,-0.2700475550318064,False,False,False
52.578316,-1.537562,138.26,17.23,4,132.74,21 / 21,7949713,2019-11-06 18:18:50:175,0.875,0.7279,10.0372,0.0056,0.0111,9.8065,-0.0393,0.0297,-0.035,-19.37,-37.06,26.44,248.51,-87.55,107.27,-1.002377092330227,-0.5146243628537245,0.2308311502570603,-1.0863745290962266,-1.3508953362885872,0.0317766729316826,False,False,False
52.578316,-1.537562,138.26,17.23,4,132.74,21 / 21,7949813,2019-11-06 18:18:50:275,0.2502,2.3453,9.0613,-0.0071,-0.0245,9.8066,-0.1457,0.1545,-0.0731,-19.94,-36.81,26.13,245.49,-87.47,105.63,-0.7574054564027142,-2.260286702297954,-0.7450291390452042,-1.3929652963142325,-0.6365068567564867,-0.6253584135299697,False,False,False
52.578316,-1.537562,138.26,17.23,4,132.74,21 / 23,7949913,2019-11-06 18:18:50:375,0.1485,-1.0375,10.5682,-0.0035,0.0188,9.8066,0.1357,-0.0777,0.0521,-19.69,-36.56,26.13,244.54,-87.61,104.52,0.0770994412740398,1.0644660622216802,0.7614958493212556,0.6668935065659178,-0.0581960732226001,0.5690307451436671,False,False,False
52.578316,-1.537562,138.26,17.23,4,132.74,21 / 23,7950014,2019-11-06 18:18:50:476,-1.427,-0.2391,9.5293,-0.0362,-0.0012,9.8065,0.0373,0.1504,-0.1981,-20.37,-37.25,25.44,246.92,-87.56,108.15,1.4095001869076986,-0.0645610390376654,-0.2773120721237005,0.6932813771709665,1.357223199251613,-0.1537935363321387,False,False,False
52.578316,-1.537562,138.26,17.23,4,132.74,21 / 23,7950114,2019-11-06 18:18:50:576,-0.6874,-0.7704,10.1051,0.0158,0.0144,9.8066,0.0165,-0.0173,0.1097,-20.06,-36.5,26.0,243.59,-87.53,103.57,0.854572508760051,0.6165902898190186,0.2983718682658467,0.3397726584093908,0.7920753542122814,0.1194078061680316,False,False,False
52.578316,-1.537562,138.26,17.23,4,132.74,21 / 23,7950213,2019-11-06 18:18:50:675,-0.4221,0.3127,10.0261,0.0114,-0.0078,9.8066,-0.0282,0.0314,0.0003,-20.19,-36.87,26.19,243.85,-87.68,103.75,0.3550922574902992,-0.4056460190673276,0.2195075075829352,0.3012210028125057,0.2829019281213101,0.3394779169614096,False,False,False
52.578316,-1.537562,138.26,17.23,4,132.74,21 / 23,7950314,2019-11-06 18:18:50:776,0.6226,-0.0567,9.3171,-0.0011,-0.0016,9.8066,0.0723,0.0469,0.0065,-19.75,-37.25,26.31,245.75,-87.61,105.75,-0.5975945861213098,0.1869507520953912,-0.4894671356990864,-0.0375815313497776,-0.7347301133895205,-0.6479004519388343,False,False,False
52.578316,-1.537562,138.26,17.23,4,132.74,21 / 23,7950414,2019-11-06 18:18:50:876,-1.1875,-1.5486,9.49,0.0114,0.0097,9.8066,0.1014,-0.1154,0.1041,-19.69,-36.81,25.94,252.02,-87.51,112.25,1.5039406439775589,1.266360635596583,-0.3168421373551576,1.9821369341878097,1.543691303377243,-0.2059190026016088,False,False,False
52.578316,-1.537562,138.26,17.23,4,132.74,21 / 23,7950514,2019-11-06 18:18:50:976,0.2775,0.3199,9.8533,-0.0182,-0.0262,9.8065,0.0304,0.0088,-0.064,-19.56,-37.37,26.31,256.9,-87.51,117.2,-0.3627733315978121,-0.2749800025434287,0.0468556088706566,-0.5026715438618781,-0.6728816094968435,-0.0874294603613249,False,False,False
52.578316,-1.537562,138.26,17.23,4,132.74,21 / 23,7950613,2019-11-06 18:18:51:075,1.4579,2.1487,10.241,0.0163,0.0187,9.8066,-0.0444,-0.2489,0.202,-19.87,-37.12,26.0,255.62,-87.57,115.84,-1.8630980398072183,-1.7730480129008024,0.4347187113697993,-1.0145263032062917,-1.6511460200087869,0.5344847370363888,False,False,False
52.578316,-1.537562,138.26,17.23,4,132.74,21 / 23,7950714,2019-11-06 18:18:51:176,-1.6926,-0.8279,9.3186,-0.0035,0.0166,9.8066,-0.0353,-0.1937,0.0749,-20.06,-37.44,26.0,252.32,-87.69,112.36,1.830419210678777,0.4643418773986757,-0.4881958562625823,0.2147026353541449,1.3369872764748247,-0.5977218654665312,False,False,False
52.578316,-1.537562,138.26,17.23,4,132.74,21 / 23,7950814,2019-11-06 18:18:51:276,-0.4739,0.1171,9.0603,0.0144,0.0289,9.8065,-0.1003,-0.2592,0.1711,-20.06,-36.75,26.63,247.61,-87.73,106.44,0.4581461642807437,-0.1904916478978054,-0.7462208749666686,0.6019278867250386,0.8075822046332218,-0.6579230301297506,False,False,False
52.578316,-1.537562,138.26,17.23,4,132.74,20 / 22,7950914,2019-11-06 18:18:51:376,-0.9962,-2.3008,10.513,0.0036,0.0376,9.8066,0.0473,-0.3336,0.1562,-20.19,-37.0,26.0,241.48,-87.89,101.12,1.4760765704881578,2.071075951135785,0.706086342229422,1.8244259949931096,0.882115257022468,0.6208066741891545,False,False,False
52.578316,-1.537562,138.26,17.23,4,132.74,20 / 22,7951013,2019-11-06 18:18:51:475,1.0692,1.41,8.9418,0.0037,0.0239,9.8066,0.0974,-0.0259,-0.0235,-19.75,-37.0,26.13,241.06,-88.02,100.57,-1.3369491986366475,-1.1267221005645878,-0.8645846681292396,-0.3481152979813617,-0.9663208009689208,-0.7875811837090027,False,False,False
52.578316,-1.537562,138.26,17.23,4,132.74,20 / 22,7951113,2019-11-06 18:18:51:575,-1.249,-1.3488,10.3145,0.0223,0.0164,9.8065,0.0468,-0.2057,0.1281,-20.31,-37.12,26.38,240.36,-87.86,100.01,1.533511397216625,1.0623309123102047,0.5077741204087544,0.8729926058100075,0.9847188215163982,0.4454537934251569,False,False,False
52.578316,-1.537562,138.26,17.23,4,132.74,20 / 22,7951213,2019-11-06 18:18:51:675,-0.8667,0.7733,10.505,0.013,-0.0124,9.8066,0.0413,0.1449,0.0127,-20.0,-36.75,26.31,246.08,-87.92,105.77,0.6917184712562849,-0.9553431489390412,0.69842978480167,-0.2543748012977325,0.9288374778031674,0.765297084150676,False,False,False
52.578316,-1.537562,138.26,17.23,4,132.74,20 / 22,7951314,2019-11-06 18:18:51:776,0.5239,0.3795,9.5479,0.0039,-0.014,9.8066,0.0568,-0.0111,-0.005,-20.25,-36.44,27.13,253.05,-87.81,111.81,-0.5920471185016712,-0.2734247274831786,-0.258625342676655,-0.3493472557518308,-0.938186106526534,-0.3006612906619921,False,False,False
52.578316,-1.537562,138.26,17.23,4,132.74,20 / 22,7951414,2019-11-06 18:18:51:876,-0.2311,-0.4073,10.2507,-0.0025,0.0039,9.8066,0.1257,-0.0715,0.0364,-19.69,-36.69,27.13,256.03,-87.78,114.92,0.3111612015551493,0.352950436266318,0.4440415590754678,0.9244822813755852,0.2750782880756093,0.5027217977757575,False,False,False
52.578316,-1.537562,138.26,17.23,4,132.74,20 / 22,7951514,2019-11-06 18:18:51:976,0.1857,-0.1764,9.325,0.0118,0.001,9.8066,-0.0162,-0.0759,-0.0537,-19.12,-36.31,27.06,261.16,-87.66,118.82,-0.1320536444277106,0.2103945077615203,-0.4816082599968023,0.2813717499107374,-0.1569451618725695,-0.5056008776635937,False,False,False
52.578316,-1.537562,138.26,17.23,4,132.74,20 / 22,7951613,2019-11-06 18:18:52:075,0.9682,-1.645,9.8635,0.0098,-0.0162,9.8066,-0.013,0.1807,-0.0534,-19.56,-37.0,26.0,258.7,-87.55,118.97,-0.5885301409775425,1.795874553296654,0.0567844343328132,2.2154844721189453,-0.9788640660451636,0.1064113419696168,False,False,False
52.578316,-1.537562,138.26,17.23,4,132.74,20 / 22,7951714,2019-11-06 18:18:52:176,-0.0011,-0.8886,9.6869,0.0157,0.0073,9.8066,0.0623,0.0091,-0.039,-19.44,-36.44,25.75,263.27,-87.36,122.35,0.2076862640255863,0.8716433564184112,-0.119797391235122,1.0921165824153485,0.5499385819767257,-0.1226937761932164,False,False,False
52.578316,-1.537562,138.26,17.23,4,132.74,20 / 22,7951814,2019-11-06 18:18:52:276,-1.349,0.868,9.2506,-0.0538,0.0046,9.8064,0.0911,0.4299,-0.2848,-19.62,-36.31,24.5,261.47,-87.19,123.25,1.080942669879876,-1.1200800105607684,-0.5557876882183997,-0.8464323547724764,0.3361384088092151,-0.5237520989929305,False,False,False
52.578316,-1.537562,138.26,17.23,4,132.74,21 / 21,7951921,2019-11-06 18:18:52:383,2.9141,3.0473,10.5231,-0.0278,0.0218,9.8065,0.0541,0.1295,-0.0691,-20.69,-36.69,25.19,253.46,-87.31,116.4,-3.5199770589142525,-2.327543467306349,0.7171083129603985,-1.9773051534296304,-1.3274199168647374,0.7470718868765891,False,False,False
52.578316,-1.537562,138.26,17.23,4,132.74,21 / 21,7952014,2019-11-06 18:18:52:476,-5.5974,-0.6525,9.8604,-0.0674,-0.0148,9.8063,0.022,0.6036,-0.2062,-20.25,-37.12,26.06,254.12,-87.24,114.67,5.538642849581412,-0.5577106189280521,0.0536875247669666,-0.4092645812416159,0.979169159034394,0.0512503284150629,False,False,False
52.578316,-1.537562,138.26,17.23,4,132.74,21 / 21,7952114,2019-11-06 18:18:52:576,-1.5354,-0.0264,10.1379,-0.0233,-0.0336,9.8065,-0.0265,0.2848,-0.2198,-20.06,-37.5,26.31,253.88,-87.45,114.19,1.475722741728544,-0.3298521555526911,0.3313067385708197,0.1237329528343342,2.372515519670127,0.4119328333705376,False,False,False
52.578316,-1.537562,138.26,17.23,4,132.74,21 / 21,7952213,2019-11-06 18:18:52:675,-2.1626,0.0919,9.9881,-0.0081,-0.0304,9.8065,-0.0048,0.3226,-0.0311,-20.25,-37.12,26.69,253.61,-87.3,112.98,2.078721998517941,-0.5794706758307085,0.1814791688593431,-0.5352019934592732,0.8370175342905543,0.1252329315401777,False,False,False
52.578316,-1.537562,138.26,17.23,4,132.74,21 / 21,7952313,2019-11-06 18:18:52:775,1.7686,2.344,9.4372,-0.0274,-0.0204,9.8065,-0.0745,0.2346,-0.2076,-20.0,-37.5,26.0,255.83,-87.43,116.2,-2.259439923390229,-1.9264487431989847,-0.3689340353198725,-1.391730208092393,-1.0237154935653416,-0.2219467201940918,False,False,False
52.578316,-1.537562,138.26,17.23,4,132.74,21 / 21,7952414,2019-11-06 18:18:52:876,-0.8009,2.2139,10.1553,-0.0228,-0.0135,9.8066,-0.0578,0.2026,-0.1055,-20.44,-36.94,26.13,251.93,-87.44,112.24,0.2846145266622354,-2.3421382531244284,0.3488911498792794,-2.3862396557318006,-0.8667082960434774,0.2261038798597224,False,False,False
52.578316,-1.537562,138.26,17.23,4,132.74,21 / 21,7952514,2019-11-06 18:18:52:976,1.9596,0.3334,9.3327,-0.0044,0.0045,9.8066,-0.1105,0.1597,-0.0613,-20.37,-37.19,25.88,247.48,-87.4,107.74,-1.9889749817333409,0.0979744618535121,-0.4737424900337422,0.695285851355394,-1.0793741242075443,-0.255268568763445,False,False,False
52.578316,-1.537562,138.26,17.23,4,132.74,21 / 21,7952614,2019-11-06 18:18:53:076,-0.9749,0.0717,9.7267,-0.0026,-0.0304,9.8065,0.0252,0.1705,-0.0734,-19.69,-36.87,25.5,243.07,-87.37,103.27,0.9280735368453324,-0.3073488411191238,-0.0798494838438375,-0.4232479008613534,-0.0737013640565655,-0.268572921222187,False,False,False
52.578316,-1.537562,138.26,17.23,4,132.74,21 / 21,7952714,2019-11-06 18:18:53:176,1.0811,1.027,9.0294,-0.0138,-0.019,9.8065,0.0232,0.229,-0.1105,-20.12,-37.12,26.13,249.48,-87.44,109.73,-1.2930491408019955,-0.7881792695284005,-0.776919415742004,-0.1527345479782739,-0.5661810929674664,-0.4966480931370032,False,False,False
52.578316,-1.537562,138.26,17.23,4,132.74,21 / 21,7952814,2019-11-06 18:18:53:276,-0.0834,-0.7269,9.9552,-0.0256,-0.0107,9.8066,-0.1182,0.0942,0.0028,-20.62,-37.19,25.94,248.35,-87.43,109.91,0.2093955389350951,0.6873577971607163,0.1485193824268357,0.5275485487821612,-0.5457315321783469,-0.0905937793564803,False,False,False
52.578316,-1.537562,138.26,17.23,4,132.74,20 / 24,7952914,2019-11-06 18:18:53:376,-0.9542,1.7234,10.0645,-0.035,0.0001,9.8066,-0.0427,0.1545,-0.0595,-20.44,-37.25,25.75,244.21,-87.81,103.98,0.5300837103953807,-1.8797969748580323,0.2580281637497284,-1.2450484847739225,1.00441244065174,0.5764400980549795,False,False,False
52.578316,-1.537562,138.26,17.23,4,132.74,20 / 24,7953014,2019-11-06 18:18:53:476,-0.0068,-0.019,10.1795,-0.0244,0.0076,9.8066,0.0525,-0.0059,-0.0557,-20.31,-36.81,25.75,236.71,-87.93,96.22,-0.0114835738728181,0.0297786309413703,0.3728982309831547,-0.1309221700136963,-0.4700808756290853,0.111093841071904,False,False,False
52.578316,-1.537562,138.26,17.23,4,132.74,20 / 24,7953114,2019-11-06 18:18:53:576,-0.7244,1.695,9.3653,0.0198,-0.0223,9.8066,-0.0651,0.1109,0.0512,-20.37,-37.12,25.56,241.21,-87.84,100.89,0.3603415874807455,-1.8366352411067848,-0.4411615933606149,-1.2534681640501266,0.5554116137898597,-0.1179790956087828,False,False,False
52.578316,-1.537562,138.26,17.23,4,132.74,20 / 24,7953213,2019-11-06 18:18:53:675,0.8475,0.0755,10.2204,0.03,-0.017,9.8065,-0.0286,-0.0733,0.1186,-20.94,-36.69,25.69,243.59,-87.89,104.6,-0.8183641840355182,0.0842154549445246,0.4139607824859345,-0.0275278093738546,-0.966666505349803,0.1640824503733031,False,False,False
52.578316,-1.537562,138.26,17.23,4,132.74,20 / 24,7953313,2019-11-06 18:18:53:775,0.9648,0.3228,9.5445,-0.0365,-0.0112,9.8066,0.1303,0.0296,-0.1085,-20.75,-36.75,26.38,249.85,-87.94,110.91,-1.0495451884519995,-0.1125346549025967,-0.2620018107632279,0.3688256938656838,-1.1336710484223107,0.0288011850364803,False,False,False
52.578316,-1.537562,138.26,17.23,4,132.74,20 / 24,7953413,2019-11-06 18:18:53:875,0.327,0.2833,9.9466,-0.017,0.0215,9.8065,0.0391,-0.0701,0.0076,-20.37,-37.06,26.38,253.05,-87.8,112.98,-0.3919528649483947,-0.1823027877711907,0.1401495459485964,-0.2027987202034336,-0.2345293641180067,-0.062638490706355,False,False,False
52.578316,-1.537562,138.26,17.23,4,132.74,20 / 24,7953514,2019-11-06 18:18:53:976,-1.5021,0.5262,9.3825,0.0136,0.0027,9.8066,-0.099,0.0079,0.0749,-20.44,-36.75,26.0,247.82,-87.87,107.6,1.368941229536743,-0.8350846993020875,-0.4241379552291606,-0.4920523828659408,1.0169598711863823,-0.1999765625595916,False,False,False
52.578316,-1.537562,138.26,17.23,4,132.74,20 / 24,7953614,2019-11-06 18:18:54:076,-1.842,-0.1269,9.374,0.0203,0.0205,9.8066,-0.001,-0.1223,0.1002,-19.81,-37.0,25.38,241.19,-87.81,102.05,1.8507921301773,-0.2536584547982758,-0.4327316595571943,-0.1571417405177773,2.300973494310159,-0.559461341012886,False,False,False
52.578316,-1.537562,138.26,17.23,4,132.74,20 / 24,7953714,2019-11-06 18:18:54:176,0.9972,-1.4708,9.9009,-0.0363,0.0225,9.8065,0.0945,-0.1264,-0.0428,-19.75,-36.81,25.75,239.09,-87.84,98.73,-0.6908258755841727,1.6795371166651474,0.094303676320092,1.864648924940548,-1.290494948965252,0.2271187777172905,False,False,False
52.578316,-1.537562,138.26,17.23,4,132.74,20 / 24,7953814,2019-11-06 18:18:54:276,-0.0787,1.6644,9.926,0.0024,0.0254,9.8066,0.0863,-0.1137,0.0203,-20.12,-36.56,25.19,239.68,-87.82,100.5,-0.2707031175871414,-1.6185107710328657,0.1195712180217368,-1.3928392438449504,0.4454913485367773,0.0852746608701776,False,False,False
52.577396,-1.53584,138.47,16.36,4,131.99,20 / 20,7953914,2019-11-06 18:18:54:376,-2.3545,0.3123,8.958,-0.046,-0.0037,9.8065,0.17,0.0534,-0.136,-20.5,-36.69,25.69,240.12,-87.6,100.02,2.187727754267252,-0.8016792205068419,-0.848609569010572,-0.785026722217932,1.1933182913510203,-0.8162680477922778,False,False,False
52.577396,-1.53584,138.47,16.36,4,131.99,20 / 20,7954014,2019-11-06 18:18:54:476,0.9954,0.7739,9.8344,0.0047,-0.0122,9.8066,-0.0246,0.2114,-0.053,-19.81,-37.69,26.13,242.51,-87.57,102.55,-1.135693252443536,-0.5564462140907707,0.0279461478252667,-0.1926118391690187,-0.2090659646112007,0.0844195033091082,False,False,False
52.577396,-1.53584,138.47,16.36,4,131.99,20 / 20,7954114,2019-11-06 18:18:54:576,-0.2908,-0.0217,9.8261,-0.0003,-0.0081,9.8066,-0.001,0.0145,-0.0184,-20.37,-36.87,26.13,245.45,-87.49,105.57,0.2867066887132299,-0.0487364941439829,0.0194804719051827,-0.2119027371661856,-0.6512158629969167,-0.0375970023128488,False,False,False
52.577396,-1.53584,138.47,16.36,4,131.99,20 / 20,7954214,2019-11-06 18:18:54:676,1.2222,-0.4487,9.708,-0.0152,0.0024,9.8066,-0.0905,0.1928,-0.0248,-20.06,-37.19,26.19,242.7,-87.47,102.79,-1.112560475988324,0.7048863486864959,-0.0985715613351764,1.2187834636616637,-0.0702460742420558,0.0257491839759723,False,False,False
52.577396,-1.53584,138.47,16.36,4,131.99,20 / 20,7954313,2019-11-06 18:18:54:775,-2.4677,0.7125,9.8783,-0.0179,-0.0004,9.8066,0.0079,0.1423,-0.0947,-20.5,-36.94,26.31,238.29,-87.48,98.25,2.2411043819794467,-1.219511560332647,0.0716243205032654,-1.5743599738258065,1.0447283363603277,-0.0425056261346191,False,False,False
52.577396,-1.53584,138.47,16.36,4,131.99,20 / 20,7954413,2019-11-06 18:18:54:875,1.4169,0.6446,9.6289,-0.009,-0.0237,9.8066,0.034,0.2709,-0.0518,-20.69,-36.94,26.38,239.08,-87.46,100.4,-1.5357236300558057,-0.3484618543158719,-0.1775394552626646,0.322695692583237,-0.5057054118664357,-0.0277434723628191,False,False,False
52.577396,-1.53584,138.47,16.36,4,131.99,20 / 20,7954513,2019-11-06 18:18:54:975,-1.4258,-1.0894,10.5273,-0.0191,0.0048,9.8066,0.0822,-0.0058,0.0229,-20.12,-37.31,26.19,242.03,-87.55,102.02,1.6079457645260833,0.7686901976899165,0.7204948426727762,0.2237754747608991,0.7723591801662667,0.5975849403660752,False,False,False
52.577396,-1.53584,138.47,16.36,4,131.99,20 / 20,7954613,2019-11-06 18:18:55:075,1.6037,1.3017,9.5711,-0.0364,-0.0414,9.8064,-0.1056,0.2548,-0.141,-20.44,-36.87,26.63,244.54,-87.69,103.35,-1.8890657839428115,-0.9619729703644871,-0.2350535645861582,-0.1488318219545486,-1.0099748491767566,-0.1123024118086564,False,False,False
52.577396,-1.53584,138.47,16.36,4,131.99,20 / 20,7954713,2019-11-06 18:18:55:175,1.9128,-1.9901,9.8624,0.0194,-0.015,9.8065,-0.0315,-0.0541,0.1294,-20.5,-36.87,26.19,240.11,-87.71,99.9,-1.4280313870855978,2.3338210089519134,0.0558053373169361,1.631881265268282,-2.011322779088355,-0.0245782721327711,False,False,False
52.577396,-1.53584,138.47,16.36,4,131.99,20 / 20,7954813,2019-11-06 18:18:55:275,2.4229,0.7193,9.1906,-0.0347,-0.0307,9.8065,0.0154,0.1888,-0.1529,-20.19,-36.81,26.13,245.92,-87.84,105.7,-2.561113970226458,-0.2080397881486008,-0.6156665071757234,0.6949484711767033,-1.3919324442866596,-0.5671264000673406,False,False,False
52.577396,-1.53584,138.47,16.36,4,131.99,24 / 25,7954919,2019-11-06 18:18:55:381,1.3704,-1.8299,10.108,-0.0096,0.0134,9.8066,0.0754,-0.2059,-0.0345,-19.94,-36.62,26.38,248.27,-87.66,108.27,-0.9545900268820464,2.0954666599861262,0.3012875826580354,1.3088457562134812,-1.1847698660118788,0.3011834756269964,False,False,False
52.577396,-1.53584,138.47,16.36,4,131.99,24 / 25,7955014,2019-11-06 18:18:55:476,-2.4603,0.525,10.1066,0.0179,-0.0015,9.8066,-0.1247,0.0677,0.0724,-20.06,-37.25,25.69,246.32,-87.63,106.32,2.308666892793295,-1.0434525166980326,0.2999025066862515,-0.1394197711494332,2.2582648469646385,0.2481976006913513,False,False,False
52.577396,-1.53584,138.47,16.36,4,131.99,24 / 25,7955113,2019-11-06 18:18:55:575,-0.3014,0.0717,9.2922,0.0162,0.006,9.8066,-0.0835,-0.0582,-0.0357,-20.06,-36.75,26.69,241.52,-87.61,100.34,0.2962057416138872,-0.1320430313929115,-0.5144126811185139,-0.900037542727153,0.4715508868807929,-0.4230149703100513,False,False,False
52.577396,-1.53584,138.47,16.36,4,131.99,24 / 25,7955213,2019-11-06 18:18:55:675,0.228,-0.1285,10.6928,-0.0153,0.0267,9.8065,0.114,-0.0009,0.0143,-20.37,-37.19,25.94,235.87,-87.5,95.75,-0.2044787504960202,0.203649573586545,0.8862984326814559,0.998586148201136,-0.3231329458835612,0.7379107414822353,False,False,False
52.577396,-1.53584,138.47,16.36,4,131.99,24 / 25,7955314,2019-11-06 18:18:55:776,0.9903,-0.8535,9.6648,-0.0013,-0.01,9.8066,0.1195,-0.0496,-0.1092,-20.06,-37.5,26.63,239.49,-87.4,98.45,-0.7886506752497233,1.0357531964946156,-0.1418290463175334,0.4001175717458246,-0.2090171537979877,0.022944753009146,False,False,False
52.577396,-1.53584,138.47,16.36,4,131.99,24 / 25,7955414,2019-11-06 18:18:55:876,0.963,0.9256,9.9187,0.0354,-0.0192,9.8065,-0.0061,0.0287,0.1338,-19.94,-37.12,25.81,245.0,-87.23,105.38,-1.1079252680637688,-0.7249514675459413,0.112359290175812,-0.1467634414470257,-1.576857705437328,-0.1026857712952707,False,False,False
52.577396,-1.53584,138.47,16.36,4,131.99,24 / 25,7955514,2019-11-06 18:18:55:976,1.0817,-0.4065,9.5441,0.0057,0.0237,9.8066,-0.0086,-0.1108,0.0727,-20.31,-37.25,26.25,247.06,-87.44,107.27,-0.9593583029558432,0.6499927135513623,-0.2624793494350002,0.2453800056148649,-0.0311145307450361,-0.0633012850191172,False,False,False
52.577396,-1.53584,138.47,16.36,4,131.99,24 / 25,7955613,2019-11-06 18:18:56:075,-1.181,0.2089,10.1322,-0.0113,0.0071,9.8066,-0.0187,-0.0565,0.0736,-19.5,-37.0,26.56,244.59,-87.43,102.31,1.0996686453883882,-0.446859525420846,0.3255489592831215,-0.1647879465066202,0.3614760497846878,0.0877881693106114,False,False,False
52.577396,-1.53584,138.47,16.36,4,131.99,24 / 25,7955714,2019-11-06 18:18:56:176,-0.2371,-1.2132,9.8285,0.0181,0.0277,9.8065,0.0002,-0.1517,0.1576,-20.0,-36.75,26.81,239.06,-87.41,98.01,0.5142618035794347,1.1578001533771491,0.0218506800598398,1.0428676980838154,1.68072044998004,0.2104255965068687,False,False,False
52.577396,-1.53584,138.47,16.36,4,131.99,24 / 25,7955814,2019-11-06 18:18:56:276,-0.1898,-0.5144,10.1973,0.0069,-0.0057,9.8066,0.076,-0.0994,-0.0281,-20.06,-36.69,26.19,240.89,-87.46,100.94,0.3008095503644928,0.4550082400585656,0.390633057853939,0.4126228995237283,-0.5726983418391087,0.1728118149008527,False,False,False
52.577396,-1.53584,138.47,16.36,4,131.99,20 / 22,7955917,2019-11-06 18:18:56:379,1.0054,2.0618,9.9392,0.0281,0.0162,9.8065,-0.0032,-0.2233,0.1179,-19.44,-36.5,25.81,246.11,-87.36,104.94,-1.3915094056402593,-1.7897546285800916,0.1329807636120025,-1.615408078807184,-0.1463644858709134,0.2738072954054852,False,False,False
52.577396,-1.53584,138.47,16.36,4,131.99,20 / 22,7956013,2019-11-06 18:18:56:475,-2.0286,-0.159,10.0361,0.0015,0.0229,9.8066,-0.0369,-0.2734,0.054,-19.87,-36.75,25.94,241.88,-87.35,102.06,2.022144331234037,-0.2557202165185864,0.2293541901115768,-0.5862618238220839,1.1656639829308342,0.0615500423293928,False,False,False
52.577396,-1.53584,138.47,16.36,4,131.99,20 / 22,7956113,2019-11-06 18:18:56:575,2.5835,-0.5555,9.6629,-0.0019,0.0134,9.8066,0.0791,-0.0443,0.0056,-20.12,-37.31,25.56,236.23,-87.34,96.27,-2.4043290408952203,1.1077774360730122,-0.1436004012368107,1.5053732710206125,-0.8632723107671797,-0.0719913568275029,False,False,False
52.577396,-1.53584,138.47,16.36,4,131.99,20 / 22,7956214,2019-11-06 18:18:56:676,-1.5317,-0.345,9.8594,0.03,0.0039,9.8065,0.0247,-0.2124,0.0503,-20.5,-37.0,25.94,240.42,-87.29,100.62,1.6001866322932043,0.0074208207535518,0.0527653603178997,-0.5122173406425038,0.9881570355336275,-0.0514787476791561,False,False,False
52.577396,-1.53584,138.47,16.36,4,131.99,20 / 22,7956314,2019-11-06 18:18:56:776,0.487,0.724,9.7862,0.0093,-0.0027,9.8066,-0.0308,-0.0156,0.008,-19.62,-37.0,25.88,242.1,-87.23,102.4,-0.621844128779388,-0.6079510247398645,-0.0202921418374924,-0.1075614350738318,0.2335843768569783,-0.0235717851043785,False,False,False
52.577396,-1.53584,138.47,16.36,4,131.99,20 / 22,7956414,2019-11-06 18:18:56:876,-1.0097,-0.9273,9.2057,0.0083,0.0207,9.8065,-0.0358,-0.1961,0.0289,-19.87,-36.87,25.75,242.63,-87.26,102.91,1.1968830509189337,0.7087315203936426,-0.6009652522596469,0.1408353333922484,0.9497383859364804,-0.6413706121842192,False,False,False
52.577396,-1.53584,138.47,16.36,4,131.99,20 / 22,7956514,2019-11-06 18:18:56:976,-0.4947,2.9963,9.9437,-0.0044,-0.0304,9.8065,-0.0093,0.1687,-0.1044,-19.69,-37.0,26.25,238.38,-87.28,98.54,-0.1672253626667962,-3.06157828920299,0.1374950077706623,-2.602799578202581,0.30070207374679,0.0635302283029672,False,False,False
52.577396,-1.53584,138.47,16.36,4,131.99,20 / 22,7956614,2019-11-06 18:18:57:076,1.7834,-1.0139,9.7236,0.0266,0.0048,9.8066,0.0976,-0.0728,0.0217,-20.44,-37.31,26.06,245.31,-87.34,105.58,-1.4987939317746823,1.3702965481377485,-0.0830003026329515,0.8978511875052486,-1.329331361776764,-0.0650311116219417,False,False,False
52.577396,-1.53584,138.47,16.36,4,131.99,20 / 22,7956714,2019-11-06 18:18:57:176,0.8499,1.1101,9.5093,-0.0317,-0.027,9.8065,-0.005,0.0982,-0.2137,-19.87,-36.94,25.63,250.69,-87.39,111.02,-1.1040782492162189,-0.922676234822232,-0.2970228868318382,-0.6289266719313108,-1.020620735370708,-0.4355168672775639,False,False,False
52.577396,-1.53584,138.47,16.36,4,131.99,20 / 22,7956814,2019-11-06 18:18:57:276,0.4072,0.309,9.9286,-0.001,0.0236,9.8066,-0.0304,0.0805,0.0244,-20.56,-37.37,25.56,246.55,-87.29,108.22,-0.4597128210854938,-0.1916529058403413,0.1220560765081774,-0.4693544050069463,0.0575632159657097,0.1942259643031224,False,False,False
52.577396,-1.53584,138.47,16.36,4,131.99,20 / 25,7956914,2019-11-06 18:18:57:376,1.0829,-3.3735,10.2601,0.0078,-0.0322,9.8065,-0.0198,0.0575,-0.0781,-19.94,-36.56,26.25,244.87,-87.32,105.16,-0.3368699221514448,3.4938388065593746,0.4533075218099131,3.5648632193963525,-0.5126724956266429,0.2533503646270667,False,False,False
52.577396,-1.53584,138.47,16.36,4,131.99,20 / 25,7957014,2019-11-06 18:18:57:476,2.2587,-1.2251,9.6243,0.013,-0.0171,9.8066,0.0437,0.1464,-0.0759,-20.12,-37.06,25.63,251.65,-87.19,112.21,-1.936011172441504,1.6596074182191916,-0.1822902563866387,1.5944579944092427,-1.2540790375859063,-0.0565746358472038,False,False,False
52.577396,-1.53584,138.47,16.36,4,131.99,20 / 25,7957113,2019-11-06 18:18:57:575,-0.7624,-0.1681,9.9413,-0.0155,0.0048,9.8066,0.0235,-0.0712,-0.0492,-20.06,-37.25,25.63,253.69,-87.05,114.43,0.7666042955045776,0.0094547551699717,0.1346349572681863,-0.1093716042767029,0.5531087641176461,-0.125912002811916,False,False,False
52.577396,-1.53584,138.47,16.36,4,131.99,20 / 25,7957213,2019-11-06 18:18:57:675,0.4994,0.5295,9.9215,-0.0054,-0.0012,9.8066,-0.0205,0.0856,0.0104,-20.06,-36.94,25.88,251.83,-87.09,112.49,-0.6064599242952727,-0.4106720752149566,0.1149884640405862,-0.3366662888106013,-0.0128926077061013,0.2932144561002343,False,False,False
52.577396,-1.53584,138.47,16.36,4,131.99,20 / 25,7957314,2019-11-06 18:18:57:776,-0.4318,0.973,10.4139,0.0052,-0.0004,9.8066,-0.0714,-0.0728,0.0455,-19.94,-36.62,26.19,252.36,-87.09,113.04,0.2191432855449571,-1.0442023946887875,0.6073775014986665,-1.2360159653357572,0.2254625560393593,0.2912038596251275,False,False,False
52.577396,-1.53584,138.47,16.36,4,131.99,20 / 25,7957413,2019-11-06 18:18:57:875,0.9315,0.7132,10.2313,-0.0231,0.0135,9.8065,0.0572,0.0012,0.0421,-20.12,-37.12,26.56,250.15,-87.26,109.51,-1.0819451821018484,-0.4797097995078638,0.4249346081254422,-0.4088686116449039,-0.8274443609666975,0.6465082372536128,False,False,False
52.577396,-1.53584,138.47,16.36,4,131.99,20 / 25,7957513,2019-11-06 18:18:57:975,0.098,-0.2378,9.8201,-0.0015,0.0126,9.8066,0.0555,-0.1474,0.0449,-20.37,-37.19,25.63,250.25,-87.36,110.61,-0.0437415618619309,0.2658714827632754,0.0134792588496641,0.1655878989379259,0.3974373380069904,-0.3413052236562568,False,False,False
52.577396,-1.53584,138.47,16.36,4,131.99,20 / 25,7957613,2019-11-06 18:18:58:075,-1.2036,-0.1423,9.8412,0.0001,-0.0018,9.8066,-0.0568,-0.0285,0.0505,-20.44,-36.94,25.75,248.7,-87.36,109.03,1.2059447730703523,-0.1197387229159642,0.0345100353339558,-0.2154547697456469,0.951386180301644,0.2753366504553047,False,False,False
52.577396,-1.53584,138.47,16.36,4,131.99,20 / 25,7957713,2019-11-06 18:18:58:175,0.2808,-1.5081,10.6018,0.0059,0.0168,9.8065,0.1388,-0.1095,0.0817,-20.44,-36.69,25.75,248.44,-87.46,108.66,0.0570870532371927,1.5485040297168913,0.7951530973990133,1.695596392045431,1.0339595054471946,0.4349853824823804,False,False,False
52.577396,-1.53584,138.47,16.36,4,131.99,20 / 25,7957813,2019-11-06 18:18:58:275,-0.9234,-0.5538,8.9458,0.0222,-0.018,9.8066,-0.0998,-0.1248,0.0402,-20.19,-37.06,26.63,251.88,-87.31,111.21,1.0381219131505588,0.3214707657004936,-0.8609164188448035,-0.0643359861307206,0.2441953800984875,-0.6400951966126286,False,False,False
52.577396,-1.53584,138.47,16.36,4,131.99,22 / 24,7957913,2019-11-06 18:18:58:375,1.3307,0.9689,10.4041,0.0346,0.0106,9.8065,-0.0173,-0.195,0.1324,-19.75,-36.87,26.19,249.33,-87.21,109.82,-1.470769725190989,-0.659417150377474,0.5977836542175399,-0.178769816994663,-0.0124490191993704,0.2770526894617887,False,False,False
52.577396,-1.53584,138.47,16.36,4,131.99,22 / 24,7958014,2019-11-06 18:18:58:476,-2.3973,-0.9279,9.6618,0.0116,0.0253,9.8065,0.1115,-0.3387,0.1374,-19.69,-37.25,26.88,249.85,-87.25,109.2,2.556858524834683,0.4168822993216203,-0.1449523110975725,-0.2870146303158495,0.795064516020488,0.0110832160071969,False,False,False
52.577396,-1.53584,138.47,16.36,4,131.99,22 / 24,7958114,2019-11-06 18:18:58:576,2.0013,0.1006,10.6805,0.0137,0.033,9.8065,0.1433,-0.1841,0.0205,-20.44,-36.62,25.63,253.06,-87.26,113.57,-1.956127763887223,0.3584116626587684,0.8741308663007802,1.144386957423426,-0.2206412333914958,0.635242869707713,False,False,False
52.577396,-1.53584,138.47,16.36,4,131.99,22 / 24,7958214,2019-11-06 18:18:58:676,-4.5284,-1.7931,9.3133,0.065,0.019,9.8064,-0.0485,-0.4936,0.3103,-20.0,-36.81,25.81,252.99,-86.85,113.94,4.874340468199832,0.7895320423156962,-0.4935805245613536,-0.1366047237390316,0.6420174129814629,-0.4358715555564596,False,False,False
52.577396,-1.53584,138.47,16.36,4,131.99,22 / 24,7958313,2019-11-06 18:18:58:775,3.0158,2.0838,9.7209,0.0373,0.034,9.8064,-0.1237,-0.0761,0.1399,-20.12,-37.0,26.0,251.62,-87.19,112.18,-3.3474784593699924,-1.366601426296421,-0.0850943341151031,-0.4254398223104507,-0.2905099829286132,-0.2194240434051178,False,False,False
52.577396,-1.53584,138.47,16.36,4,131.99,22 / 24,7958414,2019-11-06 18:18:58:876,-2.8556,-2.9791,10.6233,0.0263,0.046,9.8064,0.062,-0.5858,0.2357,-20.37,-37.44,25.75,247.24,-87.07,107.83,3.4614035797315954,2.340104048613009,0.8163954494522271,1.3953288587563948,0.8073115025260414,0.7686822131359607,False,False,False
52.577396,-1.53584,138.47,16.36,4,131.99,22 / 24,7958514,2019-11-06 18:18:58:976,2.9178,4.8335,9.2856,0.0158,0.0176,9.8065,0.0094,0.1319,-0.0366,-20.25,-36.87,26.44,246.58,-87.01,107.22,-3.863369157877675,-4.08529101169597,-0.5202016144877535,-3.2209695626041874,-0.6367779471524101,-0.5577322520966648,False,False,False
52.577396,-1.53584,138.47,16.36,4,131.99,22 / 24,7958614,2019-11-06 18:18:59:076,1.3312,0.3675,9.8343,0.0522,0.0447,9.8063,0.0635,-0.4329,0.1512,-20.37,-37.12,26.19,247.61,-86.88,108.41,-1.3184260662297778,-0.0422745399324347,0.0281142518907236,-0.7559108437116555,-2.0546343211090115,-0.1010664932079199,False,False,False
52.577396,-1.53584,138.47,16.36,4,131.99,22 / 24,7958714,2019-11-06 18:18:59:176,3.6219,4.6274,9.7905,-0.0135,-0.02,9.8066,-0.0981,0.431,-0.2011,-19.87,-37.12,25.69,249.41,-86.82,110.31,-4.543838875931309,-3.764041848287993,-0.01537413126038,-3.212871966572813,-1.23423612810793,0.0079694166385929,False,False,False
52.577396,-1.53584,138.47,16.36,4,131.99,22 / 24,7958814,2019-11-06 18:18:59:276,-1.9145,-0.371,10.3831,0.0329,0.0311,9.8065,0.0675,-0.1994,0.0851,-20.37,-36.56,25.69,249.3,-86.85,110.17,1.9883952986381817,-0.0229086974811198,0.576435649429576,-0.2950051834283209,1.8948691098903727,0.4118762426884482,False,False,False
52.577396,-1.53584,138.47,16.36,4,131.99,20 / 23,7958914,2019-11-06 18:18:59:376,-2.942,-3.1402,9.8941,-0.0531,-0.0457,9.8064,-0.024,0.6129,-0.3568,-20.5,-36.94,26.19,251.68,-86.79,112.67,3.4829987204223163,2.40634224364714,0.0871875563125756,2.487362349062666,2.049668880111261,0.121532342604267,False,False,False
52.577396,-1.53584,138.47,16.36,4,131.99,20 / 23,7959014,2019-11-06 18:18:59:476,1.0936,3.9114,9.3652,0.0112,0.0164,9.8066,-0.1285,0.109,0.0433,-20.25,-37.0,25.69,251.82,-86.96,112.63,-1.8890994873043463,-3.5741218308885645,-0.4409138068060848,-3.3053599699589147,-1.303087990798861,-0.5902438208212334,False,False,False
52.577396,-1.53584,138.47,16.36,4,131.99,20 / 23,7959114,2019-11-06 18:18:59:576,0.3241,1.0396,9.4015,-0.0239,-0.0329,9.8065,-0.0942,0.4808,-0.1765,-20.12,-37.06,26.0,248.51,-87.06,109.14,-0.5689988808664254,-0.9735047311626284,-0.4048630163113618,-1.3889578860041083,-1.199122181422514,-0.4045177175605901,False,False,False
52.577396,-1.53584,138.47,16.36,4,131.99,20 / 23,7959214,2019-11-06 18:18:59:676,2.3391,1.7398,10.1667,-0.0272,-0.0196,9.8066,0.0897,0.3234,-0.263,-19.81,-36.81,26.0,249.72,-87.14,110.3,-2.6873546364798098,-1.213567776180039,0.3604363611067951,-0.4415465154836364,-0.8463093028196531,0.2635058336755833,False,False,False
52.577396,-1.53584,138.47,16.36,4,131.99,20 / 23,7959313,2019-11-06 18:18:59:775,-3.198,-2.3358,9.7464,-0.0335,-0.0512,9.8065,0.0217,0.3445,-0.175,-20.31,-36.37,26.06,251.29,-86.85,112.11,3.579309436248858,1.556260899522913,-0.0605424825722998,0.747580546144274,0.8588225264999166,-0.1190173765685829,False,False,False
52.577396,-1.53584,138.47,16.36,4,131.99,20 / 23,7959413,2019-11-06 18:18:59:875,1.4812,0.4375,9.6635,-0.0195,-0.0445,9.8065,-0.0453,0.4155,-0.1926,-20.56,-37.0,25.94,256.64,-87.02,118.76,-1.5690189739322835,-0.1504840336412523,-0.1428548391183957,0.9758594331309668,-0.0667860277514404,-0.1749813377436718,False,False,False
52.577396,-1.53584,138.47,16.36,4,131.99,20 / 23,7959513,2019-11-06 18:18:59:975,-2.8414,-3.0826,10.4651,-0.019,-0.0215,9.8066,0.0428,0.1118,-0.0287,-20.81,-36.44,25.88,259.74,-87.05,121.78,3.410948701076566,2.38796323067896,0.6579952792759154,1.373920260235029,0.5932638108660243,0.5425185620312866,False,False,False
52.577396,-1.53584,138.47,16.36,4,131.99,20 / 23,7959614,2019-11-06 18:19:00:076,2.6785,1.8967,9.4078,-0.0169,-0.0526,9.8064,-0.081,0.4228,-0.2151,-20.44,-36.56,25.38,261.64,-86.92,123.81,-3.0494749507611005,-1.3288923132129769,-0.3982227449104988,-0.0509392730405042,-0.4113517675119472,-0.3791293332989305,False,False,False
52.577396,-1.53584,138.47,16.36,4,131.99,20 / 23,7959714,2019-11-06 18:19:00:176,-0.9793,-0.3026,9.6264,-0.006,0.0042,9.8066,0.0238,0.0033,0.0304,-20.37,-36.81,26.06,260.66,-86.86,121.72,1.0163463433644655,0.0918995494166149,-0.1802935194251382,-0.918264152828132,-0.4003807377578358,-0.3281833776835812,False,False,False
52.577396,-1.53584,138.47,16.36,4,131.99,20 / 23,7959813,2019-11-06 18:19:00:275,0.4495,1.2918,9.3193,-0.0237,-0.0188,9.8065,-0.0723,0.2529,-0.2099,-20.06,-37.25,26.56,260.42,-86.88,120.33,-0.7421555070220741,-1.1793904310227987,-0.4870296239538875,0.0560127285739797,0.6910331296594495,-0.4480396253641546,False,False,False
52.577396,-1.53584,138.47,16.36,4,131.99,20 / 22,7959914,2019-11-06 18:19:00:376,-0.1056,-1.2285,9.8059,-0.0004,-0.0022,9.8065,-0.0486,0.0162,0.0216,-19.81,-36.69,26.13,257.31,-86.73,118.46,0.3646015358122859,1.1755612552380688,-0.0007384215723934,0.3438616425035806,-0.8512019025640163,-0.1451310178238516,False,False,False
52.577396,-1.53584,138.47,16.36,4,131.99,20 / 22,7960014,2019-11-06 18:19:00:476,0.2375,0.3697,9.7109,-0.0164,-0.0211,9.8066,-0.0413,0.1652,-0.1087,-20.31,-37.19,26.19,257.81,-86.83,118.86,-0.3314930335206846,-0.327587059714669,-0.0956421822981468,0.7252066537485324,0.7673604611190442,-0.072680138544195,False,False,False
52.577396,-1.53584,138.47,16.36,4,131.99,20 / 22,7960113,2019-11-06 18:19:00:575,-1.0269,-0.1345,9.2663,-0.0134,-0.0125,9.8066,-0.0995,-0.0584,-0.0254,-20.06,-36.75,25.56,255.05,-86.8,116.09,1.0161325579450482,-0.0972552779424938,-0.5403761426972713,-0.6431564169863146,0.1384869812772364,-0.6473121858748463,False,False,False
52.577396,-1.53584,138.47,16.36,4,131.99,20 / 22,7960213,2019-11-06 18:19:00:675,0.415,1.1043,10.1659,-0.0179,0.0017,9.8065,0.049,0.1204,-0.0308,-19.94,-36.62,26.25,253.79,-87.03,114.56,-0.6583038215983084,-0.9847134841393924,0.3595454945109478,-0.1819272988213862,0.0059440645154319,0.3380118946739603,False,False,False
52.577396,-1.53584,138.47,16.36,4,131.99,20 / 22,7960314,2019-11-06 18:19:00:776,-0.1719,-0.703,10.0774,-0.0138,-0.007,9.8066,0.068,-0.0531,-0.1008,-19.87,-36.87,26.06,254.95,-86.98,115.79,0.3030800333466122,0.646219746535967,0.270715316473981,0.4211136690548796,-0.1768240938544682,0.2233223971291822,False,False,False
52.577396,-1.53584,138.47,16.36,4,131.99,20 / 22,7960414,2019-11-06 18:19:00:876,0.1356,0.8237,10.0837,0.0269,-0.0085,9.8065,-0.0408,0.0727,0.0841,-20.37,-36.75,26.63,257.26,-86.9,117.11,-0.2838533518973461,-0.78977619097223,0.2772962545546502,-0.2385871315325813,-0.0806044625840716,0.1976189106540244,False,False,False
52.577396,-1.53584,138.47,16.36,4,131.99,20 / 22,7960514,2019-11-06 18:19:00:976,-0.8161,0.6017,10.319,0.0403,0.004,9.8065,0.0398,-0.0312,0.0194,-20.56,-37.25,25.94,256.45,-86.91,118.68,0.7090800812558368,-0.7667205459796016,0.5125110171878835,-0.6921429804032327,0.6191399095458916,0.5300419884969308,False,False,False
52.577396,-1.53584,138.47,16.36,4,131.99,20 / 22,7960614,2019-11-06 18:19:01:076,0.2213,-1.084,9.5978,-0.0014,-0.0155,9.8065,0.0565,0.0346,-0.0051,-19.37,-37.06,26.5,262.26,-86.56,121.21,0.01055331729496,1.091390844486894,-0.2088010585803061,1.432435936414099,-0.2126338276812733,-0.3428522239578553,False,False,False
52.577396,-1.53584,138.47,16.36,4,131.99,20 / 22,7960714,2019-11-06 18:19:01:176,-0.2971,-0.4284,9.7739,0.0222,0.0084,9.8066,0.0343,-0.1519,0.1071,-20.0,-36.81,25.94,262.77,-86.44,124.31,0.405195680231269,0.3585509943190162,-0.0327668307097891,0.6816457346431637,0.6435864682125815,0.0376688237416407,False,False,False
52.577396,-1.53584,138.47,16.36,4,131.99,20 / 22,7960814,2019-11-06 18:19:01:276,-0.7486,0.3591,10.1114,-0.0069,-0.0132,9.8066,0.0309,-0.0682,-0.0107,-19.75,-37.31,25.88,264.71,-86.35,126.38,0.6451327487537317,-0.5220475342007621,0.3047939115539528,-0.3329650654755292,0.0781235259563,0.1365207713212741,False,False,False
52.577396,-1.53584,138.47,16.36,4,131.99,21 / 22,7960914,2019-11-06 18:19:01:376,0.7593,0.4574,9.7319,0.011,0.0004,9.8066,0.0165,-0.1697,0.0957,-19.87,-37.0,25.81,265.99,-86.19,127.84,-0.8286252027898657,-0.2866992310149449,-0.0746043178166873,0.2272491573219313,-0.3652348682205615,0.0221320166161746,False,False,False
52.577396,-1.53584,138.47,16.36,4,131.99,21 / 22,7961013,2019-11-06 18:19:01:475,-1.5659,-1.0149,10.1787,0.0018,0.0022,9.8065,0.0412,-0.0603,0.0483,-20.0,-37.06,26.31,267.75,-86.29,129.5,1.748742441158077,0.6589609469604973,0.3719931247663259,0.7525099992886438,0.95671949330147,0.2012578272482242,False,False,False
52.577396,-1.53584,138.47,16.36,4,131.99,21 / 22,7961113,2019-11-06 18:19:01:575,-0.2982,-1.4174,9.3259,0.0066,0.0146,9.8066,0.0252,-0.3389,0.0794,-20.62,-37.37,26.0,267.24,-86.23,130.34,0.6034777625792849,1.3338573102736295,-0.4808729519341854,1.9861916988651864,1.1592814702388377,-0.3921673695088774,False,False,False
52.577396,-1.53584,138.47,16.36,4,131.99,21 / 22,7961214,2019-11-06 18:19:01:676,-0.5244,-0.347,10.2851,-0.001,0.0031,9.8066,0.0717,-0.0559,0.0812,-19.19,-37.06,26.13,270.06,-86.22,130.58,0.586120780530894,0.2303197344446418,0.4784297968931342,0.2784861230924532,-0.289723293474486,0.3398043905826517,False,False,False
52.577396,-1.53584,138.47,16.36,4,131.99,21 / 22,7961314,2019-11-06 18:19:01:776,2.6831,0.0125,9.618,0.0191,0.0069,9.8065,0.0557,-0.2114,0.0658,-20.19,-36.81,26.25,269.57,-86.23,131.4,-2.6037818821479872,0.5633026952120779,-0.1883337297583594,1.3048005896318042,-1.4978541301904575,-0.139515382938138,False,False,False
52.577396,-1.53584,138.47,16.36,4,131.99,21 / 22,7961414,2019-11-06 18:19:01:876,0.4027,-0.5641,9.3286,0.0031,0.0099,9.8066,0.0043,-0.14,0.0764,-20.25,-37.44,26.63,271.33,-86.09,132.18,-0.2678707980337739,0.6460388076222354,-0.4780368757813452,0.6990553988318127,-1.081829435274402,-0.5578515385398264,False,False,False
52.577396,-1.53584,138.47,16.36,4,131.99,21 / 22,7961513,2019-11-06 18:19:01:975,0.5953,1.1082,10.0136,0.0011,0.0142,9.8066,0.0645,-0.1015,0.0149,-19.94,-36.62,26.31,269.33,-86.11,131.3,-0.8140609534205573,-0.9418866041882016,0.2071546016067032,-0.1652528478057398,-0.5052877876884938,0.1967083034210552,False,False,False
52.577396,-1.53584,138.47,16.36,4,131.99,21 / 22,7961614,2019-11-06 18:19:02:076,-0.1341,-0.4271,9.8274,0.0252,0.002,9.8066,-0.037,-0.1036,0.1036,-20.62,-36.87,26.0,268.86,-86.01,132.21,0.2472455940984994,0.3851950737820543,0.0207439468982601,0.4999078749622193,-0.3759528722001828,0.0104157197389209,False,False,False
52.577396,-1.53584,138.47,16.36,4,131.99,21 / 22,7961714,2019-11-06 18:19:02:176,-0.2729,0.788,9.9829,0.0362,0.0092,9.8065,-0.0092,-0.0589,0.1193,-20.37,-36.75,26.19,271.12,-86.15,133.04,0.1357055382410372,-0.8268213145964839,0.1764645307693672,-0.0761887706307879,0.1399950322473863,0.1052508131575438,False,False,False
52.577396,-1.53584,138.47,16.36,4,131.99,21 / 22,7961813,2019-11-06 18:19:02:275,-0.2098,0.135,10.066,-0.0107,-0.0006,9.8065,0.0018,-0.0805,-0.0222,-20.31,-37.25,26.25,270.79,-86.05,132.83,0.1655786822679425,-0.174959219618851,0.2595021993139459,0.0610376791869199,-0.1771627625231856,0.3111601249648919,False,False,False
52.577396,-1.53584,138.47,16.36,4,131.99,22 / 23,7961914,2019-11-06 18:19:02:376,-0.4374,1.3224,10.3117,-0.0004,0.0203,9.8066,-0.0595,-0.0162,0.0559,-20.19,-37.19,25.81,271.57,-86.08,133.57,0.1489539675068912,-1.3653322343675538,0.5052128515396848,-0.6984156509976119,-0.2121741966869972,0.3885114591783533,False,False,False
52.577396,-1.53584,138.47,16.36,4,131.99,22 / 23,7962014,2019-11-06 18:19:02:476,-0.0943,-0.4563,9.9821,0.0071,0.0035,9.8066,0.0584,-0.106,0.0175,-20.5,-36.87,25.88,269.84,-86.12,131.8,0.1972484284446273,0.4275635911170269,0.1754442447823153,0.8307922923864015,0.165716494866057,0.2673609353843002,False,False,False
52.577396,-1.53584,138.47,16.36,4,131.99,22 / 23,7962114,2019-11-06 18:19:02:576,0.9911,1.6808,10.1904,-0.016,0.0031,9.8065,0.0057,0.1844,-0.1059,-20.25,-37.19,25.81,268.41,-86.25,130.21,-1.3420508566644973,-1.4239524308480036,0.3841430499282148,-0.8750121439165277,-2.0625787199633714,0.2478612170166113,False,False,False
52.577396,-1.53584,138.47,16.36,4,131.99,22 / 23,7962213,2019-11-06 18:19:02:675,0.3983,0.7687,9.6476,-0.004,0.0124,9.8066,0.0401,0.0881,-0.0517,-20.19,-37.06,26.38,267.62,-86.19,129.49,-0.5545142892218861,-0.6529798558737114,-0.1588936464176381,-0.0708920771459722,-0.315340850097063,-0.0550635039239908,False,False,False
52.577396,-1.53584,138.47,16.36,4,131.99,22 / 23,7962313,2019-11-06 18:19:02:775,-0.7875,-2.4164,9.9531,-0.0168,-0.0242,9.8066,-0.0576,0.3307,-0.1463,-20.25,-37.5,26.75,268.01,-86.1,128.84,1.263699390296832,2.172499139039247,0.1461948078323738,2.61051538242658,0.2628515385415497,0.0185905262887371,False,False,False
52.577396,-1.53584,138.47,16.36,4,131.99,22 / 23,7962414,2019-11-06 18:19:02:876,0.7839,0.415,9.9623,-0.0191,-0.0144,9.8065,-0.0258,0.2869,-0.1393,-20.44,-36.94,26.38,267.74,-86.24,129.54,-0.8761516933720652,-0.2480355052867321,0.1558961138656723,0.4783444138874579,-0.4760732352154009,0.2448881040967001,False,False,False
52.577396,-1.53584,138.47,16.36,4,131.99,22 / 23,7962513,2019-11-06 18:19:02:975,-2.6759,-0.5438,9.6066,-0.0095,-0.0127,9.8066,0.004,0.1551,-0.0321,-20.37,-37.44,26.56,267.91,-86.18,128.66,2.7182935627074585,-0.0504683583423048,-0.2002229301289532,0.3285644477784126,0.859327795268898,-0.2960267859062588,False,False,False
52.577396,-1.53584,138.47,16.36,4,131.99,22 / 23,7962613,2019-11-06 18:19:03:075,0.6242,1.5499,8.9857,-0.0257,-0.0277,9.8065,-0.0245,0.1497,-0.1559,-19.81,-37.37,25.63,268.6,-86.19,130.47,-0.9718160744426824,-1.4025370270437647,-0.8205899190375509,-0.6070109156940551,-0.5678017782051389,-0.7653397554542339,False,False,False
52.577396,-1.53584,138.47,16.36,4,131.99,22 / 23,7962713,2019-11-06 18:19:03:175,-1.7493,0.8064,9.1885,-0.005,0.0005,9.8066,-0.0664,0.0129,0.0823,-20.87,-37.56,25.81,265.81,-86.2,129.04,1.5319584231999714,-1.159799008597317,-0.6181217996829909,-0.757050292202379,0.4212515387475224,-0.668817261019377,False,False,False
52.577396,-1.53584,138.47,16.36,4,131.99,22 / 23,7962813,2019-11-06 18:19:03:275,-0.1329,1.1909,9.9402,-0.0275,-0.0119,9.8065,0.0493,0.0306,-0.126,-20.69,-37.25,25.75,267.75,-86.39,130.68,-0.1538291619046931,-1.197556152351911,0.1338227966819817,-0.42794643033862,0.0900080663099953,0.1472512927499829,False,False,False
52.5765,-1.534128,138.45,17.19,4,131.18,21 / 24,7962913,2019-11-06 18:19:03:375,-1.8301,0.1365,10.2585,-0.0214,-0.0044,9.8065,-0.0268,-0.0072,-0.061,-20.75,-37.12,25.81,266.81,-86.24,129.89,1.736947198834578,-0.5237851697605239,0.4519026713791951,-0.0082577765114011,0.810836973678235,0.4485112230379787,False,False,False
52.5765,-1.534128,138.45,17.19,4,131.18,21 / 24,7963013,2019-11-06 18:19:03:475,-0.7781,-0.2048,9.7707,0.0103,0.0008,9.8065,-0.046,0.0548,0.0501,-20.37,-37.37,26.31,268.33,-86.4,129.96,0.8141148472984623,0.0325244032620979,-0.035871138825608,0.6865142146556145,0.7709164603615208,-0.061733058676119,False,False,False
52.5765,-1.534128,138.45,17.19,4,131.18,21 / 24,7963113,2019-11-06 18:19:03:575,-1.615,0.9811,9.9139,-0.012,-0.0173,9.8065,-0.1179,-0.0332,-0.1009,-20.19,-37.06,26.19,268.81,-86.52,130.3,1.352876725030752,-1.317624558191592,0.1074076837124767,-0.6175073648197859,0.711143866707982,0.1439151514383309,False,False,False
52.5765,-1.534128,138.45,17.19,4,131.18,21 / 24,7963214,2019-11-06 18:19:03:676,-1.6851,0.551,10.0476,0.0073,0.017,9.8066,-0.0022,0.0067,0.156,-20.44,-36.87,26.38,264.26,-86.56,125.68,1.5393805018945033,-0.8830087639219681,0.2409521803678615,-0.4087310828244209,1.1502862001967789,0.1863750771980622,False,False,False
52.5765,-1.534128,138.45,17.19,4,131.18,21 / 24,7963314,2019-11-06 18:19:03:776,0.1772,0.913,9.4007,0.0322,0.005,9.8065,0.0325,-0.0966,0.0876,-20.5,-37.25,25.81,268.27,-86.61,129.67,-0.3355575459640394,-0.8561405810297097,-0.4056933310527821,0.0672833038051996,-0.6667503934678992,-0.3428808662096475,False,False,False
52.5765,-1.534128,138.45,17.19,4,131.18,21 / 24,7963414,2019-11-06 18:19:03:876,-1.6657,0.6905,10.2288,-0.0095,-0.0062,9.8066,-0.1064,-0.059,-0.0162,-20.37,-36.94,26.31,266.19,-86.43,127.78,1.4692923223453511,-1.0342113445885095,0.4221719273251508,-0.7668711042101246,0.7486523459637948,0.3534789745932032,False,False,False
52.5765,-1.534128,138.45,17.19,4,131.18,21 / 24,7963513,2019-11-06 18:19:03:975,-0.7166,2.521,10.0045,0.0361,0.0238,9.8065,0.0925,-0.1446,0.2069,-20.31,-36.81,26.44,265.02,-86.54,126.48,0.2021825942279251,-2.600307571839718,0.1982217455888649,-1.4547172455235429,0.1421322006648046,0.2719186530042464,False,False,False
52.5765,-1.534128,138.45,17.19,4,131.18,21 / 24,7963614,2019-11-06 18:19:04:076,-1.2104,0.2022,9.4366,0.0002,-0.0104,9.8065,-0.0055,-0.072,-0.0797,-20.19,-37.44,26.06,266.36,-86.37,128.02,1.1372613941454022,-0.4662068857144936,-0.3699524173442426,-0.3933809220627087,0.1531277141669896,-0.4384709984484473,False,False,False
52.5765,-1.534128,138.45,17.19,4,131.18,21 / 24,7963714,2019-11-06 18:19:04:176,0.0735,-0.297,9.6363,0.0072,0.0086,9.8066,0.0506,-0.1445,0.0393,-20.06,-37.31,26.38,264.82,-86.23,126.62,0.0004632441462645,0.3126932130659958,-0.1703287406967022,1.6404189726068668,0.1343062870207044,-0.0990967591970502,False,False,False
52.5765,-1.534128,138.45,17.19,4,131.18,21 / 24,7963813,2019-11-06 18:19:04:275,-0.2624,-0.5787,9.9392,0.0141,0.0088,9.8066,-0.0252,-0.13,0.0724,-20.19,-37.12,26.13,265.3,-86.22,127.13,0.39557241818217,0.5149293849698777,0.1325196229546929,0.4409437964101694,-0.762396355504233,0.0750821312619788,False,False,False
52.5765,-1.534128,138.45,17.19,4,131.18,19 / 22,7963925,2019-11-06 18:19:04:387,0.1089,1.7083,9.9611,0.0176,0.0041,9.8065,0.0994,-0.1781,0.0384,-19.75,-36.94,26.31,266.03,-86.16,127.92,-0.453045631779671,-1.645394945385541,0.1547889505910276,-0.2065570685233948,-0.2079419459658738,0.2143245318211999,False,False,False
52.5765,-1.534128,138.45,17.19,4,131.18,19 / 22,7964013,2019-11-06 18:19:04:475,-1.2771,-0.4584,9.3837,0.0253,-0.0011,9.8066,-0.019,-0.2263,0.0986,-20.06,-37.0,26.44,267.72,-86.01,129.79,1.3699705288098585,0.1686407030623113,-0.423030168502303,0.0194818377305714,0.1199046259610757,-0.4628932440441227,False,False,False
52.5765,-1.534128,138.45,17.19,4,131.18,19 / 22,7964113,2019-11-06 18:19:04:575,0.4809,1.8696,9.311,0.0282,0.0125,9.8065,-0.0189,-0.019,0.0515,-19.81,-37.5,25.75,266.04,-85.91,128.21,-0.8388121715075679,-1.7176663271570112,-0.4952721266957205,-0.2547466271436114,-0.5464666252618123,-0.4522822111245312,False,False,False
52.5765,-1.534128,138.45,17.19,4,131.18,19 / 22,7964214,2019-11-06 18:19:04:676,-0.1783,-1.0685,10.1477,0.0166,0.0295,9.8065,0.0365,-0.1761,0.0904,-20.19,-37.69,26.31,265.23,-85.9,127.53,0.4248684014981377,1.0310992610459513,0.3410697953189515,0.8841808392307318,-0.8605555538976084,0.3210161502674037,False,False,False
52.5765,-1.534128,138.45,17.19,4,131.18,19 / 22,7964314,2019-11-06 18:19:04:776,-1.6857,1.8517,9.6031,-0.0292,0.0119,9.8066,0.0617,0.0605,-0.1014,-19.94,-37.81,25.31,262.4,-85.99,125.77,1.2254696550274886,-2.151073919628571,-0.2034051545575589,-0.7464228173767733,1.529183375380314,-0.177667622528537,False,False,False
52.5765,-1.534128,138.45,17.19,4,131.18,19 / 22,7964413,2019-11-06 18:19:04:875,-2.1369,-0.0265,9.7683,0.0439,-0.0011,9.8065,-0.1144,-0.1639,0.1424,-20.12,-37.12,25.94,262.6,-85.9,124.75,2.135932581031021,-0.4408120010678847,-0.0383383490083902,-0.5237520825035061,0.7085943356539136,-0.0404246779411427,False,False,False
52.5765,-1.534128,138.45,17.19,4,131.18,19 / 22,7964513,2019-11-06 18:19:04:975,1.5417,2.2307,9.2627,0.0276,0.016,9.8065,-0.1382,-0.0455,0.2013,-20.19,-37.5,25.81,262.79,-86.16,124.65,-1.9520924451657404,-1.84040520649314,-0.5434676636560677,-0.5514840781974882,-1.648726709313543,-0.5317645069162446,False,False,False
52.5765,-1.534128,138.45,17.19,4,131.18,19 / 22,7964613,2019-11-06 18:19:05:075,-0.2418,0.7714,9.4957,-0.0189,0.0197,9.8065,0.1163,-0.1483,-0.052,-20.25,-36.94,26.0,261.26,-86.31,122.92,0.057238573634251,-0.781986365851539,-0.3107330193439692,-0.7710552643128538,-1.229262467559189,-0.3001573791710041,False,False,False
52.5765,-1.534128,138.45,17.19,4,131.18,19 / 22,7964713,2019-11-06 18:19:05:175,0.6684,1.9036,9.9639,-0.0201,0.002,9.8066,0.0264,0.0681,-0.0594,-20.37,-36.69,25.25,261.26,-86.29,124.14,-1.0786213753617877,-1.710734599906358,0.1575473176410189,-0.5602107235588079,-0.7754974117066749,0.1608846826898112,False,False,False
52.5765,-1.534128,138.45,17.19,4,131.18,19 / 22,7964813,2019-11-06 18:19:05:275,-2.6288,0.5142,9.1206,0.0202,0.01,9.8066,-0.0008,-0.1506,0.0584,-20.44,-37.37,25.81,262.76,-86.25,124.52,2.480207123464968,-1.058224758261748,-0.6861105054694168,-0.9570034850620096,0.725056747227874,-0.6689185373112718,False,False,False
52.5765,-1.534128,138.45,17.19,4,131.18,19 / 23,7964913,2019-11-06 18:19:05:375,-0.2443,-0.449,10.9408,0.0096,-0.0284,9.8066,-0.1323,0.0586,-0.0658,-20.31,-37.06,25.63,260.95,-86.26,122.67,0.337942571425838,0.3567952161183012,1.1341389695152826,1.373998426838248,0.637594961706221,1.1332142667746998,False,False,False
52.5765,-1.534128,138.45,17.19,4,131.18,19 / 23,7965013,2019-11-06 18:19:05:475,0.0752,0.3897,10.2597,0.0194,0.0273,9.8065,0.1043,-0.0953,0.1214,-20.0,-37.0,25.25,261.25,-86.3,124.13,-0.1318514124318827,-0.3420879063011209,0.453242439983541,-0.1724254887786654,-1.377736466453318,0.4751310514531066,False,False,False
52.5765,-1.534128,138.45,17.19,4,131.18,19 / 23,7965114,2019-11-06 18:19:05:576,0.0317,0.6722,9.4263,-0.0222,-0.0057,9.8065,0.0597,-0.0101,-0.1739,-20.56,-36.75,25.63,262.8,-86.22,125.87,-0.1974274219278263,-0.6507949091687527,-0.3801237420511476,0.2449804720256561,0.0778567958977239,-0.3875224165184596,False,False,False
52.5765,-1.534128,138.45,17.19,4,131.18,19 / 23,7965213,2019-11-06 18:19:05:675,-0.811,0.8842,10.5474,0.0242,0.0268,9.8066,-0.0193,-0.1527,0.1979,-20.25,-37.06,26.06,262.93,-86.08,124.88,0.6329394800351219,-1.0158847178266168,0.7408402626067276,-0.794329738844318,-0.5430789389364583,0.773000151640837,False,False,False
52.5765,-1.534128,138.45,17.19,4,131.18,19 / 23,7965313,2019-11-06 18:19:05:775,0.1974,2.6667,9.7603,0.0023,0.0004,9.8066,-0.1278,0.1013,-0.0403,-19.87,-37.12,25.88,263.21,-86.29,124.92,-0.7598869564593356,-2.5631658354075806,-0.0460011260984894,-1.7921407056630734,-0.5568874937202333,-0.0691778300919982,False,False,False
52.5765,-1.534128,138.45,17.19,4,131.18,19 / 23,7965413,2019-11-06 18:19:05:875,-1.6513,-1.7429,9.9992,0.0117,0.0308,9.8066,-0.0295,-0.2014,0.1895,-20.12,-36.87,25.88,259.44,-86.44,120.95,2.003371594259677,1.3777504026175047,0.1923058329867898,1.6569275296449946,0.9624437827093706,0.2452950536148273,False,False,False
52.5765,-1.534128,138.45,17.19,4,131.18,19 / 23,7965513,2019-11-06 18:19:05:975,-0.9147,-0.1698,9.2924,-0.0042,-0.0041,9.8066,0.0189,0.2199,-0.0783,-19.94,-36.75,25.69,260.84,-86.52,122.27,0.924840224907273,-0.0325690282408994,-0.5142744372345444,0.5863211919192038,0.9824560785294466,-0.5639346107585278,False,False,False
52.5765,-1.534128,138.45,17.19,4,131.18,19 / 23,7965613,2019-11-06 18:19:06:075,-2.2813,0.116,9.7406,0.0004,0.007,9.8066,0.0257,0.0122,-0.0106,-19.75,-36.94,26.75,261.76,-86.42,122.18,2.205807831941665,-0.5936585712288538,-0.0661301697512353,-0.2291551030392076,1.187996971776301,0.0153279709639072,False,False,False
52.5765,-1.534128,138.45,17.19,4,131.18,19 / 23,7965714,2019-11-06 18:19:06:176,-0.3631,1.4066,11.0307,-0.0096,-0.0263,9.8066,0.0365,0.2159,-0.1281,-20.31,-36.19,26.31,261.35,-86.36,122.86,0.0395124785500804,-1.4752220126681672,1.2242321051900704,-1.0507044360111168,-0.1299049403124252,1.144527181763456,False,False,False
52.5765,-1.534128,138.45,17.19,4,131.18,19 / 23,7965814,2019-11-06 18:19:06:276,-1.9665,1.2266,9.1781,0.0305,-0.0009,9.8066,-0.0518,-0.0606,0.1076,-20.25,-36.37,26.63,265.33,-86.26,125.86,1.6888146587784425,-1.6256322262726477,-0.6284921743338484,-1.1419763044920703,1.1850439389868357,-0.5212898286341077,False,False,False
52.5765,-1.534128,138.45,17.19,4,131.18,20 / 23,7965914,2019-11-06 18:19:06:376,-1.519,-0.4738,9.5344,-0.0145,-0.013,9.8066,-0.0837,0.3481,-0.0562,-19.87,-36.31,26.38,266.25,-86.58,127.56,1.5681701772559589,0.1289234399752539,-0.2723431140858209,0.3217865892206011,1.1082447025015805,-0.3736049566184338,False,False,False
52.5765,-1.534128,138.45,17.19,4,131.18,20 / 23,7966014,2019-11-06 18:19:06:476,-2.3347,-0.473,9.937,-0.0277,0.0056,9.8066,0.0516,0.1239,-0.1229,-19.94,-36.0,26.63,265.95,-86.53,126.18,2.355999398611394,-0.0249919030148377,0.1302050633671791,0.5973707672372196,1.855211712689184,0.2485098742702053,False,False,False
52.5765,-1.534128,138.45,17.19,4,131.18,20 / 23,7966114,2019-11-06 18:19:06:576,-1.853,0.4615,9.8067,-0.0556,-0.0089,9.8064,0.1037,0.4172,-0.2331,-19.69,-35.94,26.0,263.9,-86.94,124.8,1.655518382790894,-0.8433159770867852,0.000238812865862,-0.8959723896747667,0.8844646452182899,-0.1039014038799707,False,False,False
52.5765,-1.534128,138.45,17.19,4,131.18,20 / 23,7966214,2019-11-06 18:19:06:676,1.6679,2.8006,9.7229,0.0207,-0.0261,9.8066,-0.0522,0.2231,-0.0886,-19.87,-35.56,25.63,265.04,-86.63,126.29,-2.212752923577539,-2.4098325874892,-0.0832935740268286,-1.6577422672982522,-1.7856722942533856,0.0242654580886051,False,False,False
52.5765,-1.534128,138.45,17.19,4,131.18,20 / 23,7966314,2019-11-06 18:19:06:776,-1.2435,-0.3467,10.3313,-0.0144,-0.0214,9.8066,-0.0321,0.1946,-0.0322,-18.25,-35.62,26.31,267.01,-86.55,125.63,1.2702567616664215,0.0554217749631494,0.5245885781263945,-0.2241545281382906,0.2204143537890629,0.4397954852252567,False,False,False
52.5765,-1.534128,138.45,17.19,4,131.18,20 / 23,7966413,2019-11-06 18:19:06:875,1.6553,2.5742,9.4934,-0.014,-0.0284,9.8065,-0.0819,0.3953,-0.1845,-19.87,-36.19,25.94,266.59,-86.65,127.83,-2.186514912342783,-2.186202624399638,-0.3127162982173631,-1.3450619900440206,-1.477521933513322,-0.2373822114294486,False,False,False
52.5765,-1.534128,138.45,17.19,4,131.18,20 / 23,7966513,2019-11-06 18:19:06:975,0.4616,1.0006,9.6419,0.0024,-0.0098,9.8066,0.0647,0.0405,0.0242,-19.44,-35.5,25.75,267.3,-86.52,127.24,-0.6643556118517747,-0.8890723266389331,-0.1645627813507304,-1.346793158763012,-1.91654167291324,-0.21181126926413,False,False,False
52.5765,-1.534128,138.45,17.19,4,131.18,20 / 23,7966614,2019-11-06 18:19:07:076,0.4571,0.3824,10.0525,-0.0003,-0.0128,9.8066,0.0505,-0.0761,-0.0074,-19.56,-35.56,26.56,270.07,-86.51,130.34,-0.5312113455447719,-0.2884049434361999,0.2459709433369634,0.5765494466710989,0.2135700034711898,0.2747463254490591,False,False,False
52.5765,-1.534128,138.45,17.19,4,131.18,20 / 23,7966714,2019-11-06 18:19:07:176,-1.8989,-1.1176,9.5185,-0.0114,0.003,9.8065,-0.0275,-0.2237,0.1064,-19.81,-35.75,26.25,268.68,-86.53,130.07,2.0832111521505383,0.6917332038688956,-0.2882378882466731,0.1241611936165311,0.6451646579873613,-0.2890928083970132,False,False,False
52.5765,-1.534128,138.45,17.19,4,131.18,20 / 23,7966814,2019-11-06 18:19:07:276,0.2626,1.1561,10.0375,-0.0197,-0.0061,9.8066,-0.0613,-0.056,0.0932,-20.0,-35.75,25.56,267.36,-86.58,128.68,-0.5239124863262696,-1.0751055722764835,0.2310425396577034,-0.2630249997392725,0.3447234640615672,0.2094775087144579,False,False,False
52.5765,-1.534128,138.45,17.19,4,131.18,19 / 21,7966914,2019-11-06 18:19:07:376,-1.1338,-0.5426,10.3084,-0.0136,0.0122,9.8066,-0.0119,-0.167,0.0197,-19.69,-36.12,26.5,264.94,-86.57,125.13,1.2128665479134366,0.3028788476597702,0.5016706694564019,-0.3010806012540765,-0.1427585093891528,0.5454261164208715,False,False,False
52.5765,-1.534128,138.45,17.19,4,131.18,19 / 21,7967013,2019-11-06 18:19:07:475,0.7229,1.3994,9.6973,-0.0058,-0.014,9.8066,0.0558,-0.0814,0.0027,-19.75,-36.31,26.13,264.2,-86.51,125.57,-1.0136810964245533,-1.2252334387309576,-0.1091026826756739,-0.5392111685144471,-0.114381691869412,-0.1749964489700019,False,False,False
52.5765,-1.534128,138.45,17.19,4,131.18,19 / 21,7967113,2019-11-06 18:19:07:575,-0.7997,-1.1896,9.7577,-0.0149,-0.0137,9.8066,-0.0119,-0.2488,0.1011,-20.12,-36.94,26.19,263.12,-86.32,124.81,1.0177655915484258,0.981217549363479,-0.0490752634349683,0.4046368643615863,-0.2482934684035534,0.0293827506588968,False,False,False
52.5765,-1.534128,138.45,17.19,4,131.18,19 / 21,7967213,2019-11-06 18:19:07:675,0.9727,-0.1522,9.8235,-0.0264,-0.0166,9.8066,-0.0031,-0.0463,0.016,-19.94,-37.19,26.0,265.97,-86.45,127.53,-0.9471082298960704,0.3457926567624758,0.0169475482675434,0.8504101479237286,-0.0959837036999299,-0.0813204964192902,False,False,False
52.5765,-1.534128,138.45,17.19,4,131.18,19 / 21,7967314,2019-11-06 18:19:07:776,-1.2399,-1.7228,9.2182,-0.0425,-0.003,9.8065,-0.0855,-0.1653,0.1686,-20.19,-37.06,26.75,267.4,-86.39,127.9,1.536934364919747,1.4244319108691696,-0.5885594101077152,0.916304340606002,0.4344090999570582,-0.4886278710054894,False,False,False
52.5765,-1.534128,138.45,17.19,4,131.18,19 / 21,7967414,2019-11-06 18:19:07:876,-1.5044,0.4251,10.3638,-0.0287,0.0009,9.8065,-0.0899,0.0519,-0.0097,-20.44,-36.75,26.63,267.11,-86.76,127.2,1.3511473033937873,-0.729443990982315,0.5572538457036339,-0.4329199838544205,2.0909226964099394,0.439129696734908,False,False,False
52.5765,-1.534128,138.45,17.19,4,131.18,19 / 21,7967514,2019-11-06 18:19:07:976,-2.6842,-1.0088,10.0189,-0.0026,0.0187,9.8066,-0.0289,-0.155,0.0405,-19.75,-36.37,26.5,264.43,-86.92,124.23,2.839163981642792,0.4312775721163921,0.2120227372987122,0.0024251670652558,1.1197591460711638,0.3224302790643043,False,False,False
52.5765,-1.534128,138.45,17.19,4,131.18,19 / 21,7967614,2019-11-06 18:19:08:076,1.326,-1.0174,10.207,-0.0247,-0.011,9.8066,-0.0276,0.1055,-0.0546,-20.12,-37.25,26.63,265.32,-87.08,125.05,-1.1046439556888346,1.2716180991921653,0.4003757622122381,1.3654174559053185,-0.5262231974332925,0.2702937666753809,False,False,False
52.5765,-1.534128,138.45,17.19,4,131.18,19 / 21,7967714,2019-11-06 18:19:08:176,0.1865,-0.0614,9.3488,-0.0052,0.0072,9.8065,-0.0206,-0.0645,0.0213,-19.62,-36.44,26.63,265.93,-87.02,125.65,-0.1726710873298202,0.1079060158454638,-0.4576954526152683,-0.2596663068863211,-0.7845849387392183,-0.3414350053971204,False,False,False
52.5765,-1.534128,138.45,17.19,4,131.18,19 / 21,7967814,2019-11-06 18:19:08:276,1.3237,0.1894,9.2979,0.0025,-0.0156,9.8066,-0.0095,0.1037,-0.123,-19.62,-36.81,26.75,267.75,-87.05,127.52,-1.334546412949343,0.0817699573239283,-0.5085957881887003,0.003898821684059,-0.9557966668025782,-0.6497205652859274,False,False,False
52.5765,-1.534128,138.45,17.19,4,131.18,19 / 22,7967914,2019-11-06 18:19:08:376,-0.9923,-0.4177,10.453,-0.0012,-0.0097,9.8066,0.0395,-0.0458,0.131,-19.81,-37.44,27.19,268.55,-87.09,128.28,1.0554123089379577,0.1870413541237134,0.6462944839543481,-0.1553255571180227,0.7448768598828643,0.7701666451799527,False,False,False
52.5765,-1.534128,138.45,17.19,4,131.18,19 / 22,7968014,2019-11-06 18:19:08:476,-0.1166,-1.0276,10.0641,-0.001,0.0076,9.8066,-0.0189,0.0592,0.0177,-20.12,-37.12,27.19,268.21,-87.08,127.95,0.3339815516992738,0.9866710426081058,0.2573814810804755,0.7799888685047981,0.4885750755768041,0.101726874478121,False,False,False
52.5765,-1.534128,138.45,17.19,4,131.18,19 / 22,7968113,2019-11-06 18:19:08:575,0.6489,-2.0778,9.9625,0.0251,0.0066,9.8066,0.0489,0.0556,-0.0541,-20.0,-37.44,27.69,272.5,-87.08,131.19,-0.1643622509553459,2.1695374195135653,0.1557146293426307,1.813514544416242,-0.1570154479920075,0.2904784812428076,False,False,False
52.5765,-1.534128,138.45,17.19,4,131.18,19 / 22,7968214,2019-11-06 18:19:08:676,-0.9932,1.1868,10.1147,-0.0056,-0.0072,9.8066,0.0615,0.0547,0.029,-20.0,-36.5,26.81,272.53,-87.15,132.12,0.7099215514623408,-1.3773016621665326,0.3081669874639552,-1.673149553525124,0.6337440900580111,0.1364083773141633,False,False,False
52.5765,-1.534128,138.45,17.19,4,131.18,19 / 22,7968313,2019-11-06 18:19:08:775,0.5455,-0.0866,8.2845,-0.0187,0.0427,9.8065,-0.0889,-0.1789,0.0089,-19.69,-36.69,27.25,274.65,-86.99,134.49,-0.5237105926536139,0.2466411453478438,-1.521978807527853,-0.1513592328264843,-0.2019775752136958,-1.3780581008444788,False,False,False
52.5765,-1.534128,138.45,17.19,4,131.18,19 / 22,7968414,2019-11-06 18:19:08:876,2.1774,-2.1537,8.8869,-0.0322,-0.0435,9.8065,-0.0079,0.0785,0.1208,-19.69,-37.06,27.25,274.97,-87.09,134.7,-1.7081765385017913,2.533228070868396,-0.9196895205863904,2.1736165270915397,-2.001934889942216,-1.1017590354958051,False,False,False
52.5765,-1.534128,138.45,17.19,4,131.18,19 / 22,7968514,2019-11-06 18:19:08:976,1.1103,0.6301,9.6469,0.021,-0.017,9.8066,0.0561,0.0433,-0.1921,-19.69,-36.5,27.13,272.22,-86.77,132.21,-1.202357416776627,-0.3996165505375059,-0.159562667496948,-0.848817381686509,-0.5895808937422976,-0.0165140038183405,False,False,False
52.5765,-1.534128,138.45,17.19,4,131.18,19 / 22,7968613,2019-11-06 18:19:09:075,-2.3449,-0.6714,10.0947,0.0047,0.021,9.8066,-0.0773,0.0987,-0.2145,-19.69,-36.44,27.44,274.26,-86.81,134.21,2.443278735475625,0.1747969968274628,0.2878794203702861,-0.2437968787463486,1.5193164824552057,0.1091646553389416,False,False,False
52.5765,-1.534128,138.45,17.19,4,131.18,19 / 22,7968714,2019-11-06 18:19:09:176,1.3179,0.2981,9.3703,-0.0245,-0.0036,9.8066,-0.0914,0.1576,0.1128,-19.94,-36.5,27.38,273.59,-87.02,133.32,-1.3758979226755108,-0.0081671643705195,-0.4361840710105757,-0.4947097161664155,-0.511037766318893,-0.3099831847661942,False,False,False
52.5765,-1.534128,138.45,17.19,4,131.18,19 / 22,7968814,2019-11-06 18:19:09:276,-0.9725,-0.551,10.4999,0.0207,0.0215,9.8065,-0.0732,-0.017,-0.1181,-19.75,-36.62,27.56,273.51,-86.88,132.41,1.0925902270404104,0.3473040675944407,0.6932766622410866,-0.1471702929077302,0.4677378515106712,0.5346836237076902,False,False,False
52.5765,-1.534128,138.45,17.19,4,131.18,19 / 22,7968914,2019-11-06 18:19:09:376,0.5946,-1.2308,9.8555,-0.0163,0.008,9.8066,0.0098,0.1346,0.0722,-20.0,-36.69,27.75,277.49,-87.0,136.24,-0.3323127927101374,1.3406721309176235,0.0488047659761524,0.8505302912689978,0.7354873671419148,0.1426646782741046,False,False,False
52.5765,-1.534128,138.45,17.19,4,131.18,19 / 22,7969014,2019-11-06 18:19:09:476,-0.4691,-0.4788,10.4655,0.0281,0.0114,9.8066,0.0247,0.0616,-0.117,-19.94,-37.37,27.5,274.45,-86.93,133.3,0.5904527939943462,0.3727996705771921,0.6588163580860821,-0.227668218034747,-0.1277896607980855,0.5331615959319946,False,False,False
52.5765,-1.534128,138.45,17.19,4,131.18,19 / 22,7969114,2019-11-06 18:19:09:576,0.9825,-2.1694,10.5307,0.0185,0.0152,9.8066,-0.0315,0.0698,0.0098,-20.06,-36.87,27.19,274.78,-87.13,134.47,-0.4752762544467295,2.340115176380116,0.7239250052557559,1.885586319973945,0.7375641140847219,0.7769711847478893,False,False,False
52.5765,-1.534128,138.45,17.19,4,131.18,19 / 22,7969213,2019-11-06 18:19:09:675,0.4069,-0.7828,8.9854,0.0262,-0.0082,9.8066,0.0411,0.1084,-0.0168,-19.69,-36.87,27.06,270.09,-86.81,130.14,-0.2066052251608363,0.8379463019814589,-0.8212596215155332,0.1076186130385041,-0.9573090571828362,-0.910020427826934,False,False,False
52.5765,-1.534128,138.45,17.19,4,131.18,19 / 22,7969314,2019-11-06 18:19:09:776,1.0253,-0.6563,9.3889,0.0236,0.0224,9.8066,-0.0424,0.2221,-0.1066,-19.75,-36.19,27.31,268.36,-86.74,128.38,-0.8337273355084326,0.8768844718172618,-0.4177106930780819,0.4800296189179975,0.4520094686240477,-0.4044698312420853,False,False,False
52.5765,-1.534128,138.45,17.19,4,131.18,19 / 22,7969414,2019-11-06 18:19:09:876,-0.3291,-1.91,9.9319,0.0034,0.0208,9.8066,-0.0228,0.1621,-0.0396,-20.0,-36.62,26.56,267.72,-86.84,127.73,0.7370885819402923,1.81529680151652,0.1250716785573034,0.9598630356767232,0.0325926037840135,0.068650960935761,False,False,False
52.5765,-1.534128,138.45,17.19,4,131.18,19 / 22,7969514,2019-11-06 18:19:09:976,1.4637,0.5208,9.7438,0.0056,0.0183,9.8066,-0.0451,0.295,-0.1146,-20.37,-37.31,26.56,267.33,-87.04,127.11,-1.5317715360590678,-0.1795994896157956,-0.062655284286244,-0.5325614864413583,-0.266752809829361,-0.0816635686199034,False,False,False
52.5765,-1.534128,138.45,17.19,4,131.18,19 / 22,7969614,2019-11-06 18:19:10:076,-0.6632,-2.9435,10.1413,0.0241,0.0288,9.8066,0.0399,-0.0703,0.009,-19.69,-37.0,27.19,264.19,-86.98,124.03,1.306095473670649,2.7570465443993823,0.3343376073259866,1.8213932630891476,0.748222336851026,0.3020090219441849,False,False,False
52.5765,-1.534128,138.45,17.19,4,131.18,19 / 22,7969714,2019-11-06 18:19:10:176,2.6724,0.8523,9.9257,-0.0031,0.0195,9.8066,-0.0649,0.2707,-0.1422,-19.81,-37.37,27.0,265.18,-86.99,125.01,-2.791606487344911,-0.24233918144083,0.1193559422584327,-0.6035086677194885,-0.8686793109246084,0.0764781536461879,False,False,False
52.5765,-1.534128,138.45,17.19,4,131.18,19 / 22,7969815,2019-11-06 18:19:10:277,1.5002,0.6245,9.3765,0.0317,0.0106,9.8066,0.1003,-0.2151,0.1046,-19.19,-36.87,27.19,263.23,-86.87,121.85,-1.565747491961115,-0.2862439087442895,-0.4299426544601835,-1.2243462247498271,-1.8649333546306328,-0.4444466884174467,False,False,False
52.5765,-1.534128,138.45,17.19,4,131.18,21 / 22,7969914,2019-11-06 18:19:10:376,1.9405,-1.7682,9.8425,0.0063,-0.0172,9.8066,-0.0022,0.1294,-0.0682,-20.62,-36.81,27.25,260.66,-86.84,121.9,-1.5157398567026563,2.1235979389635835,0.0358319750032079,1.6793594963234546,-0.6315885564105581,-0.0265432982439682,False,False,False
52.5765,-1.534128,138.45,17.19,4,131.18,21 / 22,7970014,2019-11-06 18:19:10:476,-1.2686,-1.1428,9.7704,0.0057,0.0046,9.8066,-0.0341,-0.1991,0.2214,-19.62,-36.0,26.94,263.97,-86.78,123.93,1.4898941674755892,0.848862714214315,-0.0364026391753091,-0.00286522329227,1.546321045400436,-0.0339401369474104,False,False,False
52.5765,-1.534128,138.45,17.19,4,131.18,21 / 22,7970113,2019-11-06 18:19:10:575,1.6763,0.5233,9.7615,-0.0057,-0.0135,9.8066,0.0099,0.1018,-0.1121,-19.75,-36.37,27.19,262.05,-86.96,121.79,-1.757830508051688,-0.1653020284117276,-0.0449376720103809,-0.7650379985762333,-1.2021024975391006,-0.128107459787741,False,False,False
52.5765,-1.534128,138.45,17.19,4,131.18,21 / 22,7970214,2019-11-06 18:19:10:676,2.1928,0.2314,10.3195,-0.0017,0.0119,9.8066,-0.033,-0.1123,0.1086,-20.0,-36.44,26.88,262.14,-87.09,121.76,-2.190719237471734,0.2541564395806913,0.5130600713278436,-0.4377574117770651,-1.5415104155493895,0.5367451747955275,False,False,False
52.5765,-1.534128,138.45,17.19,4,131.18,21 / 22,7970314,2019-11-06 18:19:10:776,2.1977,1.6801,10.0586,-0.0058,-0.0226,9.8065,0.0386,0.0701,-0.0362,-19.94,-37.5,27.31,263.54,-87.03,123.31,-2.5162116846025344,-1.1929445842481925,0.2524201402079178,-1.992597241611284,-1.7875951665444885,0.1437341910613853,False,False,False
52.5765,-1.534128,138.45,17.19,4,131.18,21 / 22,7970414,2019-11-06 18:19:10:876,2.1591,-0.1477,9.8752,0.0,0.0039,9.8066,0.0101,-0.1371,0.0343,-20.0,-37.06,27.0,262.53,-87.03,122.3,-2.076939135809222,0.6091001539404308,0.0687179642727276,0.1115546824208343,-1.172010630888779,0.1190620280888338,False,False,False
52.5765,-1.534128,138.45,17.19,4,131.18,21 / 22,7970514,2019-11-06 18:19:10:976,-0.2498,-1.3729,9.7709,-0.0312,-0.0144,9.8065,-0.0166,-0.0442,0.1296,-20.31,-36.31,26.63,262.52,-87.12,122.1,0.5036097313088833,1.2804975802669405,-0.0357596904559569,0.2842082595595033,0.4430996334411016,-0.1730330261837042,False,False,False
52.5765,-1.534128,138.45,17.19,4,131.18,21 / 22,7970614,2019-11-06 18:19:11:076,1.3677,0.0427,9.4282,-0.0276,0.0034,9.8065,-0.0828,-0.1018,0.0116,-19.94,-36.37,26.56,261.49,-87.42,120.75,-1.371548194331289,0.2594821231555613,-0.3782090009363379,-0.0624487721751247,-0.2916146235835878,-0.3000336915162869,False,False,False
52.5765,-1.534128,138.45,17.19,4,131.18,21 / 22,7970714,2019-11-06 18:19:11:176,-0.5986,-1.8372,10.2716,-0.028,-0.026,9.8066,0.0779,-0.1722,0.2014,-20.19,-35.75,26.56,262.11,-87.34,121.47,0.9441908328141952,1.6476491034570344,0.4647697312722369,0.512743195165947,0.7577386915614756,0.3024220200050268,False,False,False
52.5765,-1.534128,138.45,17.19,4,131.18,21 / 22,7970814,2019-11-06 18:19:11:276,1.2812,0.7889,9.5152,-0.0093,-0.0087,9.8066,-0.015,-0.0721,-0.0076,-20.62,-36.12,26.56,261.31,-87.46,121.82,-1.431062209235792,-0.5037000083805182,-0.2912339692663629,-0.7204266200510864,-0.2780845112131284,-0.191959893237509,False,False,False
52.5765,-1.534128,138.45,17.19,4,131.18,19 / 21,7970914,2019-11-06 18:19:11:376,0.4719,-1.7963,9.1942,0.002,-0.0054,9.8066,0.0092,-0.1175,0.1168,-21.25,-35.69,26.38,259.45,-87.63,120.88,-0.0767405785262269,1.849875557817153,-0.6125633715772889,0.6777764860549332,-0.2022530787170187,-0.7881049835942664,False,False,False
52.5765,-1.534128,138.45,17.19,4,131.18,19 / 21,7971014,2019-11-06 18:19:11:476,1.8565,0.149,9.5686,-0.0185,-0.0077,9.8066,0.032,0.1546,-0.0531,-20.25,-36.0,26.44,259.86,-87.64,119.97,-1.8652410617958848,0.2472229317762168,-0.2378665453453479,0.0339006663223138,-0.8330673084225733,-0.1318278657956037,False,False,False
52.5765,-1.534128,138.45,17.19,4,131.18,19 / 21,7971114,2019-11-06 18:19:11:576,0.5161,-1.3864,10.4708,-0.0023,0.0104,9.8066,0.0231,-0.0494,-0.0206,-20.12,-36.19,26.88,260.75,-87.61,119.8,-0.208159661552074,1.4753355786910054,0.6640820171868859,0.3832677591086939,-0.0975076578877126,0.4932524007957596,False,False,False
52.5765,-1.534128,138.45,17.19,4,131.18,19 / 21,7971213,2019-11-06 18:19:11:675,-0.3215,-0.9875,9.4039,0.0144,-0.0161,9.8066,-0.0574,0.0696,0.0662,-19.75,-36.25,26.38,258.91,-87.51,119.15,0.5355244113965932,0.8772453477984372,-0.4028253524349369,0.5659025334053189,1.2900045228203536,-0.3078843792024968,False,False,False
52.5765,-1.534128,138.45,17.19,4,131.18,19 / 21,7971314,2019-11-06 18:19:11:776,-0.487,-1.2414,9.7504,0.0226,0.0165,9.8066,-0.0257,-0.1808,0.1185,-19.87,-36.37,26.81,259.72,-87.66,118.71,0.7664186826688928,1.1200840047862215,-0.0563669679700729,0.2084106999705169,1.2294377836781898,-0.2039255799506622,False,False,False
52.5765,-1.534128,138.45,17.19,4,131.18,19 / 21,7971414,2019-11-06 18:19:11:876,1.3918,-1.2514,10.3513,-0.0066,-0.0064,9.8066,0.1021,0.0032,0.0171,-20.06,-35.87,26.94,258.29,-87.6,117.33,-1.100288450153905,1.514913862975762,0.5446530677612785,1.0343809471071217,-0.7046190010993593,0.6132029127062981,False,False,False
52.5765,-1.534128,138.45,17.19,4,131.18,19 / 21,7971514,2019-11-06 18:19:11:976,2.6216,-0.7816,10.1585,0.0164,0.0245,9.8066,-0.0243,-0.2774,0.13,-20.69,-35.25,26.31,257.56,-87.67,118.86,-2.372986390596888,1.3437807954299172,0.3519753171398381,0.6715071688761026,-1.1545532714196405,0.2406790900853602,False,False,False
52.5765,-1.534128,138.45,17.19,4,131.18,19 / 21,7971614,2019-11-06 18:19:12:076,-1.0521,-2.4158,9.6491,0.0181,0.0035,9.8066,-0.0106,-0.1095,0.1388,-19.56,-34.62,26.88,257.55,-87.64,116.48,1.562053851105006,2.1350000631789663,-0.1578267292755883,1.4614406421264998,1.607322069923092,-0.1226978220281757,False,False,False
52.5765,-1.534128,138.45,17.19,4,131.18,19 / 21,7971714,2019-11-06 18:19:12:176,0.8255,-0.7397,10.1101,0.0323,0.0291,9.8065,0.0375,-0.3046,0.0996,-19.69,-34.81,27.38,260.87,-87.68,119.77,-0.6107375253327577,0.920456194905187,0.3035666457486449,0.4960391912358913,0.5610945750226984,0.2313274592409517,False,False,False
52.5765,-1.534128,138.45,17.19,4,131.18,19 / 21,7971814,2019-11-06 18:19:12:276,-1.2691,-0.2139,9.6473,0.026,0.0036,9.8066,0.0119,-0.1534,0.1215,-19.56,-33.62,26.81,260.15,-87.45,119.21,1.31166121117752,-0.0640468959182661,-0.1594039278548569,-0.9056713702032466,1.0918093177737316,-0.1533713114456766,False,False,False
52.575607,-1.532535,137.71,19.01,6,132.61,19 / 21,7971915,2019-11-06 18:19:12:377,3.1117,0.8656,10.1449,-0.0015,-0.0239,9.8066,-0.0099,0.1397,0.018,-19.25,-34.06,27.0,264.41,-87.49,122.11,-3.2313011720036364,-0.2042582445904583,0.3385892575448229,-0.4179549403120485,-0.6210251338662867,0.2967575437721205,False,False,False
52.575607,-1.532535,137.71,19.01,6,132.61,19 / 21,7972013,2019-11-06 18:19:12:475,0.9708,-0.8127,10.3013,-0.0373,-0.0115,9.8065,0.0498,0.1432,-0.0958,-19.5,-33.75,27.06,265.86,-87.62,123.44,-0.8137483829670763,0.9980099451438064,0.4947765239100631,0.0520301837021085,-1.1661789536315448,0.4865363443672886,False,False,False
52.575607,-1.532535,137.71,19.01,6,132.61,19 / 21,7972113,2019-11-06 18:19:12:575,0.9873,0.6309,9.2211,-0.0012,-0.0198,9.8066,-0.0551,0.1008,-0.0843,-18.25,-34.37,26.56,268.27,-87.53,124.54,-1.1046860602483852,-0.4246944362790545,-0.5853685455219789,-0.4969815127954642,0.3314288876465008,-0.6138428429883376,False,False,False
52.575607,-1.532535,137.71,19.01,6,132.61,19 / 21,7972213,2019-11-06 18:19:12:675,0.4313,-1.0155,10.0064,0.0007,-0.0165,9.8066,-0.0587,0.1959,-0.0123,-19.0,-33.37,26.75,265.67,-87.48,123.31,-0.2073574400298521,1.067919695867065,0.1997193411852292,0.1044832927038589,-0.5440920992935263,0.1973594592474843,False,False,False
52.575607,-1.532535,137.71,19.01,6,132.61,19 / 21,7972313,2019-11-06 18:19:12:775,0.1757,-1.2138,10.0364,-0.0061,0.0008,9.8066,0.0314,0.0688,-0.0549,-18.37,-32.81,25.69,267.01,-87.54,124.27,0.0817407295247083,1.2254295888272857,0.2296806826081772,1.2094900874016203,1.4221884254482229,0.1959633425961541,False,False,False
52.575607,-1.532535,137.71,19.01,6,132.61,19 / 21,7972413,2019-11-06 18:19:12:875,0.0759,-0.9251,9.7957,-0.0294,-0.0205,9.8065,0.008,0.225,-0.1771,-18.44,-33.44,25.31,265.85,-87.47,124.31,0.0902684394641437,0.9062223186037636,-0.010890734645902,0.0188688179632258,-0.0898451207675739,0.010341327981216,False,False,False
52.575607,-1.532535,137.71,19.01,6,132.61,19 / 21,7972513,2019-11-06 18:19:12:975,0.7591,1.1877,9.4789,-0.0004,-0.0021,9.8066,-0.0853,0.0895,0.0061,-18.31,-33.06,25.0,266.18,-87.57,124.52,-0.9960483048319102,-1.000233398695778,-0.3275248121516462,-1.0447101493412971,0.111671838961327,-0.3790691734538527,False,False,False
52.575607,-1.532535,137.71,19.01,6,132.61,19 / 21,7972613,2019-11-06 18:19:13:075,-0.5842,0.5342,8.9063,0.0003,-0.0146,9.8066,-0.1653,0.1762,0.0354,-19.37,-33.87,25.69,264.29,-87.75,122.82,0.4537722327926881,-0.6610244202234785,-0.9002773220594597,-1.387161841387334,0.5483536593321046,-0.8464012697509192,False,False,False
52.575607,-1.532535,137.71,19.01,6,132.61,19 / 21,7972714,2019-11-06 18:19:13:176,1.434,0.9103,10.1575,-0.0336,-0.0049,9.8065,0.0803,0.1461,-0.1446,-19.87,-32.75,25.94,260.3,-87.95,119.9,-1.629133442011777,-0.580716654208598,0.3511896861293534,-0.7245112904404262,-0.8609074475142934,0.2791093611433534,False,False,False
52.575607,-1.532535,137.71,19.01,6,132.61,19 / 21,7972814,2019-11-06 18:19:13:276,-0.5893,-1.0466,9.6476,-0.0224,-0.0029,9.8065,0.0381,0.1037,-0.073,-20.94,-32.69,25.94,260.02,-87.82,121.06,0.7766549377830043,0.8985797193298499,-0.1590474948761093,0.3975071306114756,1.2258181622839024,-0.0731447945421515,False,False,False
52.575607,-1.532535,137.71,19.01,6,132.61,21 / 23,7972913,2019-11-06 18:19:13:375,0.8162,-0.1094,10.3762,-0.0043,-0.0072,9.8066,-0.074,0.026,0.0234,-20.62,-32.94,25.5,259.77,-87.83,120.81,-0.7797115601982332,0.2750806607347027,0.5696400293018371,-0.0129805871573714,-0.4105519435382875,0.4823800891287224,False,False,False
52.575607,-1.532535,137.71,19.01,6,132.61,21 / 23,7973013,2019-11-06 18:19:13:475,0.7662,-0.2154,10.4064,0.0074,-0.0022,9.8066,0.1304,0.0486,-0.0213,-21.69,-32.87,26.19,261.15,-87.75,123.54,-0.6957321625038009,0.3703502953950092,0.5998242548935602,0.1264779854392617,0.1319521039084339,0.711440402973827,False,False,False
52.575607,-1.532535,137.71,19.01,6,132.61,21 / 23,7973114,2019-11-06 18:19:13:576,-0.5193,-0.7398,9.353,0.0246,-0.0051,9.8065,0.0585,0.157,-0.1141,-22.12,-32.31,25.38,261.85,-87.72,125.36,0.6881860218482341,0.601588686985072,-0.4536128316353928,0.1587798950325361,0.6624723152876688,-0.547810771883799,False,False,False
52.575607,-1.532535,137.71,19.01,6,132.61,21 / 23,7973214,2019-11-06 18:19:13:676,2.8274,0.3494,9.841,0.0361,0.0061,9.8065,0.0051,0.2118,-0.1229,-22.06,-31.81,25.63,264.34,-87.87,126.56,-2.800230138111013,0.2605900701487568,0.0347105020799877,0.2681404233327824,-0.8382151213669489,0.1653089776175518,False,False,False
52.575607,-1.532535,137.71,19.01,6,132.61,21 / 23,7973313,2019-11-06 18:19:13:775,1.0953,-1.1312,10.279,0.0075,0.0234,9.8065,0.0367,0.3261,-0.1437,-21.69,-31.31,25.88,263.54,-87.78,125.78,-0.8161579748629796,1.3602755504477806,0.4724434748428092,0.7896932745947922,-1.1635825150943535,0.3778923994931853,False,False,False
52.575607,-1.532535,137.71,19.01,6,132.61,21 / 23,7973414,2019-11-06 18:19:13:876,2.4902,0.3924,9.4544,0.0312,0.0375,9.8065,-0.103,0.2883,-0.1532,-21.31,-31.75,27.06,269.24,-87.89,129.08,-2.4781017719793312,0.1782726709447918,-0.3519089122302973,0.3944524688280163,-0.6125109212302597,-0.2061905223862795,False,False,False
52.575607,-1.532535,137.71,19.01,6,132.61,21 / 23,7973514,2019-11-06 18:19:13:976,-2.176,-1.5158,10.3684,0.0049,0.0244,9.8066,-0.0062,0.1764,-0.1385,-21.25,-31.69,27.19,261.87,-87.85,121.73,2.459505568957752,1.039091727083391,0.5614987346135895,0.3999787107806128,1.457941928495618,0.469567719666414,False,False,False
52.575607,-1.532535,137.71,19.01,6,132.61,21 / 23,7973614,2019-11-06 18:19:14:076,1.1288,0.1884,10.1165,-0.0033,0.0206,9.8066,-0.0594,0.2386,-0.1074,-20.81,-31.69,26.88,261.11,-87.81,121.0,-1.1417957930767435,0.0778125354909562,0.3099884453213061,0.4323800948015961,0.3243170461642354,0.4705346362825056,False,False,False
52.575607,-1.532535,137.71,19.01,6,132.61,21 / 23,7973714,2019-11-06 18:19:14:176,-2.2492,-0.519,9.9028,0.0332,0.0072,9.8066,0.0193,0.0578,-0.0462,-21.12,-32.31,27.06,263.89,-87.68,123.92,2.3421268701466897,0.0267596907407498,0.0960014744070618,-0.6029996540168326,1.4106953303615284,0.0064416200751783,False,False,False
52.575607,-1.532535,137.71,19.01,6,132.61,21 / 23,7973813,2019-11-06 18:19:14:275,-0.4061,1.0085,9.6579,-0.009,0.0092,9.8066,-0.0866,0.1468,-0.0601,-20.5,-32.37,26.69,265.97,-87.73,124.66,0.1745701460816928,-1.06105550006537,-0.1486172260474682,-0.6486024504957288,1.5723552641376035,0.0285588700919803,False,False,False
52.575607,-1.532535,137.71,19.01,6,132.61,21 / 23,7973913,2019-11-06 18:19:14:375,-1.4835,-0.1537,9.9304,0.0016,0.0151,9.8066,0.0048,-0.0622,0.0414,-20.31,-32.87,26.69,262.5,-87.83,121.14,1.4869057330196218,-0.1521648472855212,0.1236894917280993,-0.696003383074832,0.9778970001939952,0.0356131557252347,False,False,False
52.575607,-1.532535,137.71,19.01,6,132.61,21 / 23,7974013,2019-11-06 18:19:14:475,0.3481,1.7612,9.4852,0.0007,-0.0045,9.8066,-0.0328,0.1779,-0.062,-20.87,-33.0,26.19,260.61,-87.94,121.53,-0.7164109033930427,-1.650840565070051,-0.3211885057388555,-1.249314458378204,0.5036754085503501,-0.127232979022921,False,False,False
52.575607,-1.532535,137.71,19.01,6,132.61,21 / 23,7974114,2019-11-06 18:19:14:576,0.5554,0.0733,9.9754,0.0002,0.0097,9.8065,-0.0294,-0.1321,0.0721,-20.44,-32.87,26.31,264.77,-87.97,124.37,-0.555962665842249,0.0564228630987959,0.1689413647077437,-0.3490686417597895,-0.9080876493937692,0.0856084885990341,False,False,False
52.575607,-1.532535,137.71,19.01,6,132.61,21 / 23,7974214,2019-11-06 18:19:14:676,0.8154,1.1101,9.7339,-0.0073,-0.0142,9.8066,0.061,0.02,-0.1009,-20.5,-33.37,26.44,263.99,-88.02,123.53,-1.0437847097695332,-0.922726530084186,-0.0725279279321383,-0.5667563150242986,-0.0510839845786874,0.1311406237802484,False,False,False
52.575607,-1.532535,137.71,19.01,6,132.61,21 / 23,7974314,2019-11-06 18:19:14:776,0.0237,-0.2753,9.437,0.0213,0.0177,9.8066,0.0503,-0.125,-0.007,-19.69,-32.75,26.56,259.89,-88.08,118.27,0.0601828536760219,0.2867221710904421,-0.3696313578805157,0.027468512903347,-0.1211420981698203,-0.4349775497491071,False,False,False
52.575607,-1.532535,137.71,19.01,6,132.61,21 / 23,7974414,2019-11-06 18:19:14:876,-1.3855,0.2446,10.1387,-0.0051,-0.0106,9.8065,-0.0507,0.1015,0.0277,-19.44,-32.75,26.5,258.2,-88.08,115.2,1.2941091985421254,-0.5440141361632678,0.3321415991760014,-0.2176175680609716,2.07078434386966,0.5257899237743099,False,False,False
52.575607,-1.532535,137.71,19.01,6,132.61,21 / 23,7974514,2019-11-06 18:19:14:976,-1.7133,-0.9601,9.8959,0.0257,0.0233,9.8065,0.0262,-0.1329,-0.0018,-19.0,-32.81,26.5,255.81,-87.87,113.0,1.90887344602989,0.589437805778107,0.0891860984765308,0.4296007973480359,1.8573651307074508,0.0692416190228792,False,False,False
52.575607,-1.532535,137.71,19.01,6,132.61,21 / 23,7974614,2019-11-06 18:19:15:076,1.3729,-0.0826,9.4209,0.0129,-0.0016,9.8066,-0.0054,0.1212,-0.0783,-18.69,-32.94,26.19,254.27,-87.86,112.53,-1.3113775392358429,0.3694705228849879,-0.3856241334600833,0.734932961422649,-0.6931423119144154,-0.2363304090590453,False,False,False
52.575607,-1.532535,137.71,19.01,6,132.61,21 / 23,7974714,2019-11-06 18:19:15:176,-0.1534,0.3948,9.8426,0.0022,0.0126,9.8066,0.0162,-0.0593,0.0241,-18.81,-33.25,26.44,251.19,-87.86,109.41,0.0704114596762671,-0.4066056599131222,0.0360314261842594,-0.5607960510426666,0.0723500899265242,0.1017076876278724,False,False,False
52.575607,-1.532535,137.71,19.01,6,132.61,21 / 23,7974814,2019-11-06 18:19:15:276,0.2048,1.1408,9.5521,-0.0068,-0.004,9.8066,-0.0661,0.0269,-0.0167,-18.25,-33.06,25.75,252.97,-87.78,109.87,-0.451168327387966,-1.073246516899167,-0.2543637244690208,-0.5655186910488375,0.0904204033965819,-0.1928437890128374,False,False,False
52.575607,-1.532535,137.71,19.01,6,132.61,21 / 22,7974915,2019-11-06 18:19:15:377,-0.2121,0.2428,10.0344,-0.0045,0.0174,9.8066,0.0033,-0.0046,0.0542,-18.81,-34.06,25.44,250.07,-87.76,109.57,0.1547068208666918,-0.2645062537608166,0.2278113282932609,-0.5256070455266924,0.1213410483961362,0.42204444543858,False,False,False
52.575607,-1.532535,137.71,19.01,6,132.61,21 / 22,7975013,2019-11-06 18:19:15:475,0.6571,0.7043,9.8188,0.0065,0.0109,9.8066,-0.0158,0.0861,-0.0688,-19.5,-34.12,25.81,254.19,-87.71,112.66,-0.7836445884452279,-0.5385000084157072,0.012315028899396,0.2128944100510608,-0.2358542443532651,-0.0520380818331127,False,False,False
52.575607,-1.532535,137.71,19.01,6,132.61,21 / 22,7975113,2019-11-06 18:19:15:575,-0.7358,0.7282,9.9651,0.0088,0.0018,9.8066,-0.0005,0.1121,-0.0611,-19.0,-34.62,26.19,253.43,-87.63,112.04,0.57234971142693,-0.8686148985834248,0.1585318131745702,-1.326164205456192,0.4256656447152573,0.5092635060716398,False,False,False
52.575607,-1.532535,137.71,19.01,6,132.61,21 / 22,7975214,2019-11-06 18:19:15:676,-0.127,-0.6735,9.6566,0.0154,0.0015,9.8065,0.0027,0.0339,-0.0485,-19.31,-35.12,25.25,249.66,-87.62,109.37,0.2832231315259439,0.6290174828732984,-0.1499814455470332,1.6805931742191873,0.8980793526590273,-0.3536801188965329,False,False,False
52.575607,-1.532535,137.71,19.01,6,132.61,21 / 22,7975314,2019-11-06 18:19:15:776,1.726,-2.134,8.633,0.0015,0.0012,9.8066,-0.2277,0.205,-0.0194,-20.31,-35.12,25.81,252.27,-87.68,112.18,-1.2289460398953669,2.454054536759084,-1.1737223741744265,1.7733952461254483,-1.5334133337096554,-0.6722469620051119,False,False,False
52.575607,-1.532535,137.71,19.01,6,132.61,21 / 22,7975414,2019-11-06 18:19:15:876,1.5895,2.0286,10.6432,0.004,0.0068,9.8066,0.1637,0.2818,-0.2098,-20.44,-35.0,26.25,250.88,-87.68,110.77,-1.980544368891308,-1.6365819951459113,0.8369160208868992,-0.3046745950200114,-1.281559879780196,0.5207744161097773,False,False,False
52.575607,-1.532535,137.71,19.01,6,132.61,21 / 22,7975514,2019-11-06 18:19:15:976,0.7259,-0.0553,9.3437,0.0903,0.0102,9.8062,0.1335,0.2467,-0.2643,-20.5,-35.5,25.75,251.56,-87.52,111.62,-0.6069974172328271,0.1996541852007028,-0.4624675143234614,-0.649176311696319,-1.0606830414792645,0.1396615210045029,False,False,False
52.575607,-1.532535,137.71,19.01,6,132.61,21 / 22,7975614,2019-11-06 18:19:16:076,0.8825,2.2677,9.7433,0.0712,0.005,9.8064,0.0284,0.2786,-0.1285,-20.87,-36.19,25.25,252.43,-87.74,114.82,-1.2757066523220784,-2.037309133919248,-0.0628062104445334,-0.5235998594283267,-0.5343607600919149,-0.4201752656236274,False,False,False
52.575607,-1.532535,137.71,19.01,6,132.61,21 / 22,7975714,2019-11-06 18:19:16:176,2.3658,-2.5476,8.906,0.0105,0.0082,9.8065,0.0608,0.1384,-0.0134,-20.81,-36.5,25.56,256.34,-87.34,118.04,-1.755375132110158,2.9996630885513964,-0.9006283810493337,2.103689704879157,-2.2885097697166628,-0.2886563069077482,False,False,False
52.575607,-1.532535,137.71,19.01,6,132.61,21 / 22,7975816,2019-11-06 18:19:16:278,3.2137,2.0244,10.0922,0.0241,-0.0091,9.8066,0.1283,0.4259,-0.3024,-20.56,-36.06,25.31,259.69,-86.99,122.98,-3.5501993937338985,-1.30557125000108,0.286017037782855,0.2455918380715849,-1.3156934988026665,-0.0082132426578414,False,False,False
52.575607,-1.532535,137.71,19.01,6,132.61,20 / 22,7975914,2019-11-06 18:19:16:376,-2.0346,-2.4535,8.4863,0.0729,0.0362,9.8063,0.128,0.0272,-0.1467,-20.56,-36.62,25.19,253.82,-87.09,116.99,2.5903683942623354,1.982195988335652,-1.320398798027636,1.1792959845606676,1.5059879890173962,-0.8121206535530188,False,False,False
52.575607,-1.532535,137.71,19.01,6,132.61,20 / 22,7976014,2019-11-06 18:19:16:476,1.3813,3.0775,9.612,0.0439,-0.012,9.8065,-0.0221,0.41,-0.1554,-20.69,-36.56,25.06,249.03,-87.4,111.79,-1.9662163696818389,-2.7327282383616525,-0.1940845765536027,-1.2783813113100544,-1.471471359540132,-0.3111343725492453,False,False,False
52.575607,-1.532535,137.71,19.01,6,132.61,20 / 22,7976113,2019-11-06 18:19:16:575,1.094,1.3418,9.0357,0.0178,0.0348,9.8065,0.1353,-0.2295,0.2169,-20.81,-36.5,25.5,251.01,-87.05,112.92,-1.3305059495309344,-1.0471528931746776,-0.7705925100717557,-1.6554819896572592,-1.6538604972618298,-0.4750669154006567,False,False,False
52.575607,-1.532535,137.71,19.01,6,132.61,20 / 22,7976213,2019-11-06 18:19:16:675,5.1341,3.0804,8.7704,0.0081,-0.0355,9.8065,0.0644,0.3578,-0.2978,-21.12,-36.81,25.0,254.81,-86.99,118.11,-5.673161624259921,-1.9496924166472736,-1.0354461287255126,-0.6636324154913268,-1.8157321179272348,-0.8804339499249652,False,False,False
52.575607,-1.532535,137.71,19.01,6,132.61,20 / 22,7976314,2019-11-06 18:19:16:776,-1.7889,-0.5436,10.0977,0.0568,0.0219,9.8064,0.161,-0.3492,0.0854,-20.75,-36.75,25.69,256.27,-86.88,118.54,1.92390407624462,0.1584112276206758,0.2911244036027351,-0.2329402054982107,1.8664300088712764,0.2976032493095849,False,False,False
52.575607,-1.532535,137.71,19.01,6,132.61,20 / 22,7976414,2019-11-06 18:19:16:876,-2.3745,-0.4907,10.0921,-0.0308,-0.0249,9.8065,-0.1423,0.1879,0.0382,-21.0,-36.31,25.19,255.18,-87.05,118.34,2.389133191612272,-0.0453183210135506,0.2854041564467352,1.0865615128682553,1.8128278836707836,0.762629397706331,False,False,False
52.575607,-1.532535,137.71,19.01,6,132.61,20 / 22,7976514,2019-11-06 18:19:16:976,-0.1081,3.3048,9.4932,-0.0148,0.031,9.8065,0.0603,-0.2756,0.1173,-20.62,-36.62,25.25,252.69,-87.18,115.75,-0.6078669367859049,-3.218258220236363,-0.312953726681119,-3.4512498838270185,-0.381851719990989,-0.6180504273824028,False,False,False
52.575607,-1.532535,137.71,19.01,6,132.61,20 / 22,7976613,2019-11-06 18:19:17:075,-2.4436,2.9591,8.9432,0.0007,-0.0159,9.8066,-0.1331,-0.0762,0.0618,-20.44,-36.62,25.81,255.69,-87.35,116.14,1.7526717798980187,-3.4283609926249183,-0.8632320581379012,-2.369840140311299,1.2218424790521192,-0.073265479826883,False,False,False
52.575607,-1.532535,137.71,19.01,6,132.61,20 / 22,7976713,2019-11-06 18:19:17:175,0.6087,1.3246,11.0944,-0.0315,0.0,9.8066,0.0616,-0.0661,0.1236,-20.44,-35.62,26.31,254.56,-87.4,114.87,-0.9081451779805376,-1.157248500174198,1.287982253198882,-1.3344792305819608,-0.4707546821866633,0.7102514941628837,False,False,False
52.575607,-1.532535,137.71,19.01,6,132.61,20 / 22,7976813,2019-11-06 18:19:17:275,-0.3306,0.5284,8.8092,-0.0279,0.012,9.8066,-0.0902,-0.0226,-0.0109,-20.19,-35.75,29.88,263.05,-87.16,119.55,0.1853798968468112,-0.5692133069884332,-0.9973632813535674,0.5137451122909531,-0.579042516062497,0.0364712466992587,False,False,False
52.575607,-1.532535,137.71,19.01,6,132.61,21 / 23,7976913,2019-11-06 18:19:17:375,0.679,-0.1385,10.7839,0.013,-0.0137,9.8066,-0.0626,-0.0828,0.0226,-22.81,-36.44,50.88,275.82,-87.14,121.93,-0.6239147394634316,0.2642096368094994,0.9773279877795734,0.0518400430043352,-0.112358157330462,0.219008518152177,False,False,False
52.575607,-1.532535,137.71,19.01,6,132.61,21 / 23,7977014,2019-11-06 18:19:17:476,-6.2016,0.9329,8.6567,0.0244,0.0431,9.8065,-0.1711,-0.2456,0.3148,-41.75,-41.25,37.75,248.16,-87.42,117.74,5.892356259634408,-2.1987012949394527,-1.1500914768742505,-1.0305475920016325,1.1543453418342495,0.0155520513890338,False,False,False
52.575607,-1.532535,137.71,19.01,6,132.61,21 / 23,7977114,2019-11-06 18:19:17:576,1.115,-0.4702,10.8281,-0.0311,-0.0109,9.8066,-0.0405,-0.2869,0.1282,-26.69,-38.37,24.94,242.39,-87.55,111.81,-1.0215212243135563,0.6935066015511929,1.021521870486309,0.4124833590503611,-0.587161848159342,0.2047531920651432,False,False,False
52.575607,-1.532535,137.71,19.01,6,132.61,21 / 23,7977213,2019-11-06 18:19:17:675,1.758,1.201,8.8003,0.0072,0.019,9.8066,0.1603,-0.2939,0.0724,-22.87,-37.44,24.25,247.73,-87.17,114.41,-1.962881207411868,-0.7810229985294636,-1.0060639996329137,0.4641176965513413,-2.751494375039456,0.1642376791973714,False,False,False
52.575607,-1.532535,137.71,19.01,6,132.61,21 / 23,7977314,2019-11-06 18:19:17:776,3.8166,-0.1771,11.2027,0.0201,0.0043,9.8066,-0.1465,-0.3061,0.2617,-22.5,-37.62,24.25,253.17,-87.14,118.86,-3.67010836515561,0.9879362488673952,1.39631657448755,0.6772990490993432,-1.7522618676222694,0.6425355379017632,False,False,False
52.575607,-1.532535,137.71,19.01,6,132.61,21 / 23,7977413,2019-11-06 18:19:17:875,-5.2703,1.8451,7.8211,0.044,0.0256,9.8065,-0.2285,-0.2869,0.2945,-23.31,-37.37,23.25,256.01,-87.25,124.03,4.803109008690384,-2.9123827599032106,-1.9855347920537263,-1.6649588402021636,1.342417285088771,-0.9220380584879382,False,False,False
52.575607,-1.532535,137.71,19.01,6,132.61,21 / 23,7977513,2019-11-06 18:19:17:975,1.1938,-0.3022,11.2372,-0.0704,-0.002,9.8063,0.0977,-0.2426,0.0472,-26.31,-38.62,24.19,251.96,-87.13,122.24,-1.1708331201791395,0.5633284292752075,1.430946321656374,0.3162381158792866,-1.1378215086709085,0.8330674883804112,False,False,False
52.575607,-1.532535,137.71,19.01,6,132.61,21 / 23,7977614,2019-11-06 18:19:18:076,-0.6681,2.1659,8.7783,-0.0211,0.0348,9.8066,0.2812,-0.2192,-0.0054,-36.81,-40.69,30.88,250.57,-86.89,123.08,0.1769833256411908,-2.2201940648226244,-1.0281110431132312,-1.0807016032977703,-0.3643343414777525,-0.1450996229693512,False,False,False
52.575607,-1.532535,137.71,19.01,6,132.61,21 / 23,7977714,2019-11-06 18:19:18:176,-2.9136,-0.1346,8.0094,0.056,-0.0288,9.8064,0.214,0.0022,-0.099,-29.31,-38.06,56.88,274.74,-86.68,123.68,2.9235625027566488,-0.530844142820979,-1.7971960350801872,-0.6056417717181249,1.87817716903085,-2.188801014675993,False,False,False
52.575607,-1.532535,137.71,19.01,6,132.61,21 / 23,7977814,2019-11-06 18:19:18:276,6.3352,-0.2543,11.5288,0.0433,0.009,9.8065,0.0484,-0.0661,-0.0925,-20.5,-35.37,31.94,259.42,-86.77,114.35,-6.09045279899444,1.6007707105027231,1.7226629460278684,2.5272628958019387,-2.5160870308558287,2.39391024209058,False,False,False
52.575607,-1.532535,137.71,19.01,6,132.61,20 / 22,7977914,2019-11-06 18:19:18:376,-2.9174,-0.6249,6.8555,0.0839,0.0069,9.8063,-0.0919,0.0002,0.1829,-20.56,-36.19,27.88,253.44,-87.09,113.16,3.066741238716245,-0.0238474242000949,-2.951054564916782,0.1604870629758109,1.840258133248292,-3.123904223562803,False,False,False
52.575607,-1.532535,137.71,19.01,6,132.61,20 / 22,7978014,2019-11-06 18:19:18:476,-1.2402,-0.4812,7.5715,0.0321,-0.0128,9.8065,-0.3867,0.0222,0.2271,-20.87,-37.06,26.13,251.6,-87.37,113.27,1.342782871635657,0.185745076187047,-2.2351294764094014,0.8296802823842925,0.7309286021850294,-1.7763595872999116,False,False,False
52.575607,-1.532535,137.71,19.01,6,132.61,20 / 22,7978114,2019-11-06 18:19:18:576,1.3353,0.1133,12.1565,-0.0753,0.0234,9.8063,-0.1084,0.1093,0.0993,-20.75,-37.56,26.25,256.58,-87.21,118.58,-1.3970705841097828,0.2135660560147762,2.35029737112848,0.7009569801719142,-1.4767918101149695,2.38599058883736,False,False,False
52.575607,-1.532535,137.71,19.01,6,132.61,20 / 22,7978213,2019-11-06 18:19:18:675,-0.1853,-1.3879,8.436,-0.0552,-0.0013,9.8065,0.1887,0.0801,-0.2656,-20.19,-37.0,26.0,263.06,-86.55,124.48,0.423038347948188,1.326722736767119,-1.3706571985403329,1.6655320566660294,-0.3773775616466517,-1.1082406936546538,False,False,False
52.575607,-1.532535,137.71,19.01,6,132.61,20 / 22,7978314,2019-11-06 18:19:18:776,0.1811,-1.5501,10.3894,0.0575,-0.012,9.8064,0.2151,0.1482,-0.1953,-20.75,-36.56,26.19,263.15,-86.5,125.91,0.2076987654542322,1.529076087209875,0.5828422705601635,2.317244523781177,0.2746351223376323,0.802135492932039,False,False,False
52.575607,-1.532535,137.71,19.01,6,132.61,20 / 22,7978414,2019-11-06 18:19:18:876,-1.215,-0.7718,8.3707,0.0322,-0.0016,9.8065,-0.1787,-0.1935,0.2069,-20.75,-37.06,26.44,262.7,-86.49,125.48,1.3827659021297922,0.4860182842438678,-1.4359603780354913,0.5413892226200744,0.3685787040789975,-1.3367932725875675,False,False,False
52.575607,-1.532535,137.71,19.01,6,132.61,20 / 22,7978514,2019-11-06 18:19:18:976,3.157,-0.6539,11.8114,-0.0759,-0.0208,9.8063,-0.17,-0.1901,0.3803,-20.56,-37.12,25.44,264.4,-86.73,128.11,-3.0230110135288872,1.3089420468030668,2.005232944122465,2.3560587823837538,-1.7927426124933832,2.360859120545616,False,False,False
52.575607,-1.532535,137.71,19.01,6,132.61,20 / 22,7978614,2019-11-06 18:19:19:076,-1.623,-0.8754,12.0016,-0.0805,0.0194,9.8062,0.0785,-0.3333,0.0194,-20.62,-36.81,25.19,263.62,-86.14,128.0,1.6981638775256818,0.5450288771904073,2.1952078302738225,0.3736986550998908,0.5145583567559874,2.192746007256318,False,False,False
52.575607,-1.532535,137.71,19.01,6,132.61,20 / 22,7978714,2019-11-06 18:19:19:176,0.8045,3.7714,8.0288,0.0058,-0.0304,9.8066,0.2035,-0.4732,0.067,-20.94,-37.44,25.94,266.28,-86.43,129.15,-1.5921541028849389,-3.5437664158739874,-1.777341461956674,-2.307766061698385,-1.307313539856703,-1.3650509885050697,False,False,False
52.575607,-1.532535,137.71,19.01,6,132.61,20 / 22,7978813,2019-11-06 18:19:19:275,-3.8297,-0.0198,11.5223,0.0088,-0.014,9.8066,0.2594,-0.3726,0.0871,-20.31,-37.75,25.94,266.66,-86.3,128.51,3.7513694707194585,-0.8137347271399304,1.7154606576661886,-1.1338082108223944,0.729370501843508,1.7045478795769655,False,False,False
52.575607,-1.532535,137.71,19.01,6,132.61,20 / 22,7978915,2019-11-06 18:19:19:377,-1.3134,-0.5871,8.9898,0.0314,-0.0477,9.8064,0.1051,-0.3765,0.0648,-20.5,-37.31,25.69,270.8,-85.93,132.98,1.428889040097768,0.2397585838929339,-0.816741631446649,1.5832796406147618,1.7129136778527845,-0.451723638267459,False,False,False
52.575607,-1.532535,137.71,19.01,6,132.61,20 / 22,7979014,2019-11-06 18:19:19:476,-2.3155,-2.7255,10.1513,0.0489,0.0166,9.8064,0.1616,-0.3476,0.2213,-20.37,-36.87,25.63,269.66,-85.76,132.03,2.895373820593815,2.1740779326829127,0.3444580694963777,1.784053436029664,0.7193637915921984,0.4291307162641353,False,False,False
52.575607,-1.532535,137.71,19.01,6,132.61,20 / 22,7979114,2019-11-06 18:19:19:576,-2.846,4.6947,8.7434,-0.021,-0.0356,9.8065,0.0039,-0.2327,0.1372,-21.19,-36.94,25.63,268.28,-85.74,131.93,1.7498022080303886,-5.224486895174833,-1.062766961717578,-3.8429429044957697,1.9783969710240303,-0.8416991256363653,False,False,False
52.575607,-1.532535,137.71,19.01,6,132.61,20 / 22,7979214,2019-11-06 18:19:19:676,-1.694,-0.5451,9.8648,-0.0273,-0.0154,9.8066,0.1493,-0.1709,0.0406,-20.87,-36.87,25.19,267.59,-85.4,132.84,1.741368488037753,0.1616336550179951,0.0580393869250396,-0.2429877396076318,0.4920808571959261,0.3153403023664786,False,False,False
52.575607,-1.532535,137.71,19.01,6,132.61,20 / 22,7979314,2019-11-06 18:19:19:776,-3.2924,0.7955,10.4337,0.0285,-0.0244,9.8066,0.4425,-0.1182,-0.0653,-20.69,-36.81,26.0,269.96,-85.49,133.9,3.0693184801315114,-1.509981889132717,0.6269816520556124,-0.1255699130301758,2.160091524984792,0.6527581962565621,False,False,False
52.575607,-1.532535,137.71,19.01,6,132.61,20 / 22,7979413,2019-11-06 18:19:19:875,-4.9814,3.6204,7.7154,0.0554,-0.035,9.8064,0.1541,-0.1342,-0.1537,-20.62,-37.31,26.0,269.5,-85.7,133.2,4.14001592944877,-4.646709120711687,-2.0909200968485773,-5.051332715674856,0.7831848558209256,-1.6429155773892012,False,False,False
52.575607,-1.532535,137.71,19.01,6,132.61,20 / 22,7979513,2019-11-06 18:19:19:975,0.3741,0.5583,11.395,-0.016,-0.0081,9.8066,-0.1138,-0.073,0.164,-20.12,-37.62,25.56,269.86,-86.15,131.9,-0.501903764202181,-0.4699032250098785,1.588485159076092,0.9253310273163516,-0.3891314770596585,1.433688884204441,False,False,False
52.575607,-1.532535,137.71,19.01,6,132.61,20 / 22,7979614,2019-11-06 18:19:20:076,-1.3776,-1.7274,8.8105,-0.0216,-0.0209,9.8065,-0.1964,-0.1605,0.2149,-20.31,-37.31,25.5,271.69,-85.93,133.86,1.689003370520428,1.3775384772472692,-0.996267839526054,0.9485460868517728,0.4814069945531668,-0.4049108543907808,False,False,False
52.575607,-1.532535,137.71,19.01,6,132.61,20 / 22,7979713,2019-11-06 18:19:20:175,-1.8788,1.3066,10.1398,-0.0787,0.0116,9.8062,-0.1547,-0.2982,0.2659,-20.87,-37.37,26.0,272.08,-86.12,135.32,1.4821236154424515,-1.6494472918381249,0.3336273220161566,-0.2049203594410933,1.5823727996768389,0.0708888909365634,False,False,False
52.575607,-1.532535,137.71,19.01,6,132.61,20 / 22,7979813,2019-11-06 18:19:20:275,-1.2208,-3.0475,8.9656,-0.0707,-0.0329,9.8063,-0.0177,-0.3652,0.3719,-21.0,-36.87,25.63,267.97,-85.92,131.42,1.7671567808592716,2.699450791116905,-0.8410957128659085,2.2039669267566344,0.5425421095145887,-0.198562613065756,False,False,False
52.575607,-1.532535,137.71,19.01,6,132.61,20 / 22,7979914,2019-11-06 18:19:20:376,1.9062,2.194,9.7045,0.0058,-0.0195,9.8066,0.1347,-0.4295,0.1783,-20.62,-37.25,25.5,269.05,-86.13,132.27,-2.329191509755387,-1.7567133902529262,-0.1017437732222054,-0.2202880722907526,-1.8830066735340905,-0.3709355754232182,False,False,False
52.575607,-1.532535,137.71,19.01,6,132.61,20 / 22,7980013,2019-11-06 18:19:20:475,-5.4124,-0.2132,12.0077,-0.0359,-0.0439,9.8064,0.2651,-0.3574,0.2432,-20.69,-37.06,26.63,265.97,-86.17,127.97,5.288854059652378,-0.9823388365608604,2.20094742687844,-1.5766590201280932,0.7438214392373006,2.790443923226843,False,False,False
52.575607,-1.532535,137.71,19.01,6,132.61,20 / 22,7980113,2019-11-06 18:19:20:575,-0.7542,0.9996,9.9792,0.0478,-0.0268,9.8065,0.1456,-0.304,-0.037,-19.94,-36.94,26.31,265.02,-86.36,126.68,0.5643742822304728,-1.1739513307709295,0.1727605063028073,0.4754327517196467,0.7122565156547779,-0.0047115751762392,False,False,False
52.575607,-1.532535,137.71,19.01,6,132.61,20 / 22,7980214,2019-11-06 18:19:20:676,-0.0756,-3.5381,8.7372,0.0303,-0.0412,9.8065,0.2917,-0.2406,0.0144,-20.62,-37.0,25.63,263.38,-86.44,126.21,0.8499919101371631,3.393555614070324,-1.0696826430830624,2.699601531647595,-0.435853188550006,-0.6209884120488298,False,False,False
52.575607,-1.532535,137.71,19.01,6,132.61,20 / 22,7980314,2019-11-06 18:19:20:776,-1.1061,0.1224,10.0905,-0.0527,-0.0061,9.8065,0.0315,0.028,-0.1977,-20.87,-37.37,25.94,266.1,-86.54,128.85,1.001697229750392,-0.3504223561243512,0.2839483090963022,1.3942605896372973,1.1780994185611235,0.2697872779177956,False,False,False
52.575607,-1.532535,137.71,19.01,6,132.61,20 / 22,7980414,2019-11-06 18:19:20:876,-2.9076,-2.5522,8.4665,0.0227,-0.009,9.8065,0.003,0.1571,-0.1215,-20.44,-36.06,25.63,271.97,-86.24,133.67,3.40561644700736,1.8587843907557864,-1.340455718983513,1.1081761486044213,0.7024392801999515,-1.0860043089232825,False,False,False
52.575607,-1.532535,137.71,19.01,6,132.61,20 / 22,7980513,2019-11-06 18:19:20:975,2.2783,-0.0665,10.4005,-0.0587,-0.0121,9.8064,-0.3421,0.218,-0.0411,-20.69,-37.12,26.13,271.72,-86.19,134.88,-2.271446101930299,0.5521731799469187,0.5942394764511687,2.328377131669317,-1.8136167431419508,0.7754396547202538,False,False,False
52.575607,-1.532535,137.71,19.01,6,132.61,20 / 22,7980613,2019-11-06 18:19:21:075,-0.1577,0.1052,9.6681,-0.0299,0.0161,9.8065,-0.2769,0.1549,0.03,-20.81,-37.19,26.0,272.17,-85.88,135.67,0.1058177076566729,-0.1143447221203253,-0.1383983644033129,-0.8326307043713363,-1.1687405639830168,-0.0888430435793402,False,False,False
52.575607,-1.532535,137.71,19.01,6,132.61,20 / 22,7980713,2019-11-06 18:19:21:175,0.6911,0.8547,9.2847,0.0414,-0.0169,9.8065,0.0107,0.1647,-0.1173,-20.31,-36.87,26.06,272.08,-85.87,134.32,-0.8208575410381962,-0.7128320412435126,-0.5216658588573077,0.9883644537709424,-0.6616908606238476,-0.1563942419800569,False,False,False
52.575607,-1.532535,137.71,19.01,6,132.61,20 / 22,7980813,2019-11-06 18:19:21:275,0.0832,-2.1335,10.0234,0.0446,0.0047,9.8065,0.1214,0.1313,-0.2287,-20.31,-36.5,26.06,272.16,-86.17,133.95,0.4188354878514391,2.097156334902764,0.2166724511640926,1.536066830663229,-0.777164485781345,0.091896603798438,False,False,False
52.57458,-1.530553,136.22,19.41,6,131.17,19 / 20,7980914,2019-11-06 18:19:21:376,-4.1949,-0.5612,7.5034,-0.0332,-0.0227,9.8065,0.261,0.2845,-0.2942,-20.44,-37.12,26.5,271.66,-86.03,132.57,4.180517141981912,-0.362693658996078,-2.30341669815069,1.1321508027563654,2.07087449573198,-1.8008980856103425,False,False,False
52.57458,-1.530553,136.22,19.41,6,131.17,19 / 20,7981013,2019-11-06 18:19:21:475,-0.1632,-1.3632,9.6116,0.091,0.0013,9.8061,0.2602,0.1823,-0.3496,-19.81,-36.87,25.81,271.83,-85.6,134.38,0.5396565840664644,1.2787436817222164,-0.1946625483477154,1.008713128811462,-0.4964049137751449,-0.436346526187036,False,False,False
52.57458,-1.530553,136.22,19.41,6,131.17,19 / 20,7981114,2019-11-06 18:19:21:576,-0.7988,6.1004,8.042,0.0231,-0.0087,9.8066,-0.2448,0.4668,-0.1378,-20.37,-37.75,26.06,271.06,-85.87,133.44,-0.5015544448408848,-6.143875283605618,-1.763994109502732,-4.97586513483242,-0.6068482905049224,-1.186428892858978,False,False,False
52.57458,-1.530553,136.22,19.41,6,131.17,19 / 20,7981214,2019-11-06 18:19:21:676,-0.5982,-2.2744,12.2221,-0.0134,0.0486,9.8064,-0.3544,0.4078,-0.0449,-20.0,-37.0,26.38,267.38,-86.28,129.14,1.0675011526072629,2.1447946354937515,2.415413792860219,2.265981734433233,0.2966426575444271,2.117307818843956,False,False,False
52.57458,-1.530553,136.22,19.41,6,131.17,19 / 20,7981313,2019-11-06 18:19:21:775,-2.0765,-2.3446,8.8053,-0.0162,-0.0386,9.8065,-0.2473,0.4332,-0.1126,-20.56,-37.19,25.88,268.01,-86.11,131.26,2.5050616727803843,1.8128388902732395,-1.0015761096789542,2.589835123506199,1.6134401465204635,-0.4024678507772685,False,False,False
52.57458,-1.530553,136.22,19.41,6,131.17,19 / 20,7981414,2019-11-06 18:19:21:876,-4.963,0.8282,7.271,-0.0098,0.0079,9.8066,0.0424,0.2875,-0.1967,-20.31,-37.19,25.94,272.21,-85.87,134.46,4.663628874359322,-1.8591754656314523,-2.5358197885962013,-1.322600765291406,1.6037185181640732,-2.8471362892416057,False,False,False
52.57458,-1.530553,136.22,19.41,6,131.17,19 / 20,7981513,2019-11-06 18:19:21:975,3.3716,-1.5901,12.7104,-0.026,-0.0458,9.8064,0.3194,0.2829,-0.4446,-20.62,-37.25,25.63,268.36,-85.7,132.05,-2.989287539352844,2.234378171058065,2.9040451865921506,2.6446790535657745,-2.759230591079508,3.492810586807763,False,False,False
52.57458,-1.530553,136.22,19.41,6,131.17,19 / 20,7981613,2019-11-06 18:19:22:075,-2.125,2.9929,7.8096,0.0748,-0.0041,9.8063,0.245,0.1668,-0.2664,-20.31,-36.69,26.06,269.55,-85.9,131.75,1.509017644689722,-3.397754495892669,-1.9965144786993765,-2.513988941447128,1.5596467548371318,-2.2982978613374065,False,False,False
52.57458,-1.530553,136.22,19.41,6,131.17,19 / 20,7981713,2019-11-06 18:19:22:175,-0.601,1.9865,6.9647,0.0202,-0.0379,9.8065,-0.3926,0.1643,0.1196,-20.44,-36.75,26.06,269.52,-86.29,131.28,0.1744079603450755,-2.110612367766388,-2.841620899486741,-1.9569492452902184,-0.9874130725216274,-2.280028406824996,False,False,False
52.57458,-1.530553,136.22,19.41,6,131.17,19 / 20,7981813,2019-11-06 18:19:22:275,3.1761,1.0795,12.6487,-0.0886,0.0027,9.8062,-0.3191,0.0738,0.2602,-19.94,-37.19,26.25,269.62,-86.48,131.16,-3.4190885113804663,-0.3546626405768034,2.842818802302601,0.7371116131434878,-1.5159191477745972,2.566683221029703,False,False,False
52.57458,-1.530553,136.22,19.41,6,131.17,19 / 21,7981913,2019-11-06 18:19:22:375,-7.3442,-1.0125,8.2467,-0.1332,-0.0215,9.8056,0.0779,-0.0872,0.0258,-20.56,-37.06,25.69,265.59,-86.06,128.87,7.256178510429745,-0.5716159164360853,-1.5594549941740867,-0.5151053175193437,0.5094487959578347,-1.0435792023789965,False,False,False
52.57458,-1.530553,136.22,19.41,6,131.17,19 / 21,7982014,2019-11-06 18:19:22:476,1.4175,4.3741,8.133,0.0281,-0.0257,9.8065,0.2731,-0.1062,-0.1708,-20.12,-36.56,26.0,266.75,-86.39,128.39,-2.296903362452684,-4.001847067321783,-1.6729404183417886,-2.8670681941835734,-1.2101137570161873,-1.8990452977933607,False,False,False
52.57458,-1.530553,136.22,19.41,6,131.17,19 / 21,7982114,2019-11-06 18:19:22:576,-5.366,2.2498,8.0904,0.03,-0.0375,9.8065,-0.0008,-0.4141,0.2451,-19.94,-36.44,25.81,263.39,-86.75,124.5,4.783067606963297,-3.386814748317525,-1.716189566393323,-3.2661011738261774,0.3666127169984573,-1.2756077344068475,False,False,False
52.57458,-1.530553,136.22,19.41,6,131.17,19 / 21,7982213,2019-11-06 18:19:22:675,3.7522,3.0781,11.1274,-0.0843,-0.0306,9.8062,-0.1007,-0.5413,0.3855,-20.37,-37.0,25.63,263.29,-87.1,124.11,-4.411661775004701,-2.217763331444868,1.3217728884573692,-1.1867366974940494,-1.1309244569444767,1.180459157588976,False,False,False
52.57458,-1.530553,136.22,19.41,6,131.17,19 / 21,7982313,2019-11-06 18:19:22:775,-3.0139,1.1022,9.3885,-0.0482,-0.0034,9.8065,0.044,-0.4171,0.2173,-20.62,-36.62,25.75,263.57,-86.86,125.95,2.661221768194875,-1.713351034197005,-0.4180655260862774,-1.4015667414257225,0.4830593927924496,-0.0888355630475483,False,False,False
52.57458,-1.530553,136.22,19.41,6,131.17,19 / 21,7982414,2019-11-06 18:19:22:876,2.6596,3.4021,7.7194,0.0362,-0.0326,9.8065,0.3773,-0.3217,-0.1009,-20.31,-36.62,25.5,265.88,-86.55,127.34,-3.2964244298901386,-2.7955679654789374,-2.086567465578679,-1.9708590482851616,-1.3189005454347078,-2.1071470984578755,False,False,False
52.57458,-1.530553,136.22,19.41,6,131.17,19 / 21,7982514,2019-11-06 18:19:22:976,-1.0202,-0.42,10.9182,0.0955,0.017,9.8062,0.2405,-0.1359,-0.0689,-20.25,-37.0,25.94,266.24,-86.76,127.46,1.183369909590224,0.1888120175671473,1.1118836131082463,0.7695044853298803,0.0436707553199434,1.298462981042568,False,False,False
52.57458,-1.530553,136.22,19.41,6,131.17,19 / 21,7982614,2019-11-06 18:19:23:076,-1.1793,-2.27,11.479,-0.0487,0.0023,9.8065,-0.3639,-0.0114,0.1718,-19.81,-36.75,25.25,263.38,-86.63,125.9,1.5898282952610965,1.9786617151688253,1.6721853092622116,2.542051566925274,1.852493952437716,1.79843320618894,False,False,False
52.57458,-1.530553,136.22,19.41,6,131.17,19 / 21,7982714,2019-11-06 18:19:23:176,-5.0771,1.4307,10.2983,-0.0854,0.082,9.8058,-0.4718,0.1556,0.2409,-21.0,-36.81,25.44,264.06,-86.22,128.34,4.58867586869673,-2.3833332172898527,0.4923346193424944,-1.498645099473688,1.425610715536227,0.5190784530623296,False,False,False
52.57458,-1.530553,136.22,19.41,6,131.17,19 / 21,7982814,2019-11-06 18:19:23:276,-0.7724,-0.0675,9.6574,-0.0348,0.0082,9.8066,-0.0059,0.2241,-0.0913,-20.56,-36.87,25.81,258.15,-86.59,120.75,0.7367417994406513,-0.0835443100183965,-0.1492540090600616,0.1975714865350373,0.4507874395651175,0.1328127167425446,False,False,False
52.57458,-1.530553,136.22,19.41,6,131.17,21 / 23,7982914,2019-11-06 18:19:23:376,2.3533,2.5824,10.3788,0.0412,0.0283,9.8065,0.1031,0.1701,-0.2744,-20.94,-36.5,25.44,255.75,-86.47,119.54,-2.8040631361707864,-2.001495443893647,0.5727184530299587,-0.803144108251059,-1.9408259291341563,0.4419939343494647,False,False,False
52.57458,-1.530553,136.22,19.41,6,131.17,21 / 23,7983013,2019-11-06 18:19:23:475,-4.441,0.0628,8.9093,-0.0452,0.0219,9.8065,-0.102,0.2739,-0.0721,-21.25,-36.81,25.56,255.24,-87.0,117.36,4.28562895237963,-0.9785868607625332,-0.8974689568271449,-0.983810263908574,1.162764046181045,-0.4720327216639406,False,False,False
52.57458,-1.530553,136.22,19.41,6,131.17,21 / 23,7983113,2019-11-06 18:19:23:575,1.3381,-1.3912,8.2065,0.0326,-0.007,9.8065,-0.1298,0.2622,0.0028,-21.12,-36.81,25.81,257.37,-86.93,119.6,-0.9799895843743256,1.6308720915399335,-1.6000676628049195,3.139910642729214,-0.3456242738193908,-1.862581984294692,False,False,False
52.57458,-1.530553,136.22,19.41,6,131.17,21 / 23,7983214,2019-11-06 18:19:23:676,-2.1203,-0.0166,10.4244,0.0039,0.0107,9.8066,0.0298,0.3249,-0.2731,-21.25,-37.25,26.19,261.18,-86.65,123.76,2.0810983143903337,-0.42681093157452,0.6176649613910472,-0.7105464333279594,0.7246701211893012,1.1492153350337886,False,False,False
52.57458,-1.530553,136.22,19.41,6,131.17,21 / 23,7983314,2019-11-06 18:19:23:776,-0.3846,3.4624,11.5616,0.0386,0.0314,9.8064,0.2639,0.2594,-0.2207,-21.06,-37.12,25.5,261.2,-86.87,123.54,-0.3189647682774405,-3.4420804420220548,1.7555426475158542,-1.642606430641943,0.731814019271303,1.41271854026095,False,False,False
52.57458,-1.530553,136.22,19.41,6,131.17,21 / 23,7983413,2019-11-06 18:19:23:875,2.2753,-0.5504,9.6964,0.0041,0.0001,9.8066,0.0661,0.4519,-0.2181,-20.94,-36.81,26.19,257.63,-86.73,120.08,-2.101300004318333,1.0227199305363,-0.1101179619117632,0.4940447914468385,-3.520109637211112,0.4647642754108079,False,False,False
52.57458,-1.530553,136.22,19.41,6,131.17,21 / 23,7983513,2019-11-06 18:19:23:975,3.0096,2.4146,11.0455,0.0562,0.0126,9.8065,0.0258,0.4594,-0.2041,-21.06,-36.94,26.0,260.42,-86.27,123.42,-3.3980446130849487,-1.7159175292934787,1.2394419712708329,0.3158369869395533,-0.7517416229914038,0.8912257057338078,False,False,False
52.57458,-1.530553,136.22,19.41,6,131.17,21 / 23,7983613,2019-11-06 18:19:24:075,-4.6879,-0.4958,9.1429,0.0271,0.0289,9.8066,-0.015,0.3966,-0.2507,-21.0,-36.5,25.94,257.86,-86.62,120.33,4.718249321304609,-0.4941601000203183,-0.6640496348591036,-1.1850034414937836,0.4677628163342813,-0.127587575840726,False,False,False
52.57458,-1.530553,136.22,19.41,6,131.17,21 / 23,7983713,2019-11-06 18:19:24:175,1.3999,1.5041,10.859,0.0104,0.0329,9.8066,-0.1659,0.2313,-0.1125,-21.0,-36.69,25.63,256.34,-86.98,118.51,-1.671487246570488,-1.1405065294062815,1.0526446175865094,1.0056115326794737,-0.4658115317270175,0.7859473164001705,False,False,False
52.57458,-1.530553,136.22,19.41,6,131.17,21 / 23,7983813,2019-11-06 18:19:24:275,-1.4927,-3.4156,9.2336,0.0438,0.0202,9.8065,-0.1339,0.0188,0.1529,-21.25,-36.62,25.81,252.58,-86.76,114.91,2.234599591685876,3.028462562854472,-0.5733650409871893,2.3234453460856503,0.6911367991696533,-0.1600577196989102,False,False,False
52.57458,-1.530553,136.22,19.41,6,131.17,19 / 23,7983913,2019-11-06 18:19:24:375,0.3768,1.2393,9.4844,0.0095,0.0185,9.8065,-0.1425,-0.0557,0.0685,-20.87,-36.44,25.19,249.45,-86.91,112.64,-0.6195104439477761,-1.1142567064221771,-0.3219458681717027,0.9618661043129344,0.3166952264119416,-0.4275557297320255,False,False,False
52.57458,-1.530553,136.22,19.41,6,131.17,19 / 23,7984014,2019-11-06 18:19:24:476,1.3833,0.1083,10.0968,0.0622,0.0258,9.8064,-0.0695,-0.4176,0.3361,-20.62,-36.31,26.13,252.78,-86.55,115.24,-1.3082268380659774,0.2014972066611029,0.2904910254580472,-0.3097656773305088,-2.188042312316639,0.5135097293223931,False,False,False
52.57458,-1.530553,136.22,19.41,6,131.17,19 / 23,7984114,2019-11-06 18:19:24:576,6.7466,3.8516,9.6692,-0.0305,-0.0108,9.8066,-0.0427,-0.4883,0.4406,-20.75,-37.19,25.88,251.24,-86.51,113.79,-7.445498713180443,-2.32636977724206,-0.1365631779181906,-0.5523106825495534,-1.5155117716056576,-0.0284144477511448,False,False,False
52.57458,-1.530553,136.22,19.41,6,131.17,19 / 23,7984213,2019-11-06 18:19:24:675,-2.416,-1.9352,9.7814,0.0628,0.0571,9.8062,-0.0165,-0.7164,0.292,-20.81,-36.81,25.81,251.89,-86.45,114.52,2.847015049500601,1.417108192494638,-0.0251684064190406,1.3351091158221515,1.6950109519485457,-0.025693004373799,False,False,False
52.57458,-1.530553,136.22,19.41,6,131.17,19 / 23,7984313,2019-11-06 18:19:24:775,-5.465,-1.4123,9.5799,-0.0773,-0.0258,9.8062,-0.1077,-0.7577,0.3913,-20.25,-36.62,25.94,254.3,-87.02,115.09,5.55947703780621,0.2041794422224216,-0.2267841517373487,1.441059772666213,1.923315165026802,0.1094366230623036,False,False,False
52.57458,-1.530553,136.22,19.41,6,131.17,19 / 23,7984414,2019-11-06 18:19:24:876,-4.2772,-2.6708,9.8551,0.0096,0.0342,9.8066,0.0364,-0.6701,0.4284,-20.31,-36.37,25.44,247.15,-86.75,109.16,4.765498888998649,1.7273544350813033,0.047942513050515,2.2835120181514865,2.3305416233201672,-0.1698174887491877,False,False,False
52.57458,-1.530553,136.22,19.41,6,131.17,19 / 23,7984514,2019-11-06 18:19:24:976,-3.3921,1.5198,8.9331,-0.0375,-0.046,9.8064,0.0583,-0.5459,0.2538,-20.81,-36.75,25.69,251.3,-86.65,113.72,2.942858615018164,-2.246015077653186,-0.8733402160486651,-1.72483210921669,1.3464121758783074,-0.3328852437773033,False,False,False
52.57458,-1.530553,136.22,19.41,6,131.17,19 / 23,7984614,2019-11-06 18:19:25:076,3.9411,5.0257,10.7191,-0.0347,-0.026,9.8065,0.1042,-0.3385,0.092,-20.31,-36.19,25.88,259.01,-86.79,120.03,-4.962633922480046,-4.086254962494954,0.9133905095498152,-2.769662723675679,-1.073252768869474,0.5184598985396435,False,False,False
52.57458,-1.530553,136.22,19.41,6,131.17,19 / 23,7984714,2019-11-06 18:19:25:176,0.8286,0.7902,10.1098,-0.078,-0.0528,9.8061,0.0936,-0.1765,0.1077,-20.37,-37.19,26.06,253.85,-86.62,115.06,-1.065658152834669,-0.629965023362666,0.3038470349315205,-0.8916157129222729,-2.210851962117702,0.997138741626686,False,False,False
52.57458,-1.530553,136.22,19.41,6,131.17,19 / 23,7984814,2019-11-06 18:19:25:276,4.6686,3.3608,10.7362,-0.0572,-0.0137,9.8064,0.1465,0.1263,-0.1151,-21.06,-36.94,25.44,253.0,-87.01,116.26,-5.337239024393938,-2.2875956173003207,0.9304567793265875,-0.21903602066921,-0.6143953633359432,0.4177389979623651,False,False,False
52.57458,-1.530553,136.22,19.41,6,131.17,20 / 22,7984914,2019-11-06 18:19:25:376,-2.9846,-3.9589,9.4934,-0.0501,-0.0376,9.8064,-0.01,0.2846,-0.3066,-20.06,-37.0,25.38,258.81,-87.07,120.78,3.704043811015266,3.204304104871188,-0.3136041925503578,2.2330428698390588,0.5372487177056626,0.4705894303473397,False,False,False
52.57458,-1.530553,136.22,19.41,6,131.17,20 / 22,7985014,2019-11-06 18:19:25:476,1.3145,2.1281,11.6628,-0.0713,-0.0341,9.8063,0.1661,0.5129,-0.2466,-20.25,-36.94,25.63,254.4,-87.02,115.19,-1.815340713905363,-1.816288843473351,1.856818693225541,0.8542008874627833,-0.1832793636947857,1.2866921368347095,False,False,False
52.57458,-1.530553,136.22,19.41,6,131.17,20 / 22,7985114,2019-11-06 18:19:25:576,-6.7683,-3.3717,8.4631,-0.0393,-0.0174,9.8065,0.1271,0.6035,-0.3866,-20.5,-36.75,25.5,252.05,-86.75,113.08,7.289899423075534,1.840120048095654,-1.3441791770591671,0.3645104326411846,0.4494427551399594,-0.5234435723715292,False,False,False
52.57458,-1.530553,136.22,19.41,6,131.17,20 / 22,7985213,2019-11-06 18:19:25:675,4.2825,3.4905,9.3218,-0.1369,-0.0541,9.8055,-0.0899,0.968,-0.5582,-20.31,-37.12,25.69,252.09,-87.16,112.7,-5.074340740246354,-2.5193224851223013,-0.4830439709108055,0.4881361587628051,-0.3671207226350779,-1.065615085178514,False,False,False
52.57458,-1.530553,136.22,19.41,6,131.17,20 / 22,7985314,2019-11-06 18:19:25:776,-7.5497,-1.9923,8.6746,-0.0236,-0.0343,9.8065,-0.0541,1.0114,-0.4736,-20.5,-37.0,25.94,253.41,-86.51,114.73,7.770512565636731,0.3058480555203327,-1.1325785863312516,-1.3793549686479945,0.5989332978301347,-0.3090140497820778,False,False,False
52.57458,-1.530553,136.22,19.41,6,131.17,20 / 22,7985414,2019-11-06 18:19:25:876,6.5335,5.9695,11.0954,-0.1164,-0.0735,9.8056,-0.0054,1.1318,-0.6817,-20.37,-37.12,25.56,255.49,-87.02,116.3,-7.786692433139478,-4.483714493911541,1.290863408256662,-1.463926147393099,-0.5936713333273899,0.7171255101452001,False,False,False
52.57458,-1.530553,136.22,19.41,6,131.17,20 / 22,7985514,2019-11-06 18:19:25:976,1.7425,0.3859,10.1639,0.0228,0.0004,9.8065,0.0127,0.925,-0.4236,-20.56,-36.12,25.88,252.79,-86.64,115.16,-1.7623234085782309,-0.0094046032351004,0.3575483981438002,-1.584213272190758,-2.8201881917878096,1.1731100591036807,False,False,False
52.57458,-1.530553,136.22,19.41,6,131.17,20 / 22,7985614,2019-11-06 18:19:26:076,9.7552,5.6957,10.6265,-0.1063,-0.0447,9.8059,0.2131,0.8032,-0.3597,-20.37,-37.25,25.5,255.45,-87.0,116.28,-10.859666821950764,-3.502426268750165,0.8218305897145782,-0.7848910700992823,-0.9821458529803724,0.2589050827840477,False,False,False
52.57458,-1.530553,136.22,19.41,6,131.17,20 / 22,7985714,2019-11-06 18:19:26:176,-0.8347,-3.4293,8.8816,0.0406,0.0739,9.8063,0.0386,0.4272,-0.2825,-20.44,-36.5,25.81,259.51,-86.96,120.34,1.603007424842121,3.2354489544670213,-0.9251311685049284,2.044767511840795,0.998648521056942,-0.1163393470476867,False,False,False
52.57458,-1.530553,136.22,19.41,6,131.17,20 / 22,7985814,2019-11-06 18:19:26:276,-6.8621,-1.1526,7.8626,-0.0554,-0.0566,9.8063,-0.0867,0.1989,-0.0512,-20.25,-36.69,25.19,254.62,-87.07,116.53,6.883587666312017,-0.3827503183108353,-1.944241140915924,1.797527159688783,2.5630240640817847,-2.4976404518961504,False,False,False
52.57458,-1.530553,136.22,19.41,6,131.17,19 / 21,7985914,2019-11-06 18:19:26:376,-3.7213,-6.4627,8.9935,0.107,0.074,9.8058,-0.0862,-0.1866,0.0946,-20.69,-36.69,26.19,256.23,-87.34,118.0,5.135606007292855,5.568514076590731,-0.8132410384802425,4.926290999684365,1.857227183593661,-0.0170200652328351,False,False,False
52.57458,-1.530553,136.22,19.41,6,131.17,19 / 21,7986013,2019-11-06 18:19:26:475,3.8125,3.7992,10.1512,-0.0183,-0.0371,9.8065,0.0055,-0.3614,0.107,-20.75,-37.0,25.19,256.92,-86.97,120.27,-4.561524891651752,-2.929892133683208,0.3453507895209414,-1.3902352459815035,-1.855559545698832,-0.1838747012828277,False,False,False
52.57458,-1.530553,136.22,19.41,6,131.17,19 / 21,7986113,2019-11-06 18:19:26:575,-0.0157,3.7462,7.4169,0.0578,0.0874,9.806,0.3525,-0.4158,0.2317,-20.56,-37.31,25.44,257.11,-86.99,120.46,-0.7095855202775283,-3.590343477635486,-2.388711075457388,-3.664879418906125,-0.4800643825680555,-1.63380795283408,False,False,False
52.57458,-1.530553,136.22,19.41,6,131.17,19 / 21,7986214,2019-11-06 18:19:26:676,-1.7474,-3.7809,11.8818,-0.0485,0.0118,9.8065,0.285,-0.3582,0.0795,-20.94,-37.25,25.38,254.14,-86.86,117.58,2.469678226577089,3.342701781975892,2.074786457432728,4.284807508130315,1.8484895536710884,1.6097285787976578,False,False,False
52.57458,-1.530553,136.22,19.41,6,131.17,19 / 21,7986314,2019-11-06 18:19:26:776,0.2574,-0.8455,9.8258,0.0304,0.0048,9.8065,0.1052,-0.3279,0.1511,-20.56,-37.06,25.13,256.61,-86.54,120.44,-0.0402163403334272,0.8791613701808635,0.0192226728602659,1.255887561347511,0.4019562020872961,0.6805604487233212,False,False,False
52.57458,-1.530553,136.22,19.41,6,131.17,19 / 21,7986414,2019-11-06 18:19:26:876,-1.1887,-0.8871,10.6687,-0.0149,0.0421,9.8065,0.1532,-0.3748,0.3071,-20.06,-36.5,25.56,258.07,-86.51,119.37,1.34519892157588,0.6572344428347452,0.8620270694953794,1.157397555521141,1.0702109017265422,0.5173725852287689,False,False,False
52.57458,-1.530553,136.22,19.41,6,131.17,19 / 21,7986513,2019-11-06 18:19:26:975,1.2381,2.0274,9.6259,0.0175,0.0302,9.8066,0.0124,-0.3104,0.0444,-20.31,-37.06,25.75,258.46,-86.41,119.98,-1.6188914647850845,-1.6905524530485156,-0.1804093088996539,-1.0592649806698649,-1.1497843410924504,0.3294313733605238,False,False,False
52.57458,-1.530553,136.22,19.41,6,131.17,19 / 21,7986613,2019-11-06 18:19:27:075,0.7085,0.6736,9.8947,0.0022,0.0109,9.8066,0.0998,-0.2469,0.1333,-20.69,-36.75,25.69,256.79,-86.45,119.53,-0.8314990809213576,-0.4966084459389613,0.0882151905797841,-0.2402700749579844,-1.0565999814547722,-0.087463976626652,False,False,False
52.57458,-1.530553,136.22,19.41,6,131.17,19 / 21,7986713,2019-11-06 18:19:27:175,-0.1197,0.3619,9.2652,-0.0221,0.0365,9.8065,0.1369,-0.0783,-0.0438,-20.62,-36.62,25.44,257.54,-86.51,121.42,0.0258279338741025,-0.3387848219886988,-0.5412710709264632,0.3460141658886758,0.3599949990899538,-0.2200810271622472,False,False,False
52.57458,-1.530553,136.22,19.41,6,131.17,19 / 21,7986813,2019-11-06 18:19:27:275,-0.8548,2.1259,10.0485,-0.0254,0.0261,9.8065,0.0637,0.0352,-0.1386,-20.69,-37.0,24.69,250.19,-86.58,113.84,0.3619665461899634,-2.228443460771715,0.2421742380665048,-2.0472349128441727,0.3145675137568889,0.251242273518728,False,False,False
52.57458,-1.530553,136.22,19.41,6,131.17,20 / 22,7986914,2019-11-06 18:19:27:376,0.6355,0.8185,10.1624,-0.0144,-0.0024,9.8065,0.1141,0.3382,-0.0886,-21.19,-36.75,25.56,251.5,-86.6,113.98,-0.8101544919952343,-0.6631778779976032,0.3560286943977134,-0.0706014925972084,-0.7099436204910936,0.4926201397509492,False,False,False
52.57458,-1.530553,136.22,19.41,6,131.17,20 / 22,7987013,2019-11-06 18:19:27:475,2.9969,-0.3472,10.5308,-0.0225,-0.0221,9.8065,0.0392,0.3396,-0.2328,-21.5,-37.25,25.69,254.81,-86.55,117.41,-2.8803024658155536,0.9623423017518452,0.7244528001711386,1.1666674644692137,-1.8156994222826053,0.8882615320465896,False,False,False
52.57458,-1.530553,136.22,19.41,6,131.17,20 / 22,7987113,2019-11-06 18:19:27:575,-3.3136,-2.2083,10.3744,-0.0208,-0.056,9.8065,0.0976,0.4272,-0.1544,-20.69,-36.31,25.69,258.32,-86.6,120.82,3.676456137857142,1.3996759215587358,0.5674637618573152,1.829345065065394,1.8459432186002869,0.5686111171361189,False,False,False
52.57458,-1.530553,136.22,19.41,6,131.17,20 / 22,7987214,2019-11-06 18:19:27:676,-2.5319,0.0541,7.8917,-0.0125,-0.0325,9.8065,0.2205,0.4338,-0.2626,-21.06,-36.94,25.06,258.6,-86.49,122.51,2.4426545280680334,-0.6226961356213776,-1.9149473463233744,-0.3658536173836718,2.393138950661293,-1.6662539508514616,False,False,False
52.57458,-1.530553,136.22,19.41,6,131.17,20 / 22,7987313,2019-11-06 18:19:27:775,-1.1651,-1.2926,9.0399,-0.0516,-0.0303,9.8064,-0.0943,0.3078,-0.1662,-20.75,-36.5,25.44,253.4,-86.4,117.21,1.3572732486372112,0.9953786094186416,-0.7667049904921739,1.2469891290027086,0.9989528049860384,-0.8219643330096629,False,False,False
52.57458,-1.530553,136.22,19.41,6,131.17,20 / 22,7987414,2019-11-06 18:19:27:876,2.7195,1.5127,8.6168,-0.0126,-0.0097,9.8066,0.0262,0.2873,-0.0503,-20.69,-36.62,25.44,253.22,-86.73,116.78,-2.99424746323326,-0.9040730622859128,-1.189466366472866,-0.6016530450091437,-1.4801646518198082,-0.9425584185990168,False,False,False
52.57458,-1.530553,136.22,19.41,6,131.17,20 / 22,7987514,2019-11-06 18:19:27:976,2.3351,-1.4051,10.5791,-0.0139,-0.0313,9.8065,-0.0337,-0.0388,-0.2084,-20.56,-36.44,26.0,247.5,-86.6,109.79,-2.0014492531876744,1.8437274494871188,0.7725983296139249,1.9192065326543235,-2.4658743488321324,0.7417231054892827,False,False,False
52.57458,-1.530553,136.22,19.41,6,131.17,20 / 22,7987614,2019-11-06 18:19:28:076,-0.4042,-1.2694,9.4681,0.0199,0.0331,9.8065,0.0172,0.052,0.0308,-20.31,-36.62,25.69,246.11,-86.69,107.06,0.6923891645062801,1.1818847774062076,-0.3385664451917448,1.5241521730632277,1.224230096518296,-0.1670081474261591,False,False,False
52.57458,-1.530553,136.22,19.41,6,131.17,20 / 22,7987714,2019-11-06 18:19:28:176,-3.2862,1.6808,7.8569,-0.0255,0.0179,9.8066,-0.0728,0.1185,0.0276,-20.62,-36.81,24.88,241.85,-86.74,105.1,2.830301929568821,-2.320926235347801,-1.9497239259836991,-2.432038949416764,1.54281199072912,-1.9015170420832737,False,False,False
52.57458,-1.530553,136.22,19.41,6,131.17,20 / 22,7987814,2019-11-06 18:19:28:276,1.1239,-1.3331,9.5629,-0.0149,-0.0247,9.8065,-0.1497,0.1706,-0.0252,-20.87,-37.06,25.0,247.35,-86.76,110.74,-0.8332040567471154,1.5213523409895762,-0.2436698881390251,1.9155155125774332,-0.4105322723001528,-0.1855111928420018,False,False,False
52.57458,-1.530553,136.22,19.41,6,131.17,19 / 22,7987914,2019-11-06 18:19:28:376,0.6131,0.5319,9.0926,0.0307,-0.0222,9.8065,-0.0459,0.1158,-0.1049,-20.5,-37.0,25.31,251.72,-86.54,114.16,-0.6873360533312645,-0.4170401802221541,-0.7138041873450138,-0.7382693695423894,-1.0240700147271382,-0.5721706335300907,False,False,False
52.57458,-1.530553,136.22,19.41,6,131.17,19 / 22,7988015,2019-11-06 18:19:28:477,0.7433,-0.2969,10.5683,0.0044,-0.0117,9.8066,-0.1761,0.1111,-0.0848,-20.75,-37.19,25.38,253.35,-86.47,117.19,-0.6609047604736846,0.436456046333454,0.7617152730529914,0.8983271344171582,-0.4531483730286559,0.7089821210785442,False,False,False
52.57458,-1.530553,136.22,19.41,6,131.17,19 / 22,7988114,2019-11-06 18:19:28:576,0.6949,-0.7748,10.1642,0.0399,0.0122,9.8065,0.0349,-0.0145,0.0862,-20.69,-36.75,25.38,252.0,-86.25,116.05,-0.4718338864012866,0.9087343903563764,0.3576560937927412,0.3658716814759829,-0.6005966820780141,0.570617989937357,False,False,False
52.57458,-1.530553,136.22,19.41,6,131.17,19 / 22,7988214,2019-11-06 18:19:28:676,0.9264,2.0616,10.8761,0.034,0.0131,9.8065,-0.1656,-0.159,-0.0389,-20.19,-37.56,24.94,256.27,-86.08,119.43,-1.3091078738270907,-1.8106287697152563,1.0698757885676866,-1.29062917892919,-1.3888104859063266,0.9384143607093997,False,False,False
52.57458,-1.530553,136.22,19.41,6,131.17,19 / 22,7988313,2019-11-06 18:19:28:775,-1.0493,-0.3698,9.3998,0.0355,0.011,9.8065,0.1323,-0.2151,0.199,-20.75,-36.62,25.56,255.5,-85.99,118.71,1.1410560333884254,0.1403660089492639,-0.4068084096961707,-0.5973465265661364,1.2682256460449977,-0.1658168457218715,False,False,False
52.57458,-1.530553,136.22,19.41,6,131.17,19 / 22,7988414,2019-11-06 18:19:28:876,-1.8576,3.5097,8.8891,-0.022,0.0277,9.8065,0.1232,-0.2821,0.0565,-20.44,-36.94,25.06,254.61,-86.26,117.42,1.0497537499018736,-3.7937113742836,-0.9171396803094908,-3.2669378735939567,0.6555044658289298,-1.0818556240921788,False,False,False
52.57458,-1.530553,136.22,19.41,6,131.17,19 / 22,7988514,2019-11-06 18:19:28:976,1.5358,-0.5977,11.1943,-0.0305,0.0115,9.8066,0.1582,0.0948,-0.0404,-20.62,-36.87,25.81,248.48,-86.54,110.94,-1.3999959559446329,0.9297005851069228,1.3877318780623735,0.0648921029680476,-1.016541897946608,1.6070949702583546,False,False,False
52.57458,-1.530553,136.22,19.41,6,131.17,19 / 22,7988614,2019-11-06 18:19:29:076,-1.4276,0.2129,9.6828,0.0036,-0.0091,9.8066,0.0613,0.2324,-0.1577,-20.31,-36.87,25.94,250.11,-86.5,111.35,1.3507881548379144,-0.5224678660988021,-0.1238651268265092,-0.0692860812282238,0.6632571426239728,-0.2743894162565414,False,False,False
52.57458,-1.530553,136.22,19.41,6,131.17,19 / 22,7988714,2019-11-06 18:19:29:176,0.422,0.4884,8.6055,-0.0246,-0.0238,9.8066,0.0739,0.1791,-0.1471,-20.56,-36.69,24.81,249.84,-86.44,113.63,-0.5457621983345043,-0.4051457456068725,-1.201017134634532,-1.3141890834194716,0.0498893111480919,-1.05196909648726,False,False,False
52.57458,-1.530553,136.22,19.41,6,131.17,19 / 22,7988814,2019-11-06 18:19:29:276,-1.5758,1.5027,9.7827,-0.0201,0.0027,9.8066,0.0127,0.0348,0.0395,-20.62,-37.25,25.56,251.73,-86.28,114.53,1.1995597759538583,-1.7975711157471823,-0.0238354304546734,-1.4921502880777942,0.2791662598100859,-0.1145142102248698,False,False,False
52.57458,-1.530553,136.22,19.41,6,131.17,20 / 21,7988914,2019-11-06 18:19:29:376,1.6993,-0.6049,8.8341,0.0328,-0.012,9.8065,-0.1193,0.029,0.0268,-20.81,-36.94,25.44,254.52,-85.98,118.92,-1.5015632189726793,0.934953537445078,-0.9723601196302438,0.0411974148419992,-0.7677567730050906,-0.939513481708164,False,False,False
52.57458,-1.530553,136.22,19.41,6,131.17,20 / 21,7989014,2019-11-06 18:19:29:476,1.491,-1.1311,9.2332,0.0104,-0.0227,9.8066,-0.1091,0.1121,0.1216,-20.81,-36.69,25.5,253.09,-86.02,116.2,-1.2098520665170822,1.3989116460528817,-0.5734271215088829,1.5249452028609711,-2.281445219295482,-0.5619922532398772,False,False,False
52.57458,-1.530553,136.22,19.41,6,131.17,20 / 21,7989114,2019-11-06 18:19:29:576,2.1307,-1.3509,10.5215,0.0071,0.0144,9.8066,0.0278,-0.018,-0.0171,-20.5,-36.75,25.94,253.66,-86.05,115.47,-1.783066449800005,1.7872929831295647,0.7148852271892522,0.9163966230584976,-0.9959103641278272,0.5915472172460777,False,False,False
52.57458,-1.530553,136.22,19.41,6,131.17,20 / 21,7989213,2019-11-06 18:19:29:675,-1.0228,0.6632,8.65,-0.0071,0.002,9.8066,0.1777,0.1501,-0.1965,-20.5,-36.81,25.81,250.21,-86.11,111.88,0.851009141992969,-0.862921645434587,-1.1565920473895943,-0.8878639828760683,-0.2869821381057531,-1.0096353365917206,False,False,False
52.57458,-1.530553,136.22,19.41,6,131.17,20 / 21,7989313,2019-11-06 18:19:29:775,2.4966,0.6426,8.9424,-0.03,-0.0109,9.8066,0.1064,0.245,-0.2101,-20.31,-37.44,25.69,252.35,-86.0,114.19,-2.6079399532970635,-0.0990555900025221,-0.8639725922077416,-0.9950578701620252,-1.2397889542869347,-1.1693200528816403,False,False,False
52.57458,-1.530553,136.22,19.41,6,131.17,20 / 21,7989414,2019-11-06 18:19:29:876,-1.4302,-0.8037,11.4378,-0.0284,0.0029,9.8066,-0.131,0.1746,-0.0243,-19.94,-36.62,25.19,253.26,-85.82,116.51,1.541829478226347,0.4888517774401965,1.6310260696156365,0.3908731941834161,0.4142520148449878,1.92751545461102,False,False,False
52.57458,-1.530553,136.22,19.41,6,131.17,20 / 21,7989514,2019-11-06 18:19:29:976,-1.6376,0.6423,9.0633,0.03,-0.0424,9.8065,-0.2121,0.0614,0.0847,-20.12,-36.75,25.44,254.88,-85.78,118.23,1.482894008070022,-1.0250290357323852,-0.743230063126864,-2.025584114970404,2.146866908293007,-1.2302774877999685,False,False,False
52.57458,-1.530553,136.22,19.41,6,131.17,20 / 21,7989614,2019-11-06 18:19:30:076,-0.9695,-1.471,8.0248,0.0523,0.0092,9.8065,-0.0503,-0.1602,0.1734,-20.94,-36.94,25.38,253.56,-86.04,117.87,1.314126630756235,1.2277397163026476,-1.7819227136299594,1.1496783143950875,0.2640388448466586,-1.353020131486082,False,False,False
52.57458,-1.530553,136.22,19.41,6,131.17,20 / 21,7989713,2019-11-06 18:19:30:175,1.347,-0.0565,11.4582,-0.0328,-0.0015,9.8066,0.0479,-0.1272,0.0939,-21.0,-37.25,24.69,255.31,-86.03,119.67,-1.336101678498173,0.3484845542579726,1.6516798782324582,-0.8263327364742108,-0.8290569745541315,1.0188642650913604,False,False,False
52.57458,-1.530553,136.22,19.41,6,131.17,20 / 21,7989814,2019-11-06 18:19:30:276,0.6564,2.6175,9.3373,0.0004,0.025,9.8066,0.1548,-0.2163,0.0289,-20.75,-36.44,25.06,256.11,-85.94,120.47,-1.19443736544463,-2.392699627379407,-0.4689803974241762,-2.38505131433763,-2.1041989581654983,0.039313259922817,False,False,False
52.573612,-1.528705,135.68,17.22,6,128.82,19 / 19,7989914,2019-11-06 18:19:30:376,0.5538,-1.441,11.6164,0.0006,0.0049,9.8066,0.1447,-0.1605,0.0253,-20.94,-37.06,25.13,255.94,-85.82,120.54,-0.2315779551783538,1.5308386747459588,1.8096788921180056,0.159480481535979,0.0596830768621794,1.1007654669189813,False,False,False
52.573612,-1.528705,135.68,17.22,6,128.82,19 / 19,7990013,2019-11-06 18:19:30:475,-0.5384,2.501,10.175,0.0115,0.0183,9.8066,-0.1509,-0.0769,0.2,-20.37,-37.25,25.25,256.58,-85.86,119.87,0.0071691493274526,-2.542826444072192,0.3686327964588833,-2.4384480609617,-0.6978468069734147,0.8770647483039609,False,False,False
52.573612,-1.528705,135.68,17.22,6,128.82,19 / 19,7990113,2019-11-06 18:19:30:575,2.7756,-0.3068,11.6501,-0.0143,0.0307,9.8065,-0.2397,-0.031,0.1738,-20.12,-36.87,25.31,251.69,-86.16,114.54,-2.653353312222442,0.925558539083171,1.8437371860567395,-0.6029291460855943,-1.983909767728038,1.1451474846184877,False,False,False
52.573612,-1.528705,135.68,17.22,6,128.82,19 / 19,7990214,2019-11-06 18:19:30:676,-2.5311,0.2232,9.0449,0.0273,0.0107,9.8066,0.0235,-0.0728,0.0079,-20.56,-35.81,26.44,252.61,-86.2,115.41,2.453970834089442,-0.7539140451536908,-0.7618362409063812,-0.5960121862931202,1.56259418889999,-0.3361928748697871,False,False,False
52.573612,-1.528705,135.68,17.22,6,128.82,19 / 19,7990314,2019-11-06 18:19:30:776,0.6225,-2.0754,10.1768,0.0001,-0.03,9.8065,0.0981,-0.2405,-0.0499,-20.06,-37.19,25.5,256.88,-85.8,119.05,-0.171303478360662,2.1311574907689828,0.3701187347876251,0.5329261239458796,-0.4804815688129192,-0.2401937142355458,False,False,False
52.573612,-1.528705,135.68,17.22,6,128.82,19 / 19,7990414,2019-11-06 18:19:30:876,0.6836,-2.0414,11.0964,0.0182,0.025,9.8066,0.0312,-0.2794,0.1508,-20.25,-37.0,25.31,253.77,-85.6,117.28,-0.2087512480627406,2.1609385788472344,1.289619143345019,2.298682907714908,-0.3334033379723842,1.5705700674673433,False,False,False
52.573612,-1.528705,135.68,17.22,6,128.82,19 / 19,7990514,2019-11-06 18:19:30:976,-1.678,-1.503,10.3103,0.0385,-0.0147,9.8065,0.0493,-0.3384,0.1919,-20.25,-36.81,24.88,255.3,-85.67,118.77,1.9947282060790608,1.087537256449553,0.5035331962311834,-0.4744103392710415,1.3401350351644383,0.0298683741495902,False,False,False
52.573612,-1.528705,135.68,17.22,6,128.82,19 / 19,7990613,2019-11-06 18:19:31:075,-0.8801,1.0632,8.7273,0.0045,0.0085,9.8066,0.0048,0.0701,0.0399,-20.87,-37.87,24.94,252.67,-85.85,117.29,0.6389224512409785,-1.2193496050187351,-1.079241577238791,-1.1749983070413437,0.8324435483748828,-0.968581193762366,False,False,False
52.573612,-1.528705,135.68,17.22,6,128.82,19 / 19,7990713,2019-11-06 18:19:31:175,-1.7947,-1.1202,10.0115,-0.052,0.0364,9.8064,0.0374,0.1313,-0.1235,-20.44,-36.94,24.94,251.56,-85.88,114.71,1.9494777583698288,0.7578645941987592,0.2048672411131147,-0.672385704751392,0.9789892552198518,-0.1215204090777904,False,False,False
52.573612,-1.528705,135.68,17.22,6,128.82,19 / 19,7990813,2019-11-06 18:19:31:275,0.0445,-0.2562,10.3113,0.0133,-0.0405,9.8065,-0.0701,0.0343,-0.0871,-20.94,-36.87,25.88,252.51,-85.71,115.93,0.0156158280303545,0.2174339903502944,0.5047787394049733,0.1213240369867667,0.4789331776335976,0.4567111098842606,False,False,False
52.573612,-1.528705,135.68,17.22,6,128.82,19 / 21,7990913,2019-11-06 18:19:31:375,-1.2401,-0.1558,9.0345,0.021,-0.0034,9.8066,-0.1357,-0.0457,0.138,-20.87,-37.44,25.13,254.66,-85.71,119.35,1.2644944156753368,-0.1204426486961229,-0.7721948077402173,-1.3556160595252216,0.0633215173143081,-0.9726879930067506,False,False,False
52.573612,-1.528705,135.68,17.22,6,128.82,19 / 21,7991013,2019-11-06 18:19:31:475,-1.3354,3.071,9.5088,0.017,-0.0154,9.8066,0.0595,-0.1455,0.0167,-20.37,-37.12,26.19,261.29,-85.53,123.83,0.6622123834900283,-3.304008628811527,-0.2975521801154051,-3.5445377728640004,1.2964474728691266,-0.4665646472198516,False,False,False
52.573612,-1.528705,135.68,17.22,6,128.82,19 / 21,7991115,2019-11-06 18:19:31:577,-1.9379,-0.3736,9.3447,0.0183,0.0062,9.8065,0.0771,0.0441,-0.129,-20.56,-37.19,25.88,261.23,-85.35,125.24,1.992144174233951,-0.0466686770342081,-0.4619624916046838,-1.0681150087337012,0.6883852803345065,-0.5756041098287552,False,False,False
52.573612,-1.528705,135.68,17.22,6,128.82,19 / 21,7991213,2019-11-06 18:19:31:675,3.448,0.9252,9.0819,0.0193,0.0125,9.8066,-0.0747,0.1562,-0.0243,-20.44,-37.12,25.88,264.16,-85.47,126.81,-3.544568435081755,-0.1596584083767381,-0.7243886192208487,-0.4972794400224202,-1.3225838778029066,-0.9661734444253408,False,False,False
52.573612,-1.528705,135.68,17.22,6,128.82,19 / 21,7991314,2019-11-06 18:19:31:776,-1.4494,0.6098,9.8649,-0.0048,0.0157,9.8066,-0.1002,0.2026,0.0495,-20.87,-36.69,25.0,261.01,-85.65,125.89,1.2844473069993887,-0.8888318795186559,0.0582740550618555,-1.7261165220067114,0.0200278374595512,-0.0098737054115249,False,False,False
52.573612,-1.528705,135.68,17.22,6,128.82,19 / 21,7991414,2019-11-06 18:19:31:876,1.9097,0.7782,9.2643,0.0196,-0.0276,9.8066,-0.0897,0.1329,-0.133,-20.81,-36.94,25.38,261.0,-85.69,125.85,-2.0186077342726936,-0.3837133055409059,-0.5420957980701681,-0.7220354387834274,-1.4016785469923327,-0.8113981882979201,False,False,False
52.573612,-1.528705,135.68,17.22,6,128.82,19 / 21,7991514,2019-11-06 18:19:31:976,-1.271,0.0072,9.8214,0.0216,0.0112,9.8066,-0.041,0.1266,-0.0937,-20.75,-36.44,25.25,263.63,-85.58,128.49,1.2636490322402845,-0.272074013576451,0.0147191866145522,-0.9947438799517716,0.1576813086081443,-0.0414437621259238,False,False,False
52.573612,-1.528705,135.68,17.22,6,128.82,19 / 21,7991614,2019-11-06 18:19:32:076,-2.4354,1.6634,10.3056,-0.0028,0.0026,9.8066,0.0106,0.0748,-0.0092,-20.81,-36.69,25.31,264.87,-85.7,129.75,2.0219505681992302,-2.141842204087434,0.4990273264548704,-2.350467609147368,2.4377930321042784,0.2377641716469693,False,False,False
52.573612,-1.528705,135.68,17.22,6,128.82,19 / 21,7991714,2019-11-06 18:19:32:176,-1.1331,0.9891,8.7898,0.0221,-0.0036,9.8066,0.1411,-0.0214,-0.1015,-20.5,-36.62,25.0,265.24,-85.58,128.99,0.9165255043499448,-1.216549364304803,-1.0167650732030775,-1.9130220016717456,0.0350668218514411,-1.0829832299312572,False,False,False
52.573612,-1.528705,135.68,17.22,6,128.82,19 / 21,7991814,2019-11-06 18:19:32:276,2.8144,2.1905,10.1564,0.023,0.0195,9.8065,0.0064,0.3054,-0.1587,-21.06,-37.06,25.38,264.71,-85.72,129.57,-3.1905337968877223,-1.5249144315661756,0.3503070614738232,-1.4663640636702642,-1.741772542754609,0.1216655944115873,False,False,False
52.573612,-1.528705,135.68,17.22,6,128.82,19 / 22,7991915,2019-11-06 18:19:32:377,-2.3418,0.6331,10.4193,0.0104,0.0368,9.8066,-0.1341,0.3489,-0.1438,-20.87,-36.44,24.63,262.07,-85.74,126.74,2.17069551885171,-1.0847120165274442,0.6126178463267906,-1.831562943402548,1.3458627418187592,0.5253419686954413,False,False,False
52.573612,-1.528705,135.68,17.22,6,128.82,19 / 22,7992013,2019-11-06 18:19:32:475,-2.6512,0.572,9.1828,-0.0495,0.0051,9.8065,-0.0908,0.2255,-0.0005,-21.06,-37.0,24.56,264.41,-85.77,129.21,2.4206159544576105,-1.1093742046869253,-0.6238008215773067,-0.6726386503068581,2.119530282229276,-0.804797923822582,False,False,False
52.573612,-1.528705,135.68,17.22,6,128.82,19 / 22,7992113,2019-11-06 18:19:32:575,0.7731,-1.6013,10.1698,0.0247,-0.0079,9.8066,-0.0237,-0.1067,-0.0327,-20.94,-37.0,25.13,264.76,-85.76,129.57,-0.3909051757704038,1.7164818430319009,0.3630751796773214,0.8880171160589825,-0.8630577092166414,0.252595853228724,False,False,False
52.573612,-1.528705,135.68,17.22,6,128.82,19 / 22,7992214,2019-11-06 18:19:32:676,-2.5275,-0.5355,9.8597,0.0145,-0.0108,9.8066,0.0586,-0.2058,0.109,-20.94,-37.19,25.44,267.93,-85.8,132.72,2.595416843649511,-0.0301368944591088,0.0528854922712512,0.8373705301667269,2.05552598884873,-0.0725253409946889,False,False,False
52.573612,-1.528705,135.68,17.22,6,128.82,19 / 22,7992314,2019-11-06 18:19:32:776,-1.3918,0.9971,9.605,-0.0506,0.0007,9.8065,0.0641,-0.1502,0.0777,-21.12,-37.06,24.81,264.96,-86.16,129.32,1.0975147691434486,-1.259802088760222,-0.2014762483951499,-2.129177876651735,0.7479587630761209,-0.331017859534948,False,False,False
52.573612,-1.528705,135.68,17.22,6,128.82,19 / 22,7992414,2019-11-06 18:19:32:876,-1.6034,-1.386,10.7726,0.0193,0.0245,9.8066,0.0557,-0.0177,-0.036,-21.25,-37.0,25.19,263.65,-86.32,127.81,1.8865187624755413,1.0316009269336928,0.9657473926329284,2.304839596608845,1.9489426105954104,0.8987274466165713,False,False,False
52.573612,-1.528705,135.68,17.22,6,128.82,19 / 22,7992513,2019-11-06 18:19:32:975,0.4837,-2.0652,9.5999,0.0191,-0.0211,9.8066,0.0706,0.343,-0.1033,-20.94,-36.75,25.06,265.18,-86.29,129.39,-0.0174680773988718,2.096142616251357,-0.2068909340858177,1.3058598748755794,-0.2821789785851687,-0.3461278665328722,False,False,False
52.573612,-1.528705,135.68,17.22,6,128.82,19 / 22,7992614,2019-11-06 18:19:33:076,2.5126,3.5227,10.1638,0.0133,0.0175,9.8065,-0.0045,0.534,-0.1967,-21.37,-36.75,24.94,267.44,-86.27,131.69,-3.190033897926952,-2.890714537615296,0.3578323798883618,-1.308136548063974,-1.8913346760888068,0.3466740858268078,False,False,False
52.573612,-1.528705,135.68,17.22,6,128.82,19 / 22,7992714,2019-11-06 18:19:33:176,-1.556,-3.2573,10.8672,0.0342,0.0442,9.8064,-0.195,0.5197,-0.2366,-21.31,-37.06,24.81,266.56,-86.3,130.77,2.2585236769014885,2.885943863847165,1.0603460499281734,2.3506212108557616,1.8188620523793797,0.9268294771105314,False,False,False
52.573612,-1.528705,135.68,17.22,6,128.82,19 / 22,7992814,2019-11-06 18:19:33:276,2.4533,3.5059,10.8059,-0.0373,0.0188,9.8065,-0.0802,0.4789,0.0146,-20.87,-36.75,25.13,268.21,-86.65,132.03,-3.177616226925688,-2.874830510602972,0.999929887384517,-1.11108293407668,-1.8360123954211267,1.0359540212226652,False,False,False
52.573612,-1.528705,135.68,17.22,6,128.82,19 / 22,7992914,2019-11-06 18:19:33:376,-2.0424,-4.0963,10.8051,0.0329,0.0679,9.8063,-0.086,0.1428,-0.2375,-21.94,-36.75,25.56,262.69,-86.52,126.66,2.9166276404594704,3.625171307222709,0.9982231064231194,3.521634540528968,1.9203508058133,0.8913004732533458,False,False,False
52.573612,-1.528705,135.68,17.22,6,128.82,19 / 22,7993014,2019-11-06 18:19:33:476,-0.6898,-1.5454,8.7072,0.0083,-0.0347,9.8065,-0.079,-0.0484,0.0341,-21.87,-36.94,25.13,265.6,-86.74,130.56,1.004460059239331,1.3267122610048712,-1.09950586896672,3.17484893359288,1.2325809226783082,-1.0284847391954344,False,False,False
52.573612,-1.528705,135.68,17.22,6,128.82,19 / 22,7993114,2019-11-06 18:19:33:576,-1.3511,-2.5137,10.0544,-0.0001,-0.0012,9.8066,0.102,-0.2937,0.1743,-21.5,-36.06,25.13,272.06,-86.41,136.06,1.8563119127378955,2.1661345196828656,0.2474457824770105,2.6073364775759407,1.8792998990022944,0.1880999585795577,False,False,False
52.573612,-1.528705,135.68,17.22,6,128.82,19 / 22,7993214,2019-11-06 18:19:33:676,-1.1618,-0.2041,9.5191,-0.0191,-0.0263,9.8066,0.1374,-0.3536,0.0708,-21.81,-36.69,25.06,271.51,-86.43,136.83,1.1542883421505288,-0.070304277844339,-0.2875901801038585,1.8518276592971328,1.4888398382719412,-0.1899952415250711,False,False,False
52.573612,-1.528705,135.68,17.22,6,128.82,19 / 22,7993313,2019-11-06 18:19:33:775,1.1769,2.4431,9.3289,-0.0229,-0.0009,9.8065,0.0527,-0.2145,0.1683,-22.06,-36.31,24.75,272.69,-86.71,137.61,-1.6939922523375444,-2.131517888107699,-0.4772625500678532,-1.1341393791892214,-1.6068490023481918,-0.4761996298799229,False,False,False
52.573612,-1.528705,135.68,17.22,6,128.82,19 / 22,7993413,2019-11-06 18:19:33:875,-0.7051,0.1327,9.6475,0.0025,-0.0281,9.8065,0.0476,-0.1833,0.083,-22.94,-36.31,25.06,272.73,-86.63,138.93,0.6569376200195505,-0.3081864193215022,-0.1590267095454077,1.775330726638172,1.1793164896670365,-0.0323848219066423,False,False,False
52.573612,-1.528705,135.68,17.22,6,128.82,19 / 22,7993514,2019-11-06 18:19:33:976,1.4294,2.0329,9.5653,-0.0258,-0.0049,9.8066,0.0533,-0.0901,0.0343,-22.06,-36.37,25.31,272.72,-86.84,137.49,-1.856755372296874,-1.680132348108332,-0.2409903530987967,-0.2006364136807749,-1.7683356900622904,-0.1793798693340282,False,False,False
52.573612,-1.528705,135.68,17.22,6,128.82,19 / 22,7993614,2019-11-06 18:19:34:076,0.1237,0.5095,11.0549,0.011,-0.0132,9.8066,0.104,0.106,0.0097,-22.37,-36.31,24.81,269.56,-86.98,134.18,-0.2215984511677707,-0.4864698232414372,1.2483632113753955,1.8995660185781436,0.5742111069995632,1.4176470922195512,False,False,False
52.573612,-1.528705,135.68,17.22,6,128.82,19 / 22,7993714,2019-11-06 18:19:34:176,0.4794,3.1709,10.0432,-0.0037,-0.0048,9.8066,0.0202,0.2544,-0.2272,-22.5,-36.87,24.63,270.46,-87.11,135.02,-1.1499842740587314,-2.999302636840821,0.2369715638158168,-1.133193417739424,-1.097637242771699,0.3507586384754863,False,False,False
52.573612,-1.528705,135.68,17.22,6,128.82,19 / 22,7993814,2019-11-06 18:19:34:276,0.1906,0.2499,10.1494,0.006,0.0207,9.8066,-0.1013,0.2905,-0.1144,-21.62,-36.19,24.75,271.97,-87.21,136.34,-0.2292510947277602,-0.1844694185166555,0.3428361258651876,2.622223110105907,0.8735003693922979,0.5710847823507207,False,False,False
52.573612,-1.528705,135.68,17.22,6,128.82,20 / 22,7993914,2019-11-06 18:19:34:376,-2.2334,-2.0005,9.9007,0.0259,-0.005,9.8065,-0.0108,0.2494,-0.0996,-22.12,-36.44,24.75,272.33,-87.02,136.9,2.633269725469399,1.4671107892494946,0.0938448986042561,3.678403917117252,2.057444736470909,0.2535711537425018,False,False,False
52.573612,-1.528705,135.68,17.22,6,128.82,20 / 22,7994014,2019-11-06 18:19:34:476,0.1186,0.7616,9.4731,0.0175,0.0197,9.8066,-0.0139,0.1597,-0.088,-22.87,-36.25,24.81,273.15,-87.04,138.91,-0.2571997658974786,-0.703237161563437,-0.3334139244519971,2.5547107067595904,1.094823167263644,-0.0382789862129663,False,False,False
52.573612,-1.528705,135.68,17.22,6,128.82,20 / 22,7994113,2019-11-06 18:19:34:575,-2.378,-2.5257,10.5899,0.0092,0.0294,9.8065,0.0631,0.1483,-0.0559,-22.62,-35.75,25.69,275.03,-87.29,139.33,2.877758396548039,1.9865622105572551,0.7829767587119916,4.5963747454558055,2.1995195031625125,0.9934400720290328,False,False,False
52.573612,-1.528705,135.68,17.22,6,128.82,20 / 22,7994213,2019-11-06 18:19:34:675,2.339,2.8701,9.4923,0.0044,0.0348,9.8065,-0.1546,0.1176,-0.059,-23.06,-35.87,24.69,280.27,-87.54,145.46,-2.886157552193627,-2.271488603141873,-0.3137498999398642,1.3687461579867426,-0.5373837026233177,0.0425500570731931,False,False,False
52.573612,-1.528705,135.68,17.22,6,128.82,20 / 22,7994314,2019-11-06 18:19:34:776,-1.7758,-2.6374,10.0335,0.0503,0.0296,9.8065,0.0363,-0.1543,0.1639,-22.94,-36.31,25.88,278.8,-87.51,142.86,2.353442080017197,2.2156313315228493,0.2265996221943407,5.350435415743779,2.536368673234019,0.5037584918471063,False,False,False
52.573612,-1.528705,135.68,17.22,6,128.82,20 / 22,7994414,2019-11-06 18:19:34:876,3.1877,4.0017,9.6737,0.0231,0.0193,9.8065,0.0735,-0.3421,0.1261,-22.87,-36.12,25.19,283.28,-87.67,148.31,-3.941920688111024,-3.214907438502013,-0.1321749238953133,0.6890788046177749,-0.5836648913768195,0.2704242083590805,False,False,False
52.573612,-1.528705,135.68,17.22,6,128.82,20 / 22,7994514,2019-11-06 18:19:34:976,-2.1023,0.8576,9.8898,0.0455,0.0409,9.8064,0.0248,-0.4964,0.3739,-22.75,-35.87,25.38,279.51,-87.57,144.68,1.9239068763232408,-1.2564369016921824,0.0833542638519385,2.529915011942851,2.970502218845321,0.4457976086560401,False,False,False
52.573612,-1.528705,135.68,17.22,6,128.82,20 / 22,7994614,2019-11-06 18:19:35:076,3.4126,4.3554,9.4761,-0.0176,0.0094,9.8066,-0.0435,-0.6154,0.358,-22.37,-35.87,24.31,275.76,-88.15,140.31,-4.279044994455195,-3.5134330010422405,-0.3298193029755265,0.5679482630783945,-0.7197671928609992,0.105396780576941,False,False,False
