GPS LATITUDE (degrees),GPS LONGITUDE (degrees),GPS ALTITUDE (m),GPS SPEED (Kmh),GPS ACCURACY (m),GPS ORIENTATION (Â°),GPS SATELLITES IN RANGE,TIME SINCE START (ms),DATE (YYYY-MO-DD HH-MI-SS_SSS),ACCELEROMETER X (m/s²),ACCELEROMETER Y (m/s²),ACCELEROMETER Z (m/s²),GRAVITY X (m/s²),GRAVITY Y (m/s²),GRAVITY Z (m/s²),GYROSCOPE Yaw (rad/s),GYROSCOPE Pitch (rad/s),GYROSCOPE Roll (rad/s),MAGNETIC FIELD X (Î¼T),MAGNETIC FIELD Y (Î¼T),MAGNETIC FIELD Z (Î¼T),ORIENTATION (Yaw) (Â°),ORIENTATION (Pitch) (Â°),ORIENTATION (Roll ) (Â°),accel_lateral,accel_forward,accel_vertical,accel_forward_filt,accel_lateral_filt,accel_vertical_filt,gyro_yaw_filt,gyro_pitch_filt,gyro_roll_filt,is_idle,is_harsh_brake,is_sharp_turn
52.563107,-1.498144,143.98,19.41,4,117.13,22 / 23,8124915,2019-11-06 18:21:45:377,2.9032,2.7091,9.0967,0.0258,0.0452,9.8064,0.0949,-0.702,0.3478,-25.06,-36.69,23.06,324.8,-88.44,-166.82,1.6464843857296296,3.55903322459948,-0.7084064749460994,0.0617107793714732,-0.0155464520990041,-0.0951896752446423,0.0947674277805612,-0.7029091876824016,0.3481407836210154,False,False,False
52.563107,-1.498144,143.98,19.41,4,117.13,22 / 23,8125013,2019-11-06 18:21:45:475,0.1345,0.4251,10.0103,-0.038,-0.0608,9.8063,-0.0618,0.5939,-0.2717,-25.12,-36.31,22.44,326.55,-88.37,-163.82,-0.025480174768621,0.5149053467090893,0.2041918329026738,-2.9356071298936315,-1.555263652566765,0.8374048175612498,-0.0418282381958457,0.4303893724467752,-0.1862151619230567,False,False,False
52.563107,-1.498144,143.98,19.41,4,117.13,22 / 23,8125114,2019-11-06 18:21:45:576,-3.6349,-3.892,11.0083,-0.003,0.0111,9.8066,-0.0141,-0.2325,0.157,-24.81,-36.12,23.31,323.84,-88.46,-167.8,-1.87236346971322,-4.992345980268749,1.199877810686548,-8.098861803318028,-3.499374578433491,1.7851235735290092,-0.0485256492615519,0.0610710605040014,0.0040381798303007,False,False,False
52.563107,-1.498144,143.98,19.41,4,117.13,22 / 23,8125213,2019-11-06 18:21:45:675,2.5897,3.2003,9.0073,-0.0262,-0.0717,9.8063,-0.1307,0.5105,-0.2482,-24.94,-36.62,22.81,330.34,-88.45,-161.43,1.1731595158929984,4.021811367252115,-0.7975261039686263,0.8967538772416144,-0.0704753181891796,-0.196427096501905,-0.0905786813284583,0.1408735392455712,-0.0568224302393828,False,False,False
52.563107,-1.498144,143.98,19.41,4,117.13,22 / 23,8125313,2019-11-06 18:21:45:775,0.476,-0.6911,9.907,-0.0068,-0.0043,9.8066,-0.019,-0.1496,0.0776,-25.75,-36.69,22.81,322.65,-88.63,-167.95,0.7079216864856287,-0.4513015948126763,0.1002197401856461,-3.423375189148652,-0.9345246096961496,0.679005368365487,-0.0554804456691977,0.2401557896071067,-0.1217052110901968,False,False,False
52.563107,-1.498144,143.98,19.41,4,117.13,22 / 23,8125414,2019-11-06 18:21:45:876,2.6525,2.9932,9.6531,-0.0397,-0.0442,9.8065,0.0157,0.3188,-0.1787,-24.87,-35.94,22.56,332.94,-88.62,-159.0,1.333042112651906,3.8336883347866695,-0.1519988079465037,1.3550721878828371,0.4267781039456264,0.3822696230929149,0.0411446960518861,-0.0445144262098904,0.0028058964136941,False,False,False
52.563107,-1.498144,143.98,19.41,4,117.13,22 / 23,8125514,2019-11-06 18:21:45:976,-0.5491,-2.6249,10.0319,-0.0033,0.0282,9.8066,0.0959,-0.3364,0.1225,-25.5,-35.87,22.81,332.58,-88.69,-159.39,0.5054015337710972,-2.6611755357268865,0.2243020234205251,-5.847357260115657,-1.2112866723095226,0.8255543150274953,0.0852113905037692,-0.033503395805677,-0.0223925462725398,False,False,False
52.563107,-1.498144,143.98,19.41,4,117.13,22 / 23,8125614,2019-11-06 18:21:46:076,-1.5699,0.5571,10.2734,-0.0178,-0.0234,9.8066,-0.0309,0.0598,-0.0496,-24.94,-36.62,23.25,332.11,-88.82,-159.89,-1.6562115084431477,-0.0543095563767446,0.4668091809151099,-1.576852159722022,-2.1896474203039045,0.9038057926194392,-0.0339825916094785,-0.16032565346202,0.0467698404228656,False,False,False
52.563107,-1.498144,143.98,19.41,4,117.13,22 / 23,8125714,2019-11-06 18:21:46:176,4.6458,3.8307,10.4341,0.0765,0.0539,9.8061,-0.0511,-0.7222,0.375,-25.37,-36.62,22.88,301.82,-88.73,170.39,2.78728508510061,5.231766313130901,0.6298950937770382,1.5910479722507724,0.1867475214921105,1.2686717754852537,-0.0399330089811366,-0.5965534959492483,0.3321830115564135,False,False,False
52.563107,-1.498144,143.98,19.41,4,117.13,22 / 23,8125813,2019-11-06 18:21:46:275,2.0913,0.3212,10.1377,-0.0018,0.0627,9.8064,0.2339,-0.7967,0.4452,-25.5,-36.25,23.25,311.22,-88.76,179.59,1.837057092797116,1.035797973596861,0.3316524471437626,0.5799784933087904,1.6557566675127855,0.6645027078343699,0.2229505053890671,-0.8269362773323656,0.4366334233428045,False,False,False
52.563107,-1.498144,143.98,19.41,4,117.13,21 / 21,8125914,2019-11-06 18:21:46:376,5.4522,5.5376,8.0703,0.0064,0.1143,9.8059,0.1763,-0.7985,0.3117,-25.56,-37.25,22.56,327.62,-88.46,-162.99,2.9708751453765987,7.088848773611958,-1.733018126115196,3.010811636436052,0.1347756294030661,-1.0698696452808176,0.1801664344265754,-0.8545030821776042,0.3631643415325264,False,False,False
52.563107,-1.498144,143.98,19.41,4,117.13,21 / 21,8126013,2019-11-06 18:21:46:475,-4.742,-5.161,11.1566,0.0338,0.0885,9.8061,0.0441,-1.0428,0.5525,-25.31,-36.25,23.06,319.22,-88.91,-172.63,-2.4175093842035853,-6.6729109822306585,1.3480628844801996,-6.241750478005739,-1.9221728801692175,1.6009617411988395,0.0492376663099848,-0.91659567506332,0.4697189866165538,False,False,False
52.563107,-1.498144,143.98,19.41,4,117.13,21 / 21,8126114,2019-11-06 18:21:46:576,2.0438,0.7568,10.8064,0.0388,0.0833,9.8061,0.1394,-0.4762,0.2818,-24.94,-36.25,22.31,315.5,-89.19,-175.23,1.5976042202149512,1.3857539036561997,1.0007867975013358,-2.832280528834706,-0.2081725154822878,1.6470906852932985,0.1286189125675652,-0.6548518920651554,0.3855591688505653,False,False,False
52.563107,-1.498144,143.98,19.41,4,117.13,21 / 21,8126214,2019-11-06 18:21:46:676,-2.4432,-3.4775,9.4922,0.0564,0.0495,9.8063,0.035,-0.5849,0.2861,-24.75,-36.75,22.81,325.34,-89.01,-166.66,-0.9685537572772576,-4.212915562507501,-0.3156486218031492,-3.316435616077784,-0.7801028750655755,-0.0947623697920428,0.0455676194749149,-0.3686526468467989,0.1676397953789123,False,False,False
52.563107,-1.498144,143.98,19.41,4,117.13,21 / 21,8126313,2019-11-06 18:21:46:775,2.102,0.9413,9.7287,0.0148,0.016,9.8066,-0.0195,-0.0593,0.0127,-25.37,-36.19,22.94,333.6,-88.92,-158.5,1.5777288491160009,1.6502867840930864,-0.0773146099698911,-2.241800320122141,-0.022087956940814,0.4959135699686813,-0.0250901700748014,-0.3029619650564086,0.1433996279279185,False,False,False
52.563107,-1.498144,143.98,19.41,4,117.13,21 / 21,8126414,2019-11-06 18:21:46:876,-1.4343,-2.7619,10.7369,0.0278,0.0485,9.8065,-0.0238,-0.4555,0.2746,-25.62,-36.25,22.56,326.68,-89.02,-164.25,-0.2819915213177987,-3.1557466654359927,0.9292322075210732,-2.297268665213688,-0.1431891569275227,1.173065735262253,-0.0246807032139326,-0.1913109906377839,0.1328873328026312,False,False,False
52.563107,-1.498144,143.98,19.41,4,117.13,21 / 21,8126514,2019-11-06 18:21:46:976,1.6742,2.8697,9.4972,0.0287,0.0134,9.8065,-0.0327,0.1296,-0.0037,-25.44,-36.62,22.25,337.67,-89.05,-153.28,0.434115463267233,3.2677834632277127,-0.3080932196718619,0.1469862045659655,-0.8292313657240548,0.1389906744779725,-0.0271301101074677,-0.1485844075340535,0.1458554393810868,False,False,False
52.563107,-1.498144,143.98,19.41,4,117.13,21 / 21,8126614,2019-11-06 18:21:47:076,0.5012,-0.1789,10.0093,0.0155,0.043,9.8065,0.1192,-0.2777,0.0671,-24.87,-36.87,22.5,321.46,-89.04,-170.5,0.5336075132231669,-0.0203473901629606,0.2027830011252023,0.4127716631981286,0.5044184750490827,0.513811730611047,0.1122618087920866,0.005654080253933,-0.0827729741302111,False,False,False
52.563107,-1.498144,143.98,19.41,4,117.13,21 / 21,8126714,2019-11-06 18:21:47:176,3.4725,2.5105,10.4958,-0.0551,-0.029,9.8064,0.0539,0.4845,-0.4219,-24.87,-36.5,22.25,320.53,-88.96,-170.1,2.295104147292261,3.691027193815788,0.6907311905468126,1.5814423608833708,1.136712189547275,0.9774614219617253,0.0595890905348952,0.2080280831105474,-0.2837340279042921,False,False,False
52.563107,-1.498144,143.98,19.41,4,117.13,21 / 21,8126814,2019-11-06 18:21:47:276,-0.719,-0.4641,8.7442,0.0572,0.0108,9.8064,-0.2131,-0.0376,0.1194,-25.31,-36.44,22.38,294.88,-88.81,164.71,-0.5369580826198186,-0.7342565737833572,-1.0624634541315645,-0.8436501406880934,-0.7668505858024321,-0.6633628508785435,-0.2166360971376075,0.2182108047541973,0.0059895465894303,False,False,False
52.563107,-1.498144,143.98,19.41,4,117.13,21 / 22,8126914,2019-11-06 18:21:47:376,-0.0059,-3.5805,10.6791,0.004,-0.0668,9.8064,-0.2125,0.5194,-0.067,-25.0,-36.5,22.75,307.5,-89.19,175.57,1.3286033834602151,-3.2531751398818307,0.8714674685339077,-4.425117346890492,0.829911332011595,0.9914185652408576,-0.2111732143887919,0.2965450044403895,0.0133957900435385,False,False,False
52.563107,-1.498144,143.98,19.41,4,117.13,21 / 22,8127013,2019-11-06 18:21:47:475,-0.9536,-1.9409,10.432,-0.0496,-0.0084,9.8065,0.0296,0.1419,-0.1929,-25.06,-36.62,22.19,337.29,-89.1,-153.67,-0.1001633596494154,-2.131367545520558,0.6247096824008865,-2.5782343602925817,-0.4603243016011838,1.1041846267497282,0.0308783326165776,0.3240797038354661,-0.2408921314563492,False,False,False
52.563107,-1.498144,143.98,19.41,4,117.13,21 / 22,8127113,2019-11-06 18:21:47:575,-2.0836,-1.8826,9.8642,-0.0516,-0.0475,9.8064,0.1151,0.4461,-0.2664,-25.56,-36.5,22.31,326.01,-89.13,-163.71,-1.180305602115026,-2.470546015873307,0.0569027158263892,-3.081620327221652,-1.4489954292169804,0.0332061618646948,0.110483291096554,0.3063975654315029,-0.2417223389172789,False,False,False
52.563107,-1.498144,143.98,19.41,4,117.13,21 / 22,8127213,2019-11-06 18:21:47:675,3.389,1.2734,9.9193,0.0013,-0.0198,9.8066,-0.0694,0.2425,-0.1641,-25.44,-35.75,22.06,334.81,-89.0,-156.07,2.6402234950387635,2.485537965662247,0.1135770113045508,2.156631482464592,1.6646020926815923,0.6379718085968504,-0.0610147646886895,0.3428052172133432,-0.1792257009662199,False,False,False
52.563107,-1.498144,143.98,19.41,4,117.13,21 / 22,8127314,2019-11-06 18:21:47:776,1.0108,1.4033,9.3901,0.0101,-0.0333,9.8065,-0.164,0.1984,-0.054,-24.75,-36.19,22.63,324.99,-88.91,-166.96,0.3783845122835461,1.7095520882413844,-0.415771365600693,1.1076845728394122,0.143443018668111,-0.533324022381469,-0.1756819616478612,0.132398212628347,-0.0347208043732033,False,False,False
52.563107,-1.498144,143.98,19.41,4,117.13,21 / 22,8127414,2019-11-06 18:21:47:876,1.4045,-0.8312,10.5565,0.009,-0.0087,9.8066,-0.0204,-0.0299,0.0,-25.06,-35.94,22.75,331.6,-88.93,-160.47,1.603561351422454,-0.2295385447689231,0.7497863420265529,0.0921578024304292,1.4784814739437413,1.2605516723579475,-0.0080172844962732,0.0060002253161582,-0.0330330201405306,False,False,False
52.563107,-1.498144,143.98,19.41,4,117.13,21 / 22,8127514,2019-11-06 18:21:47:976,-1.8034,0.0169,9.1558,-0.0308,-0.0006,9.8065,0.0103,0.0641,-0.142,-25.5,-36.25,22.19,333.31,-89.06,-157.57,-1.6457789594800916,-0.6584436071518438,-0.6509156110691275,-1.774002099086614,-2.0382235429444147,-0.7929962691751578,0.0036618304715064,0.05569589301371,-0.0919036135100604,False,False,False
52.563107,-1.498144,143.98,19.41,4,117.13,21 / 22,8127614,2019-11-06 18:21:48:076,-1.3557,0.333,7.9743,0.0035,0.0407,9.8065,-0.0327,-0.0316,0.0515,-25.0,-36.37,23.06,331.67,-89.27,-160.58,-1.3681555637777012,-0.2465094060811821,-1.8322675121328824,1.120244014031119,-1.1393758286487712,-1.4061887142892384,-0.0422323358081634,-0.047376487406261,-0.0132281412977279,False,False,False
52.563107,-1.498144,143.98,19.41,4,117.13,21 / 22,8127714,2019-11-06 18:21:48:176,2.1292,-0.597,10.7133,-0.0033,0.0256,9.8066,0.0158,-0.0722,-0.1139,-25.31,-36.56,22.38,324.52,-89.48,-166.49,2.2089540738103683,0.2358406059057804,0.9067485916187412,-1.6789156860282743,1.33474731116422,0.8134703416534986,0.0525202005370984,-0.0401798478808833,-0.0398580852678976,False,False,False
52.563107,-1.498144,143.98,19.41,4,117.13,21 / 22,8127814,2019-11-06 18:21:48:276,-2.7475,-1.689,7.8313,0.0685,0.009,9.8064,-0.2502,-0.1993,0.1474,-25.0,-36.69,22.06,278.9,-89.46,148.14,-1.9574952261429068,-2.6415014529719105,-1.9760471966972395,-0.1554942436427112,-1.3344497649775984,-1.697149868127251,-0.3193581079611274,-0.2320510930329117,0.0688316605922613,False,False,False
52.563107,-1.498144,143.98,19.41,4,117.13,21 / 22,8127914,2019-11-06 18:21:48:376,5.5292,1.8272,12.4753,0.075,0.01,9.8063,-0.4142,-0.6401,0.3364,-24.75,-36.12,21.63,241.02,-88.88,110.73,4.351641600630547,3.755886878667068,2.670319009840989,1.1326337552108854,1.067384910384089,2.6769571758831963,-0.3187344213114027,-0.6293039082043329,0.4174005139868104,False,False,False
52.563107,-1.498144,143.98,19.41,4,117.13,21 / 22,8128014,2019-11-06 18:21:48:476,-2.6238,-4.6003,11.0086,0.0329,0.0764,9.8062,0.3695,-0.7535,0.7378,-25.0,-36.81,22.38,234.81,-89.2,104.19,-0.6760797287232417,-5.336406145802672,1.2004287515087977,-2.057581815670707,0.254866332514146,1.307030554217996,0.2650142082226368,-0.7170147604752336,0.6532116666136176,False,False,False
52.563107,-1.498144,143.98,19.41,4,117.13,21 / 22,8128114,2019-11-06 18:21:48:576,-1.683,-0.1955,9.7608,-0.0037,0.1035,9.8061,0.1212,-0.6538,0.3941,-25.56,-36.75,22.31,341.04,-89.21,-148.91,-1.4389962320511371,-0.9158115016342828,-0.0456148837222008,-3.768140703259873,-2.5118299070675723,0.0623812172035226,0.213822361673092,-0.758656215564889,0.4866227799754548,False,False,False
52.563107,-1.498144,143.98,19.41,4,117.13,21 / 22,8128213,2019-11-06 18:21:48:675,-4.6446,-6.117,11.2792,-0.0332,0.0608,9.8063,0.2759,-0.8455,0.2983,-25.06,-36.19,22.25,9.25,-89.76,-122.14,-1.912064153812528,-7.4687551079964605,1.4701581610432195,-4.063519859861539,-0.8651408206933291,1.4374594331782755,0.209582165986347,-0.6617771954406082,0.190955992064784,False,False,False
52.563107,-1.498144,143.98,19.41,4,117.13,21 / 22,8128313,2019-11-06 18:21:48:775,2.5131,3.8163,7.6887,-0.0064,0.079,9.8063,0.2178,-0.2573,0.0736,-25.25,-36.5,21.94,8.43,-89.54,-122.99,0.9068462083801644,4.415857893004132,-2.1159750289499253,2.071233994797708,-0.0977234600933649,-1.9640519589993228,0.2553810867080209,-0.5159210343091488,0.2028909185657429,False,False,False
52.563107,-1.498144,143.98,19.41,4,117.13,21 / 22,8128413,2019-11-06 18:21:48:875,-3.2622,-2.7964,10.305,0.1005,0.0784,9.8058,-0.1889,-0.7439,0.4877,-25.37,-36.31,21.69,299.22,-89.97,167.91,-2.0149457440446388,-3.938736318494403,0.4977718673544682,-1.21925176780862,-1.0786750047617224,0.4110020511999597,-0.2052400402078649,-0.4293705496894717,0.3325900465823653,False,False,False
52.563107,-1.498144,143.98,19.41,4,117.13,21 / 22,8128513,2019-11-06 18:21:48:975,3.7093,4.1,9.4853,0.0701,0.0243,9.8063,-0.1535,0.0683,0.0927,-25.0,-36.75,22.19,57.99,-89.79,-73.56,1.8134167110728936,5.154399347711083,-0.3191164776647126,4.07016592309547,1.1001616419983278,-0.2180873205454256,-0.1483279254274043,-0.2707696445529636,0.2710903471141936,False,False,False
52.563107,-1.498144,143.98,19.41,4,117.13,21 / 22,8128614,2019-11-06 18:21:49:076,0.4653,-0.4424,10.1463,0.0015,0.0603,9.8064,0.1427,-0.4643,0.1407,-25.44,-36.31,22.25,183.88,-89.89,52.54,0.6202659336084374,-0.2883889760524875,0.3397818566319448,1.0562009885732486,1.1978261412381297,0.3014261947072277,0.1427495972260052,-0.139450664945574,-0.0493724304924357,False,False,False
52.563107,-1.498144,143.98,19.41,4,117.13,21 / 22,8128714,2019-11-06 18:21:49:176,3.4627,3.8449,9.3789,-0.0089,-0.0162,9.8066,-0.0045,0.222,-0.2126,-25.56,-36.5,22.44,240.21,-89.94,110.03,1.7401397510778327,4.892191649078545,-0.4259126382310464,5.566131893774243,1.4820102704336322,-0.4644935438756198,-0.0095371434298656,-0.0488795413943839,-0.0335717387693586,False,False,False
52.563107,-1.498144,143.98,19.41,4,117.13,21 / 22,8128814,2019-11-06 18:21:49:276,-1.7672,1.212,8.6327,0.0864,0.0344,9.8061,-0.0745,-0.0375,0.0848,-25.37,-37.25,22.0,281.84,-89.58,150.95,-2.162363490251729,0.3836445289907702,-1.173219200065279,0.0339508014582112,-1.8919957863129029,-1.0893247880617192,-0.0617046285679721,0.1462050117360038,-0.0502529713435944,False,False,False
52.563107,-1.498144,143.98,19.41,4,117.13,21 / 22,8128914,2019-11-06 18:21:49:376,-3.298,-6.2603,10.5528,-0.0339,-0.0817,9.8062,0.0579,1.0383,-0.5696,-24.62,-36.31,22.13,276.38,-89.49,145.59,-0.665938128263041,-6.956278408625078,0.744026505591088,-4.477457449221247,-0.4221898038377747,0.5249343415178221,0.0346511975519856,0.9599268776091464,-0.5147500188115571,False,False,False
52.563107,-1.498144,143.98,19.41,4,117.13,21 / 22,8129014,2019-11-06 18:21:49:476,2.5032,0.7915,8.6459,0.0087,-0.0325,9.8065,-0.0392,1.0979,-0.409,-25.12,-36.62,22.69,290.42,-89.33,158.49,1.9929028747440705,1.7120861250327577,-1.1599990699596,-0.1574829845675931,1.6390177111111668,-0.940889035526114,-0.0041201446360224,1.0744658840935115,-0.3562921945036005,False,False,False
52.563107,-1.498144,143.98,19.41,4,117.13,21 / 22,8129113,2019-11-06 18:21:49:575,-9.9387,-6.6951,10.2622,-0.0497,-0.0923,9.8061,-0.0283,0.456,-0.1703,-25.25,-36.56,22.31,286.31,-89.1,155.92,-6.6304172628877085,-9.87066777869674,0.4525489725970721,-6.027629564418562,-1.3440967869715998,0.0787837970796918,-0.0752134053202596,0.5576437344840857,-0.3373260472894981,False,False,False
52.563107,-1.498144,143.98,19.41,4,117.13,21 / 22,8129213,2019-11-06 18:21:49:675,3.001,4.3658,10.1213,-0.1086,-0.1602,9.8047,-0.0985,1.4046,-0.7955,-25.19,-36.69,22.19,334.06,-88.98,-156.79,1.152273338357814,5.3689198020398,0.3185750036877737,2.591093013981716,0.4727390251408239,0.6207334301417717,-0.0412581707458496,1.2552400946478257,-0.532390686514732,False,False,False
52.563107,-1.498144,143.98,19.41,4,117.13,21 / 22,8129314,2019-11-06 18:21:49:776,-5.1997,-7.3945,10.3001,-0.0203,-0.0388,9.8065,0.0605,-0.2889,0.171,-25.06,-36.37,22.56,306.66,-89.18,174.75,-1.9888529328648463,-8.773832956916776,0.4903744136432273,-4.350094369216215,-1.1174469406350478,0.0445119766164756,-0.0037577393638907,0.9534014687366156,-0.1506391403150004,False,False,False
52.563107,-1.498144,143.98,19.41,4,117.13,21 / 22,8129414,2019-11-06 18:21:49:876,3.2241,5.4961,9.0108,-0.0652,-0.1225,9.8056,-0.0919,0.7763,-0.4329,-25.25,-36.62,22.25,337.13,-88.87,-153.73,0.902443687160843,6.448064367965253,-0.7924195783045792,3.5949312717505078,0.110817244137273,-0.5025354005692592,-0.025564979458096,-0.4918580923999518,-0.0970704831363721,False,False,False
52.563107,-1.498144,143.98,19.41,4,117.13,21 / 22,8129514,2019-11-06 18:21:49:976,0.993,2.6629,10.2116,0.0257,0.0358,9.8065,0.057,-0.5772,0.2977,-25.37,-36.37,21.81,313.14,-89.09,-177.49,-0.1057349301651933,2.7973735659296257,0.4061415605193996,6.938062572140194,0.745150503874885,-0.0034002122769435,-0.0056891116772719,-0.3407082418882505,-0.0140875124660816,False,False,False
52.563107,-1.498144,143.98,19.41,4,117.13,21 / 22,8129613,2019-11-06 18:21:50:075,4.769,5.0887,8.9112,-0.0179,-0.0522,9.8064,0.0049,0.2613,-0.1188,-25.06,-37.12,21.63,324.3,-88.95,-166.37,2.469127895262132,6.576546495232695,-0.8927995815864614,4.423556466012304,1.310975884668261,-0.717633627535651,0.0584814244473993,-0.0105810562842561,0.1447409758819602,False,False,False
52.563107,-1.498144,143.98,19.41,4,117.13,21 / 22,8129714,2019-11-06 18:21:50:176,-0.8407,0.3279,10.0908,0.0243,0.061,9.8064,0.1261,-0.6589,0.2686,-25.37,-36.94,22.69,318.49,-88.85,-173.29,-0.9014661366409484,-0.0826304399843004,0.2843852754234008,3.095437928968035,-0.2699755450049665,0.0078711615923688,0.0859021131141462,-0.3640047792589184,0.0623239647797529,False,False,False
52.563107,-1.498144,143.98,19.41,4,117.13,21 / 22,8129813,2019-11-06 18:21:50:275,-2.0568,-3.0925,10.1124,0.0031,-0.0079,9.8066,-0.0113,-0.0579,0.0663,-25.37,-36.25,21.75,304.76,-88.86,174.43,-0.7303881019308105,-3.636659910374137,0.3044613716639368,-4.594117472714689,-1.1696569223260485,0.2907658146924089,0.0133295446571207,-0.3517162333294532,0.2173002660600717,False,False,False
52.563107,-1.498144,143.98,19.41,4,117.13,20 / 23,8129913,2019-11-06 18:21:50:375,-0.8791,-0.9043,9.5929,0.0254,0.0624,9.8064,0.0178,-0.4409,0.238,-25.0,-36.25,22.38,309.15,-88.88,178.74,-0.4683417238893211,-1.238180925969656,-0.2139518969986116,0.6429927968241174,-0.1637933387183455,-0.3026863584358591,0.0080778005688733,-0.1758577382898304,0.1353724682205924,False,False,False
52.563107,-1.498144,143.98,19.41,4,117.13,20 / 23,8130013,2019-11-06 18:21:50:475,-1.5753,-1.0888,10.806,-0.0056,0.0127,9.8065,0.046,0.3904,-0.2164,-25.0,-36.31,22.0,297.51,-89.01,167.11,-1.0321024640883243,-1.6165360541025242,0.9989175538599012,-1.252212121334798,-1.1768926118729366,0.772991339963054,0.044176978980457,0.1771572942602095,-0.1545661789499877,False,False,False
52.563107,-1.498144,143.98,19.41,4,117.13,20 / 23,8130113,2019-11-06 18:21:50:575,3.0137,1.4282,9.0242,0.029,0.0342,9.8065,-0.0906,0.1544,-0.0659,-25.25,-36.37,21.81,303.73,-88.82,173.45,2.229180968738296,2.425648407221358,-0.7814380289949312,3.0374889466961608,1.9748398626974135,-0.6827863094439979,-0.0817334826867615,0.3034418315696487,-0.0944959542712896,False,False,False
52.563107,-1.498144,143.98,19.41,4,117.13,20 / 23,8130214,2019-11-06 18:21:50:676,0.386,-0.0464,9.4679,-0.0244,-0.0019,9.8066,-0.1099,0.1967,0.0233,-26.0,-36.19,22.13,299.98,-88.76,170.89,0.3964287394386187,0.1152254328716218,-0.3386642203815671,1.6067118158097775,0.495968323447552,-0.7460813049609892,-0.1224268487528759,0.1116015999416841,0.0273814356160754,False,False,False
52.563107,-1.498144,143.98,19.41,4,117.13,20 / 23,8130314,2019-11-06 18:21:50:776,1.1963,0.3745,9.6621,-0.0217,0.0144,9.8065,-0.0488,0.12,-0.0285,-25.69,-36.81,22.13,305.82,-88.79,176.66,0.9891714503434212,0.7967535570505243,-0.1441214111533356,0.429778105825644,0.7108146851070122,0.0922191597529257,-0.0334303316317073,0.1517134629474857,-0.0183550761027183,False,False,False
52.563107,-1.498144,143.98,19.41,4,117.13,20 / 23,8130414,2019-11-06 18:21:50:876,-1.9019,-1.4087,9.5727,0.0022,0.0051,9.8066,0.0188,0.1863,-0.0666,-25.5,-36.56,22.75,319.86,-88.97,-172.03,-1.222441081475204,-2.0321715774596383,-0.2346336337504501,0.2030368400730207,-0.9851906378747756,-0.7522694240799045,-0.0010608771552911,0.1917997146193429,-0.0802002153819231,False,False,False
52.563107,-1.498144,143.98,19.41,4,117.13,20 / 23,8130513,2019-11-06 18:21:50:975,-2.8349,0.1085,9.0256,0.0235,0.0286,9.8065,-0.0511,0.1656,-0.1074,-26.06,-36.25,21.69,324.66,-89.01,-164.97,-2.6735662872203263,-1.014082349792088,-0.7812295921680612,-1.9534870909167288,-2.420805492646473,-0.4869590872682474,-0.0237545938410239,0.1404148784784795,-0.0999744596771988,False,False,False
52.563107,-1.498144,143.98,19.41,4,117.13,20 / 23,8130613,2019-11-06 18:21:51:075,-0.3017,-2.2736,11.1624,-0.0192,0.0237,9.8066,-0.0289,0.1499,-0.1074,-25.62,-36.31,22.56,338.9,-89.12,-152.27,0.6134314970829018,-2.232347095746694,1.3549595648940715,0.3201834158109142,0.8706492151747807,0.8160945868234417,-0.0666004732579388,0.1787833669766854,-0.1017570563837914,False,False,False
52.563107,-1.498144,143.98,19.41,4,117.13,20 / 23,8130713,2019-11-06 18:21:51:175,0.8293,0.6454,8.8667,-0.0067,0.0277,9.8065,-0.0927,0.3262,-0.1613,-25.81,-36.44,21.88,321.13,-88.97,-168.42,0.5378519842316087,0.8898134605325931,-0.93947888667768,-0.2315787566091278,0.0792645125882128,-0.6727613753023689,-0.0435083416985161,0.3058381288832797,-0.1826050783689649,False,False,False
52.563107,-1.498144,143.98,19.41,4,117.13,20 / 23,8130813,2019-11-06 18:21:51:275,-0.6886,-1.1954,9.3933,0.0428,0.0365,9.8065,0.0013,0.1503,-0.1191,-25.56,-36.56,22.19,306.32,-88.93,177.03,-0.2073140554167401,-1.4174314250858526,-0.4137231533353597,1.092176971638102,-0.027284833818028,-0.8911942925136589,-0.0573325080594094,0.1555654712138793,-0.0848799270341841,False,False,False
52.563107,-1.498144,143.98,19.41,4,117.13,23 / 23,8130913,2019-11-06 18:21:51:375,0.7757,1.6429,10.431,0.0014,-0.0239,9.8065,-0.0763,-0.2352,0.2256,-25.31,-36.06,22.69,310.58,-88.96,178.81,0.0814110506883504,1.835833343199996,0.6251808992771171,0.8248620474934634,-0.3381004330877648,0.7953118113435568,-0.0140192888744411,-0.2248364632670883,0.1858398144852331,False,False,False
52.563107,-1.498144,143.98,19.41,4,117.13,23 / 23,8131014,2019-11-06 18:21:51:476,0.2546,-1.8022,10.6541,0.0183,0.0137,9.8066,0.1479,-0.2543,0.1181,-25.69,-36.62,22.25,314.25,-88.71,-174.97,0.9098719670621596,-1.5894941529678333,0.846893199426886,0.6373326926241216,0.9483618482305082,0.4882197661534645,0.0903739766562182,-0.2766653373334085,0.1543486102427347,False,False,False
52.563107,-1.498144,143.98,19.41,4,117.13,23 / 23,8131114,2019-11-06 18:21:51:576,2.4176,-0.5492,9.8907,0.0042,0.0022,9.8066,-0.0752,-0.163,0.0602,-25.0,-36.62,22.81,317.01,-88.4,-174.4,2.4415774207215,0.4089289865733021,0.0842087439823133,-0.3257264976521408,1.6639654782309925,0.1195877980687217,-0.030519647393155,-0.1337899272913444,0.0346090367723058,False,False,False
52.563107,-1.498144,143.98,19.41,4,117.13,23 / 23,8131214,2019-11-06 18:21:51:676,-0.3267,-1.4781,9.2075,0.005,0.0178,9.8065,-0.0464,-0.1045,0.0605,-25.06,-36.25,21.94,314.99,-88.44,-175.15,0.2627916586425683,-1.5093058967688946,-0.5995656378800667,0.3216654773532497,0.1276799809560556,-0.8166560968014995,-0.0738974145808816,-0.1352550097883794,0.072269601553855,False,False,False
52.563107,-1.498144,143.98,19.41,4,117.13,23 / 23,8131313,2019-11-06 18:21:51:775,0.4892,0.3941,9.352,-0.0101,0.0196,9.8066,-0.0464,-0.1912,0.1437,-25.5,-36.12,22.13,318.29,-88.6,-172.04,0.3191091391202716,0.5365595970158644,-0.4544062677605709,0.1283807042633455,0.0817139445494233,-0.5567029880040517,-0.0347861813222075,-0.1639936774895382,0.1446650305115044,False,False,False
52.563107,-1.498144,143.98,19.41,4,117.13,23 / 23,8131413,2019-11-06 18:21:51:875,-0.6558,-1.1466,10.2497,0.0189,0.0257,9.8065,-0.0728,-0.0968,0.1164,-26.0,-36.06,22.38,316.5,-88.86,-172.9,-0.1775600089740281,-1.3410512866021629,0.442704766086642,0.0846943052699684,-0.4902607843750446,0.3555236462480401,-0.0745917702803057,-0.1162113061816814,0.1073754011915263,False,False,False
52.563107,-1.498144,143.98,19.41,4,117.13,23 / 23,8131513,2019-11-06 18:21:51:975,0.6001,1.036,9.8647,0.0246,-0.0018,9.8066,0.064,-0.134,-0.0099,-25.87,-35.0,21.94,315.53,-88.78,-173.83,0.1370467665956492,1.1787266267439396,0.0585356572571895,1.061828512315731,-0.0116726120409591,-0.1530358128476112,0.0636952106195889,-0.1245596994155883,0.0003478274525512,False,False,False
52.563107,-1.498144,143.98,19.41,4,117.13,23 / 23,8131613,2019-11-06 18:21:52:075,1.2875,-1.2142,10.7503,0.0093,0.019,9.8065,0.1059,-0.1052,0.0192,-25.5,-35.5,21.88,311.7,-88.64,-178.57,1.6514611569392426,-0.654039274728429,0.9435277389847148,0.4271512679074274,1.181358796642467,0.9470389995654516,0.1024244724811239,-0.105573489914673,0.0142524268636544,False,False,False
52.563107,-1.498144,143.98,19.41,4,117.13,23 / 23,8131713,2019-11-06 18:21:52:175,0.7156,-0.4088,10.7384,-0.0077,0.0031,9.8066,-0.0352,-0.0511,-0.0224,-25.31,-34.44,22.75,316.94,-88.53,-174.66,0.8256638267817509,-0.1058498343672107,0.9317461015258128,-0.0185676021191758,0.7344362436941192,0.6613123961690001,-0.0258448069134989,-0.0558933754294447,-0.0260102559932241,False,False,False
52.563107,-1.498144,143.98,19.41,4,117.13,23 / 23,8131813,2019-11-06 18:21:52:275,-0.1497,-1.7613,8.9077,0.0187,0.0111,9.8066,-0.055,-0.1081,0.0383,-25.37,-35.5,22.44,313.02,-88.73,-177.34,0.5190577511741112,-1.7026992217360295,-0.8995420730825181,-0.8666288799828242,-0.0687093098929376,-0.8607234193030661,-0.0689591594176484,-0.1035685509498707,0.0484707047074308,False,False,False
52.563107,-1.498144,143.98,19.41,4,117.13,22 / 23,8131913,2019-11-06 18:21:52:375,1.8695,0.1905,10.6452,0.0504,0.0131,9.8065,-0.1351,-0.0998,0.2161,-25.44,-35.62,23.13,325.74,-88.97,-166.25,1.6145776679942927,0.8562992929189047,0.838989710878922,1.0365447528640344,1.5342379940634725,0.5689725481702956,-0.119363994969178,-0.0994200603023116,0.2061704093668621,False,False,False
52.563107,-1.498144,143.98,19.41,4,117.13,22 / 23,8132014,2019-11-06 18:21:52:476,2.4245,-0.2515,10.0725,-0.0213,-0.0072,9.8065,-0.0471,-0.1043,0.0512,-25.19,-36.69,22.31,322.0,-89.01,-168.67,2.3546209064501653,0.7051689284888241,0.2662203959161029,1.4099084278984413,1.3463221852796852,0.2833295723597119,-0.062047952699782,-0.1113745158897139,0.0526227440965538,False,False,False
52.563107,-1.498144,143.98,19.41,4,117.13,22 / 23,8132114,2019-11-06 18:21:52:576,-0.2426,-0.1756,10.0235,-0.005,0.0093,9.8066,0.0899,-0.1206,-0.0121,-25.0,-35.62,22.56,310.96,-88.85,179.27,-0.1493069402943839,-0.26151521484601,0.2168054657613013,-0.1023431745521779,-0.2714621328008695,0.0002193412657697,0.1025313192125216,-0.108826638594012,5.224356838964134e-05,False,False,False
52.563107,-1.498144,143.98,19.41,4,117.13,22 / 23,8132213,2019-11-06 18:21:52:675,1.1393,-1.4,10.1073,0.0153,-0.0145,9.8066,0.088,-0.033,0.07,-25.06,-36.81,22.81,308.07,-88.7,176.58,1.5668465664953557,-0.8533377862031085,0.3003551226459992,-0.1710197975198889,0.8998757862185478,0.2517177925614515,0.0786114052063982,-0.0444268571185878,0.0455717894052552,False,False,False
52.563107,-1.498144,143.98,19.41,4,117.13,22 / 23,8132314,2019-11-06 18:21:52:776,-0.3475,-0.3137,9.1962,-0.0014,0.0036,9.8066,-0.0607,-0.1118,0.0151,-24.69,-36.56,22.06,298.73,-88.72,168.63,-0.1992428426746159,-0.4249449579327688,-0.6105544466879722,-0.3861255557494103,-0.4096806813353467,-0.7396641676074525,-0.0555202570634593,-0.1066443219450962,0.0442195541311283,False,False,False
52.563107,-1.498144,143.98,19.41,4,117.13,22 / 23,8132414,2019-11-06 18:21:52:876,0.1646,0.014,9.9351,-0.0023,0.0042,9.8066,-0.0512,-0.1211,0.1505,-25.5,-36.94,22.5,301.03,-88.87,169.47,0.1506018976589547,0.0725566726989888,0.1285243076945902,0.8200617986327742,-0.4888083238414999,-0.007275853428937,-0.0513409358825366,-0.1157839129738955,0.1273977309397503,False,False,False
52.563107,-1.498144,143.98,19.41,4,117.13,22 / 23,8132514,2019-11-06 18:21:52:976,0.5506,0.2055,9.8576,0.0019,-0.0052,9.8066,0.0263,-0.0574,-0.0291,-25.06,-36.25,22.06,304.31,-88.82,174.03,0.4271599990627605,0.4037151988959669,0.0511424811784905,0.2522917431541602,0.0994249158236859,0.0187871909949555,0.0213682620395583,-0.0739856774109434,-0.0209500826385422,False,False,False
52.563107,-1.498144,143.98,19.41,4,117.13,22 / 23,8132614,2019-11-06 18:21:53:076,0.5706,-1.1685,9.8505,0.0195,0.0069,9.8066,0.0241,-0.1187,-0.0604,-24.94,-36.25,22.69,301.62,-88.62,170.25,0.9570976806875926,-0.877080606563339,0.0435570799401923,-0.0103120229827246,0.3662237231635082,-0.176310977346935,0.0330776532974379,-0.0934719979366093,-0.0509077483830619,False,False,False
52.563107,-1.498144,143.98,19.41,4,117.13,22 / 23,8132714,2019-11-06 18:21:53:176,1.37,0.1609,10.0437,0.0185,0.0175,9.8066,-0.004,-0.0137,0.1008,-25.06,-36.06,22.38,307.7,-88.45,177.69,1.1951266942711898,0.6470579101836712,0.2373193323544431,0.27328705638036,0.7417255422701644,0.2878701643789841,-0.0151472899732081,-0.0428201890524887,0.0788098825933525,False,False,False
52.563107,-1.498144,143.98,19.41,4,117.13,22 / 23,8132814,2019-11-06 18:21:53:276,-0.5495,-1.7527,9.6829,0.0018,0.0066,9.8066,-0.0764,0.0008,-0.0238,-25.06,-37.31,23.06,306.04,-88.48,174.78,0.1600203728335664,-1.8366522837386143,-0.1243854449521253,-0.8338520355686698,-0.3786286289818992,-0.4051073491891981,-0.0654329207965063,0.0286505478897808,3.165695328054968e-05,False,False,False
52.563107,-1.498144,143.98,19.41,4,117.13,21 / 21,8132914,2019-11-06 18:21:53:376,2.3307,-0.1038,9.1441,-0.0047,0.0298,9.8065,-0.051,0.094,0.0318,-25.19,-36.25,22.88,311.23,-88.53,179.79,2.210372822197715,0.7658454164057618,-0.6621545628174702,0.1736883187877979,1.42472718614542,-0.5592257891346035,-0.0594837749420059,0.0715844646257524,0.0174542682968918,False,False,False
52.563107,-1.498144,143.98,19.41,4,117.13,21 / 21,8133013,2019-11-06 18:21:53:475,0.1591,-1.5108,9.8858,-0.0082,0.0205,9.8066,-0.0132,0.0511,-0.014,-25.0,-36.62,22.13,306.83,-88.82,176.54,0.7377013389676464,-1.3523117718271749,0.0786843457301921,-0.2272134072067405,0.2506911754560908,-0.2274167813920669,-0.0088074581934375,0.0658385069531126,-0.0163764486989426,False,False,False
52.563107,-1.498144,143.98,19.41,4,117.13,21 / 21,8133114,2019-11-06 18:21:53:576,0.9741,0.0747,9.462,-0.002,0.0145,9.8065,0.053,0.0517,-0.1025,-25.12,-36.75,21.56,303.11,-88.77,172.91,0.8796639716857434,0.427416921230181,-0.3443567515879092,-0.3543196187139628,0.1830972885124331,-0.2273115386273951,0.0529737024575431,0.0445053824140695,-0.0828889644004493,False,False,False
52.563107,-1.498144,143.98,19.41,4,117.13,21 / 21,8133214,2019-11-06 18:21:53:676,0.7208,-0.8998,10.1883,0.0086,0.0082,9.8066,0.026,0.0362,0.0082,-24.94,-36.06,22.5,302.91,-88.84,171.33,1.0042661376866602,-0.5686098815207875,0.3814709128266983,0.6483084533646191,0.5786471817592909,0.0880111497753788,0.0232337688890798,0.038241947934762,-0.0226882977592217,False,False,False
52.563107,-1.498144,143.98,19.41,4,117.13,21 / 21,8133313,2019-11-06 18:21:53:775,0.8972,1.1711,9.9057,0.0038,0.0017,9.8066,-0.0199,0.0319,-0.0759,-24.94,-36.25,21.44,302.51,-88.81,173.59,0.3809033246739408,1.4214320016177733,0.099621544001432,0.4891507742157792,-0.4504261435969156,0.1950474651590514,-0.0178060281843701,0.0310608579685337,-0.0435887564139185,False,False,False
52.563107,-1.498144,143.98,19.41,4,117.13,21 / 21,8133413,2019-11-06 18:21:53:875,-0.0866,-1.6865,9.884,0.0113,0.0094,9.8066,0.024,0.048,-0.0178,-24.75,-36.75,22.56,308.15,-88.76,176.61,0.55514043855929,-1.6054824302650978,0.0767934866136149,-0.330635676345712,0.2153098188150364,-0.1737977411019171,0.0270114601659983,0.0520229558433225,-0.0412770962179613,False,False,False
52.563107,-1.498144,143.98,19.41,4,117.13,21 / 21,8133513,2019-11-06 18:21:53:975,0.2632,0.3565,9.3054,0.0099,0.0078,9.8066,-0.0179,0.0769,-0.0783,-25.0,-36.25,21.94,306.38,-88.81,176.08,0.1014572933917564,0.4190623565031939,-0.5010460846864369,-0.6252802232448872,-0.8885385380498548,-0.450535848795224,-0.0296902367117071,0.0661779748267196,-0.0712559131422877,False,False,False
52.563107,-1.498144,143.98,19.41,4,117.13,21 / 21,8133614,2019-11-06 18:21:54:076,-1.1812,-1.1868,10.4828,0.0242,0.0207,9.8065,-0.1206,0.0995,-0.1039,-25.12,-36.87,21.88,308.82,-88.73,178.57,-0.6548872475516617,-1.5757360650586454,0.6757260142008038,-0.2732844036297583,-0.881570353055048,0.4816993401142499,-0.0986361450065778,0.1183681708481055,-0.0913399265152553,False,False,False
52.563107,-1.498144,143.98,19.41,4,117.13,21 / 21,8133714,2019-11-06 18:21:54:176,0.4779,1.507,8.9478,-0.0212,0.0388,9.8065,-0.0181,0.1548,-0.004,-24.94,-36.81,21.63,315.66,-88.67,-174.64,-0.0974784399984875,1.547966592711153,-0.8581230224074422,0.4265310721668169,-1.2622812467165057,-0.8565305079205353,-0.0489816222784155,0.1290828733858522,-0.0348188090448735,False,False,False
52.563107,-1.498144,143.98,19.41,4,117.13,21 / 21,8133813,2019-11-06 18:21:54:275,1.0172,-0.3699,8.2705,0.0095,0.0221,9.8066,-0.0044,0.0844,-0.119,-24.56,-37.25,20.88,310.37,-88.99,-178.78,1.081025478282016,0.0217459841706859,-1.5361111702860524,1.3237731916936863,0.9756908286417928,-1.6805664846939894,0.032238468241365,0.113266945986496,-0.0744172117807988,False,False,False
52.5624,-1.495742,146.16,21.34,4,115.91,21 / 22,8133915,2019-11-06 18:21:54:377,1.9655,1.0562,10.6387,0.0122,0.0129,9.8066,0.1452,0.2697,-0.0727,-24.62,-38.0,21.63,319.24,-88.89,-171.27,1.409003849330421,1.7080832909652526,0.8327099216998503,0.5458537624922201,0.08351267675099,0.8015526797640518,0.1066261328159031,0.2422389821752202,-0.1253306727048587,False,False,False
52.5624,-1.495742,146.16,21.34,4,115.91,21 / 22,8134013,2019-11-06 18:21:54:475,-2.7846,-0.2124,10.5432,0.0211,0.024,9.8065,0.0145,0.2991,-0.1816,-24.69,-37.69,21.81,314.45,-89.08,-176.14,-2.504385946409787,-1.2870616368416632,0.7362660622326804,-0.0190101324313155,-2.0142300441957954,0.616508890935743,0.0518011077928968,0.3218041331942354,-0.1262856142335268,False,False,False
52.5624,-1.495742,146.16,21.34,4,115.91,21 / 22,8134114,2019-11-06 18:21:54:576,2.1054,0.1019,10.252,0.0244,-0.01,9.8066,-0.0201,0.3135,-0.0283,-24.81,-37.37,23.31,322.57,-89.02,-169.39,1.88168419212364,0.8955893464641056,0.445699555319501,-0.2603877994056216,0.4526023802018364,0.4118097809663539,-0.0543460400865146,0.2963286704770078,-0.0822238902605135,False,False,False
52.5624,-1.495742,146.16,21.34,4,115.91,21 / 22,8134214,2019-11-06 18:21:54:676,-0.995,-1.8955,10.4034,0.0214,0.0163,9.8066,-0.0791,0.2192,-0.0963,-25.19,-36.25,23.0,318.43,-88.87,-173.38,-0.2119799223505584,-2.1550089388000817,0.5960028743319933,-0.9698279320920552,-0.2076813378471504,0.4673929970469739,-0.0483836504465814,0.2327047349608785,-0.0461764787768646,False,False,False
52.5624,-1.495742,146.16,21.34,4,115.91,21 / 22,8134313,2019-11-06 18:21:54:775,0.3822,-1.1272,9.0516,-0.0158,0.0004,9.8066,0.028,0.1521,-0.0436,-25.31,-36.12,22.75,326.35,-88.83,-165.57,0.7973150478398459,-0.8908720423698118,-0.7553452711257171,-1.974279955905512,-0.6412478668027436,-0.7590159707516139,0.0007901377534113,0.1387948238391867,-0.088974006371905,False,False,False
52.5624,-1.495742,146.16,21.34,4,115.91,21 / 22,8134413,2019-11-06 18:21:54:875,-1.4091,-2.3384,10.0635,0.0117,0.0363,9.8065,0.0408,0.135,-0.1677,-25.37,-36.44,22.63,330.02,-89.16,-162.14,-0.4096942757652737,-2.736885346840527,0.2559900948372358,-1.7047637470250052,-0.4865576083893136,0.0876992550531287,0.0642172532852002,0.151458664119645,-0.1271786861875283,False,False,False
52.5624,-1.495742,146.16,21.34,4,115.91,21 / 22,8134513,2019-11-06 18:21:54:975,0.8758,-0.1431,10.445,0.0226,-0.0074,9.8066,0.0758,0.1595,-0.0705,-25.06,-36.5,22.44,338.52,-89.15,-152.49,0.8406204365516735,0.1991142267161569,0.6384591579505315,-0.7242326690004931,-0.4989816091744155,0.6901324797470472,0.0571422199014033,0.1383473150037813,-0.1063035571463484,False,False,False
52.5624,-1.495742,146.16,21.34,4,115.91,21 / 22,8134613,2019-11-06 18:21:55:075,0.7547,-0.2689,10.2471,0.0402,0.0178,9.8065,-0.0521,0.0389,-0.0635,-24.56,-36.5,22.25,315.46,-88.9,-175.05,0.7698514833411617,0.0067535016976354,0.4405889056844632,0.7973427446229515,0.5125049396898615,0.2139826830177962,-0.0395294155167352,0.0636914631854444,-0.0324637533015545,False,False,False
52.5624,-1.495742,146.16,21.34,4,115.91,21 / 22,8134714,2019-11-06 18:21:55:176,2.1616,0.2775,9.7889,-0.0103,-0.0003,9.8066,-0.0448,0.0696,0.0306,-25.44,-36.19,22.69,315.17,-88.76,-176.51,1.9025685212970425,1.0837750695857669,-0.0173309063222306,0.4203463985019462,0.7552020485348225,0.099150493588902,-0.0505975519013307,0.0443242826114852,0.0048128618025043,False,False,False
52.5624,-1.495742,146.16,21.34,4,115.91,21 / 22,8134814,2019-11-06 18:21:55:276,-0.2328,-1.4235,9.6217,0.0047,0.0156,9.8065,-0.0354,-0.0047,-0.0289,-25.25,-36.0,22.88,311.11,-88.77,179.48,0.3282797548553985,-1.421073474359447,-0.1853339769822294,-0.9640038793477904,-0.1796321768624998,-0.4705825907268172,-0.0353897730434441,0.0171251856712825,-0.0091358356673975,False,False,False
52.5624,-1.495742,146.16,21.34,4,115.91,22 / 23,8134913,2019-11-06 18:21:55:375,0.0565,-0.8959,9.585,-0.0128,-0.0032,9.8066,-0.0267,0.02,0.0244,-25.25,-36.87,22.19,314.0,-88.76,-176.35,0.4039474581620575,-0.7990039742044327,-0.221904124003892,-1.110964230897042,-0.4991092267512011,-0.0510305634147712,-0.0238215736827251,0.0049030177307976,0.0110399803958486,False,False,False
52.5624,-1.495742,146.16,21.34,4,115.91,22 / 23,8135013,2019-11-06 18:21:55:475,-0.8631,-1.4563,10.6738,0.01,0.0158,9.8066,0.0434,-0.0297,-0.019,-25.44,-36.62,22.19,313.73,-88.88,-176.71,-0.2468705083869339,-1.6939660042967613,0.8665748602259609,-1.6403548636528171,-1.0248762576122656,0.5427163104257798,0.041655472802999,-0.0228727775477128,-0.0111409476643845,False,False,False
52.5624,-1.495742,146.16,21.34,4,115.91,22 / 23,8135114,2019-11-06 18:21:55:576,0.9685,-0.1873,10.47,0.01,-0.0093,9.8065,0.0205,-0.0311,-0.0015,-25.19,-36.31,22.25,313.77,-88.85,-176.68,0.9540952311606272,0.2000805388393878,0.6635575090783696,0.2938998113185246,0.2911752564553254,0.8591138473544622,0.017375793055129,-0.0302678026511221,-0.0064742057106377,False,False,False
52.5624,-1.495742,146.16,21.34,4,115.91,22 / 23,8135214,2019-11-06 18:21:55:676,1.4837,-0.6563,9.9656,0.0148,0.0065,9.8065,-0.0317,0.0094,0.0548,-24.81,-36.25,22.38,309.22,-88.67,179.0,1.6106218261868597,-0.0537010683619487,0.159051527082548,-0.4217355901743447,0.6010271430934141,-0.1666998026395785,-0.0214600768558184,0.0031858032174669,0.0606111115241718,False,False,False
52.5624,-1.495742,146.16,21.34,4,115.91,22 / 23,8135314,2019-11-06 18:21:55:776,-0.8098,-0.4155,9.0376,-0.0137,-0.0028,9.8065,0.0656,-0.087,0.0152,-25.06,-37.0,22.06,313.78,-88.64,-176.47,-0.5790351101323228,-0.6844262551261712,-0.769144168883841,-0.1951884000655963,-1.061244265947061,-0.5908036199814561,0.0477778821687819,-0.0780553933878924,0.0053591391759885,False,False,False
52.5624,-1.495742,146.16,21.34,4,115.91,22 / 23,8135414,2019-11-06 18:21:55:876,0.5027,0.4101,10.6585,-0.0279,-0.0144,9.8065,0.0488,-0.1423,0.0143,-25.5,-36.19,21.94,323.72,-88.85,-166.88,0.3290389726655306,0.5942250620923852,0.8522150785151092,-0.1403808963897299,-0.8254271084337432,0.5674545630086952,0.0733281683997323,-0.1523280648856496,0.0291060090136597,False,False,False
52.5624,-1.495742,146.16,21.34,4,115.91,22 / 23,8135514,2019-11-06 18:21:55:976,-1.2476,-0.9965,8.831,-0.0327,-0.0332,9.8065,0.0116,-0.2047,0.2179,-25.75,-36.25,22.25,307.6,-88.98,178.23,-0.7566733288406072,-1.352929834997502,-0.9759894902071984,-0.5555754347178938,-1.1546575317768508,-0.8554789379234564,-0.0177896171892315,-0.1937382482718345,0.199948778254473,False,False,False
52.5624,-1.495742,146.16,21.34,4,115.91,22 / 23,8135614,2019-11-06 18:21:56:076,3.0501,1.2855,9.8708,-0.004,-0.0233,9.8066,-0.0949,-0.296,0.2296,-25.94,-36.25,22.06,316.7,-88.84,-172.69,2.325806921354068,2.372972346363074,0.0650407409063269,1.4003175317263632,0.8104291385866924,-0.1450540639763932,-0.0633830915928873,-0.3084529561520137,0.2472231715484169,False,False,False
52.5624,-1.495742,146.16,21.34,4,115.91,22 / 23,8135714,2019-11-06 18:21:56:176,0.8251,-0.0866,9.9405,-0.0141,-0.0466,9.8065,0.0805,-0.3154,0.1885,-25.25,-36.75,22.31,312.45,-88.91,-178.0,0.7912307678452026,0.2824643735947241,0.134090975329555,1.2370040033182763,0.3737283453295303,0.1731110105935118,0.05017798933385,-0.3017111667332134,0.1745928045554632,False,False,False
52.5624,-1.495742,146.16,21.34,4,115.91,22 / 23,8135814,2019-11-06 18:21:56:276,0.9248,1.1306,9.5579,-0.0068,-0.0217,9.8066,0.1528,-0.2223,0.0368,-25.37,-36.81,21.69,326.04,-88.85,-164.58,0.4227306514974142,1.420292646051657,-0.2481796443227252,0.3847186565317804,-0.7005530288571451,-0.3730810598762411,0.1786285861724809,-0.235071347270322,0.0450896089085723,False,False,False
52.5624,-1.495742,146.16,21.34,4,115.91,21 / 23,8135914,2019-11-06 18:21:56:376,0.0581,-2.8279,10.4147,0.0083,-0.0364,9.8065,0.1423,-0.2179,0.0096,-25.12,-36.62,21.75,330.99,-88.71,-159.65,1.1088453506351583,-2.5625369553866104,0.607228021959392,-1.6268146990963983,0.5906085853332789,0.5681798780568491,0.1238041936126787,-0.209837249497282,0.0065628627769816,False,False,False
52.5624,-1.495742,146.16,21.34,4,115.91,21 / 23,8136014,2019-11-06 18:21:56:476,2.6847,0.1664,10.6672,-0.0128,-0.0132,9.8066,-0.0732,-0.0895,0.0762,-25.25,-36.69,22.69,324.43,-88.57,-167.27,2.425987821205773,1.192751523478238,0.8610003859474208,0.268837719849988,1.0108591175278816,0.8040497257243489,-0.064042140290071,-0.0889586675760666,0.0764931978095222,False,False,False
52.5624,-1.495742,146.16,21.34,4,115.91,21 / 23,8136113,2019-11-06 18:21:56:575,0.7483,-0.0436,10.7431,-0.04,0.0023,9.8065,-0.1259,0.0116,0.0498,-25.19,-36.06,22.5,318.28,-88.44,-173.22,0.7464245403928761,0.2573316734539653,0.9366824837353724,1.0245467509892692,0.0870826122471785,0.8482637248343342,-0.1252651078537508,0.0003425202052657,0.0487693278278565,False,False,False
52.5624,-1.495742,146.16,21.34,4,115.91,21 / 23,8136213,2019-11-06 18:21:56:675,-0.2581,1.1455,9.6608,0.0191,-0.0159,9.8066,-0.0457,0.0126,-0.0167,-25.69,-36.44,21.88,318.35,-88.55,-170.86,-0.6984968953988909,0.9684525330740824,-0.1454277081594289,0.2794309032083983,-1.529487906798094,-0.1712668297622571,-0.0544743994873343,0.0336834452095454,-0.0120039893154398,False,False,False
52.5624,-1.495742,146.16,21.34,4,115.91,21 / 23,8136314,2019-11-06 18:21:56:776,1.4523,-1.188,10.3899,0.0084,-0.0037,9.8066,0.0049,0.0689,-0.0331,-25.5,-36.0,22.06,320.73,-88.58,-169.64,1.786058542195504,-0.5456023674393268,0.583065631378727,-0.0250700199952399,0.9883664464882924,0.4857260444773293,0.0183388471793867,0.0419449191842329,-0.0428554434233446,False,False,False
52.5624,-1.495742,146.16,21.34,4,115.91,21 / 23,8136414,2019-11-06 18:21:56:876,1.1849,-0.2242,9.6654,-0.0393,0.0084,9.8065,0.0644,-0.0111,-0.0618,-25.0,-36.56,22.69,330.68,-88.86,-161.32,1.2205584231660334,0.2510493133303131,-0.1410283230944224,-0.1664311318983893,0.532639989607084,-0.1751262065696763,0.0505856911367753,0.0157468398779315,-0.0473146702901549,False,False,False
52.5624,-1.495742,146.16,21.34,4,115.91,21 / 23,8136514,2019-11-06 18:21:56:976,-0.6549,-0.1588,9.0649,-0.038,0.008,9.8065,-0.0464,0.0597,0.0287,-25.44,-36.31,22.31,336.56,-89.01,-154.36,-0.5069497507250583,-0.3888298911210425,-0.7417355836216836,-0.0998918468772117,-1.4072028733790232,-0.8141281847899995,-0.0359905558244442,0.039097383535112,0.0111391965998862,False,False,False
52.5624,-1.495742,146.16,21.34,4,115.91,21 / 23,8136614,2019-11-06 18:21:57:076,1.225,-0.2563,9.6016,0.0085,-0.0004,9.8066,-0.0688,-0.0438,0.0482,-25.19,-36.5,22.0,327.99,-88.94,-162.74,1.2223080004785158,0.2265962376902273,-0.2049374466290784,0.024540609341556,0.6366448291568217,-0.2720436000326876,-0.0736940073755057,-0.0335706994782929,0.0665513349426395,False,False,False
52.5624,-1.495742,146.16,21.34,4,115.91,21 / 23,8136714,2019-11-06 18:21:57:176,1.5489,0.565,9.9596,0.0226,-0.0054,9.8066,0.0031,-0.0917,0.0889,-24.87,-36.56,22.56,322.69,-89.0,-169.26,1.1941927198807765,1.1084817769655857,0.1533908338818526,1.264065332027126,0.2455426769204788,0.1194869758466889,0.0022955233739434,-0.0909379023836759,0.071994383077122,False,False,False
52.5624,-1.495742,146.16,21.34,4,115.91,21 / 23,8136814,2019-11-06 18:21:57:276,0.4934,0.3241,10.0008,0.0111,-0.0009,9.8066,0.0164,-0.0347,0.0224,-24.87,-36.06,22.44,314.7,-88.88,-175.78,0.322246638039142,0.4840740633438489,0.1943742150344167,0.3741189220265063,-0.2131534988337234,0.0927394242437149,0.0220593334533839,-0.043615807975,0.036236626495588,False,False,False
52.5624,-1.495742,146.16,21.34,4,115.91,21 / 23,8136914,2019-11-06 18:21:57:376,0.1846,-0.4956,8.8034,-0.0217,0.0042,9.8065,0.0667,-0.1047,0.0286,-25.0,-35.5,22.94,318.73,-89.01,-173.21,0.3810304798945768,-0.3832441132616744,-1.003249252699239,-0.2184999435906292,-0.557339136238672,-1.0080007608437216,0.0567116279612917,-0.0922967853715373,0.0183438137698628,False,False,False
52.5624,-1.495742,146.16,21.34,4,115.91,21 / 23,8137014,2019-11-06 18:21:57:476,-1.0493,-0.8415,10.0201,-0.0009,0.0138,9.8066,0.0344,-0.097,0.0023,-25.19,-35.25,22.44,314.69,-89.07,-175.96,-0.6438094099658972,-1.190115078668459,0.2130691042017389,-1.349739302784099,-1.1789448399499007,0.0950450118153621,0.0493033830934227,-0.1085506439544092,0.0098772624101493,False,False,False
52.5624,-1.495742,146.16,21.34,4,115.91,21 / 23,8137113,2019-11-06 18:21:57:575,1.336,-0.3499,9.8164,-0.0028,-0.0145,9.8065,-0.0275,-0.067,0.0229,-25.25,-35.5,22.56,309.73,-89.06,177.87,1.3656687327061192,0.199565829598687,0.0099499831884197,0.5059323885153326,0.4879676097979919,0.0109850620930446,-0.0486647004071175,-0.0588603996589729,0.0158175719618267,False,False,False
52.5624,-1.495742,146.16,21.34,4,115.91,21 / 23,8137213,2019-11-06 18:21:57:675,0.4954,0.267,10.0433,0.0068,-0.003,9.8066,-0.0344,-0.0099,0.0138,-25.5,-36.19,21.88,315.49,-89.01,-175.1,0.3490126368890216,0.4355988905814086,0.236855727851404,0.1209478398310491,-0.2213379245185691,0.1276388848999185,-0.0062059477615946,-0.0141192247635169,0.0231601521631636,False,False,False
52.5624,-1.495742,146.16,21.34,4,115.91,21 / 23,8137314,2019-11-06 18:21:57:776,-0.1907,-0.4911,9.8073,-0.0038,-0.0032,9.8066,0.0994,0.0698,-0.0624,-25.06,-35.69,22.13,318.67,-89.02,-171.98,0.0129297135078606,-0.5223131980204031,0.0005056503771455,-0.0021199839930005,-0.7739242440825558,-0.0157509256521221,0.0652619035591601,0.0709895260077754,-0.076194869832928,False,False,False
52.5624,-1.495742,146.16,21.34,4,115.91,21 / 23,8137414,2019-11-06 18:21:57:876,1.2932,0.8025,9.1181,-0.0157,-0.0133,9.8066,-0.0492,0.1062,-0.1307,-25.56,-36.81,21.81,322.73,-88.96,-166.82,0.899721153632361,1.252944414061599,-0.6880503186383166,0.7549242138433672,0.2836090319298136,-0.7701112253721252,-0.0122116710142811,0.1067601718929083,-0.1121129270440924,False,False,False
52.5624,-1.495742,146.16,21.34,4,115.91,21 / 23,8137514,2019-11-06 18:21:57:976,-0.2144,-1.3058,10.217,-0.004,-0.0133,9.8066,-0.0777,0.1415,-0.0028,-25.62,-36.75,21.5,318.58,-88.93,-170.88,0.2975355620457338,-1.275417635187263,0.4099207425484344,-0.5564114177483309,-0.3963259078142908,0.3651470674563155,-0.1132904464011357,0.1401024653035969,-0.0244695259177035,False,False,False
52.5624,-1.495742,146.16,21.34,4,115.91,21 / 23,8137614,2019-11-06 18:21:58:076,0.1024,0.5889,9.9766,0.024,-0.0186,9.8066,-0.144,0.2154,-0.0559,-24.94,-36.87,21.75,316.33,-88.84,-174.12,-0.1587898458506451,0.5915343076033177,0.1702226711780537,-0.0305646183958959,-0.8021503512743346,0.1189067573408364,-0.1141400858234658,0.2171121842088811,-0.0340207404021976,False,False,False
52.5624,-1.495742,146.16,21.34,4,115.91,21 / 23,8137714,2019-11-06 18:21:58:176,0.226,-1.4975,9.8011,-0.0056,-0.0256,9.8066,0.0372,0.1993,-0.0729,-25.12,-36.25,21.94,310.79,-88.94,-179.68,0.7745425030534008,-1.2728733202179945,-0.0059867888715264,-0.4506785447504474,0.1479915586695517,-0.0750084990405446,0.016453885590842,0.1980633512136737,-0.0921810742905058,False,False,False
52.5624,-1.495742,146.16,21.34,4,115.91,21 / 23,8137814,2019-11-06 18:21:58:276,1.111,1.2237,10.325,-0.0333,-0.0098,9.8066,0.0863,0.1476,-0.0953,-25.44,-36.19,22.0,323.02,-88.99,-167.67,0.5885111036122177,1.576071872541024,0.5189753688858081,0.953998958828659,-0.0393344994344004,0.4876991577261036,0.0964617741096002,0.1466430102382953,-0.0806913336020295,False,False,False
52.5624,-1.495742,146.16,21.34,4,115.91,20 / 22,8137914,2019-11-06 18:21:58:376,0.113,-1.2213,10.0518,-0.0099,-0.0198,9.8066,0.0536,0.0965,-0.0309,-24.94,-36.25,22.19,321.19,-89.02,-169.49,0.5710859951161485,-1.0643149042556086,0.2447943438104187,-0.2789290966054593,-0.0325397472611811,0.1673727475721069,0.053209136415668,0.1022344983497165,-0.039639116917305,False,False,False
52.5624,-1.495742,146.16,21.34,4,115.91,20 / 22,8138014,2019-11-06 18:21:58:476,0.9662,-0.6974,9.8666,0.0031,-0.0059,9.8066,-0.0087,0.0122,-0.0022,-24.81,-36.0,21.81,324.58,-88.87,-166.05,1.1538387833182886,-0.2727719272792213,0.059878191346687,-0.751435193847995,0.595544644618069,0.0300252456940331,-0.0155111906464367,-0.0008039291541699,0.0004332400057963,False,False,False
52.5624,-1.495742,146.16,21.34,4,115.91,20 / 22,8138113,2019-11-06 18:21:58:575,-0.2629,-0.5552,10.0651,-0.0085,0.0028,9.8066,-0.1012,-0.0544,0.0691,-25.25,-36.87,21.69,326.13,-88.96,-164.57,-0.0227936678024361,-0.6129284711902463,0.2582726232346349,0.0012319730660655,-0.6506299782005939,0.1920001349434189,-0.0904476179282272,-0.0331319504179975,0.0716890666778921,False,False,False
52.5624,-1.495742,146.16,21.34,4,115.91,20 / 22,8138213,2019-11-06 18:21:58:675,0.863,0.1729,9.2352,-0.0003,-0.0068,9.8066,-0.0506,-0.0407,0.1152,-25.44,-36.56,21.69,337.22,-89.06,-153.72,0.7298587043364578,0.4950562282962938,-0.571228975568776,0.2730943565511732,0.2885051928007364,-0.6177580772735527,-0.06244779713895,-0.0686984184049508,0.1093761537407096,False,False,False
52.5624,-1.495742,146.16,21.34,4,115.91,20 / 22,8138313,2019-11-06 18:21:58:775,1.6772,0.5336,9.9545,0.0194,0.0151,9.8066,0.0246,-0.1678,0.0472,-25.44,-36.69,21.25,346.63,-88.99,-143.14,1.335548777133364,1.110557205336904,0.1482891013252871,1.4689478329153105,0.6519678879199354,0.1082538137631624,0.0357923937866505,-0.1370304275472582,0.0536657604190798,False,False,False
52.5624,-1.495742,146.16,21.34,4,115.91,20 / 22,8138413,2019-11-06 18:21:58:875,0.4233,0.6849,10.7444,-0.0009,0.0029,9.8066,0.0598,-0.057,0.0289,-25.06,-36.5,21.81,337.42,-88.93,-153.48,0.1326176421258139,0.7917919291620439,0.938091990111226,0.8740896378182638,-0.1681934709829578,0.8643690185364454,0.049962721747916,-0.0855226477829427,0.0240946629611437,False,False,False
52.5624,-1.495742,146.16,21.34,4,115.91,20 / 22,8138514,2019-11-06 18:21:58:976,0.5989,-0.2231,9.8013,0.0147,0.0186,9.8066,-0.0069,-0.0927,0.0382,-24.56,-36.81,21.38,330.66,-88.91,-158.76,0.6322240467334478,-0.0010778016269402,-0.0053115982186252,0.0915397152766251,-0.1090319785934386,-0.0137036930948611,0.0014920613521989,-0.070610991118255,0.0400921076649821,False,False,False
52.5624,-1.495742,146.16,21.34,4,115.91,20 / 22,8138613,2019-11-06 18:21:59:075,-0.4786,-0.4906,9.7284,-0.0008,0.0045,9.8066,-0.02,-0.099,0.0536,-24.87,-36.69,22.44,325.88,-89.01,-164.85,-0.2533226941286022,-0.6396936185727006,-0.078433264606229,-0.283862167944921,-0.4231735335990405,-0.1795747823803425,-0.0271120208660806,-0.11261211761512,0.054570629200905,False,False,False
52.5624,-1.495742,146.16,21.34,4,115.91,20 / 22,8138714,2019-11-06 18:21:59:176,0.3612,-1.2697,9.8993,0.0006,0.0054,9.8066,0.0077,-0.141,0.075,-25.37,-36.44,21.81,334.57,-89.11,-156.37,0.8189031424392437,-1.041817798912682,0.0922983053575047,-1.1500399769277398,0.0513102696545216,0.1114231018991055,0.0137095425005539,-0.1356013299780532,0.0723687982647061,False,False,False
52.5624,-1.495742,146.16,21.34,4,115.91,20 / 22,8138814,2019-11-06 18:21:59:276,-0.7869,-0.9048,10.4311,0.0028,-0.0022,9.8066,0.0575,-0.1813,0.0824,-25.37,-36.81,21.94,340.79,-89.06,-150.21,-0.3865767853001417,-1.135512907927041,0.6240848700281761,-0.6040939722415934,-0.4660110658757496,0.502572609880644,0.0525415008039591,-0.180273277516028,0.0846784320911903,False,False,False
52.5624,-1.495742,146.16,21.34,4,115.91,21 / 21,8138914,2019-11-06 18:21:59:376,1.1983,0.6193,9.9452,0.0215,0.0122,9.8066,0.0033,-0.1671,0.099,-25.31,-35.87,21.88,341.52,-88.94,-149.46,0.8570409543658744,1.0093609565323358,0.1389599653416726,0.8190006154429171,0.1199384250717849,0.1774023266277055,0.0073320397314255,-0.1724439865250024,0.099482469575491,False,False,False
52.5624,-1.495742,146.16,21.34,4,115.91,21 / 21,8139014,2019-11-06 18:21:59:476,0.7451,-1.2257,10.002,0.0015,0.0083,9.8066,0.0017,-0.1316,0.0975,-25.31,-36.56,22.25,337.43,-88.91,-153.45,1.1574134140573225,-0.8580347679668068,0.1950606211420477,-0.2866561285772069,1.109098687245515,0.0603137031682083,-0.0020200630965222,-0.1232479242376301,0.0918516888880428,False,False,False
52.5624,-1.495742,146.16,21.34,4,115.91,21 / 21,8139114,2019-11-06 18:21:59:576,1.2291,0.3804,10.203,0.0091,0.0113,9.8066,0.0277,0.0057,0.0077,-25.69,-36.12,22.31,340.75,-88.9,-149.1,0.987603911013592,0.8056362152130275,0.3966819553343523,0.6699939130627721,0.347837084086465,0.4501459407688866,0.032226944713995,-0.0058027677943752,0.0206144237697115,False,False,False
52.5624,-1.495742,146.16,21.34,4,115.91,21 / 21,8139214,2019-11-06 18:21:59:676,1.0777,-1.018,10.7406,-0.0197,-0.0095,9.8066,-0.0067,0.0734,-0.0035,-25.56,-36.37,21.94,343.77,-88.93,-146.15,1.398728902837464,-0.5150923983396476,0.9337838548292728,-0.0380345599730515,1.320777279339769,0.7852127702254743,-0.0129215221296735,0.089506617018768,-0.0251183701656015,False,False,False
52.5624,-1.495742,146.16,21.34,4,115.91,21 / 21,8139313,2019-11-06 18:21:59:775,0.8517,-1.0728,10.2353,0.0343,-0.0177,9.8066,-0.0147,0.0047,0.0201,-25.31,-36.5,21.69,339.44,-88.9,-151.49,1.1575485007834705,-0.6645972450249464,0.4284325270555352,-0.6297952916218499,0.6738511964659643,0.5032471848023619,-0.0071391472545088,-0.0176240093754393,0.0504658253335974,False,False,False
52.5624,-1.495742,146.16,21.34,4,115.91,21 / 21,8139413,2019-11-06 18:21:59:875,0.1403,1.0826,10.0895,0.0108,-0.0192,9.8066,0.0198,-0.0965,0.0906,-25.62,-36.06,22.25,331.84,-88.59,-157.68,-0.2997270162529378,1.068021274515526,0.2833022642167604,1.3542355345260768,-0.4515715943234549,0.1077441598542751,0.0128394657588012,-0.0677527186012889,0.053740495869338,False,False,False
52.5624,-1.495742,146.16,21.34,4,115.91,21 / 21,8139513,2019-11-06 18:21:59:975,1.6768,-1.0568,9.5368,-0.0047,-0.0122,9.8066,-0.0771,0.0944,-0.0785,-25.56,-36.0,22.0,329.55,-88.65,-159.96,1.9525628422824937,-0.3256466726350687,-0.2699556288344755,-0.0563960321441165,1.6583933210653656,-0.1544874915264716,-0.0733421419654576,0.0611147478550671,-0.039883973558531,False,False,False
52.5624,-1.495742,146.16,21.34,4,115.91,21 / 21,8139614,2019-11-06 18:22:00:076,-0.2904,-0.1116,9.3154,-0.0033,0.0134,9.8065,-0.0631,0.1314,-0.033,-25.56,-35.87,22.31,333.48,-88.74,-156.15,-0.217896853974464,-0.2247089093977871,-0.491179689182368,-0.1653672059867607,-0.4560712716743838,-0.7189053349996581,-0.0621936855481834,0.1659061579918624,-0.0672001846417967,False,False,False
52.5624,-1.495742,146.16,21.34,4,115.91,21 / 21,8139714,2019-11-06 18:22:00:176,1.3789,1.1607,8.7178,0.0166,-0.0273,9.8066,-0.0944,0.2737,-0.1354,-25.81,-35.56,22.69,332.23,-88.63,-158.6,0.8073878176151885,1.617593181572164,-1.0882131872467942,2.119906634576864,0.6986527196810868,-0.9034627004808088,-0.0988764447205375,0.2415556651456166,-0.111473857940615,False,False,False
52.5624,-1.495742,146.16,21.34,4,115.91,21 / 21,8139814,2019-11-06 18:22:00:276,1.9933,-0.2455,10.147,0.0044,0.0129,9.8066,-0.1743,0.1826,-0.079,-26.12,-35.56,22.25,325.7,-88.79,-163.81,1.93749971938892,0.5181513519914668,0.3405582825263147,0.3795689645648628,1.6397129168365203,0.0301526988796476,-0.1695401243422714,0.2092716738506778,-0.088560631289029,False,False,False
52.5624,-1.495742,146.16,21.34,4,115.91,22 / 22,8139914,2019-11-06 18:22:00:376,-2.549,-1.1378,9.3347,-0.0364,-0.0256,9.8065,0.0712,0.0459,-0.0346,-25.56,-36.31,21.88,319.78,-88.75,-169.59,-1.8999446316740296,-1.9848660258989863,-0.4725040696173943,-1.3118874510114782,-1.865530511833856,-0.1899462327122775,0.0690987866384318,0.0274812085996321,-0.0414073852892575,False,False,False
52.5624,-1.495742,146.16,21.34,4,115.91,22 / 22,8140013,2019-11-06 18:22:00:475,0.5193,0.0446,9.2846,0.0163,-0.0151,9.8066,0.1534,-0.0386,-0.1348,-25.62,-36.0,21.44,321.34,-88.73,-166.73,0.4423805344369784,0.2469010489935386,-0.5219161089266587,-0.0080951473677534,0.1433303002100572,-0.9391978406070484,0.1534190786900206,-0.0317090414750651,-0.1105216650266619,False,False,False
52.5624,-1.495742,146.16,21.34,4,115.91,22 / 22,8140114,2019-11-06 18:22:00:576,-0.1579,-1.1747,10.0363,0.019,-0.0176,9.8065,0.0,-0.0864,0.121,-24.75,-35.69,21.81,327.92,-88.69,-162.67,0.2769597272833626,-1.1373933687452005,0.2293723919689785,-0.3975115626303938,0.3897275382454482,0.6250894599356446,-0.0031125857387947,-0.0776272580669598,0.0770305484870446,False,False,False
52.5624,-1.495742,146.16,21.34,4,115.91,22 / 22,8140214,2019-11-06 18:22:00:676,1.2336,-0.6565,9.5169,-0.0335,-0.0239,9.8065,-0.0527,-0.182,0.1559,-24.94,-35.87,21.81,333.88,-88.55,-156.77,1.4125137162125585,-0.102438346927545,-0.2896631087835333,-0.3653555296690687,1.1797688293475257,-0.8182969666169824,-0.0390419273171027,-0.2100622854866968,0.2236300652222438,False,False,False
52.5624,-1.495742,146.16,21.34,4,115.91,22 / 22,8140313,2019-11-06 18:22:00:775,0.7031,-1.4775,8.6196,0.013,-0.0163,9.8065,-0.1814,-0.0179,0.0821,-25.37,-36.19,21.38,329.92,-88.41,-159.22,1.1944180417642885,-1.0879791104217404,-1.187325590052653,-0.3963443010501716,1.3241890284794016,-0.688567744371689,-0.2109436127054696,0.0296454140291356,-0.0126268027545962,False,False,False
52.5624,-1.495742,146.16,21.34,4,115.91,22 / 22,8140413,2019-11-06 18:22:00:875,3.569,-1.7435,11.6729,-0.0141,0.0207,9.8066,-0.1859,0.2639,0.0399,-25.37,-36.5,21.69,321.98,-88.42,-168.3,3.984957878145591,-0.2678665358022774,1.8661299977232773,-0.4353377382586892,1.8847620075751417,1.250917842753121,-0.1409683919161431,0.2022240846408923,0.1585762351066203,False,False,False
52.5624,-1.495742,146.16,21.34,4,115.91,22 / 22,8140514,2019-11-06 18:22:00:976,0.5046,-1.7053,8.876,-0.0495,0.0121,9.8065,0.3081,-0.2203,0.3381,-24.75,-36.12,21.75,320.22,-88.19,-169.86,1.1662057331262234,-1.376758032514883,-0.9310323989686272,-0.82802761486414,1.2761682067287696,-0.3699137930933809,0.2546122922679912,-0.1539541461819434,0.2087540582804523,False,False,False
52.5624,-1.495742,146.16,21.34,4,115.91,22 / 22,8140614,2019-11-06 18:22:01:076,-2.7301,-0.3145,10.1801,0.0161,-0.0331,9.8065,0.2021,-0.1855,-0.376,-25.19,-36.25,22.25,320.82,-88.54,-169.52,-2.432240862336124,-1.3058847694320874,0.3731577636171181,-1.308688081961981,-1.9763808507819312,-0.2751662884139257,0.2542007968970173,-0.2474673303869498,-0.2573518078330176,False,False,False
52.5624,-1.495742,146.16,21.34,4,115.91,22 / 22,8140714,2019-11-06 18:22:01:176,1.0886,-1.8696,10.1774,0.0491,0.0148,9.8065,0.0693,-0.103,-0.016,-24.87,-36.25,22.75,348.58,-88.78,-143.78,1.6786536672936,-1.3468624841906491,0.3703697260327057,-0.9911600502589778,1.7606399262041896,0.9292749201732458,0.0272946707606879,-0.0503192292097918,-0.1027960514874924,False,False,False
52.5624,-1.495742,146.16,21.34,4,115.91,22 / 22,8140813,2019-11-06 18:22:01:275,1.4551,-0.2779,10.7106,-0.0218,-0.0259,9.8065,-0.1681,0.0284,0.0689,-25.06,-36.37,22.31,347.3,-88.82,-143.76,1.461632002912805,0.328930287355951,0.9041964245234732,0.5087066086297468,1.6207038742681474,0.2926549529677406,-0.1411050951735629,-0.0144569124408738,0.1119130907476617,False,False,False
52.5624,-1.495742,146.16,21.34,4,115.91,22 / 23,8140913,2019-11-06 18:22:01:375,0.1449,0.3589,8.4897,-0.021,0.034,9.8066,-0.2072,0.0439,-0.0535,-24.75,-35.94,21.69,340.53,-88.99,-150.45,0.0296861546304996,0.3640828172118679,-1.3167653034745124,0.5304052939464361,0.09173393190576,-0.8319282445945351,-0.2183560830678278,0.0785187409353866,-0.0538043768801685,False,False,False
52.5624,-1.495742,146.16,21.34,4,115.91,22 / 23,8141013,2019-11-06 18:22:01:475,0.255,-1.4203,10.1829,-0.0061,0.0013,9.8066,-0.051,0.1846,-0.0384,-25.12,-36.56,21.44,337.9,-88.87,-151.64,0.7826772996725956,-1.2152720404051376,0.3758345013257141,-0.8869494575227851,1.0655498239706818,-0.1317979863445905,-0.0535288214612606,0.1567527438863617,-0.0693093117053631,False,False,False
52.5624,-1.495742,146.16,21.34,4,115.91,22 / 23,8141113,2019-11-06 18:22:01:575,0.8187,0.2691,9.2997,0.0194,0.0137,9.8065,0.0561,0.0928,-0.1916,-24.75,-36.81,21.94,339.11,-88.98,-151.83,0.6418590695964536,0.540665020875485,-0.5066104617736261,0.5673408272306706,0.6914064661549636,-0.1550706947611013,0.0685909338585462,0.1144191134334957,-0.1454597316061168,False,False,False
52.5624,-1.495742,146.16,21.34,4,115.91,22 / 23,8141213,2019-11-06 18:22:01:675,-0.7402,-0.1998,10.3823,-0.0054,0.0149,9.8066,-0.0741,0.1171,-0.0183,-25.0,-36.12,21.5,336.7,-89.02,-154.23,-0.5977107486475227,-0.4784992056797398,0.5755327889139571,-0.0723464628059098,-0.1972634448051137,0.2174624281920796,-0.091766469388506,0.1014951428386848,-0.0650911889842724,False,False,False
52.5624,-1.495742,146.16,21.34,4,115.91,22 / 23,8141314,2019-11-06 18:22:01:776,-2.4707,0.7658,9.7225,-0.0347,0.0093,9.8065,-0.1256,-0.0024,0.0621,-24.81,-37.19,21.69,326.56,-89.04,-164.19,-2.54056145498254,-0.2278795116044681,-0.0840397028071142,-0.2661209908261699,-1.964316134925856,0.1033726204426096,-0.1088471450882854,0.0081194410608834,0.0999926944738696,False,False,False
52.5624,-1.495742,146.16,21.34,4,115.91,22 / 23,8141414,2019-11-06 18:22:01:876,-1.2248,0.2042,9.3818,0.02,-0.0198,9.8066,0.1669,-0.1332,0.0463,-25.06,-36.12,21.44,329.78,-89.1,-159.75,-1.2363428438651711,-0.2666341930999378,-0.4248772287300477,0.1347927299496003,-0.7172724310315096,-0.6204827059574534,0.157585949915881,-0.1407015655335257,0.0213408412531214,False,False,False
52.5624,-1.495742,146.16,21.34,4,115.91,22 / 23,8141514,2019-11-06 18:22:01:976,-0.4636,-0.4527,9.8065,0.026,-0.0307,9.8065,0.1328,-0.1201,-0.0214,-25.31,-36.87,21.31,344.23,-89.11,-145.53,-0.2920634135564205,-0.5766203939558262,-0.0002091315356465,-0.6060179750128958,-0.2763263210315526,0.0263382178424662,0.1302966613385262,-0.1129865796895562,-0.0095620416859162,False,False,False
52.5624,-1.495742,146.16,21.34,4,115.91,22 / 23,8141614,2019-11-06 18:22:02:076,-0.2709,0.4965,10.0402,-0.0284,-0.0011,9.8066,-0.1199,-0.0178,0.0799,-26.06,-37.0,22.0,6.73,-89.18,-123.61,-0.4136802842776754,0.367713655165151,0.233744005709294,0.6948863483394923,0.223891593229159,0.1811822853955453,-0.1055140791388618,-0.0268808004602901,0.0793221454596974,False,False,False
52.5624,-1.495742,146.16,21.34,4,115.91,22 / 23,8141714,2019-11-06 18:22:02:176,0.3295,0.5601,10.6745,-0.0341,-0.0034,9.8066,-0.0981,-0.0618,0.1232,-25.31,-37.19,21.63,353.02,-89.2,-138.21,0.1216957526516712,0.6591704542430349,0.8681428891833277,0.6895882627598043,0.1174212386553194,0.7649344878331346,-0.1203674593234708,-0.0487560129620503,0.1154554863490519,False,False,False
52.5624,-1.495742,146.16,21.34,4,115.91,22 / 23,8141813,2019-11-06 18:22:02:275,-1.22,1.114,9.562,0.0225,-0.0102,9.8066,-0.0533,0.0253,0.0135,-25.56,-36.44,21.38,348.14,-89.13,-140.59,-1.5769386730389732,0.5665800220393261,-0.2443615151778172,0.7808359257501807,-0.8328112221051311,-0.1945786259098418,-0.0292285588188542,0.0061059999584667,0.0261329632843984,False,False,False
52.5624,-1.495742,146.16,21.34,4,115.91,22 / 23,8141913,2019-11-06 18:22:02:375,0.6651,0.8544,10.5902,0.0118,0.0037,9.8066,0.0703,0.0753,-0.0566,-25.56,-36.31,21.63,356.23,-89.17,-133.94,0.2802335251346114,1.035067735059474,0.7839797798600929,1.1401383172251005,0.270549997049553,0.5958851368920338,0.0505298870929439,0.1030677571035176,-0.0706784699309503,False,False,False
52.5624,-1.495742,146.16,21.34,4,115.91,22 / 23,8142014,2019-11-06 18:22:02:476,-2.1016,0.9275,8.9492,-0.0041,0.0078,9.8066,0.065,0.0823,-0.0581,-25.44,-36.94,20.81,6.74,-89.2,-123.4,-2.28970152509461,0.0521915988639232,-0.8573401092841999,0.1547504245646536,-1.1782339376227426,-0.7521736111405987,0.0758960468590273,0.0444943118353607,-0.0459523630532716,False,False,False
52.5624,-1.495742,146.16,21.34,4,115.91,22 / 23,8142114,2019-11-06 18:22:02:576,-2.4525,1.1297,8.3921,0.0025,0.0142,9.8066,0.0399,0.018,-0.0811,-25.06,-36.94,21.19,17.01,-89.23,-113.28,-2.694833265093089,0.0973448077573155,-1.414416191136971,0.2511088598211517,-1.984637808625318,-1.6424501822345587,0.0397106488175269,0.0645429085124914,-0.0878460547519755,False,False,False
52.5624,-1.495742,146.16,21.34,4,115.91,22 / 23,8142214,2019-11-06 18:22:02:676,-1.1456,-0.6152,11.2506,-0.016,0.0221,9.8065,-0.0825,0.177,-0.1533,-24.81,-37.25,21.63,17.98,-89.29,-113.61,-0.8018697738924927,-1.019904729945898,1.4437352484273525,-0.9876416852278832,0.0543935504795923,1.5615643668503425,-0.0912827031074979,0.1266731328544805,-0.1548886849264142,False,False,False
52.5624,-1.495742,146.16,21.34,4,115.91,22 / 23,8142314,2019-11-06 18:22:02:776,-0.5411,0.4387,9.2999,-0.0028,0.0038,9.8066,-0.1671,0.0007,0.0054,-24.81,-36.37,20.88,349.49,-89.18,-140.38,-0.6633453225005758,0.1973932410410366,-0.5066149242846312,0.3377557373207293,-0.5825033409341559,-0.7357619578118073,-0.1547602083763345,0.0472069867713089,0.0156406969500966,False,False,False
52.5624,-1.495742,146.16,21.34,4,115.91,22 / 23,8142413,2019-11-06 18:22:02:875,-1.8683,2.3039,9.5168,0.0166,0.0046,9.8066,-0.0592,0.0655,0.0093,-24.94,-37.06,20.75,337.01,-89.28,-152.7,-2.618346321587738,1.4086238020883244,-0.2892301236354799,1.4419447192346424,-1.1582518677330471,-0.1952205821723291,-0.0671863303776378,0.030660216805685,-0.0048334223474317,False,False,False
52.5624,-1.495742,146.16,21.34,4,115.91,22 / 23,8142513,2019-11-06 18:22:02:975,-0.7291,0.1149,10.7843,0.0238,0.0096,9.8066,0.014,0.0914,-0.1578,-25.44,-36.19,21.31,354.32,-89.28,-135.63,-0.7362715018736989,-0.1896390223249643,0.9776426273134168,-0.1443361718355656,-0.549499240468878,0.7810110246425515,0.0098363722849921,0.109004268148942,-0.1499832114105175,False,False,False
52.5624,-1.495742,146.16,21.34,4,115.91,22 / 23,8142613,2019-11-06 18:22:03:075,-2.6208,0.6151,10.0596,-0.0052,-0.0157,9.8066,0.1273,0.2582,-0.0767,-25.75,-36.44,20.75,349.13,-89.33,-139.66,-2.6587730041648414,-0.4126158753408532,0.2528937558362478,-0.2999316754978233,-1.2164676339223304,0.2912531853293798,0.1480202191541077,0.2592808478813686,-0.0658940846602595,False,False,False
52.5624,-1.495742,146.16,21.34,4,115.91,22 / 23,8142714,2019-11-06 18:22:03:176,-0.6656,-0.2241,10.5938,0.0159,0.0542,9.8064,0.0727,0.1542,-0.0733,-24.5,-36.5,20.31,1.94,-89.51,-127.89,-0.524207133552861,-0.5170956667892853,0.7872171571555318,-0.6392398533267339,-0.2026357268213306,0.6513945747268165,0.0370613764064502,0.1378089013392667,-0.1109837987929318,False,False,False
52.5624,-1.495742,146.16,21.34,4,115.91,22 / 23,8142814,2019-11-06 18:22:03:276,-2.4298,0.3911,7.8204,0.0017,-0.0005,9.8066,-0.2148,-0.3219,0.0928,-25.75,-36.94,21.19,4.59,-89.25,-124.4,-2.3975086394626444,-0.5628785144876789,-1.9863668723652543,-0.3183012756111806,-1.3017690157815205,-2.027193742217819,-0.1722439652162081,-0.2969241029044065,0.1555793476185415,False,False,False
52.561577,-1.492915,147.62,24.02,4,116.54,22 / 22,8142914,2019-11-06 18:22:03:376,-3.267,-2.3214,10.8901,-0.0426,-0.0695,9.8063,0.0602,-0.2602,0.4102,-25.81,-37.25,22.13,18.99,-89.73,-111.35,-2.1242024557491326,-3.3103106429209066,1.0826074008401791,-3.629331181124324,-1.535857806683154,1.023052307277447,0.0219498017201631,-0.2874865671953802,0.3362650231824357,False,False,False
52.561577,-1.492915,147.62,24.02,4,116.54,22 / 22,8143014,2019-11-06 18:22:03:476,-1.787,-0.492,9.9214,0.031,0.055,9.8064,0.11,-0.1717,-0.1867,-25.37,-36.94,21.44,26.18,-89.63,-104.04,-1.4728288238036071,-1.19800020229179,0.1145808495435097,-0.8253644729439211,-0.8639691303659958,-0.0105503003392265,0.1346531886711537,-0.1445771052120118,-0.1232314749918001,False,False,False
52.561577,-1.492915,147.62,24.02,4,116.54,22 / 22,8143114,2019-11-06 18:22:03:576,-0.2231,2.5591,8.4819,0.0166,-0.026,9.8066,0.1568,-0.281,-0.0962,-25.5,-36.06,21.44,352.35,-89.36,-137.59,-1.2058756082082327,2.299648249897491,-1.3238240571434825,1.8203583662584,-0.6141591771775813,-1.314552046697342,0.1492213398210653,-0.3088788481948047,-0.1296476333117027,False,False,False
52.561577,-1.492915,147.62,24.02,4,116.54,22 / 22,8143214,2019-11-06 18:22:03:676,0.4517,-1.4298,11.3585,-0.0197,0.0472,9.8064,0.1501,-0.2447,0.0149,-24.25,-37.0,21.0,338.29,-89.57,-152.71,0.998252339501266,-1.186871033649031,1.5516413200753352,-0.7575054907543698,1.533024382251087,1.362201621528385,0.1433967989815398,-0.2156796207816039,0.010154862183211,False,False,False
52.561577,-1.492915,147.62,24.02,4,116.54,22 / 22,8143314,2019-11-06 18:22:03:776,-2.8642,-0.7432,8.9655,-0.0512,-0.0125,9.8064,-0.1293,-0.1295,0.0041,-25.44,-37.06,21.44,330.35,-89.38,-159.32,-2.322973312298921,-1.7463286236750588,-0.8415079491485224,-2.2874818113589925,-1.309440391744521,-0.7940507092617701,-0.1144443364456418,-0.1555886536266957,0.0402407454447714,False,False,False
52.561577,-1.492915,147.62,24.02,4,116.54,22 / 22,8143414,2019-11-06 18:22:03:876,-4.6072,-0.719,10.1077,0.0162,0.0276,9.8065,-0.0547,-0.3142,0.2987,-26.19,-37.12,20.69,331.96,-89.64,-156.78,-3.990957677175304,-2.4507144509299192,0.3003598824722895,-2.08198869498258,-1.5175229708009157,0.0839698623491265,-0.0728048489750559,-0.3001607380943792,0.2496618335893871,False,False,False
52.561577,-1.492915,147.62,24.02,4,116.54,22 / 22,8143514,2019-11-06 18:22:03:976,-0.48,2.1621,9.6247,0.0266,-0.0035,9.8065,0.1197,-0.2263,0.0857,-24.94,-37.0,21.63,0.89,-89.55,-130.46,-1.292942208410944,1.8097015654072792,-0.1811045274748099,1.3287636483221477,-0.5315333200363257,-0.1337496922532725,0.1405628940276377,-0.2174579268817521,0.1253924950552575,False,False,False
52.561577,-1.492915,147.62,24.02,4,116.54,22 / 22,8143614,2019-11-06 18:22:04:076,-0.6692,-0.1955,10.106,-0.0063,0.012,9.8066,0.1093,-0.1744,0.114,-25.0,-37.19,22.25,347.19,-89.41,-144.01,-0.5339716565210895,-0.4443648531435239,0.299244327135634,-0.2478950414751715,-0.0883950187790716,0.0895268692274522,0.0820972717933767,-0.2135723499902042,0.1006392058758957,False,False,False
52.561577,-1.492915,147.62,24.02,4,116.54,22 / 22,8143715,2019-11-06 18:22:04:177,1.2467,1.7522,9.732,-0.0208,-0.0004,9.8066,-0.0154,-0.3177,0.1555,-25.44,-37.31,21.25,1.48,-89.2,-128.57,0.5047896501305771,2.103203535599918,-0.073827277892769,1.768219588729552,1.3184657194073588,-0.0495204337373268,0.0227175162259106,-0.2481412368792849,0.1371225627412873,False,False,False
52.561577,-1.492915,147.62,24.02,4,116.54,22 / 22,8143814,2019-11-06 18:22:04:276,-1.8355,-0.5767,9.1316,0.0286,0.0329,9.8065,-0.0084,-0.195,0.0839,-25.5,-36.81,21.75,1.55,-89.23,-129.82,-1.4916378170618778,-1.2731434731426456,-0.6753467994335624,-1.2938471422044706,-1.0761908709181096,-0.8691963469521091,-0.0595777996453844,-0.2863764868860454,0.1263401434500454,False,False,False
52.561577,-1.492915,147.62,24.02,4,116.54,22 / 22,8143916,2019-11-06 18:22:04:378,-0.2358,2.0107,9.8519,0.046,0.0381,9.8064,-0.0989,-0.3113,0.1948,-24.75,-36.62,20.75,8.78,-89.34,-121.36,-1.0115886418954805,1.7167382728350185,0.0461559548866261,1.523623120125518,-0.1594458391692252,0.0544610597534126,-0.0370050577543498,-0.2132383265146787,0.1455664807616216,False,False,False
52.561577,-1.492915,147.62,24.02,4,116.54,22 / 22,8144014,2019-11-06 18:22:04:476,1.9875,4.5261,9.731,-0.0306,-0.019,9.8065,0.1746,0.4076,-0.2547,-25.0,-36.56,20.56,0.18,-89.36,-129.85,0.1356958973272409,4.971169224360596,-0.0736548451809618,4.792704241678386,0.5298252191372597,-0.2728410124958385,0.1086893749114409,0.3192742489567362,-0.2181538516650527,False,False,False
52.561577,-1.492915,147.62,24.02,4,116.54,22 / 22,8144113,2019-11-06 18:22:04:575,-1.574,-2.1875,10.3429,-0.0467,-0.0258,9.8064,-0.0069,0.3267,-0.1654,-25.06,-36.37,20.81,339.56,-89.46,-150.26,-0.5892625224602742,-2.580577226353575,0.5355513873094235,-2.740488105593322,0.2782058771123085,0.5610612710136997,0.0543185877123102,0.3941273789564665,-0.1760568287502378,False,False,False
52.561577,-1.492915,147.62,24.02,4,116.54,22 / 22,8144214,2019-11-06 18:22:04:676,-2.0901,-1.9236,10.392,-0.0222,-0.0243,9.8066,0.0501,0.129,0.1125,-24.81,-36.12,21.38,5.01,-89.46,-125.07,-1.1890502722374214,-2.5437750837015485,0.5844756912235914,-2.7286471079435666,-0.7908758202666212,0.3415485192583224,0.0010052196432258,0.0849724978349499,0.095401743403379,False,False,False
52.561577,-1.492915,147.62,24.02,4,116.54,22 / 22,8144314,2019-11-06 18:22:04:776,-2.6511,-2.7141,10.2093,-0.0154,-0.0043,9.8066,-0.0579,0.233,-0.1479,-25.12,-36.81,21.44,18.91,-89.16,-111.43,-1.4055172114718215,-3.509341910785887,0.4014206540004315,-3.809507576979705,-0.5665570007578643,0.4827385859559633,-0.0247135613494495,0.2571560109283607,-0.1110807336359046,False,False,False
52.561577,-1.492915,147.62,24.02,4,116.54,22 / 22,8144414,2019-11-06 18:22:04:876,1.1172,0.6339,9.9718,-0.0464,-0.0452,9.8064,-0.0305,0.2093,-0.0539,-25.62,-36.62,20.88,30.97,-88.88,-98.61,0.8174235531738,1.0709031151946389,0.1657835413517826,1.0598109457899665,1.2670401580194648,-0.1509973226141321,-0.0481343477875721,0.2015715611876176,-0.0986706983045597,False,False,False
52.561577,-1.492915,147.62,24.02,4,116.54,22 / 22,8144514,2019-11-06 18:22:04:976,0.4325,0.5474,9.5504,0.0238,0.02,9.8066,0.0305,-0.0597,-0.0596,-25.69,-37.0,21.13,30.67,-88.86,-98.9,0.1771234038795828,0.6433774942468312,-0.2559640398469653,0.043059831882628,0.9254228483258676,-0.1016516796958732,0.0357650020739025,-0.0691512883491164,-0.0164149941799359,False,False,False
52.561577,-1.492915,147.62,24.02,4,116.54,22 / 22,8144614,2019-11-06 18:22:05:076,1.0743,-0.3035,9.7104,0.0182,0.0087,9.8066,0.0024,-0.1465,-0.0153,-24.87,-37.37,20.94,10.45,-89.17,-119.75,1.0954243539812278,0.1134279991919862,-0.0961772514896958,0.4020097235172329,1.6552611641772486,-0.4840793398025826,0.0058657971883422,-0.1158611332782972,-0.0517685462247782,False,False,False
52.561577,-1.492915,147.62,24.02,4,116.54,22 / 22,8144714,2019-11-06 18:22:05:176,0.5779,3.5406,9.785,0.0424,0.0146,9.8065,0.0082,-0.3527,0.2115,-25.12,-37.44,21.19,339.28,-89.23,-150.44,-0.8472543276258567,3.464339860227873,-0.0201974541856106,2.494185892507537,-0.2518596544911089,0.1839001653063942,-0.0019884499019542,-0.4070201006202898,0.2387449915037008,False,False,False
52.561577,-1.492915,147.62,24.02,4,116.54,22 / 22,8144814,2019-11-06 18:22:05:276,-3.8757,-3.2505,10.4261,-0.001,0.0619,9.8064,0.0934,-0.5991,0.3221,-24.81,-37.0,21.44,324.75,-89.36,-164.86,-2.321780809881513,-4.538354822765236,0.6180544584010976,-3.938958389459113,-1.2834004798537126,0.2052421252612552,0.1104670295027137,-0.5250382085850929,0.3070044788538945,False,False,False
52.561577,-1.492915,147.62,24.02,4,116.54,21 / 23,8144914,2019-11-06 18:22:05:376,0.004,3.8527,8.8462,0.0011,0.0318,9.8066,0.1197,-0.2297,-0.0076,-25.19,-37.0,20.88,339.71,-89.31,-150.05,-1.4520355154178888,3.53460730913668,-0.9590606926376802,2.252554496383686,-1.0457994619826103,-0.7692227431542029,0.0945534692983327,-0.311520769591449,-0.0087704128489892,False,False,False
52.561577,-1.492915,147.62,24.02,4,116.54,21 / 23,8145014,2019-11-06 18:22:05:476,-0.5113,1.1565,11.4878,0.0526,-0.0516,9.8063,-0.0431,-0.298,-0.0163,-25.37,-36.56,21.0,319.02,-88.91,-170.19,-0.9813527536468885,0.901803460569161,1.6818526574629404,1.696645520691873,-0.0986647114552972,1.3233247742679697,-0.009287421093876,-0.2258213901799042,0.0038970549930775,False,False,False
52.561577,-1.492915,147.62,24.02,4,116.54,21 / 23,8145113,2019-11-06 18:22:05:575,-0.4026,-1.3521,9.7652,0.0079,0.0093,9.8066,-0.0679,-0.0881,0.1735,-24.81,-35.94,21.06,337.68,-88.76,-151.82,0.1387289045551939,-1.4151432683005736,-0.0419284059378357,-2.8361455015826094,0.3660827092195647,0.0495240959413788,-0.1091792585020878,-0.1328280651309673,0.136048621675006,False,False,False
52.561577,-1.492915,147.62,24.02,4,116.54,21 / 23,8145214,2019-11-06 18:22:05:676,-2.2805,0.8121,10.0539,-0.0116,-0.0148,9.8065,-0.1261,-0.1193,0.0147,-25.31,-36.44,20.63,351.54,-88.8,-138.29,-2.412842769788748,-0.0992859171235476,0.2474058506565667,0.6814842434908582,-0.9923031774402112,0.0263852425016286,-0.0807656836162352,-0.1152226444973631,0.0623523558493108,False,False,False
52.561577,-1.492915,147.62,24.02,4,116.54,21 / 23,8145314,2019-11-06 18:22:05:776,-0.5055,1.1507,9.4262,0.0111,0.0301,9.8066,0.105,-0.0811,0.0029,-24.94,-36.44,21.56,350.03,-88.99,-141.13,-0.9043382916506152,0.8396675847287586,-0.3800719424138274,-0.4787738702061892,-0.7951331851936136,-0.4574719058713114,0.0607354863380757,-0.039488023549105,-0.0445246103241913,False,False,False
52.561577,-1.492915,147.62,24.02,4,116.54,21 / 23,8145414,2019-11-06 18:22:05:876,1.8528,3.9589,9.3674,0.0102,0.0368,9.8065,0.0028,0.0728,-0.1717,-25.06,-36.87,20.69,334.75,-89.2,-154.89,0.2105961418421635,4.328406091966311,-0.4374950834810874,4.846604875290984,1.2580780120638118,-0.4680558924581379,0.0406423577026824,-0.0103325874559933,-0.1352019034945556,False,False,False
52.561577,-1.492915,147.62,24.02,4,116.54,21 / 23,8145514,2019-11-06 18:22:05:976,5.6688,4.0759,9.6575,0.0556,0.0728,9.8062,-0.0181,-0.3536,0.0578,-24.94,-37.31,20.31,329.85,-89.5,-158.52,3.666397458867746,5.838747737028037,-0.1465949417889804,4.872444062968954,2.085997547784194,-0.4193398883870179,-0.0455308579234347,-0.2401728585230722,0.0400040275375109,False,False,False
52.561577,-1.492915,147.62,24.02,4,116.54,21 / 23,8145613,2019-11-06 18:22:06:075,-0.3102,-1.758,10.7277,0.0463,0.0507,9.8063,0.0223,-0.0005,0.1811,-24.94,-37.37,20.38,273.43,-89.33,145.54,0.3589760778053888,-1.8085557526424083,0.9207215459342264,-1.7765806260791228,1.3419603519094214,1.0809751798704172,0.0373760943882732,-0.130356592937194,0.1773548220971609,False,False,False
52.561577,-1.492915,147.62,24.02,4,116.54,21 / 23,8145713,2019-11-06 18:22:06:175,2.7238,3.5956,12.3153,-0.0474,0.0078,9.8065,0.2159,0.1601,-0.1768,-25.5,-36.62,20.5,294.54,-89.15,165.39,1.1965904372340808,4.3717250622819215,2.510403757433471,3.949082028886401,1.356635723510744,2.0711352869608923,0.2130406642291024,0.2937987961740483,-0.1530552493976295,False,False,False
52.561577,-1.492915,147.62,24.02,4,116.54,21 / 23,8145813,2019-11-06 18:22:06:275,-1.3621,3.0781,6.8783,0.0392,-0.002,9.8065,0.2014,0.6181,-0.319,-24.94,-36.44,20.56,306.09,-89.3,176.68,-2.4684807729764,2.315719049696163,-2.927295833413517,1.728907778081242,-1.168968545133913,-2.627458365115991,0.1942984105626086,0.4902676695541663,-0.3590992092989678,False,False,False
52.561577,-1.492915,147.62,24.02,4,116.54,19 / 22,8145914,2019-11-06 18:22:06:376,1.6772,-1.4813,11.3267,0.039,-0.0335,9.8064,-0.0799,0.2938,-0.1674,-25.56,-36.5,20.88,320.83,-89.32,-167.63,2.066062535280901,-0.7156320525969234,1.5199975446047846,-0.52376848273493,2.2972703769881884,0.9853566632778704,-0.0668379740727034,0.4092813364710173,-0.1155645552577622,False,False,False
52.561577,-1.492915,147.62,24.02,4,116.54,19 / 22,8146013,2019-11-06 18:22:06:475,1.1897,0.0894,10.9514,0.0467,-0.0064,9.8065,-0.2193,0.4067,0.0932,-25.12,-36.69,21.19,332.47,-89.35,-157.22,1.0204673485020304,0.523324797959458,1.1450765024582104,-0.6707820629250547,1.6617251414938308,1.5042958622880755,-0.2337185912322724,0.3063323907693991,0.0360467675383255,False,False,False
52.561577,-1.492915,147.62,24.02,4,116.54,19 / 22,8146113,2019-11-06 18:22:06:575,-3.4013,-2.1857,9.5267,-0.0081,-0.0742,9.8063,-0.1687,0.0577,-0.0265,-25.37,-37.06,20.69,311.97,-89.39,-177.54,-2.3337675563414844,-3.244243360034678,-0.2807644276592033,-2.524330299992994,-1.5614315952464468,-0.8257302463821088,-0.1570669538606958,0.1440789599043875,0.0272498871283227,False,False,False
52.561577,-1.492915,147.62,24.02,4,116.54,19 / 22,8146213,2019-11-06 18:22:06:675,3.1907,1.6863,11.2917,-0.0464,-0.0414,9.8064,0.0127,-0.0051,0.0747,-25.5,-36.75,19.94,332.58,-89.08,-155.59,2.335565907228682,2.829468730710339,1.4863103259156507,1.1976123054884933,2.47676616921013,1.8252783553759075,0.0070781258594247,-0.0812497409734311,0.033709352906474,False,False,False
52.561577,-1.492915,147.62,24.02,4,116.54,19 / 22,8146313,2019-11-06 18:22:06:775,-0.7633,0.216,9.7186,-0.0519,-0.0287,9.8064,0.0997,-0.1428,-0.1532,-24.81,-36.56,20.94,321.18,-89.12,-168.23,-0.7509883795523629,-0.0445413449913875,-0.0878032594137284,0.9719121854947024,-0.2257603442238954,-0.5704501073239725,0.0973376129949459,-0.0732289715751332,-0.1315656499468931,False,False,False
52.561577,-1.492915,147.62,24.02,4,116.54,19 / 22,8146414,2019-11-06 18:22:06:876,-0.2793,3.3489,8.4047,0.0285,-0.0058,9.8066,0.0626,-0.1033,-0.0472,-25.44,-36.94,19.81,335.87,-89.34,-152.48,-1.5618518714842566,2.985390858171621,-1.400762897669136,1.2042228663988284,-1.1757491881300708,-1.141175509265659,0.0732453996013342,-0.1670109266679338,-0.0489045271366267,False,False,False
52.561577,-1.492915,147.62,24.02,4,116.54,19 / 22,8146513,2019-11-06 18:22:06:975,0.2895,0.3426,10.8413,0.0519,-0.0154,9.8064,-0.0414,-0.4766,0.3241,-24.94,-36.75,21.25,312.99,-89.19,-176.37,0.0834261591061344,0.4211137363048434,1.035055103398932,1.4206270047647176,0.608508674389955,0.6625311454219138,-0.0586808296730162,-0.4217007562148281,0.3121481046319407,False,False,False
52.561577,-1.492915,147.62,24.02,4,116.54,19 / 22,8146613,2019-11-06 18:22:07:075,1.4428,2.4126,10.1695,-0.0689,-0.0314,9.8063,-0.132,-0.3425,0.3284,-24.62,-37.0,20.63,329.95,-89.33,-159.7,0.4673755216289266,2.8353434454502606,0.3642455190175083,1.230578807473121,0.8505850570459508,0.5113112693770582,-0.1115559097264146,-0.384102150029061,0.3433841973306701,False,False,False
52.561577,-1.492915,147.62,24.02,4,116.54,19 / 22,8146713,2019-11-06 18:22:07:175,0.2329,-2.2367,10.1276,-0.0488,0.0146,9.8065,0.1074,-0.3627,0.1757,-25.19,-37.06,20.88,321.56,-89.26,-167.94,1.1176098445592186,-1.9746235698302304,0.3203463482158589,-1.2947273119561409,1.5612760905775234,0.0806197120783366,0.0881890634009994,-0.3371501568456211,0.1687490579366393,False,False,False
52.561577,-1.492915,147.62,24.02,4,116.54,19 / 22,8146813,2019-11-06 18:22:07:275,-0.3843,-1.4059,10.0044,0.009,-0.035,9.8065,0.2742,-0.3747,0.063,-24.87,-36.44,20.38,340.75,-89.38,-147.68,0.1582546616216563,-1.417468340743491,0.1973704006808281,-2.578949209375515,0.6040891187001602,0.2218288698508463,0.2882785524968432,-0.3850186846611097,0.0534247325232649,False,False,False
52.561577,-1.492915,147.62,24.02,4,116.54,20 / 22,8146913,2019-11-06 18:22:07:375,-2.1877,-2.3229,9.666,0.0781,0.0217,9.8063,0.1996,-0.2858,0.0765,-25.37,-36.69,21.25,351.79,-89.25,-138.12,-1.2025237603513044,-3.030614476577545,-0.141405057014145,-2.8708337465398257,-0.8851098555225337,-0.2464341194979863,0.1930488006594518,-0.286767451021324,0.1067487810082867,False,False,False
52.561577,-1.492915,147.62,24.02,4,116.54,20 / 22,8147013,2019-11-06 18:22:07:475,-0.1746,1.0983,9.4278,-0.025,-0.0195,9.8066,-0.0866,-0.2198,0.2451,-24.81,-36.75,20.63,351.47,-89.21,-138.42,-0.5639111552788114,0.9768027698600752,-0.3784270045144791,0.3872916219208107,-0.0354010061542326,-0.4681628763777926,-0.0877961218023104,-0.2129501973574724,0.1951552344371335,False,False,False
52.561577,-1.492915,147.62,24.02,4,116.54,20 / 22,8147114,2019-11-06 18:22:07:576,1.3911,1.3547,8.9319,0.0233,0.0322,9.8065,-0.1424,-0.153,0.0498,-24.87,-37.0,21.06,348.89,-89.46,-141.02,0.7612703157135019,1.7439782866115805,-0.8739653838916055,1.3460921644392958,0.9581320205479358,-0.8592569693319119,-0.1363884092079226,-0.1601681870795813,0.1138575251260513,False,False,False
52.561577,-1.492915,147.62,24.02,4,116.54,20 / 22,8147213,2019-11-06 18:22:07:675,0.389,0.9921,8.3803,-0.0318,-0.0025,9.8066,-0.0073,0.0356,0.0287,-25.37,-36.69,20.94,358.56,-89.37,-131.45,0.0104181776139863,1.080434057492979,-1.4258987337761615,1.0162360734247118,0.5915805583860922,-1.605828180671533,-0.0115696514557559,0.0375922438878152,-0.0408627725967611,False,False,False
52.561577,-1.492915,147.62,24.02,4,116.54,20 / 22,8147314,2019-11-06 18:22:07:776,1.5915,1.7686,10.2095,0.0172,0.028,9.8066,0.0576,0.1992,-0.2355,-24.56,-36.62,20.56,313.51,-89.64,-176.22,0.7930615416098667,2.208735252011877,0.4037068710579621,1.3886329329159506,0.9209014523038764,0.5081821898134997,0.0512508035107883,0.2080712782837256,-0.1702094610325034,False,False,False
52.561577,-1.492915,147.62,24.02,4,116.54,20 / 22,8147414,2019-11-06 18:22:07:876,-1.9835,-0.9123,9.6219,0.0412,0.0147,9.8065,0.0731,0.3129,-0.1527,-24.87,-37.0,20.13,269.0,-89.58,140.83,-1.5192931704729824,-1.627966082518156,-0.1851781475354014,-1.3707639761205883,-0.9525842131401252,-0.4169513442257783,0.0983646696871211,0.2876440127696915,-0.2045840974191623,False,False,False
52.561577,-1.492915,147.62,24.02,4,116.54,20 / 22,8147514,2019-11-06 18:22:07:976,0.1791,3.0511,8.1497,0.0447,-0.0085,9.8065,-0.0055,0.3282,-0.1583,-24.5,-37.31,20.56,266.05,-89.35,135.62,-1.0406076233807593,2.8809649007312417,-1.655710957539534,1.902311755955385,-0.9041341124578188,-1.505045422568479,-0.0540444391300443,0.3737491386268659,-0.1265307960033533,False,False,False
52.561577,-1.492915,147.62,24.02,4,116.54,20 / 22,8147613,2019-11-06 18:22:08:075,-1.1389,-3.0769,10.7872,-0.027,0.0446,9.8065,-0.2057,0.3492,0.0558,-24.37,-37.0,20.56,263.0,-89.52,132.36,0.1602782375995008,-3.3101074929688084,0.9794670089103328,-3.0256345928616923,0.6324060797785273,0.7458857046420653,-0.1358409834356038,0.2830134375551726,0.0467242055139193,False,False,False
52.561577,-1.492915,147.62,24.02,4,116.54,20 / 22,8147713,2019-11-06 18:22:08:175,-0.6018,-2.8338,10.1946,-0.0245,-0.0858,9.8062,0.1104,0.0024,0.0551,-24.69,-36.87,20.38,272.9,-89.15,145.21,0.5124072030032274,-2.7609819280187,0.3873648170195005,-3.5886371086870987,0.7355144105377288,0.5318876447685386,0.0275118011871492,0.0846952220080708,0.0443815726894584,False,False,False
52.561577,-1.492915,147.62,24.02,4,116.54,20 / 22,8147813,2019-11-06 18:22:08:275,-3.4039,-1.372,10.0431,-0.0327,-0.0249,9.8066,-0.0161,-0.0347,-0.0199,-25.12,-37.0,20.88,336.97,-88.95,-152.59,-2.6044390242547544,-2.529226604084706,0.235606141959608,-2.5131667786210614,-1.6909527821367143,0.054381304632848,0.0677479408618715,-0.1239277574369202,0.0022788166676278,False,False,False
52.561577,-1.492915,147.62,24.02,4,116.54,21 / 22,8147913,2019-11-06 18:22:08:375,-3.791,-1.7251,9.2737,-0.0157,-0.0022,9.8065,0.0075,-0.4731,0.2911,-25.5,-36.56,21.13,345.45,-88.91,-144.27,-2.835044450518776,-3.0302887102065523,-0.533876049638307,-3.437068767341529,-1.6330037338624022,-0.4466061975945823,-0.0649776359448139,-0.3889403364598662,0.2687901403224907,False,False,False
52.561577,-1.492915,147.62,24.02,4,116.54,21 / 22,8148013,2019-11-06 18:22:08:475,3.0839,4.0965,10.2559,0.0341,0.1088,9.8059,-0.3288,-0.4942,0.4569,-25.87,-36.81,20.94,358.04,-88.5,-130.83,1.3019218326306896,4.848342676516568,0.4517788870539557,4.372735222905968,1.4065845706676312,0.3697564170973295,-0.2769917874954115,-0.5612864986377643,0.4689784494514352,False,False,False
52.561577,-1.492915,147.62,24.02,4,116.54,21 / 22,8148113,2019-11-06 18:22:08:575,0.6775,2.2561,10.626,0.0622,0.0282,9.8064,-0.2219,-0.6851,0.4378,-25.0,-36.69,20.38,345.28,-89.02,-143.09,-0.2792341703199486,2.294069365689944,0.8204576061739396,2.4817935968094886,0.2591589066263702,0.8120271408000863,-0.2495284408084904,-0.6440858932644828,0.4420671247108466,False,False,False
52.561577,-1.492915,147.62,24.02,4,116.54,21 / 22,8148213,2019-11-06 18:22:08:675,-0.2829,0.3949,9.6346,0.1099,0.0966,9.8055,-0.0931,-0.5552,0.2851,-24.94,-36.5,21.31,303.34,-89.33,173.93,-0.4767904325980582,0.1263508732168167,-0.1708446084027946,-0.954999782596524,-0.5883912578793484,-0.1240914776357851,-0.08600638237979,-0.5666742805347788,0.2641454298690245,False,False,False
52.561577,-1.492915,147.62,24.02,4,116.54,21 / 22,8148314,2019-11-06 18:22:08:776,-2.5708,-1.9394,11.1553,-0.0362,0.007,9.8066,0.0822,-0.5229,0.1156,-24.75,-37.06,20.63,319.28,-89.3,-170.23,-1.602657395457063,-2.7652945226369647,1.3477007404690369,-1.923644188402333,-0.8914268747365457,1.2250446184505872,0.0860958477455843,-0.5375407484532961,0.1479002836565877,False,False,False
52.561577,-1.492915,147.62,24.02,4,116.54,21 / 22,8148414,2019-11-06 18:22:08:876,-0.1471,-0.9118,10.4134,-0.0224,0.0728,9.8063,0.4321,-0.6455,0.2843,-24.62,-37.0,20.31,319.78,-89.06,-168.18,0.2595606886304395,-0.9581509687624096,0.606739342697791,-2.6474681405890927,-0.0587262760531563,0.7905857707243406,0.4286845112120749,-0.6143349266710362,0.2498691379057677,False,False,False
52.561577,-1.492915,147.62,24.02,4,116.54,21 / 22,8148514,2019-11-06 18:22:08:976,-1.42,-1.4143,9.7467,0.0015,0.0024,9.8066,0.3754,-0.4775,0.2252,-25.12,-36.87,20.5,325.48,-88.85,-163.81,-0.7750787006396688,-1.8511814915205835,-0.0605742789172907,-0.4023226723138483,0.0943962051158737,-0.295315785639905,0.3700652945626729,-0.5125266914542327,0.2519389738739309,False,False,False
52.561577,-1.492915,147.62,24.02,4,116.54,21 / 22,8148613,2019-11-06 18:22:09:075,0.7181,3.8305,9.5562,-0.0138,0.0624,9.8064,0.0244,-0.4777,0.2165,-25.25,-36.87,20.44,334.2,-88.75,-153.83,-0.7578220979075655,3.7630659632418575,-0.2487880306879969,1.5608109308789124,-1.2616471365470212,0.0610785628002704,0.0401742973497412,-0.450304230840611,0.2046454970257464,False,False,False
52.561577,-1.492915,147.62,24.02,4,116.54,21 / 22,8148713,2019-11-06 18:22:09:175,-1.3523,1.1956,9.7041,0.0683,0.043,9.8063,-0.06,-0.3522,0.2416,-25.12,-37.19,20.94,327.49,-89.07,-161.97,-1.7524358709974406,0.5249817239291131,-0.1019738573451929,2.446359449724402,-0.7475008281636417,-0.4295809356842412,-0.0817898293233836,-0.365116862841475,0.235880648085252,False,False,False
52.561577,-1.492915,147.62,24.02,4,116.54,21 / 22,8148813,2019-11-06 18:22:09:275,0.9363,1.6476,8.9654,0.0752,0.0521,9.8062,-0.2082,-0.2498,0.2446,-24.56,-37.0,20.56,303.67,-89.26,174.34,0.1887936246999169,1.8034942203627369,-0.8401331230173414,-0.7396394374642478,-0.4725090552986576,-0.4302884524061904,-0.1874033774658447,-0.2521790427221807,0.2655770110891072,False,False,False
52.561577,-1.492915,147.62,24.02,4,116.54,18 / 21,8148915,2019-11-06 18:22:09:377,-3.1268,-1.3735,10.1628,-0.0477,0.0378,9.8064,-0.064,-0.2824,0.1872,-24.94,-36.81,21.0,327.3,-89.67,-162.53,-2.309892723052759,-2.47742738864655,0.3555201850413699,-0.2840859783407176,-0.889474818928647,-0.0333180388252631,-0.0783522664916324,-0.2689621477948075,0.1579333958830367,False,False,False
52.561577,-1.492915,147.62,24.02,4,116.54,18 / 21,8149014,2019-11-06 18:22:09:476,0.1601,2.6209,9.3947,-0.0056,0.0233,9.8066,0.07,-0.1773,-0.0358,-24.87,-37.06,20.63,292.93,-89.69,163.23,-0.8357492968691099,2.4652122505597327,-0.4109690164392041,-0.1943586028152284,-1.6175657774585748,0.0624734045761778,0.0766313833214743,-0.1950871944707886,-0.0085152755234136,False,False,False
52.561577,-1.492915,147.62,24.02,4,116.54,18 / 21,8149114,2019-11-06 18:22:09:576,-2.5158,-3.3102,11.0586,0.0473,0.0585,9.8063,-0.0077,-0.0749,-0.0228,-24.94,-37.06,21.25,258.4,-89.48,128.95,-1.0875120735010553,-4.091295205182848,1.2507987943859236,-1.8641459427517328,0.0875767214220308,0.8402090839607729,-0.009416951534202,-0.0591318205994654,-0.0373024050747374,False,False,False
52.561577,-1.492915,147.62,24.02,4,116.54,18 / 21,8149213,2019-11-06 18:22:09:675,3.138,3.8088,10.4932,0.029,0.003,9.8065,-0.0608,0.1564,-0.1057,-24.69,-36.94,20.94,273.69,-89.2,144.56,1.425920953713257,4.702592409768265,0.6884225383813237,2.1707600425078097,0.574188995331046,1.183297417362009,-0.0593983030059968,0.1467061408929519,-0.111580925290365,False,False,False
52.561577,-1.492915,147.62,24.02,4,116.54,18 / 21,8149314,2019-11-06 18:22:09:776,-1.4346,0.7632,10.0957,0.0373,0.0684,9.8063,-0.0863,0.3523,-0.1422,-24.37,-36.81,21.38,267.92,-89.22,137.64,-1.6255710507700294,0.0819822807140659,0.2894592796013682,2.10424503504541,-0.4419977453009177,-0.1001002821178699,-0.0911030314865117,0.3548404263360789,-0.1148317540299791,False,False,False
52.561577,-1.492915,147.62,24.02,4,116.54,18 / 21,8149414,2019-11-06 18:22:09:876,2.2084,1.493,8.4286,-0.0108,0.0042,9.8066,-0.1185,0.3625,-0.1377,-24.69,-37.25,21.13,288.42,-89.55,158.88,1.48522809078644,2.222087812695025,-1.377200548580746,0.041677171465292,0.6294850614088578,-0.904367468501608,-0.1091488124676156,0.3659267733143867,-0.1797409028743735,False,False,False
52.561577,-1.492915,147.62,24.02,4,116.54,18 / 21,8149517,2019-11-06 18:22:09:979,-1.618,-1.0999,10.4318,0.0241,0.0605,9.8064,-0.0221,0.3057,-0.3363,-24.31,-37.31,20.5,249.99,-89.41,119.45,-1.0766321007160855,-1.6984254921179078,0.6247878819501166,-0.079233535332116,0.0458229433972882,0.2980419804259075,-0.034156504895611,0.2982679026891693,-0.2927542734168419,False,False,False
52.561577,-1.492915,147.62,24.02,4,116.54,18 / 21,8149614,2019-11-06 18:22:10:076,-0.3162,0.8626,10.1804,0.0085,0.0005,9.8066,0.0637,0.2891,-0.1037,-24.0,-36.56,20.63,250.13,-89.42,119.57,-0.6284604004239949,0.6734155535612917,0.374061435222414,-0.991063031964432,-1.412179738636738,0.7841052016371761,0.0741308417841707,0.2992000548363946,-0.1340591710009337,False,False,False
52.561577,-1.492915,147.62,24.02,4,116.54,18 / 21,8149714,2019-11-06 18:22:10:176,-2.7185,-1.9909,10.2007,0.0154,0.007,9.8065,0.0869,0.4468,-0.1864,-24.44,-36.94,21.19,253.73,-89.28,123.34,-1.7673577646874197,-2.888439148923034,0.393157823994219,-1.7968513534830617,-0.7805205049928832,0.1663389811552998,0.0838323711243894,0.4336427079024564,-0.1788326481258714,False,False,False
52.561577,-1.492915,147.62,24.02,4,116.54,18 / 21,8149814,2019-11-06 18:22:10:276,1.483,2.2167,10.1701,0.0005,-0.0329,9.8066,-0.0774,0.4953,-0.216,-24.75,-36.56,20.5,245.58,-89.61,115.95,0.5143869174131188,2.644466609299603,0.3644737459594196,1.576432786452557,-0.1225732896751399,0.6769741742522535,-0.0871133915757166,0.5143659983546844,-0.2015903807042667,False,False,False
52.561577,-1.492915,147.62,24.02,4,116.54,19 / 22,8149913,2019-11-06 18:22:10:375,-0.4708,4.5509,9.3285,-0.0413,0.0377,9.8065,-0.224,0.5221,-0.0952,-25.37,-36.81,20.56,161.2,-89.6,31.02,-2.11543649378607,4.009966475596655,-0.4764722398514388,4.537730283277764,-1.214908341049766,-0.5737511515960725,-0.198601613645211,0.4921014412141729,-0.1190449650413721,False,False,False
52.561577,-1.492915,147.62,24.02,4,116.54,19 / 22,8150013,2019-11-06 18:22:10:475,1.4859,3.2751,7.7764,-0.0456,-0.0277,9.8065,-0.2161,0.4297,-0.1579,-25.25,-36.81,20.5,127.7,-89.37,-2.89,0.1586780660062212,3.637894601311896,-2.0287509066206955,3.1593842985668164,-0.2721748615758973,-1.840063326241768,-0.2558999237297696,0.4760773376147459,-0.1453583401882462,False,False,False
52.561577,-1.492915,147.62,24.02,4,116.54,19 / 22,8150113,2019-11-06 18:22:10:575,0.4134,-0.015,10.0663,-0.0154,0.0388,9.8065,-0.2545,0.4729,-0.0919,-24.94,-37.31,21.06,119.24,-89.1,-11.67,0.4169943414359768,0.1134086658138847,0.2598347815991745,0.121619669970915,0.956411306102795,0.3119577608397442,-0.2058973097923013,0.407076670937973,-0.0715382507432893,False,False,False
52.561577,-1.492915,147.62,24.02,4,116.54,19 / 22,8150214,2019-11-06 18:22:10:676,-2.757,-3.8939,9.6869,-0.0735,-0.0485,9.8062,0.1355,0.3111,-0.2676,-24.75,-37.06,21.31,155.26,-89.07,24.79,-1.0173788903354437,-4.57742385574558,-0.1209832151626481,-4.542512620927868,-1.2107188321519846,-0.071778323901446,0.0862608696041887,0.3939855204702391,-0.3342909285343226,False,False,False
52.561577,-1.492915,147.62,24.02,4,116.54,19 / 22,8150314,2019-11-06 18:22:10:776,-3.9047,-1.4212,9.4445,0.0663,0.0106,9.8063,0.1617,0.2126,-0.3561,-24.81,-37.81,20.38,163.13,-89.08,34.15,-3.126831308321457,-2.835682398679244,-0.3627985434389994,-3.2489207726043494,-1.7176963562354373,-0.1529931624499635,0.2036921934970021,0.1227382577970087,-0.2452231122357738,False,False,False
52.561577,-1.492915,147.62,24.02,4,116.54,19 / 22,8150414,2019-11-06 18:22:10:876,0.4161,-3.0402,11.4692,-0.0255,-0.0936,9.8061,0.0499,-0.2224,0.2827,-24.94,-37.12,21.0,130.31,-89.58,-0.08,1.5302073815818102,-2.557181551375167,1.6621226226301826,-2.122011320878417,1.570569851898966,1.5680310654478222,0.0205389766460182,-0.1429074173526293,0.1468278820274072,False,False,False
52.561577,-1.492915,147.62,24.02,4,116.54,19 / 22,8150514,2019-11-06 18:22:10:976,3.1173,0.7812,7.9151,0.0424,-0.0029,9.8065,-0.1907,0.1266,-0.2156,-24.87,-36.81,21.19,165.93,-89.45,35.75,2.544770582924183,1.8964335665802567,-1.8907403808644376,1.1799539212483203,2.0499027799380154,-1.526824354531653,-0.1761215590179328,0.0773419929031802,-0.08450700363496,False,False,False
52.561577,-1.492915,147.62,24.02,4,116.54,19 / 22,8150614,2019-11-06 18:22:11:076,-0.1901,0.8479,8.6383,0.0107,-0.0122,9.8066,-0.1727,0.1991,-0.033,-25.5,-36.69,21.19,77.8,-89.54,-52.74,-0.5131572260883075,0.719310739042666,-1.1680236564433308,1.4358754090573889,-0.2778502373598236,-1.3981536347361314,-0.1735452312772141,0.2036969298794624,-0.1301224455721563,False,False,False
52.561577,-1.492915,147.62,24.02,4,116.54,19 / 22,8150713,2019-11-06 18:22:11:175,-1.859,-2.5931,9.7411,-0.0138,0.0195,9.8066,-0.049,0.3791,-0.1732,-25.62,-36.37,21.0,73.53,-89.34,-56.08,-0.7115645305848873,-3.11832747371874,-0.0666463462195154,-4.0251126123438565,-0.8376655660312848,0.4374749599811358,-0.058126737886523,0.420622028558595,-0.1290197645532627,False,False,False
52.561577,-1.492915,147.62,24.02,4,116.54,19 / 22,8150814,2019-11-06 18:22:11:276,0.0221,0.284,8.8136,-0.0109,0.0177,9.8066,-0.0823,0.3648,-0.273,-25.19,-37.19,20.56,81.56,-89.37,-49.17,-0.0708890577215458,0.2591776998708427,-0.9929024883567428,1.1497865905139104,0.2943646123248751,-1.342166834481341,-0.0682909812252285,0.2919940569307105,-0.259366057033452,False,False,False
52.561577,-1.492915,147.62,24.02,4,116.54,22 / 23,8150914,2019-11-06 18:22:11:376,1.6505,1.5485,9.1366,0.0336,0.0508,9.8064,-0.0383,-0.401,0.0941,-25.06,-37.19,20.69,106.72,-89.42,-23.94,0.9249116571416888,2.00074558669827,-0.669072838927728,1.0026191930000985,0.6980174448550391,-0.0484080249495053,-0.0525865384609002,-0.3244515011554654,0.0298371449338325,False,False,False
52.561577,-1.492915,147.62,24.02,4,116.54,22 / 23,8151013,2019-11-06 18:22:11:475,0.5328,-1.0001,10.1904,0.0196,0.0038,9.8066,0.0509,-0.2342,0.1414,-24.5,-36.62,21.25,116.93,-89.56,-14.72,0.8567641676336613,-0.7330520328135223,0.3835124095084317,0.2378437700437905,1.277240694910522,-0.0576885944997025,0.0623993225342675,-0.2846490967285293,0.2420193870322812,False,False,False
52.561577,-1.492915,147.62,24.02,4,116.54,22 / 23,8151114,2019-11-06 18:22:11:576,3.8483,1.9438,8.9075,-0.0328,-0.0721,9.8063,0.116,-0.3182,0.2315,-25.25,-36.44,21.0,78.23,-89.61,-52.22,2.821299755068612,3.342035178076044,-0.8976079436769787,2.3387141269199336,1.7469861439336165,-0.1951694021109751,0.1088743711760708,-0.3136487884147695,0.1115808519794911,False,False,False
52.561577,-1.492915,147.62,24.02,4,116.54,22 / 23,8151214,2019-11-06 18:22:11:676,-1.8729,-3.0908,10.5933,0.0222,-0.0104,9.8066,0.0763,-0.3914,-0.1511,-25.25,-37.06,20.75,64.56,-89.57,-65.91,-0.5795897687748979,-3.570211986414251,0.7853834299216338,-2.5996186829659123,-0.1674977281192423,0.2906683728562174,0.078428435077468,-0.3477403651798032,-0.0291595738349478,False,False,False
52.561577,-1.492915,147.62,24.02,4,116.54,22 / 23,8151313,2019-11-06 18:22:11:775,1.2705,-0.2576,8.3059,-0.0369,-0.0545,9.8064,0.042,0.1105,0.1251,-25.56,-36.62,20.81,46.53,-89.24,-83.02,1.286237227979014,0.3105089395912117,-1.5004074819177635,-0.6278647784868719,1.060552584969968,-0.7610929828839759,0.0449359944195747,0.0327053318714549,0.0165209692364764,False,False,False
52.561577,-1.492915,147.62,24.02,4,116.54,22 / 23,8151414,2019-11-06 18:22:11:876,-1.0408,-0.391,10.7389,0.0046,-0.0123,9.8066,0.0921,-0.1719,-0.0114,-25.25,-37.19,20.56,103.17,-89.62,-27.28,-0.8224746428576123,-0.748533022727871,0.9320364347717952,0.1620946287340997,-0.4529244430114628,0.4295048825119851,0.084286725305137,-0.0822733269112918,0.0725871797558303,False,False,False
52.561577,-1.492915,147.62,24.02,4,116.54,22 / 23,8151513,2019-11-06 18:22:11:975,-0.5161,-0.0913,9.4263,0.0586,-0.0363,9.8064,0.145,-0.1215,0.1436,-24.94,-36.87,20.63,345.64,-89.84,-144.34,-0.5104861491897046,-0.2695174925544814,-0.3801911528331663,-1.09969544382735,-0.6902388014410047,0.3482843954327148,0.157402866492689,-0.2024594603311883,0.0897544345257809,False,False,False
52.561577,-1.492915,147.62,24.02,4,116.54,22 / 23,8151613,2019-11-06 18:22:12:075,1.2304,-0.5678,10.5709,0.0116,-0.0514,9.8065,0.1677,-0.2705,0.0913,-25.19,-36.75,20.31,335.96,-89.54,-152.48,1.3236299967408651,-0.0137700112605559,0.7643714924810193,0.8091730069375949,1.6523884353400573,0.2969715113738658,0.1512758945659909,-0.2103007747008677,0.1153121531608913,False,False,False
52.561577,-1.492915,147.62,24.02,4,116.54,22 / 23,8151714,2019-11-06 18:22:12:176,0.7316,2.1253,9.0888,-0.0165,0.0057,9.8066,0.0555,-0.3519,0.1349,-25.44,-37.06,20.88,20.13,-89.72,-110.0,-0.1152304428640017,2.245056730148636,-0.7169636207309853,1.531867183739525,-0.2628839882896958,-0.0384360533140361,0.0747643346118431,-0.3887726342003471,0.1355791498597733,False,False,False
52.561577,-1.492915,147.62,24.02,4,116.54,22 / 23,8151814,2019-11-06 18:22:12:276,0.3215,-0.3546,9.7474,-0.0389,-0.032,9.8065,0.0043,-0.3138,0.2153,-24.62,-37.12,20.88,76.79,-89.8,-53.46,0.4560779566046554,-0.1610707355206904,-0.0591679445151323,0.5797043715765839,0.7698040068457531,-0.4622381346825212,-0.0158450176083535,-0.2962984521357388,0.1980092322218155,False,False,False
52.560818,-1.490284,147.05,21.22,4,115.77,23 / 23,8151914,2019-11-06 18:22:12:376,-0.6074,-1.285,9.8029,-0.0042,-0.0208,9.8066,-0.059,-0.1551,0.1171,-25.06,-37.0,20.75,67.82,-89.77,-62.45,-0.0764642791266326,-1.3986425521259334,-0.0042184594700458,-2.014052431857622,-0.2180941586348758,0.602761814899611,-0.040652581366304,-0.1595404587106764,0.1422936465735523,False,False,False
52.560818,-1.490284,147.05,21.22,4,115.77,23 / 23,8152013,2019-11-06 18:22:12:475,-0.0536,-0.564,10.0076,-0.0079,-0.0229,9.8066,0.0063,-0.1436,0.0744,-24.75,-36.75,21.38,23.95,-89.63,-106.25,0.1637538362048482,-0.5178232024084383,0.2008046617378827,0.1655390425378432,0.4864768846207565,-0.127949440794903,-0.0072409822072482,-0.146391759830768,0.0487645853657016,False,False,False
52.560818,-1.490284,147.05,21.22,4,115.77,23 / 23,8152113,2019-11-06 18:22:12:575,1.5384,1.2257,8.803,-0.0132,-0.0232,9.8066,-0.0262,-0.106,0.0562,-25.06,-37.0,20.88,36.32,-89.6,-93.98,0.9592471092657272,1.7459457515719046,-1.0029681679561728,1.20113476903626,0.8124576678842745,-0.4701966365683777,-0.0199684999116318,-0.1003628069985715,0.0767907627831415,False,False,False
52.560818,-1.490284,147.05,21.22,4,115.77,23 / 23,8152214,2019-11-06 18:22:12:676,-0.915,-1.0414,10.3302,-0.0126,-0.0063,9.8066,-0.0194,-0.0551,0.0749,-25.25,-36.87,20.56,62.64,-89.62,-67.78,-0.4403454466333879,-1.300904122318751,0.5231243467506776,-0.6545237881865804,-0.1103839841819088,0.2620618631355732,-0.0172892542863777,-0.0606487147775109,0.0630055768986436,False,False,False
52.560818,-1.490284,147.05,21.22,4,115.77,23 / 23,8152314,2019-11-06 18:22:12:776,0.8672,-0.4714,9.3723,0.0157,-0.002,9.8066,0.0231,-0.0467,-0.0312,-25.19,-36.37,20.63,75.49,-89.66,-54.9,0.9660763460809312,-0.1097032261058009,-0.4343579120090897,-0.5948361252475904,0.8346605998358647,0.0344949147807006,0.0136155204270468,-0.0427901415884989,-0.0298249263383842,False,False,False
52.560818,-1.490284,147.05,21.22,4,115.77,23 / 23,8152413,2019-11-06 18:22:12:875,0.0936,-1.4792,10.0871,0.0039,-0.0019,9.8066,0.021,0.009,-0.0513,-24.87,-37.06,21.06,83.24,-89.63,-47.2,0.6453900106996756,-1.331997364524267,0.2799935445496559,-0.7285945022983431,0.9482388252903196,0.0718841623288097,0.035041366528953,0.0068407775724413,-0.0427349684826454,False,False,False
52.560818,-1.490284,147.05,21.22,4,115.77,23 / 23,8152514,2019-11-06 18:22:12:976,1.298,-0.6442,10.072,-0.0033,0.0009,9.8066,0.0472,0.0656,-0.0536,-24.56,-36.62,20.25,93.22,-89.69,-35.79,1.4489069535326735,-0.1011825486374033,0.2653367518002473,-0.5035720665321048,1.3807285791702673,0.6835542241043345,0.0325189564192442,0.0672921765256511,-0.0685800534162277,False,False,False
52.560818,-1.490284,147.05,21.22,4,115.77,23 / 23,8152614,2019-11-06 18:22:13:076,-1.8448,1.2843,9.4194,-0.0239,0.0265,9.8065,-0.0688,0.1165,-0.1112,-24.81,-36.5,21.0,103.59,-89.62,-26.84,-2.1626461060360582,0.4699620012905475,-0.3868870602515125,0.98616036527768,-1.776481499650928,-0.5544248480675422,-0.0573255233946415,0.1129888933095358,-0.0958431421857461,False,False,False
52.560818,-1.490284,147.05,21.22,4,115.77,23 / 23,8152714,2019-11-06 18:22:13:176,0.9499,0.8426,8.7242,-0.0226,-0.0237,9.8066,-0.0976,0.1706,0.0176,-25.62,-36.81,20.38,96.13,-89.52,-31.98,0.5694221392174198,1.1717128085916666,-1.081974686187845,0.914147479439222,0.6171050538835781,-0.7081168563115592,-0.1033159659317973,0.1784695187825239,0.0086098620030845,False,False,False
52.560818,-1.490284,147.05,21.22,4,115.77,23 / 23,8152814,2019-11-06 18:22:13:276,-0.188,-0.4036,10.3584,0.0123,0.0074,9.8066,-0.043,0.2037,0.0003,-24.62,-37.12,20.81,99.61,-89.59,-30.88,-0.0287288768132095,-0.4565110640258354,0.5516308820751891,-0.1078523211917952,0.0718426850287148,0.4232588431864026,-0.0436218336181255,0.189508969744562,-0.0019528357609509,False,False,False
52.560818,-1.490284,147.05,21.22,4,115.77,23 / 23,8152914,2019-11-06 18:22:13:376,-1.8683,0.7374,9.7799,-0.0033,-0.0118,9.8066,0.0353,0.1173,-0.0878,-24.69,-36.69,20.38,94.41,-89.48,-34.85,-2.0097834033637483,-0.0172588779361494,-0.0266708210599937,-0.0382567980347977,-1.804867266949092,0.2957932870024264,0.0409571795323704,0.13869367037057,-0.0732412683038022,False,False,False
52.560818,-1.490284,147.05,21.22,4,115.77,23 / 23,8153014,2019-11-06 18:22:13:476,2.1211,-0.2044,9.7764,0.0285,-0.0018,9.8066,0.0613,0.1451,-0.0206,-25.06,-37.19,20.25,99.9,-89.44,-29.41,2.012139189200813,0.6093676175817585,-0.0300091640174426,0.6904424223415464,1.96320881984562,-0.1063883964247386,0.0531661906776202,0.1167160482281519,-0.0444246957566088,False,False,False
52.560818,-1.490284,147.05,21.22,4,115.77,23 / 23,8153114,2019-11-06 18:22:13:576,-0.0738,1.0115,9.366,0.0042,0.0086,9.8066,-0.0711,0.0772,-0.0402,-24.94,-37.12,21.0,92.34,-89.63,-38.11,-0.4539595335048016,0.8978385924148773,-0.4402583036247869,1.2118361636959514,-0.1128458312649792,-0.1892762875193763,-0.0632253239797141,0.1114777285462651,-0.0130857005050174,False,False,False
52.560818,-1.490284,147.05,21.22,4,115.77,23 / 23,8153213,2019-11-06 18:22:13:675,0.3095,0.8309,9.9667,0.0298,0.0214,9.8066,-0.0523,0.1273,0.007,-25.12,-36.25,21.38,111.3,-89.62,-19.13,-0.0495558158206162,0.8549645786047688,0.1604186412157988,0.5773803026878241,-0.2070521907958693,0.1593001481793233,-0.058291344175364,0.0890105534794818,-0.0163088010951826,False,False,False
52.560818,-1.490284,147.05,21.22,4,115.77,23 / 23,8153314,2019-11-06 18:22:13:776,-1.2237,-1.1348,9.6047,0.0039,0.0011,9.8066,0.0894,0.0406,-0.1156,-25.12,-37.0,20.44,89.76,-89.48,-39.5,-0.7026905948921182,-1.5176539302771426,-0.2024516133907163,-0.7966666318811731,-0.2425291502274247,-0.0491093275717769,0.093557193632891,0.0802282543365607,-0.1023011225970435,False,False,False
52.560818,-1.490284,147.05,21.22,4,115.77,23 / 23,8153414,2019-11-06 18:22:13:876,-0.9806,0.1362,9.9164,-0.0017,0.0231,9.8066,0.0977,0.0687,-0.09,-24.94,-37.0,20.56,81.95,-89.5,-48.64,-0.9482363554582866,-0.268147016827647,0.1097171433898071,-0.9506365480069414,-1.1932073726658168,0.2080779164008494,0.0943268149878197,0.0310274247007165,-0.0898089934782452,False,False,False
52.560818,-1.490284,147.05,21.22,4,115.77,23 / 23,8153514,2019-11-06 18:22:13:976,-1.1222,-0.3102,10.3013,-0.0133,0.0265,9.8066,-0.0454,-0.1411,0.0556,-25.0,-36.31,21.13,88.84,-89.59,-41.64,-0.8971905009765554,-0.7337092613832674,0.494443237103975,0.4032320791874783,-0.3526279533522973,0.5290426506001107,-0.0418015162687159,-0.1086741693757756,0.0420800138596795,False,False,False
52.560818,-1.490284,147.05,21.22,4,115.77,23 / 23,8153614,2019-11-06 18:22:14:076,-0.0317,0.6468,9.0189,-0.0293,0.0114,9.8065,-0.1276,-0.1722,0.1078,-25.37,-37.06,20.5,65.0,-89.7,-65.33,-0.2441438658645938,0.5869267197215257,-0.7873775958443447,-0.466932261187237,-0.5440834733441453,-0.5761422253474184,-0.1318979279841863,-0.1970558561795655,0.1312801964012413,False,False,False
52.560818,-1.490284,147.05,21.22,4,115.77,23 / 23,8153714,2019-11-06 18:22:14:176,-1.2634,-0.7474,8.9539,0.0295,0.0305,9.8065,-0.1069,-0.2491,0.2228,-25.5,-36.5,21.13,98.44,-89.55,-32.08,-0.8993827722030192,-1.2112343725715604,-0.8530342922565243,0.2569016783899863,-0.2988717717031219,-0.9417811199993602,-0.1020686005578855,-0.2324775103904131,0.1946063258200393,False,False,False
52.560818,-1.490284,147.05,21.22,4,115.77,23 / 23,8153814,2019-11-06 18:22:14:276,1.2466,1.819,9.984,0.0238,0.0162,9.8066,-0.0013,-0.2347,0.136,-25.5,-36.87,20.13,96.52,-89.42,-32.81,0.4443482509944922,2.13251102780194,0.1781847023210716,0.844120166296046,0.1124808034375224,0.4946681967622702,-0.0058379614121472,-0.2439855646764881,0.1632721919268133,False,False,False
52.560818,-1.490284,147.05,21.22,4,115.77,23 / 23,8153914,2019-11-06 18:22:14:376,-1.4705,-0.7238,10.1908,0.0207,0.0248,9.8066,0.0565,-0.1996,0.1038,-25.06,-36.56,20.75,100.81,-89.35,-29.94,-1.0938819670967104,-1.260097770960532,0.3837510777586549,0.3473280818781622,-0.4566674515543152,0.1916669498955769,0.0594399834794325,-0.1961039030496096,0.08236886164576,False,False,False
52.560818,-1.490284,147.05,21.22,4,115.77,23 / 23,8154013,2019-11-06 18:22:14:475,-0.5583,1.9572,9.3472,-0.0073,0.0157,9.8066,0.0437,-0.2576,0.1108,-25.37,-37.12,19.69,95.06,-89.4,-34.29,-1.2486835777078578,1.585677761147081,-0.4587885902747409,0.3034256664015988,-1.596562171723975,-0.0709620395742789,0.0437616663943207,-0.2562141190502416,0.1226825840270704,False,False,False
52.560818,-1.490284,147.05,21.22,4,115.77,23 / 23,8154113,2019-11-06 18:22:14:575,-0.7212,-0.0612,10.4135,0.0149,0.033,9.8065,0.0014,-0.224,0.1737,-24.87,-36.37,20.81,109.77,-89.37,-20.92,-0.6447892733674943,-0.3675806868547058,0.6068748483844448,1.094615369868774,0.0125235681704158,0.3577402204129993,-0.0026374863466153,-0.2306953849953509,0.1734785864222714,False,False,False
52.560818,-1.490284,147.05,21.22,4,115.77,23 / 23,8154214,2019-11-06 18:22:14:676,1.077,0.4541,9.4501,0.041,0.012,9.8065,0.0815,-0.0659,0.0601,-25.25,-37.12,20.25,92.44,-89.26,-37.07,0.7896549951439519,0.8033655181291081,-0.3561154348316773,-0.1592222250557292,0.4437887002766364,0.0454008066854564,0.0893388844458187,-0.0532715597236408,0.0491337580701489,False,False,False
52.560818,-1.490284,147.05,21.22,4,115.77,23 / 23,8154314,2019-11-06 18:22:14:776,-0.1772,-0.7008,10.7865,-0.0431,0.0189,9.8065,0.2333,-0.1124,-0.038,-25.5,-36.94,20.0,98.4,-89.18,-31.2,0.1500219933997612,-0.7169180841938599,0.9797309641182974,0.2705741076739074,0.8035456103143781,0.7390105568672446,0.2234182522076424,-0.1286377525994954,-0.02017118189702,False,False,False
52.560818,-1.490284,147.05,21.22,4,115.77,23 / 23,8154414,2019-11-06 18:22:14:876,0.8259,1.2264,9.9609,-0.0282,0.0109,9.8066,0.1581,-0.0955,-0.0129,-25.44,-36.75,20.06,95.4,-89.32,-34.04,0.3270127234927017,1.4490773063915745,0.1548327768104213,1.129093632421667,0.0118590539277437,0.5002342405862781,0.1671341217267641,-0.0841984859016568,-0.0292064747678591,False,False,False
52.560818,-1.490284,147.05,21.22,4,115.77,23 / 23,8154514,2019-11-06 18:22:14:976,-1.6051,-0.2497,9.0684,-0.0055,0.0102,9.8066,0.0109,-0.0392,0.0081,-25.75,-36.69,19.5,87.69,-89.42,-40.53,-1.3801969662664464,-0.8490550906505057,-0.7384911626751924,-0.6338143423154814,-0.7668392782583127,-0.9017163149924784,0.0057782680577,-0.0303439408870669,0.0122892942750993,False,False,False
52.560818,-1.490284,147.05,21.22,4,115.77,23 / 23,8154614,2019-11-06 18:22:15:076,1.7269,0.7752,9.654,0.0078,0.0056,9.8066,-0.0537,-0.1981,0.2146,-24.87,-37.12,20.06,91.02,-89.23,-38.53,1.296627672274063,1.366196680296195,-0.1521152202798938,1.934689750580396,1.0519689507265435,0.0737273318192312,-0.0550329624299596,-0.2447898256082486,0.2313559956112767,False,False,False
52.560818,-1.490284,147.05,21.22,4,115.77,23 / 23,8154714,2019-11-06 18:22:15:176,-0.8818,0.3303,11.3919,0.0053,0.0294,9.8066,0.0257,-0.1528,0.1147,-25.62,-36.56,20.63,89.42,-89.17,-40.42,-0.9348232796668132,-0.0600884347314702,1.5852943341236372,-0.7923240904117457,-0.4053862734707198,1.5520782490840346,0.0349796668877486,-0.0560988803756134,0.0749009064762991,False,False,False
52.560818,-1.490284,147.05,21.22,4,115.77,23 / 23,8154814,2019-11-06 18:22:15:276,-0.4087,-0.0521,10.0313,-0.0352,-0.0548,9.8064,0.1,0.1617,-0.1472,-25.25,-37.19,20.5,82.18,-89.31,-48.62,-0.3463955351248654,-0.1397865259698893,0.2248541980991849,1.3990647172189794,-0.4798686319652577,0.2944076237714965,0.0829118477300445,0.0161628498541092,-0.0920990021462285,False,False,False
52.560818,-1.490284,147.05,21.22,4,115.77,23 / 23,8154914,2019-11-06 18:22:15:376,-0.991,0.4742,10.3827,-0.0203,0.0409,9.8065,-0.0075,-0.0486,0.0772,-25.06,-36.87,20.56,73.25,-89.15,-57.7,-1.0625527757271354,0.0308871538605222,0.5762303380775404,-1.627100498395263,-0.6543308868390038,0.6900401855358674,0.0155264792216186,0.1282052576322661,0.0225846862172257,False,False,False
52.560818,-1.490284,147.05,21.22,4,115.77,23 / 23,8155013,2019-11-06 18:22:15:475,-5.9486,-4.1255,8.5346,-0.0547,0.011,9.8064,0.0172,0.8188,-0.3549,-25.75,-36.69,20.69,63.36,-88.79,-66.78,-3.875194696366712,-6.068442002122823,-1.2739868257257827,-3.694448235442567,-1.9958797355379083,-1.3550433372279949,-0.0088344960074854,0.6401610208523925,-0.3178698249070713,False,False,False
52.560818,-1.490284,147.05,21.22,4,115.77,23 / 23,8155113,2019-11-06 18:22:15:575,-0.8429,2.8958,8.1774,-0.0594,-0.0752,9.8062,-0.0068,0.3131,-0.4612,-25.12,-37.0,20.25,81.83,-88.7,-48.32,-1.855647764818556,2.449562435807767,-1.6278568536586433,0.1076929559951052,-1.5854348338718849,-1.3960645068491506,0.0191177725415028,0.462974157332646,-0.4699498496798701,False,False,False
52.560818,-1.490284,147.05,21.22,4,115.77,23 / 23,8155214,2019-11-06 18:22:15:676,-2.1352,-4.8482,11.5497,-0.0235,-0.0152,9.8065,0.0353,0.3012,-0.1201,-25.19,-36.69,20.44,110.32,-89.02,-19.4,-0.1126074885036222,-5.273642717170957,1.7412421357073362,-2.4042331958077447,0.0307519001285901,1.561210139578058,0.0122682966156242,0.2006174904348693,-0.1400946992037268,False,False,False
52.560818,-1.490284,147.05,21.22,4,115.77,23 / 23,8155314,2019-11-06 18:22:15:776,0.4552,2.3603,9.0683,0.0029,-0.1015,9.8061,-0.0575,0.0742,0.0328,-25.25,-36.87,20.38,96.06,-89.13,-33.59,-0.5190369998028443,2.448875408713397,-0.7368807199502897,-0.1652952830701781,-0.3778481818376816,-0.4573890130382531,-0.0393921760368719,0.1207199203639287,0.0732333942925959,False,False,False
52.560818,-1.490284,147.05,21.22,4,115.77,23 / 23,8155414,2019-11-06 18:22:15:876,-3.5098,-5.0583,10.4519,0.0401,-0.0099,9.8065,-0.0313,-0.2708,0.2733,-25.62,-36.44,19.94,100.47,-89.28,-27.88,-1.3605080427694969,-6.019966972871012,0.6431867855465726,-3.1137509850159595,-1.1001933074914574,0.4481499922497083,-0.0435546240882897,-0.2724893287469829,0.2252119566148717,False,False,False
52.560818,-1.490284,147.05,21.22,4,115.77,23 / 23,8155513,2019-11-06 18:22:15:975,3.0352,2.5525,10.5576,-0.069,-0.0802,9.806,0.0363,-0.3945,0.2209,-25.44,-36.56,19.69,84.13,-89.01,-45.67,1.8681083918947163,3.615987520766474,0.7529108684257856,1.1972396302923087,1.9082218623282663,0.9900695697081466,0.0430505958850703,-0.4209555970189273,0.2637893021364606,False,False,False
52.560818,-1.490284,147.05,21.22,4,115.77,23 / 23,8155613,2019-11-06 18:22:16:075,1.031,1.5747,8.6461,0.0002,0.0296,9.8066,0.142,-0.5345,0.2831,-25.56,-36.37,20.19,82.85,-89.08,-45.72,0.3648961704224257,1.82161717971361,-1.1598295285874038,4.317665098377281,0.7078637715702762,-1.280792876729404,0.1392520937361043,-0.4969308393906828,0.2549667417965729,False,False,False
52.560818,-1.490284,147.05,21.22,4,115.77,23 / 23,8155714,2019-11-06 18:22:16:176,2.0055,4.0075,8.7181,-0.0179,-0.0449,9.8065,0.1377,-0.5385,0.2408,-25.19,-36.69,20.13,79.03,-89.04,-50.72,0.3281604669342059,4.517968961861472,-1.0867267584806697,2.684081469064808,0.298943155363418,-0.971725623780214,0.1388818061871252,-0.5743980331566008,0.2498164549883136,False,False,False
52.560818,-1.490284,147.05,21.22,4,115.77,23 / 23,8155814,2019-11-06 18:22:16:276,0.3224,-0.9378,10.0145,0.0343,0.0508,9.8064,0.0604,-0.5047,0.234,-25.37,-36.62,19.81,87.4,-89.11,-42.29,0.6427883803547317,-0.804539466147154,0.2077896183465218,0.971130810923134,1.0381460399803408,0.225525013877713,0.0577759186430524,-0.4777312369539036,0.2429366765470109,False,False,False
52.560818,-1.490284,147.05,21.22,4,115.77,23 / 23,8155914,2019-11-06 18:22:16:376,-1.0709,-1.9449,9.8415,-0.0009,-0.0077,9.8066,0.0197,-0.4573,0.299,-25.12,-36.37,20.06,102.95,-89.22,-26.57,-0.2518829023034584,-2.19869390981792,0.034087306387797,-3.240855067604256,-0.3290782445304834,-0.0163108747907144,0.0266551531296564,-0.4725662932474733,0.2777263726377265,False,False,False
52.560818,-1.490284,147.05,21.22,4,115.77,23 / 23,8156014,2019-11-06 18:22:16:476,-1.6135,-2.2348,10.1038,0.0031,0.0372,9.8066,0.0663,-0.469,0.2119,-24.87,-36.31,20.44,105.34,-89.28,-24.1,-0.6298479231199161,-2.7164800049780515,0.2962015805089105,-1.7597619432738008,-0.198361959118228,0.4717081049122616,0.0529919934591699,-0.465332701429332,0.2375440077340512,False,False,False
52.560818,-1.490284,147.05,21.22,4,115.77,23 / 23,8156114,2019-11-06 18:22:16:576,0.1749,1.012,10.4201,-0.0142,-0.0224,9.8065,0.062,-0.3576,0.2267,-24.5,-37.06,19.81,101.91,-89.2,-28.83,-0.2189490059948801,1.0282653136252116,0.6139860809245593,0.76160516183463,-0.3372773020105137,0.4058282777838656,0.0823645164932449,-0.3518255687365041,0.204538220238117,False,False,False
52.560818,-1.490284,147.05,21.22,4,115.77,23 / 23,8156213,2019-11-06 18:22:16:675,0.9139,1.5134,9.8897,0.0094,0.0202,9.8066,0.1297,-0.2861,0.1198,-25.19,-36.75,20.0,92.27,-89.34,-37.15,0.2678893618686505,1.7250784346559638,0.0837363964028652,1.9807514253759464,0.7311943542657161,0.3840433934128657,0.1030991630336283,-0.2970617524333936,0.1327606233424539,False,False,False
52.560818,-1.490284,147.05,21.22,4,115.77,23 / 23,8156313,2019-11-06 18:22:16:775,0.942,0.8973,10.5247,0.012,-0.0103,9.8066,0.0571,-0.2204,0.0315,-25.31,-37.06,20.38,94.34,-89.44,-34.97,0.5144309070477379,1.19305264307171,0.7185343434614992,1.4916585455191549,0.3547411239039588,0.4091760923863594,0.0874404356783831,-0.2105653546502484,0.0303497086890093,False,False,False
52.560818,-1.490284,147.05,21.22,4,115.77,23 / 23,8156413,2019-11-06 18:22:16:875,0.3381,0.4525,9.1467,0.0159,0.0326,9.8065,-0.0157,-0.0596,0.0731,-25.81,-36.12,20.44,114.8,-89.45,-13.32,0.1380582030490683,0.5111909304866777,-0.6596125037922096,0.3413103943275234,0.6298120156062081,-0.3089994475631942,-0.04548147969381,-0.0610383758490865,0.062780084197863,False,False,False
52.560818,-1.490284,147.05,21.22,4,115.77,23 / 23,8156513,2019-11-06 18:22:16:975,0.6061,-1.571,10.6176,-0.0286,0.029,9.8065,-0.1096,-0.0176,0.0571,-25.19,-36.12,20.31,112.03,-89.28,-17.37,1.196069816204136,-1.238160576334556,0.8106187031991574,-0.695557406657817,1.0000910118230268,0.4869826147385538,-0.0861279895974906,-0.0304193556012631,0.0762153258985524,False,False,False
52.560818,-1.490284,147.05,21.22,4,115.77,23 / 23,8156614,2019-11-06 18:22:17:076,-0.5886,1.7241,8.7412,-0.0429,0.0214,9.8065,0.1497,0.0814,-0.1122,-25.62,-36.44,20.0,85.63,-89.58,-42.4,-1.1528770767363938,1.367104909950562,-1.0647715628832388,1.104632480082757,-0.6464796153890061,-0.7546453952795273,0.1381255153609297,0.1102269160007815,-0.1352948089700513,False,False,False
52.560818,-1.490284,147.05,21.22,4,115.77,23 / 23,8156713,2019-11-06 18:22:17:175,-1.2115,-1.6939,10.3435,0.0513,0.0203,9.8064,0.1779,0.2342,-0.2503,-25.37,-36.37,20.19,88.98,-89.56,-40.17,-0.5150551365854377,-2.0660779552793462,0.5363412896520954,-1.6022823372777852,-0.7285172361123957,0.2859854236192053,0.1747232697308056,0.1930880764387316,-0.2300189494994273,False,False,False
52.560818,-1.490284,147.05,21.22,4,115.77,23 / 23,8156813,2019-11-06 18:22:17:275,-0.016,-0.1485,10.1555,0.05,-0.0091,9.8065,-0.0554,-0.0452,0.0546,-25.69,-36.75,20.56,69.89,-89.25,-59.82,-0.0079507076517395,-0.1541590708085376,0.3489428708761435,-0.2292174933980498,0.4847590065161108,0.5428409195633976,-0.0389955276979475,0.0003427369269661,0.0443137025483808,False,False,False
52.560818,-1.490284,147.05,21.22,4,115.77,22 / 22,8156915,2019-11-06 18:22:17:377,0.6011,0.0643,9.0922,-0.0553,0.0032,9.8064,-0.1695,0.0114,0.1828,-26.12,-36.25,20.38,67.51,-88.97,-61.11,0.5836915059798206,0.306669774833439,-0.7140964115934325,0.4699653943769299,0.3844432555542699,-0.8327466404497978,-0.1937334191673717,-0.03020764387549,0.1784970687732061,False,False,False
52.560818,-1.490284,147.05,21.22,4,115.77,22 / 22,8157013,2019-11-06 18:22:17:475,-1.2605,-0.0084,9.5852,-0.0178,0.0044,9.8066,-0.2199,-0.073,0.0833,-25.62,-36.56,20.63,55.13,-89.14,-74.58,-1.144242459879092,-0.4848767559874167,-0.2215599569258016,-0.2317982982988534,-0.7023391353756961,-0.1795020989831045,-0.1951347617945855,-0.0405899723694713,0.1020441179110972,False,False,False
52.560818,-1.490284,147.05,21.22,4,115.77,22 / 22,8157114,2019-11-06 18:22:17:576,-0.0167,1.4579,9.6492,0.0432,0.0055,9.8065,0.0382,-0.1212,0.0676,-25.44,-37.06,20.31,59.61,-89.22,-69.83,-0.6083521043413695,1.3202723173505635,-0.156798549678241,1.125089437480482,-0.7587837821169603,-0.1323677613170742,0.0195525833423076,-0.143693254713791,0.0390611517927243,False,False,False
52.560818,-1.490284,147.05,21.22,4,115.77,22 / 22,8157214,2019-11-06 18:22:17:676,-1.1118,-0.0458,10.5297,-0.0158,0.0239,9.8065,0.1164,-0.1281,-0.0676,-25.81,-37.19,20.63,69.71,-89.08,-60.17,-0.9869106912428875,-0.481990764952641,0.7230383945620411,0.0673294635756027,-0.6285022317910194,0.6270444167535644,0.1254073842494828,-0.1127856548288045,-0.0362381807489796,False,False,False
52.560818,-1.490284,147.05,21.22,4,115.77,22 / 22,8157313,2019-11-06 18:22:17:775,0.638,0.4848,9.7887,-0.0086,0.01,9.8066,0.0517,-0.1297,0.0838,-25.62,-36.56,20.25,68.04,-89.28,-60.28,0.4171372517688553,0.6852239813389576,-0.017652721736738,0.238664140160006,0.3379837037740766,0.1138901436653802,0.0514873581843286,-0.1416774441976146,0.055986832902863,False,False,False
52.560818,-1.490284,147.05,21.22,4,115.77,22 / 22,8157413,2019-11-06 18:22:17:875,-0.9853,-1.3466,9.6312,0.0225,0.0304,9.8065,-0.002,-0.199,0.1093,-25.37,-36.12,21.0,79.93,-89.48,-50.67,-0.4076513101644713,-1.6569238077463826,-0.1759085974147329,-0.9855716828761556,-0.145767188473552,-0.3547648433981695,-0.0061087560005913,-0.1873647479629235,0.130262984283684,False,False,False
52.560818,-1.490284,147.05,21.22,4,115.77,22 / 22,8157514,2019-11-06 18:22:17:976,0.7915,0.5019,10.2802,0.0177,0.0147,9.8065,-0.0984,-0.1283,0.1152,-25.75,-36.56,21.56,81.06,-89.47,-49.74,0.5300455259500967,0.7449352421474142,0.4739675046108749,0.2607055082189142,0.5189728387310557,0.6441954198142396,-0.0959697895857498,-0.1411653190775473,0.1005227977578227,False,False,False
52.560818,-1.490284,147.05,21.22,4,115.77,22 / 22,8157614,2019-11-06 18:22:18:076,0.1351,-0.8074,10.3651,0.0236,0.0171,9.8066,-0.0859,-0.1729,0.1036,-26.06,-35.81,21.56,100.28,-89.54,-30.44,0.4170179460302984,-0.7201636148082359,0.5582249999731349,-0.1626566803871773,0.5989093529927231,0.3730818720943626,-0.0814806080539879,-0.1580397918267272,0.1151555611441189,False,False,False
52.560818,-1.490284,147.05,21.22,4,115.77,22 / 22,8157714,2019-11-06 18:22:18:176,0.3822,1.613,9.4019,0.0192,0.0143,9.8066,0.0271,-0.126,0.0471,-25.56,-36.12,21.5,97.96,-89.47,-32.83,-0.2730048562021499,1.6166536058455117,-0.4040943543242712,1.320398519607133,-0.249406396340145,-0.2727290807366422,0.0131853877890302,-0.1436265603203396,0.0354578153359542,False,False,False
52.560818,-1.490284,147.05,21.22,4,115.77,22 / 22,8157814,2019-11-06 18:22:18:276,0.5108,-0.4961,9.7776,0.0197,0.0014,9.8066,-0.0038,-0.0668,0.0048,-26.19,-35.31,22.31,104.72,-89.7,-25.81,0.6435236727913555,-0.2730497807723829,-0.0291128799207176,-0.0275032337409144,0.7895188288450689,-0.1475436430368474,0.0191184010316987,-0.0455622217414999,0.0172342033095409,False,False,False
52.560818,-1.490284,147.05,21.22,4,115.77,22 / 23,8157914,2019-11-06 18:22:18:376,0.9196,1.9563,9.4112,-0.007,0.0007,9.8066,-0.0509,0.0263,0.0337,-27.44,-32.87,23.13,107.93,-89.72,-22.75,0.1122707454526739,2.1612466693019208,-0.3945987761598543,2.1962906994491496,0.1158875206091999,-0.3637422828456141,-0.0793352884237225,0.0013853047800117,0.0235519382883083,False,False,False
52.560818,-1.490284,147.05,21.22,4,115.77,22 / 23,8158014,2019-11-06 18:22:18:476,0.0028,-0.0051,9.8208,0.0085,0.0061,9.8066,-0.0463,0.1314,-0.0506,-29.25,-31.12,22.94,105.27,-89.73,-23.36,-0.0010063945937152,-0.0125319148143511,0.0141953612496338,-0.1596460417187827,0.1654083842201087,0.008357245036471,-0.018137292427436,0.1582452675690074,-0.0488921519971713,False,False,False
52.560818,-1.490284,147.05,21.22,4,115.77,22 / 23,8158114,2019-11-06 18:22:18:576,-1.9671,-3.1072,7.9321,-0.0161,-0.0368,9.8066,0.3165,0.4721,-0.1903,-29.94,-30.31,20.06,110.79,-89.6,-13.21,-0.6351342687879318,-3.58125839104135,-1.875819876002796,-3.210547954439633,-0.707270615018342,-1.9707456500892588,0.2947774442727546,0.4470158318807459,-0.176955434197533,False,False,False
52.560818,-1.490284,147.05,21.22,4,115.77,22 / 23,8158214,2019-11-06 18:22:18:676,0.6145,0.5081,8.5019,-0.0375,-0.0598,9.8064,0.2364,0.6151,-0.4865,-28.31,-32.81,18.81,64.67,-89.6,-59.84,0.3866625848040857,0.7738466479107589,-1.3042193339426875,0.298400026392756,0.6195570886654141,-1.1944197114248027,0.2481990492864374,0.6339266687354757,-0.5180274783671249,False,False,False
52.560818,-1.490284,147.05,21.22,4,115.77,22 / 23,8158313,2019-11-06 18:22:18:775,-0.1575,-5.0032,11.4838,-0.0556,-0.1016,9.8059,-0.0565,0.6139,-0.4176,-27.44,-34.81,19.38,185.48,-89.63,60.39,1.771950051821474,-4.571877422886256,1.6761695689735008,-3.99566485019331,1.5891475850702106,1.4759130741102329,-0.0594889242658779,0.6047965125188274,-0.3719199559312185,False,False,False
52.560818,-1.490284,147.05,21.22,4,115.77,22 / 23,8158413,2019-11-06 18:22:18:875,-0.6828,1.5805,8.9631,-0.0596,-0.0565,9.8063,-0.0829,0.2393,0.1823,-26.25,-36.06,20.13,86.83,-89.29,-41.52,-1.1995231625542877,1.2767643206107566,-0.8427042969577836,0.6470612687431301,-0.8830100341553344,-0.6587585335369361,-0.0842213872853848,0.2381847029044089,0.1338725216391928,False,False,False
52.560818,-1.490284,147.05,21.22,4,115.77,22 / 23,8158514,2019-11-06 18:22:18:976,0.4087,0.1988,9.2527,-0.0028,-0.0294,9.8065,-0.0754,-0.0146,-0.0603,-25.5,-35.94,20.31,92.21,-89.12,-37.44,0.2936192406745077,0.367887008597581,-0.5536685113051381,0.9458728847295724,-0.0008298486963743,-0.7996073827017698,-0.0744678578097038,-0.0069429177157363,-0.0227494791689698,False,False,False
52.560818,-1.490284,147.05,21.22,4,115.77,22 / 23,8158614,2019-11-06 18:22:19:076,1.4314,0.0808,9.8504,0.0324,0.0015,9.8065,-0.0686,0.1557,-0.1133,-25.31,-36.75,21.19,101.13,-89.28,-29.7,1.2634502993933985,0.6059414010857233,0.0441028277211626,0.0281497285578506,1.6457254728338455,0.2305563248367664,-0.0667677663677554,0.1482300045534453,-0.1314850237771415,False,False,False
52.560818,-1.490284,147.05,21.22,4,115.77,22 / 23,8158713,2019-11-06 18:22:19:175,1.2402,0.0885,9.6708,0.008,0.0073,9.8066,0.0018,0.1048,0.0549,-25.19,-36.44,20.94,103.84,-89.38,-26.85,1.108485518284064,0.5442606970015726,-0.1356173641311157,0.9301708978350518,0.7340431307989574,-0.3492533299834924,-0.0023047626137804,0.1058214637777898,0.0542462927496151,False,False,False
52.560818,-1.490284,147.05,21.22,4,115.77,22 / 23,8158814,2019-11-06 18:22:19:276,-0.2653,-0.0297,9.2388,-0.0206,0.0099,9.8066,-0.0549,-0.0497,-0.0149,-25.25,-36.31,21.5,81.07,-89.23,-51.1,-0.2112050186851722,-0.1295693109072471,-0.5678444538368032,-0.4951170536243824,0.1921267994325051,-0.4554701316679268,-0.0506862800987273,-0.0417333061544978,-0.0031463743882856,False,False,False
52.560818,-1.490284,147.05,21.22,4,115.77,22 / 23,8158915,2019-11-06 18:22:19:377,0.6868,0.2114,10.4006,0.0387,0.0051,9.8065,-0.0575,0.0018,0.0789,-25.56,-36.31,21.19,93.22,-89.34,-36.41,0.5207589412316096,0.4372884683122929,0.5942533387440267,0.5102687392145192,0.1167756037404858,0.4821899647281801,-0.0598922234729986,-0.0134174211693188,0.0658785237158739,False,False,False
52.560818,-1.490284,147.05,21.22,4,115.77,22 / 23,8159014,2019-11-06 18:22:19:476,-1.6656,-0.6275,9.8161,0.0107,0.0041,9.8065,-0.0342,-0.0698,0.1103,-25.37,-36.75,20.75,96.43,-89.39,-34.28,-1.3095931045349616,-1.2222414823025405,0.0091689417802582,-1.3029661039525942,-0.9387132286391408,-0.0075836410102438,-0.0339214412155046,-0.0514496188294754,0.1174366809650345,False,False,False
52.560818,-1.490284,147.05,21.22,4,115.77,22 / 23,8159114,2019-11-06 18:22:19:576,0.4836,0.3118,9.6552,0.0269,0.0024,9.8066,-0.0368,-0.0414,0.0177,-24.5,-36.31,20.56,104.73,-89.4,-27.11,0.3045077239393106,0.4600308718893564,-0.1512344305044946,0.1905576279174218,-0.0803428319953283,-0.1249228123830133,-0.0365412136389373,-0.058881568650858,0.0187835538949438,False,False,False
52.560818,-1.490284,147.05,21.22,4,115.77,22 / 23,8159214,2019-11-06 18:22:19:676,-0.8018,-0.4823,10.5369,-0.0053,0.016,9.8066,0.0166,-0.0324,0.0319,-25.0,-36.62,21.06,98.68,-89.49,-31.92,-0.5467886436260675,-0.7642891549799105,0.7300256822753975,-0.5711008810344131,-0.2494007064202096,0.5698125565467214,0.0184374351929195,-0.0180842663075435,0.0244061656350992,False,False,False
52.560818,-1.490284,147.05,21.22,4,115.77,22 / 23,8159314,2019-11-06 18:22:19:776,0.7558,1.4054,10.1289,0.0076,0.0175,9.8066,0.0463,-0.0306,0.008,-24.87,-36.75,20.94,84.08,-89.56,-46.45,0.1634546227878084,1.5681129041052326,0.3228799254644816,0.995310735494624,-0.1752808376527672,0.4788112225846055,0.0398963530269444,-0.0414059908814703,0.0180958052835078,False,False,False
52.560818,-1.490284,147.05,21.22,4,115.77,22 / 23,8159415,2019-11-06 18:22:19:877,0.1258,0.1479,9.6408,0.0262,0.0034,9.8066,-0.0079,-0.0594,0.0335,-25.12,-36.12,21.44,84.8,-89.63,-45.64,0.0370818417702135,0.1715991535499514,-0.1657368924285379,0.5794564770481848,0.248839325215714,-0.4371112452891372,0.0044192440247826,-0.0511504020403964,0.0244803638938582,False,False,False
52.560818,-1.490284,147.05,21.22,4,115.77,22 / 23,8159514,2019-11-06 18:22:19:976,0.4537,0.2604,9.273,-0.0004,0.0078,9.8066,-0.0172,-0.0293,0.0212,-25.56,-36.37,21.44,76.16,-89.53,-53.26,0.3237217627505324,0.4066606758502099,-0.5334546325965671,-0.402202483085377,0.0254392814937309,-0.3004013905057514,-0.0352487296172276,-0.0363624493467295,0.0268892862373862,False,False,False
52.560818,-1.490284,147.05,21.22,4,115.77,22 / 23,8159613,2019-11-06 18:22:20:075,-1.0437,-0.3776,10.9138,-0.0118,0.0187,9.8066,-0.0518,-0.0146,-0.0104,-25.44,-36.5,21.0,86.61,-89.49,-43.99,-0.803287530970613,-0.7597328166100253,1.1069319445896102,-0.2056984572874868,-0.656420532122581,0.7938395890428112,-0.0297196698757646,-0.0076911651949774,-0.0121493383533217,False,False,False
52.560818,-1.490284,147.05,21.22,4,115.77,22 / 23,8159715,2019-11-06 18:22:20:177,-0.5135,0.4646,9.7537,-0.0031,0.002,9.8066,0.0032,-0.002,0.0204,-25.19,-36.87,21.25,93.6,-89.4,-37.11,-0.6480844403247636,0.2334606230337518,-0.0528017585088809,-0.7477976570489459,-0.940444731221509,0.177560747090493,-0.0201736608783703,-0.0088978512762188,0.0185671312534603,False,False,False
52.560818,-1.490284,147.05,21.22,4,115.77,22 / 23,8159814,2019-11-06 18:22:20:276,0.5868,0.0752,11.3638,-0.0171,0.0033,9.8066,-0.1194,0.0093,0.0362,-25.56,-36.12,20.44,91.2,-89.3,-37.15,0.5310737341277888,0.2958243473050424,1.5573006467799055,0.93881557511589,0.6553427237161243,1.2871185753169818,-0.0974418434827471,0.01524880050794,0.0412683882579622,False,False,False
52.560818,-1.490284,147.05,21.22,4,115.77,23 / 23,8159914,2019-11-06 18:22:20:376,-0.6415,0.6915,8.8967,-0.0242,0.0091,9.8066,-0.0465,0.097,0.0168,-25.94,-36.69,20.69,73.67,-89.53,-55.75,-0.8306315999034415,0.3963267303541454,-0.9097380546336632,-0.7047168150369181,-1.1627488134895945,-0.7637624473055525,-0.0656839051997991,0.0935403759279382,0.0082071745502391,False,False,False
52.560818,-1.490284,147.05,21.22,4,115.77,23 / 23,8160013,2019-11-06 18:22:20:475,-0.3945,-0.176,8.3737,-0.0003,0.0127,9.8066,0.0649,0.0834,-0.0847,-25.31,-36.5,21.0,85.55,-89.49,-45.05,-0.2926958097008527,-0.3240369156967881,-1.4330153454339822,0.3570635004179082,-0.149144234055217,-1.5868265041013152,0.081917002865881,0.0833523413861186,-0.0716137402509347,False,False,False
52.560818,-1.490284,147.05,21.22,4,115.77,23 / 23,8160113,2019-11-06 18:22:20:575,1.332,0.9823,10.6963,0.0065,0.004,9.8066,0.1319,0.0985,-0.1219,-25.25,-36.81,20.81,79.93,-89.47,-50.68,0.8532316523989895,1.40893990027451,0.8902085905892767,0.2442893977421165,0.4478849133596637,0.8927121109050761,0.1150682488642233,0.1014590311319106,-0.1406342559085935,False,False,False
52.560818,-1.490284,147.05,21.22,4,115.77,23 / 23,8160213,2019-11-06 18:22:20:675,-0.7372,-0.2728,9.7923,0.0367,0.0086,9.8065,0.0297,0.1752,-0.1135,-25.69,-36.25,21.56,77.21,-89.49,-53.56,-0.608482412875426,-0.5548429820047112,-0.0143954347422825,0.0999121268698063,-0.4256236998361771,-0.0096678473994626,0.0485267809125911,0.1716779022961795,-0.0887968484848771,False,False,False
52.560818,-1.490284,147.05,21.22,4,115.77,23 / 23,8160313,2019-11-06 18:22:20:775,0.8848,0.2131,10.3842,0.0056,0.0079,9.8066,0.0171,0.1507,-0.0532,-25.44,-36.81,21.25,67.41,-89.41,-63.23,0.7348732118991791,0.5242622563485434,0.5777818697409246,-0.6239400230583281,0.2514763417321377,0.4143093559328212,-0.0050817039985986,0.1518283630834041,-0.0822067066068555,False,False,False
52.560818,-1.490284,147.05,21.22,4,115.77,23 / 23,8160414,2019-11-06 18:22:20:876,-1.5035,-1.1847,10.0731,0.0098,0.0092,9.8066,0.0265,0.2191,-0.1765,-25.87,-35.94,21.31,69.26,-89.5,-60.17,-0.9447842535269458,-1.6802322332990032,0.2658922835859993,-1.145348524642345,-0.7335142161770758,0.4328791063287918,0.0517540041396169,0.2221651601792851,-0.1472511648730725,False,False,False
52.560818,-1.490284,147.05,21.22,4,115.77,23 / 23,8160514,2019-11-06 18:22:20:976,1.2094,0.0189,9.8844,0.0136,0.0048,9.8066,0.0934,0.3195,-0.1384,-25.31,-37.12,21.38,64.76,-89.51,-65.78,1.100377035479337,0.468276368462705,0.0779545542549461,-0.553209249001716,0.5634030398827472,-0.2366455649370643,0.067481734762034,0.3127371163612974,-0.1622458625605184,False,False,False
52.560818,-1.490284,147.05,21.22,4,115.77,23 / 23,8160614,2019-11-06 18:22:21:076,-0.4848,-0.8122,9.7349,0.0495,0.0061,9.8065,-0.0354,0.2557,-0.1862,-25.62,-36.37,21.5,26.89,-89.69,-103.49,-0.1825182392074447,-0.960066515266404,-0.0719535865738323,-0.6617948592500442,0.0227451754946425,0.2269002099601798,-0.0128125407447207,0.2637200466599819,-0.1733327552177345,False,False,False
52.560818,-1.490284,147.05,21.22,4,115.77,23 / 23,8160713,2019-11-06 18:22:21:175,1.5283,0.5751,9.7305,0.013,0.0187,9.8065,0.0029,0.2295,-0.1421,-25.5,-36.44,21.63,48.57,-89.67,-83.05,1.1893471842264125,1.0914332924041688,-0.0756154323170919,0.3178152768270535,0.6389407559676635,-0.4970238169708983,-0.0125823702101511,0.2230471016351842,-0.1403054971486948,False,False,False
52.560818,-1.490284,147.05,21.22,4,115.77,23 / 23,8160814,2019-11-06 18:22:21:276,0.8444,-1.2006,8.6678,0.0122,0.0194,9.8066,-0.1136,0.1401,-0.0796,-25.31,-36.44,21.88,56.3,-89.65,-75.36,1.2339871777103208,-0.8108612974912399,-1.1391232951166173,-0.8568252504278413,1.3924800837398132,-0.7629417118216691,-0.1065432982973036,0.1434892257616862,-0.0963409090210676,False,False,False
52.56009,-1.487752,145.36,20.92,4,115.18,21 / 22,8160913,2019-11-06 18:22:21:375,1.2508,0.1133,10.2223,-0.0196,0.0168,9.8065,-0.1388,0.0891,-0.0157,-25.25,-36.62,20.94,49.97,-89.57,-80.44,1.1379933864766658,0.5727470155453183,0.4159927385415537,0.1359989381489812,0.6123061489828657,-0.049434895950208,-0.1397352682298338,0.0880322198841209,0.0120609402376368,False,False,False
52.56009,-1.487752,145.36,20.92,4,115.18,21 / 22,8161013,2019-11-06 18:22:21:475,0.1299,-0.3588,9.2963,0.021,-0.0125,9.8065,0.088,0.1091,0.0741,-25.75,-35.94,21.31,18.87,-89.57,-110.21,0.2325336380685146,-0.2785697633221715,-0.5103076857438557,-0.7173629070974518,0.3126223609501838,-0.124165363361336,0.0877158732805637,0.1104378333273118,0.0430554197864355,False,False,False
52.56009,-1.487752,145.36,20.92,4,115.18,21 / 22,8161113,2019-11-06 18:22:21:575,-1.2418,-0.2205,11.3905,0.0023,-0.0117,9.8066,0.156,0.0427,-0.1372,-26.0,-36.44,20.88,44.49,-89.49,-84.83,-1.070883569741908,-0.6673198670987104,1.583671062762778,-0.7621602755054487,-1.5470555773119097,1.1442974126595131,0.1527780771687229,0.0382264476960727,-0.1122030575312343,False,False,False
52.56009,-1.487752,145.36,20.92,4,115.18,21 / 22,8161214,2019-11-06 18:22:21:676,-0.3933,0.811,10.9195,0.0152,-0.0149,9.8066,0.0547,-0.0028,-0.0095,-25.75,-36.06,21.44,42.48,-89.27,-86.98,-0.6921541687210196,0.6077626122719111,1.1131382141704311,-0.1653199308656894,-0.7064363089816821,1.4396714247374502,0.0634810226291057,0.0060713633075259,-0.0212229206210123,False,False,False
52.56009,-1.487752,145.36,20.92,4,115.18,21 / 22,8161313,2019-11-06 18:22:21:775,-0.3639,-0.3276,9.7588,-0.0064,-0.0154,9.8066,0.0114,-0.0034,0.1105,-25.5,-36.5,21.75,44.55,-89.4,-87.25,-0.2117160214759408,-0.4247783635660517,-0.0479541249169045,-0.2954589491404563,-0.6290266435732933,-0.39361814002264,-0.0016503541914461,-0.0153293118883945,0.1070219169780238,False,False,False
52.56009,-1.487752,145.36,20.92,4,115.18,21 / 22,8161413,2019-11-06 18:22:21:875,0.5145,0.8385,9.8482,-0.0017,0.0097,9.8066,-0.0635,-0.1407,0.0465,-25.56,-36.06,21.63,48.67,-89.43,-82.02,0.1617832465438539,0.9628958400774764,0.0419550032680453,0.0457063527740316,0.0519038536002176,0.2455883314084197,-0.049770448799484,-0.1291131480458513,0.0612612961776626,False,False,False
52.56009,-1.487752,145.36,20.92,4,115.18,21 / 22,8161514,2019-11-06 18:22:21:976,-0.3169,0.0441,10.2097,-0.0208,-0.0138,9.8065,0.0521,-0.0923,0.0912,-26.12,-36.12,21.25,59.57,-89.19,-70.11,-0.2958372474141663,-0.0593420599516865,0.4031832126504026,0.0472342975884496,-0.6583351617448616,0.2091858356082206,0.0416165657021687,-0.0997853591850946,0.0725854066854783,False,False,False
52.56009,-1.487752,145.36,20.92,4,115.18,21 / 22,8161614,2019-11-06 18:22:22:076,-1.4308,-0.109,9.9712,0.0183,-0.0027,9.8066,0.1091,-0.0534,-0.0301,-26.12,-36.0,21.81,66.19,-89.26,-64.77,-1.2994940662505758,-0.6500596725057661,0.1643814282735123,-1.4038608619897013,-1.4926494328479092,0.1945375872478431,0.1141106267099075,-0.0525796158697454,-0.0148625280865018,False,False,False
52.56009,-1.487752,145.36,20.92,4,115.18,21 / 22,8161716,2019-11-06 18:22:22:178,0.9077,-1.7572,10.3068,0.0207,-0.0149,9.8066,0.0748,-0.1356,-0.012,-25.44,-36.56,21.38,61.76,-89.3,-68.97,1.4835402173185162,-1.2735722337158522,0.4997004293639803,-1.5298643284249591,1.1573499535923546,0.4993265704555357,0.0745782295649881,-0.1285651589172288,-0.0200925348154471,False,False,False
52.56009,-1.487752,145.36,20.92,4,115.18,21 / 22,8161813,2019-11-06 18:22:22:275,-1.2744,0.2445,10.3999,0.0038,0.0044,9.8066,-0.0043,-0.0453,0.0503,-25.56,-36.37,21.19,56.96,-89.4,-72.51,-1.2733390670729596,-0.2648411831023263,0.5932241633638385,-0.4875857098499849,-1.5201127573803708,0.4189566667233597,-0.0051722926609805,-0.0611133617300347,0.052290559683243,False,False,False
52.56009,-1.487752,145.36,20.92,4,115.18,22 / 23,8161913,2019-11-06 18:22:22:375,-0.061,1.2281,10.2753,0.0001,-0.0028,9.8066,-0.0311,-0.0306,0.0332,-25.31,-36.87,21.5,56.45,-89.43,-75.42,-0.5251207556876152,1.114764060768194,0.4691236412350956,0.1385228287040335,-0.8536314139987292,0.6802721162330012,-0.0351175952521541,-0.0044348196126128,0.0326633865813045,False,False,False
52.56009,-1.487752,145.36,20.92,4,115.18,22 / 23,8162013,2019-11-06 18:22:22:475,1.4956,0.0366,9.534,0.0245,-0.0001,9.8066,-0.0272,-0.0765,0.1031,-24.62,-36.5,21.69,41.38,-89.54,-90.29,1.346333565449318,0.594117299266173,-0.2724030566223426,1.2382100030580956,1.0985003776038509,-0.6532812226442829,-0.0115132816100621,-0.1144998986315768,0.1072648620579861,False,False,False
52.56009,-1.487752,145.36,20.92,4,115.18,22 / 23,8162114,2019-11-06 18:22:22:576,0.0734,0.7153,9.6729,-0.0106,0.0079,9.8066,-0.0327,-0.0456,0.0365,-25.37,-36.19,21.5,52.34,-89.51,-79.43,-0.191651075374545,0.6861557070819614,-0.1334416012592549,-1.2814111198169045,-0.5839057472441729,0.2736235216306474,-0.0652982986308227,0.0033862630067984,0.026782476206675,False,False,False
52.56009,-1.487752,145.36,20.92,4,115.18,22 / 23,8162214,2019-11-06 18:22:22:676,-1.4411,-1.8474,10.0614,-0.0295,0.0014,9.8066,-0.0896,0.2826,-0.1026,-25.0,-36.56,21.69,65.71,-89.26,-66.39,-0.6014087897238138,-2.2470876573288647,0.253975526228834,-0.5390228800234461,-0.777797602814732,-0.2986520711346984,-0.0389998919795438,0.2276428228972478,-0.0907001342167097,False,False,False
52.56009,-1.487752,145.36,20.92,4,115.18,22 / 23,8162313,2019-11-06 18:22:22:775,2.2001,1.089,8.8471,0.0045,0.0121,9.8065,-0.025,0.2744,-0.1052,-25.62,-36.75,21.56,56.26,-89.14,-74.75,1.6202321586222337,1.8320675794427523,-0.9587478638938975,-1.2099786203298837,1.0905799676392087,-0.410062347828099,-0.0888474180875921,0.3264479260467757,-0.1112937161623942,False,False,False
52.56009,-1.487752,145.36,20.92,4,115.18,22 / 23,8162414,2019-11-06 18:22:22:876,2.6868,1.9191,7.8904,-0.0172,-0.0251,9.8066,-0.2588,0.3378,-0.1536,-25.87,-36.62,21.38,36.61,-88.89,-93.06,1.7601273524948202,2.8279653977232853,-1.9151802767048736,5.569315604957132,1.728906581856597,-2.567671064864614,-0.1917854741207025,0.2988892515046145,-0.16234129979205,False,False,False
52.56009,-1.487752,145.36,20.92,4,115.18,22 / 23,8162514,2019-11-06 18:22:22:976,1.8595,6.6633,5.4507,-0.1123,0.072,9.8057,-0.073,-0.0837,0.1994,-25.62,-36.62,21.44,68.26,-88.6,-62.11,-0.6862260691668455,6.847232048634755,-4.352443334972314,2.9016270275418563,-1.4132789377013992,-3.748145180911961,-0.1310694155443726,-0.0656905212417726,0.2279048267496462,False,False,False
52.56009,-1.487752,145.36,20.92,4,115.18,22 / 23,8162613,2019-11-06 18:22:23:075,2.1354,-4.3404,14.5383,0.0159,0.1307,9.8058,-0.3652,-0.3823,0.6656,-25.94,-36.25,21.69,76.91,-89.25,-54.1,3.662208896065387,-3.3291983672422067,4.731198150905473,0.153432011560618,2.158377435447487,4.072948196076277,-0.3251438494043215,-0.3777426335632516,0.6204182145986217,False,False,False
52.56009,-1.487752,145.36,20.92,4,115.18,22 / 23,8162713,2019-11-06 18:22:23:175,6.8386,6.2281,12.021,-0.0362,0.0974,9.8061,-0.346,-0.5664,0.5521,-25.56,-36.62,21.06,37.33,-89.21,-92.13,4.023003930430329,8.285557421907262,2.217908276737252,3.854912384633829,1.0606413601985087,2.7822284750454456,-0.3661822835446659,-0.5876928359578024,0.6030483062362854,False,False,False
52.56009,-1.487752,145.36,20.92,4,115.18,22 / 23,8162814,2019-11-06 18:22:23:276,-7.9011,-6.4774,9.0793,0.1349,0.1386,9.8047,-0.0052,-0.9386,0.6977,-25.94,-36.31,21.38,102.42,-89.61,-26.91,-4.911962812685591,-9.176957024102348,-0.7287237230751079,-5.456241342789582,-1.664778497167144,-1.3037579829983923,0.0008345466391675,-0.9118687621263472,0.6553366349666125,False,False,False
52.56009,-1.487752,145.36,20.92,4,115.18,23 / 23,8162914,2019-11-06 18:22:23:376,2.5845,0.9956,10.0879,0.0566,0.007,9.8064,0.1548,-0.9479,0.5229,-25.06,-36.56,21.5,79.53,-89.05,-52.86,1.961146232620932,1.8764701683172929,0.2821626865692892,-2.466127567044047,0.8593983885905105,0.7304166258814772,0.1533046436314862,-0.9678375665117022,0.5445554715007916,False,False,False
52.56009,-1.487752,145.36,20.92,4,115.18,23 / 23,8163013,2019-11-06 18:22:23:475,-3.1672,-6.1447,11.1973,0.0283,0.0979,9.8061,0.196,-0.9067,0.3551,-25.44,-36.94,21.0,85.15,-89.27,-45.71,-0.578126806332488,-6.989580591337964,1.3886126180441625,-3.616291116522466,-0.1436986439054731,0.953958872618552,0.2014071068511901,-0.90203735118512,0.3601952366771767,False,False,False
52.56009,-1.487752,145.36,20.92,4,115.18,23 / 23,8163113,2019-11-06 18:22:23:575,2.8353,2.3648,8.9719,-0.0344,-0.0154,9.8065,0.1436,-0.8004,0.426,-24.75,-36.75,21.0,64.97,-89.19,-65.89,1.7473728516679528,3.293813662761245,-0.8334068407813531,-0.3858700764783869,0.5914528734660393,-0.537321427446787,0.1304594518538837,-0.7878631792321429,0.3948677074331818,False,False,False
52.56009,-1.487752,145.36,20.92,4,115.18,23 / 23,8163214,2019-11-06 18:22:23:676,1.0,1.4961,9.8666,0.0354,0.0417,9.8065,-0.0877,-0.5947,0.3209,-25.06,-36.5,20.88,70.64,-89.41,-60.01,0.338234807745549,1.7120904102403212,0.0607303218537596,4.230590954487731,0.7500147385967565,-0.2198486037275011,-0.0683738680753673,-0.6195793387680226,0.3723299725422311,False,False,False
52.56009,-1.487752,145.36,20.92,4,115.18,23 / 23,8163313,2019-11-06 18:22:23:775,3.6644,3.5528,9.9702,-0.0236,-0.0487,9.8064,-0.0569,-0.5932,0.339,-25.37,-36.5,21.5,89.76,-89.39,-42.25,2.039088450211438,4.7343106125512255,0.1655234306651486,2.142794226740336,0.9239319787753416,0.3151147146164792,-0.0772616581014999,-0.5655655003175017,0.2757826325741337,False,False,False
52.56009,-1.487752,145.36,20.92,4,115.18,23 / 23,8163413,2019-11-06 18:22:23:875,-0.994,0.6057,8.5535,0.0372,0.0158,9.8066,-0.0781,-0.4887,0.2123,-25.25,-35.81,21.25,87.82,-89.4,-42.88,-1.1781499370075317,0.1533397355936157,-1.253022231014769,1.5145240213184503,-0.914844457866033,-1.401621978470872,-0.0625116330114155,-0.5082595773720634,0.2777453028205016,False,False,False
52.56009,-1.487752,145.36,20.92,4,115.18,23 / 23,8163513,2019-11-06 18:22:23:975,1.0539,0.5948,10.4532,-0.0139,-0.0855,9.8063,-0.0286,-0.4818,0.3791,-25.62,-36.25,21.56,102.21,-89.36,-28.69,0.7283899501371086,1.0353606394179886,0.6472719419867009,-0.2832890234729501,-0.1510505071561374,0.6822882521616234,-0.0353608359344464,-0.4785163294686617,0.3204354969037365,False,False,False
52.56009,-1.487752,145.36,20.92,4,115.18,23 / 23,8163614,2019-11-06 18:22:24:076,1.9992,3.5146,8.8465,0.0068,0.032,9.8065,0.0814,-0.2466,0.0795,-25.62,-35.94,20.69,83.6,-89.22,-46.16,0.5164326716044312,3.979230762605408,-0.9585303091891748,4.134130671942804,0.5422458815704201,-1.0121740071201517,0.0780824356812233,-0.2312814562507527,0.1249082670981827,False,False,False
52.56009,-1.487752,145.36,20.92,4,115.18,23 / 23,8163714,2019-11-06 18:22:24:176,0.8246,2.8422,8.362,-0.0439,-0.0578,9.8063,0.1535,0.0763,-0.0997,-26.06,-36.87,21.75,73.63,-88.9,-57.75,-0.3010260103189676,3.012793365906932,-1.443175046714233,2.9051006280927743,-0.918377449406884,-1.4874916563325082,0.1654221433608544,0.0472155146065955,-0.1294863982429465,False,False,False
52.56009,-1.487752,145.36,20.92,4,115.18,23 / 23,8163814,2019-11-06 18:22:24:276,0.3469,0.8177,11.2199,-0.0457,0.0048,9.8065,0.1511,0.0394,-0.1626,-25.06,-35.75,21.5,85.88,-88.94,-46.61,0.0535693839823433,0.9006262212712388,1.4137338719357493,0.0208717123051196,-0.1863365162095613,1.424509162146043,0.1341275789388605,0.0721449427194912,-0.1467223393608535,False,False,False
52.56009,-1.487752,145.36,20.92,4,115.18,22 / 22,8163914,2019-11-06 18:22:24:376,-4.0143,-3.8254,9.5818,-0.0567,-0.0697,9.8061,-0.0171,0.2561,-0.0749,-25.81,-36.44,21.63,89.8,-89.43,-41.04,-2.229678531745832,-4.979517859585108,-0.2261111919934734,-4.120738393234524,-2.3532822233297352,-0.3277364634859274,0.0003596020578625,0.2305097440790879,-0.0812876595717113,False,False,False
52.56009,-1.487752,145.36,20.92,4,115.18,22 / 22,8164014,2019-11-06 18:22:24:476,-0.1598,-0.7357,9.7261,0.0074,-0.0075,9.8066,-0.0373,0.2774,-0.0879,-25.75,-36.06,21.06,72.55,-89.31,-57.09,0.1226321205620383,-0.7369856969530016,-0.0807760824325876,-2.344657687685629,-0.3501023986602847,-0.0203212291060286,-0.0512081797501707,0.2891096471760128,-0.0853930914290811,False,False,False
52.56009,-1.487752,145.36,20.92,4,115.18,22 / 22,8164114,2019-11-06 18:22:24:576,-0.3005,-1.9706,10.4202,0.006,-0.0522,9.8064,-0.058,0.2218,-0.1137,-25.25,-36.44,20.75,86.62,-89.32,-44.16,0.4469702970506056,-1.8908437829597216,0.6130893833667825,-0.3969504479657421,0.3059787863565075,0.4618161566039315,-0.0496826843807366,0.2240658346120461,-0.1177767101541354,False,False,False
52.56009,-1.487752,145.36,20.92,4,115.18,22 / 22,8164213,2019-11-06 18:22:24:675,0.2301,1.9196,9.6063,-0.0199,-0.0054,9.8066,0.0013,0.2354,-0.0737,-25.94,-36.19,20.94,76.52,-89.21,-53.23,-0.5017207007332997,1.8752822711052224,-0.1995941685874775,-0.1140181180887526,-1.1300759238300144,-0.0947172574224032,-0.0020748341010727,0.2250084780445996,-0.0643118542218819,False,False,False
52.56009,-1.487752,145.36,20.92,4,115.18,22 / 22,8164314,2019-11-06 18:22:24:776,-0.9789,-0.7465,9.7822,-0.0039,-0.0003,9.8066,0.0703,0.1122,-0.0805,-25.62,-36.19,21.25,73.58,-89.19,-56.18,-0.6174781595472056,-1.061198050460748,-0.0247834658694721,0.7353051512839888,-0.6314748704711499,-0.2204959909280051,0.0716524275448933,0.1221582711782418,-0.0957601082678821,False,False,False
52.56009,-1.487752,145.36,20.92,4,115.18,22 / 22,8164414,2019-11-06 18:22:24:876,-0.0386,2.1853,9.7114,-0.0111,-0.021,9.8065,0.0201,0.1622,-0.1716,-25.94,-36.0,21.44,68.79,-89.2,-60.95,-0.8654172599100007,2.0297080345994427,-0.0943303266841187,-0.0243824455480622,-1.548332195089586,0.0442353732433161,0.016997310845305,0.1597425924101291,-0.1534565261204554,False,False,False
52.56009,-1.487752,145.36,20.92,4,115.18,22 / 22,8164514,2019-11-06 18:22:24:976,-0.8257,-0.6335,10.3603,-0.0036,-0.0258,9.8066,-0.0525,0.2076,-0.0342,-25.06,-36.37,21.5,72.68,-89.37,-59.32,-0.5288128553167462,-0.8751310354465502,0.5533841566669576,0.9378780993226704,-0.5163057800846758,0.3314784384257008,-0.0448180403613704,0.2002993366606736,-0.0501491105062104,False,False,False
52.56009,-1.487752,145.36,20.92,4,115.18,22 / 22,8164614,2019-11-06 18:22:25:076,-0.1343,0.9625,9.7809,-0.0139,-0.0124,9.8066,-0.0418,0.1513,-0.0716,-25.56,-36.44,21.69,68.49,-89.33,-62.4,-0.4824988129807401,0.8556504797889727,-0.0253734488999377,-1.0008680715554712,-1.1103623402805511,0.1169082122914073,-0.0546534069248903,0.1648220273519401,-0.0623024072600595,False,False,False
52.56009,-1.487752,145.36,20.92,4,115.18,22 / 22,8164714,2019-11-06 18:22:25:176,-0.5382,-0.8155,9.8856,-0.0219,-0.0194,9.8066,-0.0095,0.2194,-0.107,-25.31,-36.12,21.94,74.15,-89.17,-58.06,-0.1743231839671142,-0.932741385852937,0.0786564342486396,0.6609966638849651,-0.2384671233955657,-0.1278473694169692,0.0065134377079069,0.207322663423157,-0.1081047509086819,False,False,False
52.56009,-1.487752,145.36,20.92,4,115.18,22 / 22,8164814,2019-11-06 18:22:25:276,2.0566,0.115,10.168,-0.0263,-0.0152,9.8065,0.1248,0.1143,-0.0718,-25.25,-36.75,21.81,78.36,-89.14,-53.92,1.8764724066325376,0.9132657184966436,0.3618062113417913,-0.52528355300454,1.410762057618654,0.4530892500367656,0.1096467037921927,0.116540487247009,-0.0769877346125547,False,False,False
52.56009,-1.487752,145.36,20.92,4,115.18,23 / 23,8164914,2019-11-06 18:22:25:376,-0.0917,-0.4544,9.4625,-0.0211,-0.0053,9.8066,0.0786,0.0308,-0.0968,-25.12,-36.69,22.38,87.76,-89.23,-44.44,0.1056930007488797,-0.4420291483701966,-0.3442661783908136,0.7242431182935068,-0.1299023765337864,-0.4706179926426793,0.0883248961637561,0.0439333050445273,-0.0893361177985745,False,False,False
52.56009,-1.487752,145.36,20.92,4,115.18,23 / 23,8165014,2019-11-06 18:22:25:476,0.5833,0.9364,9.2578,0.0132,-0.0147,9.8066,0.0407,0.0079,0.0139,-25.87,-36.0,21.5,82.34,-89.26,-48.67,0.1650512780807477,1.096725703259557,-0.5483953568491823,0.2796577554103382,-0.0462426343087398,-0.5810880026034557,0.0397703378538744,-0.0210034171767104,0.0080142707613523,False,False,False
52.56009,-1.487752,145.36,20.92,4,115.18,23 / 23,8165114,2019-11-06 18:22:25:576,0.8832,-0.4648,10.0716,0.0122,0.0218,9.8066,-0.002,-0.1739,0.096,-25.12,-36.31,21.56,99.47,-89.37,-32.55,0.9906685945039896,-0.1184437094408594,0.2649384523948513,0.4199715435971369,0.5112858080508793,0.2937821624656327,-0.0108595299915466,-0.1342057724205033,0.0986128911130402,False,False,False
52.56009,-1.487752,145.36,20.92,4,115.18,23 / 23,8165214,2019-11-06 18:22:25:676,0.7306,1.4797,9.2535,0.0012,-0.0136,9.8066,-0.0798,-0.1003,0.0997,-25.75,-36.0,21.0,90.03,-89.28,-39.67,0.105926871278869,1.65874295904154,-0.5524854330850593,1.6571027622153292,0.2107415394117353,-0.781513063872702,-0.0626723227519123,-0.1420826406674728,0.099173278403563,False,False,False
52.56009,-1.487752,145.36,20.92,4,115.18,23 / 23,8165314,2019-11-06 18:22:25:776,1.3568,0.2021,9.7649,0.007,-0.0025,9.8066,0.0045,-0.1973,0.1107,-25.69,-35.81,21.06,93.83,-89.13,-36.03,1.1702496070807349,0.70310530075587,-0.0414594160159538,0.4310730587894007,0.4134693033699292,0.2041577469615073,-0.0176603933417178,-0.1631811554634437,0.112478120692535,False,False,False
52.56009,-1.487752,145.36,20.92,4,115.18,23 / 23,8165414,2019-11-06 18:22:25:876,0.3218,-0.1373,9.7135,-0.0229,-0.0026,9.8066,0.0162,-0.1303,0.0567,-24.75,-36.12,21.5,87.47,-89.1,-44.84,0.3700220924801972,0.0067137333600157,-0.09310406468542,0.9751273145127886,0.8065743762604671,-0.563471734471282,0.0397148478311898,-0.1485630114762293,0.0497403801283482,False,False,False
52.56009,-1.487752,145.36,20.92,4,115.18,23 / 23,8165514,2019-11-06 18:22:25:976,0.0375,-0.5139,9.6046,-0.0353,0.011,9.8065,0.128,-0.0839,-0.0701,-24.81,-35.56,21.38,82.08,-89.26,-48.76,0.2671547253275826,-0.4575779552334281,-0.2020748069887459,-1.656456207064347,-0.7488567681876634,0.281499963539459,0.1061484757940925,-0.0863359623116075,-0.0550082419730335,False,False,False
52.56009,-1.487752,145.36,20.92,4,115.18,23 / 23,8165614,2019-11-06 18:22:26:076,-1.2408,-0.3822,10.8857,-0.0031,0.0169,9.8066,0.1182,-0.0919,-0.0558,-25.37,-35.81,21.25,93.88,-89.11,-37.13,-0.9925231292096612,-0.8406640558014488,1.0788052156285308,1.150353218344447,-0.2638936095500618,0.3732786729381144,0.1365110680513602,-0.0680757730674916,-0.0798204598681914,False,False,False
52.56009,-1.487752,145.36,20.92,4,115.18,23 / 23,8165713,2019-11-06 18:22:26:175,2.0645,-1.2312,9.4158,0.0068,0.0134,9.8065,-0.0061,-0.0494,0.0127,-25.5,-36.56,21.63,98.7,-88.96,-33.79,2.376573301730668,-0.3673120969047312,-0.3908786320182234,-2.473686776547112,0.7986126624692362,0.2941645938268188,-0.0199214633761696,-0.091015833642876,0.0433886575138226,False,False,False
52.56009,-1.487752,145.36,20.92,4,115.18,23 / 23,8165813,2019-11-06 18:22:26:275,-1.7823,-0.5066,11.2517,-0.0282,0.0257,9.8066,-0.2476,-0.045,0.0812,-25.44,-36.75,22.31,107.87,-88.67,-24.87,-1.4193142115622932,-1.1605734804583738,1.4446939036744229,1.7369710714652882,-0.4911517954328592,0.5691941327453885,-0.2386716812963508,0.0069092638613986,0.0496303736113264,False,False,False
52.56009,-1.487752,145.36,20.92,4,115.18,22 / 23,8165914,2019-11-06 18:22:26:376,5.1962,4.0496,6.7491,0.0141,0.0257,9.8066,-0.2661,0.3038,-0.1559,-25.25,-36.69,21.56,108.93,-88.6,-23.88,3.2597932360136808,5.694933171932733,-3.055441391298422,2.888577896911501,0.7331914887406304,-2.2595616373202136,-0.2703500679285076,0.2516720294856283,-0.1318506695332395,False,False,False
52.56009,-1.487752,145.36,20.92,4,115.18,22 / 23,8166014,2019-11-06 18:22:26:476,0.5233,-4.3066,11.0333,0.0101,0.0955,9.8061,-0.1419,0.397,-0.2327,-25.25,-36.75,22.31,116.64,-88.52,-16.17,2.150548085958583,-3.875645494793402,1.2257215910097587,-0.3837733718802829,2.9990666845906206,0.2892507375374472,-0.1412613702654964,0.439197945767924,-0.2409684930511438,False,False,False
52.56009,-1.487752,145.36,20.92,4,115.18,22 / 23,8166114,2019-11-06 18:22:26:576,5.1269,4.5613,9.0009,-0.0427,0.0364,9.8065,-0.0156,0.692,-0.4482,-25.31,-36.81,20.88,103.85,-88.53,-27.8,3.05753285373385,6.152606679118077,-0.8033675562342433,3.035934462173104,0.8102240738878643,-0.0159498709574047,-0.0143050089608877,0.6670108380310567,-0.4603062453129736,False,False,False
52.56009,-1.487752,145.36,20.92,4,115.18,22 / 23,8166213,2019-11-06 18:22:26:675,-5.7201,-5.9582,9.876,0.0949,0.1139,9.8055,0.0274,0.8022,-0.6117,-25.5,-36.31,22.0,119.84,-88.8,-12.62,-3.065287705442344,-7.828731004269891,0.0676447015468576,-4.206598588469289,-1.065656434607932,-0.8097685037734235,0.0258339833495821,0.8077118955433382,-0.5806968215109256,False,False,False
52.56009,-1.487752,145.36,20.92,4,115.18,22 / 23,8166313,2019-11-06 18:22:26:775,2.0316,-1.5341,10.972,0.0254,-0.0125,9.8066,-0.0716,0.8036,-0.3965,-25.25,-36.06,21.94,107.41,-88.77,-25.2,2.4344392984601786,-0.6436366079996073,1.1651177532573578,-3.5805560762892514,1.019220846873103,1.832236806722482,-0.0707026036023454,0.8144659505805514,-0.4390634218460119,False,False,False
52.56009,-1.487752,145.36,20.92,4,115.18,22 / 23,8166414,2019-11-06 18:22:26:876,-3.4322,-5.3837,11.6903,0.0526,0.0753,9.8062,-0.1442,0.8601,-0.4249,-25.25,-36.0,21.88,116.24,-88.92,-16.15,-1.1439644201909012,-6.375319878476317,1.8817509671691508,-3.125800805419216,-0.3823367692713759,1.1592150480143344,-0.1447452758495787,0.8396786620084233,-0.3811705120730786,False,False,False
52.56009,-1.487752,145.36,20.92,4,115.18,22 / 23,8166514,2019-11-06 18:22:26:976,2.369,2.3053,9.2536,-0.014,-0.026,9.8066,-0.0983,0.6793,-0.2777,-25.12,-36.12,21.88,102.39,-88.92,-30.09,1.315948704215512,3.0631943726426845,-0.5518848913348735,0.7634415551210527,0.6318233475685882,-0.0787197112585376,-0.0966965659809878,0.7016113188358271,-0.3128729843667446,False,False,False
52.56009,-1.487752,145.36,20.92,4,115.18,22 / 23,8166614,2019-11-06 18:22:27:076,1.4346,0.3096,9.6208,0.0198,0.0481,9.8065,-0.0756,0.5606,-0.276,-25.69,-35.56,21.94,98.69,-88.95,-32.64,1.2086888082527751,0.7805205729656638,-0.1854313349513472,3.25484718213554,1.7471182569691974,-0.7051912371554993,-0.0798191032482809,0.5421933897985598,-0.2555476206981892,False,False,False
52.56009,-1.487752,145.36,20.92,4,115.18,22 / 23,8166713,2019-11-06 18:22:27:175,3.5184,2.6747,8.8762,-0.0076,-0.0291,9.8066,-0.107,0.4534,-0.2199,-25.31,-36.06,22.13,86.17,-88.9,-46.36,2.231043356257896,3.8429465387826696,-0.92901132531084,2.47516557718651,1.6330858630010543,-0.6697974539890013,-0.0994922294189454,0.465325537936592,-0.2242738633619948,False,False,False
52.56009,-1.487752,145.36,20.92,4,115.18,22 / 23,8166814,2019-11-06 18:22:27:276,0.9615,-1.1054,10.2572,-0.0036,0.0358,9.8065,-0.1009,0.3434,-0.1228,-25.62,-36.0,21.69,94.29,-88.99,-37.0,1.326905696855982,-0.6879885773215343,0.4504208355818269,0.8164319465173284,1.6617803412672083,0.1263847458319379,-0.1109545346555018,0.3375230413000747,-0.1314777501860683,False,False,False
52.56009,-1.487752,145.36,20.92,4,115.18,22 / 23,8166914,2019-11-06 18:22:27:376,-2.0859,-2.3357,9.4975,-0.0338,-0.0366,9.8064,-0.0789,0.1512,-0.0806,-25.19,-37.0,22.38,101.4,-89.12,-30.9,-1.022243420807108,-2.9071181867647007,-0.3099623635193539,-3.285117269848304,-1.1189030833329898,-0.2320740510408525,-0.0684273286033694,0.1533677776763817,-0.0646320169456526,False,False,False
52.56009,-1.487752,145.36,20.92,4,115.18,22 / 23,8167014,2019-11-06 18:22:27:476,-1.6433,-1.6822,9.8539,0.0086,0.0139,9.8066,0.0156,-0.0667,0.0542,-24.94,-36.0,21.63,95.92,-89.18,-36.31,-0.8817516040780271,-2.197297900470414,0.0464989816462329,-1.6144619515294214,-0.6732102218661642,-0.1354102410932171,0.0076164490208593,-0.0679622352354889,0.0372657928586196,False,False,False
52.56009,-1.487752,145.36,20.92,4,115.18,22 / 23,8167114,2019-11-06 18:22:27:576,-0.358,-1.8109,10.0072,-0.0393,-0.0505,9.8064,-0.0029,-0.1412,0.0726,-25.12,-36.19,21.69,105.95,-89.16,-26.26,0.3755277173454096,-1.749234147544682,0.2001432501209481,-1.3101994599093154,0.4590974273888903,0.166979248805526,0.000140040812727,-0.1390680558119056,0.0855756925484794,False,False,False
52.56009,-1.487752,145.36,20.92,4,115.18,22 / 23,8167214,2019-11-06 18:22:27:676,2.7343,1.7556,9.5943,-0.0005,-0.0128,9.8065,0.0495,-0.1327,0.1104,-25.44,-36.81,21.56,94.62,-89.08,-37.75,1.855568872643428,2.6764979069438843,-0.2112381428667795,2.583858906435138,2.0387490197279874,-0.3306426414264228,0.0520051990657629,-0.1355823703725793,0.1038151849608048,False,False,False
52.56009,-1.487752,145.36,20.92,4,115.18,22 / 23,8167313,2019-11-06 18:22:27:775,1.0504,1.1383,10.2669,-0.0289,-0.0663,9.8064,0.1183,-0.231,0.1367,-25.12,-36.44,21.19,77.14,-89.02,-53.95,0.5394081148824491,1.5246229448357522,0.4610571132509739,2.455885417792473,0.7095313069558302,0.3999721124201612,0.1121150974493463,-0.2289164406554911,0.1367632552857942,False,False,False
52.56009,-1.487752,145.36,20.92,4,115.18,22 / 23,8167413,2019-11-06 18:22:27:875,-0.3213,1.8878,8.8814,0.0314,-0.0227,9.8066,0.0432,-0.2597,0.0428,-25.19,-36.87,21.63,89.5,-89.21,-42.74,-1.0535235005420958,1.6326826407916295,-0.9245746093545936,1.2061672737283649,-0.8116438795419825,-1.0598443212780877,0.0495707508662728,-0.2594955025221589,0.0484310341623561,False,False,False
52.56009,-1.487752,145.36,20.92,4,115.18,22 / 23,8167513,2019-11-06 18:22:27:975,-1.5509,-1.7774,9.963,-0.0043,-0.0253,9.8066,0.056,-0.2835,0.087,-25.06,-36.75,21.63,96.34,-89.17,-35.93,-0.7630594324447204,-2.209031054172745,0.1555925263551986,-1.1463162084253544,-0.5662275698556165,0.1349998173028588,0.0526081681753265,-0.2860550022735144,0.075852492020446,False,False,False
52.56009,-1.487752,145.36,20.92,4,115.18,22 / 23,8167613,2019-11-06 18:22:28:075,-0.7022,0.3782,10.7487,-0.0406,-0.012,9.8065,-0.0093,-0.3051,0.2109,-24.5,-36.31,21.88,98.79,-88.95,-34.86,-0.7603156234685199,0.1085781252707357,0.9422538848008896,-0.3328090022199348,-0.4229528125774293,0.7392217188201342,-0.0098675863694892,-0.3018222052327308,0.2285484407264884,False,False,False
52.56009,-1.487752,145.36,20.92,4,115.18,22 / 23,8167713,2019-11-06 18:22:28:175,-1.1295,0.4425,9.3253,-0.033,-0.0203,9.8065,-0.1059,-0.1459,0.186,-25.0,-36.69,21.31,104.83,-89.08,-26.21,-1.190128750697005,0.0106636782701542,-0.4811749917962653,0.9182874406515632,-0.9723811768850296,-0.4278304681169156,-0.103007441772921,-0.1476545500992989,0.1608420526681856,False,False,False
52.56009,-1.487752,145.36,20.92,4,115.18,22 / 23,8167813,2019-11-06 18:22:28:275,-0.2173,1.1271,11.1519,0.0124,0.0115,9.8066,0.0794,-0.0312,-0.0298,-25.0,-36.94,21.25,99.76,-89.22,-31.15,-0.6371106695490413,0.9436318629852216,1.345662083104749,0.6912945490251952,-0.2228921637066261,1.062395032454477,0.0769882305529414,-0.0321402200861024,0.0022383327093253,False,False,False
52.56009,-1.487752,145.36,20.92,4,115.18,22 / 22,8167913,2019-11-06 18:22:28:375,1.2079,0.7915,9.8203,0.0119,-0.0182,9.8066,0.1804,0.0037,-0.0288,-25.19,-36.44,22.13,88.14,-89.26,-44.01,0.7976585365527429,1.2040593369681885,0.0141333691759404,1.8129817874263972,1.080062780046194,0.1355343521134381,0.1804652708420819,0.0063631606622005,-0.0647402774288683,False,False,False
52.56009,-1.487752,145.36,20.92,4,115.18,22 / 22,8168014,2019-11-06 18:22:28:476,-2.3719,0.0293,10.0814,0.0095,0.0187,9.8065,-0.0186,0.0306,-0.086,-25.12,-36.81,21.13,87.5,-89.2,-43.44,-2.206086620047466,-0.8969514177575514,0.2746057337898608,-0.9113018979360475,-1.5664137286827655,-0.0663567001047339,-0.0161696080776388,0.0290577723179934,-0.0510402608025898,False,False,False
52.56009,-1.487752,145.36,20.92,4,115.18,22 / 22,8168114,2019-11-06 18:22:28:576,-0.7933,0.0347,8.759,-0.0203,0.0019,9.8066,-0.0989,-0.0298,0.0473,-25.5,-36.56,21.38,88.23,-88.95,-42.99,-0.7272912990767151,-0.2635788087451654,-1.047685152069925,0.056778925355206,-0.3134405894161393,-0.8915592413306134,-0.1031373430517339,-0.0326699007388669,0.0190070801230364,False,False,False
52.56009,-1.487752,145.36,20.92,4,115.18,22 / 22,8168213,2019-11-06 18:22:28:675,-0.8181,-0.0818,9.8584,0.003,0.0118,9.8065,-0.0009,-0.0181,-0.0131,-25.25,-36.31,21.06,92.88,-89.08,-38.16,-0.723626154664782,-0.3991809223607253,0.051764461827606,-0.2641101936193335,-0.3337121227437012,-0.306475048788271,0.0044270100538714,-0.0089543233010233,0.0034566886833421,False,False,False
52.56009,-1.487752,145.36,20.92,4,115.18,22 / 22,8168313,2019-11-06 18:22:28:775,0.1052,0.8841,10.5734,0.0158,0.0002,9.8065,0.0429,0.028,-0.0508,-25.44,-36.87,21.31,81.59,-89.25,-49.28,-0.2538392070300092,0.8510845963258798,0.767220859251878,1.0062772178354418,0.3455179242397915,0.9167450829334644,0.0375828379844593,0.0134515337638719,-0.0524276850432856,False,False,False
52.56009,-1.487752,145.36,20.92,4,115.18,22 / 22,8168414,2019-11-06 18:22:28:876,0.1414,0.9871,9.4633,0.0181,-0.0099,9.8066,0.0357,-0.0504,-0.0218,-24.94,-37.31,21.81,72.52,-89.41,-59.45,-0.2655715328438204,0.9689860657819772,-0.3429351910541541,1.0858348554014068,0.0457642838060758,-0.6792305892625397,0.0388257164890953,-0.0338955974952358,-0.0358180380512369,False,False,False
52.56009,-1.487752,145.36,20.92,4,115.18,22 / 22,8168513,2019-11-06 18:22:28:975,-3.2884,0.6028,9.645,-0.0149,0.0152,9.8065,0.0094,0.0763,-0.041,-25.31,-36.5,21.31,78.31,-89.36,-52.41,-3.250686455957169,-0.7028853023290589,-0.161703669798827,-0.5444155179650856,-1.200705488348031,-0.0517694269344815,0.0115802480860848,0.0622121271583503,-0.0131843230435287,False,False,False
52.56009,-1.487752,145.36,20.92,4,115.18,22 / 22,8168613,2019-11-06 18:22:29:075,0.7796,-0.2501,10.8621,-0.0329,0.0052,9.8066,-0.1561,0.1085,-0.0442,-25.31,-36.31,21.38,90.63,-89.14,-40.35,0.8485272895739756,0.0728709613456632,1.0555121277563806,-0.0030580933583184,1.091314047863103,0.7668821898265581,-0.1663248588694726,0.1168973105591009,-0.0813566125894985,False,False,False
52.56009,-1.487752,145.36,20.92,4,115.18,22 / 22,8168713,2019-11-06 18:22:29:175,-2.6216,1.6515,9.3169,-0.0222,0.0182,9.8065,-0.2101,0.0498,-0.1235,-25.25,-36.75,21.5,105.18,-89.07,-27.16,-3.025479836373543,0.5208290773700965,-0.4893528807138355,0.8273894736613617,-1.0306083555295151,-0.436003488274247,-0.1911854711792917,0.0482584271765665,-0.0839081809576481,False,False,False
52.56009,-1.487752,145.36,20.92,4,115.18,22 / 22,8168813,2019-11-06 18:22:29:275,0.4952,1.1803,9.8599,-0.006,-0.0314,9.8065,-0.0154,0.0468,0.0501,-25.31,-36.75,20.94,110.06,-89.27,-20.74,0.0021347161166869,1.311244253439772,0.0538872972812425,0.9225986346979688,0.2242636846474379,-0.178216357582092,-0.0409104223115204,0.0420304848013272,0.0162926309257095,False,False,False
52.56009,-1.487752,145.36,20.92,4,115.18,22 / 23,8168914,2019-11-06 18:22:29:376,-1.3431,-1.5423,10.5918,-0.0139,-0.0042,9.8066,-0.0848,0.0656,-0.0393,-24.75,-37.31,21.69,121.12,-89.38,-10.81,-0.6434952498845371,-1.9286122637069567,0.7844946715275777,-1.4024046022393493,0.4387592627365282,0.7798341056005766,-0.0563623075401108,0.075480644500736,-0.0184446929640992,False,False,False
52.56009,-1.487752,145.36,20.92,4,115.18,22 / 23,8169015,2019-11-06 18:22:29:477,-0.7626,0.3664,9.4536,-0.0241,-0.0323,9.8066,-0.0675,0.1461,-0.0208,-24.81,-37.12,21.5,108.57,-89.17,-23.65,-0.8346833293813264,0.0876418463188461,-0.3529526688193869,-0.641948755301839,-0.5701961353975699,-0.533261809874023,-0.0955037125390777,0.1320662959627679,-0.0252067606109918,False,False,False
52.56009,-1.487752,145.36,20.92,4,115.18,22 / 23,8169114,2019-11-06 18:22:29:576,0.1985,1.0056,9.291,-0.0191,0.0157,9.8066,-0.0593,0.1576,-0.0098,-25.19,-36.94,20.81,114.15,-88.79,-17.12,-0.1756732291024955,0.9983868745774456,-0.5152258681861591,1.7202453232292594,0.959427544384284,-0.569168882308899,-0.0337677600362388,0.1755273950271874,-0.0202719344853153,False,False,False
52.56009,-1.487752,145.36,20.92,4,115.18,22 / 23,8169214,2019-11-06 18:22:29:676,0.7844,1.3905,9.7547,-0.0044,-0.0244,9.8066,0.0202,0.2098,-0.1269,-24.94,-37.37,20.69,108.54,-88.83,-22.75,0.1907109036480262,1.6086759015131236,-0.0513055077032947,0.6106543807745609,0.5535261855051236,-0.1916327676274465,-0.0019887740373651,0.1875980138283516,-0.1075669428502634,False,False,False
52.56009,-1.487752,145.36,20.92,4,115.18,22 / 23,8169313,2019-11-06 18:22:29:775,-1.2462,-0.6016,9.8028,-0.0008,0.0143,9.8066,-0.0193,0.2119,-0.0901,-25.75,-37.12,20.75,114.83,-89.0,-15.1,-0.9171219219214644,-1.0436658410324915,-0.0041716415260867,-0.2405131976521594,0.2252211361528051,-0.0953099222375992,-0.0007603445106908,0.2388630699481559,-0.1101353987919963,False,False,False
52.56009,-1.487752,145.36,20.92,4,115.18,22 / 23,8169414,2019-11-06 18:22:29:876,-1.8927,0.0159,10.5263,-0.0104,-0.0248,9.8066,0.0009,0.334,-0.1584,-25.31,-36.94,20.5,115.43,-89.02,-15.59,-1.7560258854810329,-0.6792653110842427,0.7194786978626849,-1.789446856544619,-1.2564161808195324,0.6061912867692686,-0.0137983322511913,0.3023920133773043,-0.1450779975465851,False,False,False
52.56009,-1.487752,145.36,20.92,4,115.18,22 / 23,8169514,2019-11-06 18:22:29:976,-2.2056,-1.7329,9.6107,0.0167,0.014,9.8065,-0.0138,0.3284,-0.2037,-24.81,-37.31,20.94,117.08,-89.0,-13.96,-1.3898581933044891,-2.4613455099116126,-0.1966901709347163,-1.7521670534850156,-0.2672603928835258,-0.3141198063164609,-0.0031893925042661,0.3634005768463849,-0.2059299789631831,False,False,False
52.56009,-1.487752,145.36,20.92,4,115.18,22 / 23,8169614,2019-11-06 18:22:30:076,0.639,2.1464,10.1148,-0.0312,-0.0274,9.8065,0.0438,0.4379,-0.2355,-25.06,-36.94,20.63,111.78,-88.91,-19.39,-0.2078807144040678,2.2651353172172213,0.3091455535408757,1.243827270412914,0.4507315200847175,0.2114504075381608,0.037391902169117,0.4021048544321181,-0.2445874831998281,False,False,False
52.56009,-1.487752,145.36,20.92,4,115.18,22 / 23,8169714,2019-11-06 18:22:30:176,-0.1811,1.8476,10.3411,0.0086,0.0199,9.8066,-0.024,0.3783,-0.2423,-25.19,-36.44,21.0,116.31,-88.95,-14.75,-0.8712494725192058,1.617633498588377,0.5351166703437069,2.045194926290505,0.2188207157968216,0.4000699958118314,-0.021298041171895,0.411101051412402,-0.2257285270845077,False,False,False
52.56009,-1.487752,145.36,20.92,4,115.18,22 / 23,8169813,2019-11-06 18:22:30:275,1.6122,3.2633,9.3643,-0.0036,-0.0381,9.8066,-0.106,0.3941,-0.1302,-25.19,-37.44,21.13,105.38,-88.99,-25.75,0.2371905321382262,3.668104771095664,-0.4409409594596666,2.927789710486253,1.066837036021668,-0.5331786502739967,-0.1063568781916479,0.3687008780818452,-0.1476281683387268,False,False,False
52.559357,-1.485308,143.82,18.78,4,115.94,22 / 23,8169913,2019-11-06 18:22:30:375,-2.1683,-0.5423,10.7156,0.0246,0.0162,9.8065,-0.0556,0.2107,-0.1519,-25.56,-36.44,21.44,95.46,-89.03,-34.51,-1.815102593088194,-1.351661876747016,0.9086298572649084,-1.3487131597280049,-0.7618137765131456,0.7629364669190981,-0.0558654276436381,0.224672666266618,-0.1406918001030286,False,False,False
52.559357,-1.485308,143.82,18.78,4,115.94,22 / 23,8170014,2019-11-06 18:22:30:476,-1.3673,0.0815,10.0188,-0.0046,0.0145,9.8065,0.0339,0.0898,-0.0229,-25.44,-36.31,20.56,97.72,-89.05,-33.35,-1.285579135244548,-0.456934336696962,0.2121529612595299,-0.786942364858444,-0.278222315674113,0.1160235705623767,0.0336870266187724,0.0897012225688189,-0.023147266077011,False,False,False
