No of GPS Satellites Available,Time Since Start of Day (seconds),Latitude (degrees),Longitude (degrees),Velocity (km/hr),Heading (degrees),Height (km),Vertical velocity (km/hr),Sample period (seconds),Steering Angle (degrees),Wheel Speed Front Left (rad/sec),Wheel Speed Front Right (rad/sec),Wheel Speed Rear Left (rad/sec),Wheel Speed Rear Right (rad/sec),Yaw Rate (deg/sec),Indicated Vehicle Speed (km/hr),Indicated Longitudinal Acceleration (g),Indicated Lateral Acceleration (g),Handbrake (0 or 1),Gear Requested (Number fof gear employed 1-5),Gear (Number fof gear employed 1-5),Engine Speed (rev/min),Coolant Temperature (degrees),Clutch Position (0 or 1),Brake Pressure (psi),Brake Position (0 or 1),Battery Voltage (volts),Air Temperature (degrees),Accelerator Pedal Position (0 or 1),dx,dy,x_cum,y_cum,heading_rad
137.0,66038.7,52.568236,-1.5157319,67.604,115.468,80.97,-0.07,0.1,0.0,68.12,68.06,68.01999,67.89,-0.2999877999999999,68.16,0.0,-0.009180069,0.0,6.0,3.0,2091.0,86.0,0.0,0.009979248,0.0,13.9,7.5,15.0,1.6954061371583558,-0.8075052378146712,1.6954061371583558,-0.8075052378146712,2.0152967806928124
137.0,66038.8,52.5682286,-1.5157068,67.964,115.738,80.96,-0.08,0.1,0.0,68.14,68.08,68.03999,67.91,-0.1000061,68.18,0.0,-0.009180069,0.0,6.0,3.0,2089.0,86.0,0.0,0.009979248,0.0,14.1,7.5,18.5,1.700589939976955,-0.8198282215435745,3.395996077135311,-1.6273334593582458,2.020009169673197
137.0,66038.9,52.568221300000005,-1.5156818,67.831,115.623,80.94,-0.09,0.1,0.0,68.25999,68.17999,68.12,68.03,-0.1000061,68.18999000000001,0.0,-0.009180069,0.0,6.0,3.0,2111.0,86.0,0.0,0.009979248,0.0,14.0,7.5,21.5,1.6989008850116278,-0.8148156155732512,5.094896962146938,-2.442149074931497,2.018002041033404
137.0,66039.0,52.568214,-1.5156567,67.896,115.63,80.93,-0.08,0.1,0.0,68.39,68.41,68.2,67.98,-0.1000061,68.37,0.01937985,0.0,0.0,6.0,3.0,2163.0,86.0,0.0,0.009979248,0.0,14.0,7.5,22.5,1.7004292238426784,-0.8158041766881232,6.795326185989617,-3.2579532516196203,2.0181242140810434
137.0,66039.1,52.5682067,-1.5156316,67.979,115.573,80.92,-0.08,0.1,0.0,68.59,68.53999,68.33,68.16,0.0,68.42,0.0397799,0.0,0.0,6.0,3.0,2158.0,86.0,0.0,0.009979248,0.0,14.0,7.5,22.5,1.7033196691867154,-0.8151073399888098,8.498645855176331,-4.07306059160843,2.0171293764074063
137.0,66039.2,52.5681993,-1.5156063000000002,68.321,115.567,80.91,-0.1,0.1,0.0,68.81,68.76999,68.59999,68.37999,0.0,68.68,0.02957988,0.0,0.0,6.0,3.0,2156.0,86.0,0.0,0.009979248,0.0,14.0,7.5,23.0,1.7119747894712916,-0.8190288437608632,10.210620644647623,-4.892089435369293,2.017024656652287
137.0,66039.3,52.568192,-1.515581,68.342,115.408,80.89,-0.1,0.1,0.0,68.92999,68.86,68.73,68.22,-0.1999817,68.78,0.02957988,-0.009180069,0.0,6.0,3.0,2143.0,86.0,0.0,0.009979248,0.0,14.0,7.5,23.0,1.7147679704660779,-0.8145251260215597,11.9253886151137,-5.706614561390853,2.014249583141616
137.0,66039.4,52.5681847,-1.5155557000000002,68.476,115.493,80.87,-0.11,0.1,0.0,69.00999,68.95999,68.95,68.69,-0.1000061,68.95,0.0397799,-0.01938009,0.0,6.0,3.0,2130.0,86.0,0.0,0.009979248,0.0,14.0,7.5,23.5,1.716917530332182,-0.8186701857588239,13.642306145445882,-6.525284747149676,2.015733113005811
137.0,66039.5,52.5681773,-1.5155303000000002,68.706,115.522,80.86,-0.11,0.1,0.0,69.01999,69.0,69.12,68.8,0.0,69.05,0.02957988,-0.01938009,0.0,6.0,3.0,2138.0,86.0,0.0,0.009979248,0.0,14.0,7.5,24.0,1.7222684047684522,-0.822291792453465,15.364574550214336,-7.347576539603141,2.0162392584888895
137.0,66039.6,52.56816990000001,-1.5155048999999998,68.926,115.551,80.85,-0.11,0.1,0.0,69.33,69.22,69.14999,68.86,0.0,69.18,0.009180069,-0.01938009,0.0,6.0,3.0,2082.0,86.0,0.0,0.009979248,0.0,14.0,7.5,24.0,1.727365439864407,-0.8257992152770351,17.091939990078743,-8.173375754880176,2.0167454039719677
137.0,66039.7,52.568162400000006,-1.5154794,69.001,115.645,80.83,-0.12,0.1,0.0,69.48,69.37,69.2,68.92,0.2000122,69.32,0.01937985,-0.01938009,0.0,6.0,3.0,1884.0,86.0,0.0,0.009979248,0.0,14.0,7.5,24.5,1.7278864119348964,-0.8295336887763803,18.81982640201364,-9.002909443656556,2.0183860134688425
137.0,66039.8,52.568155,-1.5154539,69.059,115.603,80.81,-0.12,0.1,0.0,69.59999,69.53999,69.48999,69.31,0.2000122,69.36,0.01937985,0.0,0.0,5.0,3.0,1726.0,86.0,0.0,0.009979248,0.0,14.0,7.5,24.5,1.7299469435500037,-0.8289630733496569,20.549773345563644,-9.831872517006213,2.0176529751830046
138.0,66039.9,52.5681475,-1.5154283,69.109,115.696,80.79,-0.13,0.1,0.0,69.73999,69.76999,69.62999,69.37,0.1000061,69.65,0.01937985,-0.009180069,0.0,5.0,3.0,1774.0,86.0,0.0,0.009979248,0.0,14.0,7.5,25.0,1.7298506666040148,-0.8323721711353103,22.27962401216766,-10.664244688141522,2.0192761313873593
138.0,66040.0,52.56814,-1.5154027,69.3,115.592,80.77,-0.14,0.1,0.0,69.92999,69.92,69.69,69.50999,0.2000122,69.71,0.01937985,-0.009180069,0.0,5.0,3.0,1836.0,86.0,0.0,0.009979248,0.0,14.0,7.5,25.0,1.7361437327191909,-0.8315226631546944,24.01576774488685,-11.495767351296216,2.0174609889652855
138.0,66040.1,52.5681325,-1.5153770999999998,69.336,115.686,80.76,-0.13,0.1,0.0,69.81,69.8,69.72,69.51999,0.0,69.79,0.01937985,-0.009180069,0.0,5.0,3.0,1957.0,86.0,0.0,0.009979248,0.0,14.0,7.5,25.0,1.7356783758091638,-0.834803315607013,25.751446120696016,-12.33057066690323,2.0191015984621603
138.0,66040.2,52.568125,-1.5153514,69.642,115.694,80.75,-0.12,0.1,0.0,69.87999,69.92999,69.81999,69.66,0.2000122,70.06,0.01937985,0.0,0.0,5.0,3.0,2098.0,86.0,0.0,0.009979248,0.0,14.0,7.5,25.0,1.7432213390058227,-0.8387309540220548,27.494667459701837,-13.169301620925284,2.0192412248023195
138.0,66040.3,52.5681175,-1.5153256,69.649,115.572,80.74,-0.12,0.1,0.0,70.03,70.09999,69.8,69.56,0.1000061,70.08,0.01937985,-0.01938009,0.0,5.0,3.0,2117.0,86.0,0.0,0.009979248,0.0,14.0,7.5,25.0,1.7451786944374221,-0.8351011422851082,29.239846154139258,-14.004402763210392,2.0171119231148866
138.0,66040.4,52.5681101,-1.5152998,69.79,115.438,80.72,-0.13,0.1,0.0,70.2,70.20999,69.58,69.56,-0.1000061,70.27,0.009180069,-0.009180069,0.0,5.0,3.0,2158.0,86.0,0.0,0.009979248,0.0,14.0,7.5,25.0,1.750663953530619,-0.832699682918158,30.990510107669877,-14.837102446128549,2.014773181917214
138.0,66040.5,52.5681026,-1.5152740000000002,69.797,115.458,80.71,-0.13,0.1,0.0,70.42999,70.51999,70.06,69.87999,0.1000061,70.49,0.01937985,-0.009180069,0.0,5.0,3.0,2163.0,86.0,0.0,0.009979248,0.0,14.0,7.5,25.0,1.7505487438670462,-0.833394310994857,32.74105885153692,-15.670496757123406,2.015122247767613
138.0,66040.6,52.5680951,-1.5152481,69.876,115.403,80.69,-0.13,0.1,0.0,70.39999,70.37999,70.37,70.17,0.0,70.37,0.0397799,-0.03978014,0.0,5.0,3.0,2174.0,86.0,0.0,0.009979248,0.0,14.0,7.5,25.0,1.7533302081425406,-0.8326548992318697,34.49438905967946,-16.503151656355275,2.014162316679016
138.0,66040.7,52.5680875,-1.515222,70.495,115.621,80.68,-0.13,0.1,0.0,70.73999,70.66,70.50999,70.45,0.3999939,70.55,0.02957988,-0.03978014,0.0,5.0,3.0,2216.0,86.0,0.0,0.009979248,0.0,14.0,7.5,25.5,1.7656532096692286,-0.8467551153892363,36.260042269348695,-17.34990677174451,2.0179671344483636
138.0,66040.8,52.5680798,-1.515196,70.538,115.693,80.65,-0.14,0.1,0.0,70.91,70.94,70.7,70.56999,0.5,70.79,0.0397799,-0.02958012,0.0,5.0,3.0,2226.0,86.0,0.0,-0.2200012,0.0,14.0,7.5,26.0,1.7656641017031114,-0.8494910816825446,38.025706371051804,-18.199397853427055,2.0192237715098
138.0,66040.9,52.5680723,-1.5151701,70.34,115.613,80.63,-0.15,0.1,0.0,71.20999,71.17999,70.87,70.64,0.1000061,71.13,0.0397799,-0.009180069,0.0,5.0,3.0,2226.0,86.0,0.0,0.009979248,0.0,14.0,7.5,26.5,1.7618889539355376,-0.8446473252922746,39.78759532498734,-19.04404517871933,2.017827508108204
138.0,66041.0,52.5680646,-1.515144,70.65,115.56,80.6,-0.17,0.1,0.0,71.36,71.28,71.23,71.01999,-0.1000061,71.27,0.04997993,0.0,0.0,5.0,3.0,2221.0,86.0,0.0,-0.2200012,0.0,14.0,7.5,26.5,1.770437895260098,-0.8467324896488823,41.55803322024744,-19.890777668368212,2.0169024836046474
138.0,66041.1,52.568057,-1.5151176000000002,71.071,115.461,80.59,-0.15,0.1,0.0,71.59999,71.37999,71.41,71.17,-0.2999877999999999,71.54,0.04997993,0.0,0.0,5.0,3.0,2232.0,86.0,0.0,0.009979248,0.0,14.0,7.5,26.5,1.7824569583296885,-0.8486995323301308,43.34049017857713,-20.739477200698342,2.015174607645173
138.0,66041.2,52.5680494,-1.5150913,71.096,115.454,80.58,-0.15,0.1,0.0,71.64999,71.61,71.56999,71.36,-0.1000061,71.57,0.05915999,-0.02958012,0.0,5.0,3.0,2232.0,86.0,0.0,0.009979248,0.0,14.0,7.5,26.5,1.7831876683947652,-0.8487802205174377,45.123677846971894,-21.58825742121578,2.015052434597533
138.0,66041.3,52.5680417,-1.5150648999999998,71.442,115.583,80.57,-0.14,0.1,0.0,71.87999,71.81,71.94,71.61,-0.1999817,71.75,0.04997993,-0.03978014,0.0,5.0,3.0,2230.0,86.0,0.0,0.009979248,0.0,14.0,7.5,26.5,1.7899409875775387,-0.8569431200435332,46.91361883454943,-22.44520054125931,2.0173039093326057
138.0,66041.4,52.568034,-1.5150384,71.752,115.462,80.55,-0.15,0.1,0.0,72.22,72.25,72.0,71.73,-0.7999878,72.1,0.04997993,-0.05915999,0.0,5.0,3.0,2233.0,86.0,0.0,0.009979248,0.0,14.0,7.5,25.5,1.799521447859621,-0.8568631512253175,48.71314028240905,-23.30206369248463,2.015192060937693
138.0,66041.5,52.56802630000001,-1.5150119000000002,71.658,115.525,80.52,-0.17,0.1,0.0,72.58,72.37,72.20999,71.89999,-1.199982,72.32,0.04997993,-0.04997993,0.0,5.0,3.0,2217.0,86.0,0.0,0.009979248,0.0,14.0,7.5,17.5,1.7962219302177933,-0.8577161694900393,50.50936221262684,-24.15977986197467,2.0162916183664494
138.0,66041.6,52.5680185,-1.5149853,72.007,115.766,80.5,-0.16,0.1,0.0,72.48,72.48999,72.17,71.98999,-0.8999939,72.51,0.0397799,-0.04997993,0.0,5.0,3.0,2209.0,86.0,0.0,0.009979248,0.0,14.0,7.5,12.5,1.80132888057679,-0.8694780500888956,52.31069109320363,-25.029257912063564,2.0204978618637557
138.0,66041.7,52.56801070000001,-1.5149586000000002,72.166,115.668,80.49,-0.15,0.1,0.0,72.61,72.45999,72.56999,72.17999,-0.7999878,72.59,0.02957988,-0.05915999,0.0,6.0,3.0,2216.0,86.0,0.0,0.009979248,0.0,14.0,7.5,10.0,1.8067942458267734,-0.8683088506040829,54.1174853390304,-25.897566762667648,2.0187874391968013
138.0,66041.8,52.5680029,-1.5149319,72.277,115.669,80.48,-0.14,0.1,0.0,72.64,72.58,72.5,72.23999,-0.7999878,72.6,0.009180069,-0.05915999,0.0,6.0,3.0,2218.0,86.0,0.0,0.009979248,0.0,14.0,7.5,10.0,1.8095581345613778,-0.8696759970792756,55.92704347359178,-26.767242759746924,2.018804892489321
138.0,66041.9,52.5679949,-1.5149053,72.36,115.997,80.47,-0.15,0.1,0.0,72.73999,72.56999,72.66,72.39999,-0.7999878,72.64,0.0,-0.04997993,0.0,6.0,3.0,2226.0,86.0,0.0,0.009979248,0.0,14.1,7.5,10.0,1.806622166234628,-0.8810314117383667,57.733665639826405,-27.64827417148529,2.0245295724358625
138.0,66042.0,52.567987,-1.5148787,72.274,116.01,80.45,-0.14,0.1,0.0,72.7,72.55,72.66,72.33,-0.7999878,72.55,0.0,-0.04997993,0.0,6.0,3.0,2236.0,86.0,0.0,0.009979248,0.0,14.0,7.5,10.0,1.804275283743711,-0.8803937039349728,59.53794092357012,-28.528667875420265,2.024756465238622
138.0,66042.1,52.5679791,-1.514852,72.464,116.044,80.44,-0.14,0.1,0.0,72.86,72.42,72.50999,72.09999,-0.8999939,72.57,-0.009180069,-0.04997993,0.0,6.0,3.0,2263.0,86.0,0.0,0.009979248,0.0,14.1,7.5,10.0,1.8084943870658035,-0.8837814950336027,61.346435310635925,-29.412449370453867,2.0253498771842997
138.0,66042.2,52.5679711,-1.5148254,72.259,116.214,80.42,-0.15,0.1,0.0,72.62999,72.37999,72.53,72.17,-0.7999878,72.49,-0.01938009,-0.04997993,0.0,6.0,3.0,2285.0,86.0,0.0,0.009979248,0.0,14.0,7.5,10.0,1.8007554244795416,-0.8866281289335163,63.147190735115466,-30.299077499387383,2.0283169369126903
138.0,66042.3,52.5679631,-1.5147989,72.306,116.33,80.4,-0.15,0.1,0.0,72.59999,72.48,72.50999,72.11,-0.6000061,72.5,-0.02958012,-0.03978014,0.0,6.0,3.0,2304.0,86.0,0.0,0.009979248,0.0,14.1,7.5,10.0,1.8001267936309728,-0.890851153028312,64.94731752874644,-31.189928652415695,2.0303415188450034
138.0,66042.4,52.56795509999999,-1.5147723999999998,72.072,116.369,80.38,-0.15,0.1,0.0,72.39,72.48,72.39999,72.12,-0.5,72.45,-0.01938009,-0.02958012,0.0,6.0,3.0,2305.0,86.0,0.0,0.009979248,0.0,14.0,7.5,10.0,1.793696304213405,-0.8891892758300521,66.74101383295984,-32.07911792824575,2.0310221972532814
138.0,66042.5,52.5679471,-1.514746,72.068,116.427,80.37,-0.15,0.1,0.0,72.42999,72.34999,72.23999,72.08,-0.2999877999999999,72.43999000000001,-0.01938009,-0.02958012,0.0,6.0,3.0,2303.0,86.0,0.0,0.009979248,0.0,14.0,7.5,10.5,1.7926957668293673,-0.8909551116913002,68.5337095997892,-32.97007303993705,2.032034488219438
138.0,66042.6,52.5679391,-1.5147196,72.043,116.55,80.36,-0.13,0.1,0.0,72.37,72.44,72.19,71.95,-0.3999939,72.32,-0.01938009,-0.03978014,0.0,6.0,3.0,2297.0,85.0,0.0,0.009979248,0.0,14.0,7.5,11.5,1.7901577635514123,-0.8944911324724883,70.32386736334061,-33.86456417240954,2.034181243199391
138.0,66042.7,52.5679311,-1.5146932,71.906,116.515,80.35,-0.13,0.1,0.0,72.20999,72.12,71.97,71.81999,-0.2999877999999999,72.24,-0.01938009,-0.01938009,0.0,6.0,3.0,2293.0,85.0,0.0,0.009979248,0.0,14.0,7.5,14.0,1.7872985652802027,-0.8916984983749384,72.1111659286208,-34.75626267078447,2.033570377961193
138.0,66042.8,52.567923,-1.5146668,71.968,116.488,80.34,-0.12,0.1,0.0,72.14999,72.12,72.11,71.75999,-0.3999939,72.16,-0.01938009,-0.02958012,0.0,6.0,3.0,2258.0,86.0,0.0,0.009979248,0.0,14.0,7.5,15.5,1.7892600065885433,-0.8916242837600757,73.90042593520936,-35.647886954544546,2.0330991390631548
138.0,66042.9,52.567915,-1.5146404,71.91,116.433,80.33,-0.12,0.1,0.0,72.23,72.23,72.14999,71.8,-0.1000061,72.18,-0.009180069,-0.03978014,0.0,6.0,3.0,2129.0,85.0,0.0,0.009979248,0.0,14.0,7.5,15.5,1.7886724016157285,-0.8891891191969354,75.68909833682508,-36.53707607374148,2.032139207974558
138.0,66043.0,52.567907,-1.5146141,71.881,116.673,80.32,-0.11,0.1,0.0,72.31,72.36,72.11,71.75999,0.5,72.17,0.0,-0.03978014,0.0,6.0,3.0,1963.0,85.0,0.0,0.009979248,0.0,14.0,7.5,16.5,1.7842122630970518,-0.8963120576503508,77.47331059992213,-37.43338813139183,2.036327998179344
138.0,66043.1,52.5678989,-1.5145878000000002,71.777,116.622,80.31,-0.12,0.1,0.0,72.12999,72.01999,72.17,71.89999,0.6000061,72.3,0.0,-0.009180069,0.0,6.0,3.0,1826.0,86.0,0.0,0.009979248,0.0,14.0,7.5,17.5,1.7824267642193903,-0.8934290254735358,79.25573736414152,-38.32681715686537,2.035437880260827
138.0,66043.2,52.5678908,-1.5145615,71.986,116.669,80.29,-0.11,0.1,0.0,72.19,72.12999,72.37999,72.17,0.6000061,72.16,0.0,0.0,0.0,6.0,3.0,1813.0,86.0,0.0,0.009979248,0.0,14.0,7.5,17.5,1.7868812083591488,-0.8974965977049506,81.04261857250067,-39.22431375457032,2.0362581850092645
138.0,66043.3,52.567882700000006,-1.514535,72.31,116.761,80.28,-0.11,0.1,0.0,72.44,72.41,72.09,71.95999,0.8999939,72.41,0.0,0.009180069,0.0,6.0,3.0,1830.0,86.0,0.0,0.009979248,0.0,14.0,7.5,17.5,1.7934738251652431,-0.9044170686835603,82.83609239766591,-40.128730823253875,2.037863887921099
138.0,66043.4,52.5678746,-1.5145088000000002,71.762,116.53,80.25,-0.13,0.1,0.0,72.45,72.42999,72.11,71.91,1.0,72.48,0.0,0.009180069,0.0,6.0,3.0,1838.0,85.0,0.0,0.009979248,0.0,14.0,7.5,11.0,1.7834862554709034,-0.8903797161279301,84.61957865313681,-41.019110539381806,2.0338321773489922
138.0,66043.5,52.5678666,-1.5144824,72.01100000000001,116.445,80.23,-0.13,0.1,0.0,72.39999,72.45999,72.28,72.14,0.8000183000000001,72.4,0.0,0.01937985,0.0,6.0,3.0,1828.0,86.0,0.0,0.009979248,0.0,14.0,7.5,4.5,1.790998119639719,-0.8908131403573993,86.41057677277654,-41.90992367973921,2.0323486474847967
138.0,66043.6,52.56785850000001,-1.5144558,72.29899999999999,116.326,80.21,-0.13,0.1,0.0,72.36,72.50999,72.36,72.23,0.8999939,72.42,0.0,0.009180069,0.0,6.0,3.0,1819.0,86.0,0.0,-0.2200012,0.0,14.1,7.5,1.5,1.8000147046940922,-0.8906392464743219,88.21059147747063,-42.80056292621353,2.0302717056749238
138.0,66043.7,52.5678505,-1.5144293,72.176,116.268,80.2,-0.12,0.1,0.0,72.37999,72.48,72.08,72.09999,0.8000183000000001,72.52,-0.009180069,0.01937985,0.0,6.0,3.0,1817.0,86.0,0.0,0.009979248,0.0,14.0,7.5,1.5,1.7978515280299643,-0.8873045361939984,90.0084430055006,-43.68786746240753,2.029259414708767
138.0,66043.8,52.5678425,-1.5144029,71.99600000000001,116.223,80.18,-0.12,0.1,0.0,72.36,72.39,72.22,72.05,0.6000061,72.35,-0.009180069,0.009180069,0.0,6.0,3.0,1828.0,86.0,0.0,0.009979248,0.0,14.0,7.5,1.5,1.794062455480956,-0.8836829033849636,91.80250546098155,-44.5715503657925,2.0284740165453696
138.0,66043.9,52.5678346,-1.5143763,72.223,116.055,80.17,-0.11,0.1,0.0,72.31,72.28,72.11,72.09,0.7000122,72.28,-0.009180069,0.0,0.0,6.0,3.0,1830.0,86.0,0.0,0.009979248,0.0,14.1,7.5,1.5,1.8023105728957682,-0.881188258970738,93.60481603387731,-45.452738624763235,2.0255418634020192
138.0,66044.0,52.5678267,-1.5143498999999998,71.96,116.003,80.15,-0.11,0.1,0.0,72.17,72.08,72.37999,72.17999,0.8999939,72.1,-0.009180069,0.009180069,0.0,6.0,3.0,1829.0,86.0,0.0,-0.2200012,0.0,14.0,7.5,5.0,1.7965435494684419,-0.8763492825276853,95.40135958334575,-46.32908790729092,2.024634292190982
138.0,66044.1,52.567818800000005,-1.5143232,72.252,115.778,80.14,-0.1,0.1,0.0,72.28,72.17999,72.14,72.03,0.3000183,72.18999000000001,-0.02958012,0.009180069,0.0,6.0,3.0,1820.0,86.0,0.0,0.009979248,0.0,14.0,7.5,9.0,1.8072750443006578,-0.872814936998706,97.2086346276464,-47.20190284428963,2.020707301373995
138.0,66044.2,52.567811000000006,-1.5142967,71.975,115.751,80.11,-0.13,0.1,0.0,72.08,72.16,71.95,71.92999,0.6000061,72.09,-0.02958012,0.0,0.0,6.0,3.0,1834.0,86.0,0.0,0.009979248,0.0,14.0,7.5,12.5,1.8007558337477871,-0.8686202459640349,99.00939046139419,-48.07052309025366,2.0202360624759566
138.0,66044.3,52.5678032,-1.5142702,71.734,115.723,80.1,-0.13,0.1,0.0,72.09,72.03,72.16,71.91,0.6000061,72.12,-0.01938009,0.0,0.0,6.0,3.0,1843.0,86.0,0.0,0.009979248,0.0,14.0,7.5,13.5,1.795149062441639,-0.8648345990640989,100.80453952383583,-48.935357689317755,2.019747370285398
138.0,66044.4,52.5677954,-1.5142436,71.942,115.72,80.08,-0.14,0.1,0.0,72.14999,72.19,71.87999,71.81999,0.3999939,72.31,-0.009180069,0.0,0.0,6.0,3.0,1826.0,86.0,0.0,0.009979248,0.0,14.0,7.5,14.0,1.8003996904728354,-0.8672480070774949,102.60493921430866,-49.80260569639525,2.019695010407838
138.0,66044.5,52.5677876,-1.5142172,71.69800000000001,115.712,80.05,-0.14,0.1,0.0,72.09,72.17,72.06,71.76999,0.2000122,72.12,0.0,0.0,0.0,6.0,3.0,1794.0,86.0,0.0,0.009979248,0.0,14.0,7.5,14.5,1.7944140795045957,-0.8640560914529275,104.39935329381325,-50.66666178784818,2.0195553840676785
138.0,66044.6,52.567779900000005,-1.5141905999999998,71.946,115.561,80.03,-0.14,0.1,0.0,72.12,72.23999,72.09,71.84999,0.2000122,72.15,-0.009180069,0.009180069,0.0,6.0,3.0,1791.0,86.0,0.0,-0.2200012,0.0,14.0,7.5,15.0,1.8028996681610978,-0.8622963739600226,106.20225296197435,-51.5289581618082,2.016919936897167
138.0,66044.7,52.5677721,-1.514164,71.946,115.528,80.02,-0.14,0.1,0.0,72.17,72.25,71.98999,71.84,0.0,72.18,0.0,0.0,0.0,6.0,3.0,1791.0,86.0,0.0,-0.2200012,0.0,14.0,7.5,16.0,1.8033960161553322,-0.8612578353286994,108.00564897812968,-52.3902159971369,2.0163439782440093
138.0,66044.8,52.5677645,-1.5141375,71.64399999999999,115.456,80.01,-0.13,0.1,0.0,72.16,72.22,72.05,71.92999,0.2000122,72.22,0.0,0.0,0.0,6.0,3.0,1788.0,86.0,0.0,0.009979248,0.0,14.0,7.5,17.5,1.796902421610961,-0.855385247579455,109.80255139974065,-53.245601244716354,2.015087341182573
138.0,66044.9,52.5677567,-1.5141109,71.957,115.497,79.99,-0.13,0.1,0.0,72.16,72.2,72.06,71.84,0.3000183,72.21,0.0,-0.01938009,0.0,6.0,3.0,1795.0,86.0,0.0,-0.2200012,0.0,14.0,7.5,19.0,1.8041375343402153,-0.8604135087878163,111.60668893408086,-54.10601475350417,2.015802926175891
138.0,66045.0,52.567749,-1.5140842,71.928,115.419,79.98,-0.13,0.1,0.0,72.25,72.16,72.17999,71.98,0.0,72.29,0.009180069,-0.01938009,0.0,6.0,3.0,1793.0,86.0,0.0,-0.2200012,0.0,14.0,7.5,19.0,1.8045796198354997,-0.8576108649465466,113.41126855391636,-54.96362561845071,2.0144415693593354
138.0,66045.1,52.5677413,-1.5140576,72.079,115.469,79.97,-0.12,0.1,0.0,72.5,72.41,72.17,72.03,-0.1000061,72.39,0.009180069,-0.02958012,0.0,6.0,3.0,1804.0,85.0,0.0,0.009979248,0.0,14.0,7.5,19.5,1.8076173464176533,-0.8609890372671418,115.21888590033402,-55.82461465571785,2.0153142339853325
138.0,66045.2,52.5677336,-1.5140309,71.99600000000001,115.391,79.95,-0.13,0.1,0.0,72.62,72.5,72.33,72.2,-0.1000061,72.52,0.009180069,-0.01938009,0.0,6.0,3.0,1805.0,86.0,0.0,0.009979248,0.0,14.0,7.5,20.0,1.8067049393103514,-0.8575388213794263,117.02559083964437,-56.68215347709728,2.013952877168777
138.0,66045.3,52.5677258,-1.5140042,72.166,115.456,79.93,-0.13,0.1,0.0,72.62999,72.53,72.53999,72.31,-0.2999877999999999,72.6,0.01937985,-0.02958012,0.0,6.0,3.0,1804.0,86.0,0.0,0.009979248,0.0,14.0,7.5,20.0,1.8099946982018957,-0.8616176061752407,118.83558553784626,-57.543771083272524,2.015087341182573
138.0,66045.4,52.5677181,-1.5139775,72.18,115.447,79.92,-0.13,0.1,0.0,72.72,72.62999,72.61,72.37999,-0.5,72.71,0.01937985,-0.02958012,0.0,6.0,3.0,1812.0,86.0,0.0,0.009979248,0.0,14.0,7.5,20.5,1.810481178555187,-0.8615003784662085,120.64606671640145,-58.405271461738735,2.014930261549894
138.0,66045.5,52.5677103,-1.5139507,72.403,115.448,79.91,-0.12,0.1,0.0,72.84,72.73999,72.78999,72.47,-0.6000061,72.8,0.01937985,-0.02958012,0.0,6.0,3.0,1823.0,86.0,0.0,0.009979248,0.0,14.0,7.5,20.5,1.8160595746487491,-0.8641936789231933,122.4621262910502,-59.26946514066193,2.0149477148424135
138.0,66045.6,52.5677026,-1.5139238999999998,72.493,115.411,79.9,-0.12,0.1,0.0,73.0,72.92,72.91,72.58,-0.6999816999999999,72.88,0.01937985,-0.03978014,0.0,6.0,3.0,1830.0,86.0,0.0,0.009979248,0.0,14.0,7.5,20.5,1.818875400186383,-0.8640935100920761,124.28100169123658,-60.133558650754004,2.0143019430191758
138.0,66045.7,52.5676948,-1.5138969999999998,72.64399999999999,115.497,79.89,-0.12,0.1,0.0,73.06999,73.08,72.86,72.64999,-0.5,73.04,0.01937985,-0.03978014,0.0,6.0,3.0,1845.0,86.0,0.0,0.009979248,0.0,14.0,7.5,20.5,1.821362300326731,-0.8686281936765309,126.10236399156331,-61.00218684443053,2.015802926175891
138.0,66045.8,52.5676869,-1.5138701,72.734,115.573,79.87,-0.13,0.1,0.0,73.23999,73.26999,72.95999,72.8,-0.2999877999999999,73.26,0.01937985,-0.04997993,0.0,6.0,3.0,1855.0,85.0,0.0,0.009979248,0.0,14.0,7.5,21.0,1.8224635963845683,-0.8721225270560922,127.92482758794787,-61.874309371486625,2.0171293764074063
138.0,66045.9,52.567679,-1.5138432000000002,72.788,115.672,79.86,-0.12,0.1,0.0,73.39999,73.31,73.03999,72.78999,-0.5,73.36,0.01937985,-0.04997993,0.0,6.0,3.0,1862.0,86.0,0.0,-0.2200012,0.0,14.0,7.5,21.5,1.8223058903131932,-0.8759200426649598,129.74713347826108,-62.75022941415158,2.018857252366881
138.0,66046.0,52.5676711,-1.5138163999999998,72.85,115.828,79.84,-0.13,0.1,0.0,73.48,73.47,73.25999,73.06999,-0.2999877999999999,73.47,0.01937985,-0.03978014,0.0,6.0,3.0,1874.0,86.0,0.0,0.009979248,0.0,14.0,7.5,22.5,1.8214644417946784,-0.8816287292789101,131.56859792005577,-63.63185814343049,2.021579965999992
138.0,66046.1,52.5676632,-1.5137894,73.012,115.885,79.84,-0.11,0.1,0.0,73.56,73.53,73.5,73.22,-0.2999877999999999,73.46,0.02957988,-0.03978014,0.0,6.0,3.0,1880.0,85.0,0.0,0.009979248,0.0,14.0,7.5,22.5,1.8246349875734351,-0.885404902366842,133.3932329076292,-64.51726304579734,2.022574803673629
138.0,66046.2,52.5676552,-1.5137624,73.238,115.857,79.84,-0.1,0.1,0.0,73.67999,73.59,73.56999,73.31999,-0.5,73.6,0.02957988,-0.04997993,0.0,6.0,3.0,1896.0,86.0,0.0,0.009979248,0.0,14.0,7.5,22.5,1.8307167403381635,-0.8872510174016015,135.22394964796737,-65.40451406319893,2.02208611148307
138.0,66046.3,52.5676472,-1.5137354,73.271,116.074,79.83,-0.09,0.1,0.0,73.78,73.64,73.73999,73.44,-0.2999877999999999,73.65,0.0397799,-0.04997993,0.0,6.0,3.0,1899.0,86.0,0.0,0.009979248,0.0,14.0,7.5,22.5,1.8281666502441256,-0.8945811329390324,137.0521162982115,-66.29909519613797,2.025873475959898
138.0,66046.4,52.5676391,-1.5137083,73.562,115.987,79.82,-0.1,0.1,0.0,73.95999,73.84999,73.89999,73.67999,-0.2999877999999999,73.86,0.02957988,-0.01938009,0.0,6.0,3.0,1901.0,85.0,0.0,0.009979248,0.0,14.0,7.5,22.5,1.8367889624479699,-0.8953459994124495,138.88890526065947,-67.19444119555043,2.024355039510663
138.0,66046.5,52.567631000000006,-1.5136812,73.732,115.929,79.8,-0.11,0.1,0.0,74.23999,74.16,73.8,73.48999,-0.6000061,74.15,0.01937985,-0.02958012,0.0,6.0,3.0,1898.0,86.0,0.0,0.009979248,0.0,14.0,7.5,22.5,1.8419412390271004,-0.8955510010200988,140.73084649968658,-68.08999219657052,2.0233427485445064
138.0,66046.6,52.567623000000005,-1.5136542000000002,73.447,116.142,79.79,-0.11,0.1,0.0,74.31999,74.34,73.98999,73.61,-0.3999939,74.27,0.01937985,-0.03978014,0.0,6.0,3.0,1916.0,86.0,0.0,0.009979248,0.0,14.0,7.5,23.0,1.8314924319280814,-0.8989042456970261,142.56233893161465,-68.98889644226755,2.027060299851254
138.0,66046.7,52.5676149,-1.5136271,73.685,116.136,79.78,-0.1,0.1,0.0,74.25,74.31999,74.17999,74.03,-0.1999817,74.29,0.02957988,-0.02958012,0.0,6.0,3.0,1911.0,86.0,0.0,0.009979248,0.0,14.0,7.5,23.0,1.8375216863744086,-0.9016246637913339,144.39986061798905,-69.89052110605888,2.0269555800961343
138.0,66046.8,52.567606700000006,-1.5135997,74.167,116.192,79.79,-0.08,0.1,0.0,74.5,74.42,74.34999,74.16,-0.1999817,74.33,0.02957988,-0.02958012,0.0,6.0,3.0,1901.0,86.0,0.0,0.009979248,0.0,14.0,7.5,18.0,1.848653692845173,-0.9093297932266705,146.24851431083422,-70.79985089928556,2.0279329644772512
138.0,66046.9,52.5675986,-1.5135724,74.26100000000001,116.112,79.78,-0.07,0.1,0.0,74.64999,74.62999,74.48,74.14999,-0.1999817,74.61,0.01937985,-0.01938009,0.0,6.0,3.0,1889.0,86.0,0.0,0.009979248,0.0,14.0,7.5,18.0,1.852266163460671,-0.9078969213129604,148.1007804742949,-71.70774782059851,2.026536701075656
138.0,66047.0,52.5675903,-1.5135452,74.22800000000001,116.343,79.76,-0.1,0.1,0.0,74.70999,74.66,74.50999,74.33,0.0,74.68999000000001,0.01937985,-0.01938009,0.0,6.0,3.0,1886.0,86.0,0.0,0.009979248,0.0,14.0,7.5,18.0,1.8477692675897743,-0.9149505581583122,149.94854974188468,-72.62269837875682,2.0305684116477627
138.0,66047.1,52.5675821,-1.5135179,74.23899999999999,116.259,79.76,-0.09,0.1,0.0,74.78,74.69,74.67,74.53,0.2000122,74.63,0.009180069,0.0,0.0,6.0,3.0,1896.0,86.0,0.0,0.009979248,0.0,14.0,7.5,18.0,1.8493826921246197,-0.9123757914189876,151.79793243400928,-73.5350741701758,2.0291023350760877
138.0,66047.2,52.5675739,-1.5134905,74.444,116.339,79.76,-0.07,0.1,0.0,74.75999,74.78,74.62,74.36,0.1000061,74.71,0.0,-0.009180069,0.0,6.0,3.0,1918.0,86.0,0.0,0.009979248,0.0,14.0,7.5,18.0,1.853210246488146,-0.9174836451411376,153.65114268049743,-74.45255781531694,2.030498598477683
138.0,66047.3,52.5675657,-1.5134630999999998,74.509,116.123,79.74,-0.09,0.1,0.0,74.83,74.86,74.67999,74.44,0.0,74.71,0.0,0.0,0.0,6.0,3.0,1927.0,86.0,0.0,0.009979248,0.0,14.0,7.5,18.0,1.8582770207220638,-0.911285689353525,155.50941970121949,-75.36384350467046,2.0267286872933754
138.0,66047.4,52.5675575,-1.5134357,74.473,116.162,79.73,-0.08,0.1,0.0,74.81999,74.84999,74.78999,74.45999,0.2000122,74.73,0.0,-0.009180069,0.0,6.0,3.0,1940.0,86.0,0.0,-0.2200012,0.0,14.0,7.5,18.0,1.8567587467960476,-0.9121094565191611,157.36617844801555,-76.27595296118962,2.027409365701653
138.0,66047.5,52.5675494,-1.5134082999999998,74.57,116.083,79.73,-0.07,0.1,0.0,74.91,74.95,74.67,74.59,0.1000061,74.91,0.0,-0.009180069,0.0,6.0,3.0,1950.0,86.0,0.0,0.009979248,0.0,14.0,7.5,18.0,1.8604346441977093,-0.9107331462515718,159.22661309221326,-77.18668610744119,2.0260305555925777
138.0,66047.6,52.5675412,-1.5133809000000005,74.498,116.094,79.7,-0.09,0.1,0.0,74.97,74.92999,74.76999,74.69,0.2000122,74.98,0.0,0.0,0.0,6.0,3.0,1954.0,86.0,0.0,0.009979248,0.0,14.0,7.5,18.0,1.8584636144177578,-0.9102106170233754,161.085076706631,-78.09689672446457,2.026222541810297
138.0,66047.7,52.567533000000005,-1.5133535,74.567,116.142,79.69,-0.09,0.1,0.0,75.01999,75.01999,74.81,74.70999,0.3000183,74.96,0.0,0.0,0.0,6.0,3.0,1947.0,86.0,0.0,0.009979248,0.0,14.0,7.5,18.0,1.8594210270205889,-0.9126117185030038,162.94449773365162,-79.00950844296757,2.027060299851254
138.0,66047.8,52.5675248,-1.513326,74.596,116.002,79.69,-0.09,0.1,0.0,75.06,75.00999,75.09,74.73999,0.0,74.98,0.0,-0.009180069,0.0,6.0,3.0,1945.0,86.0,0.0,0.009979248,0.0,14.0,7.5,18.0,1.8623694212758704,-0.9084187335621738,164.8068671549275,-79.91792717652974,2.0246168388984622
138.0,66047.9,52.5675166,-1.5132985,74.804,116.068,79.68,-0.09,0.1,0.0,75.09,75.09,75.03999,74.89999,0.2000122,75.11,0.009180069,-0.01938009,0.0,6.0,3.0,1938.0,86.0,0.0,0.009979248,0.0,14.0,7.5,18.0,1.8665117852555047,-0.9131023984582511,166.673378940183,-80.831029574988,2.0257687562047786
138.0,66048.0,52.5675084,-1.513271,74.592,116.068,79.68,-0.07,0.1,0.0,75.14,75.20999,74.98,74.83,0.1000061,75.1,0.0,-0.01938009,0.0,6.0,3.0,1935.0,86.0,0.0,0.009979248,0.0,14.1,7.5,18.0,1.8612219545181887,-0.9105145995641659,168.53460089470119,-81.74154417455216,2.0257687562047786
138.0,66048.1,52.567500200000005,-1.5132435,74.75399999999999,116.081,79.67,-0.07,0.1,0.0,75.2,75.23,74.94,74.62999,0.1000061,75.25,0.0,-0.009180069,0.0,6.0,3.0,1937.0,86.0,0.0,0.009979248,0.0,14.1,7.5,18.0,1.865057097773146,-0.9129152600575856,170.39965799247432,-82.65445943460975,2.025995649007538
138.0,66048.2,52.567492,-1.5132161000000002,74.578,116.175,79.67,-0.06,0.1,0.0,75.22,75.2,75.06,74.73,0.1000061,75.16,0.0,-0.009180069,0.0,6.0,3.0,1933.0,86.0,0.0,0.009979248,0.0,14.1,7.5,11.5,1.8591693131388038,-0.9138173016320063,172.25882730561312,-83.56827673624176,2.0276362585044123
138.0,66048.3,52.5674838,-1.5131884999999998,74.844,116.052,79.68,-0.03,0.1,0.0,75.12999,75.12,75.08,74.91,0.0,75.11,0.009180069,0.0,0.0,6.0,3.0,1906.0,86.0,0.0,0.009979248,0.0,14.0,7.5,0.5,1.8677649163484382,-0.9130691196497186,174.12659222196157,-84.48134585589148,2.0254895035244593
138.0,66048.4,52.5674756,-1.5131609,74.999,116.093,79.68,-0.03,0.1,0.0,75.08,75.08,75.0,74.87999,0.2000122,75.13,0.0,0.0,0.0,6.0,3.0,1880.0,86.0,0.0,0.009979248,0.0,14.0,7.5,0.0,1.8709777986457816,-0.916299140446626,175.99757002060736,-85.3976449963381,2.026205088517777
138.0,66048.5,52.5674673,-1.5131333,75.1,116.238,79.66,-0.04,0.1,0.0,75.14,75.09,75.09999,74.81999,0.1000061,75.1,0.0,0.0,0.0,6.0,3.0,1864.0,86.0,0.0,0.009979248,0.0,14.0,7.5,0.0,1.8711693924878585,-0.9222714744140431,177.86873941309523,-86.31991647075215,2.0287358159331688
138.0,66048.6,52.5674592,-1.5131057,74.851,115.737,79.66,-0.04,0.1,0.0,75.12999,75.06999,75.0,74.72,0.0,75.17,-0.01938009,0.0,0.0,6.0,3.0,1889.0,86.0,0.0,0.009979248,0.0,14.0,7.5,0.0,1.872931678513087,-0.9028712341362928,179.7416710916083,-87.22278770488845,2.019991716380677
138.0,66048.7,52.567451000000005,-1.5130781,74.855,115.887,79.63,-0.06,0.1,0.0,75.06999,75.05,74.89,74.75999,-0.1000061,75.08,-0.01938009,0.0,0.0,6.0,3.0,1936.0,86.0,0.0,0.009979248,0.0,14.0,7.5,0.0,1.8706615132912643,-0.907819968966885,181.61233260489956,-88.13060767385534,2.022609710258669
138.0,66048.8,52.5674428,-1.5130506,74.822,115.932,79.62,-0.07,0.1,0.0,75.09,75.06,74.94,74.75999,0.0,75.04,-0.02958012,-0.01938009,0.0,6.0,3.0,1964.0,86.0,0.0,0.009979248,0.0,14.1,7.5,0.0,1.869123565393588,-0.9088880408208436,183.48145617029314,-89.03949571467618,2.0233951084220663
138.0,66048.9,52.5674346,-1.5130231,74.60300000000001,115.957,79.61,-0.06,0.1,0.0,74.84,74.92,74.7,74.45999,0.3000183,75.01,-0.02958012,-0.01938009,0.0,6.0,3.0,1985.0,86.0,0.0,0.009979248,0.0,14.0,7.5,0.0,1.8632571466367462,-0.9070408596604186,185.3447133169299,-89.94653657433659,2.023831440735065
138.0,66049.0,52.5674265,-1.5129957,74.398,115.936,79.6,-0.06,0.1,0.0,74.58,74.62999,74.73,74.67,0.3000183,74.68,-0.01938009,0.0,0.0,6.0,3.0,1995.0,86.0,0.0,-0.4599915,0.0,14.1,7.5,0.0,1.858468551374491,-0.9038673177629015,187.2031818683044,-90.8504038920995,2.023464921592146
138.0,66049.1,52.5674184,-1.5129682,74.57,115.859,79.61,-0.04,0.1,0.0,74.59999,74.62,74.62,74.34999,0.0,74.62,-0.02958012,-0.009180069,0.0,6.0,3.0,1969.0,86.0,0.0,0.009979248,0.0,14.1,7.5,0.0,1.863980962664234,-0.9034527656926287,189.06716283096864,-91.75385665779213,2.0221210180681104
138.0,66049.2,52.5674103,-1.5129408,74.441,115.922,79.6,-0.05,0.1,0.0,74.64999,74.62,74.41,74.16,-0.1000061,74.61,-0.03978014,0.0,0.0,6.0,3.0,1900.0,86.0,0.0,0.009979248,0.0,14.0,7.5,0.0,1.8597636237223822,-0.9039353292495064,190.92692645469103,-92.65779198704163,2.023220575496867
138.0,66049.3,52.5674022,-1.5129135,74.074,116.037,79.58,-0.06,0.1,0.0,74.55,74.41,74.36,74.06,-0.1999817,74.45,-0.02958012,0.0,0.0,6.0,3.0,1823.0,86.0,0.0,0.009979248,0.0,14.0,7.5,0.0,1.848785746224802,-0.9031914244078623,192.77571220091582,-93.5609834114495,2.02522770413666
138.0,66049.4,52.5673942,-1.5128862,74.07,115.867,79.58,-0.05,0.1,0.0,74.22,74.14999,74.37,74.23,0.0,74.28,-0.03978014,-0.009180069,0.0,6.0,3.0,1794.0,86.0,0.0,0.009979248,0.0,14.0,7.5,0.0,1.8513574485597932,-0.897653523171481,194.6270696494756,-94.45863693462098,2.02226064440827
138.0,66049.5,52.5673861,-1.5128589,74.03,115.869,79.58,-0.04,0.1,0.0,74.03,74.08,74.05,73.98999,0.0,74.08,-0.04997993,0.0,0.0,6.0,3.0,1823.0,86.0,0.0,0.009979248,0.0,14.0,7.5,0.0,1.8503263423241927,-0.8972333527276247,196.4773959917998,-95.35587028734861,2.02229555099331
138.0,66049.6,52.567378,-1.5128317,73.714,116.098,79.59,-0.03,0.1,0.0,73.89,73.91,73.87999,73.62999,0.0,73.89,-0.04997993,0.0,0.0,6.0,3.0,1835.0,86.0,0.0,0.009979248,0.0,14.1,7.5,0.0,1.8388426857925024,-0.9007601452401712,198.3162386775923,-96.25663043258878,2.026292354980377
138.0,66049.7,52.56737,-1.5128046,73.634,115.883,79.59,-0.03,0.1,0.0,73.67999,73.73999,73.70999,73.47,0.1000061,73.73,-0.04997993,0.0,0.0,6.0,3.0,1825.0,86.0,0.0,0.009979248,0.0,14.1,7.5,0.0,1.8402104908715762,-0.8928835624404317,200.1564491684639,-97.14951399502921,2.022539897088589
138.0,66049.8,52.5673621,-1.5127775,73.372,115.695,79.59,-0.02,0.1,0.0,73.42,73.53999,73.33,73.28,0.8999939,73.59,-0.04997993,0.009180069,0.0,6.0,3.0,1826.0,86.0,0.0,-0.2200012,0.0,14.1,7.5,0.0,1.8365722121919381,-0.8836851309369073,201.99302138065582,-98.03319912596612,2.0192586780948396
138.0,66049.9,52.5673541,-1.5127505,73.264,116.094,79.58,-0.02,0.1,0.0,73.3,73.28999,73.16,73.09999,1.0,73.31,-0.04997993,0.01937985,0.0,6.0,3.0,1815.0,86.0,0.0,0.009979248,0.0,14.1,7.5,0.0,1.8276796457180406,-0.8951337035303037,203.82070102637385,-98.92833282949643,2.026222541810297
138.0,66050.0,52.5673462,-1.5127235,73.166,115.683,79.59,-0.02,0.1,0.0,73.17,73.17999,73.09,72.95999,0.7000122,73.18,-0.04997993,0.01937985,0.0,6.0,3.0,1793.0,86.0,0.0,0.009979248,0.0,14.1,7.5,0.0,1.8316003514887182,-0.8808204970965516,205.65230137786259,-99.80915332659298,2.0190492385846004
138.0,66050.1,52.5673383,-1.5126965999999995,73.02199999999999,115.65,79.58,-0.03,0.1,0.0,73.12,73.09999,72.84,72.64999,0.5,73.12,-0.05915999,0.01937985,0.0,6.0,3.0,1770.0,86.0,0.0,0.009979248,0.0,14.0,7.5,0.0,1.828501543382511,-0.8780339346606573,207.4808029212451,-100.68718726125364,2.018473279931442
138.0,66050.2,52.5673306,-1.5126698,72.551,115.556,79.57,-0.04,0.1,0.0,72.83,72.8,72.78999,72.61,0.5,72.92,-0.04997993,0.009180069,0.0,6.0,3.0,1752.0,86.0,0.0,0.009979248,0.0,14.0,7.5,2.0,1.8181362793915274,-0.8693888381003178,209.29893920063662,-101.55657609935396,2.0168326704345674
138.0,66050.3,52.56732280000001,-1.5126429,72.634,115.408,79.57,-0.03,0.1,0.0,72.69,72.66,72.73,72.64999,0.5,72.7,-0.04997993,0.0,0.0,6.0,3.0,1800.0,86.0,0.0,0.009979248,0.0,14.0,7.5,4.5,1.8224584701476854,-0.8656787627439931,211.12139767078432,-102.42225486209796,2.014249583141616
138.0,66050.4,52.5673151,-1.512616,72.547,115.387,79.57,-0.02,0.1,0.0,72.62999,72.67999,72.55,72.42,0.8000183000000001,72.62,-0.04997993,0.0,0.0,6.0,3.0,1826.0,86.0,0.0,0.009979248,0.0,14.0,7.5,8.0,1.8205923401371622,-0.8639746408047201,212.94199001092147,-103.28622950290267,2.013883063998697
138.0,66050.5,52.5673073,-1.5125893,72.173,115.465,79.56,-0.03,0.1,0.0,72.53,72.62999,72.37,72.25999,0.8000183000000001,72.59,-0.02958012,0.0,0.0,6.0,3.0,1799.0,86.0,0.0,0.009979248,0.0,14.0,7.5,10.5,1.8100348870927097,-0.8619855121135747,214.75202489801418,-104.14821501501625,2.0152444208152525
138.0,66050.6,52.5672997,-1.5125626,72.065,115.347,79.56,-0.02,0.1,0.0,72.42999,72.41,72.36,72.14,0.3999939,72.43999000000001,-0.02958012,0.0,0.0,6.0,3.0,1810.0,86.0,0.0,-0.2200012,0.0,14.1,7.5,12.5,1.8090951014328185,-0.8569716426025238,216.56111999944702,-105.00518665761876,2.013184932297899
138.0,66050.7,52.567292,-1.5125359,72.148,115.182,79.56,-0.01,0.1,0.0,72.26999,72.33,72.23,72.06999,0.3000183,72.37,-0.01938009,0.0,0.0,6.0,3.0,1797.0,86.0,0.0,0.009979248,0.0,14.1,7.5,13.5,1.8136419349216646,-0.8527392787790492,218.37476193436868,-105.85792593639782,2.0103051390321087
138.0,66050.8,52.5672844,-1.5125091,72.061,115.176,79.56,-0.01,0.1,0.0,72.23,72.22,72.09999,71.94,0.3000183,72.37,-0.009180069,0.0,0.0,6.0,3.0,1797.0,86.0,0.0,0.009979248,0.0,14.0,7.5,14.5,1.8115441274280766,-0.851521299381643,220.18630606179676,-106.70944723577946,2.010200419276989
138.0,66050.9,52.5672769,-1.5124825,71.683,114.86,79.56,-0.01,0.1,0.0,72.26999,72.25,72.08,71.92999,0.3000183,72.23,-0.009180069,-0.009180069,0.0,6.0,3.0,1803.0,86.0,0.0,0.009979248,0.0,14.1,7.5,15.5,1.806685850545993,-0.8371030719232389,221.99299191234275,-107.5465503077027,2.004685178840687
138.0,66051.0,52.5672693,-1.5124558,71.874,114.903,79.55,-0.02,0.1,0.0,72.25,72.22,72.11,71.92999,0.3999939,72.28,-0.009180069,-0.009180069,0.0,6.0,3.0,1801.0,86.0,0.0,-0.2200012,0.0,14.0,7.5,16.0,1.8108693584421394,-0.840692819438441,223.8038612707849,-108.38724312714115,2.0054356704190446
138.0,66051.1,52.5672617,-1.5124292,71.762,115.132,79.56,-0.01,0.1,0.0,72.23,72.22,72.05,71.89999,0.5,72.24,0.0,-0.009180069,0.0,6.0,3.0,1793.0,86.0,0.0,-0.2200012,0.0,14.1,7.5,16.0,1.8046782315448224,-0.8466024704274914,225.6085395023297,-109.23384559756863,2.0094324744061116
138.0,66051.2,52.5672542,-1.5124025,71.73,114.867,79.56,-0.01,0.1,0.0,72.25999,72.14999,72.16,71.95999,-0.2999877999999999,72.21,0.0,-0.02958012,0.0,6.0,3.0,1789.0,86.0,0.0,0.009979248,0.0,14.1,7.5,16.0,1.8077680783809988,-0.83787279749773,227.4163075807107,-110.07171839506636,2.0048073518883265
138.0,66051.3,52.567246700000005,-1.5123757,71.827,114.723,79.56,-0.0,0.1,0.0,72.28,72.09999,72.16,71.84999,-0.8999939,72.2,0.0,-0.04997993,0.0,6.0,3.0,1790.0,86.0,0.0,0.009979248,0.0,14.1,7.5,16.0,1.8123156434028094,-0.8344536415040897,229.2286232241135,-110.90617203657044,2.0022940777654545
138.0,66051.4,52.5672393,-1.5123492,71.399,114.575,79.55,-0.01,0.1,0.0,72.28,72.03999,72.25999,71.89999,-1.100006,72.18999000000001,0.0,-0.05915999,0.0,6.0,3.0,1789.0,86.0,0.0,0.009979248,0.0,14.1,7.5,16.0,1.8036530959096417,-0.8248250943764361,231.03227632002316,-111.73099713094688,1.9997109904725032
138.0,66051.5,52.5672318,-1.5123223999999995,71.788,114.693,79.54,-0.02,0.1,0.0,72.28999,72.23,72.25,71.95999,-1.0,72.25,0.0,-0.05915999,0.0,6.0,3.0,1792.0,86.0,0.0,0.009979248,0.0,14.1,7.5,16.0,1.811768041368114,-0.8330520318287071,232.84404436139127,-112.56404916277558,2.0017704789898563
138.0,66051.6,52.5672241,-1.5122958,71.78,115.104,79.54,-0.03,0.1,0.0,72.39,72.28,72.17,71.89,-0.6000061,72.29,0.0,-0.04997993,0.0,6.0,3.0,1793.0,86.0,0.0,0.009979248,0.0,14.0,7.5,16.0,1.8055445136385342,-0.8459325685327155,234.6495888750298,-113.40998173130829,2.008943782215553
138.0,66051.7,52.5672164,-1.5122692,71.795,115.431,79.54,-0.02,0.1,0.0,72.3,72.34999,72.25999,71.89999,-0.6999816999999999,72.3,0.0,-0.04997993,0.0,6.0,3.0,1790.0,86.0,0.0,0.009979248,0.0,14.0,7.5,16.0,1.8010634984854503,-0.856402313952446,236.45065237351525,-114.26638404526074,2.0146510088695746
138.0,66051.8,52.5672087,-1.5122425,72.094,115.336,79.54,-0.01,0.1,0.0,72.34,72.34999,72.23,71.94,-0.6000061,72.33,0.0,-0.04997993,0.0,6.0,3.0,1791.0,86.0,0.0,0.009979248,0.0,14.0,7.5,16.0,1.8099876671072732,-0.8569690235155818,238.26064004062252,-115.12335306877631,2.01299294608018
138.0,66051.9,52.5672009,-1.5122159999999998,71.899,115.638,79.54,-0.02,0.1,0.0,72.28,72.3,72.25,71.97,-0.5,72.34,0.0,-0.03978014,0.0,6.0,3.0,1791.0,86.0,0.0,-0.2200012,0.0,14.0,7.5,16.0,1.8005621792140212,-0.8641536250596925,240.06120221983653,-115.987506693836,2.018263840421203
138.0,66052.0,52.5671931,-1.5121893,72.036,115.569,79.55,0.01,0.1,0.0,72.42999,72.36,72.23,71.92999,-0.3999939,72.4,0.0,-0.01938009,0.0,6.0,3.0,1796.0,86.0,0.0,0.009979248,0.0,14.0,7.5,16.0,1.805034416738636,-0.8636270922041602,241.86623663657517,-116.85113378604015,2.0170595632373267
138.0,66052.1,52.5671853,-1.5121627,72.02199999999999,115.696,79.56,0.01,0.1,0.0,72.47,72.36,72.25,72.06999,0.0,72.43999000000001,0.0,-0.01938009,0.0,6.0,3.0,1793.0,86.0,0.0,0.009979248,0.0,14.0,7.5,16.0,1.8027652651630657,-0.8674573284160861,243.66900190173823,-117.71859111445623,2.0192761313873593
138.0,66052.2,52.5671775,-1.5121361,71.993,115.76,79.55,-0.0,0.1,0.0,72.44,72.37999,72.25999,72.11,0.0,72.41,0.0,-0.01938009,0.0,6.0,3.0,1795.0,86.0,0.0,0.009979248,0.0,14.0,7.5,16.0,1.8010696801835413,-0.8691203985377517,245.47007158192176,-118.58771151299398,2.020393142108636
138.0,66052.3,52.5671697,-1.5121095,72.09,115.594,79.56,0.01,0.1,0.0,72.45999,72.42,72.28,72.05,0.2000122,72.41,0.0,-0.01938009,0.0,6.0,3.0,1795.0,86.0,0.0,-0.2200012,0.0,14.0,7.5,16.0,1.8060102331714079,-0.8650625917701904,247.27608181509316,-119.45277410476417,2.0174958955503253
137.0,66052.4,52.567162,-1.5120829,71.91,115.617,79.57,0.03,0.1,0.0,72.42,72.33,72.39,72.2,0.2000122,72.45,0.0,-0.01938009,0.0,6.0,3.0,1796.0,86.0,0.0,0.009979248,0.0,14.1,7.5,16.0,1.8011543078660566,-0.8636257344796683,249.07723612295922,-120.31639983924384,2.017897321278284
137.0,66052.5,52.5671542,-1.5120563,72.108,115.611,79.57,0.03,0.1,0.0,72.48999,72.42999,72.36,72.17,0.1000061,72.46,0.0,-0.009180069,0.0,6.0,3.0,1795.0,86.0,0.0,0.009979248,0.0,14.0,7.5,16.0,1.8062043592194101,-0.8658145371479974,250.88344048217863,-121.18221437639184,2.017792601523164
137.0,66052.6,52.5671464,-1.5120296000000002,72.176,115.758,79.58,0.04,0.1,0.0,72.5,72.44,72.34,72.17,0.1000061,72.4,0.009180069,-0.01938009,0.0,6.0,3.0,1792.0,86.0,0.0,0.009979248,0.0,14.0,7.5,16.5,1.8056782580949493,-0.8712665981393489,252.68911874027359,-122.05348097453118,2.020358235523596
137.0,66052.7,52.5671387,-1.5120029,72.194,115.552,79.58,0.04,0.1,0.0,72.48,72.58,72.36,72.25999,0.1000061,72.45,0.0,-0.009180069,0.0,6.0,3.0,1796.0,86.0,0.0,0.009979248,0.0,14.0,7.5,16.5,1.8092502106690151,-0.8649845494996639,254.4983689509426,-122.91846552403085,2.016762857264488
137.0,66052.8,52.567131,-1.5119762,72.148,115.455,79.59,0.05,0.1,0.0,72.56,72.55,72.42999,72.17,0.1000061,72.54,0.0,-0.01938009,0.0,6.0,3.0,1798.0,86.0,0.0,0.009979248,0.0,14.0,7.5,16.5,1.8095582744260579,-0.8613711146394447,256.30792722536864,-123.77983663867029,2.015069887890053
137.0,66052.9,52.5671232,-1.5119496,72.079,115.724,79.58,0.04,0.1,0.0,72.55,72.50999,72.41,72.16,-0.1000061,72.59,0.009180069,-0.01938009,0.0,6.0,3.0,1797.0,86.0,0.0,0.009979248,0.0,14.0,7.5,16.5,1.8037675478346593,-0.8690254465450004,258.1116947732033,-124.64886208521528,2.019764823577918
137.0,66053.0,52.5671155,-1.5119228999999998,72.274,115.373,79.6,0.05,0.1,0.0,72.64999,72.59,72.41,72.16,-0.5,72.57,0.0,-0.03978014,0.0,6.0,3.0,1799.0,86.0,0.0,0.009979248,0.0,14.0,7.5,16.5,1.8139515699126953,-0.8602802307783546,259.925646343116,-125.50914231599364,2.013638717903418
137.0,66053.1,52.5671077,-1.5118961999999998,72.22,115.543,79.6,0.05,0.1,0.0,72.62999,72.48999,72.39999,72.17999,-0.5,72.59,0.0,-0.04997993,0.0,6.0,3.0,1797.0,86.0,0.0,0.009979248,0.0,14.0,7.5,16.5,1.8100376934229327,-0.8650117562852229,261.73568403653894,-126.37415407227887,2.0166057776318085
137.0,66053.2,52.5670999,-1.5118695,72.133,115.659,79.61,0.06,0.1,0.0,72.56,72.55,72.42,72.23999,-0.3999939,72.46,0.0,-0.03978014,0.0,6.0,3.0,1797.0,86.0,0.0,0.009979248,0.0,14.0,7.5,16.5,1.8061043456531065,-0.86762809965474,263.54178838219207,-127.24178217193361,2.0186303595641215
137.0,66053.3,52.567092200000005,-1.5118428000000002,72.191,115.576,79.63,0.08,0.1,0.0,72.51999,72.56,72.62,72.28,-0.1999817,72.55,0.009180069,-0.03978014,0.0,6.0,3.0,1797.0,86.0,0.0,0.009979248,0.0,14.0,7.5,16.5,1.8088125602870218,-0.8657063548859304,265.3506009424791,-128.10748852681954,2.017181736284966
137.0,66053.4,52.5670843,-1.5118161,72.33800000000001,115.671,79.62,0.06,0.1,0.0,72.67,72.64999,72.42,72.19,-0.2999877999999999,72.56,0.0,-0.02958012,0.0,6.0,3.0,1801.0,86.0,0.0,0.009979248,0.0,14.0,7.5,16.5,1.811054972718379,-0.870473200381354,267.16165591519746,-128.9779617272009,2.018839799074361
137.0,66053.5,52.5670764,-1.5117895,72.209,115.894,79.63,0.06,0.1,0.0,72.73,72.56999,72.56,72.20999,-0.6000061,72.66,0.009180069,-0.03978014,0.0,6.0,3.0,1798.0,86.0,0.0,-0.2200012,0.0,14.0,7.5,16.5,1.8044297297870102,-0.8759504991483867,268.96608564498445,-129.85391222634928,2.0227318833063084
136.0,66053.6,52.5670686,-1.5117629,72.29899999999999,115.876,79.64,0.07,0.1,0.0,72.76999,72.7,72.7,72.28999,0.0,72.67,0.0,-0.03978014,0.0,6.0,3.0,1802.0,86.0,0.0,0.009979248,0.0,14.0,7.5,16.5,1.8069541803705922,-0.8764746399734277,270.77303982535506,-130.7303868663227,2.0224177240409493
136.0,66053.7,52.5670608,-1.5117362,72.256,115.751,79.64,0.07,0.1,0.0,72.67,72.67999,72.61,72.39,-0.2999877999999999,72.58,0.009180069,-0.01938009,0.0,6.0,3.0,1797.0,86.0,0.0,0.009979248,0.0,14.0,7.5,16.5,1.8077862247069139,-0.8720114552605391,272.58082605006194,-131.60239832158325,2.0202360624759566
136.0,66053.8,52.5670529,-1.5117096,72.19800000000001,115.844,79.66,0.09,0.1,0.0,72.72,72.69,72.55,72.36,-0.1999817,72.61,0.0,-0.01938009,0.0,6.0,3.0,1801.0,86.0,0.0,0.009979248,0.0,14.0,7.5,16.5,1.804918458434488,-0.8742423053149926,274.38574450849643,-132.47664062689825,2.021859218680311
136.0,66053.9,52.567045,-1.5116828,72.425,115.932,79.68,0.1,0.1,0.0,72.67,72.59,72.47,72.23999,-0.1999817,72.64,0.0,-0.01938009,0.0,6.0,3.0,1800.0,86.0,0.0,0.009979248,0.0,14.0,7.5,16.5,1.809244262698546,-0.8797708742943198,276.19498877119497,-133.35641150119255,2.0233951084220663
136.0,66054.0,52.5670372,-1.5116562,72.184,115.916,79.69,0.1,0.1,0.0,72.66,72.56999,72.56999,72.33,-0.1999817,72.65,0.009180069,-0.01938009,0.0,6.0,3.0,1800.0,86.0,0.0,0.009979248,0.0,14.1,7.5,16.5,1.803468647760196,-0.8763397768258866,277.9984574189552,-134.23275127801844,2.023115855741747
136.0,66054.1,52.5670293,-1.5116295,72.565,115.799,79.7,0.1,0.1,0.0,72.67,72.62,72.45,72.20999,-0.1000061,72.6,0.0,-0.02958012,0.0,6.0,3.0,1799.0,86.0,0.0,0.25,0.0,14.0,7.5,16.5,1.814782857117811,-0.8772612352517994,279.813240276073,-135.11001251327025,2.021073820516914
136.0,66054.2,52.5670214,-1.5116028,72.389,115.874,79.7,0.09,0.1,0.0,72.81999,72.69,72.53,72.37,-0.1000061,72.72,0.0,-0.02958012,0.0,6.0,3.0,1803.0,86.0,0.0,0.009979248,0.0,14.0,7.5,16.5,1.8092341637580156,-0.8775025486822936,281.62247443983097,-135.98751506195254,2.0223828174559095
136.0,66054.3,52.5670135,-1.5115762,72.328,116.038,79.71,0.09,0.1,0.0,72.81999,72.7,72.62,72.3,-0.1000061,72.79,0.0,-0.02958012,0.0,6.0,3.0,1805.0,86.0,0.0,0.009979248,0.0,14.1,7.5,16.5,1.8051925814493839,-0.8819337847425013,283.42766702128034,-136.86944884669504,2.02524515742918
136.0,66054.4,52.5670057,-1.5115496,72.137,115.988,79.72,0.09,0.1,0.0,72.8,72.7,72.51999,72.31,-0.1999817,72.73,0.0,-0.009180069,0.0,6.0,3.0,1800.0,86.0,0.0,0.009979248,0.0,14.1,7.5,16.5,1.8011924376457935,-0.878033317729409,285.22885945892614,-137.74748216442444,2.0243724928031828
136.0,66054.5,52.5669978,-1.5115229,72.518,115.902,79.73,0.1,0.1,0.0,72.76999,72.61,72.73,72.41,-0.2999877999999999,72.65,0.0,-0.01938009,0.0,6.0,3.0,1802.0,86.0,0.0,0.009979248,0.0,14.1,7.5,16.5,1.8120284798282644,-0.879951921397006,287.0408879387544,-138.62743408582145,2.022871509646468
137.0,66054.6,52.5669899,-1.5114961999999998,72.464,116.053,79.74,0.1,0.1,0.0,72.67,72.67,72.75999,72.42,-0.2999877999999999,72.71,0.0,-0.02958012,0.0,6.0,3.0,1802.0,86.0,0.0,0.009979248,0.0,14.0,7.5,16.5,1.8083555406823604,-0.8840655617632402,288.8492434794368,-139.51149964758469,2.025506956816979
137.0,66054.7,52.566982,-1.5114696,72.35300000000001,115.958,79.76,0.12,0.1,0.0,72.73999,72.81999,72.64,72.34,-0.1000061,72.75,0.0,-0.02958012,0.0,6.0,3.0,1802.0,86.0,0.0,0.009979248,0.0,14.0,7.5,16.5,1.8070466187770622,-0.8797163683303634,290.65629009821384,-140.39121601591503,2.0238488940275845
137.0,66054.8,52.5669741,-1.5114428999999998,72.41,115.973,79.77,0.11,0.1,0.0,72.86,72.95999,72.62,72.37,-0.1000061,72.83,0.0,-0.02958012,0.0,6.0,3.0,1804.0,86.0,0.0,-0.2200012,0.0,14.0,7.5,17.0,1.8082396651428994,-0.8808828388324822,292.4645297633567,-141.27209885474753,2.0241106934153836
137.0,66054.9,52.5669661,-1.5114163,72.30199999999999,116.022,79.78,0.11,0.1,0.0,72.81,72.83,72.70999,72.44,-0.1000061,72.84,0.0,-0.03978014,0.0,6.0,3.0,1806.0,86.0,0.0,0.009979248,0.0,14.0,7.5,18.0,1.804789786013734,-0.8811127948865827,294.26931954937044,-142.1532116496341,2.024965904748861
137.0,66055.0,52.56695820000001,-1.5113896,72.266,116.071,79.81,0.13,0.1,0.0,72.70999,72.73,72.64999,72.53999,0.0,72.75,0.01937985,-0.01938009,0.0,6.0,3.0,1805.0,86.0,0.0,0.009979248,0.0,14.0,7.5,18.0,1.803137338324051,-0.8822164645801085,296.0724568876945,-143.0354281142142,2.025821116082338
137.0,66055.1,52.5669504,-1.5113629000000002,72.403,115.951,79.84,0.15,0.1,0.0,72.78,72.78,72.73,72.48999,0.0,72.74,0.009180069,-0.01938009,0.0,6.0,3.0,1804.0,86.0,0.0,0.009979248,0.0,14.0,7.5,18.0,1.808402928222498,-0.8801033703835555,297.880859815917,-143.91553148459775,2.023726720979945
138.0,66055.2,52.5669424,-1.5113362,72.641,116.069,79.85,0.15,0.1,0.0,72.95999,72.89,72.76999,72.51999,-0.1999817,72.87,0.009180069,-0.02958012,0.0,6.0,3.0,1815.0,86.0,0.0,0.009979248,0.0,13.9,7.5,18.0,1.8125250644135509,-0.8867311604446515,299.69338488033054,-144.8022626450424,2.0257862094972983
138.0,66055.3,52.5669344,-1.5113096,72.4,116.234,79.86,0.15,0.1,0.0,72.92,72.84,72.66,72.39999,-0.1000061,72.93,0.009180069,-0.02958012,0.0,6.0,3.0,1810.0,86.0,0.0,0.009979248,0.0,14.0,7.5,18.0,1.8039590583584346,-0.8889879734850844,301.49734393868897,-145.69125061852748,2.0286660027630887
138.0,66055.4,52.56692639999999,-1.511283,72.4,116.179,79.88,0.15,0.1,0.0,72.89,72.75,72.98999,72.55,0.0,72.83,0.01937985,-0.009180069,0.0,6.0,3.0,1821.0,86.0,0.0,0.009979248,0.0,14.0,7.5,18.0,1.8048115942755794,-0.8872558877815404,303.30215553296455,-146.57850650630903,2.0277060716744923
138.0,66055.5,52.56691850000001,-1.5112561999999998,72.778,115.983,79.9,0.16,0.1,0.0,73.00999,72.97,72.97,72.64,-0.2999877999999999,72.93,0.009180069,-0.02958012,0.0,6.0,3.0,1830.0,86.0,0.0,0.009979248,0.0,14.0,7.5,18.0,1.817274896190069,-0.8856768238162692,305.1194304291546,-147.4641833301253,2.0242852263405835
138.0,66055.6,52.5669105,-1.5112294999999998,72.565,116.249,79.92,0.16,0.1,0.0,73.08,73.05,72.78999,72.59999,-0.1999817,73.08,0.0,-0.03978014,0.0,6.0,3.0,1845.0,86.0,0.0,0.009979248,0.0,14.0,7.5,18.0,1.8078369621451267,-0.8914873031435043,306.9272673912997,-148.3556706332688,2.028927802150888
138.0,66055.7,52.5669025,-1.5112030000000003,72.37100000000001,116.342,79.93,0.16,0.1,0.0,72.95,73.05,72.81,72.69,0.0,72.96,0.009180069,-0.02958012,0.0,6.0,3.0,1861.0,86.0,0.0,0.009979248,0.0,14.0,7.5,18.5,1.801558243918933,-0.8920293271329487,308.72882563521864,-149.24769996040175,2.030550958355243
138.0,66055.8,52.5668945,-1.5111762,72.734,116.32,79.96,0.17,0.1,0.0,72.86,72.87999,73.06999,72.84,0.0,72.85,0.009180069,-0.009180069,0.0,6.0,3.0,1869.0,86.0,0.0,0.009979248,0.0,14.0,7.5,18.5,1.8109386372345602,-0.8958083023262922,310.5397642724532,-150.14350826272803,2.030166985919804
138.0,66055.9,52.5668864,-1.5111494,72.936,116.324,79.98,0.18,0.1,0.0,73.03999,72.98999,72.89,72.66,-0.1999817,73.04,0.009180069,-0.01938009,0.0,6.0,3.0,1863.0,86.0,0.0,0.009979248,0.0,14.0,7.5,18.5,1.8159053367490885,-0.8984229560547642,312.3556696092023,-151.0419312187828,2.030236799089884
138.0,66056.0,52.5668783,-1.5111228,72.688,116.395,79.98,0.15,0.1,0.0,73.17999,73.09,72.7,72.45,-0.1999817,73.17,0.0,-0.01938009,0.0,6.0,3.0,1868.0,86.0,0.0,0.009979248,0.0,14.0,7.5,18.5,1.8086199055885945,-0.8976100022398642,314.16428951479094,-151.93954122102267,2.0314759828587996
138.0,66056.1,52.5668703,-1.5110962,72.457,116.322,80.0,0.16,0.1,0.0,73.09999,73.01999,72.89,72.7,-0.1999817,73.07,0.009180069,-0.01938009,0.0,6.0,3.0,1874.0,86.0,0.0,0.009979248,0.0,14.0,7.5,18.5,1.8040107110309849,-0.8924596804242824,315.9683002258219,-152.83200090144695,2.030201892504844
138.0,66056.2,52.5668622,-1.5110694,72.842,116.386,80.03,0.18,0.1,0.0,73.00999,72.91,73.05,72.87,-0.1000061,73.04,0.01937985,0.0,0.0,6.0,3.0,1881.0,86.0,0.0,-0.2200012,0.0,14.0,7.5,18.5,1.8125930000319692,-0.8992270079986018,317.7808932258539,-153.73122790944555,2.0313189032261203
138.0,66056.3,52.5668543,-1.5110427,72.839,116.175,80.05,0.18,0.1,0.0,73.06999,73.00999,73.06,72.87,0.0,73.06,0.01937985,0.0,0.0,6.0,3.0,1890.0,86.0,0.0,0.009979248,0.0,14.0,7.5,18.5,1.8158174475008355,-0.892509029922681,319.5967106733547,-154.62373693936823,2.0276362585044123
138.0,66056.4,52.5668462,-1.5110158,72.961,116.171,80.06,0.18,0.1,0.0,73.19,73.17999,73.06999,72.76999,0.0,73.14,0.009180069,0.0,0.0,6.0,3.0,1888.0,86.0,0.0,0.009979248,0.0,14.0,7.5,18.5,1.818921217792481,-0.8938769348217314,321.4156318911472,-155.51761387418995,2.0275664453343327
138.0,66056.5,52.56683820000001,-1.510989,72.925,116.167,80.06,0.15,0.1,0.0,73.31999,73.28,73.14,72.84,0.1000061,73.25,0.009180069,0.0,0.0,6.0,3.0,1883.0,86.0,0.0,0.009979248,0.0,14.0,7.5,18.5,1.8180861052323571,-0.8933089589913025,323.23371799637954,-156.41092283318125,2.0274966321642527
138.0,66056.6,52.5668301,-1.5109623,72.839,116.232,80.07,0.15,0.1,0.0,73.31,73.44,73.09999,72.87999,0.6000061,73.33,0.0,0.0,0.0,6.0,3.0,1870.0,86.0,0.0,0.009979248,0.0,14.0,7.5,18.5,1.8149286474812645,-0.8943150315709799,325.0486466438608,-157.30523786475223,2.028631096178049
138.0,66056.7,52.5668221,-1.5109355,72.806,116.232,80.09,0.14,0.1,0.0,73.20999,73.39999,73.16,73.09,0.8000183000000001,73.29,0.009180069,0.009180069,0.0,6.0,3.0,1880.0,86.0,0.0,0.009979248,0.0,14.1,7.5,18.5,1.8141063868054332,-0.8939098585724236,326.8627530306662,-158.19914772332464,2.028631096178049
138.0,66056.8,52.566814,-1.5109087,73.062,116.31,80.1,0.15,0.1,0.0,73.3,73.34999,73.25,73.17,0.8000183000000001,73.31,0.009180069,0.0,0.0,6.0,3.0,1886.0,86.0,0.0,-0.2200012,0.0,14.0,7.5,18.5,1.819262240480563,-0.8995305166372302,328.6820152711468,-159.09867823996188,2.029992452994605
138.0,66056.9,52.5668061,-1.5108818,73.02199999999999,116.079,80.12,0.15,0.1,0.0,73.31,73.31999,73.08,73.11,0.7000122,73.39,0.009180069,0.009180069,0.0,6.0,3.0,1874.0,86.0,0.0,-0.2200012,0.0,14.0,7.5,18.5,1.8218761040846059,-0.8917000313633494,330.5038913752314,-159.99037827132523,2.0259607424224977
138.0,66057.0,52.5667981,-1.5108548999999998,73.051,116.004,80.14,0.16,0.1,0.0,73.33,73.31999,73.2,73.06,0.7000122,73.36,0.009180069,0.009180069,0.0,6.0,3.0,1882.0,86.0,0.0,0.009979248,0.0,14.0,7.5,18.5,1.8237657793775506,-0.8896676207076397,332.3276571546089,-160.88004589203285,2.024651745483502
138.0,66057.1,52.5667901,-1.510828,73.17399999999999,115.91,80.15,0.15,0.1,0.0,73.44,73.34,73.17999,73.06,0.7000122,73.39,0.009180069,0.01937985,0.0,6.0,3.0,1874.0,86.0,0.0,0.009979248,0.0,14.1,7.5,18.5,1.8282961500046537,-0.8881672797905275,334.15595330461355,-161.7682131718234,2.023011135986627
137.0,66057.2,52.566782200000006,-1.510801,73.21300000000001,115.826,80.16,0.15,0.1,0.0,73.51999,73.44,73.33,73.16,0.3999939,73.47,0.009180069,0.0,0.0,6.0,3.0,1877.0,86.0,0.0,0.7299805,0.0,14.0,7.5,18.5,1.8305714372023125,-0.8859578470013446,335.98652474181586,-162.65417101882474,2.021545059414952
137.0,66057.3,52.5667743,-1.510774,73.138,115.671,80.17,0.14,0.1,0.0,73.62999,73.53,73.44,73.2,0.2000122,73.53,0.009180069,0.0,0.0,6.0,3.0,1877.0,86.0,0.0,0.009979248,0.0,14.0,7.5,18.5,1.8310837816179157,-0.8800999326701245,337.81760852343376,-163.53427095149488,2.018839799074361
137.0,66057.4,52.5667664,-1.5107469999999998,73.145,115.654,80.17,0.14,0.1,0.0,73.64,73.56999,73.50999,73.23999,0.6000061,73.49,0.009180069,0.0,0.0,6.0,3.0,1878.0,86.0,0.0,0.009979248,0.0,14.0,7.5,18.5,1.8315201089844508,-0.8796407823492522,339.64912863241824,-164.41391173384412,2.018543093101522
137.0,66057.5,52.5667585,-1.5107199999999998,73.202,115.729,80.19,0.14,0.1,0.0,73.56999,73.64,73.45,73.37999,0.7000122,73.48,0.009180069,0.0,0.0,6.0,3.0,1879.0,86.0,0.0,0.009979248,0.0,14.0,7.5,18.5,1.831793450659808,-0.8827248311770918,341.48092208307804,-165.2966365650212,2.0198520900405175
137.0,66057.6,52.566750500000005,-1.5106929,73.339,115.667,80.2,0.14,0.1,0.0,73.58,73.67999,73.51999,73.34999,0.1000061,73.58,0.009180069,-0.009180069,0.0,6.0,3.0,1870.0,86.0,0.0,-0.2200012,0.0,14.0,7.5,18.5,1.8361776268039234,-0.882390461927157,343.317099709882,-166.17902702694835,2.018769985904281
137.0,66057.7,52.5667426,-1.5106658000000002,73.39699999999999,115.556,80.21,0.14,0.1,0.0,73.66,73.64,73.5,73.31,-0.1000061,73.67,0.009180069,-0.009180069,0.0,6.0,3.0,1866.0,86.0,0.0,-0.2200012,0.0,14.0,7.5,18.5,1.839337135235902,-0.8795265750995714,345.15643684511787,-167.0585536020479,2.0168326704345674
137.0,66057.8,52.5667347,-1.5106387,73.303,115.617,80.22,0.14,0.1,0.0,73.76999,73.67999,73.53,73.39999,-0.2999877999999999,73.76,0.009180069,-0.01938009,0.0,6.0,3.0,1868.0,86.0,0.0,0.009979248,0.0,14.0,7.5,18.5,1.836045254199771,-0.8803554055703398,346.9924820993176,-167.93890900761824,2.017897321278284
137.0,66057.9,52.5667268,-1.5106116,73.404,115.539,80.23,0.13,0.1,0.0,73.84,73.73999,73.64,73.42,-0.1999817,73.79,0.009180069,-0.01938009,0.0,6.0,3.0,1867.0,86.0,0.0,0.009979248,0.0,14.1,7.5,18.5,1.8397734607312763,-0.8790646240117166,348.8322555600489,-168.81797363162994,2.0165359644617284
137.0,66058.0,52.5667189,-1.5105844,73.462,115.505,80.23,0.13,0.1,0.0,73.86,73.8,73.67,73.37999,-0.1999817,73.86,0.009180069,-0.01938009,0.0,6.0,3.0,1863.0,86.0,0.0,-0.2200012,0.0,14.0,7.5,18.5,1.8417488888694316,-0.8786664538596765,350.6740044489183,-169.6966400854896,2.01594255251605
137.0,66058.1,52.566711000000005,-1.5105572,73.465,115.524,80.24,0.13,0.1,0.0,73.8,73.73999,73.72,73.45999,-0.1000061,73.84,0.009180069,-0.01938009,0.0,6.0,3.0,1873.0,86.0,0.0,0.009979248,0.0,14.0,7.5,18.5,1.8415326111848804,-0.87931306002414,352.5155370601032,-170.57595314551375,2.0162741650739293
137.0,66058.2,52.566703100000005,-1.5105301000000002,73.541,115.685,80.25,0.12,0.1,0.0,73.89999,73.83,73.92999,73.58,-0.1000061,73.91,0.009180069,-0.02958012,0.0,6.0,3.0,1874.0,86.0,0.0,-0.2200012,0.0,14.0,7.5,18.5,1.8409570052093902,-0.8853992561433034,354.35649406531263,-171.46135240165705,2.01908414516964
137.0,66058.3,52.5666951,-1.5105029,73.616,115.625,80.26,0.12,0.1,0.0,73.95999,73.94,73.81999,73.53,-0.1000061,73.92,0.009180069,-0.01938009,0.0,6.0,3.0,1876.0,86.0,0.0,0.009979248,0.0,14.0,7.5,18.5,1.8437616083627302,-0.8843719237000424,356.2002556736754,-172.34572432535708,2.0180369476184437
137.0,66058.4,52.5666871,-1.5104757000000002,73.562,115.675,80.27,0.12,0.1,0.0,74.01999,74.0,73.84,73.61,0.0,74.01,0.009180069,-0.01938009,0.0,6.0,3.0,1879.0,86.0,0.0,0.009979248,0.0,14.0,7.5,18.5,1.8416372470817948,-0.8853306734749209,358.04189292075716,-173.231054998832,2.0189096122444408
137.0,66058.5,52.5666791,-1.5104486,73.616,115.737,80.28,0.12,0.1,0.0,74.0,74.00999,73.95,73.73999,-0.1000061,74.02,0.009180069,-0.01938009,0.0,6.0,3.0,1878.0,86.0,0.0,-0.2200012,0.0,14.0,7.5,18.5,1.8420293442361413,-0.8879743593562855,359.8839222649933,-174.1190293581883,2.019991716380677
137.0,66058.6,52.5666712,-1.5104213000000002,73.714,115.695,80.3,0.12,0.1,0.0,74.09999,73.95999,73.87,73.72,-0.2999877999999999,74.03,0.009180069,-0.02958012,0.0,6.0,3.0,1881.0,86.0,0.0,0.009979248,0.0,14.0,7.5,18.5,1.845132803378898,-0.8878041452036632,361.7290550683722,-175.00683350339196,2.0192586780948396
137.0,66058.7,52.5666632,-1.5103940000000002,73.96600000000001,115.593,80.3,0.12,0.1,0.0,74.17999,74.06,73.92999,73.75999,-0.1999817,74.11,0.009180069,-0.02958012,0.0,6.0,3.0,1884.0,86.0,0.0,0.009979248,0.0,14.1,7.5,18.5,1.853023576628743,-0.8875417975280131,363.58207864500093,-175.89437530091996,2.0174784422578056
137.0,66058.8,52.5666551,-1.5103669000000002,73.649,115.912,80.31,0.11,0.1,0.0,74.25,74.22,73.92999,73.69,-0.1000061,74.18999000000001,0.0,-0.01938009,0.0,6.0,3.0,1891.0,86.0,0.0,0.009979248,0.0,14.0,7.5,18.5,1.840133103808145,-0.8939969415000137,365.4222117488091,-176.78837224241997,2.0230460425716674
138.0,66058.9,52.566647200000006,-1.5103396000000002,73.814,115.668,80.32,0.1,0.1,0.0,74.25999,74.14,74.06999,73.86,0.0,74.21,0.009180069,-0.01938009,0.0,6.0,3.0,1895.0,86.0,0.0,0.009979248,0.0,14.0,7.5,18.5,1.8480546304555814,-0.888137758757445,367.2702663792647,-177.6765100011774,2.0187874391968013
137.0,66059.0,52.5666391,-1.5103124,73.778,115.832,80.33,0.11,0.1,0.0,74.2,74.12,74.14999,73.89999,0.0,74.18,0.01937985,-0.01938009,0.0,6.0,3.0,1886.0,86.0,0.0,0.009979248,0.0,14.0,7.5,18.5,1.8446048356246294,-0.8929881400620445,369.1148712148893,-178.56949814123945,2.0216497791700716
137.0,66059.1,52.5666311,-1.5102851000000002,73.89699999999999,115.708,80.34,0.12,0.1,0.0,74.17999,74.20999,74.23,73.97,-0.1000061,74.14,0.01937985,-0.009180069,0.0,6.0,3.0,1882.0,86.0,0.0,0.009979248,0.0,14.0,7.5,18.5,1.8495114865325164,-0.8904278429144988,370.9643827014218,-179.45992598415395,2.019485570897599
138.0,66059.2,52.56662300000001,-1.5102577,74.203,115.755,80.35,0.11,0.1,0.0,74.28,74.34,74.23,73.84,-0.1000061,74.25,0.009180069,-0.01938009,0.0,6.0,3.0,1881.0,86.0,0.0,0.009979248,0.0,14.0,7.5,18.5,1.8564360549075898,-0.895638158994907,372.8208187563294,-180.35556414314885,2.020305875646036
138.0,66059.3,52.566615,-1.5102305,73.976,115.757,80.34,0.09,0.1,0.0,74.39999,74.42,74.28999,74.01999,0.0,74.37,0.009180069,-0.01938009,0.0,6.0,3.0,1898.0,86.0,0.0,0.009979248,0.0,14.0,7.5,18.5,1.8507257220457065,-0.8929628477363496,374.6715444783751,-181.2485269908852,2.020340782231076
138.0,66059.4,52.5666069,-1.5102030999999998,74.07,115.771,80.35,0.09,0.1,0.0,74.42,74.51999,74.23999,74.09,0.0,74.56,0.009180069,-0.01938009,0.0,6.0,3.0,1891.0,86.0,0.0,0.009979248,0.0,14.0,7.5,18.5,1.8528588820627374,-0.8945502854290658,376.5244033604378,-182.14307727631427,2.0205851283263554
138.0,66059.5,52.5665989,-1.5101757999999998,74.113,115.772,80.34,0.07,0.1,0.0,74.55,74.45999,74.3,74.11,-0.1000061,74.55,0.0,-0.01938009,0.0,6.0,3.0,1898.0,86.0,0.0,0.009979248,0.0,14.0,7.5,18.5,1.853918903610249,-0.895101957557346,378.37832226404805,-183.03817923387163,2.0206025816188755
138.0,66059.6,52.5665909,-1.5101485,73.94,115.737,80.35,0.08,0.1,0.0,74.39,74.39,74.37,74.19,-0.1999817,74.49,0.01937985,-0.009180069,0.0,6.0,3.0,1895.0,86.0,0.0,0.009979248,0.0,14.0,7.5,18.5,1.850136515333899,-0.8918825273147652,380.2284587793819,-183.9300617611864,2.019991716380677
138.0,66059.7,52.5665828,-1.5101211,74.383,115.851,80.36,0.09,0.1,0.0,74.50999,74.53,74.39999,74.20999,0.0,74.6,0.009180069,-0.01938009,0.0,6.0,3.0,1884.0,86.0,0.0,-0.4599915,0.0,14.1,7.5,18.5,1.8594324486735865,-0.9009275504017161,382.0878912280555,-184.83098931158813,2.0219813917279508
138.0,66059.8,52.5665747,-1.5100937,74.185,115.818,80.38,0.09,0.1,0.0,74.59,74.53999,74.41,74.17999,0.0,74.57,0.009180069,-0.02958012,0.0,6.0,3.0,1886.0,86.0,0.0,0.009979248,0.0,14.0,7.5,14.0,1.8550000362771693,-0.8974611182529855,383.9428912643327,-185.7284504298411,2.0214054330747926
138.0,66059.9,52.5665666,-1.5100664,74.178,115.873,80.37,0.08,0.1,0.0,74.59999,74.73,74.55,74.37999,0.2000122,74.56,0.009180069,-0.01938009,0.0,6.0,3.0,1876.0,86.0,0.0,-0.2200012,0.0,14.0,7.5,3.0,1.8539627269028145,-0.8991565254476444,385.7968539912355,-186.62760695528874,2.0223653641633894
137.0,66060.0,52.566558500000006,-1.5100389,74.52,115.845,80.37,0.07,0.1,0.0,74.62,74.70999,74.67999,74.34999,0.0,74.62,0.009180069,0.0,0.0,6.0,3.0,1857.0,86.0,0.0,-0.2200012,0.0,14.0,7.5,0.5,1.8629516945841402,-0.9023918127100219,387.6598056858196,-187.52999876799876,2.021876671972831
137.0,66060.1,52.5665505,-1.5100115,74.344,115.565,80.37,0.06,0.1,0.0,74.69,74.67999,74.44,74.28,-0.2999877999999999,74.68,0.0,-0.009180069,0.0,6.0,3.0,1867.0,86.0,0.0,-0.7000122,0.0,14.1,7.5,0.5,1.8629291012821794,-0.8911672485176617,389.5227347871018,-188.42116601651642,2.016989750067247
137.0,66060.2,52.5665424,-1.5099841,74.117,115.8,80.38,0.06,0.1,0.0,74.53999,74.58,74.59,74.37999,-0.1999817,74.62,-0.009180069,-0.01938009,0.0,6.0,3.0,1899.0,86.0,0.0,0.009979248,0.0,14.0,7.5,0.5,1.8535812883337883,-0.8960562053382998,391.37631607543557,-189.31722222185473,2.0210912738094335
137.0,66060.3,52.5665343,-1.5099567,74.32600000000001,115.917,80.39,0.07,0.1,0.0,74.42,74.34,74.42999,74.31999,0.0,74.34,0.0,-0.01938009,0.0,6.0,3.0,1914.0,86.0,0.0,0.009979248,0.0,14.0,7.5,0.5,1.8569693266619003,-0.9023768392197948,393.23328540209747,-190.21959906107452,2.023133309034267
137.0,66060.4,52.5665262,-1.5099292,74.495,115.772,80.41,0.09,0.1,0.0,74.34999,74.23,74.48,74.08,0.0,74.29,-0.009180069,-0.01938009,0.0,6.0,3.0,1931.0,86.0,0.0,0.009979248,0.0,14.1,7.5,0.0,1.8634745419082415,-0.8997155738970828,395.0967599440057,-191.1193146349716,2.0206025816188755
137.0,66060.5,52.5665182,-1.5099019,74.135,115.725,80.39,0.06,0.1,0.0,74.44,74.28999,74.23,73.86,-0.1000061,74.37,-0.02958012,-0.01938009,0.0,6.0,3.0,1937.0,86.0,0.0,-0.2200012,0.0,14.0,7.5,0.0,1.8552030786563134,-0.8938461322208161,396.951963022662,-192.01316076719243,2.019782276870438
137.0,66060.6,52.5665101,-1.5098746,73.96600000000001,115.779,80.39,0.04,0.1,0.0,74.31999,74.26999,73.97,73.70999,-0.1000061,74.35,-0.02958012,-0.01938009,0.0,6.0,3.0,1956.0,86.0,0.0,0.009979248,0.0,14.1,7.5,0.0,1.850132579661944,-0.8935526036975532,398.80209560232396,-192.90671337088997,2.0207247546665146
137.0,66060.7,52.5665021,-1.5098473999999995,73.8,115.809,80.38,0.03,0.1,0.0,74.11,74.12999,74.09999,73.83,-0.1000061,74.15,-0.01938009,-0.01938009,0.0,6.0,3.0,1963.0,86.0,0.0,-0.2200012,0.0,14.0,7.5,0.0,1.8455133084257351,-0.8925136572756172,400.6476089107497,-193.7992270281656,2.021248353442113
137.0,66060.8,52.566494,-1.5098202,73.883,115.892,80.38,0.03,0.1,0.0,73.89999,73.94,73.98,73.70999,0.0,74.01,-0.02958012,-0.01938009,0.0,6.0,3.0,1933.0,86.0,0.0,0.009979248,0.0,14.1,7.5,0.0,1.846292577432067,-0.8961929546048953,402.49390148818173,-194.6954199827705,2.022696976721268
137.0,66060.9,52.566486000000005,-1.509793,73.685,115.914,80.4,0.05,0.1,0.0,73.83,73.87999,73.89999,73.64,0.0,73.92,-0.02958012,-0.01938009,0.0,6.0,3.0,1857.0,86.0,0.0,0.009979248,0.0,14.1,7.5,0.0,1.8410013473281053,-0.8944981952967757,404.33490283550987,-195.58991817806725,2.023080949156707
137.0,66061.0,52.566478,-1.5097659,73.57300000000001,115.889,80.4,0.05,0.1,0.0,73.64999,73.58,73.66,73.48,0.0,73.71,-0.02958012,0.0,0.0,6.0,3.0,1786.0,86.0,0.0,0.009979248,0.0,14.0,7.5,0.0,1.8385925854847582,-0.8923364202214092,406.17349542099464,-196.48225459828865,2.0226446168437087
137.0,66061.1,52.56647,-1.5097389,73.422,115.825,80.41,0.04,0.1,0.0,73.59999,73.48999,73.5,73.34,-0.1000061,73.48,-0.03978014,-0.009180069,0.0,6.0,3.0,1788.0,86.0,0.0,0.009979248,0.0,14.1,7.5,0.0,1.8358126474462193,-0.888454936097776,408.0093080684409,-197.37070953438644,2.021527606122432
137.0,66061.2,52.566462,-1.5097118,73.336,115.897,80.42,0.05,0.1,0.0,73.5,73.31,73.17,73.00999,-0.3999939,73.42,-0.05915999,-0.01938009,0.0,6.0,3.0,1811.0,86.0,0.0,0.009979248,0.0,14.1,7.5,0.0,1.8325457346244443,-0.8897178257864126,409.8418538030653,-198.26042736017286,2.0227842431838683
137.0,66061.3,52.5664541,-1.5096849,72.958,115.817,80.42,0.04,0.1,0.0,73.09999,72.98,73.01999,72.78999,-0.2999877999999999,73.16,-0.03978014,-0.02958012,0.0,6.0,3.0,1811.0,86.0,0.0,0.009979248,0.0,14.0,7.5,0.0,1.8243342375787166,-0.8825855115948228,411.66618804064404,-199.14301287176767,2.0213879797822725
137.0,66061.4,52.5664461,-1.5096580000000002,72.954,115.968,80.42,0.05,0.1,0.0,72.91,72.84999,73.06,72.75,0.0,72.87,-0.04997993,-0.009180069,0.0,6.0,3.0,1804.0,86.0,0.0,0.009979248,0.0,14.0,7.5,0.0,1.8219020040611724,-0.887341725378607,413.48809004470525,-200.03035459714627,2.0240234269527844
137.0,66061.5,52.5664382,-1.5096311,73.02199999999999,115.898,80.42,0.04,0.1,0.0,72.84,72.75999,72.84,72.47,-0.1000061,72.81,-0.04997993,-0.009180069,0.0,6.0,3.0,1800.0,86.0,0.0,0.009979248,0.0,14.0,7.5,0.0,1.8246839300048838,-0.8859402012268277,415.3127739747101,-200.9162947983731,2.022801696476388
137.0,66061.6,52.5664302,-1.5096044,72.634,115.87,80.4,0.01,0.1,0.0,72.92,72.87999,72.62999,72.26999,0.0,72.79,-0.05915999,-0.01938009,0.0,6.0,3.0,1791.0,86.0,0.0,-0.2200012,0.0,14.0,7.5,0.0,1.8154189666754992,-0.8803457111350496,417.12819294138563,-201.79664050950814,2.02231300428583
137.0,66061.7,52.5664223,-1.5095778,72.288,115.943,80.39,-0.01,0.1,0.0,72.62,72.56999,72.34,72.03999,-0.1000061,72.68,-0.04997993,-0.02958012,0.0,6.0,3.0,1775.0,86.0,0.0,0.009979248,0.0,14.0,7.5,0.0,1.805653256856715,-0.878453365866816,418.93384619824235,-202.67509387537496,2.0235870946397854
137.0,66061.8,52.56641449999999,-1.5095513000000005,72.029,115.977,80.39,-0.0,0.1,0.0,72.22,72.31,72.39999,72.17999,0.0,72.34,-0.03978014,-0.01938009,0.0,6.0,3.0,1753.0,86.0,0.0,-0.2200012,0.0,14.0,7.5,0.0,1.7986640649036447,-0.8763734664891857,420.73251026314597,-203.55146734186414,2.0241805065854637
137.0,66061.9,52.56640660000001,-1.5095246,72.33800000000001,115.948,80.39,0.01,0.1,0.0,72.14999,72.03999,72.14999,72.00999,-0.1999817,72.17,-0.04997993,-0.01938009,0.0,6.0,3.0,1732.0,86.0,0.0,-0.2200012,0.0,14.0,7.5,0.0,1.8068254675873678,-0.8792186511146213,422.53933573073334,-204.43068599297877,2.023674361102385
137.0,66062.0,52.5663987,-1.5094980999999998,71.986,116.047,80.4,0.01,0.1,0.0,72.05,71.97,71.94,71.78999,0.0,72.03,-0.04997993,-0.02958012,0.0,6.0,3.0,1723.0,86.0,0.0,0.009979248,0.0,14.0,7.5,0.0,1.7965189009572613,-0.8780458041482389,424.3358546316906,-205.308731797127,2.0254022370618596
137.0,66062.1,52.5663909,-1.5094717,71.658,115.882,80.39,0.0,0.1,0.0,71.91,71.89,71.67,71.62,0.0,71.92,-0.04997993,-0.01938009,0.0,6.0,3.0,1707.0,86.0,0.0,-0.2200012,0.0,14.0,7.5,0.0,1.7908428176619755,-0.8688913927692673,426.1266974493526,-206.17762318989625,2.022522443796069
137.0,66062.2,52.566383,-1.5094454,71.55,116.146,80.39,-0.0,0.1,0.0,71.67,71.53,71.58,71.45999,0.0,71.76,-0.04997993,-0.009180069,0.0,6.0,3.0,1695.0,86.0,0.0,0.009979248,0.0,14.0,7.5,0.0,1.784127235141854,-0.875811771344211,427.91082468449446,-207.05343496124047,2.027130113021334
137.0,66062.3,52.5663752,-1.5094191,71.442,115.889,80.38,-0.01,0.1,0.0,71.51999,71.42999,71.51999,71.22,0.0,71.54,-0.04997993,-0.01938009,0.0,6.0,3.0,1684.0,86.0,0.0,0.009979248,0.0,14.1,7.5,0.0,1.785338799453632,-0.8664904045432144,429.6961634839481,-207.91992536578368,2.0226446168437087
137.0,66062.4,52.5663674,-1.5093928,71.312,116.005,80.38,-0.01,0.1,0.0,71.36,71.20999,71.3,71.05,-0.1999817,71.43999000000001,-0.04997993,-0.01938009,0.0,6.0,3.0,1685.0,86.0,0.0,0.009979248,0.0,14.0,7.5,0.0,1.7803353538331796,-0.8685199007594147,431.47649883778126,-208.7884452665431,2.0246691987760217
137.0,66062.5,52.566359600000006,-1.5093667000000002,71.064,116.056,80.37,-0.01,0.1,0.0,71.17,71.14,71.08,70.84999,0.0,71.2,-0.04997993,-0.009180069,0.0,6.0,3.0,1692.0,86.0,0.0,-0.2200012,0.0,14.1,7.5,0.0,1.7733728257518067,-0.8670783245388229,433.2498716635331,-209.65552359108193,2.025559316694539
137.0,66062.6,52.5663518,-1.5093406,70.90899999999999,116.015,80.37,-0.01,0.1,0.0,71.05,71.06999,70.95,70.73,0.0,71.02,-0.04997993,-0.009180069,0.0,6.0,3.0,1691.0,86.0,0.0,0.009979248,0.0,14.1,7.5,1.0,1.7701235264592623,-0.8639206592915422,435.01999518999236,-210.51944425037348,2.0248437317012216
137.0,66062.7,52.5663441,-1.5093145,70.733,115.958,80.37,-0.01,0.1,0.0,70.84999,70.81,70.81999,70.66,0.0,70.82,-0.04997993,-0.009180069,0.0,6.0,3.0,1690.0,86.0,0.0,0.009979248,0.0,14.0,7.5,4.5,1.766586437134022,-0.8600193202923387,436.7865816271264,-211.37946357066582,2.0238488940275845
137.0,66062.8,52.5663363,-1.5092885,70.62100000000001,116.03,80.37,-0.02,0.1,0.0,70.81,70.72,70.70999,70.5,0.0,70.73,-0.04997993,-0.01938009,0.0,6.0,3.0,1749.0,86.0,0.0,0.009979248,0.0,14.1,7.5,8.5,1.7627087767608867,-0.8608733133826004,438.54929040388726,-212.24033688404842,2.0251055310890207
137.0,66062.9,52.5663287,-1.5092626,70.362,115.866,80.37,-0.01,0.1,0.0,70.66,70.72,70.5,70.39,0.0,70.66,-0.03978014,-0.009180069,0.0,6.0,3.0,1774.0,86.0,0.0,-0.2200012,0.0,14.0,7.5,12.0,1.7586919824199752,-0.8526856167261754,440.30798238630723,-213.0930225007746,2.02224319111575
137.0,66063.0,52.566321,-1.5092368,70.12100000000001,116.028,80.36,-0.01,0.1,0.0,70.55,70.62,70.42,70.20999,0.0,70.51,-0.02958012,-0.009180069,0.0,6.0,3.0,1749.0,86.0,0.0,0.009979248,0.0,14.0,7.5,13.5,1.750258552078573,-0.8547171948246416,442.0582409383858,-213.94773969559924,2.025070624503981
136.0,66063.1,52.5663134,-1.5092109,70.186,115.966,80.37,-0.0,0.1,0.0,70.45999,70.47,70.47,70.11,0.0,70.43,-0.009180069,-0.01938009,0.0,6.0,3.0,1746.0,86.0,0.0,-0.2200012,0.0,14.0,7.5,15.0,1.7528057121633855,-0.8536132730782185,443.81104665054914,-214.80135296867746,2.023988520367744
136.0,66063.2,52.56630570000001,-1.509185,70.265,115.905,80.37,-0.0,0.1,0.0,70.39999,70.47,70.34,70.12,0.0,70.43999000000001,-0.009180069,-0.01938009,0.0,6.0,3.0,1750.0,86.0,0.0,0.009979248,0.0,14.0,7.5,15.5,1.755687464611645,-0.8527053730938171,445.5667341151608,-215.65405834177128,2.0229238695240275
136.0,66063.3,52.5662981,-1.5091591,70.132,115.951,80.38,0.01,0.1,0.0,70.39999,70.33,70.3,70.14,0.2000122,70.38,0.0,-0.01938009,0.0,6.0,3.0,1752.0,86.0,0.0,0.009979248,0.0,14.0,7.5,15.5,1.7516803745991218,-0.852497956876642,447.3184144897599,-216.50655629864792,2.023726720979945
136.0,66063.4,52.56629039999999,-1.5091332999999998,70.178,115.841,80.38,0.0,0.1,0.0,70.48,70.42,70.39,70.08,0.0,70.47,0.0,-0.02958012,0.0,6.0,3.0,1749.0,86.0,0.0,0.009979248,0.0,14.0,7.5,16.0,1.754463833011679,-0.8496903546453988,449.0728783227716,-217.3562466532933,2.0218068588027513
136.0,66063.5,52.5662828,-1.5091074,70.085,115.942,80.38,0.0,0.1,0.0,70.56999,70.50999,70.19,70.14999,-0.1000061,70.52,0.0,-0.01938009,0.0,6.0,3.0,1750.0,86.0,0.0,0.009979248,0.0,14.0,7.5,16.5,1.750640258742658,-0.8516516633057292,450.82351858151424,-218.20789831659903,2.0235696413472652
136.0,66063.6,52.5662751,-1.5090817,70.031,116.085,80.37,-0.0,0.1,0.0,70.48,70.39,70.31999,70.20999,0.1000061,70.45,0.0,-0.01938009,0.0,6.0,3.0,1752.0,86.0,0.0,-0.2200012,0.0,14.0,7.5,17.0,1.7471620244340198,-0.855358734596735,452.57068060594827,-219.06325705119576,2.0260654621776175
136.0,66063.7,52.5662674,-1.5090557999999998,70.178,115.882,80.38,0.01,0.1,0.0,70.51999,70.47,70.41,70.28999,0.0,70.43999000000001,0.0,-0.009180069,0.0,6.0,3.0,1753.0,86.0,0.0,0.009979248,0.0,14.0,7.5,17.0,1.7538553581998113,-0.8509456049814624,454.3245359641481,-219.91420265617722,2.022522443796069
136.0,66063.8,52.5662597,-1.5090299,70.398,116.01,80.38,-0.0,0.1,0.0,70.64999,70.50999,70.39,70.23,0.0,70.49,0.0,-0.009180069,0.0,6.0,3.0,1756.0,86.0,0.0,0.009979248,0.0,14.0,7.5,17.0,1.7574421150758195,-0.857541522118801,456.0819780792239,-220.77174417829602,2.024756465238622
136.0,66063.9,52.56625210000001,-1.509004,70.092,115.859,80.37,-0.0,0.1,0.0,70.64,70.55,70.42,70.25999,-0.1000061,70.56,0.0,0.0,0.0,6.0,3.0,1757.0,86.0,0.0,0.009979248,0.0,14.0,7.5,17.5,1.7520471186142084,-0.8491995608546029,457.8340251978381,-221.62094373915062,2.0221210180681104
137.0,66064.0,52.5662444,-1.5089781,70.33,115.823,80.37,-0.01,0.1,0.0,70.7,70.56999,70.53999,70.19,0.0,70.63,0.009180069,-0.01938009,0.0,6.0,3.0,1759.0,86.0,0.0,0.009979248,0.0,14.0,7.5,18.5,1.7585312924660599,-0.8509782998845739,459.59255649030416,-222.4719220390352,2.0214926995373923
137.0,66064.1,52.5662367,-1.5089522,70.333,115.965,80.36,-0.02,0.1,0.0,70.62999,70.64,70.59,70.37,0.0,70.65,0.009180069,-0.009180069,0.0,6.0,3.0,1749.0,86.0,0.0,0.009979248,0.0,14.0,7.5,19.0,1.756491778721056,-0.8553704539779399,461.3490482690252,-223.32729249301315,2.0239710670752245
137.0,66064.2,52.5662291,-1.5089263,70.333,115.866,80.36,-0.02,0.1,0.0,70.8,70.75,70.67999,70.41,0.1000061,70.71,0.009180069,-0.009180069,0.0,6.0,3.0,1754.0,86.0,0.0,0.009979248,0.0,14.0,7.5,19.5,1.7579671299784558,-0.8523341786930744,463.10701539900367,-224.17962667170622,2.02224319111575
137.0,66064.3,52.5662213,-1.5089002,70.686,115.948,80.35,-0.02,0.1,0.0,70.95999,71.03,70.69,70.53999,0.1000061,70.84,0.009180069,-0.009180069,0.0,6.0,3.0,1759.0,86.0,0.0,0.009979248,0.0,14.1,7.5,20.0,1.765562567417964,-0.8591397270133003,464.87257796642166,-225.03876639871953,2.023674361102385
137.0,66064.4,52.5662138,-1.5088742999999998,70.27600000000001,115.764,80.35,-0.02,0.1,0.0,70.98999,71.06,70.87,70.66,0.0,70.96,0.01937985,0.0,0.0,6.0,3.0,1764.0,86.0,0.0,0.009979248,0.0,14.0,7.5,20.5,1.758055761893931,-0.8485150135354168,466.6306337283156,-225.88728141225494,2.0204629552787154
137.0,66064.5,52.566206,-1.5088483,70.574,115.906,80.35,-0.02,0.1,0.0,71.06,71.12,70.94,70.75,0.0,71.02,0.01937985,-0.009180069,0.0,6.0,3.0,1762.0,86.0,0.0,0.009979248,0.0,14.0,7.5,21.0,1.7633933934380455,-0.8564860393830526,468.39402712175365,-226.74376745163798,2.0229413228165476
137.0,66064.6,52.5661983,-1.5088222,70.708,115.857,80.35,-0.02,0.1,0.0,71.06999,71.11,71.06,70.83,0.0,71.11,0.02957988,0.0,0.0,6.0,3.0,1763.0,86.0,0.0,0.009979248,0.0,14.0,7.5,21.0,1.7674747982718106,-0.8566010122946072,470.16150192002544,-227.6003684639326,2.02208611148307
137.0,66064.7,52.5661906,-1.5087961,70.92,115.83,80.35,-0.02,0.1,0.0,71.26999,71.17999,71.12999,70.87999,0.0,71.2,0.02957988,-0.009180069,0.0,6.0,3.0,1771.0,86.0,0.0,0.009979248,0.0,14.0,7.5,21.0,1.773178800210404,-0.8583338176283114,471.93468072023586,-228.4587022815609,2.021614872585032
137.0,66064.8,52.5661829,-1.5087699,70.956,115.819,80.34,-0.02,0.1,0.0,71.42999,71.41,71.22,71.03999,0.0,71.38,0.01937985,-0.01938009,0.0,6.0,3.0,1776.0,86.0,0.0,0.009979248,0.0,14.0,7.5,21.0,1.7742437301878433,-0.8584289055531201,473.7089244504237,-229.31713118711403,2.0214228863673127
137.0,66064.9,52.5661751,-1.5087437,71.093,115.952,80.33,-0.03,0.1,0.0,71.45,71.48999,71.19,71.12999,0.0,71.51,0.01937985,-0.009180069,0.0,6.0,3.0,1792.0,86.0,0.0,0.009979248,0.0,14.0,7.5,21.5,1.7756680982581352,-0.8642104992890478,475.4845925486818,-230.18134168640307,2.023744174272465
137.0,66065.0,52.566167400000005,-1.5087175,71.071,115.722,80.33,-0.03,0.1,0.0,71.67,71.64,71.5,71.37,-0.1000061,71.56,0.01937985,-0.009180069,0.0,6.0,3.0,1805.0,86.0,0.0,0.009979248,0.0,14.0,7.5,22.0,1.778572389076932,-0.8568103414924932,477.26316493775875,-231.03815202789556,2.019729916992878
137.0,66065.1,52.5661597,-1.5086911,71.35600000000001,115.777,80.32,-0.03,0.1,0.0,71.81,71.73999,71.44,71.39,-0.1000061,71.76,0.01937985,0.0,0.0,6.0,3.0,1811.0,86.0,0.0,0.009979248,0.0,14.0,7.5,22.0,1.7848779970478768,-0.861959971486196,479.04804293480663,-231.90011199938175,2.020689848081475
137.0,66065.2,52.5661519,-1.5086649,71.33,115.872,80.31,-0.04,0.1,0.0,71.86,71.76999,71.81,71.53999,0.0,71.78,0.02957988,-0.01938009,0.0,6.0,3.0,1816.0,86.0,0.0,0.009979248,0.0,14.0,7.5,22.0,1.7827965257728402,-0.8646030746560154,480.83083946057945,-232.76471507403775,2.0223479108708697
137.0,66065.3,52.5661441,-1.5086384,71.70100000000001,115.791,80.31,-0.04,0.1,0.0,72.09,71.98,71.98,71.66,0.0,71.98,0.01937985,-0.01938009,0.0,6.0,3.0,1819.0,86.0,0.0,0.009979248,0.0,14.0,7.5,16.5,1.7932960371733306,-0.866565683078492,482.6241354977528,-233.63128075711626,2.0209341941767542
137.0,66065.4,52.5661364,-1.5086119999999998,71.615,115.742,80.3,-0.04,0.1,0.0,72.23999,72.22,72.03,71.73999,0.0,72.12,0.01937985,-0.01938009,0.0,6.0,3.0,1814.0,86.0,0.0,0.009979248,0.0,14.0,7.5,13.0,1.7918846651750266,-0.8639941782644022,484.4160201629278,-234.49527493538065,2.020078982843277
138.0,66065.5,52.566128500000005,-1.5085856,71.64399999999999,116.046,80.29,-0.04,0.1,0.0,72.08,72.19,71.98999,71.75,0.0,72.22,0.01937985,-0.009180069,0.0,6.0,3.0,1800.0,86.0,0.0,0.009979248,0.0,14.0,7.5,13.0,1.7879990282812228,-0.8738430691109841,486.204019191209,-235.36911800449164,2.02538478376934
138.0,66065.6,52.566120700000006,-1.5085590999999998,71.896,115.803,80.29,-0.04,0.1,0.0,72.09999,72.17999,72.17999,71.89999,-0.2999877999999999,72.06,0.009180069,-0.009180069,0.0,6.0,3.0,1809.0,86.0,0.0,0.009979248,0.0,14.1,7.5,15.5,1.7979911079842588,-0.8692990082434204,488.0020102991933,-236.23841701273506,2.0211436336869935
138.0,66065.7,52.5661126,-1.5085326,72.01100000000001,116.417,80.32,0.01,0.1,0.0,72.19,72.16,72.09999,71.92,0.0,72.06,0.0,-0.01938009,0.0,6.0,3.0,1836.0,86.0,0.0,0.009979248,0.0,14.0,7.5,18.5,1.7914332391841983,-0.8899377872258447,489.79344353837746,-237.1283547999609,2.0318599552942387
138.0,66065.8,52.5661048,-1.5085061000000002,71.91,115.84,80.31,-0.01,0.1,0.0,72.17999,72.17,72.06999,71.89,0.2000122,72.21,0.0,-0.02958012,0.0,6.0,3.0,1880.0,86.0,0.0,0.009979248,0.0,14.0,7.5,19.5,1.7977793700355367,-0.8706294198306349,491.591222908413,-237.99898421979154,2.0217894055102312
138.0,66065.9,52.566097,-1.5084796,71.932,115.848,80.3,-0.02,0.1,0.0,72.23,72.17999,72.03,71.76999,0.1000061,72.28,0.0,-0.009180069,0.0,6.0,3.0,1894.0,86.0,0.0,0.009979248,0.0,14.0,7.5,19.5,1.7982077615014598,-0.8711468640944473,493.3894306699145,-238.87013108388598,2.021929031850391
138.0,66066.0,52.5660891,-1.5084531,72.007,115.949,80.3,-0.02,0.1,0.0,72.37999,72.47,71.95999,71.94,-0.1999817,72.25,0.0,-0.009180069,0.0,6.0,3.0,1902.0,86.0,0.0,-0.2200012,0.0,14.0,7.5,20.0,1.7985426257097061,-0.8752269643307704,495.1879732956242,-239.74535804821676,2.023691814394905
138.0,66066.1,52.5660813,-1.5084265,71.914,115.779,80.29,-0.03,0.1,0.0,72.44,72.34,72.37,72.17999,-0.1000061,72.4,0.009180069,-0.02958012,0.0,6.0,3.0,1912.0,86.0,0.0,0.009979248,0.0,14.0,7.5,20.0,1.7988053204689862,-0.8687632417909017,496.9867786160932,-240.61412129000766,2.0207247546665146
138.0,66066.2,52.5660734,-1.5083999999999995,71.968,115.903,80.28,-0.03,0.1,0.0,72.50999,72.45999,72.23999,72.14999,0.0,72.5,0.009180069,-0.02958012,0.0,6.0,3.0,1891.0,86.0,0.0,-0.2200012,0.0,14.0,7.5,20.0,1.7982702270840272,-0.8733094668850578,498.7850488431772,-241.4874307568927,2.0228889629389877
138.0,66066.3,52.5660655,-1.5083734,72.194,116.105,80.29,-0.01,0.1,0.0,72.51999,72.34,72.42999,72.23,0.0,72.49,0.01937985,-0.02958012,0.0,6.0,3.0,1900.0,86.0,0.0,0.009979248,0.0,14.0,7.5,20.0,1.800817524728866,-0.8824062773509791,500.5858663679061,-242.3698370342437,2.0264145280280164
138.0,66066.4,52.5660577,-1.5083467999999998,72.04,115.703,80.28,-0.01,0.1,0.0,72.42999,72.45999,72.45999,72.25,-0.1000061,72.5,0.02957988,-0.009180069,0.0,6.0,3.0,1901.0,86.0,0.0,0.009979248,0.0,14.0,7.5,20.0,1.8031097989604294,-0.8678944244003568,502.3889761668665,-243.23773145864405,2.0193983044349992
138.0,66066.5,52.5660497,-1.5083201,72.50399999999999,115.97,80.27,-0.03,0.1,0.0,72.7,72.70999,72.78999,72.34,-0.1999817,72.64,0.01937985,-0.009180069,0.0,6.0,3.0,1884.0,86.0,0.0,0.009979248,0.0,14.0,7.5,11.0,1.8106332357108206,-0.8819315652245154,504.1996094025773,-244.11966302386855,2.024058333537824
138.0,66066.6,52.5660419,-1.5082934,72.515,115.74,80.26,-0.04,0.1,0.0,73.03,73.03,72.41,72.06999,-0.3999939,72.95,0.0,-0.02958012,0.0,6.0,3.0,1855.0,86.0,0.0,0.009979248,0.0,14.0,7.5,6.0,1.8144341744347345,-0.8747888303958384,506.01404357701205,-244.99445185426438,2.020044076258237
138.0,66066.7,52.5660339,-1.5082668,72.29899999999999,116.045,80.23,-0.06,0.1,0.0,72.81,72.87,72.55,72.37,0.0,72.84,0.0,-0.01938009,0.0,6.0,3.0,1841.0,86.0,0.0,0.009979248,0.0,14.0,7.5,5.5,1.8043610684744256,-0.8818006231848203,507.81840464548645,-245.8762524774492,2.02536733047682
138.0,66066.8,52.5660261,-1.5082402,72.187,115.857,80.24,-0.04,0.1,0.0,72.75,72.67,72.89,72.62,0.0,72.77,0.0,-0.009180069,0.0,6.0,3.0,1846.0,86.0,0.0,0.009979248,0.0,14.1,7.5,5.5,1.8044450877248288,-0.8745185449243481,509.6228497332113,-246.75077102237356,2.02208611148307
138.0,66066.9,52.5660181,-1.5082133,72.77,115.869,80.24,-0.03,0.1,0.0,72.73999,72.67999,72.67,72.47,-0.1000061,72.77,0.0,0.0,0.0,6.0,3.0,1844.0,86.0,0.0,-0.2200012,0.0,14.1,7.5,5.5,1.818833553031629,-0.8819623271375017,511.44168328624295,-247.63273334951106,2.02229555099331
138.0,66067.0,52.5660103,-1.5081866,72.346,115.714,80.24,-0.02,0.1,0.0,72.75,72.70999,72.75,72.48,-0.1999817,72.78,-0.009180069,-0.01938009,0.0,6.0,3.0,1843.0,86.0,0.0,0.009979248,0.0,14.0,7.5,5.5,1.8106013957313019,-0.8719285542274069,513.2522846819743,-248.50466190373845,2.0195902906527183
138.0,66067.1,52.5660025,-1.50816,72.223,115.775,80.24,-0.01,0.1,0.0,72.75,72.64999,72.41,72.34,-0.2999877999999999,72.74,-0.01938009,-0.01938009,0.0,6.0,3.0,1842.0,86.0,0.0,0.009979248,0.0,14.0,7.5,4.5,1.8065953326081232,-0.8723700207585635,515.0588800145824,-249.377031924497,2.020654941496435
138.0,66067.2,52.5659946,-1.5081334,72.15100000000001,115.891,80.24,-0.01,0.1,0.0,72.51999,72.44,72.48999,72.33,0.2000122,72.57,-0.009180069,-0.01938009,0.0,6.0,3.0,1839.0,86.0,0.0,0.009979248,0.0,14.0,7.5,4.0,1.8030261939168932,-0.8751525096756207,516.8619062084994,-250.25218443417262,2.0226795234287485
138.0,66067.3,52.5659867,-1.5081067,72.4,116.062,80.25,0.0,0.1,0.0,72.26999,72.31,72.47,72.25999,0.2000122,72.38,-0.009180069,0.0,0.0,6.0,3.0,1827.0,86.0,0.0,-0.2200012,0.0,14.0,7.5,4.0,1.8066196378449737,-0.8835685516061921,518.6685258463443,-251.13575298577882,2.0256640364496588
138.0,66067.4,52.5659788,-1.50808,72.374,115.873,80.26,0.01,0.1,0.0,72.48999,72.42,72.5,72.17999,0.0,72.38,-0.02958012,0.0,0.0,6.0,3.0,1810.0,86.0,0.0,0.009979248,0.0,14.0,7.5,4.0,1.8088745773256798,-0.8772891473583515,520.47740042367,-252.01304213313716,2.0223653641633894
138.0,66067.5,52.5659709,-1.5080534,72.184,115.958,80.24,-0.01,0.1,0.0,72.3,72.37999,72.09999,71.81999,0.1000061,72.43,-0.02958012,-0.01938009,0.0,6.0,3.0,1791.0,86.0,0.0,0.009979248,0.0,14.0,7.5,4.0,1.8028257726673864,-0.8776615528251619,522.2802261963374,-252.89070368596234,2.0238488940275845
138.0,66067.6,52.565963,-1.5080269999999998,71.842,116.079,80.23,-0.01,0.1,0.0,72.12,72.19,72.11,71.92,0.2000122,72.03,-0.02958012,0.0,0.0,6.0,3.0,1783.0,86.0,0.0,0.009979248,0.0,14.0,7.5,4.0,1.7924354724555103,-0.8772905926050472,524.0726616687929,-253.7679942785674,2.0259607424224977
138.0,66067.7,52.5659551,-1.5080004,72.184,115.907,80.23,-0.01,0.1,0.0,72.14999,72.3,72.25999,71.86,0.2000122,72.23,-0.03978014,-0.009180069,0.0,6.0,3.0,1789.0,86.0,0.0,0.009979248,0.0,14.0,7.5,4.0,1.8036062806404738,-0.8760564778229032,525.8762679494333,-254.6440507563903,2.0229587761090673
138.0,66067.8,52.5659472,-1.507974,71.766,115.898,80.22,-0.02,0.1,0.0,72.05,72.09999,71.78,71.41,0.1000061,72.23,-0.03978014,-0.01938009,0.0,6.0,3.0,1789.0,86.0,0.0,-0.2200012,0.0,14.0,7.5,7.0,1.7932988266649852,-0.870701767703494,527.6695667760983,-255.51475252409378,2.022801696476388
138.0,66067.9,52.5659395,-1.5079477,71.204,115.881,80.22,-0.01,0.1,0.0,71.84,71.73999,71.78999,71.56,-0.1000061,71.95,-0.01938009,-0.01938009,0.0,6.0,3.0,1776.0,86.0,0.0,0.009979248,0.0,14.0,7.5,11.5,1.7795117332210726,-0.8633553429027105,529.4490785093194,-256.3781078669965,2.022504990503549
138.0,66068.0,52.5659316,-1.5079213,71.795,116.001,80.23,0.01,0.1,0.0,71.83,71.73,71.84,71.56999,-0.1999817,71.75,-0.01938009,-0.02958012,0.0,6.0,3.0,1791.0,86.0,0.0,-0.2200012,0.0,14.0,7.5,12.5,1.7924547010902714,-0.8742772978061022,531.2415332104097,-257.2523851648026,2.024599385605942
138.0,66068.1,52.5659237,-1.5078949,71.568,116.064,80.24,0.01,0.1,0.0,71.72,71.64,71.59999,71.34,0.0,71.66,-0.009180069,-0.02958012,0.0,6.0,3.0,1770.0,86.0,0.0,0.009979248,0.0,14.0,7.5,12.5,1.7858279949784686,-0.8734771733429456,533.0273612053882,-258.12586233814557,2.0256989430346986
138.0,66068.2,52.565916,-1.5078686,71.435,115.905,80.25,0.02,0.1,0.0,71.76999,71.69,71.61,71.37,-0.1999817,71.71,-0.01938009,-0.02958012,0.0,6.0,3.0,1780.0,86.0,0.0,0.009979248,0.0,14.0,7.5,12.5,1.7849218534765936,-0.866903982451531,534.8122830588648,-258.99276632059707,2.0229238695240275
138.0,66068.3,52.5659081,-1.5078423,71.28,115.975,80.24,0.01,0.1,0.0,71.73,71.56999,71.37,71.26999,-0.1999817,71.7,-0.01938009,-0.009180069,0.0,6.0,3.0,1777.0,86.0,0.0,0.009979248,0.0,14.0,7.5,13.0,1.7799907677367433,-0.8671982857293709,536.5922738266015,-259.85996460632646,2.0241456000004234
138.0,66068.4,52.5659004,-1.5078162,71.082,116.074,80.24,0.02,0.1,0.0,71.56999,71.42999,71.48999,71.3,-0.1999817,71.59,0.0,-0.01938009,0.0,6.0,3.0,1781.0,86.0,0.0,0.009979248,0.0,14.0,7.5,13.0,1.7735494511150784,-0.8678551690514977,538.3658232777166,-260.72781977537795,2.025873475959898
138.0,66068.5,52.5658926,-1.5077899,71.377,116.005,80.26,0.03,0.1,0.0,71.56,71.36,71.56999,71.25999,-0.1999817,71.45,-0.009180069,-0.02958012,0.0,6.0,3.0,1772.0,86.0,0.0,-0.2200012,0.0,14.1,7.5,13.0,1.7819581073388893,-0.8693115458338673,540.1477813850555,-261.5971313212118,2.0246691987760217
137.0,66068.6,52.5658848,-1.5077636,71.27600000000001,116.02,80.26,0.04,0.1,0.0,71.48,71.39999,71.44,71.16,-0.1000061,71.45,-0.009180069,-0.02958012,0.0,6.0,3.0,1776.0,86.0,0.0,0.009979248,0.0,14.0,7.5,13.0,1.779209273875189,-0.8685472768377107,541.9269906589307,-262.4656785980495,2.0249309981638213
137.0,66068.7,52.565877,-1.5077375000000002,71.046,116.219,80.27,0.05,0.1,0.0,71.41,71.37999,71.33,71.06,-0.1999817,71.39,-0.009180069,-0.01938009,0.0,6.0,3.0,1767.0,86.0,0.0,-0.2200012,0.0,14.0,7.5,4.0,1.7704503572613648,-0.8718989519853246,543.697441016192,-263.33757755003484,2.0284042033752896
137.0,66068.8,52.5658693,-1.5077113,71.208,116.033,80.27,0.04,0.1,0.0,71.37999,71.41,71.28,71.03,-0.2999877999999999,71.32,-0.009180069,-0.01938009,0.0,6.0,3.0,1772.0,86.0,0.0,-0.2200012,0.0,14.1,7.5,0.0,1.777314916061438,-0.8681219321878246,545.4747559322534,-264.20569948222266,2.0251578909665806
137.0,66068.9,52.5658614,-1.5076851,71.125,116.199,80.28,0.04,0.1,0.0,71.36,71.42999,71.19,70.84999,-0.3999939,71.39,-0.01938009,-0.02958012,0.0,6.0,3.0,1766.0,86.0,0.0,0.009979248,0.0,14.0,7.5,0.0,1.7727236000963789,-0.8722497208196606,547.2474795323498,-265.0779492030423,2.0280551375248907
137.0,66069.0,52.5658536,-1.5076592,70.77199999999999,116.35,80.29,0.05,0.1,0.0,71.3,71.31999,71.14999,70.92,-0.1999817,71.25,-0.009180069,-0.02958012,0.0,6.0,3.0,1772.0,86.0,0.0,0.009979248,0.0,14.0,7.5,0.0,1.7616319255957913,-0.8725663769470225,549.0091114579456,-265.9505155799893,2.030690584695402
137.0,66069.1,52.5658456,-1.5076332,70.873,116.757,80.31,0.08,0.1,0.0,71.09999,71.22,71.11,71.0,0.1000061,71.23,-0.01938009,-0.009180069,0.0,6.0,3.0,1770.0,86.0,0.0,0.009979248,0.0,14.0,7.5,0.0,1.7578944134722048,-0.8863210742556187,550.7670058714177,-266.8368366542449,2.0377940747510195
137.0,66069.2,52.5658379,-1.5076071000000002,70.902,116.278,80.32,0.08,0.1,0.0,71.03,70.95999,71.11,70.83,0.1000061,71.04,-0.009180069,-0.009180069,0.0,6.0,3.0,1763.0,86.0,0.0,0.009979248,0.0,14.0,7.5,0.0,1.7659649598454106,-0.8719506927563034,552.5329708312631,-267.7087873470012,2.0294339476339665
137.0,66069.3,52.5658301,-1.5075811,70.848,116.069,80.32,0.07,0.1,0.0,70.98,70.87,70.84999,70.67999,-0.1999817,70.97,-0.01938009,-0.009180069,0.0,6.0,3.0,1765.0,86.0,0.0,0.009979248,0.0,14.0,7.5,0.0,1.7677864534294851,-0.8648439483925424,554.3007572846926,-268.57363129539374,2.0257862094972983
137.0,66069.4,52.5658223,-1.5075551000000005,70.726,116.258,80.33,0.07,0.1,0.0,70.84,70.83,70.62999,70.50999,0.0,70.87,-0.02958012,-0.01938009,0.0,6.0,3.0,1762.0,86.0,0.0,0.009979248,0.0,14.0,7.5,0.0,1.7618848112365513,-0.8691712891226772,556.0626420959292,-269.4428025845164,2.0290848817835676
137.0,66069.5,52.5658146,-1.5075292,70.362,116.161,80.33,0.07,0.1,0.0,70.67999,70.59999,70.59999,70.48,0.0,70.68,-0.02958012,-0.009180069,0.0,6.0,3.0,1754.0,86.0,0.0,0.009979248,0.0,14.0,7.5,0.0,1.7542784504031959,-0.861729289539912,557.8169205463323,-270.30453187405635,2.0273919124091333
137.0,66069.6,52.5658068,-1.5075033,70.502,116.254,80.34,0.08,0.1,0.0,70.62,70.45999,70.5,70.41,0.1000061,70.54,-0.02958012,-0.009180069,0.0,6.0,3.0,1741.0,86.0,0.0,0.009979248,0.0,14.1,7.5,0.0,1.7563651371837972,-0.8662958761351673,559.5732856835161,-271.1708277501915,2.029015068613488
137.0,66069.7,52.5657992,-1.5074775,70.312,116.09,80.34,0.07,0.1,0.0,70.45999,70.33,70.26999,70.2,0.2000122,70.38,-0.03978014,0.0,0.0,6.0,3.0,1729.0,86.0,0.0,0.009979248,0.0,14.0,7.5,0.0,1.7540975770174119,-0.8589439461614028,561.3273832605336,-272.0297716963529,2.0261527286402172
137.0,66069.8,52.5657914,-1.5074517,70.157,116.341,80.35,0.08,0.1,0.0,70.23,70.20999,70.17999,70.06,0.3000183,70.25,-0.03978014,-0.01938009,0.0,6.0,3.0,1728.0,86.0,0.0,0.009979248,0.0,14.1,7.5,0.0,1.7464594100274144,-0.8647095596157668,563.073842670561,-272.8944812559687,2.030533505062723
137.0,66069.9,52.5657837,-1.507426,69.955,116.241,80.36,0.08,0.1,0.0,70.06999,70.03999,69.92999,69.86,0.3000183,70.16,-0.03978014,-0.009180069,0.0,6.0,3.0,1727.0,86.0,0.0,0.009979248,0.0,14.1,7.5,0.0,1.742933109768383,-0.8591791569823297,564.8167757803294,-273.75366041295104,2.0287881758107287
137.0,66070.0,52.5657761,-1.5074004,69.808,116.166,80.36,0.08,0.1,0.0,69.83,69.78999,69.84999,69.66,0.1000061,69.88,-0.03978014,0.0,0.0,6.0,3.0,1695.0,86.0,0.0,-0.2200012,0.0,14.1,7.5,0.0,1.740391404922904,-0.8550962863356674,566.5571671852523,-274.6087566992867,2.027479178871733
137.0,66070.1,52.5657684,-1.5073747,69.67399999999999,116.187,80.37,0.08,0.1,0.0,69.67,69.67,69.69,69.42999,0.0,69.73,-0.04997993,0.0,0.0,6.0,3.0,1714.0,86.0,0.0,0.009979248,0.0,14.0,7.5,0.0,1.7367377110446278,-0.8540914905734827,568.2939048962969,-275.46284818986015,2.0278456980146515
137.0,66070.2,52.5657608,-1.5073492,69.408,116.082,80.39,0.09,0.1,0.0,69.37,69.48999,69.50999,69.19,0.0,69.61,-0.04997993,-0.009180069,0.0,6.0,3.0,1722.0,86.0,0.0,-0.2200012,0.0,14.0,7.5,0.0,1.7316635513642873,-0.8476587431722895,570.0255684476612,-276.31050693303246,2.0260131023000576
137.0,66070.3,52.5657532,-1.5073237,69.17,116.116,80.4,0.09,0.1,0.0,69.39,69.42,69.17,68.89,0.3000183,69.35,-0.04997993,-0.009180069,0.0,6.0,3.0,1710.0,86.0,0.0,-0.2200012,0.0,14.1,7.5,0.0,1.7252240880277168,-0.8457760391703069,571.7507925356889,-277.15628297220275,2.026606514245736
137.0,66070.4,52.5657457,-1.5072984,68.922,116.106,80.41,0.1,0.1,0.0,69.00999,69.12999,69.06999,68.73,0.3999939,69.08,-0.03978014,0.0,0.0,6.0,3.0,1705.0,86.0,0.0,0.009979248,0.0,14.1,7.5,0.0,1.7191855827351596,-0.8424435780012631,573.469978118424,-277.998726550204,2.026431981320536
136.0,66070.5,52.565738200000006,-1.507273,68.87899999999999,116.046,80.43,0.11,0.1,0.0,68.78999,68.92999,68.87,68.72,0.3999939,68.97,-0.04997993,0.01937985,0.0,6.0,3.0,1685.0,86.0,0.0,0.009979248,0.0,14.0,7.5,0.0,1.7189937059486118,-0.8401183177557852,575.1889718243726,-278.83884486795984,2.02538478376934
136.0,66070.6,52.5657307,-1.5072477,68.803,115.904,80.43,0.11,0.1,0.0,68.73999,68.91,68.56,68.44,1.0,68.76,-0.05915999,0.02957988,0.0,6.0,3.0,1678.0,86.0,0.0,-0.2200012,0.0,14.0,7.5,0.0,1.7191715444537996,-0.8349331741017638,576.9081433688265,-279.6737780420616,2.022906416231508
136.0,66070.7,52.5657233,-1.5072225,68.342,115.9,80.43,0.1,0.1,0.0,68.48999,68.69,68.44,68.34,1.5,68.71,-0.04997993,0.009180069,0.0,6.0,3.0,1663.0,86.0,0.0,0.009979248,0.0,14.0,7.5,0.0,1.7077104924820814,-0.8292196616840424,578.6158538613086,-280.5029977037456,2.022836603061428
136.0,66070.8,52.5657159,-1.5071973,68.16199999999999,115.774,80.45,0.11,0.1,0.0,68.3,68.42,68.2,68.05,1.399994,68.39,-0.04997993,0.009180069,0.0,6.0,3.0,1644.0,86.0,0.0,0.009979248,0.0,14.0,7.5,0.0,1.705027330055941,-0.8232880955839272,580.3208811913645,-281.3262857993295,2.0206374882039153
136.0,66070.9,52.5657086,-1.5071722,68.08,115.738,80.47,0.11,0.1,0.0,68.03999,68.16,68.16,68.08,1.200012,68.12,-0.03978014,0.01937985,0.0,6.0,3.0,1631.0,86.0,0.0,-0.2200012,0.0,14.0,7.5,0.0,1.7034924829855673,-0.8212274928298298,582.02437367435,-282.1475132921594,2.020009169673197
136.0,66071.0,52.5657013,-1.507147,68.07600000000001,115.484,80.49,0.13,0.1,0.0,67.91,67.92,67.95999,67.87,1.100006,67.97,-0.04997993,0.01937985,0.0,6.0,3.0,1630.0,86.0,0.0,-0.4599915,0.0,14.1,7.5,0.0,1.7070160447783937,-0.8136198269887043,583.7313897191284,-282.9611331191481,2.0155760333731316
136.0,66071.1,52.5656941,-1.5071219,67.766,115.373,80.49,0.12,0.1,0.0,67.72,67.75999,67.62999,67.50999,0.7000122,67.93,-0.04997993,0.01937985,0.0,6.0,3.0,1624.0,86.0,0.0,0.009979248,0.0,14.0,7.5,0.0,1.7008086184063942,-0.8066213315843316,585.4321983375348,-283.7677544507324,2.013638717903418
136.0,66071.2,52.565687,-1.507097,67.28,115.115,80.5,0.12,0.1,0.0,67.56999,67.56,67.42,67.31999,0.7000122,67.6,-0.04997993,0.009180069,0.0,6.0,3.0,1613.0,86.0,0.0,0.009979248,0.0,14.1,7.5,0.0,1.692199858866501,-0.7932246319073438,587.1243981964013,-284.56097908263973,2.0091357684332722
136.0,66071.3,52.5656799,-1.507072,67.403,115.146,80.52,0.13,0.1,0.0,67.3,67.28999,67.36,67.2,0.7000122,67.37,-0.03978014,-0.009180069,0.0,6.0,3.0,1617.0,86.0,0.0,0.009979248,0.0,14.0,7.5,0.0,1.6948632974965738,-0.7955919155969593,588.8192614938979,-285.3565709982367,2.0096768205013906
136.0,66071.4,52.5656728,-1.5070471,67.23,115.211,80.53,0.12,0.1,0.0,67.06,67.17,67.14,67.03,0.8000183000000001,67.26,-0.04997993,0.0,0.0,6.0,3.0,1615.0,86.0,0.0,0.009979248,0.0,14.0,7.5,0.0,1.6896118328760594,-0.7954672238409349,590.5088733267739,-286.15203822207764,2.010811284515187
136.0,66071.5,52.565665800000005,-1.5070222,66.97399999999999,114.929,80.54,0.12,0.1,0.0,66.98,66.89999,66.87999,66.7,0.3999939,67.06,-0.03978014,0.0,0.0,6.0,3.0,1606.0,86.0,0.0,6.429993,0.0,14.0,7.5,0.0,1.6870579309170535,-0.784144346170464,592.195931257691,-286.9361825682481,2.0058894560245633
136.0,66071.6,52.56565880000001,-1.5069974,66.715,114.872,80.55,0.12,0.1,0.0,66.75999,66.7,66.78999,66.61,0.0,66.83,-0.04997993,0.0,0.0,6.0,3.0,1607.0,86.0,0.0,2.630005,1.0,14.0,7.5,0.0,1.6813100349864016,-0.7794396802663937,593.8772412926774,-287.71562224851453,2.004894618350926
136.0,66071.7,52.5656518,-1.5069726,66.74,114.854,80.55,0.11,0.1,0.0,66.67999,66.61,66.47,66.26999,-0.1000061,66.63,-0.05915999,-0.009180069,0.0,6.0,3.0,1602.0,86.0,0.0,2.630005,1.0,14.0,7.5,0.0,1.6821849464264664,-0.7792033228637221,595.5594262391038,-288.49482557137827,2.004580459085567
136.0,66071.8,52.5656449,-1.5069481,66.082,114.952,80.56,0.1,0.1,0.0,66.28999,66.25,66.23,66.17,0.0,66.38,-0.05915999,0.0,0.0,6.0,3.0,1592.0,86.0,0.0,4.049988,1.0,14.0,7.5,0.0,1.6642779615999803,-0.7743687866689757,597.2237042007038,-289.26919435804723,2.0062908817525216
137.0,66071.9,52.56563789999999,-1.5069236,65.984,115.001,80.57,0.12,0.1,0.0,65.89999,65.92,66.25,65.91,-0.1000061,66.05,-0.05915999,0.0,0.0,6.0,3.0,1595.0,86.0,0.0,4.759979,1.0,14.0,7.5,0.0,1.6611479529846005,-0.7746413088051898,598.8848521536884,-290.04383566685243,2.007146093085999
137.0,66072.0,52.565631,-1.5068990999999998,66.013,114.862,80.58,0.12,0.1,0.0,65.78,65.67,65.78999,65.53999,-0.3999939,65.72,-0.06936002,-0.009180069,0.0,6.0,3.0,1589.0,86.0,0.0,4.529999,1.0,14.0,7.5,0.0,1.6637532476673134,-0.7709477585821806,600.5486054013556,-290.8147834254346,2.0047200854257268
137.0,66072.1,52.5656243,-1.5068747,65.41199999999999,114.625,80.61,0.13,0.1,0.0,65.50999,65.44,65.39999,65.23999,-0.3999939,65.62,-0.07956004,-0.009180069,0.0,6.0,3.0,1576.0,86.0,0.0,4.529999,1.0,14.0,7.5,0.0,1.6517518188878135,-0.7571029842767752,602.2003572202434,-291.5718864097114,2.0005836550985
137.0,66072.2,52.5656174,-1.5068505,65.095,114.878,80.62,0.13,0.1,0.0,65.36,65.25,65.19,64.92999,-0.1999817,65.32,-0.07956004,-0.01938009,0.0,6.0,3.0,1578.0,86.0,0.0,4.529999,1.0,14.0,7.5,0.0,1.6404041504246738,-0.7606848047576976,603.8407613706681,-292.3325712144691,2.004999338106046
137.0,66072.3,52.5656106,-1.5068264,64.88600000000001,114.9,80.63,0.13,0.1,0.0,64.92,64.91,64.98,64.75,-0.2999877999999999,65.07,-0.06936002,-0.01938009,0.0,6.0,3.0,1575.0,86.0,0.0,4.759979,1.0,14.0,7.5,0.0,1.6348460530921114,-0.7588702718378619,605.4756074237603,-293.09144148630696,2.0053833105414847
136.0,66072.4,52.5656039,-1.5068023,64.804,114.716,80.64,0.12,0.1,0.0,64.61,64.59999,64.50999,64.48,-0.1999817,64.71,-0.06936002,-0.009180069,0.0,6.0,3.0,1565.0,86.0,0.0,4.759979,1.0,14.0,7.5,0.0,1.6352055452710594,-0.7526638273893971,607.1108129690314,-293.84410531369633,2.002171904717815
136.0,66072.5,52.565597,-1.5067785,64.325,115.423,80.67,0.15,0.1,0.0,64.34,64.25,64.28,64.11,-0.2999877999999999,64.4,-0.07956004,-0.009180069,0.0,6.0,3.0,1566.0,86.0,0.0,4.529999,1.0,14.0,7.5,0.0,1.6137767275935122,-0.7670715526219003,608.7245896966249,-294.61117686631826,2.014511382529415
136.0,66072.6,52.5655903,-1.5067546,64.238,114.911,80.67,0.14,0.1,0.0,64.12999,64.03999,64.12999,64.00999,-0.1000061,64.11,-0.07956004,0.0,0.0,6.0,3.0,1554.0,86.0,0.0,4.759979,1.0,14.0,7.5,0.0,1.6183749933695766,-0.7516023467407127,610.3429646899945,-295.36277921305896,2.005575296759204
136.0,66072.7,52.5655836,-1.5067309000000002,63.896,114.972,80.69,0.14,0.1,0.0,63.75999,63.72,63.75,63.56,-0.1000061,63.9,-0.07956004,-0.009180069,0.0,6.0,3.0,1548.0,86.0,0.0,4.759979,1.0,14.0,7.5,0.0,1.6089619972632645,-0.7493142593490677,611.9519266872577,-296.11209347240805,2.0066399476029204
136.0,66072.8,52.5655769,-1.5067073,63.49,114.96,80.69,0.12,0.1,0.0,63.61,63.64,63.42,63.17999,-0.1999817,63.6,-0.07956004,-0.009180069,0.0,6.0,3.0,1542.0,86.0,0.0,4.529999,1.0,14.0,7.5,0.0,1.5988944352240455,-0.7442182047250319,613.5508211224817,-296.8563116771331,2.006430508092681
136.0,66072.9,52.5655702,-1.5066838,63.284,114.965,80.7,0.12,0.1,0.0,63.03,63.19,63.14999,63.0,0.0,63.23,-0.06936002,-0.009180069,0.0,6.0,3.0,1535.0,86.0,0.0,3.5799870000000005,1.0,14.0,7.5,0.0,1.5936419129894697,-0.7419425845995606,615.1444630354712,-297.5982542617326,2.006517774555281
136.0,66073.0,52.5655636,-1.5066604,63.09,114.887,80.72,0.13,0.1,0.0,63.06,63.11,63.12999,62.81,0.0,63.13,-0.06936002,-0.009180069,0.0,6.0,3.0,1534.0,86.0,0.0,-0.7000122,1.0,14.0,7.5,0.0,1.5897620104454813,-0.7375045763548472,616.7342250459167,-298.3357588380875,2.0051564177387253
136.0,66073.1,52.565557,-1.5066370999999998,62.827,114.945,80.72,0.12,0.1,0.0,62.89,62.89999,62.51999,62.37999,0.0,63.04,-0.05915999,-0.01938009,0.0,6.0,3.0,1521.0,86.0,0.0,-0.2200012,0.0,14.1,7.5,0.0,1.5823905842245172,-0.7360323959428309,618.3166156301412,-299.07179123403034,2.006168708704882
136.0,66073.2,52.5655504,-1.506614,62.323,115.108,80.72,0.11,0.1,0.0,62.64999,62.66,62.67,62.459990000000005,0.0,62.66,-0.04997993,-0.01938009,0.0,6.0,3.0,1523.0,86.0,0.0,0.0,0.0,14.0,7.5,0.0,1.5676131209983808,-0.7345905712361301,619.8842287511396,-299.8063818052665,2.0090135953856327
136.0,66073.3,52.5655438,-1.5065907,62.554,114.992,80.74,0.12,0.1,0.0,62.5,62.47,62.51999,62.31,0.0,62.44,-0.03978014,-0.02958012,0.0,6.0,3.0,1512.0,86.0,0.0,0.0,0.0,14.0,7.5,0.0,1.5749129995607527,-0.7341262951777048,621.4591417507004,-300.5405081004442,2.0069890134533197
136.0,66073.4,52.5655372,-1.5065676,62.348,115.174,80.76,0.12,0.1,0.0,62.28,62.37999,62.25999,62.06999,0.0,62.32,-0.04997993,-0.01938009,0.0,6.0,3.0,1512.0,86.0,0.0,0.0,0.0,14.0,7.5,0.0,1.567394379780502,-0.736691239047463,623.0265361304808,-301.27719933949163,2.010165512691949
136.0,66073.5,52.5655307,-1.5065446999999998,61.909,115.125,80.76,0.11,0.1,0.0,62.23999,62.16,61.959990000000005,61.94,-0.1000061,62.21,-0.04997993,-0.009180069,0.0,6.0,3.0,1501.0,86.0,0.0,0.0,0.0,14.1,7.5,0.0,1.5569831829492087,-0.7301728221910467,624.5835193134301,-302.00737216168267,2.009310301358472
136.0,66073.6,52.5655242,-1.5065218,61.697,115.126,80.78,0.12,0.1,0.0,61.98999,61.87999,61.92999,61.78999,-0.1999817,62.1,-0.04997993,-0.009180069,0.0,6.0,3.0,1501.0,86.0,0.0,0.0,0.0,14.0,7.5,8.5,1.5516387788877721,-0.727699513607609,626.1351580923179,-302.73507167529027,2.009327754650992
136.0,66073.7,52.5655177,-1.5064989,61.596,115.075,80.79,0.12,0.1,0.0,61.7,61.69,61.78,61.55,-0.3999939,61.66,-0.02958012,-0.01938009,0.0,6.0,3.0,1521.0,86.0,0.0,-0.230011,0.0,14.0,7.5,12.0,1.5497447598704572,-0.7251290776503582,627.6849028521883,-303.46020075294064,2.008437636732475
136.0,66073.8,52.5655112,-1.5064761,61.423,115.127,80.82,0.15,0.1,0.0,61.56,61.39999,61.849990000000005,61.50999,-0.3999939,61.45,-0.01938009,-0.02958012,0.0,6.0,3.0,1565.0,86.0,0.0,0.0,0.0,14.0,7.5,15.0,1.5447352153717075,-0.724494718161293,629.22963806756,-304.1846954711019,2.009345207943512
136.0,66073.9,52.5655047,-1.5064532,61.632,115.164,80.84,0.15,0.1,0.0,61.67999,61.58,61.5,61.23,-0.1999817,61.56,-0.01938009,-0.02958012,0.0,6.0,3.0,1550.0,86.0,0.0,0.0,0.0,14.0,7.5,17.5,1.549521610851073,-0.7279606977752958,630.7791596784111,-304.9126561688772,2.0099909797667497
136.0,66074.0,52.5654982,-1.5064306,61.18600000000001,115.196,80.84,0.13,0.1,0.0,61.67,61.59,61.25999,61.00999,-0.2999877999999999,61.64,-0.01938009,-0.01938009,0.0,6.0,3.0,1582.0,86.0,0.0,0.0,0.0,14.0,7.5,21.0,1.5379046292013094,-0.723551850590909,632.3170643076124,-305.63620801946814,2.0105494851273877
136.0,66074.1,52.5654918,-1.5064080000000002,60.937,115.144,80.85,0.13,0.1,0.0,61.56999,61.459990000000005,61.36,61.17,-0.6000061,61.54,0.0,-0.01938009,0.0,6.0,3.0,1629.0,86.0,0.0,0.0,0.0,14.0,7.5,23.0,1.532299408071407,-0.7192169396483252,633.8493637156838,-306.3554249591165,2.009641913916351
136.0,66074.2,52.565485200000005,-1.5063853000000005,61.322,115.288,80.87,0.13,0.1,0.0,61.44,61.31,61.42,61.23999,-0.6999816999999999,61.44,0.0,-0.02958012,0.0,5.0,3.0,1689.0,86.0,0.0,-0.230011,0.0,14.0,7.5,23.0,1.5401565988346562,-0.727634082390447,635.3895203145184,-307.08305904150694,2.0121551880392228
136.0,66074.3,52.5654787,-1.5063626,61.29,115.168,80.88,0.14,0.1,0.0,61.58,61.459990000000005,61.53,61.23999,-0.6000061,61.6,0.0,-0.02958012,0.0,5.0,3.0,1843.0,85.0,0.0,0.0,0.0,14.0,7.5,23.5,1.5408726710731948,-0.7240287712099279,636.9303929855917,-307.8070878127169,2.0100607929368297
136.0,66074.4,52.5654722,-1.50634,61.096,115.464,80.9,0.14,0.1,0.0,61.67,61.599990000000005,61.53999,61.28,-0.5,61.67,0.01937985,-0.02958012,0.0,5.0,3.0,1852.0,86.0,0.0,0.0,0.0,14.0,7.5,23.5,1.5322462777333112,-0.729662571213025,638.462639263325,-308.53675038392987,2.015226967522733
136.0,66074.5,52.5654656,-1.5063173,61.243,115.423,80.91,0.14,0.1,0.0,61.75,61.7,61.62,61.31,-0.5,61.74,0.02957988,-0.02958012,0.0,5.0,3.0,1858.0,86.0,0.0,0.0,0.0,14.0,7.5,24.0,1.5364559366966106,-0.7303188977415163,639.9990952000215,-309.2670692816714,2.014511382529415
136.0,66074.6,52.565459,-1.5062946,61.427,115.419,80.92,0.13,0.1,0.0,61.81999,61.81,61.7,61.42999,-0.6000061,61.69,0.02957988,-0.02958012,0.0,5.0,3.0,1873.0,85.0,0.0,0.0,0.0,14.0,7.5,25.0,1.5411232386224452,-0.7324054971787275,641.5402184386439,-309.99947477885013,2.0144415693593354
136.0,66074.7,52.565452400000005,-1.5062719000000002,61.481,115.611,80.93,0.14,0.1,0.0,62.00999,61.98,61.84,61.53999,-0.6000061,61.68,0.01937985,-0.01938009,0.0,5.0,3.0,1932.0,86.0,0.0,-0.230011,0.0,14.0,7.5,25.5,1.540012900221453,-0.7382141171353528,643.0802313388654,-310.73768889598546,2.017792601523164
136.0,66074.8,52.5654458,-1.5062491,61.628,115.466,80.95,0.14,0.1,0.0,62.06,62.17,62.0,61.8,-0.5,61.99,0.0397799,-0.02958012,0.0,5.0,3.0,1899.0,85.0,0.0,0.0,0.0,14.0,7.5,25.5,1.5455627844653845,-0.7360701374032521,644.6257941233307,-311.4737590333887,2.0152618741077726
136.0,66074.9,52.565439100000006,-1.5062263000000002,61.718,115.653,80.95,0.13,0.1,0.0,62.26999,62.28,62.06999,61.89,-0.3999939,62.21,0.0397799,-0.01938009,0.0,5.0,3.0,1943.0,85.0,0.0,0.0,0.0,14.1,7.5,26.5,1.545405777600295,-0.742192862337888,646.171199900931,-312.2159518957266,2.018525639809002
136.0,66075.0,52.5654325,-1.5062035,61.6,115.685,80.97,0.14,0.1,0.0,62.36,62.34,62.25,62.06,-0.3999939,62.27,0.04997993,-0.01938009,0.0,5.0,3.0,1980.0,85.0,0.0,0.0,0.0,14.1,7.5,27.0,1.5420371156347947,-0.7416351991192326,647.7132370165658,-312.95758709484585,2.01908414516964
136.0,66075.1,52.565425700000006,-1.5061805,62.309,115.757,80.98,0.13,0.1,0.0,62.5,62.48999,62.39999,62.25999,0.0,62.43,0.04997993,-0.009180069,0.0,5.0,3.0,1997.0,85.0,0.0,0.0,0.0,14.0,7.5,27.5,1.5588416380305223,-0.7521307191468071,649.2720786545964,-313.70971781399265,2.020340782231076
136.0,66075.2,52.5654189,-1.5061577,62.06399999999999,115.835,80.99,0.13,0.1,0.0,62.709990000000005,62.67999,62.50999,62.47,0.0,62.72,0.04997993,-0.009180069,0.0,5.0,3.0,1988.0,85.0,0.0,-0.230011,0.0,14.0,7.5,27.5,1.5516909166738706,-0.7512864294740077,650.8237695712703,-314.4610042434667,2.0217021390476315
136.0,66075.3,52.5654122,-1.5061346,62.359,115.712,81.01,0.13,0.1,0.0,62.89,62.86,62.75,62.64,0.0,62.9,0.05915999,-0.009180069,0.0,5.0,3.0,1984.0,85.0,0.0,0.0,0.0,14.0,7.5,28.0,1.5606832489585076,-0.7515087423207495,652.3844528202288,-315.21251298578744,2.0195553840676785
136.0,66075.4,52.5654054,-1.5061115,62.539,115.724,81.02,0.13,0.1,0.0,63.06999,63.01999,62.91,62.78,0.1000061,62.95,0.05915999,0.0,0.0,5.0,3.0,1976.0,85.0,0.0,0.0,0.0,13.9,7.5,28.0,1.5650302955650295,-0.7540057770151886,653.9494831157939,-315.96651876280265,2.019764823577918
136.0,66075.5,52.5653986,-1.5060884,62.777,115.725,81.04,0.14,0.1,0.0,63.28999,63.2,63.09,62.89,-0.1999817,63.11,0.04997993,0.0,0.0,5.0,3.0,1978.0,85.0,0.0,-0.230011,0.0,14.0,7.5,28.0,1.570973004232918,-0.7569026592355321,655.5204561200268,-316.7234214220382,2.019782276870438
136.0,66075.6,52.5653918,-1.5060651,62.986,115.722,81.04,0.12,0.1,0.0,63.37,63.53,63.31,63.11,0.1000061,63.87,0.0397799,-0.01938009,0.0,5.0,3.0,1998.0,85.0,0.0,-0.230011,0.0,14.0,7.5,29.0,1.5762429190302603,-0.7593400426228163,657.0966990390571,-317.482761464661,2.019729916992878
136.0,66075.7,52.565385,-1.506042,62.78,115.884,81.06,0.14,0.1,0.0,63.50999,63.64,62.50999,62.8,0.7000122,63.56,0.04997993,0.009180069,0.0,5.0,3.0,2016.0,85.0,0.0,0.0,0.0,14.0,7.5,29.5,1.5689414706656475,-0.7612956839596817,658.6656405097227,-318.2440571486207,2.022557350381109
136.0,66075.8,52.5653781,-1.5060186999999998,63.223,115.813,81.08,0.14,0.1,0.0,63.66,63.73,63.75,63.78,0.5,63.58,0.07956004,0.0,0.0,5.0,3.0,2005.0,85.0,0.0,0.0,0.0,14.0,7.5,29.5,1.5809613582550437,-0.7647091672014257,660.2466018679778,-319.00876631582213,2.021318166612193
136.0,66075.9,52.5653712,-1.5059951,63.806,115.676,81.1,0.15,0.1,0.0,64.06,64.01999,63.87,63.76999,0.5,63.82,0.06936002,0.009180069,0.0,5.0,3.0,2014.0,85.0,0.0,0.0,0.0,14.0,7.5,29.5,1.59738071617445,-0.7679435012100767,661.8439825841523,-319.7767098170322,2.018927065536961
136.0,66076.0,52.5653644,-1.5059715,63.716,115.536,81.12,0.15,0.1,0.0,64.28999,64.31999,63.94,63.89999,0.2000122,64.12,0.06936002,0.0,0.0,5.0,3.0,2019.0,85.0,0.0,0.0,0.0,14.0,7.5,29.5,1.596996599166581,-0.7629603798774351,663.4409791833189,-320.53967019690964,2.0164836045841685
137.0,66076.1,52.5653575,-1.5059479,63.846,115.43,81.12,0.13,0.1,0.0,64.56,64.48999,64.3,64.12999,-0.2999877999999999,64.47,0.05915999,-0.01938009,0.0,5.0,3.0,2025.0,85.0,0.0,0.0,0.0,14.0,7.5,29.5,1.601666612097084,-0.7615551941215091,665.042645795416,-321.30122539103115,2.014633555577055
137.0,66076.2,52.5653506,-1.5059242,64.184,115.507,81.13,0.14,0.1,0.0,64.64999,64.66,64.48,64.3,-0.6000061,64.6,0.05915999,-0.009180069,0.0,5.0,3.0,2028.0,85.0,0.0,0.0,0.0,14.0,7.5,29.5,1.6091154883881449,-0.7677500473154257,666.6517612838041,-322.06897543834657,2.0159774591010904
137.0,66076.3,52.5653437,-1.5059004,64.321,115.456,81.13,0.12,0.1,0.0,64.97,64.95999,64.87999,64.62,-0.1000061,64.87,0.05915999,-0.01938009,0.0,5.0,3.0,2011.0,85.0,0.0,0.0,0.0,14.0,7.5,28.5,1.6132343344933089,-0.7679531364742075,668.2649956182975,-322.8369285748208,2.015087341182573
137.0,66076.4,52.5653368,-1.5058765,64.627,115.451,81.15,0.13,0.1,0.0,65.19,65.11,64.98999,64.67,-0.1999817,65.09,0.06936002,-0.01938009,0.0,5.0,3.0,2018.0,85.0,0.0,0.0,0.0,14.0,7.5,27.5,1.6209764465278866,-0.7714651341220957,669.8859720648253,-323.60839370894286,2.0150000747199734
137.0,66076.5,52.5653297,-1.5058526,64.688,115.745,81.16,0.12,0.1,0.0,65.28,65.3,65.22,65.0,0.0,65.23,0.06936002,-0.009180069,0.0,5.0,3.0,2021.0,85.0,0.0,-0.230011,0.0,14.0,7.5,27.5,1.6185227768692885,-0.7805086160752316,671.5044948416946,-324.3889023250181,2.0201313427208367
137.0,66076.6,52.5653228,-1.5058286,64.933,115.533,81.17,0.13,0.1,0.0,65.62999,65.56,65.39,65.25999,0.0,65.46,0.05915999,0.0,0.0,5.0,3.0,2028.0,85.0,0.0,-0.230011,0.0,14.0,7.5,27.5,1.627540555092445,-0.7774479985498258,673.132035396787,-325.1663503235679,2.0164312447066086
137.0,66076.7,52.565315700000006,-1.5058045,65.29,115.499,81.17,0.12,0.1,0.0,65.64999,65.61,65.62,65.36,0.0,65.67,0.05915999,0.0,0.0,5.0,3.0,2053.0,85.0,0.0,0.0,0.0,14.0,7.5,27.5,1.6369523273496165,-0.7807511385392617,674.7689877241367,-325.9471014621071,2.0158378327609308
137.0,66076.8,52.5653087,-1.5057804,65.218,115.655,81.19,0.12,0.1,0.0,65.97,65.91,65.81,65.66,0.1000061,65.89,0.05915999,0.0,0.0,5.0,3.0,2047.0,85.0,0.0,-0.230011,0.0,14.0,7.5,27.5,1.6330176660314373,-0.7843392890391715,676.4020053901681,-326.7314407511463,2.018560546394042
137.0,66076.9,52.5653017,-1.5057561,65.58800000000001,115.48,81.2,0.12,0.1,0.0,66.12,66.06999,66.01999,65.72,0.0,66.08,0.05915999,0.0,0.0,5.0,3.0,2049.0,85.0,0.0,0.0,0.0,14.0,7.5,27.5,1.6446837881331555,-0.7837693286348767,678.0466891783013,-327.5152100797812,2.015506220203052
137.0,66077.0,52.5652945,-1.5057319,65.812,115.785,81.21,0.11,0.1,0.0,66.23999,66.14999,66.23999,65.94,0.0,66.26,0.05915999,0.0,0.0,5.0,3.0,2066.0,85.0,0.0,0.0,0.0,14.0,7.5,27.5,1.6460909940309727,-0.7952198903058355,679.6927801723323,-328.310429970087,2.0208294744216344
137.0,66077.1,52.5652875,-1.5057074,65.98100000000001,115.375,81.22,0.12,0.1,0.0,66.55,66.45999,66.44,66.17,0.0,66.49,0.05915999,0.0,0.0,5.0,3.0,2072.0,85.0,0.0,0.0,0.0,14.0,7.5,27.5,1.6559808103699822,-0.7854322123275098,681.3487609827023,-329.0958621824145,2.0136736244884577
137.0,66077.2,52.565280300000005,-1.505683,66.146,115.538,81.23,0.12,0.1,0.0,66.78,66.76999,66.59,66.42,0.0,66.67,0.05915999,0.0,0.0,5.0,3.0,2061.0,85.0,0.0,0.0,0.0,14.0,7.5,27.5,1.6578751861583194,-0.7921160244136356,683.0066361688606,-329.88797820682817,2.0165185111692083
138.0,66077.3,52.5652732,-1.5056585,66.226,115.512,81.23,0.1,0.1,0.0,66.98,66.89999,66.76999,66.55,0.0,66.92,0.05915999,-0.009180069,0.0,5.0,3.0,2057.0,85.0,0.0,0.0,0.0,14.0,7.5,27.5,1.6602400109631763,-0.7923207343749431,684.6668761798238,-330.6802989412031,2.01606472556369
138.0,66077.4,52.5652661,-1.5056337,66.78699999999999,115.299,81.24,0.1,0.1,0.0,67.23,67.14999,66.95,66.8,-0.3999939,67.14,0.05915999,-0.01938009,0.0,5.0,3.0,2067.0,85.0,0.0,0.0,0.0,14.0,7.5,26.5,1.677262760722046,-0.7928026603087241,686.3441389405459,-331.4731016015118,2.0123471742569423
138.0,66077.5,52.5652589,-1.505609,66.845,115.513,81.27,0.13,0.1,0.0,67.41,67.41,67.23,67.06,-0.3999939,67.28,0.05915999,-0.02958012,0.0,5.0,3.0,2063.0,85.0,0.0,0.0,0.0,14.0,7.5,25.0,1.675743954682342,-0.7997556311071278,688.0198828952283,-332.27285723261895,2.0160821788562098
138.0,66077.6,52.5652517,-1.5055842999999998,66.816,115.481,81.28,0.12,0.1,0.0,67.48,67.41,67.48,67.17999,-0.2999877999999999,67.43,0.05915999,-0.02958012,0.0,5.0,3.0,2072.0,85.0,0.0,0.0,0.0,14.0,7.5,21.5,1.6754631635567447,-0.798473034963877,689.695346058785,-333.0713302675828,2.0155236734955717
138.0,66077.7,52.5652443,-1.5055594,67.41,115.792,81.28,0.11,0.1,0.0,67.70999,67.58,67.62,67.36,-0.1999817,67.67,0.04997993,-0.01938009,0.0,5.0,3.0,2067.0,85.0,0.0,0.0,0.0,14.0,7.5,18.5,1.6859606743280642,-0.8147348369986761,691.3813067331131,-333.8860651045815,2.020951647469274
138.0,66077.8,52.565237,-1.5055347,67.169,115.957,81.29,0.11,0.1,0.0,67.76999,67.8,67.59,67.42999,-0.1999817,67.76,0.0397799,0.0,0.0,5.0,3.0,2074.0,85.0,0.0,0.0,0.0,14.1,7.5,14.5,1.6775882911202444,-0.8166565352938977,693.0588950242334,-334.7027216398754,2.023831440735065
138.0,66077.9,52.5652297,-1.5055098,67.396,115.587,81.3,0.11,0.1,0.0,67.84999,67.69,67.67,67.37999,-0.5,67.75,0.02957988,-0.01938009,0.0,6.0,3.0,2073.0,85.0,0.0,0.0,0.0,14.0,7.5,14.0,1.6885141860163313,-0.8085294403837655,694.7474092102497,-335.51125108025917,2.0173737225026858
138.0,66078.0,52.5652224,-1.5054847,67.80199999999999,115.617,81.3,0.1,0.1,0.0,67.8,67.69,67.78999,67.58,-0.6999816999999999,67.85,0.009180069,-0.04997993,0.0,6.0,3.0,2080.0,85.0,0.0,0.0,0.0,14.0,7.5,14.0,1.6982598300922591,-0.8142894180112705,696.445669040342,-336.32554049827047,2.017897321278284
138.0,66078.1,52.5652148,-1.5054598999999995,67.806,116.17,81.3,0.09,0.1,0.0,67.89,68.05,67.56,67.50999,0.1000061,67.88,-0.009180069,-0.02958012,0.0,6.0,3.0,2083.0,85.0,0.0,0.0,0.0,14.0,7.5,14.0,1.6904213199208034,-0.8306912851097024,698.1360903602628,-337.1562317833802,2.0275489920418126
138.0,66078.2,52.5652075,-1.5054352,67.093,115.938,81.3,0.08,0.1,0.0,67.8,67.73999,67.69,67.42,0.0,67.97,0.0,-0.01938009,0.0,6.0,3.0,2101.0,85.0,0.0,0.0,0.0,14.0,7.5,14.0,1.6759605580181534,-0.8151767846427959,699.8120509182809,-337.971408568023,2.0234998281771857
138.0,66078.3,52.5652001,-1.5054103,67.586,116.082,81.31,0.09,0.1,0.0,67.8,67.73,67.73999,67.66,-0.3999939,67.76,0.0,0.0,0.0,6.0,3.0,2109.0,85.0,0.0,0.0,0.0,14.0,7.5,15.0,1.6862063851790385,-0.8254072126562119,701.4982573034599,-338.7968157806792,2.0260131023000576
138.0,66078.4,52.56519289999999,-1.5053852,67.691,115.553,81.35,0.12,0.1,0.0,67.75,67.62999,67.67,67.62,-0.5,67.75,0.0,0.009180069,0.0,6.0,3.0,2115.0,85.0,0.0,0.0,0.0,14.0,7.5,15.0,1.6963865982260868,-0.811061953004832,703.194643901686,-339.607877733684,2.0167803105570075
138.0,66078.5,52.5651859,-1.5053603,67.108,115.089,81.37,0.13,0.1,0.0,67.95,67.73,67.70999,67.53999,-0.3999939,67.84,-0.009180069,0.0,0.0,6.0,3.0,2132.0,85.0,0.0,0.0,0.0,14.0,7.5,15.0,1.6882326430352277,-0.7904307544359539,704.8828765447213,-340.39830848811994,2.008681982827754
138.0,66078.6,52.56517899999999,-1.5053353,66.913,114.738,81.42,0.17,0.1,0.0,67.89,67.81999,67.42,67.31,-0.2999877999999999,67.85,0.0,-0.01938009,0.0,6.0,3.0,2149.0,85.0,0.0,0.0,0.0,14.0,7.5,15.0,1.688123612486442,-0.7778069855525649,706.5710001572078,-341.1761154736725,2.0025558771532537
138.0,66078.7,52.565172100000005,-1.5053105,66.604,114.972,81.47,0.2,0.1,0.0,67.8,67.7,67.61,67.39999,-0.1999817,67.74,0.0,-0.01938009,0.0,6.0,3.0,2168.0,85.0,0.0,0.0,0.0,14.1,7.5,13.5,1.6771520105440474,-0.7810712240153579,708.2481521677519,-341.95718669768786,2.0066399476029204
138.0,66078.8,52.5651648,-1.5052856,67.068,115.382,81.5,0.22,0.1,0.0,67.78,67.62999,67.7,67.51999,-0.1999817,67.7,0.0,-0.009180069,0.0,6.0,3.0,2118.0,85.0,0.0,-0.230011,0.0,14.0,7.5,13.0,1.6831646141538774,-0.7985774111883139,709.9313167819057,-342.7557641088762,2.0137957975360976
138.0,66078.9,52.5651577,-1.5052607999999998,67.115,115.299,81.53,0.23,0.1,0.0,67.64999,67.59,67.53999,67.42,-0.2999877999999999,67.76,0.0,0.0,0.0,6.0,3.0,2058.0,85.0,0.0,0.0,0.0,14.0,7.5,12.5,1.6855000252423396,-0.7966962215194576,711.6168168071481,-343.55246033039566,2.0123471742569423
136.0,66079.0,52.5651504,-1.505236,66.97800000000001,115.781,81.57,0.24,0.1,0.0,67.69,67.59999,67.50999,67.36,-0.3999939,67.74,0.0,0.0,0.0,6.0,3.0,2003.0,85.0,0.0,0.0,0.0,14.1,7.5,12.5,1.6753115045157962,-0.8091919505513012,713.2921283116639,-344.36165228094694,2.020759661251555
136.0,66079.1,52.5651431,-1.5052112,67.406,115.528,81.55,0.2,0.1,0.0,67.70999,67.62999,67.51999,67.31999,-0.3999939,67.58,0.0,0.0,0.0,6.0,3.0,1961.0,85.0,0.0,0.0,0.0,14.0,7.5,12.5,1.6895965288545065,-0.8069099831563439,714.9817248405184,-345.1685622641033,2.0163439782440093
136.0,66079.2,52.565135700000006,-1.5051864,67.19800000000001,115.988,81.57,0.2,0.1,0.0,67.73999,67.64999,67.64,67.36,-0.2999877999999999,67.73,-0.009180069,-0.01938009,0.0,6.0,3.0,1895.0,85.0,0.0,-0.230011,0.0,14.0,7.5,12.5,1.6778702943693533,-0.8179170589958112,716.6595951348877,-345.9864793230991,2.0243724928031828
136.0,66079.3,52.5651284,-1.5051617,67.1,115.899,81.57,0.18,0.1,0.0,67.69,67.58,67.34999,67.19,-0.1000061,67.68999000000001,0.0,-0.02958012,0.0,6.0,3.0,1803.0,85.0,0.0,0.0,0.0,14.0,7.5,12.5,1.6766899584508594,-0.8141207363490452,718.3362850933386,-346.80060005944813,2.022819149768908
136.0,66079.4,52.565121,-1.5051371,67.036,116.005,81.58,0.18,0.1,0.0,67.53,67.5,67.47,67.31999,-0.1999817,67.58,0.0,-0.02958012,0.0,6.0,3.0,1731.0,85.0,0.0,0.0,0.0,14.0,7.5,11.5,1.6735831385960436,-0.8164418340154269,720.0098682319347,-347.6170418934636,2.0246691987760217
136.0,66079.5,52.5651134,-1.5051123,67.514,116.348,81.58,0.16,0.1,0.0,67.51999,67.47,67.48999,67.28999,-0.1999817,67.46,0.0,-0.009180069,0.0,6.0,3.0,1677.0,85.0,0.0,0.0,0.0,14.0,7.5,8.5,1.680563981726116,-0.8323389861665524,721.6904322136608,-348.44938087963016,2.0306556781103624
136.0,66079.6,52.565106,-1.5050875,67.49600000000001,116.255,81.59,0.14,0.1,0.0,67.5,67.47,67.48999,67.2,-0.3999939,67.51,-0.009180069,-0.009180069,0.0,6.0,3.0,1677.0,85.0,0.0,0.0,0.0,14.1,7.5,7.0,1.6814643664150748,-0.8293888895779622,723.3718965800758,-349.2787697692081,2.0290325219060077
136.0,66079.7,52.565098600000006,-1.5050629,67.036,116.2,81.58,0.12,0.1,0.0,67.50999,67.48,67.3,67.14,-0.5,67.45,-0.01938009,0.0,0.0,6.0,3.0,1679.0,85.0,0.0,0.0,0.0,14.0,7.5,6.0,1.6707947797080083,-0.8221329541040954,725.0426913597838,-350.10090272331223,2.028072590817411
136.0,66079.8,52.5650911,-1.5050382000000002,67.046,116.26,81.59,0.11,0.1,0.0,67.45999,67.48999,67.33,67.14,-0.1000061,67.43,-0.01938009,0.0,0.0,6.0,3.0,1690.0,85.0,0.0,0.0,0.0,14.0,7.5,5.5,1.6701820380039363,-0.8240050566506307,726.7128733977878,-350.92490777996284,2.0291197883686074
136.0,66079.9,52.5650837,-1.5050136,67.097,116.152,81.57,0.09,0.1,0.0,67.28999,67.39999,67.17999,67.06,0.6000061,67.23,-0.01938009,0.0,0.0,6.0,3.0,1679.0,85.0,0.0,0.0,0.0,14.0,7.5,5.5,1.6730039224653357,-0.8214797771919605,728.3858773202531,-351.7463875571548,2.0272348327764536
136.0,66080.0,52.5650759,-1.5049892,66.834,117.105,81.56,0.07,0.1,0.0,67.16,67.26999,67.17999,67.12999,0.8999939,67.2,-0.01938009,0.01937985,0.0,6.0,3.0,1681.0,85.0,0.0,0.0,0.0,14.0,7.5,5.5,1.652606262551731,-0.8458633406022509,730.0384835828049,-352.592250897757,2.04386782054796
136.0,66080.1,52.5650686,-1.5049644999999998,67.05,116.22,81.58,0.08,0.1,0.0,67.11,67.20999,67.09,67.00999,0.8999939,67.13,-0.01938009,0.02957988,0.0,6.0,3.0,1664.0,85.0,0.0,0.0,0.0,14.0,7.5,5.5,1.6708565732401426,-0.8228879399166132,731.7093401560451,-353.4151388376736,2.0284216566678097
136.0,66080.2,52.5650612,-1.5049400000000002,67.028,116.363,81.58,0.07,0.1,0.0,67.03999,67.12,66.94,66.89,0.6000061,67.09,-0.02958012,0.0397799,0.0,6.0,3.0,1662.0,85.0,0.0,0.0,0.0,14.0,7.5,5.0,1.6682500357641867,-0.8267841633344768,733.3775901918093,-354.2419230010081,2.0309174774981615
136.0,66080.3,52.565054,-1.5049154,66.6,115.815,81.57,0.06,0.1,0.0,67.05,67.12999,66.81999,66.78999,0.7000122,66.97,-0.02958012,0.02957988,0.0,6.0,3.0,1666.0,85.0,0.0,0.0,0.0,14.0,7.5,5.0,1.6653788750321774,-0.8056135566117034,735.0429690668415,-355.0475365576198,2.0213530731972327
136.0,66080.4,52.5650469,-1.5048907,66.56,115.466,81.58,0.06,0.1,0.0,66.78999,66.98,66.76999,66.7,0.7000122,66.88,-0.01938009,0.01937985,0.0,6.0,3.0,1662.0,85.0,0.0,0.0,0.0,14.0,7.5,4.5,1.66925194609619,-0.7949767694158575,736.7122210129377,-355.8425133270357,2.0152618741077726
136.0,66080.5,52.5650395,-1.5048662,66.686,116.06,81.57,0.05,0.1,0.0,66.67,66.94,66.66,66.61,0.8000183000000001,66.68999000000001,-0.01938009,0.01937985,0.0,6.0,3.0,1652.0,85.0,0.0,-0.230011,0.0,14.0,7.5,4.5,1.6640648321768303,-0.8137768920234287,738.3762858451145,-356.65629021905914,2.025629129864619
137.0,66080.6,52.5650326,-1.5048415000000002,66.42399999999999,115.238,81.6,0.07,0.1,0.0,66.56999,66.73999,66.64999,66.56999,0.7000122,66.66,-0.01938009,0.009180069,0.0,6.0,3.0,1649.0,85.0,0.0,0.0,0.0,14.1,7.5,7.5,1.6689850446456487,-0.7867171874916933,740.0452708897601,-357.44300740655086,2.0112825234132257
137.0,66080.7,52.5650252,-1.5048171,66.557,115.795,81.58,0.05,0.1,0.0,66.62,66.78,66.56,66.45999,0.5,66.63,-0.01938009,0.0,0.0,6.0,3.0,1660.0,85.0,0.0,0.0,0.0,14.1,7.5,10.5,1.6645845596300923,-0.8045124151274345,741.7098554493901,-358.2475198216783,2.021004007346834
137.0,66080.8,52.565018,-1.5047926000000005,66.218,115.799,81.6,0.06,0.1,0.0,66.58,66.64,66.41,66.22,0.1000061,66.42,-0.01938009,0.0,0.0,6.0,3.0,1658.0,85.0,0.0,0.0,0.0,14.1,7.5,12.5,1.6560503167178007,-0.8005303448756792,743.365905766108,-359.04805016655394,2.021073820516914
137.0,66080.9,52.5650107,-1.5047682000000002,66.283,115.907,81.58,0.04,0.1,0.0,66.56,66.64,66.64,66.48,0.2000122,66.4,-0.009180069,0.0,0.0,6.0,3.0,1657.0,85.0,0.0,0.0,0.0,14.0,7.5,15.0,1.6561625166199232,-0.8044393704911823,745.0220682827279,-359.85248953704513,2.0229587761090673
137.0,66081.0,52.5650037,-1.5047437,66.175,115.304,81.58,0.03,0.1,0.0,66.53999,66.56999,66.53,66.25999,0.0,66.45,0.0,-0.009180069,0.0,6.0,3.0,1650.0,85.0,0.0,0.0,0.0,14.1,7.5,15.0,1.6618246731436295,-0.7856828694311009,746.6838929558716,-360.63817240647626,2.0124344407195416
137.0,66081.1,52.5649965,-1.5047193,66.168,115.621,81.58,0.03,0.1,0.0,66.55,66.55,66.48999,66.31999,-0.1000061,66.5,0.0,-0.009180069,0.0,6.0,3.0,1649.0,85.0,0.0,0.0,0.0,14.0,7.5,15.5,1.6572769923738353,-0.7947810834112348,748.3411699482454,-361.4329534898875,2.0179671344483636
137.0,66081.2,52.56498929999999,-1.5046948,66.308,115.856,81.57,0.02,0.1,0.0,66.5,66.53,66.42999,66.25999,-0.1999817,66.5,0.0,-0.01938009,0.0,6.0,3.0,1660.0,85.0,0.0,0.0,0.0,14.0,7.5,15.5,1.6575028319885172,-0.8032677268273583,749.9986727802338,-362.23622121671485,2.0220686581905505
137.0,66081.3,52.5649822,-1.5046704,66.02,115.564,81.58,0.03,0.1,0.0,66.50999,66.51999,66.64999,66.37,-0.1999817,66.47,0.0,-0.01938009,0.0,6.0,3.0,1659.0,85.0,0.0,0.0,0.0,14.1,7.5,15.5,1.6543582011994156,-0.7913579461371182,751.6530309814333,-363.02757916285196,2.016972296774727
137.0,66081.4,52.5649751,-1.504646,66.2,115.376,81.57,0.01,0.1,0.0,66.53999,66.61,66.48,66.31,-0.1999817,66.5,0.0,-0.009180069,0.0,6.0,3.0,1655.0,85.0,0.0,0.0,0.0,14.0,7.5,15.5,1.661463483959957,-0.7880681678298234,753.3144944653933,-363.81564733068177,2.013691077780978
137.0,66081.5,52.56496789999999,-1.5046216,66.089,115.905,81.57,0.01,0.1,0.0,66.64,66.67,66.59,66.39,-0.1999817,66.54,0.0,0.0,0.0,6.0,3.0,1663.0,85.0,0.0,-0.230011,0.0,14.0,7.5,15.5,1.6513431843552124,-0.8020272596939768,754.9658376497486,-364.61767459037577,2.0229238695240275
137.0,66081.6,52.56496070000001,-1.5045971,66.373,115.601,81.57,0.0,0.1,0.0,66.62999,66.64,66.48999,66.25,-0.1999817,66.68,0.0,0.0,0.0,6.0,3.0,1686.0,85.0,0.0,0.0,0.0,14.0,7.5,15.5,1.6626897146112787,-0.7966631141211287,756.6285273643598,-365.4143377044969,2.0176180685979648
137.0,66081.7,52.5649535,-1.5045726,66.226,115.686,81.56,-0.01,0.1,0.0,66.66,66.69,66.53999,66.41,-0.1999817,66.61,0.0,0.0,0.0,6.0,3.0,1705.0,85.0,0.0,0.0,0.0,14.1,7.5,15.5,1.6578261814401998,-0.7973590108946298,758.2863535458,-366.21169671539155,2.0191015984621603
137.0,66081.8,52.5649463,-1.5045481,66.46,115.792,81.55,-0.02,0.1,0.0,66.7,66.67999,66.64,66.48,-0.1000061,66.63,0.0,-0.009180069,0.0,6.0,3.0,1723.0,85.0,0.0,0.0,0.0,14.0,7.5,15.5,1.6622006588910123,-0.8032528892884143,759.948554204691,-367.01494960467994,2.020951647469274
137.0,66081.9,52.5649392,-1.5045237,66.215,115.693,81.55,-0.01,0.1,0.0,66.76999,66.73,66.73,66.53999,0.0,66.68,0.0,-0.009180069,0.0,6.0,3.0,1724.0,85.0,0.0,0.0,0.0,14.1,7.5,15.5,1.657453408010881,-0.7974290733166478,761.6060076127019,-367.8123786779966,2.0192237715098
137.0,66082.0,52.564931900000005,-1.5044992,66.49600000000001,115.932,81.55,-0.02,0.1,0.0,66.76999,66.75,66.69,66.53999,0.0,66.68999000000001,0.0,0.0,0.0,6.0,3.0,1737.0,85.0,0.0,-0.230011,0.0,14.1,7.5,15.5,1.6611322953731797,-0.807749313870557,763.267139908075,-368.62012799186715,2.0233951084220663
137.0,66082.1,52.564924600000005,-1.5044746999999998,66.622,115.966,81.53,-0.03,0.1,0.0,66.81,66.84,66.7,66.53,0.2000122,66.8,0.0,0.0,0.0,6.0,3.0,1749.0,85.0,0.0,0.0,0.0,14.1,7.5,15.5,1.6637993639151547,-0.8102673393414224,764.9309392719902,-369.43039533120856,2.023988520367744
137.0,66082.2,52.564917400000006,-1.5044502,66.32600000000001,115.943,81.55,-0.01,0.1,0.0,66.87999,66.81999,66.75,66.58,0.0,66.82,0.0,0.0,0.0,6.0,3.0,1753.0,85.0,0.0,0.0,0.0,14.0,7.5,15.5,1.6567308255073936,-0.8060023509362888,766.5876700974975,-370.23639768214485,2.0235870946397854
137.0,66082.3,52.5649101,-1.5044257,66.564,115.866,81.53,-0.03,0.1,0.0,66.91,66.84,66.75,66.59999,0.0,66.82,0.0,0.0,0.0,6.0,3.0,1750.0,85.0,0.0,0.0,0.0,14.0,7.5,15.5,1.6637613074927264,-0.8066593529427977,768.2514314049902,-371.04305703508766,2.02224319111575
137.0,66082.4,52.5649028,-1.5044012,66.503,115.918,81.52,-0.03,0.1,0.0,66.86,66.84999,66.67999,66.64,0.0,66.83,0.0,0.009180069,0.0,6.0,3.0,1745.0,85.0,0.0,0.0,0.0,14.0,7.5,15.5,1.661504503494301,-0.8074283871988746,769.9129359084844,-371.8504854222865,2.0231507623267873
137.0,66082.5,52.5648956,-1.5043766,66.665,115.802,81.53,-0.02,0.1,0.0,66.89,66.87,66.81999,66.76999,0.2000122,66.86,0.0,0.01937985,0.0,6.0,3.0,1748.0,85.0,0.0,0.0,0.0,14.0,7.5,15.5,1.667187168208978,-0.8060215640699377,771.5801230766934,-372.6565069863565,2.021126180394474
137.0,66082.6,52.5648884,-1.504352,66.546,115.798,81.53,-0.01,0.1,0.0,66.92999,66.89,66.81999,66.61,0.0,66.88,0.0,0.0,0.0,6.0,3.0,1749.0,85.0,0.0,0.0,0.0,14.0,7.5,15.5,1.664267331132447,-0.8044665937907451,773.2443904078259,-373.4609735801472,2.0210563672243937
137.0,66082.7,52.5648813,-1.5043274,66.56,115.517,81.52,-0.03,0.1,0.0,66.98,66.97,66.83,66.64999,-0.1999817,66.9,0.0,-0.01938009,0.0,6.0,3.0,1752.0,85.0,0.0,0.0,0.0,14.0,7.5,15.5,1.668543661839986,-0.7964622853534259,774.9129340696659,-374.2574358655006,2.01615199202629
137.0,66082.8,52.564874,-1.5043028000000005,66.69,115.704,81.51,-0.03,0.1,0.0,66.92999,66.92999,66.84,66.73,0.0,66.97,0.0,-0.01938009,0.0,6.0,3.0,1752.0,85.0,0.0,0.0,0.0,14.0,7.5,15.5,1.669189093280039,-0.803469987538403,776.5821231629459,-375.060905853039,2.019415757727519
137.0,66082.9,52.5648669,-1.5042782,66.553,115.58,81.51,-0.02,0.1,0.0,67.05,66.98999,66.95,66.73999,0.0,66.96,0.0,-0.02958012,0.0,6.0,3.0,1746.0,85.0,0.0,0.0,0.0,14.0,7.5,15.5,1.6674915116959401,-0.7982125076329865,778.2496146746419,-375.85911836067197,2.0172515494550463
137.0,66083.0,52.5648595,-1.5042536,66.686,115.894,81.5,-0.03,0.1,0.0,67.12999,66.98,66.95,66.87999,0.0,67.08,0.0,-0.009180069,0.0,6.0,3.0,1736.0,85.0,0.0,0.0,0.0,14.0,7.5,11.0,1.666415557071509,-0.8089522772259597,779.9160302317134,-376.6680706378979,2.0227318833063084
137.0,66083.1,52.5648522,-1.5042291,66.679,116.033,81.49,-0.04,0.1,0.0,67.05,67.0,66.95,66.78999,0.0,67.1,0.0,0.0,0.0,6.0,3.0,1720.0,85.0,0.0,0.0,0.0,14.1,7.5,6.5,1.6642734143363196,-0.8129072901408825,781.5803036460497,-377.4809779280388,2.0251578909665806
137.0,66083.2,52.564845,-1.5042044,66.758,115.732,81.5,-0.03,0.1,0.0,67.06,66.98,66.98999,66.78999,-0.1000061,67.03,0.0,0.0,0.0,6.0,3.0,1714.0,85.0,0.0,0.0,0.0,14.0,7.5,4.0,1.6704978210870387,-0.8051056955319735,783.2508014671367,-378.28608362357073,2.0199044499180774
137.0,66083.3,52.5648377,-1.5041797,66.895,115.75,81.48,-0.03,0.1,0.0,67.01999,66.97,67.01999,66.84,0.0,67.03,0.0,0.0,0.0,6.0,3.0,1703.0,85.0,0.0,-0.230011,0.0,14.0,7.5,3.0,1.6736724644301253,-0.8072837637241244,784.9244739315668,-379.09336738729485,2.0202186091834364
137.0,66083.4,52.5648304,-1.5041552,66.672,115.894,81.48,-0.03,0.1,0.0,67.0,66.95,66.92999,66.75999,0.0,67.06,-0.009180069,0.0,0.0,6.0,3.0,1710.0,85.0,0.0,0.0,0.0,14.0,7.5,3.0,1.6660657112598092,-0.808782446498653,786.5905396428266,-379.9021498337935,2.0227318833063084
137.0,66083.5,52.5648232,-1.5041306,66.737,115.699,81.47,-0.03,0.1,0.0,66.86,66.75,66.83,66.62999,0.1000061,66.95,0.0,0.0,0.0,6.0,3.0,1706.0,85.0,0.0,-0.230011,0.0,14.1,7.5,3.0,1.6704356189002192,-0.8038904657464747,788.2609752617268,-380.70604029953995,2.019328491264919
137.0,66083.6,52.564816,-1.5041059,66.697,115.704,81.47,-0.03,0.1,0.0,66.86,66.89999,66.92999,66.73,0.2000122,66.8,-0.01938009,0.0,0.0,6.0,3.0,1717.0,85.0,0.0,0.0,0.0,14.0,7.5,3.0,1.6693642968135969,-0.8035543223699035,789.9303395585404,-381.50959462190986,2.019415757727519
137.0,66083.7,52.5648088,-1.5040814,66.546,115.761,81.47,-0.03,0.1,0.0,66.87999,66.81,66.76999,66.58,0.1000061,66.89,-0.01938009,-0.009180069,0.0,6.0,3.0,1722.0,85.0,0.0,0.0,0.0,14.0,7.5,3.0,1.6647864859379382,-0.8033916891768373,791.5951260444783,-382.3129863110867,2.020410595401156
137.0,66083.8,52.5648015,-1.5040569,66.452,115.949,81.46,-0.04,0.1,0.0,66.67,66.72,66.66,66.45999,0.1000061,66.83,-0.01938009,0.0,0.0,6.0,3.0,1727.0,85.0,0.0,0.0,0.0,14.0,7.5,6.0,1.6597935556773842,-0.8077073372548276,793.2549196001557,-383.12069364834156,2.023691814394905
137.0,66083.9,52.5647943,-1.5040323999999998,66.355,115.722,81.47,-0.02,0.1,0.0,66.59999,66.56999,66.55,66.48,0.0,66.66,-0.01938009,0.009180069,0.0,6.0,3.0,1738.0,85.0,0.0,-0.230011,0.0,14.0,7.5,7.5,1.6605531212055524,-0.7999556810757467,794.9154727213613,-383.9206493294173,2.019729916992878
137.0,66084.0,52.5647872,-1.5040079000000002,66.391,115.684,81.47,-0.02,0.1,0.0,66.56,66.45,66.51999,66.26999,-0.1999817,66.54,-0.01938009,0.0,0.0,6.0,3.0,1747.0,85.0,0.0,0.0,0.0,14.0,7.5,7.5,1.6619845047407815,-0.7992875921226928,796.5774572261021,-384.71993692154,2.01906669187712
137.0,66084.1,52.5647799,-1.5039834,66.344,115.784,81.47,-0.01,0.1,0.0,66.42999,66.42,66.45,66.19,-0.1999817,66.51,-0.01938009,0.0,0.0,6.0,3.0,1751.0,85.0,0.0,0.0,0.0,14.0,7.5,7.5,1.659411379282776,-0.8016191933187221,798.2368686053849,-385.52155611485875,2.0208120211291147
137.0,66084.2,52.5647728,-1.5039589999999998,66.19,115.713,81.46,-0.02,0.1,0.0,66.56999,66.33,66.19,66.11,-0.1000061,66.48,-0.02958012,0.009180069,0.0,6.0,3.0,1748.0,85.0,0.0,0.0,0.0,14.0,7.5,8.0,1.6565492721949746,-0.7977062909940815,799.8934178775799,-386.31926240585284,2.0195728373601987
137.0,66084.3,52.5647657,-1.5039346,66.067,115.553,81.46,-0.02,0.1,0.0,66.3,66.22,66.31,66.08,-0.2999877999999999,66.29,-0.009180069,0.0,0.0,6.0,3.0,1742.0,85.0,0.0,-0.230011,0.0,14.1,7.5,8.0,1.655687955341225,-0.79160346352056,801.5491058329211,-387.1108658693734,2.0167803105570075
137.0,66084.4,52.5647584,-1.5039101,66.308,115.761,81.45,-0.03,0.1,0.0,66.28999,66.19,66.31999,66.05,-0.3999939,66.2,-0.01938009,-0.01938009,0.0,6.0,3.0,1730.0,85.0,0.0,0.0,0.0,14.1,7.5,8.0,1.6588324213261925,-0.8005183801571502,803.2079382542473,-387.91138424953056,2.020410595401156
137.0,66084.5,52.5647512,-1.5038859,66.042,116.01,81.43,-0.05,0.1,0.0,66.28,66.12999,66.14,65.89,-0.1999817,66.3,-0.01938009,-0.01938009,0.0,6.0,3.0,1724.0,85.0,0.0,0.0,0.0,14.1,7.5,8.0,1.6486972948640197,-0.8044796329976682,804.8566355491114,-388.7158638825282,2.024756465238622
137.0,66084.6,52.5647441,-1.5038615,65.848,115.576,81.42,-0.05,0.1,0.0,66.25999,66.09999,66.20999,65.76999,-0.2999877999999999,66.27,-0.01938009,-0.02958012,0.0,6.0,3.0,1720.0,85.0,0.0,0.0,0.0,14.0,7.5,8.0,1.6498828035320168,-0.7896418120891626,806.5065183526434,-389.50550569461734,2.017181736284966
137.0,66084.7,52.5647371,-1.5038372,65.848,115.429,81.41,-0.06,0.1,0.0,66.20999,66.09,66.06999,65.83,-0.3999939,66.15,-0.01938009,-0.02958012,0.0,6.0,3.0,1709.0,85.0,0.0,0.0,0.0,14.1,7.5,8.0,1.6519033030351622,-0.7854062224171925,808.1584216556786,-390.2909119170345,2.014616102284535
137.0,66084.8,52.5647299,-1.5038128,65.977,115.806,81.41,-0.04,0.1,0.0,66.12,66.01999,66.09,65.87,-0.5,66.07,-0.01938009,-0.01938009,0.0,6.0,3.0,1702.0,85.0,0.0,-0.230011,0.0,14.1,7.5,8.0,1.6499256722770372,-0.7978184020556923,809.8083473279556,-391.0887303190902,2.0211959935645534
137.0,66084.9,52.5647228,-1.5037886,65.732,115.746,81.4,-0.05,0.1,0.0,66.03,65.87,66.03,65.75,-0.3999939,66.0,-0.01938009,-0.01938009,0.0,6.0,3.0,1689.0,85.0,0.0,0.0,0.0,14.0,7.5,8.0,1.6446302826243029,-0.7931339534044713,811.45297761058,-391.8818642724947,2.0201487960133564
137.0,66085.0,52.5647156,-1.5037644,65.869,115.976,81.39,-0.05,0.1,0.0,65.92999,65.83,65.89999,65.70999,-0.3999939,65.99,-0.01938009,-0.02958012,0.0,6.0,3.0,1688.0,85.0,0.0,0.0,0.0,14.0,7.5,8.0,1.6448543056148512,-0.8013963272508493,813.0978319161949,-392.68326059974555,2.0241630532929435
137.0,66085.1,52.56470850000001,-1.5037401,65.671,115.751,81.39,-0.05,0.1,0.0,65.94,65.75,65.89999,65.67999,-0.2999877999999999,65.96,-0.01938009,-0.009180069,0.0,6.0,3.0,1679.0,85.0,0.0,0.0,0.0,14.0,7.5,12.5,1.643034892088238,-0.7925413014616762,814.7408668082832,-393.4758019012072,2.0202360624759566
137.0,66085.2,52.5647013,-1.5037161,65.426,116.141,81.37,-0.07,0.1,0.0,65.84999,65.75,65.73999,65.48,0.0,65.84,-0.01938009,-0.009180069,0.0,6.0,3.0,1674.0,85.0,0.0,0.0,0.0,14.0,7.5,14.5,1.6314927810671602,-0.8007082357404182,816.3723595893504,-394.27651013694765,2.0270428465587345
137.0,66085.3,52.5646942,-1.5036919,65.59899999999999,115.879,81.37,-0.06,0.1,0.0,65.81999,65.75999,65.78,65.58,0.0,65.77,-0.009180069,0.0,0.0,6.0,3.0,1700.0,85.0,0.0,0.0,0.0,14.0,7.5,15.0,1.639460803599808,-0.7953369517531983,818.0118203929502,-395.07184708870085,2.0224700839185092
136.0,66085.4,52.564687,-1.5036678,65.513,116.02,81.37,-0.06,0.1,0.0,65.81,65.75999,65.73,65.59,0.1000061,65.81,0.0,-0.009180069,0.0,6.0,3.0,1710.0,85.0,0.0,0.0,0.0,14.0,7.5,15.0,1.6353518317439986,-0.7983211424247845,819.6471722246941,-395.87016823112566,2.0249309981638213
136.0,66085.5,52.5646798,-1.5036436,65.55199999999999,115.935,81.36,-0.07,0.1,0.0,65.87999,65.78999,65.75,65.59999,0.0,65.88,0.0,0.0,0.0,6.0,3.0,1712.0,85.0,0.0,0.0,0.0,14.0,7.5,15.5,1.6375085966577716,-0.7963679686871559,821.2846808213519,-396.6665361998128,2.023447468299626
136.0,66085.6,52.5646726,-1.5036194,65.635,115.92,81.36,-0.07,0.1,0.0,65.87,65.72,65.73,65.59,0.0,65.96,0.0,-0.009180069,0.0,6.0,3.0,1698.0,85.0,0.0,0.0,0.0,14.0,7.5,15.5,1.6397906579599657,-0.7969470373370554,822.9244714793119,-397.4634832371499,2.023185668911827
136.0,66085.7,52.5646655,-1.5035953000000002,65.416,115.932,81.34,-0.08,0.1,0.0,65.98,65.87,65.89,65.62999,-0.1000061,65.92,0.0,-0.009180069,0.0,6.0,3.0,1689.0,85.0,0.0,0.0,0.0,14.0,7.5,15.5,1.6341528848973157,-0.7946301900288191,824.5586243642092,-398.2581134271787,2.0233951084220663
137.0,66085.8,52.564658300000005,-1.5035711,65.722,115.906,81.33,-0.07,0.1,0.0,66.03999,65.89999,65.92999,65.75,-0.1000061,65.99,0.0,0.0,0.0,6.0,3.0,1674.0,85.0,0.0,0.0,0.0,14.0,7.5,15.5,1.6421591606474797,-0.7976021690754806,826.2007835248567,-399.05571559625423,2.0229413228165476
137.0,66085.9,52.5646511,-1.5035469,65.682,116.074,81.33,-0.07,0.1,0.0,66.09999,65.83,65.91,65.75999,0.0,66.03,0.0,-0.009180069,0.0,6.0,3.0,1678.0,85.0,0.0,0.0,0.0,14.0,7.5,16.5,1.6388153829118566,-0.8019254271635644,827.8395989077685,-399.8576410234178,2.025873475959898
137.0,66086.0,52.5646441,-1.5035228,65.452,115.687,81.32,-0.07,0.1,0.0,66.0,65.94,65.91,65.78,0.0,66.01,0.0,0.0,0.0,6.0,3.0,1693.0,85.0,0.0,0.0,0.0,14.0,7.5,18.5,1.6384369937142098,-0.7880686708494518,829.4780359014827,-400.6457096942672,2.01911905175468
137.0,66086.1,52.5646368,-1.5034984999999998,65.815,115.966,81.32,-0.06,0.1,0.0,66.06999,65.91,65.95999,65.78999,0.0,66.03,0.0,-0.009180069,0.0,6.0,3.0,1709.0,85.0,0.0,0.0,0.0,14.0,7.5,19.5,1.6436455695727525,-0.8004524772410874,831.1216814710555,-401.4461621715083,2.023988520367744
137.0,66086.2,52.5646296,-1.5034743,65.671,115.978,81.32,-0.05,0.1,0.0,66.17,66.08,66.03999,65.8,0.1000061,66.11,0.009180069,0.0,0.0,6.0,3.0,1713.0,85.0,0.0,-0.230011,0.0,14.0,7.5,20.0,1.6398820379400936,-0.7990445999964094,832.7615635089956,-402.24520677150474,2.0241979598779833
137.0,66086.3,52.5646224,-1.5034500000000002,65.876,115.885,81.31,-0.06,0.1,0.0,66.19,66.09,66.08,65.89999,0.2000122,66.12,0.009180069,-0.009180069,0.0,6.0,3.0,1729.0,85.0,0.0,0.0,0.0,14.0,7.5,21.5,1.6462999841312058,-0.7988677662345655,834.4078634931268,-403.04407453773933,2.022574803673629
137.0,66086.4,52.5646153,-1.5034257999999998,65.707,115.896,81.3,-0.06,0.1,0.0,66.34,66.16,66.22,66.11,0.1000061,66.41,0.01937985,0.0,0.0,6.0,3.0,1721.0,85.0,0.0,0.0,0.0,14.0,7.5,22.0,1.6419235150286058,-0.7971335715091746,836.0497870081554,-403.8412081092485,2.022766789891348
137.0,66086.5,52.5646081,-1.5034015,65.97,115.853,81.29,-0.07,0.1,0.0,66.42,66.42999,66.37,66.11,0.0,66.43999000000001,0.02957988,-0.01938009,0.0,6.0,3.0,1722.0,85.0,0.0,0.0,0.0,14.0,7.5,22.5,1.6490956793842557,-0.7990867851717859,837.6988826875396,-404.64029489442026,2.0220162983129906
137.0,66086.6,52.5646009,-1.5033771,66.19,115.882,81.29,-0.06,0.1,0.0,66.53999,66.48,66.33,66.28999,0.0,66.51,0.02957988,-0.009180069,0.0,6.0,3.0,1701.0,85.0,0.0,0.0,0.0,14.0,7.5,22.5,1.6541891498652785,-0.8025889822127019,839.3530718374049,-405.44288387663295,2.022522443796069
137.0,66086.7,52.5645936,-1.5033527,66.211,115.96,81.28,-0.06,0.1,0.0,66.83,66.70999,66.62,66.39,0.0,66.68999000000001,0.02957988,0.0,0.0,6.0,3.0,1698.0,85.0,0.0,-0.230011,0.0,14.0,7.5,23.0,1.6536194822961232,-0.8050955298882306,841.006691319701,-406.24797940652115,2.0238838006126243
137.0,66086.8,52.5645864,-1.5033283,66.244,115.901,81.28,-0.06,0.1,0.0,66.84999,66.72,66.66,66.53,-0.1000061,66.92,0.02957988,0.0,0.0,6.0,3.0,1704.0,85.0,0.0,0.0,0.0,14.0,7.5,23.0,1.655272235564607,-0.8037927142015635,842.6619635552655,-407.0517721207227,2.022854056353948
137.0,66086.9,52.5645792,-1.5033038,66.47,115.818,81.28,-0.05,0.1,0.0,66.8,66.81,66.72,66.67999,0.0,66.9,0.0397799,0.009180069,0.0,6.0,3.0,1709.0,85.0,0.0,0.0,0.0,14.0,7.5,23.0,1.6620860337176442,-0.8041280653808175,844.3240495889831,-407.85590018610355,2.0214054330747926
137.0,66087.0,52.564572,-1.5032791,66.809,115.638,81.27,-0.05,0.1,0.0,67.17,67.09,67.16,66.87999,-0.1000061,67.03,0.02957988,-0.009180069,0.0,6.0,3.0,1706.0,85.0,0.0,0.0,0.0,14.0,7.5,23.0,1.673093626213293,-0.8029769473374178,845.9971432151964,-408.65887713344097,2.018263840421203
137.0,66087.1,52.5645647,-1.5032542999999998,67.086,115.632,81.25,-0.07,0.1,0.0,67.31,67.37999,66.98999,66.76999,-0.1000061,67.34,0.01937985,-0.009180069,0.0,6.0,3.0,1706.0,85.0,0.0,0.0,0.0,14.0,7.5,21.5,1.6801149469388172,-0.8061302717754588,847.6772581621352,-409.46500740521645,2.018159120666083
137.0,66087.2,52.564557400000005,-1.5032298,66.589,115.858,81.23,-0.08,0.1,0.0,67.42999,67.41,67.23999,67.12,0.2000122,67.43999000000001,0.01937985,-0.009180069,0.0,6.0,3.0,1717.0,85.0,0.0,0.0,0.0,14.0,7.5,20.5,1.6644988372576774,-0.8067299167481532,849.3417569993929,-410.2717373219646,2.0221035647755903
137.0,66087.3,52.5645502,-1.5032051,66.938,115.704,81.23,-0.06,0.1,0.0,67.44,67.48999,67.5,67.3,0.3999939,67.49,0.02957988,-0.009180069,0.0,6.0,3.0,1723.0,85.0,0.0,0.0,0.0,14.0,7.5,20.5,1.6753963041832247,-0.8064578501401352,851.0171533035762,-411.07819517210476,2.019415757727519
137.0,66087.4,52.5645429,-1.5031802,67.35600000000001,115.857,81.22,-0.06,0.1,0.0,67.45,67.56999,67.51999,67.37999,0.2000122,67.57,0.02957988,-0.009180069,0.0,6.0,3.0,1746.0,85.0,0.0,-0.230011,0.0,14.0,7.5,20.5,1.6836854742376546,-0.815992784184471,852.7008387778138,-411.8941879562892,2.02208611148307
137.0,66087.5,52.5645356,-1.5031554,67.244,115.714,81.22,-0.04,0.1,0.0,67.73999,67.73999,67.58,67.44,0.1000061,67.67,0.01937985,0.0,0.0,6.0,3.0,1768.0,85.0,0.0,0.0,0.0,14.0,7.5,21.0,1.6829137789864772,-0.8104382232669082,854.3837525568003,-412.7046261795561,2.0195902906527183
137.0,66087.6,52.5645284,-1.5031305,67.324,115.647,81.22,-0.05,0.1,0.0,67.87999,67.78,67.48,67.34999,0.0,67.8,0.01937985,0.0,0.0,6.0,3.0,1779.0,85.0,0.0,0.0,0.0,14.0,7.5,22.5,1.6858636147275599,-0.8094315538938182,856.0696161715279,-413.51405773344993,2.0184209200538823
137.0,66087.7,52.564521000000006,-1.5031057,67.363,115.72,81.21,-0.05,0.1,0.0,68.00999,67.84999,67.84,67.59999,-0.1999817,67.86,0.01937985,-0.01938009,0.0,6.0,3.0,1794.0,85.0,0.0,-0.230011,0.0,14.0,7.5,23.0,1.6858069604587254,-0.8120489769642392,857.7554231319866,-414.3261067104142,2.019695010407838
137.0,66087.8,52.5645137,-1.5030808,67.46,115.711,81.21,-0.04,0.1,0.0,68.09999,67.95,67.87999,67.69,-0.2999877999999999,67.95,0.02957988,-0.009180069,0.0,6.0,3.0,1779.0,85.0,0.0,0.0,0.0,14.0,7.5,23.5,1.6883621736145895,-0.8129530974223874,859.4437853056012,-415.1390598078366,2.0195379307751584
137.0,66087.9,52.5645064,-1.5030557000000002,67.676,115.758,81.22,-0.02,0.1,0.0,68.14999,68.12999,68.03,67.83,-0.1999817,68.09,0.02957988,-0.02958012,0.0,6.0,3.0,1764.0,85.0,0.0,-0.230011,0.0,14.0,7.5,23.5,1.6930985617772363,-0.8169452213433632,861.1368838673784,-415.95600502917995,2.020358235523596
137.0,66088.0,52.564499,-1.5030307,67.9,115.879,81.21,-0.02,0.1,0.0,68.2,68.19,67.98999,67.84999,-0.2999877999999999,68.1,0.0397799,-0.009180069,0.0,6.0,3.0,1757.0,85.0,0.0,-0.230011,0.0,14.0,7.5,23.5,1.6969677672590582,-0.8232347905309862,862.8338516346374,-416.77923981971094,2.0224700839185092
137.0,66088.1,52.5644916,-1.5030056,67.91,115.715,81.22,-0.01,0.1,0.0,68.59999,68.45,68.61,68.08,-0.3999939,68.3,0.02957988,-0.01938009,0.0,6.0,3.0,1749.0,85.0,0.0,0.0,0.0,14.0,7.5,23.5,1.6995674579018556,-0.8184946524959591,864.5334190925392,-417.5977344722069,2.0196077439452385
137.0,66088.2,52.5644843,-1.5029804,68.234,115.576,81.21,-0.02,0.1,0.0,68.8,68.51999,68.23999,67.92,-1.299988,68.66,0.02957988,-0.03978014,0.0,6.0,3.0,1752.0,85.0,0.0,0.0,0.0,14.0,7.5,23.5,1.7096662497904813,-0.8182544558087099,866.2430853423298,-418.4159889280156,2.017181736284966
137.0,66088.3,52.5644769,-1.5029553,67.91,115.605,81.2,-0.03,0.1,0.0,68.75999,68.59,68.42999,68.28,-1.0,68.68,0.02957988,-0.04997993,0.0,6.0,3.0,1753.0,85.0,0.0,0.0,0.0,14.0,7.5,23.5,1.701135721670037,-0.8152302107881053,867.9442210639999,-419.23121913880374,2.017687881768045
137.0,66088.4,52.5644695,-1.5029302,68.29899999999999,115.905,81.2,-0.02,0.1,0.0,68.78,68.59999,68.7,68.44,-0.3999939,68.68999000000001,0.02957988,-0.04997993,0.0,6.0,3.0,1744.0,85.0,0.0,0.0,0.0,14.0,7.5,23.5,1.706563696655671,-0.8288468551474364,869.6507847606555,-420.0600659939512,2.0229238695240275
137.0,66088.5,52.5644619,-1.5029049,68.50399999999999,116.125,81.21,0.0,0.1,0.0,68.92,68.87999,68.81999,68.67,0.0,68.75,0.02957988,-0.02958012,0.0,6.0,3.0,1743.0,85.0,0.0,-0.230011,0.0,14.0,7.5,23.5,1.7084812552384046,-0.8379009034222332,871.3592660158939,-420.8979668973734,2.026763593878415
137.0,66088.6,52.5644545,-1.5028797,68.544,115.811,81.21,0.0,0.1,0.0,69.06,69.12999,68.78999,68.53999,0.0,69.0,0.02957988,-0.01938009,0.0,6.0,3.0,1766.0,85.0,0.0,0.0,0.0,14.0,7.5,23.5,1.7140478140175928,-0.8290091020377957,873.0733138299115,-421.7269759994112,2.021283260027153
137.0,66088.7,52.5644469,-1.5028545,68.609,116.216,81.2,-0.01,0.1,0.0,69.17999,69.25,68.87999,68.81999,-0.1999817,69.18999000000001,0.02957988,-0.009180069,0.0,6.0,3.0,1761.0,85.0,0.0,0.0,0.0,14.0,7.5,23.5,1.7097649490294171,-0.8419017963259459,874.7830787789409,-422.56887779573714,2.02835184349773
137.0,66088.8,52.5644394,-1.5028290999999998,68.778,115.915,81.2,-0.0,0.1,0.0,69.34999,69.34999,69.14999,68.84999,-0.2999877999999999,69.32,0.02957988,0.0,0.0,6.0,3.0,1754.0,85.0,0.0,0.0,0.0,14.0,7.5,23.5,1.71838660364158,-0.8349597178458105,876.5014653825824,-423.40383751358297,2.0230984024492273
137.0,66088.9,52.5644318,-1.5028038,68.767,116.158,81.21,0.01,0.1,0.0,69.39999,69.47,69.34,69.06,-0.1999817,69.31,0.02957988,-0.009180069,0.0,6.0,3.0,1755.0,85.0,0.0,0.0,0.0,14.0,7.5,23.5,1.7145557090944852,-0.8421054185777017,878.2160210916769,-424.2459429321607,2.0273395525315734
137.0,66089.0,52.5644243,-1.5027784000000002,69.05199999999999,116.109,81.22,0.03,0.1,0.0,69.28999,69.45,69.36,69.09,0.1000061,69.34,0.0397799,0.0,0.0,6.0,3.0,1766.0,85.0,0.0,0.0,0.0,14.0,7.5,23.5,1.7223840979052902,-0.8441227717878954,879.9384051895822,-425.0900657039486,2.026484341198096
137.0,66089.1,52.5644166,-1.5027528,69.40100000000001,116.01,81.23,0.04,0.1,0.0,69.53999,69.47,69.87,69.45,0.3000183,69.43999000000001,0.02957988,0.0,0.0,6.0,3.0,1785.0,85.0,0.0,0.0,0.0,14.0,7.5,24.0,1.732552632580144,-0.8453967325288633,881.6709578221623,-425.93546243647745,2.024756465238622
137.0,66089.2,52.5644089,-1.5027273,69.52,116.295,81.23,0.03,0.1,0.0,69.67999,69.62999,69.44,69.22,0.3999939,69.76,0.02957988,0.0,0.0,6.0,3.0,1791.0,85.0,0.0,-0.230011,0.0,14.0,7.5,24.0,1.7312895669862431,-0.8554686193551325,883.4022473891486,-426.7909310558326,2.0297306536068054
137.0,66089.3,52.5644013,-1.5027018,69.185,116.116,81.24,0.04,0.1,0.0,69.76999,69.75999,69.69,69.55,0.8000183000000001,69.91,0.02957988,0.009180069,0.0,6.0,3.0,1795.0,85.0,0.0,-0.230011,0.0,14.0,7.5,24.0,1.7255982149804479,-0.8459594516408514,885.127845604129,-427.6368905074734,2.026606514245736
137.0,66089.4,52.5643938,-1.5026762,69.41199999999999,115.863,81.24,0.04,0.1,0.0,69.98,69.95999,69.78999,69.5,0.6000061,69.93999000000001,0.02957988,0.0,0.0,6.0,3.0,1787.0,85.0,0.0,0.0,0.0,14.0,7.5,24.0,1.7349908575688688,-0.8410821487480069,886.8628364616978,-428.4779726562214,2.02219083123819
137.0,66089.5,52.564386000000006,-1.5026505,69.775,116.227,81.25,0.06,0.1,0.0,70.06999,70.00999,69.84999,69.64,0.5,69.97,0.02957988,0.009180069,0.0,6.0,3.0,1783.0,85.0,0.0,0.0,0.0,14.0,7.5,24.0,1.7386577437308994,-0.8565436093042127,888.6014942054287,-429.3345162655256,2.0285438297154497
137.0,66089.6,52.5643785,-1.5026249,69.527,115.841,81.27,0.07,0.1,0.0,70.14,70.12999,70.0,69.95,0.2000122,70.07,0.0397799,0.009180069,0.0,6.0,3.0,1791.0,85.0,0.0,0.0,0.0,14.0,7.5,24.0,1.7381887046909714,-0.8418082773437636,890.3396829101197,-430.1763245428694,2.0218068588027513
137.0,66089.7,52.56437100000001,-1.5025991,69.714,115.679,81.29,0.08,0.1,0.0,70.34,70.34999,70.19,70.03,0.1000061,70.23,0.02957988,0.0,0.0,6.0,3.0,1801.0,85.0,0.0,0.0,0.0,14.0,7.5,24.0,1.7452433303246542,-0.8391412085920401,892.0849262404444,-431.0154657514614,2.0189794254145204
138.0,66089.8,52.5643633,-1.5025733,69.916,115.769,81.29,0.08,0.1,0.0,70.31999,70.33,70.08,69.98999,0.5,70.37,0.02957988,-0.009180069,0.0,6.0,3.0,1803.0,85.0,0.0,0.0,0.0,14.0,7.5,24.0,1.7489761670731632,-0.8443209904481238,893.8339024075175,-431.85978674190955,2.0205502217413156
138.0,66089.9,52.5643557,-1.5025475,69.916,115.949,81.31,0.09,0.1,0.0,70.42999,70.39,70.19,70.06999,0.5,70.43,0.02957988,0.0,0.0,6.0,3.0,1799.0,85.0,0.0,0.0,0.0,14.0,7.5,24.0,1.746315027971167,-0.8498113855340472,895.5802174354886,-432.7095981274436,2.023691814394905
138.0,66090.0,52.564348,-1.5025216,70.124,115.807,81.33,0.1,0.1,0.0,70.48999,70.45,70.31999,70.25,0.2000122,70.5,0.0397799,0.009180069,0.0,6.0,3.0,1794.0,85.0,0.0,0.0,0.0,14.0,7.5,24.0,1.7536173420954477,-0.8479960736694988,897.3338347775841,-433.5575942011131,2.021213446857073
138.0,66090.1,52.5643404,-1.5024957,70.366,115.768,81.34,0.11,0.1,0.0,70.75,70.56999,70.50999,70.28999,0.2000122,70.51,0.02957988,0.0,0.0,6.0,3.0,1802.0,85.0,0.0,0.0,0.0,14.0,7.5,24.0,1.7602479243614333,-0.8497245674100973,899.0940827019456,-434.40731876852317,2.0205327684487955
138.0,66090.2,52.5643328,-1.5024698,70.153,115.738,81.35,0.11,0.1,0.0,70.69,70.66,70.92999,70.59999,0.6000061,70.75,0.0397799,0.0,0.0,6.0,3.0,1811.0,85.0,0.0,0.0,0.0,14.0,7.5,24.0,1.7553629283032686,-0.8462334357298922,900.8494456302489,-435.2535522042531,2.020009169673197
138.0,66090.3,52.564325,-1.5024438999999998,70.456,116.143,81.36,0.11,0.1,0.0,70.87,70.89999,70.64,70.50999,0.5,70.84,0.0397799,0.009180069,0.0,6.0,3.0,1817.0,85.0,0.0,0.0,0.0,14.0,7.5,24.0,1.7568930710777604,-0.862328613716096,902.6063387013266,-436.1158808179692,2.0270777531437743
138.0,66090.4,52.56431740000001,-1.5024177,70.567,115.535,81.38,0.12,0.1,0.0,70.95999,71.00999,70.8,70.69,-0.1000061,70.93999000000001,0.0397799,0.009180069,0.0,6.0,3.0,1811.0,85.0,0.0,0.0,0.0,14.0,7.5,24.0,1.768726829657241,-0.8449660715564316,904.3750655309839,-436.9608468895256,2.0164661512916484
138.0,66090.5,52.56431,-1.5023916,70.495,115.199,81.39,0.13,0.1,0.0,71.16,71.11,70.86,70.8,-0.6000061,71.06,0.02957988,0.0,0.0,6.0,3.0,1812.0,85.0,0.0,0.0,0.0,14.0,7.5,24.5,1.7718418588856286,-0.8337277189549399,906.1469073898695,-437.79457460848056,2.0106018450049477
138.0,66090.6,52.5643021,-1.5023656,70.618,115.974,81.42,0.14,0.1,0.0,71.25,71.11,71.14999,70.76999,-1.199982,71.15,0.02957988,-0.02958012,0.0,6.0,3.0,1815.0,85.0,0.0,0.0,0.0,14.0,7.5,24.5,1.7634744227438341,-0.8591135615056189,907.9103818126133,-438.6536881699862,2.0241281467079038
138.0,66090.7,52.5642945,-1.5023394,70.808,115.573,81.45,0.16,0.1,0.0,71.33,71.22,71.34,70.94,-0.7999878,71.22,0.02957988,-0.03978014,0.0,6.0,3.0,1823.0,85.0,0.0,-0.230011,0.0,14.0,7.5,24.5,1.7742046681441765,-0.8490286784143287,909.6845864807575,-439.50271684840055,2.0171293764074063
138.0,66090.8,52.5642868,-1.5023132,70.873,115.852,81.47,0.17,0.1,0.0,71.41,71.33,71.34999,70.98999,-0.2999877999999999,71.34,0.02957988,-0.03978014,0.0,6.0,3.0,1809.0,85.0,0.0,0.0,0.0,14.0,7.5,24.5,1.7716741929868556,-0.8584453212003638,911.4562606737444,-440.3611621696009,2.021998845020471
138.0,66090.9,52.56427899999999,-1.5022871,71.01,115.881,81.49,0.18,0.1,0.0,71.55,71.45,71.37999,71.14,0.0,71.5,0.02957988,-0.01938009,0.0,6.0,3.0,1804.0,85.0,0.0,0.4799805,0.0,14.0,7.5,24.5,1.7746633359927586,-0.8610030742587702,913.2309240097371,-441.22216524385965,2.022504990503549
138.0,66091.0,52.564271100000006,-1.5022609,71.172,116.127,81.51,0.18,0.1,0.0,71.59999,71.55,71.45999,71.31999,-0.1999817,71.57,0.02957988,-0.009180069,0.0,6.0,3.0,1807.0,85.0,0.0,0.0,0.0,14.0,7.5,25.0,1.7749904555449039,-0.8705962799854442,915.005914465282,-442.09276152384507,2.026798500463455
138.0,66091.1,52.5642635,-1.5022346999999998,70.945,115.675,81.53,0.18,0.1,0.0,71.72,71.62,71.56,71.42999,-0.2999877999999999,71.63,0.02957988,0.0,0.0,6.0,3.0,1807.0,85.0,0.0,0.0,0.0,14.0,7.5,25.0,1.7761202046466644,-0.8538346514461035,916.7820346699286,-442.9465961752912,2.0189096122444408
138.0,66091.2,52.5642557,-1.5022083,71.374,115.746,81.54,0.18,0.1,0.0,71.83,71.73,71.66,71.47,-0.3999939,71.72,0.02957988,-0.009180069,0.0,5.0,3.0,1815.0,85.0,0.0,0.0,0.0,13.9,7.5,25.0,1.7857944652836826,-0.8612113246256122,918.5678291352123,-443.8078074999168,2.0201487960133564
138.0,66091.3,52.5642478,-1.502182,71.42,116.036,81.56,0.19,0.1,0.0,71.87,71.81,71.67999,71.51999,-0.2999877999999999,71.83,0.0397799,-0.009180069,0.0,5.0,3.0,1805.0,85.0,0.0,0.0,0.0,14.0,7.5,25.0,1.7825607340788499,-0.8707998350809805,920.3503898692911,-444.67860733499776,2.02521025084414
138.0,66091.4,52.564240000000005,-1.5021557,71.399,115.957,81.59,0.2,0.1,0.0,71.89999,71.98999,71.84999,71.62,0.0,71.9,0.02957988,0.0,0.0,5.0,3.0,1800.0,85.0,0.0,0.0,0.0,14.0,7.5,25.0,1.7832352185933147,-0.868085872403177,922.1336250878844,-445.54669320740095,2.023831440735065
138.0,66091.5,52.564232100000005,-1.5021293,71.795,116.005,81.61,0.2,0.1,0.0,72.00999,72.05,71.87,71.67,0.1000061,72.0,0.02957988,0.0,0.0,5.0,3.0,1840.0,85.0,0.0,0.0,0.0,14.0,7.5,25.0,1.7923936606525288,-0.874402432620347,923.926018748537,-446.4210956400213,2.0246691987760217
138.0,66091.6,52.5642242,-1.5021030000000002,71.557,116.031,81.63,0.2,0.1,0.0,72.09999,72.16,71.94,71.81,0.1000061,72.12,0.01937985,0.0,0.0,5.0,3.0,1932.0,85.0,0.0,-0.230011,0.0,14.0,7.5,25.0,1.786056226480287,-0.8723143701248459,925.7120749750172,-447.29341001014615,2.025122984381541
138.0,66091.7,52.5642163,-1.5020766,71.708,116.007,81.63,0.19,0.1,0.0,72.16,72.12,72.00999,71.8,0.0,72.14,0.009180069,0.01937985,0.0,5.0,3.0,2044.0,85.0,0.0,0.0,0.0,14.0,7.5,25.0,1.790191180991746,-0.8734053361288734,927.502266156009,-448.16681534627503,2.024704105361062
138.0,66091.8,52.5642083,-1.5020502,71.791,116.301,81.66,0.2,0.1,0.0,72.19,72.12999,72.05,71.83,-0.2999877999999999,72.11,0.01937985,0.009180069,0.0,5.0,3.0,2152.0,85.0,0.0,-0.230011,0.0,14.0,7.5,25.0,1.787752837510653,-0.8836013095427684,929.2900189935197,-449.0504166558178,2.029835373361925
138.0,66091.9,52.5642007,-1.5020237,71.665,115.392,81.68,0.21,0.1,0.0,72.2,72.06999,72.12999,71.95,0.0,72.2,0.01937985,0.0,0.0,5.0,3.0,2198.0,85.0,0.0,-0.230011,0.0,14.0,7.5,25.0,1.7983837554141162,-0.8536276936724797,931.0884027489337,-449.9040443494903,2.0139703304612966
138.0,66092.0,52.5641928,-1.5019973,71.683,115.911,81.71,0.22,0.1,0.0,72.23,72.14,72.06999,71.86,0.0,72.23,0.01937985,0.0,0.0,5.0,3.0,2221.0,85.0,0.0,0.0,0.0,14.0,7.5,25.0,1.791027437489538,-0.870101162938012,932.8794301864233,-450.7741455124283,2.0230285892791473
138.0,66092.1,52.5641849,-1.5019707999999998,71.98899999999999,116.083,81.74,0.23,0.1,0.0,72.37,72.3,72.20999,72.06999,0.1000061,72.26,0.02957988,0.009180069,0.0,5.0,3.0,2215.0,85.0,0.0,0.0,0.0,14.0,7.5,25.0,1.796041700431124,-0.8792110562626312,934.6754718868544,-451.6533565686909,2.0260305555925777
138.0,66092.2,52.56417710000001,-1.5019443,71.83800000000001,115.67,81.74,0.21,0.1,0.0,72.53999,72.48,72.42999,72.2,0.0,72.43999000000001,0.02957988,0.009180069,0.0,5.0,3.0,2250.0,85.0,0.0,0.0,0.0,14.0,7.5,25.0,1.7985520544942728,-0.8644251021774138,936.4740239413487,-452.5177816708683,2.018822345781841
138.0,66092.3,52.5641693,-1.5019177,72.068,115.648,81.77,0.21,0.1,0.0,72.48999,72.39,72.2,72.14999,-0.1999817,72.57,0.0397799,-0.009180069,0.0,5.0,3.0,2283.0,85.0,0.0,0.0,0.0,14.0,7.5,25.0,1.804643230428061,-0.8664998178458909,938.2786671717768,-453.3842814887142,2.018438373346402
138.0,66092.4,52.5641615,-1.5018911,72.04,115.777,81.79,0.22,0.1,0.0,72.58,72.48999,72.51999,72.34,0.0,72.51,0.04997993,-0.009180069,0.0,5.0,3.0,2293.0,85.0,0.0,-0.230011,0.0,14.0,7.5,25.0,1.8019873718724293,-0.8702224948969329,940.0806545436492,-454.25450398361113,2.020689848081475
138.0,66092.5,52.5641535,-1.5018644,72.475,115.875,81.81,0.23,0.1,0.0,72.8,72.78,72.56,72.39,0.0,72.71,0.0397799,-0.01938009,0.0,5.0,3.0,2270.0,85.0,0.0,0.0,0.0,14.0,7.5,25.0,1.8113682468523544,-0.8785766588277903,941.8920227905015,-455.1330806424389,2.022400270748429
138.0,66092.6,52.5641454,-1.5018379000000002,72.241,116.37,81.84,0.23,0.1,0.0,72.92,73.00999,72.7,72.44,0.0,72.89,0.04997993,-0.009180069,0.0,5.0,3.0,2249.0,85.0,0.0,0.0,0.0,14.0,7.5,25.0,1.7978867460955639,-0.8913056947973038,943.689909536597,-456.02438633723625,2.0310396505458015
138.0,66092.7,52.5641375,-1.5018112,72.425,116.031,81.87,0.23,0.1,0.0,73.01999,73.14,72.86,72.69,0.0,73.01,0.0397799,0.0,0.0,5.0,3.0,2249.0,85.0,0.0,-0.230011,0.0,14.0,7.5,25.0,1.8077214277126594,-0.88289570910312,945.4976309643097,-456.9072820463394,2.025122984381541
138.0,66092.8,52.5641298,-1.5017843,72.612,115.46,81.89,0.24,0.1,0.0,73.14,73.17,73.01999,72.87,0.2000122,73.06,0.04997993,0.0,0.0,5.0,3.0,2257.0,85.0,0.0,0.0,0.0,14.0,7.5,20.5,1.8211202911331013,-0.867069711859023,947.3187512554427,-457.7743517581984,2.0151571543526527
138.0,66092.9,52.5641218,-1.5017575,72.65899999999999,115.922,81.92,0.25,0.1,0.0,73.12,73.14999,73.2,72.92,0.1000061,73.18,0.0397799,0.009180069,0.0,5.0,3.0,2240.0,85.0,0.0,0.0,0.0,14.0,7.5,19.0,1.8152438190787945,-0.8822965447527555,949.1339950745215,-458.65664830295117,2.023220575496867
138.0,66093.0,52.5641137,-1.5017307,72.918,116.107,81.96,0.26,0.1,0.0,73.25999,73.17999,73.09,72.89999,0.0,73.21,0.01937985,0.009180069,0.0,5.0,3.0,2246.0,85.0,0.0,0.0,0.0,14.0,7.5,19.0,1.8188459731179092,-0.8913190091503529,950.9528410476395,-459.54796731210155,2.026449434613056
138.0,66093.1,52.5641058,-1.5017038,72.846,115.842,82.0,0.28,0.1,0.0,73.25999,73.23999,73.12,72.95,0.0,73.25,0.009180069,0.0,0.0,5.0,3.0,2261.0,85.0,0.0,-0.230011,0.0,14.0,7.5,21.5,1.8211489649408925,-0.8820253383518616,952.7739900125804,-460.4299926504534,2.021824312095271
138.0,66093.2,52.56409789999999,-1.5016769,72.929,115.82,82.03,0.28,0.1,0.0,73.31,73.22,73.20999,73.06,-0.1999817,73.26,0.009180069,0.0,0.0,5.0,3.0,2244.0,85.0,0.0,0.0,0.0,14.0,7.5,28.0,1.82356288864824,-0.8823301763311957,954.5975529012286,-461.3123228267846,2.0214403396598324
138.0,66093.3,52.56409,-1.50165,72.842,115.656,82.06,0.28,0.1,0.0,73.25,73.16,73.06999,72.97,0.0,73.24,0.01937985,0.0,0.0,5.0,3.0,2255.0,85.0,0.0,0.0,0.0,14.0,7.5,33.0,1.823902536948879,-0.8760605751832777,956.4214554381775,-462.1883834019679,2.018577999686562
138.0,66093.4,52.5640821,-1.5016231,72.842,115.779,82.09,0.3,0.1,0.0,73.33,73.25999,73.17,73.03,-0.1999817,73.23,0.01937985,0.0,0.0,5.0,3.0,2241.0,85.0,0.0,0.0,0.0,13.9,7.5,35.5,1.8220176482131696,-0.8799740253432274,958.2434730863907,-463.0683574273111,2.0207247546665146
138.0,66093.5,52.5640742,-1.5015962,72.774,115.649,82.12,0.3,0.1,0.0,73.36,73.42999,73.16,72.89,-0.1999817,73.31,0.01937985,-0.01938009,0.0,5.0,3.0,2245.0,85.0,0.0,0.0,0.0,14.0,7.5,37.5,1.8223067915020448,-0.8750201184232982,960.0657798778927,-463.94337754573445,2.018455826638922
138.0,66093.6,52.56406619999999,-1.5015693,72.929,115.939,82.17,0.31,0.1,0.0,73.41,73.48999,73.25999,73.03999,0.0,73.31,0.02957988,-0.02958012,0.0,5.0,3.0,2257.0,85.0,0.0,-0.230011,0.0,14.0,7.5,37.5,1.8217264083938056,-0.8861157045670499,961.8875062862866,-464.8294932503015,2.0235172814697058
138.0,66093.7,52.5640582,-1.5015423999999995,73.058,115.872,82.21,0.32,0.1,0.0,73.59,73.61,73.47,73.25,0.1000061,73.47,0.0397799,-0.01938009,0.0,5.0,3.0,2256.0,85.0,0.0,0.0,0.0,14.0,7.5,37.5,1.8259855401641971,-0.8855484568655432,963.7134918264508,-465.715041707167,2.0223479108708697
138.0,66093.8,52.5640501,-1.5015154,73.235,116.012,82.23,0.31,0.1,0.0,73.76999,73.73,73.56,73.28999,0.0,73.72,0.04997993,0.0,0.0,5.0,3.0,2263.0,85.0,0.0,0.0,0.0,14.0,7.5,37.5,1.8282349074398283,-0.8921637834964387,965.5417267338906,-466.60720549066343,2.0247913718236616
138.0,66093.9,52.5640422,-1.5014885,73.17399999999999,115.866,82.26,0.31,0.1,0.0,74.03,73.87999,73.69,73.48999,-0.1000061,73.95,0.05915999,0.0,0.0,5.0,3.0,2277.0,85.0,0.0,0.0,0.0,14.0,7.5,37.5,1.8289776743355681,-0.8867629873841157,967.3707044082262,-467.4939684780475,2.02224319111575
138.0,66094.0,52.5640341,-1.5014614,73.354,115.866,82.3,0.32,0.1,0.0,74.14999,74.08,73.97,73.83,-0.2999877999999999,74.15,0.06936002,0.009180069,0.0,5.0,3.0,2278.0,85.0,0.0,0.0,0.0,14.0,7.5,37.5,1.8334767584553433,-0.8889443268999158,969.2041811666816,-468.3829128049474,2.02224319111575
138.0,66094.1,52.5640261,-1.5014343,73.512,115.751,82.35,0.34,0.1,0.0,74.31,74.22,74.2,73.98999,-0.1999817,74.2,0.07956004,0.0,0.0,5.0,3.0,2270.0,85.0,0.0,0.0,0.0,14.0,7.5,37.5,1.8392103209512651,-0.8871693160306791,971.0433914876328,-469.2700821209781,2.0202360624759566
138.0,66094.2,52.564018,-1.501407,73.944,115.934,82.39,0.35,0.1,0.0,74.45999,74.39,74.31999,74.17,-0.1999817,74.4,0.07956004,-0.009180069,0.0,5.0,3.0,2277.0,85.0,0.0,0.0,0.0,14.0,7.5,37.5,1.8471589489024394,-0.8982871575891731,972.8905504365352,-470.16836927856724,2.023430015007106
138.0,66094.3,52.56401,-1.5013797,74.03,115.725,82.43,0.36,0.1,0.0,74.64999,74.7,74.50999,74.39999,0.2000122,74.6,0.06936002,0.0,0.0,5.0,3.0,2295.0,85.0,0.0,-0.230011,0.0,14.0,7.5,37.5,1.852575489484412,-0.8925801466015651,974.7431259260196,-471.0609494251688,2.019782276870438
138.0,66094.4,52.564002,-1.5013523,74.185,115.638,82.47,0.36,0.1,0.0,74.91,74.98,74.70999,74.45,0.1000061,74.81,0.07956004,0.0,0.0,5.0,3.0,2292.0,85.0,0.0,-0.230011,0.0,14.0,7.5,37.5,1.857810334844604,-0.8916290445632525,976.6009362608643,-471.9525784697321,2.018263840421203
138.0,66094.5,52.563993800000006,-1.5013249,74.3,115.925,82.52,0.38,0.1,0.0,75.17999,75.23,74.87999,74.64,0.1000061,74.97,0.06936002,0.0,0.0,5.0,3.0,2314.0,85.0,0.0,0.0,0.0,14.0,7.5,37.5,1.8561937700780886,-0.9023203608487984,978.4571300309424,-472.8548988305809,2.0232729353744263
138.0,66094.6,52.5639857,-1.5012972,74.794,115.705,82.56,0.38,0.1,0.0,75.28,75.23999,75.06,74.92999,0.0,75.12,0.06936002,0.0,0.0,5.0,3.0,2308.0,85.0,0.0,0.0,0.0,14.0,7.5,37.5,1.872008999442143,-0.9011382996077644,980.3291390303846,-473.75603713018864,2.019433211020039
138.0,66094.7,52.5639776,-1.5012696,74.77199999999999,115.701,82.59,0.38,0.1,0.0,75.5,75.42,75.26999,75.08,0.0,75.48,0.06936002,-0.009180069,0.0,5.0,3.0,2310.0,85.0,0.0,0.0,0.0,14.0,7.5,37.5,1.8715212526472471,-0.9007425830333979,982.2006602830318,-474.656779713222,2.019363397849959
138.0,66094.8,52.5639695,-1.501242,74.956,115.823,82.64,0.4,0.1,0.0,75.69,75.67999,75.51999,75.39,0.1000061,75.63,0.06936002,-0.009180069,0.0,5.0,3.0,2323.0,85.0,0.0,0.0,0.0,14.0,7.5,37.5,1.8741997946549978,-0.9069519329752327,984.0748600776867,-475.56373164619725,2.0214926995373923
138.0,66094.9,52.5639613,-1.5012142,75.2,115.779,82.68,0.4,0.1,0.0,75.8,75.72,75.73,75.53999,0.1000061,75.79,0.07956004,-0.009180069,0.0,5.0,3.0,2308.0,85.0,0.0,0.0,0.0,14.0,7.5,37.5,1.8809989723734983,-0.9084600464815724,985.9558590500602,-476.47219169267885,2.0207247546665146
138.0,66095.0,52.5639531,-1.5011864,75.384,115.783,82.73,0.42,0.1,0.0,76.06,76.09,75.84,75.62999,-0.1000061,76.04,0.06936002,-0.01938009,0.0,5.0,3.0,2336.0,85.0,0.0,0.0,0.0,14.0,7.5,37.5,1.8855378344141696,-0.9108145118478975,987.8413968844744,-477.38300620452674,2.0207945678365946
138.0,66095.1,52.5639449,-1.5011584999999998,75.586,115.814,82.78,0.42,0.1,0.0,76.23,76.28,76.03,75.8,-0.3999939,76.12,0.07956004,-0.01938009,0.0,5.0,3.0,2340.0,85.0,0.0,0.0,0.0,14.0,7.5,37.5,1.8900959521652574,-0.9142779169977491,989.7314928366396,-478.2972841215245,2.0213356199047126
138.0,66095.2,52.563936600000005,-1.5011306,75.668,115.774,82.82,0.43,0.1,0.0,76.47,76.44,76.28999,75.91,-0.6000061,76.41,0.07956004,-0.01938009,0.0,5.0,3.0,2340.0,85.0,0.0,0.0,0.0,14.0,7.5,37.5,1.892784953649731,-0.9139485874335351,991.6242777902894,-479.21123270895805,2.0206374882039153
138.0,66095.3,52.5639284,-1.5011026,75.84100000000001,115.728,82.87,0.44,0.1,0.0,76.64999,76.50999,76.41,76.12,-0.6999816999999999,76.55,0.06936002,-0.01938009,0.0,5.0,3.0,2359.0,85.0,0.0,0.0,0.0,14.1,7.5,37.5,1.897847265255885,-0.9145147565861612,993.5221250555453,-480.12574746554424,2.019834636747998
138.0,66095.4,52.56392,-1.5010745,76.248,115.988,82.92,0.46,0.1,0.0,76.7,76.64999,76.61,76.23999,-0.6000061,76.68999000000001,0.07956004,-0.02958012,0.0,5.0,3.0,2352.0,85.0,0.0,0.0,0.0,14.0,7.5,22.0,1.9038402066292812,-0.9280713698966132,995.4259652621746,-481.05381883544084,2.0243724928031828
138.0,66095.5,52.5639117,-1.5010464,76.219,115.817,82.97,0.46,0.1,0.0,76.92,76.84,76.84,76.53999,-0.6000061,76.82,0.06936002,-0.02958012,0.0,5.0,3.0,2353.0,85.0,0.0,0.0,0.0,14.0,7.5,0.0,1.905876411826149,-0.9220343911325117,997.3318416740008,-481.97585322657335,2.0213879797822725
138.0,66095.6,52.5639033,-1.5010182,76.47800000000001,115.957,83.02,0.47,0.1,0.0,76.89999,76.78999,76.72,76.59,-0.5,76.84,0.04997993,-0.02958012,0.0,5.0,3.0,2351.0,85.0,0.0,0.0,0.0,14.1,7.5,0.0,1.9100864584599155,-0.9298375516414821,999.2419281324607,-482.9056907782148,2.023831440735065
138.0,66095.7,52.5638949,-1.5009901,76.388,116.143,83.06,0.48,0.1,0.0,76.75,76.75,76.73999,76.53999,-0.6000061,76.79,0.01937985,-0.01938009,0.0,5.0,3.0,2338.0,85.0,0.0,0.0,0.0,14.0,7.5,0.0,1.904813612942659,-0.9349318460393032,1001.1467417454033,-483.84062262425414,2.0270777531437743
138.0,66095.8,52.5638864,-1.500962,76.536,116.067,83.11,0.49,0.1,0.0,76.70999,76.59,76.61,76.23,-0.7999878,76.65,0.0,-0.01938009,0.0,5.0,3.0,2343.0,85.0,0.0,8.320007,1.0,13.9,7.5,0.0,1.9097450096450157,-0.934210895962983,1003.0564867550484,-484.7748335202171,2.0257513029122585
138.0,66095.9,52.563878,-1.5009339,76.385,116.145,83.16,0.5,0.1,0.0,75.92999,75.78999,76.39,76.00999,-0.8999939,76.05,-0.02958012,-0.02958012,0.0,5.0,3.0,2319.0,85.0,0.0,18.28998,1.0,14.0,7.5,0.0,1.9047061696899126,-0.9349616156461198,1004.9611929247383,-485.7097951358632,2.027112659728814
138.0,66096.0,52.5638695,-1.500906,76.039,116.257,83.21,0.51,0.1,0.0,75.06,75.0,75.28,74.84,-0.1999817,75.38,-0.1795201,-0.02958012,0.0,5.0,3.0,2294.0,85.0,0.0,28.73999,1.0,14.0,7.5,0.0,1.894255473875163,-0.9344311482586385,1006.8554483986135,-486.6442262841218,2.029067428491048
138.0,66096.1,52.5638612,-1.5008784000000002,75.283,116.307,83.27,0.52,0.1,0.0,74.12,74.14,74.22,73.75,0.0,74.45,-0.26928,-0.01938009,0.0,5.0,3.0,2257.0,85.0,0.0,32.29999,1.0,14.0,7.5,0.0,1.8746142295521335,-0.9267770469945669,1008.7300626281656,-487.5710033311164,2.029940093117045
138.0,66096.2,52.563853,-1.5008513,73.90100000000001,116.392,83.32,0.52,0.1,0.0,72.81999,72.78,72.8,72.48999,-0.1000061,73.05,-0.3294601,0.0,0.0,5.0,3.0,2220.0,85.0,0.0,32.78,1.0,14.0,7.5,0.0,1.8388495035534682,-0.9124928230955668,1010.568912131719,-488.483496154212,2.03142362298124
138.0,66096.3,52.56384490000001,-1.5008246,72.788,116.461,83.37,0.52,0.1,0.0,71.73,71.73999,71.72,71.37999,-0.2999877999999999,72.12,-0.34986,0.0,0.0,5.0,3.0,2195.0,85.0,0.0,31.59,1.0,14.0,7.5,0.0,1.8100715052456282,-0.9009305327882786,1012.3789836369647,-489.38442668700026,2.032627900165116
138.0,66096.4,52.563837,-1.5007985,71.334,116.313,83.42,0.53,0.1,0.0,70.67999,70.53,70.62,70.33,-0.1000061,70.98,-0.3396599,0.0,0.0,5.0,3.0,2171.0,85.0,0.0,25.64999,1.0,14.0,7.5,0.0,1.7761886165521419,-0.8783485916369363,1014.1551722535169,-490.2627752786372,2.0300448128721644
138.0,66096.5,52.5638292,-1.5007729,70.117,116.601,83.47,0.53,0.1,0.0,69.72,69.61,69.56999,69.48,0.0,69.99,-0.27948,-0.009180069,0.0,5.0,3.0,2128.0,85.0,0.0,11.63998,1.0,14.1,7.5,0.0,1.7415240183237064,-0.8721282832940376,1015.8966962718406,-491.13490356193125,2.0350713611179083
138.0,66096.6,52.5638215,-1.5007475,69.214,116.595,83.54,0.55,0.1,0.0,69.3,69.25999,69.06999,68.95,0.0,69.43,-0.1693201,0.0,0.0,5.0,3.0,2130.0,85.0,0.0,-0.7099915,1.0,14.1,7.5,0.0,1.7191859890311845,-0.8607165733775368,1017.6158822608718,-491.9956201353088,2.0349666413627885
138.0,66096.7,52.5638139,-1.5007223,68.706,116.394,83.6,0.56,0.1,0.0,68.81,68.78999,68.72,68.5,-0.3999939,68.88,-0.08976007,0.0,0.0,5.0,3.0,2109.0,85.0,0.0,0.0,0.0,14.1,7.5,0.0,1.7095547487867575,-0.8484072199720178,1019.3254370096586,-492.84402735528084,2.03145852956628
138.0,66096.8,52.5638063,-1.5006972,68.548,116.428,83.65,0.56,0.1,0.0,68.48999,68.37999,68.48,68.14,-0.5,68.55,-0.05915999,-0.009180069,0.0,5.0,3.0,2092.0,85.0,0.0,-0.230011,0.0,14.1,7.5,0.0,1.7051207675755593,-0.8474681654430015,1021.0305577772341,-493.69149552072383,2.032051941511958
138.0,66096.9,52.5637987,-1.5006721,68.303,116.321,83.71,0.56,0.1,0.0,68.17,68.14,68.16,67.83,-0.2999877999999999,68.25,-0.05915999,0.0,0.0,5.0,3.0,2085.0,85.0,0.0,-0.230011,0.0,14.1,7.5,0.0,1.7006004594295892,-0.8412647909724053,1022.7311582366636,-494.5327603116962,2.030184439212324
138.0,66097.0,52.5637912,-1.5006472,67.9,116.39,83.75,0.56,0.1,0.0,67.97,67.95,67.92999,67.48999,-0.1999817,68.02,-0.05915999,-0.009180069,0.0,5.0,3.0,2059.0,85.0,0.0,0.0,0.0,14.0,7.5,1.5,1.6895582463914929,-0.8383364810786262,1024.4207164830552,-495.37109679277484,2.0313887163962003
138.0,66097.1,52.5637836,-1.5006224,67.615,116.52,83.81,0.56,0.1,0.0,67.73999,67.69,67.58,67.22,-0.2999877999999999,67.77,-0.04997993,-0.009180069,0.0,5.0,3.0,2056.0,85.0,0.0,0.0,0.0,14.0,7.5,14.5,1.6805681103771843,-0.8386329337232317,1026.1012845934324,-496.20972972649804,2.033657644423793
138.0,66097.2,52.5637762,-1.5005978000000002,67.291,116.458,83.86,0.55,0.1,0.0,67.48,67.42,67.41,67.09,-0.3999939,67.48,-0.03978014,0.0,0.0,5.0,3.0,2095.0,85.0,0.0,0.0,0.0,14.0,7.5,18.5,1.6734172636255882,-0.8328040183271356,1027.774701857058,-497.04253374482516,2.0325755402875565
138.0,66097.3,52.5637687,-1.5005732000000005,67.046,116.496,83.92,0.56,0.1,0.0,67.28999,67.25,67.25,66.95999,-0.2999877999999999,67.26,-0.02958012,0.0,0.0,5.0,3.0,2132.0,85.0,0.0,-0.230011,0.0,14.0,7.5,19.5,1.6667738215856926,-0.8308774886428302,1029.4414756786437,-497.873411233468,2.033238765403314
138.0,66097.4,52.5637612,-1.5005487,66.877,116.47,83.98,0.57,0.1,0.0,67.09999,67.08,66.98999,66.75,-0.1999817,67.12,-0.01938009,-0.009180069,0.0,5.0,3.0,2160.0,85.0,0.0,0.0,0.0,14.0,7.5,21.0,1.6629483743822329,-0.8280285943487956,1031.104424053026,-498.7014398278168,2.0327849797977957
138.0,66097.5,52.5637538,-1.5005243,66.604,116.585,84.04,0.57,0.1,0.0,67.00999,66.95,66.91,66.62999,-0.1000061,67.03,-0.009180069,-0.009180069,0.0,5.0,3.0,2190.0,85.0,0.0,-0.230011,0.0,14.0,7.5,27.5,1.6545015076063494,-0.8279709444087443,1032.7589255606322,-499.5294107722255,2.034792108437589
138.0,66097.6,52.5637464,-1.5004998,66.611,116.473,84.09,0.58,0.1,0.0,66.83,66.69,66.69,66.37999,-0.1000061,66.88,0.0,-0.009180069,0.0,5.0,3.0,2234.0,85.0,0.0,-0.230011,0.0,14.0,7.5,30.5,1.6562908931700677,-0.8248218753898642,1034.4152164538023,-500.3542326476154,2.0328373396753556
138.0,66097.7,52.56373899999999,-1.5004755,66.316,116.517,84.16,0.58,0.1,0.0,66.73999,66.64999,66.66,66.42,-0.1999817,66.77,0.0,-0.009180069,0.0,5.0,3.0,2276.0,85.0,0.0,0.0,0.0,14.0,7.5,31.0,1.648324582387896,-0.8224350532259559,1036.0635410361901,-501.17666770084134,2.033605284546233
138.0,66097.8,52.5637315,-1.5004512,66.47800000000001,116.579,84.22,0.59,0.1,0.0,66.81,66.67,66.67,66.39,-0.1000061,66.81,0.009180069,-0.01938009,0.0,5.0,3.0,2337.0,85.0,0.0,0.0,0.0,14.0,7.5,31.5,1.651458089437227,-0.826231671210538,1037.7149991256274,-502.0028993720519,2.0346873886824692
138.0,66097.9,52.5637241,-1.5004267999999998,66.42,116.522,84.27,0.58,0.1,0.0,66.86,66.75999,66.58,66.31999,-0.1000061,66.8,0.02957988,-0.009180069,0.0,5.0,3.0,2333.0,85.0,0.0,0.0,0.0,14.1,7.5,31.5,1.6508376759101857,-0.82386890206844,1039.3658368015376,-502.82676827412035,2.0336925510088326
138.0,66098.0,52.5637167,-1.5004026,66.316,116.654,84.32,0.58,0.1,0.0,66.87999,66.84999,66.72,66.42999,-0.2999877999999999,66.9,0.0397799,-0.009180069,0.0,5.0,3.0,2302.0,85.0,0.0,0.0,0.0,14.0,7.5,32.0,1.6463533468878495,-0.8263740090722778,1041.0121901484254,-503.6531422831926,2.0359963856214653
138.0,66098.1,52.5637092,-1.5003783,66.42,116.637,84.38,0.58,0.1,0.0,67.0,67.06999,66.73999,66.51999,-0.1000061,66.88,0.0397799,-0.009180069,0.0,5.0,3.0,2261.0,85.0,0.0,0.0,0.0,14.0,7.5,32.0,1.6491807408990533,-0.8271806839183626,1042.6613708893244,-504.48032296711096,2.035699679648626
138.0,66098.2,52.5637018,-1.5003539,66.582,116.63,84.44,0.58,0.1,0.0,67.12999,67.03,66.95,66.62999,-0.1000061,66.92,0.04997993,0.0,0.0,5.0,3.0,2239.0,85.0,0.0,0.0,0.0,14.0,7.5,32.0,1.65330442628263,-0.8289962147285496,1044.314675315607,-505.3093191818395,2.0355775066009865
138.0,66098.3,52.5636943,-1.5003295,66.575,116.651,84.5,0.58,0.1,0.0,67.2,67.09,66.97,66.73,0.0,67.07,0.05915999,0.0,0.0,5.0,3.0,2215.0,85.0,0.0,0.0,0.0,14.0,7.5,32.0,1.6528266865004448,-0.8295149077627253,1045.9675020021075,-506.1388340896022,2.0359440257439054
138.0,66098.4,52.5636868,-1.5003051,66.643,116.7,84.56,0.59,0.1,0.0,67.28999,67.2,67.03999,66.81,0.0,67.38,0.04997993,0.0,0.0,5.0,3.0,2190.0,86.0,0.0,0.0,0.0,14.0,7.5,32.0,1.6538041508981136,-0.8317768340210885,1047.6213061530057,-506.97061092362327,2.0367992370773824
138.0,66098.5,52.5636793,-1.5002806,66.812,116.669,84.62,0.59,0.1,0.0,67.39,67.33,67.23999,67.16,0.2000122,67.22,0.05915999,0.0,0.0,5.0,3.0,2160.0,85.0,0.0,0.0,0.0,14.0,7.5,32.5,1.6584489663669524,-0.8329889518220647,1049.2797551193726,-507.80359987544534,2.0362581850092645
138.0,66098.6,52.5636718,-1.5002562,66.82300000000001,116.56,84.68,0.59,0.1,0.0,67.53,67.39999,67.28,67.14,-0.1000061,67.45,0.06936002,0.0,0.0,5.0,3.0,2147.0,85.0,0.0,0.0,0.0,14.0,7.5,32.5,1.6603039591421316,-0.8299690228215649,1050.9400590785147,-508.6335688982669,2.0343557761245905
138.0,66098.7,52.5636644,-1.5002317,66.892,116.603,84.74,0.59,0.1,0.0,67.56999,67.47,67.48999,67.22,-0.2999877999999999,67.54,0.06936002,0.0,0.0,5.0,3.0,2132.0,86.0,0.0,0.0,0.0,14.0,7.5,32.5,1.661394357548639,-0.832073127759882,1052.6014534360634,-509.4656420260268,2.035106267702948
138.0,66098.8,52.5636569,-1.5002069999999998,67.19,116.547,84.8,0.61,0.1,0.0,67.64999,67.61,67.56,67.34999,0.1000061,67.63,0.06936002,-0.009180069,0.0,5.0,3.0,2117.0,86.0,0.0,0.0,0.0,14.0,7.5,32.5,1.6696118546113885,-0.8341485116626544,1054.2710652906746,-510.29979053768943,2.034128883321831
138.0,66098.9,52.5636493,-1.5001823,67.46,116.556,84.86,0.61,0.1,0.0,67.84,67.75999,67.75,67.50999,0.1000061,67.79,0.06936002,-0.01938009,0.0,5.0,3.0,2081.0,85.0,0.0,-0.230011,0.0,14.0,7.5,32.5,1.6761895399779154,-0.8377638055978894,1055.9472548306526,-511.1375543432873,2.034285962954511
138.0,66099.0,52.5636418,-1.5001576,67.37,116.665,84.92,0.61,0.1,0.0,67.98,67.94,67.78999,67.59999,0.0,67.96,0.05915999,-0.009180069,0.0,5.0,3.0,2084.0,86.0,0.0,0.0,0.0,14.0,7.5,33.0,1.67235862419699,-0.8398291525844652,1057.6196134548495,-511.9773834958718,2.036188371839185
138.0,66099.1,52.5636342,-1.5001329,67.579,116.585,84.98,0.61,0.1,0.0,68.14,68.12999,67.81999,67.70999,0.0,68.07,0.06936002,-0.009180069,0.0,5.0,3.0,2090.0,85.0,0.0,0.0,0.0,14.0,7.5,33.0,1.6787213588152285,-0.8400914127109262,1059.2983348136647,-512.8174749085827,2.034792108437589
138.0,66099.2,52.5636266,-1.5001080999999998,67.66199999999999,116.629,85.04,0.6,0.1,0.0,68.23999,68.20999,68.09,67.89999,0.1000061,68.18,0.06936002,0.0,0.0,5.0,3.0,2092.0,86.0,0.0,0.0,0.0,14.0,7.5,33.0,1.6801367194765167,-0.842413707074314,1060.9784715331411,-513.659888615657,2.035560053308467
138.0,66099.3,52.563619,-1.5000832,67.85300000000001,116.558,85.1,0.61,0.1,0.0,68.37999,68.42999,68.16,67.95999,0.1000061,68.35,0.05915999,0.0,0.0,5.0,3.0,2094.0,86.0,0.0,0.0,0.0,14.0,7.5,33.0,1.6859250597305355,-0.8427031952150634,1062.6643965928718,-514.5025918108721,2.0343208695395507
138.0,66099.4,52.5636114,-1.5000584,67.824,116.562,85.16,0.61,0.1,0.0,68.47,68.48,68.3,68.12,0.0,68.43,0.06936002,0.0,0.0,5.0,3.0,2103.0,86.0,0.0,0.0,0.0,14.0,7.5,33.0,1.685145693864152,-0.8424606759078467,1064.3495422867359,-515.34505248678,2.0343906827096303
138.0,66099.5,52.5636038,-1.5000334,68.069,116.534,85.23,0.61,0.1,0.0,68.55,68.56,68.48,68.23,0.0,68.53,0.06936002,0.0,0.0,5.0,3.0,2109.0,85.0,0.0,0.0,0.0,14.0,7.5,33.0,1.6916459190528945,-0.8446772954634464,1066.0411882057888,-516.1897297822435,2.0339019905190723
138.0,66099.6,52.5635962,-1.5000084,68.245,116.56,85.28,0.61,0.1,0.0,68.7,68.66,68.59,68.34999,0.0,68.68999000000001,0.06936002,-0.009180069,0.0,5.0,3.0,2109.0,86.0,0.0,0.0,0.0,14.0,7.5,33.0,1.6956353903843704,-0.847630845105094,1067.736823596173,-517.0373606273486,2.0343557761245905
138.0,66099.7,52.5635886,-1.4999834,68.288,116.572,85.35,0.61,0.1,0.0,68.87,68.81,68.72,68.51999,0.0,68.82,0.05915999,0.0,0.0,5.0,3.0,2115.0,86.0,0.0,-0.230011,0.0,14.0,7.5,33.0,1.6965261046042839,-0.848520260916814,1069.4333497007774,-517.8858808882653,2.0345652156348297
138.0,66099.8,52.5635809,-1.4999582000000002,68.54,116.505,85.4,0.61,0.1,0.0,69.09,69.0,68.84999,68.66,0.1000061,69.01,0.05915999,0.0,0.0,5.0,3.0,2119.0,86.0,0.0,0.0,0.0,14.0,7.5,33.0,1.703781447026234,-0.8496597448412869,1071.1371311478035,-518.7355406331066,2.0333958450359937
138.0,66099.9,52.5635733,-1.4999331,68.562,116.515,85.46,0.6,0.1,0.0,69.11,69.11,68.87999,68.81999,0.0,69.12,0.06936002,0.0,0.0,5.0,3.0,2123.0,86.0,0.0,-0.230011,0.0,14.0,7.5,33.0,1.7041799604030434,-0.8502299174697872,1072.8413111082066,-519.5857705505763,2.033570377961193
138.0,66100.0,52.5635656,-1.4999079,68.602,116.486,85.52,0.6,0.1,0.0,69.2,69.25,69.06999,68.98,0.1000061,69.18999000000001,0.06936002,-0.009180069,0.0,5.0,3.0,2119.0,86.0,0.0,0.0,0.0,14.0,7.5,33.0,1.7056045747497746,-0.8498627779722823,1074.5469156829563,-520.4356333285485,2.033064232478115
138.0,66100.1,52.5635579,-1.4998826,69.113,116.556,85.58,0.6,0.1,0.0,69.34999,69.48999,69.17999,69.12999,0.0,69.32,0.05915999,-0.009180069,0.0,5.0,3.0,2127.0,86.0,0.0,-0.230011,0.0,14.0,7.5,33.0,1.7172618985546053,-0.858291875130254,1076.264177581511,-521.2939252036788,2.034285962954511
138.0,66100.2,52.5635502,-1.4998574,68.929,116.574,85.63,0.59,0.1,0.0,69.50999,69.67,69.25,69.20999,0.0,69.49,0.05915999,0.0,0.0,5.0,3.0,2129.0,86.0,0.0,0.0,0.0,14.0,7.5,33.0,1.712421013776795,-0.8565448541448797,1077.9765985952877,-522.1504700578237,2.0346001222198695
138.0,66100.3,52.5635425,-1.4998321,68.976,116.54,85.69,0.59,0.1,0.0,69.67999,69.75,69.44,69.31,0.0,69.55,0.05915999,0.0,0.0,5.0,3.0,2137.0,85.0,0.0,0.0,0.0,14.0,7.5,33.0,1.7140969757474804,-0.8561118838874638,1079.6906955710351,-523.0065819417111,2.0340067102741917
138.0,66100.4,52.5635347,-1.4998066,69.469,116.494,85.73,0.58,0.1,0.0,69.8,69.83,69.61,69.45999,0.0,69.77,0.05915999,0.0,0.0,5.0,3.0,2132.0,86.0,0.0,0.0,0.0,14.1,7.5,33.0,1.7270400226299782,-0.8608445905934456,1081.4177355936652,-523.8674265323046,2.033203858818274
138.0,66100.5,52.563527,-1.4997812,69.206,116.538,85.8,0.59,0.1,0.0,69.92999,69.89999,69.70999,69.45999,0.0,69.88,0.05915999,0.0,0.0,5.0,3.0,2141.0,86.0,0.0,0.0,0.0,14.0,7.5,33.0,1.719842602925917,-0.8589065497971613,1083.137578196591,-524.7263330821019,2.033971803689152
138.0,66100.6,52.5635193,-1.4997558,69.45100000000001,116.433,85.85,0.59,0.1,0.0,69.94,69.98999,69.84999,69.72,0.0,69.91,0.06936002,-0.009180069,0.0,5.0,3.0,2137.0,86.0,0.0,0.0,0.0,14.0,7.5,33.0,1.7275078148326237,-0.8587828329487744,1084.8650860114237,-525.5851159150507,2.032139207974558
138.0,66100.7,52.5635115,-1.4997301,70.013,116.372,85.89,0.57,0.1,0.0,70.22,70.09999,70.06999,69.75999,0.0,70.14,0.05915999,-0.009180069,0.0,5.0,3.0,2151.0,86.0,0.0,0.0,0.0,14.0,7.5,33.5,1.7424075857556998,-0.8638775688838941,1086.6074935971794,-526.4489934839346,2.0310745571308413
138.0,66100.8,52.5635037,-1.4997046,69.584,116.599,85.96,0.58,0.1,0.0,70.25999,70.23,70.09,69.84,0.1000061,70.24,0.05915999,-0.009180069,0.0,5.0,3.0,2150.0,85.0,0.0,-0.4700011999999999,0.0,14.0,7.5,33.5,1.7283158943525483,-0.8654384011115268,1088.335809491532,-527.3144318850461,2.0350364545328685
138.0,66100.9,52.563496,-1.4996789,69.977,116.253,85.99,0.55,0.1,0.0,70.42,70.37999,70.3,69.98,0.0,70.39,0.05915999,0.0,0.0,5.0,3.0,2155.0,86.0,0.0,0.0,0.0,14.0,7.5,33.5,1.743301200225682,-0.859814493423052,1090.0791106917577,-528.1742463784692,2.028997615320968
138.0,66101.0,52.5634879,-1.4996534,70.07,117.21,86.05,0.55,0.1,0.0,70.55,70.50999,70.37,70.05,0.1000061,70.57,0.05915999,0.0,0.0,5.0,3.0,2164.0,86.0,0.0,-0.230011,0.0,14.0,7.5,33.5,1.7309948399487163,-0.8899924555079333,1091.8101055317063,-529.0642388339771,2.0457004162625534
138.0,66101.1,52.5634801,-1.4996277,70.146,116.569,86.09,0.54,0.1,0.0,70.67,70.67999,70.55,70.3,0.3999939,70.71,0.05915999,0.009180069,0.0,5.0,3.0,2162.0,86.0,0.0,0.0,0.0,14.0,7.5,0.0,1.7427313209667656,-0.8715158018770697,1093.5528368526732,-529.9357546358542,2.0345128557572703
138.0,66101.2,52.5634724,-1.4996018999999998,70.29,116.322,86.15,0.55,0.1,0.0,70.70999,70.72,70.62,70.48999,0.3999939,70.75,0.04997993,0.009180069,0.0,5.0,3.0,2157.0,86.0,0.0,0.0,0.0,14.0,7.5,0.0,1.7500574530875959,-0.8657685377123372,1095.3028943057607,-530.8015231735666,2.030201892504844
138.0,66101.3,52.5634646,-1.499576,70.416,116.237,86.2,0.55,0.1,0.0,70.64999,70.66,70.59999,70.47,0.3999939,70.63,0.01937985,0.009180069,0.0,5.0,3.0,2160.0,86.0,0.0,0.0,0.0,14.0,7.5,0.0,1.754479326028507,-0.8647186215981217,1097.0573736317892,-531.6662417951648,2.0287183626406486
138.0,66101.4,52.5634567,-1.4995502,70.47,116.518,86.25,0.55,0.1,0.0,70.47,70.45999,70.58,70.37,0.5,70.63,0.009180069,0.0,0.0,5.0,3.0,2141.0,86.0,0.0,4.039978,1.0,14.0,7.5,0.0,1.751559529566622,-0.8739825309377492,1098.8089331613558,-532.5402243261025,2.033622737838753
138.0,66101.5,52.5634491,-1.4995243,70.315,116.11,86.31,0.55,0.1,0.0,70.25999,70.25999,70.34,70.17,0.5,70.37,-0.009180069,0.009180069,0.0,5.0,3.0,2163.0,85.0,0.0,8.549988,1.0,14.0,7.5,0.0,1.7538724713902725,-0.8595928640397267,1100.562805632746,-533.3998171901422,2.026501794490616
138.0,66101.6,52.5634413,-1.4994985,70.236,116.252,86.36,0.54,0.1,0.0,69.73999,69.78,69.91,69.59,0.6000061,69.83,-0.05915999,0.009180069,0.0,5.0,3.0,2121.0,86.0,0.0,18.76999,1.0,14.0,7.5,0.0,1.7497685965892895,-0.8629663135893249,1102.3125742293353,-534.2627835037316,2.0289801620284478
138.0,66101.7,52.5634336,-1.4994729,69.818,116.235,86.41,0.54,0.1,0.0,68.98,68.84999,68.98,68.70999,0.6000061,69.07,-0.1693201,0.009180069,0.0,5.0,3.0,2102.0,86.0,0.0,28.269990000000004,1.0,14.1,7.5,0.0,1.7396095336665114,-0.8573143721659298,1104.0521837630017,-535.1200978758975,2.028683456055609
