No of GPS Satellites Available,Time Since Start of Day (seconds),Latitude (degrees),Longitude (degrees),Velocity (km/hr),Heading (degrees),Height (km),Vertical velocity (km/hr),Sample period (seconds),Steering Angle (degrees),Wheel Speed Front Left (rad/sec),Wheel Speed Front Right (rad/sec),Wheel Speed Rear Left (rad/sec),Wheel Speed Rear Right (rad/sec),Yaw Rate (deg/sec),Indicated Vehicle Speed (km/hr),Indicated Longitudinal Acceleration (g),Indicated Lateral Acceleration (g),Handbrake (0 or 1),Gear Requested (Number fof gear employed 1-5),Gear (Number fof gear employed 1-5),Engine Speed (rev/min),Coolant Temperature (degrees),Clutch Position (0 or 1),Brake Pressure (psi),Brake Position (0 or 1),Battery Voltage (volts),Air Temperature (degrees),Accelerator Pedal Position (0 or 1),dx,dy,x_cum,y_cum,heading_rad
139.0,66233.1,52.5538423,-1.4667861,71.032,115.1,91.12,0.32,0.1,0.0,71.37,71.36,71.37999,71.09999,-0.3999939,71.38,0.0,-0.03978014,0.0,6.0,3.0,1798.0,86.0,0.0,0.0,0.0,14.0,7.5,12.5,1.7867878592044244,-0.8369925943458482,1.7867878592044244,-0.8369925943458482,2.008873969045473
139.0,66233.2,52.5538347,-1.4667598,70.931,115.412,91.18,0.35,0.1,0.0,71.28999,71.25,71.23,70.92,-0.3999939,71.21,0.0,-0.02958012,0.0,6.0,3.0,1793.0,86.0,0.0,0.0,0.0,14.0,7.5,12.5,1.7796695027233786,-0.8455060279675175,3.566457361927803,-1.6824986223133656,2.014319396311696
139.0,66233.3,52.5538272,-1.4667335,70.736,115.168,91.23,0.38,0.1,0.0,71.20999,71.16,71.08,70.75,-0.5,71.14,-0.009180069,-0.02958012,0.0,6.0,3.0,1791.0,86.0,0.0,0.9499817,0.0,14.0,7.5,12.5,1.778351595056837,-0.8356159105939871,5.3448089569846395,-2.5181145329073527,2.0100607929368297
139.0,66233.4,52.5538196,-1.4667073,70.794,115.53,91.28,0.38,0.1,0.0,71.05,70.98,70.91,70.67,-0.5,71.08,-0.009180069,-0.03978014,0.0,6.0,3.0,1783.0,86.0,0.0,0.0,0.0,14.0,7.5,12.5,1.7744904396290946,-0.847529309030043,7.119299396613734,-3.3656438419373957,2.016378884829049
139.0,66233.5,52.5538121,-1.4666812,70.51,115.601,91.34,0.4,0.1,0.0,70.87999,70.75999,70.78999,70.61,-0.7999878,70.92,0.0,-0.03978014,0.0,6.0,3.0,1775.0,86.0,0.0,0.0,0.0,14.0,7.5,12.5,1.7663244357983103,-0.8463187768622901,8.885623832412044,-4.211962618799686,2.0176180685979648
139.0,66233.6,52.55380460000001,-1.466655,70.502,115.332,91.4,0.42,0.1,0.0,70.73999,70.67,70.76999,70.50999,-0.5,70.76,0.0,-0.02958012,0.0,6.0,3.0,1774.0,86.0,0.0,0.0,0.0,14.0,7.5,12.5,1.7700775122705381,-0.8379216196504295,10.655701344682582,-5.049884238450115,2.0129231329101
139.0,66233.7,52.5537971,-1.4666289,70.477,115.348,91.46,0.43,0.1,0.0,70.69,70.61,70.50999,70.36,-0.3999939,70.68999000000001,0.0,-0.04997993,0.0,6.0,3.0,1764.0,86.0,0.0,0.0,0.0,14.0,7.5,12.5,1.7692158651413363,-0.8381185836985336,12.424917209823917,-5.888002822148649,2.0132023855904193
139.0,66233.8,52.5537896,-1.466603,70.196,115.622,91.51,0.44,0.1,0.0,70.61,70.51999,70.48,70.20999,-0.3999939,70.57,0.0,-0.03978014,0.0,6.0,3.0,1757.0,86.0,0.0,0.0,0.0,14.1,7.5,12.5,1.7581495891044043,-0.8431943437573337,14.183066798928321,-6.731197165905982,2.0179845877408837
139.0,66233.9,52.553782,-1.466577,70.135,115.7,91.58,0.46,0.1,0.0,70.59,70.41,70.3,70.03999,-0.5,70.43999000000001,-0.009180069,-0.02958012,0.0,6.0,3.0,1753.0,86.0,0.0,0.0,0.0,14.1,7.5,14.5,1.755473246956247,-0.8448522193763174,15.938540045884569,-7.5760493852823,2.0193459445574393
139.0,66234.0,52.5537746,-1.4665512,69.829,115.734,91.64,0.46,0.1,0.0,70.42,70.33,70.25,70.12,-0.5,70.33,-0.009180069,-0.01938009,0.0,6.0,3.0,1742.0,86.0,0.0,0.0,0.0,14.0,7.5,17.5,1.7473146265464434,-0.8422031427544696,17.685854672431013,-8.418252528036769,2.019939356503117
139.0,66234.1,52.5537671,-1.4665252,70.096,115.735,91.69,0.46,0.1,0.0,70.23999,70.09,70.12,70.0,-0.3999939,70.29,0.0,-0.01938009,0.0,6.0,3.0,1752.0,86.0,0.0,-0.230011,0.0,14.0,7.5,19.0,1.7539809489950173,-0.8454540257015069,19.43983562142603,-9.263706553738276,2.0199568097956373
139.0,66234.2,52.5537597,-1.4664994,69.642,115.548,91.77,0.49,0.1,0.0,70.14,70.03,70.05,69.92999,-0.3999939,70.11,0.0,-0.02958012,0.0,6.0,3.0,1741.0,86.0,0.0,0.0,0.0,14.0,7.5,19.5,1.7453529151680056,-0.8342861928106834,21.185188536594037,-10.09799274654896,2.0166930440944077
139.0,66234.3,52.5537522,-1.4664736,69.808,115.661,91.83,0.5,0.1,0.0,70.14,70.00999,70.01999,69.84,-0.2999877999999999,70.07,0.0,-0.03978014,0.0,6.0,3.0,1743.0,86.0,0.0,-0.230011,0.0,14.0,7.5,20.0,1.7478604506128417,-0.8397236131121013,22.933048987206877,-10.93771635966106,2.0186652661491613
139.0,66234.4,52.5537446,-1.4664479,69.77199999999999,116.013,91.88,0.49,0.1,0.0,70.12999,70.08,69.91,69.78,-0.2999877999999999,70.03,0.009180069,-0.01938009,0.0,6.0,3.0,1742.0,86.0,0.0,0.0,0.0,14.0,7.5,21.0,1.7417699120504075,-0.8500072073154787,24.674818899257286,-11.787723566976538,2.0248088251161818
139.0,66234.5,52.553737,-1.4664222,69.649,115.944,91.94,0.5,0.1,0.0,70.09999,70.14,69.98,69.66,-0.2999877999999999,70.1,0.009180069,-0.009180069,0.0,6.0,3.0,1756.0,86.0,0.0,-0.230011,0.0,14.0,7.5,22.0,1.7397199509726056,-0.8464142517420603,26.414538850229892,-12.6341378187186,2.0236045479323055
139.0,66234.6,52.5537294,-1.4663965,69.61,115.769,91.99,0.5,0.1,0.0,70.14,70.14,69.95,69.75,-0.2999877999999999,70.05,0.01937985,-0.009180069,0.0,6.0,3.0,1761.0,86.0,0.0,0.0,0.0,14.0,7.5,22.0,1.7413214570336248,-0.8406256671590753,28.155860307263517,-13.474763485877675,2.0205502217413156
139.0,66234.7,52.5537219,-1.4663709,69.46600000000001,115.823,92.05,0.51,0.1,0.0,70.09999,70.12,70.00999,69.75999,-0.2999877999999999,70.03,0.02957988,-0.009180069,0.0,6.0,3.0,1776.0,86.0,0.0,0.0,0.0,14.0,7.5,22.0,1.736927836804313,-0.8405240804746454,29.89278814406783,-14.315287566352321,2.0214926995373923
139.0,66234.8,52.5537143,-1.4663451000000003,69.836,115.903,92.11,0.53,0.1,0.0,70.11,70.17999,70.09,69.81,-0.1000061,70.08,0.0397799,-0.009180069,0.0,6.0,3.0,1763.0,86.0,0.0,0.0,0.0,14.0,7.5,22.0,1.7449977709348614,-0.8474383049325379,31.63778591500269,-15.16272587128486,2.0228889629389877
139.0,66234.9,52.55370679999999,-1.4663194,69.642,115.752,92.16,0.52,0.1,0.0,70.17,70.17999,70.01999,69.75999,0.0,70.12,0.02957988,-0.009180069,0.0,6.0,3.0,1776.0,86.0,0.0,0.0,0.0,14.0,7.5,22.0,1.7423714062148967,-0.8404951711965533,33.38015732121759,-16.003221042481414,2.0202535157684762
139.0,66235.0,52.5536991,-1.4662937,69.862,115.938,92.22,0.52,0.1,0.0,70.20999,70.19,70.09999,69.83,-0.1000061,70.21,0.02957988,-0.009180069,0.0,6.0,3.0,1791.0,86.0,0.0,0.0,0.0,14.0,7.5,22.0,1.7451292460355656,-0.8488200040051123,35.125286567253156,-16.852041046486526,2.0234998281771857
139.0,66235.1,52.5536915,-1.466268,69.75399999999999,115.839,92.27,0.52,0.1,0.0,70.19,70.17999,70.08,69.98,0.0,70.26,0.02957988,0.0,0.0,6.0,3.0,1793.0,86.0,0.0,0.0,0.0,14.0,7.5,17.0,1.7438932289639641,-0.8444958400577663,36.86917979621712,-17.696536886544294,2.0217719522177116
139.0,66235.2,52.5536839,-1.4662422,69.908,115.922,92.32,0.52,0.1,0.0,70.25,70.19,70.14,70.00999,0.2000122,70.28,0.02957988,0.0,0.0,6.0,3.0,1787.0,86.0,0.0,-0.230011,0.0,14.0,7.5,11.5,1.7465154337956812,-0.8488912158242702,38.6156952300128,-18.545428102368565,2.023220575496867
139.0,66235.3,52.5536762,-1.4662165,69.923,115.917,92.37,0.52,0.1,0.0,70.23999,70.26999,70.06,69.95999,0.0,70.27,0.01937985,0.0,0.0,6.0,3.0,1771.0,86.0,0.0,0.0,0.0,14.1,7.5,11.0,1.7469642686029119,-0.8489209123155519,40.362659498615706,-19.394349014684117,2.023133309034267
139.0,66235.4,52.5536686,-1.4661908,69.786,115.892,92.42,0.53,0.1,0.0,70.31,70.31,70.01999,69.89999,-0.1000061,70.18999000000001,0.009180069,0.0,0.0,6.0,3.0,1775.0,86.0,0.0,0.0,0.0,14.0,7.5,11.0,1.743910964750677,-0.8464967790974547,42.10657046336638,-20.24084579378157,2.022696976721268
139.0,66235.5,52.5536611,-1.466165,69.714,115.565,92.48,0.53,0.1,0.0,70.14,70.06999,69.87999,69.8,-0.1000061,70.04,0.0,0.009180069,0.0,6.0,3.0,1795.0,86.0,0.0,0.0,0.0,14.1,7.5,11.0,1.746909493258176,-0.8356670822549266,43.853479956624554,-21.076512876036496,2.016989750067247
139.0,66235.6,52.5536536,-1.4661392,69.624,115.654,92.54,0.55,0.1,0.0,69.95,69.84,69.84999,69.73,-0.1999817,69.92,0.0,0.0,0.0,6.0,3.0,1814.0,86.0,0.0,0.0,0.0,14.0,7.5,11.0,1.7433557463658955,-0.8372972838920548,45.59683570299045,-21.913810159928552,2.018543093101522
139.0,66235.7,52.5536461,-1.4661134999999998,69.635,115.643,92.6,0.55,0.1,0.0,69.83,69.7,69.73999,69.56,0.0,69.82,0.0,-0.009180069,0.0,6.0,3.0,1813.0,86.0,0.0,0.0,0.0,14.0,7.5,11.0,1.7437919245511069,-0.8370948011566149,47.34062762754155,-22.750904961085165,2.0183511068838027
139.0,66235.8,52.55363869999999,-1.4660878000000002,69.602,115.842,92.66,0.54,0.1,0.0,69.7,69.62,69.58,69.48999,0.0,69.68,0.0,-0.009180069,0.0,6.0,3.0,1792.0,86.0,0.0,0.0,0.0,14.0,7.5,11.0,1.7400490110344564,-0.8427467204783552,49.08067663857601,-23.59365168156352,2.021824312095271
139.0,66235.9,52.5536313,-1.4660622,69.296,115.631,92.74,0.55,0.1,0.0,69.59999,69.58,69.42,69.34999,0.1000061,69.56,-0.009180069,0.0,0.0,6.0,3.0,1769.0,86.0,0.0,0.0,0.0,14.0,7.5,11.5,1.7354771534186406,-0.8326561622481597,50.81615379199465,-24.42630784381168,2.018141667373563
139.0,66236.0,52.553623900000005,-1.4660365999999998,69.354,115.994,92.8,0.53,0.1,0.0,69.47,69.42999,69.34,69.22,0.0,69.45,-0.009180069,0.0,0.0,6.0,3.0,1762.0,86.0,0.0,-0.230011,0.0,14.0,7.5,13.0,1.7316151588395556,-0.8443406846037096,52.547768950834204,-25.270648528415393,2.0244772125583026
139.0,66236.1,52.5536167,-1.4660110000000002,69.016,115.67,92.87,0.53,0.1,0.0,69.36,69.28999,69.23999,69.12,-0.1000061,69.32,-0.009180069,0.0,0.0,6.0,3.0,1760.0,86.0,0.0,0.0,0.0,14.0,7.5,13.0,1.727899838427806,-0.8304680371373978,54.275668789262006,-26.10111656555279,2.018822345781841
139.0,66236.2,52.5536094,-1.4659854,69.066,115.78,92.95,0.54,0.1,0.0,69.17999,69.20999,69.14,69.0,0.0,69.21,0.0,0.0,0.0,6.0,3.0,1737.0,86.0,0.0,0.0,0.0,14.0,7.5,13.0,1.7275529244944665,-0.834387885261175,56.003221713756474,-26.935504450813966,2.0207422079590347
139.0,66236.3,52.5536023,-1.4659599,68.666,115.403,93.02,0.54,0.1,0.0,69.03999,69.14999,69.03999,68.86,0.0,69.09,0.0,0.0,0.0,6.0,3.0,1708.0,86.0,0.0,-0.230011,0.0,13.9,7.5,13.0,1.7229688601567876,-0.8182363230673704,57.726190573913264,-27.753740773881336,2.014162316679016
139.0,66236.4,52.553595,-1.4659344,68.857,115.711,93.09,0.54,0.1,0.0,68.91,68.92999,68.8,68.64,0.0,68.93999000000001,0.0,0.0,0.0,6.0,3.0,1708.0,86.0,0.0,0.0,0.0,14.0,7.5,13.0,1.7233257365635901,-0.829788191953948,59.44951631047685,-28.583528965835285,2.0195379307751584
139.0,66236.5,52.5535879,-1.465909,68.598,115.677,93.17,0.53,0.1,0.0,68.81,68.84999,68.76999,68.56999,0.0,68.79,0.0,-0.009180069,0.0,6.0,3.0,1711.0,86.0,0.0,0.0,0.0,14.0,7.5,13.0,1.717333838865808,-0.8256480702372093,61.16685014934266,-29.409177036072496,2.0189445188294806
139.0,66236.6,52.5535808,-1.4658836000000002,68.50399999999999,115.582,93.25,0.53,0.1,0.0,68.73,68.72,68.59999,68.42999,0.0,68.72,0.0,-0.009180069,0.0,6.0,3.0,1708.0,86.0,0.0,0.0,0.0,14.0,7.5,11.5,1.7163453147024104,-0.8216720052161158,62.883195464045066,-30.23084904128861,2.017286456040086
139.0,66236.7,52.5535737,-1.4658582,68.425,115.71,93.33,0.53,0.1,0.0,68.58,68.61,68.48,68.33,0.0,68.64,0.0,0.0,0.0,6.0,3.0,1704.0,86.0,0.0,0.0,0.0,14.0,7.5,4.0,1.7125282029994384,-0.8245523179722973,64.59572366704451,-31.05540135926091,2.0195204774826387
139.0,66236.8,52.5535665,-1.4658329,68.256,115.729,93.39,0.51,0.1,0.0,68.53,68.55,68.42999,68.22,0.1000061,68.56,-0.009180069,0.0,0.0,6.0,3.0,1696.0,86.0,0.0,0.0,0.0,14.0,7.5,0.0,1.7080256518706571,-0.823082239239687,66.30374931891517,-31.878483598500594,2.0198520900405175
139.0,66236.9,52.5535595,-1.4658076000000002,68.188,115.615,93.47,0.51,0.1,0.0,68.3,68.34999,68.23,67.98999,-0.1000061,68.43,0.0,0.0,0.0,6.0,3.0,1688.0,86.0,0.0,0.0,0.0,14.0,7.5,0.0,1.7079566886489481,-0.8188655878310485,68.01170600756411,-32.69734918633164,2.0178624146932442
139.0,66237.0,52.5535523,-1.4657823999999997,67.889,115.445,93.54,0.52,0.1,0.0,68.12999,68.14999,68.16,67.86,-0.1000061,68.21,-0.009180069,0.0,0.0,6.0,3.0,1689.0,86.0,0.0,-0.230011,0.0,14.0,7.5,0.0,1.7028788891177298,-0.810225945253153,69.71458489668184,-33.507575131584794,2.0148953549648536
139.0,66237.1,52.5535451,-1.4657572,67.914,115.403,93.6,0.53,0.1,0.0,68.00999,67.95999,68.00999,67.73999,-0.1000061,68.04,-0.009180069,-0.009180069,0.0,6.0,3.0,1690.0,86.0,0.0,-0.230011,0.0,14.0,7.5,0.0,1.704099658763989,-0.8092753567238136,71.41868455544584,-34.31685048830861,2.014162316679016
139.0,66237.2,52.553538,-1.4657322,67.385,115.233,93.67,0.54,0.1,0.0,67.78999,67.8,67.81999,67.56,-0.1000061,67.91,-0.009180069,-0.009180069,0.0,6.0,3.0,1686.0,86.0,0.0,-0.230011,0.0,14.0,7.5,0.0,1.6932009974821025,-0.7979513894556834,73.11188555292794,-35.11480187776429,2.011195256950626
139.0,66237.3,52.5535307,-1.4657072,67.78399999999999,115.782,93.72,0.52,0.1,0.0,67.66,67.59,67.62999,67.37,-0.3999939,67.7,-0.01938009,-0.009180069,0.0,6.0,3.0,1675.0,86.0,0.0,0.0,0.0,14.0,7.5,0.0,1.6954575784144776,-0.8189591978225468,74.80734313134242,-35.93376107558684,2.0207771145440745
139.0,66237.4,52.5535236,-1.4656821999999998,67.331,115.332,93.78,0.52,0.1,0.0,67.5,67.28999,67.41,67.14,-0.6999816999999999,67.56,-0.01938009,-0.02958012,0.0,6.0,3.0,1671.0,86.0,0.0,5.470001,1.0,14.0,7.5,0.0,1.6904639439829738,-0.8002340440368085,76.4978070753254,-36.73399511962364,2.0129231329101
139.0,66237.5,52.5535164,-1.4656574,67.039,115.457,93.84,0.53,0.1,0.0,67.20999,67.00999,67.17,66.91,-1.0,67.25,-0.02958012,-0.01938009,0.0,6.0,3.0,1660.0,86.0,0.0,3.570007,1.0,14.0,7.5,0.0,1.6813904943809437,-0.8004337288777625,78.17919756970635,-37.534428848501406,2.015104794475093
139.0,66237.6,52.5535092,-1.4656327,66.96,115.669,93.89,0.53,0.1,0.0,66.94,66.83,66.89,66.67,-0.6999816999999999,67.0,-0.04997993,-0.01938009,0.0,6.0,3.0,1653.0,86.0,0.0,2.380005,1.0,14.0,7.5,0.0,1.6764394301123435,-0.8056989742854337,79.85563699981869,-38.34012782278684,2.018804892489321
139.0,66237.7,52.5535021,-1.4656081,66.56,115.497,93.95,0.53,0.1,0.0,66.64999,66.59,66.59999,66.34999,-0.5,66.67,-0.04997993,-0.01938009,0.0,6.0,3.0,1645.0,86.0,0.0,1.429993,1.0,14.1,7.5,0.0,1.6688215779657956,-0.7958798052297493,81.52445857778449,-39.13600762801659,2.015802926175891
139.0,66237.8,52.5534949,-1.4655836,66.27600000000001,115.728,94.0,0.52,0.1,0.0,66.41,66.3,66.34,66.12,-0.6999816999999999,66.39,-0.04997993,-0.02958012,0.0,6.0,3.0,1634.0,86.0,0.0,1.6699830000000002,1.0,14.0,7.5,0.0,1.6584924427697296,-0.7991769624280327,83.18295102055421,-39.93518459044463,2.019834636747998
139.0,66237.9,52.5534879,-1.4655591,66.096,115.378,94.06,0.52,0.1,0.0,66.17,65.92,66.09999,65.78999,-1.100006,66.18999000000001,-0.04997993,-0.03978014,0.0,6.0,3.0,1608.0,86.0,0.0,1.899994,1.0,14.0,7.5,0.0,1.6588258632832318,-0.786888019544484,84.84177688383744,-40.72207260998911,2.0137259843660176
139.0,66238.0,52.5534808,-1.4655348,65.804,115.908,94.11,0.51,0.1,0.0,65.86,65.66,65.78,65.45999,-1.699982,65.89,-0.04997993,-0.04997993,0.0,6.0,3.0,1602.0,86.0,0.0,2.139984,1.0,14.0,7.5,0.0,1.6441801718583715,-0.7986547142484246,86.4859570556958,-41.520727324237534,2.0229762294015874
139.0,66238.1,52.5534738,-1.4655107,65.513,115.925,94.16,0.5,0.1,0.0,65.56,65.34,65.51999,65.19,-1.699982,65.53,-0.05915999,-0.04997993,0.0,6.0,3.0,1613.0,86.0,0.0,2.139984,1.0,14.0,7.5,0.0,1.6366732497863499,-0.795608530286505,88.12263030548216,-42.31633585452404,2.0232729353744263
139.0,66238.2,52.5534667,-1.4654865999999998,65.27199999999999,115.945,94.23,0.5,0.1,0.0,65.34,65.08,65.3,64.87999,-1.600006,65.25,-0.05915999,-0.05915999,0.0,6.0,3.0,1608.0,86.0,0.0,2.380005,1.0,14.0,7.5,0.0,1.6303756892116263,-0.7932509144415034,89.7530059946938,-43.10958676896554,2.023622001224825
139.0,66238.3,52.5534596,-1.4654627,65.009,116.309,94.27,0.48,0.1,0.0,64.95,64.76999,64.87,64.62999,-1.5,64.93,-0.04997993,-0.04997993,0.0,6.0,3.0,1604.0,86.0,0.0,2.380005,1.0,14.0,7.5,0.0,1.6187544770152191,-0.8003547011285019,91.37176047170901,-43.90994147009405,2.029974999702085
139.0,66238.4,52.5534526,-1.4654389,64.634,116.36,94.33,0.47,0.1,0.0,64.69,64.51999,64.72,64.28999,-1.699982,64.74,-0.05915999,-0.04997993,0.0,6.0,3.0,1583.0,86.0,0.0,3.3299870000000005,1.0,14.0,7.5,0.0,1.6087078637309968,-0.7971701647175031,92.98046833544001,-44.707111634811554,2.030865117620602
139.0,66238.5,52.5534455,-1.4654153,64.476,116.443,94.38,0.47,0.1,0.0,64.45,64.23999,64.42999,64.0,-1.699982,64.46,-0.05915999,-0.03978014,0.0,6.0,3.0,1574.0,86.0,0.0,3.570007,1.0,14.0,7.5,0.0,1.603621663197722,-0.7975453349640832,94.58408999863774,-45.50465696977564,2.032313740899757
139.0,66238.6,52.5534384,-1.4653918,64.04,116.567,94.42,0.45,0.1,0.0,64.14999,63.95,64.20999,63.75999,-1.699982,64.14,-0.05915999,-0.04997993,0.0,6.0,3.0,1548.0,86.0,0.0,3.3299870000000005,1.0,14.0,7.5,0.0,1.5910595319558138,-0.7955974137620698,96.17514953059354,-46.300254383537705,2.03447794917223
139.0,66238.7,52.5534312,-1.4653685,63.81399999999999,116.823,94.46,0.45,0.1,0.0,63.83,63.69,63.89,63.42999,-1.699982,63.81,-0.05915999,-0.04997993,0.0,6.0,3.0,1522.0,86.0,0.0,3.3299870000000005,1.0,14.0,7.5,0.0,1.5818865802358564,-0.7998656127777187,97.7570361108294,-47.10011999631542,2.0389459920573354
139.0,66238.8,52.5534242,-1.4653452,63.508,116.68,94.52,0.45,0.1,0.0,63.62,63.44,63.599990000000005,63.17,-1.699982,63.54,-0.05915999,-0.05915999,0.0,6.0,3.0,1510.0,86.0,0.0,3.3299870000000005,1.0,14.0,7.5,0.0,1.5762829830473324,-0.7920984596002462,99.33331909387674,-47.89221845591567,2.036450171226984
139.0,66238.9,52.5534169,-1.4653221,63.482,117.376,94.54,0.41,0.1,0.0,63.25,63.25999,63.3,62.959990000000005,-1.699982,63.31,-0.06936002,-0.04997993,0.0,6.0,3.0,1492.0,86.0,0.0,3.799988,1.0,14.0,7.5,0.0,1.5659035731887605,-0.8108553341573711,100.8992226670655,-48.70307379007304,2.0485976628208644
139.0,66239.0,52.5534098,-1.4652993,62.917,117.345,94.58,0.4,0.1,0.0,62.83,62.72,63.0,62.62999,-1.5,63.27,-0.06936002,-0.05915999,0.0,6.0,3.0,1493.0,86.0,0.0,4.98999,1.0,14.0,7.5,0.0,1.5524013629264664,-0.8027987789764167,102.45162402999196,-49.50587256904946,2.048056610752746
139.0,66239.1,52.55340279999999,-1.4652765,62.345,117.231,94.64,0.41,0.1,0.0,62.47,62.23999,62.28999,62.12,-1.5,62.75,-0.06936002,-0.02958012,0.0,6.0,3.0,1484.0,86.0,0.0,4.75,1.0,14.0,7.5,0.0,1.5398676916617011,-0.7924379940598202,103.99149172165366,-50.298310563109276,2.0460669354054724
139.0,66239.2,52.5533958,-1.4652537,62.28,117.125,94.7,0.43,0.1,0.0,62.28999,62.099990000000005,62.42,62.03,-1.699982,62.25,-0.06936002,-0.04997993,0.0,6.0,3.0,1484.0,86.0,0.0,4.75,1.0,14.0,7.5,0.0,1.539724135078469,-0.7887645959707249,105.53121585673213,-51.08707515908,2.0442168863983583
139.0,66239.3,52.5533887,-1.4652311,62.129,117.369,94.75,0.43,0.1,0.0,62.08,61.83,62.06999,61.64999,-1.699982,62.1,-0.07956004,-0.04997993,0.0,6.0,3.0,1470.0,86.0,0.0,5.940002,1.0,14.0,7.5,0.0,1.532626211544616,-0.7933862308313759,107.06384206827674,-51.880461389911375,2.0484754897732245
139.0,66239.4,52.5533817,-1.4652088,61.402,117.473,94.79,0.41,0.1,0.0,61.73,61.48999,61.61,61.31,-1.5,61.77,-0.08976007,-0.03978014,0.0,6.0,3.0,1469.0,86.0,0.0,7.839996000000001,1.0,14.0,7.5,0.0,1.5132664953361967,-0.7868505426309267,108.57710856361294,-52.667311932542304,2.0502906321952987
139.0,66239.5,52.5533745,-1.4651865999999998,61.42,118.175,94.81,0.38,0.1,0.0,61.459990000000005,61.22,61.22,61.01999,-1.399994,61.29,-0.08976007,-0.02958012,0.0,6.0,3.0,1462.0,86.0,0.0,7.600006,1.0,14.0,7.5,0.0,1.5039532503161708,-0.8055679638120021,110.08106181392911,-53.47287989635431,2.062542843544299
139.0,66239.6,52.5533675,-1.4651645,60.84,117.753,94.87,0.4,0.1,0.0,60.97,60.81,61.01999,60.56,-1.5,60.96,-0.08976007,-0.03978014,0.0,6.0,3.0,1449.0,86.0,0.0,7.130005000000001,1.0,14.0,7.5,0.0,1.49558790387481,-0.7869668492276868,111.57664971780392,-54.259846745581996,2.055177554100883
139.0,66239.7,52.5533606,-1.4651426,60.246,117.739,94.93,0.42,0.1,0.0,60.58,60.37999,60.41,60.12999,-1.5,60.49,-0.09996009,-0.03978014,0.0,6.0,3.0,1448.0,86.0,0.0,6.889983999999999,1.0,14.0,7.5,0.0,1.4811763807926348,-0.7789215486697177,113.05782609859655,-55.03876829425171,2.0549332080056035
139.0,66239.8,52.5533537,-1.4651208,60.001000000000005,117.966,94.99,0.43,0.1,0.0,60.12999,59.98,60.09,59.89,-1.199982,60.14,-0.08976007,-0.03978014,0.0,6.0,3.0,1435.0,86.0,0.0,4.519989,1.0,14.0,7.5,0.0,1.4720679130838352,-0.7815922405007475,114.52989401168038,-55.82036053475246,2.0588951054076308
139.0,66239.9,52.5533467,-1.4650993,59.731,118.181,95.03,0.42,0.1,0.0,59.75999,59.56999,59.709990000000005,59.47,-1.199982,59.81,-0.08976007,-0.02958012,0.0,6.0,3.0,1438.0,86.0,0.0,4.75,1.0,14.0,7.5,0.0,1.4625137131524983,-0.7835686589675475,115.99240772483289,-56.603929193720006,2.0626475632994183
139.0,66240.0,52.5533396,-1.4650779,59.49,118.784,95.06,0.4,0.1,0.0,59.47,59.19,59.37999,59.01999,-1.199982,59.47,-0.08976007,-0.03978014,0.0,6.0,3.0,1432.0,86.0,0.0,6.889983999999999,1.0,14.0,7.5,0.0,1.4483190447921541,-0.7956935305080356,117.44072676962504,-57.39962272422804,2.0731718986889445
139.0,66240.1,52.5533328,-1.4650566,58.777,117.958,95.14,0.42,0.1,0.0,59.0,58.959990000000005,59.06,58.73,-1.399994,59.05,-0.08976007,-0.03978014,0.0,6.0,3.0,1417.0,86.0,0.0,8.320007,1.0,14.0,7.5,0.0,1.442145118726203,-0.7654466705486007,118.88287188835125,-58.16506939477664,2.058755479067471
139.0,66240.2,52.5533258,-1.4650355,58.835,118.687,95.15,0.38,0.1,0.0,58.58,58.44,58.64,58.3,-1.299988,58.59,-0.1091398999999999,-0.03978014,0.0,6.0,3.0,1418.0,86.0,0.0,14.25,1.0,14.0,7.5,0.0,1.4337028841938255,-0.7845066531101308,120.31657477254507,-58.949576047886765,2.0714789293145097
139.0,66240.3,52.5533189,-1.4650145,58.23,118.752,95.2,0.39,0.1,0.0,57.87999,57.78,57.87,57.53999,-1.100006,57.98,-0.16014,-0.03978014,0.0,6.0,3.0,1399.0,86.0,0.0,20.89999,1.0,14.0,7.5,0.0,1.4180783691930363,-0.7780488344743008,121.73465314173811,-59.72762488236106,2.072613393328306
139.0,66240.4,52.5533122,-1.4649938,57.348,118.322,95.25,0.39,0.1,0.0,56.98999,56.83,57.08,56.84,-0.7999878,57.34,-0.2101199999999999,-0.03978014,0.0,5.0,3.0,1382.0,86.0,0.0,21.85001,1.0,14.0,7.5,0.0,1.4023103361219882,-0.7557610212265757,123.13696347786009,-60.48338590358764,2.065108477544731
139.0,66240.5,52.5533054,-1.4649735,56.65,118.957,95.3,0.41,0.1,0.0,56.17,56.03999,56.19,55.959990000000005,-0.6000061,56.52,-0.2295001,-0.01938009,0.0,5.0,3.0,1324.0,86.0,0.0,21.13998,1.0,14.0,7.5,0.0,1.3768834528823417,-0.7618686804109656,124.51384693074243,-61.2452545839986,2.0761913182948946
139.0,66240.6,52.5532986,-1.4649535,55.962,119.208,95.34,0.4,0.1,0.0,55.37999,55.31999,55.36,55.16,-0.6999816999999999,55.54,-0.2295001,-0.01938009,0.0,5.0,3.0,1270.0,86.0,0.0,22.09,1.0,14.0,7.5,0.0,1.3568514663666966,-0.7585672997292631,125.87069839710912,-62.003821883727866,2.0805720947174002
139.0,66240.7,52.55329199999999,-1.4649338,55.066,118.852,95.37,0.39,0.1,0.0,54.56,54.36,54.44,54.17999,-0.7999878,54.75,-0.2397001,-0.01938009,0.0,5.0,3.0,1240.0,86.0,0.0,23.98999,1.0,14.0,7.5,0.0,1.3397390972014749,-0.7381119851786347,127.2104374943106,-62.7419338689065,2.0743587225803006
139.0,66240.8,52.5532853,-1.4649145,54.256,119.675,95.41,0.38,0.1,0.0,53.5,53.44,53.55,53.25999,-0.5,53.77,-0.2601001,-0.009180069,0.0,5.0,3.0,1223.0,86.0,0.0,25.88998,1.0,14.0,7.5,0.0,1.3094498964944363,-0.746139980034094,128.51988739080502,-63.488073848940594,2.088722782324214
139.0,66240.9,52.553279,-1.4648954,53.294,118.943,95.45,0.37,0.1,0.0,52.51999,52.58,52.48999,52.25,-0.2999877999999999,52.58,-0.26928,0.0,0.0,5.0,3.0,1207.0,86.0,0.0,28.03,1.0,14.0,7.5,0.0,1.295490657351289,-0.7164183268602253,129.8153780481563,-64.20449217580082,2.0759469721996155
139.0,66241.0,52.5532724,-1.4648768,52.589,120.238,95.47,0.34,0.1,0.0,51.28999,51.28999,51.33,51.2,0.0,51.78,-0.29988,0.009180069,0.0,5.0,3.0,1191.0,86.0,0.0,30.16998,1.0,13.9,7.5,0.0,1.2620498072609672,-0.7356515174554671,131.07742785541728,-64.94014369325629,2.098548986012942
139.0,66241.1,52.5532661,-1.4648586,51.552,119.883,95.49,0.32,0.1,0.0,50.23,50.31999,50.08,50.03999,0.3000183,50.47,-0.3202801,0.009180069,0.0,5.0,3.0,1169.0,86.0,0.0,33.48999,1.0,14.0,7.5,0.0,1.2416078887728261,-0.7134660822611586,132.3190357441901,-65.65360977551745,2.092353067168362
139.0,66241.2,52.55326,-1.4648408,50.09,119.615,95.5,0.29,0.1,0.0,48.87999,48.73999,48.89,48.77,0.8999939,49.27,-0.34986,0.02957988,0.0,5.0,3.0,1152.0,86.0,0.0,36.82001,1.0,14.0,7.5,0.0,1.2096256167863213,-0.6875819277277211,133.52866136097643,-66.34119170324517,2.087675584773017
139.0,66241.3,52.553254,-1.4648234,49.014,119.542,95.52,0.28,0.1,0.0,47.5,47.75999,47.50999,47.45,1.300018,47.88,-0.3794401,0.0397799,0.0,5.0,3.0,1144.0,86.0,0.0,36.34,1.0,14.0,7.5,0.0,1.1844975074056392,-0.6713031393862449,134.71315886838207,-67.01249484263141,2.0864014944190616
139.0,66241.4,52.5532481,-1.4648065,47.448,119.56,95.54,0.27,0.1,0.0,46.17999,46.349990000000005,46.12999,46.06,1.300018,46.54,-0.3794401,0.02957988,0.0,5.0,3.0,1140.0,86.0,0.0,32.53998,1.0,14.0,7.5,0.0,1.1464485322537006,-0.6502151666128189,135.85960740063578,-67.66271000924424,2.0867156536844202
139.0,66241.5,52.5532426,-1.46479,46.141000000000005,119.14,95.57,0.27,0.1,0.0,45.19,45.459990000000005,44.97,44.89,1.300018,45.37,-0.36006,0.01937985,0.0,5.0,3.0,1102.0,86.0,0.0,25.41998,1.0,14.0,7.5,0.0,1.119473562319308,-0.6241150472371837,136.9790809629551,-68.28682505648142,2.079385270826044
139.0,66241.6,52.5532373,-1.4647739,44.978,118.869,95.59,0.26,0.1,0.0,43.959990000000005,44.34,44.02,44.03999,1.200012,44.48,-0.29988,0.02957988,0.0,5.0,3.0,1021.0,86.0,0.0,22.32999,1.0,14.0,7.5,0.0,1.0941221839091169,-0.603215751084931,138.07320314686422,-68.89004080756635,2.0746554285531396
139.0,66241.7,52.55323210000001,-1.4647582,43.747,118.567,95.61,0.25,0.1,0.0,42.97,43.09,43.08,43.11,1.300018,43.64,-0.2601001,0.0397799,0.0,5.0,3.0,987.0,86.0,0.0,22.57001,1.0,14.0,7.5,0.0,1.0672548943462834,-0.5810890880945411,139.1404580412105,-69.4711298956609,2.0693845342121167
139.0,66241.8,52.553226900000006,-1.4647428,43.088,119.128,95.63,0.24,0.1,0.0,42.19,42.31999,42.12,42.05,1.200012,42.42,-0.2601001,0.0397799,0.0,5.0,3.0,1029.0,86.0,0.0,27.32001,1.0,13.9,7.5,0.0,1.0455236777518329,-0.5826004219067823,140.18598171896235,-70.05373031756767,2.079175831315805
139.0,66241.9,52.5532219,-1.4647276,42.354,118.592,95.64,0.22,0.1,0.0,41.209990000000005,41.48,41.06999,41.11,1.399994,41.4,-0.28968,0.0397799,0.0,5.0,3.0,1080.0,86.0,0.0,30.16998,1.0,14.0,7.5,0.0,1.0330255954196568,-0.5630367387727583,141.219007314382,-70.61676705634042,2.069820866525115
139.0,66242.0,52.5532172,-1.4647128,40.856,118.033,95.68,0.23,0.1,0.0,39.87,40.03999,40.0,39.97,1.700012,40.5,-0.3100800999999999,0.02957988,0.0,5.0,3.0,1086.0,86.0,0.0,32.07001,1.0,14.0,7.5,0.0,1.0017403767667903,-0.5333751097291527,142.2207476911488,-71.15014216606957,2.060064476006467
139.0,66242.1,52.5532125,-1.4646984,40.108,118.25,95.69,0.21,0.1,0.0,38.73999,38.81999,38.73999,38.8,1.800018,39.27,-0.3294601,0.0397799,0.0,4.0,3.0,1118.0,86.0,0.0,34.19998,1.0,14.0,7.5,0.0,0.981410159109489,-0.5273307003180471,143.2021578502583,-71.67747286638762,2.0638518404832946
139.0,66242.2,52.5532082,-1.4646842999999998,38.736,117.498,95.72,0.21,0.1,0.0,37.56999,37.75,37.599990000000005,37.64,2.200012,38.01,-0.34986,0.05915999,0.0,4.0,3.0,1065.0,86.0,0.0,33.72998,1.0,14.0,7.5,0.0,0.9544409989586398,-0.4968081918676804,144.15659884921692,-72.1742810582553,2.0507269645082973
139.0,66242.3,52.5532039,-1.4646707,37.498000000000005,117.654,95.75,0.21,0.1,0.0,36.50999,36.77,36.459990000000005,36.55,2.700012,36.83,-0.34986,0.0397799,0.0,4.0,3.0,1009.0,86.0,0.0,25.64999,1.0,14.0,7.5,0.0,0.9226242693709654,-0.48344406538690277,145.0792231185879,-72.65772512364221,2.0534496781414084
139.0,66242.4,52.5531998,-1.4646576,36.259,117.753,95.76,0.19,0.1,0.0,35.64999,35.89,35.45,35.69,2.200012,36.12,-0.27948,0.04997993,0.0,4.0,3.0,1006.0,86.0,0.0,11.88,1.0,14.0,7.5,0.0,0.8913300757165802,-0.46901102870063593,145.97055319430447,-73.12673615234284,2.055177554100883
139.0,66242.5,52.5531959,-1.4646446,35.291,116.578,95.78,0.19,0.1,0.0,35.12,35.429990000000004,35.02,35.25,2.300018,35.28,-0.1795201,0.0397799,0.0,4.0,3.0,1044.0,86.0,0.0,7.369994999999999,1.0,14.0,7.5,0.0,0.876712842414238,-0.4386041201345854,146.8472660367187,-73.56534027247743,2.0346699353899496
139.0,66242.6,52.553192,-1.4646317999999998,35.053000000000004,116.868,95.8,0.18,0.1,0.0,34.53,34.8,34.59,34.75999,2.300018,34.84,-0.12954,0.04997993,0.0,4.0,3.0,1046.0,86.0,0.0,8.320007,1.0,13.9,7.5,0.0,0.8685842048365073,-0.4400481226530888,147.71585024155522,-74.00538839513052,2.039731390220733
139.0,66242.7,52.55318809999999,-1.4646192,34.632,116.963,95.81,0.17,0.1,0.0,34.16,34.3,33.98999,34.3,2.5,34.36,-0.12954,0.04997993,0.0,4.0,3.0,1037.0,86.0,0.0,12.35001,1.0,14.0,7.5,0.0,0.8574301311754768,-0.4361852475180751,148.5732803727307,-74.44157364264859,2.0413894530101278
139.0,66242.8,52.5531844,-1.4646067,34.013000000000005,116.164,95.83,0.17,0.1,0.0,33.56,33.98,33.48999,33.679990000000004,2.700012,33.89,-0.13974,0.05915999,0.0,4.0,3.0,1049.0,86.0,0.0,13.78,1.0,14.0,7.5,0.0,0.8479966201052991,-0.41660445280701386,149.421276992836,-74.8581780954556,2.027444272286693
139.0,66242.9,52.5531807,-1.4645943,33.649,116.228,95.84,0.16,0.1,0.0,32.94,33.179990000000004,32.8,33.08,3.200012,33.33,-0.14994,0.06936002,0.0,4.0,3.0,1052.0,86.0,0.0,16.14999,1.0,14.0,7.5,0.0,0.838460643123716,-0.4130828662724626,150.2597376359597,-75.27126096172806,2.0285612830079693
139.0,66243.0,52.5531772,-1.4645821,33.062,115.583,95.86,0.16,0.1,0.0,32.319990000000004,32.81,32.33,32.61,4.100006,32.58,-0.1693201,0.07956004,0.0,4.0,3.0,1056.0,86.0,0.0,17.34,1.0,14.0,7.5,0.0,0.8283506751111193,-0.3965769916138867,151.08808831107083,-75.66783795334194,2.0173039093326057
139.0,66243.1,52.5531738,-1.4645701,32.324,115.401,95.89,0.17,0.1,0.0,31.69,32.14999,31.59,31.98,4.5,32.04,-0.1897202,0.09995985,0.0,4.0,3.0,1050.0,86.0,0.0,17.57999,1.0,14.0,7.5,0.0,0.8110880003867669,-0.3851502465515492,151.8991763114576,-76.05298819989349,2.0141274100939763
139.0,66243.2,52.5531706,-1.4645583,31.698,114.753,95.89,0.14,0.1,0.0,30.87,31.48,30.91,31.36,5.300018,31.27,-0.1897202,0.09995985,0.0,4.0,3.0,1055.0,86.0,0.0,17.82001,1.0,14.0,7.5,0.0,0.7996007620405198,-0.3686717664050506,152.69877707349812,-76.42165996629855,2.002817676541053
139.0,66243.3,52.5531674,-1.4645467,31.154,114.377,95.91,0.15,0.1,0.0,30.23999,30.83,30.03,30.59,5.399994,30.52,-0.1999198999999999,0.1091398999999999,0.0,4.0,3.0,1051.0,86.0,0.0,16.87,1.0,14.0,7.5,0.0,0.7882389659380107,-0.3571795929071555,153.48701603943613,-76.77883955920571,1.9962552385535541
139.0,66243.4,52.5531643,-1.4645354,30.355,114.437,95.92,0.13,0.1,0.0,29.61,30.25,29.62,30.08,5.899994,29.97,-0.1795201,0.08976007,0.0,4.0,3.0,1039.0,86.0,0.0,11.63998,1.0,14.0,7.5,0.0,0.7676583033474074,-0.34882316500449795,154.25467434278355,-77.12766272421021,1.997302436104751
139.0,66243.5,52.5531616,-1.4645240999999998,29.635,112.485,95.94,0.14,0.1,0.0,29.08,29.69,29.02,29.48,6.300018,29.44,-0.1693201,0.09995985,0.0,4.0,3.0,1034.0,86.0,0.0,11.16998,1.0,14.0,7.5,0.0,0.7606149452311917,-0.3148237577679755,155.01528928801474,-77.4424864819782,1.9632336091058216
139.0,66243.6,52.5531586,-1.4645132,29.498,113.79,95.92,0.09,0.1,0.0,28.36,29.0,28.45999,29.06999,6.800018,29.02,-0.13974,0.1193398999999999,0.0,4.0,3.0,1030.0,86.0,0.0,10.22,1.0,14.0,7.5,0.0,0.7497654853485163,-0.33052967826607016,155.76505477336326,-77.77301616024427,1.9860101558443477
139.0,66243.7,52.5531561,-1.4645024,28.249,111.851,95.94,0.11,0.1,0.0,27.91,28.58,27.84,28.56999,7.399994,28.33,-0.13974,0.14994,0.0,4.0,3.0,1036.0,86.0,0.0,9.029999,1.0,14.0,7.5,0.0,0.728317991993922,-0.292058681911558,156.49337276535718,-78.06507484215582,1.9521682216481775
139.0,66243.8,52.5531536,-1.4644915,28.58,111.183,95.94,0.09,0.1,0.0,27.46,28.22,27.41,28.11,8.200012,27.97,-0.12954,0.12954,0.0,4.0,3.0,1035.0,86.0,0.0,6.419983,1.0,14.0,7.5,0.0,0.740246655287628,-0.2868701051638427,157.2336194206448,-78.35194494731967,1.9405094222448556
139.0,66243.9,52.5531513,-1.4644808,27.749,109.752,95.96,0.09,0.1,0.0,27.25,28.039990000000003,27.11,27.93,8.700012,27.66,-0.1091398999999999,0.1193398999999999,0.0,4.0,3.0,1033.0,86.0,0.0,4.279999,1.0,13.9,7.5,0.0,0.7254546088219662,-0.2604934068537563,157.95907402946676,-78.61243835417342,1.9155337606488165
139.0,66244.0,52.5531492,-1.4644703,26.939,109.28,95.98,0.11,0.1,0.0,26.85,27.74,26.85,27.68,9.100006,27.46,-0.08976007,0.13974,0.0,4.0,3.0,1030.0,86.0,0.0,3.089996,1.0,14.0,7.5,0.0,0.70633778535473,-0.24707921291659518,158.66541181482148,-78.85951756709001,1.9072958065794035
139.0,66244.1,52.5531471,-1.4644597,27.313,108.21,95.98,0.09,0.1,0.0,26.68999,27.63,26.6,27.42,9.800018,27.25,-0.05915999,0.13974,0.0,4.0,3.0,1034.0,86.0,0.0,-0.7099915,1.0,14.0,7.5,0.0,0.7206971483888766,-0.23709255647321778,159.38610896321035,-79.09661012356322,1.888620783583064
139.0,66244.2,52.5531452,-1.4644492,26.82,107.081,95.98,0.08,0.1,0.0,26.399990000000003,27.45,26.45,27.28,10.20001,26.97,-0.03978014,0.13974,0.0,4.0,3.0,1032.0,86.0,0.0,-0.230011,0.0,14.0,7.5,0.0,0.7121383999325506,-0.21882390029772086,160.0982473631429,-79.31543402386094,1.868916016328048
139.0,66244.3,52.5531432,-1.4644387,26.777,107.127,95.99,0.08,0.1,0.0,26.18999,27.31,26.16,27.11,10.5,26.82,-0.02958012,0.14994,0.0,4.0,3.0,1029.0,86.0,0.0,-0.230011,0.0,14.0,7.5,0.0,0.7108210113290845,-0.2190438182839366,160.80906837447196,-79.53447784214488,1.8697188677839653
139.0,66244.4,52.5531415,-1.4644282000000002,26.741,105.444,96.0,0.08,0.1,0.0,26.24,27.1,25.98,27.1,10.80002,26.62,-0.02958012,0.16014,0.0,4.0,3.0,1040.0,86.0,0.0,0.0,0.0,14.0,7.5,0.0,0.7159837290359419,-0.19780645368638639,161.5250521035079,-79.73228429583126,1.840344976472901
139.0,66244.5,52.5531398,-1.4644176000000002,26.777,105.041,95.99,0.06,0.1,0.0,26.00999,27.06,25.8,26.93,11.5,26.52,-0.02958012,0.1693199,0.0,4.0,3.0,1047.0,86.0,0.0,0.0,0.0,14.0,7.5,0.0,0.718323053898049,-0.19302511420509355,162.24337515740595,-79.92530941003636,1.8333112995873637
139.0,66244.6,52.5531384,-1.464407,26.446,103.071,96.0,0.06,0.1,0.0,25.98,27.07999,25.87,26.91,11.80002,26.43,-0.03978014,0.1693199,0.0,4.0,3.0,1037.0,86.0,0.0,0.0,0.0,14.0,7.5,0.0,0.7155777493768768,-0.1661384036417376,162.95895290678283,-80.0914478136781,1.7989283133230753
139.0,66244.7,52.553137,-1.4643963999999998,26.471,102.42,96.0,0.05,0.1,0.0,25.81,27.06,25.7,26.82,12.5,26.33,-0.03978014,0.1795198999999999,0.0,4.0,3.0,1033.0,86.0,0.0,-0.230011,0.0,14.0,7.5,0.0,0.7180973923358751,-0.1581467519466669,163.6770502991187,-80.24959456562476,1.7875662198925923
139.0,66244.8,52.5531357,-1.4643859,26.251,101.504,96.0,0.05,0.1,0.0,25.78,26.95,25.63,26.7,12.80002,26.29,-0.02958012,0.1897199,0.0,4.0,3.0,1033.0,86.0,0.0,-0.230011,0.0,14.0,7.5,0.0,0.7145454995436976,-0.14542787521823242,164.3915957986624,-80.395022440843,1.7715790039443244
139.0,66244.9,52.5531349,-1.4643753000000002,26.05,98.65,96.01,0.06,0.1,0.0,25.52,26.68999,25.41,26.55,12.89999,26.15,-0.02958012,0.1795198999999999,0.0,4.0,3.0,1029.0,86.0,0.0,0.0,0.0,14.0,7.5,0.0,0.7153804040305475,-0.10882976455247634,165.10697620269295,-80.50385220539548,1.7217673070924062
139.0,66245.0,52.553134,-1.4643647,26.136,97.886,96.0,0.04,0.1,0.0,25.55,26.64,25.32,26.52,13.10001,26.01,-0.02958012,0.1795198999999999,0.0,3.0,3.0,1029.0,86.0,0.0,0.0,0.0,14.0,7.5,0.0,0.719134230855228,-0.09960902575700506,165.82611043354817,-80.60346123115248,1.7084329916071694
139.0,66245.1,52.553133200000005,-1.4643542,26.046,96.898,96.0,0.03,0.1,0.0,25.32,26.50999,25.23,26.41,13.300020000000002,26.09,-0.03978014,0.1795198999999999,0.0,3.0,3.0,1042.0,86.0,0.0,-0.230011,0.0,14.0,7.5,0.0,0.7182629704939304,-0.08689393084235042,166.5443734040421,-80.69035516199483,1.6911891385974653
139.0,66245.2,52.5531327,-1.4643437,25.564,95.058,96.0,0.04,0.1,0.0,25.18,26.5,25.18,26.41,13.300020000000002,25.87,-0.02958012,0.1795198999999999,0.0,3.0,3.0,1092.0,86.0,0.0,0.0,0.0,14.0,7.5,0.5,0.7073459105505943,-0.06260633315254548,167.2517193145927,-80.75296149514737,1.65907508036077
139.0,66245.3,52.5531322,-1.4643333,25.607,94.249,95.99,0.03,0.1,0.0,25.06,26.36,24.93,26.07,13.20001,25.74,-0.02958012,0.1795198999999999,0.0,3.0,3.0,1276.0,86.0,0.0,-0.230011,0.0,14.0,7.5,8.0,0.7093505168610661,-0.052701400295779334,167.96106983145376,-80.80566289544315,1.6449553667121355
139.0,66245.4,52.553132,-1.4643228,25.546,92.091,96.0,0.05,0.1,0.0,25.0,26.18999,24.84,25.98,13.300020000000002,25.54,-0.03978014,0.14994,0.0,3.0,3.0,1480.0,86.0,0.0,0.0,0.0,14.0,7.5,14.5,0.7091386076331196,-0.02589139193836565,168.67020843908688,-80.83155428738151,1.607291161454098
139.0,66245.5,52.5531321,-1.4643123,25.531,89.85700000000001,96.01,0.05,0.1,0.0,25.00999,26.27,24.89,25.95,12.60001,25.42,-0.009180069,0.14994,0.0,3.0,3.0,1604.0,86.0,0.0,0.0,0.0,14.0,7.5,16.5,0.7091922356163686,0.001770020429600698,169.37940067470325,-80.8297842669519,1.568300505964545
139.0,66245.6,52.5531321,-1.464302,25.196,89.348,96.02,0.06,0.1,0.0,25.25,26.42,25.07999,26.18,11.80002,25.66,0.0,0.13974,0.0,3.0,3.0,1646.0,86.0,0.0,0.0,0.0,14.0,7.5,16.5,0.6998435736427452,0.007964246422293018,170.079244248346,-80.82182002052961,1.5594167800718934
139.0,66245.7,52.5531323,-1.4642917,25.229,88.331,96.02,0.06,0.1,0.0,25.32999,26.469990000000003,25.07999,26.14,12.0,25.83,0.02957988,0.12954,0.0,3.0,3.0,1694.0,86.0,0.0,-0.230011,0.0,14.0,7.5,16.5,0.7005082491684818,0.020411260236427056,170.77975249751447,-80.80140876029319,1.5416667815791112
139.0,66245.8,52.5531326,-1.4642811999999998,25.69,86.94,96.0,0.04,0.1,0.0,25.45,26.52,25.36,26.31,11.30002,25.92,0.05915999,0.1091398999999999,0.0,3.0,3.0,1661.0,86.0,0.0,0.0,0.0,14.0,7.5,16.5,0.7125936309155613,0.03809376694173773,171.49234612843003,-80.76331499335144,1.51738925168387
139.0,66245.9,52.553133,-1.4642707,25.718000000000004,86.524,96.02,0.06,0.1,0.0,25.73,26.68999,25.6,26.59,11.60001,26.04,0.05915999,0.12954,0.0,3.0,3.0,1616.0,86.0,0.0,0.0,0.0,14.0,7.5,16.5,0.713074615367783,0.043313710138820925,172.20542074379782,-80.72000128321262,1.5101286819955737
139.0,66246.0,52.55313350000001,-1.46426,26.32,85.588,96.02,0.05,0.1,0.0,25.92,26.99,25.87,26.82999,11.89999,26.33,0.06936002,0.1897199,0.0,3.0,3.0,1590.0,86.0,0.0,-0.230011,0.0,14.0,7.5,16.5,0.7289445820391266,0.05624280492584349,172.93436532583695,-80.66375847828678,1.4937924001969067
139.0,66246.1,52.5531341,-1.4642493,26.222,84.137,96.02,0.05,0.1,0.0,26.13,27.38,25.96999,27.17,12.20001,26.76,0.05915999,0.2101199999999999,0.0,3.0,3.0,1598.0,86.0,0.0,0.0,0.0,14.1,7.5,16.5,0.7245786794950133,0.07440504470835946,173.65894400533196,-80.58935343357842,1.468467672750469
139.0,66246.2,52.5531351,-1.4642385,26.683000000000003,82.335,96.01,0.04,0.1,0.0,26.34,27.73,26.14,27.38,13.60001,26.93,0.05915999,0.2193,0.0,3.0,3.0,1616.0,86.0,0.0,0.0,0.0,14.0,7.5,16.5,0.734571770033452,0.09886111037829826,174.39351577536542,-80.49049232320013,1.437016839629531
139.0,66246.3,52.5531361,-1.4642277,26.748,80.96300000000001,96.01,0.04,0.1,0.0,26.68999,28.0,26.56,27.82,13.89999,27.17,0.05915999,0.1999198999999999,0.0,3.0,3.0,1631.0,86.0,0.0,0.0,0.0,14.0,7.5,16.5,0.7337772254708883,0.11670468448286556,175.12729300083632,-80.37378763871726,1.4130709222921691
139.0,66246.4,52.5531373,-1.4642167,27.112,80.01,96.02,0.05,0.1,0.0,26.86,28.14,26.7,27.96,13.89999,27.61,0.05915999,0.1999198999999999,0.0,3.0,3.0,1639.0,86.0,0.0,0.0,0.0,14.0,7.5,16.5,0.7416924745882265,0.1306469242584968,175.86898547542455,-80.24314071445876,1.3964379345206632
139.0,66246.5,52.553138800000006,-1.4642057999999998,27.209,78.107,96.03,0.06,0.1,0.0,27.21,28.48999,27.07,28.25999,14.300020000000002,27.6,0.05915999,0.2295001,0.0,3.0,3.0,1655.0,86.0,0.0,0.0,0.0,14.0,7.5,16.5,0.7395815622837834,0.155759913130819,176.60856703770833,-80.08738080132794,1.363224318855211
139.0,66246.6,52.5531402,-1.4641949,27.371,77.433,96.02,0.05,0.1,0.0,27.38,28.72,27.149990000000003,28.58,14.70001,28.03,0.06936002,0.2396998,0.0,3.0,3.0,1664.0,86.0,0.0,0.0,0.0,14.0,7.5,16.5,0.7420903387071172,0.16542813245091692,177.35065737641546,-79.92195266887703,1.3514607996967694
139.0,66246.7,52.55314210000001,-1.4641839,27.745,74.65100000000001,96.03,0.05,0.1,0.0,27.59,29.03,27.41,28.84,16.0,28.19,0.05915999,0.2101199999999999,0.0,3.0,3.0,1668.0,86.0,0.0,0.0,0.0,14.0,7.5,16.5,0.7432048514506417,0.20400116538333904,178.09386222786608,-79.71795150349368,1.302905739906287
139.0,66246.8,52.553144,-1.4641728,28.163,74.423,96.03,0.05,0.1,0.0,27.88,29.33,27.68,29.06,15.300020000000002,28.45,0.06936002,0.2295001,0.0,3.0,3.0,1685.0,86.0,0.0,0.0,0.0,14.0,7.5,16.5,0.7535718171261293,0.21007498348520698,178.8474340449922,-79.50787652000847,1.29892638921174
139.0,66246.9,52.5531462,-1.4641617999999998,28.235,72.304,96.02,0.04,0.1,0.0,28.03,29.44,27.87,29.34,15.20001,28.68,0.06936002,0.26928,0.0,3.0,3.0,1696.0,86.0,0.0,0.0,0.0,14.0,7.5,16.5,0.7471943377769504,0.23840265533205196,179.59462838276917,-79.26947386467641,1.2619428623619802
139.0,66247.0,52.5531486,-1.4641506,28.944000000000003,70.61399999999999,96.03,0.05,0.1,0.0,28.23999,29.75999,28.02,29.66,15.89999,28.96,0.06936002,0.26928,0.0,3.0,3.0,1702.0,86.0,0.0,-0.230011,0.0,14.0,7.5,16.5,0.7584162488201086,0.2668722419541517,180.35304463158928,-79.00260162272227,1.2324467980032756
139.0,66247.1,52.5531513,-1.4641397,28.84,68.551,96.03,0.04,0.1,0.0,28.5,30.0,28.34,29.91,16.20001,29.17,0.05915999,0.2498998999999999,0.0,3.0,3.0,1711.0,86.0,0.0,0.0,0.0,14.0,7.5,16.5,0.7456289022919812,0.29294462345729133,181.09867353388125,-78.70965699926498,1.196440655534633
139.0,66247.2,52.5531542,-1.4641286,29.401,66.741,96.03,0.04,0.1,0.0,28.87,30.45999,28.77,30.06999,15.800020000000002,29.54,0.04997993,0.2498998999999999,0.0,3.0,3.0,1731.0,86.0,0.0,0.0,0.0,14.1,7.5,18.0,0.7503210275404971,0.32250297861724075,181.84899456142176,-78.38715402064774,1.1648501960735356
139.0,66247.3,52.5531573,-1.4641177,29.477,65.38600000000001,96.02,0.03,0.1,0.0,29.289990000000003,30.679990000000004,29.039990000000003,30.5,15.70001,29.89,0.04997993,0.2600999,0.0,3.0,3.0,1766.0,86.0,0.0,0.0,0.0,14.0,7.5,19.5,0.7444042690696507,0.3410349278292784,182.59339883049142,-78.04611909281846,1.1412009847090125
139.0,66247.4,52.5531606,-1.4641069,29.61,63.211000000000006,96.01,0.02,0.1,0.0,29.56999,30.98999,29.25999,30.70999,16.0,30.22,0.05915999,0.26928,0.0,3.0,3.0,1787.0,86.0,0.0,0.0,0.0,14.0,7.5,20.5,0.7342230196166032,0.37070582334929275,183.32762185010802,-77.67541326946916,1.1032400734781358
139.0,66247.5,52.5531641,-1.4640962,29.718000000000004,61.834,96.01,0.02,0.1,0.0,29.789990000000003,31.2,29.5,30.95999,16.39999,30.44,0.07956004,0.2498998999999999,0.0,3.0,3.0,1806.0,86.0,0.0,0.0,0.0,14.0,7.5,21.0,0.727747356028555,0.38965887105704117,184.05536920613656,-77.28575439841212,1.0792068896781737
139.0,66247.6,52.5531678,-1.4640854,30.236,60.538,96.01,0.02,0.1,0.0,30.12,31.55,29.97,31.31,16.60001,30.7,0.08976007,0.2295001,0.0,3.0,3.0,1849.0,86.0,0.0,0.0,0.0,14.0,7.5,22.5,0.7312762149664347,0.413096166895043,184.786645421103,-76.87265823151708,1.056587422572327
139.0,66247.7,52.5531718,-1.4640745,30.913,58.86600000000001,96.01,0.02,0.1,0.0,30.69,31.95,30.44,31.879990000000003,16.0,31.18,0.09995985,0.2295001,0.0,3.0,3.0,1885.0,86.0,0.0,-0.230011,0.0,14.0,7.5,23.5,0.7350084545779432,0.44398054081085236,185.52165387568095,-76.42867769070622,1.0274055174789822
139.0,66247.8,52.5531759,-1.4640639,30.892,57.573,96.01,0.03,0.1,0.0,30.95999,32.459990000000005,30.78,32.3,16.5,31.54,0.1091398999999999,0.26928,0.0,3.0,3.0,1917.0,86.0,0.0,-0.230011,0.0,14.0,7.5,23.5,0.7243104187168357,0.46014030072423345,186.2459642943978,-75.96853738998199,1.0048384102506953
139.0,66247.9,52.5531803,-1.4640532,31.612,56.005,96.0,0.01,0.1,0.0,31.5,32.95,31.19,32.78,16.5,32.12,0.1091398999999999,0.29988,0.0,3.0,3.0,1928.0,86.0,0.0,0.0,0.0,14.0,7.5,23.5,0.7280299519738617,0.49096997106312606,186.97399424637166,-75.47756741891887,0.9774716475794243
139.0,66248.0,52.553185,-1.4640426,31.921,54.06,96.0,0.01,0.1,0.0,31.84999,33.41,31.86,33.34,17.10001,32.49,0.1193398999999999,0.26928,0.0,3.0,3.0,1940.0,86.0,0.0,-0.230011,0.0,14.0,7.5,23.5,0.7178962655588298,0.5204344240202872,187.6918905119305,-74.95713299489859,0.9435249936281346
139.0,66248.1,52.5531899,-1.464032,32.476,52.784,95.99,0.0,0.1,0.0,32.459990000000005,33.94,32.2,33.679990000000004,16.5,33.19,0.1193398999999999,0.27948,0.0,3.0,3.0,1974.0,86.0,0.0,0.0,0.0,14.0,7.5,23.5,0.7184061526042911,0.5456162174004944,188.4102966645348,-74.4115167774981,0.9212545923726869
139.0,66248.2,52.553195200000005,-1.4640217,32.89,50.623000000000005,95.98,-0.01,0.1,0.0,33.00999,34.47,32.8,34.37999,16.0,33.61,0.1193398999999999,0.27948,0.0,3.0,3.0,1990.0,86.0,0.0,-0.230011,0.0,14.0,7.5,24.0,0.7062107073028748,0.5796134049834012,189.11650737183768,-73.83190337251469,0.8835380272370895
139.0,66248.3,52.553200700000005,-1.4640114,33.383,48.977,95.98,-0.01,0.1,0.0,33.44,34.75,33.25999,34.64,15.39999,34.03,0.12954,0.2498998999999999,0.0,3.0,3.0,1996.0,86.0,0.0,-0.230011,0.0,14.0,7.5,24.0,0.6996021159515559,0.6086480696759858,189.81610948778925,-73.22325530283871,0.8548099077492627
139.0,66248.4,52.5532064,-1.4640011999999998,33.872,47.475,95.97,-0.02,0.1,0.0,33.91,35.28,33.66,35.03999,14.800020000000002,34.43,0.12954,0.2295001,0.0,3.0,3.0,2030.0,86.0,0.0,0.0,0.0,14.0,7.5,24.0,0.6934186312521164,0.6359579412720698,190.50952811904136,-72.58729736156664,0.828595062384308
139.0,66248.5,52.5532124,-1.463991,34.524,45.966,95.97,-0.02,0.1,0.0,34.50999,35.679990000000004,34.41,35.69,13.60001,34.89,0.1193398999999999,0.2193,0.0,3.0,3.0,2058.0,86.0,0.0,-0.230011,0.0,14.0,7.5,24.5,0.6894514294738008,0.6665866233255305,191.19897954851515,-71.92071073824111,0.8022580439717135
139.0,66248.6,52.5532186,-1.463981,34.978,44.587,95.96,-0.02,0.1,0.0,35.02,36.33,34.78999,35.929990000000004,13.20001,35.45,0.1193398999999999,0.2193,0.0,3.0,3.0,2076.0,86.0,0.0,0.0,0.0,14.0,7.5,24.5,0.6820627231731506,0.6919671906183081,191.8810422716883,-71.2287435476228,0.7781899535867117
139.0,66248.7,52.553225,-1.4639711,35.107,43.538,95.95,-0.04,0.1,0.0,35.53,36.64,35.3,36.41,12.39999,35.93,0.12954,0.2193,0.0,3.0,3.0,2095.0,86.0,0.0,0.0,0.0,14.0,7.5,25.0,0.6717485632362745,0.7069356917466464,192.55279083492456,-70.52180785587615,0.7598814497332912
139.0,66248.8,52.5532316,-1.4639613,35.924,42.044,95.94,-0.04,0.1,0.0,36.16,37.06999,35.97,36.98,10.80002,36.43,0.12954,0.16014,0.0,3.0,3.0,2091.0,86.0,0.0,0.0,0.0,14.0,7.5,25.5,0.6682872898133011,0.7410629749501011,193.22107812473786,-69.78074488092605,0.7338062307084958
139.0,66248.9,52.553238500000006,-1.4639516,36.302,40.935,95.94,-0.04,0.1,0.0,36.64999,37.36,36.42,37.23,8.5,36.86,0.13974,0.1193398999999999,0.0,3.0,3.0,2124.0,86.0,0.0,0.0,0.0,14.0,7.5,26.0,0.6606988364064823,0.761790784143316,193.88177696114434,-69.01895409678274,0.7144505293038789
139.0,66249.0,52.5532454,-1.463942,36.511,39.692,95.93,-0.03,0.1,0.0,37.2,37.73,37.06,37.599990000000005,6.300018,37.37,0.14994,0.04997993,0.0,3.0,3.0,2142.0,86.0,0.0,0.0,0.0,14.0,7.5,26.0,0.6477258121685683,0.7804112014781337,194.5295027733129,-68.2385428953046,0.6927560867015893
139.0,66249.1,52.55325259999999,-1.4639324,37.195,39.226,95.93,-0.02,0.1,0.0,37.75,38.03999,37.59,38.11,4.100006,37.78,0.14994,0.009180069,0.0,3.0,3.0,2150.0,86.0,0.0,0.0,0.0,14.0,7.5,26.0,0.6533724287603841,0.8003719318958036,195.1828752020733,-67.4381709634088,0.6846228523872957
139.0,66249.2,52.55325990000001,-1.4639228,37.526,38.834,95.94,-0.01,0.1,0.0,38.28999,38.48999,38.099990000000005,38.31999,2.100006,38.25,0.13974,-0.009180069,0.0,3.0,3.0,2188.0,86.0,0.0,0.0,0.0,14.0,7.5,26.5,0.6536468076536537,0.8119854964980594,195.83652200972693,-66.62618546691074,0.677781161719478
139.0,66249.3,52.5532672,-1.4639131,37.861,38.629,95.93,-0.01,0.1,0.0,38.78,38.94,38.69,38.75,1.200012,38.65,0.13974,-0.009180069,0.0,3.0,3.0,2202.0,86.0,0.0,0.0,0.0,14.0,7.5,27.0,0.6565466332684177,0.8215885362024071,196.49306864299535,-65.80459693070833,0.6742032367528895
139.0,66249.4,52.5532747,-1.4639032,38.401,38.651,95.94,0.01,0.1,0.0,39.27,39.31999,39.02,39.02,0.5,39.04,0.13974,0.009180069,0.0,3.0,3.0,2230.0,86.0,0.0,0.0,0.0,14.1,7.5,27.0,0.6662306771355309,0.833050852380678,197.15929932013088,-64.97154607832765,0.6745872091883284
139.0,66249.5,52.55328240000001,-1.4638932999999998,39.161,38.22,95.94,0.01,0.1,0.0,39.599990000000005,39.7,39.61,39.58,1.0,39.55,0.13974,0.0,0.0,3.0,3.0,2256.0,86.0,0.0,0.0,0.0,14.0,7.5,27.0,0.6730064493387022,0.8546246227707484,197.8323057694696,-64.1169214555569,0.6670648401122328
139.0,66249.6,52.55329,-1.4638833,39.208,38.389,95.95,0.03,0.1,0.0,40.06999,40.0,39.89,39.95,0.5,39.97,0.14994,0.0,0.0,3.0,3.0,2278.0,86.0,0.0,0.0,0.0,14.1,7.5,27.0,0.6763350708238597,0.8536591148224002,198.50864084029345,-63.26326234073451,0.6700144465481033
139.0,66249.7,52.5532978,-1.4638732,40.129,37.943000000000005,95.97,0.05,0.1,0.0,40.44,40.42999,40.42999,40.34,-0.1000061,40.35,0.13974,-0.01938009,0.0,3.0,3.0,2295.0,86.0,0.0,0.0,0.0,14.0,7.5,27.0,0.6854002300774563,0.8790735060761862,199.1940410703709,-62.38418883465832,0.6622302780842085
139.0,66249.8,52.5533057,-1.463863,40.342,38.191,95.97,0.05,0.1,0.0,40.94,40.95,40.84,40.69,-0.5,40.81,0.12954,-0.02958012,0.0,3.0,3.0,2317.0,86.0,0.0,0.0,0.0,14.0,7.5,27.0,0.6928569798907307,0.8807488108208688,199.88689805026164,-61.50344002383745,0.6665586946291544
139.0,66249.9,52.5533136,-1.4638527,40.576,38.186,95.97,0.06,0.1,0.0,41.44,41.39,41.27,41.11,-0.3999939,41.26,0.1193398999999999,-0.01938009,0.0,3.0,3.0,2352.0,86.0,0.0,-0.230011,0.0,14.0,7.5,27.0,0.6967985237323936,0.8859183224849121,200.58369657399402,-60.61752170135254,0.6664714281665547
139.0,66250.0,52.5533216,-1.4638423,40.939,38.437,95.97,0.05,0.1,0.0,41.77,41.77,41.7,41.61,-0.1999817,41.75,0.1193398999999999,-0.009180069,0.0,3.0,3.0,2369.0,86.0,0.0,0.0,0.0,14.0,7.5,27.0,0.7069411770852881,0.8907555088892665,201.29063775107932,-59.72676619246327,0.6708522045890604
139.0,66250.1,52.5533298,-1.4638318,41.681,37.744,95.98,0.06,0.1,0.0,42.14999,42.23,42.0,41.98999,-0.1999817,42.12,0.12954,-0.009180069,0.0,3.0,3.0,2395.0,86.0,0.0,0.0,0.0,14.0,7.5,27.0,0.7087326968968765,0.9155390045348091,201.9993704479762,-58.811227187928466,0.6587570728727398
139.0,66250.2,52.5533379,-1.4638211,41.767,38.747,95.98,0.06,0.1,0.0,42.47,42.48999,42.52,42.349990000000005,-0.5,42.43,0.12954,-0.009180069,0.0,3.0,3.0,2410.0,86.0,0.0,0.0,0.0,14.0,7.5,27.0,0.7261455579388094,0.9048556667256323,202.725516005915,-57.906371521202836,0.6762627252702429
139.0,66250.3,52.5533461,-1.4638104,42.13399999999999,38.235,95.99,0.07,0.1,0.0,43.02,43.00999,42.95,42.89,-0.1999817,42.9,0.1193398999999999,-0.009180069,0.0,3.0,3.0,2440.0,86.0,0.0,-0.230011,0.0,13.9,7.5,27.0,0.7243400279432013,0.9193158734373132,203.44985603385823,-56.98705564776552,0.6673266395000319
139.0,66250.4,52.5533544,-1.4637998,42.408,37.818000000000005,96.02,0.11,0.1,0.0,43.45,43.459990000000005,43.25999,43.39,0.0,43.38,0.1193398999999999,0.0,0.0,3.0,3.0,2478.0,86.0,0.0,0.0,0.0,14.0,7.5,22.5,0.7222968938313508,0.9305757342428301,204.17215292768958,-56.05647991352269,0.6600486165192156
139.0,66250.5,52.5533628,-1.4637886999999998,43.114,38.496,96.02,0.09,0.1,0.0,43.83,43.8,43.78999,43.62999,-0.1000061,43.72,0.12954,0.0,0.0,4.0,3.0,2462.0,86.0,0.0,0.0,0.0,14.0,7.5,18.5,0.7454650107423023,0.9373122698523526,204.91761793843187,-55.11916764367034,0.6718819488477371
139.0,66250.6,52.5533713,-1.4637779,43.222,37.99,96.03,0.09,0.1,0.0,43.959990000000005,44.0,44.06,43.98,0.1000061,43.95,0.09995985,0.0,0.0,4.0,3.0,2475.0,86.0,0.0,0.0,0.0,14.0,7.5,18.5,0.7390048720669345,0.9462234615484815,205.65662281049882,-54.17294418212185,0.6630505828326458
139.0,66250.7,52.5533799,-1.4637668,43.762,38.004,96.05,0.11,0.1,0.0,44.17999,44.14,44.09,44.16,0.2000122,44.15,0.05915999,0.0,0.0,4.0,3.0,2523.0,86.0,0.0,0.0,0.0,14.0,7.5,18.5,0.7484718033218873,0.9578623769043612,206.4050946138207,-53.215081805217494,0.663294928927925
139.0,66250.8,52.5533885,-1.4637555999999998,44.309,38.051,96.07,0.13,0.1,0.0,44.31,44.28999,44.28,44.14,0.1000061,44.23,0.04997993,0.0,0.0,4.0,3.0,2535.0,86.0,0.0,-0.230011,0.0,14.0,7.5,18.5,0.7586225785678234,0.9692131338738277,207.1637171923885,-52.245868671343665,0.6641152336763624
139.0,66250.9,52.553397100000005,-1.4637445,44.086000000000006,38.147,96.08,0.13,0.1,0.0,44.39,44.42,44.39999,44.3,0.2000122,44.4,0.0397799,0.0,0.0,4.0,3.0,2566.0,86.0,0.0,-0.230011,0.0,14.0,7.5,18.0,0.7564192532991142,0.9630692014051748,207.9201364456876,-51.28279946993849,0.6657907497582769
139.0,66251.0,52.5534058,-1.4637336,43.963,37.516,96.1,0.14,0.1,0.0,44.50999,44.44,44.34,44.37999,0.2000122,44.47,0.02957988,0.0,0.0,4.0,3.0,2587.0,86.0,0.0,-0.230011,0.0,14.0,7.5,17.5,0.743686596908875,0.9686310529402162,208.66382304259648,-50.31416841699827,0.6547777221781926
139.0,66251.1,52.5534145,-1.4637223,44.464,38.131,96.11,0.14,0.1,0.0,44.59,44.61,44.56999,44.42999,0.1000061,44.54,0.02957988,0.0,0.0,4.0,3.0,2624.0,86.0,0.0,-0.230011,0.0,14.0,6.75,17.5,0.7626336305082957,0.9715397070670142,209.42645667310478,-49.342628709931255,0.6655114970779578
139.0,66251.2,52.5534231,-1.4637111,44.273,38.145,96.11,0.13,0.1,0.0,44.73999,44.73999,44.69,44.62999,0.0,44.73,0.02957988,0.0,0.0,4.0,3.0,2454.0,86.0,0.0,-0.230011,0.0,14.0,6.75,17.5,0.7595940034304896,0.9671807764982463,210.18605067653527,-48.37544793343301,0.6657558431732371
139.0,66251.3,52.5534318,-1.4636998999999995,44.392,38.082,96.12,0.12,0.1,0.0,44.84,44.81999,44.69,44.69,0.1000061,44.79,0.0397799,-0.009180069,0.0,4.0,3.0,2289.0,86.0,0.0,0.0,0.0,14.1,6.75,17.5,0.7605689027077112,0.9706173069648344,210.946619579243,-47.404830626468176,0.6646562857444805
139.0,66251.4,52.5534404,-1.4636886000000002,44.258,38.545,96.14,0.13,0.1,0.0,44.92,44.92,44.84,44.77,0.0,44.9,0.0397799,0.0,0.0,4.0,3.0,2061.0,86.0,0.0,0.0,0.0,14.0,6.75,17.5,0.7660679962898647,0.9615284006122174,211.71268757553287,-46.44330222585596,0.6727371601812143
139.0,66251.5,52.5534493,-1.4636774,44.957,37.63,96.14,0.12,0.1,0.0,45.09,45.08,45.0,44.95,0.1000061,45.08,0.0397799,0.0,0.0,4.0,3.0,1877.0,86.0,0.0,0.0,0.0,14.0,6.75,15.5,0.7624706227581513,0.9890166151370849,212.475158198291,-45.45428561071888,0.6567673975254662
139.0,66251.6,52.553458,-1.4636661999999998,44.687,37.9,96.16,0.13,0.1,0.0,45.00999,45.06999,44.98,44.98999,0.2000122,45.05,0.0397799,0.0,0.0,4.0,3.0,1791.0,86.0,0.0,0.0,0.0,14.1,6.75,13.5,0.7625156315783743,0.979494458305773,213.23767382986938,-44.474791152413104,0.6614797865058508
139.0,66251.7,52.5534669,-1.463655,44.712,37.576,96.17,0.14,0.1,0.0,45.19,45.16,45.03999,44.98,0.0,45.05,0.0,0.0,0.0,4.0,3.0,1849.0,86.0,0.0,0.0,0.0,14.1,6.75,13.0,0.7573880401966462,0.9843410773543303,213.99506187006602,-43.490450075058774,0.6558249197293893
139.0,66251.8,52.55347570000001,-1.4636438,44.942,37.579,96.2,0.15,0.1,0.0,45.06,45.099990000000005,45.03999,44.98999,0.3999939,45.12,0.009180069,0.0,0.0,4.0,3.0,1828.0,86.0,0.0,0.0,0.0,14.1,6.75,13.0,0.7613358732680602,0.9893646981656433,214.75639774333408,-42.50108537689313,0.6558772796069491
139.0,66251.9,52.5534843,-1.4636324,44.608,38.559,96.2,0.14,0.1,0.0,45.0,45.08,44.95,44.97,0.3999939,45.07,0.009180069,0.0,0.0,4.0,3.0,1820.0,86.0,0.0,0.0,0.0,14.0,6.75,13.0,0.7723629765577192,0.9689436403227548,215.5287607198918,-41.532141736570374,0.6729815062764934
139.0,66252.0,52.553493200000005,-1.4636213,44.788,37.35,96.22,0.15,0.1,0.0,45.06999,45.05,44.95,44.91,0.1000061,45.02,0.0,0.009180069,0.0,4.0,3.0,1830.0,86.0,0.0,0.0,0.0,14.1,6.75,13.0,0.754780253796599,0.9889991027644387,216.28354097368842,-40.543142633805935,0.6518804756198822
139.0,66252.1,52.5535021,-1.4636101,45.014,37.332,96.24,0.16,0.1,0.0,45.00999,45.08,45.06,44.92999,0.3000183,45.1,0.0,0.0,0.0,4.0,3.0,1835.0,86.0,0.0,0.0,0.0,14.1,7.5,13.0,0.7582765623098148,0.9942278554277183,217.04181753599823,-39.54891477837822,0.6515663163545231
139.0,66252.2,52.553510800000005,-1.4635989,44.446000000000005,38.072,96.24,0.15,0.1,0.0,45.0,45.08,44.86,44.81999,0.0,45.02,0.0,0.0,0.0,4.0,3.0,1834.0,86.0,0.0,0.0,0.0,14.0,7.5,13.0,0.7613244632953249,0.971930891199111,217.80314199929356,-38.57698388717911,0.6644817528192812
139.0,66252.3,52.5535196,-1.4635878,44.572,37.495,96.26,0.15,0.1,0.0,44.959990000000005,44.94,44.81,44.81,0.3000183,44.94,0.009180069,0.0,0.0,4.0,3.0,1830.0,86.0,0.0,-0.230011,0.0,14.1,7.5,13.0,0.753628568082358,0.9823253558912777,218.5567705673759,-37.594658531287834,0.6544112030352738
139.0,66252.4,52.5535285,-1.4635767000000002,44.849,37.114,96.28,0.17,0.1,0.0,44.87,44.89,44.87999,44.849990000000005,0.2000122,44.94,0.009180069,0.0,0.0,4.0,3.0,1818.0,86.0,0.0,-0.230011,0.0,14.1,7.5,13.0,0.7517226305602432,0.9934508387216119,219.30849319793614,-36.60120769256622,0.6477614985851754
139.0,66252.5,52.5535373,-1.4635655,44.878,37.562,96.3,0.18,0.1,0.0,44.94,44.97,44.83,44.69,0.1000061,44.9,0.0,-0.009180069,0.0,4.0,3.0,1812.0,86.0,0.0,0.0,0.0,14.0,7.5,13.0,0.7599585212325831,0.988181313500546,220.06845171916873,-35.61302637906567,0.65558057363411
139.0,66252.6,52.5535461,-1.4635545,44.543,37.182,96.33,0.2,0.1,0.0,44.89999,44.83,44.78999,44.73,0.0,44.89,0.0,0.0,0.0,4.0,3.0,1811.0,86.0,0.0,-0.230011,0.0,14.0,7.5,13.0,0.7477641868478805,0.9857858584278687,220.81621590601662,-34.627240520637805,0.6489483224765317
139.0,66252.7,52.5535549,-1.4635433,44.75899999999999,37.426,96.35,0.2,0.1,0.0,44.849990000000005,44.78,44.81999,44.73,0.0,44.86,0.0,-0.02958012,0.0,4.0,3.0,1808.0,86.0,0.0,0.0,0.0,13.9,7.5,13.0,0.7556018821646497,0.9873573315393709,221.57181778818128,-33.639883189098434,0.6532069258513978
139.0,66252.8,52.5535637,-1.4635322,44.604,37.44,96.36,0.19,0.1,0.0,44.92,44.89999,44.83,44.64,-0.1999817,44.83,0.0,-0.03978014,0.0,4.0,3.0,1805.0,86.0,0.0,0.0,0.0,14.0,7.5,13.0,0.753225638843616,0.9837541039246679,222.3250434270249,-32.65612908517377,0.653451271946677
139.0,66252.9,52.5535724,-1.4635211,44.525,37.605,96.37,0.19,0.1,0.0,44.849990000000005,44.7,44.73,44.62,-0.6999816999999999,44.85,0.0,-0.03978014,0.0,4.0,3.0,1807.0,86.0,0.0,0.0,0.0,14.0,7.5,12.5,0.7547164386600361,0.9798423748080087,223.07975986568493,-31.67628671036576,0.6563310652124675
139.0,66253.0,52.5535812,-1.4635101,44.503,37.269,96.4,0.21,0.1,0.0,44.8,44.67999,44.709990000000005,44.62,-1.0,44.78,0.0,-0.02958012,0.0,4.0,3.0,1801.0,86.0,0.0,-0.230011,0.0,14.0,7.5,10.0,0.7485873352782108,0.9837650664342459,223.82834720096315,-30.692521643931514,0.6504667589257667
139.0,66253.1,52.55359,-1.463499,44.54600000000001,37.52,96.44,0.23,0.1,0.0,44.75,44.7,44.7,44.48,-0.8999939,44.72,0.0,-0.03978014,0.0,4.0,3.0,1799.0,86.0,0.0,-0.230011,0.0,14.0,7.5,8.0,0.7536172556111702,0.981423605988142,224.58196445657433,-29.711098037943373,0.6548475353482724
139.0,66253.2,52.5535987,-1.4634877000000002,44.521,37.965,96.44,0.21,0.1,0.0,44.67,44.55,44.66,44.459990000000005,-1.5,44.64,0.0,-0.04997993,0.0,4.0,3.0,1795.0,86.0,0.0,0.0,0.0,14.0,7.5,7.5,0.7607896785756952,0.9749934429997176,225.34275413515002,-28.736104594943654,0.6626142505196473
139.0,66253.3,52.5536074,-1.4634767000000002,44.258,37.449,96.47,0.23,0.1,0.0,44.64999,44.48,44.61,44.39999,-2.0,44.59,0.0,-0.05915999,0.0,4.0,3.0,1797.0,86.0,0.0,0.0,0.0,14.0,7.5,7.5,0.7475360730217699,0.9760055633318121,226.09029020817178,-27.760099031611844,0.6536083515793565
139.0,66253.4,52.553616000000005,-1.4634654,44.266000000000005,38.329,96.48,0.21,0.1,0.0,44.62999,44.44,44.48,44.17,-2.299988,44.49,0.0,-0.05915999,0.0,4.0,3.0,1789.0,86.0,0.0,0.0,0.0,14.1,7.5,8.0,0.7625755013688646,0.9645838943710011,226.85286570954065,-26.795515137240844,0.6689672489969066
139.0,66253.5,52.5536247,-1.4634542999999998,44.161,38.059,96.51,0.24,0.1,0.0,44.47,44.23,44.42,44.209990000000005,-2.199982,44.44,0.0,-0.04997993,0.0,4.0,3.0,1788.0,86.0,0.0,0.0,0.0,14.1,7.5,10.0,0.7562235115065993,0.9658702090216329,227.60908922104724,-25.82964492821921,0.6642548600165218
139.0,66253.6,52.5536333,-1.4634431,44.194,38.118,96.54,0.24,0.1,0.0,44.31,44.08,44.25999,43.98,-2.299988,44.24,0.0,-0.04997993,0.0,4.0,3.0,1780.0,86.0,0.0,0.0,0.0,14.0,7.5,11.0,0.7577835525056213,0.965812159622883,228.36687277355287,-24.86383276859633,0.6652846042751985
139.0,66253.7,52.5536418,-1.4634319,43.916,38.566,96.57,0.25,0.1,0.0,44.23999,44.05,44.36,43.92999,-2.100006,44.16,0.0,-0.04997993,0.0,4.0,3.0,1777.0,86.0,0.0,0.0,0.0,14.0,7.5,13.0,0.7604979140204824,0.9538195972012018,229.12737068757335,-23.910013171395125,0.6731036793241332
139.0,66253.8,52.5536504,-1.4634205999999998,44.143,38.461,96.59,0.25,0.1,0.0,44.209990000000005,44.02,44.12999,43.83,-2.0,44.15,-0.009180069,-0.04997993,0.0,4.0,3.0,1783.0,86.0,0.0,0.0,0.0,14.0,7.5,13.5,0.7626706129808548,0.9601491299177575,229.8900413005542,-22.94986404147737,0.671271083609539
139.0,66253.9,52.5536589,-1.4634094,43.765,38.624,96.62,0.26,0.1,0.0,44.17999,44.03999,44.03,43.73999,-2.199982,44.1,0.0,-0.05915999,0.0,4.0,3.0,1781.0,86.0,0.0,-0.230011,0.0,14.0,7.5,13.5,0.7588448659807963,0.949772315677644,230.648886166535,-22.000091725799724,0.6741159702902899
139.0,66254.0,52.5536672,-1.4633981,43.524,39.409,96.63,0.25,0.1,0.0,44.08,43.92,44.03,43.67999,-2.0,44.0,0.009180069,-0.05915999,0.0,4.0,3.0,1770.0,86.0,0.0,0.0,0.0,14.0,7.5,13.5,0.7675359302670673,0.9341143376209722,231.41642209680205,-21.06597738817875,0.6878168049184453
139.0,66254.1,52.5536756,-1.4633869,43.61,38.951,96.66,0.26,0.1,0.0,43.94,43.7,43.89,43.64999,-2.100006,43.91,0.009180069,-0.05915999,0.0,4.0,3.0,1766.0,86.0,0.0,0.0,0.0,14.0,7.5,14.5,0.7615463324102087,0.9420776102402693,232.17796842921226,-20.123899777938483,0.6798231969443113
139.0,66254.2,52.553684,-1.4633754,43.765,39.401,96.7,0.29,0.1,0.09997559,43.83,43.64,43.89999,43.64999,-2.199982,43.8,0.009180069,-0.06936002,0.0,4.0,3.0,1767.0,86.0,0.0,-0.230011,0.0,14.0,7.5,16.0,0.7716547542629294,0.9393944445633606,232.94962318347518,-19.18450533337512,0.6876771785782858
139.0,66254.3,52.5536923,-1.4633641,43.492,39.571,96.72,0.28,0.1,0.0,43.86,43.67,43.849990000000005,43.47,-2.399994,43.77,0.009180069,-0.06936002,0.0,4.0,3.0,1770.0,86.0,0.0,0.0,0.0,14.0,7.5,16.5,0.7696077524598334,0.9312552626126989,233.719230935935,-18.253250070762423,0.6906442383066761
139.0,66254.4,52.5537006,-1.4633526,43.524,40.145,96.75,0.28,0.1,0.0,43.84,43.62,43.73999,43.459990000000005,-2.399994,43.78,0.009180069,-0.06936002,0.0,4.0,3.0,1791.0,86.0,0.0,0.0,0.0,14.0,7.5,16.5,0.7794715564690584,0.9241780632841832,234.49870249240405,-17.32907200747824,0.7006624282131236
139.0,66254.5,52.553709,-1.4633411,43.776,39.692,96.77,0.28,0.1,0.0,43.94,43.73999,43.84,43.59,-2.199982,43.82,0.01937985,-0.04997993,0.0,4.0,3.0,1799.0,86.0,0.0,0.0,0.0,14.0,7.5,17.0,0.7766110255400083,0.9356983034128558,235.27531351794406,-16.393373704065382,0.6927560867015893
139.0,66254.6,52.5537171,-1.4633295,43.416,40.793,96.81,0.3,0.1,0.0,43.94,43.849990000000005,43.78,43.5,-1.799988,43.9,0.01937985,-0.04997993,0.0,4.0,3.0,1807.0,86.0,0.0,0.0,0.0,14.0,7.5,17.0,0.7879137063532577,0.9130323057486369,236.06322722429732,-15.480341398316746,0.7119721617660468
139.0,66254.7,52.5537252,-1.4633178,43.355,41.188,96.84,0.3,0.1,2.299988,44.02,43.77,43.94,43.64,-1.899994,43.89,0.02957988,-0.05915999,0.0,4.0,3.0,1805.0,86.0,0.0,0.0,0.0,14.0,7.5,6.0,0.7930735778252346,0.9063035756839188,236.85630080212255,-14.574037822632826,0.7188662123114244
139.0,66254.8,52.55373339999999,-1.4633061,43.528,40.795,96.87,0.3,0.1,6.8999630000000005,44.08,43.75999,43.97,43.67,-3.0,43.89,0.0397799,-0.08976007,0.0,5.0,3.0,1786.0,86.0,0.0,0.0,0.0,14.0,7.5,0.5,0.7899782352857406,0.915360074936182,237.64627903740828,-13.658677747696645,0.7120070683510867
139.0,66254.9,52.5537415,-1.4632944,43.54600000000001,41.154,96.9,0.31,0.1,9.200012,44.11,43.7,44.03999,43.53999,-4.100006,43.89,0.02957988,-0.12954,0.0,5.0,3.0,1774.0,86.0,0.0,0.0,0.0,14.0,7.5,0.5,0.7960271342853497,0.9107688189682994,238.44230617169362,-12.747908928728346,0.7182728003657465
139.0,66255.0,52.5537498,-1.4632827,43.726000000000006,40.93,96.92,0.31,0.1,9.0,44.099990000000005,43.58,44.0,43.45,-4.799988,43.85,0.009180069,-0.12954,0.0,5.0,3.0,1781.0,86.0,0.0,-0.230011,0.0,14.0,7.5,0.5,0.7957360574973955,0.9176515014062092,239.23804222919102,-11.830257427322138,0.714363262841279
139.0,66255.1,52.5537576,-1.4632706,43.211000000000006,42.496,96.95,0.31,0.1,9.0,44.05,43.62999,43.959990000000005,43.53,-4.799988,43.85,0.0,-0.1193398999999999,0.0,5.0,3.0,1796.0,86.0,0.0,0.0,0.0,14.0,6.75,0.5,0.8108528957747216,0.8850146937262,240.04889512496575,-10.945242733595938,0.7416951189275103
139.0,66255.2,52.5537657,-1.4632586,43.74,42.067,96.99,0.33,0.1,9.0,43.92,43.58,43.84,43.31999,-4.600006,43.81,0.0,-0.09996009,0.0,5.0,3.0,1808.0,86.0,0.0,0.0,0.0,14.0,6.75,0.5,0.8140489798575937,0.9019696549179529,240.86294410482336,-10.043273078677986,0.7342076564364546
139.0,66255.3,52.5537736,-1.4632466,43.358,42.68600000000001,97.03,0.33,0.1,9.0,43.81999,43.25999,43.72,43.14999,-4.600006,43.59,0.0,-0.09996009,0.0,5.0,3.0,1816.0,86.0,0.0,0.0,0.0,14.0,6.75,0.5,0.8165516705590253,0.8853225203202938,241.67949577538238,-9.157950558357692,0.7450112445062996
139.0,66255.4,52.553781400000005,-1.4632344000000002,43.214,43.31100000000001,97.06,0.34,0.1,8.899963,43.599990000000005,43.08,43.64,43.09,-4.799988,43.47,-0.009180069,-0.1091398999999999,0.0,5.0,3.0,1820.0,86.0,0.0,0.0,0.0,14.0,6.75,0.5,0.8234164366205159,0.8734522634185986,242.50291221200288,-8.284498294939093,0.7559195523312642
139.0,66255.5,52.5537892,-1.4632221,43.348,43.651,97.09,0.34,0.1,8.700012,43.45,43.06999,43.45,42.89,-4.699982,43.28,-0.009180069,-0.1091398999999999,0.0,5.0,3.0,1758.0,86.0,0.0,-0.230011,0.0,14.0,6.75,2.0,0.831154394025824,0.8712439045369558,243.3340666060287,-7.4132543904021375,0.7618536717880449
139.0,66255.6,52.5537969,-1.4632098,43.276,43.913,97.12,0.34,0.1,8.700012,43.34,42.83,43.22,42.69,-4.5,43.11,-0.009180069,-0.1091398999999999,0.0,5.0,3.0,1687.0,86.0,0.0,0.0,0.0,14.1,6.75,2.5,0.8337425513523616,0.8659933495825731,244.16780915738107,-6.547261040819564,0.7664264344282699
139.0,66255.7,52.55380460000001,-1.4631975,42.93,44.209,97.14,0.34,0.1,8.5,43.17999,42.67999,43.19,42.62999,-4.5,43.03,-0.009180069,-0.1193398999999999,0.0,5.0,3.0,1618.0,86.0,0.0,0.0,0.0,14.0,6.75,3.0,0.831503664772392,0.8547852978789945,244.99931282215346,-5.6924757429405695,0.7715926090141733
139.0,66255.8,52.5538119,-1.463185,42.628,45.457,97.18,0.34,0.1,8.5,43.09,42.709990000000005,42.92999,42.48999,-4.399994,42.89,-0.009180069,-0.09996009,0.0,5.0,3.0,1537.0,86.0,0.0,0.0,0.0,14.1,6.75,3.0,0.8439446702373221,0.8305880549555283,245.8432574923908,-4.861887687985041,0.7933743180790624
139.0,66255.9,52.5538195,-1.4631726,42.865,45.121,97.2,0.32,0.1,8.5,42.92,42.52,42.95,42.39999,-4.5,42.75,-0.009180069,-0.09996009,0.0,5.0,3.0,1475.0,86.0,0.0,0.0,0.0,14.1,6.75,3.0,0.8437243039404599,0.840168173029097,246.68698179633125,-4.021719514955944,0.7875100117923615
139.0,66256.0,52.5538267,-1.4631602,42.268,46.025,97.21,0.31,0.1,8.5,42.77,42.39999,42.77,42.22,-4.399994,42.71,-0.01938009,-0.1091398999999999,0.0,5.0,3.0,1435.0,86.0,0.0,0.0,0.0,14.1,6.75,3.0,0.844940647133237,0.8152375138918929,247.53192244346448,-3.206482001064051,0.8032877882303902
139.0,66256.1,52.553834,-1.4631475,42.617,46.477,97.24,0.31,0.1,8.5,42.62999,42.28999,42.59,42.11,-4.399994,42.54,-0.01938009,-0.09996009,0.0,5.0,3.0,1385.0,86.0,0.0,0.0,0.0,14.0,6.75,3.0,0.8583750281013236,0.8152226103931668,248.39029747156582,-2.391259390670884,0.8111766764494045
139.0,66256.2,52.5538411,-1.4631351,41.785,46.467,97.27,0.31,0.1,8.5,42.50999,42.05,42.41,41.98,-4.399994,42.33,-0.009180069,-0.09996009,0.0,5.0,3.0,1352.0,86.0,0.0,0.0,0.0,14.0,6.75,3.0,0.8414776896541634,0.7994541207464557,249.23177516121999,-1.591805269924428,0.8110021435242051
139.0,66256.3,52.553848300000006,-1.4631225,42.271,46.757,97.31,0.33,0.1,8.200012,42.209990000000005,41.87,42.28999,41.64999,-4.399994,42.13,-0.009180069,-0.1193398999999999,0.0,5.0,3.0,1316.0,86.0,0.0,0.0,0.0,14.1,6.75,3.0,0.8553474328142627,0.8044335662702345,250.08712259403424,-0.7873717036541935,0.8160635983549887
139.0,66256.4,52.5538554,-1.4631098,41.897,47.346,97.34,0.32,0.1,7.399963,42.03,41.59,42.08,41.55,-4.399994,41.95,-0.01938009,-0.1091398999999999,0.0,5.0,3.0,1284.0,86.0,0.0,0.0,0.0,14.1,6.75,3.0,0.8559310602697452,0.7885590600630275,250.94305365430398,0.0011873564088339394,0.8263435876492352
139.0,66256.5,52.553862200000005,-1.4630971,41.584,48.091,97.38,0.33,0.1,5.799988,41.849990000000005,41.52,41.78999,41.41,-4.0,41.77,-0.01938009,-0.09996009,0.0,5.0,3.0,1260.0,86.0,0.0,0.0,0.0,14.0,6.75,3.0,0.8596413520767809,0.7715558468522872,251.80269500638076,0.7727432032611211,0.839346290576593
139.0,66256.6,52.5538692,-1.4630844,41.846,48.047,97.41,0.33,0.1,5.099976,41.69,41.37,41.69,41.2,-3.699982,41.55,-0.02958012,-0.07956004,0.0,5.0,3.0,1271.0,86.0,0.0,0.0,0.0,14.0,6.75,3.0,0.8644610220809238,0.77708112209418,252.66715602846168,1.549824325355301,0.8385783457057154
139.0,66256.7,52.5538759,-1.4630717,41.123000000000005,48.777,97.44,0.33,0.1,5.099976,41.48,41.16,41.45,41.03999,-3.3999940000000004,41.4,-0.02958012,-0.08976007,0.0,5.0,3.0,1271.0,86.0,0.0,-0.230011,0.0,14.1,6.75,3.0,0.8591856186677728,0.7527695895342501,253.52634164712944,2.302593914889551,0.8513192492452741
139.0,66256.8,52.5538826,-1.463059,41.274,49.014,97.49,0.35,0.1,5.099976,41.28,40.95,41.3,40.87,-3.3999940000000004,41.2,-0.01938009,-0.08976007,0.0,5.0,3.0,1268.0,86.0,0.0,0.0,0.0,14.1,6.75,3.0,0.8654582981051556,0.7519602278318499,254.3917999452346,3.054554142721401,0.8554556795725007
139.0,66256.9,52.5538893,-1.4630463,41.018,49.087,97.5,0.32,0.1,4.700012,41.2,40.78,41.099990000000005,40.75999,-3.199982,40.98,-0.01938009,-0.08976007,0.0,5.0,3.0,1253.0,86.0,0.0,0.0,0.0,14.0,6.75,3.0,0.8610417592004019,0.746199791635279,255.25284170443499,3.80075393435668,0.8567297699264566
139.0,66257.0,52.5538958,-1.4630335,40.784,50.00899999999999,97.53,0.32,0.1,3.799988,41.06999,40.72,41.05,40.66,-3.199982,40.86,-0.01938009,-0.08976007,0.0,5.0,3.0,1239.0,86.0,0.0,0.0,0.0,14.0,6.75,3.0,0.8679576137763052,0.7280706114489469,256.1207993182113,4.528824545805627,0.8728217056298442
139.0,66257.1,52.5539023,-1.4630208,40.64,49.797,97.56,0.32,0.1,2.399963,40.67,40.37999,40.73,40.349990000000005,-2.899994,40.78,-0.01938009,-0.08976007,0.0,5.0,3.0,1251.0,85.0,0.0,0.0,0.0,14.0,6.75,3.0,0.8622026968957753,0.7286951577459823,256.9830020151071,5.257519703551609,0.8691216076156162
139.0,66257.2,52.5539087,-1.4630079,40.709,50.464,97.59,0.32,0.1,0.2000122,40.5,40.2,40.47,40.14,-2.600006,40.51,-0.01938009,-0.04997993,0.0,5.0,3.0,1247.0,86.0,0.0,0.0,0.0,14.0,6.75,11.0,0.8721052560457295,0.7198288872035641,257.85510727115286,5.977348590755174,0.8807629537264184
139.0,66257.3,52.553915,-1.4629951,40.316,50.875,97.62,0.31,0.1,0.09997559,40.45,40.2,40.64,40.48,-2.0,40.29,-0.02958012,-0.02958012,0.0,5.0,3.0,1231.0,86.0,0.0,0.0,0.0,14.0,6.75,14.5,0.8687774900490782,0.7066659721826248,258.72388476120193,6.684014562937799,0.8879362569521152
139.0,66257.4,52.5539212,-1.4629823,40.093,51.255,97.63,0.28,0.1,0.09997559,40.28999,40.12,40.23999,40.0,-1.699982,40.37,-0.01938009,-0.03978014,0.0,5.0,3.0,1358.0,86.0,0.0,0.0,0.0,14.0,6.75,19.0,0.8686138451813785,0.6970116954152493,259.5924986063833,7.381026258353049,0.8945685081096937
139.0,66257.5,52.553927300000005,-1.4629696,39.733,51.338,97.66,0.29,0.1,0.7000122,40.25,39.97,40.06,39.81,-2.399994,40.2,-0.01938009,-0.01938009,0.0,4.0,3.0,1459.0,86.0,0.0,0.0,0.0,14.0,6.75,21.5,0.8618141916760709,0.6895054210977978,260.45431279805933,8.070531679450847,0.896017131388849
139.0,66257.6,52.5539336,-1.4629569999999998,39.773,50.674,97.69,0.29,0.1,1.5,40.12,39.91,40.03999,39.709990000000005,-2.399994,40.08,0.0,-0.04997993,0.0,4.0,3.0,1619.0,86.0,0.0,0.0,0.0,13.9,6.75,22.0,0.8546253325598521,0.7001505956102462,261.3089381306192,8.770682275061093,0.8844281451556065
138.0,66257.7,52.5539397,-1.4629443,39.596,51.501000000000005,97.72,0.29,0.1,1.5,40.22,39.97,40.099990000000005,39.73999,-2.399994,40.04,0.01937985,-0.05915999,0.0,4.0,3.0,1750.0,85.0,0.0,0.0,0.0,14.0,6.75,22.0,0.8607939661605194,0.6846819084238147,262.16973209677974,9.455364183484907,0.8988620180695998
138.0,66257.8,52.5539459,-1.4629315,39.834,51.541,97.74,0.28,0.1,1.799988,40.37999,40.12,40.23999,39.89,-2.5,40.18,0.04997993,-0.06936002,0.0,4.0,3.0,1674.0,86.0,0.0,0.0,0.0,14.0,6.75,22.0,0.8664486076527954,0.6881926040699162,263.0361807044325,10.143556787554823,0.8995601497703973
138.0,66257.9,52.553952,-1.4629185999999998,39.942,51.785,97.76,0.28,0.1,2.899963,40.44,40.31999,40.39,40.09,-2.399994,40.3,0.05915999,-0.06936002,0.0,4.0,3.0,1640.0,86.0,0.0,0.0,0.0,14.0,6.75,21.5,0.8717285662271674,0.6863523561724891,263.9079092706597,10.829909143727313,0.9038187531452635
138.0,66258.0,52.5539582,-1.4629054,40.392,52.458,97.79,0.29,0.1,5.599976,40.56999,40.27,40.47,40.22,-3.0,40.45,0.06936002,-0.06936002,0.0,4.0,3.0,1615.0,86.0,0.0,0.0,0.0,14.1,6.75,14.5,0.889641521317361,0.6836826482719389,264.797550791977,11.513591791999252,0.9155648190111854
138.0,66258.1,52.5539642,-1.4628923,40.136,52.596,97.81,0.27,0.1,7.5,40.73,40.39,40.67,40.209990000000005,-3.3999940000000004,40.51,0.0397799,-0.08976007,0.0,4.0,3.0,1648.0,85.0,0.0,0.0,0.0,14.0,6.75,4.5,0.8856367570003535,0.6772184058468864,265.68318754897734,12.190810197846139,0.9179733733789375
138.0,66258.2,52.5539703,-1.4628792,40.41,52.651,97.84,0.28,0.1,8.299988,40.73,40.27,40.69,40.25,-4.100006,40.55,0.02957988,-0.08976007,0.0,4.0,3.0,1619.0,86.0,0.0,0.0,0.0,14.0,6.75,0.0,0.8923369222501653,0.680985364886135,266.5755244712275,12.871795562732274,0.9189333044675345
138.0,66258.3,52.5539762,-1.4628659999999998,40.14,53.24,97.87,0.28,0.1,8.399963,40.73,40.27,40.599990000000005,40.17,-4.399994,40.51,0.0,-0.08976007,0.0,4.0,3.0,1633.0,85.0,0.0,0.0,0.0,14.0,6.75,0.0,0.8932815510567208,0.6672878468410011,267.4688060222842,13.539083409573275,0.9292132937617811
138.0,66258.4,52.5539822,-1.4628526000000002,40.388000000000005,53.582,97.9,0.28,0.1,8.299988,40.56,40.23999,40.50999,40.06999,-4.199982,40.45,0.0,-0.08976007,0.0,4.0,3.0,1634.0,86.0,0.0,-0.230011,0.0,14.0,6.75,0.0,0.902792211882995,0.6660337087383458,268.37159823416715,14.20511711831162,0.9351823198036017
138.0,66258.5,52.5539881,-1.4628394,40.0,53.621,97.94,0.29,0.1,8.399963,40.41,39.91,40.37999,39.89,-4.299988,40.25,0.0,-0.08976007,0.0,4.0,3.0,1614.0,85.0,0.0,0.0,0.0,14.1,6.75,0.0,0.8945680474105941,0.6590264864074621,269.26616628157774,14.864143604719082,0.9358629982118795
138.0,66258.6,52.55399380000001,-1.462826,39.989,54.673,97.96,0.29,0.1,8.399963,40.16,39.7,40.22,39.709990000000005,-4.399994,40.03,-0.01938009,-0.08976007,0.0,4.0,3.0,1577.0,86.0,0.0,0.0,0.0,14.0,6.75,0.0,0.9062675861716385,0.6423145993263097,270.17243386774936,15.506458204045392,0.9542238619428598
138.0,66258.7,52.5539995,-1.4628128000000002,39.708,54.433,98.0,0.3,0.1,8.5,39.98999,39.53,40.0,39.459990000000005,-4.100006,39.82,-0.02958012,-0.09996009,0.0,4.0,3.0,1602.0,85.0,0.0,0.2399902,0.0,14.0,6.75,0.0,0.8972198031334481,0.6415649810153112,271.0696536708828,16.148023185060705,0.9500350717380734
138.0,66258.8,52.5540051,-1.4627994999999998,39.672,55.168,98.03,0.3,0.1,8.700012,39.75999,39.37,39.75999,39.25999,-4.100006,39.66,-0.02958012,-0.08976007,0.0,4.0,3.0,1589.0,86.0,0.0,1.6699830000000002,1.0,14.1,6.75,0.0,0.9045550286118642,0.6294316485632013,271.9742086994947,16.777454833623906,0.9628632417402317
138.0,66258.9,52.5540106,-1.4627861,39.539,55.68600000000001,98.06,0.3,0.1,9.399963,39.52,39.19,39.5,39.06999,-4.100006,39.44,-0.03978014,-0.08976007,0.0,4.0,3.0,1550.0,85.0,0.0,1.899994,1.0,14.0,6.75,0.0,0.9071570875843206,0.6191454690214013,272.881365787079,17.396600302645307,0.9719040472655625
138.0,66259.0,52.554016,-1.4627728,39.146,56.21,98.08,0.29,0.1,9.599976,39.209990000000005,38.87999,39.2,38.73,-4.5,39.09,-0.04997993,-0.08976007,0.0,4.0,3.0,1547.0,86.0,0.0,1.899994,1.0,14.0,6.75,0.0,0.9037088416193356,0.6047519534966803,273.78507462869834,18.00135225614199,0.9810495725460127
138.0,66259.1,52.5540213,-1.4627595999999998,38.682,56.364,98.12,0.31,0.1,10.0,39.0,38.52,38.98,38.42,-4.399994,38.82,-0.05915999,-0.08976007,0.0,4.0,3.0,1545.0,86.0,0.0,3.570007,1.0,14.1,6.75,0.0,0.8946000862323941,0.5951814309208524,274.67967471493074,18.59653368706284,0.9837373795940838
138.0,66259.2,52.55402660000001,-1.4627462,38.729,57.066,98.14,0.3,0.1,10.29999,38.75999,38.12,38.62,38.099990000000005,-4.399994,38.52,-0.06936002,-0.08976007,0.0,4.0,3.0,1550.0,86.0,0.0,4.519989,1.0,14.0,6.75,0.0,0.9029207954795622,0.58488599782757,275.58259551041033,19.18141968489041,0.9959895909430841
138.0,66259.3,52.5540317,-1.4627331,38.131,57.20399999999999,98.18,0.31,0.1,10.70001,38.37999,37.75,38.28999,37.84,-4.5,38.18,-0.06936002,-0.08976007,0.0,4.0,3.0,1529.0,85.0,0.0,5.699982,1.0,14.0,6.75,0.0,0.8903635314431352,0.5737121691389198,276.47295904185347,19.75513185402933,0.9983981453108361
138.0,66259.4,52.5540367,-1.4627199,37.969,57.554,98.21,0.31,0.1,11.29999,37.92,37.48,37.94,37.50999,-4.600006,37.84,-0.06936002,-0.08976007,0.0,4.0,3.0,1490.0,86.0,0.0,6.179993,1.0,14.0,6.75,0.0,0.8900539670790022,0.5658483072599103,277.36301300893246,20.32098016128924,1.0045067976928164
138.0,66259.5,52.5540417,-1.4627068,37.854,57.88399999999999,98.25,0.31,0.1,11.79999,37.62,37.23999,37.52,37.08,-4.600006,37.45,-0.07956004,-0.09996009,0.0,4.0,3.0,1462.0,86.0,0.0,5.699982,1.0,14.0,6.75,0.0,0.8905926288108891,0.5590143285352439,278.25360563774336,20.879994489824483,1.0102663842243975
138.0,66259.6,52.5540464,-1.4626938,37.17,58.591,98.28,0.32,0.1,12.5,37.209990000000005,36.8,37.17999,36.66,-4.600006,37.12,-0.07956004,-0.09996009,0.0,4.0,3.0,1435.0,86.0,0.0,5.699982,1.0,14.0,6.75,0.0,0.8812066875129851,0.5380808711359217,279.13481232525635,21.418075360960405,1.0226058620359977
138.0,66259.7,52.554051,-1.4626809,36.662,59.365,98.29,0.3,0.1,13.0,36.84,36.37999,36.77,36.28999,-4.799988,36.72,-0.07956004,-0.09996009,0.0,4.0,3.0,1397.0,85.0,0.0,5.940002,1.0,14.0,6.75,0.0,0.876253279135762,0.518937491241643,280.0110656043921,21.93701285220205,1.0361147104464337
138.0,66259.8,52.5540555,-1.462668,36.248000000000005,60.047,98.32,0.29,0.1,13.39996,36.459990000000005,36.03,36.47,35.84,-4.899994,36.3,-0.07956004,-0.1091398999999999,0.0,4.0,3.0,1378.0,86.0,0.0,7.369994999999999,1.0,14.0,6.75,0.0,0.8724040410066783,0.5027289764904341,280.8834696453988,22.439741828692483,1.048017855945035
138.0,66259.9,52.55406,-1.4626551,36.302,59.684,98.36,0.3,0.1,13.39996,36.05,35.44,36.0,35.48,-5.0,35.89,-0.08976007,-0.09996009,0.0,4.0,3.0,1363.0,86.0,0.0,9.97998,1.0,14.0,6.75,0.0,0.8704963733951289,0.509003158281455,281.75396601879396,22.94874498697394,1.0416823107602955
138.0,66260.0,52.5540643,-1.4626424,35.676,60.717,98.39,0.3,0.1,13.29999,35.53,34.95,35.459990000000005,34.89999,-4.799988,35.35,-0.1193398999999999,-0.08976007,0.0,4.0,3.0,1345.0,86.0,0.0,12.82999,1.0,14.0,6.75,0.0,0.864364506809701,0.48472156891108353,282.61833052560365,23.433466555885023,1.059711561933397
139.0,66260.1,52.5540685,-1.4626298,35.014,61.122,98.41,0.29,0.1,13.20001,34.84,34.37,34.86,34.28,-4.699982,34.79,-0.13974,-0.08976007,0.0,4.0,3.0,1336.0,86.0,0.0,12.59,1.0,14.0,6.75,0.0,0.8516669482066748,0.46971883376028184,283.46999747381034,23.903185389645305,1.066780145403974
139.0,66260.2,52.5540726,-1.4626173999999998,34.69,61.18,98.44,0.3,0.1,12.70001,34.3,33.709990000000005,34.25999,33.73999,-4.600006,34.22,-0.14994,-0.08976007,0.0,4.0,3.0,1323.0,86.0,0.0,12.59,1.0,14.0,6.75,0.0,0.8442567577258059,0.46451792268016984,284.31425423153615,24.367703312325474,1.0677924363701308
139.0,66260.3,52.5540765,-1.462605,34.078,62.166,98.47,0.28,0.1,12.09998,33.67,33.14999,33.66,33.09,-4.600006,33.61,-0.14994,-0.07956004,0.0,4.0,3.0,1307.0,86.0,0.0,12.35001,1.0,14.0,6.75,0.0,0.8370920488728477,0.4419835940313515,285.15134628040903,24.809686906356827,1.0850013827947949
139.0,66260.4,52.5540803,-1.4625930000000005,33.264,62.535,98.49,0.28,0.1,8.299988,33.16,32.48,33.03,32.58,-4.299988,33.09,-0.14994,-0.06936002,0.0,4.0,3.0,1289.0,86.0,0.0,12.12,1.0,14.1,6.75,0.0,0.8198584860685649,0.4261549751221507,285.97120476647757,25.23584188147898,1.091441647734654
139.0,66260.5,52.5540839,-1.462581,32.626999999999995,63.265,98.5,0.26,0.1,3.5,32.42,32.12999,32.44,31.94,-3.5,32.44,-0.14994,-0.03978014,0.0,4.0,3.0,1271.0,86.0,0.0,12.12,1.0,14.0,6.75,0.0,0.8094185446366963,0.4077148263542502,286.78062331111425,25.64355670783323,1.1041825512742125
139.0,66260.6,52.5540875,-1.4625692999999995,32.195,63.112,98.53,0.26,0.1,2.099976,31.89,31.48999,31.8,31.48999,-2.299988,31.89,-0.16014,-0.01938009,0.0,4.0,3.0,1238.0,86.0,0.0,13.29999,1.0,14.0,6.75,0.0,0.7976242100051048,0.4044478289115464,287.57824752111935,26.048004536744777,1.1015121975186613
139.0,66260.7,52.5540909,-1.4625576,31.684,64.012,98.55,0.25,0.1,1.599976,31.16,30.91,31.11,30.84,-1.899994,31.18,-0.16014,-0.02958012,0.0,4.0,3.0,1216.0,86.0,0.0,17.10001,1.0,14.0,6.75,0.0,0.7911194143694542,0.3856496338763549,288.3693669354888,26.433654170621132,1.1172201607866101
139.0,66260.8,52.5540944,-1.4625463,30.971,63.24100000000001,98.57,0.24,0.1,0.0,30.50999,30.17,30.39,30.14,-1.899994,30.58,-0.1795201,-0.01938009,0.0,4.0,3.0,1166.0,86.0,0.0,19.23999,1.0,14.0,6.75,0.0,0.7681739118139933,0.38734285862545637,289.13754084730283,26.820997029246588,1.103763672253734
139.0,66260.9,52.55409770000001,-1.4625352,30.258000000000003,63.93899999999999,98.59,0.24,0.1,0.0,29.67,29.39,29.61,29.47,-1.299988,29.86,-0.1999198999999999,0.0,0.0,4.0,3.0,1182.0,86.0,0.0,20.89999,1.0,14.0,6.75,0.0,0.7550436962384476,0.36925501590443316,289.89258454354126,27.19025204515102,1.1159460704326543
139.0,66261.0,52.5541009,-1.4625243,29.682,64.134,98.6,0.23,0.1,0.0,28.81999,28.84,28.81999,28.59999,-1.0,29.02,-0.2193,0.0,0.0,4.0,3.0,1221.0,86.0,0.0,21.62,1.0,14.0,6.75,0.0,0.7418989713508668,0.35970288615540125,290.6344835148921,27.54995493130642,1.1193494624740432
139.0,66261.1,52.5541039,-1.4625139,28.588,63.948,98.62,0.22,0.1,0.0,27.98,28.08,28.0,27.899990000000003,-1.0,28.17,-0.2193,-0.009180069,0.0,4.0,3.0,1211.0,86.0,0.0,21.38,1.0,14.0,6.75,0.0,0.7134261053467097,0.3487630269967688,291.3479096202388,27.898717958303187,1.1161031500653338
139.0,66261.2,52.554107,-1.4625037,27.886,64.101,98.62,0.19,0.1,0.0,27.219990000000003,27.13,27.25999,27.13,-0.6000061,27.41,-0.2193,0.0,0.0,4.0,3.0,1206.0,86.0,0.0,18.53,1.0,14.0,6.75,0.0,0.6968133559070145,0.3383393569870264,292.0447229761458,28.237057315290215,1.1187735038208853
139.0,66261.3,52.5541098,-1.4624935,27.349,64.727,98.63,0.18,0.1,0.0,26.52,26.45,26.49,26.39,-0.3999939,26.73,-0.2101199999999999,-0.009180069,0.0,4.0,3.0,1215.0,86.0,0.0,14.97,1.0,14.0,6.75,0.0,0.6869794071081904,0.324337699210302,292.731702383254,28.56139501450052,1.1296992649383697
139.0,66261.4,52.5541126,-1.462484,26.042,64.503,98.63,0.16,0.1,0.0,25.82999,25.84,25.81,25.8,0.0,26.05,-0.1897202,0.009180069,0.0,4.0,3.0,1224.0,86.0,0.0,13.29999,1.0,14.0,6.75,0.0,0.6529364713549466,0.31139275672766115,293.38463885460897,28.87278777122818,1.1257897274139024
139.0,66261.5,52.5541154,-1.4624746,25.733,63.498000000000005,98.66,0.17,0.1,0.0,25.25999,25.32999,25.21999,25.17,0.3999939,25.44,-0.1693201,0.01937985,0.0,3.0,3.0,1228.0,86.0,0.0,10.69,1.0,14.0,6.75,0.0,0.6396929198715194,0.3189670053772589,294.02433177448046,29.19175477660544,1.1082491684313596
139.0,66261.6,52.5541181,-1.4624653,25.214,64.362,98.66,0.15,0.1,0.0,24.68,24.95,24.62,24.75,0.6000061,24.89,-0.13974,0.009180069,0.0,3.0,3.0,1242.0,86.0,0.0,8.320007,1.0,14.1,6.75,0.0,0.6314326317014469,0.30304690610794427,294.6557644061819,29.494801682713383,1.1233288131685903
139.0,66261.7,52.5541208,-1.4624564,24.545,63.72,98.68,0.15,0.1,0.0,24.18,24.37,24.23,24.32,1.5,24.56,-0.1193398999999999,0.02957988,0.0,3.0,3.0,1252.0,86.0,0.0,6.889983999999999,1.0,14.0,6.75,0.0,0.6113348402192671,0.30187502169027325,295.2670992464012,29.796676704403655,1.1121237993707869
139.0,66261.8,52.5541234,-1.4624475,24.059,64.152,98.69,0.14,0.1,0.0,23.87,24.07999,23.88,23.96,2.300018,24.08,-0.09996009,0.04997993,0.0,3.0,3.0,1257.0,86.0,0.0,5.22998,1.0,14.0,6.75,0.0,0.6014441491125453,0.29137132852205294,295.8685433955137,30.08804803292571,1.1196636217394023
139.0,66261.9,52.5541261,-1.4624387,24.196,63.885,98.69,0.13,0.1,0.0,23.56,23.92,23.41,23.79,3.3999940000000004,23.81,-0.08976007,0.07956004,0.0,3.0,3.0,1259.0,86.0,0.0,-0.4700011999999999,1.0,14.0,6.75,0.0,0.6034968801311055,0.29584600952359413,296.4720402756448,30.383894042449302,1.1150035926365773
139.0,66262.0,52.5541286,-1.4624301,23.389,63.427,98.71,0.12,0.1,0.0,23.29,23.75999,23.18999,23.57999,4.600006,23.56,-0.05915999,0.08976007,0.0,3.0,3.0,1263.0,86.0,0.0,0.0,1.0,14.0,6.75,0.0,0.5810640621455868,0.29063280411000564,297.0531043377904,30.674526846559306,1.1070099846624435
139.0,66262.1,52.5541313,-1.4624217,23.314,62.833,98.71,0.11,0.1,0.0,23.04,23.49,22.99,23.49,5.800018,23.4,-0.04997993,0.09995985,0.0,3.0,3.0,1274.0,86.0,0.0,0.0,0.0,14.0,6.75,0.0,0.5761663264586543,0.29568989751039415,297.629270664249,30.9702167440697,1.096642728905597
139.0,66262.2,52.554134,-1.4624134,23.044,62.025,98.72,0.12,0.1,0.0,22.7,23.48,22.71999,23.39,7.600006,23.19,-0.04997993,0.12954,0.0,3.0,3.0,1268.0,86.0,0.0,-0.230011,0.0,14.0,6.75,0.0,0.5653156348649316,0.3002673268025687,298.19458629911395,31.270484070872268,1.0825404685494828
139.0,66262.3,52.5541367,-1.4624051999999998,22.853,61.39,98.74,0.12,0.1,0.0,22.45,23.39,22.45,23.3,9.300018,23.0,-0.03978014,0.1693199,0.0,3.0,3.0,1260.0,86.0,0.0,0.0,0.0,14.0,6.75,0.0,0.5572954255852912,0.30397352185002335,298.7518817246992,31.57445759272229,1.0714576277993189
139.0,66262.4,52.5541395,-1.462397,22.849,60.837,98.74,0.1,0.1,0.0,22.27,23.27,22.13,23.2,10.89999,22.85,-0.04997993,0.1999198999999999,0.0,3.0,3.0,1252.0,86.0,0.0,-0.230011,0.0,14.0,6.75,4.5,0.5542386352988166,0.3092839681437552,299.30612035999803,31.883741560866046,1.0618059570357903
139.0,66262.5,52.5541425,-1.4623891,22.792,58.237,98.75,0.1,0.1,0.0,22.06,23.31,21.98,23.2,13.0,22.68,-0.05915999,0.1999198999999999,0.0,3.0,3.0,1283.0,86.0,0.0,-0.230011,0.0,14.0,6.75,12.0,0.538291838381499,0.33327402500676817,299.84441219837953,32.217015585872815,1.0164273964839377
139.0,66262.6,52.5541455,-1.4623813,22.543000000000003,57.605,98.77,0.11,0.1,0.0,21.92,23.32,21.78,23.04,14.70001,22.67,-0.04997993,0.1999198999999999,0.0,3.0,3.0,1310.0,86.0,0.0,-0.230011,0.0,14.0,6.75,13.5,0.528742734895413,0.3354856219697137,300.3731549332749,32.55250120784253,1.0053969156113334
139.0,66262.7,52.5541485,-1.4623737,22.266,56.565,98.77,0.1,0.1,0.0,21.81,23.31,21.68999,23.05,15.800020000000002,22.57,-0.02958012,0.2295001,0.0,3.0,3.0,1352.0,86.0,0.0,-0.230011,0.0,14.0,6.75,15.5,0.5161453243853871,0.3407876965430289,300.8893002576603,32.893288904385564,0.9872454913905925
139.0,66262.8,52.5541517,-1.4623664,22.176,54.568000000000005,98.78,0.1,0.1,0.0,21.8,23.27,21.50999,23.07,16.70001,22.5,-0.01938009,0.2295001,0.0,3.0,3.0,1439.0,86.0,0.0,0.0,0.0,14.0,6.75,16.5,0.5019193483763651,0.3571175824927204,301.39121960603666,33.25040648687828,0.9523912662282659
139.0,66262.9,52.5541552,-1.4623592,22.302,52.16,98.79,0.09,0.1,0.0,21.71,23.36,21.41,23.1,17.60001,22.52,0.0,0.2193,0.0,3.0,3.0,1442.0,86.0,0.0,0.0,0.0,14.0,6.75,16.5,0.4892358331416123,0.38003756336740246,301.88045543917826,33.630444050245686,0.9103637378402423
139.0,66263.0,52.5541588,-1.4623522,22.381,50.16,98.8,0.1,0.1,0.0,21.82999,23.45,21.46999,23.23,18.30002,22.56,0.0,0.2193,0.0,3.0,3.0,1443.0,86.0,0.0,-0.230011,0.0,14.0,6.75,16.5,0.4773596586452862,0.39828600094799005,302.35781509782356,34.028730051193676,0.8754571528003556
139.0,66263.1,52.5541625,-1.4623453,22.352,48.98,98.81,0.09,0.1,0.0,22.03,23.64,21.66,23.31,18.5,22.67,0.01937985,0.1897199,0.0,3.0,3.0,1450.0,86.0,0.0,0.0,0.0,14.0,6.75,17.0,0.4684485757527522,0.4075033057791029,302.8262636735763,34.43623335697278,0.8548622676268226
139.0,66263.2,52.554166300000006,-1.4623386,22.536,47.323,98.81,0.08,0.1,0.0,22.17,23.79,21.99,23.54,18.80002,22.96,0.04997993,0.16014,0.0,3.0,3.0,1465.0,86.0,0.0,-0.230011,0.0,14.0,6.75,18.0,0.46022691593464904,0.424343240607508,303.28649058951095,34.860576597580284,0.8259421619212766
139.0,66263.3,52.5541702,-1.4623319,22.748,46.236,98.81,0.07,0.1,0.0,22.45,24.18,22.34,23.92,18.60001,23.26,0.05915999,0.2193,0.0,3.0,3.0,1456.0,86.0,0.0,-0.230011,0.0,14.0,6.75,19.5,0.45634697840687777,0.43707093611923825,303.74283756791783,35.297647533699525,0.8069704329520981
139.0,66263.4,52.5541744,-1.4623253,23.112,44.049,98.83,0.08,0.1,0.0,22.82999,24.46999,22.53,24.25999,18.20001,23.52,0.06936002,0.26928,0.0,3.0,3.0,1507.0,86.0,0.0,0.0,0.0,14.0,6.75,19.5,0.4463654611051113,0.461434583806222,304.18920302902296,35.75908211750575,0.7688000822109822
139.0,66263.5,52.5541788,-1.4623190999999998,23.18,41.618,98.82,0.06,0.1,0.0,23.1,24.79,22.64,24.64999,18.20001,23.91,0.07956004,0.2295001,0.0,3.0,3.0,1553.0,86.0,0.0,-0.230011,0.0,14.0,6.75,19.5,0.42764595760526947,0.48136455642105586,304.6168489866282,36.240446673926805,0.7263711280950002
139.0,66263.6,52.5541835,-1.4623131,23.814,38.795,98.82,0.05,0.1,0.0,23.53,25.21999,23.2,24.99,18.60001,24.31,0.08976007,0.13974,0.0,3.0,3.0,1593.0,86.0,0.0,0.0,0.0,14.0,6.75,19.5,0.41445343097979004,0.5155682336500965,305.031302417608,36.7560149075769,0.6771004833112002
139.0,66263.7,52.554188100000005,-1.4623068,24.188,39.119,98.83,0.06,0.1,0.0,24.00999,25.55,23.85,25.24,16.30002,24.68,0.1193398999999999,0.1193398999999999,0.0,3.0,3.0,1586.0,86.0,0.0,0.0,0.0,14.0,6.75,19.5,0.42391695261325285,0.5212764106493203,305.45521937022124,37.27729131822622,0.6827553500876617
139.0,66263.8,52.5541931,-1.462301,24.458,36.029,98.85,0.08,0.1,0.0,24.57999,25.79,24.43,25.66,13.10001,25.03,0.12954,0.1193398999999999,0.0,3.0,3.0,1557.0,86.0,0.0,0.0,0.0,14.0,6.75,19.5,0.39961291466123927,0.5494349650155405,305.8548322848825,37.82672628324176,0.6288246762010371
139.0,66263.9,52.5541982,-1.4622952,24.908,34.418,98.85,0.07,0.1,0.0,25.11,26.1,24.84,25.96999,11.0,25.5,0.13974,0.05915999,0.0,3.0,3.0,1562.0,86.0,0.0,0.0,0.0,14.0,6.75,19.5,0.39107372236277194,0.5707640302657717,306.24590600724525,38.39749031350753,0.6007074219514084
139.0,66264.0,52.5542036,-1.4622896,25.38,33.041,98.87,0.08,0.1,0.0,25.62,26.34,25.49,26.25999,8.399994,25.93,0.14994,0.0,0.0,3.0,3.0,1578.0,86.0,0.0,0.0,0.0,14.0,6.75,19.5,0.3843935200924509,0.5909878355016578,306.6302995273377,38.98847814900919,0.5766742381514464
139.0,66264.1,52.554208900000006,-1.4622839,25.564,32.692,98.89,0.1,0.1,0.0,26.21,26.56,26.07,26.43,4.700012,26.29,0.1693199,-0.04997993,0.0,3.0,3.0,1592.0,86.0,0.0,0.0,0.0,14.0,6.75,19.5,0.3835472145267245,0.5976197154982821,307.0138467418644,39.58609786450747,0.5705830390619863
139.0,66264.2,52.55421449999999,-1.4622782,26.341,31.989,98.91,0.12,0.1,0.0,26.719990000000003,27.06,26.57999,26.79,2.700012,26.71,0.16014,-0.05915999,0.0,3.0,3.0,1596.0,86.0,0.0,0.0,0.0,14.0,6.75,19.5,0.387619844731077,0.620586509683799,307.4014665865955,40.20668437419127,0.5583133744204661
139.0,66264.3,52.5542202,-1.4622725,26.827,31.065,98.96,0.17,0.1,0.0,27.17,27.28,27.21,27.23,1.399994,27.17,0.16014,-0.02958012,0.0,3.0,3.0,1602.0,86.0,0.0,0.0,0.0,14.0,6.75,19.5,0.3845279110134953,0.6383204882208167,307.785994497609,40.84500486241208,0.5421865321320385
139.0,66264.4,52.5542259,-1.4622664,27.194000000000003,32.539,98.97,0.16,0.1,0.0,27.73,27.77,27.73,27.649990000000003,0.3999939,27.49,0.13974,-0.02958012,0.0,3.0,3.0,1647.0,86.0,0.0,-0.230011,0.0,14.0,6.75,19.5,0.4063037124961444,0.6368121125329204,308.19229821010515,41.481816974945005,0.5679126853064349
139.0,66264.5,52.5542317,-1.46226,27.875,33.349000000000004,98.97,0.15,0.1,0.0,28.25,28.179990000000004,28.19,27.96,-0.7999878,28.03,0.12954,-0.04997993,0.0,3.0,3.0,1691.0,86.0,0.0,0.0,0.0,14.0,6.75,19.5,0.42566472993585514,0.6468064865574812,308.617962940041,42.128623461502485,0.582049852247589
139.0,66264.6,52.5542375,-1.4622537,27.936,33.593,98.96,0.11,0.1,2.899963,28.69,28.55,28.67,28.539990000000003,-1.799988,28.62,0.12954,-0.009180069,0.0,3.0,3.0,1727.0,86.0,0.0,0.0,0.0,14.1,6.75,19.5,0.42935287283962426,0.6463993429640547,309.04731581288064,42.77502280446654,0.5863084556224551
139.0,66264.7,52.5542434,-1.4622471,28.58,33.734,98.97,0.1,0.1,7.5,29.16,28.94,29.00999,28.83,-2.299988,29.0,0.1193398999999999,-0.009180069,0.0,3.0,3.0,1762.0,86.0,0.0,0.0,0.0,14.0,6.75,16.5,0.4408766846419826,0.6602176283925842,309.4881924975226,43.435240432859125,0.5887693698677672
139.0,66264.8,52.5542494,-1.4622406,28.93,33.586,98.96,0.08,0.1,13.79999,29.59999,29.27,29.45,29.179990000000004,-3.0,29.32,0.1193398999999999,-0.04997993,0.0,3.0,3.0,1773.0,86.0,0.0,0.0,0.0,14.0,6.75,8.0,0.4445480327134049,0.6694534072748275,309.932740530236,44.104693840133955,0.5861862825748155
139.0,66264.9,52.5542554,-1.4622338,29.254,34.387,98.96,0.07,0.1,23.70001,30.06999,29.59,29.929990000000004,29.59999,-4.299988,29.75,0.09995985,-0.06936002,0.0,4.0,3.0,1743.0,86.0,0.0,0.0,0.0,14.0,6.75,7.0,0.4589463217716146,0.670600545506444,310.39168685200764,44.7752943856404,0.6001663698832901
139.0,66265.0,52.5542615,-1.4622269,29.678,34.233000000000004,98.96,0.06,0.1,35.79999,30.53,29.87,30.45,29.87,-6.699982,30.05,0.08976007,-0.09996009,0.0,4.0,3.0,1718.0,86.0,0.0,-0.230011,0.0,14.0,6.75,7.0,0.4637679238161229,0.6815690375616691,310.8554547758238,45.45686342320207,0.5974785628352189
139.0,66265.1,52.5542677,-1.46222,29.711,34.327,98.95,0.04,0.1,48.20001,30.8,29.98999,30.58,29.84,-9.299988,30.36,0.06936002,-0.14994,0.0,4.0,3.0,1740.0,86.0,0.0,0.0,0.0,14.0,6.75,7.0,0.46540241014801814,0.6815642718476961,311.3208571859718,46.13842769504977,0.5991191723320934
139.0,66265.2,52.5542737,-1.462213,29.711,35.235,98.95,0.03,0.1,59.89996,30.89,29.72,30.84,29.77,-11.79999,30.41,0.04997993,-0.2193,0.0,4.0,3.0,1784.0,86.0,0.0,0.0,0.0,14.0,6.75,9.5,0.47614466813817496,0.674103489854823,311.79700185410996,46.81253118490459,0.6149667619402021
139.0,66265.3,52.5542798,-1.4622054,30.481,36.591,98.97,0.05,0.1,70.0,31.05,29.81999,31.0,29.539990000000003,-13.89999,30.33,0.01937985,-0.27948,0.0,4.0,3.0,1815.0,86.0,0.0,0.0,0.0,13.9,6.75,10.0,0.504713509563739,0.6798203847465448,312.3017153636737,47.492351569651134,0.6386334265972451
139.0,66265.4,52.55428559999999,-1.4621977,30.218000000000004,38.434,98.98,0.06,0.1,78.79999000000001,30.98999,29.50999,31.039990000000003,29.36,-16.19998,30.27,0.009180069,-0.28968,0.0,4.0,3.0,1779.0,86.0,0.0,0.0,0.0,14.0,6.75,10.0,0.5217748136718591,0.6575140687527686,312.82349017734555,48.1498656384039,0.6707998447115006
139.0,66265.5,52.5542914,-1.4621896,30.611,40.131,98.98,0.05,0.1,85.5,31.31999,29.70999,30.98999,29.61,-17.5,30.4,-0.009180069,-0.2193,0.0,4.0,3.0,1767.0,86.0,0.0,0.0,0.0,14.0,6.75,14.0,0.5480537300851046,0.6501204863319147,313.37154390743063,48.79998612473582,0.7004180821178444
139.0,66265.6,52.5542971,-1.4621816,30.085,40.359,98.98,0.05,0.1,90.20001,31.48999,29.73,31.42,29.77,-18.29999,30.59,-0.01938009,-0.3100800999999999,0.0,4.0,3.0,1759.0,86.0,0.0,0.0,0.0,14.0,6.75,15.0,0.5411746541865958,0.6368007523090147,313.9127185616172,49.43678687704483,0.7043974328123915
139.0,66265.7,52.554302400000005,-1.4621731,29.887,43.371,98.98,0.04,0.1,95.39996,31.679990000000004,29.789990000000003,31.27,28.7,-19.60001,30.79,-0.009180069,-0.36006,0.0,4.0,3.0,1801.0,86.0,0.0,0.0,0.0,14.0,6.75,17.0,0.5701108551921611,0.6034868916376581,314.4828294168094,50.04027376868249,0.7569667498824607
139.0,66265.8,52.5543075,-1.4621642,30.038,46.117,98.98,0.03,0.1,102.8,31.61,29.539990000000003,31.37,29.3,-22.60001,30.58,0.009180069,-0.3294601,0.0,4.0,3.0,1594.0,86.0,0.0,0.0,0.0,14.0,6.75,20.0,0.601391479215685,0.5783883700663464,315.0842208960251,50.61866213874884,0.8048934911422249
139.0,66265.9,52.5543127,-1.4621551000000002,30.161,46.692,99.0,0.05,0.1,104.3,31.66,29.62,31.59999,29.55,-22.60001,30.61,0.0,-0.37026,0.0,4.0,3.0,1425.0,86.0,0.0,0.0,0.0,14.0,6.75,20.5,0.6096518267626503,0.5746675552393022,315.6938727227878,51.19332969398814,0.8149291343411924
139.0,66266.0,52.5543176,-1.4621455,30.719,49.113,99.01,0.06,0.1,104.3,31.84999,30.00999,31.78,29.64,-22.39999,30.81,0.0,-0.37026,0.0,4.0,3.0,1355.0,86.0,0.0,0.0,0.0,13.9,6.75,21.0,0.6451007114654573,0.5585476194638523,316.3389734342532,51.75187731345199,0.8571835555319751
139.0,66266.1,52.5543222,-1.4621356,30.557,52.005,99.01,0.06,0.1,104.6,32.28,30.19,31.86,29.7,-22.79999,31.09,0.009180069,-0.37026,0.0,4.0,3.0,1440.0,86.0,0.0,-0.230011,0.0,14.0,6.75,22.0,0.6689135063877938,0.5225185088721378,317.007886940641,52.27439582232413,0.9076584774996511
139.0,66266.2,52.5543265,-1.4621254,30.51,54.507,99.01,0.04,0.1,104.4,32.41,30.41,32.09,29.81,-22.89999,31.31,0.01937985,-0.36006,0.0,4.0,3.0,1528.0,86.0,0.0,0.0,0.0,14.0,6.75,22.5,0.6900230236043173,0.492061456421813,317.69790996424535,52.766457278745946,0.9513266153845492
138.0,66266.3,52.55433070000001,-1.4621147,30.938,57.08,99.01,0.04,0.1,103.8,32.679990000000004,30.56,32.39,30.149990000000003,-23.60001,31.6,0.0397799,-0.34986,0.0,4.0,3.0,1607.0,86.0,0.0,0.0,0.0,14.0,6.75,24.0,0.7213969952434214,0.4670499305207549,318.4193069594888,53.2335072092667,0.9962339370383633
138.0,66266.4,52.554334700000005,-1.4621037,31.183000000000003,58.508,99.01,0.03,0.1,102.1,32.97,31.0,32.69,30.52,-23.89999,31.87,0.04997993,-0.3396599,0.0,4.0,3.0,1623.0,86.0,0.0,0.0,0.0,14.0,6.75,25.0,0.7386153591108672,0.4524822282387948,319.1579223185997,53.68598943750549,1.0211572387568424
138.0,66266.5,52.5543384,-1.4620924,31.493,61.103,99.02,0.05,0.1,99.0,33.28,31.28,33.08,30.789990000000003,-23.5,32.19,0.05915999,-0.37026,0.0,4.0,3.0,1600.0,86.0,0.0,0.0,0.0,14.0,6.75,26.0,0.7658833674718682,0.42273801279375767,319.92380568607155,54.10872745029925,1.0664485328460953
138.0,66266.6,52.5543418,-1.4620807000000002,31.658,63.516000000000005,99.02,0.04,0.1,94.79999,33.569990000000004,31.67,33.37,31.16,-23.19998,32.48,0.06936002,-0.34986,0.0,4.0,3.0,1574.0,86.0,0.0,0.0,0.0,14.0,6.75,27.0,0.7871048767479142,0.39216161324240456,320.71091056281944,54.500889063541656,1.1085633276967184
138.0,66266.7,52.554345,-1.4620686,32.062,65.725,99.04,0.06,0.1,89.0,34.00999,31.92,33.62999,31.45,-22.29999,32.77,0.05915999,-0.34986,0.0,4.0,3.0,1567.0,86.0,0.0,0.0,0.0,14.0,6.75,28.0,0.8118657230707514,0.36614505177234574,321.5227762858902,54.867034115314,1.147117650873273
138.0,66266.8,52.554348000000005,-1.4620563,32.288000000000004,67.979,99.05,0.06,0.1,81.09998,34.12999,32.25999,33.87,31.87,-21.10001,33.06,0.05915999,-0.3100800999999999,0.0,4.0,3.0,1562.0,86.0,0.0,0.0,0.0,14.0,6.75,29.0,0.8314576979834147,0.33628525908291973,322.3542339838736,55.20331937439692,1.1864573722132252
138.0,66266.9,52.5543506,-1.4620437,32.656,70.305,99.06,0.07,0.1,72.59998,34.39,32.56,34.12,32.14999,-19.69998,33.43,0.06936002,-0.29988,0.0,4.0,3.0,1571.0,86.0,0.0,0.0,0.0,14.0,6.75,29.0,0.8540450733189646,0.3057083260901454,323.20827905719256,55.50902770048707,1.2270537306146134
138.0,66267.0,52.554353,-1.4620307,32.936,72.58800000000001,99.08,0.08,0.1,63.89996,34.459990000000005,32.81,34.36,32.53999,-18.29999,33.62,0.07956004,-0.2397001,0.0,4.0,3.0,1595.0,86.0,0.0,0.0,0.0,14.0,6.75,29.0,0.8729665543753624,0.2737719378503816,324.0812456115679,55.78279963833745,1.266899597437644
138.0,66267.1,52.5543553,-1.4620176,33.408,73.615,99.08,0.08,0.1,55.39996,34.7,33.19,34.599990000000005,33.03,-16.69998,33.9,0.07956004,-0.1897202,0.0,4.0,3.0,1585.0,86.0,0.0,0.0,0.0,14.0,6.75,29.5,0.8903119326737028,0.26177979780497984,324.9715575442416,56.04457943614243,1.2848241288556257
138.0,66267.2,52.5543573,-1.4620041,33.797,75.54899999999999,99.1,0.1,0.1,45.89996,34.98,33.58,34.91,33.48999,-14.699979999999998,34.25,0.07956004,-0.1795201,0.0,4.0,3.0,1586.0,86.0,0.0,0.0,0.0,14.0,6.75,29.5,0.9091030753653864,0.23428074932262777,325.880660619607,56.27886018546506,1.318578796589196
138.0,66267.3,52.554359100000006,-1.4619904,34.078,77.324,99.11,0.09,0.1,36.20001,35.14,34.06,35.03999,33.78999,-12.79999,34.67,0.07956004,-0.1193398999999999,0.0,4.0,3.0,1578.0,86.0,0.0,0.0,0.0,14.0,6.75,29.5,0.9235389299903854,0.20772202692835962,326.8041995495974,56.486582212393415,1.3495583908120954
138.0,66267.4,52.554361,-1.4619767999999995,34.092,77.15,99.12,0.09,0.1,28.59998,35.47,34.39999,35.33,34.14999,-11.10001,34.81,0.08976007,-0.1091398999999999,0.0,4.0,3.0,1590.0,86.0,0.0,0.0,0.0,14.0,6.75,30.0,0.9232829962733105,0.21061222374918823,327.7274825458707,56.6971944361426,1.3465215179136254
138.0,66267.5,52.5543627,-1.4619628,34.812,78.65,99.13,0.1,0.1,20.29999,35.66,34.97,35.61,34.569990000000004,-8.5,35.15,0.08976007,-0.09996009,0.0,4.0,3.0,1603.0,86.0,0.0,0.0,0.0,14.0,6.75,31.0,0.9480886613422692,0.19030735727823034,328.675571207213,56.88750179342083,1.3727014566935403
138.0,66267.6,52.5543642,-1.4619487,34.823,79.654,99.14,0.1,0.1,15.09998,36.00999,35.36,35.819990000000004,35.22,-7.299988000000001,35.5,0.08976007,-0.05915999,0.0,4.0,3.0,1601.0,86.0,0.0,0.0,0.0,14.0,6.75,31.0,0.9515782982332515,0.1737204079552865,329.62714950544625,57.06122220137612,1.3902245623835632
138.0,66267.7,52.5543657,-1.4619344,35.291,79.77,99.16,0.11,0.1,8.799988,36.12999,35.64,35.98,35.27,-5.299988,35.8,0.09995985,-0.09996009,0.0,4.0,3.0,1591.0,86.0,0.0,0.0,0.0,14.0,6.75,31.0,0.9647213947377109,0.17410230552296524,330.59187090018395,57.23532450689908,1.3922491443158767
138.0,66267.8,52.554367,-1.46192,35.701,80.95,99.18,0.12,0.1,2.099976,36.25999,35.92,36.28,35.64999,-4.5,36.02,0.1091398999999999,-0.07956004,0.0,4.0,3.0,1581.0,86.0,0.0,0.0,0.0,14.0,6.75,31.0,0.9793492862752271,0.15598989266673338,331.5712201864592,57.391314399565815,1.4128440294894098
138.0,66267.9,52.5543683,-1.4619054,35.996,81.45100000000001,99.19,0.12,0.1,0.0,36.45,36.28999,36.50999,36.17,-2.799988,36.28,0.09995985,-0.03978014,0.0,4.0,3.0,1583.0,86.0,0.0,0.0,0.0,14.0,6.75,31.0,0.9887792168514317,0.14863865730733153,332.5599994033106,57.539953056873145,1.4215881290419015
138.0,66268.0,52.5543696,-1.4618904,36.695,81.99799999999999,99.22,0.14,0.1,0.0,36.91,36.87999,36.84,36.64,-0.7999878,36.74,0.08976007,-0.01938009,0.0,4.0,3.0,1598.0,86.0,0.0,0.0,0.0,14.0,6.75,31.0,1.0093807914974149,0.14189514911536544,333.569380194808,57.68184820598851,1.4311350800503102
138.0,66268.1,52.55437070000001,-1.4618755,36.583,82.441,99.22,0.12,0.1,0.0,37.41,37.28999,37.06999,36.959990000000005,-0.2999877999999999,37.13,0.08976007,-0.01938009,0.0,4.0,3.0,1614.0,86.0,0.0,0.0,0.0,14.0,6.75,31.0,1.0073636406922193,0.13367738900453746,334.5767438355002,57.81552559499305,1.4388668886366454
138.0,66268.2,52.5543719,-1.4618606,36.832,82.6,99.23,0.11,0.1,0.0,37.66,37.62,37.5,37.36,-0.2999877999999999,37.62,0.09995985,-0.009180069,0.0,4.0,3.0,1598.0,86.0,0.0,0.0,0.0,14.0,6.75,31.0,1.0145897848026109,0.13177220592068872,335.59133362030286,57.94729780091374,1.4416419621473162
138.0,66268.3,52.5543731,-1.4618455,37.116,82.656,99.24,0.12,0.1,0.0,37.709990000000005,37.84,37.709990000000005,37.81999,-0.2999877999999999,37.84,0.1091398999999999,0.01937985,0.0,4.0,3.0,1594.0,86.0,0.0,0.0,0.0,14.0,6.75,31.0,1.0225422652222842,0.13178890633919083,336.61387588552515,58.07908670725293,1.4426193465284332
138.0,66268.4,52.5543745,-1.4618302,37.462,81.60300000000001,99.26,0.13,0.1,0.0,38.12,38.06,38.099990000000005,38.03999,0.0,37.98,0.1091398999999999,0.0,0.0,4.0,3.0,1606.0,86.0,0.0,0.0,0.0,14.0,6.75,31.5,1.029455739704338,0.15196172069865357,337.6433316252295,58.23104842795158,1.4242410295049328
138.0,66268.5,52.55437570000001,-1.4618148,37.987,82.352,99.29,0.15,0.1,0.0,38.48,38.53999,38.42999,38.23999,0.1000061,38.31,0.09995985,-0.02958012,0.0,4.0,3.0,1616.0,86.0,0.0,0.0,0.0,14.0,6.75,31.5,1.0458078499632217,0.14043239135513988,338.68913947519275,58.37148081930672,1.4373135456023702
138.0,66268.6,52.554377,-1.4617994,37.894,82.03299999999999,99.31,0.15,0.1,0.0,38.8,38.75,38.59,38.7,0.0,38.64,0.1091398999999999,0.0,0.0,4.0,3.0,1630.0,86.0,0.0,0.0,0.0,14.0,6.75,31.5,1.0424513743905692,0.14589476778068824,339.7315908495833,58.51737558708741,1.4317459452885082
138.0,66268.7,52.5543782,-1.4617838,38.304,82.307,99.34,0.17,0.1,0.0,39.06,39.11,38.89999,38.81,0.3999939,39.01,0.09995985,-0.009180069,0.0,4.0,3.0,1631.0,86.0,0.0,0.0,0.0,14.0,6.75,31.5,1.0544235337760295,0.14243248021175056,340.7860143833593,58.65980806729916,1.4365281474389728
138.0,66268.8,52.5543796,-1.4617681,38.542,81.8,99.37,0.19,0.1,0.0,39.2,39.31,39.14999,39.17999,0.8000183000000001,39.19,0.1091398999999999,0.009180069,0.0,4.0,3.0,1630.0,86.0,0.0,0.0,0.0,14.1,6.75,31.5,1.0596654303235558,0.1527001211910509,341.84567981368286,58.81250818849021,1.4276793281313616
138.0,66268.9,52.5543809,-1.4617521999999998,39.049,82.152,99.41,0.22,0.1,0.0,39.39,39.53,39.28,39.42,1.300018,39.43,0.09995985,0.02957988,0.0,4.0,3.0,1643.0,86.0,0.0,0.0,0.0,14.0,6.75,32.0,1.0745349750002922,0.14811017962909745,342.92021478868315,58.96061836811931,1.4338228870983816
138.0,66269.0,52.5543823,-1.4617363,39.254,81.47800000000001,99.43,0.22,0.1,0.0,39.62999,39.849990000000005,39.58,39.73,1.700012,39.61,0.09995985,0.0397799,0.0,4.0,3.0,1669.0,86.0,0.0,-0.230011,0.0,14.0,6.75,32.0,1.0783499441110471,0.16158380812459863,343.9985647327942,59.12220217624391,1.42205936793994
138.0,66269.1,52.5543837,-1.4617201999999998,39.517,81.758,99.47,0.24,0.1,0.0,39.89999,40.17999,39.81999,39.94,2.399994,39.96,0.09995985,0.0397799,0.0,4.0,3.0,1693.0,86.0,0.0,0.0,0.0,14.0,6.75,32.0,1.0863568113512938,0.15735937148720186,345.08492154414546,59.27956154773111,1.4269462898455239
138.0,66269.2,52.5543851,-1.4617041,39.748000000000005,81.893,99.49,0.23,0.1,0.0,40.17999,40.53999,40.02,40.23999,2.899994,40.25,0.09995985,0.06936002,0.0,4.0,3.0,1698.0,86.0,0.0,0.0,0.0,14.0,6.75,32.0,1.0930771060535978,0.15570416147458818,346.1779986501991,59.4352657092057,1.4293024843357163
138.0,66269.3,52.5543867,-1.4616879,40.043,80.971,99.53,0.25,0.1,0.0,40.41,40.709990000000005,40.25999,40.61,3.600006,40.52,0.1091398999999999,0.05915999,0.0,4.0,3.0,1691.0,86.0,0.0,-0.230011,0.0,14.0,6.75,32.5,1.0985230168879845,0.17455895934346577,347.2765216670871,59.609824668549166,1.4132105486323285
138.0,66269.4,52.5543883,-1.4616715999999998,40.277,80.71,99.56,0.25,0.1,0.0,40.7,41.03,40.56999,40.89999,4.0,40.75,0.1091398999999999,0.07956004,0.0,4.0,3.0,1692.0,86.0,0.0,0.0,0.0,14.0,6.75,32.5,1.1041311973517396,0.18061054835360335,348.38065286443884,59.79043521690277,1.4086552392846232
138.0,66269.5,52.55439,-1.4616551000000002,40.655,80.445,99.59,0.27,0.1,0.0,41.03,41.44,40.89999,41.17999,4.0,41.1,0.1091398999999999,0.06936002,0.0,4.0,3.0,1711.0,86.0,0.0,0.0,0.0,14.0,6.75,33.0,1.113638375267641,0.1874582805316719,349.4942912397065,59.977893497434444,1.4040301167668383
138.0,66269.6,52.5543917,-1.4616386,40.86,80.312,99.63,0.27,0.1,0.0,41.3,41.67,41.03999,41.50999,4.0,41.38,0.1091398999999999,0.09995985,0.0,4.0,3.0,1722.0,86.0,0.0,0.0,0.0,14.0,6.75,33.0,1.118813465136219,0.19100112625292728,350.6131047048427,60.16889462368737,1.401708828861686
138.0,66269.7,52.5543936,-1.4616219999999998,41.087,79.37899999999999,99.66,0.27,0.1,0.0,41.48999,41.81999,41.28999,41.69,3.800018,41.63,0.1091398999999999,0.06936002,0.0,4.0,3.0,1734.0,86.0,0.0,0.0,0.0,14.0,6.75,33.0,1.1217525506359225,0.21035585630967812,351.73485725547863,60.37925047999705,1.3854249069405786
138.0,66269.8,52.554395500000005,-1.4616053,41.472,79.189,99.69,0.28,0.1,0.0,41.849990000000005,42.06999,41.83,42.05,3.100006,41.84,0.1091398999999999,0.04997993,0.0,4.0,3.0,1741.0,86.0,0.0,0.0,0.0,14.0,6.75,33.5,1.1315534492115438,0.2160805210505061,352.86641070469017,60.595331001047555,1.3821087813617896
138.0,66269.9,52.5543976,-1.4615885,41.677,78.608,99.73,0.3,0.1,0.0,42.14999,42.41,41.95,42.2,2.899994,42.26,0.1091398999999999,0.04997993,0.0,4.0,3.0,1766.0,86.0,0.0,0.0,0.0,14.0,6.75,33.5,1.1348864320955003,0.22866834705108718,354.0012971367857,60.82399934809864,1.3719684184077026
138.0,66270.0,52.5543996,-1.4615717,41.774,78.551,99.76,0.29,0.1,0.0,42.31,42.61,42.12999,42.37999,3.0,42.45,0.1091398999999999,0.04997993,0.0,4.0,3.0,1785.0,86.0,0.0,0.0,0.0,14.1,6.75,33.5,1.1372992124359866,0.2303320968716147,355.1385963492217,61.05433144497025,1.370973580734066
138.0,66270.1,52.5544019,-1.4615547,42.444,77.729,99.79,0.3,0.1,0.0,42.55,42.75999,42.53999,42.84,3.300018,42.67,0.1091398999999999,0.04997993,0.0,4.0,3.0,1790.0,86.0,0.0,0.0,0.0,14.1,6.75,33.5,1.1520637096299058,0.25057974569741315,356.2906600588516,61.30491119066767,1.3566269742826724
138.0,66270.2,52.554404100000006,-1.4615376,42.577,78.153,99.83,0.31,0.1,0.0,42.97,43.23,42.78999,43.03,3.0,43.0,0.09995985,0.05915999,0.0,4.0,3.0,1792.0,86.0,0.0,0.0,0.0,14.1,6.75,34.0,1.1575022371423465,0.24280593059111252,357.44816229599394,61.54771712125878,1.3640271703111284
138.0,66270.3,52.5544064,-1.4615205,42.764,77.355,99.85,0.29,0.1,0.0,43.33,43.599990000000005,43.08,43.25,3.100006,43.36,0.09995985,0.05915999,0.0,4.0,3.0,1809.0,86.0,0.0,0.0,0.0,14.1,6.75,34.0,1.159076800283923,0.26004034954072525,358.60723909627785,61.8077574707995,1.3500994428802138
138.0,66270.4,52.5544089,-1.4615032,43.207,76.788,99.88,0.29,0.1,0.0,43.55,43.77,43.42,43.64,3.0,43.63,0.1091398999999999,0.04997993,0.0,4.0,3.0,1826.0,86.0,0.0,0.0,0.0,14.0,6.75,34.0,1.1684265646966634,0.2743101663928308,359.77566566097454,62.08206763719233,1.3402034260214057
138.0,66270.5,52.5544112,-1.461486,43.168,77.219,99.91,0.29,0.1,0.0,43.8,44.05,43.61,43.84,3.0,43.91,0.09995985,0.0397799,0.0,4.0,3.0,1829.0,86.0,0.0,0.0,0.0,14.0,6.75,34.0,1.169400458057852,0.265273491861153,360.9450661190324,62.34734112905348,1.3477257950975012
138.0,66270.6,52.5544139,-1.4614684999999998,43.816,75.995,99.95,0.31,0.1,0.0,44.14,44.41,43.94,44.14,3.0,44.19,0.09995985,0.0397799,0.0,4.0,3.0,1833.0,86.0,0.0,0.0,0.0,14.0,6.75,34.0,1.1809320097716565,0.2945488840359095,362.12599812880404,62.641890013089395,1.3263629650530908
139.0,66270.7,52.5544164,-1.4614511,43.726000000000006,76.62100000000001,99.98,0.31,0.1,0.0,44.34,44.599990000000005,44.22,44.52,3.100006,44.46,0.1091398999999999,0.04997993,0.0,4.0,3.0,1839.0,86.0,0.0,0.0,0.0,14.0,6.75,34.0,1.1816474800495127,0.2810505010264251,363.30764560885353,62.92294051411582,1.3372887261705755
139.0,66270.8,52.5544192,-1.4614334,44.28,75.751,100.02,0.32,0.1,0.0,44.7,44.87999,44.50999,44.7,2.800018,44.67,0.1091398999999999,0.04997993,0.0,4.0,3.0,1868.0,86.0,0.0,0.0,0.0,14.0,6.75,34.5,1.1921593030658089,0.3027477433667268,364.49980491191934,63.22568825748255,1.3221043616782246
139.0,66270.9,52.5544219,-1.4614158,44.431,75.883,100.04,0.31,0.1,0.0,44.959990000000005,45.2,44.91,44.94,2.5,44.99,0.1091398999999999,0.05915999,0.0,4.0,3.0,1874.0,86.0,0.0,0.0,0.0,14.0,6.75,34.5,1.1969213903200915,0.30102344110010726,365.6967263022394,63.52671169858266,1.324408196290857
139.0,66271.0,52.554424700000006,-1.4613981,44.68,75.37,100.07,0.3,0.1,0.0,45.14999,45.39999,44.98,45.3,2.5,45.16,0.1091398999999999,0.06936002,0.0,4.0,3.0,1887.0,86.0,0.0,0.0,0.0,14.0,6.75,34.5,1.2008706333564394,0.3134748986211831,366.89759693559586,63.84018659720384,1.3154546572281263
139.0,66271.1,52.5544278,-1.4613802,45.256,74.332,100.12,0.33,0.1,0.0,45.52,45.7,45.31,45.5,2.600006,45.5,0.1091398999999999,0.04997993,0.0,4.0,3.0,1899.0,86.0,0.0,0.0,0.0,14.0,6.75,34.5,1.2104002917130072,0.3394988652412254,368.1079972273089,64.17968546244506,1.2973381395924248
139.0,66271.2,52.554430700000005,-1.4613622,45.43899999999999,74.863,100.14,0.31,0.1,0.0,45.98999,46.09,45.72,45.84,2.100006,45.92,0.1091398999999999,0.0397799,0.0,4.0,3.0,1921.0,86.0,0.0,0.0,0.0,14.0,6.75,34.5,1.2184016023619355,0.32959422165488195,369.32639882967084,64.50927968409995,1.306605837920515
139.0,66271.3,52.5544338,-1.4613442,45.544,74.438,100.17,0.32,0.1,0.0,46.25999,46.42999,46.06999,46.16,2.100006,46.19,0.1091398999999999,0.01937985,0.0,4.0,3.0,1921.0,86.0,0.0,0.0,0.0,14.1,6.75,34.5,1.2187330351612768,0.3394052334059859,370.5451318648321,64.84868491750593,1.299188188599539
139.0,66271.4,52.554437,-1.4613261000000002,45.904,73.917,100.2,0.31,0.1,0.0,46.47,46.62999,46.22,46.47,2.399994,46.43,0.1091398999999999,0.0397799,0.0,4.0,3.0,1918.0,86.0,0.0,-0.230011,0.0,14.0,6.75,34.5,1.2252050381709056,0.3532434856011386,371.770336903003,65.20192840310708,1.2900950231966486
139.0,66271.5,52.5544402,-1.4613079,46.29600000000001,73.782,100.23,0.31,0.1,0.0,46.66,46.81999,46.66,46.84,2.600006,46.76,0.1091398999999999,0.0397799,0.0,4.0,3.0,1926.0,86.0,0.0,-0.230011,0.0,14.0,6.75,34.5,1.234824903974455,0.35917051176910153,373.00516180697747,65.56109891487618,1.2877388287064562
139.0,66271.6,52.554443500000005,-1.4612895,46.588,73.694,100.27,0.32,0.1,0.0,47.08,47.31,46.92,47.02,2.300018,46.98,0.1091398999999999,0.04997993,0.0,4.0,3.0,1946.0,86.0,0.0,0.0,0.0,14.0,6.75,34.5,1.2420566503665085,0.3633439763936693,374.247218457344,65.92444289126985,1.2862029389647012
139.0,66271.7,52.5544467,-1.4612711,46.75,73.798,100.29,0.3,0.1,0.0,47.37999,47.50999,47.11,47.349990000000005,2.300018,47.38,0.1091398999999999,0.05915999,0.0,4.0,3.0,1964.0,86.0,0.0,0.0,0.0,14.0,6.75,34.5,1.2470354027012485,0.36234448017179743,375.49425386004526,66.28678737144165,1.2880180813867754
139.0,66271.8,52.5544501,-1.4612527,46.99100000000001,73.165,100.33,0.32,0.1,0.0,47.709990000000005,47.849990000000005,47.5,47.62999,2.300018,47.65,0.1091398999999999,0.04997993,0.0,4.0,3.0,1973.0,86.0,0.0,0.0,0.0,14.0,6.75,30.5,1.249363761370704,0.37803807366169434,376.743617621416,66.66482544510335,1.2769701472216513
139.0,66271.9,52.5544536,-1.4612340999999998,47.394,73.189,100.36,0.32,0.1,0.0,47.94,48.099990000000005,47.67,47.89,2.300018,47.91,0.1091398999999999,0.05915999,0.0,4.0,3.0,1981.0,86.0,0.0,0.0,0.0,14.0,6.75,29.0,1.2602380425297461,0.38075231602814125,378.0038556639457,67.04557776113148,1.2773890262421297
139.0,66272.0,52.55445710000001,-1.4612155000000002,47.581,72.638,100.39,0.31,0.1,0.0,48.11,48.349990000000005,47.91,48.16,2.399994,48.14,0.1091398999999999,0.05915999,0.0,4.0,3.0,2004.0,86.0,0.0,0.0,0.0,14.0,6.75,27.5,1.2614759969240457,0.3944039980271425,379.2653316608698,67.43998175915863,1.2677722620636411
139.0,66272.1,52.5544608,-1.4611967,48.031000000000006,72.062,100.43,0.32,0.1,0.0,48.37,48.58,48.3,48.53,2.5,48.35,0.09995985,0.04997993,0.0,4.0,3.0,2014.0,86.0,0.0,0.0,0.0,14.0,6.75,27.5,1.2693397167706073,0.41091544022479215,380.5346713776404,67.85089719938343,1.2577191655721538
139.0,66272.2,52.5544645,-1.4611778000000002,48.413,72.42699999999999,100.46,0.33,0.1,0.0,48.59,48.81999,48.48,48.66,2.5,48.68,0.08976007,0.04997993,0.0,4.0,3.0,2027.0,86.0,0.0,0.0,0.0,14.0,6.75,27.5,1.2820475824808826,0.40602460332843243,381.81671896012125,68.25692180271186,1.264089617341933
139.0,66272.3,52.5544682,-1.4611589,48.388000000000005,71.844,100.5,0.33,0.1,0.0,48.95,49.19,48.7,48.78,2.5,48.89,0.07956004,0.04997993,0.0,4.0,3.0,2077.0,86.0,0.0,0.0,0.0,14.0,6.75,27.5,1.2771900062708756,0.41883214644311506,383.0939089663921,68.67575394915497,1.253914347802806
139.0,66272.4,52.554472100000005,-1.46114,48.697,71.598,100.54,0.34,0.1,0.0,49.08,49.37999,49.0,49.12999,2.399994,49.16,0.08976007,0.04997993,0.0,4.0,3.0,2080.0,86.0,0.0,-0.230011,0.0,14.0,6.75,27.5,1.2835244043376965,0.4270215023865027,384.3774333707298,69.10277545154148,1.2496208378429001
138.0,66272.5,52.55447589999999,-1.4611209,48.906000000000006,71.93,100.57,0.34,0.1,0.0,49.39999,49.59,49.12,49.39,2.5,49.4,0.08976007,0.06936002,0.0,4.0,3.0,2083.0,86.0,0.0,0.0,0.0,14.0,6.75,26.0,1.2914964313217823,0.4213777614956696,385.6689298020516,69.52415321303714,1.2554153309595213
138.0,66272.6,52.5544801,-1.4611021000000002,48.953,70.414,100.58,0.32,0.1,0.0,49.58,49.78,49.45,49.64,2.5,49.67,0.08976007,0.06936002,0.0,4.0,3.0,2090.0,86.0,0.0,0.0,0.0,14.0,6.75,23.5,1.281126377914641,0.45583588354918503,386.9500561799662,69.97998909658632,1.2289561394992872
138.0,66272.7,52.554484,-1.4610828,49.586000000000006,71.225,100.62,0.32,0.1,0.0,49.8,50.03999,49.7,49.81,2.399994,49.83,0.08976007,0.05915999,0.0,4.0,3.0,2103.0,86.0,0.0,0.0,0.0,14.0,6.75,20.5,1.3040977298803615,0.4433162101203341,388.2541539098466,70.42330530670665,1.2431107597329611
138.0,66272.8,52.5544883,-1.4610637,49.468,70.089,100.66,0.33,0.1,0.0,49.89,50.16,49.87,50.06,2.399994,49.96,0.07956004,0.05915999,0.0,4.0,3.0,2074.0,86.0,0.0,-0.230011,0.0,14.0,6.75,18.5,1.2919705434960123,0.46796737110361786,389.5461244533426,70.89127267781026,1.2232838194303055
138.0,66272.9,52.5544924,-1.4610445,49.86,70.523,100.69,0.33,0.1,0.0,50.05,50.23,49.91,50.16,2.600006,50.06,0.06936002,0.05915999,0.0,4.0,3.0,2049.0,86.0,0.0,0.0,0.0,14.0,6.75,18.5,1.3057439481132613,0.46179837804564994,390.8518684014559,71.35307105585592,1.230858548383961
138.0,66273.0,52.5544967,-1.4610252,49.986,70.168,100.73,0.33,0.1,0.0,50.05,50.25999,50.02,50.16,2.5,50.19,0.0397799,0.05915999,0.0,4.0,3.0,2050.0,86.0,0.0,0.0,0.0,14.0,6.75,18.5,1.3061500578808873,0.4710671675013603,392.15801845933674,71.82413822335728,1.2246626295393812
138.0,66273.1,52.554501,-1.461006,49.957,69.917,100.77,0.34,0.1,0.0,50.23,50.39999,50.05,50.16,2.399994,50.24,0.0397799,0.04997993,0.0,4.0,3.0,2047.0,86.0,0.0,0.0,0.0,14.1,6.75,18.5,1.3033173165680474,0.4765079679038322,393.4613357759048,72.30064619126111,1.2202818531168753
138.0,66273.2,52.5545053,-1.4609868,49.903,69.638,100.8,0.33,0.1,0.0,50.26999,50.48,50.17999,50.28999,1.600006,50.34,0.0397799,0.01937985,0.0,4.0,3.0,2050.0,86.0,0.0,0.0,0.0,14.1,6.75,18.5,1.2995752637766378,0.4823268306745172,394.76091103968145,72.78297302193563,1.2154123845038114
138.0,66273.3,52.5545098,-1.4609676,50.126000000000005,69.256,100.83,0.33,0.1,0.0,50.37,50.39999,50.17999,50.31999,0.8999939,50.4,0.0397799,0.01937985,0.0,4.0,3.0,2034.0,86.0,0.0,0.0,0.0,14.1,6.75,18.5,1.3021235278332242,0.4931745493883417,396.06303456751465,73.27614757132397,1.208745226761193
139.0,66273.4,52.5545142,-1.4609485,50.022,69.173,100.86,0.33,0.1,0.0,50.41,50.48,50.33,50.33,0.6000061,50.47,0.02957988,0.01937985,0.0,4.0,3.0,2047.0,86.0,0.0,0.0,0.0,14.1,6.75,18.5,1.2987076139087024,0.49403318064231777,397.3617421814233,73.7701807519663,1.2072966034820376
138.0,66273.5,52.5545186,-1.4609292,50.195,69.214,100.89,0.33,0.1,0.0,50.5,50.5,50.31999,50.31999,0.8999939,50.55,0.02957988,0.01937985,0.0,4.0,3.0,2036.0,86.0,0.0,0.0,0.0,14.0,6.75,16.0,1.3035535776612983,0.4948091070498965,398.66529575908464,74.2649898590162,1.2080121884753552
138.0,66273.6,52.5545232,-1.4609101,50.144,68.954,100.92,0.33,0.1,0.0,50.48,50.66,50.45,50.459990000000005,0.7000122,50.49,0.02957988,0.02957988,0.0,5.0,3.0,2032.0,86.0,0.0,-0.230011,0.0,14.0,6.75,13.5,1.2999726271639223,0.5002105810702662,399.96526838624857,74.76520044008646,1.20347433242017
138.0,66273.7,52.5545276,-1.4608908,50.299,69.058,100.96,0.33,0.1,0.0,50.39999,50.47,50.349990000000005,50.50999,1.5,50.53,0.01937985,0.04997993,0.0,5.0,3.0,2044.0,86.0,0.0,-0.230011,0.0,14.0,6.75,13.5,1.3048995808442312,0.49938902620999714,401.2701679670928,75.26458946629646,1.2052894748422442
138.0,66273.8,52.5545321,-1.4608716,50.242,68.961,100.99,0.33,0.1,0.0,50.44,50.58,50.39,50.41,1.600006,50.53,0.01937985,0.04997993,0.0,5.0,3.0,2035.0,86.0,0.0,0.0,0.0,14.0,6.75,13.0,1.3025744784668873,0.501029042574886,402.5727424455597,75.76561850887134,1.2035965054678095
138.0,66273.9,52.5545368,-1.4608525,50.191,68.39699999999999,101.02,0.32,0.1,0.0,50.48,50.53999,50.34,50.37999,1.5,50.53,0.009180069,0.0397799,0.0,5.0,3.0,2048.0,86.0,0.0,0.0,0.0,14.0,6.75,12.5,1.296262336386289,0.5133050790573898,403.869004781946,76.27892358792873,1.1937528484865614
138.0,66274.0,52.5545414,-1.4608333,50.378,68.398,101.06,0.34,0.1,0.0,50.42,50.55,50.37,50.39999,1.100006,50.53,0.0,0.0397799,0.0,5.0,3.0,2045.0,86.0,0.0,0.0,0.0,14.0,6.75,12.0,1.3011009006028476,0.5151948260572285,405.17010568254886,76.79411841398596,1.1937703017790815
138.0,66274.1,52.554546,-1.4608142999999998,50.083,68.075,101.09,0.33,0.1,0.0,50.34,50.41,50.19,50.25999,0.8000183000000001,50.47,0.0,0.009180069,0.0,5.0,3.0,2057.0,86.0,0.0,0.0,0.0,14.1,6.75,11.5,1.2905741067141685,0.5194616995814155,406.46067978926305,77.31358011356737,1.1881328882951399
138.0,66274.2,52.5545508,-1.4607954,49.907,67.82600000000001,101.12,0.33,0.1,0.0,50.26999,50.33,50.42999,50.31,0.3999939,50.27,0.0,0.009180069,0.0,5.0,3.0,2076.0,86.0,0.0,0.0,0.0,14.0,6.75,11.0,1.2837770974478466,0.523220276205519,407.7444568867109,77.83680038977289,1.1837870184576742
138.0,66274.3,52.5545553,-1.4607764,49.831,68.236,101.17,0.35,0.1,0.0,50.02,50.02,50.00999,50.05,0.6000061,50.19,0.0,0.009180069,0.0,5.0,3.0,2046.0,86.0,0.0,0.0,0.0,14.1,6.75,11.0,1.2855276537878004,0.5132376753295669,409.02998454049873,78.35003806510245,1.1909428683908507
138.0,66274.4,52.55456,-1.4607575,49.802,67.96,101.21,0.35,0.1,0.0,49.87,49.89999,49.94,49.92999,0.6000061,49.95,0.0,0.009180069,0.0,5.0,3.0,2058.0,86.0,0.0,0.0,0.0,14.1,6.75,11.0,1.2822937394018323,0.5191219353794446,410.31227827990057,78.8691600004819,1.1861257596553463
138.0,66274.5,52.5545647,-1.4607386,49.756,67.873,101.25,0.36,0.1,0.0,49.73,49.81999,49.67,49.69,0.7000122,49.83,0.0,0.01937985,0.0,5.0,3.0,2046.0,86.0,0.0,-0.230011,0.0,14.0,6.75,10.5,1.280320336752534,0.5205871288791803,411.5925986166531,79.38974712936108,1.1846073232061114
138.0,66274.6,52.5545693,-1.4607196999999998,49.766000000000005,67.934,101.29,0.35,0.1,0.0,49.67,49.72,49.599990000000005,49.58,0.6000061,49.66,0.0,0.0397799,0.0,5.0,3.0,1973.0,86.0,0.0,0.0,0.0,14.0,6.75,9.5,1.2811312855985921,0.519328093967538,412.8737299022517,79.90907522332863,1.1856719740498278
138.0,66274.7,52.554574,-1.4607009,49.532,67.715,101.32,0.34,0.1,0.0,49.53,49.56,49.55,49.5,0.2000122,49.7,0.0,0.04997993,0.0,5.0,3.0,1914.0,86.0,0.0,0.0,0.0,14.1,6.75,6.5,1.273122410507987,0.5217562289328548,414.1468523127597,80.43083145226149,1.1818497029879602
138.0,66274.8,52.55457869999999,-1.4606822,49.511,67.48,101.34,0.33,0.1,0.0,49.55,49.55,49.41,49.28999,0.0,49.52,-0.009180069,0.02957988,0.0,5.0,3.0,1846.0,86.0,0.0,0.0,0.0,14.0,6.75,2.0,1.2704328606416355,0.5267501473600993,415.4172851734013,80.95758159962159,1.1777481792457736
138.0,66274.9,52.5545834,-1.4606636,49.388000000000005,67.328,101.37,0.33,0.1,0.0,49.37999,49.34,49.34,49.25999,-0.1000061,49.5,-0.009180069,0.009180069,0.0,5.0,3.0,1740.0,86.0,0.0,0.0,0.0,14.0,6.75,0.0,1.2658783268867646,0.5288016499361136,416.68316350028806,81.4863832495577,1.1750952787827422
138.0,66275.0,52.5545881,-1.460645,49.187,67.309,101.38,0.3,0.1,0.0,49.31999,49.28999,49.17999,49.11,0.2000122,49.3,-0.009180069,0.0,0.0,5.0,3.0,1602.0,86.0,0.0,0.0,0.0,14.0,6.75,0.0,1.2605517239669144,0.5270675690516494,417.94371522425496,82.01345081860936,1.1747636662248633
138.0,66275.1,52.5545928,-1.4606263999999998,49.244,67.65,101.41,0.29,0.1,0.0,49.2,49.12,49.17999,49.09,0.3000183,49.22,-0.01938009,0.009180069,0.0,5.0,3.0,1483.0,86.0,0.0,0.0,0.0,14.1,6.75,0.0,1.2651306518842658,0.5201580971287206,419.2088458761392,82.53360891573807,1.180715238974164
139.0,66275.2,52.554597400000006,-1.4606078000000002,49.07899999999999,67.817,101.43,0.28,0.1,0.0,49.05,49.17,49.02,48.91,0.2000122,49.08,-0.02958012,0.02957988,0.0,5.0,3.0,1439.0,86.0,0.0,-0.230011,0.0,14.1,6.75,0.0,1.2623972933729588,0.5147379056308846,420.47124316951215,83.04834682136895,1.1836299388249945
139.0,66275.3,52.5546019,-1.4605893,48.70399999999999,67.87100000000001,101.44,0.26,0.1,0.0,48.89999,48.91,48.7,48.86,0.3999939,48.9,-0.02958012,0.05915999,0.0,5.0,3.0,1400.0,86.0,0.0,-0.230011,0.0,14.1,6.75,0.0,1.253232506593543,0.5096240085555988,421.72447567610567,83.55797082992456,1.1845724166210716
139.0,66275.4,52.55460660000001,-1.460571,48.614,67.335,101.47,0.26,0.1,0.0,48.67999,48.67999,48.56,48.59,0.6000061,48.71,-0.02958012,0.05915999,0.0,5.0,3.0,1364.0,86.0,0.0,0.0,0.0,14.0,6.75,0.0,1.246103289189457,0.5203621276628266,422.97057896529515,84.07833295758738,1.1752174518303817
139.0,66275.5,52.5546112,-1.4605527,48.409,67.407,101.49,0.26,0.1,0.0,48.5,48.48,48.47,48.37999,0.0,48.57,-0.03978014,0.01937985,0.0,5.0,3.0,1347.0,86.0,0.0,0.0,0.0,14.0,6.75,0.0,1.2414987748589068,0.5166081115735471,424.21207774015403,84.59494106916092,1.1764740888918177
139.0,66275.6,52.5546158,-1.4605346,48.04600000000001,67.233,101.52,0.26,0.1,0.0,48.36,48.31,48.17,48.12999,-0.8999939,48.3,-0.02958012,0.009180069,0.0,5.0,3.0,1354.0,86.0,0.0,4.98999,1.0,13.9,6.75,0.0,1.2306264767479709,0.5164739031433347,425.442704216902,85.11141497230426,1.1734372159933477
139.0,66275.7,52.5546204,-1.4605165,47.804,67.168,101.56,0.28,0.1,0.0,47.97,47.81,47.91,47.92999,-0.7999878,48.05,-0.03978014,0.01937985,0.0,5.0,3.0,1322.0,86.0,0.0,2.850006,1.0,14.0,6.75,0.0,1.2238442507935123,0.5152612454223925,426.66654846769546,85.62667621772665,1.1723027519795515
139.0,66275.8,52.5546251,-1.4604985,47.761,66.998,101.59,0.28,0.1,0.0,47.64999,47.67999,47.84,47.59,-0.6999816999999999,47.8,-0.04997993,0.0,0.0,5.0,3.0,1289.0,86.0,0.0,4.039978,1.0,14.0,6.75,0.0,1.2212105795114019,0.518423446045006,427.8877590472069,86.14509966377166,1.169335692251161
139.0,66275.9,52.5546297,-1.4604806,47.459,67.122,101.62,0.28,0.1,0.0,47.459990000000005,47.28,47.34,47.209990000000005,-0.8999939,47.44,-0.04997993,0.0,0.0,5.0,3.0,1275.0,86.0,0.0,6.179993,1.0,14.0,6.75,0.0,1.214600720144114,0.5125179298659143,429.102359767351,86.65761759363757,1.171499900523634
139.0,66276.0,52.5546342,-1.4604628,47.113,67.181,101.65,0.28,0.1,0.0,46.98,46.75999,47.08,46.849990000000005,-0.8999939,47.04,-0.06936002,-0.009180069,0.0,5.0,3.0,1262.0,86.0,0.0,7.839996000000001,1.0,14.1,6.75,0.0,1.2062689448657486,0.507539536954735,430.3086287122168,87.1651571305923,1.1725296447823106
139.0,66276.1,52.554638800000006,-1.4604451,46.94,67.1,101.69,0.3,0.1,0.0,46.56999,46.48999,46.64999,46.5,-0.2999877999999999,46.61,-0.08976007,0.0,0.0,5.0,3.0,1267.0,86.0,0.0,9.97998,1.0,14.0,6.75,0.0,1.2011234149237486,0.507374394988369,431.50975212714053,87.67253152558068,1.171115928088195
139.0,66276.2,52.5546432,-1.4604275,46.624,67.616,101.72,0.29,0.1,0.0,46.28999,46.099990000000005,46.17999,46.03999,0.0,46.34,-0.1193398999999999,0.0,0.0,5.0,3.0,1263.0,86.0,0.0,10.69,1.0,14.0,6.75,0.0,1.197527613326202,0.49319408496524675,432.70727974046673,88.16572561054593,1.180121827028486
139.0,66276.3,52.5546475,-1.4604102,45.889,67.378,101.74,0.28,0.1,0.0,45.64,45.67,45.5,45.5,0.3999939,45.77,-0.1193398999999999,0.01937985,0.0,5.0,3.0,1257.0,87.0,0.0,11.16998,1.0,14.0,6.75,0.0,1.1766227556648567,0.49031093965887573,433.8839024961316,88.6560365502048,1.1759679434087393
139.0,66276.4,52.5546518,-1.460393,45.497,67.506,101.76,0.27,0.1,0.0,45.099990000000005,45.12999,45.08,45.08,0.6000061,45.24,-0.1193398999999999,0.02957988,0.0,5.0,3.0,1253.0,87.0,0.0,11.16998,1.0,14.0,6.75,0.0,1.16765472584474,0.4835151739765065,435.05155722197634,89.1395517241813,1.178201964851292
139.0,66276.5,52.5546561,-1.460376,45.068000000000005,67.291,101.79,0.28,0.1,0.0,44.61,44.56,44.709990000000005,44.7,0.8999939,44.88,-0.12954,0.01937985,0.0,5.0,3.0,1252.0,87.0,0.0,10.92999,1.0,14.0,6.75,0.0,1.1548392825443268,0.48329289423284694,436.2063965045207,89.62284461841415,1.1744495069595042
139.0,66276.6,52.5546604,-1.4603591,44.575,67.324,101.81,0.26,0.1,0.0,44.17,44.349990000000005,44.06999,44.14999,1.100006,44.31,-0.12954,0.01937985,0.0,5.0,3.0,1240.0,86.0,0.0,8.079987,1.0,14.0,6.75,0.0,1.1424815885225763,0.4773481980064629,437.34887809304325,90.10019281642062,1.1750254656126624
139.0,66276.7,52.5546646,-1.4603426999999998,43.805,67.294,101.83,0.25,0.1,0.0,43.7,43.81999,43.58,43.709990000000005,1.100006,43.9,-0.1193398999999999,0.02957988,0.0,5.0,3.0,1230.0,86.0,0.0,6.649994,1.0,14.0,6.75,0.0,1.1225002927776104,0.4696901667536193,438.47137838582086,90.56988298317424,1.1745018668370641
139.0,66276.8,52.55466880000001,-1.4603262,43.762,67.03,101.85,0.25,0.1,0.0,43.28999,43.23,43.349990000000005,43.36,1.100006,43.52,-0.1091398999999999,0.01937985,0.0,5.0,3.0,1221.0,87.0,0.0,6.889983999999999,1.0,14.0,6.75,0.0,1.1192244717189803,0.47439114174082064,439.59060285753986,91.04427412491506,1.1698941976117991
139.0,66276.9,52.554673,-1.46031,43.042,66.851,101.87,0.24,0.1,0.0,42.89999,43.06,42.81999,42.81999,0.8999939,43.04,-0.09996009,0.009180069,0.0,5.0,3.0,1221.0,87.0,0.0,7.369994999999999,1.0,14.0,6.75,0.0,1.0993472355455163,0.4700229618973705,440.6899500930854,91.51429708681243,1.1667700582507292
139.0,66277.0,52.5546773,-1.4602940000000002,42.656000000000006,66.428,101.89,0.24,0.1,0.0,42.459990000000005,42.61,42.37,42.41,0.7000122,42.59,-0.09996009,0.009180069,0.0,5.0,3.0,1207.0,87.0,0.0,7.369994999999999,1.0,14.0,6.75,0.0,1.086019707271548,0.47383844760653115,441.7759698003569,91.98813553441896,1.1593873155147931
139.0,66277.1,52.5546814,-1.4602782,42.217,66.671,101.91,0.24,0.1,0.0,42.02,41.959990000000005,41.98,41.91,0.6000061,42.15,-0.09996009,0.0,0.0,5.0,3.0,1196.0,87.0,0.0,4.98999,1.0,14.0,6.75,0.0,1.0768220533555115,0.4643991014613227,442.8527918537124,92.45253463588028,1.1636284655971396
139.0,66277.2,52.5546856,-1.4602624,42.023,66.404,101.94,0.24,0.1,0.0,41.62999,41.66,41.72,41.69,0.8000183000000001,41.81,-0.08976007,-0.01938009,0.0,5.0,3.0,1201.0,87.0,0.0,4.039978,1.0,14.0,6.75,0.0,1.0697079282796247,0.46725497130215565,443.92249978199203,92.91978960718244,1.1589684364943145
139.0,66277.3,52.5546897,-1.4602469,41.533,66.441,101.95,0.24,0.1,0.0,41.3,41.45,41.349990000000005,41.22,0.7000122,41.37,-0.07956004,-0.009180069,0.0,5.0,3.0,1198.0,87.0,0.0,3.799988,1.0,14.0,6.75,0.0,1.0575328342092225,0.46112381820004134,444.98003261620124,93.38091342538247,1.1596142083175525
139.0,66277.4,52.5546938,-1.4602314,41.144,66.665,101.98,0.23,0.1,0.0,40.95,41.03999,40.84,40.73999,0.6000061,41.12,-0.07956004,0.0,0.0,5.0,3.0,1195.0,87.0,0.0,4.039978,1.0,14.0,6.75,0.0,1.0494058179215435,0.452705689889243,446.02943843412277,93.83361911527172,1.16352374584202
139.0,66277.5,52.5546978,-1.460216,41.04,66.545,101.98,0.21,0.1,0.0,40.56,40.59,40.64,40.7,0.6000061,40.8,-0.06936002,-0.009180069,0.0,5.0,3.0,1200.0,87.0,0.0,6.649994,1.0,14.0,6.75,0.0,1.0458051838562454,0.4537527051372857,447.075243617979,94.287371820409,1.1614293507396267
139.0,66277.6,52.554701900000005,-1.4602007,40.709,66.258,102.01,0.22,0.1,0.0,40.42,40.28999,40.41,40.33,0.0,40.49,-0.08976007,-0.02958012,0.0,5.0,3.0,1186.0,87.0,0.0,7.600006,1.0,14.1,6.75,0.0,1.035102885334511,0.4552836711847672,448.11034650331356,94.74265549159378,1.1564202557864027
139.0,66277.7,52.5547059,-1.4601857,40.158,66.624,102.01,0.19,0.1,0.0,40.22,40.09,40.08,39.849990000000005,-1.299988,40.15,-0.08976007,-0.04997993,0.0,4.0,3.0,1180.0,87.0,0.0,8.079987,1.0,14.1,6.75,0.0,1.0239407662747984,0.4425896035387396,449.13428726958836,95.18524509513252,1.162808160848702
