No of GPS Satellites Available,Time Since Start of Day (seconds),Latitude (degrees),Longitude (degrees),Velocity (km/hr),Heading (degrees),Height (km),Vertical velocity (km/hr),Sample period (seconds),Steering Angle (degrees),Wheel Speed Front Left (rad/sec),Wheel Speed Front Right (rad/sec),Wheel Speed Rear Left (rad/sec),Wheel Speed Rear Right (rad/sec),Yaw Rate (deg/sec),Indicated Vehicle Speed (km/hr),Indicated Longitudinal Acceleration (g),Indicated Lateral Acceleration (g),Handbrake (0 or 1),Gear Requested (Number fof gear employed 1-5),Gear (Number fof gear employed 1-5),Engine Speed (rev/min),Coolant Temperature (degrees),Clutch Position (0 or 1),Brake Pressure (psi),Brake Position (0 or 1),Battery Voltage (volts),Air Temperature (degrees),Accelerator Pedal Position (0 or 1),dx,dy,x_cum,y_cum,heading_rad,speed_ms
138.0,58873.8,52.2869327,-2.1200387,108.04,343.145,63.34,0.09,0.1,6.0,107.9,107.98,107.82,107.51,1.600006,107.88,0.01937985,0.05915999,0.0,6.0,3.0,2995.0,86.0,0.0,0.0,0.0,13.7,11.25,28.5,-0.8701740405124836,2.872188197255317,-0.8701740405124836,2.872188197255317,5.989010061755942,30.011111111111113
138.0,58873.9,52.2869585,-2.1200517,108.277,342.785,63.34,0.07,0.1,7.700011999999999,107.95,108.14,107.75,107.44,0.6000061,107.99,0.01937985,0.0397799,0.0,6.0,3.0,2981.0,86.0,0.0,0.0,0.0,13.8,11.25,22.0,-0.8901516269918311,2.8729524799595576,-1.7603256675043149,5.7451406772148745,5.982726876448763,30.076944444444443
138.0,58874.0,52.28698429999999,-2.1200649,108.454,342.59,63.34,0.06,0.1,8.299988,108.17,108.01,108.31,107.53,0.2000122,108.09,0.01937985,0.009180069,0.0,6.0,3.0,2946.0,86.0,0.0,0.0,0.0,13.7,11.25,18.5,-0.9013953391044537,2.8745977369765825,-2.6617210066087686,8.619738414191456,5.979323484407373,30.126111111111108
138.0,58874.1,52.2870101,-2.1200780000000004,108.414,342.624,63.34,0.05,0.1,10.79999,108.05,108.09,108.24,107.73,0.1000061,108.06,0.01937985,0.0,0.0,6.0,3.0,2870.0,86.0,0.0,0.0,0.0,13.8,11.25,13.0,-0.8993575364665706,2.874071723461469,-3.561078543075339,11.493810137652925,5.9799168963530525,30.115
137.0,58874.2,52.2870359,-2.1200913,108.605,342.56,63.34,0.05,0.1,12.29999,108.09,108.02,108.25,107.36,-0.6000061,108.06,0.009180069,-0.03978014,0.0,6.0,3.0,2858.0,86.0,0.0,0.0,0.0,13.8,10.5,7.0,-0.9041574552913686,2.8781270048543552,-4.465235998366707,14.371937142507281,5.9787998856317754,30.168055555555554
137.0,58874.3,52.2870617,-2.1201045,108.587,342.565,63.34,0.04,0.1,12.20001,108.2,107.98,108.34,107.54,-1.5,108.07,0.0,-0.06936002,0.0,6.0,3.0,2809.0,86.0,0.0,0.0,0.0,13.8,10.5,0.0,-0.9037564760619508,2.8777288677794846,-5.368992474428659,17.249666010286766,5.978887152094375,30.163055555555555
137.0,58874.4,52.28708759999999,-2.1201176,108.554,342.705,63.34,0.04,0.1,12.79999,108.02,107.99,108.26,107.39,-1.5,107.95,-0.009180069,-0.07956004,0.0,6.0,3.0,2748.0,86.0,0.0,0.0,0.0,13.8,10.5,0.0,-0.8964496497413796,2.879053347319762,-6.265442124170038,20.128719357606528,5.981330613047167,30.15388888888889
137.0,58874.5,52.2871134,-2.1201306000000004,108.479,342.779,63.33,0.03,0.1,13.20001,108.03,107.7,108.05,106.95,-1.399994,107.91,-0.02958012,-0.07956004,0.0,6.0,3.0,2725.0,86.0,0.0,0.0,0.0,13.8,10.5,0.0,-0.892113692210431,2.878218812271341,-7.157555816380469,23.00693816987787,5.982622156693643,30.133055555555554
137.0,58874.6,52.2871392,-2.1201435,108.313,342.891,63.33,0.02,0.1,13.5,107.75,107.47,108.32,107.42,-1.5,107.6,-0.01938009,-0.07956004,0.0,6.0,3.0,2667.0,86.0,0.0,0.0,0.0,13.8,10.5,0.0,-0.8851291942457572,2.8755501333700866,-8.042685010626226,25.882488303247957,5.984576925455877,30.086944444444445
137.0,58874.7,52.2871651,-2.1201564000000004,108.353,343.04400000000004,63.33,0.03,0.1,13.39996,107.48,107.41,107.87,106.78,-1.699982,107.44,-0.02958012,-0.08976007,0.0,6.0,3.0,2623.0,86.0,0.0,0.0,0.0,13.8,10.5,0.0,-0.8777713528066103,2.878966296163458,-8.920456363432836,28.761454599411415,5.987247279211428,30.098055555555554
137.0,58874.8,52.2871909,-2.1201691,108.313,343.106,63.32,0.01,0.1,13.29999,107.41,107.07,107.74,106.92,-1.5,107.42,-0.04997993,-0.08976007,0.0,6.0,3.0,2603.0,86.0,0.0,0.2399902,0.0,13.8,10.5,0.0,-0.8743326070593356,2.8788512904045063,-9.79478897049217,31.64030588981592,5.988329383347664,30.086944444444445
137.0,58874.9,52.2872166,-2.1201817000000003,107.881,343.266,63.3,-0.01,0.1,13.29999,107.2,107.16,107.77,106.69,-1.399994,106.91,-0.04997993,-0.1193398999999999,0.0,6.0,3.0,2628.0,86.0,0.0,2.380005,1.0,13.8,10.5,0.0,-0.8628347927760913,2.8697898379043782,-10.657623763268262,34.5100957277203,5.991121910150856,29.966944444444444
138.0,58875.0,52.2872424,-2.120194,107.867,343.67400000000004,63.3,-0.01,0.1,13.79999,107.1,106.81,106.91,105.74,-0.7999878,107.06,-0.06936002,-0.1193398999999999,0.0,6.0,3.0,2665.0,86.0,0.0,1.6699830000000002,1.0,13.8,10.5,0.0,-0.8422681609448512,2.8754880155047884,-11.499891924213113,37.385583743225084,5.998242853498993,29.963055555555556
138.0,58875.1,52.2872682,-2.120206,107.618,343.93,63.29,-0.02,0.1,14.09998,106.83,106.61,107.25,106.43,-1.0,106.87,-0.05915999,-0.07956004,0.0,6.0,3.0,2642.0,86.0,0.0,1.6699830000000002,1.0,13.8,10.5,0.0,-0.8274973794281419,2.872576198476187,-12.327389303641255,40.25815994170127,6.002710896384098,29.89388888888889
138.0,58875.2,52.28729380000001,-2.1202181,107.057,343.871,63.28,-0.02,0.1,13.70001,106.59,106.45,106.98,106.01,-2.0,106.5,-0.05915999,-0.07956004,0.0,6.0,3.0,2645.0,86.0,0.0,1.6699830000000002,1.0,13.8,11.25,0.0,-0.8261258948166579,2.8567526123496347,-13.153515198457912,43.11491255405091,6.00168115212542,29.738055555555555
137.0,58875.3,52.2873195,-2.1202301,107.089,344.04400000000004,63.29,-0.01,0.1,13.59998,106.36,106.1,106.69,105.79,-1.799988,106.33,-0.05915999,-0.08976007,0.0,6.0,3.0,2644.0,86.0,0.0,1.190002,1.0,13.8,11.25,0.0,-0.8177407619642179,2.8600886496804296,-13.97125596042213,45.97500120373134,6.004700571731372,29.746944444444445
137.0,58875.4,52.2873451,-2.1202417,106.582,344.361,63.29,-0.0,0.1,13.79999,106.13,105.94,106.13,105.48,-1.299988,106.06,-0.06936002,-0.07956004,0.0,6.0,3.0,2621.0,86.0,0.0,0.9499817,1.0,13.8,11.25,0.0,-0.7981078126973977,2.8510072028225295,-14.769363773119528,48.82600840655387,6.010233265460193,29.606111111111108
137.0,58875.5,52.2873707,-2.1202534,106.643,344.431,63.29,-0.0,0.1,14.09998,105.54,105.65,106.34,105.25,-1.399994,105.33,-0.04997993,-0.03978014,0.0,6.0,3.0,2622.0,86.0,0.0,0.2399902,1.0,13.8,11.25,0.0,-0.7950788421565286,2.853612419238174,-15.564442615276056,51.67962082579204,6.011454995936589,29.623055555555556
137.0,58875.6,52.2873963,-2.1202653,106.697,344.139,63.29,-0.0,0.1,13.39996,105.77,105.14,106.04,104.95,-2.5,105.41,-0.04997993,-0.07956004,0.0,6.0,3.0,2622.0,86.0,0.0,0.4799805,1.0,13.8,11.25,0.0,-0.810021450980519,2.8509662607778075,-16.374464066256575,54.53058708656985,6.006358634520766,29.638055555555557
137.0,58875.7,52.287421900000005,-2.1202768,106.65,344.454,63.25,-0.04,0.1,13.20001,105.53,105.55,105.57,104.2,-1.799988,105.4,-0.06936002,-0.09996009,0.0,6.0,3.0,2613.0,86.0,0.0,0.4799805,1.0,13.8,11.25,0.0,-0.793985378117208,2.854118685222476,-17.168449444373785,57.384705771792326,6.0118564216645485,29.625
138.0,58875.8,52.2874473,-2.1202879,105.919,344.85,63.21,-0.08,0.1,13.39996,105.48,105.2,105.7,104.83,-1.100006,105.47,-0.05915999,-0.1091398999999999,0.0,6.0,3.0,2623.0,86.0,0.0,0.9499817,1.0,13.8,11.25,0.0,-0.7689335242240305,2.83993827120312,-17.937382968597817,60.22464404299544,6.018767925502446,29.421944444444442
138.0,58875.9,52.2874729,-2.120299,105.952,345.009,63.19,-0.09,0.1,13.39996,105.4,105.15,105.48,104.69,-1.100006,105.16,-0.05915999,-0.08976007,0.0,6.0,3.0,2614.0,86.0,0.0,0.9499817,1.0,13.8,11.25,0.0,-0.7612866477867894,2.8429466495604934,-18.698669616384606,63.06759069255594,6.021542999013117,29.43111111111111
138.0,58876.0,52.2874983,-2.1203101,105.664,345.038,63.18,-0.09,0.1,13.29999,104.9,104.87,105.32,104.42,-1.299988,104.91,-0.05915999,-0.05915999,0.0,6.0,3.0,2609.0,86.0,0.0,1.190002,1.0,13.8,11.25,0.0,-0.7577821788328127,2.8356028290314734,-19.45645179521742,65.90319352158741,6.0220491444961946,29.35111111111111
138.0,58876.1,52.2875238,-2.120321,105.52,345.287,63.17,-0.09,0.1,13.20001,104.76,104.4,105.25,104.41,-1.5,104.76,-0.05915999,-0.06936002,0.0,6.0,3.0,2592.0,86.0,0.0,1.190002,1.0,13.8,10.5,0.0,-0.7444359912535197,2.8350004233871644,-20.20088778647094,68.73819394497457,6.02639501433366,29.31111111111111
138.0,58876.2,52.2875492,-2.1203318,105.289,345.327,63.16,-0.09,0.1,12.79999,104.65,104.5,104.93,103.89,-1.5,104.52,-0.05915999,-0.07956004,0.0,6.0,3.0,2588.0,86.0,0.0,1.190002,1.0,13.8,10.5,0.0,-0.7408312511764065,2.8293120454705236,-20.941719037647346,71.5675059904451,6.027093146034458,29.246944444444445
138.0,58876.3,52.2875745,-2.1203425,105.102,345.532,63.14,-0.1,0.1,12.59998,104.28,104.19,104.73,103.75,-0.8999939,104.35,-0.05915999,-0.06936002,0.0,6.0,3.0,2592.0,86.0,0.0,1.6699830000000002,1.0,13.8,10.5,0.0,-0.7294056885801388,2.826914853947132,-21.671124726227486,74.39442084439223,6.030671071001047,29.195
138.0,58876.4,52.2875998,-2.120353,104.954,345.649,63.13,-0.11,0.1,12.39996,104.26,104.17,104.54,103.57,-0.6999816999999999,104.22,-0.05915999,-0.05915999,0.0,6.0,3.0,2583.0,86.0,0.0,1.429993,1.0,13.8,10.5,0.0,-0.7226125261324088,2.82441560513557,-22.393737252359895,77.2188364495278,6.03271310622588,29.153888888888886
138.0,58876.5,52.2876252,-2.1203635000000003,104.839,345.732,63.1,-0.13,0.1,12.20001,103.95,103.89,104.4,103.46,-0.8999939,103.95,-0.04997993,-0.04997993,0.0,6.0,3.0,2586.0,86.0,0.0,0.4799805,1.0,13.8,10.5,0.0,-0.7177329594972149,2.8223635274543315,-23.11147021185711,80.04119997698213,6.034161729505036,29.121944444444445
138.0,58876.6,52.2876504,-2.1203739,104.548,345.779,63.09,-0.13,0.1,10.70001,103.99,103.78,104.24,103.46,-1.100006,103.96,-0.05915999,-0.05915999,0.0,6.0,3.0,2572.0,86.0,0.0,0.4799805,1.0,13.8,10.5,0.0,-0.7134317466640943,2.815115714945095,-23.824901958521206,82.85631569192722,6.034982034253472,29.04111111111111
138.0,58876.7,52.2876757,-2.1203841,104.357,345.949,63.06,-0.14,0.1,7.799988000000001,103.69,103.75,104.08,103.08,0.0,103.57,-0.05915999,-0.01938009,0.0,6.0,3.0,2577.0,86.0,0.0,0.7200012,1.0,13.8,10.5,0.0,-0.7037878902874227,2.8120733017481125,-24.52868984880863,85.66838899367534,6.037949093981863,28.988055555555555
138.0,58876.8,52.2877008,-2.1203943,104.076,346.121,63.06,-0.13,0.1,6.799988000000001,103.34,103.4,103.67,103.22,0.6000061,103.45,-0.05915999,0.0,0.0,6.0,3.0,2572.0,86.0,0.0,0.7200012,1.0,13.8,10.5,0.0,-0.6934706463508802,2.806595707017612,-25.22216049515951,88.47498470069294,6.040951060295293,28.909999999999997
138.0,58876.9,52.287726000000006,-2.1204045,103.993,346.04,63.05,-0.13,0.1,6.599976,103.01,103.25,103.7,102.88,0.8999939,103.1,-0.04997993,0.0397799,0.0,6.0,3.0,2555.0,86.0,0.0,0.7200012,1.0,13.8,10.5,0.0,-0.6968814807859056,2.803375072141051,-25.919041975945415,91.278359772834,6.039537343601178,28.886944444444442
138.0,58877.0,52.2877512,-2.1204146,103.928,346.024,63.04,-0.14,0.1,7.0,103.01,102.99,103.28,102.9,0.8000183000000001,103.04,-0.04997993,0.0397799,0.0,6.0,3.0,2551.0,86.0,0.0,0.7200012,1.0,13.8,10.5,0.0,-0.6972282340658515,2.8014282511625272,-26.616270210011265,94.07978802399653,6.039258090920859,28.868888888888886
138.0,58877.1,52.2877762,-2.1204249,103.72,345.88199999999995,63.01,-0.16,0.1,7.0,103.1,103.08,103.32,102.48,0.5,102.82,-0.04997993,0.01937985,0.0,6.0,3.0,2548.0,86.0,0.0,0.2399902,1.0,13.8,10.5,0.0,-0.702759740714318,2.794088398995108,-27.319029950725582,96.87387642299164,6.036779723383026,28.81111111111111
138.0,58877.2,52.2878012,-2.1204352,103.511,345.802,62.99,-0.16,0.1,7.599976,102.81,102.66,102.68,102.27,0.7000122,102.81,-0.05915999,0.009180069,0.0,6.0,3.0,2543.0,86.0,0.0,0.4799805,1.0,13.8,10.5,0.0,-0.7052363885901037,2.7874762194531866,-28.024266339315687,99.66135264244483,6.035383459981432,28.753055555555555
138.0,58877.3,52.2878262,-2.1204454,103.324,345.848,62.96,-0.17,0.1,8.599976,102.45,102.57,102.76,102.0,0.3999939,102.62,-0.05915999,0.02957988,0.0,6.0,3.0,2549.0,86.0,0.0,0.4799805,1.0,13.8,10.5,0.0,-0.7017282157843483,2.7830047253455343,-28.725994555100037,102.44435736779036,6.0361863114373495,28.70111111111111
138.0,58877.4,52.2878511,-2.1204558,103.18,345.676,62.96,-0.15,0.1,8.700012,102.3,102.28,102.77,102.01,-0.2999877999999999,102.42,-0.04997993,0.01937985,0.0,6.0,3.0,2535.0,86.0,0.0,0.4799805,1.0,13.8,10.5,0.0,-0.7090899081907845,2.7770099753757735,-29.43508446329082,105.22136734316614,6.033184345123918,28.66111111111111
138.0,58877.5,52.2878759,-2.1204662,102.895,345.579,62.95,-0.16,0.1,8.700012,102.24,102.07,102.7,101.95,-0.1999817,102.13,-0.05915999,0.009180069,0.0,6.0,3.0,2530.0,86.0,0.0,0.4799805,1.0,13.8,10.5,0.0,-0.7118186773504468,2.7681383008852984,-30.146903140641268,107.98950564405143,6.031491375749484,28.581944444444442
138.0,58877.6,52.2879008,-2.1204765,102.91,345.583,62.94,-0.17,0.1,9.200012,101.99,102.13,102.36,101.66,0.0,102.15,-0.05915999,0.009180069,0.0,6.0,3.0,2541.0,86.0,0.0,0.4799805,1.0,13.8,10.5,0.0,-0.7117291636311984,2.7685915340123284,-30.858632304272465,110.75809717806376,6.031561188919564,28.58611111111111
138.0,58877.7,52.2879256,-2.1204868,102.55,345.56800000000004,62.93,-0.17,0.1,9.599976,102.06,101.93,102.16,101.59,0.0,101.97,-0.05915999,0.0,0.0,6.0,3.0,2521.0,86.0,0.0,0.4799805,1.0,13.8,10.5,0.0,-0.7099616467286367,2.758720667722639,-31.5685939510011,113.5168178457864,6.031299389531766,28.48611111111111
138.0,58877.8,52.2879503,-2.1204972,102.272,345.521,62.93,-0.17,0.1,9.899963,101.6,101.95,101.85,101.05,0.2000122,101.8,-0.04997993,-0.009180069,0.0,6.0,3.0,2520.0,86.0,0.0,0.7200012,1.0,13.7,10.5,0.0,-0.710293649559338,2.750660395324734,-32.27888760056044,116.26747824111114,6.030479084783328,28.40888888888889
138.0,58877.9,52.287975,-2.1205075,102.168,345.599,62.93,-0.15,0.1,10.59998,101.47,101.49,102.1,101.25,0.3000183,101.54,-0.03978014,-0.01938009,0.0,6.0,3.0,2525.0,86.0,0.0,0.4799805,1.0,13.8,10.5,0.0,-0.705829875957714,2.748826692646432,-32.98471747651815,119.01630493375757,6.031840441599883,28.380000000000003
138.0,58878.0,52.2879997,-2.1205178,102.121,345.635,62.94,-0.13,0.1,11.20001,101.34,101.4,101.97,101.04,-0.6000061,101.29,-0.03978014,-0.02958012,0.0,6.0,3.0,2520.0,86.0,0.0,0.4799805,1.0,13.8,10.5,0.0,-0.7037786920571305,2.748004898785359,-33.68849616857528,121.76430983254292,6.032468760130601,28.366944444444442
138.0,58878.1,52.2880243,-2.120528,101.855,345.59,62.92,-0.14,0.1,11.59998,101.26,101.05,101.43,100.83,-0.7999878,101.19,-0.03978014,-0.03978014,0.0,6.0,3.0,2514.0,86.0,0.0,0.4799805,1.0,13.8,10.5,0.0,-0.704097961767571,2.740294872259605,-34.39259413034285,124.50460470480253,6.031683361967203,28.293055555555554
138.0,58878.2,52.2880488,-2.1205382,101.83,345.671,62.9,-0.15,0.1,12.5,101.2,101.12,101.5,100.37,-0.7999878,101.03,-0.04997993,-0.04997993,0.0,6.0,3.0,2504.0,86.0,0.0,0.4799805,1.0,13.8,10.5,0.0,-0.7000513911776625,2.7406146879142743,-35.09264552152051,127.2452193927168,6.033097078661319,28.28611111111111
138.0,58878.3,52.2880734,-2.1205484,101.732,345.666,62.88,-0.16,0.1,12.09998,101.12,100.79,101.14,100.47,-1.299988,101.03,-0.05915999,-0.03978014,0.0,6.0,3.0,2514.0,86.0,0.0,0.4799805,1.0,13.8,10.5,0.0,-0.6996166008308792,2.737916109779028,-35.79226212235139,129.98313550249583,6.033009812198719,28.258888888888887
138.0,58878.4,52.2880979,-2.1205586,101.419,345.67400000000004,62.86,-0.17,0.1,11.39996,100.95,100.86,101.3,100.35,-0.8999939,100.87,-0.04997993,-0.05915999,0.0,6.0,3.0,2507.0,86.0,0.0,0.4799805,1.0,13.8,10.5,0.0,-0.697082966665665,2.729589689933862,-36.48934508901706,132.7127251924297,6.03314943853888,28.171944444444442
138.0,58878.5,52.288122300000005,-2.1205686,101.135,345.952,62.84,-0.17,0.1,9.899963,100.58,100.31,101.19,100.47,0.0,100.6,-0.04997993,-0.04997993,0.0,6.0,3.0,2501.0,86.0,0.0,0.4799805,1.0,13.8,10.5,0.0,-0.6819158953217425,2.7252868502568415,-37.1712609843388,135.43801204268655,6.038001453859423,28.093055555555555
138.0,58878.6,52.2881468,-2.1205784000000003,101.135,346.146,62.84,-0.15,0.1,8.099976,100.37,100.36,101.05,100.22,0.1000061,100.31,-0.04997993,-0.009180069,0.0,6.0,3.0,2495.0,86.0,0.0,0.2399902,1.0,13.8,10.5,0.0,-0.672684349669185,2.727580149177189,-37.843945334007984,138.16559219186374,6.041387392608292,28.093055555555555
138.0,58878.7,52.2881713,-2.1205883,100.976,346.089,62.83,-0.14,0.1,7.399963,100.2,100.32,100.5,99.83,0.6000061,100.24,-0.04997993,0.009180069,0.0,6.0,3.0,2486.0,86.0,0.0,0.0,1.0,13.8,10.5,0.0,-0.6743356855568263,2.722622460459208,-38.51828101956481,140.88821465232294,6.040392554934655,28.04888888888889
138.0,58878.8,52.2881956,-2.1205982,100.706,346.033,62.8,-0.16,0.1,7.399963,100.24,100.24,100.55,99.67999,0.3999939,100.19,-0.04997993,0.01937985,0.0,6.0,3.0,2492.0,86.0,0.0,0.0,0.0,13.8,10.5,0.0,-0.6751861891722992,2.7146838131963,-39.19346720873711,143.60289846551925,6.039415170553538,27.97388888888889
138.0,58878.9,52.28821990000001,-2.1206081,100.681,345.98,62.78,-0.16,0.1,7.299988000000001,99.84,99.98,100.31,99.59999,0.5,99.92,-0.04997993,0.0397799,0.0,6.0,3.0,2485.0,86.0,0.0,0.0,0.0,13.8,10.5,0.0,-0.6775288124799512,2.7133843302867966,-39.87099602121706,146.31628279580605,6.038490146049981,27.966944444444444
138.0,58879.0,52.2882443,-2.1206181,100.562,345.856,62.77,-0.15,0.1,7.299988000000001,99.84,99.84,100.2,99.61,0.8000183000000001,99.89,-0.04997993,0.02957988,0.0,6.0,3.0,2484.0,86.0,0.0,0.0,0.0,13.8,10.5,0.0,-0.6825918052836373,2.7087063170317167,-40.553587826500696,149.02498911283777,6.036325937777509,27.933888888888887
138.0,58879.1,52.2882685,-2.1206281,100.289,345.789,62.75,-0.15,0.1,7.299988000000001,99.67999,99.67999,99.98,99.48,0.8000183000000001,99.77,-0.04997993,0.01937985,0.0,6.0,3.0,2470.0,86.0,0.0,0.0,0.0,13.8,10.5,0.0,-0.6838971603393286,2.700554992486545,-41.23748498684002,151.72554410532433,6.035156567178672,27.858055555555556
138.0,58879.2,52.28829270000001,-2.1206381000000003,100.213,345.855,62.73,-0.15,0.1,7.399963,99.51999,99.44,99.84999,99.31,0.7000122,99.6,-0.04997993,0.02957988,0.0,6.0,3.0,2464.0,86.0,0.0,0.0,0.0,13.8,10.5,0.0,-0.6802699849505291,2.6992938905584682,-41.91775497179055,154.4248379958828,6.036308484484989,27.83694444444444
138.0,58879.3,52.288316900000005,-2.1206482,100.062,345.658,62.72,-0.15,0.1,7.599976,99.31999,99.28999,99.56999,99.22,0.3999939,99.37,-0.04997993,0.02957988,0.0,6.0,3.0,2472.0,86.0,0.0,0.0,0.0,13.8,10.5,0.0,-0.6885079213238011,2.6928752463258263,-42.606262893114355,157.11771324220862,6.03287018585856,27.794999999999998
138.0,58879.4,52.288341,-2.1206583,99.788,345.56199999999995,62.7,-0.15,0.1,7.700011999999999,99.26999,99.20999,99.59,98.86,0.3999939,99.22,-0.04997993,0.0397799,0.0,6.0,3.0,2466.0,86.0,0.0,0.0,0.0,13.8,10.5,4.5,-0.6911212133135626,2.6843471237628096,-43.29738410642792,159.80206036597144,6.031194669776644,27.718888888888888
138.0,58879.5,52.28836509999999,-2.1206685000000003,99.817,345.466,62.69,-0.15,0.1,7.899963,99.03999,99.06,99.14,98.81,0.5,99.1,-0.04997993,0.01937985,0.0,6.0,3.0,2500.0,86.0,0.0,0.0,0.0,13.8,10.5,9.5,-0.6958200656414203,2.6839651485263096,-43.99320417206934,162.48602551449775,6.02951915369473,27.72694444444444
138.0,58879.6,52.2883891,-2.1206786,99.637,345.475,62.67,-0.15,0.1,8.5,99.06999,99.11,99.45,98.62999,0.7000122,99.23,-0.01938009,0.0,0.0,6.0,3.0,2449.0,86.0,0.0,0.0,0.0,13.8,10.5,10.0,-0.6941444487276331,2.6792342230774175,-44.687348620796975,165.16525973757518,6.02967623332741,27.676944444444445
138.0,58879.7,52.2884131,-2.1206887,99.529,345.469,62.64,-0.17,0.1,9.399963,99.28,99.11,99.33,98.67999,0.3000183,99.02,-0.01938009,0.01937985,0.0,6.0,3.0,2451.0,86.0,0.0,0.0,0.0,13.8,10.5,10.0,-0.6936723023158042,2.676257481660139,-45.38102092311278,167.84151721923533,6.02957151357229,27.646944444444443
138.0,58879.8,52.2884371,-2.1206991,99.41,345.22,62.63,-0.16,0.1,10.20001,99.12,99.12999,98.98,98.42999,-0.3999939,99.07999,-0.01938009,-0.009180069,0.0,6.0,3.0,2458.0,86.0,0.0,0.0,0.0,13.8,10.5,10.0,-0.7044531073147069,2.6700214259952424,-46.085474030427484,170.51153864523056,6.025225643734825,27.613888888888887
138.0,58879.9,52.2884611,-2.1207092,99.36,345.43,62.61,-0.16,0.1,10.59998,98.94,98.89999,99.08,98.40999,-0.2999877999999999,99.07999,-0.01938009,-0.02958012,0.0,6.0,3.0,2450.0,86.0,0.0,0.0,0.0,13.8,10.5,10.0,-0.6943128653587105,2.6712412180477783,-46.779786895786195,173.18277986327834,6.028890835164012,27.599999999999998
138.0,58880.0,52.2884851,-2.1207194,99.32,345.405,62.59,-0.15,0.1,11.29999,98.98999,98.86,99.47,98.59,-0.3999939,98.82999,0.0,-0.01938009,0.0,6.0,3.0,2452.0,86.0,0.0,0.0,0.0,13.8,10.5,10.0,-0.6951983648553719,2.6698627557867063,-47.47498526064157,175.85264261906505,6.028454502851013,27.588888888888885
138.0,58880.1,52.288509,-2.1207298,99.169,345.282,62.6,-0.12,0.1,11.39996,98.8,98.73,99.23999,98.39,-0.7999878,98.75999,-0.009180069,-0.02958012,0.0,6.0,3.0,2447.0,86.0,0.0,0.0,0.0,13.8,10.5,10.0,-0.6998626515498999,2.664307368007421,-48.17484791219147,178.51694998707248,6.02630774787106,27.546944444444442
138.0,58880.2,52.288533,-2.1207399,99.418,345.427,62.58,-0.13,0.1,12.09998,98.87999,98.70999,99.22,98.34,-0.6999816999999999,98.75999,-0.009180069,-0.03978014,0.0,6.0,3.0,2456.0,86.0,0.0,0.0,0.0,13.8,10.5,10.0,-0.6948581072663385,2.6727641384489185,-48.86970601945781,181.1897141255214,6.028838475286453,27.616111111111113
138.0,58880.3,52.288557,-2.12075,99.414,345.611,62.57,-0.13,0.1,13.20001,98.92999,98.84999,99.14,98.17999,-1.0,98.92,-0.009180069,-0.04997993,0.0,6.0,3.0,2451.0,86.0,0.0,0.0,0.0,13.7,10.5,9.5,-0.6862435970757657,2.6748741980647455,-49.555949616533574,183.86458832358613,6.032049881110122,27.615
138.0,58880.4,52.288581,-2.12076,99.263,345.477,62.54,-0.15,0.1,13.20001,98.97,98.73999,98.89,97.97,-1.399994,98.89,-0.009180069,-0.05915999,0.0,6.0,3.0,2459.0,86.0,0.0,0.0,0.0,13.8,10.5,9.5,-0.6914457180238274,2.669201518380365,-50.2473953345574,186.5337898419665,6.0297111399124494,27.573055555555555
138.0,58880.5,52.288605,-2.12077,99.18,345.699,62.52,-0.15,0.1,12.89996,98.89,98.72,99.12999,98.53999,-1.299988,98.8,-0.009180069,-0.06936002,0.0,6.0,3.0,2460.0,86.0,0.0,0.0,0.0,13.8,10.5,9.5,-0.6805288739263808,2.6696264629630293,-50.92792420848379,189.20341630492953,6.033585770851878,27.55
138.0,58880.6,52.288629,-2.1207797000000004,99.162,345.949,62.55,-0.12,0.1,12.89996,98.81,98.67999,99.15999,98.17,-1.100006,98.74,-0.009180069,-0.06936002,0.0,6.0,3.0,2446.0,86.0,0.0,0.0,0.0,13.8,10.5,9.5,-0.6687525971107009,2.6720853679958836,-51.59667680559449,191.87550167292542,6.037949093981863,27.545
138.0,58880.7,52.288653,-2.1207894,99.144,345.956,62.53,-0.13,0.1,13.29999,98.76999,98.59,99.12,98.45999,-1.199982,98.7,-0.009180069,-0.06936002,0.0,6.0,3.0,2445.0,86.0,0.0,0.0,0.0,13.8,10.5,9.5,-0.668304801828658,2.6716819967677212,-52.26498160742315,194.54718366969314,6.038071267029503,27.54
138.0,58880.8,52.288677,-2.1207992,99.025,346.019,62.52,-0.12,0.1,13.59998,98.73,98.62999,99.14,98.05,-1.299988,98.64,-0.009180069,-0.06936002,0.0,6.0,3.0,2441.0,86.0,0.0,0.0,0.0,13.8,10.5,9.5,-0.6645681080156356,2.6692075896239413,-52.92954971543879,197.21639125931708,6.039170824458259,27.506944444444446
138.0,58880.9,52.2887009,-2.1208087,98.942,346.231,62.51,-0.12,0.1,13.5,98.76999,98.51999,98.98,98.20999,-1.600006,98.67,-0.009180069,-0.07956004,0.0,6.0,3.0,2447.0,86.0,0.0,0.0,0.0,13.8,10.5,9.5,-0.6541385110047501,2.6694089782175356,-53.58368822644354,199.88580023753462,6.0428709224724875,27.483888888888885
138.0,58881.0,52.288725,-2.1208182,99.187,346.278,62.5,-0.12,0.1,13.29999,98.67999,98.48999,98.81999,97.75,-1.399994,98.6,-0.009180069,-0.06936002,0.0,6.0,3.0,2442.0,86.0,0.0,0.0,0.0,13.8,10.5,9.5,-0.6535629161464134,2.6765559850927327,-54.237251142589955,202.56235622262736,6.043691227220925,27.551944444444445
138.0,58881.1,52.288749,-2.1208276,98.863,346.517,62.49,-0.12,0.1,12.09998,98.5,98.12,99.03,98.23999,-1.199982,98.53,-0.009180069,-0.06936002,0.0,6.0,3.0,2452.0,86.0,0.0,0.0,0.0,13.8,10.5,0.0,-0.6402940341294936,2.670506969950783,-54.87754517671945,205.23286319257815,6.047862564133191,27.461944444444445
138.0,58881.2,52.288773,-2.1208369,99.162,346.533,62.47,-0.13,0.1,10.59998,98.70999,98.53999,98.90999,98.11,-1.0,98.61,-0.009180069,-0.06936002,0.0,6.0,3.0,2452.0,86.0,0.0,0.0,0.0,13.8,10.5,0.0,-0.6414825045778697,2.678762857425141,-55.519027681297324,207.9116260500033,6.04814181681351,27.545
138.0,58881.3,52.288797,-2.120846,98.752,346.835,62.46,-0.13,0.1,10.20001,98.37999,98.42,98.75,98.19,-0.3999939,98.39,-0.009180069,-0.02958012,0.0,6.0,3.0,2435.0,86.0,0.0,0.0,0.0,13.8,10.5,0.0,-0.6247602941126833,2.6710172486903687,-56.14378797541001,210.58264329869365,6.053412711154532,27.431111111111107
138.0,58881.4,52.288821,-2.1208552000000003,98.914,346.806,62.45,-0.13,0.1,10.09998,98.40999,98.34999,98.64999,97.7,-0.1999817,98.36,-0.01938009,-0.009180069,0.0,6.0,3.0,2446.0,86.0,0.0,3.799988,1.0,13.7,10.5,0.0,-0.6271392574656651,2.6750818996147854,-56.77092723287567,213.25772519830844,6.052906565671454,27.47611111111111
138.0,58881.5,52.288845,-2.1208642,98.795,346.98900000000003,62.43,-0.14,0.1,10.0,98.31,98.19,98.59,97.98999,-0.3999939,98.23,-0.01938009,-0.02958012,0.0,6.0,3.0,2431.0,86.0,0.0,1.429993,1.0,13.7,10.5,0.0,-0.6178477820132601,2.673850612976421,-57.38877501488893,215.93157581128486,6.056100518202605,27.443055555555556
138.0,58881.6,52.288869,-2.1208734,98.716,346.82,62.42,-0.12,0.1,9.899963,98.34,98.28,98.36,97.44,-0.3999939,98.22,-0.03978014,-0.03978014,0.0,6.0,3.0,2438.0,86.0,0.0,1.429993,1.0,13.8,10.5,0.0,-0.6252315323619468,2.6698799367423516,-58.01400654725087,218.6014557480272,6.053150911766734,27.42111111111111
138.0,58881.7,52.288893,-2.1208823,98.575,347.124,62.41,-0.13,0.1,9.899963,97.98999,97.89,98.2,97.64999,0.0,98.03,-0.03978014,-0.009180069,0.0,6.0,3.0,2421.0,86.0,0.0,2.619995,1.0,13.8,10.5,0.0,-0.6101841497880529,2.669341514106775,-58.62419069703893,221.27079726213398,6.058456712692797,27.381944444444443
138.0,58881.8,52.2889169,-2.1208912,98.46,347.11400000000003,62.4,-0.12,0.1,9.899963,97.8,97.72,98.26999,97.45,-0.2999877999999999,97.75999,-0.04997993,0.0,0.0,6.0,3.0,2437.0,86.0,0.0,5.22998,1.0,13.8,10.5,0.0,-0.6099376292532102,2.666120981579976,-59.23412832629214,223.93691824371396,6.058282179767597,27.349999999999998
138.0,58881.9,52.2889408,-2.1209003,98.194,346.897,62.4,-0.11,0.1,9.599976,97.12,96.76999,97.89999,97.36,-0.1999817,97.18999,-0.05915999,0.0,0.0,6.0,3.0,2403.0,86.0,0.0,7.839996000000001,1.0,13.8,10.5,0.0,-0.6183557243646648,2.656595296917135,-59.8524840506568,226.5935135406311,6.054494815290769,27.27611111111111
138.0,58882.0,52.2889646,-2.1209091,98.258,347.173,62.37,-0.13,0.1,9.299988,97.25,97.22,98.06,97.42,-0.1999817,97.06,-0.06936002,0.0,0.0,6.0,3.0,2412.0,86.0,0.0,8.789978,1.0,13.8,10.5,0.0,-0.6059461720210387,2.6612765627426196,-60.45843022267784,229.25479010337372,6.059311924026273,27.293888888888887
138.0,58882.1,52.2889884,-2.120918,97.819,346.985,62.35,-0.13,0.1,8.899963,96.73999,96.72,96.92999,96.31,0.0,96.75999,-0.1091398999999999,0.0,0.0,6.0,3.0,2398.0,86.0,0.0,11.16998,1.0,13.8,10.5,0.0,-0.6119288619158532,2.6473928149925396,-61.07035908459369,231.90218291836626,6.056030705032525,27.171944444444446
138.0,58882.2,52.289012,-2.1209268000000003,97.214,347.148,62.34,-0.14,0.1,8.799988,96.42,96.34,96.65999,95.89999,0.0,96.39,-0.12954,0.009180069,0.0,6.0,3.0,2385.0,86.0,0.0,12.12,1.0,13.7,10.5,0.0,-0.6006567459722203,2.6327384269525584,-61.67101583056591,234.53492134531882,6.058875591713275,27.003888888888888
138.0,58882.3,52.2890356,-2.1209355,96.995,347.172,62.32,-0.14,0.1,9.0,95.81,95.73,96.14,95.62,0.0,96.02,-0.12954,0.01937985,0.0,6.0,3.0,2372.0,86.0,0.0,12.35001,1.0,13.7,10.5,0.0,-0.5982032422164689,2.627058299257791,-62.269219072782384,237.1619796445766,6.059294470733755,26.943055555555556
138.0,58882.4,52.2890591,-2.1209443,96.761,347.06699999999995,62.3,-0.14,0.1,9.0,95.51999,95.50999,95.98,95.34999,-0.1000061,95.49,-0.13974,0.01937985,0.0,6.0,3.0,2374.0,86.0,0.0,12.35001,1.0,13.7,10.5,0.0,-0.6015617960411016,2.6196225128859907,-62.87078086882349,239.7816021574626,6.0574618750191584,26.878055555555555
138.0,58882.5,52.2890824,-2.120953,95.872,347.026,62.3,-0.13,0.1,9.0,95.12,94.83,95.14,94.53,-0.1000061,95.09,-0.13974,0.009180069,0.0,6.0,3.0,2359.0,86.0,0.0,12.59,1.0,13.8,10.5,0.0,-0.5978920824532267,2.5951273278710625,-63.468672951276716,242.37672948533367,6.056746290025842,26.63111111111111
138.0,58882.6,52.2891056,-2.1209616,95.659,347.122,62.29,-0.14,0.1,9.0,94.5,94.45,94.92999,94.33,0.1000061,94.6,-0.13974,0.0,0.0,6.0,3.0,2342.0,86.0,0.0,12.59,1.0,13.8,10.5,0.0,-0.5922243857440773,2.590357618653546,-64.06089733702079,244.9670871039872,6.058421806107757,26.571944444444444
138.0,58882.7,52.2891288,-2.1209702000000004,95.256,347.207,62.27,-0.14,0.1,9.5,94.19,94.09,94.42999,93.65999,0.0,94.16,-0.13974,0.0,0.0,6.0,3.0,2339.0,86.0,0.0,12.82999,1.0,13.8,10.5,0.0,-0.5859020839081801,2.5803167921927828,-64.64679942092897,247.54740389618,6.059905335971951,26.46
138.0,58882.8,52.2891518,-2.1209787,94.622,347.107,62.26,-0.14,0.1,10.59998,93.56,93.51999,93.87999,93.25,-0.3999939,93.72,-0.13974,0.0,0.0,6.0,3.0,2317.0,86.0,0.0,12.82999,1.0,13.8,10.5,0.0,-0.5864751063488403,2.5621231627046512,-65.23327452727781,250.10952705888462,6.058160006719958,26.28388888888889
138.0,58882.9,52.2891746,-2.1209873,94.259,347.031,62.24,-0.14,0.1,11.29999,93.23,93.0,93.55,92.59999,-1.0,93.1,-0.13974,-0.009180069,0.0,6.0,3.0,2301.0,86.0,0.0,13.29999,1.0,13.7,10.5,0.0,-0.5876101779204878,2.551516854942828,-65.8208847051983,252.66104391382746,6.056833556488442,26.183055555555555
138.0,58883.0,52.289197400000006,-2.1209958,93.845,347.096,62.22,-0.14,0.1,11.20001,92.84,92.45999,93.06999,92.23,-1.100006,92.82,-0.14994,-0.01938009,0.0,6.0,3.0,2296.0,86.0,0.0,13.07001,1.0,13.7,10.5,0.0,-0.5821470374429104,2.540972261019736,-66.4030317426412,255.2020161748472,6.057968020502238,26.068055555555553
138.0,58883.1,52.2892201,-2.1210042,93.42,347.186,62.19,-0.16,0.1,11.20001,92.23,92.20999,92.76999,91.95,-0.6999816999999999,92.32,-0.13974,-0.02958012,0.0,6.0,3.0,2275.0,86.0,0.0,12.82999,1.0,13.8,10.5,0.0,-0.5755366550202269,2.53037201982794,-66.97856839766143,257.73238819467514,6.059538816829033,25.95
138.0,58883.2,52.2892426,-2.1210125,92.75,347.281,62.17,-0.16,0.1,12.0,91.90999,91.69,92.12,91.25999,-0.8999939,91.77,-0.14994,-0.02958012,0.0,6.0,3.0,2249.0,86.0,0.0,13.539979999999998,1.0,13.7,10.5,0.0,-0.5672427475319541,2.513168393117048,-67.54581114519338,260.2455565877922,6.061196879618428,25.76388888888889
138.0,58883.3,52.2892651,-2.1210207,92.43,347.374,62.15,-0.16,0.1,12.0,91.25,91.17,91.67,90.86,-1.0,91.3,-0.14994,-0.03978014,0.0,6.0,3.0,2225.0,86.0,0.0,13.29999,1.0,13.8,10.5,0.0,-0.5612197498730391,2.5054118708013746,-68.10703089506642,262.75096845859355,6.062820035822782,25.675
138.0,58883.4,52.289287400000006,-2.1210287,91.742,347.51300000000003,62.14,-0.16,0.1,12.0,90.75,90.58,91.34999,90.47,-1.100006,90.88,-0.13974,-0.03978014,0.0,6.0,3.0,2197.0,86.0,0.0,13.07001,1.0,13.7,10.5,0.0,-0.5510077878967576,2.4881069805555924,-68.65803868296317,265.23907543914913,6.065246043483055,25.483888888888888
138.0,58883.5,52.2893097,-2.1210367,91.418,347.605,62.12,-0.16,0.1,12.09998,90.40999,90.08,90.73999,89.78999,-1.0,90.37,-0.14994,-0.02958012,0.0,6.0,3.0,2187.0,86.0,0.0,13.07001,1.0,13.7,10.5,0.0,-0.5450800678028308,2.480198308340768,-69.203118750766,267.7192737474899,6.06685174639489,25.39388888888889
138.0,58883.6,52.2893318,-2.1210445,90.778,347.676,62.11,-0.15,0.1,12.09998,89.78999,89.67,90.26999,89.40999000000001,-1.100006,89.87,-0.13974,-0.03978014,0.0,6.0,3.0,2162.0,86.0,0.0,13.07001,1.0,13.7,10.5,0.0,-0.5382117462588353,2.4635037470781382,-69.74133049702483,270.1827774945681,6.068090930163805,25.21611111111111
138.0,58883.7,52.2893538,-2.1210523,90.454,347.78,62.09,-0.17,0.1,12.09998,89.48,89.31999,89.75,88.92999,-1.199982,89.38,-0.14994,-0.02958012,0.0,6.0,3.0,2157.0,86.0,0.0,10.92999,1.0,13.8,10.5,0.0,-0.5318342582271026,2.4556805405946105,-70.27316475525194,272.63845803516267,6.069906072585879,25.126111111111108
138.0,58883.8,52.28937570000001,-2.1210599,89.971,347.931,62.06,-0.17,0.1,12.89996,89.00999,88.7,89.28,88.39999,-1.100006,89.06,-0.13974,-0.03978014,0.0,6.0,3.0,2145.0,86.0,0.0,10.22,1.0,13.8,10.5,0.0,-0.5225553183052404,2.4439535205181144,-70.79572007355718,275.0824115556808,6.07254151975639,24.991944444444446
138.0,58883.9,52.2893975,-2.1210674,89.38799999999999,348.06699999999995,62.04,-0.17,0.1,13.70001,88.37999,88.31999,89.03999,88.23999,-1.399994,88.42,-0.13974,-0.04997993,0.0,6.0,3.0,2127.0,86.0,0.0,10.22,1.0,13.8,10.5,0.0,-0.5134042782598902,2.429342513328337,-71.30912435181706,277.5117540690091,6.074915167539102,24.83
138.0,58884.0,52.2894192,-2.1210749,89.161,348.082,62.02,-0.17,0.1,13.79999,88.14999,87.90999000000001,88.42999,87.62,-1.699982,88.1,-0.13974,-0.05915999,0.0,6.0,3.0,2122.0,86.0,0.0,10.92999,1.0,13.8,10.5,0.0,-0.5114660900316096,2.423307205017505,-71.82059044184867,279.9350612740266,6.075176966926902,24.766944444444444
138.0,58884.1,52.2894408,-2.1210821,88.51,348.36300000000006,62.0,-0.17,0.1,13.70001,87.62,87.34999,87.86,86.98999,-1.699982,87.75,-0.13974,-0.05915999,0.0,6.0,3.0,2114.0,86.0,0.0,10.22,1.0,13.8,10.5,0.0,-0.495927581305888,2.4080748389074427,-72.31651802315456,282.3431361129341,6.080081342125007,24.586111111111112
138.0,58884.2,52.2894623,-2.1210892,88.081,348.476,61.98,-0.18,0.1,13.5,87.08,87.01999,87.73,86.81999,-1.699982,87.15,-0.12954,-0.04997993,0.0,6.0,3.0,2114.0,86.0,0.0,8.549988,1.0,13.8,10.5,0.0,-0.48879666914056846,2.397371794426637,-72.80531469229513,284.7405079073607,6.08205356417976,24.466944444444444
138.0,58884.3,52.2894836,-2.1210961,87.37200000000001,348.685,61.96,-0.17,0.1,13.09998,86.76999,86.61,87.20999,86.53999,-1.600006,86.75,-0.1193398999999999,-0.03978014,0.0,6.0,3.0,2095.0,86.0,0.0,6.179993,1.0,13.8,10.5,0.0,-0.47618434569026946,2.3798271930792647,-73.2814990379854,287.12033510044,6.085701302316428,24.270000000000003
138.0,58884.4,52.289505,-2.121103,87.43,348.80300000000005,61.94,-0.17,0.1,13.0,86.56,86.26999,86.81,85.95,-1.600006,86.38,-0.1091398999999999,-0.04997993,0.0,6.0,3.0,2084.0,86.0,0.0,5.470001,1.0,13.8,10.5,0.0,-0.47159496288165004,2.382383285702996,-73.75309400086705,289.502718386143,6.087760790833782,24.28611111111111
138.0,58884.5,52.289526300000006,-2.1211098,86.82799999999999,348.895,61.92,-0.18,0.1,12.70001,86.09,86.06,86.56,85.8,-1.600006,86.13,-0.09996009,-0.04997993,0.0,6.0,3.0,2082.0,86.0,0.0,5.22998,1.0,13.8,10.5,0.0,-0.46454812970987186,2.3667283425709713,-74.21764213057692,291.86944672871397,6.089366493745616,24.118888888888886
138.0,58884.6,52.2895474,-2.1211164,86.71700000000001,349.02,61.88,-0.21,0.1,12.70001,86.06,85.86,86.22,85.53,-1.600006,85.98,-0.09996009,-0.03978014,0.0,6.0,3.0,2075.0,86.0,0.0,5.22998,1.0,13.8,10.5,0.0,-0.45879635681597675,2.364709307176613,-74.6764384873929,294.2341560358906,6.091548155310608,24.08805555555556
138.0,58884.7,52.2895685,-2.1211229,86.303,349.249,61.85,-0.22,0.1,12.70001,85.95999,85.62999,85.97,85.20999,-1.699982,85.87,-0.09996009,-0.03978014,0.0,6.0,3.0,2060.0,86.0,0.0,4.75,1.0,13.7,10.5,0.0,-0.44719621428467954,2.35522599183751,-75.12363470167757,296.5893820277281,6.095544959297676,23.973055555555554
137.0,58884.8,52.2895896,-2.1211293,85.838,349.472,61.83,-0.21,0.1,12.70001,85.19,85.0,85.72,84.95,-1.600006,85.23,-0.07956004,-0.04997993,0.0,6.0,3.0,2063.0,86.0,0.0,5.22998,1.0,13.7,10.5,0.0,-0.435666030520481,2.34424944988952,-75.55930073219805,298.9336314776176,6.099437043529623,23.843888888888888
137.0,58884.9,52.2896106,-2.1211355,85.831,349.641,61.81,-0.2,0.1,12.70001,84.95,84.87,85.58,84.90999000000001,-1.399994,85.02,-0.08976007,-0.03978014,0.0,6.0,3.0,2061.0,86.0,0.0,5.699982,1.0,13.7,10.5,0.0,-0.42871456801722974,2.3453330185902286,-75.98801530021528,301.27896449620783,6.102386649965494,23.841944444444444
137.0,58885.0,52.2896316,-2.1211418,85.525,349.639,61.79,-0.2,0.1,12.70001,84.87999,84.70999,85.09,84.51999,-1.5,84.75999,-0.08976007,-0.02958012,0.0,6.0,3.0,2050.0,86.0,0.0,6.419983,1.0,13.7,10.5,0.0,-0.4272677136577187,2.336956652193169,-76.415283013873,303.615921148401,6.102351743380454,23.756944444444446
137.0,58885.1,52.2896525,-2.1211477000000003,85.09299999999999,350.033,61.77,-0.21,0.1,12.89996,84.45999,84.28,84.73999,84.00999,-1.399994,84.58,-0.08976007,-0.03978014,0.0,6.0,3.0,2057.0,86.0,0.0,8.079987,1.0,13.8,10.5,0.0,-0.4091104571427021,2.3280206314708685,-76.8243934710157,305.94394177987186,6.109228340633312,23.636944444444442
137.0,58885.2,52.2896733,-2.1211536,84.838,350.116,61.75,-0.2,0.1,13.89996,83.98999,83.87999,84.59,83.61,-1.799988,84.08,-0.09996009,-0.03978014,0.0,6.0,3.0,2055.0,86.0,0.0,11.63998,1.0,13.8,10.5,0.0,-0.40452172168606765,2.321632637971926,-77.22891519270176,308.26557441784377,6.110676963912467,23.56611111111111
137.0,58885.3,52.289694100000006,-2.1211595,84.506,350.106,61.73,-0.2,0.1,14.59998,83.62999,83.31999,83.95999,83.26999,-2.0,83.61,-0.12954,-0.04997993,0.0,6.0,3.0,2042.0,86.0,0.0,14.48999,1.0,13.8,10.5,0.0,-0.40334229986598635,2.312476937142905,-77.63225749256775,310.57805135498666,6.1105024309872675,23.47388888888889
137.0,58885.4,52.2897147,-2.1211652,84.08200000000001,350.379,61.71,-0.2,0.1,14.79999,83.12999,82.73,83.39,82.56,-2.299988,82.93999000000001,-0.14994,-0.04997993,0.0,6.0,3.0,2029.0,86.0,0.0,14.01999,1.0,13.8,10.5,0.0,-0.3903509697784775,2.3027603832658494,-78.02260846234623,312.88081173825253,6.115267179845212,23.35611111111111
137.0,58885.5,52.2897352,-2.1211708,83.57,350.514,61.69,-0.21,0.1,14.79999,82.59,82.33,82.86,82.09999,-2.0,82.64,-0.16014,-0.05915999,0.0,6.0,3.0,2016.0,86.0,0.0,14.25,1.0,13.8,10.5,0.0,-0.3825802237527368,2.28964598701417,-78.40518868609897,315.1704577252667,6.1176233743354045,23.213888888888885
137.0,58885.6,52.2897557,-2.1211762,83.149,350.769,61.66,-0.2,0.1,14.79999,82.03999,81.81999,82.53999,81.37999,-2.100006,82.13,-0.16014,-0.04997993,0.0,6.0,3.0,2009.0,86.0,0.0,13.78,1.0,13.8,10.5,0.0,-0.37051022646943443,2.2797830157230092,-78.7756989125684,317.4502407409897,6.12207396392799,23.096944444444443
137.0,58885.7,52.2897759,-2.1211813,82.447,351.009,61.63,-0.22,0.1,14.39996,81.62999,81.39999,81.94,81.23999,-2.299988,81.57,-0.16014,-0.04997993,0.0,6.0,3.0,1983.0,86.0,0.0,14.25,1.0,13.8,10.5,0.0,-0.3579100244663011,2.262054598755461,-79.13360893703471,319.7122953397452,6.126262754132776,22.901944444444446
137.0,58885.8,52.2897961,-2.1211865,82.098,351.06199999999995,61.6,-0.23,0.1,13.89996,81.14,80.81999,81.34,80.62999,-2.299988,81.1,-0.16014,-0.04997993,0.0,6.0,3.0,1965.0,86.0,0.0,14.01999,1.0,13.8,10.5,0.0,-0.3543112326055624,2.25280798126461,-79.48792016964028,321.9651033210098,6.1271877786363325,22.805
137.0,58885.9,52.2898162,-2.1211915,81.482,351.291,61.58,-0.23,0.1,13.70001,80.56999,80.31,80.89,79.94,-1.799988,80.59,-0.1693201,-0.05915999,0.0,6.0,3.0,1952.0,86.0,0.0,13.78,1.0,13.6,10.5,0.0,-0.3427134971470523,2.2372922744288277,-79.83063366678734,324.20239559543865,6.1311845826234,22.633888888888887
137.0,58886.0,52.2898361,-2.1211962,80.687,351.705,61.56,-0.22,0.1,13.59998,79.98999,79.72,80.48999,79.48,-1.799988,80.00999,-0.1693201,-0.05915999,0.0,6.0,3.0,1932.0,86.0,0.0,13.78,1.0,13.7,10.5,0.0,-0.32335281190258436,2.2178578747067834,-80.15398647868992,326.42025347014544,6.138410245726656,22.413055555555555
137.0,58886.1,52.2898559,-2.1212007,80.48899999999999,351.866,61.53,-0.22,0.1,13.39996,79.36,79.28999,79.84999,79.09,-1.699982,79.49,-0.1693201,-0.04997993,0.0,6.0,3.0,1916.0,86.0,0.0,13.78,1.0,13.7,10.5,0.0,-0.3163412191825952,2.2133130631022704,-80.4703276978725,328.6335665332477,6.141220225822368,22.358055555555552
137.0,58886.2,52.2898757,-2.1212052000000003,79.92699999999999,352.151,61.52,-0.22,0.1,12.89996,78.89,78.81,79.3,78.69,-1.600006,78.9,-0.16014,-0.02958012,0.0,6.0,3.0,1907.0,86.0,0.0,14.25,1.0,13.7,10.5,0.0,-0.3031960175732142,2.199394358924683,-80.77352371544572,330.83296089217237,6.146194414190552,22.201944444444443
137.0,58886.3,52.2898952,-2.1212095,79.416,352.255,61.5,-0.22,0.1,12.5,78.44,78.17999,78.76999,78.01999,-1.600006,78.46,-0.1693201,-0.01938009,0.0,6.0,3.0,1890.0,86.0,0.0,13.539979999999998,1.0,13.7,10.5,0.0,-0.2972903996392743,2.18587612144017,-81.070814115085,333.01883701361254,6.148009556612625,22.06
137.0,58886.4,52.2899147,-2.1212138,78.797,352.254,61.47,-0.22,0.1,12.59998,77.76999,77.62,78.11,77.42,-1.699982,77.82,-0.14994,-0.01938009,0.0,6.0,3.0,1888.0,86.0,0.0,13.78,1.0,13.7,10.5,0.0,-0.29501105294023783,2.168833381953062,-81.36582516802524,335.1876703955656,6.147992103320106,21.888055555555553
137.0,58886.5,52.2899341,-2.1212179,78.415,352.521,61.46,-0.22,0.1,12.79999,77.42,77.22,77.81999,76.86,-1.399994,77.43,-0.16014,-0.009180069,0.0,6.0,3.0,1880.0,86.0,0.0,14.01999,1.0,13.7,10.5,0.0,-0.2835198877029541,2.1596637495419393,-81.64934505572819,337.34733414510754,6.152652132422931,21.781944444444445
137.0,58886.6,52.28995320000001,-2.121222,77.857,352.482,61.42,-0.24,0.1,13.20001,76.83,76.78,77.12999,76.31999,-1.600006,77.00999,-0.1693201,-0.01938009,0.0,6.0,3.0,1872.0,86.0,0.0,14.01999,1.0,13.6,10.5,0.0,-0.28296187470311096,2.1441035043801793,-81.9323069304313,339.4914376494877,6.151971454014653,21.626944444444444
137.0,58886.7,52.2899723,-2.121226,77.335,352.64300000000003,61.38,-0.25,0.1,13.59998,76.33,76.09,76.50999,75.84999,-1.699982,76.28,-0.1693201,-0.04997993,0.0,6.0,3.0,1862.0,85.0,0.0,19.72,1.0,13.7,10.5,0.0,-0.2750791331972831,2.130509526292104,-82.20738606362858,341.6219471757798,6.154781434110364,21.48194444444444
137.0,58886.8,52.2899913,-2.1212298,76.748,352.997,61.37,-0.24,0.1,14.09998,75.50999,75.28999,75.83,75.08,-1.600006,75.48,-0.2193,-0.02958012,0.0,6.0,3.0,1852.0,86.0,0.0,23.98999,1.0,13.7,10.5,0.0,-0.2599226921475046,2.115984505773777,-82.46730875577607,343.73793168155356,6.160959899662424,21.31888888888889
137.0,58886.9,52.29001,-2.1212333,75.931,353.22,61.33,-0.25,0.1,13.29999,74.53,74.23,74.89999,74.12999,-1.5,74.76,-0.2499001,-0.03978014,0.0,6.0,3.0,1825.0,85.0,0.0,26.37,1.0,13.7,10.5,0.0,-0.2490059083286861,2.09444438028149,-82.71631466410476,345.8323760618351,6.164851983894371,21.091944444444444
137.0,58887.0,52.2900286,-2.1212369,75.074,353.30400000000003,61.31,-0.24,0.1,11.89996,73.64999,73.37999,73.7,73.2,-1.699982,73.64,-0.27948,-0.01938009,0.0,6.0,3.0,1801.0,85.0,0.0,28.269990000000004,1.0,13.8,10.5,0.0,-0.24315926487224893,2.071164018084522,-82.959473928977,347.9035400799196,6.166318060466047,20.85388888888889
137.0,58887.1,52.2900469,-2.1212402000000004,74.102,353.664,61.29,-0.25,0.1,11.0,72.45,72.51999,72.67999,72.03,-1.299988,72.6,-0.3100800999999999,0.0,0.0,6.0,3.0,1774.0,85.0,0.0,30.399990000000003,1.0,13.8,10.5,0.0,-0.22716135545076754,2.0458158608464756,-83.18663528442777,349.94935594076605,6.172601245773225,20.58388888888889
137.0,58887.2,52.290065,-2.1212434,72.95,353.761,61.27,-0.24,0.1,11.29999,71.12,71.12999,71.73,70.81,-0.7999878,71.51,-0.3202801,0.01937985,0.0,6.0,3.0,1754.0,85.0,0.0,33.72998,1.0,13.8,10.5,0.0,-0.2202198950810894,2.0143870350115987,-83.40685517950885,351.9637429757777,6.17429421514766,20.26388888888889
137.0,58887.3,52.2900828,-2.1212466,72.00399999999999,353.68,61.25,-0.23,0.1,11.59998,69.94,69.67,70.53999,69.53999,-1.100006,70.42,-0.34986,0.009180069,0.0,6.0,3.0,1719.0,85.0,0.0,35.14999,1.0,13.8,10.5,0.0,-0.22017475570092163,1.9879556166429273,-83.62702993520978,353.9516985924206,6.172880498453545,20.001111111111108
137.0,58887.4,52.2901003,-2.1212496,70.794,353.815,61.22,-0.23,0.1,11.5,68.76999,68.66,69.26999,68.23999,-1.299988,69.18999000000001,-0.36006,0.0,0.0,6.0,3.0,1680.0,85.0,0.0,35.14999,1.0,13.7,10.5,0.0,-0.2118689084778827,1.9550534048000814,-83.83889884368766,355.9067519972207,6.175236692943737,19.665
137.0,58887.5,52.2901174,-2.1212526,69.473,353.88199999999995,61.2,-0.24,0.1,11.5,67.67,67.48,68.03,67.16,-1.0,67.89,-0.3794401,0.009180069,0.0,6.0,3.0,1640.0,85.0,0.0,34.919979999999995,1.0,13.8,10.5,0.0,-0.20567181867293471,1.918814369671244,-84.0445706623606,357.8255663668919,6.176406063542572,19.298055555555553
137.0,58887.6,52.2901343,-2.1212554,68.317,354.093,61.17,-0.25,0.1,11.79999,66.47,66.14999,66.83,66.03999,-1.0,66.6,-0.37026,0.009180069,0.0,6.0,3.0,1599.0,85.0,0.0,34.679990000000004,1.0,13.8,10.5,0.0,-0.19529944351231632,1.8876181636758762,-84.23987010587291,359.7131845305678,6.1800887082642815,18.97694444444444
137.0,58887.7,52.29015089999999,-2.1212582,67.1,354.096,61.14,-0.25,0.1,11.0,65.33,65.12,65.64999,64.81,-0.7999878,65.42,-0.37026,0.009180069,0.0,6.0,3.0,1583.0,85.0,0.0,34.19998,1.0,13.8,10.5,0.0,-0.19172330141287036,1.854002148277829,-84.43159340728577,361.56718667884564,6.180141068141841,18.638888888888886
137.0,58887.8,52.290167200000006,-2.1212608,65.75399999999999,354.41,61.12,-0.24,0.1,10.70001,64.16,64.01999,64.51999,63.75,-0.5,64.33,-0.36006,0.02957988,0.0,6.0,3.0,1587.0,85.0,0.0,25.64999,1.0,13.8,10.5,0.0,-0.1779179007395181,1.8178139262852075,-84.60951130802529,363.38500060513087,6.185621401993104,18.264999999999997
137.0,58887.9,52.2901832,-2.1212633,64.714,354.42800000000005,61.09,-0.24,0.1,11.0,63.3,63.17,63.81,63.12999,-0.5,63.7,-0.29988,0.0397799,0.0,6.0,3.0,1555.0,85.0,0.0,17.57999,1.0,13.7,10.5,0.0,-0.17454179806474457,1.7891173431383558,-84.78405310609003,365.1741179482692,6.1859355612584634,17.97611111111111
137.0,58888.0,52.290199,-2.1212659,63.835,354.36800000000005,61.07,-0.25,0.1,11.79999,62.709990000000005,62.78,63.23,62.55,-0.8999939,63.2,-0.2295001,0.01937985,0.0,6.0,3.0,1493.0,85.0,0.0,10.92999,1.0,13.7,10.5,0.0,-0.17401904080009423,1.7646347812642866,-84.95807214689012,366.9387527295335,6.184888363707267,17.731944444444444
137.0,58888.1,52.290214600000006,-2.1212683,63.187,354.434,61.04,-0.25,0.1,11.39996,62.67999,62.66,63.14999,62.39999,-1.299988,62.76,-0.16014,0.009180069,0.0,6.0,3.0,1423.0,85.0,0.0,2.619995,1.0,13.7,10.5,0.0,-0.17024035100155166,1.746918933637022,-85.12831249789167,368.6856716631705,6.186040281013582,17.551944444444445
137.0,58888.2,52.2902302,-2.1212708,62.806,354.436,61.01,-0.25,0.1,11.20001,62.709990000000005,62.53999,62.72,62.17,-1.299988,62.62,-0.07956004,0.009180069,0.0,6.0,3.0,1327.0,85.0,0.0,-0.4700011999999999,1.0,13.7,10.5,0.0,-0.1691532377392417,1.7363914049472482,-85.29746573563091,370.4220630681178,6.186075187598622,17.44611111111111
137.0,58888.3,52.2902458,-2.1212732,62.748000000000005,354.591,60.98,-0.26,0.1,11.29999,62.62999,62.47,62.67,62.2,-1.199982,62.58,-0.03978014,0.009180069,0.0,6.0,3.0,1336.0,85.0,0.0,0.0,0.0,13.8,10.5,0.0,-0.16430336280033842,1.7352387169990475,-85.46176909843125,372.15730178511683,6.188780447939213,17.43
137.0,58888.4,52.2902613,-2.1212755000000003,62.54600000000001,354.715,60.96,-0.26,0.1,11.29999,62.51999,62.36,62.67999,62.23999,-1.299988,62.54,-0.01938009,0.0,0.0,6.0,3.0,1343.0,85.0,0.0,0.0,0.0,13.8,10.5,0.0,-0.16003072405749255,1.7300029822495113,-85.62179982248874,373.88730476736635,6.190944656211686,17.37388888888889
137.0,58888.5,52.2902769,-2.1212778,62.593,354.834,60.93,-0.25,0.1,11.29999,62.53999,62.33,62.62,62.19,-1.199982,62.44,-0.01938009,0.0,0.0,6.0,3.0,1306.0,85.0,0.0,0.0,0.0,13.7,10.5,0.0,-0.15655482025861978,1.7316318775639836,-85.77835464274736,375.61893664493033,6.193021598021559,17.386944444444445
137.0,58888.6,52.2902924,-2.12128,62.611,354.99,60.91,-0.25,0.1,11.29999,62.47,62.37999,62.53999,62.23,-1.199982,62.36,-0.01938009,0.0,0.0,6.0,3.0,1268.0,85.0,0.0,0.0,0.0,13.8,10.5,0.0,-0.15188317288497996,1.7325498022800994,-85.93023781563234,377.35148644721045,6.19574431165467,17.391944444444444
137.0,58888.7,52.290308,-2.1212822,62.59,355.05300000000005,60.9,-0.24,0.1,11.29999,62.53,62.41,62.58,62.25999,-1.100006,62.38,-0.01938009,0.0,0.0,6.0,3.0,1239.0,85.0,0.0,0.2399902,0.0,13.8,10.5,0.0,-0.1499277401637141,1.732134598813965,-86.08016555579606,379.0836210460244,6.196843869083428,17.386111111111113
137.0,58888.8,52.2903235,-2.1212842,62.482,355.329,60.87,-0.24,0.1,11.29999,62.42,62.3,62.56999,62.16,-1.199982,62.32,-0.009180069,0.0,0.0,6.0,3.0,1243.0,85.0,0.0,0.0,0.0,13.8,10.5,0.0,-0.14133785006354246,1.7298466814003377,-86.2215034058596,380.8134677274247,6.201660977818931,17.35611111111111
138.0,58888.9,52.290339,-2.1212863,62.428,355.379,60.84,-0.25,0.1,11.5,62.36,62.31,62.53,62.22,-1.299988,62.27,-0.009180069,0.0,0.0,6.0,3.0,1213.0,85.0,0.0,0.0,0.0,13.8,10.5,0.0,-0.13970737404421396,1.7284742391244028,-86.36121077990381,382.54194196654913,6.202533642444929,17.34111111111111
138.0,58889.0,52.2903546,-2.1212883,62.662,355.473,60.83,-0.23,0.1,11.5,62.28,62.23999,62.41,62.08,-1.199982,62.28,-0.01938009,0.0,0.0,6.0,3.0,1186.0,85.0,0.0,0.0,0.0,13.8,10.5,0.0,-0.13738447372237342,1.7351808397119541,-86.49859525362619,384.2771228062611,6.2041742519418035,17.40611111111111
138.0,58889.1,52.2903701,-2.1212902,62.348,355.68699999999995,60.81,-0.23,0.1,11.5,62.25,62.12,62.5,62.12999,-1.199982,62.21,-0.01938009,0.009180069,0.0,6.0,3.0,1181.0,85.0,0.0,0.0,0.0,13.8,10.5,0.0,-0.13024666756119885,1.7269843453390052,-86.62884192118739,386.0041071516001,6.20790925654107,17.31888888888889
138.0,58889.2,52.2903857,-2.121292,62.586000000000006,355.81699999999995,60.79,-0.22,0.1,11.5,62.28,62.099990000000005,62.459990000000005,61.95,-1.199982,62.21,-0.01938009,0.0,0.0,6.0,3.0,1182.0,85.0,0.0,0.0,0.0,13.8,10.5,0.0,-0.12681016203099327,1.7338689203067439,-86.75565208321838,387.73797607190687,6.2101781845686626,17.385
138.0,58889.3,52.2904012,-2.1212939,62.449,355.8,60.76,-0.23,0.1,11.5,62.31,62.16,62.42999,61.92,-1.299988,62.18,-0.01938009,0.0,0.0,6.0,3.0,1180.0,85.0,0.0,0.0,0.0,13.8,10.5,0.0,-0.12704589367842997,1.7300358830052827,-86.88269797689681,389.46801195491213,6.2098814785958245,17.346944444444443
138.0,58889.4,52.2904167,-2.1212956000000003,62.233,356.13199999999995,60.73,-0.23,0.1,11.5,62.09,62.06999,62.31999,61.81999,-1.299988,62.09,-0.01938009,0.009180069,0.0,6.0,3.0,1192.0,85.0,0.0,0.0,0.0,13.8,10.5,0.0,-0.1166143875026579,1.7247566688899818,-86.99931236439947,391.1927686238021,6.215675971712445,17.286944444444444
138.0,58889.5,52.290432200000005,-2.1212972,62.32,356.27,60.71,-0.23,0.1,11.5,62.099990000000005,62.00999,62.349990000000005,61.78999,-1.299988,62.08,-0.01938009,0.01937985,0.0,6.0,3.0,1204.0,85.0,0.0,0.0,0.0,13.8,10.5,0.0,-0.11261709884633489,1.7274440853642066,-87.1119294632458,392.9202127091663,6.218084526080197,17.31111111111111
138.0,58889.6,52.2904478,-2.121299,62.359,355.959,60.7,-0.23,0.1,11.5,62.11,61.94,62.37,61.72,-1.299988,62.03,-0.02958012,0.01937985,0.0,6.0,3.0,1221.0,85.0,0.0,0.0,0.0,13.8,10.5,0.0,-0.12206825815285492,1.727887998024098,-87.23399772139865,394.6481007071904,6.212656552106496,17.321944444444444
138.0,58889.7,52.290463300000006,-2.1213006,62.305,356.36300000000006,60.67,-0.23,0.1,10.89996,62.08,61.92,62.349990000000005,61.7,-1.199982,62.02,-0.02958012,0.009180069,0.0,6.0,3.0,1240.0,85.0,0.0,0.0,0.0,13.8,10.5,0.0,-0.10978660888857053,1.72720877734558,-87.34378433028722,396.375309484536,6.219707682284554,17.306944444444444
138.0,58889.8,52.2904787,-2.1213024,62.226000000000006,356.033,60.64,-0.24,0.1,9.799988,62.08,61.94,62.209990000000005,61.599990000000005,-0.8999939,62.04,-0.02958012,0.009180069,0.0,6.0,3.0,1264.0,85.0,0.0,0.0,0.0,13.8,10.5,0.0,-0.11958092548716895,1.724358620548415,-87.46336525577439,398.0996681050844,6.213948095752972,17.285
138.0,58889.9,52.2904942,-2.1213038,62.28,356.665,60.61,-0.25,0.1,9.099976,62.05,61.89999,62.31,61.81,-0.6000061,62.06,-0.02958012,0.009180069,0.0,6.0,3.0,1288.0,85.0,0.0,0.0,0.0,13.8,10.5,0.0,-0.10064079249298888,1.7270701870179985,-87.56400604826739,399.8267382921024,6.224978576625576,17.3
138.0,58890.0,52.2905097,-2.1213053,62.114,356.61800000000005,60.58,-0.25,0.1,8.799988,62.00999,61.92999,62.11,61.75999,-0.3999939,62.0,-0.02958012,0.02957988,0.0,6.0,3.0,1317.0,85.0,0.0,0.0,0.0,13.8,10.5,0.0,-0.10178546015758022,1.7223839693871235,-87.66579150842497,401.5491222614895,6.224158271877139,17.253888888888888
138.0,58890.1,52.290525200000005,-2.1213066,62.258,356.841,60.54,-0.26,0.1,8.899963,61.86,61.87,62.03,61.78,-0.2999877999999999,61.89,-0.02958012,0.04997993,0.0,6.0,3.0,1340.0,85.0,0.0,0.0,0.0,13.8,10.5,0.0,-0.0953014707415974,1.7267610021907591,-87.76109297916658,403.27588326368027,6.228050356109086,17.29388888888889
138.0,58890.2,52.2905406,-2.1213082,62.039,356.509,60.52,-0.25,0.1,9.0,61.959990000000005,61.849990000000005,62.03,61.75,-0.6000061,61.83,-0.02958012,0.0397799,0.0,6.0,3.0,1370.0,85.0,0.0,0.0,0.0,13.8,10.5,2.5,-0.10493509474148938,1.7201077477007762,-87.86602807390807,404.995991011381,6.222255862992465,17.233055555555556
138.0,58890.3,52.2905561,-2.1213095,62.132,356.793,60.48,-0.27,0.1,9.099976,62.0,61.87,61.95,61.75,-0.3999939,61.84,-0.02958012,0.02957988,0.0,6.0,3.0,1422.0,85.0,0.0,0.0,0.0,13.8,10.5,5.5,-0.09655224283871486,1.7231860378940334,-87.96258031674678,406.71917704927506,6.227212598068128,17.258888888888887
138.0,58890.4,52.29057149999999,-2.1213110000000004,61.952,356.764,60.45,-0.27,0.1,9.299988,61.92,61.8,62.01999,61.67999,-0.3999939,61.81,-0.01938009,0.01937985,0.0,6.0,3.0,1483.0,85.0,0.0,0.0,0.0,13.8,10.5,10.0,-0.09714216909968869,1.7181449202217616,-88.05972248584646,408.43732196949685,6.22670645258505,17.20888888888889
138.0,58890.5,52.290587,-2.1213123,61.891000000000005,356.939,60.42,-0.28,0.1,9.599976,61.87,61.84,61.92,61.67,-0.3999939,61.76,-0.01938009,0.02957988,0.0,6.0,3.0,1543.0,85.0,0.0,0.0,0.0,13.8,10.5,14.5,-0.09180346727531881,1.716741582535028,-88.15152595312178,410.15406355203186,6.229760778776041,17.191944444444445
138.0,58890.6,52.2906024,-2.1213137,62.053,356.721,60.39,-0.28,0.1,11.39996,61.86,61.78999,61.92,61.61,-0.6000061,61.76,-0.009180069,0.02957988,0.0,6.0,3.0,1564.0,85.0,0.0,0.0,0.0,13.6,10.5,16.5,-0.09859206739469539,1.7208724944212113,-88.25011802051647,411.87493604645306,6.225955961006693,17.236944444444443
138.0,58890.7,52.2906178,-2.121315,61.87,356.976,60.37,-0.28,0.1,11.89996,61.92999,61.81,62.09,61.66,-1.100006,61.84,0.0,0.009180069,0.0,6.0,3.0,1603.0,85.0,0.0,0.0,0.0,13.7,10.5,17.0,-0.0906640515522439,1.7162179876084214,-88.3407820720687,413.5911540340615,6.230406550599278,17.18611111111111
137.0,58890.8,52.2906333,-2.1213163,62.136,356.957,60.33,-0.28,0.1,11.79999,62.00999,61.91,62.09,61.67999,-1.399994,61.96,0.0,0.009180069,0.0,6.0,3.0,1653.0,85.0,0.0,0.0,0.0,13.8,10.5,18.0,-0.09162540814893538,1.723566298284328,-88.43240748021763,415.3147203323458,6.2300749380413984,17.26
137.0,58890.9,52.2906488,-2.1213176,62.035,357.19800000000004,60.3,-0.28,0.1,11.70001,62.16,62.03999,62.31999,61.75999,-1.299988,62.07,0.0,0.0,0.0,6.0,3.0,1739.0,85.0,0.0,0.0,0.0,13.7,10.5,22.5,-0.08423773089447485,1.7211342475408324,-88.5166452111121,417.03585457988663,6.234281181538706,17.231944444444444
137.0,58891.0,52.2906643,-2.1213188,62.244,357.089,60.27,-0.29,0.1,11.29999,62.31,62.14,62.31999,61.76999,-1.299988,62.21,0.0,0.0,0.0,6.0,3.0,1785.0,85.0,0.0,0.0,0.0,13.7,10.5,25.0,-0.08780671084700979,1.7267689427164914,-88.60445192195911,418.7626235226031,6.232378772654031,17.29
137.0,58891.1,52.2906798,-2.1213199,62.327,357.462,60.23,-0.3,0.1,11.29999,62.42,62.28,62.55,61.91,-1.199982,62.32,0.0,0.0,0.0,5.0,3.0,1831.0,85.0,0.0,0.0,0.0,13.7,10.5,26.0,-0.07666562343474648,1.7296072701283642,-88.68111754539386,420.4922307927315,6.23888885076397,17.313055555555554
137.0,58891.2,52.2906954,-2.121321,62.37,357.519,60.21,-0.29,0.1,11.29999,62.62,62.50999,62.64999,62.06,-1.100006,62.52,0.01937985,0.009180069,0.0,5.0,3.0,1945.0,85.0,0.0,0.0,0.0,13.7,10.5,26.5,-0.07499661252386101,1.7308760088781476,-88.75611415791772,422.2231068016097,6.239883688437607,17.325
137.0,58891.3,52.290711,-2.121322,62.615,357.726,60.18,-0.29,0.1,11.29999,62.83,62.709990000000005,62.91,62.33,-1.199982,62.72,0.02957988,0.009180069,0.0,5.0,3.0,2020.0,85.0,0.0,0.0,0.0,13.8,10.5,27.0,-0.06901280656307407,1.7379358584587372,-88.8251269644808,423.9610426600684,6.243496519989235,17.393055555555556
137.0,58891.4,52.2907267,-2.121323,62.806,357.733,60.15,-0.29,0.1,11.29999,63.05,62.89,63.12999,62.56999,-1.199982,62.91,0.0397799,0.01937985,0.0,5.0,3.0,2023.0,85.0,0.0,0.0,0.0,13.7,10.5,27.0,-0.06901034522891915,1.743245680121919,-88.89413730970972,425.7042883401903,6.243618693036875,17.44611111111111
137.0,58891.5,52.2907424,-2.121324,62.964,357.88199999999995,60.12,-0.29,0.1,11.29999,63.34,63.2,63.37999,62.92,-1.199982,63.24,0.05915999,0.01937985,0.0,5.0,3.0,1983.0,85.0,0.0,0.0,0.0,13.7,10.5,28.0,-0.06463893888732876,1.7478051400483752,-88.95877624859705,427.4520934802387,6.246219233622345,17.49
137.0,58891.6,52.290758200000006,-2.1213249,63.382,357.934,60.09,-0.29,0.1,11.29999,63.599990000000005,63.50999,63.7,63.209990000000005,-1.100006,63.53,0.05915999,0.0,0.0,5.0,3.0,1957.0,85.0,0.0,0.0,0.0,13.7,10.5,28.5,-0.06347124341065534,1.7594666481146515,-89.02224749200771,429.21156012835337,6.247126804833384,17.60611111111111
137.0,58891.7,52.2907741,-2.1213257,63.724,358.17800000000005,60.06,-0.29,0.1,11.29999,63.86,63.81,63.94,63.53,-1.100006,63.84,0.04997993,0.0,0.0,5.0,3.0,2053.0,85.0,0.0,0.0,0.0,13.8,10.5,30.5,-0.056279868033510164,1.7692161886364095,-89.07852736004122,430.98077631698976,6.25138540820825,17.70111111111111
137.0,58891.8,52.2907901,-2.1213264,63.914,358.361,60.02,-0.3,0.1,11.5,64.23,64.12,64.17999,63.8,-1.100006,64.15,0.04997993,0.01937985,0.0,5.0,3.0,2123.0,85.0,0.0,0.0,0.0,13.7,10.5,31.5,-0.050779753291362056,1.7746625379056695,-89.12930711333259,432.75543885489543,6.254579360739399,17.753888888888888
137.0,58891.9,52.290806100000005,-2.1213272,64.051,358.375,59.99,-0.3,0.1,11.5,64.42,64.34999,64.48,64.03999,-1.199982,64.34,0.06936002,0.009180069,0.0,5.0,3.0,2154.0,85.0,0.0,0.0,0.0,13.8,10.5,32.0,-0.05045403709485337,1.7784789178629041,-89.17976115042744,434.53391777275834,6.254823706834679,17.791944444444443
137.0,58892.0,52.2908222,-2.1213279,64.487,358.396,59.97,-0.3,0.1,11.29999,64.73,64.62999,64.81,64.41,-1.399994,64.68,0.06936002,0.009180069,0.0,5.0,3.0,2161.0,85.0,0.0,0.0,0.0,13.7,10.5,33.0,-0.05014119440543713,1.7906036563091772,-89.22990234483288,436.32452142906754,6.255190225977597,17.913055555555555
137.0,58892.1,52.2908383,-2.1213285,64.847,358.47,59.92,-0.32,0.1,11.20001,65.17999,65.06,65.09,64.67999,-1.299988,65.03,0.05915999,0.01937985,0.0,5.0,3.0,2141.0,85.0,0.0,0.0,0.0,13.8,10.5,34.0,-0.04809551409331036,1.800663357210172,-89.27799785892618,438.1251847862777,6.256481769624074,18.013055555555553
137.0,58892.2,52.2908546,-2.1213291,65.027,358.781,59.89,-0.32,0.1,11.20001,65.47,65.37999,65.42,64.98999,-1.100006,65.35,0.06936002,0.0,0.0,5.0,3.0,2140.0,85.0,0.0,0.0,0.0,13.7,10.5,34.5,-0.0384272695275654,1.80589675922726,-89.31642512845374,439.931081545505,6.2619097435977755,18.063055555555554
137.0,58892.3,52.2908709,-2.1213296,65.369,358.844,59.85,-0.33,0.1,11.29999,65.67999,65.67999,65.61,65.3,-1.100006,65.64,0.06936002,0.009180069,0.0,4.0,3.0,2138.0,85.0,0.0,0.0,0.0,13.7,10.5,35.0,-0.036633218555411386,1.8154359869972536,-89.35305834700915,441.74651753250225,6.263009301026532,18.158055555555556
137.0,58892.4,52.2908873,-2.1213301,65.653,358.86800000000005,59.82,-0.32,0.1,11.5,66.08,66.0,66.01999,65.69,-1.299988,66.06,0.06936002,0.01937985,0.0,4.0,3.0,2181.0,85.0,0.0,0.0,0.0,13.7,10.5,35.0,-0.03602861895680427,1.82333852186411,-89.38908696596596,443.56985605436637,6.263428180047011,18.236944444444447
137.0,58892.5,52.2909038,-2.1213306000000003,66.139,359.01,59.78,-0.33,0.1,11.5,66.5,66.39,66.44,66.03,-1.299988,66.34,0.06936002,0.009180069,0.0,4.0,3.0,2249.0,85.0,0.0,0.0,0.0,13.7,10.5,35.5,-0.031742861578176296,1.8369201989842558,-89.42082982754414,445.40677625335064,6.265906547584843,18.37194444444444
137.0,58892.6,52.2909204,-2.1213309,66.373,359.245,59.75,-0.33,0.1,11.59998,66.8,66.64,66.62,66.28,-1.299988,66.58,0.06936002,0.009180069,0.0,4.0,3.0,2335.0,85.0,0.0,0.0,0.0,13.8,10.5,36.5,-0.02429409345102959,1.843534377628663,-89.44512392099517,447.2503106309793,6.270008071327029,18.436944444444446
137.0,58892.7,52.290937,-2.1213313,66.604,359.231,59.72,-0.32,0.1,11.59998,67.01999,66.89,67.01999,66.59999,-1.299988,66.87,0.06936002,0.009180069,0.0,4.0,3.0,2485.0,85.0,0.0,0.0,0.0,13.8,10.5,37.0,-0.02483067237986957,1.849944475157553,-89.46995459337504,449.10025510613684,6.2697637252317495,18.50111111111111
137.0,58892.8,52.2909538,-2.1213315,67.05,359.465,59.69,-0.33,0.1,11.59998,67.23999,67.22,67.28999,66.84999,-1.299988,67.12,0.06936002,0.009180069,0.0,4.0,3.0,2593.0,85.0,0.0,0.0,0.0,13.8,10.5,37.0,-0.017390862447102234,1.8624188057210294,-89.48734545582214,450.96267391185785,6.273847795681417,18.625
137.0,58892.9,52.2909706,-2.1213316,67.223,359.64300000000003,59.66,-0.32,0.1,11.59998,67.55,67.48,67.64999,67.2,-1.299988,67.58,0.06936002,0.009180069,0.0,4.0,3.0,2666.0,85.0,0.0,0.0,0.0,13.8,10.5,37.5,-0.011634779656882838,1.8672693082978087,-89.49898023547902,452.82994322015566,6.276954481749967,18.673055555555553
137.0,58893.0,52.2909875,-2.1213318,67.666,359.61400000000003,59.62,-0.33,0.1,11.59998,67.94,67.75999,67.97,67.44,-1.5,67.9,0.07956004,0.0,0.0,4.0,3.0,2702.0,85.0,0.0,0.0,0.0,13.8,10.5,39.5,-0.01266278959502944,1.8795684565271937,-89.51164302507405,454.70951167668284,6.276448336266889,18.79611111111111
137.0,58893.1,52.291004400000006,-2.1213319,67.741,359.816,59.58,-0.34,0.1,11.59998,68.19,68.00999,68.25,67.81,-1.399994,68.12,0.06936002,0.009180069,0.0,4.0,3.0,2749.0,85.0,0.0,0.0,0.0,13.7,10.5,41.0,-0.006042874110422759,1.8816847413755504,-89.51768589918447,456.59119641805836,6.279973901355916,18.816944444444445
137.0,58893.2,52.2910214,-2.1213318,68.245,359.971,59.53,-0.35,0.1,11.59998,68.73999,68.62999,68.62,68.14999,-1.299988,68.72,0.07956004,0.0,0.0,4.0,3.0,2787.0,85.0,0.0,0.0,0.0,13.7,10.5,41.5,-0.0009594971393853476,1.895694201621868,-89.51864539632386,458.48689061968025,6.282679161696508,18.956944444444446
137.0,58893.3,52.2910386,-2.1213318,68.587,0.119,59.5,-0.35,0.1,11.59998,69.14999,69.06,69.11,68.64,-1.299988,69.07,0.1091398999999999,0.009180069,0.0,4.0,3.0,2821.0,85.0,0.0,0.0,0.0,13.8,10.5,41.5,0.003956975152744579,1.9051903352393997,-89.51468842117112,460.39208095491966,0.002076941809873252,19.051944444444445
137.0,58893.4,52.2910558,-2.1213317000000003,68.969,0.1969999999999999,59.47,-0.35,0.1,11.5,69.61,69.53999,69.51999,69.05,-1.299988,69.51,0.1091398999999999,0.01937985,0.0,4.0,3.0,2849.0,85.0,0.0,0.0,0.0,13.7,10.5,41.5,0.006587098631486069,1.9157942313383107,-89.50810132253963,462.307875186258,0.0034382986264288274,19.158055555555553
137.0,58893.5,52.29107320000001,-2.1213314000000003,69.53399999999999,0.411,59.43,-0.35,0.1,11.29999,70.00999,70.00999,70.05,69.50999,-1.299988,69.98,0.1091398999999999,0.0,0.0,4.0,3.0,2871.0,85.0,0.0,0.0,0.0,13.7,10.5,41.5,0.013855116357597308,1.9314503063114818,-89.49424620618203,464.2393254925695,0.007173303225696694,19.314999999999998
137.0,58893.6,52.291090700000005,-2.1213312,70.045,0.493,59.39,-0.35,0.1,11.20001,70.39999,70.48,70.47,69.91,-1.299988,70.47,0.1193398999999999,0.009180069,0.0,4.0,3.0,2882.0,85.0,0.0,0.0,0.0,13.8,10.5,41.5,0.016741469143576285,1.9456224182386703,-89.47750473703844,466.18494791080815,0.008604473212332044,19.456944444444446
137.0,58893.7,52.291108300000005,-2.1213309,70.376,0.55,59.35,-0.35,0.1,11.0,70.95,70.92999,70.89999,70.39999,-1.0,70.85,0.1193398999999999,0.02957988,0.0,4.0,3.0,2911.0,85.0,0.0,0.0,0.0,13.8,10.5,41.5,0.018765297995274235,1.9547988212326055,-89.45873943904317,468.13974673204075,0.009599310885968814,19.54888888888889
137.0,58893.8,52.291126,-2.1213304,70.945,0.825,59.31,-0.36,0.1,11.09998,71.42,71.44,71.42,70.78,-1.100006,71.34,0.1193398999999999,0.01937985,0.0,4.0,3.0,2936.0,85.0,0.0,0.0,0.0,13.7,10.5,41.5,0.028374982427881536,1.9704901557065477,-89.4303644566153,470.1102368877473,0.014398966328953218,19.706944444444442
137.0,58893.9,52.2911439,-2.12133,71.435,0.815,59.27,-0.36,0.1,11.09998,71.94,71.98,71.84999,71.28,-1.299988,71.85,0.1091398999999999,0.02957988,0.0,4.0,3.0,2942.0,85.0,0.0,0.0,0.0,13.8,10.5,41.5,0.028224670401108022,1.9841048121985367,-89.40213978621419,472.09434169994586,0.014224433403753785,19.843055555555555
137.0,58894.0,52.29116179999999,-2.1213296,71.806,0.737,59.22,-0.38,0.1,11.0,72.44,72.41,72.3,71.78,-1.100006,72.26,0.1091398999999999,0.01937985,0.0,4.0,3.0,2972.0,85.0,0.0,0.0,0.0,13.7,10.5,41.5,0.02565612796514314,1.9944461004664271,-89.37648365824904,474.08878780041226,0.012863076587198208,19.94611111111111
138.0,58894.1,52.2911799,-2.1213291,72.378,1.014,59.18,-0.38,0.1,11.0,72.78999,72.75999,72.75999,72.23,-1.100006,72.64,0.09995985,0.009180069,0.0,4.0,3.0,2983.0,85.0,0.0,0.0,0.0,13.7,10.5,41.5,0.035579245093416874,2.0101851574714664,-89.34090441315563,476.09897295788375,0.017697638615222503,20.105
138.0,58894.2,52.2911981,-2.1213286,72.774,0.961,59.15,-0.36,0.1,11.09998,73.25,73.23,73.08,72.62999,-1.0,73.17,0.1091398999999999,0.01937985,0.0,4.0,3.0,3005.0,85.0,0.0,0.0,0.0,13.7,10.5,41.5,0.033904249714000724,2.0212156618855226,-89.30700016344163,478.1201886197693,0.016772614111665505,20.215
138.0,58894.3,52.2912163,-2.1213279,73.148,1.169,59.1,-0.38,0.1,11.39996,73.73999,73.72,73.70999,73.17,-1.100006,73.64,0.1091398999999999,0.009180069,0.0,4.0,3.0,3031.0,85.0,0.0,0.0,0.0,13.7,10.5,41.5,0.04145354751447423,2.031465987947765,-89.26554661592715,480.15165460771703,0.020402898955813712,20.31888888888889
138.0,58894.4,52.2912348,-2.1213272,73.699,1.301,59.07,-0.38,0.1,11.5,74.17999,74.19,74.08,73.66,-1.100006,74.12,0.1193398999999999,0.009180069,0.0,4.0,3.0,3030.0,85.0,0.0,0.0,0.0,13.8,10.5,41.5,0.0464811043292223,2.0466667047432354,-89.21906551159793,482.1983213124603,0.022706733568446227,20.471944444444443
138.0,58894.5,52.29125320000001,-2.1213264,73.793,1.43,59.02,-0.39,0.1,11.89996,74.69,74.64999,74.67999,74.22,-1.199982,74.6,0.1193398999999999,0.009180069,0.0,4.0,3.0,3038.0,85.0,0.0,0.0,0.0,13.8,10.5,41.5,0.05115416289292654,2.049167164290201,-89.167911348705,484.2474884767505,0.02495820830351891,20.498055555555556
138.0,58894.6,52.2912719,-2.1213256,74.725,1.6369999999999998,58.98,-0.39,0.1,12.89996,75.11,75.06999,75.0,74.48999,-1.199982,75.05,0.1091398999999999,0.0,0.0,4.0,3.0,3060.0,85.0,0.0,0.2399902,0.0,13.7,10.5,41.5,0.05929668057489487,2.0748473029045607,-89.10861466813012,486.3223357796551,0.02857103985514717,20.756944444444443
138.0,58894.7,52.2912906,-2.1213248,75.186,1.436,58.95,-0.38,0.1,13.39996,75.53,75.48,75.42999,74.78999,-1.699982,75.45,0.1091398999999999,0.0,0.0,4.0,3.0,3067.0,85.0,0.0,0.0,0.0,13.7,10.5,41.5,0.05233844544663649,2.087844088318912,-89.05627622268348,488.41017986797397,0.02506292805863857,20.885
138.0,58894.8,52.2913094,-2.1213237,75.179,1.917,58.9,-0.39,0.1,13.20001,75.98,75.97,75.89,75.22,-1.799988,75.84,0.1091398999999999,-0.009180069,0.0,4.0,3.0,3063.0,85.0,0.0,0.0,0.0,13.8,10.5,41.5,0.06985741224568258,2.087136803211168,-88.9864188104378,490.49731667118516,0.0334579617607313,20.883055555555554
138.0,58894.9,52.2913284,-2.1213226,76.097,2.134,58.88,-0.38,0.1,13.20001,76.53,76.5,76.42,75.78,-1.799988,76.37,0.1091398999999999,-0.009180069,0.0,4.0,3.0,3100.0,85.0,0.0,0.0,0.0,13.8,10.5,39.5,0.07871117636185337,2.1123395743613913,-88.90770763407595,492.60965624554655,0.03724532623755899,21.138055555555553
138.0,58895.0,52.2913475,-2.1213214,76.414,2.155,58.84,-0.38,0.1,13.20001,76.91,76.86,76.81999,76.20999,-1.799988,76.81,0.1091398999999999,-0.009180069,0.0,4.0,3.0,3099.0,85.0,0.0,0.0,0.0,13.7,10.5,37.5,0.07981649906042648,2.1211099112233867,-88.82789113501552,494.73076615676996,0.0376118453804778,21.226111111111113
138.0,58895.1,52.2913667,-2.1213201,76.867,2.423,58.8,-0.38,0.1,13.20001,77.34,77.23,77.31999,76.78,-1.799988,77.25,0.09995985,0.0,0.0,4.0,3.0,3121.0,85.0,0.0,0.0,0.0,13.8,10.5,34.5,0.09026902611555998,2.1332854517177413,-88.73762210889996,496.8640516084877,0.04228932777582261,21.351944444444445
138.0,58895.2,52.2913859,-2.1213186,77.274,2.612,58.75,-0.39,0.1,12.79999,77.67999,77.56999,77.62,77.08,-1.799988,77.54,0.08976007,-0.009180069,0.0,5.0,3.0,3158.0,85.0,0.0,0.0,0.0,13.8,10.5,32.0,0.09782075099667953,2.14426988755484,-88.63980135790328,499.0083214960426,0.04558800006209189,21.465
138.0,58895.3,52.2914053,-2.1213171,77.476,2.673,58.72,-0.39,0.1,12.5,78.0,77.92,78.00999,77.34999,-1.799988,77.87,0.07956004,-0.009180069,0.0,5.0,3.0,3188.0,85.0,0.0,0.0,0.0,13.8,10.5,28.5,0.10036527213263187,2.149769533395997,-88.53943608577065,501.1580910294386,0.04665265090580843,21.52111111111111
138.0,58895.4,52.2914247,-2.1213155,78.084,2.857,58.66,-0.41,0.1,12.09998,78.3,78.23999,78.23,77.56,-1.299988,78.15,0.06936002,0.0,0.0,5.0,3.0,3225.0,85.0,0.0,0.0,0.0,13.7,10.5,27.0,0.10811032469296647,2.1663040316850224,-88.43132576107767,503.3243950611236,0.049864056729477996,21.69
138.0,58895.5,52.29144410000001,-2.1213137,77.828,3.108,58.63,-0.4,0.1,11.70001,78.58,78.56999,78.59999,78.0,-1.299988,78.53,0.06936002,0.0,0.0,5.0,3.0,3279.0,85.0,0.0,0.0,0.0,13.8,10.5,24.0,0.11721379869309123,2.158708987635242,-88.31411196238459,505.48310404875883,0.054244833151983765,21.61888888888889
138.0,58895.6,52.2914638,-2.1213119,78.692,3.137,58.58,-0.41,0.1,10.89996,78.89,78.78,78.89,78.26999,-1.199982,78.75999,0.06936002,0.009180069,0.0,5.0,3.0,3300.0,85.0,0.0,0.0,0.0,13.7,10.5,22.5,0.11961977151994879,2.182613420839663,-88.19449219086464,507.6657174695985,0.05475097863506212,21.858888888888888
138.0,58895.7,52.291483500000005,-2.1213101,79.056,3.286,58.56,-0.39,0.1,10.5,79.12,79.06,79.14999,78.67999,-1.100006,79.03,0.05915999,0.02957988,0.0,5.0,3.0,3312.0,85.0,0.0,0.0,0.0,13.8,10.5,20.5,0.12587490516434963,2.1923894517739924,-88.06861728570028,509.8581069213725,0.05735151922053367,21.959999999999997
138.0,58895.8,52.2915032,-2.121308,79.128,3.563,58.5,-0.41,0.1,10.59998,79.28999,79.28999,79.37999,78.92999,-0.8999939,79.25999,0.04997993,0.01937985,0.0,5.0,3.0,3323.0,85.0,0.0,0.0,0.0,13.8,10.5,19.5,0.1365969276535511,2.1937514169466903,-87.93202035804673,512.0518583383192,0.06218608124855796,21.98
138.0,58895.9,52.2915231,-2.1213061,79.567,3.278,58.44,-0.43,0.1,10.59998,79.51999,79.47,79.58,78.98999,-0.7999878,79.49,0.0397799,0.009180069,0.0,5.0,3.0,3311.0,85.0,0.0,0.2399902,0.0,13.8,10.5,19.0,0.12638043670771978,2.206578226003024,-87.80563992133901,514.2584365643222,0.05721189288037412,22.10194444444444
138.0,58896.0,52.2915431,-2.1213039,80.222,3.948,58.44,-0.38,0.1,10.89996,79.75,79.7,79.78,79.14999,-0.7999878,79.65,0.0397799,0.009180069,0.0,5.0,3.0,3307.0,85.0,0.0,0.0,0.0,13.7,10.5,19.0,0.1534269921925615,2.2231008070238736,-87.65221292914644,516.4815373713461,0.06890559886873612,22.283888888888885
138.0,58896.1,52.2915628,-2.121302,79.09899999999999,3.378,58.4,-0.39,0.1,10.89996,79.89,79.84999,79.92999,79.37999,-0.8999939,79.83,0.02957988,0.02957988,0.0,5.0,3.0,3328.0,85.0,0.0,0.0,0.0,13.8,10.5,18.0,0.12946544784450995,2.1933768769894404,-87.52274748130193,518.6749142483355,0.05895722213236845,21.971944444444443
138.0,58896.2,52.2915829,-2.1212998,80.62899999999999,3.869,58.36,-0.38,0.1,10.89996,80.12999,80.05,80.2,79.73,-1.100006,80.11,0.02957988,0.01937985,0.0,5.0,3.0,3307.0,85.0,0.0,0.0,0.0,13.8,10.5,17.0,0.15112446126203594,2.2345900298899495,-87.37162302003989,520.9095042782255,0.06752678875966062,22.39694444444444
138.0,58896.3,52.2916027,-2.1212972,79.492,4.526,58.33,-0.38,0.1,11.09998,80.12999,80.09999,80.23999,79.81999,-1.100006,80.16,0.02957988,0.009180069,0.0,5.0,3.0,3272.0,85.0,0.0,0.0,0.0,13.8,10.5,13.5,0.17424530335068167,2.2012253981072853,-87.1973777166892,523.1107296763329,0.07899360194526335,22.081111111111113
138.0,58896.4,52.2916225,-2.1212951,79.704,3.879,58.32,-0.34,0.1,11.70001,80.28,80.2,80.42,79.78,-1.100006,80.21,0.01937985,0.009180069,0.0,5.0,3.0,3138.0,85.0,0.0,0.0,0.0,13.8,10.5,11.0,0.14977624920007776,2.2089280375728757,-87.04760146748913,525.3196577139057,0.06770132168486004,22.139999999999997
138.0,58896.5,52.2916426,-2.1212927,80.49600000000001,4.107,58.28,-0.35,0.1,12.29999,80.45999,80.31,80.56,79.89999,-1.299988,80.25999,0.009180069,0.0,0.0,5.0,3.0,3051.0,85.0,0.0,0.0,0.0,13.8,10.5,8.5,0.16014076414442063,2.2302580423931313,-86.88746070334471,527.5499157562988,0.07168067237940712,22.360000000000003
138.0,58896.6,52.2916626,-2.1212904,80.388,3.981,58.22,-0.38,0.1,12.79999,80.61,80.37999,80.73999,80.11,-1.399994,80.50999,0.0,-0.009180069,0.0,5.0,3.0,2973.0,85.0,0.0,0.0,0.0,13.8,10.5,8.0,0.15502751027633785,2.2276120557802517,-86.73243319306837,529.777527812079,0.06948155752189426,22.330000000000002
138.0,58896.7,52.2916828,-2.1212877000000003,80.78,4.488,58.19,-0.38,0.1,13.89996,80.62999,80.40999000000001,80.62999,80.15999000000001,-1.799988,80.57,0.0,-0.009180069,0.0,5.0,3.0,2867.0,85.0,0.0,0.0,0.0,13.8,10.5,7.5,0.17558497901492573,2.237008551799331,-86.55684821405345,532.0145363638784,0.07833037682950551,22.43888888888889
138.0,58896.8,52.2917028,-2.1212851,80.543,4.632,58.14,-0.39,0.1,15.29999,80.86,80.53999,80.81,80.26999,-2.199982,80.66,0.0,-0.02958012,0.0,5.0,3.0,2752.0,85.0,0.0,0.0,0.0,13.8,10.5,7.5,0.18067499310415133,2.2299983622833826,-86.3761732209493,534.2445347261618,0.08084365095237733,22.373055555555556
138.0,58896.9,52.291723000000005,-2.1212824,81.097,4.613,58.11,-0.37,0.1,15.70001,80.89999,80.56999,80.86,80.06,-2.899994,80.67,0.009180069,-0.03978014,0.0,6.0,3.0,2599.0,85.0,0.0,0.0,0.0,13.7,10.5,7.5,0.18117314040746907,2.2453971927536025,-86.19500008054183,536.4899319189153,0.08051203839449843,22.526944444444442
138.0,58897.0,52.291743,-2.1212793,80.557,5.327000000000001,58.06,-0.39,0.1,15.09998,80.92999,80.75,81.14,80.3,-2.799988,80.75999,0.009180069,-0.05915999,0.0,6.0,3.0,2506.0,85.0,0.0,0.0,0.0,13.8,10.5,7.5,0.20774710777701189,2.228029974194202,-85.98725297276482,538.7179618931095,0.09297368925373795,22.376944444444444
138.0,58897.1,52.2917634,-2.1212762,81.781,5.343,58.05,-0.35,0.1,14.39996,80.92,80.64,81.12,80.37,-2.600006,80.88,0.0,-0.04997993,0.0,6.0,3.0,2487.0,85.0,0.0,0.0,0.0,13.8,10.5,7.5,0.21153528971913477,2.2618241465956626,-85.77571768304568,540.9797860397052,0.09325294193405703,22.716944444444447
138.0,58897.2,52.2917834,-2.121273,80.84899999999999,5.513999999999999,58.0,-0.38,0.1,13.39996,80.98,80.70999,81.17,80.55,-2.600006,80.91,0.0,-0.03978014,0.0,6.0,3.0,2491.0,85.0,0.0,0.0,0.0,13.8,10.5,7.5,0.2157971445196386,2.2354136498154804,-85.55992053852604,543.2151996895207,0.09623745495496731,22.458055555555553
138.0,58897.3,52.2918036,-2.1212696,80.96,5.872999999999999,57.95,-0.4,0.1,12.70001,80.98999,80.75,81.03999,80.34999,-2.299988,80.84,-0.009180069,-0.01938009,0.0,6.0,3.0,2503.0,85.0,0.0,0.0,0.0,13.8,10.5,6.0,0.2301148180546545,2.2370848006009014,-85.32980572047138,545.4522844901215,0.10250318696962696,22.488888888888887
138.0,58897.4,52.2918238,-2.1212661,81.461,6.1,57.92,-0.38,0.1,12.59998,81.0,80.84999,81.14,80.39,-1.699982,80.87,-0.009180069,-0.009180069,0.0,6.0,3.0,2498.0,85.0,0.0,0.0,0.0,13.7,10.5,4.0,0.24045493097558035,2.249993424084305,-85.08935078949581,547.7022779142059,0.1064650843716541,22.628055555555555
138.0,58897.5,52.2918438,-2.1212626,80.744,5.985,57.87,-0.4,0.1,12.39996,80.95999,80.73,81.23999,80.42,-1.799988,80.93,-0.009180069,0.0,0.0,6.0,3.0,2471.0,85.0,0.0,0.0,0.0,13.8,10.5,2.5,0.2338617505414649,2.23066341018427,-84.85548903895435,549.9329413243902,0.10445795573186063,22.42888888888889
138.0,58897.6,52.2918641,-2.1212588,81.554,6.487,57.85,-0.37,0.1,12.0,80.95999,80.72,81.2,80.67,-1.699982,80.84,-0.009180069,-0.009180069,0.0,6.0,3.0,2449.0,85.0,0.0,0.0,0.0,13.8,10.5,1.5,0.25593859969429683,2.2508847707263375,-84.59955043926004,552.1838260951165,0.11321950857687216,22.65388888888889
138.0,58897.7,52.2918842,-2.121255,81.018,6.5120000000000005,57.78,-0.41,0.1,12.09998,80.94,80.76999,81.09999,80.56999,-1.600006,80.89,-0.01938009,-0.009180069,0.0,6.0,3.0,2374.0,85.0,0.0,0.0,0.0,13.8,10.5,1.5,0.25523214074664674,2.2359800545465256,-84.3443182985134,554.419806149663,0.11365584088987075,22.505
138.0,58897.8,52.29190429999999,-2.1212511,81.07600000000001,6.694,57.76,-0.4,0.1,12.09998,81.01999,80.81999,81.12,80.39,-1.399994,80.91,-0.01938009,-0.01938009,0.0,6.0,3.0,2278.0,85.0,0.0,0.0,0.0,13.7,10.5,1.0,0.26252123203617567,2.2367581584785454,-84.08179706647722,556.6565643081416,0.11683234012850043,22.521111111111114
138.0,58897.9,52.2919243,-2.121247,80.975,7.162999999999999,57.72,-0.39,0.1,12.0,80.95999,80.84,81.09999,80.42,-1.5,80.83,-0.009180069,0.0,0.0,6.0,3.0,2189.0,85.0,0.0,0.0,0.0,13.8,10.5,0.5,0.28047159541782474,2.23175069539966,-83.8013254710594,558.8883150035413,0.12501793432035382,22.493055555555554
138.0,58898.0,52.291944400000006,-2.121243,81.032,6.91,57.68,-0.4,0.1,11.39996,80.92999,80.72,81.14999,80.56,-1.600006,80.85,-0.009180069,0.0,0.0,6.0,3.0,2072.0,85.0,0.0,0.0,0.0,13.8,10.5,0.0,0.27080468047178585,2.2345392400130346,-83.53052079058762,561.1228542435543,0.12060225131280818,22.508888888888887
138.0,58898.1,52.2919645,-2.1212385,81.31,7.695,57.64,-0.39,0.1,11.20001,80.8,80.67,81.05,80.62,-1.5,80.8,-0.009180069,0.0,0.0,6.0,3.0,1979.0,85.0,0.0,0.0,0.0,13.8,10.5,0.0,0.30242736218741056,2.238272066089137,-83.2280934284002,563.3611263096435,0.13430308594096366,22.586111111111112
138.0,58898.2,52.2919846,-2.1212344,80.97800000000001,7.225,57.62,-0.38,0.1,11.0,80.73999,80.64999,80.92,80.45,-1.299988,80.65,-0.01938009,0.01937985,0.0,6.0,3.0,1918.0,85.0,0.0,0.0,0.0,13.8,10.5,0.0,0.28289689790550265,2.2315285610119884,-82.9451965304947,565.5926548706555,0.1261000384565903,22.49388888888889
138.0,58898.3,52.2920047,-2.1212301,81.086,7.423999999999999,57.57,-0.39,0.1,10.89996,80.7,80.61,80.92999,80.19,-1.299988,80.66,-0.02958012,0.009180069,0.0,6.0,3.0,1876.0,85.0,0.0,0.0,0.0,13.8,10.5,0.0,0.29103336556423065,2.233507395760865,-82.65416316493047,567.8261622664163,0.129573243668059,22.523888888888887
138.0,58898.4,52.2920247,-2.1212255,81.13,7.78,57.51,-0.41,0.1,11.0,80.8,80.61,80.89,80.2,-1.600006,80.72,-0.02958012,0.0,0.0,6.0,3.0,1846.0,85.0,0.0,0.0,0.0,13.8,10.5,0.0,0.30507072298374993,2.2328669673990045,-82.34909244194671,570.0590292338153,0.13578661580515886,22.536111111111108
138.0,58898.5,52.2920447,-2.1212212,80.863,7.649,57.48,-0.4,0.1,11.0,80.70999,80.53,80.78,80.25999,-1.299988,80.67,-0.03978014,0.0,0.0,6.0,3.0,1837.0,85.0,0.0,0.0,0.0,13.7,10.5,0.0,0.2989775564220673,2.226207964905565,-82.05011488552464,572.2852371987209,0.13350023448504628,22.461944444444445
138.0,58898.6,52.2920648,-2.1212166,81.19800000000001,7.976,57.44,-0.4,0.1,11.0,80.53999,80.40999000000001,80.75999,80.33,-1.100006,80.52,-0.03978014,0.0,0.0,6.0,3.0,1845.0,85.0,0.0,0.0,0.0,13.8,10.5,0.0,0.31296931462316024,2.233680921283143,-81.73714557090148,574.5189181200041,0.13920746113906773,22.555000000000003
137.0,58898.7,52.2920846,-2.121212,80.168,8.129,57.41,-0.39,0.1,11.0,80.53,80.40999000000001,80.65999000000001,80.03,-1.0,80.39,-0.03978014,0.009180069,0.0,6.0,3.0,1871.0,85.0,0.0,0.0,0.0,13.8,10.5,0.0,0.3148872327136482,2.2045135867421486,-81.42225833818783,576.7234317067462,0.14187781489461904,22.268888888888892
137.0,58898.8,52.2921047,-2.1212073,81.119,8.072000000000001,57.37,-0.38,0.1,11.0,80.42,80.34999,80.56,79.87999,-1.299988,80.29,-0.03978014,0.009180069,0.0,6.0,3.0,1884.0,85.0,0.0,0.0,0.0,13.8,10.5,0.0,0.31640330369016234,2.2309806982830405,-81.10585503449767,578.9544124050292,0.1408829772209823,22.533055555555556
137.0,58898.9,52.2921245,-2.1212027,80.377,8.187000000000001,57.33,-0.38,0.1,11.0,80.3,80.14999,80.51999,79.97,-1.100006,80.22,-0.03978014,0.01937985,0.0,6.0,3.0,1896.0,85.0,0.0,0.0,0.0,13.8,10.5,0.0,0.3179454165890154,2.2099400884012947,-80.78790961790865,581.1643524934304,0.14289010586077577,22.326944444444443
137.0,58899.0,52.2921445,-2.1211977,80.687,8.625,57.33,-0.34,0.1,11.0,80.14,80.09999,80.39999,79.84999,-1.299988,80.08,-0.03978014,0.0,0.0,6.0,3.0,1904.0,85.0,0.0,0.0,0.0,13.8,10.5,0.0,0.33612132237192305,2.2159587202859057,-80.45178829553673,583.3803112137164,0.1505346479845109,22.413055555555555
137.0,58899.1,52.2921643,-2.1211929,80.49600000000001,8.517000000000001,57.28,-0.36,0.1,11.0,80.06999,79.98999,80.22,79.78999,-1.299988,79.98,-0.03978014,0.009180069,0.0,6.0,3.0,1915.0,85.0,0.0,0.0,0.0,13.8,10.5,0.0,0.3311579760278735,2.211341311266337,-80.12063031950886,585.5916525249827,0.14864969239235706,22.360000000000003
137.0,58899.2,52.2921841,-2.1211878,80.309,8.908,57.24,-0.35,0.1,11.09998,80.06,79.92999,80.25,79.56,-1.299988,80.0,-0.03978014,0.0,0.0,6.0,3.0,1924.0,85.0,0.0,0.0,0.0,13.8,10.5,2.0,0.3454365148575351,2.2038981466711682,-79.77519380465132,587.7955506716538,0.15547392976765487,22.308055555555555
137.0,58899.3,52.2922039,-2.1211830000000003,80.075,8.545,57.22,-0.34,0.1,11.09998,79.92999,79.81999,80.19,79.55,-1.199982,79.93,-0.03978014,0.0,0.0,6.0,3.0,1973.0,85.0,0.0,0.0,0.0,13.8,10.5,4.5,0.33050096934984907,2.1996145829972398,-79.44469283530148,589.995165254651,0.14913838458291545,22.243055555555557
137.0,58899.4,52.29222360000001,-2.1211778,80.093,9.052,57.17,-0.36,0.1,11.09998,79.92,79.67,80.09,79.5,-1.299988,79.87,-0.02958012,0.0,0.0,6.0,3.0,2013.0,85.0,0.0,0.0,0.0,13.8,10.5,5.0,0.3500304334374352,2.197097734671461,-79.09466240186404,592.1922629893226,0.1579872038905267,22.248055555555556
137.0,58899.5,52.2922434,-2.1211728,80.057,8.847000000000001,57.13,-0.35,0.1,11.09998,79.92,79.84999,80.01999,79.67,-1.600006,79.84,-0.01938009,0.0,0.0,6.0,3.0,1972.0,85.0,0.0,0.0,0.0,13.7,10.5,6.0,0.34201336247447844,2.1973479489622605,-78.75264903938957,594.3896109382848,0.15440927892393835,22.238055555555555
137.0,58899.6,52.2922631,-2.1211674,80.20100000000001,9.37,57.1,-0.34,0.1,11.09998,79.70999,79.48,80.09,79.58,-1.299988,79.65,-0.009180069,0.0,0.0,6.0,3.0,1985.0,85.0,0.0,0.0,0.0,13.8,10.5,6.0,0.362707623217557,2.198081157151407,-78.38994141617201,596.5876920954362,0.16353735091186866,22.278055555555557
137.0,58899.7,52.2922829,-2.1211625,80.006,8.807,57.06,-0.35,0.1,11.09998,79.90999000000001,79.75999,80.20999,79.39999,-1.5,79.75,-0.009180069,0.0,0.0,6.0,3.0,1971.0,85.0,0.0,0.0,0.0,13.8,10.5,6.5,0.3402623400174699,2.1961862201149125,-78.04967907615453,598.7838783155511,0.1537111472231406,22.22388888888889
137.0,58899.8,52.2923026,-2.1211568,80.158,9.814,57.03,-0.35,0.1,11.20001,79.94,79.81999,79.92,79.25999,-1.699982,79.87,-0.01938009,0.0,0.0,6.0,3.0,1982.0,85.0,0.0,0.0,0.0,13.8,10.5,7.0,0.3795264754381136,2.194027505425805,-77.67015260071642,600.9779058209768,0.1712866127907235,22.266111111111112
137.0,58899.9,52.2923222,-2.1211515,79.855,9.468,57.0,-0.34,0.1,11.39996,79.84999,79.72,79.90999000000001,79.47,-1.5,79.79,-0.009180069,0.0,0.0,6.0,3.0,1985.0,85.0,0.0,0.0,0.0,13.8,10.5,7.5,0.36488574226937565,2.1879773738438715,-77.30526685844704,603.1658831948207,0.16524777357882312,22.181944444444444
137.0,58900.0,52.2923419,-2.1211460000000004,80.11399999999999,9.758,56.97,-0.34,0.1,11.59998,79.81,79.69,80.05,79.58,-1.600006,79.74,-0.009180069,0.009180069,0.0,6.0,3.0,1985.0,85.0,0.0,0.0,0.0,13.8,10.5,8.0,0.3771747353725315,2.1931928610559495,-76.9280921230745,605.3590760558767,0.17030922840960666,22.253888888888884
137.0,58900.1,52.2923617,-2.1211403,80.27600000000001,9.979,56.94,-0.33,0.1,11.89996,79.92999,79.75,80.06,79.5,-1.699982,79.75,-0.009180069,-0.009180069,0.0,6.0,3.0,1978.0,85.0,0.0,0.0,0.0,13.8,10.5,9.5,0.3864112355777095,2.1961536407568194,-76.5416808874968,607.5552296966335,0.17416640605651412,22.298888888888893
137.0,58900.2,52.2923813,-2.1211346,79.704,9.99,56.91,-0.33,0.1,11.79999,79.95999,79.84,80.12999,79.31,-1.600006,79.88,-0.009180069,-0.009180069,0.0,6.0,3.0,1979.0,85.0,0.0,0.0,0.0,13.8,10.5,12.5,0.38407651413024624,2.180431432376069,-76.15760437336655,609.7356611290096,0.17435839227423353,22.139999999999997
137.0,58900.3,52.2924009,-2.1211288,80.028,10.203,56.87,-0.33,0.1,12.0,79.98,79.86,80.17,79.51999,-1.600006,79.92,0.0,-0.009180069,0.0,6.0,3.0,1987.0,85.0,0.0,0.0,0.0,13.8,10.5,15.0,0.3937739336304388,2.187846221559736,-75.76383043973611,611.9235073505694,0.17807594358098144,22.23
137.0,58900.4,52.2924206,-2.1211229,80.132,10.389,56.84,-0.33,0.1,12.09998,80.0,79.81999,80.11,79.65999000000001,-1.600006,79.93,0.0,-0.009180069,0.0,6.0,3.0,1983.0,85.0,0.0,0.0,0.0,13.8,10.5,15.0,0.40139523282095974,2.189397911012893,-75.36243520691515,614.1129052615822,0.18132225598969087,22.25888888888889
138.0,58900.5,52.2924403,-2.121117,80.197,10.49,56.8,-0.33,0.1,12.20001,80.06999,79.83,80.23999,79.75,-1.600006,79.98,0.0,0.0,0.0,6.0,3.0,1998.0,84.0,0.0,0.0,0.0,13.8,10.5,15.5,0.40558276610304667,2.1904623159618253,-74.9568524408121,616.303367577544,0.18308503853420519,22.276944444444446
138.0,58900.6,52.29246,-2.1211108,80.12899999999999,10.949000000000002,56.79,-0.3,0.1,12.29999,80.22,80.09,80.37999,79.64999,-1.699982,80.1,0.009180069,0.0,0.0,6.0,3.0,1992.0,85.0,0.0,0.0,0.0,13.8,10.5,15.5,0.4227587253237619,2.1852884091818643,-74.53409371548834,618.4886559867259,0.19109609980085918,22.258055555555554
138.0,58900.7,52.2924798,-2.1211046,80.658,10.74,56.74,-0.32,0.1,12.29999,80.37999,80.17999,80.47,79.62999,-1.699982,80.25,0.009180069,0.0,0.0,6.0,3.0,1998.0,85.0,0.0,0.0,0.0,13.8,10.5,15.5,0.4175229179098768,2.201253021126836,-74.11657079757846,620.6899090078527,0.187448361664191,22.405
138.0,58900.8,52.2924994,-2.1210982,80.24,11.278,56.71,-0.32,0.1,12.09998,80.39999,80.25999,80.50999,79.89999,-1.799988,80.37,0.009180069,-0.009180069,0.0,6.0,3.0,2012.0,85.0,0.0,0.0,0.0,13.8,10.5,18.5,0.4359029102464067,2.1858486525491787,-73.68066788733205,622.875757660402,0.19683823303992048,22.288888888888888
138.0,58900.9,52.29251910000001,-2.1210918000000003,80.633,11.255999999999998,56.68,-0.31,0.1,12.09998,80.47,80.34999,80.59,80.06,-1.799988,80.42,0.009180069,-0.009180069,0.0,6.0,3.0,2023.0,85.0,0.0,0.0,0.0,13.8,10.5,21.0,0.4371944297310103,2.196722549005611,-73.24347345760104,625.0724802094076,0.1964542606044817,22.398055555555555
138.0,58901.0,52.2925389,-2.1210854,80.654,11.314,56.66,-0.3,0.1,12.09998,80.78,80.55,80.73,80.2,-1.799988,80.53,0.01937985,-0.01938009,0.0,6.0,3.0,1999.0,85.0,0.0,0.0,0.0,13.8,10.5,22.5,0.43953236942516327,2.19685085285376,-72.80394108817588,627.2693310622614,0.19746655157063844,22.403888888888886
138.0,58901.1,52.2925586,-2.1210787,80.773,11.674,56.63,-0.3,0.1,12.0,80.81,80.7,80.83,80.17999,-1.699982,80.64,0.01937985,-0.009180069,0.0,6.0,3.0,2012.0,85.0,0.0,0.0,0.0,13.7,10.5,23.0,0.4539956793661629,2.197283022996291,-72.34994540880972,629.4666140852577,0.20374973687781803,22.436944444444443
138.0,58901.2,52.2925784,-2.1210718,80.834,11.970999999999998,56.6,-0.3,0.1,11.20001,80.92999,80.81999,81.08,80.34,-1.699982,80.87,0.01937985,0.0,0.0,6.0,3.0,2033.0,85.0,0.0,0.0,0.0,13.8,10.5,23.5,0.4657308823457708,2.1965577633140247,-71.88421452646395,631.6631718485717,0.20893336475624116,22.45388888888889
138.0,58901.3,52.2925981,-2.121065,80.92399999999999,12.082,56.58,-0.28,0.1,10.59998,81.17,80.98999,81.17,80.50999,-1.600006,81.09,0.02957988,0.0,0.0,6.0,3.0,2045.0,85.0,0.0,0.0,0.0,13.8,10.5,23.5,0.4705087094628502,2.1980959967912517,-71.4137058170011,633.8612678453629,0.2108706802259549,22.478888888888886
138.0,58901.4,52.292618,-2.1210581000000004,81.252,12.002,56.54,-0.29,0.1,10.39996,81.59,81.31,81.22,80.90999000000001,-1.299988,81.25999,0.02957988,0.02957988,0.0,6.0,3.0,2051.0,85.0,0.0,0.0,0.0,13.8,10.5,25.0,0.46933374842924125,2.207662753362786,-70.94437206857187,636.0689305987257,0.20947441682435944,22.569999999999997
138.0,58901.5,52.2926378,-2.121051,81.374,12.228,56.51,-0.3,0.1,10.5,81.81999,81.69,81.62999,81.25,-1.100006,81.57,0.0397799,0.009180069,0.0,6.0,3.0,2046.0,85.0,0.0,0.0,0.0,13.7,10.5,26.5,0.478755851989775,2.209106326820393,-70.46561621658209,638.2780369255461,0.2134188609338666,22.603888888888886
138.0,58901.6,52.2926577,-2.121044,81.414,12.265,56.48,-0.29,0.1,10.5,81.87999,81.95,81.89,81.08,-1.0,81.85,0.05915999,0.0,0.0,6.0,3.0,2038.0,85.0,0.0,0.0,0.0,13.7,10.5,26.5,0.4804183679113284,2.2098824497636556,-69.98519784867077,640.4879193753097,0.21406463275710452,22.615
138.0,58901.7,52.292677700000006,-2.1210368,81.882,12.298,56.46,-0.28,0.1,10.5,82.12,82.0,82.19,81.34999,-1.0,81.99,0.05915999,0.0,0.0,6.0,3.0,2045.0,85.0,0.0,0.0,0.0,13.7,10.5,26.5,0.4844600407268326,2.2223070712525206,-69.50073780794393,642.7102264465623,0.21464059141026265,22.745
138.0,58901.8,52.2926977,-2.1210294,82.12,12.883,56.45,-0.25,0.1,10.5,82.26999,82.14,82.42,81.98999,-1.0,82.15,0.05915999,0.009180069,0.0,6.0,3.0,2052.0,85.0,0.0,0.0,0.0,13.8,10.5,18.5,0.5085985606022584,2.2236895928586526,-68.99213924734168,644.933916039421,0.22485076753442945,22.811111111111114
138.0,58901.9,52.2927178,-2.1210219,82.436,12.761,56.42,-0.26,0.1,10.5,82.5,82.45,82.58,82.09,-0.6999816999999999,82.41,0.05915999,0.009180069,0.0,6.0,3.0,2048.0,85.0,0.0,0.0,0.0,13.8,10.5,13.0,0.5058013818681689,2.233328476860724,-68.48633786547352,647.1672445162817,0.22272146584699637,22.89888888888889
138.0,58902.0,52.2927379,-2.1210145,82.714,12.79,56.4,-0.26,0.1,10.59998,82.70999,82.67999,82.87999,82.14,-1.100006,82.66,0.04997993,0.009180069,0.0,6.0,3.0,2046.0,85.0,0.0,0.0,0.0,13.8,10.5,12.0,0.5086412385685646,2.2406028002144134,-67.97769662690496,649.4078473164961,0.22322761133007474,22.97611111111111
137.0,58902.1,52.2927581,-2.1210071,82.789,12.612,56.34,-0.29,0.1,10.70001,82.84,82.75,82.92,82.22,-1.199982,82.78,0.0397799,0.009180069,0.0,6.0,3.0,2057.0,85.0,0.0,0.0,0.0,13.8,10.5,12.0,0.5021328365883162,2.2442052384370763,-67.47556379031664,651.6520525549332,0.22012092526152485,22.996944444444445
137.0,58902.2,52.2927783,-2.1209993000000003,82.991,13.21,56.34,-0.27,0.1,10.89996,82.92999,82.83,83.0,82.42,-1.299988,82.87,0.01937985,0.0,0.0,6.0,3.0,2057.0,85.0,0.0,0.0,0.0,13.8,10.5,12.0,0.5268102426103994,2.2443049420156966,-66.94875354770625,653.8963574969489,0.23055799418845094,23.053055555555556
137.0,58902.3,52.2927985,-2.1209917,83.185,13.023,56.29,-0.28,0.1,11.09998,83.09999,82.89,83.05,82.58,-1.299988,82.91,0.009180069,0.0,0.0,6.0,3.0,2055.0,85.0,0.0,0.0,0.0,13.7,10.5,13.0,0.5206969082236748,2.251262655789574,-66.42805663948258,656.1476201527385,0.22729422848722153,23.106944444444444
137.0,58902.4,52.2928187,-2.1209839,83.146,13.267,56.27,-0.28,0.1,11.29999,83.12999,83.0,83.3,82.56999,-1.100006,83.05,0.009180069,0.0,0.0,6.0,3.0,2066.0,85.0,0.0,0.0,0.0,13.8,10.5,13.0,0.5300307791064975,2.247970386319104,-65.89802586037608,658.3955905390576,0.2315528318620877,23.09611111111111
137.0,58902.5,52.292839,-2.120976,83.24600000000001,13.476,56.24,-0.27,0.1,11.5,83.06999,83.00999,83.19,82.64999,-1.199982,83.1,0.0,0.009180069,0.0,6.0,3.0,2069.0,85.0,0.0,0.0,0.0,13.8,10.5,11.0,0.5388745698241791,2.2487233203428114,-65.3591512905519,660.6443138594004,0.23520056999875585,23.123888888888892
137.0,58902.6,52.2928591,-2.120968,83.214,13.625,56.22,-0.27,0.1,12.0,83.17999,83.03999,83.34,82.73999,-1.600006,83.11,0.009180069,0.009180069,0.0,6.0,3.0,2065.0,85.0,0.0,0.0,0.0,13.8,10.5,6.0,0.5445112451726306,2.246450478840019,-64.81464004537928,662.8907643382405,0.2378011105842274,23.115
138.0,58902.7,52.2928795,-2.1209601,83.603,13.477,56.2,-0.26,0.1,12.29999,83.31999,83.06,83.39999,82.84,-1.600006,83.14,0.0,0.0,0.0,6.0,3.0,2061.0,85.0,0.0,0.0,0.0,13.8,10.5,4.5,0.5412249462246543,2.2583575117656456,-64.27341509915462,665.1491218500062,0.2352180232912758,23.223055555555554
138.0,58902.8,52.2928997,-2.120952,83.365,13.797,56.17,-0.25,0.1,12.20001,83.28999,83.17999,83.55,82.78999,-1.899994,83.18,0.0,-0.009180069,0.0,6.0,3.0,2066.0,85.0,0.0,0.0,0.0,13.8,10.5,3.5,0.5522528522476241,2.248879175770728,-63.72116224690699,667.3980010257769,0.24080307689765765,23.15694444444444
137.0,58902.9,52.2929199,-2.1209438,83.405,13.970999999999998,56.14,-0.26,0.1,12.20001,83.3,83.08,83.48999,82.64999,-1.799988,83.23,0.0,-0.009180069,0.0,6.0,3.0,2062.0,85.0,0.0,0.0,0.0,13.7,10.5,3.0,0.5593481117631031,2.248269928660733,-63.16181413514389,669.6462709544377,0.24383994979612775,23.168055555555554
138.0,58903.0,52.2929401,-2.1209355,83.56,14.14,56.13,-0.24,0.1,12.29999,83.25999,83.0,83.45999,82.78999,-1.699982,83.13,0.0,-0.009180069,0.0,6.0,3.0,2059.0,85.0,0.0,0.0,0.0,13.8,10.5,2.0,0.5670289933823723,2.250785398652486,-62.59478514176152,671.8970563530902,0.24678955623199822,23.211111111111112
138.0,58903.1,52.2929603,-2.1209271000000003,83.412,14.358,56.1,-0.23,0.1,12.20001,83.39999,83.06999,83.59999,82.95999,-1.600006,83.18999000000001,0.0,-0.009180069,0.0,6.0,3.0,2070.0,85.0,0.0,0.0,0.0,13.7,10.5,1.5,0.5745692241078174,2.2446289686066474,-62.0202159176537,674.1416853216969,0.2505943740013458,23.17
138.0,58903.2,52.2929805,-2.1209185,83.46600000000001,14.515999999999998,56.07,-0.24,0.1,12.09998,83.25999,83.06,83.47,82.62999,-1.600006,83.23,-0.009180069,0.0,0.0,6.0,3.0,2069.0,85.0,0.0,0.0,0.0,13.8,10.5,1.0,0.581132841371379,2.24448810883008,-61.43908307628232,676.3861734305269,0.25335199421949683,23.185000000000002
138.0,58903.3,52.2930006,-2.1209099,83.444,14.655,56.06,-0.23,0.1,12.09998,83.23,83.01999,83.37999,82.7,-1.699982,83.18999000000001,-0.009180069,0.0,0.0,6.0,3.0,2065.0,85.0,0.0,0.0,0.0,13.8,10.5,1.0,0.5864216612473959,2.242480442825402,-60.85266141503493,678.6286538733523,0.25577800187976896,23.17888888888889
138.0,58903.4,52.2930208,-2.1209012,83.426,14.868,56.04,-0.22,0.1,12.20001,83.14999,82.97,83.31999,82.69,-1.600006,83.00999,-0.009180069,0.0,0.0,6.0,3.0,2049.0,85.0,0.0,0.0,0.0,13.8,10.5,1.0,0.5946258294084266,2.23980163973197,-60.2580355856265,680.8684555130842,0.2594955531865169,23.17388888888889
138.0,58903.5,52.2930409,-2.1208924,83.275,15.11,56.01,-0.23,0.1,12.59998,83.12,82.89999,83.42,82.78,-1.5,83.0,-0.01938009,-0.01938009,0.0,6.0,3.0,2061.0,85.0,0.0,0.0,0.0,13.8,10.5,1.0,0.6029873618716297,2.2332207188792905,-59.655048223754875,683.1016762319634,0.26371924997634316,23.131944444444446
138.0,58903.6,52.293061,-2.1208835,83.459,15.11,55.99,-0.23,0.1,12.20001,83.09999,82.87999,83.31,82.40999000000001,-2.0,83.03,-0.02958012,-0.01938009,0.0,6.0,3.0,2052.0,85.0,0.0,0.0,0.0,13.8,10.5,1.0,0.6043196905967498,2.2381551243103774,-59.05072853315812,685.3398313562739,0.26371924997634316,23.183055555555555
138.0,58903.7,52.293081,-2.1208745,83.272,15.387,55.96,-0.24,0.1,12.09998,82.87999,82.73,83.17,82.48,-1.799988,82.86,-0.02958012,-0.009180069,0.0,6.0,3.0,2049.0,85.0,0.0,0.0,0.0,13.8,10.5,1.0,0.6137548056589672,2.230199105657655,-58.43697372749915,687.5700304619315,0.2685538120043675,23.131111111111114
138.0,58903.8,52.293101,-2.1208654,83.196,15.611,55.94,-0.22,0.1,12.0,82.92,82.64,83.09999,82.50999,-1.699982,82.78,-0.02958012,-0.009180069,0.0,6.0,3.0,2059.0,85.0,0.0,0.0,0.0,13.8,10.5,1.0,0.621901030097187,2.2257493364626795,-57.815072697401966,689.7957797983942,0.2724633495288348,23.11
138.0,58903.9,52.293121000000006,-2.1208562,83.20700000000001,15.709,55.91,-0.24,0.1,11.89996,82.84,82.67,83.17,82.53,-1.600006,82.73,-0.02958012,-0.009180069,0.0,6.0,3.0,2048.0,85.0,0.0,0.0,0.0,13.8,10.5,1.0,0.6257898203317367,2.2249765104178403,-57.18928287707023,692.020756308812,0.2741737721957892,23.113055555555558
138.0,58904.0,52.2931409,-2.120847,82.912,15.803,55.88,-0.25,0.1,11.5,82.61,82.5,82.87999,82.06,-1.399994,82.67,-0.02958012,0.0,0.0,6.0,3.0,2044.0,85.0,0.0,0.0,0.0,13.8,10.5,1.0,0.627207695895927,2.21606211472792,-56.5620751811743,694.23681842354,0.2758143816926639,23.031111111111112
138.0,58904.1,52.2931609,-2.1208376,83.10600000000001,16.022000000000002,55.86,-0.23,0.1,11.59998,82.48999,82.39999,82.81,82.06,-1.600006,82.54,-0.02958012,0.0,0.0,6.0,3.0,2046.0,85.0,0.0,0.0,0.0,13.8,10.5,1.0,0.6371608516958283,2.218828136441903,-55.92491432947847,696.4556465599818,0.27963665275453153,23.085
138.0,58904.2,52.2931807,-2.1208282,82.63799999999999,16.14,55.83,-0.25,0.1,11.59998,82.61,82.28999,82.81999,82.17999,-1.299988,82.43999000000001,-0.02958012,-0.009180069,0.0,6.0,3.0,2048.0,85.0,0.0,0.0,0.0,13.8,10.5,1.0,0.6381153389096117,2.205023597208944,-55.286798990568855,698.6606701571908,0.2816961412718848,22.955
138.0,58904.3,52.2932006,-2.120819,82.73899999999999,15.933,55.8,-0.26,0.1,11.59998,82.55,82.39999,82.78,82.2,-1.399994,82.46,-0.02958012,0.0,0.0,6.0,3.0,2049.0,85.0,0.0,0.0,0.0,13.8,10.5,1.0,0.6309149746463678,2.210012380387156,-54.65588401592249,700.870682537578,0.2780833097202565,22.983055555555552
138.0,58904.4,52.2932203,-2.1208094,82.447,16.505,55.77,-0.26,0.1,11.59998,82.34,82.17,82.45,81.75999,-1.5,82.35,-0.02958012,0.0,0.0,6.0,3.0,2036.0,85.0,0.0,0.0,0.0,13.8,10.5,1.0,0.6506419890975953,2.1958268591551846,-54.005242026824895,703.0665093967332,0.2880665930416641,22.901944444444446
138.0,58904.5,52.2932402,-2.1208,82.685,16.239,55.74,-0.27,0.1,11.5,82.17999,82.06999,82.44,81.72,-1.299988,82.25999,-0.02958012,0.0,0.0,6.0,3.0,2059.0,85.0,0.0,-0.230011,0.0,13.8,10.5,13.0,0.6422894833953031,2.205171190531624,-53.36295254342959,705.2716805872648,0.2834240172313592,22.968055555555555
138.0,58904.6,52.2932599,-2.1207902,82.462,16.885,55.71,-0.27,0.1,11.59998,82.39,82.14999,82.42999,81.84999,-1.299988,82.23,-0.01938009,0.0,0.0,6.0,3.0,2088.0,85.0,0.0,0.0,0.0,13.8,10.5,14.0,0.6653118693362123,2.1918620802564277,-52.69764067409338,707.4635426675212,0.2946988441992426,22.906111111111112
138.0,58904.7,52.2932797,-2.1207804,82.696,16.788,55.69,-0.27,0.1,11.79999,82.62999,82.45999,82.67,82.06999,-1.399994,82.38,0.0,-0.009180069,0.0,6.0,3.0,2109.0,85.0,0.0,0.2399902,0.0,13.8,10.5,14.0,0.663477565679451,2.1992082613136463,-52.03416310841393,709.6627509288348,0.29300587482480805,22.97111111111111
138.0,58904.8,52.2932993,-2.1207706,82.4,16.907,55.65,-0.28,0.1,12.20001,82.45999,82.37999,82.45,81.73,-1.5,82.4,0.0,0.0,0.0,6.0,3.0,2106.0,85.0,0.0,0.0,0.0,13.8,10.5,11.0,0.6656525797951147,2.189958672827211,-51.36851052861881,711.852709601662,0.2950828166346813,22.88888888888889
138.0,58904.9,52.2933191,-2.1207607,82.58,17.141,55.64,-0.26,0.1,12.29999,82.39,82.23,82.73999,81.97,-1.699982,82.32,0.009180069,0.0,0.0,6.0,3.0,2119.0,85.0,0.0,0.0,0.0,13.8,10.5,7.0,0.6760645700262126,2.191999756323703,-50.6924459585926,714.0447093579858,0.299166887084348,22.938888888888886
138.0,58905.0,52.2933388,-2.1207507,82.883,17.169,55.63,-0.24,0.1,12.29999,82.58,82.3,82.75,82.05,-1.699982,82.33,0.0,-0.01938009,0.0,6.0,3.0,2100.0,85.0,0.0,0.0,0.0,13.8,10.5,4.5,0.679620227942041,2.19971071209693,-50.01282573065056,716.2444200700827,0.29965557927490644,23.023055555555555
138.0,58905.1,52.2933585,-2.1207405,82.681,17.555,55.6,-0.24,0.1,12.29999,82.67999,82.44,82.81,82.19,-1.399994,82.5,0.0,-0.02958012,0.0,6.0,3.0,2092.0,85.0,0.0,0.0,0.0,13.8,10.5,4.0,0.6927316502366542,2.189732456694739,-49.32009408041391,718.4341525267774,0.30639255018760453,22.966944444444444
138.0,58905.2,52.29337820000001,-2.1207303,82.70299999999999,17.621,55.58,-0.24,0.1,12.89996,82.62,82.44,82.81,82.11,-1.600006,82.56,0.0,-0.009180069,0.0,6.0,3.0,2085.0,85.0,0.0,0.0,0.0,13.8,10.5,4.0,0.6954385758813288,2.1895154721450516,-48.62465550453258,720.6236679989225,0.3075444674939208,22.97305555555555
138.0,58905.3,52.2933979,-2.12072,82.68799999999999,17.833,55.56,-0.24,0.1,13.39996,82.45999,82.28,82.72,81.95,-2.0,82.48,0.0,-0.01938009,0.0,6.0,3.0,2084.0,85.0,0.0,0.0,0.0,13.8,10.5,4.0,0.7034076172051502,2.18653065195963,-47.92124788732743,722.8101986508822,0.3112445655081488,22.968888888888884
138.0,58905.4,52.2934175,-2.1207095,82.876,18.175,55.55,-0.22,0.1,13.5,82.51999,82.23,82.7,81.97,-2.100006,82.34,0.0,-0.02958012,0.0,6.0,3.0,2062.0,85.0,0.0,0.0,0.0,13.8,10.5,4.0,0.7180753847599624,2.1872547427547313,-47.20317250256747,724.9974533936369,0.3172135915499694,23.02111111111111
138.0,58905.5,52.293437100000006,-2.1206989000000003,82.721,18.324,55.55,-0.19,0.1,13.5,82.62,82.34999,82.8,82.12999,-2.299988,82.41,-0.009180069,-0.03978014,0.0,6.0,3.0,2058.0,85.0,0.0,0.0,0.0,13.8,10.5,5.5,0.722407370835326,2.1812927271929294,-46.48076513173214,727.1787461208298,0.31981413213544096,22.978055555555557
138.0,58905.6,52.2934567,-2.1206882,82.57700000000001,18.439,55.52,-0.21,0.1,14.0,82.59999,82.34999,82.70999,82.05,-2.199982,82.47,-0.009180069,-0.03978014,0.0,6.0,3.0,2045.0,85.0,0.0,0.0,0.0,13.8,10.5,6.5,0.7255188684953287,2.1760437261587344,-45.75524626323681,729.3547898469885,0.32182126077523443,22.938055555555557
138.0,58905.7,52.2934762,-2.1206774,82.588,18.76,55.51,-0.19,0.1,14.09998,82.48,82.14999,82.59999,81.75999,-2.299988,82.4,-0.009180069,-0.02958012,0.0,6.0,3.0,2048.0,85.0,0.0,0.0,0.0,13.8,10.5,6.5,0.7377969865251895,2.1722341947400157,-45.01744927671162,731.5270240417285,0.3274237676741362,22.94111111111111
138.0,58905.8,52.2934958,-2.1206665,82.685,18.833,55.49,-0.19,0.1,14.0,82.45999,82.14,82.67999,81.92999,-2.5,82.3,-0.009180069,-0.03978014,0.0,6.0,3.0,2066.0,85.0,0.0,0.0,0.0,13.8,10.5,6.5,0.7414338055375481,2.173842605166477,-44.27601547117408,733.700866646895,0.32869785802809204,22.968055555555555
138.0,58905.9,52.2935153,-2.1206556,82.66,19.031,55.47,-0.18,0.1,13.89996,82.53,82.25,82.73999,81.95,-2.299988,82.35,-0.009180069,-0.04997993,0.0,6.0,3.0,2051.0,85.0,0.0,0.0,0.0,13.7,10.5,7.5,0.7487151799374722,2.1706109310281976,-43.52730029123661,735.8714775779232,0.33215360994704085,22.96111111111111
138.0,58906.0,52.2935347,-2.1206444,82.53399999999999,19.399,55.46,-0.18,0.1,13.29999,82.51999,82.33,82.64999,81.97,-2.199982,82.4,-0.009180069,-0.02958012,0.0,6.0,3.0,2048.0,85.0,0.0,0.0,0.0,13.8,10.5,16.5,0.7614785597740364,2.162456036499836,-42.76582173146257,738.0339336144231,0.33857642159438,22.92611111111111
138.0,58906.1,52.2935541,-2.1206332,82.537,19.513,55.43,-0.18,0.1,12.39996,82.48,82.28,82.56999,81.72,-2.199982,82.37,0.0,-0.01938009,0.0,6.0,3.0,2050.0,85.0,0.0,0.0,0.0,13.7,11.25,17.5,0.7658074701881344,2.1610152091529735,-42.00001426127444,740.194948823576,0.3405660969416536,22.926944444444445
138.0,58906.2,52.2935736,-2.1206217,82.69200000000001,19.855,55.42,-0.17,0.1,10.5,82.45999,82.25,82.69,81.87,-1.399994,82.28,0.0,-0.01938009,0.0,6.0,3.0,2052.0,85.0,0.0,0.0,0.0,13.8,11.25,18.5,0.7801552500662907,2.1604552265191717,-41.21985901120814,742.3554040500952,0.34653512298347416,22.970000000000002
138.0,58906.3,52.293593,-2.1206102,82.71700000000001,20.038,55.4,-0.18,0.1,9.599976,82.59,82.45999,82.83,82.22,-0.7999878,82.42,0.0,0.0,0.0,6.0,3.0,2055.0,85.0,0.0,0.0,0.0,13.8,11.25,21.5,0.7872895971981962,2.1586048388193633,-40.43256941400995,744.5140088889145,0.34972907551462373,22.97694444444445
138.0,58906.4,52.2936124,-2.1205985000000003,82.77799999999999,20.202,55.38,-0.18,0.1,9.599976,82.56999,82.45999,82.51999,82.01999,-0.6000061,82.53,0.0,0.02957988,0.0,6.0,3.0,2054.0,85.0,0.0,0.0,0.0,13.8,11.25,25.5,0.7940501686760643,2.1579327125680243,-39.63851924533388,746.6719416014826,0.35259141548789447,22.993888888888886
138.0,58906.5,52.2936317,-2.1205869,82.595,20.152,55.35,-0.19,0.1,9.599976,82.61,82.58,82.69,82.05,-1.0,82.7,0.009180069,0.01937985,0.0,6.0,3.0,2064.0,85.0,0.0,0.0,0.0,13.7,11.25,26.5,0.7904154464598023,2.153852688614251,-38.84810379887408,748.8257942900968,0.3517187508618973,22.943055555555556
138.0,58906.6,52.293651100000005,-2.1205751000000004,82.764,20.509,55.34,-0.17,0.1,9.5,82.78999,82.7,82.92999,82.28999,-0.8999939,82.74,0.009180069,0.02957988,0.0,6.0,3.0,2056.0,85.0,0.0,0.0,0.0,13.8,11.25,26.5,0.8054650163330328,2.153282867498747,-38.04263878254105,750.9790771575956,0.3579495762915171,22.99
138.0,58906.7,52.2936704,-2.1205633,82.699,20.563,55.35,-0.14,0.1,7.899963,82.95,82.87999,83.17999,82.61,-0.5,82.81,0.02957988,0.01937985,0.0,6.0,3.0,2068.0,85.0,0.0,0.0,0.0,13.8,11.25,20.0,0.806859901504188,2.1508322609936537,-37.23577888103686,753.1299094185892,0.35889205408759395,22.971944444444443
138.0,58906.8,52.2936898,-2.1205513,82.818,20.859,55.35,-0.13,0.1,5.099976,83.06,83.12,83.22,82.75999,0.0,83.07,0.02957988,0.05915999,0.0,6.0,3.0,2065.0,85.0,0.0,0.0,0.0,13.8,11.25,13.0,0.8191376669805325,2.1497241061433185,-36.41664121405633,755.2796335247326,0.36405822867349724,23.005
138.0,58906.9,52.2937092,-2.1205394,83.088,20.644,55.34,-0.13,0.1,4.599976,83.08,83.15999000000001,83.2,82.8,0.8000183000000001,83.18999000000001,0.0397799,0.07956004,0.0,6.0,3.0,2059.0,85.0,0.0,0.0,0.0,13.8,11.25,12.5,0.8137093725172879,2.1598011614677683,-35.60293184153904,757.4394346862003,0.3603057707817094,23.08
138.0,58907.0,52.2937288,-2.1205275,83.50200000000001,20.576,55.33,-0.12,0.1,5.799988,83.25999,83.31999,83.3,82.90999000000001,0.8999939,83.21,0.01937985,0.08976007,0.0,6.0,3.0,2065.0,85.0,0.0,0.0,0.0,13.8,11.25,20.0,0.8151871659257983,2.171531748446213,-34.78774467561324,759.6109664346466,0.35911894689035323,23.195000000000004
138.0,58907.1,52.2937483,-2.1205156,83.426,20.469,55.31,-0.13,0.1,6.8999630000000005,83.23999,83.25,83.55,83.06,0.3000183,83.31,0.01937985,0.07956004,0.0,6.0,3.0,2029.0,85.0,0.0,0.0,0.0,13.7,11.25,24.0,0.810392149541489,2.171072505999559,-33.97735252607175,761.7820389406461,0.35725144459071934,23.17388888888889
138.0,58907.2,52.2937678,-2.1205037,83.635,20.535,55.31,-0.11,0.1,7.899963,83.53,83.45,83.42999,83.09999,-0.2999877999999999,83.46,0.0,0.05915999,0.0,6.0,3.0,2102.0,85.0,0.0,0.0,0.0,13.7,11.25,25.5,0.814928977175148,2.1755742204893393,-33.1624235488966,763.9576131611354,0.3584033618970356,23.231944444444444
138.0,58907.3,52.2937875,-2.1204921000000003,83.542,20.133,55.3,-0.11,0.1,8.5,83.39,83.31999,83.56,82.97,-0.3999939,83.41,0.009180069,0.04997993,0.0,6.0,3.0,2071.0,85.0,0.0,0.0,0.0,13.8,11.25,25.5,0.7987555442363659,2.178812867036546,-32.363668004660234,766.136426028172,0.35138713830401835,23.20611111111111
137.0,58907.4,52.293807,-2.1204802000000003,83.61,20.329,55.28,-0.11,0.1,8.899963,83.56,83.48,83.64,83.03999,-0.2999877999999999,83.43,0.01937985,0.02957988,0.0,6.0,3.0,2079.0,85.0,0.0,0.0,0.0,13.8,11.25,25.5,0.8068604574266649,2.177838940840491,-31.556807547233568,768.3142649690125,0.35480798363792726,23.224999999999998
137.0,58907.5,52.2938267,-2.1204683,83.79,20.457,55.28,-0.1,0.1,9.299988,83.78,83.75999,83.92999,83.34999,-0.2999877999999999,83.7,0.02957988,0.02957988,0.0,6.0,3.0,2078.0,85.0,0.0,0.0,0.0,13.8,11.25,25.5,0.8134713004028049,2.180715637909026,-30.74333624683076,770.4949806069214,0.35704200508048,23.275000000000002
137.0,58907.6,52.293846300000006,-2.1204564,83.855,20.385,55.26,-0.12,0.1,10.0,83.92,83.90999000000001,83.89999,83.50999,-0.6999816999999999,83.92,0.02957988,0.02957988,0.0,6.0,3.0,2078.0,85.0,0.0,0.0,0.0,13.8,11.25,25.5,0.811359213869919,2.183428633413596,-29.93197703296084,772.678409240335,0.3557853680190441,23.293055555555558
137.0,58907.7,52.293866,-2.1204444,84.038,20.474,55.25,-0.12,0.1,10.29999,84.09999,84.05,84.12,83.42999,-0.7999878,84.05,0.0397799,0.009180069,0.0,6.0,3.0,2095.0,85.0,0.0,0.0,0.0,13.8,11.25,25.5,0.816527907319768,2.1869279048784165,-29.115449125641074,774.8653371452134,0.35733871105331905,23.343888888888888
137.0,58907.8,52.2938857,-2.1204325,84.22200000000001,20.421,55.23,-0.12,0.1,10.39996,84.34999,84.20999,84.45,83.73999,-0.7999878,84.2,0.04997993,0.009180069,0.0,6.0,3.0,2102.0,85.0,0.0,0.0,0.0,13.8,11.25,26.0,0.8162879425429534,2.192472176530182,-28.29916118309812,777.0578093217435,0.356413686549762,23.395000000000003
137.0,58907.9,52.29390539999999,-2.1204203,84.34100000000001,20.734,55.22,-0.12,0.1,10.79999,84.5,84.5,84.67999,84.12999,-0.7999878,84.47,0.05915999,0.009180069,0.0,6.0,3.0,2088.0,85.0,0.0,0.0,0.0,13.8,11.25,25.0,0.8294231818164027,2.1910716685237683,-27.46973800128172,779.2488809902674,0.3618765671085043,23.428055555555556
137.0,58908.0,52.2939252,-2.1204081,84.766,20.605,55.21,-0.12,0.1,12.20001,84.75999,84.69,84.8,84.25999,-1.0,84.73,0.04997993,0.0,0.0,6.0,3.0,2108.0,85.0,0.0,0.0,0.0,13.8,11.25,17.0,0.8286425917171173,2.2039838791969966,-26.641095409564603,781.4528648694644,0.3596250923734316,23.546111111111113
137.0,58908.1,52.293945,-2.1203958,84.73700000000001,20.913,55.19,-0.12,0.1,13.5,84.89999,84.75,84.95,84.22,-1.699982,84.82,0.04997993,-0.009180069,0.0,6.0,3.0,2100.0,85.0,0.0,0.0,0.0,13.8,11.25,11.5,0.8401907857381179,2.198745105037181,-25.800904623826483,783.6516099745016,0.36500070646957417,23.53805555555556
137.0,58908.2,52.2939649,-2.1203835000000004,85.08200000000001,20.846,55.18,-0.13,0.1,13.70001,85.14,84.87999,85.28999,84.40999000000001,-2.299988,84.96,0.0397799,-0.02958012,0.0,6.0,3.0,2109.0,85.0,0.0,-0.230011,0.0,13.8,11.25,10.0,0.8410293638284827,2.2086821068912825,-24.959875259998,785.8602920813929,0.36383133587073796,23.63388888888889
137.0,58908.3,52.2939847,-2.1203711,85.126,20.958,55.16,-0.13,0.1,12.89996,85.09999,84.89,85.23,84.67,-2.299988,84.99,0.01937985,-0.02958012,0.0,6.0,3.0,2103.0,85.0,0.0,0.0,0.0,13.8,11.25,10.0,0.8457823857562581,2.208175233701931,-24.11409287424174,788.0684673150948,0.36578610463297156,23.64611111111111
137.0,58908.4,52.2940045,-2.1203584,85.291,21.432,55.16,-0.12,0.1,11.89996,85.08,84.90999000000001,85.22,84.48999,-1.799988,85.07,0.009180069,-0.009180069,0.0,6.0,3.0,2111.0,85.0,0.0,0.0,0.0,13.8,11.25,10.0,0.8656958957855887,2.2053691145942906,-23.248396978456153,790.2738364296891,0.37405896528742466,23.69194444444444
138.0,58908.5,52.294024400000005,-2.1203455,85.417,21.658,55.14,-0.12,0.1,11.70001,85.14999,84.89,85.28,84.53999,-1.399994,85.02,0.0,0.0,0.0,6.0,3.0,2102.0,85.0,0.0,0.0,0.0,13.8,11.25,9.0,0.8756798234141263,2.2051901898845223,-22.372717155042025,792.4790266195737,0.3780034093969319,23.726944444444445
138.0,58908.6,52.2940441,-2.1203326,85.219,21.824,55.14,-0.11,0.1,11.59998,85.17999,85.03999,85.36,84.7,-1.5,85.12,0.0,-0.009180069,0.0,6.0,3.0,2120.0,85.0,0.0,0.0,0.0,13.8,11.25,8.5,0.8800204569277924,2.1975380618312945,-21.492696698114234,794.676564681405,0.38090065595524253,23.671944444444442
138.0,58908.7,52.2940639,-2.1203196,85.421,21.879,55.12,-0.12,0.1,11.70001,85.08,84.97,85.33,84.76999,-1.600006,85.05,0.0,0.0,0.0,6.0,3.0,2107.0,85.0,0.0,0.0,0.0,13.8,11.25,8.5,0.8842205038340124,2.2018992495286507,-20.60847619428022,796.8784639309337,0.3818605870438394,23.728055555555557
138.0,58908.8,52.2940836,-2.1203066,85.205,22.023000000000003,55.12,-0.1,0.1,11.70001,85.15999000000001,84.92,85.28999,84.50999,-1.600006,84.93999000000001,0.0,0.0,0.0,6.0,3.0,2109.0,85.0,0.0,0.0,0.0,13.8,11.25,8.5,0.8875018092523913,2.194107808741944,-19.72097438502783,799.0725717396756,0.38437386116671124,23.668055555555554
138.0,58908.9,52.2941034,-2.1202934,85.367,22.23,55.12,-0.09,0.1,11.70001,85.12,84.89999,85.33,84.50999,-1.399994,84.97,0.0,-0.009180069,0.0,6.0,3.0,2109.0,85.0,0.0,0.0,0.0,13.8,11.25,12.0,0.8971254066903342,2.1950526286354375,-18.823848978337494,801.2676243683111,0.38798669271833947,23.713055555555556
138.0,58909.0,52.294123,-2.1202803,85.198,22.339,55.12,-0.09,0.1,11.79999,85.01999,84.86,85.25999,84.70999,-1.399994,84.92,0.0,-0.009180069,0.0,6.0,3.0,2113.0,85.0,0.0,0.0,0.0,13.7,11.25,16.5,0.8995153765063009,2.1889998260994212,-17.924333601831194,803.4566241944106,0.38988910160301327,23.66611111111111
138.0,58909.1,52.2941427,-2.1202669,85.374,22.602,55.11,-0.09,0.1,12.0,85.06999,84.89,85.14999,84.55,-1.399994,85.00999,0.0,0.0,0.0,6.0,3.0,2118.0,85.0,0.0,0.0,0.0,13.7,11.25,18.5,0.9114327813664623,2.1893612162113847,-17.012900820464733,805.645985410622,0.3944793175357584,23.715
138.0,58909.2,52.2941623,-2.1202535,85.154,22.673,55.1,-0.08,0.1,12.0,85.2,84.97,85.28999,84.42999,-1.600006,85.09,0.0,-0.009180069,0.0,6.0,3.0,2109.0,85.0,0.0,0.0,0.0,13.7,11.25,20.5,0.9117894440459295,2.1825912593533006,-16.101111376418803,807.8285766699753,0.3957185013046743,23.653888888888886
138.0,58909.3,52.294182,-2.1202401,85.24799999999999,22.764,55.1,-0.08,0.1,11.79999,85.20999,85.06,85.31999,84.69,-1.5,85.11,0.0,0.0,0.0,6.0,3.0,2108.0,85.0,0.0,0.0,0.0,13.8,11.25,23.0,0.9162651259507678,2.183548080296475,-15.184846250468036,810.0121247502717,0.39730675092398915,23.679999999999996
138.0,58909.4,52.2942015,-2.1202267000000004,84.971,22.9,55.1,-0.07,0.1,11.79999,85.15999000000001,85.03999,85.25999,84.69,-1.5,85.09,0.0,0.0,0.0,6.0,3.0,2138.0,85.0,0.0,0.0,0.0,13.8,11.25,24.5,0.9184514213156518,2.17427903045347,-14.266394829152384,812.1864037807252,0.39968039870670147,23.603055555555557
138.0,58909.5,52.2942211,-2.1202129,85.302,23.255,55.1,-0.06,0.1,11.79999,85.20999,85.09999,85.44,84.56999,-1.399994,85.11,0.009180069,0.0,0.0,6.0,3.0,2112.0,85.0,0.0,0.0,0.0,13.7,11.25,24.5,0.9355355498422213,2.1769941398592265,-13.330859279310163,814.3633979205844,0.40587631755128134,23.695
138.0,58909.6,52.2942407,-2.1201993000000003,85.414,23.179,55.09,-0.07,0.1,11.79999,85.42,85.31,85.55,84.8,-1.5,85.34,0.01937985,0.0,0.0,6.0,3.0,2115.0,85.0,0.0,0.0,0.0,13.7,11.25,25.0,0.9338716021813295,2.181093146843385,-12.396987677128834,816.5444910674278,0.4045498673197656,23.726111111111113
138.0,58909.7,52.2942602,-2.1201854,85.32,23.518,55.08,-0.07,0.1,11.79999,85.62999,85.47,85.45999,84.94,-1.899994,85.43999000000001,0.01937985,-0.009180069,0.0,6.0,3.0,2136.0,85.0,0.0,0.0,0.0,13.7,11.25,25.5,0.9457180506246234,2.1731353774495417,-11.45126962650421,818.7176264448773,0.41046653348402645,23.7
138.0,58909.8,52.2942796,-2.1201712,85.154,24.084,55.04,-0.11,0.1,11.79999,85.69,85.55,85.58,84.76999,-1.5,85.52,0.01937985,0.0,0.0,6.0,3.0,2137.0,85.0,0.0,0.0,0.0,13.7,11.25,26.0,0.9652573317577966,2.159477455118907,-10.486012294746413,820.8771038999962,0.4203450970503143,23.653888888888886
138.0,58909.9,52.294299,-2.1201568,85.54,24.353,55.08,-0.04,0.1,11.79999,85.92999,85.70999,86.08,85.15999000000001,-1.399994,85.73,0.0397799,0.0,0.0,6.0,3.0,2134.0,85.0,0.0,0.0,0.0,13.7,11.25,26.5,0.9798066500970235,2.164690033416177,-9.50620564464939,823.0417939334124,0.4250400327381791,23.761111111111113
138.0,58910.0,52.2943187,-2.1201427,86.22,23.937,55.08,-0.04,0.1,12.0,86.03,86.03999,86.00999,85.44,-1.600006,86.00999,0.04997993,0.0,0.0,6.0,3.0,2132.0,85.0,0.0,0.0,0.0,13.8,11.25,26.5,0.971727904586061,2.189011164761108,-8.534477740063329,825.2308050981735,0.41777946304988267,23.95
138.0,58910.1,52.29433830000001,-2.1201285000000003,85.734,24.034,55.05,-0.06,0.1,12.39996,86.12,86.09,86.33,85.70999,-1.5,86.09,0.0397799,0.0,0.0,6.0,3.0,2146.0,85.0,0.0,0.0,0.0,13.8,11.25,27.0,0.969934176938716,2.1750333198381617,-7.564543563124612,827.4058384180116,0.41947243242431714,23.814999999999998
138.0,58910.2,52.294358,-2.1201141,86.39299999999999,24.175,55.06,-0.05,0.1,13.0,86.5,86.28999,86.53999,85.55,-1.399994,86.23,0.0397799,-0.01938009,0.0,6.0,3.0,2134.0,85.0,0.0,0.0,0.0,13.8,11.25,27.0,0.9827803877832184,2.189339949360075,-6.581763175341393,829.5951783673717,0.4219333466696292,23.998055555555553
138.0,58910.3,52.2943778,-2.1200996,86.86399999999999,24.235,55.07,-0.02,0.1,14.39996,86.59999,86.45999,86.51999,85.76999,-1.699982,86.55,0.0397799,-0.03978014,0.0,6.0,3.0,2146.0,85.0,0.0,0.0,0.0,13.7,11.25,26.5,0.9904429684239627,2.2002398770186367,-5.59132020691743,831.7954182443902,0.42298054422082576,24.128888888888884
138.0,58910.4,52.2943973,-2.1200852,86.198,24.41,55.06,-0.03,0.1,14.79999,86.65999000000001,86.58,86.8,86.28,-2.0,86.62,0.04997993,-0.03978014,0.0,6.0,3.0,2154.0,85.0,0.0,0.0,0.0,13.7,11.25,16.5,0.9895132160811491,2.1803581693004723,-4.601806990836281,833.9757764136907,0.42603487041181587,23.943888888888885
138.0,58910.5,52.2944166,-2.1200701,85.993,25.272,54.99,-0.1,0.1,14.79999,86.89,86.65999000000001,86.94,86.11,-2.600006,86.79,0.0397799,-0.02958012,0.0,6.0,3.0,2146.0,85.0,0.0,0.0,0.0,13.7,11.25,12.0,1.0197718638105533,2.16007557615471,-3.582035127025728,836.1358519898454,0.44107960856400696,23.886944444444442
138.0,58910.6,52.2944366,-2.1200553,87.53,24.678,55.03,-0.04,0.1,14.59998,87.0,86.7,87.03999,86.15999000000001,-2.699982,86.78,0.02957988,-0.04997993,0.0,6.0,3.0,2152.0,85.0,0.0,0.0,0.0,13.8,11.25,11.5,1.0151491145966565,2.209326640437301,-2.5668860124290713,838.3451786302827,0.43071235280716064,24.31388888888889
138.0,58910.7,52.294456100000005,-2.12004,86.89,25.499,55.03,-0.04,0.1,14.29999,86.95,86.8,87.08,86.42999,-2.299988,86.88,0.01937985,-0.04997993,0.0,6.0,3.0,2151.0,85.0,0.0,0.0,0.0,13.8,11.25,11.5,1.0390483447339016,2.178508006178713,-1.5278376676951697,840.5236866364614,0.4450415059660341,24.13611111111111
138.0,58910.8,52.2944758,-2.1200248,87.286,25.377,55.03,-0.04,0.1,14.0,86.97,86.72,87.19,86.45,-2.199982,86.87,0.009180069,-0.04997993,0.0,6.0,3.0,2158.0,85.0,0.0,0.0,0.0,13.8,11.25,11.5,1.0391215892274979,2.1906540947682216,-0.48871607846767184,842.7143407312296,0.442912204278601,24.246111111111112
138.0,58910.9,52.2944955,-2.1200095,87.336,25.523000000000003,55.01,-0.05,0.1,13.59998,87.09999,86.81,87.19,86.22,-2.199982,86.92,0.0,-0.03978014,0.0,6.0,3.0,2158.0,85.0,0.0,0.0,0.0,13.7,11.25,11.5,1.0452988273194206,2.1892524663922717,0.5565827488517487,844.903593197622,0.4454603849865128,24.259999999999998
138.0,58911.0,52.2945149,-2.1199937,86.97200000000001,26.345,55.01,-0.05,0.1,13.20001,87.0,86.86,87.08,86.47,-2.299988,86.91,0.0,-0.03978014,0.0,6.0,3.0,2162.0,85.0,0.0,0.0,0.0,13.8,11.25,11.5,1.0721114610402305,2.164970239648336,1.6286942098919792,847.0685634372703,0.4598069914379061,24.15888888888889
138.0,58911.1,52.2945344,-2.1199781,87.19200000000001,26.083,55.01,-0.05,0.1,12.5,87.01999,86.83,87.28,86.56,-2.100006,86.93,0.0,-0.02958012,0.0,6.0,3.0,2162.0,85.0,0.0,0.0,0.0,13.8,11.25,11.5,1.064887280246306,2.1753388426563864,2.6935814901382855,849.2439022799267,0.45523422879768094,24.220000000000002
138.0,58911.2,52.2945539,-2.1199624,87.13799999999999,26.317,54.99,-0.06,0.1,12.39996,87.01999,86.8,87.25,86.31,-1.799988,86.92,0.0,-0.01938009,0.0,6.0,3.0,2152.0,85.0,0.0,0.0,0.0,13.8,11.25,11.5,1.07309760593637,2.1696271057796155,3.7666790960746557,851.4135293857063,0.4593182992473477,24.205
138.0,58911.3,52.2945734,-2.1199465,87.23899999999999,26.603,54.98,-0.07,0.1,12.39996,86.97,86.84999,87.14999,86.5,-1.699982,86.89,0.0,-0.01938009,0.0,6.0,3.0,2162.0,85.0,0.0,0.0,0.0,13.8,11.25,9.5,1.085170537473006,2.1667521132300678,4.851849633547662,853.5802814989363,0.4643099409080515,24.233055555555552
138.0,58911.4,52.2945929,-2.1199305,87.286,26.647,54.97,-0.07,0.1,12.39996,86.90999000000001,86.69,87.08,86.56,-1.5,86.9,0.0,-0.009180069,0.0,6.0,3.0,2162.0,85.0,0.0,0.0,0.0,13.8,11.25,5.5,1.0874196952628512,2.1670850113638607,5.939269328810513,855.7473665103001,0.46507788577892895,24.246111111111112
138.0,58911.5,52.2946122,-2.1199143,86.98700000000001,27.094,54.96,-0.07,0.1,12.29999,87.05,86.75999,87.25999,86.44,-1.699982,86.8,0.0,0.0,0.0,6.0,3.0,2150.0,85.0,0.0,0.0,0.0,13.7,11.25,4.5,1.1005104291871337,2.1511414023859508,7.039779757997647,857.8985079126861,0.4728795075353437,24.16305555555556
138.0,58911.6,52.2946316,-2.1198982,87.25,27.05,54.96,-0.07,0.1,12.29999,86.98999,86.84999,87.05,86.28,-1.699982,86.83,-0.009180069,-0.009180069,0.0,6.0,3.0,2159.0,85.0,0.0,0.0,0.0,13.7,11.25,4.0,1.1021804788236305,2.1584923001950567,8.141960236821278,860.0570002128811,0.47211156266446613,24.23611111111111
138.0,58911.7,52.29465089999999,-2.1198819,87.124,27.311,54.95,-0.07,0.1,12.20001,86.86,86.67,86.98,86.40999000000001,-1.699982,86.81,-0.009180069,-0.009180069,0.0,6.0,3.0,2149.0,85.0,0.0,0.0,0.0,13.8,11.25,3.5,1.110395738883479,2.1503392972256425,9.252355975704758,862.2073395101067,0.47666687201217134,24.20111111111111
138.0,58911.8,52.2946704,-2.1198659,87.163,26.873,54.92,-0.09,0.1,12.20001,86.87999,86.59999,87.12,86.28,-1.5,86.68999000000001,-0.009180069,-0.009180069,0.0,6.0,3.0,2156.0,85.0,0.0,0.0,0.0,13.8,11.25,3.5,1.094414776865083,2.1597311948453197,10.34677075256984,864.3670707049521,0.4690223298884362,24.21194444444444
138.0,58911.9,52.2946895,-2.1198494,86.936,27.66,54.92,-0.08,0.1,12.09998,86.78999,86.64,86.92999,86.14999,-1.399994,86.68999000000001,-0.009180069,-0.01938009,0.0,6.0,3.0,2149.0,85.0,0.0,0.0,0.0,13.8,11.25,3.5,1.1210489234743852,2.1389103900949045,11.467819676044225,866.505981095047,0.48275807110163155,24.14888888888889
138.0,58912.0,52.2947088,-2.1198330000000003,87.016,27.566,54.9,-0.1,0.1,11.89996,86.64999,86.53999,86.94,86.28,-1.199982,86.72,-0.01938009,-0.009180069,0.0,6.0,3.0,2145.0,85.0,0.0,0.2399902,0.0,13.8,11.25,3.5,1.11856667757545,2.1427166661214474,12.586386353619675,868.6486977611685,0.4811174616047569,24.171111111111113
138.0,58912.1,52.2947279,-2.1198165,86.67,27.869,54.89,-0.1,0.1,9.599976,86.70999,86.40999000000001,87.0,86.03999,-1.399994,86.55,-0.01938009,0.0,0.0,6.0,3.0,2152.0,85.0,0.0,0.0,0.0,13.8,11.25,3.5,1.1253896850414842,2.128274960338121,13.71177603866116,870.7769727215066,0.4864058092382997,24.075
138.0,58912.2,52.2947472,-2.1198001,87.124,27.691,54.88,-0.09,0.1,9.0,86.58,86.37,86.67999,85.90999000000001,-0.6999816999999999,86.50999,-0.01938009,0.01937985,0.0,6.0,3.0,2141.0,85.0,0.0,0.0,0.0,13.8,11.25,3.5,1.1246328033600328,2.1429276347394497,14.836408842021193,872.919900356246,0.48329912316974977,24.20111111111111
138.0,58912.3,52.2947662,-2.1197833,86.774,28.21,54.87,-0.1,0.1,9.399963,86.45999,86.42999,86.55,86.11,-0.5,86.42,-0.01938009,0.01937985,0.0,6.0,3.0,2149.0,85.0,0.0,0.0,0.0,13.8,11.25,3.5,1.1394018532349517,2.1240852178111336,15.975810695256145,875.0439855740572,0.4923573819876004,24.10388888888889
138.0,58912.4,52.2947853,-2.1197665,86.62700000000001,28.357,54.87,-0.1,0.1,9.599976,86.37,86.25,86.61,86.09,-0.5,86.37,-0.01938009,0.02957988,0.0,6.0,3.0,2139.0,85.0,0.0,0.0,0.0,13.8,11.25,3.5,1.1429082865183573,2.1175615871339386,17.118718981774503,877.1615471611912,0.494923015988032,24.063055555555557
138.0,58912.5,52.2948044,-2.11975,86.764,28.028,54.86,-0.09,0.1,9.700012,86.33,86.15999000000001,86.53,85.89,-0.7999878,86.23,-0.01938009,0.02957988,0.0,6.0,3.0,2133.0,85.0,0.0,0.0,0.0,13.8,11.25,2.5,1.1325184325328341,2.1274486052251897,18.251237414307337,879.2889957664163,0.48918088274897065,24.10111111111111
138.0,58912.6,52.2948234,-2.1197333,86.458,28.214,54.85,-0.09,0.1,9.599976,86.20999,86.17,86.39,85.83,-1.0,86.17,-0.01938009,0.009180069,0.0,6.0,3.0,2127.0,85.0,0.0,0.0,0.0,13.8,11.25,2.0,1.135400303868356,2.116270795287784,19.38663771817569,881.405266561704,0.49242719515768013,24.01611111111111
137.0,58912.7,52.2948424,-2.1197167,86.27,28.343000000000004,54.85,-0.08,0.1,9.599976,86.03,85.92999,86.34,85.81999,-0.6999816999999999,86.06,-0.01938009,0.009180069,0.0,6.0,3.0,2124.0,85.0,0.0,0.0,0.0,13.8,11.25,1.5,1.137682908241908,2.1091129194721554,20.524320626417598,883.5143794811762,0.4946786698927529,23.96388888888889
137.0,58912.8,52.2948613,-2.1196998,86.53299999999999,28.569000000000003,54.84,-0.08,0.1,9.599976,86.01999,85.8,86.26999,85.53999,-0.6999816999999999,85.91,-0.01938009,0.01937985,0.0,6.0,3.0,2138.0,85.0,0.0,0.0,0.0,13.8,11.25,1.5,1.1494869533726153,2.1110250416040137,21.673807579790214,885.6254045227802,0.49862311400226006,24.03694444444444
137.0,58912.9,52.2948803,-2.1196831,86.274,28.452,54.84,-0.08,0.1,9.5,85.92,85.89999,86.15999000000001,85.48999,-0.6999816999999999,85.95,-0.02958012,0.02957988,0.0,6.0,3.0,2127.0,85.0,0.0,0.0,0.0,13.8,11.25,1.5,1.1417461780684968,2.1070424568256763,22.815553757858712,887.7324469796058,0.4965810787774267,23.965
137.0,58913.0,52.2948991,-2.1196661,86.18799999999999,28.902,54.84,-0.07,0.1,9.399963,85.8,85.75999,86.03,85.56999,-0.6000061,85.84,-0.01938009,0.01937985,0.0,6.0,3.0,2136.0,85.0,0.0,0.0,0.0,13.8,11.25,1.5,1.1571048856334831,2.0959189621712007,23.972658643492196,889.8283659417771,0.5044350604114012,23.94111111111111
137.0,58913.1,52.2949179,-2.1196492,86.04700000000001,28.797,54.84,-0.06,0.1,9.399963,85.65999000000001,85.50999,86.11,85.5,-0.2999877999999999,85.55,-0.01938009,0.01937985,0.0,6.0,3.0,2121.0,86.0,0.0,0.0,0.0,13.8,11.25,1.5,1.1513752838164562,2.094603647010494,25.124033927308652,891.9229695887875,0.5026024646968071,23.901944444444446
137.0,58913.2,52.2949367,-2.1196324,86.072,28.773000000000003,54.83,-0.06,0.1,9.599976,85.61,85.47,85.92,85.14999,-0.6999816999999999,85.55,-0.01938009,0.01937985,0.0,6.0,3.0,2129.0,86.0,0.0,0.0,0.0,13.8,11.25,1.5,1.1508320616629661,2.0956944540798195,26.27486598897162,894.0186640428674,0.5021835856763285,23.90888888888889
137.0,58913.3,52.2949555,-2.1196154,86.054,28.941,54.83,-0.05,0.1,9.5,85.59999,85.48,85.62,85.09999,-0.6999816999999999,85.56,-0.02958012,0.01937985,0.0,6.0,3.0,2119.0,86.0,0.0,0.0,0.0,13.8,11.25,1.5,1.1567300484260101,2.0918734749481906,27.43159603739763,896.1105375178156,0.5051157388196789,23.90388888888889
137.0,58913.4,52.2949742,-2.1195985000000004,85.586,28.941,54.82,-0.06,0.1,9.5,85.53999,85.36,85.73,85.19,-0.6999816999999999,85.43,-0.02958012,0.009180069,0.0,6.0,3.0,2127.0,86.0,0.0,0.0,0.0,13.8,11.25,1.5,1.1504392349523378,2.0804969347957774,28.582035272349966,898.1910344526113,0.5051157388196789,23.773888888888887
137.0,58913.5,52.2949929,-2.1195816,85.637,29.009,54.82,-0.06,0.1,9.5,85.42,85.25,85.62,84.89,-0.6000061,85.35,-0.01938009,0.009180069,0.0,6.0,3.0,2112.0,86.0,0.0,0.2399902,0.0,13.8,11.25,1.5,1.1535946158636186,2.0803690377893163,29.735629888213584,900.2714034904006,0.506302562711035,23.788055555555555
137.0,58913.6,52.2950116,-2.1195647,85.74799999999999,28.998,54.81,-0.06,0.1,9.5,85.17,85.11,85.44,84.81,-0.5,85.15,-0.01938009,0.01937985,0.0,6.0,3.0,2122.0,86.0,0.0,0.0,0.0,13.8,11.25,1.5,1.1546899279504312,2.0832872699899485,30.890319816164016,902.3546907603906,0.5061105764933157,23.818888888888885
137.0,58913.7,52.29503020000001,-2.1195475,85.51100000000001,29.398000000000003,54.82,-0.04,0.1,9.5,85.05,84.95,85.44,84.92,-0.6999816999999999,85.12,-0.02958012,0.01937985,0.0,6.0,3.0,2104.0,86.0,0.0,0.0,0.0,13.8,11.25,1.5,1.165974176842367,2.0694397070680397,32.056293993006385,904.4241304674586,0.513091893501293,23.75305555555556
137.0,58913.8,52.2950488,-2.1195305,85.44200000000001,29.345,54.82,-0.04,0.1,9.599976,85.03999,84.83,85.33,84.65999000000001,-0.5,84.95,-0.02958012,0.01937985,0.0,6.0,3.0,2114.0,86.0,0.0,0.0,0.0,13.8,11.25,1.5,1.1631201003234786,2.0688466473194036,33.21941409332986,906.492977114778,0.512166868997736,23.73388888888889
137.0,58913.9,52.2950674,-2.1195136,85.288,29.163,54.82,-0.04,0.1,9.799988,84.84,84.76999,85.03999,84.39,-0.6000061,84.83,-0.02958012,0.01937985,0.0,6.0,3.0,2103.0,86.0,0.0,0.0,0.0,13.8,11.25,0.0,1.1544580101993343,2.068795340162172,34.373872103529195,908.5617724549402,0.5089903697591063,23.69111111111111
137.0,58914.0,52.2950859,-2.1194964,85.25200000000001,29.633000000000003,54.82,-0.03,0.1,9.799988,84.73999,84.72,85.06,84.42,-0.6000061,84.73,-0.02958012,0.01937985,0.0,6.0,3.0,2110.0,86.0,0.0,0.0,0.0,13.8,11.25,0.0,1.1708949621946798,2.0583865579805516,35.544767065723875,910.6201590129207,0.5171934172434797,23.681111111111115
137.0,58914.1,52.2951044,-2.1194794,84.956,29.463,54.83,-0.02,0.1,9.799988,84.64999,84.48999,84.92,84.42999,-0.8999939,84.65,-0.02958012,0.01937985,0.0,6.0,3.0,2095.0,86.0,0.0,0.0,0.0,13.8,11.25,0.0,1.1607382675590026,2.0546927366702206,36.70550533328288,912.6748517495909,0.5142263575150894,23.59888888888889
137.0,58914.2,52.2951229,-2.1194625,84.87700000000001,29.254,54.81,-0.04,0.1,9.799988,84.64999,84.44,84.78999,84.12,-0.6999816999999999,84.43,-0.02958012,0.01937985,0.0,6.0,3.0,2099.0,86.0,0.0,0.0,0.0,13.8,11.25,0.0,1.1521631949127034,2.056998557523255,37.85766852819558,914.7318503071141,0.5105786193784212,23.576944444444447
137.0,58914.3,52.2951413,-2.1194453,84.946,29.677,54.82,-0.02,0.1,9.799988,84.42,84.42,84.47,83.94,-0.5,84.41,-0.02958012,0.009180069,0.0,6.0,3.0,2095.0,86.0,0.0,0.0,0.0,13.8,11.25,0.0,1.1682669097087952,2.0501017104910857,39.02593543790438,916.7819520176051,0.5179613621143572,23.59611111111111
137.0,58914.4,52.295159600000005,-2.1194282,84.66799999999999,29.701,54.81,-0.03,0.1,9.799988,84.23,84.20999,84.56999,83.98999,-0.3999939,84.33,-0.02958012,0.009180069,0.0,6.0,3.0,2087.0,86.0,0.0,0.0,0.0,13.8,11.25,0.0,1.1652993927766404,2.042904469345888,40.19123483068102,918.824856486951,0.5183802411348358,23.518888888888885
137.0,58914.5,52.295178,-2.1194113000000003,84.62899999999999,29.535,54.8,-0.03,0.1,9.799988,84.26999,84.00999,84.47,83.92,-0.6999816999999999,84.11,-0.02958012,0.009180069,0.0,6.0,3.0,2070.0,86.0,0.0,0.0,0.0,13.8,11.25,0.0,1.158841677601166,2.045329490885363,41.350076508282186,920.8701859778364,0.5154829945765252,23.508055555555554
137.0,58914.6,52.29519630000001,-2.1193941,84.48100000000001,29.881,54.81,-0.03,0.1,9.799988,84.09999,83.95,84.23,83.51999,-0.6999816999999999,84.07,-0.02958012,0.009180069,0.0,6.0,3.0,2067.0,86.0,0.0,0.0,0.0,13.8,11.25,0.0,1.1691237319139984,2.034729592614681,42.519200240196184,922.9049155704511,0.5215218337884256,23.466944444444447
137.0,58914.7,52.2952144,-2.1193768,84.27600000000001,30.189,54.81,-0.02,0.1,9.799988,83.81999,83.81999,84.09,83.48,-0.5,83.92,-0.02958012,0.009180069,0.0,6.0,3.0,2048.0,86.0,0.0,0.0,0.0,13.7,11.25,0.0,1.1771812339233723,2.023493351236581,43.696381474119555,924.9284089216876,0.5268974478845682,23.410000000000004
137.0,58914.8,52.2952328,-2.1193599,84.37299999999999,29.659,54.82,-0.01,0.1,9.799988,83.75,83.64,84.03,83.36,-0.6999816999999999,83.82,-0.03978014,0.009180069,0.0,6.0,3.0,2053.0,86.0,0.0,0.0,0.0,13.8,11.25,0.0,1.159746638642646,2.036637273320126,44.8561281127622,926.9650461950077,0.5176472028489982,23.436944444444443
137.0,58914.9,52.2952509,-2.1193427,84.01700000000001,30.027,54.8,-0.03,0.1,9.799988,83.73999,83.56999,83.90999000000001,83.34999,-1.0,83.64,-0.03978014,0.009180069,0.0,6.0,3.0,2042.0,86.0,0.0,0.0,0.0,13.8,11.25,0.0,1.1678550855601615,2.0205847842328337,46.02398319832236,928.9856309792406,0.5240700144963374,23.33805555555556
137.0,58915.0,52.295269,-2.1193256000000003,83.77600000000001,30.154,54.81,-0.02,0.1,9.799988,83.62,83.48,83.7,83.03999,-0.6999816999999999,83.56,-0.03978014,0.0,0.0,6.0,3.0,2047.0,86.0,0.0,0.0,0.0,13.8,11.25,0.0,1.1689681840005803,2.012202650890605,47.192951382322946,930.9978336301311,0.5262865826463702,23.271111111111114
137.0,58915.1,52.295287,-2.1193084,83.62799999999999,30.211,54.82,-0.01,0.1,9.799988,83.22,83.25999,83.55,83.01999,-0.6000061,83.32,-0.02958012,0.009180069,0.0,6.0,3.0,2041.0,86.0,0.0,0.0,0.0,13.8,11.25,0.0,1.1689007672039258,2.0074859890993193,48.36185214952687,933.0053196192305,0.5272814203200069,23.229999999999997
137.0,58915.2,52.295305,-2.1192912,83.711,30.331,54.83,0.01,0.1,9.799988,83.03999,82.92,83.58,83.03,-0.6999816999999999,83.03,-0.02958012,0.01937985,0.0,6.0,3.0,2022.0,86.0,0.0,0.0,0.0,13.8,11.25,0.0,1.1742669625859097,2.0070234246955847,49.53611911211278,935.0123430439261,0.5293758154224001,23.253055555555555
137.0,58915.3,52.295323,-2.1192739,83.56,30.397,54.85,0.03,0.1,9.799988,83.03999,82.81999,83.42999,82.81999,-0.6999816999999999,82.96,-0.02958012,0.009180069,0.0,6.0,3.0,2018.0,86.0,0.0,0.0,0.0,13.8,11.25,1.0,1.174455766934524,2.002051558186676,50.7105748790473,937.0143946021127,0.5305277327287163,23.211111111111112
137.0,58915.4,52.295341,-2.1192568,83.416,30.302,54.85,0.02,0.1,10.09998,82.94,82.86,83.05,82.39,-0.6999816999999999,82.92,-0.03978014,0.009180069,0.0,6.0,3.0,2020.0,86.0,0.0,0.0,0.0,13.8,11.25,6.5,1.1691163958274349,2.0005426149527623,51.87969127487474,939.0149372170655,0.5288696699393217,23.17111111111111
137.0,58915.5,52.295359,-2.1192398,83.221,30.151,54.83,-0.01,0.1,10.59998,82.89,82.83,83.05,82.44,-0.6000061,82.9,-0.02958012,0.009180069,0.0,6.0,3.0,2074.0,86.0,0.0,0.0,0.0,13.8,11.25,10.5,1.1611193307425354,1.9989329914360103,53.040810605617274,941.0138702085015,0.5262342227688103,23.116944444444446
137.0,58915.6,52.2953768,-2.1192224,83.20700000000001,30.72,54.83,-0.01,0.1,11.0,83.08,82.87,83.12,82.62999,-1.0,82.8,-0.01938009,0.009180069,0.0,6.0,3.0,2085.0,86.0,0.0,0.0,0.0,13.7,11.25,13.0,1.1807143375684055,1.986969306306058,54.22152494318568,943.0008395148076,0.536165146212658,23.113055555555558
137.0,58915.7,52.2953947,-2.1192052,83.066,30.596,54.83,-0.01,0.1,11.0,83.0,82.81999,82.89999,82.37,-1.199982,82.91,0.0,-0.009180069,0.0,6.0,3.0,2065.0,86.0,0.0,0.0,0.0,13.8,11.25,14.5,1.1744178502198765,1.9861485839817785,55.39594279340555,944.9869880987893,0.5340009379401851,23.073888888888888
137.0,58915.8,52.2954124,-2.1191879,82.854,30.911,54.84,0.01,0.1,11.20001,82.89999,82.84999,83.0,82.28999,-0.7999878,82.89,0.0,0.0,0.0,6.0,3.0,2090.0,86.0,0.0,0.0,0.0,13.8,11.25,14.5,1.1822943111949273,1.9746094327021009,56.57823710460048,946.9615975314914,0.5394987250839672,23.015
137.0,58915.9,52.2954303,-2.1191705,83.29299999999999,30.9,54.83,0.0,0.1,11.29999,82.81,82.89,83.09999,82.42999,-0.7999878,82.88,0.0,0.0,0.0,6.0,3.0,2125.0,86.0,0.0,0.0,0.0,13.7,11.25,15.0,1.188177541880032,1.9853000053455423,57.76641464648051,948.9468975368369,0.5393067388662478,23.136944444444442
137.0,58916.0,52.295448,-2.1191532,82.90799999999999,31.022,54.85,0.03,0.1,11.20001,82.84999,82.72,83.14,82.56999,-1.299988,82.81,0.0,0.0,0.0,6.0,3.0,2189.0,86.0,0.0,0.0,0.0,13.8,11.25,12.5,1.186890582263309,1.9736007057494338,58.95330522874382,950.9204982425863,0.5414360405536809,23.029999999999998
137.0,58916.1,52.2954657,-2.1191357,82.98700000000001,31.171,54.86,0.03,0.1,11.09998,82.98,82.8,83.09,82.56,-1.100006,82.88,0.0,0.0,0.0,6.0,3.0,2215.0,86.0,0.0,0.0,0.0,13.8,11.25,3.5,1.193154823144076,1.9723851030429025,60.1464600518879,952.8928833456292,0.5440365811391524,23.051944444444448
137.0,58916.2,52.2954834,-2.1191181,83.10600000000001,31.271,54.88,0.05,0.1,10.70001,82.86,82.72,82.89999,82.17,-1.0,82.8,0.0,0.0,0.0,6.0,3.0,2199.0,86.0,0.0,0.0,0.0,13.8,11.25,0.0,1.1983113350129704,1.9731249819460075,61.34477138690087,954.8660083275753,0.5457819103911468,23.085
137.0,58916.3,52.2955011,-2.1191005,82.90799999999999,31.501,54.89,0.05,0.1,9.599976,82.59,82.73,82.98,82.34999,-0.5,82.75,0.0,0.0,0.0,6.0,3.0,2197.0,86.0,0.0,0.0,0.0,13.8,11.25,0.0,1.2033484661715543,1.9636092964137668,62.54811985307242,956.8296176239891,0.5497961676707338,23.029999999999998
137.0,58916.4,52.2955188,-2.1190828,83.135,31.434,54.91,0.07,0.1,9.5,82.62999,82.53,83.26999,82.48999,-0.6000061,82.52,0.0,0.01937985,0.0,6.0,3.0,2202.0,86.0,0.0,0.0,0.0,13.8,11.25,0.0,1.2043399053796495,1.9703952753774787,63.75245975845207,958.8000128993665,0.5486267970718975,23.093055555555555
137.0,58916.5,52.2955365,-2.1190652,83.23899999999999,31.462,54.92,0.07,0.1,9.5,82.64999,82.51999,82.84999,82.23999,-0.5,82.57,-0.009180069,0.009180069,0.0,6.0,3.0,2200.0,86.0,0.0,0.0,0.0,13.8,11.25,0.0,1.2068104846360344,1.9722706718633454,64.9592702430881,960.7722835712299,0.5491154892624559,23.12194444444444
137.0,58916.6,52.2955541,-2.1190475,82.854,31.539,54.92,0.06,0.1,9.5,82.75,82.61,82.62999,82.14999,-0.6999816999999999,82.67,-0.009180069,0.009180069,0.0,6.0,3.0,2206.0,86.0,0.0,0.0,0.0,13.7,11.25,0.0,1.203865898195966,1.9615323472124595,66.16313614128407,962.7338159184424,0.5504593927864916,23.015
137.0,58916.7,52.2955717,-2.1190297,82.93299999999999,31.718000000000004,54.93,0.06,0.1,8.299988,82.51999,82.64,82.62,81.92999,-0.3999939,82.62,-0.01938009,0.009180069,0.0,6.0,3.0,2177.0,86.0,0.0,0.0,0.0,13.7,11.25,0.0,1.2111418184739244,1.9596284313379084,67.37427795975799,964.6934443497803,0.5535835321475615,23.03694444444444
137.0,58916.8,52.2955892,-2.119012,82.609,31.811,54.93,0.05,0.1,4.799988,82.48,82.45999,82.89999,82.36,-0.1000061,82.34,-0.009180069,0.05915999,0.0,6.0,3.0,2123.0,86.0,0.0,0.0,0.0,13.8,11.25,0.0,1.2095769340839633,1.950011854809154,68.58385489384196,966.6434562045895,0.5552066883519162,22.946944444444444
137.0,58916.9,52.2956068,-2.1189943,82.72399999999999,31.775,54.95,0.08,0.1,4.5,82.2,82.25999,82.50999,82.22,0.8999939,82.27,-0.009180069,0.09995985,0.0,6.0,3.0,2054.0,86.0,0.0,0.0,0.0,13.8,11.25,0.0,1.2100336130594989,1.9534871386689971,69.79388850690145,968.5969433432584,0.5545783698211982,22.978888888888886
137.0,58917.0,52.2956244,-2.1189765,83.07700000000001,31.747,54.97,0.07,0.1,4.899963,82.09999,82.2,82.33,81.90999000000001,1.300018,82.22,-0.01938009,0.08976007,0.0,6.0,3.0,1989.0,86.0,0.0,0.0,0.0,13.8,11.25,0.0,1.2142381979678571,1.9624166854966163,71.00812670486931,970.559360028755,0.5540896776306398,23.076944444444447
137.0,58917.1,52.2956419,-2.1189589,82.368,31.601,54.95,0.04,0.1,5.099976,82.09,82.09,82.28,81.83,0.8999939,82.23,-0.02958012,0.08976007,0.0,6.0,3.0,1980.0,86.0,0.0,0.0,0.0,13.8,11.25,0.0,1.1989137648021235,1.9487303006234595,72.20704046967144,972.5080903293784,0.551541496922728,22.88
137.0,58917.2,52.29565949999999,-2.1189414,82.47200000000001,31.369,54.96,0.04,0.1,5.399963,82.12,82.06999,82.12999,81.84,0.8000183000000001,81.98,-0.02958012,0.07956004,0.0,6.0,3.0,2005.0,86.0,0.0,0.0,0.0,13.8,11.25,0.0,1.1925170341134672,1.9560355376587077,73.3995575037849,974.4641258670372,0.5474923330581012,22.908888888888892
137.0,58917.3,52.295677100000006,-2.1189239,82.53399999999999,31.415,54.96,0.04,0.1,5.700012,81.62,81.78,81.87999,81.59999,0.8999939,81.97,-0.02958012,0.09995985,0.0,6.0,3.0,2003.0,86.0,0.0,0.0,0.0,13.8,11.25,2.0,1.1949847347747704,1.9565472625125608,74.59454223855967,976.4206731295498,0.5482951845140186,22.92611111111111
137.0,58917.4,52.2956946,-2.1189066,82.07600000000001,31.21,54.96,0.03,0.1,5.599976,81.8,81.81999,82.06,81.69,0.3999939,81.68999000000001,-0.01938009,0.08976007,0.0,6.0,3.0,2041.0,86.0,0.0,0.0,0.0,13.8,11.25,2.0,1.1813843676726667,1.9499293119232979,75.77592660623233,978.370602441473,0.5447172595474302,22.79888888888889
137.0,58917.5,52.2957122,-2.1188893,82.21,31.081,54.96,0.03,0.1,5.599976,81.78999,82.03999,81.78999,81.39,0.5,81.88,-0.02958012,0.07956004,0.0,6.0,3.0,2042.0,86.0,0.0,0.0,0.0,13.8,11.25,2.0,1.178912755310138,1.9557720782742507,76.95483936154247,980.3263745197472,0.5424657848123575,22.83611111111111
138.0,58917.6,52.2957296,-2.1188721,81.69800000000001,31.139,54.95,0.01,0.1,5.5,81.75999,81.75999,81.97,81.42999,0.8999939,81.83,-0.02958012,0.06936002,0.0,6.0,3.0,2013.0,86.0,0.0,0.0,0.0,13.8,11.25,2.0,1.173537421941729,1.942404656170981,78.1283767834842,982.2687791759182,0.5434780757785143,22.69388888888889
138.0,58917.7,52.2957472,-2.1188549,81.828,31.097,54.97,0.03,0.1,5.5,81.37999,81.44,81.83,81.67999,1.200012,81.43999000000001,-0.009180069,0.06936002,0.0,6.0,3.0,2027.0,86.0,0.0,0.0,0.0,13.8,11.25,0.0,1.1739783471322631,1.9463565553270552,79.30235513061646,984.2151357312453,0.5427450374926767,22.73
138.0,58917.8,52.2957647,-2.1188377000000003,81.96799999999999,31.099,54.99,0.06,0.1,5.599976,81.23999,81.39999,81.7,81.3,1.0,81.28,-0.009180069,0.08976007,0.0,6.0,3.0,2022.0,86.0,0.0,0.0,0.0,13.8,11.25,0.0,1.1760549696825018,1.9496455371761217,80.47841010029896,986.1647812684214,0.5427799440777166,22.768888888888885
138.0,58917.9,52.2957823,-2.1188206000000003,82.008,30.758000000000003,54.99,0.05,0.1,5.799988,81.26999,81.39999,81.45,80.92,0.3999939,81.33,-0.01938009,0.07956004,0.0,6.0,3.0,2013.0,86.0,0.0,0.2399902,0.0,13.8,11.25,0.0,1.16499898909767,1.9575651599375707,81.64340908939663,988.1223464283589,0.5368283713284159,22.779999999999998
137.0,58918.0,52.295799800000005,-2.1188037,81.5,30.675,54.99,0.04,0.1,5.899963,81.17999,81.26999,81.28,80.87,0.6000061,81.31,-0.02958012,0.06936002,0.0,6.0,3.0,2014.0,86.0,0.0,0.0,0.0,13.8,11.25,0.0,1.1549629603173168,1.9471141367494686,82.79837204971395,990.0694605651084,0.5353797480492606,22.63888888888889
137.0,58918.1,52.2958173,-2.1187867,81.472,30.764,55.0,0.05,0.1,7.299988000000001,81.14,81.09999,81.37,81.01999,0.8000183000000001,81.09,-0.02958012,0.05915999,0.0,6.0,3.0,2003.0,86.0,0.0,0.0,0.0,13.8,11.25,0.0,1.157588266176178,1.9446494047117586,83.95596031589012,992.0141099698202,0.5369330910835355,22.63111111111111
137.0,58918.2,52.2958349,-2.1187701000000003,81.468,30.284,55.0,0.05,0.1,8.399963,81.05,80.95999,81.17999,80.81999,0.3000183,80.99,-0.02958012,0.04997993,0.0,6.0,3.0,1998.0,86.0,0.0,0.0,0.0,13.8,11.25,7.0,1.1412003463870601,1.9541828904700946,85.09716066227719,993.9682928602903,0.5285555106739628,22.63
137.0,58918.3,52.2958523,-2.1187533,81.115,30.624,55.01,0.05,0.1,8.399963,80.98,80.87,81.12999,80.48999,-0.1000061,80.9,-0.01938009,0.02957988,0.0,6.0,3.0,2028.0,86.0,0.0,0.0,0.0,13.8,11.25,8.0,1.1477815713089607,1.9389385418416027,86.24494223358614,995.9072314021319,0.5344896301307435,22.53194444444444
137.0,58918.4,52.2958697,-2.1187365,81.133,30.595,55.03,0.07,0.1,8.299988,80.76999,80.81,81.06999,80.51999,0.0,80.85,-0.009180069,0.009180069,0.0,6.0,3.0,2021.0,86.0,0.0,0.0,0.0,13.8,11.25,8.0,1.1470545224946902,1.9399496311358786,87.39199675608083,997.8471810332677,0.5339834846476651,22.536944444444444
137.0,58918.5,52.2958872,-2.1187196,81.331,30.633000000000003,55.04,0.08,0.1,8.700012,80.75999,80.67999,80.98,80.48999,0.1000061,80.75999,-0.009180069,0.01937985,0.0,6.0,3.0,1997.0,86.0,0.0,0.0,0.0,13.8,11.25,6.0,1.1511433474001205,1.9439209169987053,88.54314010348095,999.7911019502664,0.534646709763423,22.591944444444444
137.0,58918.6,52.2959045,-2.1187027000000005,80.935,30.816,55.05,0.08,0.1,9.5,80.75999,80.67,80.87999,80.48999,-0.1000061,80.7,-0.009180069,0.02957988,0.0,6.0,3.0,2004.0,86.0,0.0,0.0,0.0,13.8,11.25,1.0,1.1517111465545042,1.9307873251430294,89.69485125003546,1001.7218892754094,0.5378406622945726,22.481944444444444
137.0,58918.7,52.2959219,-2.1186861,80.834,30.445,55.06,0.08,0.1,10.0,80.72,80.56999,80.81,80.36,-0.3999939,80.63,-0.009180069,0.02957988,0.0,6.0,3.0,1999.0,86.0,0.0,0.0,0.0,13.8,11.25,0.0,1.1377633045810214,1.9357856092797452,90.83261455461647,1003.6576748846891,0.5313654907696737,22.45388888888889
137.0,58918.8,52.2959394,-2.1186692000000003,81.065,30.653,55.08,0.09,0.1,10.20001,80.56999,80.59,80.75,80.14,-0.6999816999999999,80.58,-0.009180069,0.009180069,0.0,6.0,3.0,1995.0,86.0,0.0,0.0,0.0,13.8,11.25,0.0,1.1480547017233897,1.9371625285147562,91.98066925633987,1005.5948374132038,0.5349957756138218,22.518055555555556
137.0,58918.9,52.2959567,-2.1186525,80.813,30.628,55.08,0.08,0.1,10.09998,80.51999,80.42999,80.78,80.12999,-0.6999816999999999,80.52,-0.009180069,0.0,0.0,6.0,3.0,2002.0,86.0,0.0,0.0,0.0,13.8,11.25,0.0,1.1436431119067947,1.9316398253404357,93.12431236824666,1007.5264772385442,0.5345594433008233,22.448055555555555
138.0,58919.0,52.295974,-2.1186357,80.719,30.7,55.09,0.09,0.1,10.09998,80.47,80.31999,80.67999,80.17999,-0.6999816999999999,80.38,-0.009180069,0.0,0.0,6.0,3.0,1990.0,86.0,0.0,-0.230011,0.0,13.8,11.25,5.0,1.144736494191858,1.927955986417445,94.26904886243852,1009.4544332249617,0.5358160803622591,22.421944444444442
138.0,58919.1,52.2959913,-2.1186187,80.752,31.186,55.11,0.1,0.1,10.20001,80.50999,80.37,80.45,80.03999,-1.0,80.25,-0.01938009,0.0,0.0,6.0,3.0,1993.0,86.0,0.0,0.0,0.0,13.8,11.25,7.5,1.161523284645189,1.9189609469755178,95.43057214708371,1011.3733941719372,0.5442983805269516,22.43111111111111
138.0,58919.2,52.2960085,-2.1186019,80.42,30.955,55.12,0.09,0.1,10.39996,80.37999,80.12999,80.39,79.67999,-1.0,80.22,-0.01938009,0.0,0.0,6.0,3.0,2007.0,86.0,0.0,0.0,0.0,13.8,11.25,8.5,1.149033584826757,1.9157195485877905,96.57960573191046,1013.289113720525,0.5402666699548447,22.33888888888889
138.0,58919.3,52.2960258,-2.1185852,80.428,30.648000000000003,55.12,0.09,0.1,10.5,80.05,80.12999,80.39999,79.81999,-0.5,80.16,-0.009180069,0.0,0.0,6.0,3.0,2013.0,86.0,0.0,0.0,0.0,13.8,11.25,10.5,1.138865686792334,1.9220399070355303,97.71847141870279,1015.2111536275606,0.5349085091512221,22.34111111111111
138.0,58919.4,52.2960429,-2.118568,80.554,31.356,55.15,0.11,0.1,10.5,80.17,79.92,80.48,79.78,-0.7999878,80.11,-0.009180069,0.0,0.0,6.0,3.0,2030.0,86.0,0.0,0.0,0.0,13.8,11.25,11.0,1.164349888348066,1.9108094677575123,98.88282130705086,1017.1219630953182,0.547265440255342,22.37611111111111
138.0,58919.5,52.29606020000001,-2.1185514000000003,80.528,30.686,55.16,0.1,0.1,10.5,80.22,79.98999,80.20999,79.84999,-1.0,80.12,-0.01938009,0.0,0.0,6.0,3.0,2022.0,86.0,0.0,0.0,0.0,13.8,11.25,11.0,1.141557772477936,1.9236729850288439,100.0243790795288,1019.045636080347,0.53557173426698,22.36888888888889
138.0,58919.6,52.2960772,-2.1185341,80.068,31.697,55.17,0.1,0.1,10.5,80.2,79.95999,80.12999,79.65999000000001,-0.6000061,80.1,-0.01938009,0.0,0.0,6.0,3.0,2072.0,86.0,0.0,0.0,0.0,13.8,11.25,11.0,1.1686082556070123,1.8923596327059604,101.19298733513581,1020.9379957130529,0.5532170130046427,22.24111111111111
138.0,58919.7,52.2960942,-2.1185169,80.172,31.731,55.18,0.11,0.1,10.5,79.90999000000001,79.90999000000001,80.05,79.55,-0.6999816999999999,79.93,0.0,0.0,0.0,6.0,3.0,2119.0,86.0,0.0,0.0,0.0,13.8,11.25,11.0,1.1712503574403055,1.8941229105303479,102.36423769257611,1022.8321186235833,0.5538104249503207,22.27
138.0,58919.8,52.2961114,-2.1185003,79.949,30.953000000000003,55.19,0.1,0.1,10.5,79.73999,79.73,80.23,79.50999,-0.6000061,79.75999,0.0,0.0,0.0,6.0,3.0,2138.0,86.0,0.0,0.0,0.0,13.8,11.25,11.0,1.1422374997462625,1.9045395269617869,103.50647519232237,1024.736658150545,0.5402317633698048,22.208055555555553
138.0,58919.9,52.2961286,-2.1184832,80.514,31.31,55.2,0.1,0.1,10.5,79.92999,79.70999,80.11,79.5,-1.0,79.77,0.0,0.0,0.0,6.0,3.0,2157.0,86.0,0.0,0.0,0.0,13.8,11.25,11.0,1.1622380079467667,1.9107943538968108,104.66871320026914,1026.6474525044418,0.5464625887994246,22.365
138.0,58920.0,52.2961456,-2.1184662,80.154,31.302,55.21,0.1,0.1,10.5,79.97,79.75,79.89999,79.5,-1.100006,79.79,0.0,0.0,0.0,6.0,3.0,2159.0,86.0,0.0,0.0,0.0,13.8,11.25,11.0,1.1567757100179594,1.9024122073600258,105.82548891028709,1028.5498647118018,0.546322962459265,22.264999999999997
138.0,58920.1,52.2961626,-2.1184492,79.942,31.466,55.2,0.08,0.1,10.5,79.95,79.81,79.84,79.42999,-0.7999878,79.82,0.0,0.0,0.0,6.0,3.0,2183.0,86.0,0.0,0.0,0.0,13.8,11.25,12.0,1.1591423584983371,1.8940704051130295,106.98463126878544,1030.4439351169149,0.5491853024325357,22.20611111111111
138.0,58920.2,52.2961797,-2.118432,80.186,31.709,55.21,0.08,0.1,10.5,79.84,79.81,79.95999,79.31,-0.7999878,79.75,0.0,0.0,0.0,6.0,3.0,2223.0,86.0,0.0,0.0,0.0,13.8,11.25,13.5,1.170727382186752,1.8949033376253877,108.15535865097219,1032.3388384545403,0.553426452514882,22.27388888888889
138.0,58920.3,52.2961967,-2.1184151,79.819,31.498,55.21,0.07,0.1,10.39996,79.78999,79.7,80.01999,79.31,-1.0,79.74,0.0,0.009180069,0.0,6.0,3.0,2252.0,86.0,0.0,0.0,0.0,13.8,11.25,13.5,1.1584149243944708,1.8905094729769176,109.31377357536667,1034.2293479275172,0.5497438077931739,22.171944444444446
138.0,58920.4,52.2962136,-2.1183977,80.096,31.936,55.22,0.08,0.1,10.39996,79.78999,79.64999,80.0,79.45999,-0.8999939,79.7,0.0,0.0,0.0,6.0,3.0,2267.0,86.0,0.0,0.0,0.0,13.8,11.25,13.5,1.1769031577936089,1.8881285774747085,110.49067673316027,1036.1174765049918,0.5573883499169091,22.24888888888889
138.0,58920.5,52.2962304,-2.1183802000000003,79.956,32.37,55.25,0.1,0.1,10.20001,79.8,79.67999,79.87999,79.50999,-0.6999816999999999,79.68,0.0,0.009180069,0.0,6.0,3.0,2269.0,86.0,0.0,0.0,0.0,13.8,11.25,13.5,1.1890892687407966,1.8758751853376276,111.67976600190107,1037.9933516903295,0.5649630788705644,22.21
138.0,58920.6,52.2962473,-2.1183627,80.06,32.334,55.26,0.1,0.1,9.099976,79.84999,79.72,79.95,79.45999,-0.6999816999999999,79.75,0.0,0.009180069,0.0,6.0,3.0,2270.0,86.0,0.0,0.0,0.0,13.8,11.25,7.5,1.1894555202876602,1.8790628928752413,112.86922152218874,1039.8724145832048,0.5643347603398465,22.23888888888889
138.0,58920.7,52.296264400000005,-2.1183458,79.92699999999999,31.805,55.26,0.08,0.1,7.799988000000001,79.87999,79.87999,80.01999,79.34,-0.6000061,79.86,0.0,0.009180069,0.0,6.0,3.0,2248.0,86.0,0.0,0.0,0.0,13.8,11.25,3.0,1.1701089906220576,1.8868249312555219,114.03933051281079,1041.7592395144602,0.5551019685967965,22.201944444444443
138.0,58920.8,52.2962814,-2.118329,79.765,31.481,55.23,0.05,0.1,7.700011999999999,79.75999,79.73999,79.87999,79.31,-0.1000061,79.88,0.0,0.02957988,0.0,6.0,3.0,2210.0,86.0,0.0,0.0,0.0,13.8,11.25,2.0,1.1570706242754494,1.8895738783071696,115.19640113708624,1043.6488133927674,0.549447101820335,22.156944444444445
138.0,58920.9,52.2962984,-2.1183121,79.855,31.453000000000003,55.22,0.02,0.1,7.299988000000001,79.76999,79.70999,79.98999,79.48999,0.2000122,79.75999,0.0,0.0397799,0.0,6.0,3.0,2202.0,86.0,0.0,0.0,0.0,13.7,11.25,2.0,1.1574515635591196,1.8922717752423268,116.35385270064536,1045.5410851680097,0.5489584096297765,22.181944444444444
138.0,58921.0,52.2963154,-2.1182951,79.76899999999999,31.499,55.21,0.01,0.1,5.200012,79.61,79.58,79.81999,79.56999,0.1000061,79.62,0.0,0.05915999,0.0,6.0,3.0,2187.0,86.0,0.0,0.0,0.0,13.8,11.25,0.0,1.157722248050573,1.8893050194184078,117.51157494869594,1047.430390187428,0.5497612610856939,22.158055555555553
138.0,58921.1,52.2963324,-2.1182778,80.111,31.773000000000003,55.22,0.02,0.1,4.799988,79.51999,79.59999,79.73,79.5,0.7000122,79.59,0.0,0.07956004,0.0,6.0,3.0,2162.0,86.0,0.0,0.0,0.0,13.8,11.25,0.0,1.1717462886528345,1.8918233137940572,118.68332123734878,1049.322213501222,0.5545434632361583,22.253055555555555
138.0,58921.2,52.2963493,-2.1182605,80.086,32.018,55.22,0.01,0.1,5.399963,79.48999,79.72,79.72,79.15999000000001,0.8000183000000001,79.63,-0.009180069,0.06936002,0.0,6.0,3.0,2147.0,86.0,0.0,0.0,0.0,13.8,11.25,4.0,1.179456910733325,1.8862067732362782,119.8627781480821,1051.2084202744584,0.5588195199035444,22.24611111111111
138.0,58921.3,52.2963663,-2.1182435,79.75399999999999,31.811,55.21,0.01,0.1,5.5,79.44,79.58,79.73999,79.23,0.6000061,79.57,-0.009180069,0.07956004,0.0,6.0,3.0,2112.0,86.0,0.0,0.0,0.0,13.8,11.25,11.5,1.167773472635335,1.8826186670756124,121.03055162071743,1053.091038941534,0.5552066883519162,22.153888888888886
138.0,58921.4,52.2963834,-2.1182268,79.82300000000001,31.322,55.19,-0.02,0.1,5.599976,79.53,79.50999,79.73,79.31999,0.6000061,79.52,-0.009180069,0.05915999,0.0,6.0,3.0,2105.0,86.0,0.0,0.0,0.0,13.8,11.25,13.0,1.1526600008120804,1.8941538610222315,122.18321162152951,1054.9851928025562,0.5466720283096639,22.173055555555557
138.0,58921.5,52.2964003,-2.1182098,79.664,31.506,55.2,-0.01,0.1,6.099976,79.44,79.39999,79.53,79.39,0.6000061,79.39,0.0,0.04997993,0.0,6.0,3.0,2144.0,86.0,0.0,0.0,0.0,13.8,11.25,15.5,1.156428846999064,1.8866768553189806,123.33964046852857,1056.871869657875,0.5498834341333335,22.128888888888888
138.0,58921.6,52.2964174,-2.1181933,79.477,31.069000000000003,55.17,-0.04,0.1,6.799988000000001,79.45,79.58,79.64,79.28,0.8999939,79.50999,0.0,0.06936002,0.0,6.0,3.0,2161.0,86.0,0.0,0.0,0.0,13.8,11.25,21.5,1.139324801757348,1.890992796425054,124.47896527028593,1058.7628624543001,0.5422563453021183,22.076944444444447
138.0,58921.7,52.2964343,-2.1181762,79.44800000000001,31.51,55.19,-0.02,0.1,6.8999630000000005,79.39,79.50999,79.45999,78.86,0.2000122,79.45,0.0,0.05915999,0.0,6.0,3.0,2159.0,86.0,0.0,0.0,0.0,13.7,11.25,24.0,1.153424674849761,1.8814808230085571,125.63238994513569,1060.6443432773087,0.5499532473034132,22.06888888888889
138.0,58921.8,52.2964512,-2.1181591,79.639,31.629,55.2,-0.01,0.1,7.5,79.48,79.45999,79.7,79.23999,0.0,79.45,0.009180069,0.04997993,0.0,6.0,3.0,2172.0,86.0,0.0,0.0,0.0,13.8,11.25,24.0,1.1601122336615781,1.883598647626295,126.79250217879726,1062.527941924935,0.5520301891132865,22.12194444444444
138.0,58921.9,52.2964681,-2.118142,79.82600000000001,31.612,55.21,0.01,0.1,8.299988,79.64,79.56,79.7,79.28,0.0,79.56,0.009180069,0.01937985,0.0,6.0,3.0,2207.0,86.0,0.0,0.0,0.0,13.8,11.25,25.0,1.1622760498665998,1.8883664550278358,127.95477822866387,1064.4163083799629,0.5517334831404475,22.17388888888889
138.0,58922.0,52.296485,-2.1181249,79.79,31.881,55.21,0.01,0.1,9.0,79.73999,79.64,79.61,79.44,-0.1999817,79.68999000000001,0.009180069,0.02957988,0.0,6.0,3.0,2226.0,86.0,0.0,0.0,0.0,13.7,11.25,26.5,1.1706008099161067,1.8820397048452193,129.12537903857998,1066.2983480848081,0.5564284188283122,22.16388888888889
138.0,58922.1,52.2965017,-2.118107,79.693,32.726,55.24,0.04,0.1,9.799988,79.8,79.78,79.7,79.31,-0.6000061,79.75999,0.01937985,0.01937985,0.0,6.0,3.0,2243.0,86.0,0.0,0.0,0.0,13.7,11.25,28.5,1.1967722064348105,1.8623048566948839,130.3221512450148,1068.160652941503,0.5711764510076642,22.136944444444442
137.0,58922.2,52.2965186,-2.1180897,79.895,32.301,55.26,0.05,0.1,10.5,79.89,79.90999000000001,79.92,79.23999,-0.6999816999999999,79.85,0.01937985,0.0,0.0,6.0,3.0,2271.0,86.0,0.0,0.0,0.0,13.7,11.25,29.5,1.1859238779760284,1.875873584377703,131.50807512299082,1070.0365265258808,0.5637588016866885,22.193055555555553
137.0,58922.3,52.296535500000005,-2.1180726,79.83,31.9,55.26,0.05,0.1,11.70001,79.92999,79.84999,80.05,79.42,-0.8999939,79.93,0.01937985,0.0,0.0,6.0,3.0,2324.0,86.0,0.0,0.0,0.0,13.8,11.25,30.5,1.1718120072468048,1.8825947173176214,132.67988713023763,1071.9191212431986,0.5567600313861911,22.175
137.0,58922.4,52.2965524,-2.1180551000000003,80.068,32.236999999999995,55.28,0.06,0.1,13.20001,80.03,79.87999,80.14,79.56,-1.100006,79.93,0.02957988,-0.02958012,0.0,6.0,3.0,2385.0,86.0,0.0,0.0,0.0,13.7,11.25,30.5,1.1863911596596062,1.8812618772646823,133.86627828989722,1073.8003831204633,0.5626417909654119,22.24111111111111
137.0,58922.5,52.2965694,-2.1180377000000004,80.179,32.206,55.28,0.06,0.1,13.29999,80.20999,80.03999,80.28,79.81999,-1.699982,80.12,0.02957988,-0.02958012,0.0,6.0,3.0,2362.0,86.0,0.0,0.0,0.0,13.7,11.25,30.5,1.1870164338288032,1.8845124247891147,135.05329472372603,1075.6848955452524,0.5621007388972938,22.271944444444443
137.0,58922.6,52.29658630000001,-2.1180202,80.20100000000001,32.329,55.3,0.07,0.1,13.0,80.28,80.14999,80.33,79.67,-1.899994,80.2,0.0397799,-0.01938009,0.0,6.0,3.0,2301.0,86.0,0.0,0.0,0.0,13.7,11.25,30.5,1.191386092003766,1.8824762344168364,136.2446808157298,1077.5673717796692,0.5642474938772468,22.278055555555557
137.0,58922.7,52.29660320000001,-2.1180027000000003,80.33,32.309,55.31,0.08,0.1,12.20001,80.36,80.39,80.62,79.73999,-1.899994,80.35,0.0397799,-0.01938009,0.0,6.0,3.0,2281.0,86.0,0.0,0.0,0.0,13.7,11.25,30.0,1.1926441495992017,1.8859205460155488,137.437324965329,1079.4532923256847,0.5638984280268479,22.313888888888886
137.0,58922.8,52.2966201,-2.117985,80.536,32.548,55.32,0.08,0.1,11.09998,80.67,80.50999,80.67,79.89,-1.399994,80.55,0.0397799,-0.009180069,0.0,6.0,3.0,2247.0,86.0,0.0,0.0,0.0,13.7,11.25,24.5,1.2035791505139275,1.8857527281976723,138.64090411584291,1081.3390450538825,0.5680697649391144,22.371111111111112
137.0,58922.9,52.2966369,-2.1179669,80.582,33.099000000000004,55.33,0.07,0.1,10.70001,80.84999,80.65999000000001,80.78999,80.28,-1.100006,80.7,0.04997993,-0.009180069,0.0,6.0,3.0,2205.0,86.0,0.0,0.0,0.0,13.8,11.25,22.5,1.2223558341773513,1.8751616017169894,139.86325995002028,1083.2142066555996,0.5776865291176032,22.383888888888887
137.0,58923.0,52.2966539,-2.1179489,81.065,33.097,55.36,0.1,0.1,9.5,80.90999000000001,80.81,81.0,80.56999,-0.6999816999999999,80.78,0.04997993,0.0,0.0,6.0,3.0,2159.0,86.0,0.0,0.0,0.0,13.8,11.25,22.5,1.2296166574184195,1.8864440452422693,141.0928766074387,1085.100650700842,0.5776516225325633,22.518055555555556
137.0,58923.1,52.2966709,-2.1179309,81.108,33.083,55.36,0.09,0.1,6.700011999999999,81.01999,81.05,81.17,80.59,-0.2999877999999999,80.95,0.0397799,0.01937985,0.0,6.0,3.0,2130.0,86.0,0.0,0.0,0.0,13.7,11.25,22.5,1.2298076670176665,1.8877452429140342,142.32268427445638,1086.988395943756,0.5774072764372841,22.53
137.0,58923.2,52.2966879,-2.1179129,81.248,33.001,55.34,0.05,0.1,5.599976,81.15999000000001,81.23,81.25999,80.55,0.3000183,81.18,0.02957988,0.06936002,0.0,6.0,3.0,2136.0,86.0,0.0,0.0,0.0,13.8,11.25,22.5,1.2292228217460943,1.892764832536967,143.55190709620248,1088.881160776293,0.5759761064506487,22.56888888888889
137.0,58923.3,52.2967051,-2.1178953,81.23,32.439,55.33,0.04,0.1,5.5,81.42,81.34,81.3,80.83,0.7000122,81.32,0.0397799,0.06936002,0.0,6.0,3.0,2146.0,86.0,0.0,-0.7099915,0.0,13.8,11.25,22.5,1.210330128692028,1.904308745314576,144.7622372248945,1090.7854695216076,0.5661673560544406,22.56388888888889
137.0,58923.4,52.2967222,-2.1178776000000004,81.29899999999999,32.563,55.32,0.02,0.1,5.599976,81.51999,81.48999,81.44,81.23,0.3999939,81.49,0.04997993,0.06936002,0.0,6.0,3.0,2138.0,86.0,0.0,0.0,0.0,13.8,11.25,22.5,1.2154802128065783,1.9033002481292227,145.97771743770107,1092.6887697697368,0.5683315643269136,22.583055555555553
137.0,58923.5,52.2967394,-2.1178596,81.594,32.631,55.32,0.02,0.1,5.799988,81.64999,81.73999,81.62999,81.33,0.6000061,81.61,0.04997993,0.06936002,0.0,6.0,3.0,2101.0,86.0,0.0,0.0,0.0,13.7,11.25,22.5,1.2221569001847612,1.9087573867128258,147.19987433788583,1094.5975271564496,0.5695183882182697,22.665
137.0,58923.6,52.2967564,-2.1178414,81.691,32.983000000000004,55.34,0.04,0.1,7.799988000000001,81.76999,81.8,81.86,81.37,0.3999939,81.74,0.04997993,0.06936002,0.0,6.0,3.0,2084.0,86.0,0.0,0.0,0.0,13.7,11.25,22.5,1.2353271549982061,1.9034732062263364,148.43520149288403,1096.501000362676,0.5756619471852897,22.691944444444445
137.0,58923.7,52.2967736,-2.1178233,81.925,32.865,55.35,0.04,0.1,8.5,81.98,81.89999,81.95999,81.47,0.0,81.92,0.04997993,0.0397799,0.0,6.0,3.0,2059.0,86.0,0.0,0.0,0.0,13.8,11.25,22.5,1.2349316561946662,1.9114729945786852,149.6701331490787,1098.4124733572546,0.5736024586679365,22.756944444444443
137.0,58923.8,52.2967909,-2.1178053,82.055,32.664,55.34,0.04,0.1,8.399963,82.11,82.01999,82.08,81.7,-0.1999817,82.1,0.04997993,0.02957988,0.0,6.0,3.0,2057.0,86.0,0.0,0.0,0.0,13.8,11.25,25.0,1.2301673680489849,1.9188335160127505,150.9003005171277,1100.3313068732673,0.5700943468714278,22.793055555555558
137.0,58923.9,52.2968082,-2.1177871,82.213,32.768,55.36,0.05,0.1,8.5,82.34999,82.36,82.28,81.83,0.0,82.25999,0.04997993,0.02957988,0.0,6.0,3.0,2058.0,86.0,0.0,0.0,0.0,13.8,11.25,26.0,1.236023732073193,1.920287907928984,152.1363242492009,1102.2515947811962,0.5719094892935019,22.83694444444444
137.0,58924.0,52.2968254,-2.117769,82.296,32.797,55.35,0.04,0.1,8.5,82.47,82.53999,82.55,81.90999000000001,-0.1999817,82.48,0.05915999,0.02957988,0.0,6.0,3.0,2054.0,86.0,0.0,0.0,0.0,13.7,11.25,26.0,1.2382443556581832,1.921600092548044,153.3745686048591,1104.1731948737443,0.5724156347765802,22.860000000000003
137.0,58924.1,52.2968427,-2.1177504,82.742,33.075,55.38,0.05,0.1,8.700012,82.70999,82.61,82.73,82.09,-0.1999817,82.66,0.05915999,0.02957988,0.0,6.0,3.0,2052.0,86.0,0.0,0.0,0.0,13.7,11.25,26.0,1.2543144442260452,1.9259508715369167,154.62888304908515,1106.0991457452812,0.5772676500971246,22.983888888888888
137.0,58924.2,52.29686,-2.1177321,82.72399999999999,33.073,55.38,0.04,0.1,8.700012,82.87,82.81999,82.84,82.45999,-0.3999939,82.86,0.05915999,0.01937985,0.0,6.0,3.0,2056.0,86.0,0.0,0.0,0.0,13.7,11.25,26.0,1.2539743615266323,1.9255756662133239,155.8828574106118,1108.0247214114945,0.5772327435120846,22.978888888888886
137.0,58924.3,52.2968774,-2.1177135,83.02,33.167,55.39,0.06,0.1,8.5,83.06999,83.15999000000001,83.06,82.67999,-0.1999817,83.04,0.04997993,0.01937985,0.0,6.0,3.0,2072.0,86.0,0.0,0.0,0.0,13.8,11.25,25.5,1.2616300133627958,1.9303984475160343,157.1444874239746,1109.9551198590104,0.5788733530089593,23.06111111111111
137.0,58924.4,52.2968947,-2.1176949,83.117,33.321,55.4,0.06,0.1,6.5,83.33,83.3,83.33,82.62,0.0,83.24,0.04997993,0.02957988,0.0,6.0,3.0,2075.0,86.0,0.0,0.0,0.0,13.7,11.25,20.0,1.2682941252669344,1.929251954820204,158.41278154924154,1111.8843718138307,0.5815611600570305,23.088055555555556
137.0,58924.5,52.296912,-2.1176763000000003,83.038,33.281,55.42,0.07,0.1,6.200012,83.37,83.34,83.44,82.94,0.3999939,83.33,0.05915999,0.05915999,0.0,6.0,3.0,2070.0,86.0,0.0,0.0,0.0,13.8,11.25,18.0,1.2657427525671618,1.9283023886893205,159.6785243018087,1113.8126742025202,0.5808630283562328,23.06611111111111
137.0,58924.6,52.296929600000006,-2.1176579,83.531,32.912,55.43,0.08,0.1,6.200012,83.37,83.36,83.53,83.14999,0.6000061,83.37,0.04997993,0.05915999,0.0,6.0,3.0,2066.0,86.0,0.0,0.0,0.0,13.8,11.25,12.0,1.2607386909529197,1.9479106304644203,160.9392629927616,1115.7605848329845,0.5744227634163738,23.203055555555558
137.0,58924.7,52.2969474,-2.11764,83.624,32.292,55.41,0.05,0.1,6.200012,83.42999,83.53999,83.56,83.28999,0.3999939,83.45,0.02957988,0.07956004,0.0,6.0,3.0,2073.0,86.0,0.0,0.0,0.0,13.8,11.25,6.0,1.2409669738081512,1.963622611410068,162.18022996656975,1117.7242074443946,0.5636017220540089,23.228888888888886
137.0,58924.8,52.296964900000006,-2.1176214,83.73200000000001,32.727,55.42,0.05,0.1,6.200012,83.51999,83.48,83.65999000000001,82.95999,0.2000122,83.53,0.01937985,0.05915999,0.0,6.0,3.0,2065.0,86.0,0.0,0.0,0.0,13.8,11.25,0.0,1.2574611564950295,1.956668230273844,163.43769112306478,1119.6808756746684,0.5711939043001841,23.258888888888894
137.0,58924.9,52.2969826,-2.117603,83.89399999999999,32.542,55.42,0.05,0.1,6.200012,83.55,83.51999,83.53999,83.14999,0.3999939,83.53,0.009180069,0.04997993,0.0,6.0,3.0,2074.0,86.0,0.0,0.0,0.0,13.8,11.25,0.0,1.2535574362352235,1.964511676604688,164.6912485593,1121.645387351273,0.5679650451839947,23.303888888888885
137.0,58925.0,52.2970002,-2.1175847,83.736,32.582,55.41,0.03,0.1,6.200012,83.47,83.45,83.61,83.31999,0.6000061,83.5,0.0,0.06936002,0.0,6.0,3.0,2068.0,86.0,0.0,-0.230011,0.0,13.8,11.25,0.0,1.2525651751040845,1.9599378771064342,165.94381373440407,1123.6053252283796,0.5686631768847925,23.26
137.0,58925.1,52.2970179,-2.1175664000000003,83.819,32.467,55.42,0.04,0.1,6.399963,83.37999,83.45999,83.64,83.25,0.8000183000000001,83.4,0.0,0.06936002,0.0,6.0,3.0,2072.0,86.0,0.0,0.0,0.0,13.8,11.25,0.0,1.2498664612286936,1.9643931859804766,167.19368019563277,1125.56971841436,0.5666560482449989,23.283055555555556
137.0,58925.2,52.2970353,-2.1175476,83.632,33.032,55.44,0.06,0.1,6.599976,83.33,83.42,83.62999,83.0,0.3999939,83.45,-0.009180069,0.06936002,0.0,6.0,3.0,2071.0,86.0,0.0,0.0,0.0,13.8,11.25,0.0,1.2663449463062526,1.947617958310232,168.460025141939,1127.5173363726703,0.5765171585187668,23.23111111111111
137.0,58925.3,52.2970529,-2.1175293,83.72200000000001,32.662,55.44,0.05,0.1,6.700011999999999,83.36,83.25,83.33,82.86,0.3000183,83.28,-0.009180069,0.04997993,0.0,6.0,3.0,2047.0,86.0,0.0,0.0,0.0,13.8,11.25,0.0,1.2550906664035777,1.957859662802746,169.7151158083426,1129.4751960354731,0.5700594402863879,23.256111111111114
137.0,58925.4,52.2970704,-2.1175108,83.50200000000001,32.855,55.46,0.06,0.1,6.799988000000001,83.17999,83.14,83.34999,82.98999,0.3999939,83.37,-0.01938009,0.05915999,0.0,6.0,3.0,2078.0,86.0,0.0,0.0,0.0,13.8,11.25,16.0,1.2583631866661151,1.9484871927840588,170.97347899500872,1131.4236832282572,0.5734279257427369,23.195000000000004
137.0,58925.5,52.2970878,-2.1174923,83.354,32.878,55.48,0.07,0.1,7.0,83.09999,83.23999,83.31,82.95999,0.3999939,83.18,-0.01938009,0.0397799,0.0,6.0,3.0,2085.0,86.0,0.0,0.0,0.0,13.8,11.25,21.5,1.2569135331797885,1.944529268717657,172.2303925281885,1133.3682124969748,0.5738293514706957,23.15388888888889
137.0,58925.6,52.2971053,-2.1174741,83.272,32.66,55.48,0.07,0.1,7.299988000000001,83.09,83.06,83.26999,82.50999,0.5,83.18,-0.009180069,0.04997993,0.0,6.0,3.0,2061.0,86.0,0.0,0.0,0.0,13.8,11.25,25.5,1.2482766646501477,1.947379875842303,173.47866919283865,1135.315592372817,0.570024533701348,23.131111111111114
137.0,58925.7,52.2971228,-2.1174557,83.25399999999999,32.773,55.5,0.08,0.1,7.899963,83.12,83.06,83.23,82.76999,0.1000061,83.11,0.0,0.0397799,0.0,6.0,3.0,2075.0,86.0,0.0,0.0,0.0,13.7,11.25,29.0,1.2518442439942041,1.9444938004563417,174.73051343683287,1137.2600861732733,0.5719967557561016,23.126111111111108
137.0,58925.8,52.2971403,-2.1174373,83.26799999999999,32.673,55.51,0.09,0.1,8.0,83.06,83.06999,83.23999,82.84999,0.0,83.12,0.0,0.0397799,0.0,6.0,3.0,2120.0,86.0,0.0,0.0,0.0,13.7,11.25,30.0,1.248658496359357,1.94700307125325,175.97917193319222,1139.2070892445265,0.5702514265041073,23.129999999999995
137.0,58925.9,52.2971578,-2.117419,83.354,32.613,55.53,0.1,0.1,8.599976,83.14,83.23,83.28,82.81,-0.1000061,83.18999000000001,0.009180069,0.04997993,0.0,6.0,3.0,2169.0,86.0,0.0,0.0,0.0,13.8,11.25,33.0,1.2479064353663525,1.9503218286635076,177.22707836855858,1141.1574110731901,0.5692042289529107,23.15388888888889
137.0,58926.0,52.2971753,-2.1174007,83.29299999999999,32.64,55.54,0.09,0.1,8.799988,83.3,83.17,83.37,82.70999,-0.1999817,83.23,0.01937985,0.02957988,0.0,6.0,3.0,2209.0,86.0,0.0,0.0,0.0,13.7,11.25,36.5,1.2479114507667388,1.9483066989820514,178.47498981932532,1143.1057177721723,0.5696754678509491,23.136944444444442
137.0,58926.1,52.2971929,-2.1173823,83.596,32.655,55.56,0.1,0.1,8.799988,83.56,83.5,83.42,82.87,-0.2999877999999999,83.42,0.01937985,0.02957988,0.0,5.0,3.0,2334.0,86.0,0.0,0.0,0.0,13.6,11.25,38.0,1.2529629320402693,1.9550662145509883,179.7279527513656,1145.0607839867232,0.5699372672387484,23.22111111111111
137.0,58926.2,52.2972105,-2.1173639,83.56299999999999,32.632,55.56,0.1,0.1,9.099976,83.75999,83.70999,83.50999,83.03999,-0.1999817,83.7,0.0397799,0.01937985,0.0,5.0,3.0,2413.0,86.0,0.0,0.0,0.0,13.7,11.25,39.0,1.2516837127828973,1.9547970564930193,180.97963646414848,1147.0155810432161,0.5695358415107896,23.21194444444444
137.0,58926.3,52.297228,-2.1173454,83.682,32.857,55.57,0.1,0.1,9.399963,83.72,83.8,83.95999,83.45999,-0.2999877999999999,83.77,0.05915999,0.02957988,0.0,5.0,3.0,2483.0,86.0,0.0,0.0,0.0,13.7,11.25,39.0,1.2611439217803786,1.9526434028148634,182.24078038592887,1148.968224446031,0.5734628323277768,23.245
137.0,58926.4,52.2972457,-2.1173269,84.132,32.721,55.59,0.1,0.1,9.399963,83.97,83.95999,84.09,83.37999,-0.1999817,83.92,0.05915999,0.02957988,0.0,5.0,3.0,2540.0,86.0,0.0,0.0,0.0,13.7,11.25,39.5,1.2632623446048366,1.9661478196472135,183.5040427305337,1150.9343722656781,0.5710891845450645,23.37
137.0,58926.5,52.2972635,-2.1173088,84.118,32.296,55.59,0.09,0.1,9.899963,84.25999,84.12,84.23,83.64999,-0.3999939,84.13,0.05915999,0.02957988,0.0,5.0,3.0,2600.0,86.0,0.0,0.0,0.0,13.7,11.25,39.5,1.2484357494147131,1.975135353374858,184.75247847994842,1152.9095076190529,0.5636715352240886,23.36611111111111
136.0,58926.6,52.2972812,-2.1172902,84.29799999999999,32.578,55.59,0.09,0.1,10.09998,84.50999,84.50999,84.48,84.03,-0.5,84.45,0.05915999,0.009180069,0.0,5.0,3.0,2616.0,86.0,0.0,0.0,0.0,13.7,11.25,39.5,1.260834102684889,1.9731801644010618,186.01331258263332,1154.882687783454,0.5685933637147127,23.416111111111107
136.0,58926.7,52.2972991,-2.1172718,84.445,32.476,55.59,0.07,0.1,10.70001,84.78,84.75,84.69,84.09999,-0.6000061,84.73,0.06936002,0.0,0.0,5.0,3.0,2599.0,86.0,0.0,0.0,0.0,13.8,11.25,39.5,1.2595119112090327,1.9788663856410569,187.27282449384236,1156.8615541690951,0.5668131278776785,23.456944444444442
136.0,58926.8,52.2973168,-2.1172530000000003,84.66799999999999,32.834,55.6,0.07,0.1,11.39996,85.03999,84.92,84.87999,84.28999,-0.6000061,84.93999000000001,0.07956004,0.0,0.0,5.0,3.0,2613.0,86.0,0.0,0.0,0.0,13.7,11.25,39.0,1.2752104238983095,1.9761628780189413,188.54803491774067,1158.837717047114,0.5730614065998182,23.518888888888885
136.0,58926.9,52.2973345,-2.1172338,85.212,33.311,55.62,0.09,0.1,11.39996,85.34,85.25999,85.3,84.75999,-1.199982,85.27,0.07956004,0.0,0.0,5.0,3.0,2662.0,86.0,0.0,0.0,0.0,13.8,11.25,29.5,1.2999168033400363,1.9781064947050304,189.8479517210807,1160.815823541819,0.5813866271318311,23.67
136.0,58927.0,52.29735229999999,-2.1172147,85.169,33.305,55.64,0.1,0.1,11.0,85.40999000000001,85.45999,85.59999,85.06999,-1.100006,85.43999000000001,0.07956004,-0.009180069,0.0,5.0,3.0,2587.0,86.0,0.0,0.0,0.0,13.8,11.25,14.5,1.2990537850124317,1.977244342599671,191.14700550609314,1162.7930678844189,0.5812819073767115,23.658055555555553
136.0,58927.1,52.2973703,-2.1171957,85.666,33.168,55.64,0.09,0.1,10.5,85.53999,85.39,85.62,84.75999,-0.7999878,85.45,0.0397799,0.0,0.0,5.0,3.0,2610.0,86.0,0.0,0.0,0.0,13.8,11.25,7.0,1.3018752463354268,1.9919010726194533,192.44888075242855,1164.7849689570382,0.5788908063014793,23.79611111111111
136.0,58927.2,52.2973882,-2.1171766,85.781,33.253,55.66,0.1,0.1,10.39996,85.25,85.11,85.70999,85.09,-0.7999878,85.22,0.02957988,0.0,0.0,6.0,3.0,2616.0,86.0,0.0,0.0,0.0,13.7,11.25,0.0,1.3065804894927568,1.9926388885252866,193.7554612419213,1166.7776078455636,0.5803743361656744,23.828055555555558
136.0,58927.3,52.2974061,-2.1171574,85.62200000000001,33.257,55.67,0.1,0.1,10.5,85.31999,85.25,85.72,85.03,-1.0,85.27,0.0,0.009180069,0.0,6.0,3.0,2590.0,86.0,0.0,0.0,0.0,13.8,11.25,0.0,1.3042975190758879,1.9888543658404476,195.05975876099717,1168.7664622114041,0.5804441493357542,23.783888888888892
136.0,58927.4,52.2974239,-2.1171381,85.68,33.52,55.68,0.09,0.1,10.5,85.08,84.98999,85.45,84.84,-1.199982,85.23,-0.01938009,0.0,0.0,6.0,3.0,2559.0,86.0,0.0,0.0,0.0,13.8,11.25,0.0,1.3143027179303362,1.984189599217003,196.3740614789275,1170.750651810621,0.5850343652684993,23.8
136.0,58927.5,52.2974414,-2.1171182,85.475,34.197,55.71,0.11,0.1,10.70001,85.25999,84.98999,85.20999,84.45,-0.6999816999999999,85.09,-0.03978014,0.0,0.0,6.0,3.0,2627.0,86.0,0.0,0.0,0.0,13.8,11.25,0.0,1.334454863599606,1.9638118769773574,197.7085163425271,1172.7144636875985,0.596850244304501,23.743055555555554
136.0,58927.6,52.2974591,-2.1170989,85.273,34.001999999999995,55.72,0.11,0.1,10.79999,85.08,84.90999000000001,85.2,84.73999,-0.8999939,84.97,-0.01938009,0.009180069,0.0,6.0,3.0,2511.0,86.0,0.0,0.0,0.0,13.8,11.25,0.0,1.3246256703587835,1.9636904553845849,199.0331420128859,1174.678154142983,0.5934468522631119,23.686944444444443
136.0,58927.7,52.2974769,-2.1170801000000004,85.18,33.425,55.71,0.1,0.1,10.70001,84.86,84.84999,85.34999,84.78999,-0.6999816999999999,84.92,-0.009180069,-0.009180069,0.0,6.0,3.0,2378.0,86.0,0.0,0.0,0.0,13.8,11.25,0.0,1.3033603774469784,1.9747742951093745,200.33650239033287,1176.6529284380924,0.5833763024791045,23.66111111111111
136.0,58927.8,52.2974947,-2.1170608,85.35600000000001,33.65,55.72,0.1,0.1,10.59998,84.92999,84.75,85.12,84.42999,-0.6000061,84.83,-0.009180069,0.0,0.0,6.0,3.0,2280.0,86.0,0.0,0.0,0.0,13.8,11.25,0.0,1.3138142506309398,1.9737104941807102,201.6503166409638,1178.6266389322732,0.5873032932960919,23.71
137.0,58927.9,52.2975123,-2.1170414,84.949,33.894,55.72,0.08,0.1,10.59998,84.87999,84.7,85.0,84.36,-0.5,84.81,-0.009180069,0.009180069,0.0,6.0,3.0,2187.0,86.0,0.0,0.0,0.0,13.8,11.25,0.0,1.3159029263254778,1.958713189731978,202.96621956728927,1180.5853521220051,0.591561896670958,23.596944444444443
137.0,58928.0,52.2975299,-2.1170222,85.064,33.81,55.72,0.07,0.1,10.39996,84.78,84.7,84.98999,84.44,-0.6999816999999999,84.75,-0.009180069,0.009180069,0.0,6.0,3.0,2073.0,86.0,0.0,0.0,0.0,13.8,11.25,0.0,1.3148074083631522,1.9632945220083355,204.28102697565242,1182.5486466440134,0.5900958200992829,23.628888888888888
137.0,58928.1,52.2975476,-2.1170029,85.072,33.806999999999995,55.72,0.07,0.1,9.200012,84.5,84.45,84.89,84.34,-0.7999878,84.71,-0.01938009,0.009180069,0.0,6.0,3.0,2026.0,86.0,0.0,0.0,0.0,13.8,11.25,0.0,1.3148282525079373,1.963548010582811,205.59585522816036,1184.5121946545962,0.5900434602217229,23.63111111111111
137.0,58928.2,52.2975652,-2.1169837,84.906,33.895,55.72,0.06,0.1,7.399963,84.39,84.28,84.67,84.0,-0.5,84.39,-0.02958012,0.02957988,0.0,6.0,3.0,1979.0,86.0,0.0,0.0,0.0,13.8,11.25,0.0,1.3152710030912975,1.9576987608994427,206.91112623125167,1186.4698934154956,0.591579349963478,23.585
137.0,58928.3,52.2975827,-2.1169643,84.823,34.023,55.73,0.07,0.1,4.799988,84.22,84.25,84.55,84.03,0.3000183,84.31,-0.02958012,0.04997993,0.0,6.0,3.0,1968.0,86.0,0.0,0.0,0.0,13.8,11.25,0.0,1.3183512408199671,1.9528446599408047,208.22947747207164,1188.4227380754364,0.5938133714060307,23.561944444444443
137.0,58928.4,52.29760039999999,-2.1169454,84.744,33.56,55.73,0.06,0.1,1.3999629999999998,83.94,84.22,84.42999,84.0,1.200012,84.16,-0.03978014,0.07956004,0.0,6.0,3.0,1968.0,86.0,0.0,0.0,0.0,13.8,11.25,0.0,1.3013145651213696,1.9616055675397595,209.530792037193,1190.384343642976,0.5857324969692971,23.54
137.0,58928.5,52.2976179,-2.1169262,84.359,33.886,55.71,0.03,0.1,0.0,83.84999,84.05,84.12999,83.84999,2.200012,83.96,-0.03978014,0.13974,0.0,6.0,3.0,1971.0,86.0,0.0,0.0,0.0,13.8,11.25,8.0,1.3064919270334447,1.9452916931128776,210.83728396422646,1192.329635336089,0.5914222703307985,23.433055555555555
137.0,58928.6,52.2976352,-2.1169067,84.344,34.391,55.73,0.05,0.1,0.0,83.76999,83.98999,83.89,83.64999,2.700012,83.9,-0.03978014,0.1693199,0.0,6.0,3.0,2027.0,86.0,0.0,0.0,0.0,13.8,11.25,19.5,1.3233512402107859,1.93335714256616,212.16063520443726,1194.2629924786552,0.6002361830533699,23.42888888888889
137.0,58928.7,52.2976527,-2.1168877000000004,84.34100000000001,33.774,55.73,0.05,0.1,1.3999629999999998,83.8,84.03,83.78999,83.67999,2.5,83.89,-0.02958012,0.1693199,0.0,6.0,3.0,2107.0,86.0,0.0,0.0,0.0,13.8,11.25,26.5,1.3024088786542696,1.9474262460859728,213.46304408309152,1196.2104187247412,0.5894675015685649,23.428055555555556
137.0,58928.8,52.2976701,-2.116869,83.65700000000001,33.58,55.72,0.03,0.1,3.299988,83.67,83.92,83.8,83.73999,1.899994,83.81,-0.009180069,0.13974,0.0,6.0,3.0,2124.0,86.0,0.0,0.0,0.0,13.7,11.25,29.5,1.2852986448350505,1.935995778305327,214.74834272792657,1198.1464145030466,0.5860815628196958,23.238055555555558
137.0,58928.9,52.2976878,-2.1168506,83.869,32.855,55.73,0.04,0.1,5.299988,83.81999,83.78999,83.78,83.42999,1.200012,83.68999000000001,0.0,0.09995985,0.0,6.0,3.0,2156.0,86.0,0.0,0.0,0.0,13.8,11.25,30.0,1.2638938241299658,1.9570509972408592,216.01223655205655,1200.1034655002875,0.5734279257427369,23.296944444444446
137.0,58929.0,52.2977054,-2.1168319,84.01,33.006,55.74,0.05,0.1,6.8999630000000005,83.75999,83.73999,83.73,83.34999,0.8000183000000001,83.73,0.0,0.05915999,0.0,6.0,3.0,2158.0,86.0,0.0,0.0,0.0,13.8,11.25,30.5,1.271180646961063,1.9569978489239297,217.2834171990176,1202.0604633492114,0.5760633729132484,23.336111111111112
137.0,58929.1,52.297723000000005,-2.1168133,83.945,32.835,55.75,0.05,0.1,7.5,83.78999,83.81999,83.94,83.5,0.3000183,83.8,0.0,0.04997993,0.0,6.0,3.0,2180.0,86.0,0.0,0.0,0.0,13.7,11.25,31.0,1.2643552974790506,1.959265890750006,218.54777249649666,1204.0197292399614,0.5730788598923381,23.318055555555553
137.0,58929.2,52.2977405,-2.1167947000000003,83.887,33.009,55.76,0.05,0.1,7.599976,83.86,83.84999,83.89,83.50999,0.1000061,83.81,0.009180069,0.04997993,0.0,6.0,3.0,2248.0,86.0,0.0,0.0,0.0,13.8,11.25,31.0,1.269421813267867,1.9540661219414952,219.81719430976452,1205.9737953619028,0.5761157327908083,23.301944444444445
137.0,58929.3,52.2977581,-2.116776,84.02799999999999,33.036,55.77,0.06,0.1,7.899963,84.03,83.92,83.95999,83.34999,0.2000122,83.95,0.009180069,0.02957988,0.0,6.0,3.0,2349.0,86.0,0.0,0.0,0.0,13.8,11.25,31.5,1.2724777372809617,1.9567511561608104,221.08967204704547,1207.9305465180637,0.5765869716888468,23.341111111111108
137.0,58929.4,52.2977757,-2.1167575,84.02799999999999,32.92,55.77,0.06,0.1,8.700012,84.01999,84.01999,84.06999,83.67999,0.1000061,83.99,0.02957988,0.0397799,0.0,6.0,3.0,2435.0,86.0,0.0,0.0,0.0,13.8,11.25,32.0,1.2685135290515865,1.9593233795434164,222.35818557609704,1209.889869897607,0.5745623897565333,23.341111111111108
137.0,58929.5,52.2977934,-2.1167387,84.24700000000001,33.062,55.79,0.07,0.1,9.099976,84.2,84.25,84.31,83.90999000000001,-0.1000061,84.17,0.0397799,0.0397799,0.0,6.0,3.0,2422.0,86.0,0.0,0.0,0.0,13.8,11.25,32.0,1.276684291399762,1.9612718470170656,223.6348698674968,1211.851141744624,0.5770407572943652,23.40194444444445
137.0,58929.6,52.2978111,-2.11672,84.478,32.944,55.81,0.08,0.1,9.399963,84.36,84.28,84.40999000000001,83.84999,-0.1999817,84.34,0.0397799,0.01937985,0.0,6.0,3.0,2402.0,86.0,0.0,0.0,0.0,13.8,11.25,32.0,1.2761318755927784,1.9692818850754152,224.91100174308957,1213.8204236296995,0.574981268777012,23.466111111111108
137.0,58929.7,52.2978287,-2.1167014,84.258,32.809,55.82,0.08,0.1,9.799988,84.51999,84.48,84.51999,83.84999,-0.1999817,84.5,0.04997993,0.009180069,0.0,6.0,3.0,2368.0,86.0,0.0,0.0,0.0,13.7,11.25,32.0,1.2681770805321013,1.9671469549611882,226.17917882362167,1215.7875705846607,0.5726250742868195,23.404999999999998
137.0,58929.8,52.2978465,-2.1166825,84.632,33.067,55.82,0.08,0.1,10.0,84.75,84.75,84.73,84.06999,-0.5,84.71,0.04997993,0.0,0.0,6.0,3.0,2338.0,86.0,0.0,0.0,0.0,13.8,11.25,32.0,1.2826905359323728,1.97012272636269,227.46186935955404,1217.7576933110233,0.5771280237569649,23.50888888888889
137.0,58929.9,52.2978642,-2.1166637,84.895,33.023,55.82,0.07,0.1,10.09998,84.87,84.84999,84.87999,84.42,-0.3999939,84.9,0.04997993,0.009180069,0.0,6.0,3.0,2292.0,86.0,0.0,0.0,0.0,13.7,11.25,32.0,1.285158562136381,1.977232537658682,228.74702792169043,1219.734925848682,0.5763600788860875,23.581944444444442
137.0,58930.0,52.297882,-2.1166447,84.92,33.155,55.84,0.08,0.1,10.09998,85.17999,85.08,85.14,84.59,-0.3999939,85.05,0.05915999,0.0,0.0,6.0,3.0,2260.0,86.0,0.0,0.0,0.0,13.8,11.25,32.0,1.2900901600145132,1.9748478850679068,230.03711808170493,1221.70977373375,0.5786639134987199,23.58888888888889
137.0,58930.1,52.2978998,-2.1166256000000003,85.259,33.269,55.86,0.09,0.1,10.09998,85.33,85.25999,85.25,84.64999,-0.2999877999999999,85.27,0.05915999,0.0,0.0,6.0,3.0,2247.0,86.0,0.0,0.0,0.0,13.8,11.25,32.0,1.299182615716929,1.9801504325414845,231.33630069742185,1223.6899241662913,0.5806535888459935,23.683055555555555
137.0,58930.2,52.2979176,-2.1166065,85.37,33.17,55.86,0.08,0.1,10.20001,85.47,85.55,85.61,85.03999,-0.5,85.43,0.06936002,0.009180069,0.0,6.0,3.0,2230.0,86.0,0.0,0.0,0.0,13.7,11.25,31.0,1.2974461925112697,1.9849732088579153,232.63374688993312,1225.6748973751492,0.5789257128865192,23.71388888888889
137.0,58930.3,52.2979354,-2.1165873,85.579,33.412,55.89,0.1,0.1,10.39996,85.8,85.67,85.73999,85.19,-0.6999816999999999,85.7,0.05915999,0.0,0.0,6.0,3.0,2208.0,86.0,0.0,0.0,0.0,13.7,11.25,23.5,1.3090153811518306,1.9843215864888077,233.94276227108494,1227.6592189616379,0.5831494096763453,23.771944444444443
137.0,58930.4,52.2979533,-2.1165681000000003,85.831,33.18,55.89,0.09,0.1,10.59998,86.03,85.84,85.87,85.17,-0.6999816999999999,85.91,0.05915999,0.0,0.0,6.0,3.0,2184.0,86.0,0.0,0.0,0.0,13.8,11.25,21.0,1.3048007264588255,1.9954644103948018,235.24756299754378,1229.6546833720327,0.5791002458117185,23.841944444444444
137.0,58930.5,52.2979712,-2.1165488,85.87799999999999,33.549,55.89,0.08,0.1,10.70001,85.97,85.98,86.12,85.5,-0.6000061,85.93,0.04997993,0.0,0.0,6.0,3.0,2199.0,86.0,0.0,0.0,0.0,13.8,11.25,20.5,1.3183464127654556,1.988107890922536,236.56590941030925,1231.6427912629551,0.5855405107515776,23.854999999999997
137.0,58930.6,52.2979892,-2.1165294,86.26299999999999,33.472,55.91,0.09,0.1,10.59998,86.12,86.0,86.33,85.70999,-0.7999878,86.03,0.0397799,-0.009180069,0.0,6.0,3.0,2203.0,86.0,0.0,0.0,0.0,13.8,11.25,20.5,1.3215716984429786,1.9987986545575218,237.8874811087522,1233.6415899175126,0.584196607227542,23.96194444444444
137.0,58930.7,52.2980071,-2.1165098,86.35700000000001,33.639,55.91,0.08,0.1,10.59998,86.33,86.2,86.23999,85.61,-0.7999878,86.21,0.02957988,-0.009180069,0.0,6.0,3.0,2199.0,86.0,0.0,0.0,0.0,13.8,11.25,20.5,1.3288384215100049,1.9971120506578988,239.2163195302622,1235.6387019681706,0.5871113070783726,23.988055555555558
137.0,58930.8,52.298025,-2.1164902000000003,86.339,33.773,55.92,0.08,0.1,10.59998,86.39999,86.31,86.45,85.81,-0.7999878,86.37,0.02957988,0.0,0.0,6.0,3.0,2190.0,86.0,0.0,0.0,0.0,13.8,11.25,20.5,1.3332275593215508,1.9935831592572564,240.54954708958377,1237.6322851274278,0.589450048276045,23.983055555555556
137.0,58930.9,52.298043,-2.1164706000000004,86.454,33.73,55.94,0.09,0.1,10.59998,86.45999,86.44,86.78,86.09,-0.7999878,86.42,0.0397799,0.0,0.0,6.0,3.0,2181.0,86.0,0.0,0.0,0.0,13.7,11.25,20.5,1.3335048276165118,1.9972398766105828,241.88305191720028,1239.6295250040384,0.5886995566976873,24.014999999999997
137.0,58931.0,52.2980609,-2.1164508,86.56200000000001,34.034,55.95,0.09,0.1,10.59998,86.73,86.53999,86.67999,86.15999000000001,-0.7999878,86.59,0.0397799,0.009180069,0.0,6.0,3.0,2181.0,86.0,0.0,0.0,0.0,13.8,11.25,20.5,1.3457620193285535,1.9926226028359548,243.22881393652884,1241.6221476068745,0.5940053576237501,24.045
137.0,58931.1,52.2980789,-2.1164311,86.792,33.885,55.97,0.1,0.1,10.20001,86.72,86.59999,86.64,85.92999,-0.8999939,86.67,0.0397799,0.0,0.0,6.0,3.0,2161.0,86.0,0.0,0.0,0.0,13.8,11.25,20.5,1.3441375617772597,2.0014193587520293,244.5729514983061,1243.6235669656264,0.5914048170382785,24.108888888888888
138.0,58931.2,52.2980968,-2.1164113,86.818,33.962,55.97,0.09,0.1,10.20001,86.81,86.87999,86.94,86.20999,-0.6999816999999999,86.82,0.02957988,-0.009180069,0.0,6.0,3.0,2162.0,86.0,0.0,0.0,0.0,13.8,11.25,20.5,1.3472295260363403,2.0002101778089387,245.92018102434244,1245.6237771434353,0.5927487205623143,24.11611111111111
138.0,58931.3,52.2981148,-2.1163912,87.07700000000001,34.26,55.99,0.09,0.1,10.09998,87.0,86.81,86.95,86.56999,-0.6999816999999999,86.91,0.0397799,0.0,0.0,6.0,3.0,2173.0,86.0,0.0,0.0,0.0,13.8,11.25,20.5,1.3616646191950004,1.9991222524945682,247.28184564353745,1247.6228993959298,0.5979498017332573,24.188055555555557
138.0,58931.4,52.2981328,-2.1163712,87.16,34.201,55.99,0.09,0.1,10.09998,87.08,87.0,87.3,86.42999,-0.7999878,86.99,0.0397799,0.0,0.0,6.0,3.0,2159.0,86.0,0.0,0.0,0.0,13.8,11.25,23.5,1.3609012606962487,2.0024302162574954,248.6427469042337,1249.6253296121874,0.5969200574745807,24.21111111111111
138.0,58931.5,52.2981509,-2.1163513,87.35799999999999,34.066,56.0,0.09,0.1,10.09998,87.11,87.17,87.3,86.62,-1.0,87.1,0.02957988,0.009180069,0.0,6.0,3.0,2172.0,86.0,0.0,0.0,0.0,13.8,11.25,25.0,1.3592601837280112,2.010187363779704,250.0020070879617,1251.6355169759672,0.5945638629843883,24.26611111111111
138.0,58931.6,52.2981687,-2.1163311,87.167,34.548,56.0,0.07,0.1,10.09998,87.44,87.26999,87.39999,86.87999,-0.6999816999999999,87.32,0.02957988,0.0,0.0,6.0,3.0,2160.0,86.0,0.0,0.0,0.0,13.7,11.25,26.0,1.3731138004716776,1.99431168183873,251.37512088843337,1253.629828657806,0.602976349979001,24.213055555555556
138.0,58931.7,52.2981868,-2.1163111,87.458,34.169000000000004,56.01,0.07,0.1,10.09998,87.58,87.53999,87.47,86.83,-0.6000061,87.54,0.0397799,0.0,0.0,6.0,3.0,2169.0,86.0,0.0,0.0,0.0,13.7,11.25,27.5,1.3644317768531107,2.0100388801638274,252.73955266528648,1255.6398675379698,0.5963615521139425,24.293888888888887
138.0,58931.8,52.2982049,-2.1162909,87.52,34.418,56.01,0.06,0.1,10.09998,87.62999,87.69,87.84,87.03999,-0.6000061,87.67,0.04997993,0.0,0.0,6.0,3.0,2188.0,86.0,0.0,0.0,0.0,13.8,11.25,28.5,1.3741276770993176,2.0055109976256764,254.1136803423858,1257.6453785355955,0.6007074219514084,24.31111111111111
137.0,58931.9,52.2982228,-2.1162703,87.728,35.07,56.02,0.07,0.1,10.09998,87.81,87.75,87.90999000000001,87.62,-0.5,87.82,0.05915999,0.0,0.0,6.0,3.0,2172.0,86.0,0.0,0.0,0.0,13.8,11.25,28.5,1.4001797979282395,1.9944733616330295,255.51386014031405,1259.6398518972285,0.6120869686744114,24.368888888888886
137.0,58932.0,52.2982408,-2.1162497,88.056,34.989000000000004,56.05,0.09,0.1,10.09998,88.14999,88.01999,88.08,87.34,-0.2999877999999999,88.02,0.04997993,0.01937985,0.0,6.0,3.0,2184.0,86.0,0.0,0.0,0.0,13.8,11.25,26.5,1.4025832650631753,2.0039152139161778,256.9164434053772,1261.6437671111446,0.6106732519802961,24.459999999999997
137.0,58932.1,52.29825889999999,-2.1162292000000003,88.189,34.768,56.06,0.09,0.1,10.0,88.23,88.28,88.25999,87.61,-0.6000061,88.18999000000001,0.04997993,0.01937985,0.0,6.0,3.0,2194.0,86.0,0.0,0.0,0.0,13.7,11.25,18.5,1.3969501684912113,2.012345173645503,258.31339357386844,1263.6561122847902,0.6068160743333885,24.49694444444444
137.0,58932.2,52.2982771,-2.1162089,88.34,34.444,56.05,0.08,0.1,9.599976,88.37,88.25,88.39999,87.98,-0.5,88.32,0.05915999,0.009180069,0.0,6.0,3.0,2180.0,86.0,0.0,0.0,0.0,13.8,11.25,15.0,1.3879207296185243,2.0236715957159475,259.701314303487,1265.6797838805062,0.6011612075569269,24.538888888888888
137.0,58932.3,52.2982952,-2.1161881,88.538,35.001,56.07,0.08,0.1,9.5,88.48,88.3,88.59,87.86,-0.3999939,88.4,0.0397799,0.009180069,0.0,6.0,3.0,2194.0,86.0,0.0,0.0,0.0,13.8,11.25,15.0,1.4106826759130058,2.0145888152844105,261.1119969794,1267.6943726957907,0.6108826914905352,24.593888888888888
137.0,58932.4,52.2983134,-2.1161676,88.729,34.667,56.07,0.08,0.1,9.5,88.42999,88.40999000000001,88.64999,87.87999,-0.3999939,88.4,0.01937985,0.0,0.0,6.0,3.0,2200.0,86.0,0.0,0.0,0.0,13.8,11.25,15.0,1.4019327615611032,2.0271416419522756,262.5139297409611,1269.721514337743,0.6050532917888742,24.646944444444443
137.0,58932.5,52.2983315,-2.1161468,88.708,35.105,56.08,0.07,0.1,9.5,88.58,88.37999,88.64,88.23,-0.3999939,88.49,0.009180069,0.0,0.0,6.0,3.0,2191.0,86.0,0.0,0.0,0.0,13.8,11.25,15.0,1.4170527553309504,2.015888155754231,263.930982496292,1271.7374024934973,0.6126978339126093,24.64111111111111
137.0,58932.6,52.2983495,-2.116126,88.54899999999999,35.13,56.08,0.07,0.1,9.5,88.61,88.47,88.67,88.0,-0.5,88.6,0.009180069,0.009180069,0.0,6.0,3.0,2204.0,86.0,0.0,0.0,0.0,13.8,11.25,15.0,1.4153907193483777,2.0116574936139964,265.34637321564037,1273.7490599871112,0.613134166225608,24.596944444444443
137.0,58932.7,52.2983677,-2.1161053,88.69,34.93,56.08,0.06,0.1,9.5,88.51999,88.5,88.75999,88.05,-0.6000061,88.5,0.009180069,0.01937985,0.0,6.0,3.0,2204.0,86.0,0.0,0.0,0.0,13.8,11.25,15.0,1.4106026875266613,2.0197969612643454,266.756975903167,1275.7688569483755,0.6096435077216193,24.63611111111111
137.0,58932.8,52.2983858,-2.1160844,88.88799999999999,35.264,56.11,0.08,0.1,9.299988,88.64999,88.48,88.72,88.28,-0.3999939,88.55,0.009180069,0.01937985,0.0,6.0,3.0,2194.0,86.0,0.0,0.0,0.0,13.8,11.25,15.0,1.4255282531706268,2.016030475569416,268.18250415633764,1277.7848874239448,0.6154729074232804,24.69111111111111
137.0,58932.9,52.2984039,-2.1160635,88.823,35.239000000000004,56.11,0.07,0.1,8.700012,88.7,88.56999,88.7,88.00999,-0.2999877999999999,88.65,0.009180069,0.01937985,0.0,6.0,3.0,2205.0,86.0,0.0,0.0,0.0,13.8,11.25,13.5,1.4236066736548831,2.0151775959454756,269.60611082999253,1279.8000650198903,0.6150365751102819,24.673055555555553
137.0,58933.0,52.298422,-2.1160426,88.88799999999999,35.215,56.12,0.07,0.1,7.399963,88.56999,88.7,88.64,88.06,-0.1999817,88.58,0.0,0.02957988,0.0,6.0,3.0,2201.0,86.0,0.0,0.0,0.0,13.8,11.25,8.0,1.4238035999634777,2.017248866090495,271.029914429956,1281.8173138859809,0.6146176960898032,24.69111111111111
137.0,58933.1,52.2984401,-2.1160216,88.805,35.375,56.13,0.07,0.1,7.0,88.62,88.5,88.59,88.31,0.1000061,88.63,0.0,0.04997993,0.0,6.0,3.0,2195.0,86.0,0.0,0.0,0.0,13.8,11.25,3.5,1.4280965178270835,2.0113850910976527,272.4580109477831,1283.8286989770786,0.6174102228929941,24.668055555555558
137.0,58933.2,52.298458200000006,-2.1160006000000005,88.84100000000001,35.338,56.13,0.07,0.1,7.099976,88.62,88.53999,88.75999,88.28999,0.3000183,88.54,0.0,0.04997993,0.0,6.0,3.0,2199.0,86.0,0.0,0.0,0.0,13.8,11.25,0.0,1.4273757231067652,2.0131226502914084,273.8853866708899,1285.84182162737,0.6167644510697562,24.678055555555556
137.0,58933.3,52.2984763,-2.1159797,88.87700000000001,35.322,56.14,0.07,0.1,7.099976,88.48,88.65999000000001,88.75999,88.11,0.3999939,88.56,0.0,0.05915999,0.0,6.0,3.0,2198.0,86.0,0.0,0.0,0.0,13.8,11.25,0.0,1.4273916685194337,2.0143370859375263,275.3127783394093,1287.8561587133077,0.6164851983894372,24.688055555555557
137.0,58933.4,52.2984943,-2.1159587,88.65700000000001,35.472,56.16,0.08,0.1,7.099976,88.56,88.39,88.64999,88.20999,0.3000183,88.48,0.0,0.04997993,0.0,6.0,3.0,2190.0,86.0,0.0,0.0,0.0,13.8,11.25,0.0,1.4291139845191712,2.005616400498677,276.7418923239285,1289.8617751138063,0.6191031922674286,24.626944444444447
137.0,58933.5,52.29851240000001,-2.1159380000000003,88.697,35.122,56.17,0.09,0.1,7.099976,88.37,88.33,88.56,88.01999,0.0,88.37,-0.009180069,0.0397799,0.0,6.0,3.0,2196.0,86.0,0.0,0.0,0.0,13.8,11.25,0.0,1.4174750269782201,2.015217696299711,278.1593673509067,1291.876992810106,0.6129945398854484,24.638055555555557
137.0,58933.6,52.2985305,-2.1159171,88.78299999999999,35.174,56.18,0.09,0.1,7.399963,88.12999,88.33,88.53,87.89,0.3000183,88.28,-0.009180069,0.04997993,0.0,6.0,3.0,2192.0,86.0,0.0,0.0,0.0,13.8,11.25,0.0,1.4206795433085166,2.0158831000416035,279.5800468942152,1293.8928759101475,0.6139021110964855,24.66194444444444
137.0,58933.7,52.2985487,-2.1158964,88.664,35.005,56.19,0.09,0.1,7.399963,88.15999000000001,88.01999,88.39,87.95,0.0,88.11,-0.009180069,0.0397799,0.0,6.0,3.0,2179.0,86.0,0.0,0.0,0.0,13.8,11.25,0.0,1.4128310850220844,2.017357183100619,280.9928779792373,1295.910233093248,0.6109525046606151,24.628888888888888
137.0,58933.8,52.2985668,-2.1158755,88.736,35.188,56.2,0.09,0.1,7.0,88.14999,88.08,88.28999,87.70999,0.0,88.1,-0.01938009,0.0397799,0.0,6.0,3.0,2179.0,86.0,0.0,0.0,0.0,13.8,11.25,0.0,1.4204197330964776,2.0144689167118055,282.41329771233376,1297.92470200996,0.6141464571917647,24.64888888888889
137.0,58933.9,52.29858479999999,-2.1158548,88.434,35.181,56.2,0.07,0.1,6.5,88.00999,88.14,88.23999,87.56,0.2000122,88.04,-0.02958012,0.0397799,0.0,6.0,3.0,2192.0,86.0,0.0,0.0,0.0,13.8,11.25,6.5,1.4153402554863552,2.007785897749015,283.8286379678201,1299.932487907709,0.614024284144125,24.564999999999998
137.0,58934.0,52.2986028,-2.1158342,88.15700000000001,34.898,56.2,0.05,0.1,6.5,87.98999,87.92,87.98999,87.78,0.3999939,87.97,-0.01938009,0.05915999,0.0,6.0,3.0,2195.0,86.0,0.0,0.0,0.0,13.8,11.25,12.0,1.4010038865054486,2.008441375523912,285.22964185432556,1301.940929283233,0.6090850023609812,24.488055555555558
137.0,58934.1,52.2986208,-2.1158136,88.052,35.175,56.21,0.06,0.1,6.599976,87.89,87.90999000000001,88.08,87.59,0.3999939,87.86,-0.009180069,0.06936002,0.0,6.0,3.0,2191.0,86.0,0.0,0.0,0.0,13.8,11.25,16.0,1.4090171894628465,1.999260617475457,286.63865904378844,1303.9401899007084,0.6139195643890054,24.45888888888889
137.0,58934.2,52.2986389,-2.1157929,88.337,35.117,56.21,0.06,0.1,6.599976,87.87999,87.97,88.06,87.48,0.3999939,87.91,-0.009180069,0.07956004,0.0,6.0,3.0,2191.0,86.0,0.0,0.0,0.0,13.8,11.25,19.0,1.411546680895,2.00716159591838,288.05020572468345,1305.9473514966269,0.6129072734228487,24.538055555555555
137.0,58934.3,52.29865710000001,-2.1157728,88.042,34.385,56.21,0.06,0.1,6.599976,87.89999,87.78999,87.97,87.7,0.1000061,87.86,0.0,0.06936002,0.0,6.0,3.0,2219.0,86.0,0.0,0.0,0.0,13.8,11.25,19.0,1.3811612468944678,2.0182683956468828,289.4313669715779,1307.9656198922737,0.6001314632982502,24.45611111111111
137.0,58934.4,52.2986751,-2.1157523,87.948,34.761,56.22,0.06,0.1,6.5,87.87999,87.83,88.01999,87.53,0.3999939,87.84,0.0,0.05915999,0.0,6.0,3.0,2262.0,86.0,0.0,0.0,0.0,13.8,11.25,19.0,1.3928874361186665,2.007016091191789,290.82425440769657,1309.9726359834656,0.606693901285749,24.429999999999996
137.0,58934.5,52.2986932,-2.115732,88.081,34.51,56.22,0.05,0.1,6.299988,87.78999,87.90999000000001,88.05,87.48,0.7000122,87.82,0.0,0.05915999,0.0,6.0,3.0,2296.0,86.0,0.0,-0.230011,0.0,13.8,11.25,18.0,1.3861748976402517,2.01614306477178,292.21042930533685,1311.9887790482373,0.6023131248632431,24.466944444444444
137.0,58934.6,52.2987114,-2.1157117,88.26799999999999,34.38,56.23,0.06,0.1,6.5,87.95999,87.87999,87.95,87.58,0.7000122,87.9,0.0,0.05915999,0.0,6.0,3.0,2332.0,86.0,0.0,0.0,0.0,13.8,11.25,8.5,1.384530043456458,2.0235700339309353,293.5949593487933,1314.0123490821684,0.6000441968356506,24.518888888888885
137.0,58934.7,52.2987296,-2.1156916,88.103,34.236999999999995,56.23,0.05,0.1,6.700011999999999,87.95999,87.90999000000001,87.97,87.51999,0.5,87.95,0.0,0.04997993,0.0,6.0,3.0,2311.0,86.0,0.0,0.0,0.0,13.8,11.25,0.5,1.376896605329404,2.023230145209746,294.9718559541227,1316.035579227378,0.5975483760052985,24.473055555555554
137.0,58934.8,52.2987476,-2.1156710000000003,88.10600000000001,34.701,56.24,0.06,0.1,8.099976,87.92,87.98999,88.09999,87.47,0.2000122,87.93999000000001,0.009180069,0.04997993,0.0,6.0,3.0,2270.0,86.0,0.0,0.0,0.0,13.8,11.25,0.0,1.3932834979823385,2.012081874006843,296.36513945210504,1318.0476611013848,0.6056467037345523,24.47388888888889
137.0,58934.9,52.2987658,-2.1156506000000004,88.20700000000001,34.591,56.25,0.06,0.1,9.099976,87.83,87.67,87.98999,87.62,-0.1000061,87.75,0.0,0.0397799,0.0,6.0,3.0,2248.0,86.0,0.0,0.0,0.0,13.8,11.25,0.0,1.391010767138738,2.017062681547235,297.75615021924375,1320.064723782932,0.6037268415573586,24.501944444444447
137.0,58935.0,52.2987838,-2.1156301,88.178,34.837,56.27,0.07,0.1,9.099976,87.83,87.67,88.01999,87.44,-0.3999939,87.78,0.0,0.01937985,0.0,6.0,3.0,2248.0,86.0,0.0,0.0,0.0,13.8,11.25,0.0,1.3991980296040056,2.0104106055641005,299.15534824884776,1322.0751343884963,0.6080203515172646,24.493888888888886
137.0,58935.1,52.298802,-2.1156098,88.09899999999999,34.482,56.27,0.07,0.1,9.099976,87.73999,87.87999,87.84999,87.08,-0.1999817,87.68999000000001,-0.01938009,0.0,0.0,6.0,3.0,2232.0,86.0,0.0,0.0,0.0,13.8,11.25,0.0,1.3854725324365358,2.017232388889204,300.5408207812843,1324.0923667773855,0.6018244326726847,24.47194444444444
137.0,58935.2,52.298819900000005,-2.1155892,87.962,34.97,56.28,0.07,0.1,9.299988,87.73,87.61,87.76999,87.23,-0.1000061,87.67,-0.01938009,0.02957988,0.0,6.0,3.0,2214.0,86.0,0.0,0.0,0.0,13.8,11.25,0.0,1.4004221128297087,2.002240537059235,301.941242894114,1326.0946073144446,0.610341639422417,24.433888888888887
137.0,58935.3,52.2988379,-2.1155688,87.786,34.834,56.29,0.07,0.1,9.299988,87.65999000000001,87.36,87.75,87.22,-0.6000061,87.57,-0.01938009,0.01937985,0.0,6.0,3.0,2176.0,86.0,0.0,0.0,0.0,13.8,11.25,0.0,1.39287302136644,2.0015461514413118,303.3341159154804,1328.096153465886,0.6079679916397048,24.384999999999998
137.0,58935.4,52.2988559,-2.1155482,87.955,34.968,56.31,0.09,0.1,9.299988,87.3,87.28,87.67,86.92999,-0.2999877999999999,87.35,-0.01938009,0.009180069,0.0,6.0,3.0,2131.0,86.0,0.0,0.0,0.0,13.8,11.25,0.0,1.4002407808213277,2.0021300779642357,304.73435669630175,1330.0982835438501,0.6103067328373772,24.431944444444444
137.0,58935.5,52.2988739,-2.1155278,87.671,34.938,56.34,0.12,0.1,9.299988,87.19,87.14999,87.37,86.95999,0.0,87.17,-0.03978014,0.02957988,0.0,6.0,3.0,2120.0,86.0,0.0,0.0,0.0,13.8,11.25,0.0,1.3946743907147867,1.9963958757731626,306.12903108701653,1332.0946794196234,0.6097831340617789,24.353055555555557
137.0,58935.6,52.29889179999999,-2.1155075,87.44,34.814,56.34,0.11,0.1,9.299988,87.00999,86.87,87.26999,86.84,-0.2999877999999999,86.99,-0.03978014,0.02957988,0.0,6.0,3.0,2115.0,86.0,0.0,0.0,0.0,13.8,11.25,0.0,1.3866871453470464,1.9941414181289052,307.51571823236355,1334.0888208377523,0.6076189257893059,24.288888888888888
137.0,58935.7,52.2989097,-2.1154873,87.318,34.706,56.36,0.11,0.1,9.700012,86.81,86.81,87.12,86.28999,-0.1999817,86.77,-0.03978014,0.009180069,0.0,6.0,3.0,2127.0,86.0,0.0,0.0,0.0,13.8,11.25,0.0,1.3809962992599036,1.993965764859179,308.89671453162345,1336.0827866026116,0.605733970197152,24.255
137.0,58935.8,52.2989275,-2.1154667000000003,87.34,35.199,56.38,0.13,0.1,11.29999,86.67999,86.56,86.83,86.28,-0.5,86.63,-0.03978014,0.0,0.0,6.0,3.0,2145.0,86.0,0.0,0.0,0.0,13.8,11.25,0.0,1.3984542459713434,1.9825087251715976,310.29516877759477,1338.0652953277831,0.6143384434094841,24.261111111111113
137.0,58935.9,52.2989454,-2.1154466,86.947,34.763000000000005,56.39,0.12,0.1,11.89996,86.50999,86.25999,86.65999000000001,86.22,-1.100006,86.45,-0.03978014,-0.009180069,0.0,6.0,3.0,2135.0,86.0,0.0,0.0,0.0,13.8,11.25,0.0,1.3771032334347757,1.9841247160747724,311.6722720110295,1340.049420043858,0.6067288078707889,24.151944444444446
137.0,58936.0,52.2989631,-2.1154262,86.87899999999999,35.108000000000004,56.4,0.11,0.1,11.79999,86.42,86.28,86.72,85.75999,-1.199982,86.32,-0.03978014,-0.009180069,0.0,6.0,3.0,2138.0,86.0,0.0,0.0,0.0,13.8,11.25,0.0,1.387939040267432,1.9742514847346138,313.06021105129696,1342.0236715285926,0.6127501937901693,24.13305555555555
137.0,58936.1,52.2989807,-2.1154057,86.61200000000001,35.341,56.41,0.11,0.1,11.79999,86.2,86.06999,86.44,85.67,-1.100006,86.18,-0.03978014,-0.01938009,0.0,6.0,3.0,2120.0,86.0,0.0,0.0,0.0,13.8,11.25,7.0,1.3916659589471032,1.9625410070586686,314.45187701024406,1343.9862125356512,0.616816810947316,24.05888888888889
137.0,58936.2,52.2989983,-2.1153854,86.425,35.263000000000005,56.42,0.11,0.1,11.79999,86.20999,85.95999,86.33,85.83,-1.199982,86.08,-0.02958012,-0.01938009,0.0,6.0,3.0,2172.0,86.0,0.0,0.0,0.0,13.8,11.25,11.5,1.385994040584923,1.9601924229650258,315.837871050829,1345.9464049586163,0.6154554541307605,24.006944444444443
137.0,58936.3,52.29901600000001,-2.1153652000000003,86.45,35.031,56.42,0.1,0.1,11.59998,86.17999,85.95,86.39999,85.64,-1.0,86.11,-0.009180069,-0.009180069,0.0,6.0,3.0,2158.0,86.0,0.0,0.0,0.0,13.7,11.25,12.0,1.3784441844640551,1.9663570952388683,317.21631523529305,1347.9127620538552,0.6114062902661336,24.01388888888889
137.0,58936.4,52.2990334,-2.1153446,86.281,35.751999999999995,56.43,0.1,0.1,11.39996,86.00999,86.03,86.28999,85.48,-1.100006,86.03,-0.009180069,0.0,0.0,6.0,3.0,2131.0,86.0,0.0,0.0,0.0,13.8,11.25,12.5,1.4003358235675836,1.9450459740746908,318.6166510588606,1349.8578080279299,0.6239901141730126,23.966944444444447
137.0,58936.5,52.2990511,-2.1153243,86.27,35.305,56.44,0.09,0.1,11.0,86.12,85.89999,86.17,85.56,-1.100006,85.97,0.0,0.0,0.0,6.0,3.0,2140.0,86.0,0.0,0.0,0.0,13.7,11.25,12.5,1.3849422594279446,1.9556622011075284,320.00159331828854,1351.8134702290374,0.616188492416598,23.96388888888889
137.0,58936.6,52.2990685,-2.1153037,86.33200000000001,35.713,56.44,0.09,0.1,9.799988,86.11,85.87999,86.20999,85.64999,-0.7999878,85.97,0.0,0.0,0.0,6.0,3.0,2148.0,86.0,0.0,0.0,0.0,13.8,11.25,12.5,1.3998384928588834,1.9471489658331582,321.4014318111474,1353.7606191948705,0.623309435764735,23.98111111111111
137.0,58936.7,52.299086,-2.1152832,86.22399999999999,35.781,56.45,0.09,0.1,7.299988000000001,85.92999,85.98999,86.19,85.33,-0.2999877999999999,85.93,0.0,0.0,0.0,6.0,3.0,2176.0,86.0,0.0,0.0,0.0,13.8,11.25,12.5,1.4003943633056064,1.9430524598656065,322.801826174453,1355.7036716547361,0.624496259656091,23.951111111111107
137.0,58936.8,52.2991034,-2.1152626,86.17,35.881,56.46,0.08,0.1,6.5,86.00999,85.95999,86.09999,85.55,0.5,85.92,0.0,0.02957988,0.0,6.0,3.0,2159.0,86.0,0.0,0.0,0.0,13.8,11.25,8.0,1.4029043394014127,1.939389998355992,324.20473051385443,1357.6430616530922,0.6262415889080853,23.93611111111111
137.0,58936.9,52.2991208,-2.1152419,86.288,36.082,56.46,0.08,0.1,6.399963,85.95999,86.0,86.01999,85.73,0.8000183000000001,85.99,0.0,0.04997993,0.0,6.0,3.0,2145.0,86.0,0.0,0.0,0.0,13.8,11.25,0.5,1.4116297123295491,1.9371055471882288,325.616360226184,1359.5801672002804,0.629749700704594,23.968888888888888
137.0,58937.0,52.2991383,-2.1152214000000003,86.242,35.757,56.46,0.06,0.1,6.599976,86.09999,86.08,86.11,85.5,0.5,85.96,0.0,0.05915999,0.0,6.0,3.0,2137.0,86.0,0.0,0.0,0.0,13.8,11.25,0.0,1.3998725109688135,1.944044636502177,327.0162327371528,1361.5242118367826,0.6240773806356124,23.956111111111113
137.0,58937.1,52.2991556,-2.1152007,86.126,36.089,56.47,0.06,0.1,6.700011999999999,85.89,85.89,85.78,85.42,0.2000122,85.86,0.0,0.06936002,0.0,6.0,3.0,2126.0,86.0,0.0,-0.230011,0.0,13.8,11.25,0.0,1.4092156783760055,1.9332966061880592,328.4254484155288,1363.4575084429707,0.6298718737522335,23.92388888888889
137.0,58937.2,52.2991731,-2.1151802,86.209,35.806999999999995,56.47,0.06,0.1,7.0,85.92,85.89999,86.01999,85.67,0.3000183,85.88,0.0,0.05915999,0.0,6.0,3.0,2137.0,86.0,0.0,0.0,0.0,13.7,11.25,0.0,1.4010321746765189,1.9420788675474203,329.82648059020534,1365.3995873105182,0.6249500452616095,23.946944444444444
137.0,58937.3,52.2991906,-2.1151598,86.18799999999999,35.511,56.48,0.06,0.1,7.299988000000001,85.76999,85.72,86.05,85.58,0.0,85.8,-0.009180069,0.04997993,0.0,6.0,3.0,2124.0,86.0,0.0,0.0,0.0,13.8,11.25,0.0,1.390641569973366,1.948816060126684,331.2171221601787,1367.348403370645,0.6197838706757064,23.94111111111111
137.0,58937.4,52.299208,-2.1151392,85.9,35.876,56.48,0.06,0.1,7.399963,85.58,85.7,86.09999,85.42,0.2000122,85.65,-0.009180069,0.0397799,0.0,6.0,3.0,2130.0,86.0,0.0,0.0,0.0,13.8,11.25,0.0,1.3983398428860976,1.9334352635568604,332.6154620030648,1369.281838634202,0.6261543224454856,23.86111111111111
137.0,58937.5,52.2992254,-2.1151187,86.10799999999999,35.719,56.5,0.06,0.1,7.200011999999999,85.61,85.50999,85.75999,85.34,0.5,85.57,-0.009180069,0.0397799,0.0,6.0,3.0,2116.0,86.0,0.0,0.0,0.0,13.8,11.25,0.0,1.396409791626337,1.9419506045829829,334.01187179469116,1371.2237892387848,0.6234141555198546,23.918888888888887
137.0,58937.6,52.2992428,-2.1150981,85.96799999999999,35.923,56.5,0.06,0.1,7.299988000000001,85.48,85.53,85.75,85.39,0.2000122,85.50999,-0.01938009,0.04997993,0.0,6.0,3.0,2116.0,86.0,0.0,0.0,0.0,13.8,11.25,0.0,1.4010335847174593,1.9338171822832024,335.41290537940864,1373.157606421068,0.626974627193923,23.879999999999995
137.0,58937.7,52.299260200000006,-2.1150778,85.73,35.728,56.51,0.06,0.1,7.299988000000001,85.34999,85.45,85.64,84.92,0.2000122,85.38,-0.01938009,0.05915999,0.0,6.0,3.0,2103.0,86.0,0.0,0.0,0.0,13.8,11.25,0.0,1.3905834662795753,1.9332073513809478,336.8034888456882,1375.090813772449,0.6235712351525341,23.81388888888889
137.0,58937.8,52.2992775,-2.1150574,85.74799999999999,35.705,56.52,0.07,0.1,7.5,85.25999,85.19,85.42999,84.89999,0.0,85.23,-0.01938009,0.05915999,0.0,6.0,3.0,2106.0,86.0,0.0,0.0,0.0,13.8,11.25,0.0,1.3900991211293627,1.9341714278852633,338.1935879668176,1377.0249852003344,0.6231698094245753,23.818888888888885
137.0,58937.9,52.2992949,-2.1150371,85.615,35.717,56.52,0.07,0.1,7.700011999999999,85.17,85.08,85.33,84.98999,0.0,85.17,-0.02958012,0.0397799,0.0,6.0,3.0,2073.0,86.0,0.0,0.0,0.0,13.8,11.25,0.0,1.3883474318866897,1.9308806861015655,339.5819353987043,1378.955865886436,0.6233792489348147,23.78194444444444
137.0,58938.0,52.2993123,-2.1150169,85.471,35.543,56.52,0.06,0.1,8.599976,85.05,85.0,85.37,84.78,0.0,85.05,-0.02958012,0.01937985,0.0,6.0,3.0,2067.0,86.0,0.0,0.0,0.0,13.8,11.25,0.0,1.3801519444788501,1.931833292544187,340.9620873431831,1380.8876991789803,0.6203423760363446,23.741944444444446
137.0,58938.1,52.2993295,-2.1149966,85.31299999999999,35.824,56.53,0.07,0.1,10.29999,84.78999,84.83,85.12,84.48999,-0.1000061,84.86,-0.02958012,0.009180069,0.0,6.0,3.0,2065.0,86.0,0.0,0.0,0.0,13.8,11.25,0.0,1.3870409384064675,1.9214827103896823,342.34912828158957,1382.80918188937,0.6252467512344486,23.698055555555552
137.0,58938.2,52.2993468,-2.1149763,85.194,35.845,56.54,0.07,0.1,10.70001,84.8,84.56,85.00999,84.48999,-0.6000061,84.67,-0.02958012,0.0,0.0,6.0,3.0,2075.0,86.0,0.0,0.0,0.0,13.8,11.25,1.0,1.385809390260711,1.9182947072504886,343.7349376718503,1384.7274765966204,0.6256132703773674,23.665
137.0,58938.3,52.299364100000005,-2.1149562,85.18299999999999,35.542,56.55,0.08,0.1,10.5,84.64999,84.47,84.92,84.37999,-0.6000061,84.59,-0.02958012,0.009180069,0.0,6.0,3.0,2089.0,86.0,0.0,0.0,0.0,13.8,11.25,11.0,1.375467830797227,1.9253478634682417,345.1104055026475,1386.6528244600886,0.6203249227438247,23.66194444444444
137.0,58938.4,52.2993812,-2.1149357,84.906,36.115,56.56,0.08,0.1,9.599976,84.53999,84.59,84.75999,84.00999,-0.6000061,84.47,-0.02958012,0.009180069,0.0,6.0,3.0,2141.0,86.0,0.0,0.0,0.0,13.8,11.25,11.5,1.3901184576601677,1.905280274309404,346.50052396030765,1388.558104734398,0.6303256593577522,23.585
137.0,58938.5,52.2993984,-2.1149158,84.838,35.471,56.55,0.05,0.1,9.099976,84.59999,84.53,84.67999,84.00999,-0.2999877999999999,84.50999,-0.009180069,0.02957988,0.0,6.0,3.0,2114.0,86.0,0.0,0.0,0.0,13.8,11.25,11.5,1.3675197951553928,1.919246086063613,347.868043755463,1390.4773508204617,0.6190857389749086,23.56611111111111
137.0,58938.6,52.2994156,-2.1148955000000003,84.848,35.791,56.55,0.05,0.1,9.099976,84.64,84.51999,84.67999,84.20999,-0.1999817,84.58,0.0,0.009180069,0.0,6.0,3.0,2102.0,86.0,0.0,0.0,0.0,13.8,11.25,6.0,1.3783799562086805,1.9118038421579913,349.2464237116717,1392.3891546626196,0.6246707925812904,23.56888888888889
137.0,58938.7,52.2994328,-2.1148754,84.719,35.61,56.55,0.04,0.1,9.099976,84.55,84.42,84.7,84.20999,-0.1000061,84.43999000000001,0.0,0.01937985,0.0,6.0,3.0,2093.0,86.0,0.0,0.0,0.0,13.8,11.25,0.0,1.3702471631294293,1.913235414094249,350.6166708748011,1394.302390076714,0.6215117466351807,23.533055555555553
137.0,58938.8,52.29945,-2.1148555,84.586,35.485,56.53,0.02,0.1,8.5,84.28999,84.37999,84.65999000000001,84.03,-0.2999877999999999,84.41,0.0,0.01937985,0.0,6.0,3.0,2103.0,86.0,0.0,0.0,0.0,13.8,11.25,0.0,1.3639252860077609,1.9132120080235326,351.9805961608089,1396.2156020847374,0.6193300850701878,23.49611111111111
137.0,58938.9,52.2994672,-2.1148352000000004,84.73,35.783,56.55,0.04,0.1,4.599976,84.15999000000001,84.09999,84.59999,83.92999,0.3000183,84.3,-0.009180069,0.0397799,0.0,6.0,3.0,2089.0,86.0,0.0,0.0,0.0,13.8,11.25,0.0,1.3761964322051832,1.909337225932445,353.35679259301406,1398.1249393106698,0.6245311662411309,23.53611111111111
137.0,58939.0,52.2994842,-2.1148149,84.611,36.111,56.56,0.04,0.1,3.899963,84.11,84.17999,84.34,84.06999,1.300018,84.13,-0.01938009,0.06936002,0.0,6.0,3.0,2100.0,86.0,0.0,0.0,0.0,13.8,11.25,0.0,1.3851560327424228,1.8987572170850546,354.7419486257565,1400.0236965277547,0.6302558461876723,23.503055555555555
137.0,58939.1,52.2995012,-2.1147945,84.51700000000001,36.246,56.57,0.05,0.1,5.099976,83.78,84.14,84.09999,83.87,1.700012,84.14,-0.01938009,0.08976007,0.0,6.0,3.0,2079.0,86.0,0.0,0.0,0.0,13.8,11.25,0.0,1.3880821967628725,1.8933824282234342,356.13003082251936,1401.9170789559782,0.6326120406778647,23.476944444444445
137.0,58939.2,52.2995182,-2.1147743,84.348,35.958,56.59,0.07,0.1,6.200012,84.00999,84.2,84.22,83.58,0.5,83.98,-0.01938009,0.09995985,0.0,6.0,3.0,2074.0,86.0,0.0,0.0,0.0,13.8,11.25,0.0,1.375790982505717,1.8965358347407921,357.50582180502505,1403.813614790719,0.627585492432121,23.43
137.0,58939.3,52.299535500000005,-2.1147546,84.352,35.281,56.59,0.06,0.1,6.399963,83.92999,83.8,83.42999,83.12,0.3000183,84.04,-0.02958012,0.06936002,0.0,6.0,3.0,2053.0,86.0,0.0,0.0,0.0,13.8,11.25,0.0,1.3533504028536945,1.9127499486624195,358.85917220787877,1405.7263647393813,0.6157696133961194,23.43111111111111
137.0,58939.4,52.2995524,-2.1147345,83.87299999999999,35.935,56.6,0.06,0.1,6.799988000000001,83.72,83.65999000000001,84.03999,83.81,0.8999939,83.7,-0.02958012,0.0397799,0.0,6.0,3.0,2042.0,86.0,0.0,0.0,0.0,13.8,11.25,0.0,1.3672861684001965,1.8864046385648654,360.22645837627897,1407.6127693779463,0.6271840667041624,23.298055555555553
137.0,58939.5,52.2995695,-2.1147145,84.12799999999999,35.671,56.62,0.09,0.1,7.299988000000001,83.44,83.5,83.83,83.25999,0.8999939,83.47,-0.01938009,0.04997993,0.0,6.0,3.0,2028.0,86.0,0.0,0.0,0.0,13.8,11.25,0.0,1.3627102613234499,1.8984389436313511,361.5891686376024,1409.5112083215777,0.6225763974788973,23.368888888888886
137.0,58939.6,52.2995865,-2.1146945,84.01700000000001,35.749,56.63,0.09,0.1,7.5,83.42,83.53999,83.67999,83.14999,0.3999939,83.38,-0.02958012,0.04997993,0.0,6.0,3.0,2015.0,86.0,0.0,0.0,0.0,13.8,11.25,0.0,1.3634920577773348,1.8940796655685066,362.95266069537973,1411.4052879871463,0.623937754295453,23.33805555555556
137.0,58939.7,52.2996035,-2.1146748,83.73200000000001,35.373000000000005,56.64,0.09,0.1,7.599976,83.23,83.20999,83.31999,82.75999,0.2000122,83.31,-0.02958012,0.0397799,0.0,6.0,3.0,2021.0,86.0,0.0,0.0,0.0,13.8,11.25,0.0,1.3464500724640194,1.8965313933121253,364.29911076784373,1413.3018193804585,0.6173753163079543,23.258888888888894
137.0,58939.8,52.2996205,-2.114655,83.455,35.552,56.65,0.09,0.1,8.099976,82.92999,82.81,83.39,82.95,0.0,83.00999,-0.02958012,0.0397799,0.0,6.0,3.0,2025.0,86.0,0.0,0.0,0.0,13.8,11.25,0.0,1.3478946503961948,1.8860555383356041,365.6470054182399,1415.187874918794,0.620499455669024,23.181944444444444
137.0,58939.9,52.29963740000001,-2.1146352000000004,83.59899999999999,35.581,56.67,0.1,0.1,8.399963,82.95999,82.98999,83.25999,82.76999,0.0,82.9,-0.03978014,0.02957988,0.0,6.0,3.0,2026.0,86.0,0.0,0.0,0.0,13.8,11.25,0.0,1.3511765094079142,1.8886262410103507,366.99818192764786,1417.0765011598044,0.6210056011521025,23.221944444444443
137.0,58940.0,52.2996543,-2.1146156,83.243,35.561,56.66,0.07,0.1,8.399963,82.95999,82.87999,82.72,82.17999,0.0,82.85,-0.04997993,0.02957988,0.0,6.0,3.0,2039.0,86.0,0.0,0.0,0.0,13.8,11.25,0.0,1.3447660972453592,1.8810531959390648,368.34294802489325,1418.9575543557435,0.6206565353017035,23.123055555555553
137.0,58940.1,52.2996712,-2.114596,82.90799999999999,35.405,56.66,0.07,0.1,9.099976,82.59,82.55,82.76999,82.33,-0.1999817,82.68,-0.03978014,0.02957988,0.0,6.0,3.0,2029.0,86.0,0.0,0.0,0.0,13.8,11.25,1.0,1.3342483548595119,1.8771228855764042,369.6771963797528,1420.83467724132,0.6179338216685923,23.029999999999998
137.0,58940.2,52.2996881,-2.1145765,82.93299999999999,35.461,56.67,0.08,0.1,9.599976,82.44,82.39,82.87999,82.40999000000001,-0.2999877999999999,82.37,-0.02958012,0.0397799,0.0,6.0,3.0,2072.0,86.0,0.0,0.0,0.0,13.8,11.25,10.0,1.3364852688878126,1.876383548054626,371.0136816486406,1422.7110607893746,0.6189112060497092,23.03694444444444
137.0,58940.3,52.2997049,-2.1145567,82.90799999999999,35.716,56.68,0.08,0.1,10.29999,82.48999,82.39,82.78999,82.17,-0.6000061,82.4,-0.01938009,0.009180069,0.0,6.0,3.0,2077.0,86.0,0.0,0.0,0.0,13.8,11.25,14.0,1.3444176236295031,1.8698530031193359,372.3580992722701,1424.580913792494,0.6233617956422948,23.029999999999998
137.0,58940.4,52.2997217,-2.1145372,82.57700000000001,35.443000000000005,56.69,0.08,0.1,10.59998,82.42999,82.15999000000001,82.7,82.00999,-0.2999877999999999,82.65,-0.009180069,0.0,0.0,6.0,3.0,2088.0,86.0,0.0,0.0,0.0,13.8,11.25,17.0,1.3301612246390802,1.8687469179009217,373.6882604969092,1426.449660710395,0.6185970467843503,22.938055555555557
137.0,58940.5,52.2997384,-2.1145177,82.649,35.504,56.69,0.07,0.1,10.70001,82.44,82.31999,82.53,82.20999,-0.6999816999999999,82.39,0.0,-0.009180069,0.0,6.0,3.0,2121.0,86.0,0.0,0.0,0.0,13.8,11.25,19.0,1.3333115529701773,1.8689578517548242,375.0215720498794,1428.3186185621498,0.6196616976280668,22.958055555555557
137.0,58940.6,52.29975520000001,-2.1144979,82.73200000000001,35.934,56.69,0.07,0.1,10.79999,82.42999,82.31999,82.76999,82.22,-0.5,82.43999000000001,0.0,0.0,0.0,6.0,3.0,2178.0,86.0,0.0,0.0,0.0,13.8,11.25,19.5,1.3486532662574067,1.8607657150822552,376.37022531613684,1430.179384277232,0.6271666134116424,22.981111111111115
137.0,58940.7,52.2997719,-2.1144782,82.68799999999999,35.88,56.7,0.07,0.1,10.70001,82.37999,82.39,82.64999,82.06999,-0.6999816999999999,82.41,0.0,0.009180069,0.0,6.0,3.0,2211.0,86.0,0.0,0.0,0.0,13.8,11.25,20.0,1.3461826054782873,1.861045663225092,377.71640792161514,1432.040429940457,0.6262241356155654,22.968888888888884
137.0,58940.8,52.29978860000001,-2.1144584,82.613,35.905,56.71,0.07,0.1,10.70001,82.51999,82.42,82.59999,81.90999000000001,-0.8999939,82.45,0.0,0.0,0.0,6.0,3.0,2295.0,86.0,0.0,-0.230011,0.0,13.8,11.25,21.0,1.3457727553226617,1.8587706229763512,379.0621806769378,1433.8992005634334,0.626660467928564,22.948055555555555
137.0,58940.9,52.2998052,-2.1144385000000003,82.721,36.048,56.72,0.07,0.1,10.70001,82.59999,82.42999,82.61,82.00999,-0.6999816999999999,82.50999,0.0,-0.009180069,0.0,6.0,3.0,2348.0,86.0,0.0,0.0,0.0,13.7,11.25,22.0,1.352173105876436,1.8578316024027715,380.41435378281426,1435.757032165836,0.6291562887589159,22.978055555555557
138.0,58941.0,52.2998219,-2.1144187,82.645,35.967,56.72,0.07,0.1,10.70001,82.59,82.50999,82.69,82.19,-0.6000061,82.57,0.009180069,0.0,0.0,6.0,3.0,2371.0,86.0,0.0,0.0,0.0,13.8,11.25,22.5,1.3483054118999744,1.8580326957549282,381.7626591947142,1437.615064861591,0.6277425720648004,22.956944444444442
138.0,58941.1,52.2998385,-2.1143987,82.588,36.332,56.73,0.06,0.1,10.70001,82.62,82.56999,82.78999,82.15999000000001,-0.6999816999999999,82.57,0.01937985,0.0,0.0,6.0,3.0,2375.0,86.0,0.0,0.0,0.0,13.8,11.25,22.5,1.359176413964927,1.8481302080332158,383.12183560867913,1439.4631950696241,0.6341130238345798,22.94111111111111
138.0,58941.2,52.2998552,-2.1143786,82.85,36.36,56.74,0.07,0.1,10.70001,82.7,82.64,82.75999,82.19,-0.5,82.65,0.01937985,0.0,0.0,6.0,3.0,2355.0,86.0,0.0,0.0,0.0,13.8,11.25,23.0,1.36439409862066,1.853326620310179,384.4862297072998,1441.3165216899342,0.6346017160251383,23.013888888888886
138.0,58941.3,52.2998718,-2.1143585000000003,82.99799999999999,36.379,56.76,0.07,0.1,10.59998,82.81999,82.72,82.84999,82.20999,-0.6000061,82.77,0.01937985,0.009180069,0.0,6.0,3.0,2339.0,86.0,0.0,0.0,0.0,13.8,11.25,23.0,1.3674470079711634,1.8561839699746123,385.853676715271,1443.1727056599088,0.6349333285830171,23.054999999999996
137.0,58941.4,52.2998884,-2.1143385,82.85,36.368,56.76,0.06,0.1,10.59998,82.95,82.90999000000001,83.12,82.62999,-0.6000061,82.85,0.02957988,0.009180069,0.0,6.0,3.0,2320.0,86.0,0.0,0.0,0.0,13.8,11.25,23.5,1.3646528585331505,1.853136096890494,387.2183295738041,1445.0258417567993,0.6347413423652978,23.013888888888886
137.0,58941.5,52.299905200000005,-2.1143183,83.164,36.408,56.77,0.06,0.1,10.39996,83.15999000000001,83.06999,82.94,82.28999,-0.7999878,83.11,0.01937985,-0.009180069,0.0,6.0,3.0,2298.0,86.0,0.0,0.0,0.0,13.7,11.25,24.0,1.3711231705164373,1.859202677749784,388.58945274432057,1446.8850444345492,0.6354394740660956,23.101111111111113
137.0,58941.6,52.2999218,-2.1142981,82.95100000000001,36.548,56.77,0.05,0.1,10.09998,83.22,83.19,82.95999,82.42999,-0.3999939,83.13,0.01937985,-0.009180069,0.0,6.0,3.0,2287.0,86.0,0.0,0.0,0.0,13.8,11.25,24.0,1.3721386105729427,1.8510936419272792,389.9615913548935,1448.7361380764764,0.6378829350188876,23.041944444444447
137.0,58941.7,52.2999383,-2.1142777,83.182,36.911,56.78,0.06,0.1,9.799988,83.23999,83.14,83.39999,82.78,0.0,83.24,0.0397799,0.009180069,0.0,6.0,3.0,2288.0,86.0,0.0,0.0,0.0,13.8,11.25,20.0,1.3876923629069575,1.8474938735270081,391.34928371780046,1450.5836319500033,0.644218480203627,23.10611111111111
137.0,58941.8,52.2999551,-2.1142572,83.603,36.832,56.8,0.08,0.1,8.0,83.34,83.22,83.55,83.08,-0.3999939,83.37,0.0397799,0.02957988,0.0,6.0,3.0,2268.0,86.0,0.0,0.0,0.0,13.8,11.25,13.5,1.3921541784077598,1.8587656756315498,392.7414378962082,1452.4423976256348,0.6428396700945515,23.223055555555554
137.0,58941.9,52.2999717,-2.1142369,83.50200000000001,36.752,56.81,0.07,0.1,7.5,83.34,83.56,83.55,83.19,0.1000061,83.42,0.02957988,0.04997993,0.0,6.0,3.0,2215.0,86.0,0.0,0.0,0.0,13.8,11.25,12.5,1.3878787843533038,1.8584597735603527,394.1293166805615,1454.3008573991951,0.6414434066929561,23.195000000000004
137.0,58942.0,52.299988500000005,-2.1142165,83.714,36.783,56.81,0.06,0.1,7.799988000000001,83.53999,83.45999,83.58,83.03,0.3000183,83.55,0.02957988,0.05915999,0.0,6.0,3.0,2186.0,86.0,0.0,0.0,0.0,13.8,11.25,12.5,1.3924102888317966,1.8624250514109963,395.5217269693933,1456.1632824506062,0.6419844587610742,23.253888888888888
137.0,58942.1,52.3000052,-2.1141961,83.65,36.734,56.82,0.06,0.1,7.899963,83.55,83.44,83.78,83.37999,0.2000122,83.53,0.01937985,0.0397799,0.0,6.0,3.0,2165.0,86.0,0.0,0.0,0.0,13.8,11.25,12.5,1.3897537224637713,1.862190427044749,396.91148069185704,1458.0254728776508,0.641129247427597,23.23611111111111
137.0,58942.2,52.3000219,-2.1141757,83.82600000000001,36.763000000000005,56.83,0.06,0.1,7.799988000000001,83.48,83.48,83.75999,83.34,0.3999939,83.49,0.009180069,0.0397799,0.0,6.0,3.0,2157.0,86.0,0.0,0.0,0.0,13.8,11.25,12.0,1.393622114891135,1.8654033480420154,398.30510280674815,1459.8908762256929,0.6416353929106755,23.285
137.0,58942.3,52.3000387,-2.1141552000000003,83.92299999999999,36.675,56.84,0.06,0.1,7.899963,83.58,83.56,83.64,83.06,0.3999939,83.50999,0.0,0.0397799,0.0,6.0,3.0,2156.0,86.0,0.0,0.0,0.0,13.8,11.25,10.5,1.392364743381611,1.8697026392441396,399.6974675501298,1461.760578864937,0.6400995031689203,23.31194444444444
137.0,58942.4,52.3000554,-2.1141348,83.689,36.722,56.83,0.04,0.1,7.899963,83.64999,83.51999,83.65999000000001,83.09999,0.1000061,83.63,0.0,0.0397799,0.0,6.0,3.0,2136.0,86.0,0.0,0.0,0.0,13.8,11.25,5.5,1.3900114364444476,1.8633497971622253,401.08747898657424,1463.6239286620994,0.6409198079173577,23.24694444444444
137.0,58942.5,52.3000722,-2.1141144,83.866,36.583,56.84,0.04,0.1,7.899963,83.56999,83.55,83.78999,83.28,0.1000061,83.59,0.009180069,0.0397799,0.0,6.0,3.0,2087.0,86.0,0.0,0.0,0.0,13.8,11.25,4.5,1.388417117219635,1.8706645443862628,402.4758961037939,1465.4945932064857,0.6384938002570856,23.29611111111111
137.0,58942.6,52.30008899999999,-2.114094,83.79,36.589,56.84,0.04,0.1,7.899963,83.53,83.55,83.78,83.34999,0.2000122,83.54,0.0,0.0397799,0.0,6.0,3.0,2074.0,86.0,0.0,0.0,0.0,13.8,11.25,4.5,1.3873546335896862,1.8688240609156415,403.86325073738357,1467.3634172674012,0.6385985200122052,23.275000000000002
137.0,58942.7,52.3001058,-2.1140736,83.772,36.699,56.84,0.03,0.1,8.200012,83.50999,83.53999,83.67,83.19,0.3000183,83.53,0.0,0.01937985,0.0,6.0,3.0,2078.0,86.0,0.0,0.0,0.0,13.8,11.25,4.5,1.3906411536351913,1.86575619570623,405.2538918910188,1469.2291734631074,0.6405183821893989,23.27
137.0,58942.8,52.3001226,-2.1140532,83.84,36.609,56.84,0.03,0.1,8.399963,83.51999,83.37999,83.61,83.03999,0.3999939,83.52,-0.009180069,0.02957988,0.0,6.0,3.0,2067.0,86.0,0.0,0.0,0.0,13.8,11.25,9.5,1.388835156955536,1.8694545631264792,406.6427270479743,1471.0986280262339,0.6389475858626041,23.288888888888888
137.0,58942.9,52.3001393,-2.1140328,83.59200000000001,36.647,56.85,0.03,0.1,8.399963,83.40999000000001,83.28,83.67999,83.17999,0.0,83.39,0.0,0.02957988,0.0,6.0,3.0,2078.0,86.0,0.0,0.0,0.0,13.7,11.25,14.5,1.3859628583857786,1.8630058924155675,408.02868990636006,1472.9616339186493,0.6396108109783619,23.220000000000002
137.0,58943.0,52.3001561,-2.1140125,83.743,36.537,56.86,0.04,0.1,8.399963,83.39999,83.40999000000001,83.64,83.23999,0.0,83.34,0.0,0.02957988,0.0,6.0,3.0,2100.0,86.0,0.0,0.0,0.0,13.8,11.25,18.5,1.3848807197781154,1.8690334361244174,409.41357062613815,1474.8306673547738,0.6376909488011682,23.261944444444442
137.0,58943.1,52.3001728,-2.1139921,83.686,36.701,56.87,0.04,0.1,8.299988,83.44,83.42999,83.47,83.00999,0.0,83.42,0.0,0.0397799,0.0,6.0,3.0,2078.0,86.0,0.0,0.0,0.0,13.8,11.25,24.0,1.3892785864629325,1.8637923240256122,410.8028492126011,1476.6944596787994,0.6405532887744388,23.246111111111112
137.0,58943.2,52.3001896,-2.1139718000000003,83.639,36.538,56.87,0.03,0.1,8.299988,83.48,83.40999000000001,83.56,82.92,0.0,83.42,0.0,0.02957988,0.0,6.0,3.0,2079.0,86.0,0.0,-0.230011,0.0,13.8,11.25,26.0,1.3831934236163965,1.8666881521399497,412.18604263621745,1478.5611478309393,0.6377084020936881,23.233055555555556
137.0,58943.3,52.3002064,-2.1139515,83.696,36.501,56.87,0.02,0.1,8.299988,83.53999,83.50999,83.67999,83.14,0.1000061,83.5,0.0,0.02957988,0.0,6.0,3.0,2086.0,86.0,0.0,0.0,0.0,13.8,11.25,26.5,1.3829295056378743,1.8688537471175206,413.56897214185534,1480.4300015780568,0.6370626302704502,23.24888888888889
137.0,58943.4,52.3002231,-2.1139312,83.714,36.623000000000005,56.87,0.02,0.1,8.299988,83.51999,83.62999,83.62999,83.22,0.1000061,83.58,0.009180069,0.02957988,0.0,6.0,3.0,2058.0,86.0,0.0,0.0,0.0,13.8,11.25,26.5,1.3872039945688042,1.8663061276275805,414.9561761364241,1482.2963077056843,0.6391919319578834,23.253888888888888
137.0,58943.5,52.3002399,-2.1139109,83.588,36.619,56.87,0.02,0.1,9.099976,83.67999,83.69,83.75999,83.2,0.0,83.72,0.02957988,0.02957988,0.0,6.0,3.0,2084.0,86.0,0.0,0.0,0.0,13.7,11.25,26.5,1.3849859797083974,1.8635937991839449,416.3411621161325,1484.1599015048682,0.6391221187878036,23.218888888888888
137.0,58943.6,52.3002567,-2.1138905,83.93799999999999,36.613,56.88,0.03,0.1,9.399963,83.89999,83.87999,83.97,83.31,-0.3999939,83.85,0.02957988,0.009180069,0.0,6.0,3.0,2087.0,86.0,0.0,0.0,0.0,13.7,11.25,26.5,1.3905892185449105,1.8715426788410263,417.7317513346774,1486.0314441837093,0.6390173990326838,23.31611111111111
137.0,58943.7,52.3002735,-2.1138701,84.01,36.524,56.88,0.03,0.1,9.399963,84.09999,84.06,84.12,83.62999,-0.1999817,84.07,0.0397799,0.009180069,0.0,6.0,3.0,2095.0,86.0,0.0,0.0,0.0,13.7,11.25,26.5,1.3888707131787936,1.8753076974127378,419.1206220478562,1487.906751881122,0.6374640559984089,23.336111111111112
137.0,58943.8,52.3002904,-2.1138497000000003,83.977,36.667,56.89,0.03,0.1,9.399963,84.17999,84.28,84.22,83.81,-0.1999817,84.18,0.04997993,0.0,0.0,6.0,3.0,2084.0,86.0,0.0,0.0,0.0,13.7,11.25,26.5,1.3929994149607063,1.8711002113893063,420.5136214628169,1489.7778520925115,0.6399598768287609,23.326944444444447
137.0,58943.9,52.3003073,-2.1138292,84.42399999999999,36.596,56.9,0.04,0.1,9.5,84.34,84.28,84.45,83.8,-0.1000061,84.25999,0.05915999,0.009180069,0.0,6.0,3.0,2100.0,86.0,0.0,0.0,0.0,13.7,11.25,25.5,1.3980821386067321,1.8827937903991545,421.91170360142365,1491.6606458829106,0.6387206930598448,23.451111111111107
137.0,58944.0,52.3003242,-2.1138085,84.64299999999999,36.746,56.91,0.05,0.1,9.5,84.5,84.48999,84.64,83.98,-0.1999817,84.47,0.04997993,0.01937985,0.0,6.0,3.0,2098.0,86.0,0.0,0.0,0.0,13.7,11.25,25.5,1.406645952131684,1.8840017199933674,423.3183495535553,1493.544647602904,0.6413386869378364,23.511944444444442
137.0,58944.1,52.3003412,-2.1137879,84.719,36.789,56.91,0.04,0.1,9.5,84.65999000000001,84.75,84.75999,84.31,-0.2999877999999999,84.7,0.04997993,0.01937985,0.0,6.0,3.0,2105.0,86.0,0.0,0.0,0.0,13.8,11.25,25.5,1.4093237640970102,1.8846361892312467,424.7276733176523,1495.4292837921353,0.642089178516194,23.533055555555553
137.0,58944.2,52.3003581,-2.1137672000000003,84.852,36.619,56.9,0.03,0.1,9.5,85.0,85.03,84.89999,84.44,-0.1999817,84.93999000000001,0.04997993,0.01937985,0.0,6.0,3.0,2108.0,86.0,0.0,0.0,0.0,13.8,11.25,25.5,1.4059294438222825,1.891774669191225,426.1336027614746,1497.3210584613264,0.6391221187878036,23.57
138.0,58944.3,52.3003751,-2.1137465,84.971,36.731,56.9,0.02,0.1,9.5,85.17,85.06,85.12,84.39999,-0.1999817,85.11,0.04997993,0.009180069,0.0,6.0,3.0,2121.0,86.0,0.0,0.0,0.0,13.8,11.25,25.5,1.4116016541767265,1.891672034342092,427.5452044156513,1499.2127304956684,0.6410768875500372,23.603055555555557
138.0,58944.4,52.300392200000005,-2.1137257,85.09,36.741,56.91,0.02,0.1,9.5,85.3,85.34999,85.45,84.95999,-0.1000061,85.3,0.0397799,0.009180069,0.0,6.0,3.0,2125.0,86.0,0.0,0.0,0.0,13.8,11.25,27.0,1.413909170872457,1.8940745341962295,428.95911358652376,1501.1068050298647,0.6412514204752366,23.636111111111113
138.0,58944.5,52.3004092,-2.1137049,85.396,36.726,56.92,0.03,0.1,9.5,85.36,85.48,85.48,85.09,0.0,85.4,0.04997993,0.0,0.0,6.0,3.0,2125.0,86.0,0.0,0.0,0.0,13.8,11.25,27.5,1.418496160687977,1.9012574169665346,430.37760974721175,1503.0080624468312,0.6409896210874374,23.72111111111111
138.0,58944.6,52.3004264,-2.113684,85.59700000000001,36.738,56.93,0.04,0.1,9.5,85.64,85.56,85.72,85.01999,0.0,85.57,0.04997993,0.0,0.0,6.0,3.0,2121.0,86.0,0.0,0.0,0.0,13.8,11.25,27.5,1.4222340366468194,1.9054346528142263,431.7998437838586,1504.9134970996454,0.6411990605976767,23.776944444444446
138.0,58944.7,52.30044350000001,-2.1136630000000003,85.792,36.958,56.94,0.04,0.1,9.099976,85.81,85.8,85.86,85.25,0.0,85.75999,0.04997993,0.0,0.0,6.0,3.0,2124.0,86.0,0.0,0.0,0.0,13.8,11.25,27.5,1.4327965376005003,1.9042879639753154,433.2326403214591,1506.8177850636207,0.6450387849520642,23.83111111111111
138.0,58944.8,52.3004606,-2.113642,85.961,36.9,56.94,0.04,0.1,9.0,85.90999000000001,86.03,85.97,85.56,-0.1000061,85.92,0.04997993,0.0,0.0,6.0,3.0,2132.0,86.0,0.0,0.0,0.0,13.8,11.25,24.5,1.4336867497010644,1.9094914702280221,434.66632707116014,1508.7272765338487,0.6440264939859076,23.878055555555555
138.0,58944.9,52.3004779,-2.113621,86.054,36.771,56.94,0.04,0.1,8.099976,86.17,86.09,86.09999,85.61,-0.1000061,86.11,0.04997993,0.009180069,0.0,6.0,3.0,2140.0,86.0,0.0,0.0,0.0,13.8,11.25,12.0,1.4309303781954164,1.9147838762849922,436.09725744935554,1510.6420604101336,0.6417750192508349,23.90388888888889
138.0,58945.0,52.3004951,-2.1135999,86.25200000000001,36.899,56.95,0.04,0.1,4.200012,86.25,86.20999,86.37999,85.73,0.3000183,86.18999000000001,0.04997993,0.0397799,0.0,6.0,3.0,2132.0,86.0,0.0,-0.230011,0.0,13.8,11.25,4.5,1.438506706570018,1.915980694854287,437.53576415592556,1512.558041104988,0.6440090406933877,23.95888888888889
138.0,58945.1,52.3005123,-2.1135787,86.45,36.985,56.97,0.05,0.1,2.299988,86.15999000000001,86.28999,86.40999000000001,86.00999,1.800018,86.16,0.02957988,0.07956004,0.0,6.0,3.0,2131.0,86.0,0.0,0.0,0.0,13.8,11.25,0.0,1.4446897723612098,1.9182127247294365,438.98045392828675,1514.4762538297175,0.6455100238501028,24.01388888888889
138.0,58945.2,52.3005296,-2.1135576,86.602,36.837,56.97,0.05,0.1,3.899963,86.14,86.40999000000001,86.28999,86.12999,2.5,86.25,0.009180069,0.1091398999999999,0.0,6.0,3.0,2142.0,86.0,0.0,0.0,0.0,13.8,11.25,0.0,1.4422614407185852,1.9253173126831813,440.42271536900535,1516.4015711424006,0.6429269365571513,24.05611111111111
138.0,58945.3,52.300547,-2.1135366,86.594,36.644,56.96,0.04,0.1,6.0,86.23999,86.31,86.42999,85.89999,1.700012,86.25999,0.0,0.09995985,0.0,6.0,3.0,2144.0,86.0,0.0,0.0,0.0,13.7,11.25,0.0,1.435635235792596,1.9299863151175085,441.8583506047979,1518.331557457518,0.6395584511008021,24.053888888888885
138.0,58945.4,52.30056449999999,-2.1135159000000003,86.656,35.96,56.95,0.02,0.1,7.299988000000001,86.23999,86.23999,86.37999,85.94,0.7000122,86.24,0.0,0.06936002,0.0,6.0,3.0,2140.0,86.0,0.0,0.0,0.0,13.8,11.25,0.0,1.4135045297139432,1.948381083287541,443.27185513451184,1520.2799385408057,0.6276203990171609,24.07111111111111
138.0,58945.5,52.300582,-2.1134951,86.566,36.025,56.96,0.02,0.1,8.200012,86.19,86.31999,86.31,86.00999,0.2000122,86.25,-0.009180069,0.01937985,0.0,6.0,3.0,2136.0,86.0,0.0,0.0,0.0,13.8,11.25,6.0,1.414243642376361,1.944754358698562,444.6860987768882,1522.2246928995044,0.6287548630309572,24.04611111111111
138.0,58945.6,52.3005994,-2.1134743,86.37100000000001,36.108,56.95,0.01,0.1,8.5,86.23999,86.12999,86.20999,85.67999,0.3000183,86.2,-0.009180069,0.0,0.0,6.0,3.0,2140.0,86.0,0.0,0.0,0.0,13.8,11.25,16.5,1.413867282597569,1.9383274463963138,446.0999660594857,1524.1630203459006,0.6302034863101125,23.991944444444446
138.0,58945.7,52.30061679999999,-2.1134536,86.382,36.102,56.96,0.02,0.1,9.0,86.22,86.12999,86.31,85.70999,0.2000122,86.15,-0.009180069,0.0,0.0,6.0,3.0,2169.0,86.0,0.0,0.0,0.0,13.7,11.25,20.5,1.4138443345081495,1.938722375116976,447.5138103939939,1526.1017427210174,0.6300987665549928,23.995
138.0,58945.8,52.3006342,-2.1134328,86.49,36.134,56.96,0.02,0.1,10.39996,86.11,86.15999000000001,86.28,85.92999,0.0,86.16,0.0,-0.009180069,0.0,6.0,3.0,2126.0,86.0,0.0,0.0,0.0,13.8,11.25,22.5,1.416695927955475,1.9403553534634772,448.93050632194934,1528.042098074481,0.630657271915631,24.025
138.0,58945.9,52.3006516,-2.1134121,86.346,36.13,56.97,0.03,0.1,11.29999,86.15999000000001,86.03,86.26999,85.78999,-0.5,86.06,0.0,-0.01938009,0.0,6.0,3.0,2162.0,86.0,0.0,0.0,0.0,13.8,11.25,25.0,1.4142019847885479,1.9372235276859848,450.34470830673786,1529.979321602167,0.6305874587455513,23.985
138.0,58946.0,52.30066910000001,-2.1133914000000003,86.346,36.003,56.97,0.03,0.1,11.39996,86.26999,86.11,86.39999,85.58,-1.100006,86.15,0.0,-0.02958012,0.0,6.0,3.0,2140.0,86.0,0.0,0.0,0.0,13.7,11.25,25.5,1.4099045262247232,1.9403534412397758,451.7546128329626,1531.9196750434066,0.6283708905955184,23.985
138.0,58946.1,52.3006865,-2.1133706,86.56200000000001,36.028,56.97,0.01,0.1,11.20001,86.36,86.39,86.28999,85.62999,-1.100006,86.34,0.009180069,-0.04997993,0.0,6.0,3.0,2149.0,86.0,0.0,0.0,0.0,13.7,11.25,27.0,1.414280114144208,1.9445904475586233,453.1688929471068,1533.8642654909652,0.628807222908517,24.045
138.0,58946.2,52.3007039,-2.1133498,86.414,36.219,56.96,0.01,0.1,11.0,86.44,86.3,86.45999,86.05,-0.6999816999999999,86.25,0.01937985,-0.03978014,0.0,6.0,3.0,2146.0,86.0,0.0,0.0,0.0,13.8,11.25,27.0,1.4183255439904678,1.9365483389694607,454.5872184910973,1535.8008138299347,0.6321408017798262,24.003888888888888
138.0,58946.3,52.3007213,-2.1133288,86.663,36.392,56.96,0.01,0.1,10.79999,86.64,86.59,86.75999,85.89,-0.3999939,86.54,0.02957988,-0.03978014,0.0,6.0,3.0,2156.0,86.0,0.0,0.0,0.0,13.8,11.25,28.0,1.4282700250378582,1.937824753012253,456.0154885161352,1537.738638582947,0.6351602213857764,24.073055555555555
138.0,58946.4,52.3007388,-2.1133078,86.87899999999999,36.438,56.95,-0.01,0.1,10.89996,86.94,86.86,86.86,86.15999000000001,-0.6999816999999999,86.8,0.0397799,-0.02958012,0.0,6.0,3.0,2166.0,86.0,0.0,0.0,0.0,13.8,11.25,29.0,1.4333890654756838,1.941504440234442,457.4488775816109,1539.6801430231815,0.6359630728416938,24.13305555555555
138.0,58946.5,52.3007562,-2.1132868,86.789,36.53,56.94,-0.02,0.1,10.70001,87.05,87.09,86.94,86.51999,-0.2999877999999999,87.02,0.04997993,-0.03978014,0.0,6.0,3.0,2160.0,86.0,0.0,0.0,0.0,13.7,11.25,29.5,1.4350165866198252,1.9371914781000656,458.8838941682307,1541.6173345012814,0.6375687757535285,24.108055555555556
138.0,58946.6,52.3007736,-2.1132656,87.055,36.637,56.93,-0.02,0.1,10.70001,87.23999,87.19,87.28,86.56999,-0.3999939,87.21,0.05915999,-0.03978014,0.0,6.0,3.0,2166.0,86.0,0.0,0.0,0.0,13.8,11.25,30.0,1.4430410608089579,1.9404372878197673,460.3269352290397,1543.5577717891013,0.6394362780531625,24.181944444444447
138.0,58946.7,52.3007911,-2.1132444,87.42200000000001,36.722,56.93,-0.01,0.1,10.29999,87.47,87.40999000000001,87.55,86.92,-0.3999939,87.39,0.04997993,-0.01938009,0.0,6.0,3.0,2169.0,86.0,0.0,0.0,0.0,13.8,11.25,30.5,1.4520137628224323,1.9464656761045789,461.77894899186214,1545.5042374652057,0.6409198079173577,24.283888888888892
138.0,58946.8,52.3008086,-2.1132231000000004,87.455,36.789,56.93,-0.01,0.1,9.599976,87.56999,87.64999,87.59,87.17,-0.2999877999999999,87.56,0.05915999,-0.01938009,0.0,6.0,3.0,2176.0,86.0,0.0,0.0,0.0,13.8,11.25,30.5,1.4548378733118197,1.9455005126266682,463.23378686517395,1547.4497379778325,0.642089178516194,24.293055555555554
138.0,58946.9,52.3008262,-2.1132017,87.725,36.833,56.93,-0.01,0.1,9.5,87.84999,87.75999,87.92,87.34,0.0,87.78,0.05915999,-0.009180069,0.0,6.0,3.0,2185.0,86.0,0.0,0.2399902,0.0,13.8,11.25,31.0,1.4608276164721166,1.9503856004746378,464.69461448164606,1549.400123578307,0.6428571233870713,24.368055555555554
138.0,58947.0,52.3008437,-2.1131802000000004,88.016,36.877,56.93,-0.01,0.1,9.5,88.03,88.05,88.06,87.40999000000001,0.0,87.98,0.05915999,0.0,0.0,6.0,3.0,2181.0,86.0,0.0,0.0,0.0,13.7,11.25,31.0,1.467175775756566,1.9557292558136632,466.16179025740263,1551.3558528341207,0.643625068257949,24.448888888888888
138.0,58947.1,52.3008613,-2.1131587,88.081,36.85,56.92,-0.02,0.1,9.5,88.26999,88.36,88.17999,87.83,0.0,88.18,0.05915999,0.0,0.0,6.0,3.0,2199.0,86.0,0.0,0.0,0.0,13.8,11.25,31.0,1.4673368288284758,1.957865249510012,467.6291270862311,1553.3137180836306,0.6431538293599105,24.466944444444444
138.0,58947.2,52.300879,-2.1131371,88.391,36.901,56.92,-0.02,0.1,9.399963,88.48999,88.39999,88.45,87.89999,0.0,88.46,0.05915999,0.0,0.0,6.0,3.0,2198.0,86.0,0.0,0.0,0.0,13.6,11.25,22.0,1.4742493837055117,1.9634444544692102,469.1033764699366,1555.2771625381,0.6440439472784276,24.553055555555556
138.0,58947.3,52.3008967,-2.1131154,88.52799999999999,36.85,56.92,-0.02,0.1,9.399963,88.64,88.64,88.73999,88.03,0.0,88.63,0.04997993,0.0,0.0,6.0,3.0,2187.0,86.0,0.0,0.0,0.0,13.7,11.25,16.0,1.4747833787369273,1.9678011694760766,470.5781598486735,1557.244963707576,0.6431538293599105,24.591111111111108
138.0,58947.4,52.3009145,-2.1130939,88.82600000000001,36.661,56.91,-0.03,0.1,9.399963,88.75,88.81,88.72,88.34999,0.0,88.75999,0.0397799,0.0,0.0,6.0,3.0,2208.0,86.0,0.0,0.0,0.0,13.8,11.25,12.5,1.473226725005218,1.9792955680601994,472.0513865736787,1559.2242592756363,0.6398551570736412,24.67388888888889
138.0,58947.5,52.300932200000005,-2.1130722,88.693,36.861,56.92,-0.0,0.1,9.299988,88.75,88.62,89.00999,88.34999,-0.1000061,88.7,0.02957988,-0.009180069,0.0,6.0,3.0,2207.0,86.0,0.0,0.0,0.0,13.8,11.25,10.0,1.4779105728174382,1.9711850888084688,473.52929714649616,1561.1954443644447,0.6433458155776297,24.636944444444442
138.0,58947.6,52.3009501,-2.1130506,89.12200000000001,36.694,56.93,0.0,0.1,9.299988,88.73,88.69,89.05,88.36,0.1000061,88.72,0.01937985,-0.009180069,0.0,6.0,3.0,2191.0,86.0,0.0,0.0,0.0,13.8,11.25,3.0,1.4792795893811486,1.985039614188375,475.0085767358773,1563.180483978633,0.6404311157267993,24.756111111111114
138.0,58947.7,52.3009678,-2.1130288,88.96700000000001,36.865,56.93,0.01,0.1,9.299988,88.76999,88.81,88.90999000000001,88.5,0.0,88.75,0.0,-0.009180069,0.0,6.0,3.0,2207.0,86.0,0.0,0.0,0.0,13.8,11.25,0.5,1.4826143300670962,1.9771711856082295,476.4911910659444,1565.1576551642413,0.6434156287477096,24.71305555555556
138.0,58947.8,52.3009856,-2.113007,89.075,36.926,56.93,0.01,0.1,9.099976,88.75,88.67,88.90999000000001,88.26999,0.0,88.75999,0.0,0.0,0.0,6.0,3.0,2203.0,86.0,0.0,0.0,0.0,13.8,11.25,0.0,1.4865208355291877,1.9779898351080307,477.9777119014736,1567.1356449993493,0.6444802795914262,24.743055555555557
138.0,58947.9,52.3010034,-2.1129853,88.949,36.91,56.94,0.01,0.1,8.799988,88.61,88.53999,88.87,88.17999,0.0,88.6,-0.009180069,0.0,0.0,6.0,3.0,2194.0,86.0,0.0,0.0,0.0,13.8,11.25,0.0,1.4838664593561002,1.975606343420214,479.46157836082966,1569.1112513427695,0.6442010269111069,24.708055555555553
138.0,58948.0,52.3010212,-2.1129636,89.06,36.763000000000005,56.93,0.0,0.1,8.599976,88.53999,88.53999,88.75,88.33,0.2000122,88.57,-0.01938009,0.0,0.0,6.0,3.0,2190.0,86.0,0.0,0.0,0.0,13.8,11.25,0.0,1.480638293038013,1.9818770092408309,480.94221665386766,1571.0931283520104,0.6416353929106755,24.738888888888887
138.0,58948.1,52.3010389,-2.1129419,88.823,36.915,56.93,0.01,0.1,8.700012,88.34999,88.31999,88.72,88.11,0.2000122,88.37,-0.02958012,0.0,0.0,6.0,3.0,2170.0,86.0,0.0,0.0,0.0,13.8,11.25,0.0,1.4819366544168617,1.97267849807592,482.42415330828453,1573.0658068500863,0.6442882933737067,24.673055555555553
138.0,58948.2,52.3010566,-2.1129203,88.736,36.795,56.94,0.01,0.1,8.700012,88.23,88.20999,88.5,87.89999,0.2000122,88.23,-0.02958012,0.009180069,0.0,6.0,3.0,2187.0,86.0,0.0,0.0,0.0,13.8,11.25,0.0,1.4763543675146489,1.97384270297517,483.9005076757992,1575.0396495530615,0.6421938982713136,24.64888888888889
138.0,58948.3,52.3010743,-2.1128987,88.63600000000001,36.815,56.94,0.01,0.1,8.700012,88.09,88.08,88.37,88.03999,0.3000183,88.11,-0.03978014,0.009180069,0.0,6.0,3.0,2190.0,86.0,0.0,0.0,0.0,13.8,11.25,0.0,1.4753787419460966,1.9711034197297572,485.3758864177453,1577.0107529727914,0.6425429641217124,24.621111111111112
138.0,58948.4,52.301092,-2.1128771,88.47,36.769,56.94,0.01,0.1,8.5,87.98999,87.87999,88.3,87.64999,0.3999939,87.99,-0.03978014,0.009180069,0.0,6.0,3.0,2177.0,86.0,0.0,0.0,0.0,13.8,11.25,0.0,1.4710355971119446,1.9685935390601852,486.8469220148572,1578.9793465118516,0.641740112665795,24.575
138.0,58948.5,52.3011097,-2.1128556,88.37299999999999,36.768,56.95,0.01,0.1,8.399963,87.83,87.81999,88.08,87.53,0.3999939,87.82,-0.03978014,0.009180069,0.0,6.0,3.0,2178.0,86.0,0.0,0.0,0.0,13.8,11.25,0.0,1.4693884078835076,1.9664607858698813,488.31631042274074,1580.9458072977216,0.6417226593732751,24.548055555555553
138.0,58948.6,52.3011273,-2.1128342,88.056,36.677,56.94,0.01,0.1,8.200012,87.70999,87.7,87.90999000000001,87.59,0.6000061,87.73,-0.03978014,0.009180069,0.0,6.0,3.0,2180.0,86.0,0.0,0.0,0.0,13.8,11.25,2.0,1.4610037383977923,1.9617298683528461,489.7773141611385,1582.9075371660745,0.6401344097539602,24.459999999999997
138.0,58948.7,52.3011449,-2.1128128,88.07799999999999,36.689,56.95,0.01,0.1,8.099976,87.65999000000001,87.64999,87.84999,87.37,0.5,87.59,-0.02958012,0.009180069,0.0,6.0,3.0,2198.0,86.0,0.0,0.0,0.0,13.8,11.25,3.5,1.4617796913868508,1.961913877534207,491.23909385252534,1584.8694510436087,0.6403438492641995,24.466111111111108
138.0,58948.8,52.3011626,-2.1127914000000003,87.995,36.619,56.95,0.02,0.1,8.200012,87.55,87.62,87.86,87.19,0.5,87.49,-0.01938009,0.009180069,0.0,6.0,3.0,2165.0,86.0,0.0,0.0,0.0,13.8,11.25,6.5,1.4580064277700202,1.9618478293438202,492.6971002802954,1586.8312988729526,0.6391221187878036,24.443055555555556
138.0,58948.9,52.3011802,-2.1127701,87.87200000000001,36.621,56.95,0.02,0.1,8.200012,87.45999,87.58,87.59,87.23999,0.3999939,87.48,-0.01938009,0.01937985,0.0,6.0,3.0,2181.0,86.0,0.0,0.0,0.0,13.8,11.25,7.5,1.4560368014233058,1.959054721237318,494.1531370817187,1588.79035359419,0.6391570253728435,24.408888888888892
138.0,58949.0,52.3011978,-2.1127489,87.59200000000001,36.386,56.95,0.02,0.1,8.200012,87.55,87.44,87.7,87.06999,0.3999939,87.43999000000001,-0.01938009,0.0,0.0,6.0,3.0,2180.0,86.0,0.0,0.0,0.0,13.8,11.25,7.5,1.4433755170149702,1.9587487832527462,495.5965125987336,1590.7491023774428,0.6350555016306568,24.331111111111113
138.0,58949.1,52.3012154,-2.1127277,87.71799999999999,36.46,56.96,0.03,0.1,8.299988,87.31,87.28999,87.58,87.0,0.6000061,87.29,-0.009180069,0.0,0.0,6.0,3.0,2172.0,86.0,0.0,0.0,0.0,13.8,11.25,7.5,1.447984037074946,1.9596979193657025,497.04449663580857,1592.7088002968085,0.6363470452771326,24.366111111111106
138.0,58949.2,52.301233,-2.1127065,87.714,36.464,56.96,0.02,0.1,8.399963,87.28999,87.40999000000001,87.5,87.03999,0.5,87.3,-0.009180069,0.0,0.0,6.0,3.0,2161.0,86.0,0.0,0.0,0.0,13.8,11.25,7.5,1.4480548109824232,1.9595074672964783,498.49255144679097,1594.668307764105,0.6364168584472123,24.365
138.0,58949.3,52.3012506,-2.1126853,87.556,36.441,56.97,0.03,0.1,8.399963,87.26999,87.20999,87.56999,87.09,0.5,87.28,0.0,0.0,0.0,6.0,3.0,2164.0,86.0,0.0,0.0,0.0,13.8,11.25,7.5,1.4446611208615507,1.956557871022774,499.9372125676525,1596.624865635128,0.6360154327192536,24.321111111111108
138.0,58949.4,52.3012682,-2.1126642,87.581,36.365,56.98,0.03,0.1,8.399963,87.23,87.2,87.47,86.7,0.2000122,87.23,-0.009180069,0.0,0.0,6.0,3.0,2169.0,86.0,0.0,0.0,0.0,13.8,11.25,7.5,1.4424763289892688,1.9590316259437004,501.37968889664177,1598.5838972610716,0.634688982487738,24.328055555555554
138.0,58949.5,52.3012858,-2.1126430000000003,87.52,36.348,56.99,0.03,0.1,8.399963,87.09,87.23,87.25999,86.86,0.2000122,87.18,-0.009180069,0.01937985,0.0,6.0,3.0,2158.0,86.0,0.0,0.0,0.0,13.8,11.25,7.5,1.4408907319869364,1.9580947712105385,502.8205796286287,1600.541992032282,0.6343922765148989,24.31111111111111
138.0,58949.6,52.3013033,-2.1126219,87.484,36.308,56.98,0.03,0.1,8.399963,87.20999,87.12999,87.36,86.94,0.2000122,87.18999000000001,-0.009180069,0.009180069,0.0,6.0,3.0,2170.0,86.0,0.0,0.0,0.0,13.8,11.25,14.0,1.4389312472268678,1.9582943798366497,504.2595108758556,1602.5002864121186,0.6336941448141011,24.30111111111111
138.0,58949.7,52.30132089999999,-2.1126009,87.419,36.294,57.0,0.04,0.1,8.399963,87.12999,87.06,87.31,86.59999,0.1000061,87.1,0.0,0.0,0.0,6.0,3.0,2166.0,86.0,0.0,0.0,0.0,13.8,11.25,15.5,1.4373839423954942,1.9571906583891008,505.6968948182511,1604.4574770705078,0.6334497987188219,24.283055555555553
138.0,58949.8,52.3013386,-2.1125799,87.35,36.106,57.0,0.03,0.1,8.399963,87.17999,87.3,87.28999,86.81999,0.5,87.14,0.0,0.0,0.0,6.0,3.0,2165.0,86.0,0.0,0.0,0.0,13.8,11.25,16.0,1.429824789853424,1.960347956472031,507.1267196081045,1606.41782502698,0.6301685797250727,24.263888888888886
138.0,58949.9,52.3013561,-2.1125588,87.448,36.28,57.0,0.03,0.1,8.399963,87.28999,87.17999,87.39,86.98,0.7000122,87.17,0.0,0.0,0.0,6.0,3.0,2170.0,86.0,0.0,0.0,0.0,13.8,11.25,16.5,1.4373823404512054,1.9581912055472188,508.56410194855573,1608.376016232527,0.6332054526235428,24.291111111111107
138.0,58950.0,52.3013738,-2.1125379,87.311,36.025,57.01,0.04,0.1,8.399963,87.28999,87.22,87.45,86.73,0.6000061,87.24,0.009180069,0.0,0.0,6.0,3.0,2164.0,86.0,0.0,0.0,0.0,13.8,11.25,16.5,1.4264148356112383,1.961491206851768,509.99051678416697,1610.337507439379,0.6287548630309572,24.253055555555555
138.0,58950.1,52.30139139999999,-2.1125168000000003,87.469,36.191,57.01,0.03,0.1,8.399963,87.25,87.34999,87.39999,86.84,0.5,87.29,0.009180069,0.0,0.0,6.0,3.0,2172.0,86.0,0.0,0.0,0.0,13.8,11.25,16.5,1.4346833109211334,1.9608923710210542,511.4252000950881,1612.2983998104,0.6316521095892679,24.296944444444442
138.0,58950.2,52.3014091,-2.112496,87.37200000000001,35.989000000000004,57.02,0.04,0.1,8.399963,87.37999,87.31999,87.51999,87.12,0.5,87.33,0.009180069,0.0,0.0,6.0,3.0,2174.0,86.0,0.0,0.0,0.0,13.8,11.25,16.5,1.4261778191118493,1.9637580880223948,512.8513779141999,1614.2621578984224,0.6281265445002393,24.270000000000003
138.0,58950.3,52.3014267,-2.1124749,87.595,36.152,57.03,0.04,0.1,8.399963,87.39,87.36,87.58,86.95999,0.3999939,87.37,0.01937985,0.0,0.0,6.0,3.0,2164.0,86.0,0.0,0.0,0.0,13.8,11.25,16.5,1.4354129945456868,1.964694566482203,514.2867909087456,1616.2268524649046,0.6309714311809901,24.331944444444442
138.0,58950.4,52.3014444,-2.112454,87.581,36.035,57.05,0.06,0.1,8.399963,87.31999,87.44,87.48,86.95,0.5,87.38,0.01937985,0.009180069,0.0,6.0,3.0,2173.0,86.0,0.0,0.0,0.0,13.8,11.25,13.0,1.431169253754191,1.967307154018062,515.7179601624998,1618.1941596189226,0.6289293959561566,24.328055555555554
138.0,58950.5,52.3014621,-2.1124331,87.649,35.929,57.05,0.06,0.1,8.399963,87.5,87.42,87.58,87.19,0.3999939,87.45,0.009180069,0.0,0.0,6.0,3.0,2169.0,86.0,0.0,0.0,0.0,13.8,11.25,13.0,1.4286355584958583,1.9714810368882245,517.1465957209957,1620.1656406558109,0.6270793469490427,24.346944444444443
138.0,58950.6,52.3014798,-2.1124121,87.696,35.967,57.06,0.06,0.1,8.399963,87.39999,87.34999,87.67,87.05,0.1000061,87.42,0.009180069,0.0,0.0,6.0,3.0,2166.0,86.0,0.0,0.0,0.0,13.8,11.25,13.0,1.4307095577709499,1.9715897548178862,518.5773052787666,1622.1372304106287,0.6277425720648004,24.36
138.0,58950.7,52.3014976,-2.1123913,87.69200000000001,35.706,57.06,0.06,0.1,8.399963,87.48999,87.53999,87.56,86.97,0.1000061,87.41,0.0,0.0,0.0,6.0,3.0,2176.0,86.0,0.0,0.0,0.0,13.8,11.25,13.0,1.42164869604195,1.9779963761479875,519.9989539748086,1624.1152267867767,0.6231872627170953,24.35888888888889
138.0,58950.8,52.30151550000001,-2.1123706,87.764,35.394,57.05,0.03,0.1,8.399963,87.56999,87.55,87.47,87.12999,0.2000122,87.59,0.0,0.0,0.0,6.0,3.0,2170.0,86.0,0.0,0.0,0.0,13.8,11.25,13.0,1.4120150276992456,1.9873388729955945,521.4109690025078,1626.1025656597724,0.617741835450873,24.378888888888888
138.0,58950.9,52.3015332,-2.1123497,87.64200000000001,35.769,57.05,0.03,0.1,8.399963,87.5,87.47,87.69,87.09999,0.5,87.56,0.0,0.0,0.0,6.0,3.0,2177.0,86.0,0.0,0.0,0.0,13.8,11.25,13.0,1.4230109251943472,1.9753050794187539,522.8339799277022,1628.0778707391912,0.6242868201458517,24.345000000000002
138.0,58951.0,52.301551,-2.1123289,87.65299999999999,35.742,57.05,0.03,0.1,8.399963,87.47,87.53999,87.65999000000001,87.08,0.3999939,87.5,0.0,0.0,0.0,6.0,3.0,2178.0,86.0,0.0,0.0,0.0,13.8,11.25,15.0,1.4222584127434,1.9762234440327902,524.2562383404456,1630.054094183224,0.6238155812478132,24.348055555555554
137.0,58951.1,52.3015687,-2.112308,87.70700000000001,35.758,57.06,0.04,0.1,8.399963,87.5,87.48999,87.62999,87.28999,0.2000122,87.49,0.0,0.0,0.0,6.0,3.0,2163.0,86.0,0.0,0.0,0.0,13.8,11.25,21.5,1.4236867674401337,1.9770434361052187,525.6799251078858,1632.0311376193292,0.6240948339281324,24.363055555555558
137.0,58951.2,52.3015865,-2.1122871,87.721,35.866,57.07,0.04,0.1,8.399963,87.40999000000001,87.39999,87.72,87.23999,0.5,87.42,0.0,0.0,0.0,6.0,3.0,2187.0,87.0,0.0,0.0,0.0,13.7,11.25,25.5,1.4276387218141149,1.9746714905430172,527.1075638296999,1634.0058091098722,0.6259797895202862,24.366944444444446
137.0,58951.3,52.3016043,-2.1122664,87.714,35.556,57.08,0.05,0.1,8.399963,87.45999,87.5,87.58,86.90999000000001,0.2000122,87.43999000000001,0.0,0.0,0.0,6.0,3.0,2161.0,86.0,0.0,0.0,0.0,13.8,11.25,27.0,1.416820807765697,1.982208628949576,528.5243846374656,1635.9880177388218,0.6205692688391038,24.365
137.0,58951.4,52.3016221,-2.1122456,87.743,35.606,57.09,0.05,0.1,8.399963,87.53,87.45999,87.51999,87.03999,0.3000183,87.49,0.0,0.0,0.0,6.0,3.0,2170.0,86.0,0.0,0.0,0.0,13.8,11.25,28.0,1.4190190723939031,1.9816264136623536,529.9434037098595,1637.969644152484,0.621441933465101,24.373055555555553
137.0,58951.5,52.301639900000005,-2.1122247,87.69200000000001,35.702,57.09,0.05,0.1,8.399963,87.59999,87.59999,87.72,87.22,0.3000183,87.58,0.009180069,0.0,0.0,6.0,3.0,2173.0,86.0,0.0,0.0,0.0,13.8,11.25,28.5,1.4215106023801654,1.97809562112986,531.3649143122396,1639.9477397736139,0.6231174495470155,24.35888888888889
137.0,58951.6,52.3016578,-2.112204,87.89399999999999,35.528,57.09,0.05,0.1,8.399963,87.7,87.70999,87.64999,86.94,0.2000122,87.72,0.009180069,0.0,0.0,6.0,3.0,2184.0,86.0,0.0,0.0,0.0,13.8,11.25,28.5,1.418757452435866,1.9869699396713807,532.7836717646755,1641.9347097132852,0.6200805766485454,24.414999999999996
137.0,58951.7,52.3016756,-2.1121832,87.71799999999999,35.589,57.1,0.05,0.1,8.399963,87.69,87.76999,87.73999,87.31999,0.3000183,87.78,0.01937985,0.0,0.0,6.0,3.0,2188.0,87.0,0.0,0.0,0.0,13.8,11.25,29.0,1.418026905898883,1.9814826269581478,534.2016986705744,1643.9161923402432,0.6211452274922619,24.366111111111106
137.0,58951.8,52.3016934,-2.1121624,87.941,35.513000000000005,57.1,0.05,0.1,8.399963,87.95,87.92999,88.03999,87.58,0.3999939,87.95,0.0397799,0.0,0.0,6.0,3.0,2185.0,86.0,0.0,0.0,0.0,13.8,11.25,29.5,1.4189955974166577,1.9884040024012297,535.6206942679911,1645.9045963426445,0.6198187772607463,24.428055555555556
137.0,58951.9,52.3017114,-2.1121416,88.085,35.437,57.12,0.06,0.1,8.399963,88.08,88.09999,88.05,87.44,0.3000183,88.05,0.0397799,0.0,0.0,6.0,3.0,2185.0,87.0,0.0,0.0,0.0,13.7,11.25,31.0,1.4186760606530326,1.9935434937887668,537.0393703286442,1647.8981398364333,0.6184923270292305,24.46805555555555
137.0,58952.0,52.3017293,-2.1121207,88.09200000000001,35.535,57.12,0.06,0.1,8.399963,88.14999,88.17,88.25999,87.72,0.2000122,88.13,0.04997993,0.0,0.0,6.0,3.0,2201.0,87.0,0.0,0.0,0.0,13.7,11.25,31.5,1.4221967969121128,1.991272274414759,538.4615671255563,1649.889412110848,0.6202027496961849,24.470000000000002
138.0,58952.1,52.3017473,-2.1120999,88.589,35.359,57.12,0.06,0.1,8.399963,88.53,88.45999,88.62999,88.12999,0.2000122,88.46,0.05915999,0.0,0.0,6.0,3.0,2196.0,87.0,0.0,0.0,0.0,13.7,11.25,32.0,1.4240625910884255,2.0068905597753974,539.8856297166446,1651.8963026706235,0.617130970212675,24.608055555555556
138.0,58952.2,52.30176529999999,-2.112079,88.57799999999999,35.349000000000004,57.13,0.05,0.1,8.399963,88.73,88.78,88.65999000000001,88.0,0.2000122,88.67,0.05915999,0.0,0.0,6.0,3.0,2205.0,86.0,0.0,0.0,0.0,13.8,11.25,32.0,1.4235355201090358,2.0068898507361825,541.3091652367536,1653.9031925213596,0.6169564372874756,24.604999999999997
138.0,58952.3,52.3017834,-2.1120581,88.78299999999999,35.322,57.13,0.04,0.1,8.399963,88.92999,88.98,88.81999,88.33,0.2000122,88.95,0.05915999,0.0,0.0,6.0,3.0,2214.0,87.0,0.0,0.0,0.0,13.8,11.25,32.0,1.425881999911798,2.0122066395219385,542.7350472366654,1655.9153991608816,0.6164851983894372,24.66194444444444
138.0,58952.4,52.3018016,-2.1120371,88.963,35.324,57.14,0.05,0.1,8.399963,89.14,89.06,89.25,88.83,0.3000183,89.07999000000001,0.06936002,0.0,0.0,6.0,3.0,2219.0,87.0,0.0,0.0,0.0,13.8,11.25,32.0,1.4288432354882292,2.0162363429550156,544.1638904721536,1657.9316355038366,0.616520104974477,24.71194444444444
138.0,58952.5,52.3018197,-2.1120161,89.294,35.388000000000005,57.15,0.06,0.1,8.799988,89.33,89.40999000000001,89.33,88.81999,0.3999939,89.29,0.05915999,0.0,0.0,6.0,3.0,2214.0,87.0,0.0,0.0,0.0,13.7,11.25,32.0,1.4364191000033508,2.0221348148105807,545.600309572157,1659.9537703186472,0.6176371156957534,24.80388888888889
138.0,58952.6,52.301838,-2.1119951,89.399,35.235,57.15,0.06,0.1,9.399963,89.64,89.55,89.5,89.00999,0.3000183,89.54,0.05915999,0.0,0.0,6.0,3.0,2238.0,86.0,0.0,0.0,0.0,13.8,11.25,32.5,1.4326968862335399,2.0283456595042684,547.0330064583906,1661.9821159781516,0.6149667619402021,24.833055555555553
138.0,58952.7,52.3018563,-2.1119742,89.492,34.994,57.15,0.05,0.1,9.700012,89.78999,89.73999,89.8,89.37,0.0,89.75999,0.06936002,-0.009180069,0.0,6.0,3.0,2233.0,87.0,0.0,0.0,0.0,13.7,11.25,33.5,1.425634039203036,2.036470268422024,548.4586404975936,1664.0185862465737,0.6107605184428957,24.858888888888888
138.0,58952.8,52.301874600000005,-2.1119529,89.986,35.389,57.18,0.07,0.1,9.599976,89.92,90.03999,89.94,89.23,0.0,89.89,0.06936002,-0.01938009,0.0,6.0,3.0,2225.0,87.0,0.0,0.0,0.0,13.8,11.25,34.0,1.447586455764698,2.037780449380336,549.9062269533583,1666.056366695954,0.6176545689882733,24.996111111111112
138.0,58952.9,52.301893,-2.1119318,90.104,35.224000000000004,57.18,0.06,0.1,9.599976,90.25,90.17,90.17,89.64,-0.1000061,90.14,0.05915999,-0.01938009,0.0,6.0,3.0,2236.0,87.0,0.0,0.0,0.0,13.7,11.25,35.0,1.4436026137003886,2.0446183711981223,551.3498295670587,1668.1009850671521,0.6147747757224827,25.028888888888886
138.0,58953.0,52.3019115,-2.1119106000000003,90.364,35.135,57.18,0.06,0.1,9.599976,90.48,90.39999,90.42999,89.89,-0.1999817,90.43,0.05915999,-0.02958012,0.0,6.0,3.0,2251.0,87.0,0.0,0.0,0.0,13.8,11.25,35.5,1.4445813041080289,2.052764634814475,552.7944108711667,1670.1537497019665,0.6132214326882076,25.101111111111113
138.0,58953.1,52.301929900000005,-2.1118893,90.425,35.215,57.19,0.05,0.1,9.599976,90.53,90.67999,90.45999,89.84999,0.0,90.6,0.05915999,-0.01938009,0.0,5.0,3.0,2257.0,86.0,0.0,0.0,0.0,13.7,11.25,36.0,1.4484231901572482,2.0521299693573147,554.242834061324,1672.2058796713238,0.6146176960898032,25.118055555555554
138.0,58953.2,52.3019484,-2.111868,90.803,35.276,57.19,0.05,0.1,9.599976,90.84,90.81,91.03,90.45999,-0.1000061,90.78,0.05915999,-0.01938009,0.0,5.0,3.0,2262.0,87.0,0.0,0.0,0.0,13.6,11.25,36.0,1.456671085730723,2.059158727146233,555.6995051470547,1674.26503839847,0.6156823469335198,25.223055555555554
138.0,58953.3,52.301967,-2.1118465,91.202,35.256,57.2,0.05,0.1,9.599976,90.95999,90.97,91.0,90.40999,0.0,90.93,0.05915999,-0.01938009,0.0,5.0,3.0,2353.0,87.0,0.0,0.0,0.0,13.7,11.25,36.0,1.4623498553255654,2.068717516476084,557.1618550023802,1676.333755914946,0.6153332810831208,25.333888888888886
138.0,58953.4,52.3019856,-2.111825,91.156,35.321,57.19,0.04,0.1,9.599976,91.14999,91.14,91.11,90.45999,-0.1000061,91.06,0.04997993,-0.01938009,0.0,5.0,3.0,2483.0,86.0,0.0,0.0,0.0,13.7,11.25,36.0,1.4639570435677058,2.066014630538915,558.6258120459479,1678.399770545485,0.6164677450969172,25.32111111111111
138.0,58953.5,52.3020041,-2.1118036,91.087,35.389,57.21,0.06,0.1,9.599976,91.39999,91.28999,91.42,90.89,-0.1000061,91.36,0.0397799,-0.01938009,0.0,5.0,3.0,2606.0,87.0,0.0,0.0,0.0,13.7,11.25,30.5,1.4652980185388733,2.0627131753017878,560.0911100644868,1680.4624837207866,0.6176545689882733,25.301944444444445
138.0,58953.6,52.3020228,-2.111782,91.508,35.314,57.2,0.04,0.1,9.599976,91.42999,91.53999,91.45999,90.86,-0.1999817,91.41,0.04997993,-0.01938009,0.0,5.0,3.0,2573.0,87.0,0.0,0.0,0.0,13.8,11.25,21.5,1.4693567344932517,2.0741721023714783,561.56046679898,1682.536655823158,0.6163455720492775,25.418888888888887
138.0,58953.7,52.3020414,-2.1117604,91.49,35.493,57.22,0.05,0.1,9.599976,91.56999,91.50999,91.70999,91.12,0.0,91.54,0.04997993,-0.009180069,0.0,6.0,3.0,2483.0,87.0,0.0,0.0,0.0,13.8,11.25,17.0,1.4755392542783243,2.069164419192363,563.0360060532583,1684.6058202423505,0.6194697114103475,25.413888888888888
138.0,58953.8,52.30206009999999,-2.1117386,91.958,35.431999999999995,57.24,0.07,0.1,9.599976,91.75,91.64999,91.84,91.34,-0.1000061,91.67,0.0397799,-0.009180069,0.0,6.0,3.0,2309.0,87.0,0.0,0.0,0.0,13.8,11.25,16.5,1.4808720531595234,2.0813266341086663,564.5168781064178,1686.687146876459,0.6184050605666308,25.543888888888887
138.0,58953.9,52.3020788,-2.111717,91.883,35.295,57.24,0.06,0.1,9.599976,91.73,91.81,91.73,91.11,-0.1000061,91.75999,0.01937985,-0.01938009,0.0,6.0,3.0,2283.0,87.0,0.0,0.0,0.0,13.8,11.25,16.5,1.4746874405402872,2.0831612039476184,565.9915655469581,1688.7703080804067,0.6160139594913986,25.523055555555555
138.0,58954.0,52.3020973,-2.111695,91.721,35.993,57.24,0.05,0.1,9.599976,91.78999,91.75999,92.03,91.48,0.0,91.81,0.009180069,-0.009180069,0.0,6.0,3.0,2308.0,87.0,0.0,0.0,0.0,13.8,11.25,16.5,1.4973106948044839,2.061400939202238,567.4888762417626,1690.831709019609,0.6281963576703191,25.478055555555557
138.0,58954.1,52.3021159,-2.111673,91.955,35.895,57.26,0.06,0.1,9.599976,91.75,91.75,91.95,91.39999,0.0,91.72,0.009180069,-0.009180069,0.0,6.0,3.0,2319.0,87.0,0.0,0.0,0.0,13.8,11.25,14.0,1.4975936002293984,2.0692245599967936,568.986469841992,1692.9009335796059,0.6264859350033647,25.543055555555554
138.0,58954.2,52.3021346,-2.1116513,91.984,35.471,57.28,0.07,0.1,9.599976,91.86,91.8,91.92999,91.31,0.0,91.81,0.009180069,-0.009180069,0.0,6.0,3.0,2322.0,87.0,0.0,0.0,0.0,13.8,11.25,13.0,1.4827075230153193,2.0809063389103395,570.4691773650072,1694.9818399185162,0.6190857389749086,25.55111111111111
138.0,58954.3,52.3021533,-2.1116295,92.203,35.51,57.27,0.06,0.1,9.599976,91.81999,91.75999,92.03999,91.61,0.0,91.77,0.0,0.0,0.0,6.0,3.0,2314.0,87.0,0.0,0.0,0.0,13.8,11.25,12.5,1.4876570814082202,2.0848485293634793,571.9568344464154,1697.0666884478796,0.6197664173831864,25.611944444444443
138.0,58954.4,52.302172,-2.1116078,91.814,35.44,57.29,0.06,0.1,9.700012,91.73,91.84999,91.89999,91.2,0.0,91.77,0.0,-0.009180069,0.0,6.0,3.0,2309.0,87.0,0.0,0.0,0.0,13.8,11.25,12.5,1.4788432463532606,2.0778609523457656,573.4356776927686,1699.1445494002255,0.6185446869067903,25.503888888888888
138.0,58954.5,52.3021908,-2.1115860000000004,92.318,35.371,57.29,0.06,0.1,9.5,91.89,91.84999,92.01999,91.44,-0.1999817,91.87,0.0,-0.01938009,0.0,6.0,3.0,2309.0,87.0,0.0,0.0,0.0,13.8,11.25,12.0,1.4844440133997554,2.0910562748377717,574.9201217061684,1701.2356056750632,0.6173404097229144,25.64388888888889
138.0,58954.6,52.3022095,-2.1115642,91.904,35.542,57.3,0.06,0.1,9.5,91.78999,91.84999,91.86,91.39999,0.0,91.81,0.0,-0.01938009,0.0,6.0,3.0,2300.0,87.0,0.0,0.0,0.0,13.8,11.25,12.0,1.4839932324711311,2.0772591954284927,576.4041149386395,1703.3128648704917,0.6203249227438247,25.528888888888886
138.0,58954.7,52.30222820000001,-2.1115425,92.131,35.37,57.3,0.05,0.1,9.5,91.75999,91.64,91.95999,91.26999,0.0,91.75,0.0,0.0,0.0,6.0,3.0,2285.0,87.0,0.0,0.0,0.0,13.8,11.25,12.0,1.4814006908901995,2.0868464719536384,577.8855156295297,1705.3997113424452,0.6173229564303944,25.591944444444444
138.0,58954.8,52.302247,-2.1115207,92.167,35.462,57.31,0.06,0.1,9.5,91.70999,91.65999,91.97,91.45,0.0,91.72,0.0,-0.009180069,0.0,6.0,3.0,2284.0,87.0,0.0,0.0,0.0,13.8,11.25,13.0,1.485329798059195,2.085279593810295,579.3708454275888,1707.4849909362556,0.6189286593422292,25.601944444444445
138.0,58954.9,52.30226570000001,-2.111499,92.038,35.32,57.31,0.05,0.1,9.5,91.72,91.8,91.84999,91.22,0.0,91.75999,0.0,-0.01938009,0.0,6.0,3.0,2278.0,87.0,0.0,0.0,0.0,13.8,11.25,20.0,1.478085475222933,2.086030608929741,580.8489309028117,1709.5710215451854,0.6164502918043973,25.56611111111111
138.0,58955.0,52.3022844,-2.1114773,91.998,35.49,57.32,0.04,0.1,9.5,91.72,91.67,91.90999,91.28999,0.0,91.68999,0.0,-0.01938009,0.0,6.0,3.0,2288.0,87.0,0.0,-0.230011,0.0,13.8,11.25,26.0,1.483623269818633,2.0807311799587827,582.3325541726304,1711.6517527251442,0.6194173515327875,25.555
138.0,58955.1,52.3023031,-2.1114555,91.984,35.495,57.33,0.05,0.1,9.5,91.76999,91.76999,91.84,91.34999,0.0,91.8,0.0,-0.009180069,0.0,6.0,3.0,2275.0,87.0,0.0,0.0,0.0,13.7,11.25,27.5,1.4835790409211225,2.080285081296075,583.8161332135514,1713.7320378064403,0.6195046179953873,25.55111111111111
138.0,58955.2,52.3023217,-2.1114337,91.966,35.453,57.33,0.04,0.1,9.399963,91.72,91.75999,91.81,91.14999,0.0,91.75,0.0,-0.009180069,0.0,6.0,3.0,2292.0,87.0,0.0,0.0,0.0,13.8,11.25,28.0,1.4817636963818859,2.080964746721346,585.2978969099333,1715.8130025531616,0.6187715797095497,25.54611111111111
138.0,58955.3,52.3023405,-2.111412,92.124,35.454,57.34,0.04,0.1,9.399963,91.76999,91.67999,91.98999,91.44,0.0,91.74,0.0,0.0,0.0,6.0,3.0,2280.0,87.0,0.0,0.0,0.0,13.7,11.25,28.5,1.4843457871331573,2.0845139923301175,586.7822426970665,1717.8975165454917,0.6187890330020696,25.589999999999996
138.0,58955.4,52.3023592,-2.1113902,92.052,35.447,57.34,0.04,0.1,9.299988,91.89,91.98999,91.90999,91.44,0.0,91.93999,0.009180069,-0.01938009,0.0,6.0,3.0,2268.0,87.0,0.0,0.0,0.0,13.7,11.25,29.0,1.4829312053675001,2.0830660191523678,588.2651739024341,1719.980582564644,0.61866685995443,25.57
138.0,58955.5,52.3023778,-2.1113684000000004,92.034,35.548,57.34,0.03,0.1,8.899963,92.17999,92.11,92.12999,91.42,0.1000061,92.11,0.01937985,-0.01938009,0.0,6.0,3.0,2285.0,87.0,0.0,0.0,0.0,13.8,11.25,29.0,1.4863101994602486,2.080041884429359,589.7514841018943,1722.0606244490734,0.6204296424989443,25.565
138.0,58955.6,52.3023966,-2.1113466,92.153,35.478,57.35,0.03,0.1,8.700012,92.17999,92.12,92.23999,91.81,0.2000122,92.14,0.02957988,-0.009180069,0.0,6.0,3.0,2295.0,87.0,0.0,0.0,0.0,13.8,11.25,20.5,1.4856863527081556,2.0845480430131196,591.2371704546025,1724.1451724920867,0.6192079120225482,25.598055555555558
138.0,58955.7,52.3024153,-2.1113246,92.43,35.626999999999995,57.36,0.04,0.1,8.799988,92.22,92.33,92.3,91.67,0.1000061,92.24,0.0397799,0.0,0.0,6.0,3.0,2295.0,87.0,0.0,0.0,0.0,13.7,11.25,8.5,1.4955843352766294,2.086931658218631,592.7327547898791,1726.2321041503053,0.6218084526080198,25.675
138.0,58955.8,52.302434100000006,-2.1113027000000004,92.603,35.532,57.37,0.04,0.1,8.700012,92.33,92.31999,92.56999,91.97,0.1000061,92.32999,0.0397799,0.0,0.0,6.0,3.0,2290.0,87.0,0.0,0.0,0.0,13.8,11.25,4.0,1.4949148022340968,2.0933192793272997,594.2276695921132,1728.3254234296326,0.6201503898186251,25.723055555555554
138.0,58955.9,52.302453,-2.1112808,92.707,35.399,57.37,0.04,0.1,8.299988,92.36,92.42999,92.45,92.00999,0.3000183,92.35,0.01937985,0.0,0.0,6.0,3.0,2285.0,87.0,0.0,0.0,0.0,13.8,11.25,3.0,1.4917250201351895,2.09913860690527,595.7193946122484,1730.4245620365377,0.6178291019134727,25.75194444444444
138.0,58956.0,52.3024718,-2.1112589,92.682,35.426,57.37,0.03,0.1,7.799988000000001,92.47,92.39999,92.50999,91.83,0.3999939,92.41,0.0,0.0,0.0,6.0,3.0,2290.0,87.0,0.0,0.0,0.0,13.8,11.25,2.0,1.492311514810955,2.09786953664012,597.2117061270593,1732.5224315731778,0.6183003408115112,25.745
138.0,58956.1,52.30249070000001,-2.111237,92.668,35.357,57.37,0.03,0.1,7.599976,92.34,92.33,92.53,92.14999,0.7000122,92.39,0.0,0.009180069,0.0,6.0,3.0,2296.0,87.0,0.0,0.0,0.0,13.8,11.25,2.0,1.4895589788200094,2.0993480085403595,598.7012651058793,1734.621779581718,0.6170960636276351,25.741111111111113
138.0,58956.2,52.3025095,-2.1112152,92.563,35.415,57.38,0.03,0.1,7.5,92.20999,92.31,92.53,91.95999,0.8999939,92.27,0.0,0.01937985,0.0,6.0,3.0,2295.0,87.0,0.0,0.0,0.0,13.8,11.25,2.0,1.4899931738362302,2.0954620524035774,600.1912582797155,1736.7172416341216,0.6181083545937918,25.711944444444445
138.0,58956.3,52.3025284,-2.1111933,92.732,35.327,57.39,0.03,0.1,7.599976,92.22,92.17,92.53999,92.01999,0.8000183000000001,92.23,0.0,0.01937985,0.0,6.0,3.0,2291.0,87.0,0.0,0.0,0.0,13.8,11.25,2.0,1.4894875446929747,2.101578078993433,601.6807458244085,1738.818819713115,0.6165724648520368,25.758888888888887
138.0,58956.4,52.3025473,-2.1111715,92.552,35.265,57.4,0.04,0.1,7.599976,92.09,92.12,92.36,91.97,0.6000061,92.07999,-0.01938009,0.01937985,0.0,6.0,3.0,2282.0,87.0,0.0,0.0,0.0,13.8,11.25,2.0,1.484325751915149,2.0991061767366306,603.1650715763236,1740.9179258898516,0.6154903607158003,25.70888888888889
138.0,58956.5,52.3025662,-2.1111498,92.516,35.096,57.41,0.04,0.1,7.599976,92.12,92.03,92.31999,91.65999,0.6000061,92.07999,-0.01938009,0.009180069,0.0,6.0,3.0,2271.0,87.0,0.0,0.0,0.0,13.8,11.25,2.0,1.477552818727025,2.1026570260283513,604.6426243950507,1743.02058291588,0.6125407542799298,25.698888888888888
138.0,58956.6,52.302585,-2.1111281,92.509,35.161,57.42,0.03,0.1,7.799988000000001,91.87,91.84,92.12,91.72,0.7000122,91.93999,-0.02958012,0.01937985,0.0,6.0,3.0,2273.0,87.0,0.0,0.0,0.0,13.8,11.25,2.0,1.4798252802502376,2.1008204772757115,606.1224496753009,1745.1214033931556,0.6136752182937263,25.696944444444444
138.0,58956.7,52.3026039,-2.1111065,92.286,35.025,57.41,0.03,0.1,8.399963,91.75999,91.90999,92.03999,91.47,0.6000061,91.89,-0.01938009,0.009180069,0.0,6.0,3.0,2292.0,87.0,0.0,0.0,0.0,13.8,11.25,2.0,1.4712793071832322,2.0992544986862423,607.5937289824841,1747.2206578918417,0.6113015705110139,25.634999999999998
138.0,58956.8,52.3026227,-2.1110851,92.102,34.933,57.42,0.03,0.1,8.700012,91.62999,91.69,92.03,91.40999,0.6000061,91.78,-0.01938009,0.009180069,0.0,6.0,3.0,2270.0,87.0,0.0,0.0,0.0,13.8,11.25,1.0,1.4649799178849516,2.097424026510597,609.0587089003691,1749.3180819183524,0.6096958675991792,25.58388888888889
138.0,58956.9,52.3026416,-2.1110635,92.264,34.984,57.43,0.04,0.1,9.0,91.59999,91.62999,91.84,91.39,0.3999939,91.59,-0.02958012,0.0,0.0,6.0,3.0,2273.0,87.0,0.0,0.0,0.0,13.8,11.25,1.0,1.469426356474264,2.099806095735721,610.5281352568434,1751.417888014088,0.6105859855176963,25.628888888888888
138.0,58957.0,52.3026604,-2.1110421,92.002,34.806999999999995,57.43,0.03,0.1,9.0,91.51999,91.44,91.72,90.98,0.3000183,91.43,-0.02958012,0.0,0.0,6.0,3.0,2268.0,87.0,0.0,0.0,0.0,13.8,11.25,1.0,1.4587783087386939,2.098359835011155,611.9869135655821,1753.5162478490993,0.6074967527416661,25.556111111111107
138.0,58957.1,52.30267919999999,-2.1110207,91.886,34.872,57.43,0.03,0.1,9.200012,91.34999,91.25,91.64999,91.12999,0.1000061,91.37,-0.02958012,-0.009180069,0.0,6.0,3.0,2267.0,87.0,0.0,0.0,0.0,13.8,11.25,1.0,1.4593155937637166,2.0940599413391943,613.4462291593458,1755.6103077904384,0.6086312167554626,25.523888888888887
138.0,58957.2,52.302698,-2.1109994,91.692,34.861,57.43,0.02,0.1,9.5,91.17,91.31999,91.45,90.94,0.0,91.25,-0.02958012,-0.009180069,0.0,6.0,3.0,2275.0,87.0,0.0,0.0,0.0,13.8,11.25,1.0,1.4558333147972777,2.0899182662310913,614.902062474143,1757.7002260566694,0.6084392305377432,25.47
138.0,58957.3,52.3027167,-2.1109781,91.588,34.797,57.44,0.02,0.1,9.799988,91.17,91.03999,91.39,90.62,-0.1999817,91.16,-0.02958012,-0.009180069,0.0,6.0,3.0,2265.0,87.0,0.0,0.0,0.0,13.8,11.25,1.0,1.4518493420682181,2.0891708483546996,616.3539118162113,1759.7893969050242,0.6073222198164668,25.44111111111111
138.0,58957.4,52.3027354,-2.1109567,91.433,34.903,57.45,0.03,0.1,10.09998,90.98999,90.84999,91.22,90.81999,0.0,90.93,-0.02958012,-0.009180069,0.0,6.0,3.0,2251.0,87.0,0.0,0.0,0.0,13.8,11.25,1.0,1.4532483329746637,2.0829502016940364,617.807160149186,1761.8723471067183,0.6091722688235808,25.39805555555556
138.0,58957.5,52.3027541,-2.1109355,91.411,34.758,57.46,0.04,0.1,10.29999,90.8,90.81999,91.06,90.40999,-0.2999877999999999,90.77,-0.02958012,-0.01938009,0.0,6.0,3.0,2257.0,87.0,0.0,0.0,0.0,13.8,11.25,1.0,1.4476239042397756,2.0861192340254955,619.2547840534257,1763.9584663407438,0.6066415414081892,25.391944444444444
138.0,58957.6,52.3027728,-2.1109142000000003,91.184,34.822,57.46,0.03,0.1,10.20001,90.75,90.67999,91.12,90.31999,-0.1999817,90.75,-0.02958012,-0.01938009,0.0,6.0,3.0,2257.0,87.0,0.0,0.0,0.0,13.8,11.25,2.0,1.4463525642207775,2.0793245017141433,620.7011366176465,1766.037790842458,0.6077585521294655,25.328888888888887
138.0,58957.7,52.3027914,-2.1108929,91.253,34.882,57.47,0.03,0.1,10.20001,90.65999,90.61,90.83,90.37,-0.2999877999999999,90.68,-0.02958012,-0.01938009,0.0,6.0,3.0,2263.0,87.0,0.0,0.0,0.0,13.8,11.25,3.5,1.4496253533225776,2.079381047206043,622.1507619709691,1768.117171889664,0.608805749680662,25.348055555555554
138.0,58957.8,52.30281,-2.1108718,90.832,34.837,57.47,0.02,0.1,10.09998,90.64999,90.59,90.84999,90.09,-0.1999817,90.62,-0.01938009,-0.01938009,0.0,6.0,3.0,2253.0,87.0,0.0,0.0,0.0,13.8,11.25,7.5,1.4413113863434308,2.070920367037111,623.5920733573125,1770.188092256701,0.6080203515172646,25.231111111111108
138.0,58957.9,52.3028286,-2.1108505,90.968,34.927,57.48,0.02,0.1,10.09998,90.53,90.39999,90.8,90.19,0.0,90.52,-0.009180069,-0.01938009,0.0,6.0,3.0,2242.0,87.0,0.0,0.0,0.0,13.8,11.25,12.0,1.4467255007550985,2.071751139074149,625.0387988580676,1772.2598433957753,0.6095911478440594,25.26888888888889
138.0,58958.0,52.3028472,-2.1108293,90.929,34.858000000000004,57.49,0.03,0.1,10.09998,90.42,90.50999,90.64,90.22,0.0,90.4,-0.009180069,-0.01938009,0.0,6.0,3.0,2259.0,87.0,0.0,0.0,0.0,13.8,11.25,15.0,1.4436103164229404,2.072602942869803,626.4824091744905,1774.332446338645,0.6083868706601835,25.258055555555554
138.0,58958.1,52.302865700000005,-2.1108081000000003,90.778,34.926,57.49,0.02,0.1,9.799988,90.55,90.47,90.84999,89.98,0.0,90.47,0.0,-0.01938009,0.0,6.0,3.0,2251.0,87.0,0.0,0.0,0.0,13.8,11.25,15.5,1.443667718943549,2.067449180260386,627.926076893434,1776.3998955189054,0.6095736945515395,25.21611111111111
138.0,58958.2,52.3028843,-2.1107868,90.824,35.031,57.49,0.01,0.1,9.899963,90.69,90.58,90.67999,89.98,-0.1000061,90.65,0.0,-0.02958012,0.0,6.0,3.0,2250.0,87.0,0.0,0.0,0.0,13.8,11.25,19.5,1.4481875605524968,2.065846348386061,629.3742644539865,1778.4657418672914,0.6114062902661336,25.22888888888889
138.0,58958.3,52.3029028,-2.1107656,90.68,34.96,57.49,-0.0,0.1,10.0,90.56,90.64999,90.72,90.17999,-0.1000061,90.64,0.009180069,-0.02958012,0.0,6.0,3.0,2247.0,87.0,0.0,0.0,0.0,13.8,11.25,26.5,1.4433344683600424,2.064361123207792,630.8175989223465,1780.5301029904992,0.6101671064972176,25.18888888888889
138.0,58958.4,52.3029213,-2.1107443,90.796,35.161,57.5,0.01,0.1,10.29999,90.56999,90.53999,90.90999,90.15999,0.1000061,90.6,0.01937985,-0.009180069,0.0,6.0,3.0,2254.0,87.0,0.0,0.0,0.0,13.7,11.25,31.5,1.452423182021215,2.061919338169535,632.2700221043677,1782.5920223286687,0.6136752182937263,25.221111111111114
138.0,58958.5,52.3029399,-2.110723,90.976,35.056999999999995,57.51,0.02,0.1,10.59998,90.73,90.69,90.92999,90.45999,-0.2999877999999999,90.68,0.01937985,-0.009180069,0.0,6.0,3.0,2256.0,87.0,0.0,0.0,0.0,13.8,11.25,32.5,1.4515500695140982,2.0686452000270257,633.7215721738818,1784.6606675286957,0.611860075871652,25.27111111111111
138.0,58958.6,52.3029585,-2.1107017000000003,91.066,34.985,57.51,0.01,0.1,10.70001,91.01999,90.98999,90.92,90.17,-0.2999877999999999,90.91,0.01937985,-0.02958012,0.0,6.0,3.0,2266.0,87.0,0.0,0.0,0.0,13.8,11.25,34.0,1.4503827927830917,2.072515893269702,635.1719549666649,1786.7331834219654,0.6106034388102162,25.29611111111111
138.0,58958.7,52.30297710000001,-2.1106803,91.062,35.067,57.51,0.01,0.1,10.79999,91.17999,91.09,91.19,90.40999,-0.1999817,91.14,0.0397799,-0.02958012,0.0,6.0,3.0,2268.0,87.0,0.0,0.0,0.0,13.7,11.25,35.0,1.4532835918385398,2.0703470848369534,636.6252385585034,1788.8035305068024,0.6120346087968516,25.294999999999998
138.0,58958.8,52.3029957,-2.1106589,91.184,35.123000000000005,57.51,0.0,0.1,11.20001,91.26999,91.33,91.26999,90.78999,-0.5,91.24,0.04997993,-0.03978014,0.0,6.0,3.0,2281.0,87.0,0.0,0.0,0.0,13.8,11.25,36.0,1.4572561640271557,2.0716975155320454,638.0824947225306,1790.8752280223346,0.6130119931779684,25.328888888888887
138.0,58958.9,52.3030144,-2.1106374,91.591,35.142,57.51,0.0,0.1,11.29999,91.62,91.5,91.65999,90.8,-0.6999816999999999,91.54,0.05915999,-0.03978014,0.0,5.0,3.0,2277.0,87.0,0.0,0.0,0.0,13.7,11.25,36.0,1.4644506172145215,2.080459026484776,639.5469453397451,1792.9556870488193,0.6133436057358473,25.44194444444444
138.0,58959.0,52.303033000000006,-2.1106158,91.595,35.31,57.51,-0.0,0.1,11.20001,91.67999,91.64999,91.7,91.14,-0.5,91.65,0.05915999,-0.02958012,0.0,5.0,3.0,2304.0,87.0,0.0,0.0,0.0,13.6,11.25,36.0,1.4706087598574964,2.076246766514342,641.0175540996025,1795.0319338153336,0.6162757588791978,25.443055555555553
138.0,58959.1,52.3030517,-2.1105941,91.89,35.331,57.51,-0.0,0.1,11.09998,92.09,92.05,92.05,91.39,-0.6999816999999999,91.85,0.04997993,-0.02958012,0.0,5.0,3.0,2371.0,87.0,0.0,0.0,0.0,13.7,11.25,36.0,1.476108485199149,2.0823928519669557,642.4936625848017,1797.1143266673005,0.6166422780221166,25.525
138.0,58959.2,52.3030706,-2.1105725,92.243,35.213,57.5,-0.01,0.1,11.0,92.09,92.05,91.75999,91.06,-0.3999939,92.13,0.0397799,-0.03978014,0.0,5.0,3.0,2503.0,87.0,0.0,0.0,0.0,13.7,11.25,36.0,1.4774707505597071,2.0934397391067647,643.9711333353614,1799.2077664064072,0.6145827895047633,25.623055555555553
138.0,58959.3,52.3030893,-2.1105507,92.03,35.391,57.5,-0.01,0.1,11.0,92.3,92.33,92.2,91.72,0.0,92.28,0.0397799,-0.04997993,0.0,5.0,3.0,2590.0,87.0,0.0,0.0,0.0,13.7,11.25,36.0,1.480540614282465,2.08401622851039,645.4516739496439,1801.2917826349176,0.6176894755733131,25.56388888888889
138.0,58959.4,52.303108,-2.1105288,92.25,35.726,57.5,-0.01,0.1,11.70001,92.45999,92.36,92.56999,91.75999,-0.1999817,92.36,0.04997993,-0.02958012,0.0,5.0,3.0,2674.0,87.0,0.0,0.0,0.0,13.7,11.25,36.0,1.4962685116339127,2.0802852667585845,646.9479424612779,1803.3720679016762,0.6235363285674942,25.625
138.0,58959.5,52.3031268,-2.1105068,92.725,35.642,57.51,0.01,0.1,12.5,92.56,92.40999,92.64,92.01999,-0.5,92.43999,0.05915999,-0.03978014,0.0,5.0,3.0,2775.0,87.0,0.0,0.0,0.0,13.7,11.25,36.0,1.500905698672161,2.093199454145593,648.44884815995,1805.4652673558219,0.622070251995819,25.756944444444443
138.0,58959.6,52.3031457,-2.1104849,92.801,35.412,57.52,0.01,0.1,12.5,92.7,92.69,92.92999,92.3,-1.0,92.6,0.04997993,-0.03978014,0.0,5.0,3.0,2812.0,87.0,0.0,0.0,0.0,13.7,11.25,36.0,1.4937142744169305,2.1009281636115476,649.9425624343669,1807.5661955194334,0.618055994716232,25.778055555555554
138.0,58959.7,52.30316460000001,-2.1104628,92.963,35.569,57.51,0.01,0.1,12.39996,92.98,92.83,93.03,92.06999,-1.100006,92.93,0.0397799,-0.04997993,0.0,5.0,3.0,2861.0,87.0,0.0,0.0,0.0,13.7,11.25,36.0,1.5020831265934227,2.10048762506624,651.4446455609603,1809.6666831444998,0.6207961616418631,25.823055555555552
138.0,58959.8,52.3031834,-2.1104407,93.031,35.595,57.51,-0.01,0.1,12.39996,93.2,93.25999,93.14999,92.55,-0.8999939,93.18,0.04997993,-0.06936002,0.0,5.0,3.0,2864.0,87.0,0.0,0.0,0.0,13.7,11.25,36.0,1.504135574531329,2.101341738063288,652.9487811354917,1811.768024882563,0.6212499472473816,25.841944444444444
138.0,58959.9,52.3032022,-2.1104184,93.272,35.847,57.51,-0.01,0.1,12.39996,93.5,93.34999,93.53,92.62,-0.7999878,93.34,0.05915999,-0.05915999,0.0,5.0,3.0,2882.0,87.0,0.0,0.0,0.0,13.8,11.25,36.0,1.5172835993964764,2.10013230858686,654.4660647348882,1813.8681571911497,0.6256481769624074,25.90888888888889
138.0,58960.0,52.3032211,-2.1103959,93.683,36.047,57.52,-0.0,0.1,12.29999,93.72,93.62999,93.62999,92.97,-0.8999939,93.6,0.06936002,-0.06936002,0.0,5.0,3.0,2901.0,87.0,0.0,-0.4700011999999999,0.0,13.8,11.25,36.0,1.5313233080012483,2.104053975269509,655.9973880428894,1815.9722111664194,0.6291388354663959,26.02305555555556
138.0,58960.1,52.30324,-2.1103735,93.668,35.923,57.51,-0.01,0.1,12.0,93.95,93.92,94.00999,93.31,-0.8999939,93.85,0.06936002,-0.06936002,0.0,5.0,3.0,2898.0,87.0,0.0,0.0,0.0,13.7,11.25,36.0,1.5265216570504723,2.1070257285280922,657.5239096999398,1818.0792368949474,0.626974627193923,26.01888888888889
138.0,58960.2,52.303259,-2.1103508,94.082,36.224,57.52,-0.0,0.1,12.0,94.20999,94.09,94.28,93.44,-0.8999939,94.1,0.07956004,-0.04997993,0.0,5.0,3.0,2903.0,87.0,0.0,0.0,0.0,13.7,11.25,36.0,1.5443655284701894,2.108254396186782,659.06827522841,1820.1874912911342,0.6322280682424258,26.133888888888887
138.0,58960.3,52.3032779,-2.1103281000000003,94.288,36.195,57.53,0.0,0.1,11.70001,94.5,94.47,94.47,93.87,-0.7999878,94.37,0.06936002,-0.03978014,0.0,5.0,3.0,2894.0,87.0,0.0,0.0,0.0,13.7,11.25,36.0,1.546677421156451,2.1136537008768745,660.6149526495665,1822.3011449920111,0.6317219227593476,26.19111111111111
138.0,58960.4,52.303297,-2.1103052000000004,94.648,36.264,57.52,-0.01,0.1,11.39996,94.70999,94.65999,94.7,93.75999,-0.6000061,94.62,0.06936002,-0.03978014,0.0,5.0,3.0,2924.0,87.0,0.0,0.0,0.0,13.7,11.25,36.0,1.5551367907305007,2.1198525412594953,662.170089440297,1824.4209975332706,0.6329261999432237,26.29111111111111
138.0,58960.5,52.303316,-2.1102822,94.849,36.417,57.52,-0.02,0.1,11.09998,95.00999,95.00999,94.90999,94.3,-0.6000061,94.93,0.06936002,-0.03978014,0.0,5.0,3.0,2942.0,87.0,0.0,0.0,0.0,13.8,11.25,36.0,1.5641065842227835,2.120185229827186,663.7341960245199,1826.5411827630978,0.635596553698775,26.346944444444446
138.0,58960.6,52.303335,-2.1102592,94.968,36.464,57.53,-0.01,0.1,10.5,95.26999,95.19,95.25,94.5,-0.3999939,95.14,0.06936002,-0.02958012,0.0,5.0,3.0,2975.0,87.0,0.0,0.0,0.0,13.8,11.25,36.0,1.5678098056111769,2.121559900976035,665.3020058301311,1828.662742664074,0.6364168584472123,26.38
138.0,58960.7,52.3033541,-2.110236,95.267,36.548,57.52,-0.02,0.1,9.599976,95.37999,95.31999,95.33,94.72,-0.3999939,95.37,0.06936002,-0.01938009,0.0,5.0,3.0,2962.0,87.0,0.0,0.0,0.0,13.8,11.25,35.0,1.57586441409329,2.125931429223108,666.8778702442244,1830.788674093297,0.6378829350188876,26.463055555555552
138.0,58960.8,52.3033733,-2.1102128,95.609,36.55,57.53,-0.01,0.1,8.899963,95.67999,95.70999,95.76999,95.17999,0.0,95.56,0.06936002,-0.01938009,0.0,5.0,3.0,2976.0,87.0,0.0,-0.7099915,0.0,13.8,11.25,30.0,1.58159610068679,2.133508125883774,668.4594663449111,1832.9221822191807,0.6379178416039274,26.558055555555555
138.0,58960.9,52.3033925,-2.1101896,95.724,36.552,57.53,-0.01,0.1,8.799988,95.92,95.84999,95.8,95.08,0.0,95.89,0.05915999,-0.02958012,0.0,5.0,3.0,2973.0,87.0,0.0,0.2399902,0.0,13.8,11.25,24.5,1.58357303130014,2.136019066988609,670.0430393762113,1835.0582012861694,0.6379527481889673,26.59
138.0,58961.0,52.3034117,-2.1101662,95.98,36.624,57.52,-0.02,0.1,8.399963,95.95,96.03999,96.01999,95.65999,0.2000122,95.98,0.05915999,-0.01938009,0.0,6.0,3.0,2967.0,87.0,0.0,0.0,0.0,13.7,11.25,21.0,1.59049819328788,2.1397345522139224,671.6335375694991,1837.1979358383833,0.6392093852504033,26.66111111111111
138.0,58961.1,52.303431,-2.1101428,96.25,36.64,57.53,-0.0,0.1,7.899963,96.14,96.08,96.25,95.48999,0.1000061,96.14,0.04997993,0.0,0.0,6.0,3.0,2970.0,87.0,0.0,0.0,0.0,13.8,11.25,18.5,1.5955715468884772,2.1453083256764525,673.2291091163876,1839.3432441640598,0.6394886379307223,26.73611111111111
138.0,58961.2,52.3034503,-2.1101194,96.458,36.595,57.54,-0.0,0.1,7.5,96.05,96.23,96.19,95.83,0.3999939,96.14,0.02957988,0.0,0.0,6.0,3.0,2975.0,87.0,0.0,0.0,0.0,13.7,11.25,15.5,1.597330583762892,2.1511996244135347,674.8264397001504,1841.4944437884733,0.6387032397673249,26.793888888888887
138.0,58961.3,52.3034696,-2.1100959,96.509,36.579,57.54,-0.0,0.1,7.299988000000001,96.28,96.28999,96.39999,95.7,0.5,96.25,0.01937985,0.009180069,0.0,6.0,3.0,3015.0,87.0,0.0,0.0,0.0,13.8,11.25,15.0,1.5975740282262987,2.1527832336383357,676.4240137283767,1843.6472270221116,0.6384239870870058,26.808055555555555
138.0,58961.4,52.303489,-2.1100725,96.559,36.508,57.54,-0.01,0.1,7.299988000000001,96.25999,96.37999,96.31,95.84999,0.6000061,96.32,0.009180069,0.009180069,0.0,6.0,3.0,3027.0,87.0,0.0,0.0,0.0,13.9,11.25,15.0,1.595731406909225,2.155877620555524,678.0197451352859,1845.803104642667,0.6371848033180899,26.821944444444444
138.0,58961.5,52.303508400000005,-2.1100491,96.613,36.431,57.55,-0.01,0.1,7.200011999999999,96.36,96.34,96.5,95.95999,0.8999939,96.32,0.009180069,0.02957988,0.0,6.0,3.0,3062.0,87.0,0.0,0.0,0.0,13.8,11.25,15.0,1.5937234566770342,2.1592270410448693,679.6134685919629,1847.962331683712,0.6358408997940541,26.836944444444445
138.0,58961.6,52.3035278,-2.1100258,96.71,36.314,57.55,-0.01,0.1,6.8999630000000005,96.34,96.42,96.40999,95.95999,0.7000122,96.32999,0.0,0.009180069,0.0,6.0,3.0,3075.0,87.0,0.0,0.0,0.0,13.8,11.25,15.0,1.5909065964039732,2.164648115482977,681.204375188367,1850.126979799195,0.6337988645692209,26.863888888888887
138.0,58961.7,52.3035472,-2.1100025,96.66,36.296,57.55,-0.02,0.1,6.599976,96.36,96.42999,96.56999,96.06999,0.8000183000000001,96.38,0.0,0.01937985,0.0,6.0,3.0,3083.0,87.0,0.0,0.0,0.0,13.8,11.25,15.0,1.5894043112662504,2.164028404464289,682.7937794996332,1852.2910082036592,0.6334847053038618,26.849999999999998
138.0,58961.8,52.303566700000005,-2.1099792,96.523,36.217,57.54,-0.03,0.1,6.700011999999999,96.34999,96.39999,96.48,95.98999,1.0,96.4,0.0,0.02957988,0.0,6.0,3.0,3093.0,87.0,0.0,0.0,0.0,13.8,11.25,15.0,1.5841705234049157,2.1631475681734584,684.3779500230381,1854.4541557718326,0.6321058951947863,26.811944444444443
138.0,58961.9,52.3035862,-2.109956,96.854,36.109,57.55,-0.01,0.1,6.399963,96.42,96.42999,96.59999,96.20999,0.7000122,96.43999,0.0,0.01937985,0.0,6.0,3.0,3086.0,87.0,0.0,0.0,0.0,13.8,11.25,15.0,1.5855087744456307,2.173557981654205,685.9634587974838,1856.627713753487,0.6302209396026325,26.903888888888886
138.0,58962.0,52.303605700000006,-2.1099328,96.692,36.021,57.54,-0.02,0.1,6.200012,96.42999,96.37999,96.51999,95.95,0.7000122,96.41,0.0,0.01937985,0.0,6.0,3.0,3095.0,87.0,0.0,0.0,0.0,13.8,11.25,14.0,1.5795221924790268,2.172350976919484,687.5429809899628,1858.8000647304063,0.6286850498608775,26.858888888888885
138.0,58962.1,52.3036253,-2.1099097,96.66,35.83,57.53,-0.03,0.1,6.099976,96.34999,96.5,96.53999,96.23,1.100006,96.39,0.0,0.0397799,0.0,6.0,3.0,3095.0,87.0,0.0,0.0,0.0,13.8,11.25,13.5,1.5717513863731265,2.176883685325,689.1147323763358,1860.9769484157314,0.6253514709895682,26.849999999999998
138.0,58962.2,52.3036449,-2.1098866,96.952,35.86,57.54,-0.02,0.1,5.899963,96.42999,96.53,96.53,95.90999,0.8999939,96.42,0.0,0.02957988,0.0,6.0,3.0,3065.0,87.0,0.0,0.0,0.0,13.8,11.25,13.5,1.5776425277192554,2.182634076413571,690.6923749040551,1863.1595824921449,0.6258750697651666,26.93111111111111
138.0,58962.3,52.3036645,-2.1098636,96.656,35.698,57.52,-0.04,0.1,4.899963,96.36,96.51999,96.50999,96.14999,1.100006,96.46,0.0,0.0397799,0.0,6.0,3.0,3018.0,87.0,0.0,0.0,0.0,13.8,11.25,13.5,1.566667204910652,2.180408726531899,692.2590421089658,1865.3399912186767,0.6230476363769357,26.84888888888889
138.0,58962.4,52.303684100000005,-2.1098407,96.718,35.556999999999995,57.52,-0.04,0.1,4.099976,96.5,96.53,96.55,96.08,1.399994,96.54,0.0,0.04997993,0.0,6.0,3.0,2941.0,87.0,0.0,0.0,0.0,13.8,11.25,13.5,1.5622981613770088,2.1856586461073233,693.8213402703428,1867.525649864784,0.6205867221316237,26.86611111111111
138.0,58962.5,52.3037038,-2.1098178,96.826,35.54,57.53,-0.03,0.1,4.0,96.23,96.58,96.37,96.17999,1.700012,96.4,0.0,0.04997993,0.0,6.0,3.0,2837.0,87.0,0.0,0.0,0.0,13.8,11.25,13.5,1.563393408165627,2.188563222828303,695.3847336785085,1869.7142130876125,0.6202900161587847,26.896111111111107
138.0,58962.6,52.3037234,-2.109795,96.707,35.4,57.53,-0.02,0.1,4.200012,96.42999,96.56999,96.8,96.28,1.700012,96.43,0.0,0.06936002,0.0,6.0,3.0,2768.0,87.0,0.0,0.0,0.0,13.8,11.25,13.5,1.5561262314928734,2.189682326153369,696.9408599100013,1871.903895413766,0.6178465552059926,26.863055555555555
138.0,58962.7,52.3037432,-2.1097722,96.858,35.213,57.53,-0.02,0.1,4.700012,96.44,96.59999,96.44,96.03999,1.399994,96.48,0.0,0.06936002,0.0,6.0,3.0,2671.0,87.0,0.0,0.0,0.0,13.8,11.25,13.5,1.551389936989388,2.198176406344146,698.4922498469907,1874.10207182011,0.6145827895047633,26.905
138.0,58962.8,52.303763,-2.1097497,96.739,34.908,57.52,-0.04,0.1,4.899963,96.59999,96.59,96.56999,96.26999,1.200012,96.59,0.0,0.04997993,0.0,6.0,3.0,2632.0,87.0,0.0,0.0,0.0,13.8,11.25,13.5,1.5377749210940221,2.2036928720462297,700.0300247680848,1876.3057646921563,0.6092595352861806,26.871944444444445
138.0,58962.9,52.3037828,-2.1097271,96.854,34.835,57.52,-0.04,0.1,5.299988,96.48999,96.64999,96.50999,96.17,1.399994,96.57999,0.0,0.04997993,0.0,6.0,3.0,2586.0,87.0,0.0,0.0,0.0,13.8,11.25,10.5,1.536790684698156,2.2082723484393316,701.566815452783,1878.5140370405957,0.6079854449322247,26.903888888888886
138.0,58963.0,52.3038027,-2.1097046,96.908,34.738,57.52,-0.04,0.1,6.700011999999999,96.58,96.59,96.78999,96.42,1.200012,96.54,0.0,0.02957988,0.0,6.0,3.0,2566.0,87.0,0.0,0.0,0.0,13.8,11.25,4.0,1.5339046836926735,2.2121035715963067,703.1007201364756,1880.726140612192,0.6062924755577902,26.918888888888887
138.0,58963.1,52.3038226,-2.1096822,96.908,34.593,57.52,-0.03,0.1,7.299988000000001,96.47,96.47,96.59999,96.06999,0.7000122,96.49,0.0,0.01937985,0.0,6.0,3.0,2539.0,87.0,0.0,0.0,0.0,13.8,11.25,0.5,1.5283015465081005,2.2159783782935256,704.6290216829838,1882.9421189904856,0.6037617481423985,26.918888888888887
138.0,58963.2,52.3038426,-2.1096599,96.919,34.378,57.51,-0.04,0.1,7.399963,96.51999,96.53,96.69,96.31,0.3999939,96.55,0.0,0.01937985,0.0,6.0,3.0,2517.0,87.0,0.0,-0.230011,0.0,13.8,11.25,0.0,1.5201479725078944,2.2219498348022326,706.1491696554916,1885.1640688252878,0.6000092902506106,26.921944444444442
138.0,58963.3,52.3038626,-2.1096377,96.901,34.342,57.51,-0.04,0.1,7.299988000000001,96.48,96.42,96.62999,95.98999,0.7000122,96.42,-0.009180069,0.009180069,0.0,6.0,3.0,2484.0,87.0,0.0,0.0,0.0,13.8,11.25,0.0,1.5184695145494709,2.222491690791437,707.6676391700411,1887.3865605160793,0.5993809717198927,26.916944444444443
138.0,58963.4,52.3038825,-2.1096154,96.829,34.318000000000005,57.5,-0.05,0.1,7.299988000000001,96.34999,96.47,96.53,96.14,0.6000061,96.4,-0.009180069,0.0,0.0,6.0,3.0,2469.0,87.0,0.0,0.0,0.0,13.8,11.25,0.0,1.5164108551240685,2.221475708383326,709.1840500251651,1889.6080362244627,0.5989620926994141,26.896944444444443
138.0,58963.5,52.30390250000001,-2.1095932,96.703,34.267,57.5,-0.05,0.1,7.299988000000001,96.31999,96.34,96.47,95.87,0.6000061,96.34,-0.01938009,0.0,0.0,6.0,3.0,2447.0,87.0,0.0,0.0,0.0,13.8,11.25,0.0,1.5124622037683486,2.2199321330924486,710.6965122289334,1891.8279683575552,0.5980719747808969,26.861944444444443
138.0,58963.6,52.303922400000005,-2.1095710000000003,96.728,34.251999999999995,57.49,-0.05,0.1,7.299988000000001,96.11,96.31999,96.44,95.89999,0.7000122,96.18999,-0.01938009,0.009180069,0.0,6.0,3.0,2405.0,87.0,0.0,-0.230011,0.0,13.8,11.25,0.0,1.5122718318625328,2.220902025707056,712.208784060796,1894.0488703832623,0.5978101753930977,26.868888888888886
138.0,58963.7,52.3039424,-2.109549,96.606,34.095,57.5,-0.04,0.1,7.299988000000001,96.11,96.12999,96.34999,95.8,0.3999939,96.16,-0.01938009,0.009180069,0.0,6.0,3.0,2355.0,87.0,0.0,0.0,0.0,13.8,11.25,0.0,1.5042808213835792,2.222231189686965,713.7130648821795,1896.2711015729492,0.5950700084674666,26.834999999999997
138.0,58963.8,52.3039623,-2.1095269,96.433,34.104,57.49,-0.06,0.1,7.299988000000001,95.95,96.03999,96.17999,95.7,0.3000183,96.03,-0.02958012,0.009180069,0.0,6.0,3.0,2335.0,87.0,0.0,0.0,0.0,13.8,11.25,0.0,1.501935410447564,2.21801576855108,715.2150002926271,1898.4891173415003,0.5952270881001461,26.786944444444444
138.0,58963.9,52.3039823,-2.109505,96.419,34.024,57.49,-0.05,0.1,7.299988000000001,95.84999,95.73,96.23,95.75,0.3999939,95.86,-0.02958012,0.0,0.0,6.0,3.0,2309.0,87.0,0.0,0.0,0.0,13.8,11.25,0.0,1.4986194142261924,2.219788390866142,716.7136197068533,1900.7089057323665,0.5938308246985508,26.783055555555553
138.0,58964.0,52.3040022,-2.109483,96.228,34.045,57.48,-0.05,0.1,7.399963,95.67,95.69,95.95999,95.39999,0.6000061,95.71,-0.03978014,0.0,0.0,6.0,3.0,2324.0,87.0,0.0,0.0,0.0,13.8,11.25,0.0,1.496462625809073,2.214842795675714,718.2100823326623,1902.923748528042,0.5941973438414695,26.729999999999997
138.0,58964.1,52.304022100000005,-2.1094612,96.134,33.919000000000004,57.48,-0.05,0.1,7.399963,95.44,95.37999,95.83,95.44,0.7000122,95.47,-0.03978014,0.02957988,0.0,6.0,3.0,2342.0,87.0,0.0,0.0,0.0,13.8,11.25,0.0,1.490131264451432,2.21596155937002,719.7002135971137,1905.1397100874121,0.5919982289839567,26.703888888888887
138.0,58964.2,52.3040419,-2.1094394,95.879,33.929,57.48,-0.06,0.1,7.799988000000001,95.31,95.55,95.58,95.37,0.3000183,95.43,-0.04997993,0.02957988,0.0,6.0,3.0,2353.0,87.0,0.0,1.6699830000000002,1.0,13.7,11.25,0.0,1.486564330233099,2.2098241953448934,721.1867779273468,1907.349534282757,0.5921727619091561,26.633055555555558
138.0,58964.3,52.3040618,-2.1094176,95.85,33.832,57.48,-0.06,0.1,8.099976,95.17,95.23,95.47,94.86,0.3999939,95.3,-0.03978014,0.009180069,0.0,6.0,3.0,2363.0,87.0,0.0,1.429993,1.0,13.8,11.25,0.0,1.4823725361609423,2.2116685814189645,722.6691504635078,1909.561202864176,0.5904797925347216,26.624999999999996
138.0,58964.4,52.3040817,-2.1093959,95.731,33.767,57.47,-0.05,0.1,8.200012,95.03,95.00999,95.26999,94.64,0.1000061,95.06,-0.03978014,0.0,0.0,6.0,3.0,2360.0,87.0,0.0,0.9499817,1.0,13.8,11.25,0.0,1.4780252406934993,2.210600932153319,724.1471757042012,1911.7718037963293,0.5893453285209254,26.591944444444444
138.0,58964.5,52.3041015,-2.1093744,95.54,33.669000000000004,57.46,-0.07,0.1,8.200012,94.97,95.06,95.14,94.59999,0.1000061,94.81,-0.04997993,0.0,0.0,6.0,3.0,2349.0,87.0,0.0,0.7200012,1.0,13.8,11.25,0.0,1.4713006492691065,2.2087101742936324,725.6184763534703,1913.980513970623,0.5876349058539709,26.53888888888889
138.0,58964.6,52.304121300000006,-2.1093529,95.281,33.639,57.45,-0.07,0.1,8.299988,94.87,94.98999,94.98999,94.45999,0.3999939,95.0,-0.04997993,0.0,0.0,6.0,3.0,2322.0,87.0,0.0,0.7200012,1.0,13.8,11.25,0.0,1.466158546960811,2.203490548522242,727.0846349004312,1916.1840045191452,0.5871113070783726,26.466944444444444
138.0,58964.7,52.304141,-2.1093313,95.105,33.736,57.45,-0.07,0.1,8.299988,94.51999,94.67999,94.81,94.28999,0.6000061,94.67,-0.03978014,0.0,0.0,6.0,3.0,2306.0,87.0,0.0,0.7200012,1.0,13.8,11.25,0.0,1.4671717582826949,2.1969396043273157,728.5518066587139,1918.3809441234725,0.588804276452807,26.418055555555554
138.0,58964.8,52.3041607,-2.1093099,95.015,33.677,57.45,-0.06,0.1,8.399963,94.48,94.45999,94.92,94.45,0.6000061,94.45,-0.03978014,0.0,0.0,6.0,3.0,2280.0,87.0,0.0,0.7200012,1.0,13.8,11.25,0.0,1.463522418826117,2.196368809007215,730.01532907754,1920.5773129324798,0.5877745321941303,26.393055555555556
138.0,58964.9,52.30418039999999,-2.1092884,94.925,33.749,57.46,-0.05,0.1,8.5,94.19,94.31999,94.51999,93.90999,0.3999939,94.28,-0.03978014,0.0,0.0,6.0,3.0,2263.0,87.0,0.0,-0.230011,1.0,13.8,11.25,0.0,1.4648924116922206,2.1924492605246746,731.4802214892321,1922.7697621930045,0.5890311692555663,26.368055555555554
138.0,58965.0,52.3042001,-2.1092671,94.727,33.53,57.46,-0.05,0.1,8.5,94.12999,94.09,94.50999,93.98,0.1000061,94.14,-0.03978014,0.0,0.0,6.0,3.0,2261.0,87.0,0.0,-1.179993,1.0,13.8,11.25,0.0,1.4534635414652435,2.1934476652814956,732.9336850306973,1924.9632098582858,0.5852088981936987,26.313055555555557
138.0,58965.1,52.30421979999999,-2.1092458,94.583,33.588,57.46,-0.05,0.1,8.700012,94.03999,94.00999,94.19,93.58,0.1000061,94.07999,-0.03978014,0.0,0.0,6.0,3.0,2246.0,87.0,0.0,0.0,1.0,13.8,11.25,0.0,1.4534703352743978,2.188643065173126,734.3871553659717,1927.151852923459,0.5862211891598554,26.273055555555555
138.0,58965.2,52.3042394,-2.1092245,94.432,33.479,57.45,-0.06,0.1,9.099976,93.86,93.95,94.17,93.56999,0.0,93.9,-0.03978014,0.0,0.0,6.0,3.0,2242.0,87.0,0.0,0.0,1.0,13.7,11.25,0.0,1.4469902267068673,2.187905661825797,735.8341455926785,1929.339758585285,0.5843187802751816,26.23111111111111
138.0,58965.3,52.304259,-2.1092034,94.198,33.44,57.45,-0.06,0.1,9.399963,93.76999,93.7,94.05,93.53,-0.1999817,93.78,-0.03978014,-0.009180069,0.0,6.0,3.0,2253.0,87.0,0.0,0.2399902,1.0,13.7,11.25,0.0,1.4419187191088234,2.1834660781138076,737.2760643117873,1931.5232246633987,0.5836381018669038,26.166111111111107
138.0,58965.4,52.3042786,-2.1091822,94.194,33.46,57.45,-0.05,0.1,9.399963,93.62,93.59999,93.84999,93.17999,0.0,93.6,-0.03978014,-0.01938009,0.0,6.0,3.0,2256.0,87.0,0.0,0.2399902,1.0,13.7,11.25,0.0,1.4426195430579272,2.1828699237442755,738.7186838548453,1933.7060945871428,0.5839871677173026,26.165
138.0,58965.5,52.3042982,-2.1091611,93.971,33.466,57.45,-0.05,0.1,9.399963,93.50999,93.37999,93.84,93.34999,0.0,93.47,-0.03978014,-0.01938009,0.0,6.0,3.0,2249.0,87.0,0.0,0.0,1.0,13.8,11.25,0.0,1.4394322476060868,2.177551353680525,740.1581161024513,1935.8836459408233,0.5840918874724224,26.103055555555557
138.0,58965.6,52.3043177,-2.1091399,93.942,33.549,57.45,-0.05,0.1,9.5,93.36,93.26999,93.53999,92.84,-0.1000061,93.34,-0.03978014,-0.01938009,0.0,6.0,3.0,2251.0,87.0,0.0,0.0,1.0,13.8,11.25,0.0,1.4421399975315268,2.1747925136710786,741.6002560999829,1938.0584384544943,0.5855405107515776,26.095
138.0,58965.7,52.3043372,-2.1091189000000004,93.69,33.489000000000004,57.44,-0.05,0.1,9.5,93.23,93.19,93.48999,92.89,0.0,93.23,-0.03978014,-0.01938009,0.0,6.0,3.0,2262.0,87.0,0.0,-0.4700011999999999,1.0,13.8,11.25,0.0,1.4359993316475397,2.1704635840086834,743.0362554316304,1940.228902038503,0.5844933132003811,26.025
138.0,58965.8,52.3043566,-2.1090978,93.582,33.548,57.44,-0.06,0.1,9.5,93.00999,92.98,93.25,92.8,0.0,93.0,-0.03978014,-0.009180069,0.0,6.0,3.0,2260.0,87.0,0.0,0.0,0.0,13.8,11.25,0.0,1.4365756861609897,2.1664834520325975,744.4728311177913,1942.3953854905358,0.5855230574590577,25.994999999999997
138.0,58965.9,52.304376000000005,-2.1090767,93.362,33.618,57.44,-0.05,0.1,9.5,92.84,92.87,93.22,92.56,0.0,92.89,-0.03978014,-0.009180069,0.0,6.0,3.0,2256.0,87.0,0.0,0.0,0.0,13.7,11.25,0.0,1.4358380360555199,2.159637715735806,745.9086691538469,1944.5550232062715,0.5867447879354537,25.933888888888887
138.0,58966.0,52.3043954,-2.1090557,93.452,33.52,57.44,-0.05,0.1,9.599976,92.84,92.72,93.12999,92.62,-0.1000061,92.75,-0.03978014,-0.01938009,0.0,6.0,3.0,2242.0,87.0,0.0,0.0,0.0,13.8,11.25,0.0,1.4335226143327002,2.1641746781749225,747.3421917681795,1946.7191978844464,0.5850343652684993,25.958888888888886
138.0,58966.1,52.3044148,-2.1090347,93.118,33.53,57.44,-0.05,0.1,9.599976,92.61,92.53,92.8,92.11,0.1000061,92.61,-0.03978014,-0.009180069,0.0,6.0,3.0,2239.0,87.0,0.0,0.0,0.0,13.8,11.25,0.0,1.4287755133611382,2.156190523247673,748.7709672815407,1948.8753884076941,0.5852088981936987,25.86611111111111
138.0,58966.2,52.3044341,-2.1090137,93.071,33.581,57.45,-0.05,0.1,9.599976,92.42,92.47,92.78999,92.23999,0.0,92.46,-0.03978014,0.0,0.0,6.0,3.0,2245.0,87.0,0.0,0.0,0.0,13.8,11.25,0.0,1.4299720881436908,2.1538302260662032,750.2009393696844,1951.0292186337604,0.5860990161122158,25.853055555555553
138.0,58966.3,52.30445339999999,-2.1089927000000004,92.97,33.561,57.44,-0.06,0.1,9.599976,92.37999,92.17999,92.56999,92.01999,-0.1000061,92.39,-0.03978014,-0.009180069,0.0,6.0,3.0,2233.0,87.0,0.0,0.0,0.0,13.8,11.25,0.0,1.4276691926987153,2.15199138618606,751.6286085623831,1953.1812100199463,0.585749950261817,25.825
138.0,58966.4,52.304472700000005,-2.1089718,92.693,33.521,57.44,-0.07,0.1,9.599976,92.2,92.23999,92.48999,91.87,-0.1999817,92.24,-0.03978014,-0.02958012,0.0,6.0,3.0,2231.0,87.0,0.0,0.0,0.0,13.7,11.25,0.0,1.4219172716224655,2.146572831650833,753.0505258340055,1955.3277828515972,0.5850518185610192,25.748055555555553
138.0,58966.5,52.3044919,-2.1089509,92.581,33.547,57.43,-0.07,0.1,9.599976,92.12,91.95999,92.40999,91.95999,-0.1000061,92.1,-0.03978014,-0.01938009,0.0,6.0,3.0,2241.0,87.0,0.0,0.0,0.0,13.7,11.25,0.0,1.4211719442039903,2.1433344630724043,754.4716977782094,1957.4711173146698,0.5855056041665376,25.716944444444444
138.0,58966.6,52.3045111,-2.1089301000000003,92.401,33.572,57.43,-0.07,0.1,9.599976,91.87999,91.81,92.19,91.62,0.0,91.93,-0.03978014,-0.009180069,0.0,6.0,3.0,2242.0,87.0,0.0,0.0,0.0,13.7,11.25,0.0,1.4193420927672125,2.13854819792334,755.8910398709767,1959.609665512593,0.5859419364795364,25.666944444444443
138.0,58966.7,52.3045303,-2.1089092000000003,92.444,33.688,57.43,-0.07,0.1,9.799988,91.78999,91.86,92.17,91.56,0.0,91.81,-0.03978014,-0.01938009,0.0,6.0,3.0,2233.0,87.0,0.0,0.0,0.0,13.8,11.25,0.0,1.4243313696644153,2.1366641044087635,757.3153712406411,1961.7463296170017,0.5879665184118498,25.67888888888889
138.0,58966.8,52.3045495,-2.1088884,92.178,33.528,57.43,-0.07,0.1,9.899963,91.67,91.59999,91.89999,91.48,0.0,91.71,-0.03978014,-0.009180069,0.0,6.0,3.0,2236.0,87.0,0.0,0.0,0.0,13.8,11.25,0.0,1.4142779203843483,2.1344737557330897,758.7296491610255,1963.8808033727348,0.5851739916086588,25.604999999999997
138.0,58966.9,52.3045686,-2.1088677,92.045,33.501999999999995,57.42,-0.08,0.1,9.899963,91.53999,91.53999,91.78,91.05,0.1000061,91.50999,-0.03978014,-0.01938009,0.0,6.0,3.0,2246.0,87.0,0.0,0.0,0.0,13.8,11.25,0.0,1.4112699732707477,2.132034641243931,760.1409191342962,1966.0128380139788,0.5847202060031402,25.568055555555556
138.0,58967.0,52.3045877,-2.1088469,91.948,33.678000000000004,57.42,-0.08,0.1,10.09998,91.42,91.26999,91.73,91.17999,0.1000061,91.4,-0.03978014,-0.02958012,0.0,6.0,3.0,2244.0,87.0,0.0,0.2399902,0.0,13.8,11.25,0.0,1.4163183083529836,2.1254472511274836,761.5572374426491,1968.1382852651063,0.5877919854866503,25.541111111111107
138.0,58967.1,52.3046068,-2.1088261,91.89,33.623000000000005,57.41,-0.08,0.1,11.09998,91.33,91.14999,91.53,90.98999,-0.1999817,91.31,-0.03978014,-0.02958012,0.0,6.0,3.0,2232.0,86.0,0.0,0.0,0.0,13.8,11.25,0.0,1.4133852593404403,2.125464268972583,762.9706227019896,1970.263749534079,0.5868320543980535,25.525
138.0,58967.2,52.3046258,-2.1088054,91.75,33.644,57.41,-0.09,0.1,11.20001,91.22,91.3,91.45999,90.72,-0.6000061,91.3,-0.03978014,-0.03978014,0.0,6.0,3.0,2227.0,86.0,0.0,0.0,0.0,13.7,11.25,3.5,1.412009622638942,2.1217086089409274,764.3826323246285,1972.3854581430198,0.5871985735409722,25.48611111111111
138.0,58967.3,52.3046447,-2.1087847,91.368,33.774,57.39,-0.1,0.1,11.70001,91.17,91.01999,91.37,90.89,-0.6999816999999999,91.12,-0.02958012,-0.03978014,0.0,6.0,3.0,2262.0,86.0,0.0,0.0,0.0,13.8,11.25,13.0,1.4109210754542072,2.1096790558848384,765.7935534000827,1974.4951371989046,0.5894675015685649,25.38
138.0,58967.4,52.3046637,-2.1087639,91.498,33.771,57.4,-0.08,0.1,13.09998,91.14999,91.01999,91.22,90.44,-0.6000061,91.05,-0.01938009,-0.04997993,0.0,6.0,3.0,2299.0,86.0,0.0,0.0,0.0,13.7,11.25,16.5,1.4128179371742344,2.112754722281363,767.206371337257,1976.607891921186,0.5894151416910051,25.41611111111111
138.0,58967.5,52.3046826,-2.1087433,91.267,33.785,57.39,-0.08,0.1,13.79999,91.20999,91.09999,91.36,90.62999,-1.100006,91.12,-0.009180069,-0.06936002,0.0,6.0,3.0,2311.0,87.0,0.0,-0.230011,0.0,13.8,11.25,19.0,1.409765970902825,2.1070763579961667,768.6161373081599,1978.7149682791821,0.5896594877862842,25.35194444444444
138.0,58967.6,52.30470149999999,-2.1087225,91.188,33.965,57.39,-0.08,0.1,14.0,91.09,90.86,91.14,90.59,-1.199982,91.05,0.0,-0.07956004,0.0,6.0,3.0,2348.0,86.0,0.0,0.0,0.0,13.8,11.25,21.5,1.4151525725119092,2.100817030708035,770.0312898806718,1980.81578530989,0.5928010804398741,25.33
138.0,58967.7,52.3047204,-2.1087016,91.49,34.143,57.4,-0.05,0.1,13.79999,90.94,90.89999,91.39,90.40999,-1.100006,90.89,0.0,-0.07956004,0.0,6.0,3.0,2382.0,86.0,0.0,0.9499817,0.0,13.7,11.25,23.5,1.4263806620509367,2.1033534395091644,771.4576705427228,1982.9191387493993,0.5959077665084239,25.413888888888888
138.0,58967.8,52.3047392,-2.1086805,91.379,34.303000000000004,57.4,-0.06,0.1,13.39996,91.19,90.97,91.31999,90.55,-1.299988,91.06,0.0,-0.06936002,0.0,6.0,3.0,2451.0,86.0,0.0,0.0,0.0,13.7,11.25,26.5,1.4305110916556116,2.096814991842263,772.8881816343784,1985.0159537412414,0.5987002933116149,25.383055555555558
138.0,58967.9,52.304758,-2.1086595,91.307,34.285,57.38,-0.08,0.1,13.09998,91.25999,90.98999,91.17999,90.47,-1.5,91.12,0.0,-0.05915999,0.0,6.0,3.0,2545.0,86.0,0.0,0.0,0.0,13.7,11.25,29.5,1.428725667700923,2.095611805080924,774.3169073020794,1987.1115655463225,0.5983861340462558,25.363055555555555
138.0,58968.0,52.3047768,-2.1086385,91.436,34.449,57.38,-0.07,0.1,12.70001,91.23999,91.17,91.48,90.59,-1.299988,91.17,0.009180069,-0.06936002,0.0,6.0,3.0,2588.0,86.0,0.0,0.0,0.0,13.7,11.25,29.5,1.4367451531059654,2.09446865169373,775.7536524551854,1989.2060341980161,0.6012484740195265,25.39888888888889
138.0,58968.1,52.3047956,-2.1086173,91.415,34.59,57.37,-0.09,0.1,11.89996,91.45,91.28999,91.42,90.84,-0.7999878,91.38,0.009180069,-0.05915999,0.0,6.0,3.0,2634.0,86.0,0.0,0.0,0.0,13.7,11.25,29.5,1.4415639467362515,2.090446385809861,777.1952164019216,1991.296480583826,0.6037093882648387,25.393055555555556
138.0,58968.2,52.304814400000005,-2.1085960000000004,91.537,34.738,57.35,-0.09,0.1,10.89996,91.45,91.39999,91.61,90.81999,-0.3999939,91.42,0.01937985,-0.03978014,0.0,6.0,3.0,2657.0,86.0,0.0,0.0,0.0,13.7,11.25,29.5,1.4488900094024877,2.0895006050399463,778.6441064113241,1993.385981188866,0.6062924755577902,25.426944444444445
138.0,58968.3,52.3048331,-2.1085746,91.692,34.945,57.36,-0.07,0.1,10.09998,91.62999,91.55,91.86,91.03999,-0.1999817,91.53,0.02957988,-0.02958012,0.0,6.0,3.0,2618.0,86.0,0.0,0.0,0.0,13.7,11.25,29.5,1.4588957293369067,2.087781657866199,780.1030021406609,1995.4737628467321,0.6099053071094185,25.47
138.0,58968.4,52.3048519,-2.1085532,91.786,34.928000000000004,57.35,-0.08,0.1,10.09998,91.76999,91.7,91.78,91.34,0.0,91.7,0.02957988,-0.009180069,0.0,6.0,3.0,2568.0,86.0,0.0,0.0,0.0,13.8,11.25,30.0,1.4597711906485682,2.0903552063832826,781.5627733313095,1997.5641180531154,0.6096086011365796,25.496111111111112
138.0,58968.5,52.3048708,-2.1085318,92.074,34.802,57.34,-0.09,0.1,9.799988,91.86,91.98999,92.08,91.17999,-0.1999817,91.9,0.0397799,-0.01938009,0.0,6.0,3.0,2547.0,86.0,0.0,0.0,0.0,13.7,11.25,30.5,1.4597366712059507,2.100129388017696,783.0225100025154,1999.664247441133,0.6074094862790665,25.57611111111111
138.0,58968.6,52.3048896,-2.1085102,92.099,34.977,57.33,-0.09,0.1,8.5,92.14999,92.08,92.31,91.64999,0.1000061,92.09,0.0397799,-0.009180069,0.0,6.0,3.0,2530.0,86.0,0.0,0.0,0.0,13.8,11.25,31.0,1.466542421141617,2.0962301024883945,784.4890524236571,2001.7604775436214,0.6104638124700565,25.583055555555557
138.0,58968.7,52.3049085,-2.1084887,92.293,34.912,57.32,-0.1,0.1,7.599976,92.31999,92.3,92.28,91.67999,0.2000122,92.37,0.04997993,0.0,0.0,6.0,3.0,2511.0,86.0,0.0,0.0,0.0,13.7,11.25,31.0,1.4672475364435043,2.1023115542839452,785.9562999601006,2003.8627890979053,0.6093293484562603,25.636944444444445
138.0,58968.8,52.3049274,-2.1084671,92.502,34.963,57.32,-0.09,0.1,7.099976,92.5,92.51999,92.62,92.03,0.8000183000000001,92.43,0.04997993,0.0,0.0,6.0,3.0,2492.0,86.0,0.0,0.0,0.0,13.7,11.25,31.0,1.4724451182427072,2.1057624803769346,787.4287450783434,2005.9685515782821,0.6102194663747774,25.694999999999997
138.0,58968.9,52.3049464,-2.1084455,92.642,34.832,57.3,-0.1,0.1,7.200011999999999,92.69,92.65999,92.75999,92.34,0.8999939,92.66,0.04997993,0.0,0.0,6.0,3.0,2476.0,86.0,0.0,0.0,0.0,13.7,11.25,31.5,1.469847922620289,2.112315662448587,788.8985930009636,2008.0808672407306,0.6079330850546649,25.733888888888888
138.0,58969.0,52.3049654,-2.1084238,92.948,35.032,57.31,-0.08,0.1,7.299988000000001,92.83,93.0,92.94,92.23,0.6000061,92.86,0.04997993,0.01937985,0.0,6.0,3.0,2462.0,86.0,0.0,0.0,0.0,13.7,11.25,31.5,1.4820916131655348,2.114132135121238,790.3806846141291,2010.194999375852,0.6114237435586535,25.818888888888885
138.0,58969.1,52.3049845,-2.1084022,93.017,34.78,57.3,-0.09,0.1,7.299988000000001,93.2,93.12,93.09999,92.72,0.5,93.16,0.05915999,0.02957988,0.0,6.0,3.0,2444.0,86.0,0.0,-0.9500122,0.0,13.7,11.25,31.5,1.4738721875052407,2.1222044962298683,791.8545568016343,2012.3172038720818,0.6070255138436278,25.838055555555552
138.0,58969.2,52.3050037,-2.1083806000000003,93.233,34.626999999999995,57.28,-0.1,0.1,7.200011999999999,93.31999,93.39999,93.34999,92.89999,0.3999939,93.3,0.05915999,0.02957988,0.0,6.0,3.0,2440.0,86.0,0.0,0.0,0.0,13.8,11.25,31.5,1.4716092920161437,2.1310698973140614,793.3261660936505,2014.4482737693959,0.6043551600880764,25.898055555555555
138.0,58969.3,52.305023,-2.108359,93.683,34.525,57.28,-0.09,0.1,6.8999630000000005,93.59,93.55,93.67,93.0,0.2000122,93.47,0.05915999,0.0,0.0,6.0,3.0,2433.0,86.0,0.0,0.0,0.0,13.8,11.25,31.5,1.474897727275522,2.143984817705762,794.8010638209261,2016.5922585871017,0.6025749242510422,26.02305555555556
138.0,58969.4,52.3050422,-2.1083373,93.74,34.548,57.27,-0.1,0.1,6.700011999999999,93.86,93.87,93.78,93.45,0.6000061,93.75999,0.04997993,0.009180069,0.0,6.0,3.0,2426.0,86.0,0.0,0.0,0.0,13.8,11.25,31.5,1.4766561618068197,2.144696697781988,796.2777199827328,2018.7369552848836,0.602976349979001,26.038888888888888
138.0,58969.5,52.3050615,-2.1083155,93.946,34.663000000000004,57.25,-0.11,0.1,6.700011999999999,94.06,94.20999,94.09,93.28,0.8999939,94.09,0.05915999,0.009180069,0.0,6.0,3.0,2404.0,86.0,0.0,0.0,0.0,13.7,11.25,31.5,1.484212371913326,2.1464351344249812,797.7619323546462,2020.8833904193086,0.6049834786187945,26.09611111111111
138.0,58969.6,52.3050809,-2.1082938,94.19,34.457,57.24,-0.11,0.1,6.5,94.34,94.31999,94.28,93.97,0.6000061,94.32,0.06936002,0.01937985,0.0,6.0,3.0,2378.0,86.0,0.0,0.0,0.0,13.7,11.25,31.5,1.4803203317870637,2.1573461783402017,799.2422526864333,2023.040736597649,0.6013881003596862,26.163888888888888
138.0,58969.7,52.3051004,-2.1082721,94.54,34.355,57.24,-0.1,0.1,6.399963,94.44,94.56999,94.56999,94.00999,0.6000061,94.46,0.05915999,0.01937985,0.0,6.0,3.0,2369.0,86.0,0.0,0.0,0.0,13.7,11.25,31.5,1.4819638357394505,2.1680043259785373,800.7242165221727,2025.2087409236274,0.5996078645226519,26.261111111111113
138.0,58969.8,52.30512,-2.1082503,94.763,34.394,57.23,-0.1,0.1,6.5,94.81999,94.75,94.78,94.23,0.8999939,94.73,0.05915999,0.01937985,0.0,6.0,3.0,2368.0,86.0,0.0,0.0,0.0,13.8,11.25,31.5,1.486938327506485,2.1721065692089927,802.2111548496791,2027.3808474928364,0.6002885429309297,26.323055555555555
138.0,58969.9,52.3051396,-2.1082286,94.95,34.147,57.22,-0.1,0.1,6.5,94.95999,95.05,94.94,94.59999,0.8999939,94.96,0.05915999,0.02957988,0.0,6.0,3.0,2361.0,86.0,0.0,0.0,0.0,13.8,11.25,31.5,1.4804764035181335,2.1827954252806223,803.6916312531972,2029.563642918117,0.5959775796785037,26.375
138.0,58970.0,52.305159200000006,-2.1082068,95.022,34.293,57.19,-0.13,0.1,6.599976,95.23999,95.23999,95.23,94.62999,0.8999939,95.18,0.05915999,0.02957988,0.0,6.0,3.0,2366.0,86.0,0.0,0.0,0.0,13.8,11.25,31.5,1.487160598395798,2.1806681555383554,805.178791851593,2031.7443110736554,0.5985257603864155,26.395
138.0,58970.1,52.305179,-2.1081851,95.551,34.005,57.2,-0.1,0.1,6.700011999999999,95.45,95.40999,95.34,95.12,1.0,95.42,0.05915999,0.0397799,0.0,6.0,3.0,2372.0,86.0,0.0,0.0,0.0,13.7,11.25,31.5,1.4843987155865883,2.2002973894645783,806.6631905671796,2033.94460846312,0.5934992121406718,26.541944444444443
138.0,58970.2,52.3051988,-2.1081633,95.429,33.955,57.18,-0.11,0.1,7.099976,95.62999,95.8,95.67,94.95999,0.7000122,95.62,0.05915999,0.02957988,0.0,6.0,3.0,2377.0,86.0,0.0,0.0,0.0,13.7,11.25,31.5,1.4805851934705527,2.198780930024627,808.1437757606502,2036.1433893931446,0.5926265475146746,26.508055555555554
138.0,58970.3,52.3052186,-2.1081415,95.933,33.961,57.17,-0.11,0.1,7.299988000000001,95.89999,95.89999,95.8,95.50999,0.5,95.9,0.05915999,0.009180069,0.0,6.0,3.0,2376.0,86.0,0.0,0.0,0.0,13.6,11.25,31.5,1.4886362396764068,2.210237723603921,809.6324120003267,2038.3536271167486,0.5927312672697942,26.64805555555556
138.0,58970.4,52.3052386,-2.1081198,96.091,33.743,57.17,-0.1,0.1,7.399963,96.09,96.22,96.22,95.45999,0.6000061,96.05,0.05915999,0.009180069,0.0,6.0,3.0,2382.0,86.0,0.0,0.0,0.0,13.7,11.25,31.5,1.4826538231575361,2.2195352267827215,811.1150658234842,2040.5731623435313,0.5889264495004467,26.69194444444444
138.0,58970.5,52.3052586,-2.108098,96.181,33.784,57.15,-0.11,0.1,7.599976,96.36,96.33,96.28,95.81,0.3999939,96.31,0.05915999,0.0,0.0,6.0,3.0,2389.0,86.0,0.0,0.0,0.0,13.7,11.25,31.5,1.4856318683651066,2.2205515432372454,812.6006976918493,2042.7937138867685,0.5896420344937643,26.716944444444444
138.0,58970.6,52.3052786,-2.1080761,96.61,33.751999999999995,57.15,-0.1,0.1,7.899963,96.50999,96.64999,96.48999,95.92999,0.6000061,96.53,0.05915999,0.0,0.0,6.0,3.0,2393.0,86.0,0.0,0.0,0.0,13.7,11.25,31.5,1.4910123379231637,2.2312890453367786,814.0917100297725,2045.0250029321053,0.589083529133126,26.83611111111111
138.0,58970.7,52.3052987,-2.1080543,96.602,33.747,57.15,-0.09,0.1,8.5,96.8,96.78,96.73,96.17999,0.6000061,96.74,0.05915999,0.009180069,0.0,6.0,3.0,2398.0,86.0,0.0,0.0,0.0,13.8,11.25,27.0,1.4906941651670085,2.231234374723862,815.5824041949395,2047.2562373068292,0.5889962626705264,26.83388888888889
138.0,58970.8,52.3053189,-2.1080324,97.135,33.518,57.12,-0.11,0.1,8.599976,96.98999,97.03999,96.98,96.48,0.1000061,96.96,0.04997993,0.01937985,0.0,6.0,3.0,2401.0,86.0,0.0,0.0,0.0,13.8,11.25,19.0,1.489940087927923,2.249518124936138,817.0723442828674,2049.5057554317655,0.5849994586834594,26.981944444444444
138.0,58970.9,52.3053392,-2.1080106,97.078,33.369,57.11,-0.12,0.1,8.5,97.09999,96.98,97.14999,96.45999,0.3000183,97.1,0.0397799,0.01937985,0.0,6.0,3.0,2399.0,86.0,0.0,0.0,0.0,13.8,11.25,15.5,1.4832142140589464,2.252062849873734,818.5555584969264,2051.757818281639,0.5823989180979878,26.96611111111111
138.0,58971.0,52.3053594,-2.1079888,97.294,33.439,57.1,-0.12,0.1,8.5,96.87,97.08,97.25999,96.87,0.6000061,97.06,0.02957988,0.0,0.0,6.0,3.0,2399.0,86.0,0.0,0.0,0.0,13.8,11.25,15.5,1.4892708135040733,2.255255919390558,820.0448293104305,2054.0130742010297,0.5836206485743839,27.02611111111111
138.0,58971.1,52.3053798,-2.1079669,97.592,33.397,57.1,-0.1,0.1,8.5,97.22,97.09999,97.53999,96.59999,0.7000122,97.07999,0.009180069,0.0,0.0,6.0,3.0,2402.0,86.0,0.0,0.0,0.0,13.8,11.25,15.5,1.492173619981162,2.2632579295638293,821.5370029304116,2056.2763321305933,0.5828876102885462,27.108888888888888
138.0,58971.2,52.3054001,-2.1079451,97.484,33.208,57.08,-0.12,0.1,8.5,97.09,97.19,97.06999,96.86,0.3999939,97.14,0.0,0.009180069,0.0,6.0,3.0,2411.0,86.0,0.0,0.0,0.0,13.8,11.25,15.5,1.4830567288127487,2.2656577353367235,823.0200596592243,2058.54198986593,0.579588938002277,27.078888888888887
138.0,58971.3,52.3054204,-2.1079232,97.477,33.408,57.06,-0.13,0.1,8.5,97.25,97.2,97.39999,96.51999,0.5,97.13,0.0,0.0,0.0,6.0,3.0,2408.0,86.0,0.0,0.0,0.0,13.8,11.25,15.5,1.4908492543175091,2.2603047815231103,824.5109089135418,2060.8022946474534,0.5830795965062656,27.076944444444443
138.0,58971.4,52.30544080000001,-2.1079015,97.603,33.228,57.06,-0.12,0.1,8.5,97.25999,97.23999,97.12999,96.92,0.3999939,97.29,0.0,0.0,0.0,6.0,3.0,2411.0,86.0,0.0,0.0,0.0,13.8,11.25,15.5,1.485658854335442,2.2679049989188527,825.9965677678773,2063.070199646372,0.5799380038526758,27.111944444444443
138.0,58971.5,52.3054612,-2.1078798,97.398,33.087,57.03,-0.14,0.1,8.5,97.34999,97.39,97.48999,96.59999,0.2000122,97.35,0.0,-0.009180069,0.0,6.0,3.0,2413.0,86.0,0.0,0.0,0.0,13.8,11.25,15.5,1.4769645767621267,2.266783158793508,827.4735323446395,2065.336982805166,0.5774770896073639,27.055
138.0,58971.6,52.3054815,-2.107858,97.376,33.352,57.02,-0.13,0.1,8.700012,97.31999,97.23999,97.36,96.95,0.2000122,97.32,0.009180069,0.0,0.0,6.0,3.0,2414.0,86.0,0.0,0.0,0.0,13.8,11.25,15.5,1.4870969144400132,2.2594173293788735,828.9606292590795,2067.5964001345446,0.5821022121251488,27.04888888888889
138.0,58971.7,52.3055019,-2.1078362,97.56,33.228,57.02,-0.12,0.1,8.700012,97.25,97.20999,97.64999,96.84999,0.1000061,97.22,0.009180069,0.0,0.0,6.0,3.0,2411.0,86.0,0.0,0.0,0.0,13.8,11.25,15.5,1.4850043321308335,2.2669058501739014,830.4456335912104,2069.8633059847184,0.5799380038526758,27.1
138.0,58971.8,52.3055224,-2.1078145,97.808,33.059,57.03,-0.09,0.1,8.700012,97.31,97.25999,97.48999,97.08,0.1000061,97.24,0.009180069,0.0,0.0,6.0,3.0,2411.0,86.0,0.0,0.0,0.0,13.8,11.25,15.5,1.4820693070073596,2.2770498026601502,831.9277028982177,2072.1403557873787,0.5769883974168054,27.16888888888889
138.0,58971.9,52.3055428,-2.1077928,97.661,33.039,57.01,-0.11,0.1,8.700012,97.3,97.42999,97.48,96.84,0.1000061,97.3,0.0,0.0,0.0,6.0,3.0,2424.0,86.0,0.0,0.0,0.0,13.8,11.25,15.5,1.4790481031621128,2.274143946804081,833.4067510013798,2074.4144997341828,0.5766393315664066,27.128055555555555
138.0,58972.0,52.30556320000001,-2.107771,97.794,33.087,56.99,-0.12,0.1,8.5,97.47,97.45,97.45999,96.90999,-0.1000061,97.45,0.0,0.0,0.0,6.0,3.0,2425.0,86.0,0.0,0.0,0.0,13.8,11.25,15.5,1.4829696073828562,2.275999427411777,834.8897206087627,2076.6904991615947,0.5774770896073639,27.165
138.0,58972.1,52.30558369999999,-2.1077493,97.7,33.073,56.99,-0.11,0.1,8.399963,97.42999,97.56,97.59999,97.0,0.0,97.47,0.0,0.0,0.0,6.0,3.0,2427.0,86.0,0.0,0.0,0.0,13.8,11.25,15.5,1.4809885295821286,2.2741736689357595,836.3707091383448,2078.9646728305306,0.5772327435120846,27.13888888888889
138.0,58972.2,52.3056041,-2.1077276,97.798,33.016,56.98,-0.12,0.1,8.399963,97.56999,97.50999,97.51999,97.03999,0.3000183,97.55,0.0,0.0,0.0,6.0,3.0,2428.0,86.0,0.0,0.0,0.0,13.8,11.25,10.5,1.4802086294180432,2.2779285200393593,837.8509177677628,2081.24260135057,0.5762379058384478,27.16611111111111
138.0,58972.3,52.3056246,-2.1077058,97.708,33.072,56.96,-0.12,0.1,8.299988,97.39999,97.53999,97.73,97.20999,0.3999939,97.48,0.0,0.0,0.0,6.0,3.0,2420.0,86.0,0.0,0.0,0.0,13.8,11.25,7.5,1.4810701025403281,2.274385735713705,839.3319878703031,2083.5169870862837,0.5772152902195647,27.14111111111111
138.0,58972.4,52.3056451,-2.1076842,97.862,32.954,56.95,-0.12,0.1,8.200012,97.5,97.48999,97.69,97.06999,0.1000061,97.49,0.0,0.0,0.0,6.0,3.0,2425.0,86.0,0.0,0.0,0.0,13.8,11.25,7.5,1.4787098572350066,2.2810206727144307,840.8106977275381,2085.798007758998,0.5751558017022114,27.183888888888887
138.0,58972.5,52.3056656,-2.1076625,97.87,32.983000000000004,56.95,-0.11,0.1,8.200012,97.42,97.45999,97.76999,97.26999,0.1000061,97.4,0.0,0.0,0.0,6.0,3.0,2422.0,86.0,0.0,0.0,0.0,13.8,11.25,7.5,1.4799851716795538,2.2804583453914327,842.2906828992177,2088.0784661043895,0.5756619471852897,27.18611111111111
138.0,58972.6,52.3056861,-2.1076408,97.841,32.98,56.93,-0.12,0.1,8.0,97.48,97.42,97.55,96.98,0.1000061,97.48,-0.009180069,0.0,0.0,6.0,3.0,2422.0,86.0,0.0,0.0,0.0,13.8,11.25,7.5,1.4794272639848272,2.279860085265543,843.7701101632025,2090.358326189655,0.5756095873077298,27.178055555555552
138.0,58972.7,52.3057066,-2.1076191,97.776,32.908,56.92,-0.12,0.1,7.899963,97.37,97.45999,97.62,97.2,0.2000122,97.39,-0.009180069,0.0,0.0,6.0,3.0,2425.0,86.0,0.0,0.0,0.0,13.8,11.25,7.5,1.475580196645061,2.2802015444405175,845.2456903598476,2092.6385277340955,0.574352950246294,27.159999999999997
138.0,58972.8,52.305727100000006,-2.1075975,97.79,32.864000000000004,56.9,-0.12,0.1,7.700011999999999,97.34,97.42999,97.50999,96.90999,0.3999939,97.37,-0.009180069,0.0,0.0,6.0,3.0,2424.0,86.0,0.0,0.0,0.0,13.8,11.25,7.5,1.4740397219415373,2.281660687704798,846.7197300817891,2094.9201884218005,0.5735850053754166,27.16388888888889
138.0,58972.9,52.3057476,-2.1075759,97.722,32.86,56.9,-0.12,0.1,7.599976,97.22,97.31,97.59999,97.14999,0.3999939,97.32,-0.009180069,0.02957988,0.0,6.0,3.0,2418.0,86.0,0.0,0.0,0.0,13.8,11.25,7.5,1.4728555396515808,2.2801769250033312,848.1925856214407,2097.2003653468037,0.5735151922053366,27.144999999999996
138.0,58973.0,52.3057681,-2.1075544,97.7,32.702,56.88,-0.12,0.1,7.700011999999999,97.39,97.31,97.47,96.84999,0.3999939,97.32,-0.009180069,0.009180069,0.0,6.0,3.0,2421.0,86.0,0.0,0.0,0.0,13.8,11.25,7.5,1.4662319206794876,2.283715581243669,849.6588175421201,2099.484080928047,0.5707575719871856,27.13888888888889
138.0,58973.1,52.3057887,-2.1075329,97.697,32.687,56.88,-0.11,0.1,7.700011999999999,97.23,97.25999,97.31,96.95999,0.6000061,97.29,-0.009180069,0.0,0.0,6.0,3.0,2420.0,86.0,0.0,0.0,0.0,13.8,11.25,7.5,1.4655889909837785,2.284029225485381,851.1244065331039,2101.7681101535327,0.5704957725993864,27.138055555555557
138.0,58973.2,52.305809100000005,-2.1075114000000004,97.481,32.815,56.87,-0.1,0.1,7.799988000000001,97.19,97.17999,97.39999,96.76999,0.6000061,97.17,-0.009180069,0.009180069,0.0,6.0,3.0,2415.0,86.0,0.0,0.0,0.0,13.8,11.25,5.5,1.4674363302281288,2.275706822818821,852.591842863332,2104.0438169763515,0.5727297940419392,27.078055555555554
138.0,58973.3,52.3058297,-2.10749,97.664,32.591,56.86,-0.1,0.1,8.099976,97.09999,97.14999,97.26999,96.87,0.6000061,97.15,-0.009180069,0.0,0.0,6.0,3.0,2417.0,86.0,0.0,0.0,0.0,13.8,11.25,1.5,1.4612662559532645,2.285709310623098,854.0531091192853,2106.3295262869747,0.5688202565174719,27.128888888888888
138.0,58973.4,52.3058502,-2.1074686,97.628,32.504,56.84,-0.11,0.1,8.299988,97.12999,97.12,97.3,96.56,0.3999939,97.07999,-0.01938009,0.0,0.0,6.0,3.0,2415.0,86.0,0.0,0.0,0.0,13.7,11.25,0.0,1.4572565098870947,2.287082160760889,855.5103656291724,2108.6166084477354,0.5673018200682368,27.11888888888889
138.0,58973.5,52.30587070000001,-2.1074473,97.326,32.496,56.83,-0.11,0.1,8.399963,97.03,96.98999,97.20999,96.81999,0.1000061,97.04,-0.01938009,0.0,0.0,6.0,3.0,2412.0,86.0,0.0,0.0,0.0,13.8,11.25,0.0,1.4524303060042723,2.2802101780757695,856.9627959351767,2110.896818625811,0.5671621937280774,27.034999999999997
138.0,58973.6,52.3058912,-2.107426,97.358,32.501999999999995,56.82,-0.11,0.1,8.799988,96.81,96.97,97.20999,96.61,0.2000122,96.89,-0.01938009,0.0,0.0,6.0,3.0,2408.0,86.0,0.0,0.0,0.0,13.8,11.25,0.0,1.4531467069118513,2.280807732040761,858.4159426420886,2113.1776263578518,0.5672669134831969,27.04388888888889
138.0,58973.7,52.3059117,-2.1074047,97.358,32.505,56.81,-0.12,0.1,9.099976,96.92999,96.76999,97.06,96.50999,0.1000061,96.89,-0.01938009,-0.01938009,0.0,6.0,3.0,2405.0,86.0,0.0,-1.179993,0.0,13.8,11.25,0.0,1.4532661277334424,2.280731642330664,859.869208769822,2115.458358000182,0.5673192733607568,27.04388888888889
137.0,58973.8,52.3059323,-2.1073835,97.38,32.351,56.81,-0.11,0.1,9.200012,96.78,96.81,97.03,96.51999,0.0,96.79,-0.02958012,-0.01938009,0.0,6.0,3.0,2405.0,86.0,0.0,0.0,0.0,13.8,11.25,7.5,1.447457727432452,2.2851457562475264,861.3166664972545,2117.7435037564296,0.5646314663126856,27.049999999999997
137.0,58973.9,52.305952700000006,-2.1073623,96.937,32.529,56.79,-0.11,0.1,9.099976,96.7,96.64,96.95,96.37,0.0,96.68,-0.01938009,0.0,0.0,6.0,3.0,2409.0,86.0,0.0,0.0,0.0,13.8,11.25,11.0,1.447932939122213,2.2702628867483354,862.7645994363767,2120.013766643178,0.5677381523812355,26.926944444444445
137.0,58974.0,52.3059731,-2.1073410000000004,97.128,32.513000000000005,56.79,-0.1,0.1,9.099976,96.53,96.64,96.90999,96.40999,0.1000061,96.63,-0.01938009,-0.009180069,0.0,6.0,3.0,2431.0,86.0,0.0,0.0,0.0,13.8,11.25,13.5,1.4501505937947679,2.275141150635864,864.2147500301714,2122.288907793814,0.5674588997009165,26.98
137.0,58974.1,52.3059936,-2.1073199,96.988,32.365,56.77,-0.11,0.1,9.0,96.64999,96.59999,96.78999,96.09999,0.1000061,96.66,-0.009180069,0.0,0.0,6.0,3.0,2439.0,86.0,0.0,0.0,0.0,13.8,11.25,14.5,1.4421871094819039,2.2755946520100143,865.6569371396533,2124.564502445824,0.5648758124079648,26.94111111111111
137.0,58974.2,52.3060141,-2.1072987,97.078,32.363,56.78,-0.09,0.1,9.0,96.48999,96.58,96.81999,96.31,0.2000122,96.56,-0.009180069,0.0,0.0,6.0,3.0,2471.0,86.0,0.0,0.0,0.0,13.8,11.25,15.5,1.4434458789653213,2.2777566768787953,867.1003830186187,2126.8422591227027,0.5648409058229249,26.96611111111111
137.0,58974.3,52.3060344,-2.1072776,96.66,32.489000000000004,56.75,-0.11,0.1,9.0,96.59,96.50999,96.84,96.09,0.1000061,96.53,0.0,0.0,0.0,6.0,3.0,2519.0,86.0,0.0,0.0,0.0,13.7,11.25,16.0,1.4422146678787078,2.264782959083609,868.5425976864974,2129.1070420817864,0.5670400206804378,26.849999999999998
137.0,58974.4,52.306055,-2.1072564000000003,97.182,32.361,56.75,-0.1,0.1,8.700012,96.53,96.56999,96.7,96.25999,0.1000061,96.59,0.0,0.0,0.0,6.0,3.0,2586.0,86.0,0.0,0.0,0.0,13.8,11.25,16.5,1.4449126528046552,2.2802472839069483,869.987510339302,2131.3872893656935,0.5648059992378849,26.995
137.0,58974.5,52.30607539999999,-2.1072354,96.883,32.269,56.75,-0.09,0.1,8.399963,96.59999,96.56999,96.81,96.08,0.3000183,96.55,0.0,0.0,0.0,6.0,3.0,2619.0,86.0,0.0,0.0,0.0,13.8,11.25,17.0,1.436815097889451,2.2755416744778745,871.4243254371916,2133.6628310401716,0.5632002963260502,26.911944444444444
137.0,58974.6,52.3060959,-2.1072142,97.034,32.398,56.72,-0.11,0.1,7.5,96.56,96.59,96.64999,96.26999,0.5,96.6,0.0,0.0,0.0,6.0,3.0,2621.0,86.0,0.0,0.0,0.0,13.8,11.25,19.5,1.444182148544669,2.275842521830231,872.8685075857362,2135.938673562002,0.565451771061123,26.95388888888889
137.0,58974.7,52.3061163,-2.107193,96.88,32.39,56.72,-0.1,0.1,7.399963,96.61,96.72,96.75999,96.09,0.7000122,96.7,0.0,0.009180069,0.0,6.0,3.0,2645.0,86.0,0.0,0.0,0.0,13.8,11.25,21.5,1.441572849370934,2.2724318982759955,874.3100804351071,2138.211105460278,0.5653121447209634,26.911111111111108
137.0,58974.8,52.3061367,-2.1071721,96.685,32.238,56.72,-0.1,0.1,7.399963,96.72,96.67,96.73999,96.25,0.8000183000000001,96.71,0.0,0.01937985,0.0,6.0,3.0,2648.0,86.0,0.0,0.0,0.0,13.8,11.25,22.5,1.432649795551085,2.271666615555018,875.7427302306583,2140.482772075833,0.5626592442579319,26.856944444444444
138.0,58974.9,52.3061571,-2.1071511,96.674,32.214,56.7,-0.1,0.1,7.299988000000001,96.75,96.75,96.89999,96.36,0.3999939,96.72,0.009180069,0.01937985,0.0,6.0,3.0,2668.0,86.0,0.0,0.0,0.0,13.8,11.25,22.5,1.4315352299264277,2.2720080039575987,877.1742654605847,2142.7547800797906,0.5622403652374532,26.85388888888889
137.0,58975.0,52.306177700000006,-2.1071303,96.826,31.944000000000003,56.7,-0.09,0.1,7.399963,96.84999,96.8,96.90999,96.45999,0.6000061,96.79,0.01937985,0.009180069,0.0,6.0,3.0,2685.0,86.0,0.0,0.0,0.0,13.8,11.25,22.5,1.4230467254848962,2.2823115357240473,878.5973121860696,2145.037091615515,0.5575279762570686,26.896111111111107
137.0,58975.1,52.306198,-2.1071094,96.448,32.051,56.68,-0.1,0.1,7.599976,96.78999,97.03999,97.00999,96.56,0.7000122,96.87,0.009180069,0.009180069,0.0,6.0,3.0,2672.0,86.0,0.0,0.0,0.0,13.8,11.25,21.5,1.4217343874371386,2.2707504656517754,880.0190465735068,2147.3078420811667,0.5593954785567026,26.791111111111107
137.0,58975.2,52.3062186,-2.1070886,96.707,31.909,56.66,-0.11,0.1,7.799988000000001,97.06999,97.09,96.98999,96.33,0.5,97.02,0.01937985,0.01937985,0.0,6.0,3.0,2675.0,86.0,0.0,0.0,0.0,13.8,11.25,17.0,1.4199050522144907,2.280374350957405,881.4389516257213,2149.588216432124,0.5569171110188706,26.863055555555555
137.0,58975.3,52.3062389,-2.1070678,96.455,32.118,56.66,-0.11,0.1,8.099976,97.17999,97.28,97.12999,96.69,0.2000122,97.15,0.01937985,0.009180069,0.0,6.0,3.0,2625.0,86.0,0.0,0.0,0.0,13.8,11.25,15.0,1.424492142848698,2.2692510647773614,882.86344376857,2151.857467496902,0.5605648491555388,26.793055555555554
138.0,58975.4,52.3062594,-2.1070471,96.484,31.894,56.66,-0.09,0.1,8.099976,97.17,97.12,97.28,96.7,0.2000122,97.2,0.01937985,0.0,0.0,6.0,3.0,2622.0,86.0,0.0,0.0,0.0,13.8,11.25,14.0,1.416035171775646,2.2754867523665236,884.2794789403457,2154.132954249268,0.5566553116310714,26.80111111111111
138.0,58975.5,52.30627990000001,-2.1070261,97.002,31.988000000000003,56.66,-0.08,0.1,8.0,97.09999,97.25,97.51999,97.00999,0.5,97.11,0.009180069,0.0,0.0,6.0,3.0,2610.0,86.0,0.0,0.0,0.0,13.8,11.25,13.0,1.427388843144131,2.2853645968351874,885.7068677834899,2156.4183188461034,0.5582959211279462,26.944999999999997
138.0,58975.6,52.3063008,-2.1070049,97.564,32.001,56.66,-0.08,0.1,8.0,97.25,97.23999,97.31999,96.67,0.6000061,97.21,0.0,0.0,0.0,6.0,3.0,2596.0,86.0,0.0,0.0,0.0,13.8,11.25,13.0,1.4361801987534226,2.298279502427083,887.1430479822433,2158.7165983485306,0.5585228139307054,27.10111111111111
138.0,58975.7,52.3063223,-2.1069839000000004,98.935,30.905,56.45,-0.27,0.1,8.0,97.15999,97.25999,97.44,97.0,0.3999939,97.22,0.0,0.009180069,0.0,6.0,3.0,2593.0,86.0,0.0,0.0,0.0,13.8,11.25,12.0,1.411516996119409,2.3580060377660934,888.5545649783627,2161.074604386297,0.5393940053288475,27.481944444444444
138.0,58975.8,52.306343,-2.1069632,97.934,31.32,56.47,-0.23,0.1,8.200012,97.25,97.17999,97.45,96.87999,0.2000122,97.21,0.0,0.009180069,0.0,6.0,3.0,2578.0,86.0,0.0,0.0,0.0,13.8,11.25,8.0,1.4141053231171266,2.3239668332232992,889.9686703014798,2163.3985712195204,0.546637121724624,27.203888888888887
138.0,58975.9,52.3063641,-2.1069424,98.467,31.26,56.42,-0.24,0.1,8.299988,97.19,97.25999,97.34,96.87,0.2000122,97.27,0.0,0.009180069,0.0,6.0,3.0,2559.0,86.0,0.0,0.0,0.0,13.8,11.25,4.5,1.4193538311335496,2.3381025107908053,891.3880241326134,2165.7366737303114,0.5455899241734274,27.35194444444444
138.0,58976.0,52.306385,-2.1069222,97.675,30.855,56.38,-0.26,0.1,8.399963,97.31999,97.37999,97.39999,96.8,0.3000183,97.32,0.0,0.0,0.0,6.0,3.0,2544.0,86.0,0.0,0.0,0.0,13.8,11.25,3.0,1.3915083594679336,2.3291905415605347,892.7795324920813,2168.0658642718718,0.5385213407028504,27.131944444444443
137.0,58976.1,52.3064058,-2.1069016,97.477,31.109,56.35,-0.26,0.1,8.599976,97.14999,97.19,97.37999,96.86,0.1000061,97.15,0.0,-0.009180069,0.0,6.0,3.0,2516.0,86.0,0.0,0.0,0.0,13.8,11.25,3.0,1.3989785983271092,2.318289905490257,894.1785110904084,2170.3841541773622,0.542954477002916,27.076944444444443
137.0,58976.2,52.3064264,-2.106881,97.124,31.264,56.28,-0.3,0.1,8.700012,97.37999,97.37999,97.56999,96.89,0.2000122,97.31,-0.01938009,0.0,0.0,6.0,3.0,2489.0,86.0,0.0,0.0,0.0,13.8,11.25,3.0,1.4001561410767587,2.3061151830286284,895.5786672314852,2172.690269360391,0.5456597373435071,26.978888888888886
137.0,58976.3,52.30644710000001,-2.1068605,96.991,31.28,56.28,-0.28,0.1,8.700012,97.15999,97.12,97.06999,96.55,0.1000061,97.28,-0.009180069,0.0,0.0,6.0,3.0,2454.0,86.0,0.0,-0.230011,0.0,13.8,11.25,3.0,1.398881842854949,2.302566675300859,896.9775490743401,2174.992836035692,0.5459389900238263,26.941944444444445
136.0,58976.4,52.30646779999999,-2.1068398,96.995,31.488000000000003,56.29,-0.24,0.1,8.700012,96.92999,96.97,97.53999,96.90999,0.1000061,96.93,-0.009180069,0.0,0.0,6.0,3.0,2425.0,86.0,0.0,0.0,0.0,13.8,11.25,3.0,1.4072896150520435,2.2975679241459224,898.3848386893922,2177.290403959838,0.5495692748679746,26.943055555555556
136.0,58976.5,52.3064885,-2.1068189,97.193,31.857,56.3,-0.22,0.1,8.899963,96.98,96.84,97.17999,96.53999,0.3000183,96.82,-0.009180069,0.0,0.0,6.0,3.0,2392.0,86.0,0.0,0.0,0.0,13.8,11.25,0.0,1.424960179647867,2.293128545072552,899.80979886904,2179.5835325049106,0.5560095398078335,26.998055555555553
136.0,58976.6,52.3065092,-2.1067982,97.124,31.633000000000003,56.29,-0.21,0.1,9.599976,96.70999,96.92,97.01999,96.53,0.3999939,96.92,-0.01938009,-0.009180069,0.0,6.0,3.0,2391.0,86.0,0.0,0.0,0.0,13.8,11.25,0.0,1.4149789941216109,2.2970500436396057,901.2247778631616,2181.88058254855,0.5521000022833663,26.978888888888886
136.0,58976.7,52.30653,-2.1067779,96.88,31.227,56.31,-0.18,0.1,10.20001,96.72,96.59999,97.0,96.31,-0.1000061,96.72,-0.01938009,-0.009180069,0.0,6.0,3.0,2393.0,86.0,0.0,0.0,0.0,13.8,11.25,0.0,1.3951528214711881,2.3012230698232323,902.6199306846329,2184.1818056183733,0.5450139655202693,26.911111111111108
136.0,58976.8,52.3065506,-2.106757,97.301,31.842,56.3,-0.17,0.1,10.5,96.64999,96.65999,97.00999,96.39999,-0.1999817,96.66,-0.02958012,-0.01938009,0.0,6.0,3.0,2393.0,86.0,0.0,0.0,0.0,13.8,11.25,0.0,1.4259425271461001,2.296050038744402,904.0458732117789,2186.4778556571177,0.5557477404200344,27.028055555555554
136.0,58976.9,52.3065712,-2.1067364000000004,96.869,31.502,56.27,-0.18,0.1,10.5,96.55,96.37999,96.73999,95.98999,-0.1999817,96.54,-0.02958012,-0.01938009,0.0,6.0,3.0,2392.0,86.0,0.0,3.570007,1.0,13.7,11.25,0.0,1.4060221256411987,2.2942398131006376,905.4518953374202,2188.7720954702186,0.5498136209632537,26.908055555555556
136.0,58977.0,52.306593,-2.106717,97.481,30.403,56.46,-0.03,0.1,10.5,96.39,96.39,96.73999,96.26999,-0.2999877999999999,96.38,-0.03978014,-0.01938009,0.0,6.0,3.0,2386.0,86.0,0.0,2.619995,1.0,13.8,11.25,0.0,1.370363323412484,2.335447556367606,906.8222586608326,2191.107543026586,0.530632452483836,27.078055555555554
137.0,58977.1,52.3066134,-2.1066962,96.808,31.485,56.41,-0.06,0.1,10.5,96.17999,96.09999,96.45999,95.67999,-0.1999817,96.29,-0.03978014,-0.01938009,0.0,6.0,3.0,2375.0,86.0,0.0,2.619995,1.0,13.8,11.25,0.0,1.4044563825814858,2.2932119041482766,908.2267150434141,2193.4007549307344,0.5495169149904147,26.891111111111112
137.0,58977.2,52.306634,-2.1066757,96.692,31.369,56.4,-0.07,0.1,10.5,96.05,96.14,96.47,95.81,-0.5,96.11,-0.03978014,-0.03978014,0.0,6.0,3.0,2358.0,86.0,0.0,2.850006,1.0,13.8,11.25,0.0,1.3981333914843745,2.2932994010972902,909.6248484348985,2195.6940543318315,0.5474923330581012,26.858888888888885
137.0,58977.3,52.3066544,-2.1066551,96.426,31.572,56.37,-0.08,0.1,10.39996,96.05,95.83,96.17,95.39999,-0.2999877999999999,95.93999,-0.04997993,-0.02958012,0.0,6.0,3.0,2355.0,86.0,0.0,3.089996,1.0,13.8,11.25,0.0,1.4023812033749339,2.282036198315152,911.0272296382734,2197.9760905301464,0.5510353514396497,26.785
137.0,58977.4,52.3066749,-2.1066346,96.185,31.624,56.4,-0.05,0.1,10.39996,95.65999,95.62999,96.09,95.34,-0.1999817,95.74,-0.03978014,-0.02958012,0.0,6.0,3.0,2328.0,86.0,0.0,3.089996,1.0,13.8,11.25,0.0,1.4009415532762857,2.275062129042053,912.4281711915497,2200.2511526591884,0.5519429226506868,26.718055555555555
137.0,58977.5,52.3066953,-2.106614,96.034,31.772,56.4,-0.05,0.1,10.20001,95.56999,95.37,95.83,95.22,-0.2999877999999999,95.56,-0.04997993,-0.02958012,0.0,6.0,3.0,2335.0,86.0,0.0,3.799988,1.0,13.8,11.25,0.0,1.4046050125991512,2.2678698813434592,913.8327762041489,2202.5190225405318,0.5545260099436383,26.676111111111112
137.0,58977.6,52.3067158,-2.1065933,96.228,31.954,56.41,-0.03,0.1,10.0,95.25,95.22,95.7,94.95,-0.1999817,95.24,-0.05915999,-0.01938009,0.0,6.0,3.0,2334.0,86.0,0.0,4.279999,1.0,13.8,11.25,0.0,1.4146538071602413,2.2679690487056994,915.2474300113091,2204.7869915892375,0.557702509182268,26.729999999999997
137.0,58977.7,52.3067361,-2.1065732,95.299,31.228,56.4,-0.04,0.1,8.899963,95.00999,95.06999,95.47,94.89,-0.1999817,95.11,-0.06936002,-0.009180069,0.0,6.0,3.0,2318.0,86.0,0.0,5.22998,1.0,13.7,11.25,0.0,1.372424610801881,2.2636450946124125,916.619854622111,2207.05063668385,0.5450314188127893,26.471944444444446
137.0,58977.8,52.3067563,-2.1065527000000004,95.494,31.617,56.38,-0.06,0.1,7.5,94.84999,94.8,95.09,94.39,0.1000061,94.9,-0.07956004,0.0,0.0,6.0,3.0,2313.0,86.0,0.0,5.470001,1.0,13.7,11.25,0.0,1.3906011229532242,2.2588878289174423,918.0104557450642,2209.3095245127674,0.5518207496030472,26.52611111111111
137.0,58977.9,52.306776600000006,-2.1065324,95.184,31.636,56.36,-0.07,0.1,7.0,94.42,94.58,94.83,94.37999,0.6000061,94.50999,-0.07956004,0.0,0.0,6.0,3.0,2317.0,86.0,0.0,5.470001,1.0,13.8,11.25,0.0,1.3868334137981655,2.2510950851469884,919.3972891588623,2211.5606195979144,0.5521523621609261,26.439999999999998
137.0,58978.0,52.3067968,-2.1065123,94.82,31.392,56.38,-0.04,0.1,7.0,94.09999,94.14999,94.40999,93.81999,0.8999939,94.23,-0.07956004,0.01937985,0.0,6.0,3.0,2318.0,86.0,0.0,7.130005000000001,1.0,13.8,11.25,0.0,1.3719675648651362,2.2483495457713802,920.7692567237275,2213.8089691436858,0.54789375878606,26.338888888888885
137.0,58978.1,52.30681679999999,-2.1064919,94.673,31.859,56.37,-0.04,0.1,7.099976,93.42,93.55,94.17999,93.55,0.7000122,93.75999,-0.08976007,0.02957988,0.0,6.0,3.0,2321.0,86.0,0.0,12.82999,1.0,13.8,11.25,0.0,1.3880920759008064,2.2336243302874936,922.1573487996283,2216.0425934739733,0.5560444463928734,26.298055555555557
137.0,58978.2,52.306837,-2.1064719,94.529,31.359,56.37,-0.04,0.1,7.099976,93.09999,92.95,93.48999,92.97,0.6000061,93.12,-0.12954,0.02957988,0.0,6.0,3.0,2299.0,86.0,0.0,15.67999,1.0,13.8,11.25,0.0,1.3664658247581962,2.2422368218710353,923.5238146243864,2218.284830295844,0.5473178001329019,26.258055555555554
137.0,58978.3,52.306857,-2.1064519,93.892,31.535,56.38,-0.03,0.1,7.099976,92.53,92.73999,92.84,92.22,0.6000061,92.72,-0.16014,0.009180069,0.0,6.0,3.0,2269.0,86.0,0.0,15.44,1.0,13.7,11.25,0.0,1.364092487908695,2.222947424554234,924.8879071122951,2220.5077777203983,0.5503895796164118,26.08111111111111
137.0,58978.4,52.3068767,-2.1064322,92.833,31.366,56.37,-0.04,0.1,7.200011999999999,91.98,92.06,92.23999,91.81999,0.7000122,92.2,-0.1693201,0.02957988,0.0,6.0,3.0,2236.0,86.0,0.0,15.44,1.0,13.8,11.25,0.0,1.3422182792489659,2.201843574974977,926.2301253915441,2222.7096212953734,0.5474399731805414,25.786944444444444
137.0,58978.5,52.3068964,-2.1064126,92.473,31.387,56.37,-0.03,0.1,7.5,91.28999,91.34999,91.67999,91.09,0.6000061,91.57,-0.1693201,0.01937985,0.0,6.0,3.0,2213.0,86.0,0.0,14.97,1.0,13.7,11.25,0.0,1.3378170473575457,2.1928147885125386,927.5679424389017,2224.9024360838857,0.5478064923234602,25.686944444444443
137.0,58978.6,52.3069161,-2.1063928,92.354,31.609,56.38,-0.0,0.1,7.799988000000001,90.7,90.87999,91.34999,90.65999,0.3999939,91.00999,-0.1693201,0.009180069,0.0,6.0,3.0,2203.0,86.0,0.0,14.72998,1.0,13.8,11.25,0.0,1.3445708252208053,2.1847996354813892,928.9125132641225,2227.087235719367,0.5516811232628877,25.653888888888886
137.0,58978.7,52.3069355,-2.1063736,91.138,31.256,56.37,-0.03,0.1,8.0,90.25999,90.19,90.59,90.08,0.3999939,90.39,-0.1693201,0.009180069,0.0,6.0,3.0,2176.0,86.0,0.0,15.199979999999998,1.0,13.8,11.25,0.0,1.3135587827307362,2.1641668471289783,930.2260720468532,2229.251402566496,0.5455201110033476,25.316111111111113
137.0,58978.8,52.30695490000001,-2.1063544,90.853,31.249,56.37,-0.01,0.1,8.200012,89.62,89.7,89.89999,89.28999,0.3000183,89.82999000000001,-0.1693201,0.0,0.0,6.0,3.0,2169.0,86.0,0.0,15.199979999999998,1.0,13.8,11.25,0.0,1.3091875332338088,2.1575591884685177,931.5352595800871,2231.4089617549644,0.545397937955708,25.236944444444443
137.0,58978.9,52.3069742,-2.1063355,90.281,31.072,56.35,-0.04,0.1,8.399963,88.95999,89.06999,89.48999,88.83,0.1000061,89.21,-0.1693201,0.0,0.0,6.0,3.0,2151.0,86.0,0.0,15.199979999999998,1.0,13.8,11.25,0.0,1.2943156032875425,2.1479841301931715,932.8295751833746,2233.5569458851573,0.5423087051796781,25.078055555555558
137.0,58979.0,52.3069934,-2.1063167,89.62200000000001,31.006,56.36,-0.02,0.1,8.599976,88.53999,88.48999,88.81999,88.37999,0.0,88.61,-0.1795201,0.0,0.0,6.0,3.0,2129.0,86.0,0.0,15.199979999999998,1.0,13.8,11.25,0.0,1.2824107438276853,2.133783713058876,934.1119859272022,2235.6907295982164,0.5411567878733619,24.895000000000003
137.0,58979.1,52.3070124,-2.1062982,88.664,30.866,56.36,-0.02,0.1,9.0,87.81999,87.97,88.23,87.62,0.5,88.03,-0.1693201,-0.009180069,0.0,6.0,3.0,2126.0,86.0,0.0,9.97998,1.0,13.8,11.25,0.0,1.2635407526066031,2.114068694606371,935.3755266798088,2237.804798292823,0.5387133269205697,24.628888888888888
137.0,58979.2,52.3070312,-2.1062793,88.484,31.374,56.35,-0.03,0.1,9.099976,87.25,87.51999,87.87,87.36,0.2000122,87.65,-0.14994,0.0,0.0,6.0,3.0,2107.0,86.0,0.0,7.600006,1.0,13.8,11.25,0.0,1.279631641481784,2.0985139151890535,936.6551583212905,2239.903312208012,0.5475795995207009,24.578888888888887
137.0,58979.3,52.3070501,-2.1062610000000004,87.90799999999999,30.766,56.37,0.0,0.1,9.200012,87.03999,86.89999,87.48,86.89,0.1000061,87.09,-0.1193398999999999,0.0,0.0,6.0,3.0,2106.0,86.0,0.0,6.419983,1.0,13.8,11.25,0.0,1.2491068898529964,2.0982262326548073,937.9042652111435,2242.0015384406665,0.5369679976685754,24.418888888888883
137.0,58979.4,52.3070688,-2.1062427,87.45100000000001,30.963,56.36,-0.01,0.1,9.299988,86.75999,86.76999,87.03999,86.39999,-0.1000061,86.8,-0.1091398999999999,0.0,0.0,6.0,3.0,2089.0,86.0,0.0,4.98999,1.0,13.8,11.25,0.0,1.2497827265595693,2.0830335535735096,939.1540479377031,2244.08457199424,0.5404062962950043,24.291944444444447
137.0,58979.5,52.3070875,-2.1062244,87.34700000000001,31.016,56.35,-0.02,0.1,9.099976,86.42999,86.53,86.76999,86.06999,0.0,86.57,-0.09996009,0.0,0.0,6.0,3.0,2091.0,86.0,0.0,4.039978,1.0,13.8,11.25,0.0,1.2502204694461154,2.0794007373995256,940.4042684071493,2246.1639727316397,0.5413313207985612,24.263055555555557
137.0,58979.6,52.307106100000006,-2.1062062,86.684,30.997,56.36,-0.01,0.1,9.0,86.31,86.20999,86.53,86.06999,0.0,86.29,-0.08976007,-0.009180069,0.0,6.0,3.0,2076.0,86.0,0.0,4.039978,1.0,13.7,11.25,0.0,1.2400463873483218,2.0640285507858036,941.6443147944976,2248.2280012824253,0.5409997082406823,24.078888888888887
137.0,58979.7,52.3071245,-2.1061879,86.52600000000001,31.275,56.36,-0.01,0.1,8.599976,85.89,85.83,86.15999000000001,85.56999,0.1000061,86.06,-0.07956004,-0.009180069,0.0,6.0,3.0,2081.0,86.0,0.0,4.279999,1.0,13.7,11.25,0.0,1.247767974474312,2.054236435242126,942.8920827689719,2250.2822377176676,0.5458517235612266,24.035000000000004
137.0,58979.8,52.307143,-2.1061697,86.45,31.152,56.38,0.03,0.1,8.599976,85.53999,85.58,86.0,85.39999,0.3999939,85.61,-0.06936002,0.0,0.0,6.0,3.0,2067.0,86.0,0.0,4.039978,1.0,13.8,11.25,0.0,1.2422630609661658,2.05510366722411,944.1343458299381,2252.3373413848917,0.5437049685812736,24.01388888888889
137.0,58979.9,52.3071615,-2.1061516,86.152,31.131,56.39,0.03,0.1,8.700012,85.19,85.34999,85.75,85.3,0.2000122,85.43999000000001,-0.06936002,0.0,0.0,6.0,3.0,2069.0,86.0,0.0,3.799988,1.0,13.7,11.25,0.0,1.237230160251744,2.048473168163767,945.3715759901899,2254.3858145530553,0.5433384494383547,23.93111111111111
137.0,58980.0,52.3071798,-2.1061334,85.86399999999999,31.351,56.39,0.02,0.1,8.700012,85.19,85.11,85.39999,84.90999000000001,0.1000061,85.14,-0.06936002,0.0,0.0,6.0,3.0,2062.0,86.0,0.0,3.089996,1.0,13.8,11.25,0.0,1.240924356906751,2.0368754877952764,946.6125003470966,2256.4226900408507,0.5471781737927423,23.85111111111111
137.0,58980.1,52.3071981,-2.1061157,85.421,30.608,56.4,0.04,0.1,8.700012,84.92999,84.89,85.12,84.56999,0.1000061,85.02,-0.06936002,0.0,0.0,6.0,3.0,2050.0,86.0,0.0,2.619995,1.0,13.8,11.25,0.0,1.2081414566574877,2.042204795112585,947.820641803754,2258.464894835963,0.5342103774504244,23.728055555555557
137.0,58980.2,52.30721630000001,-2.1060975,85.435,31.361,56.41,0.04,0.1,8.5,84.55,84.70999,84.98999,84.56999,0.1000061,84.71,-0.05915999,0.0,0.0,6.0,3.0,2057.0,86.0,0.0,3.089996,1.0,13.7,11.25,0.0,1.2350780666737984,2.026483170510747,949.0557198704279,2260.491378006474,0.5473527067179417,23.731944444444444
137.0,58980.3,52.3072345,-2.1060796,84.95299999999999,31.165,56.4,0.03,0.1,8.5,84.50999,84.55,84.81,84.45999,0.3999939,84.52,-0.06936002,0.0,0.0,6.0,3.0,2051.0,86.0,0.0,3.089996,1.0,13.7,11.25,0.0,1.2212097592312985,2.019239704440534,950.2769296296592,2262.5106177109146,0.5439318613840328,23.59805555555555
137.0,58980.4,52.30725270000001,-2.106062,84.66799999999999,30.724,56.41,0.03,0.1,8.5,84.25,84.23999,84.47,83.95999,0.2000122,84.27,-0.05915999,0.0,0.0,6.0,3.0,2061.0,86.0,0.0,3.089996,1.0,13.8,11.25,0.0,1.2015871999821555,2.021773861369776,951.4785168296413,2264.5323915722843,0.5362349593827378,23.518888888888885
137.0,58980.5,52.3072708,-2.1060444,84.59299999999999,30.845,56.43,0.06,0.1,8.099976,83.84999,83.87999,84.31,83.70999,0.1000061,84.0,-0.05915999,0.0,0.0,6.0,3.0,2053.0,86.0,0.0,2.850006,1.0,13.8,11.25,0.0,1.2047860361027047,2.0174431233944823,952.683302865744,2266.549834695679,0.538346807777651,23.498055555555553
137.0,58980.6,52.3072889,-2.1060268,84.47399999999999,30.81,56.42,0.04,0.1,7.399963,83.62,83.76999,84.12,83.62,0.5,83.73,-0.05915999,0.009180069,0.0,6.0,3.0,2060.0,86.0,0.0,3.3299870000000005,1.0,13.8,11.25,0.0,1.2018603438493303,2.0153396646427537,953.8851632095934,2268.5651743603216,0.5377359425394529,23.464999999999996
137.0,58980.7,52.3073069,-2.1060093,83.945,30.664,56.43,0.04,0.1,7.299988000000001,83.51999,83.48999,83.73,83.37,0.7000122,83.50999,-0.06936002,0.009180069,0.0,6.0,3.0,2056.0,86.0,0.0,3.3299870000000005,1.0,13.8,11.25,0.0,1.189226793554484,2.0057559129694402,955.0743900031479,2270.570930273291,0.5351877618315413,23.318055555555553
137.0,58980.8,52.307325,-2.1059916,84.25399999999999,31.071,56.43,0.03,0.1,7.299988000000001,83.36,83.39999,83.61,82.98,0.8000183000000001,83.36,-0.05915999,0.009180069,0.0,6.0,3.0,2041.0,86.0,0.0,3.3299870000000005,1.0,13.8,11.25,0.0,1.2078743942940735,2.004609587636279,956.282264397442,2272.5755398609276,0.5422912518871582,23.403888888888886
137.0,58980.9,52.307343,-2.1059744,83.516,30.379,56.44,0.05,0.1,7.299988000000001,83.03,83.17999,83.39999,82.86,0.6000061,83.2,-0.05915999,0.01937985,0.0,6.0,3.0,2042.0,86.0,0.0,3.089996,1.0,13.8,11.25,0.0,1.1732086466492875,2.001366015554744,957.4554730440913,2274.576905876482,0.5302135734633574,23.19888888888889
137.0,58981.0,52.3073609,-2.105957,83.65,30.781,56.44,0.03,0.1,7.399963,82.84,82.89999,83.14999,82.87999,0.6000061,82.88,-0.05915999,0.01937985,0.0,6.0,3.0,2026.0,86.0,0.0,3.089996,1.0,13.8,11.25,0.0,1.1891265629947736,1.9962831995634411,958.6445996070861,2276.5731890760458,0.5372297970563745,23.23611111111111
137.0,58981.1,52.3073788,-2.1059397,83.16,30.769,56.45,0.06,0.1,7.399963,82.84,82.8,82.89999,82.58,0.8000183000000001,82.78,-0.05915999,0.0,0.0,6.0,3.0,2026.0,86.0,0.0,-0.230011,1.0,13.8,11.25,0.0,1.1817452906895398,1.9848370381301068,959.8263448977756,2278.558026114176,0.5370203575461352,23.099999999999998
137.0,58981.2,52.3073968,-2.1059227000000003,83.29299999999999,30.092,56.45,0.04,0.1,8.299988,82.51999,82.56,82.78,82.17999,0.8999939,82.62,-0.03978014,0.0,0.0,6.0,3.0,2019.0,86.0,0.0,-0.230011,1.0,13.8,11.25,0.0,1.1600631055937132,2.001858030254233,960.9864080033693,2280.5598841444303,0.5252044785101336,23.136944444444442
137.0,58981.3,52.3074145,-2.1059056000000003,82.429,30.503,56.45,0.03,0.1,9.200012,82.42999,82.42999,82.8,82.28,0.3000183,82.48,-0.03978014,0.0,0.0,6.0,3.0,2002.0,86.0,0.0,0.2399902,1.0,13.8,11.25,0.0,1.1622110675213508,1.9728066513094067,962.1486190708906,2282.5326907957397,0.5323777817358304,22.896944444444443
137.0,58981.4,52.3074323,-2.1058884,83.041,30.555,56.46,0.05,0.1,9.399963,82.31,82.28,82.45,82.20999,0.0,82.36,-0.02958012,0.0,0.0,6.0,3.0,2003.0,86.0,0.0,0.2399902,1.0,13.8,11.25,0.0,1.1726432601204502,1.9863904562106982,963.3212623310111,2284.5190812519504,0.5332853529468674,23.06694444444444
137.0,58981.5,52.3074501,-2.1058715,82.544,30.215,56.46,0.03,0.1,11.5,82.26999,82.17999,82.31,82.01999,-0.1000061,82.18999000000001,-0.03978014,-0.01938009,0.0,6.0,3.0,1996.0,86.0,0.0,0.0,0.0,13.7,11.25,0.0,1.1538876111919574,1.9813840711805075,964.4751499422031,2286.500465323131,0.5273512334900867,22.92888888888889
137.0,58981.6,52.307468,-2.1058544,82.822,30.46,56.48,0.05,0.1,14.0,82.14,81.90999000000001,82.36,81.58,-0.7999878,82.11,-0.02958012,-0.05915999,0.0,6.0,3.0,1984.0,86.0,0.0,0.0,0.0,13.8,11.25,0.0,1.166264224652238,1.983088309396285,965.6414141668553,2288.483553632527,0.5316272901574728,23.00611111111111
137.0,58981.7,52.30748570000001,-2.1058376,82.152,30.171,56.47,0.04,0.1,14.0,81.95,81.8,82.25,81.45,-1.600006,81.93,-0.02958012,-0.07956004,0.0,6.0,3.0,1986.0,86.0,0.0,0.0,0.0,13.8,11.25,0.0,1.1468931130852622,1.9728558455086365,966.7883072799406,2290.4564094780358,0.5265832886192091,22.82
137.0,58981.8,52.3075033,-2.1058204,82.228,30.844,56.48,0.03,0.1,12.5,81.84,81.78,82.12999,81.40999000000001,-1.5,81.8,-0.03978014,-0.06936002,0.0,6.0,3.0,1980.0,86.0,0.0,0.9499817,0.0,13.8,11.25,0.0,1.1710691289988877,1.9610611063929189,967.9593764089394,2292.417470584429,0.538329354485131,22.841111111111108
137.0,58981.9,52.307521,-2.1058034,82.051,30.635,56.49,0.05,0.1,11.0,81.70999,81.51999,81.87999,81.34999,-1.100006,81.68999000000001,-0.03978014,-0.04997993,0.0,6.0,3.0,1969.0,86.0,0.0,0.0,0.0,13.8,11.25,0.0,1.1614025447020901,1.9610893515456986,969.1207789536415,2294.3785599359744,0.5346816163484629,22.791944444444443
137.0,58982.0,52.3075385,-2.1057863,81.86,30.769,56.5,0.06,0.1,9.899963,81.47,81.40999000000001,81.76999,81.12,-0.2999877999999999,81.50999,-0.03978014,-0.03978014,0.0,6.0,3.0,1966.0,86.0,0.0,0.0,0.0,13.8,11.25,0.0,1.1632716389591837,1.9538090421035417,970.2840505926007,2296.3323689780777,0.5370203575461352,22.738888888888887
137.0,58982.1,52.307556,-2.105769,81.828,31.148000000000003,56.5,0.05,0.1,9.700012,81.36,81.34999,81.64999,80.92999,0.1000061,81.39,-0.03978014,-0.01938009,0.0,6.0,3.0,1973.0,86.0,0.0,0.0,0.0,13.8,11.25,1.5,1.175710368671897,1.9453108052435715,971.4597609612725,2298.277679783321,0.5436351554111938,22.73
137.0,58982.2,52.3075735,-2.1057519,81.81,30.871,56.52,0.07,0.1,9.599976,81.20999,81.25,81.34999,80.92,0.0,81.28,-0.03978014,-0.009180069,0.0,6.0,3.0,1979.0,86.0,0.0,0.0,0.0,13.8,11.25,8.5,1.1660353862093171,1.950542931623831,972.6257963474818,2300.228222714945,0.5388005933831694,22.725
137.0,58982.3,52.3075909,-2.1057348,81.51100000000001,30.972,56.52,0.06,0.1,9.599976,81.14,81.11,81.3,81.00999,0.0,81.18,-0.02958012,0.0,0.0,6.0,3.0,2038.0,86.0,0.0,0.0,0.0,13.8,11.25,12.0,1.1651977580791748,1.941363095049546,973.790994105561,2302.1695858099943,0.5405633759276838,22.641944444444448
137.0,58982.4,52.3076082,-2.1057174,81.266,31.629,56.54,0.07,0.1,9.599976,81.12,81.05,81.28,80.81,-0.1999817,81.18999000000001,-0.009180069,-0.009180069,0.0,6.0,3.0,2046.0,86.0,0.0,0.0,0.0,13.7,11.25,12.5,1.1838129657672978,1.9220799821444083,974.9748070713283,2304.091665792139,0.5520301891132865,22.57388888888889
137.0,58982.5,52.3076257,-2.1057006,81.295,30.663,56.55,0.08,0.1,9.5,81.14999,81.09,81.33,80.64999,0.0,81.15,-0.009180069,-0.009180069,0.0,6.0,3.0,2037.0,86.0,0.0,0.0,0.0,13.8,11.25,13.0,1.1516510366262473,1.9424577315240208,976.1264581079546,2306.034123523663,0.5351703085390213,22.581944444444446
137.0,58982.6,52.3076433,-2.1056839000000003,81.49,30.251,56.54,0.06,0.1,8.799988,81.0,81.09,81.23999,80.70999,0.1000061,81.15,0.0,-0.009180069,0.0,6.0,3.0,2040.0,86.0,0.0,0.0,0.0,13.8,11.25,14.5,1.1403824997078065,1.9553677446214186,977.2668406076624,2307.9894912682844,0.5279795520208046,22.63611111111111
137.0,58982.7,52.3076605,-2.1056666,81.184,31.468000000000004,56.55,0.07,0.1,7.899963,81.06,81.12999,81.19,80.81,0.3999939,81.0,0.0,0.0,0.0,6.0,3.0,2064.0,86.0,0.0,0.0,0.0,13.8,11.25,16.0,1.1772182419523796,1.9234560910692342,978.4440588496147,2309.9129473593534,0.5492202090175757,22.55111111111111
137.0,58982.8,52.307678,-2.1056495,81.569,30.907,56.57,0.08,0.1,7.399963,81.03999,81.06,81.03,80.78999,0.5,81.02,0.0,0.009180069,0.0,6.0,3.0,2109.0,86.0,0.0,0.0,0.0,13.8,11.25,17.5,1.1638221430805433,1.9440660572269224,979.6078809926953,2311.8570134165802,0.5394289119138874,22.658055555555556
137.0,58982.9,52.30769539999999,-2.1056325,81.252,30.899,56.57,0.07,0.1,7.299988000000001,81.12999,81.09,81.23999,80.65999000000001,0.6000061,81.11,0.0,0.01937985,0.0,6.0,3.0,2132.0,86.0,0.0,0.0,0.0,13.8,11.25,18.0,1.1590288047563,1.936672721382005,980.7669097974516,2313.793686137962,0.5392892855737279,22.569999999999997
138.0,58983.0,52.3077128,-2.1056157,81.101,30.689,56.56,0.05,0.1,7.299988000000001,81.20999,81.28999,81.25,80.8,0.5,81.24,0.009180069,0.01937985,0.0,6.0,3.0,2122.0,86.0,0.0,0.0,0.0,13.8,11.25,18.5,1.1497820079687933,1.9373007524112573,981.9166918054204,2315.7309868903735,0.5356240941445398,22.528055555555554
138.0,58983.1,52.3077303,-2.1055986,81.51100000000001,30.939,56.57,0.05,0.1,7.299988000000001,81.31999,81.39999,81.26999,80.95999,0.6000061,81.29,0.01937985,0.01937985,0.0,6.0,3.0,2101.0,86.0,0.0,0.0,0.0,13.8,11.25,19.5,1.1640794200029079,1.9420338787412494,983.0807712254234,2317.673020769115,0.5399874172745256,22.641944444444448
138.0,58983.2,52.30774770000001,-2.1055817,81.396,30.792,56.57,0.04,0.1,7.299988000000001,81.48,81.45,81.36,81.19,0.8000183000000001,81.39,0.01937985,0.009180069,0.0,6.0,3.0,2104.0,86.0,0.0,0.0,0.0,13.8,11.25,20.5,1.157457736710096,1.9422699574801496,984.2382289621335,2319.615290726595,0.537421783274094,22.61
138.0,58983.3,52.3077654,-2.1055651,81.565,30.036,56.57,0.04,0.1,7.599976,81.55,81.56,81.65999000000001,81.23999,0.7000122,81.57,0.0397799,0.009180069,0.0,6.0,3.0,2084.0,86.0,0.0,0.0,0.0,13.7,11.25,21.5,1.1340798530688971,1.9614367699341342,985.3723088152024,2321.576727496529,0.5242270941290168,22.656944444444445
138.0,58983.4,52.3077829,-2.105548,81.709,30.707,56.57,0.03,0.1,7.899963,81.65999000000001,81.67999,81.81999,81.22,0.3999939,81.68,0.0397799,0.009180069,0.0,6.0,3.0,2083.0,86.0,0.0,0.0,0.0,13.8,11.25,22.0,1.1590148489405596,1.9514603380743527,986.531323664143,2323.5281878346036,0.5359382534098988,22.696944444444444
138.0,58983.5,52.3078005,-2.1055312,81.648,30.432,56.58,0.04,0.1,8.099976,81.78,81.89,81.90999000000001,81.37999,0.3999939,81.84,0.04997993,0.0,0.0,6.0,3.0,2064.0,86.0,0.0,0.0,0.0,13.8,11.25,22.0,1.148776935548254,1.955539708712754,987.6801005996912,2325.4837275433165,0.5311385979669143,22.68
138.0,58983.6,52.3078183,-2.1055143000000003,82.38600000000001,30.186,56.58,0.04,0.1,8.200012,82.06,82.03999,82.0,81.73999,0.3999939,81.97,0.0397799,0.0,0.0,6.0,3.0,2042.0,86.0,0.0,0.0,0.0,13.8,11.25,22.0,1.1506778230999037,1.978174106954711,988.8307784227911,2327.461901650271,0.5268450880070084,22.885
138.0,58983.7,52.3078359,-2.1054973,81.932,30.579,56.59,0.04,0.1,8.399963,82.23999,82.17999,82.14999,81.84999,0.5,82.17,0.0397799,0.0,0.0,6.0,3.0,2048.0,86.0,0.0,0.0,0.0,13.8,11.25,22.0,1.1578036304373194,1.9593777042505272,989.9885820532285,2329.4212793545216,0.5337042319673461,22.75888888888889
138.0,58983.8,52.3078537,-2.1054805,82.256,30.22,56.58,0.02,0.1,8.5,82.37,82.31,82.37999,81.81999,0.3000183,82.28,0.0397799,0.0,0.0,6.0,3.0,2044.0,86.0,0.0,0.0,0.0,13.8,11.25,22.0,1.150033942338626,1.9743705746482805,991.1386159955671,2331.39564992917,0.5274384999526863,22.84888888888889
138.0,58983.9,52.3078715,-2.1054634,82.84299999999999,30.38,56.6,0.05,0.1,10.0,82.48,82.61,82.45999,81.98999,0.1000061,82.49,0.0397799,-0.009180069,0.0,6.0,3.0,2056.0,86.0,0.0,0.0,0.0,13.7,11.25,22.0,1.1637891857953784,1.985218023837106,992.3024051813625,2333.380867953007,0.5302310267558773,23.011944444444442
138.0,58984.0,52.30788929999999,-2.1054465,82.307,30.259,56.59,0.03,0.1,10.79999,82.65999000000001,82.73999,82.62,82.20999,-0.2999877999999999,82.67,0.04997993,-0.02958012,0.0,6.0,3.0,2052.0,86.0,0.0,0.0,0.0,13.8,11.25,22.0,1.1520914592571923,1.9748109688957147,993.4544966406197,2335.355678921903,0.5281191783609642,22.863055555555555
138.0,58984.1,52.3079072,-2.1054296,82.868,30.072,56.61,0.05,0.1,10.79999,82.86,82.81,83.06999,82.44,-0.5,82.8,0.04997993,-0.03978014,0.0,6.0,3.0,2061.0,86.0,0.0,0.0,0.0,13.6,11.25,23.0,1.1534486337978629,1.99204636140326,994.6079452744176,2337.3477252833063,0.5248554126597348,23.01888888888889
138.0,58984.2,52.3079251,-2.1054125,83.20700000000001,30.312,56.62,0.06,0.1,10.59998,83.06,83.01999,83.12,82.34,-0.2999877999999999,82.98,0.04997993,-0.02958012,0.0,6.0,3.0,2073.0,86.0,0.0,0.0,0.0,13.7,11.25,23.5,1.1665354256748282,1.9953266579153461,995.7744807000925,2339.343051941222,0.5290442028645211,23.113055555555558
138.0,58984.3,52.307943,-2.1053956,82.681,30.159,56.62,0.05,0.1,10.5,83.12,83.20999,83.22,82.67,-0.3999939,83.18999000000001,0.04997993,-0.02958012,0.0,6.0,3.0,2062.0,86.0,0.0,0.0,0.0,13.7,11.25,24.0,1.1538624027838975,1.9858013310962772,996.9283431028764,2341.328853272318,0.5263738491089698,22.966944444444444
138.0,58984.4,52.307961,-2.1053783,83.527,30.506,56.62,0.05,0.1,10.09998,83.42999,83.39,83.36,83.01999,-0.2999877999999999,83.35,0.04997993,-0.01938009,0.0,6.0,3.0,2079.0,86.0,0.0,0.0,0.0,13.8,11.25,24.5,1.1777970338309376,1.9990238635718958,998.1061401367074,2343.32787713589,0.5324301416133902,23.201944444444443
138.0,58984.5,52.307979,-2.1053613,83.34,30.105,56.61,0.02,0.1,9.899963,83.59999,83.53,83.62,83.17,-0.1999817,83.54,0.04997993,-0.01938009,0.0,6.0,3.0,2069.0,86.0,0.0,0.0,0.0,13.8,11.25,24.5,1.1611721316031316,2.0027242148604087,999.2673122683105,2345.3306013507504,0.525431371312893,23.150000000000002
138.0,58984.6,52.307997,-2.1053439000000003,83.786,30.562,56.63,0.05,0.1,9.899963,83.73999,83.73999,83.83,83.12,-0.1999817,83.74,0.04997993,-0.01938009,0.0,6.0,3.0,2081.0,86.0,0.0,0.0,0.0,13.8,11.25,24.5,1.1834084479771325,2.004066736757988,1000.4507207162877,2347.3346680875084,0.533407525994507,23.273888888888887
138.0,58984.7,52.308015,-2.1053261,84.132,31.1,56.67,0.09,0.1,9.700012,83.84999,84.0,83.87999,83.39999,0.0,83.85,0.05915999,-0.01938009,0.0,6.0,3.0,2081.0,86.0,0.0,0.0,0.0,13.8,11.25,24.5,1.2071383895613421,2.001096176710967,1001.6578591058491,2349.3357642642195,0.5427973973702365,23.37
138.0,58984.8,52.308033,-2.1053088,83.898,30.605,56.68,0.09,0.1,9.399963,84.05,83.98999,84.09,83.75,0.0,83.98,0.05915999,-0.009180069,0.0,6.0,3.0,2092.0,86.0,0.0,0.0,0.0,13.8,11.25,25.0,1.1864960678605432,2.0058557602558245,1002.8443551737096,2351.341620024475,0.5341580175728645,23.305
138.0,58984.9,52.30805110000001,-2.1052913,84.24,30.466,56.69,0.1,0.1,9.0,84.34,84.26999,84.34,83.86,0.0,84.25,0.04997993,0.0,0.0,6.0,3.0,2090.0,86.0,0.0,0.0,0.0,13.8,11.25,25.0,1.186443115866354,2.016916640025893,1004.030798289576,2353.358536664501,0.5317320099125925,23.4
138.0,58985.0,52.3080692,-2.1052737,84.51700000000001,30.808000000000003,56.7,0.1,0.1,8.700012,84.45999,84.56,84.34999,83.90999000000001,0.0,84.47,0.04997993,0.0,0.0,6.0,3.0,2096.0,86.0,0.0,0.0,0.0,13.8,11.25,25.5,1.202401744494857,2.0164075107257053,1005.2332000340708,2355.374944175227,0.5377010359544131,23.476944444444445
138.0,58985.1,52.308087500000006,-2.1052566,84.17200000000001,29.957,56.7,0.07,0.1,8.299988,84.48,84.67,84.62,84.09,0.1000061,84.58,0.04997993,0.0,0.0,6.0,3.0,2099.0,86.0,0.0,0.0,0.0,13.7,11.25,25.5,1.1675355833767447,2.0257404151199534,1006.4007356174476,2357.400684590347,0.5228482840199413,23.381111111111114
138.0,58985.2,52.308105700000006,-2.1052391,84.73299999999999,30.378,56.71,0.08,0.1,7.799988000000001,84.81,84.78,85.0,84.58,0.3999939,84.78,0.05915999,0.0,0.0,6.0,3.0,2103.0,86.0,0.0,0.0,0.0,13.8,11.25,25.5,1.1902692715355607,2.03055081173726,1007.5910048889832,2359.431235402084,0.5301961201708374,23.53694444444444
138.0,58985.3,52.3081241,-2.1052216,85.23,30.355,56.73,0.09,0.1,7.599976,84.95999,84.92999,85.03,84.48,0.3999939,84.97,0.05915999,0.0,0.0,6.0,3.0,2106.0,86.0,0.0,0.0,0.0,13.8,11.25,25.5,1.1964307832947656,2.042941416385863,1008.787435672278,2361.47417681847,0.5297946944428787,23.675
138.0,58985.4,52.3081423,-2.105204,84.79799999999999,30.445,56.73,0.07,0.1,7.5,85.12999,85.2,85.19,84.55,0.5,85.15,0.04997993,0.0,0.0,6.0,3.0,2123.0,86.0,0.0,0.0,0.0,13.8,11.25,26.0,1.1935578185152464,2.0307141561187594,1009.9809934907933,2363.5048909745888,0.5313654907696737,23.554999999999996
138.0,58985.5,52.3081607,-2.1051862,85.75200000000001,30.724,56.75,0.09,0.1,7.599976,85.45,85.42999,85.37,85.09,0.6000061,85.34,0.04997993,0.0,0.0,6.0,3.0,2118.0,86.0,0.0,0.0,0.0,13.8,11.25,26.5,1.2169710584030546,2.0476585269544705,1011.1979645491963,2365.552549501543,0.5362349593827378,23.820000000000004
138.0,58985.6,52.3081791,-2.1051686,85.417,30.45,56.76,0.09,0.1,7.599976,85.58,85.55,85.59999,85.22,0.3999939,85.53,0.05915999,0.009180069,0.0,6.0,3.0,2127.0,86.0,0.0,0.0,0.0,13.8,11.25,26.5,1.2024489353440295,2.045432835511238,1012.4004134845403,2367.5979823370544,0.5314527572322734,23.726944444444445
138.0,58985.7,52.30819759999999,-2.105151,85.669,30.205,56.78,0.1,0.1,7.599976,85.7,85.75999,85.76999,85.15999000000001,0.2000122,85.64,0.05915999,0.009180069,0.0,6.0,3.0,2126.0,86.0,0.0,0.0,0.0,13.8,11.25,27.0,1.1972132496839827,2.056605475948382,1013.5976267342243,2369.6545878130028,0.5271767005648872,23.796944444444442
138.0,58985.8,52.3082162,-2.1051333,86.126,30.334,56.8,0.1,0.1,7.599976,85.92,85.90999000000001,85.86,85.53999,0.3000183,85.87,0.05915999,0.009180069,0.0,6.0,3.0,2133.0,85.0,0.0,0.0,0.0,13.7,11.25,27.0,1.208251807374518,2.0648612945317235,1014.8058785415988,2371.7194491075343,0.5294281752999599,23.92388888888889
138.0,58985.9,52.3082347,-2.1051156,85.95,30.305,56.8,0.1,0.1,7.599976,86.15999000000001,86.05,86.03999,85.69,0.3000183,86.04,0.05915999,0.009180069,0.0,6.0,3.0,2137.0,86.0,0.0,0.0,0.0,13.7,11.25,27.0,1.2047395845943247,2.0612517515605644,1016.0106181261931,2373.780700859095,0.5289220298168815,23.875
138.0,58986.0,52.3082534,-2.105098,86.26700000000001,29.973000000000003,56.82,0.1,0.1,7.700011999999999,86.34,86.31,86.37,85.73,0.3999939,86.27,0.04997993,0.0,0.0,6.0,3.0,2140.0,85.0,0.0,0.0,0.0,13.7,11.25,27.0,1.1971747008434537,2.0758258720920715,1017.2077928270365,2375.856526731187,0.5231275367002605,23.96305555555556
138.0,58986.1,52.3082721,-2.1050803,86.53299999999999,30.083,56.84,0.11,0.1,8.399963,86.45999,86.58,86.47,85.98,0.5,86.43,0.04997993,0.0,0.0,6.0,3.0,2151.0,86.0,0.0,0.0,0.0,13.7,11.25,27.0,1.2048615019137123,2.079917244377602,1018.4126543289502,2377.9364439755645,0.5250473988774541,24.03694444444444
138.0,58986.2,52.3082908,-2.1050627,86.486,29.923,56.84,0.1,0.1,9.099976,86.75999,86.72,86.65999000000001,86.23999,0.3000183,86.67,0.04997993,-0.009180069,0.0,6.0,3.0,2148.0,85.0,0.0,0.0,0.0,13.8,11.25,26.5,1.1983973292213868,2.0821422177103655,1019.6110516581716,2380.018586193275,0.5222548720742632,24.02388888888889
138.0,58986.3,52.3083097,-2.1050452,86.818,29.786,56.85,0.1,0.1,9.099976,86.89999,86.86,86.97,86.37999,0.0,86.83,0.04997993,-0.009180069,0.0,6.0,3.0,2163.0,86.0,0.0,0.0,0.0,13.8,11.25,21.0,1.1979965443701104,2.093005597439205,1020.8090482025417,2382.111591790714,0.519863770999031,24.11611111111111
138.0,58986.4,52.3083285,-2.1050276,86.87899999999999,29.858,56.87,0.1,0.1,9.0,86.90999000000001,87.03999,86.98,86.5,0.0,86.89,0.04997993,-0.009180069,0.0,6.0,3.0,2151.0,85.0,0.0,0.0,0.0,13.8,11.25,16.5,1.201469328969713,2.09296802556092,1022.0105175315114,2384.204559816275,0.5211204080604669,24.13305555555555
138.0,58986.5,52.3083474,-2.1050099,87.12700000000001,29.836,56.87,0.1,0.1,9.0,87.11,86.98999,87.15999000000001,86.78999,0.3000183,87.04,0.04997993,-0.01938009,0.0,6.0,3.0,2154.0,85.0,0.0,0.7200012,0.0,13.8,11.25,15.0,1.2040929521626749,2.099404989865445,1023.214610483674,2386.3039648061404,0.5207364356250281,24.201944444444447
138.0,58986.6,52.3083663,-2.1049921,87.48,29.88,56.89,0.1,0.1,9.0,87.17,87.09999,87.36,86.84,0.1000061,87.15,0.02957988,-0.01938009,0.0,6.0,3.0,2163.0,85.0,0.0,0.0,0.0,13.8,11.25,15.0,1.210589805974963,2.106981803829711,1024.425200289649,2388.41094660997,0.5215043804959056,24.3
137.0,58986.7,52.3083852,-2.1049744,87.311,29.923,56.9,0.1,0.1,9.0,87.19,87.31,87.17999,86.64,0.0,87.25999,0.01937985,0.0,0.0,6.0,3.0,2162.0,85.0,0.0,0.0,0.0,13.8,11.25,15.0,1.2098289805477014,2.102004014181598,1025.6350292701966,2390.5129506241515,0.5222548720742632,24.253055555555555
137.0,58986.8,52.3084041,-2.1049566,87.22399999999999,29.891,56.91,0.1,0.1,9.0,87.20999,87.08,87.31,86.92,0.0,87.22,0.01937985,0.0,0.0,6.0,3.0,2171.0,85.0,0.0,0.0,0.0,13.8,11.25,15.0,1.2074504618011854,2.1005841925991295,1026.8424797319979,2392.6135348167504,0.521696366713625,24.228888888888886
137.0,58986.9,52.3084231,-2.1049389,87.545,29.916,56.94,0.12,0.1,9.0,87.20999,87.17999,87.55,87.01999,0.1000061,87.22,0.01937985,0.0,0.0,6.0,3.0,2160.0,86.0,0.0,0.0,0.0,13.8,11.25,16.5,1.2128139070057762,2.1077857308095265,1028.0552936390036,2394.72132054756,0.5221326990266236,24.318055555555556
137.0,58987.0,52.308442,-2.104921,87.57700000000001,29.941,56.95,0.12,0.1,9.0,87.28,87.3,87.45,86.86,0.0,87.29,0.009180069,0.0,0.0,6.0,3.0,2168.0,85.0,0.0,0.0,0.0,13.8,11.25,17.5,1.214177138059945,2.1080265978975286,1029.2694707770636,2396.8293471454576,0.5225690313396222,24.326944444444447
137.0,58987.1,52.308461,-2.1049034,87.60600000000001,29.653,56.95,0.1,0.1,9.0,87.40999000000001,87.45999,87.39,86.87,0.0,87.46,0.009180069,0.0,0.0,6.0,3.0,2180.0,85.0,0.0,0.0,0.0,13.8,11.25,17.5,1.203964291857636,2.1148031194254804,1030.4734350689212,2398.9441502648833,0.5175424830938785,24.335
137.0,58987.2,52.30848,-2.1048857,87.469,29.739,56.96,0.1,0.1,9.0,87.51999,87.44,87.58,87.09,0.0,87.49,0.01937985,-0.009180069,0.0,6.0,3.0,2166.0,85.0,0.0,0.0,0.0,13.8,11.25,17.5,1.2052494731729366,2.109689266404073,1031.678684542094,2401.0538395312874,0.5190434662505937,24.296944444444442
138.0,58987.3,52.3084991,-2.104868,87.775,29.742,56.97,0.1,0.1,9.0,87.51999,87.55,87.69,87.2,0.1000061,87.54,0.01937985,-0.009180069,0.0,6.0,3.0,2180.0,85.0,0.0,0.0,0.0,13.8,11.25,17.5,1.2095767444334675,2.117006435570164,1032.8882612865275,2403.1708459668575,0.5190958261281535,24.381944444444446
138.0,58987.4,52.3085181,-2.1048502,87.696,29.742,56.98,0.1,0.1,9.0,87.65999000000001,87.62,87.72,87.15999000000001,0.2000122,87.62,0.01937985,-0.009180069,0.0,6.0,3.0,2180.0,85.0,0.0,0.0,0.0,13.8,11.25,17.5,1.2084880909124163,2.115101069481755,1034.09674937744,2405.285947036339,0.5190958261281535,24.36
138.0,58987.5,52.3085371,-2.1048324,87.829,29.821,56.98,0.09,0.1,9.0,87.75,87.7,87.78999,87.44,0.1000061,87.72,0.01937985,0.0,0.0,6.0,3.0,2172.0,85.0,0.0,-0.230011,0.0,13.7,11.25,17.5,1.2132404815799012,2.116638021984122,1035.3099898590199,2407.4025850583234,0.520474636237229,24.396944444444443
138.0,58987.6,52.3085561,-2.1048147,87.67399999999999,29.824,57.0,0.09,0.1,9.0,87.70999,87.78999,87.8,87.23999,0.1000061,87.75,0.01937985,0.0,0.0,6.0,3.0,2183.0,85.0,0.0,0.0,0.0,13.8,11.25,17.5,1.2112099929923559,2.1128391782146867,1036.5211998520122,2409.515424236538,0.5205269961147889,24.353888888888886
138.0,58987.7,52.3085752,-2.1047969,87.962,29.661,57.01,0.1,0.1,9.0,87.83,87.83,87.95,87.36,0.1000061,87.75,0.01937985,-0.009180069,0.0,6.0,3.0,2176.0,85.0,0.0,0.0,0.0,13.8,11.25,17.5,1.2091532500352775,2.123228127233342,1037.7303531020475,2411.638652363771,0.5176821094340381,24.433888888888887
137.0,58987.8,52.3085944,-2.1047791,88.304,29.707,57.04,0.12,0.1,9.0,87.92,87.92,87.92999,87.59999,0.1000061,87.87,0.01937985,0.0,0.0,6.0,3.0,2179.0,85.0,0.0,0.0,0.0,13.8,11.25,18.5,1.215565362440024,2.130508096879855,1038.9459184644875,2413.769160460651,0.5184849608899554,24.52888888888889
138.0,58987.9,52.3086135,-2.1047613000000003,88.06700000000001,29.747,57.05,0.11,0.1,9.0,88.06999,88.01999,88.09999,87.45999,0.0,87.98,0.01937985,0.0,0.0,6.0,3.0,2191.0,85.0,0.0,-0.230011,0.0,13.8,11.25,21.5,1.2137859819601537,2.1239431398083615,1040.1597044464477,2415.8931036004597,0.5191830925907532,24.463055555555556
138.0,58988.0,52.3086325,-2.1047436,87.995,29.663,57.06,0.11,0.1,9.0,88.09,88.03,88.03,87.53,0.0,88.0,0.01937985,0.0,0.0,6.0,3.0,2180.0,85.0,0.0,0.0,0.0,13.8,11.25,23.0,1.209681020100242,2.1239824572083905,1041.369385466548,2418.017086057668,0.5177170160190779,24.443055555555556
138.0,58988.1,52.3086517,-2.1047259,88.204,29.479,57.07,0.11,0.1,9.0,88.06,87.95999,88.20999,87.75999,0.0,88.2,0.01937985,-0.009180069,0.0,6.0,3.0,2192.0,85.0,0.0,0.0,0.0,13.8,11.25,23.5,1.205710764559281,2.132910220570945,1042.5750962311072,2420.149996278239,0.5145056101954084,24.501111111111108
138.0,58988.2,52.3086709,-2.1047081000000003,88.384,29.569000000000003,57.1,0.12,0.1,9.0,88.25,88.3,88.47,87.92,0.1000061,88.25,0.02957988,0.0,0.0,6.0,3.0,2197.0,85.0,0.0,0.0,0.0,13.8,11.25,24.0,1.211526999997025,2.1353624741901416,1043.7866232311042,2422.285358752429,0.5160764065222033,24.551111111111112
138.0,58988.3,52.3086901,-2.1046902000000003,88.492,29.643,57.11,0.11,0.1,9.0,88.56999,88.45,88.40999000000001,87.89,0.1000061,88.39,0.0397799,0.0,0.0,6.0,3.0,2195.0,85.0,0.0,0.0,0.0,13.7,11.25,24.0,1.2157676854300126,2.136403325599371,1045.002390916534,2424.4217620780287,0.5173679501686791,24.581111111111113
138.0,58988.4,52.3087093,-2.1046722,88.45200000000001,29.847,57.12,0.11,0.1,9.0,88.64,88.58,88.7,88.28,0.0,88.59,0.04997993,-0.009180069,0.0,6.0,3.0,2196.0,85.0,0.0,0.0,0.0,13.7,11.25,24.5,1.2228135827449043,2.131097356259111,1046.225204499279,2426.5528594342877,0.5209284218427476,24.570000000000004
138.0,58988.5,52.3087285,-2.1046544,88.51700000000001,29.698,57.14,0.12,0.1,9.0,88.62999,88.75999,88.78,88.22,0.1000061,88.68,0.04997993,-0.009180069,0.0,6.0,3.0,2209.0,85.0,0.0,0.0,0.0,13.7,11.25,24.5,1.218161972403112,2.135838516606961,1047.443366471682,2428.6886979508945,0.518327881257276,24.588055555555556
138.0,58988.6,52.308748,-2.1046367,89.165,29.149,57.16,0.13,0.1,9.0,88.89999,88.89999,88.92999,88.37,0.1000061,88.79,0.04997993,0.0,0.0,6.0,3.0,2200.0,85.0,0.0,0.0,0.0,13.8,11.25,24.5,1.2064085488634166,2.163132953209333,1048.6497750205456,2430.8518309041037,0.5087460236638272,24.768055555555556
138.0,58988.7,52.3087671,-2.1046187,88.65700000000001,29.852,57.15,0.1,0.1,9.0,89.08,89.03,89.06999,88.7,0.1000061,89.03,0.04997993,-0.009180069,0.0,6.0,3.0,2208.0,85.0,0.0,0.0,0.0,13.7,11.25,25.0,1.2258340255722056,2.135929509241111,1049.8756090461177,2432.987760413345,0.5210156883053473,24.626944444444447
138.0,58988.8,52.3087865,-2.1046008,89.05,29.386,57.17,0.1,0.1,9.0,89.17,89.25999,89.2,88.59999,0.0,89.21,0.04997993,0.0,0.0,6.0,3.0,2222.0,85.0,0.0,0.0,0.0,13.7,11.25,25.0,1.2137783665572892,2.1553408096841356,1051.089387412675,2435.143101223029,0.5128824539910537,24.73611111111111
138.0,58988.9,52.308806,-2.104583,89.31200000000001,29.347,57.19,0.12,0.1,9.0,89.37999,89.31999,89.37,88.84999,0.0,89.31,0.04997993,-0.009180069,0.0,6.0,3.0,2213.0,85.0,0.0,0.0,0.0,13.7,11.25,25.0,1.2158778133162453,2.1625103056627624,1052.3052652259912,2437.3056115286918,0.5122017755827759,24.80888888888889
138.0,58989.0,52.3088254,-2.1045653,89.165,28.996,57.18,0.08,0.1,9.099976,89.5,89.45999,89.62,89.23999,0.1000061,89.46,0.04997993,-0.009180069,0.0,6.0,3.0,2222.0,85.0,0.0,0.0,0.0,13.7,11.25,25.0,1.2006279242030626,2.166346774561891,1053.5058931501942,2439.471958303254,0.5060756699082758,24.768055555555556
138.0,58989.1,52.3088449,-2.1045471,89.928,29.711,57.22,0.12,0.1,9.599976,89.64999,89.78999,89.69,89.12,0.1000061,89.61,0.04997993,-0.009180069,0.0,6.0,3.0,2232.0,85.0,0.0,0.0,0.0,13.8,11.25,25.0,1.238072310599463,2.1696038702322844,1054.7439654607936,2441.641562173486,0.5185547740600353,24.979999999999997
138.0,58989.2,52.3088645,-2.1045295,89.32700000000001,28.966,57.2,0.07,0.1,10.5,89.92,89.84,89.78999,89.26999,0.0,89.84,0.04997993,-0.01938009,0.0,6.0,3.0,2237.0,85.0,0.0,0.0,0.0,13.7,11.25,25.0,1.2016727705198391,2.1709122074883727,1055.9456382313133,2443.8124743809744,0.5055520711326775,24.813055555555557
138.0,58989.3,52.3088841,-2.1045117,89.91,29.15,57.22,0.08,0.1,10.89996,90.03,89.97,90.15999,89.67,-0.3999939,89.97,0.04997993,-0.01938009,0.0,6.0,3.0,2231.0,85.0,0.0,0.0,0.0,13.7,11.25,25.5,1.2165265188722583,2.1811853380399717,1057.1621647501856,2445.9936597190144,0.508763476956347,24.974999999999998
138.0,58989.4,52.3089038,-2.1044938,90.14,29.113000000000003,57.22,0.08,0.1,10.89996,90.12999,90.20999,90.19,89.58,-0.2999877999999999,90.13,0.04997993,-0.02958012,0.0,6.0,3.0,2233.0,85.0,0.0,0.0,0.0,13.8,11.25,25.5,1.2182261265211856,2.187552210248346,1058.3803908767068,2448.1812119292626,0.5081177051331092,25.038888888888888
138.0,58989.5,52.3089234,-2.1044757,90.173,29.368,57.23,0.08,0.1,10.89996,90.45,90.36,90.42999,89.83,-0.2999877999999999,90.31,0.04997993,-0.03978014,0.0,6.0,3.0,2252.0,85.0,0.0,0.0,0.0,13.7,11.25,25.5,1.228399475350247,2.1829076022821523,1059.608790352057,2450.364119531545,0.5125682947256947,25.048055555555557
138.0,58989.6,52.308943,-2.1044577,90.259,29.353,57.23,0.06,0.1,10.89996,90.53999,90.59999,90.53999,90.09,-0.5,90.49,0.04997993,-0.03978014,0.0,6.0,3.0,2255.0,85.0,0.0,0.0,0.0,13.8,11.25,25.5,1.2289989562691395,2.1853113159782187,1060.8377893083261,2452.549430847523,0.5123064953378956,25.071944444444444
138.0,58989.7,52.3089628,-2.1044396,90.601,29.358,57.26,0.09,0.1,10.89996,90.62999,90.59999,90.73,90.03,-0.5,90.6,0.04997993,-0.03978014,0.0,6.0,3.0,2245.0,85.0,0.0,0.0,0.0,13.7,11.25,25.5,1.2338471733701026,2.19348400483435,1062.0716364816963,2454.7429148523574,0.5123937618004952,25.166944444444443
138.0,58989.8,52.308982400000005,-2.1044209,91.022,30.184,57.31,0.14,0.1,10.70001,90.78,90.67999,91.0,90.44,-0.3999939,90.74,0.04997993,-0.02958012,0.0,6.0,3.0,2249.0,85.0,0.0,0.0,0.0,13.8,11.25,25.5,1.2712197650416093,2.1855778829463723,1063.342856246738,2456.9284927353037,0.5268101814219684,25.28388888888889
138.0,58989.9,52.3090022,-2.1044028,90.724,29.293000000000003,57.31,0.13,0.1,10.70001,90.87999,90.95,90.95999,90.42999,-0.3999939,90.88,0.04997993,-0.02958012,0.0,6.0,3.0,2261.0,85.0,0.0,0.0,0.0,13.7,11.25,25.5,1.233029643924191,2.1978621225067467,1064.5758858906622,2459.1263548578104,0.511259297786699,25.20111111111111
138.0,58990.0,52.3090219,-2.1043841,91.4,30.09,57.34,0.14,0.1,10.59998,91.20999,91.14999,91.12999,90.42999,-0.3999939,91.07999,0.04997993,-0.03978014,0.0,6.0,3.0,2269.0,85.0,0.0,0.0,0.0,13.7,11.25,25.5,1.2728966531995447,2.19674552472444,1065.8487825438617,2461.323100382535,0.5251695719250937,25.38888888888889
138.0,58990.1,52.3090417,-2.1043657,91.051,29.703000000000003,57.34,0.11,0.1,10.5,91.31999,91.26999,91.39999,90.84,-0.2999877999999999,91.31,0.0397799,-0.03978014,0.0,6.0,3.0,2264.0,85.0,0.0,0.0,0.0,13.7,11.25,25.5,1.253226341338014,2.1968723848201055,1067.1020088851997,2463.519972767355,0.5184151477198757,25.291944444444443
138.0,58990.2,52.3090614,-2.104347,91.422,30.073,57.37,0.15,0.1,9.700012,91.34,91.48,91.45999,90.98,-0.2999877999999999,91.38,0.04997993,-0.02958012,0.0,6.0,3.0,2266.0,85.0,0.0,0.0,0.0,13.7,11.25,25.5,1.2725510392658228,2.1976519520760047,1068.3745599244655,2465.7176247194307,0.5248728659522547,25.395
138.0,58990.3,52.3090813,-2.1043285000000003,91.534,29.715,57.38,0.14,0.1,9.200012,91.62,91.56999,91.64,91.03999,0.1000061,91.52,0.04997993,-0.01938009,0.0,6.0,3.0,2279.0,85.0,0.0,0.0,0.0,13.8,11.25,25.5,1.260336880344869,2.208262260327845,1069.6348968048103,2467.9258869797586,0.5186245872301151,25.426111111111112
138.0,58990.4,52.3091011,-2.1043098,91.843,29.978,57.4,0.15,0.1,9.299988,91.61,91.75,91.78,91.33,0.2000122,91.64,0.04997993,-0.009180069,0.0,6.0,3.0,2281.0,85.0,0.0,0.9499817,0.0,13.7,11.25,23.5,1.2747487798180879,2.20988883017144,1070.9096455846284,2470.1357758099302,0.5232148031628602,25.511944444444445
138.0,58990.5,52.3091209,-2.1042911,91.595,30.055,57.41,0.14,0.1,9.299988,91.84999,91.90999,91.92,91.23999,0.0,91.84,0.04997993,-0.009180069,0.0,6.0,3.0,2275.0,85.0,0.0,0.0,0.0,13.8,11.25,21.5,1.2742673354037197,2.2022110520915037,1072.183912920032,2472.337986862022,0.5245587066868957,25.443055555555553
138.0,58990.6,52.3091409,-2.1042723,92.268,30.05,57.43,0.15,0.1,9.299988,92.03999,91.95999,92.09999,91.58,0.0,92.03,0.0397799,-0.009180069,0.0,6.0,3.0,2278.0,85.0,0.0,0.0,0.0,13.8,11.25,20.5,1.283436498366207,2.2185039451534654,1073.4673494183983,2474.556490807175,0.524471440224296,25.63
138.0,58990.7,52.30916070000001,-2.1042536,91.843,29.947,57.45,0.16,0.1,9.299988,91.98999,92.12,92.15999,91.67999,0.0,92.00999,0.0397799,-0.009180069,0.0,6.0,3.0,2282.0,85.0,0.0,0.0,0.0,13.8,11.25,20.0,1.2735529283712688,2.21057821214296,1074.7409023467696,2476.767069019318,0.5226737510947419,25.511944444444445
138.0,58990.8,52.3091807,-2.1042347,92.56,30.123,57.47,0.17,0.1,9.299988,92.22,92.14999,92.2,91.56,0.0,92.13,0.02957988,-0.009180069,0.0,6.0,3.0,2297.0,86.0,0.0,0.0,0.0,13.8,11.25,20.0,1.2903326562983448,2.223882636689506,1076.0312350030679,2478.990951656008,0.5257455305782519,25.711111111111112
138.0,58990.9,52.3092006,-2.1042159000000003,91.973,30.085,57.5,0.18,0.1,9.099976,92.22,92.23999,92.26999,91.81999,0.0,92.25,0.02957988,-0.009180069,0.0,6.0,3.0,2304.0,85.0,0.0,0.0,0.0,13.8,11.25,19.5,1.2806837200382726,2.2106290136353635,1077.3119187231061,2481.201580669643,0.525082305462494,25.548055555555553
138.0,58991.0,52.3092206,-2.1041973,92.171,29.837,57.51,0.18,0.1,8.599976,92.23,92.25,92.47,91.8,0.3999939,92.17,0.02957988,-0.009180069,0.0,6.0,3.0,2300.0,85.0,0.0,0.0,0.0,13.8,11.25,17.0,1.273839668108497,2.2209225645577733,1078.5857583912145,2483.422503234201,0.5207538889175481,25.603055555555557
138.0,58991.1,52.3092406,-2.1041784,92.617,29.981,57.54,0.2,0.1,8.5,92.37999,92.34999,92.58,91.92999,0.2000122,92.36,0.01937985,0.0,0.0,6.0,3.0,2283.0,85.0,0.0,0.0,0.0,13.8,11.25,15.0,1.2856083125129105,2.228445191444702,1079.8713667037275,2485.6509484256458,0.52326716304042,25.726944444444445
138.0,58991.2,52.3092606,-2.1041594,92.632,30.195,57.55,0.17,0.1,8.5,92.39999,92.48999,92.42,92.08,0.1000061,92.4,0.009180069,0.0,0.0,6.0,3.0,2290.0,85.0,0.0,0.0,0.0,13.8,11.25,14.5,1.2941321391437053,2.2239880387625277,1081.1654988428713,2487.874936464408,0.5270021676396878,25.73111111111111
138.0,58991.3,52.3092806,-2.1041407,92.43,29.904,57.55,0.15,0.1,8.299988,92.45999,92.39999,92.45999,91.8,0.1000061,92.42,0.009180069,0.0,0.0,6.0,3.0,2291.0,85.0,0.0,0.0,0.0,13.8,11.25,14.5,1.2800226558789989,2.2256680458766698,1082.4455214987504,2490.100604510285,0.5219232595163843,25.675
138.0,58991.4,52.3093007,-2.104122,92.527,29.689,57.58,0.17,0.1,8.0,92.34,92.26999,92.62,92.19,0.2000122,92.39,0.009180069,0.009180069,0.0,6.0,3.0,2297.0,85.0,0.0,0.0,0.0,13.8,11.25,14.5,1.2729964743973092,2.2327963316041854,1083.7185179731478,2492.333400841889,0.5181708016245965,25.701944444444443
138.0,58991.5,52.30932070000001,-2.1041033,92.542,29.735,57.62,0.21,0.1,7.599976,92.25,92.26999,92.59999,92.06999,0.3999939,92.2,0.009180069,0.009180069,0.0,6.0,3.0,2294.0,85.0,0.0,0.0,0.0,13.8,11.25,14.0,1.2749953298860364,2.232135388666355,1084.9935133030338,2494.5655362305556,0.5189736530805139,25.70611111111111
138.0,58991.6,52.3093409,-2.1040845,92.797,29.785,57.64,0.2,0.1,7.299988000000001,92.26999,92.25999,92.55,91.83,0.5,92.29,0.009180069,0.0,0.0,6.0,3.0,2286.0,85.0,0.0,0.0,0.0,13.8,11.25,14.0,1.2804613726590928,2.237169488896124,1086.273974675693,2496.8027057194518,0.519846317706511,25.776944444444442
138.0,58991.7,52.3093609,-2.1040656,92.65,29.856,57.65,0.18,0.1,7.299988000000001,92.25999,92.40999,92.37,91.98,0.8999939,92.34,0.0,0.0,0.0,6.0,3.0,2289.0,85.0,0.0,0.0,0.0,13.8,11.25,14.0,1.281199880334528,2.2320396541874787,1087.5551745560274,2499.0347453736395,0.5210855014754271,25.73611111111111
138.0,58991.8,52.3093811,-2.1040474,92.29,29.05,57.66,0.16,0.1,7.299988000000001,92.37999,92.39,92.42999,91.84999,0.8000183000000001,92.32999,0.0,0.009180069,0.0,6.0,3.0,2287.0,85.0,0.0,0.0,0.0,13.8,11.25,16.0,1.2448195311007009,2.2410993427339583,1088.7999940871282,2501.2758447163733,0.5070181477043527,25.636111111111113
138.0,58991.9,52.3094011,-2.1040285,92.668,29.906,57.67,0.15,0.1,7.299988000000001,92.26999,92.3,92.45,92.08,0.6000061,92.34,0.0,0.009180069,0.0,6.0,3.0,2297.0,85.0,0.0,0.0,0.0,13.8,11.25,17.5,1.2833965035517316,2.231354168888675,1090.08339059068,2503.507198885262,0.5219581661014242,25.741111111111113
138.0,58992.0,52.3094212,-2.10401,92.311,29.499,57.68,0.15,0.1,7.299988000000001,92.34999,92.34,92.39,91.95999,0.3000183,92.32999,0.0,0.01937985,0.0,6.0,3.0,2306.0,86.0,0.0,0.0,0.0,13.8,11.25,18.0,1.2626308053567916,2.2317832776243782,1091.3460213960368,2505.7389821628863,0.5148546760458073,25.641944444444444
138.0,58992.1,52.3094414,-2.1039917,92.509,29.119,57.69,0.14,0.1,7.299988000000001,92.37999,92.37,92.50999,91.95999,0.7000122,92.38,0.009180069,0.01937985,0.0,6.0,3.0,2303.0,86.0,0.0,0.0,0.0,13.8,11.25,18.0,1.2504778353204768,2.2449130765312173,1092.5964992313573,2507.9838952394175,0.5082224248882288,25.696944444444444
138.0,58992.2,52.3094615,-2.1039732,92.38,29.402,57.7,0.13,0.1,7.299988000000001,92.31999,92.45999,92.53999,92.17,0.6000061,92.35,0.01937985,0.01937985,0.0,6.0,3.0,2288.0,86.0,0.0,0.0,0.0,13.8,11.25,18.0,1.2597916141294956,2.2355874672078704,1093.8562908454867,2510.2194827066255,0.5131617066713728,25.661111111111108
138.0,58992.3,52.3094817,-2.1039545,93.06,29.486,57.73,0.15,0.1,7.299988000000001,92.50999,92.44,92.53,91.90999,0.6000061,92.46,0.01937985,0.009180069,0.0,6.0,3.0,2292.0,86.0,0.0,0.0,0.0,13.8,11.25,18.0,1.2723651180523712,2.25018043862344,1095.1286559635391,2512.469663145249,0.514627783243048,25.85
138.0,58992.4,52.3095019,-2.1039363,92.423,28.953000000000003,57.74,0.15,0.1,7.299988000000001,92.50999,92.5,92.64999,92.19,0.6000061,92.54,0.009180069,0.009180069,0.0,6.0,3.0,2293.0,86.0,0.0,0.0,0.0,13.8,11.25,18.0,1.2428120874536868,2.24643627349307,1096.371468050993,2514.716099418742,0.5053251783299183,25.673055555555557
138.0,58992.5,52.3095222,-2.1039178,92.934,29.137,57.75,0.14,0.1,7.299988000000001,92.51999,92.59999,92.56999,92.06999,0.7000122,92.57,0.009180069,0.009180069,0.0,6.0,3.0,2304.0,86.0,0.0,0.0,0.0,13.8,11.25,17.5,1.2569311533708365,2.254831773256235,1097.6283992043639,2516.9709311919983,0.5085365841535878,25.814999999999998
138.0,58992.6,52.3095423,-2.1038994,92.502,29.157,57.77,0.15,0.1,7.299988000000001,92.53999,92.59999,92.8,92.17,0.7000122,92.55,0.01937985,0.01937985,0.0,6.0,3.0,2301.0,86.0,0.0,0.0,0.0,13.8,11.25,17.0,1.2518717087349593,2.2439134285593574,1098.880270913099,2519.2148446205574,0.5088856500039867,25.694999999999997
138.0,58992.7,52.3095626,-2.103881,92.887,29.185,57.78,0.14,0.1,7.299988000000001,92.56999,92.73999,92.62,92.31,0.6000061,92.57,0.009180069,0.01937985,0.0,6.0,3.0,2304.0,86.0,0.0,0.0,0.0,13.8,11.25,17.0,1.2581830860103136,2.2526381629590535,1100.1384539991093,2521.4674827835165,0.509374342194545,25.801944444444445
138.0,58992.8,52.3095829,-2.1038626,92.974,28.933000000000003,57.8,0.16,0.1,7.299988000000001,92.75999,92.65999,92.62999,92.01999,0.6000061,92.62,0.009180069,0.01937985,0.0,6.0,3.0,2296.0,86.0,0.0,0.0,0.0,13.8,11.25,17.0,1.2494324792448628,2.260265168302738,1101.3878864783542,2523.7277479518193,0.5049761124795195,25.82611111111111
138.0,58992.9,52.3096032,-2.1038444,92.995,28.844,57.81,0.15,0.1,7.399963,92.67,92.67999,92.73999,92.37,0.6000061,92.67,0.009180069,0.009180069,0.0,6.0,3.0,2297.0,86.0,0.0,0.0,0.0,13.8,11.25,17.0,1.2462014215912207,2.2627142008288774,1102.6340878999454,2525.990462152648,0.5034227694452444,25.831944444444446
138.0,58993.0,52.30962350000001,-2.103826,92.848,28.964,57.85,0.17,0.1,8.399963,92.64999,92.64999,92.75999,92.31,0.6000061,92.65,0.01937985,0.0,0.0,6.0,3.0,2295.0,86.0,0.0,0.0,0.0,13.8,11.25,17.0,1.248960307504382,2.256526594954145,1103.8830482074497,2528.2469887476022,0.5055171645476376,25.79111111111111
138.0,58993.1,52.3096439,-2.1038078,92.977,28.737,57.85,0.16,0.1,9.200012,92.76999,92.7,92.95,92.25,0.2000122,92.72,0.009180069,0.0,0.0,6.0,3.0,2308.0,86.0,0.0,0.0,0.0,13.8,11.25,17.0,1.241733232053674,2.264599119883635,1105.1247814395035,2530.511587867486,0.5015552671456105,25.826944444444443
138.0,58993.2,52.3096642,-2.1037895,93.002,28.753,57.86,0.15,0.1,9.200012,92.75,92.87999,92.86,92.45,-0.1000061,92.75999,0.009180069,0.0,0.0,6.0,3.0,2309.0,86.0,0.0,0.0,0.0,13.8,11.25,17.0,1.242699630859716,2.2648610947905157,1106.3674810703633,2532.7764489622764,0.5018345198259295,25.833888888888886
138.0,58993.3,52.3096845,-2.1037713,92.794,28.747,57.89,0.17,0.1,9.099976,92.87,92.76999,92.92999,92.20999,0.0,92.78,0.009180069,-0.009180069,0.0,6.0,3.0,2308.0,86.0,0.0,0.0,0.0,13.8,11.25,17.0,1.239683667361101,2.2599255397029316,1107.6071647377244,2535.0363745019795,0.5017298000708099,25.77611111111111
138.0,58993.4,52.3097048,-2.1037529,93.11,28.855,57.9,0.16,0.1,9.099976,92.78999,92.81,93.05,92.37,0.0,92.82,0.009180069,0.0,0.0,6.0,3.0,2298.0,86.0,0.0,0.0,0.0,13.8,11.25,17.0,1.2481774303490154,2.265272740076839,1108.8553421680733,2537.3016472420563,0.5036147556629638,25.863888888888887
138.0,58993.5,52.3097252,-2.1037346,93.301,28.816,57.94,0.19,0.1,9.099976,92.87,92.86,92.95999,92.37999,0.0,92.85,0.009180069,0.0,0.0,6.0,3.0,2302.0,86.0,0.0,0.0,0.0,13.8,11.25,17.0,1.2491924881804597,2.270770402492887,1110.1045346562537,2539.572417644549,0.502934077254686,25.916944444444443
138.0,58993.6,52.3097457,-2.1037167,93.085,28.184,57.94,0.16,0.1,9.099976,92.81,92.81,93.08,92.34,0.0,92.86,0.01937985,0.0,0.0,6.0,3.0,2302.0,86.0,0.0,0.0,0.0,13.8,11.25,17.0,1.2212354839811674,2.279122562017266,1111.325770140235,2541.8515402065664,0.49190359638208186,25.85694444444444
138.0,58993.7,52.309766,-2.1036982,93.175,29.082,57.98,0.19,0.1,9.099976,92.81,93.0,92.95999,92.58,0.1000061,92.89,0.009180069,0.0,0.0,6.0,3.0,2313.0,86.0,0.0,-0.230011,0.0,13.8,11.25,17.5,1.2580199988494796,2.261887743622093,1112.5837901390844,2544.1134279501885,0.5075766530649909,25.881944444444443
138.0,58993.8,52.3097865,-2.10368,93.424,28.574,57.98,0.18,0.1,9.099976,92.95,92.89999,93.06999,92.25,0.0,92.92,0.009180069,0.0,0.0,6.0,3.0,2312.0,86.0,0.0,0.0,0.0,13.7,11.25,18.5,1.241224497589551,2.2790268593406076,1113.825014636674,2546.392454809529,0.49871038046485977,25.95111111111111
138.0,58993.9,52.3098068,-2.1036617,92.866,28.91,58.01,0.19,0.1,9.099976,92.95999,93.03999,93.12,92.58,0.0,92.95,0.01937985,-0.009180069,0.0,6.0,3.0,2316.0,86.0,0.0,0.0,0.0,13.7,11.25,20.0,1.2470747444904233,2.258140400024331,1115.0720893811645,2548.6505952095536,0.5045746867515607,25.79611111111111
138.0,58994.0,52.3098272,-2.1036436,93.132,28.578000000000003,58.04,0.2,0.1,9.099976,93.15999,93.09999,93.11,92.59,-0.1000061,93.06,0.01937985,-0.009180069,0.0,6.0,3.0,2319.0,86.0,0.0,0.0,0.0,13.7,11.25,21.0,1.2375036125208059,2.271817292168971,1116.3095929936853,2550.9224125017226,0.49878019363493953,25.87
138.0,58994.1,52.3098476,-2.1036252,93.298,28.865,58.05,0.19,0.1,9.099976,93.19,93.11,93.25999,92.53999,0.0,93.18,0.01937985,-0.009180069,0.0,6.0,3.0,2315.0,86.0,0.0,0.0,0.0,13.8,11.25,22.0,1.2510937907479636,2.2696282686789173,1117.5606867844333,2553.1920407704015,0.5037892885881632,25.91611111111111
138.0,58994.2,52.3098682,-2.103607,93.676,28.543000000000003,58.07,0.2,0.1,9.099976,93.25999,93.34999,93.28,92.92,0.0,93.18999,0.02957988,-0.009180069,0.0,6.0,3.0,2317.0,86.0,0.0,0.0,0.0,13.7,11.25,22.0,1.2433359709724339,2.2858473041421505,1118.8040227554056,2555.4778880745434,0.49816932839674155,26.02111111111111
138.0,58994.3,52.3098886,-2.1035888,93.028,28.635,58.08,0.18,0.1,9.099976,93.47,93.34999,93.44,92.69,0.3000183,93.32999,0.02957988,0.0,0.0,6.0,3.0,2315.0,86.0,0.0,0.0,0.0,13.8,11.25,22.5,1.2383786524708356,2.268049502914877,1120.0424014078765,2557.7459375774583,0.4997750313085763,25.84111111111111
138.0,58994.4,52.3099092,-2.1035706000000003,93.661,28.534,58.09,0.17,0.1,9.099976,93.44,93.42999,93.55,92.92999,0.3000183,93.43999,0.02957988,0.0,0.0,6.0,3.0,2318.0,86.0,0.0,-0.230011,0.0,13.8,11.25,22.5,1.242777862172976,2.285676522945855,1121.2851792700494,2560.031614100404,0.49801224876406197,26.016944444444444
138.0,58994.5,52.3099297,-2.1035524,93.503,28.548,58.1,0.15,0.1,9.099976,93.64,93.53999,93.48,92.98,0.0,93.55,0.02957988,0.0,0.0,6.0,3.0,2329.0,86.0,0.0,0.0,0.0,13.7,11.25,22.5,1.2412388938965186,2.2815175119201476,1122.526418163946,2562.3131316123245,0.49825659485934115,25.973055555555554
138.0,58994.6,52.3099503,-2.1035341,93.823,28.557,58.12,0.16,0.1,9.099976,93.67999,93.64,93.73,93.09,0.0,93.64,0.02957988,-0.009180069,0.0,6.0,3.0,2332.0,86.0,0.0,0.0,0.0,13.8,11.25,22.5,1.245846438997841,2.2891299947118524,1123.7722646029438,2564.6022616070363,0.4984136744920207,26.061944444444443
138.0,58994.7,52.3099708,-2.1035158,93.812,28.61,58.14,0.16,0.1,9.099976,93.70999,93.75,93.78,93.37,0.1000061,93.74,0.02957988,-0.009180069,0.0,6.0,3.0,2331.0,86.0,0.0,-0.230011,0.0,13.8,11.25,22.5,1.247817093239154,2.28770832997888,1125.0200816961828,2566.8899699370154,0.4993386989955777,26.058888888888887
138.0,58994.8,52.3099914,-2.1034973,94.014,28.855,58.16,0.17,0.1,9.099976,93.86,93.8,94.03,93.19,0.1000061,93.84,0.02957988,0.0,0.0,6.0,3.0,2337.0,86.0,0.0,0.0,0.0,13.8,11.25,22.5,1.2602959181272941,2.287266151708559,1126.28037761431,2569.177236088724,0.5036147556629638,26.115
138.0,58994.9,52.310012,-2.1034789000000003,93.902,28.7,58.18,0.17,0.1,9.099976,93.87,93.98999,93.98,93.55,-0.1000061,93.92,0.02957988,0.0,0.0,6.0,3.0,2331.0,86.0,0.0,0.0,0.0,13.8,11.25,22.5,1.252609634914176,2.287938307341172,1127.5329872492243,2571.4651743960653,0.5009094953223726,26.08388888888889
138.0,58995.0,52.3100327,-2.1034608,94.057,28.284,58.18,0.15,0.1,9.099976,94.14,94.06999,94.12999,93.5,-0.1000061,94.04,0.02957988,0.0,0.0,6.0,3.0,2331.0,86.0,0.0,0.0,0.0,13.7,11.25,22.5,1.2380051836928903,2.300764095942997,1128.7709924329172,2573.7659384920084,0.49364892563407614,26.126944444444444
138.0,58995.1,52.3100534,-2.1034423,94.536,28.607,58.2,0.15,0.1,9.0,94.06999,94.2,94.17999,93.73999,0.0,94.15,0.0397799,-0.009180069,0.0,6.0,3.0,2343.0,86.0,0.0,0.0,0.0,13.7,11.25,22.5,1.2573264897073984,2.3054296992708476,1130.0283189226245,2576.0713681912794,0.49928633911801784,26.259999999999998
138.0,58995.2,52.3100741,-2.103424,94.324,28.457,58.23,0.16,0.1,8.899963,94.25,94.23999,94.25999,93.83,0.2000122,94.25,0.02957988,-0.009180069,0.0,6.0,3.0,2339.0,86.0,0.0,0.0,0.0,13.7,11.25,22.5,1.2484805368313643,2.303536104279933,1131.2767994594558,2578.374904295559,0.4966683452400264,26.20111111111111
138.0,58995.3,52.3100947,-2.1034053,94.291,28.994,58.24,0.16,0.1,8.5,94.37,94.36,94.47,93.78,0.1000061,94.32999,0.0397799,0.0,0.0,6.0,3.0,2339.0,86.0,0.0,0.0,0.0,13.8,11.25,22.5,1.2695707650818788,2.2909320396419566,1132.5463702245377,2580.665836335201,0.5060407633232359,26.19194444444444
138.0,58995.4,52.3101155,-2.103387,94.514,28.446,58.27,0.17,0.1,7.899963,94.45999,94.51999,94.40999,94.03,0.1000061,94.42,0.02957988,0.0,0.0,6.0,3.0,2352.0,86.0,0.0,0.0,0.0,13.8,11.25,22.5,1.2505522320230336,2.308416325727108,1133.7969224565607,2582.9742526609284,0.496476359022307,26.253888888888888
138.0,58995.5,52.3101363,-2.1033686,94.752,28.48,58.28,0.16,0.1,8.0,94.59999,94.50999,94.61,94.01999,0.3000183,94.54,0.02957988,0.0,0.0,6.0,3.0,2353.0,86.0,0.0,0.0,0.0,13.8,11.25,22.5,1.255074374914401,2.313484885066947,1135.051996831475,2585.2877375459952,0.49706977096798505,26.319999999999997
138.0,58995.6,52.310157,-2.1033500000000003,94.788,28.703000000000003,58.3,0.18,0.1,8.0,94.59999,94.75,94.67999,94.3,0.2000122,94.61,0.02957988,0.0,0.0,6.0,3.0,2354.0,86.0,0.0,0.0,0.0,13.8,11.25,22.5,1.2645493935252867,2.3094596405511894,1136.3165462250004,2587.5971971865465,0.5009618551999324,26.33
138.0,58995.7,52.3101778,-2.1033315,94.651,28.578000000000003,58.32,0.18,0.1,8.0,94.78999,94.75,94.78,94.15999,0.3000183,94.74,0.02957988,0.0,0.0,6.0,3.0,2359.0,86.0,0.0,0.0,0.0,13.7,11.25,22.5,1.2576875233937506,2.308871048845566,1137.5742337483941,2589.906068235392,0.49878019363493953,26.291944444444443
138.0,58995.8,52.3101986,-2.1033132,94.813,28.401,58.35,0.19,0.1,8.0,94.76999,94.83,94.87999,94.3,0.3000183,94.81,0.02957988,0.0,0.0,6.0,3.0,2361.0,86.0,0.0,0.0,0.0,13.7,11.25,22.5,1.2526892713697526,2.3167036962228575,1138.8269230197639,2592.2227719316147,0.4956909608589095,26.336944444444445
138.0,58995.9,52.3102194,-2.1032945,95.04,28.777,58.37,0.18,0.1,8.0,94.98999,94.92,94.98999,94.64,0.3000183,94.84,0.02957988,0.0,0.0,6.0,3.0,2363.0,86.0,0.0,0.0,0.0,13.8,11.25,22.5,1.270900918976537,2.313959994067442,1140.0978239387405,2594.536731925682,0.5022533988464082,26.400000000000002
138.0,58996.0,52.3102403,-2.1032762000000003,94.907,28.276,58.4,0.2,0.1,8.0,94.98999,95.01999,95.08,94.39999,0.3999939,94.99,0.02957988,0.0,0.0,6.0,3.0,2354.0,86.0,0.0,0.0,0.0,13.8,11.25,22.5,1.2488689646580564,2.321730667275384,1141.3466929033984,2596.8584625929575,0.4935092992939166,26.363055555555555
138.0,58996.1,52.3102613,-2.103258,95.083,28.105,58.4,0.18,0.1,8.0,95.14,95.12,95.11,94.65999,0.3000183,95.07,0.02957988,0.0,0.0,6.0,3.0,2357.0,86.0,0.0,0.0,0.0,13.7,11.25,22.5,1.2442372785959526,2.3297600065063215,1142.5909301819943,2599.1882225994636,0.49052478627300633,26.411944444444444
138.0,58996.2,52.3102822,-2.1032394,95.44,28.414,58.43,0.2,0.1,8.200012,95.22,95.17,95.31,94.48,0.1000061,95.17,0.02957988,0.0,0.0,6.0,3.0,2360.0,86.0,0.0,0.0,0.0,13.8,11.25,22.5,1.261502414091836,2.3317379318219404,1143.8524325960861,2601.5199605312855,0.49591785366166885,26.51111111111111
138.0,58996.3,52.310303100000006,-2.1032208,95.256,28.546,58.45,0.19,0.1,8.599976,95.2,95.34999,95.20999,94.81999,0.3000183,95.27,0.02957988,0.0,0.0,6.0,3.0,2361.0,86.0,0.0,0.0,0.0,13.8,11.25,22.5,1.2644285832386049,2.324335680982679,1145.1168611793248,2603.844296212268,0.4982216882743013,26.46
138.0,58996.4,52.3103241,-2.1032026000000004,95.378,28.141,58.46,0.18,0.1,9.599976,95.36,95.33,95.48999,94.81999,0.1000061,95.34,0.02957988,-0.01938009,0.0,6.0,3.0,2362.0,86.0,0.0,0.0,0.0,13.8,11.25,22.5,1.2495657166204093,2.3362035451592877,1146.3664268959453,2606.1804997574272,0.49115310480372426,26.49388888888889
138.0,58996.5,52.31034509999999,-2.103184,95.609,28.332,58.5,0.21,0.1,9.799988,95.37,95.48,95.53999,94.94,-0.1000061,95.34,0.02957988,-0.01938009,0.0,6.0,3.0,2364.0,86.0,0.0,0.0,0.0,13.7,11.25,22.5,1.260391898863105,2.3376730759881736,1147.6268187948085,2608.5181728334155,0.49448668367503346,26.558055555555555
138.0,58996.6,52.3103662,-2.1031662,95.094,27.641,58.5,0.18,0.1,9.799988,95.61,95.53,95.59999,95.09,-0.2999877999999999,95.46,0.01937985,-0.02958012,0.0,6.0,3.0,2368.0,86.0,0.0,0.0,0.0,13.7,11.25,22.5,1.2254712810407078,2.340030424875806,1148.8522900758492,2610.8582032582913,0.4824264585437526,26.415
138.0,58996.7,52.3103873,-2.1031481000000003,95.436,27.612,58.49,0.15,0.1,9.799988,95.56999,95.59999,95.67,94.92,-0.2999877999999999,95.59,0.02957988,-0.02958012,0.0,6.0,3.0,2370.0,86.0,0.0,0.0,0.0,13.8,11.25,22.5,1.2286898037833653,2.3490684038739267,1150.0809798796324,2613.207271662165,0.48192031306067423,26.51
138.0,58996.8,52.3104083,-2.1031296,95.699,28.266,58.5,0.14,0.1,9.599976,95.65999,95.61,95.69,95.33,-0.1000061,95.61,0.02957988,-0.01938009,0.0,6.0,3.0,2370.0,86.0,0.0,0.0,0.0,13.8,11.25,22.5,1.2588821712700418,2.34132528828353,1151.3398620509024,2615.5485969504484,0.49333476636871715,26.583055555555553
138.0,58996.9,52.310429500000005,-2.1031112,95.918,28.1,58.52,0.14,0.1,9.599976,95.76999,95.7,95.87,95.06,0.0,95.67,0.02957988,-0.01938009,0.0,6.0,3.0,2373.0,86.0,0.0,0.0,0.0,13.8,11.25,22.5,1.2549588228556492,2.3503290204078513,1152.594820873758,2617.8989259708565,0.4904375198104066,26.64388888888889
137.0,58997.0,52.3104504,-2.1030926,95.508,28.427,58.55,0.16,0.1,9.5,95.90999,95.89,95.84,95.37999,-0.2999877999999999,95.77,0.02957988,-0.01938009,0.0,6.0,3.0,2386.0,86.0,0.0,0.0,0.0,13.7,11.25,22.5,1.2629306203456339,2.3331127808559518,1153.8577514941037,2620.2320387517125,0.4961447464644281,26.529999999999998
137.0,58997.1,52.3104716,-2.1030739,96.293,28.372,58.56,0.15,0.1,9.200012,96.03999,95.95,95.95999,95.2,-0.2999877999999999,95.97,0.02957988,0.0,0.0,6.0,3.0,2390.0,86.0,0.0,0.0,0.0,13.7,11.25,22.5,1.2710522864843308,2.353510323974344,1155.128803780588,2622.5855490756867,0.4951848153758312,26.748055555555556
137.0,58997.2,52.310492700000005,-2.1030554,96.131,28.248,58.56,0.13,0.1,9.0,95.98,96.11,95.95999,95.47,0.0,95.99,0.02957988,0.0,0.0,6.0,3.0,2389.0,86.0,0.0,0.0,0.0,13.8,11.25,22.5,1.2638260271423714,2.3522915493510563,1156.3926298077304,2624.9378406250376,0.4930206071033582,26.703055555555554
137.0,58997.3,52.3105139,-2.1030372,95.764,27.856,58.58,0.14,0.1,8.799988,96.12999,96.06999,96.3,95.53,0.0,96.07,0.02957988,-0.01938009,0.0,6.0,3.0,2391.0,86.0,0.0,0.0,0.0,13.7,11.25,22.5,1.2429395583333576,2.351869974676931,1157.6355693660637,2627.2897105997145,0.48617891643554045,26.60111111111111
137.0,58997.4,52.310535,-2.1030184000000003,96.329,28.464,58.59,0.13,0.1,8.899963,96.14,96.25,96.20999,95.53999,0.2000122,96.24,0.02957988,-0.01938009,0.0,6.0,3.0,2396.0,86.0,0.0,0.0,0.0,13.8,11.25,22.5,1.2753062911645343,2.3523454752349062,1158.9108756572282,2629.6420560749493,0.49679051828766596,26.758055555555554
137.0,58997.5,52.3105563,-2.1029999,96.53,28.138,58.6,0.14,0.1,8.899963,96.37999,96.25999,96.48999,96.03,0.0,96.24,0.02957988,0.0,0.0,6.0,3.0,2394.0,86.0,0.0,0.0,0.0,13.8,11.25,22.5,1.264534490016902,2.3644870261886584,1160.1754101472452,2632.006543101138,0.49110074492616446,26.81388888888889
137.0,58997.6,52.31057740000001,-2.102981,96.62,28.555,58.63,0.16,0.1,8.899963,96.42999,96.42,96.45,95.75,-0.2999877999999999,96.36,0.02957988,0.0,0.0,6.0,3.0,2400.0,86.0,0.0,0.0,0.0,13.7,11.25,22.5,1.2829046435613547,2.3574170703186885,1161.4583147908065,2634.3639601714567,0.4983787679069808,26.83888888888889
137.0,58997.7,52.3105987,-2.1029623,96.844,28.39,58.62,0.12,0.1,8.899963,96.64,96.48,96.59,96.12,-0.1999817,96.53,0.02957988,-0.009180069,0.0,6.0,3.0,2401.0,86.0,0.0,0.0,0.0,13.8,11.25,22.5,1.279068943641474,2.3665756754296576,1162.737383734448,2636.730535846886,0.4954989746411902,26.90111111111111
137.0,58997.8,52.31062,-2.1029437,96.498,28.208,58.67,0.17,0.1,8.899963,96.56999,96.61,96.64999,95.95,0.0,96.59,0.02957988,-0.009180069,0.0,6.0,3.0,2403.0,86.0,0.0,0.0,0.0,13.8,11.25,22.5,1.26700215692036,2.362157019412375,1164.0043858913684,2639.0926928662984,0.49232247540256047,26.805
137.0,58997.9,52.3106412,-2.1029251,96.44,28.256,58.66,0.14,0.1,8.899963,96.70999,96.64,96.70999,96.28,0.1000061,96.63,0.02957988,-0.009180069,0.0,6.0,3.0,2406.0,86.0,0.0,0.0,0.0,13.8,11.25,22.5,1.2682179089201036,2.35967561637329,1165.2726038002886,2641.452368482672,0.4931602334435178,26.788888888888888
137.0,58998.0,52.3106627,-2.102907,96.991,27.528,58.67,0.13,0.1,8.899963,96.7,96.69,96.86,96.2,0.0,96.73,0.02957988,0.0,0.0,6.0,3.0,2406.0,86.0,0.0,0.0,0.0,13.8,11.25,22.5,1.2452082665668207,2.3891714206705563,1166.5178120668554,2643.8415399033424,0.48045423648899904,26.941944444444445
137.0,58998.1,52.3106838,-2.1028879,96.764,28.601,58.71,0.17,0.1,8.0,96.90999,96.86,96.86,96.37999,-0.1000061,96.85,0.02957988,-0.009180069,0.0,6.0,3.0,2411.0,86.0,0.0,0.0,0.0,13.7,11.25,22.5,1.2867117143501887,2.3598982272899702,1167.8045237812055,2646.2014381306326,0.4991816193628982,26.878888888888888
137.0,58998.2,52.31070509999999,-2.1028691,96.901,28.457,58.73,0.17,0.1,7.200011999999999,96.92999,96.86,97.09999,96.48,0.0,96.87,0.02957988,0.0,0.0,6.0,3.0,2400.0,86.0,0.0,0.0,0.0,13.7,11.25,22.5,1.2825899293869645,2.366470379127579,1169.0871137105923,2648.5679085097604,0.4966683452400264,26.916944444444443
137.0,58998.3,52.3107265,-2.1028502,97.243,28.427,58.75,0.17,0.1,7.099976,96.98,96.98,96.97,96.51999,0.5,96.96,0.02957988,0.0,0.0,6.0,3.0,2415.0,86.0,0.0,0.0,0.0,13.7,11.25,22.5,1.2858730401041845,2.3754961484773562,1170.3729867506966,2650.943404658238,0.4961447464644281,27.011944444444442
137.0,58998.4,52.3107478,-2.1028315,97.02,28.236,58.75,0.15,0.1,7.200011999999999,97.08,97.05,97.22,96.67,0.6000061,97.04,0.02957988,0.0,0.0,6.0,3.0,2415.0,86.0,0.0,0.0,0.0,13.8,11.25,22.5,1.2750163872271632,2.37431215561522,1171.6480031379238,2653.317716813853,0.4928111675931189,26.95
137.0,58998.5,52.3107692,-2.1028126,97.531,28.397,58.78,0.17,0.1,7.200011999999999,97.12999,97.28999,97.22,96.58,0.5,97.17,0.02957988,0.0,0.0,6.0,3.0,2420.0,86.0,0.0,0.0,0.0,13.7,11.25,23.5,1.288433682222557,2.3832064921703835,1172.9364368201464,2655.7009233060235,0.49562114768882976,27.091944444444444
137.0,58998.6,52.3107906,-2.1027938,97.304,28.189,58.8,0.18,0.1,6.799988000000001,97.3,97.25,97.36,96.92,0.3000183,97.28,0.02957988,0.0,0.0,6.0,3.0,2423.0,86.0,0.0,0.0,0.0,13.7,11.25,24.5,1.2767948645554825,2.3823104792456755,1174.213231684702,2658.083233785269,0.4919908628446816,27.02888888888889
137.0,58998.7,52.31081210000001,-2.1027751,97.355,28.186,58.81,0.17,0.1,5.899963,97.34,97.5,97.37999,96.78999,0.5,97.29,0.02957988,0.009180069,0.0,6.0,3.0,2413.0,86.0,0.0,0.0,0.0,13.7,11.25,24.5,1.2773392671479187,2.3836260055660285,1175.4905709518498,2660.466859790835,0.4919385029671217,27.043055555555554
137.0,58998.8,52.3108336,-2.1027564,97.6,28.14,58.83,0.17,0.1,5.599976,97.59999,97.55,97.50999,97.03999,0.8999939,97.46,0.02957988,0.01937985,0.0,6.0,3.0,2417.0,86.0,0.0,0.0,0.0,13.8,11.25,25.5,1.2786348459587766,2.390651875010265,1176.7692057978086,2662.8575116658453,0.49113565151120436,27.111111111111107
137.0,58998.9,52.3108551,-2.1027375,97.697,28.223000000000003,58.86,0.18,0.1,5.700012,97.45999,97.61,97.40999,96.92999,1.100006,97.55,0.0397799,0.01937985,0.0,6.0,3.0,2418.0,86.0,0.0,0.0,0.0,13.7,11.25,26.0,1.2833708720079877,2.391171218931354,1178.0525766698165,2665.248682884777,0.49258427479035966,27.138055555555557
137.0,58999.0,52.3108766,-2.1027185,97.859,28.301,58.88,0.19,0.1,6.099976,97.65999,97.64,97.73999,97.36,0.8999939,97.63,0.0397799,0.02957988,0.0,6.0,3.0,2420.0,86.0,0.0,0.0,0.0,13.7,11.25,26.0,1.288758385103317,2.3933839888722597,1179.34133505492,2667.642066873649,0.4939456316069152,27.183055555555555
136.0,58999.1,52.3108982,-2.1026998,98.014,28.04,58.89,0.18,0.1,7.5,97.69,97.83,97.73,97.15999,0.5,97.7,0.0397799,0.01937985,0.0,6.0,3.0,2420.0,86.0,0.0,0.0,0.0,13.7,11.25,26.0,1.279866436369971,2.4030299971909024,1180.6212014912899,2670.04509687084,0.48939032225921,27.22611111111111
136.0,58999.2,52.31091979999999,-2.1026812,97.974,27.785,58.91,0.19,0.1,7.899963,98.05,97.92,97.8,97.39999,0.0,97.99,0.02957988,0.009180069,0.0,6.0,3.0,2431.0,86.0,0.0,0.0,0.0,13.7,11.25,26.5,1.2686409457197028,2.407719335978224,1181.8898424370095,2672.452816206818,0.4849397326666245,27.215
136.0,58999.3,52.3109414,-2.1026625,97.942,28.017,58.92,0.17,0.1,7.700011999999999,98.01999,98.08,98.01999,97.5,0.0,98.04,0.0397799,0.009180069,0.0,6.0,3.0,2432.0,86.0,0.0,0.0,0.0,13.7,11.25,26.5,1.2779622281735552,2.401777958359789,1183.167804665183,2674.854594165178,0.4889888965312513,27.20611111111111
136.0,58999.4,52.3109631,-2.1026439,98.179,27.626,58.95,0.19,0.1,7.700011999999999,98.20999,98.14,98.23,97.81999,0.3000183,98.09,0.0397799,0.0,0.0,6.0,3.0,2433.0,86.0,0.0,0.0,0.0,13.8,11.25,26.5,1.2645949744875136,2.4162758717310338,1184.4323996396704,2677.270870036909,0.4821646591559535,27.271944444444443
136.0,58999.5,52.3109849,-2.1026252000000003,98.456,27.772,58.97,0.2,0.1,7.700011999999999,98.25,98.20999,98.34999,97.70999,0.0,98.24,0.0397799,0.0,0.0,6.0,3.0,2435.0,86.0,0.0,0.0,0.0,13.7,11.25,26.5,1.2743332291887992,2.4198537260655137,1185.7067328688593,2679.6907237629744,0.48471283986386515,27.34888888888889
136.0,58999.6,52.311006600000006,-2.1026066,98.309,27.725,58.99,0.19,0.1,7.700011999999999,98.39999,98.31,98.45,97.98,0.3999939,98.31,0.0397799,0.0,0.0,6.0,3.0,2437.0,86.0,0.0,0.0,0.0,13.7,11.25,26.5,1.270448100823568,2.417283724631198,1186.9771809696829,2682.1080074876054,0.4838925351154279,27.308055555555555
136.0,58999.7,52.311028400000005,-2.1025878,98.604,27.739,59.01,0.19,0.1,7.700011999999999,98.42999,98.53999,98.42999,97.75999,0.3999939,98.47,0.0397799,0.0,0.0,6.0,3.0,2454.0,86.0,0.0,0.0,0.0,13.7,11.25,26.5,1.2748527766993474,2.4242259378494335,1188.2520337463823,2684.5322334254547,0.4841368812107071,27.39
136.0,58999.8,52.3110502,-2.1025691,98.741,27.668000000000003,59.04,0.2,0.1,7.700011999999999,98.59,98.58,98.56,97.95999,0.2000122,98.59,0.0397799,0.009180069,0.0,6.0,3.0,2455.0,86.0,0.0,0.0,0.0,13.8,11.25,26.5,1.2736148373346345,2.4291742551137605,1189.525648583717,2686.9614076805683,0.4828976974417912,27.428055555555556
136.0,58999.9,52.311072,-2.1025504,98.744,27.801,59.05,0.2,0.1,7.700011999999999,98.73999,98.83,98.81,98.12,0.1000061,98.74,0.04997993,0.0,0.0,6.0,3.0,2456.0,86.0,0.0,0.0,0.0,13.8,11.25,26.5,1.2792890805712065,2.426285000802956,1190.8049376642882,2689.3876926813714,0.4852189853469435,27.42888888888889
136.0,59000.0,52.3110939,-2.1025316,98.924,27.754,59.07,0.2,0.1,7.700011999999999,98.87999,98.81999,98.78999,98.3,0.3999939,98.88,0.0397799,0.009180069,0.0,6.0,3.0,2463.0,86.0,0.0,0.0,0.0,13.7,11.25,26.0,1.2796267387854008,2.4317583669156875,1192.0845644030737,2691.819451048287,0.48439868059850627,27.47888888888889
137.0,59000.1,52.3111158,-2.1025129,99.068,27.63,59.1,0.21,0.1,7.700011999999999,98.92999,98.94,99.19,98.69,0.3999939,98.9,0.04997993,0.009180069,0.0,6.0,3.0,2464.0,86.0,0.0,0.0,0.0,13.7,11.25,21.5,1.2762159545111489,2.438065892104092,1193.3607803575849,2694.2575169403913,0.4822344723260332,27.51888888888889
137.0,59000.2,52.3111378,-2.1024941,99.245,27.622,59.12,0.21,0.1,7.700011999999999,99.09,98.98999,99.15999,98.64,0.2000122,99.09,0.0397799,0.01937985,0.0,6.0,3.0,2448.0,86.0,0.0,0.0,0.0,13.7,11.25,18.5,1.278155068891396,2.442600354337403,1194.6389354264763,2696.700117294729,0.4820948459858737,27.568055555555556
137.0,59000.3,52.3111598,-2.1024755,99.378,27.423,59.13,0.2,0.1,7.700011999999999,99.15999,99.15999,99.26999,98.67999,0.1000061,99.13,0.02957988,0.009180069,0.0,6.0,3.0,2452.0,86.0,0.0,0.0,0.0,13.8,11.25,17.5,1.2713652234559396,2.450304209396627,1195.9103006499322,2699.1504215041255,0.47862164077440494,27.605
137.0,59000.4,52.31118179999999,-2.1024568,99.432,27.488000000000003,59.15,0.2,0.1,8.099976,99.22,99.17999,99.19,98.70999,0.3999939,99.23,0.01937985,0.009180069,0.0,6.0,3.0,2459.0,86.0,0.0,0.0,0.0,13.8,11.25,17.5,1.2748365309211795,2.450190976113669,1197.1851371808534,2701.6006124802393,0.47975610478820135,27.62
137.0,59000.5,52.3112039,-2.1024380000000003,99.497,27.472,59.17,0.19,0.1,9.200012,99.12999,99.20999,99.31999,98.62999,0.2000122,99.18999,0.009180069,-0.009180069,0.0,6.0,3.0,2459.0,86.0,0.0,0.0,0.0,13.8,11.25,17.5,1.2749851888362072,2.452148836667149,1198.4601223696895,2704.0527613169065,0.4794768521078822,27.638055555555553
137.0,59000.6,52.3112259,-2.1024193,99.4,27.515,59.2,0.21,0.1,9.299988,99.28,99.22,99.39999,98.8,0.0,99.18999,0.01937985,-0.009180069,0.0,6.0,3.0,2462.0,86.0,0.0,0.0,0.0,13.8,11.25,17.5,1.2755803650105375,2.4488016049285863,1199.7357027347,2706.501562921835,0.48022734368623976,27.61111111111111
137.0,59000.7,52.3112479,-2.1024006,99.425,27.386,59.22,0.2,0.1,9.299988,99.26999,99.31,99.39999,98.70999,0.0,99.31,0.009180069,-0.009180069,0.0,6.0,3.0,2475.0,86.0,0.0,0.0,0.0,13.8,11.25,17.5,1.270383154204059,2.4522839493443818,1201.006085888904,2708.9538468711794,0.47797586895116706,27.618055555555554
137.0,59000.8,52.3112699,-2.1023819,99.533,27.441,59.24,0.2,0.1,9.099976,99.31,99.37,99.37,98.73,0.0,99.28,0.01937985,0.0,0.0,6.0,3.0,2474.0,86.0,0.0,0.0,0.0,13.8,11.25,17.5,1.2741190970579144,2.4537257969347737,1202.280204985962,2711.407572668114,0.47893580003976394,27.648055555555555
137.0,59000.9,52.311292,-2.1023632,99.526,27.477,59.27,0.21,0.1,9.099976,99.26999,99.31999,99.42999,98.75999,0.0,99.31,0.01937985,0.0,0.0,6.0,3.0,2475.0,86.0,0.0,0.0,0.0,13.8,11.25,17.5,1.275570851633259,2.452752249645817,1203.5557758375953,2713.86032491776,0.4795641185704819,27.64611111111111
137.0,59001.0,52.3113141,-2.1023445,99.749,27.308000000000003,59.29,0.2,0.1,9.099976,99.47,99.36,99.53999,98.89,-0.1999817,99.36,0.01937985,0.0,0.0,6.0,3.0,2476.0,86.0,0.0,0.0,0.0,13.8,11.25,17.5,1.2711725071886082,2.46200809983748,1204.826948344784,2716.3223330175974,0.4766145121346116,27.708055555555553
137.0,59001.1,52.3113362,-2.1023257,99.904,27.357,59.31,0.2,0.1,9.0,99.45999,99.42999,99.56,98.95,0.0,99.5,0.009180069,0.0,0.0,6.0,3.0,2468.0,86.0,0.0,0.0,0.0,13.8,11.25,19.0,1.275256125702294,2.4647441029184183,1206.1022044704862,2718.7870771205157,0.47746972346808875,27.751111111111108
137.0,59001.2,52.3113583,-2.102307,99.544,27.442,59.33,0.19,0.1,8.899963,99.56,99.48999,99.64,99.06999,0.1000061,99.48,0.009180069,-0.009180069,0.0,6.0,3.0,2473.0,86.0,0.0,0.0,0.0,13.8,11.25,20.5,1.2743027378774299,2.4539747327607535,1207.3765072083636,2721.2410518532765,0.4789532533322839,27.65111111111111
137.0,59001.3,52.3113804,-2.1022882,99.677,27.428,59.35,0.2,0.1,8.899963,99.50999,99.58,99.64999,99.06999,0.1000061,99.55,0.01937985,0.0,0.0,6.0,3.0,2475.0,86.0,0.0,0.0,0.0,13.7,11.25,21.0,1.2754048659364154,2.457565183758312,1208.6519120743,2723.6986170370346,0.4787089072370047,27.688055555555557
137.0,59001.4,52.3114025,-2.1022694,99.846,27.465,59.37,0.19,0.1,8.899963,99.70999,99.61,99.76999,99.15999,0.0,99.61,0.01937985,0.0,0.0,6.0,3.0,2473.0,86.0,0.0,0.0,0.0,13.7,11.25,21.0,1.279156735391001,2.4609063973064553,1209.9310688096912,2726.1595234343413,0.4793546790602426,27.735
137.0,59001.5,52.3114246,-2.1022506,99.961,27.442,59.39,0.19,0.1,8.899963,99.78999,99.84,99.75,99.17999,0.0,99.77,0.02957988,0.0,0.0,6.0,3.0,2484.0,86.0,0.0,0.0,0.0,13.8,11.25,21.0,1.279640922415874,2.464254683973898,1211.210709732107,2728.6237781183154,0.4789532533322839,27.766944444444444
137.0,59001.6,52.3114468,-2.1022318,99.958,27.426,59.41,0.19,0.1,9.0,99.87999,99.84,99.86,99.15999,0.0,99.85,0.02957988,0.0,0.0,6.0,3.0,2474.0,86.0,0.0,0.0,0.0,13.8,11.25,21.5,1.278914339253543,2.4645379638377154,1212.4896240713606,2731.088316082153,0.4786740006519648,27.76611111111111
137.0,59001.7,52.3114689,-2.1022131,99.85,27.432,59.44,0.2,0.1,9.299988,99.83,99.89,99.95999,99.37,0.1000061,99.88,0.02957988,0.0,0.0,6.0,3.0,2486.0,86.0,0.0,0.0,0.0,13.7,11.25,21.5,1.2777903313647891,2.461741348060286,1213.7674144027253,2733.550057430213,0.47877872040708447,27.736111111111107
137.0,59001.8,52.3114912,-2.1021943,100.372,27.338,59.47,0.21,0.1,9.299988,100.1,100.03,100.21,99.48999,0.0,99.99,0.02957988,-0.009180069,0.0,6.0,3.0,2491.0,86.0,0.0,0.0,0.0,13.7,11.25,21.5,1.2804088199916777,2.476714925377718,1215.047823222717,2736.0267723555908,0.47713811091020986,27.88111111111111
137.0,59001.9,52.3115134,-2.1021755,100.242,27.441,59.48,0.2,0.1,9.299988,100.17,100.14,100.21,99.67,0.0,100.12,0.02957988,0.0,0.0,6.0,3.0,2483.0,86.0,0.0,0.0,0.0,13.8,11.25,21.5,1.2831949858567455,2.471204337620041,1216.3310182085736,2738.4979766932106,0.47893580003976394,27.845
137.0,59002.0,52.3115356,-2.1021567,100.26,27.405,59.5,0.2,0.1,9.299988,100.27,100.16,100.4,99.73,0.0,100.2,0.02957988,-0.009180069,0.0,6.0,3.0,2485.0,86.0,0.0,0.0,0.0,13.7,11.25,21.5,1.2818721678176326,2.4724539925698363,1217.6128903763913,2740.9704306857802,0.478307481509046,27.85
137.0,59002.1,52.3115579,-2.1021379,100.408,27.355,59.52,0.21,0.1,9.299988,100.14,100.31,100.37,99.75,0.0,100.27,0.02957988,-0.009180069,0.0,6.0,3.0,2486.0,86.0,0.0,0.0,0.0,13.7,11.25,21.5,1.2816031220865876,2.477223087971968,1218.894493498478,2743.4476537737523,0.47743481688304884,27.891111111111112
137.0,59002.2,52.3115802,-2.102119,100.516,27.456,59.54,0.2,0.1,9.399963,100.45,100.34,100.61,99.84999,0.0,100.32,0.02957988,0.0,0.0,6.0,3.0,2500.0,86.0,0.0,-0.9500122,0.0,13.8,11.25,21.5,1.2873511361208134,2.4776221481732392,1220.1818446345987,2745.9252759219257,0.4791975994275631,27.921111111111113
137.0,59002.3,52.311602500000006,-2.1021002,100.75,27.367,59.57,0.21,0.1,9.5,100.33,100.46,100.55,99.90999,-0.1000061,100.39,0.02957988,0.0,0.0,6.0,3.0,2500.0,86.0,0.0,0.0,0.0,13.8,11.25,21.5,1.2864889618179067,2.485391378104312,1221.4683335964166,2748.41066730003,0.47764425639328817,27.98611111111111
138.0,59002.4,52.3116248,-2.1020812,100.775,27.393,59.58,0.2,0.1,9.599976,100.61,100.61,100.7,100.06,0.0,100.53,0.02957988,0.0,0.0,6.0,3.0,2504.0,86.0,0.0,0.0,0.0,13.8,11.25,21.5,1.2879361720099867,2.4854239095559656,1222.7562697684266,2750.8960912095863,0.4780980419988067,27.993055555555557
138.0,59002.5,52.3116472,-2.1020624,100.969,27.271,59.59,0.18,0.1,9.599976,100.69,100.81,100.42,99.78999,-0.1000061,100.71,0.01937985,-0.009180069,0.0,6.0,3.0,2499.0,86.0,0.0,0.0,0.0,13.8,11.25,22.0,1.2851102263953047,2.492950587699591,1224.041379994822,2753.3890417972857,0.47596874031137365,28.046944444444442
138.0,59002.6,52.3116696,-2.1020435,100.667,27.389,59.61,0.19,0.1,9.599976,100.73,100.69,100.95,100.31,0.1000061,100.78,0.02957988,-0.01938009,0.0,6.0,3.0,2497.0,86.0,0.0,0.0,0.0,13.7,11.25,22.0,1.2863825655654293,2.4828501072437237,1225.3277625603873,2755.8718919045295,0.4780282288287269,27.963055555555556
138.0,59002.7,52.3116919,-2.1020245,100.775,27.512,59.63,0.19,0.1,9.599976,100.86,100.91,101.01,100.21,0.0,100.71,0.02957988,-0.009180069,0.0,6.0,3.0,2500.0,86.0,0.0,0.0,0.0,13.7,11.25,22.0,1.293095471255792,2.4827435823262056,1226.6208580316431,2758.354635486856,0.48017498380867996,27.993055555555557
138.0,59002.8,52.3117144,-2.1020056,101.444,27.294,59.66,0.21,0.1,9.599976,100.95,100.88,101.05,100.37,0.0,100.95,0.02957988,-0.01938009,0.0,6.0,3.0,2514.0,86.0,0.0,0.0,0.0,13.8,11.25,22.0,1.2921612555434772,2.504159954914175,1227.9130192871867,2760.85879544177,0.4763701660393323,28.17888888888889
138.0,59002.9,52.31173679999999,-2.1019866,101.056,27.489,59.68,0.2,0.1,9.599976,101.02,101.11,101.13,100.36,-0.1000061,101.02,0.02957988,-0.009180069,0.0,6.0,3.0,2516.0,86.0,0.0,0.0,0.0,13.8,11.25,22.0,1.2957016050950434,2.49018676823197,1229.2087208922817,2763.348982210002,0.47977355808072125,28.071111111111108
138.0,59003.0,52.31175929999999,-2.1019675,101.416,27.401,59.7,0.21,0.1,9.599976,101.16,101.12,101.28,100.58,-0.1000061,101.1,0.0397799,-0.009180069,0.0,6.0,3.0,2516.0,86.0,0.0,0.0,0.0,13.8,11.25,22.0,1.2964775788344352,2.501051958661651,1230.505198471116,2765.8500341686636,0.47823766833896625,28.17111111111111
138.0,59003.1,52.31178179999999,-2.1019485,101.434,27.382,59.72,0.2,0.1,9.599976,101.28,101.28,101.2,100.5,-0.1000061,101.23,0.02957988,-0.009180069,0.0,6.0,3.0,2510.0,86.0,0.0,0.0,0.0,13.8,11.25,22.0,1.2958780877507587,2.5019257293421457,1231.8010765588667,2768.3519598980056,0.47790605578108736,28.17611111111111
138.0,59003.2,52.31180429999999,-2.1019295,101.426,27.392,59.73,0.19,0.1,9.0,101.41,101.37,101.48,100.97,-0.2999877999999999,101.32,0.02957988,-0.009180069,0.0,6.0,3.0,2512.0,86.0,0.0,0.0,0.0,13.7,11.25,22.0,1.2962124973567226,2.5015022112584306,1233.0972890562234,2770.853462109264,0.4780805887062867,28.17388888888889
138.0,59003.3,52.31182679999999,-2.1019104,101.545,27.47,59.75,0.2,0.1,8.700012,101.5,101.47,101.44,100.66,0.1000061,101.5,0.02957988,-0.009180069,0.0,6.0,3.0,2527.0,86.0,0.0,0.0,0.0,13.7,11.25,22.0,1.30114153252127,2.5026681484503603,1234.3984305887448,2773.3561302577145,0.4794419455228423,28.206944444444446
138.0,59003.4,52.3118492,-2.1018914000000004,101.448,27.459,59.78,0.21,0.1,8.599976,101.5,101.56,101.66,101.18,0.3000183,101.55,0.0397799,0.0,0.0,6.0,3.0,2529.0,86.0,0.0,0.0,0.0,13.8,11.25,22.0,1.2994185853348754,2.5005270124688335,1235.6978491740797,2775.8566572701834,0.47924995930512293,28.179999999999996
138.0,59003.5,52.3118719,-2.1018722000000003,102.046,27.476,59.8,0.21,0.1,8.700012,101.64,101.57,101.82,100.97,0.1000061,101.58,0.0397799,0.0,0.0,6.0,3.0,2528.0,86.0,0.0,0.0,0.0,13.8,11.25,21.5,1.3078244344120362,2.5148788042347903,1237.0056736084916,2778.371536074418,0.47954666527796197,28.346111111111114
138.0,59003.6,52.3118945,-2.101853,102.132,27.382,59.83,0.21,0.1,8.700012,101.7,101.75,101.81,101.33,0.0,101.65,0.0397799,0.0,0.0,6.0,3.0,2519.0,86.0,0.0,0.0,0.0,13.8,11.25,18.5,1.304795441944126,2.519142285517401,1238.3104690504358,2780.8906783599355,0.47790605578108736,28.37
138.0,59003.7,52.3119171,-2.1018338,102.038,27.468000000000004,59.85,0.21,0.1,8.700012,101.85,101.79,101.91,101.1,0.0,101.78,0.01937985,-0.009180069,0.0,6.0,3.0,2514.0,86.0,0.0,0.0,0.0,13.8,11.25,16.0,1.307370777643455,2.514864215662694,1239.6178398280792,2783.4055425755982,0.4794070389378025,28.343888888888888
138.0,59003.8,52.3119397,-2.1018147000000003,101.876,27.46,59.87,0.21,0.1,8.399963,101.8,101.93,101.74,101.31,0.1000061,101.83,0.009180069,0.0,0.0,6.0,3.0,2533.0,86.0,0.0,0.0,0.0,13.8,11.25,15.0,1.3049445419875287,2.51105373614221,1240.9227843700667,2785.9165963117402,0.4792674125976429,28.29888888888889
138.0,59003.9,52.3119623,-2.1017955,101.984,27.482,59.9,0.21,0.1,7.5,101.78,101.73,102.07,101.31,0.1000061,101.74,0.009180069,0.0,0.0,6.0,3.0,2529.0,86.0,0.0,0.0,0.0,13.8,11.25,13.5,1.3072930309686273,2.513213955868259,1242.2300774010353,2788.4298102676084,0.47965138503308163,28.328888888888887
138.0,59004.0,52.3119847,-2.1017766,101.372,27.35,59.95,0.25,0.1,7.0,101.74,101.85,101.93,101.52,0.5,101.77,0.0,0.01937985,0.0,6.0,3.0,2532.0,86.0,0.0,0.0,0.0,13.8,11.25,12.5,1.2936893151044089,2.5011193875048403,1243.5237667161396,2790.9309296551132,0.47734755042044913,28.15888888888889
138.0,59004.1,52.3120074,-2.1017575,102.06,27.204,59.98,0.25,0.1,7.099976,101.69,101.67,101.96,101.33,0.6000061,101.73,0.0,0.02957988,0.0,6.0,3.0,2519.0,86.0,0.0,0.0,0.0,13.8,11.25,12.5,1.296048653641784,2.521404943160325,1244.8198153697813,2793.4523345982734,0.47479936971253744,28.35
138.0,59004.2,52.31203,-2.1017385,101.905,27.236,60.0,0.25,0.1,7.099976,101.56,101.74,101.75,101.24,0.6000061,101.61,0.0,0.01937985,0.0,6.0,3.0,2517.0,86.0,0.0,0.0,0.0,13.8,11.25,13.0,1.2954862033751033,2.5168525055460447,1246.1153015731563,2795.9691871038194,0.4753578750731756,28.306944444444444
138.0,59004.3,52.3120527,-2.1017194,102.078,27.287,60.0,0.21,0.1,7.099976,101.67,101.72,101.97,101.22,0.8000183000000001,101.68,0.0,0.02957988,0.0,6.0,3.0,2531.0,86.0,0.0,0.0,0.0,13.8,11.25,16.0,1.2999290823371388,2.519969172607896,1247.4152306554934,2798.4891562764274,0.4762479929916927,28.355
138.0,59004.4,52.312075,-2.1016996000000003,101.916,28.088,59.98,0.16,0.1,7.099976,101.55,101.64,101.8,101.1,0.6000061,101.64,0.0,0.009180069,0.0,6.0,3.0,2529.0,86.0,0.0,0.0,0.0,13.8,11.25,18.5,1.3329115729590917,2.4975803768190765,1248.7481422284525,2800.986736653246,0.4902280803001673,28.31
138.0,59004.5,52.31209820000001,-2.1016794,103.576,27.955,59.74,-0.15,0.1,7.200011999999999,101.65,101.67,101.81,101.31,0.6000061,101.67,0.0,0.009180069,0.0,6.0,3.0,2521.0,86.0,0.0,0.0,0.0,13.8,11.25,19.5,1.3487262561918083,2.5413984007899746,1250.0968684846443,2803.5281350540363,0.4879067923950148,28.771111111111107
138.0,59004.6,52.3121216,-2.1016603,104.256,26.848000000000003,59.65,-0.23,0.1,7.599976,101.75,101.73,101.77,101.06,0.2000122,101.68,0.0,0.009180069,0.0,6.0,3.0,2524.0,86.0,0.0,0.0,0.0,13.8,11.25,20.0,1.3079064440350132,2.5838337279422006,1251.4047749286794,2806.1119687819787,0.4685859975754376,28.96
138.0,59004.7,52.31214380000001,-2.1016416,101.452,27.158,59.75,-0.08,0.1,7.899963,101.78,101.82,101.8,101.38,0.2000122,101.77,0.009180069,0.0,0.0,6.0,3.0,2526.0,87.0,0.0,0.0,0.0,13.7,11.25,20.5,1.2863150596585664,2.507417755752615,1252.691089988338,2808.6193865377313,0.47399651825662004,28.18111111111111
138.0,59004.8,52.3121668,-2.1016229,102.456,26.727,59.73,-0.1,0.1,8.399963,101.86,101.76,101.93,101.15,0.1000061,101.84,0.009180069,0.0,0.0,6.0,3.0,2541.0,86.0,0.0,0.0,0.0,13.8,11.25,20.5,1.2799598694097136,2.5419320865634214,1253.9710498577479,2811.161318624295,0.4664741491805245,28.46
138.0,59004.9,52.3121891,-2.1016042,101.124,26.979,59.73,-0.09,0.1,8.399963,101.81,101.91,101.95,101.55,0.3000183,101.84,0.01937985,0.0,0.0,6.0,3.0,2538.0,86.0,0.0,0.0,0.0,13.8,11.25,21.0,1.2743418903403751,2.5033045652744135,1255.2453917480882,2813.6646231895693,0.47087237889555017,28.089999999999996
138.0,59005.0,52.3122118,-2.1015852,101.941,27.185,59.78,-0.03,0.1,8.299988,101.98,101.84,102.32,101.36,0.3000183,101.97,0.02957988,0.0,0.0,6.0,3.0,2529.0,86.0,0.0,0.0,0.0,13.8,11.25,21.0,1.2937022600069774,2.5188941798238313,1256.5390940080952,2816.183517369393,0.47446775715465844,28.316944444444445
138.0,59005.1,52.3122347,-2.1015666,102.334,26.753,59.82,0.01,0.1,8.299988,101.93,102.07,102.16,101.86,0.1000061,101.95,0.02957988,0.0,0.0,6.0,3.0,2528.0,86.0,0.0,0.0,0.0,13.8,11.25,21.0,1.279587737720223,2.538324870950996,1257.8186817458154,2818.721842240344,0.466927934786043,28.426111111111112
138.0,59005.2,52.3122575,-2.1015479,102.265,26.763,59.86,0.05,0.1,8.299988,102.14,102.09,102.23,101.51,-0.1000061,102.11,0.02957988,-0.009180069,0.0,6.0,3.0,2543.0,86.0,0.0,0.0,0.0,13.8,11.25,20.5,1.2791676625003428,2.536390154907352,1259.0978494083158,2821.258232395251,0.4671024677112424,28.406944444444445
138.0,59005.3,52.3122806,-2.1015292,102.863,26.617,59.94,0.12,0.1,8.299988,102.18,102.32,102.17,101.71,0.0,102.19,0.01937985,0.0,0.0,6.0,3.0,2545.0,86.0,0.0,0.0,0.0,13.8,11.25,20.0,1.280142518649342,2.5544921549605046,1260.3779919269653,2823.8127245502114,0.46455428700333073,28.573055555555555
138.0,59005.4,52.3123033,-2.1015103,102.11,26.96,59.96,0.13,0.1,8.5,102.19,102.17,102.38,101.7,0.2000122,102.24,0.02957988,0.0,0.0,6.0,3.0,2531.0,86.0,0.0,0.0,0.0,13.8,11.25,20.0,1.2859289484013328,2.5281393689185307,1261.6639208753666,2826.34086391913,0.4705407663376713,28.363888888888887
138.0,59005.5,52.3123262,-2.1014915,102.65,26.791,60.03,0.18,0.1,9.599976,102.27,102.28,102.43,101.82,0.2000122,102.2,0.02957988,0.0,0.0,6.0,3.0,2533.0,86.0,0.0,0.0,0.0,13.8,11.25,18.0,1.2852274090806102,2.5453111995642015,1262.9491482844471,2828.886175118694,0.46759115990180083,28.51388888888889
138.0,59005.6,52.3123491,-2.1014727000000004,102.618,26.796,60.04,0.18,0.1,9.700012,102.37,102.27,102.47,101.79,-0.1999817,102.33,0.01937985,-0.01938009,0.0,6.0,3.0,2532.0,87.0,0.0,0.0,0.0,13.8,11.25,14.5,1.285048799846395,2.5444055950286977,1264.2341970842936,2831.430580713723,0.46767842636440055,28.505
138.0,59005.7,52.3123719,-2.1014539,102.528,26.68,60.06,0.18,0.1,9.599976,102.34,102.33,102.44,101.7,-0.2999877999999999,102.32,0.009180069,-0.009180069,0.0,6.0,3.0,2543.0,86.0,0.0,0.0,0.0,13.8,11.25,12.5,1.2787722942919633,2.544768244723136,1265.5129693785855,2833.975348958446,0.4656538444320871,28.48
138.0,59005.8,52.3123948,-2.1014351,102.658,26.736,60.08,0.18,0.1,9.399963,102.23,102.2,102.41,101.83,-0.2999877999999999,102.26,0.0,-0.01938009,0.0,6.0,3.0,2541.0,86.0,0.0,0.0,0.0,13.7,11.25,12.5,1.2828834673423306,2.5467422206089227,1266.7958528459278,2836.5220911790548,0.46663122881320396,28.516111111111112
138.0,59005.9,52.3124177,-2.1014163,102.708,26.766,60.1,0.18,0.1,9.200012,102.23,102.18,102.48,101.63,-0.1000061,102.21,0.0,-0.01938009,0.0,6.0,3.0,2531.0,86.0,0.0,0.0,0.0,13.8,11.25,12.5,1.2848422455769974,2.547310229238021,1268.0806950915048,2839.069401408293,0.4671548275888022,28.529999999999998
138.0,59006.0,52.3124406,-2.1013974,102.568,26.858,60.13,0.19,0.1,9.099976,102.16,102.26,102.33,101.85,0.0,102.22,0.0,-0.01938009,0.0,6.0,3.0,2535.0,87.0,0.0,0.0,0.0,13.8,11.25,12.5,1.2871738853391324,2.5417744810186744,1269.367868976844,2841.6111758893117,0.46876053050063704,28.49111111111111
138.0,59006.1,52.3124634,-2.1013786,102.503,26.805,60.15,0.2,0.1,9.0,102.22,102.15,102.44,101.57,-0.1000061,102.17,0.0,-0.009180069,0.0,6.0,3.0,2542.0,87.0,0.0,0.0,0.0,13.8,11.25,12.5,1.284007906213612,2.54135251853781,1270.6518768830576,2844.1525284078493,0.46783550599708,28.473055555555554
138.0,59006.2,52.3124862,-2.1013598,102.409,26.798,60.18,0.2,0.1,8.099976,102.04,102.07,102.28,101.74,-0.1000061,102.12,0.0,0.0,0.0,6.0,3.0,2539.0,86.0,0.0,0.0,0.0,13.8,11.25,13.5,1.2825202018485364,2.5391786888880974,1271.934397084906,2846.6917070967374,0.4677133329494404,28.446944444444444
138.0,59006.3,52.31250910000001,-2.101341,102.434,26.78,60.21,0.21,0.1,6.099976,102.08,101.98,102.4,101.53,0.3999939,102.01,0.0,0.009180069,0.0,6.0,3.0,2531.0,87.0,0.0,0.0,0.0,13.8,11.25,15.0,1.2820353250755843,2.540201439703294,1273.2164324099817,2849.2319085364406,0.46739917368408146,28.453888888888887
138.0,59006.4,52.3125319,-2.1013221,102.578,26.845,60.23,0.21,0.1,5.399963,101.94,102.1,102.11,101.81,1.300018,102.0,0.0,0.02957988,0.0,6.0,3.0,2531.0,86.0,0.0,0.0,0.0,13.8,11.25,16.0,1.2867225803306948,2.5423143081433848,1274.5031549903124,2851.774222844584,0.46853363769787776,28.49388888888889
138.0,59006.5,52.3125547,-2.1013033,102.359,26.811,60.27,0.22,0.1,5.899963,101.98,101.96,102.27,101.63,1.5,102.0,0.0,0.0397799,0.0,6.0,3.0,2538.0,86.0,0.0,0.0,0.0,13.8,11.25,16.5,1.2824698333999616,2.5376480466511033,1275.7856248237124,2854.3118708912352,0.4679402257521997,28.433055555555555
137.0,59006.6,52.3125776,-2.1012847,102.438,26.622,60.29,0.22,0.1,7.0,102.16,102.21,102.16,101.7,1.0,102.09,0.0,0.02957988,0.0,6.0,3.0,2543.0,86.0,0.0,0.0,0.0,13.8,11.25,17.0,1.2750753376632917,2.5438264746799932,1277.0607001613757,2856.855697365915,0.4646415534659304,28.455
137.0,59006.7,52.3126005,-2.1012660000000003,102.431,26.565,60.29,0.2,0.1,7.399963,102.18,102.1,102.07,101.48,0.1000061,102.14,0.009180069,0.01937985,0.0,6.0,3.0,2542.0,86.0,0.0,0.0,0.0,13.8,11.25,17.5,1.2724570546524911,2.544919792162499,1278.3331572160282,2859.4006171580777,0.46364671579229366,28.453055555555554
137.0,59006.8,52.312623300000006,-2.1012475,102.211,26.377,60.32,0.21,0.1,7.5,102.13,102.06,102.24,101.72,0.1000061,102.06,0.009180069,0.01937985,0.0,6.0,3.0,2530.0,87.0,0.0,0.0,0.0,13.8,11.25,17.5,1.2613847631501836,2.5436064107201712,1279.5945419791783,2861.944223568798,0.46036549679854427,28.391944444444444
137.0,59006.9,52.3126463,-2.101229,102.611,26.312,60.34,0.22,0.1,7.599976,102.09,102.16,102.16,101.69,0.3999939,102.14,0.009180069,0.009180069,0.0,6.0,3.0,2531.0,86.0,0.0,0.0,0.0,13.8,11.25,17.5,1.2634234214665463,2.554995698258733,1280.8579654006448,2864.4992192670566,0.45923103278474803,28.503055555555555
137.0,59007.0,52.3126692,-2.1012103,102.409,26.561,60.37,0.22,0.1,7.700011999999999,102.2,102.1,102.33,101.6,0.3999939,102.15,0.009180069,0.0,0.0,6.0,3.0,2541.0,87.0,0.0,0.0,0.0,13.8,11.25,17.5,1.2720061240845884,2.5444620065043986,1282.1299715247294,2867.043681273561,0.46357690262221385,28.446944444444444
137.0,59007.1,52.31269210000001,-2.1011918,102.377,26.359,60.4,0.23,0.1,7.799988000000001,102.14,102.24,102.25,101.74,0.3000183,102.22,0.009180069,0.0,0.0,6.0,3.0,2544.0,87.0,0.0,0.0,0.0,13.8,11.25,17.5,1.262632909557517,2.5481342534315106,1283.392604434287,2869.591815526993,0.46005133753318533,28.438055555555554
137.0,59007.2,52.3127151,-2.1011735,102.582,26.052,60.41,0.21,0.1,7.799988000000001,102.26,102.19,102.37,101.7,0.1000061,102.21,0.009180069,0.0,0.0,6.0,3.0,2533.0,87.0,0.0,0.0,0.0,13.8,11.25,14.0,1.251462461011002,2.5599788980927727,1284.644066895298,2872.1517944250854,0.4546931767295627,28.494999999999997
137.0,59007.3,52.3127381,-2.1011549,102.683,26.405,60.44,0.21,0.1,7.799988000000001,102.13,102.29,102.25,101.91,0.1000061,102.26,0.009180069,0.0,0.0,6.0,3.0,2529.0,87.0,0.0,0.0,0.0,13.8,11.25,5.0,1.2684583391213209,2.5547329457629555,1285.9125252344193,2874.7065273708486,0.46085418898910274,28.52305555555556
137.0,59007.4,52.312761,-2.1011365,102.384,26.163,60.46,0.21,0.1,7.799988000000001,102.19,102.1,102.48,101.72,0.3000183,102.16,0.009180069,0.009180069,0.0,6.0,3.0,2538.0,86.0,0.0,0.0,0.0,13.8,11.25,0.0,1.2539945012905696,2.552613129859873,1287.16651973571,2877.2591405007083,0.4566304921992764,28.439999999999998
137.0,59007.5,52.31278399999999,-2.1011181,102.647,26.117,60.47,0.21,0.1,7.799988000000001,102.09,102.24,102.25,101.88,0.5,102.1,0.0,0.0,0.0,6.0,3.0,2538.0,87.0,0.0,0.0,0.0,13.8,11.25,0.0,1.2551606746704318,2.56017871483669,1288.4216804103803,2879.819319215545,0.4558276407433591,28.513055555555557
138.0,59007.6,52.312807,-2.1010996,102.557,26.249,60.5,0.21,0.1,7.799988000000001,102.09,102.03,102.18,101.37,0.5,102.11,-0.009180069,0.0,0.0,6.0,3.0,2525.0,87.0,0.0,0.0,0.0,13.8,11.25,0.0,1.2599498842208838,2.5550380393677075,1289.6816302946013,2882.374357254913,0.4581314753559915,28.488055555555555
138.0,59007.7,52.3128299,-2.1010813,102.236,26.092,60.52,0.21,0.1,7.799988000000001,101.87,101.94,102.12,101.74,0.5,101.96,-0.009180069,0.009180069,0.0,6.0,3.0,2523.0,86.0,0.0,0.0,0.0,13.8,11.25,0.0,1.2490222592326738,2.5504729555860575,1290.9306525538339,2884.924830210499,0.45539130843036046,28.39888888888889
138.0,59007.8,52.3128529,-2.1010629,102.388,26.173,60.55,0.23,0.1,7.799988000000001,101.73,101.69,102.1,101.42,0.3999939,101.77,-0.009180069,0.009180069,0.0,6.0,3.0,2517.0,87.0,0.0,0.0,0.0,13.8,11.25,0.0,1.2544890064454184,2.552493946134499,1292.1851415602794,2887.477324156633,0.45680502512447585,28.441111111111113
138.0,59007.9,52.3128759,-2.1010446,102.42,26.043000000000003,60.58,0.23,0.1,7.799988000000001,101.62,101.65,101.94,101.42,0.3999939,101.62,-0.01938009,0.0,0.0,6.0,3.0,2525.0,87.0,0.0,0.0,0.0,13.8,11.25,0.0,1.2490846200055212,2.5561323541760634,1293.434226180285,2890.033456510809,0.4545360970968833,28.45
138.0,59008.0,52.3128988,-2.1010264000000003,102.1,26.02,60.6,0.22,0.1,7.899963,101.54,101.55,101.71,101.09,0.3999939,101.6,-0.01938009,0.0,0.0,6.0,3.0,2503.0,87.0,0.0,0.0,0.0,13.8,11.25,0.0,1.2441590011382546,2.548645643171008,1294.6783851814232,2892.58210215398,0.45413467136892455,28.361111111111107
138.0,59008.1,52.3129217,-2.1010083,101.945,25.833,60.62,0.21,0.1,8.5,101.44,101.4,101.63,101.0,0.2000122,101.42,-0.02958012,0.0,0.0,6.0,3.0,2514.0,87.0,0.0,0.0,0.0,13.8,11.25,0.0,1.2339580631854954,2.548817412600363,1295.9123432446088,2895.1309195665804,0.4508709056676951,28.318055555555553
138.0,59008.2,52.31294449999999,-2.1009901,101.837,25.924,60.65,0.22,0.1,9.299988,101.12,101.11,101.35,100.8,-0.1000061,101.23,-0.02958012,0.0,0.0,6.0,3.0,2504.0,87.0,0.0,0.0,0.0,13.8,11.25,0.0,1.2366931277490534,2.544156241059153,1297.1490363723578,2897.6750758076396,0.45245915528701,28.288055555555555
138.0,59008.3,52.312967400000005,-2.1009721,101.614,25.794,60.66,0.2,0.1,9.399963,101.08,100.92,101.37,100.61,-0.2999877999999999,101.0,-0.03978014,-0.01938009,0.0,6.0,3.0,2501.0,87.0,0.0,0.0,0.0,13.8,11.25,0.0,1.2282220112006108,2.541378400744413,1298.3772583835585,2900.216454208384,0.4501902272594174,28.226111111111113
138.0,59008.4,52.31299020000001,-2.100954,101.556,25.891,60.68,0.21,0.1,9.299988,100.72,100.77,101.06,100.47,0.0,100.82,-0.03978014,-0.009180069,0.0,6.0,3.0,2506.0,87.0,0.0,0.0,0.0,13.8,11.25,0.0,1.2318192162633552,2.5378460194512065,1299.6090775998218,2902.7543002278353,0.45188319663385185,28.209999999999997
138.0,59008.5,52.3130129,-2.100936,101.182,25.879,60.7,0.21,0.1,9.299988,100.66,100.59,100.98,100.18,0.1000061,100.65,-0.03978014,-0.009180069,0.0,6.0,3.0,2501.0,87.0,0.0,0.0,0.0,13.8,11.25,0.0,1.2267532043520801,2.5287568869927255,1300.8358308041738,2905.283057114828,0.4516737571236126,28.10611111111111
138.0,59008.6,52.3130356,-2.100918,101.102,25.939,60.73,0.21,0.1,9.299988,100.42,100.62,100.58,100.04,0.2000122,100.49,-0.04997993,-0.009180069,0.0,6.0,3.0,2500.0,87.0,0.0,-0.230011,0.0,13.8,11.25,0.0,1.228428608141314,2.525472491621036,1302.064259412315,2907.808529606449,0.45272095467480916,28.08388888888889
138.0,59008.7,52.3130583,-2.1009001,100.98,25.764,60.74,0.2,0.1,9.299988,100.21,100.13,100.59,99.73999,0.1000061,100.35,-0.03978014,-0.01938009,0.0,6.0,3.0,2483.0,87.0,0.0,0.0,0.0,13.8,11.25,0.0,1.2192362409187547,2.526160721100363,1303.2834956532338,2910.3346903275497,0.44966662848381905,28.05
138.0,59008.8,52.3130809,-2.1008821,100.624,26.006,60.76,0.2,0.1,9.099976,99.87,100.02,100.43,99.92999,0.1000061,99.98,-0.03978014,0.0,0.0,6.0,3.0,2475.0,87.0,0.0,0.0,0.0,13.8,11.25,0.0,1.2255591364910414,2.5121008989330273,1304.5090547897248,2912.8467912264828,0.45389032527364537,27.95111111111111
138.0,59008.9,52.3131035,-2.1008642,100.609,25.947,60.79,0.21,0.1,9.099976,99.98999,99.98,100.22,99.45999,0.1000061,99.86,-0.03978014,0.0,0.0,6.0,3.0,2474.0,87.0,0.0,0.0,0.0,13.8,11.25,0.0,1.2227893575483,2.5129869129932327,1305.731844147273,2915.359778139476,0.4528605810149687,27.94694444444444
138.0,59009.0,52.3131261,-2.1008463,100.57,25.822,60.8,0.2,0.1,9.099976,99.73999,99.90999,99.73999,99.25,0.0,99.85,-0.04997993,-0.009180069,0.0,6.0,3.0,2473.0,87.0,0.0,0.0,0.0,13.8,11.25,0.0,1.2168320900855913,2.514673478736631,1306.9486762373585,2917.874451618213,0.45067891944997573,27.93611111111111
138.0,59009.1,52.3131485,-2.1008286,99.947,25.846,60.82,0.19,0.1,9.0,99.73,99.64999,99.89999,99.33,0.0,99.7,-0.04997993,0.0,0.0,6.0,3.0,2477.0,87.0,0.0,0.0,0.0,13.8,11.25,0.0,1.210340904884637,2.4985890882199264,1308.159017142243,2920.3730407064327,0.4510977984704544,27.763055555555557
138.0,59009.2,52.3131709,-2.1008108,99.878,25.878,60.85,0.21,0.1,9.0,99.20999,99.37999,99.64,99.19,0.0,99.36,-0.03978014,-0.009180069,0.0,6.0,3.0,2468.0,87.0,0.0,0.0,0.0,13.8,11.25,0.0,1.210899650103139,2.4961882429356606,1309.3699167923462,2922.8692289493683,0.4516563038310926,27.74388888888889
138.0,59009.3,52.3131933,-2.1007931,99.738,25.911,60.88,0.23,0.1,9.0,99.06,99.0,99.62,98.78999,0.0,99.1,-0.03978014,0.0,0.0,6.0,3.0,2464.0,87.0,0.0,0.0,0.0,13.8,11.25,0.0,1.2106378051854891,2.49199244674932,1310.5805545975318,2925.361221396118,0.45223226248425075,27.705
138.0,59009.4,52.3132157,-2.1007754000000003,99.742,25.787,60.92,0.25,0.1,9.0,98.86,98.92999,99.23,98.7,0.0,98.92,-0.03978014,-0.009180069,0.0,6.0,3.0,2460.0,87.0,0.0,0.0,0.0,13.8,11.25,0.0,1.2052901198498518,2.4947067274540866,1311.7858447173817,2927.855928123572,0.45006805421177776,27.706111111111113
138.0,59009.5,52.3132381,-2.1007578,99.457,25.771,60.94,0.23,0.1,9.0,98.84999,98.75,99.11,98.31999,0.0,98.84,-0.03978014,-0.009180069,0.0,6.0,3.0,2458.0,87.0,0.0,0.0,0.0,13.8,11.25,0.0,1.2011514477915293,2.4879139440166553,1312.9869961651732,2930.343842067589,0.44978880153145867,27.62694444444444
138.0,59009.6,52.3132604,-2.1007402,99.274,25.798,60.95,0.22,0.1,9.099976,98.56,98.64,98.72,98.25,0.0,98.67,-0.03978014,-0.009180069,0.0,6.0,3.0,2442.0,87.0,0.0,0.0,0.0,13.8,11.25,0.0,1.20011145120642,2.4827709408656045,1314.1871076163795,2932.8266130084544,0.45026004042949713,27.57611111111111
138.0,59009.7,52.3132826,-2.1007226,98.971,25.898000000000003,60.97,0.21,0.1,9.099976,98.45,98.42,98.8,98.05,-0.1000061,98.43999,-0.03978014,0.0,0.0,6.0,3.0,2438.0,87.0,0.0,0.0,0.0,13.8,11.25,0.0,1.2007667231193397,2.47310116453279,1315.387874339499,2935.299714172987,0.4520053696814915,27.491944444444446
138.0,59009.8,52.3133048,-2.1007051000000003,98.921,25.727,60.98,0.21,0.1,9.099976,98.19,98.23999,98.53999,97.92,0.0,98.23,-0.03978014,-0.01938009,0.0,6.0,3.0,2431.0,87.0,0.0,0.0,0.0,13.8,11.25,2.0,1.1927774896769274,2.4754226368969774,1316.5806518291758,2937.775136809884,0.44902085666058117,27.478055555555557
138.0,59009.9,52.3133271,-2.1006876,98.802,25.74,61.01,0.21,0.1,9.099976,98.25,98.15999,98.42999,97.75,0.0,98.14,-0.03978014,-0.009180069,0.0,6.0,3.0,2462.0,87.0,0.0,0.2399902,0.0,13.8,11.25,6.0,1.1919035512758687,2.472174381886515,1317.7725553804516,2940.24731119177,0.4492477494633404,27.445
137.0,59010.0,52.3133492,-2.1006701000000003,98.525,25.833,61.02,0.2,0.1,9.099976,98.03,98.14,98.17999,97.67999,-0.1000061,98.15,-0.01938009,0.0,0.0,6.0,3.0,2409.0,87.0,0.0,0.0,0.0,13.7,11.25,9.0,1.1925618536990628,2.4633109576384404,1318.9651172341507,2942.7106221494087,0.4508709056676951,27.368055555555557
137.0,59010.1,52.3133713,-2.1006526,98.424,25.829,61.05,0.2,0.1,9.099976,97.98999,97.87,98.23999,97.59999,0.0,97.92,-0.01938009,-0.009180069,0.0,6.0,3.0,2445.0,87.0,0.0,0.9499817,0.0,13.8,11.25,10.5,1.1911675359038187,2.460868932188146,1320.1562847700545,2945.1714910815967,0.4508010924976154,27.34
137.0,59010.2,52.3133934,-2.1006353,98.381,25.727,61.06,0.2,0.1,9.099976,97.75,97.84999,98.06999,97.42999,0.0,97.93,-0.009180069,-0.009180069,0.0,6.0,3.0,2403.0,87.0,0.0,0.0,0.0,13.8,11.25,11.0,1.1862662347924686,2.4619095484332094,1321.3425510048469,2947.63340063003,0.44902085666058117,27.328055555555554
137.0,59010.3,52.3134154,-2.1006178,98.1,25.864,61.08,0.2,0.1,9.299988,97.92,97.84,98.09,97.48999,0.0,97.82,-0.01938009,-0.01938009,0.0,6.0,3.0,2440.0,87.0,0.0,0.0,0.0,13.8,11.25,12.5,1.1887444444106547,2.4520423417801744,1322.5312954492576,2950.08544297181,0.4514119577358134,27.249999999999996
137.0,59010.4,52.3134375,-2.1006004,98.302,25.764,61.11,0.2,0.1,9.299988,97.8,97.70999,97.92,97.23,-0.1000061,97.81,-0.009180069,-0.009180069,0.0,6.0,3.0,2441.0,87.0,0.0,0.0,0.0,13.8,11.25,13.5,1.186901970239606,2.4591666786057425,1323.7181974194973,2952.544609650416,0.44966662848381905,27.30611111111111
137.0,59010.5,52.3134596,-2.100583,98.114,25.858,61.13,0.2,0.1,9.299988,97.84999,97.70999,97.95999,97.42,0.1000061,97.75999,0.0,-0.009180069,0.0,6.0,3.0,2433.0,87.0,0.0,-0.230011,0.0,13.8,11.25,15.5,1.1886572714987205,2.452516765812668,1324.906854690996,2954.9971264162286,0.4513072379806937,27.253888888888888
137.0,59010.6,52.3134816,-2.1005657,98.024,25.745,61.16,0.21,0.1,9.299988,97.70999,97.72,97.83,97.20999,0.1000061,97.73,0.0,-0.009180069,0.0,6.0,3.0,2432.0,87.0,0.0,0.0,0.0,13.8,11.25,16.0,1.1827321386062102,2.4526044502818936,1326.0895868296022,2957.4497308665104,0.44933501592594016,27.22888888888889
137.0,59010.7,52.3135036,-2.1005482,97.934,25.94,61.17,0.21,0.1,9.299988,97.81999,97.70999,98.00999,97.45999,0.0,97.74,0.0,-0.01938009,0.0,6.0,3.0,2434.0,87.0,0.0,0.0,0.0,13.8,11.25,17.0,1.1899788728971403,2.446316821028825,1327.2795657024994,2959.896047687539,0.4527384079673291,27.203888888888887
137.0,59010.8,52.313525600000006,-2.1005308,98.028,25.851,61.21,0.23,0.1,9.299988,97.75999,97.72,97.87999,97.19,0.0,97.75,0.0,-0.01938009,0.0,6.0,3.0,2434.0,87.0,0.0,0.0,0.0,13.8,11.25,20.0,1.1873159984240944,2.4505121342050518,1328.4668817009235,2962.346559821744,0.4511850649330541,27.23
137.0,59010.9,52.3135476,-2.1005132,97.963,26.077,61.25,0.24,0.1,9.299988,97.84999,97.8,98.03,97.45,-0.1999817,97.74,0.009180069,-0.01938009,0.0,6.0,3.0,2431.0,87.0,0.0,0.0,0.0,13.8,11.25,22.5,1.196178961352649,2.4441880240465554,1329.6630606622762,2964.7907478457905,0.45512950904256133,27.21194444444444
137.0,59011.0,52.3135695,-2.1004957,97.83,26.103,61.29,0.26,0.1,9.099976,97.75999,97.75999,97.81999,97.06999,0.0,97.79,0.0,-0.009180069,0.0,6.0,3.0,2443.0,87.0,0.0,0.0,0.0,13.8,11.25,24.0,1.1956624709628842,2.440327335734067,1330.858723133239,2967.2310751815244,0.4555832946480799,27.174999999999997
137.0,59011.1,52.3135915,-2.1004783,97.956,25.919,61.31,0.26,0.1,9.0,97.86,97.87999,98.01999,97.53999,0.2000122,97.81,0.009180069,-0.009180069,0.0,6.0,3.0,2432.0,87.0,0.0,0.0,0.0,13.7,11.25,25.0,1.1893492877528302,2.4473024479458676,1332.0480724209917,2969.67837762947,0.45237188882441026,27.21
137.0,59011.2,52.3136134,-2.1004607,97.949,26.206,61.36,0.28,0.1,9.0,97.95,97.89,97.95999,97.25999,0.0,97.92,0.01937985,-0.009180069,0.0,6.0,3.0,2441.0,87.0,0.0,0.0,0.0,13.7,11.25,25.5,1.2015072192303162,2.4411397488221374,1333.249579640222,2972.119517378292,0.457380983777634,27.208055555555553
137.0,59011.3,52.3136354,-2.1004432,97.97,25.949,61.38,0.27,0.1,9.0,98.00999,97.98,98.14999,97.62,-0.1000061,97.93999,0.02957988,-0.009180069,0.0,6.0,3.0,2432.0,87.0,0.0,0.0,0.0,13.8,11.25,26.0,1.1908006957029953,2.4470290532973173,1334.440380335925,2974.5665464315894,0.4528954876000086,27.21388888888889
137.0,59011.4,52.3136575,-2.1004257,98.377,25.899,61.4,0.27,0.1,9.0,98.15999,98.12999,98.12999,97.53,0.0,98.11,0.02957988,-0.009180069,0.0,6.0,3.0,2441.0,87.0,0.0,0.0,0.0,13.7,11.25,26.5,1.19360291624158,2.458237377682865,1335.6339832521667,2977.0247838092723,0.4520228229740114,27.326944444444443
137.0,59011.5,52.3136796,-2.1004083,98.237,25.884,61.43,0.27,0.1,9.0,98.33,98.34,98.33,97.75999,0.0,98.27,0.0397799,-0.01938009,0.0,6.0,3.0,2437.0,87.0,0.0,0.0,0.0,13.8,11.25,27.0,1.1912616136531893,2.4550510234753293,1336.82524486582,2979.4798348327477,0.4517610235862123,27.28805555555555
137.0,59011.6,52.3137017,-2.1003908,98.345,25.905,61.45,0.26,0.1,9.0,98.44,98.37999,98.37,97.70999,0.0,98.37,0.0397799,0.0,0.0,6.0,3.0,2441.0,87.0,0.0,0.0,0.0,13.8,11.25,27.0,1.1934719976789507,2.4573127973704145,1338.0187168634989,2981.937147630118,0.4521275427291311,27.318055555555553
137.0,59011.7,52.3137239,-2.1003732,98.734,25.824,61.47,0.26,0.1,8.899963,98.56,98.53999,98.62999,98.03,0.0,98.49,0.0397799,-0.009180069,0.0,6.0,3.0,2442.0,87.0,0.0,0.0,0.0,13.8,11.25,27.0,1.1947038505308647,2.4687240462062277,1339.2134207140298,2984.4058716763243,0.4507138260350157,27.42611111111111
137.0,59011.8,52.313746,-2.1003557,98.647,25.779,61.49,0.24,0.1,8.899963,98.62999,98.56,98.67999,98.06,0.1000061,98.64,0.0397799,-0.009180069,0.0,6.0,3.0,2442.0,87.0,0.0,0.0,0.0,13.8,11.25,27.0,1.1917135399636665,2.4674854471772405,1340.4051342539935,2986.8733571235016,0.4499284278716182,27.401944444444446
137.0,59011.9,52.313768200000005,-2.1003382,98.798,25.88,61.52,0.24,0.1,8.799988,98.78,98.84,98.87,98.28999,0.1000061,98.73,0.0397799,-0.01938009,0.0,6.0,3.0,2448.0,86.0,0.0,0.0,0.0,13.7,11.25,27.0,1.1978921500667317,2.4691546671412254,1341.6030264040603,2989.3425117906427,0.45169121041613247,27.44388888888889
137.0,59012.0,52.3137905,-2.1003205,99.115,25.883000000000003,61.54,0.23,0.1,8.5,98.94,98.87999,98.86,98.3,0.2000122,98.93,0.0397799,0.0,0.0,6.0,3.0,2463.0,86.0,0.0,0.0,0.0,13.7,11.25,27.0,1.2018653650661844,2.4770141891345876,1342.8048917691265,2991.819525979777,0.4517435702936924,27.53194444444444
137.0,59012.1,52.3138127,-2.1003028,99.018,25.965,61.57,0.23,0.1,8.099976,99.06,99.14999,99.08,98.47,0.0,99.02,0.0397799,0.0,0.0,6.0,3.0,2462.0,86.0,0.0,0.0,0.0,13.7,11.25,27.0,1.2042294742437778,2.472869107608115,1344.0091212433701,2994.292395087385,0.45317474028032767,27.505
137.0,59012.2,52.313835000000005,-2.1002852,99.292,25.757,61.59,0.22,0.1,8.099976,99.25,99.17999,99.19,98.59999,0.3000183,99.14,0.0397799,0.0,0.0,6.0,3.0,2471.0,87.0,0.0,0.0,0.0,13.7,11.25,27.0,1.1985517881128696,2.484079409448501,1345.207673031483,2996.7764744968335,0.4495444554361795,27.58111111111111
137.0,59012.3,52.3138573,-2.1002675,99.346,25.909,61.61,0.22,0.1,8.200012,99.23999,99.37999,99.26999,98.65999,0.1000061,99.25999,0.04997993,0.0,0.0,6.0,3.0,2471.0,86.0,0.0,0.0,0.0,13.7,11.25,23.5,1.2057929927963482,2.482240266994943,1346.4134660242794,2999.2587147638283,0.45219735589921084,27.59611111111111
137.0,59012.4,52.3138798,-2.1002499,99.612,25.707,61.63,0.22,0.1,8.200012,99.5,99.42999,99.50999,98.98999,0.1000061,99.43999,0.0397799,0.0,0.0,6.0,3.0,2459.0,87.0,0.0,0.2399902,0.0,13.7,11.25,20.0,1.2002392897283478,2.493133499713241,1347.6137053140078,3001.7518482635414,0.4486717908101823,27.669999999999998
137.0,59012.5,52.3139022,-2.1002324,99.644,25.643,61.65,0.22,0.1,8.200012,99.48999,99.59999,99.61,99.01999,0.1000061,99.47,0.0397799,0.0,0.0,6.0,3.0,2463.0,86.0,0.0,0.0,0.0,13.8,11.25,19.0,1.1978383624104216,2.4952739646725144,1348.8115436764183,3004.247122228214,0.4475547800889059,27.67888888888889
137.0,59012.6,52.3139246,-2.1002146,99.706,25.855,61.67,0.21,0.1,8.200012,99.56,99.45999,99.59999,99.06999,0.3000183,99.55,0.02957988,0.0,0.0,6.0,3.0,2467.0,86.0,0.0,0.0,0.0,13.8,11.25,18.5,1.20781395270199,2.492374603154293,1350.0193576291203,3006.739496831368,0.4512548781031339,27.69611111111111
137.0,59012.7,52.3139471,-2.100197,99.929,25.587,61.7,0.22,0.1,8.200012,99.53,99.62999,99.75,99.19,0.3000183,99.50999,0.01937985,0.0,0.0,6.0,3.0,2466.0,86.0,0.0,0.0,0.0,13.8,11.25,18.0,1.198818007717213,2.50358380459413,1351.2181756368375,3009.243080635962,0.4465773957077891,27.758055555555554
137.0,59012.8,52.3139695,-2.1001793,99.778,25.832,61.73,0.23,0.1,8.399963,99.59,99.53999,99.67999,99.11,0.2000122,99.59,0.01937985,0.0,0.0,6.0,3.0,2471.0,86.0,0.0,0.0,0.0,13.8,11.25,18.0,1.207684819852947,2.4946594010267864,1352.4258604566905,3011.7377400369887,0.4508534523751752,27.71611111111111
137.0,59012.9,52.313992,-2.1001616,99.77,25.796,61.75,0.23,0.1,9.0,99.64,99.64999,99.81999,99.2,0.0,99.57999,0.01937985,0.0,0.0,6.0,3.0,2479.0,87.0,0.0,0.0,0.0,13.8,11.25,16.5,1.2060204367848977,2.4952176417126335,1353.6318808934755,3014.2329576787015,0.4502251338444572,27.71388888888889
137.0,59013.0,52.3140145,-2.100144,99.954,25.625,61.78,0.24,0.1,9.099976,99.61,99.55,99.70999,99.11,0.0,99.65,0.009180069,0.0,0.0,6.0,3.0,2478.0,86.0,0.0,0.0,0.0,13.8,11.25,15.0,1.2007785163757063,2.503414309420348,1354.8326594098512,3016.736371988122,0.44724062082354693,27.764999999999997
137.0,59013.1,52.314036900000005,-2.1001263000000003,99.904,25.677,61.8,0.24,0.1,9.0,99.67999,99.62999,99.90999,99.17999,0.0,99.62,0.009180069,-0.009180069,0.0,6.0,3.0,2477.0,86.0,0.0,0.0,0.0,13.8,11.25,12.5,1.2024482464354378,2.5010717490021523,1356.0351076562865,3019.237443737124,0.448148192034584,27.751111111111108
137.0,59013.2,52.314059400000005,-2.1001087000000003,99.742,25.698,61.83,0.23,0.1,9.0,99.62999,99.51999,99.65999,99.11,0.0,99.61,0.0,-0.009180069,0.0,6.0,3.0,2475.0,86.0,0.0,0.0,0.0,13.8,11.25,3.5,1.2014135319839165,2.4965759460065056,1357.2365211882704,3021.7340196831306,0.4485147111775028,27.706111111111113
137.0,59013.3,52.3140818,-2.1000910000000004,99.911,25.791,61.86,0.24,0.1,9.0,99.56999,99.62,99.75999,99.11,0.1000061,99.56,0.0,-0.009180069,0.0,6.0,3.0,2466.0,86.0,0.0,0.0,0.0,13.8,11.25,0.0,1.2075067845923377,2.4988493935931806,1358.4440279728628,3024.2328690767235,0.4501378673818575,27.753055555555555
137.0,59013.4,52.3141043,-2.1000734000000003,99.929,25.628,61.87,0.23,0.1,9.0,99.50999,99.50999,99.61,99.05,0.0,99.55,0.0,-0.009180069,0.0,6.0,3.0,2464.0,86.0,0.0,0.0,0.0,13.8,11.25,0.0,1.2006092276299085,2.5027253074964104,1359.6446372004928,3026.73559438422,0.4472929807011068,27.758055555555554
137.0,59013.5,52.3141268,-2.1000558000000003,99.774,25.607,61.9,0.23,0.1,9.0,99.37,99.37,99.72,99.03999,0.0,99.36,0.0,0.0,0.0,6.0,3.0,2458.0,86.0,0.0,0.0,0.0,13.8,11.25,0.0,1.1978310067062365,2.499282522919953,1360.842468207199,3029.23487690714,0.44692646155818794,27.715
137.0,59013.6,52.3141493,-2.1000383,99.767,25.535,61.92,0.23,0.1,8.899963,99.28999,99.17,99.53999,99.06,-0.1000061,99.31,-0.009180069,0.0,0.0,6.0,3.0,2458.0,86.0,0.0,0.0,0.0,13.8,11.25,0.0,1.1946055530342874,2.500610336480422,1362.0370737602334,3031.7354872436204,0.4456698244967521,27.713055555555552
137.0,59013.7,52.3141717,-2.1000209,99.698,25.449,61.94,0.23,0.1,8.099976,99.09,99.14,99.48,98.83,0.0,99.15,-0.01938009,0.0,0.0,6.0,3.0,2462.0,86.0,0.0,0.0,0.0,13.8,11.25,0.0,1.1900272286756426,2.500669912825722,1363.2271009889091,3034.236157156446,0.444168841340037,27.693888888888885
137.0,59013.8,52.3141942,-2.1000036,99.439,25.369,61.95,0.22,0.1,7.700011999999999,99.03,98.95,99.22,98.64,0.3999939,99.04,-0.01938009,0.0,0.0,6.0,3.0,2445.0,86.0,0.0,0.0,0.0,13.8,11.25,0.0,1.1834520426808863,2.4958284018726506,1364.41055303159,3036.7319855583187,0.44277257793844144,27.62194444444444
137.0,59013.9,52.3142166,-2.0999859,99.522,25.672,61.98,0.21,0.1,7.799988000000001,98.81,98.81,99.14999,98.5,0.5,98.86,-0.02958012,0.0,0.0,6.0,3.0,2459.0,86.0,0.0,0.0,0.0,13.8,11.25,0.0,1.1976330505866646,2.491612996864176,1365.6081860821769,3039.223598555183,0.4480609255719843,27.645
137.0,59014.0,52.3142388,-2.0999685,99.022,25.59,62.01,0.22,0.1,7.799988000000001,98.69,98.59,98.87999,98.45,0.3999939,98.7,-0.02958012,0.009180069,0.0,6.0,3.0,2455.0,86.0,0.0,0.0,0.0,13.7,11.25,0.0,1.1880668987798406,2.4807979620661484,1366.7962529809568,3041.704396517249,0.44662975558534895,27.50611111111111
137.0,59014.1,52.3142612,-2.0999511,99.212,25.585,62.03,0.23,0.1,7.799988000000001,98.47,98.45999,98.84999,98.15999,0.6000061,98.56,-0.03978014,0.009180069,0.0,6.0,3.0,2451.0,86.0,0.0,0.0,0.0,13.8,11.25,0.0,1.1901296101995753,2.4856618995405313,1367.9863825911564,3044.1900584167893,0.44654248912274924,27.558888888888887
137.0,59014.2,52.3142835,-2.0999338,98.852,25.436,62.04,0.21,0.1,7.799988000000001,98.31999,98.25999,98.61,98.25999,0.3000183,98.37,-0.03978014,0.009180069,0.0,6.0,3.0,2444.0,86.0,0.0,0.0,0.0,13.8,11.25,0.0,1.1793665022151767,2.4797178153120965,1369.1657490933715,3046.6697762321014,0.44394194853727764,27.45888888888889
137.0,59014.3,52.31430580000001,-2.0999166,98.78,25.357,62.06,0.21,0.1,7.799988000000001,98.19,98.23,98.48,97.73999,0.3999939,98.2,-0.04997993,0.009180069,0.0,6.0,3.0,2443.0,86.0,0.0,0.0,0.0,13.8,11.25,0.0,1.1750898081159644,2.479534266234264,1370.3408389014874,3049.1493104983356,0.4425631384282021,27.43888888888889
137.0,59014.4,52.314328,-2.0998994,98.597,25.265,62.08,0.21,0.1,7.799988000000001,97.92,97.87999,98.14,97.76999,0.3999939,98.00999,-0.03978014,0.009180069,0.0,6.0,3.0,2427.0,86.0,0.0,0.0,0.0,13.8,11.25,0.0,1.168937304898163,2.4768208349332403,1371.5097762063856,3051.626131333269,0.44095743551636735,27.388055555555553
137.0,59014.5,52.3143501,-2.0998822,98.284,25.509,62.12,0.23,0.1,7.799988000000001,97.69,97.84,98.09999,97.42,0.5,97.75,-0.03978014,0.009180069,0.0,6.0,3.0,2419.0,86.0,0.0,0.0,0.0,13.8,11.25,0.0,1.175730183402489,2.463973460662411,1372.685506389788,3054.0901047939315,0.4452160388912335,27.301111111111112
137.0,59014.6,52.3143723,-2.0998651,98.197,25.219,62.14,0.23,0.1,7.799988000000001,97.48999,97.48,97.84,97.45,0.6000061,97.56,-0.03978014,0.009180069,0.0,6.0,3.0,2414.0,86.0,0.0,0.0,0.0,13.8,11.25,0.0,1.1622141944987385,2.467706455062826,1373.847720584287,3056.5578112489943,0.44015458406045,27.276944444444446
137.0,59014.7,52.3143945,-2.0998482,98.118,25.096,62.15,0.22,0.1,7.799988000000001,97.39999,97.56,97.7,96.98999,0.6000061,97.42,-0.03978014,0.009180069,0.0,6.0,3.0,2415.0,86.0,0.0,0.0,0.0,13.8,11.25,0.0,1.1559832160520136,2.4682084705725416,1375.0037038003388,3059.0260197195666,0.43800782908049696,27.255
137.0,59014.8,52.3144166,-2.0998312,97.812,25.202,62.17,0.22,0.1,7.799988000000001,97.31,97.28999,97.37999,97.05,0.5,97.35,-0.03978014,0.009180069,0.0,6.0,3.0,2408.0,86.0,0.0,0.0,0.0,13.8,11.25,0.0,1.156928149353302,2.45837471863708,1376.160631949692,3061.4843944382037,0.43985787808761095,27.169999999999998
137.0,59014.9,52.3144386,-2.0998144,97.517,25.037,62.19,0.2,0.1,7.899963,96.95,97.12999,97.34,96.59,0.3000183,97.1,-0.03978014,0.0,0.0,6.0,3.0,2403.0,86.0,0.0,0.0,0.0,13.8,11.25,0.0,1.1463758337679397,2.454271783149027,1377.30700778346,3063.938666221353,0.43697808482182027,27.088055555555552
137.0,59015.0,52.314460700000005,-2.0997976,97.531,25.075,62.21,0.21,0.1,8.0,96.92,96.87999,97.15999,96.75,0.3999939,96.9,-0.03978014,0.009180069,0.0,6.0,3.0,2401.0,86.0,0.0,0.0,0.0,13.8,11.25,0.0,1.1481681289745607,2.453863175773193,1378.4551759124345,3066.392529397126,0.4376413099375781,27.091944444444444
137.0,59015.1,52.3144827,-2.0997808,97.351,25.05,62.23,0.22,0.1,8.200012,96.59,96.75,96.90999,96.2,0.3000183,96.68999,-0.03978014,0.0,0.0,6.0,3.0,2392.0,86.0,0.0,0.0,0.0,13.8,11.25,0.0,1.1449802748984395,2.4498342318323685,1379.600156187333,3068.8423636289585,0.43720497762457955,27.041944444444443
137.0,59015.2,52.3145046,-2.0997642,96.937,24.972,62.25,0.21,0.1,8.200012,96.45,96.37,96.72,96.31999,0.3999939,96.52,-0.03978014,0.0,0.0,6.0,3.0,2388.0,86.0,0.0,0.0,0.0,13.8,11.25,0.0,1.1367891003900183,2.4409657745196736,1380.7369452877228,3071.283329403478,0.435843620808024,26.926944444444445
137.0,59015.3,52.3145266,-2.0997475,97.096,24.927,62.28,0.22,0.1,8.200012,96.17999,96.3,96.48999,95.89999,0.3999939,96.28,-0.03978014,0.0,0.0,6.0,3.0,2383.0,86.0,0.0,0.0,0.0,13.8,11.25,0.0,1.1367330824077666,2.445863087958676,1381.8736783701306,3073.7291924914366,0.4350582226446265,26.97111111111111
137.0,59015.4,52.3145485,-2.099731,96.746,24.858,62.29,0.21,0.1,8.200012,96.2,96.15999,96.39999,95.81999,0.3000183,96.18999,-0.03978014,0.009180069,0.0,6.0,3.0,2381.0,86.0,0.0,0.0,0.0,13.8,11.25,0.0,1.1296998233596252,2.4384087740214286,1383.0033781934903,3076.167601265458,0.43385394546075046,26.873888888888885
137.0,59015.5,52.3145704,-2.0997145,96.592,24.826,62.31,0.2,0.1,8.200012,96.03,95.98,96.12,95.76999,0.2000122,96.11,-0.03978014,0.0,0.0,6.0,3.0,2378.0,86.0,0.0,0.0,0.0,13.8,11.25,0.0,1.1265416980815732,2.4351568814044375,1384.129919891572,3078.6027581468625,0.4332954401001123,26.83111111111111
137.0,59015.6,52.3145922,-2.0996981000000003,96.192,24.775,62.32,0.2,0.1,8.200012,95.8,95.8,96.14,95.44,0.3999939,95.86,-0.03978014,0.0,0.0,6.0,3.0,2371.0,86.0,0.0,0.0,0.0,13.8,11.25,0.0,1.1197174980872995,2.426070222495037,1385.2496373896593,3081.0288283693576,0.4324053221815951,26.72
137.0,59015.7,52.314614,-2.0996815,96.124,24.941,62.35,0.21,0.1,8.200012,95.56,95.5,95.84999,95.48,0.3999939,95.61,-0.02958012,0.0,0.0,6.0,3.0,2361.0,86.0,0.0,0.0,0.0,13.8,11.25,0.0,1.1259451967024494,2.4211032112864777,1386.3755825863618,3083.4499315806443,0.4353025687399057,26.70111111111111
137.0,59015.8,52.314635800000005,-2.0996652,96.109,24.746,62.38,0.22,0.1,8.200012,95.37999,95.47,95.78,95.08,0.5,95.39,-0.03978014,0.0,0.0,6.0,3.0,2365.0,86.0,0.0,0.0,0.0,13.8,11.25,0.0,1.1175243131201749,2.424542809744305,1387.493106899482,3085.8744743903885,0.43189917669851674,26.69694444444444
137.0,59015.9,52.3146575,-2.0996488,95.908,24.715,62.39,0.21,0.1,8.200012,95.3,95.31,95.45,95.15999,0.6000061,95.32999,-0.03978014,0.0,0.0,6.0,3.0,2352.0,86.0,0.0,0.0,0.0,13.8,11.25,0.0,1.1138779266516539,2.4200752006629656,1388.6069848261336,3088.2945495910517,0.4313581246303985,26.641111111111112
137.0,59016.0,52.3146792,-2.0996325,95.702,24.693,62.41,0.2,0.1,8.299988,95.12,95.26999,95.39,94.61,0.3000183,95.25,-0.03978014,0.009180069,0.0,6.0,3.0,2339.0,86.0,0.0,0.0,0.0,13.8,11.25,0.0,1.110558109295021,2.4153037428959054,1389.7175429354286,3090.7098533339476,0.4309741521949598,26.583888888888886
137.0,59016.1,52.3147008,-2.0996163,95.4,24.604,62.42,0.19,0.1,8.399963,94.95,94.90999,95.17,94.78,0.3000183,95.04,-0.03978014,0.0,0.0,6.0,3.0,2326.0,86.0,0.0,0.0,0.0,13.8,11.25,0.0,1.1033123099377087,2.409398669116408,1390.8208552453664,3093.119252003064,0.4294208091606848,26.5
137.0,59016.2,52.3147225,-2.0996002,95.371,24.494,62.45,0.2,0.1,8.399963,94.70999,94.67999,95.06,94.39,0.3000183,94.81,-0.03978014,0.0,0.0,6.0,3.0,2314.0,86.0,0.0,0.0,0.0,13.8,11.25,0.0,1.098350584390533,2.410779375688344,1391.919205829757,3095.5300313787525,0.42750094698349106,26.491944444444442
137.0,59016.3,52.31474419999999,-2.0995841,95.324,24.511,62.47,0.2,0.1,8.5,94.65999,94.62999,95.0,94.42999,0.3000183,94.64,-0.03978014,0.0,0.0,6.0,3.0,2295.0,86.0,0.0,0.0,0.0,13.8,11.25,0.0,1.098524195536259,2.4092654813703387,1393.0177300252933,3097.939296860123,0.4277976529563301,26.47888888888889
138.0,59016.4,52.3147657,-2.099568,94.921,24.497,62.49,0.2,0.1,9.399963,94.42999,94.34999,94.65999,94.22,0.3000183,94.49,-0.03978014,0.0,0.0,6.0,3.0,2285.0,86.0,0.0,0.0,0.0,13.7,11.25,0.0,1.0932937410399768,2.399347075595153,1394.1110237663333,3100.3386439357178,0.4275533068610509,26.366944444444446
138.0,59016.5,52.3147873,-2.099552,94.878,24.47,62.51,0.19,0.1,10.5,94.28,94.25999,94.64999,93.87,-0.1000061,94.25999,-0.03978014,-0.01938009,0.0,6.0,3.0,2277.0,86.0,0.0,0.0,0.0,13.7,11.25,0.0,1.0916681951447642,2.3987748543182152,1395.2026919614782,3102.737418790036,0.4270820679630124,26.355
138.0,59016.6,52.3148088,-2.099536,94.702,24.434,62.53,0.19,0.1,10.89996,94.15999,93.98,94.37999,93.95,-0.6000061,94.11,-0.03978014,-0.02958012,0.0,6.0,3.0,2280.0,86.0,0.0,0.0,0.0,13.8,11.25,0.0,1.0881385217569184,2.3950092641511644,1396.2908304832351,3105.132428054187,0.4264537494322945,26.30611111111111
138.0,59016.7,52.3148303,-2.09952,94.59,24.492,62.56,0.2,0.1,10.89996,93.98,94.01999,94.28999,93.42999,-0.6999816999999999,93.99,-0.03978014,-0.03978014,0.0,6.0,3.0,2273.0,86.0,0.0,0.0,0.0,13.8,11.25,6.5,1.0892726485976372,2.3910753536886054,1397.3801031318328,3107.5235034078755,0.4274660403984512,26.275
138.0,59016.8,52.3148517,-2.0995041,94.327,24.417,62.57,0.19,0.1,10.5,93.95,93.78999,94.03999,93.50999,-0.5,93.86,-0.03978014,-0.03978014,0.0,6.0,3.0,2325.0,86.0,0.0,0.0,0.0,13.8,11.25,10.5,1.083121874723937,2.3858470049841913,1398.4632250065567,3109.9093504128596,0.4261570434594555,26.201944444444443
138.0,59016.9,52.314873000000006,-2.0994882,94.003,24.622,62.58,0.18,0.1,10.5,93.7,93.70999,93.98999,93.33,-0.3999939,93.73,-0.02958012,-0.03978014,0.0,6.0,3.0,2356.0,86.0,0.0,0.0,0.0,13.8,11.25,12.0,1.0879016363174494,2.3737747273899745,1399.5511266428741,3112.2831251402495,0.4297349684260438,26.111944444444443
138.0,59017.0,52.3148943,-2.0994721000000003,94.118,24.731,62.6,0.18,0.1,10.29999,93.75999,93.64999,93.95999,93.25,-0.2999877999999999,93.68999,-0.009180069,-0.02958012,0.0,6.0,3.0,2331.0,86.0,0.0,0.0,0.0,13.8,11.25,12.0,1.093751978267743,2.3746022556169435,1400.644878621142,3114.6577273958665,0.43163737731071766,26.14388888888889
138.0,59017.1,52.31491570000001,-2.0994562,94.122,24.616,62.62,0.18,0.1,10.20001,93.73,93.62,93.8,93.39999,-0.2999877999999999,93.71,-0.009180069,-0.02958012,0.0,6.0,3.0,2319.0,86.0,0.0,0.0,0.0,13.8,11.25,13.0,1.0890299277789575,2.376893785258769,1401.733908548921,3117.034621181125,0.42963024867092414,26.145
138.0,59017.2,52.314937,-2.0994402,93.92,24.615,62.62,0.17,0.1,9.700012,93.64999,93.69,93.89,93.06,-0.2999877999999999,93.65,0.0,-0.01938009,0.0,6.0,3.0,2324.0,86.0,0.0,0.0,0.0,13.8,11.25,14.0,1.0866513096372168,2.3718115789058,1402.8205598585582,3119.406432760031,0.4296127953784042,26.08888888888889
137.0,59017.3,52.3149584,-2.0994243000000004,93.971,24.638,62.64,0.16,0.1,9.399963,93.62999,93.51999,93.67999,93.26999,0.0,93.62,0.0,-0.01938009,0.0,6.0,3.0,2345.0,86.0,0.0,0.0,0.0,13.8,11.25,15.0,1.0881939135309617,2.3726628711046094,1403.908753772089,3121.7790956311355,0.43001422110636295,26.103055555555557
137.0,59017.4,52.3149796,-2.0994082,93.888,24.783,62.66,0.18,0.1,9.200012,93.45999,93.58,93.84999,93.09999,0.0,93.56,0.0,-0.01938009,0.0,6.0,3.0,2343.0,86.0,0.0,0.0,0.0,13.8,11.25,15.0,1.0932285363344256,2.3678081356697995,1405.0019823084235,3124.1469037668053,0.43254494852175474,26.080000000000002
137.0,59017.5,52.3150009,-2.0993922,93.942,24.812,62.68,0.18,0.1,9.299988,93.61,93.50999,93.75999,93.01999,0.1000061,93.52,0.0,-0.009180069,0.0,6.0,3.0,2334.0,86.0,0.0,0.0,0.0,13.8,11.25,15.0,1.0950563149390768,2.368616034124579,1406.0970386233626,3126.5155198009297,0.43305109400483305,26.095
137.0,59017.6,52.3150222,-2.0993761,93.884,24.845,62.7,0.17,0.1,9.299988,93.65999,93.56999,93.70999,93.37,0.0,93.61,0.0,-0.009180069,0.0,6.0,3.0,2332.0,86.0,0.0,0.0,0.0,13.8,11.25,15.5,1.0957434257631593,2.3665229349589954,1407.1927820491258,3128.8820427358887,0.4336270526579912,26.078888888888887
137.0,59017.7,52.3150435,-2.0993601,93.859,24.756,62.71,0.17,0.1,8.899963,93.70999,93.7,93.78,93.01999,0.0,93.67,0.0,-0.009180069,0.0,6.0,3.0,2341.0,86.0,0.0,0.0,0.0,13.8,11.25,15.5,1.0917752814102344,2.3675915200987645,1408.284557330536,3131.2496342559875,0.4320737096237162,26.07194444444444
137.0,59017.8,52.3150647,-2.099344,93.798,24.852,62.73,0.18,0.1,7.399963,93.62,93.61,93.76999,93.42999,0.3000183,93.67,0.009180069,0.0,0.0,6.0,3.0,2326.0,86.0,0.0,0.0,0.0,13.8,11.25,16.5,1.0950285507574586,2.3642213777533647,1409.3795858812935,3133.613855633741,0.4337492257056308,26.055
137.0,59017.9,52.315086,-2.0993279,93.92,24.881,62.77,0.2,0.1,6.8999630000000005,93.56999,93.73,93.87999,93.17999,0.7000122,93.61,0.009180069,0.009180069,0.0,6.0,3.0,2326.0,86.0,0.0,0.0,0.0,13.8,11.25,17.0,1.097650874590689,2.3667411755572676,1410.4772367558842,3135.9805968092983,0.43425537118870916,26.08888888888889
137.0,59018.0,52.3151073,-2.0993118,94.068,24.801,62.79,0.2,0.1,7.0,93.73,93.76999,93.76999,93.37,0.8000183000000001,93.7,0.009180069,0.009180069,0.0,6.0,3.0,2326.0,86.0,0.0,0.0,0.0,13.8,11.25,17.5,1.0960696908683774,2.3720034217428316,1411.5733064467527,3138.352600231041,0.4328591077871136,26.13
137.0,59018.1,52.3151286,-2.0992957,94.072,24.77,62.81,0.2,0.1,7.099976,93.8,93.92,93.81999,93.37999,0.7000122,93.86,0.009180069,0.01937985,0.0,6.0,3.0,2330.0,86.0,0.0,0.0,0.0,13.8,11.25,18.5,1.0948327061120156,2.372696993853152,1412.6681391528648,3140.725297224894,0.4323180557189954,26.13111111111111
137.0,59018.2,52.31515,-2.0992798,94.032,24.606,62.82,0.18,0.1,7.099976,93.89,93.90999,93.89,93.39,0.6000061,93.93,0.01937985,0.02957988,0.0,6.0,3.0,2340.0,86.0,0.0,0.0,0.0,13.8,11.25,20.0,1.0875741249565587,2.3748108393564684,1413.7557132778213,3143.1001080642504,0.4294557157457248,26.119999999999997
137.0,59018.3,52.3151713,-2.0992639,93.928,24.56,62.84,0.19,0.1,7.099976,93.95999,93.94,94.03,93.76999,0.6000061,93.93999,0.01937985,0.01937985,0.0,6.0,3.0,2341.0,86.0,0.0,0.0,0.0,13.8,11.25,21.5,1.0844663994199524,2.3730557133477883,1414.8401796772412,3145.473163777598,0.4286528642898073,26.09111111111111
138.0,59018.4,52.3151927,-2.0992479,94.216,24.593000000000004,62.87,0.2,0.1,7.099976,94.01999,94.06999,94.20999,93.47,0.6000061,94.0,0.02957988,0.009180069,0.0,6.0,3.0,2343.0,86.0,0.0,0.0,0.0,13.8,11.25,22.0,1.089162359082844,2.3797050076550095,1415.929342036324,3147.852868785253,0.42922882294296555,26.17111111111111
137.0,59018.5,52.3152142,-2.0992321,94.356,24.341,62.89,0.2,0.1,7.200011999999999,94.22,94.15999,94.12999,93.8,0.8000183000000001,94.13,0.02957988,0.009180069,0.0,6.0,3.0,2349.0,86.0,0.0,0.0,0.0,13.8,11.25,22.5,1.0802882384449604,2.3880155614814327,1417.009630274769,3150.2408843467347,0.42483059322793976,26.209999999999997
137.0,59018.6,52.3152356,-2.0992162,94.273,24.385,62.9,0.19,0.1,7.5,94.28,94.39999,94.33,93.75999,0.7000122,94.29,0.02957988,0.009180069,0.0,6.0,3.0,2351.0,86.0,0.0,0.0,0.0,13.8,11.25,23.0,1.0811698985242526,2.3850853745493583,1418.0908001732932,3152.625969721284,0.4255985380988173,26.186944444444443
137.0,59018.7,52.3152571,-2.0992002000000003,94.478,24.401,62.93,0.2,0.1,7.799988000000001,94.44,94.42,94.42999,93.83,0.6000061,94.39,0.0397799,0.01937985,0.0,6.0,3.0,2342.0,86.0,0.0,0.0,0.0,13.8,11.25,23.0,1.0841883885782717,2.3899691584193103,1419.1749885618715,3155.0159388797033,0.42587779077913634,26.243888888888886
137.0,59018.8,52.315278600000006,-2.0991844,94.486,24.308000000000003,62.96,0.21,0.1,8.099976,94.51999,94.53,94.59,94.28,0.5,94.49,0.0397799,0.009180069,0.0,6.0,3.0,2342.0,86.0,0.0,0.0,0.0,13.7,11.25,23.5,1.0803991447068313,2.391928337698404,1420.2553877065784,3157.407867217402,0.4242546345747817,26.246111111111112
137.0,59018.9,52.3153002,-2.0991685,94.756,24.231,62.98,0.21,0.1,8.200012,94.62,94.56999,94.70999,94.03999,0.3000183,94.62,0.0397799,0.0,0.0,6.0,3.0,2346.0,86.0,0.0,0.0,0.0,13.7,11.25,23.5,1.0802617726976613,2.4002173659239023,1421.335649479276,3159.8080845833256,0.422910731050746,26.32111111111111
137.0,59019.0,52.3153218,-2.0991528,94.792,24.063,63.02,0.23,0.1,8.200012,94.76999,94.73999,94.78,94.44,0.5,94.75999,0.0397799,0.0,0.0,6.0,3.0,2350.0,86.0,0.0,0.0,0.0,13.8,11.25,23.5,1.073627074996861,2.4042876340593016,1422.409276554273,3162.212372217385,0.4199785779073955,26.33111111111111
137.0,59019.1,52.3153434,-2.0991369,94.968,24.113000000000003,63.02,0.21,0.1,8.200012,94.84,94.92,94.95999,94.26999,0.3999939,94.78,0.0397799,0.0,0.0,6.0,3.0,2349.0,86.0,0.0,0.0,0.0,13.8,11.25,23.5,1.0777220974567137,2.4078120941330745,1423.4869986517297,3164.620184311518,0.42085124253339273,26.38
137.0,59019.2,52.3153652,-2.0991211,95.231,24.03,63.05,0.21,0.1,8.200012,95.0,94.98999,94.92,94.51999,0.3999939,94.97,0.0397799,0.0,0.0,6.0,3.0,2355.0,86.0,0.0,0.0,0.0,13.8,11.25,23.5,1.0772078864312327,2.4160431808358567,1424.564206538161,3167.036227492354,0.4194026192542374,26.453055555555554
137.0,59019.3,52.3153869,-2.0991053,95.198,23.888,63.06,0.2,0.1,8.200012,95.14999,95.23999,95.19,94.58,0.1000061,95.14,0.0397799,0.009180069,0.0,6.0,3.0,2361.0,86.0,0.0,0.0,0.0,13.8,11.25,23.5,1.070845537047777,2.4178673312371526,1425.6350520752087,3169.4540948235913,0.41692425171640546,26.443888888888885
137.0,59019.4,52.3154086,-2.0990896,95.227,23.883000000000003,63.08,0.19,0.1,8.200012,95.39999,95.31999,95.26999,94.75999,0.1000061,95.32999,0.0397799,0.0,0.0,6.0,3.0,2372.0,86.0,0.0,0.0,0.0,13.8,11.25,23.5,1.0709606797644766,2.4186973500870597,1426.7060127549732,3171.872792173678,0.41683698525380575,26.451944444444443
137.0,59019.5,52.3154304,-2.0990738,95.342,23.924,63.11,0.2,0.1,8.399963,95.36,95.45,95.45999,95.08,0.3000183,95.38,0.0397799,0.0,0.0,6.0,3.0,2370.0,86.0,0.0,0.0,0.0,13.7,11.25,18.0,1.07398661447253,2.4208503585979777,1427.7799993694457,3174.293642532276,0.4175525702471234,26.483888888888888
137.0,59019.6,52.3154522,-2.0990580000000003,95.494,23.998,63.13,0.21,0.1,8.799988,95.5,95.42,95.53999,94.94,0.3999939,95.43999,0.0397799,0.0,0.0,6.0,3.0,2370.0,86.0,0.0,0.0,0.0,13.8,11.25,12.5,1.0788295496031883,2.4233184911796273,1428.8588289190488,3176.7169610234555,0.4188441138935992,26.52611111111111
137.0,59019.7,52.315474,-2.0990422,95.735,23.86,63.17,0.23,0.1,9.099976,95.42,95.34999,95.59999,95.25,0.1000061,95.39,0.02957988,0.0,0.0,6.0,3.0,2372.0,86.0,0.0,0.0,0.0,13.8,11.25,9.0,1.0756976560174836,2.4320321935877276,1429.9345265750662,3179.1489932170434,0.41643555952584704,26.593055555555555
137.0,59019.8,52.3154959,-2.0990263,95.875,23.934,63.19,0.23,0.1,9.200012,95.47,95.44,95.67,94.81999,0.0,95.41,0.01937985,-0.009180069,0.0,6.0,3.0,2368.0,86.0,0.0,0.0,0.0,13.8,11.25,8.0,1.0804154938680153,2.4341953515545307,1431.0149420689343,3181.583188568598,0.41772710317232287,26.631944444444443
137.0,59019.9,52.3155178,-2.0990107,95.645,23.755,63.2,0.21,0.1,9.099976,95.48999,95.44,95.47,94.97,0.0,95.49,0.0,-0.01938009,0.0,6.0,3.0,2373.0,86.0,0.0,0.0,0.0,13.8,11.25,8.0,1.0702318540108655,2.431711236699648,1432.0851739229452,3184.014899805298,0.41460296381125294,26.568055555555553
137.0,59020.0,52.3155397,-2.0989948,95.872,23.898000000000003,63.21,0.2,0.1,9.099976,95.36,95.44,95.62,95.06999,0.0,95.39,0.0,-0.009180069,0.0,6.0,3.0,2371.0,86.0,0.0,0.0,0.0,13.8,11.25,8.0,1.078852071516996,2.434797527086584,1433.1640259944622,3186.4496973323844,0.41709878464160494,26.63111111111111
138.0,59020.1,52.3155615,-2.0989791,95.594,23.894,63.24,0.21,0.1,9.099976,95.25,95.17,95.48999,95.00999,0.0,95.23,0.0,-0.009180069,0.0,6.0,3.0,2370.0,86.0,0.0,0.0,0.0,13.8,11.25,8.0,1.0755542339357764,2.4278124394395446,1434.239580228398,3188.877509771824,0.41702897147152507,26.553888888888885
138.0,59020.2,52.3155834,-2.0989634,95.749,23.688,63.26,0.21,0.1,9.099976,95.14999,95.31,95.48999,94.92,0.0,95.24,-0.009180069,-0.009180069,0.0,6.0,3.0,2360.0,86.0,0.0,0.0,0.0,13.8,11.25,8.0,1.0685481797227616,2.4356065621154444,1435.3081284081206,3191.3131163339394,0.41343359321241674,26.596944444444443
138.0,59020.3,52.31560520000001,-2.0989476,95.663,23.925,63.27,0.19,0.1,9.099976,95.3,95.20999,95.3,94.73999,-0.1000061,95.27,-0.009180069,-0.009180069,0.0,6.0,3.0,2361.0,86.0,0.0,0.0,0.0,13.8,11.25,14.5,1.0776449352802027,2.4289821343623235,1436.3857733434008,3193.7420984683017,0.41757002353964334,26.573055555555555
138.0,59020.4,52.3156269,-2.0989318000000003,95.324,23.909,63.28,0.19,0.1,9.099976,95.17,95.19,95.45,95.0,0.0,95.24,-0.009180069,-0.009180069,0.0,6.0,3.0,2363.0,86.0,0.0,0.0,0.0,13.7,11.25,17.0,1.0731501579367666,2.4206743495194742,1437.4589235013377,3196.1627728178214,0.41729077085932426,26.47888888888889
137.0,59020.5,52.3156487,-2.0989162,95.432,23.804,63.31,0.2,0.1,9.099976,95.22,95.09999,95.37999,94.70999,0.1000061,95.15,0.0,-0.009180069,0.0,6.0,3.0,2357.0,86.0,0.0,0.0,0.0,13.8,11.25,17.5,1.069923068458243,2.4253817284739876,1438.5288465697959,3198.5881545462953,0.41545817514473016,26.50888888888889
137.0,59020.6,52.3156705,-2.0989003,95.404,23.959,63.33,0.2,0.1,9.099976,95.12999,95.08,95.28,94.86,0.0,95.14,0.0,-0.009180069,0.0,6.0,3.0,2362.0,86.0,0.0,0.0,0.0,13.8,11.25,18.5,1.0761645921849883,2.421767675017958,1439.6050111619809,3201.0099222213134,0.4181634354853214,26.501111111111108
137.0,59020.7,52.3156922,-2.0988845,95.332,23.978,63.36,0.21,0.1,9.099976,95.17,95.23,95.42999,94.67999,0.0,95.05,0.0,-0.009180069,0.0,6.0,3.0,2363.0,86.0,0.0,0.0,0.0,13.8,11.25,19.5,1.0761548498986822,2.4195832690423504,1440.6811660118797,3203.429505490356,0.41849504804320037,26.481111111111108
137.0,59020.8,52.3157142,-2.0988689000000003,95.688,23.688,63.37,0.2,0.1,9.099976,95.23999,95.17999,95.14,94.47,0.0,95.15,0.0,-0.009180069,0.0,6.0,3.0,2375.0,86.0,0.0,0.0,0.0,13.7,11.25,20.0,1.0678674265142363,2.4340548801105246,1441.749033438394,3205.8635603704665,0.41343359321241674,26.58
137.0,59020.9,52.3157359,-2.0988533,95.267,23.712,63.39,0.2,0.1,9.299988,95.23,95.3,95.45999,94.75,0.0,95.22,0.009180069,-0.009180069,0.0,6.0,3.0,2368.0,86.0,0.0,0.0,0.0,13.8,11.25,20.5,1.0641841087711181,2.4229001787121187,1442.813217547165,3208.2864605491786,0.4138524722328954,26.463055555555552
137.0,59021.0,52.3157577,-2.0988374,95.422,24.066,63.42,0.21,0.1,9.299988,95.37,95.31,95.39,94.78,0.0,95.34,0.01937985,-0.009180069,0.0,6.0,3.0,2371.0,86.0,0.0,0.0,0.0,13.8,11.25,20.5,1.0808892640129766,2.4202102514631174,1443.894106811178,3210.706670800642,0.4200309377849553,26.50611111111111
137.0,59021.1,52.315779600000006,-2.0988218,95.616,23.632,63.43,0.2,0.1,9.099976,95.34999,95.48,95.61,95.05,0.0,95.38,0.02957988,-0.009180069,0.0,6.0,3.0,2364.0,86.0,0.0,0.0,0.0,13.8,11.25,20.5,1.064686188086952,2.4332651563068244,1444.958792999265,3213.1399359569486,0.41245620883129996,26.56
137.0,59021.2,52.315801400000005,-2.098806,95.648,23.878,63.46,0.21,0.1,9.0,95.55,95.50999,95.50999,94.87,0.0,95.49,0.01937985,-0.009180069,0.0,6.0,3.0,2377.0,86.0,0.0,0.0,0.0,13.8,11.25,19.5,1.075483404639503,2.4294843103519432,1446.0342764039044,3215.5694202673008,0.41674971879120604,26.568888888888885
137.0,59021.3,52.3158232,-2.0987902000000003,95.71,23.86,63.48,0.21,0.1,8.899963,95.51999,95.59,95.62999,95.17,0.1000061,95.54,0.02957988,-0.009180069,0.0,6.0,3.0,2380.0,86.0,0.0,0.0,0.0,13.8,11.25,16.5,1.075416751004683,2.4313970987442564,1447.109693154909,3218.000817366045,0.41643555952584704,26.58611111111111
137.0,59021.4,52.3158451,-2.0987745,95.609,23.793000000000003,63.5,0.22,0.1,8.200012,95.55,95.5,95.70999,94.97,0.0,95.56,0.01937985,0.0,0.0,6.0,3.0,2374.0,86.0,0.0,0.0,0.0,13.8,11.25,16.5,1.071440956969026,2.4300858883276226,1448.1811341118782,3220.4309032543724,0.4152661889270109,26.558055555555555
137.0,59021.5,52.315867,-2.0987588,95.998,23.714,63.53,0.23,0.1,6.799988000000001,95.55,95.53,95.75,95.3,0.3000183,95.52,0.01937985,0.009180069,0.0,6.0,3.0,2376.0,86.0,0.0,0.0,0.0,13.8,11.25,16.5,1.0724349990956712,2.4414540730097514,1449.253569110974,3222.8723573273824,0.4138873788179353,26.66611111111111
137.0,59021.6,52.3158889,-2.098743,95.818,23.771,63.55,0.23,0.1,6.299988,95.5,95.59999,95.7,95.09999,0.8999939,95.53,0.009180069,0.01937985,0.0,6.0,3.0,2380.0,86.0,0.0,0.0,0.0,13.8,11.25,16.5,1.0728479077799375,2.435810147273866,1450.326417018754,3225.3081674746563,0.4148822164915721,26.61611111111111
137.0,59021.7,52.3159108,-2.0987273,95.742,23.742,63.58,0.23,0.1,6.5,95.55,95.56,95.56999,95.17999,1.100006,95.57,0.009180069,0.02957988,0.0,6.0,3.0,2380.0,86.0,0.0,0.0,0.0,13.8,11.25,17.5,1.0707649229057936,2.4344204094351802,1451.3971819416597,3227.7425878840913,0.4143760710084937,26.595
137.0,59021.8,52.3159327,-2.0987117,95.872,23.602,63.6,0.23,0.1,6.700011999999999,95.56,95.76999,95.75999,95.31999,1.100006,95.57999,0.009180069,0.02957988,0.0,6.0,3.0,2385.0,86.0,0.0,0.0,0.0,13.7,11.25,18.0,1.06625914145952,2.4403385489266576,1452.4634410831193,3230.182926433018,0.41193261005570164,26.63111111111111
137.0,59021.9,52.3159547,-2.098696,95.944,23.605,63.63,0.24,0.1,6.8999630000000005,95.7,95.70999,95.64999,95.05,0.8000183000000001,95.68999,0.009180069,0.02957988,0.0,6.0,3.0,2394.0,86.0,0.0,0.0,0.0,13.8,11.25,18.5,1.0671877738230156,2.442115371961484,1453.5306288569423,3232.6250418049794,0.4119849699332615,26.65111111111111
137.0,59022.0,52.3159767,-2.0986806,95.85,23.363000000000003,63.65,0.23,0.1,7.299988000000001,95.7,95.84999,95.83,95.48999,0.7000122,95.72,0.01937985,0.02957988,0.0,6.0,3.0,2386.0,86.0,0.0,0.0,0.0,13.8,11.25,17.0,1.0558280809869027,2.4442040245035836,1454.5864569379291,3235.069245829483,0.40776127314343524,26.624999999999996
137.0,59022.1,52.31599859999999,-2.0986651000000003,95.821,23.327,63.68,0.25,0.1,7.399963,95.7,95.67,95.78999,95.25,0.6000061,95.73,0.01937985,0.02957988,0.0,6.0,3.0,2378.0,86.0,0.0,0.0,0.0,13.8,11.25,12.5,1.0539731515021082,2.4441272289917997,1455.6404300894312,3237.513373058475,0.40713295461271726,26.616944444444442
137.0,59022.2,52.3160207,-2.0986497,96.066,23.223000000000003,63.71,0.25,0.1,7.5,95.64999,95.73,95.87999,95.53999,0.7000122,95.67,0.009180069,0.01937985,0.0,6.0,3.0,2377.0,86.0,0.0,-0.230011,0.0,13.8,11.25,11.0,1.052218482979839,2.4522904628276816,1456.6926485724111,3239.9656635213023,0.40531781219064317,26.685
137.0,59022.3,52.3160427,-2.0986343,96.019,23.241,63.74,0.26,0.1,8.0,95.64999,95.62,95.75,95.2,0.8999939,95.61,0.0,0.01937985,0.0,6.0,3.0,2377.0,86.0,0.0,0.0,0.0,13.8,11.25,9.0,1.052473669206346,2.4507601637252554,1457.7451222416175,3242.4164236850274,0.4056319714560021,26.671944444444446
137.0,59022.4,52.3160647,-2.0986189,95.933,23.166,63.77,0.26,0.1,8.399963,95.55,95.55,95.70999,95.25999,0.6000061,95.57999,0.0,0.0,0.0,6.0,3.0,2366.0,86.0,0.0,0.0,0.0,13.8,11.25,6.5,1.048324950554271,2.44993947822495,1458.7934471921717,3244.8663631632526,0.4043229745170064,26.64805555555556
137.0,59022.5,52.3160867,-2.0986036,95.918,23.068,63.79,0.25,0.1,8.5,95.56,95.56999,95.69,95.15999,0.1000061,95.56,-0.009180069,0.0,0.0,6.0,3.0,2363.0,86.0,0.0,0.0,0.0,13.8,11.25,3.0,1.0439697273994455,2.4513456222059133,1459.837416919571,3247.3177087854583,0.40261255185005196,26.64388888888889
137.0,59022.6,52.3161088,-2.0985884,95.875,23.035,63.82,0.26,0.1,8.700012,95.45,95.39999,95.55,94.90999,0.1000061,95.49,0.0,0.0,0.0,6.0,3.0,2363.0,86.0,0.0,0.0,0.0,13.8,11.25,1.5,1.0420903024173682,2.450847292372055,1460.8795072219884,3249.7685560778305,0.40203659319689383,26.631944444444443
137.0,59022.7,52.3161307,-2.0985732,95.605,22.908,63.85,0.26,0.1,9.099976,95.26999,95.37,95.56999,95.05,-0.1000061,95.27,-0.009180069,0.0,0.0,6.0,3.0,2360.0,86.0,0.0,-0.230011,0.0,13.8,11.25,0.5,1.0337358825716143,2.446242650952062,1461.91324310456,3252.2147987287826,0.39982002504686104,26.556944444444444
137.0,59022.8,52.316152800000005,-2.098558,95.692,22.932,63.88,0.27,0.1,9.200012,95.22,95.08,95.39,94.73999,0.0,95.21,-0.009180069,-0.009180069,0.0,6.0,3.0,2354.0,86.0,0.0,0.0,0.0,13.8,11.25,0.5,1.0357020976540017,2.448035098589774,1462.948945202214,3254.662833827372,0.40023890406733964,26.58111111111111
137.0,59022.9,52.3161746,-2.0985429,95.267,22.948,63.92,0.29,0.1,9.099976,94.97,95.08,95.33,94.87999,0.1000061,95.07,-0.01938009,0.0,0.0,6.0,3.0,2350.0,86.0,0.0,0.0,0.0,13.8,11.25,0.5,1.0317827441195078,2.4368745274021424,1463.9807279463334,3257.0997083547745,0.4005181567476587,26.463055555555552
137.0,59023.0,52.316196600000005,-2.0985276,95.677,23.113000000000003,63.93,0.27,0.1,9.099976,94.92,94.83,95.06999,94.40999,0.1000061,94.92,-0.01938009,0.0,0.0,6.0,3.0,2335.0,86.0,0.0,0.0,0.0,13.8,11.25,0.5,1.0432668114651449,2.444367836502153,1465.0239947577986,3259.544076191277,0.40339795001344947,26.576944444444447
137.0,59023.1,52.316218500000005,-2.0985124,95.45,23.035,63.98,0.29,0.1,9.099976,94.73,94.73,95.03999,94.5,0.0,94.73,-0.02958012,-0.009180069,0.0,6.0,3.0,2355.0,86.0,0.0,0.0,0.0,13.8,11.25,0.5,1.0374708669177346,2.439983041010823,1466.0614656247164,3261.9840592322876,0.40203659319689383,26.51388888888889
137.0,59023.2,52.3162404,-2.098497,95.519,23.262,64.01,0.29,0.1,9.299988,94.64,94.56,94.81,94.17,-0.1999817,94.62,-0.03978014,-0.009180069,0.0,6.0,3.0,2353.0,86.0,0.0,0.0,0.0,13.8,11.25,0.5,1.0478866229123243,2.4376144068870658,1467.1093522476287,3264.4216736391745,0.40599849059892096,26.533055555555556
138.0,59023.3,52.3162622,-2.0984818,94.885,23.194000000000003,64.04,0.29,0.1,9.299988,94.42999,94.31999,94.65999,94.09,-0.1000061,94.5,-0.02958012,-0.009180069,0.0,6.0,3.0,2346.0,86.0,0.0,0.0,0.0,13.7,11.25,0.5,1.0380568069697327,2.422668625705776,1468.1474090545985,3266.84434226488,0.40481166670756485,26.356944444444444
138.0,59023.4,52.3162839,-2.0984667,94.568,23.014,64.05,0.26,0.1,9.399963,94.12,94.2,94.56,94.06999,0.0,94.23,-0.02958012,0.0,0.0,6.0,3.0,2343.0,86.0,0.0,-0.230011,0.0,13.8,11.25,0.5,1.0269980738144016,2.4178131009135946,1469.174407128413,3269.2621553657937,0.401670074053975,26.26888888888889
138.0,59023.5,52.31630570000001,-2.0984514,95.202,23.149,64.03,0.2,0.1,9.399963,93.97,93.92999,94.34,93.64,0.0,94.05,-0.02958012,0.0,0.0,6.0,3.0,2351.0,86.0,0.0,0.0,0.0,13.8,11.25,5.0,1.0396153993437445,2.4315797481158925,1470.2140225277567,3271.6937351139095,0.40402626854416734,26.445
138.0,59023.6,52.3163274,-2.0984364,94.399,22.97,64.07,0.23,0.1,9.399963,93.89,93.92,94.28999,93.72,-0.2999877999999999,93.91,-0.02958012,0.0,0.0,6.0,3.0,2348.0,86.0,0.0,0.0,0.0,13.8,11.25,9.5,1.023309021278546,2.4142788470773735,1471.2373315490352,3274.1080139609867,0.4009021291830975,26.221944444444443
138.0,59023.7,52.3163491,-2.0984214000000003,94.406,22.917,64.1,0.24,0.1,9.5,93.95,93.87999,94.00999,93.34999,-0.1000061,93.98,-0.01938009,0.0,0.0,6.0,3.0,2328.0,86.0,0.0,0.0,0.0,13.8,11.25,10.0,1.0211510328302813,2.415403496875326,1472.2584825818653,3276.523417457862,0.3999771046795405,26.22388888888889
137.0,59023.8,52.3163708,-2.0984064,94.262,22.982,64.15,0.27,0.1,9.5,93.81,93.87999,94.08,93.45,-0.1999817,93.84,-0.009180069,-0.009180069,0.0,6.0,3.0,2326.0,86.0,0.0,0.0,0.0,13.8,11.25,10.0,1.0223287957771656,2.4105609734627333,1473.2808113776425,3278.9339784313247,0.4011115686933368,26.183888888888887
137.0,59023.9,52.316392400000005,-2.0983915,94.068,22.97,64.18,0.27,0.1,9.5,93.76999,93.64999,93.90999,93.28999,-0.2999877999999999,93.77,-0.009180069,-0.009180069,0.0,6.0,3.0,2323.0,86.0,0.0,0.0,0.0,13.8,11.25,10.5,1.0197208976115242,2.405813436443971,1474.300532275254,3281.339791867769,0.4009021291830975,26.13
137.0,59024.0,52.3164141,-2.0983765,94.302,22.994,64.24,0.31,0.1,9.5,93.59,93.55,93.8,93.25,-0.1999817,93.6,0.0,0.0,0.0,6.0,3.0,2319.0,86.0,0.0,0.0,0.0,13.8,11.25,10.5,1.0232676786513173,2.4113696331810157,1475.3237999539053,3283.75116150095,0.40132100820357614,26.195
137.0,59024.1,52.3164356,-2.0983616,93.715,22.955,64.25,0.29,0.1,9.200012,93.44,93.56,93.78999,93.26999,-0.1999817,93.53,0.0,-0.009180069,0.0,6.0,3.0,2326.0,86.0,0.0,0.0,0.0,13.8,11.25,10.5,1.0152667766339887,2.397051248482112,1476.3390667305393,3286.148212749432,0.40064032979529834,26.031944444444445
137.0,59024.2,52.3164572,-2.0983465,94.09,23.145,64.3,0.31,0.1,9.0,93.48,93.45,93.59999,92.98,0.0,93.48,-0.009180069,0.0,0.0,6.0,3.0,2326.0,86.0,0.0,0.0,0.0,13.8,11.25,10.5,1.0273044717181992,2.403249583899111,1477.3663712022576,3288.551462333331,0.4039564553740876,26.136111111111113
137.0,59024.3,52.316479,-2.0983316,94.46,22.814,64.37,0.36,0.1,9.0,93.31999,93.37999,93.59999,93.09,0.0,93.46,0.0,0.0,0.0,6.0,3.0,2322.0,86.0,0.0,0.0,0.0,13.8,11.25,11.0,1.0173888517826077,2.4186179577401297,1478.3837600540403,3290.970080291071,0.39817941554998637,26.238888888888887
137.0,59024.4,52.3165003,-2.0983165,93.366,23.281,64.38,0.32,0.1,8.899963,93.42,93.3,93.51999,93.01999,-0.1999817,93.36,0.0,0.0,0.0,6.0,3.0,2322.0,86.0,0.0,0.0,0.0,13.8,11.25,11.5,1.0250573064813524,2.3823307428711895,1479.4088173605217,3293.352411033942,0.40633010315679985,25.935
137.0,59024.5,52.316522,-2.0983016,93.92,23.038,64.44,0.35,0.1,8.899963,93.34,93.36,93.42999,92.84999,-0.1000061,93.27,-0.009180069,0.009180069,0.0,6.0,3.0,2312.0,86.0,0.0,0.0,0.0,13.8,11.25,12.0,1.0209666070697887,2.4008182817148627,1480.4297839675914,3295.753229315657,0.40208895307445364,26.08888888888889
137.0,59024.6,52.3165435,-2.0982866,93.751,23.018,64.47,0.34,0.1,8.899963,93.17,93.22,93.36,92.86,-0.1000061,93.18,0.0,0.0,0.0,6.0,3.0,2308.0,86.0,0.0,0.0,0.0,13.8,11.25,12.0,1.0182928781624174,2.3968538375877264,1481.4480768457538,3298.1500831532444,0.4017398872240548,26.041944444444447
137.0,59024.7,52.3165648,-2.0982716,93.265,23.215,64.5,0.34,0.1,9.0,93.19,93.11,93.31,92.65999,-0.1000061,93.17,0.0,0.0,0.0,6.0,3.0,2308.0,86.0,0.0,0.0,0.0,13.8,11.25,12.0,1.021206478021705,2.3809315474666244,1482.4692833237755,3300.5310147007112,0.4051781858504836,25.906944444444445
137.0,59024.8,52.3165863,-2.0982566,93.47,23.215,64.53,0.34,0.1,10.29999,93.08,93.09999,93.26999,92.78,-0.1999817,93.11,0.0,0.0,0.0,6.0,3.0,2315.0,85.0,0.0,0.0,0.0,13.8,11.25,12.0,1.023451128512183,2.386164925124166,1483.4927344522876,3302.9171796258356,0.4051781858504836,25.96388888888889
137.0,59024.9,52.3166077,-2.0982416,93.319,23.213,64.56,0.34,0.1,12.09998,93.11,92.92,93.17,92.65999,-0.6999816999999999,93.04,0.0,-0.009180069,0.0,6.0,3.0,2314.0,86.0,0.0,0.0,0.0,13.8,11.25,14.5,1.0217145928769948,2.382345761746359,1484.5144490451646,3305.299525387582,0.40514327926544375,25.921944444444446
138.0,59025.0,52.3166291,-2.0982267,93.283,23.136,64.6,0.35,0.1,12.39996,93.00999,92.78,93.26999,92.48999,-1.5,92.96,0.0,-0.03978014,0.0,6.0,3.0,2309.0,86.0,0.0,0.0,0.0,13.8,11.25,17.5,1.0181191133487226,2.3827971210226364,1485.5325681585134,3307.6823225086046,0.40379937574140806,25.911944444444444
138.0,59025.1,52.31665039999999,-2.0982116,93.247,23.295,64.64,0.34,0.1,12.29999,92.92999,92.97,93.23999,92.59,-1.5,92.96,0.0,-0.04997993,0.0,6.0,3.0,2316.0,86.0,0.0,0.0,0.0,13.8,11.25,19.0,1.0243321564000656,2.379044113377399,1486.5569003149135,3310.061366621982,0.4065744492520791,25.901944444444442
138.0,59025.2,52.3166717,-2.0981965,93.2,23.462,64.67,0.35,0.1,12.20001,93.0,92.78,93.05,92.17999,-1.5,92.91,0.0,-0.05915999,0.0,6.0,3.0,2302.0,86.0,0.0,0.0,0.0,13.8,11.25,20.5,1.0307422001267543,2.374850773394026,1487.5876425150402,3312.436217395376,0.40948914910290957,25.88888888888889
138.0,59025.3,52.316693,-2.0981811,93.168,23.767,64.7,0.34,0.1,11.89996,92.97,92.95,93.17,92.51999,-1.299988,92.93999,0.0,-0.04997993,0.0,6.0,3.0,2299.0,86.0,0.0,0.0,0.0,13.8,11.25,22.0,1.0430112323194325,2.3685167445588178,1488.6306537473597,3314.8047341399347,0.4148124033214923,25.880000000000003
138.0,59025.4,52.3167142,-2.0981657,93.103,23.957,64.73,0.34,0.1,11.0,93.06999,92.92,93.03,92.36,-1.199982,92.95,0.0,-0.03978014,0.0,6.0,3.0,2313.0,86.0,0.0,0.0,0.0,13.8,11.25,22.5,1.0501266345596991,2.363394964000649,1489.6807803819195,3317.1681291039354,0.4181285289002815,25.861944444444443
138.0,59025.5,52.31673550000001,-2.0981503,93.128,23.864,64.77,0.35,0.1,10.29999,92.98999,92.92999,93.23999,92.44,-0.6999816999999999,93.04,0.01937985,-0.01938009,0.0,6.0,3.0,2318.0,85.0,0.0,0.0,0.0,13.8,11.25,22.5,1.0465700430446734,2.3657314447033633,1490.7273504249642,3319.5338605486386,0.4165053726959268,25.86888888888889
138.0,59025.6,52.3167567,-2.0981347999999995,93.251,24.09,64.81,0.35,0.1,9.899963,93.06999,93.03,93.28999,92.89999,-0.3999939,93.00999,0.02957988,-0.009180069,0.0,6.0,3.0,2309.0,85.0,0.0,0.2399902,0.0,13.8,11.25,22.5,1.0572879574261955,2.364704008163288,1491.7846383823905,3321.898564556802,0.420449816805434,25.903055555555557
138.0,59025.7,52.316778,-2.0981191,93.463,24.27,64.84,0.35,0.1,9.799988,93.22,93.17,93.2,92.37999,-0.3999939,93.16,0.02957988,0.0,0.0,6.0,3.0,2332.0,86.0,0.0,0.0,0.0,13.8,11.25,22.5,1.0671322162108046,2.3667391969731715,1492.8517705986014,3324.265303753775,0.4235914094590238,25.96194444444444
138.0,59025.8,52.3167992,-2.0981036,93.128,24.127,64.87,0.34,0.1,9.899963,93.23,93.37,93.37999,92.84,-0.6999816999999999,93.29,0.02957988,0.0,0.0,6.0,3.0,2321.0,85.0,0.0,0.0,0.0,13.8,11.25,22.5,1.057418197441568,2.360902556052709,1493.909188796043,3326.6262063098275,0.42109558862867186,25.86888888888889
138.0,59025.9,52.3168205,-2.0980881,93.553,24.156,64.9,0.33,0.1,9.899963,93.42999,93.34,93.45,92.83,-0.6999816999999999,93.35,0.0397799,0.0,0.0,6.0,3.0,2318.0,85.0,0.0,0.0,0.0,13.7,11.25,22.5,1.0634441205367986,2.371138844117344,1494.9726329165799,3328.997345153945,0.4216017341117502,25.986944444444443
138.0,59026.0,52.3168418,-2.0980724,93.496,24.263,64.94,0.34,0.1,9.899963,93.36,93.47,93.62999,92.87,-0.3999939,93.4,0.0397799,0.0,0.0,6.0,3.0,2316.0,85.0,0.0,0.0,0.0,13.8,11.25,22.5,1.06721973841148,2.367705250533039,1496.0398526549914,3331.365050404478,0.42346923641138423,25.97111111111111
138.0,59026.1,52.3168631,-2.0980566,93.676,24.407,64.97,0.34,0.1,9.899963,93.58,93.48999,93.56999,93.19,-0.1999817,93.48,0.0397799,0.0,0.0,6.0,3.0,2318.0,86.0,0.0,0.0,0.0,13.8,11.25,22.5,1.0752331323523476,2.369568725667112,1497.1150857873438,3333.7346191301453,0.425982510534256,26.02111111111111
138.0,59026.2,52.316884400000006,-2.0980407,93.946,24.445,65.01,0.35,0.1,9.899963,93.69,93.62,93.67,92.95,-0.2999877999999999,93.61,0.0397799,0.0,0.0,6.0,3.0,2331.0,86.0,0.0,0.0,0.0,13.8,11.25,21.5,1.0799080998865402,2.3756827749163,1498.1949938872303,3336.1103019050615,0.42664573565001385,26.09611111111111
138.0,59026.3,52.31690570000001,-2.0980249,93.701,24.495,65.04,0.34,0.1,9.899963,93.73999,93.73999,93.83,93.28,-0.2999877999999999,93.7,0.0397799,0.0,0.0,6.0,3.0,2332.0,85.0,0.0,0.0,0.0,13.8,11.25,15.0,1.079159185277552,2.368546434601178,1499.274153072508,3338.478848339663,0.427518400276011,26.028055555555554
138.0,59026.4,52.316927,-2.098009,93.978,24.444000000000003,65.07,0.33,0.1,9.899963,93.78,93.73999,93.81999,93.2,-0.3999939,93.79,0.02957988,0.0,0.0,6.0,3.0,2325.0,85.0,0.0,0.0,0.0,13.8,11.25,13.5,1.0802344617136932,2.376510836862758,1500.3543875342216,3340.855359176526,0.42662828235749395,26.104999999999997
138.0,59026.5,52.3169484,-2.0979931,93.935,24.51,65.1,0.33,0.1,9.899963,93.64,93.67,93.97,93.28999,-0.5,93.72,0.01937985,0.0,0.0,6.0,3.0,2326.0,86.0,0.0,0.0,0.0,13.8,11.25,13.0,1.0824757706493404,2.3741781079376083,1501.436863304871,3343.2295372844633,0.4277801996638102,26.093055555555555
138.0,59026.6,52.3169697,-2.0979771,93.992,24.683000000000003,65.14,0.34,0.1,9.799988,93.65999,93.56,93.84,93.45999,-0.5,93.6,0.009180069,0.0,0.0,6.0,3.0,2320.0,85.0,0.0,0.0,0.0,13.8,11.25,11.5,1.0903006613134718,2.3723375093065626,1502.5271639661844,3345.6018747937696,0.4307996192697604,26.108888888888888
138.0,59026.7,52.316991,-2.0979611,94.118,24.728,65.17,0.34,0.1,9.799988,93.64,93.51999,93.89,93.06999,-0.5,93.68,0.0,0.0,0.0,6.0,3.0,2316.0,86.0,0.0,0.0,0.0,13.8,11.25,8.0,1.0936276428851508,2.374659521081527,1503.6207916090696,3347.976534314851,0.43158501743315786,26.14388888888889
138.0,59026.8,52.3170123,-2.0979451,93.816,24.667,65.21,0.34,0.1,9.200012,93.55,93.47,93.76999,93.37,-0.5,93.55,0.0,0.0,0.0,6.0,3.0,2315.0,86.0,0.0,0.0,0.0,13.8,11.25,6.5,1.0875977900219882,2.368199114757728,1504.7083893990916,3350.344733429609,0.4305203665894413,26.06
138.0,59026.9,52.3170335,-2.097929,93.953,24.78,65.24,0.34,0.1,8.399963,93.45999,93.36,93.64,92.95,-0.2999877999999999,93.47,-0.009180069,0.0,0.0,6.0,3.0,2314.0,85.0,0.0,0.0,0.0,13.8,11.25,6.5,1.0938613285496375,2.3695046806689923,1505.8022507276412,3352.7142381102776,0.4324925886441949,26.098055555555554
138.0,59027.0,52.3170547,-2.0979129,93.784,24.869,65.28,0.34,0.1,8.200012,93.31999,93.45999,93.56,93.03,-0.1999817,93.27,0.0,0.009180069,0.0,6.0,3.0,2318.0,85.0,0.0,0.0,0.0,13.8,11.25,6.5,1.0955664358756128,2.363543544303209,1506.8978171635167,3355.077781654581,0.43404593167846983,26.051111111111112
138.0,59027.1,52.31707600000001,-2.0978968,93.726,24.893,65.31,0.33,0.1,8.200012,93.37999,93.25,93.28,92.75,-0.1999817,93.39,-0.01938009,0.01937985,0.0,6.0,3.0,2323.0,85.0,0.0,0.0,0.0,13.8,11.25,6.5,1.0958782216029088,2.361622995614763,1507.9936953851197,3357.4394046501957,0.4344648106989485,26.035
138.0,59027.2,52.3170972,-2.0978809000000003,93.643,24.77,65.33,0.32,0.1,8.0,93.17999,93.23,93.48999,92.84999,-0.1999817,93.23,-0.009180069,0.02957988,0.0,6.0,3.0,2318.0,85.0,0.0,0.0,0.0,13.8,11.25,6.5,1.0898399002726367,2.361876696523841,1509.0835352853924,3359.8012813467194,0.4323180557189954,26.011944444444445
138.0,59027.3,52.3171182,-2.0978647999999995,93.334,25.017,65.37,0.33,0.1,7.5,93.03999,93.03999,93.26999,92.98,-0.1000061,93.07999,-0.009180069,0.02957988,0.0,6.0,3.0,2313.0,85.0,0.0,0.0,0.0,13.8,11.25,9.0,1.0963819240121975,2.3493784391102475,1510.1799172094045,3362.1506597858297,0.4366290189714214,25.926111111111112
138.0,59027.4,52.3171394,-2.0978488,93.535,24.781,65.4,0.33,0.1,6.599976,93.03,92.87,93.19,92.5,0.0,93.0,-0.009180069,0.0397799,0.0,6.0,3.0,2305.0,85.0,0.0,0.0,0.0,13.8,11.25,11.5,1.0890358748715598,2.358943669184305,1511.268953084276,3364.509603455014,0.4325100419367148,25.981944444444444
138.0,59027.5,52.3171606,-2.0978327,93.409,24.854,65.43,0.32,0.1,6.0,92.98,93.09,93.09,92.64,0.5,92.98,-0.009180069,0.0397799,0.0,6.0,3.0,2312.0,85.0,0.0,0.0,0.0,13.8,11.25,14.0,1.090569421417103,2.3543783886836946,1512.3595225056931,3366.8639818436973,0.43378413229067064,25.946944444444444
138.0,59027.6,52.317181600000005,-2.0978166,93.056,25.065,65.46,0.31,0.1,5.799988,92.83,92.86,92.92999,92.59,1.0,92.95,0.0,0.05915999,0.0,6.0,3.0,2302.0,85.0,0.0,0.0,0.0,13.8,11.25,16.0,1.0950782599037594,2.341464108754902,1513.454600765597,3369.205445952452,0.43746677701237874,25.848888888888887
138.0,59027.7,52.3172027,-2.0978007,93.362,24.807,65.48,0.3,0.1,6.299988,92.81,92.92,93.19,92.64999,0.7000122,92.84,0.0,0.06936002,0.0,6.0,3.0,2309.0,85.0,0.0,0.0,0.0,13.8,11.25,16.5,1.08808998415354,2.354087108710528,1514.5426907497506,3371.5595330611627,0.4329638275422333,25.933888888888887
138.0,59027.8,52.3172239,-2.0977847,93.215,24.872,65.52,0.31,0.1,6.599976,93.05,93.00999,92.86,92.61,0.3999939,93.03,0.0,0.06936002,0.0,6.0,3.0,2318.0,85.0,0.0,0.0,0.0,13.8,11.25,17.0,1.0890424911344059,2.349146592389379,1515.631733240885,3373.908679653552,0.43409829155602964,25.893055555555556
138.0,59027.9,52.3172449,-2.0977688,92.984,24.705,65.54,0.29,0.1,6.799988000000001,92.98999,92.97,93.01999,92.28999,0.0,93.00999,0.009180069,0.04997993,0.0,6.0,3.0,2315.0,85.0,0.0,0.0,0.0,13.8,11.25,17.0,1.0795089952019403,2.3464814812019665,1516.711242236087,3376.255161134754,0.4311835917051991,25.828888888888887
138.0,59028.0,52.3172661,-2.0977531000000003,93.218,24.564,65.58,0.31,0.1,7.700011999999999,93.0,93.05,92.98,92.5,0.1000061,93.02,0.009180069,0.04997993,0.0,6.0,3.0,2316.0,85.0,0.0,0.0,0.0,13.8,11.25,17.0,1.07643335375349,2.355042685988568,1517.7876755898405,3378.6102038207428,0.4287226774598871,25.89388888888889
138.0,59028.1,52.3172872,-2.0977373,93.071,24.541,65.61,0.31,0.1,8.5,92.95999,92.87,93.12,92.64,0.0,92.95,0.01937985,0.02957988,0.0,6.0,3.0,2302.0,85.0,0.0,0.0,0.0,13.8,11.25,13.0,1.0737919031361616,2.3517601417546046,1518.8614674929768,3380.9619639624975,0.4283212517319284,25.853055555555553
138.0,59028.2,52.3173083,-2.0977214,93.222,24.786,65.66,0.34,0.1,8.599976,92.84,92.92,93.25,92.48999,-0.1000061,92.82999,0.01937985,0.009180069,0.0,6.0,3.0,2296.0,85.0,0.0,0.0,0.0,13.8,11.25,7.0,1.0855967532060415,2.350955112167925,1519.947064246183,3383.3129190746654,0.43259730839931454,25.894999999999996
138.0,59028.3,52.3173295,-2.0977055,93.204,24.747,65.71,0.35,0.1,7.899963,92.95999,92.95,93.05,92.64,0.0,93.0,0.009180069,0.009180069,0.0,6.0,3.0,2301.0,85.0,0.0,0.0,0.0,13.8,11.25,6.0,1.083786951361567,2.351239427208212,1521.0308511975445,3385.6641585018738,0.43191662999103675,25.889999999999997
138.0,59028.4,52.317350600000005,-2.0976896000000003,93.186,24.817,65.73,0.33,0.1,7.799988000000001,92.90999,92.89,93.09,92.3,0.0,92.93,0.0,0.02957988,0.0,6.0,3.0,2309.0,85.0,0.0,0.0,0.0,13.8,11.25,6.0,1.0864488619651451,2.349459750737314,1522.1173000595097,3388.013618252611,0.43313836046743276,25.885
138.0,59028.5,52.3173717,-2.0976738,93.179,24.592,65.75,0.33,0.1,7.799988000000001,92.75999,92.8,92.98,92.56,-0.1000061,92.8,0.0,0.02957988,0.0,6.0,3.0,2308.0,85.0,0.0,0.0,0.0,13.8,11.25,6.0,1.0771332828186861,2.3535312914775517,1523.1944333423285,3390.3671495440885,0.4292113696504455,25.883055555555554
138.0,59028.6,52.3173928,-2.0976579,93.046,24.722,65.79,0.33,0.1,7.799988000000001,92.73999,92.62,92.87,92.42999,0.0,92.71,0.0,0.01937985,0.0,6.0,3.0,2303.0,85.0,0.0,0.0,0.0,13.8,11.25,6.0,1.0809254234363541,2.3477254576819564,1524.2753587657648,3392.7148750017705,0.4314802976780382,25.846111111111114
138.0,59028.7,52.3174138,-2.097642,92.876,24.835,65.82,0.33,0.1,7.799988000000001,92.55,92.62999,92.87999,92.20999,0.0,92.64,0.0,0.02957988,0.0,6.0,3.0,2294.0,85.0,0.0,0.0,0.0,13.8,11.25,6.0,1.083570189957751,2.3413035519657144,1525.3589289557226,3395.056178553736,0.43345251973279175,25.79888888888889
138.0,59028.8,52.317435,-2.0976262,93.078,24.668000000000003,65.85,0.33,0.1,7.799988000000001,92.59,92.53,92.7,92.39,0.0,92.53,-0.009180069,0.02957988,0.0,6.0,3.0,2292.0,85.0,0.0,0.0,0.0,13.8,11.25,10.0,1.0790832508878898,2.349550933189835,1526.4380122066104,3397.405729486926,0.43053781988196127,25.855
138.0,59028.9,52.317456,-2.0976104,92.711,24.764,65.89,0.34,0.1,7.799988000000001,92.48,92.37999,92.7,91.95999,0.0,92.47,-0.009180069,0.02957988,0.0,6.0,3.0,2294.0,85.0,0.0,0.0,0.0,13.8,11.25,13.5,1.0787481792678424,2.338482642698385,1527.5167603858783,3399.744212129624,0.43221333596387573,25.753055555555555
138.0,59029.0,52.317477,-2.0975946,92.83,24.768,65.92,0.34,0.1,7.799988000000001,92.5,92.48,92.53999,92.08,0.0,92.45,0.0,0.02957988,0.0,6.0,3.0,2323.0,85.0,0.0,0.0,0.0,13.8,11.25,15.5,1.0802962795585889,2.341408808968983,1528.5970566654369,3402.085620938593,0.43228314913395555,25.78611111111111
138.0,59029.1,52.317498,-2.0975788,92.599,24.746,65.96,0.34,0.1,6.8999630000000005,92.44,92.37,92.45,92.01999,0.0,92.41,0.0,0.0397799,0.0,6.0,3.0,2303.0,85.0,0.0,0.0,0.0,13.8,11.25,16.5,1.0767111703442456,2.3359960007857015,1529.673767835781,3404.4216169393785,0.43189917669851674,25.721944444444446
138.0,59029.2,52.317519,-2.097563,92.588,24.795,65.99,0.34,0.1,5.5,92.33,92.45,92.53999,91.87999,0.3000183,92.39,0.0,0.04997993,0.0,6.0,3.0,2303.0,85.0,0.0,0.0,0.0,13.8,11.25,18.5,1.0785804049016776,2.334796943409053,1530.7523482406827,3406.7564138827875,0.43275438803199406,25.718888888888888
138.0,59029.3,52.31754,-2.0975472,92.693,24.775,66.02,0.34,0.1,5.299988,92.40999,92.34999,92.48999,92.22,0.8000183000000001,92.36,0.009180069,0.04997993,0.0,6.0,3.0,2291.0,85.0,0.0,0.0,0.0,13.8,11.25,19.0,1.078987587847285,2.3378215146138186,1531.83133582853,3409.0942353974015,0.4324053221815951,25.748055555555553
138.0,59029.4,52.317561,-2.0975313,92.84,24.794,66.06,0.35,0.1,6.099976,92.47,92.45,92.58,91.98,0.8000183000000001,92.47,0.01937985,0.05915999,0.0,6.0,3.0,2297.0,85.0,0.0,0.0,0.0,13.8,11.25,20.0,1.0814751539687526,2.3411705176220785,1532.9128109824987,3411.4354059150237,0.43273693473947406,25.788888888888888
138.0,59029.5,52.317582,-2.0975155,92.686,24.749,66.08,0.33,0.1,6.599976,92.67999,92.72,92.50999,92.12,0.3000183,92.62,0.01937985,0.05915999,0.0,6.0,3.0,2303.0,85.0,0.0,0.7200012,0.0,13.8,11.25,20.5,1.0778452040606863,2.338134318113519,1533.9906561865594,3413.7735402331373,0.4319515365760766,25.746111111111112
138.0,59029.6,52.317603,-2.0974999,92.563,24.573,66.11,0.33,0.1,6.799988000000001,92.75999,92.62,92.53999,92.12999,0.0,92.7,0.02957988,0.06936002,0.0,6.0,3.0,2312.0,85.0,0.0,0.0,0.0,13.7,11.25,22.0,1.069237068531376,2.338326957980942,1535.0598932550906,3416.111867191118,0.4288797570925666,25.711944444444445
138.0,59029.7,52.3176241,-2.0974842,92.646,24.556,66.16,0.35,0.1,6.799988000000001,92.59999,92.69,92.87999,92.3,0.0,92.63,0.0397799,0.05915999,0.0,6.0,3.0,2305.0,85.0,0.0,0.0,0.0,13.8,11.25,22.0,1.0695013742737502,2.340741134860188,1536.1293946293645,3418.4526083259784,0.42858305111972755,25.735
138.0,59029.8,52.3176452,-2.0974685,93.125,24.498,66.2,0.36,0.1,7.200011999999999,92.75,92.76999,92.83,92.53,0.3000183,92.72,0.0397799,0.0397799,0.0,6.0,3.0,2309.0,85.0,0.0,0.0,0.0,13.8,11.25,22.0,1.0726486169393081,2.3539303147780894,1537.2020432463037,3420.8065386407566,0.4275707601535709,25.868055555555554
138.0,59029.9,52.3176664,-2.0974528,93.002,24.472,66.23,0.36,0.1,8.899963,92.92,92.89999,93.05,92.25999,0.1000061,92.86,0.0397799,0.01937985,0.0,6.0,3.0,2303.0,85.0,0.0,0.0,0.0,13.8,11.25,22.0,1.070164977792946,2.3513070985177564,1538.2722082240966,3423.1578457392743,0.42711697454805236,25.833888888888886
137.0,59030.0,52.317687500000005,-2.097437,93.11,24.524,66.26,0.35,0.1,9.899963,93.11,93.05,92.95999,92.42,-0.6000061,93.0,0.0397799,0.0,0.0,6.0,3.0,2305.0,85.0,0.0,0.0,0.0,13.8,11.25,22.0,1.0735437385011044,2.3530642418117216,1539.3457519625977,3425.510909981086,0.4280245457590894,25.863888888888887
137.0,59030.1,52.3177087,-2.0974214,93.168,24.409,66.29,0.34,0.1,9.799988,93.17999,93.05,93.03999,92.69,-1.100006,93.1,0.0397799,0.0,0.0,6.0,3.0,2316.0,85.0,0.0,0.0,0.0,13.8,11.25,17.0,1.0694844642192733,2.3566813490146723,1540.415236426817,3427.867591330101,0.42601741711929586,25.880000000000003
137.0,59030.2,52.3177298,-2.0974056,93.164,24.513,66.32,0.35,0.1,9.599976,93.06,93.14,93.31999,92.50999,-0.7999878,93.09,0.02957988,0.0,0.0,6.0,3.0,2310.0,85.0,0.0,0.0,0.0,13.8,11.25,11.0,1.0737143123587911,2.3546351047817278,1541.4889507391758,3430.2222264348825,0.42783255954137,25.878888888888888
137.0,59030.3,52.31775100000001,-2.0973897,93.409,24.635,66.36,0.35,0.1,9.5,93.09,93.03,93.28999,92.89999,-0.3999939,93.05,0.01937985,0.0,0.0,6.0,3.0,2312.0,85.0,0.0,0.0,0.0,13.8,11.25,8.5,1.0815624044787968,2.3585296320480924,1542.5705131436546,3432.5807560669305,0.4299618612288031,25.946944444444444
137.0,59030.4,52.3177722,-2.0973738,93.395,24.74,66.4,0.35,0.1,9.399963,93.03,92.98999,93.34999,92.50999,-0.3999939,93.02,0.009180069,0.0,0.0,6.0,3.0,2311.0,85.0,0.0,0.0,0.0,13.8,11.25,8.0,1.0857200667145928,2.3561904108793246,1543.6562332103692,3434.9369464778097,0.4317944569433971,25.943055555555553
137.0,59030.5,52.3177933,-2.0973578,93.319,24.859,66.44,0.35,0.1,9.399963,93.01999,92.97,93.05,92.48999,-0.5,93.07,0.0,0.0,0.0,6.0,3.0,2302.0,85.0,0.0,0.0,0.0,13.8,11.25,8.0,1.0897239089415136,2.3520148469110205,1544.7459571193108,3437.2889613247207,0.4338713987532704,25.921944444444446
137.0,59030.6,52.3178144,-2.0973418,93.193,24.888,66.47,0.35,0.1,9.399963,92.95,92.86,93.15999,92.7,-0.6999816999999999,92.96,0.0,0.009180069,0.0,6.0,3.0,2302.0,85.0,0.0,0.0,0.0,13.8,11.25,8.0,1.0894412705805967,2.3482880242110986,1545.8353983898915,3439.6372493489316,0.4343775442363488,25.886944444444442
137.0,59030.7,52.3178356,-2.0973259,93.287,24.835,66.51,0.36,0.1,9.299988,92.86,92.84999,93.11,92.26999,-0.6999816999999999,92.84,0.0,0.009180069,0.0,6.0,3.0,2304.0,85.0,0.0,0.0,0.0,13.8,11.25,5.5,1.0883652645526156,2.3516644176345407,1546.923763654444,3441.9889137665664,0.43345251973279175,25.913055555555555
137.0,59030.8,52.317856600000006,-2.0973099,93.046,24.92,66.54,0.35,0.1,9.099976,92.70999,92.58,92.89999,92.48,-0.5,92.67,-0.009180069,0.009180069,0.0,6.0,3.0,2295.0,85.0,0.0,0.0,0.0,13.8,11.25,3.0,1.0890321097248294,2.3439760364959583,1548.012795764169,3444.3328898030622,0.43493604959698695,25.846111111111114
137.0,59030.9,52.3178777,-2.0972939,93.175,24.914,66.58,0.35,0.1,9.099976,92.55,92.47,92.87,92.05,-0.3999939,92.6,-0.01938009,0.0,0.0,6.0,3.0,2300.0,85.0,0.0,0.0,0.0,13.8,11.25,2.5,1.0902961489606724,2.347339939125693,1549.1030919131297,3446.6802297421877,0.4348313298418673,25.881944444444443
137.0,59031.0,52.3178987,-2.0972778,92.891,25.017,66.61,0.35,0.1,9.099976,92.45999,92.42,92.62999,92.12,-0.5,92.49,-0.01938009,0.009180069,0.0,6.0,3.0,2295.0,85.0,0.0,0.0,0.0,13.8,11.25,2.5,1.0911780626933063,2.3382273618123084,1550.194269975823,3449.018457104,0.4366290189714214,25.803055555555556
137.0,59031.1,52.3179197,-2.0972618,92.732,25.115,66.65,0.36,0.1,9.099976,92.31999,92.22,92.47,92.06,-0.3999939,92.38,-0.01938009,0.0,0.0,6.0,3.0,2278.0,85.0,0.0,0.0,0.0,13.8,11.25,2.5,1.0933012272002354,2.3323584618372224,1551.2875712030234,3451.3508155658374,0.43833944163837585,25.758888888888887
137.0,59031.2,52.3179406,-2.0972457,92.581,25.239,66.69,0.36,0.1,9.099976,92.12999,92.17999,92.44,91.65999,-0.5,92.15,-0.01938009,0.0,0.0,6.0,3.0,2282.0,85.0,0.0,0.0,0.0,13.8,11.25,2.5,1.0965578818248678,2.3261928396833698,1552.3841290848482,3453.6770084055206,0.44050364991084884,25.716944444444444
137.0,59031.3,52.3179614,-2.0972296,92.56,25.27,66.72,0.36,0.1,9.099976,92.09999,91.98999,92.23,91.7,-0.5,92.06,-0.01938009,0.009180069,0.0,6.0,3.0,2288.0,85.0,0.0,0.0,0.0,13.8,11.25,2.5,1.097567296791984,2.3250716923767643,1553.4816963816402,3456.0020800978973,0.44104470197896706,25.711111111111112
137.0,59031.4,52.3179823,-2.0972135,92.315,25.289,66.76,0.36,0.1,8.899963,91.89,91.76999,92.19,91.47,-0.6000061,91.9,-0.01938009,0.009180069,0.0,6.0,3.0,2286.0,85.0,0.0,0.0,0.0,13.8,11.25,2.5,1.095431033022924,2.318554255164933,1554.5771274146632,3458.3206343530624,0.441376314536846,25.643055555555556
137.0,59031.5,52.318003100000006,-2.0971975,92.2,25.249,66.79,0.35,0.1,6.8999630000000005,91.87999,91.81,91.90999,91.26999,-0.5,91.78,-0.02958012,0.009180069,0.0,6.0,3.0,2283.0,85.0,0.0,0.0,0.0,13.8,11.25,2.5,1.0924495102644323,2.3164291897184754,1555.6695769249277,3460.6370635427807,0.44067818283604826,25.61111111111111
137.0,59031.6,52.3180239,-2.0971814,92.174,25.327,66.82,0.35,0.1,5.099976,91.58,91.56,91.75999,91.36,0.5,91.7,-0.02958012,0.02957988,0.0,6.0,3.0,2271.0,85.0,0.0,0.0,0.0,13.8,11.25,8.0,1.0952930286376137,2.3142870270913942,1556.7648699535653,3462.951350569872,0.4420395396526039,25.60388888888889
137.0,59031.7,52.3180445,-2.0971653,91.901,25.483,66.85,0.34,0.1,5.200012,91.36,91.62,91.7,91.06999,1.100006,91.50999,-0.02958012,0.06936002,0.0,6.0,3.0,2281.0,85.0,0.0,-0.230011,0.0,13.8,11.25,15.0,1.0983274237261131,2.3044507099884926,1557.8631973772913,3465.2558012798604,0.444762253285715,25.528055555555554
137.0,59031.8,52.3180652,-2.0971492,91.782,25.412,66.89,0.34,0.1,5.899963,91.42,91.42999,91.5,91.17,1.100006,91.39,-0.01938009,0.07956004,0.0,6.0,3.0,2351.0,85.0,0.0,0.0,0.0,13.8,11.25,20.0,1.0940524489844305,2.302824241854156,1558.9572498262758,3467.5586255217145,0.443523069516799,25.494999999999997
137.0,59031.9,52.3180859,-2.0971333,91.649,25.314,66.92,0.35,0.1,6.200012,91.25,91.22,91.47,90.98,0.3000183,91.32,-0.009180069,0.06936002,0.0,6.0,3.0,2358.0,85.0,0.0,0.0,0.0,13.8,11.25,23.5,1.0885323818006287,2.3013524676739503,1560.0457822080764,3469.8599779893884,0.44181264684984456,25.458055555555553
137.0,59032.0,52.3181066,-2.0971175,91.652,25.065,66.96,0.35,0.1,6.299988,91.12,91.15999,91.3,90.76999,0.1000061,91.22,-0.009180069,0.05915999,0.0,6.0,3.0,2322.0,85.0,0.0,0.0,0.0,13.8,11.25,26.0,1.0785560595415598,2.3061368261649364,1561.124338267618,3472.1661148155536,0.43746677701237874,25.45888888888889
137.0,59032.1,52.3181273,-2.0971017,91.501,25.077,67.0,0.36,0.1,6.599976,91.2,91.15999,91.25999,91.06999,0.3000183,91.2,0.0,0.04997993,0.0,6.0,3.0,2351.0,85.0,0.0,0.0,0.0,13.7,11.25,28.0,1.0772612760399436,2.3021118113733197,1562.201599543658,3474.468226626927,0.43767621652261807,25.416944444444447
137.0,59032.2,52.3181479,-2.0970858,91.332,25.155,67.04,0.37,0.1,7.0,91.14,91.25,91.28999,90.61,0.3999939,91.17,0.0,0.0397799,0.0,6.0,3.0,2382.0,85.0,0.0,-0.7099915,0.0,13.7,11.25,30.0,1.0783988119298014,2.296393912731087,1563.2799983555878,3476.764620539658,0.4390375733391736,25.369999999999997
137.0,59032.3,52.3181686,-2.09707,91.26,25.115,67.07,0.36,0.1,7.200011999999999,91.2,91.15999,91.17,90.64999,0.3999939,91.21,0.0,0.02957988,0.0,6.0,3.0,2444.0,85.0,0.0,0.0,0.0,13.8,11.25,31.0,1.075946490901668,2.2953353020237346,1564.3559448464896,3479.059955841682,0.43833944163837585,25.35
137.0,59032.4,52.3181892,-2.0970543000000004,91.418,25.082,67.11,0.36,0.1,7.5,91.2,91.17999,91.39,91.05,0.1000061,91.22,0.009180069,0.0397799,0.0,6.0,3.0,2506.0,85.0,0.0,0.0,0.0,13.8,11.25,31.0,1.076484809718569,2.2999296475017497,1565.4324296562081,3481.359885489184,0.4377634829852177,25.39388888888889
137.0,59032.5,52.31820990000001,-2.0970385000000005,91.307,25.092,67.15,0.38,0.1,8.0,91.17999,91.31,91.34,90.64,0.0,91.2,0.01937985,0.02957988,0.0,6.0,3.0,2569.0,85.0,0.0,0.0,0.0,13.8,11.25,31.0,1.0755786484230208,2.296949377369576,1566.5080083046312,3483.6568348665533,0.43793801591041714,25.363055555555555
137.0,59032.6,52.3182306,-2.0970227,91.404,25.035,67.19,0.38,0.1,8.399963,91.34,91.25999,91.31999,90.90999,0.0,91.25,0.02957988,0.02957988,0.0,6.0,3.0,2591.0,85.0,0.0,0.0,0.0,13.8,11.25,31.0,1.0744332377191512,2.300459566626708,1567.5824415423504,3485.95729443318,0.4369431782367804,25.389999999999997
137.0,59032.7,52.31825130000001,-2.0970069,91.53,25.071,67.23,0.39,0.1,9.0,91.44,91.44,91.53,91.03,-0.1000061,91.4,0.02957988,0.01937985,0.0,6.0,3.0,2591.0,85.0,0.0,0.0,0.0,13.8,11.25,31.0,1.0773615404803618,2.3029542681290445,1568.6598030828306,3488.260248701309,0.4375714967674984,25.425
137.0,59032.8,52.3182719,-2.0969911,91.537,25.062,67.27,0.39,0.1,9.299988,91.5,91.55,91.48,90.83,-0.5,91.49,0.0397799,0.009180069,0.0,6.0,3.0,2552.0,85.0,0.0,0.0,0.0,13.8,11.25,31.0,1.077082146400326,2.303299608760074,1569.736885229231,3490.563548310069,0.4374144171348189,25.426944444444445
137.0,59032.9,52.3182927,-2.0969753,91.67,25.009,67.31,0.38,0.1,9.399963,91.75,91.67,91.72,91.26999,-0.6999816999999999,91.67,0.0397799,0.0,0.0,6.0,3.0,2526.0,85.0,0.0,0.0,0.0,13.8,11.25,31.0,1.0765129429337237,2.307643009036052,1570.8133981721646,3492.871191319105,0.4364893926312619,25.46388888888889
137.0,59033.0,52.3183134,-2.0969594,91.732,25.205,67.34,0.39,0.1,9.399963,91.81999,91.87,91.86,91.05,-0.6999816999999999,91.8,0.0397799,0.0,0.0,6.0,3.0,2483.0,85.0,0.0,0.0,0.0,13.8,11.25,31.0,1.0851341411310835,2.3055051789834713,1571.8985323132956,3495.1766964980884,0.43991023796517076,25.48111111111111
137.0,59033.1,52.3183341,-2.0969435,91.674,25.208,67.39,0.4,0.1,9.399963,92.03,91.86,91.92,91.34999,-0.6000061,91.9,0.04997993,0.0,0.0,6.0,3.0,2461.0,85.0,0.0,0.0,0.0,13.8,11.25,32.0,1.084568674327545,2.303990677209305,1572.9831009876232,3497.4806871752976,0.43996259784273056,25.465
137.0,59033.2,52.3183549,-2.0969275,91.94,25.3,67.46,0.43,0.1,9.299988,92.00999,91.92999,92.23,91.69,-0.2999877999999999,91.96,0.05915999,0.0,0.0,6.0,3.0,2464.0,85.0,0.0,0.0,0.0,13.7,11.25,32.0,1.0914244988838464,2.308926378216999,1574.0745254865071,3499.7896135535148,0.4415683007545654,25.538888888888888
137.0,59033.3,52.3183757,-2.0969115,92.275,25.178,67.49,0.42,0.1,9.299988,92.06,92.11,92.22,91.53999,0.0,92.0,0.05915999,0.0,0.0,6.0,3.0,2442.0,85.0,0.0,0.0,0.0,13.7,11.25,32.0,1.0904645070912946,2.3196665533660235,1575.1649899935985,3502.1092801068808,0.4394389990671323,25.631944444444446
137.0,59033.4,52.3183966,-2.0968953,92.412,25.35,67.53,0.43,0.1,9.299988,92.31,92.26999,92.25999,91.76999,-0.1999817,92.22,0.05915999,0.0,0.0,6.0,3.0,2419.0,85.0,0.0,0.0,0.0,13.8,11.25,32.0,1.0990524798685362,2.3198216842022195,1576.264042473467,3504.4291017910828,0.44244096538056255,25.67
137.0,59033.5,52.3184174,-2.0968791,92.506,25.536,67.58,0.43,0.1,9.299988,92.5,92.55,92.5,91.8,-0.1999817,92.45,0.04997993,0.0,0.0,6.0,3.0,2405.0,85.0,0.0,0.0,0.0,13.8,11.25,32.0,1.1077031342353887,2.3185976427036183,1577.3717456077025,3506.7476994337862,0.44568727778927203,25.69611111111111
137.0,59033.6,52.31843820000001,-2.0968629,92.567,25.421,67.6,0.4,0.1,9.299988,92.81,92.72,92.55,91.90999,-0.5,92.65,0.05915999,0.0,0.0,6.0,3.0,2396.0,85.0,0.0,0.0,0.0,13.8,11.25,32.0,1.1037745501187557,2.322346658563489,1578.4755201578212,3509.07004609235,0.4436801491494785,25.713055555555552
137.0,59033.7,52.318459100000005,-2.0968466,92.671,25.472,67.63,0.4,0.1,9.299988,92.84,92.76999,92.95,92.45999,-0.5,92.84,0.05915999,0.009180069,0.0,6.0,3.0,2394.0,85.0,0.0,0.0,0.0,13.8,11.25,32.0,1.1070836992799635,2.323971325252795,1579.582603857101,3511.3940174176028,0.44457026706799563,25.741944444444446
137.0,59033.8,52.31848,-2.0968303,92.891,25.549,67.68,0.41,0.1,9.0,92.97,93.05,92.97,92.31,-0.3999939,92.91,0.05915999,0.009180069,0.0,6.0,3.0,2379.0,85.0,0.0,0.0,0.0,13.7,11.25,32.0,1.1128415092129988,2.327994960347509,1580.695445366314,3513.7220123779503,0.44591417059203126,25.803055555555556
137.0,59033.9,52.318501,-2.0968139,93.132,25.609,67.72,0.41,0.1,8.700012,93.17999,93.09,93.12999,92.59,-0.1999817,93.06,0.05915999,0.01937985,0.0,6.0,3.0,2336.0,85.0,0.0,0.0,0.0,13.7,11.25,32.0,1.1181722915422228,2.3328651324984935,1581.8136176578562,3516.054877510449,0.4469613681432279,25.87
137.0,59034.0,52.318522,-2.0967975,93.305,25.614,67.76,0.41,0.1,8.5,93.25,93.36,93.36,92.73999,-0.1000061,93.25999,0.05915999,0.02957988,0.0,6.0,3.0,2334.0,85.0,0.0,0.0,0.0,13.7,11.25,32.0,1.1204533391293994,2.3371008434901612,1582.9340709969856,3518.391978353939,0.4470486346058276,25.918055555555558
137.0,59034.1,52.318543,-2.0967810000000005,93.355,25.679,67.79,0.4,0.1,8.5,93.56,93.48999,93.44,92.84999,0.0,93.42,0.05915999,0.01937985,0.0,6.0,3.0,2339.0,85.0,0.0,0.0,0.0,13.8,11.25,32.0,1.1237058198942813,2.337079942371089,1584.0577768168798,3520.72905829631,0.44818309861962385,25.931944444444444
137.0,59034.2,52.318564,-2.0967645,93.532,25.655,67.84,0.41,0.1,8.5,93.62999,93.70999,93.70999,93.17,0.0,93.57,0.06936002,0.01937985,0.0,6.0,3.0,2325.0,85.0,0.0,0.0,0.0,13.8,11.25,32.0,1.1248554445461647,2.3419824026994442,1585.182632261426,3523.0710406990097,0.44776421959914525,25.981111111111108
137.0,59034.3,52.3185852,-2.0967479,93.805,25.698,67.88,0.42,0.1,8.5,93.75,93.75999,93.73999,92.98999,0.0,93.67,0.06936002,0.01937985,0.0,6.0,3.0,2325.0,85.0,0.0,0.0,0.0,13.7,11.25,32.0,1.1299011085375399,2.347970830895112,1586.3125333699636,3525.4190115299048,0.4485147111775028,26.056944444444447
137.0,59034.4,52.318606300000006,-2.0967313,93.992,25.728,67.92,0.42,0.1,8.5,94.00999,93.95999,93.95,93.42999,-0.1000061,93.95,0.05915999,0.01937985,0.0,6.0,3.0,2336.0,85.0,0.0,0.0,0.0,13.7,11.25,32.0,1.133385253372799,2.3520583873621277,1587.4459186233364,3527.7710699172667,0.4490383099531011,26.108888888888888
137.0,59034.5,52.3186274,-2.0967146,93.982,25.759,67.96,0.41,0.1,8.5,94.14999,94.19,94.06999,93.42999,-0.2999877999999999,94.1,0.05915999,0.01937985,0.0,6.0,3.0,2334.0,85.0,0.0,0.0,0.0,13.7,11.25,32.0,1.1345369549363855,2.351194647693054,1588.580455578273,3530.1222645649596,0.44957936202121934,26.10611111111111
0.0,59034.6,52.3186485,-2.0966980000000004,93.982,25.759,68.0,0.41,0.1,8.5,94.34,94.26999,94.23999,93.67999,-0.1999817,94.27,0.06936002,0.009180069,0.0,6.0,3.0,2349.0,85.0,0.0,0.0,0.0,13.8,11.25,32.0,1.1345369549363855,2.351194647693054,1589.7149925332094,3532.4734592126524,0.44957936202121934,26.10611111111111
137.0,59034.7,52.3186698,-2.0966813,94.277,25.735,68.05,0.42,0.1,8.5,94.44,94.47,94.48999,94.01999,0.0,94.41,0.05915999,0.02957988,0.0,6.0,3.0,2352.0,85.0,0.0,0.0,0.0,13.7,11.25,32.0,1.137110094457044,2.359051328583703,1590.8521026276665,3534.832510541236,0.4491604830007407,26.188055555555554
137.0,59034.8,52.31869100000001,-2.0966645,94.554,25.881,68.09,0.42,0.1,8.5,94.62999,94.59999,94.62,93.97,0.0,94.57999,0.05915999,0.01937985,0.0,6.0,3.0,2352.0,85.0,0.0,0.0,0.0,13.7,11.25,32.0,1.1464763369027426,2.363068822299103,1591.998578964569,3537.195579363535,0.4517086637086524,26.265
137.0,59034.9,52.3187123,-2.0966477,94.802,25.723000000000003,68.14,0.43,0.1,8.5,94.78999,94.70999,94.87999,94.37,0.1000061,94.75999,0.05915999,0.01937985,0.0,6.0,3.0,2361.0,85.0,0.0,0.0,0.0,13.8,11.25,32.0,1.1429454604577287,2.372427599431125,1593.1415244250268,3539.568006962966,0.4489510434905014,26.33388888888889
137.0,59035.0,52.3187336,-2.0966309,94.813,25.843000000000004,68.18,0.43,0.1,8.5,94.92,94.89999,94.95,94.31,-0.1000061,94.85,0.06936002,0.009180069,0.0,6.0,3.0,2364.0,85.0,0.0,0.0,0.0,13.7,11.25,32.0,1.148044944512354,2.3703036160114928,1594.289569369539,3541.9383105789775,0.45104543859289464,26.336944444444445
137.0,59035.1,52.318755,-2.096614,95.094,25.915,68.23,0.44,0.1,8.5,95.12999,95.03999,95.11,94.53,-0.1000061,95.06,0.05915999,0.01937985,0.0,6.0,3.0,2367.0,85.0,0.0,0.0,0.0,13.7,11.25,32.0,1.1544339673853479,2.3758797244277594,1595.4440033369244,3544.314190303405,0.4523020756543305,26.415
138.0,59035.2,52.3187764,-2.096597,95.206,25.874,68.27,0.44,0.1,8.5,95.22,95.33,95.22,94.73,-0.1999817,95.21,0.05915999,0.02957988,0.0,6.0,3.0,2371.0,86.0,0.0,0.0,0.0,13.8,11.25,32.0,1.154091196864806,2.3795044522613327,1596.5980945337892,3546.6936947556665,0.4515864906610128,26.44611111111111
137.0,59035.3,52.3187978,-2.0965801,95.353,25.878,68.31,0.44,0.1,8.5,95.44,95.40999,95.39,94.73999,-0.2999877999999999,95.42,0.05915999,0.01937985,0.0,6.0,3.0,2366.0,86.0,0.0,0.0,0.0,13.8,11.25,32.0,1.1560395115669577,2.3830977545469874,1597.754134045356,3549.0767925102136,0.4516563038310926,26.486944444444443
138.0,59035.4,52.3188192,-2.096563,95.551,25.957,68.35,0.44,0.1,8.700012,95.53,95.67,95.61,95.14999,-0.1999817,95.54,0.05915999,0.01937985,0.0,6.0,3.0,2363.0,86.0,0.0,0.0,0.0,13.8,11.25,29.5,1.1617315815907219,2.3864467061416796,1598.9158656269467,3551.4632392163553,0.45303511394016815,26.541944444444443
138.0,59035.5,52.3188407,-2.0965460000000005,95.659,25.872,68.39,0.44,0.1,9.399963,95.73999,95.69,95.72,95.14999,-0.1000061,95.73,0.05915999,0.01937985,0.0,6.0,3.0,2377.0,86.0,0.0,0.0,0.0,13.7,11.25,26.5,1.1594990259150395,2.3908668562863333,1600.0753646528617,3553.8541060726416,0.45155158407597296,26.571944444444444
138.0,59035.6,52.3188622,-2.096529,95.843,25.928,68.44,0.45,0.1,10.29999,95.81,95.83,95.92,95.40999,-0.2999877999999999,95.77,0.05915999,0.009180069,0.0,6.0,3.0,2378.0,85.0,0.0,0.0,0.0,13.7,11.25,26.5,1.164070056729168,2.3943290864391487,1601.2394347095908,3556.2484351590806,0.4525289684570898,26.623055555555556
138.0,59035.7,52.3188838,-2.0965119,96.08,25.899,68.49,0.45,0.1,10.70001,96.03,95.92,95.95,95.14999,-0.6000061,95.88,0.04997993,-0.009180069,0.0,6.0,3.0,2380.0,86.0,0.0,0.0,0.0,13.8,11.25,26.5,1.1657335372342215,2.4008401074211414,1602.405168246825,3558.6492752665017,0.4520228229740114,26.688888888888886
137.0,59035.8,52.3189053,-2.0964947,96.012,25.975,68.54,0.45,0.1,10.70001,96.06999,95.98,96.23,95.51999,-0.8999939,96.03,0.04997993,-0.01938009,0.0,6.0,3.0,2385.0,86.0,0.0,0.0,0.0,13.8,11.25,26.5,1.168089812141532,2.397593625027219,1603.5732580589665,3561.046868891529,0.45334927320552715,26.669999999999998
137.0,59035.9,52.3189269,-2.0964774,96.268,26.151,68.58,0.46,0.1,10.59998,96.20999,96.17,96.23,95.5,-0.8999939,96.09,0.04997993,-0.009180069,0.0,6.0,3.0,2387.0,86.0,0.0,0.0,0.0,13.7,11.25,26.5,1.1785833078713999,2.4003773913647017,1604.7518413668379,3563.4472462828935,0.4564210526890371,26.74111111111111
137.0,59036.0,52.318948500000005,-2.0964601000000003,96.282,26.201,68.63,0.46,0.1,10.59998,96.31999,96.20999,96.37999,95.64,-0.6000061,96.29,0.04997993,-0.009180069,0.0,6.0,3.0,2396.0,86.0,0.0,0.0,0.0,13.8,11.25,26.5,1.180849286083335,2.399696900351475,1605.932690652921,3565.846943183245,0.4572937173150343,26.744999999999997
137.0,59036.1,52.3189701,-2.0964427000000003,96.473,26.301,68.67,0.46,0.1,10.59998,96.40999,96.48,96.47,95.89,-0.7999878,96.35,0.04997993,-0.009180069,0.0,6.0,3.0,2399.0,86.0,0.0,0.0,0.0,13.8,11.25,26.5,1.1873865684489628,2.402388593182505,1607.1200772213701,3568.2493317764274,0.4590390465670286,26.798055555555553
137.0,59036.2,52.3189917,-2.0964252,96.689,26.406,68.71,0.45,0.1,10.59998,96.59,96.47,96.56,95.76999,-0.8999939,96.50999,0.04997993,-0.009180069,0.0,6.0,3.0,2404.0,86.0,0.0,0.0,0.0,13.8,11.25,26.5,1.1944555530149505,2.4055825519247587,1608.314532774385,3570.6549143283523,0.46087164228162264,26.858055555555552
137.0,59036.3,52.3190132,-2.0964076,96.595,26.504,68.75,0.45,0.1,10.5,96.56999,96.70999,96.67999,96.14,-0.6999816999999999,96.6,0.04997993,0.0,0.0,6.0,3.0,2402.0,86.0,0.0,0.0,0.0,13.7,11.25,25.0,1.1974031315137825,2.4011993185361598,1609.5119359058988,3573.0561136468887,0.4625820649485771,26.831944444444442
137.0,59036.4,52.319034900000005,-2.09639,96.822,26.527,68.8,0.45,0.1,9.799988,96.76999,96.70999,96.78999,96.05,-0.6000061,96.71,0.04997993,0.0,0.0,6.0,3.0,2404.0,86.0,0.0,0.0,0.0,13.8,11.25,21.0,1.2011831222114078,2.406360188524248,1610.7131190281102,3575.4624738354128,0.4629834906765358,26.895
137.0,59036.5,52.3190565,-2.0963723,96.991,26.529,68.85,0.46,0.1,9.700012,96.84,96.81999,97.0,96.44,-0.3999939,96.77,0.04997993,0.0,0.0,6.0,3.0,2403.0,86.0,0.0,0.0,0.0,13.8,11.25,20.0,1.2033638963009692,2.41051841676322,1611.9164829244112,3577.872992252176,0.4630183972615757,26.941944444444445
137.0,59036.6,52.31907820000001,-2.0963546,97.034,26.691,68.89,0.45,0.1,9.599976,96.98,96.83,96.81999,96.12999,-0.2999877999999999,96.88,0.02957988,0.0,0.0,6.0,3.0,2403.0,86.0,0.0,0.0,0.0,13.8,11.25,20.0,1.210711176361886,2.408173521525826,1613.127194100773,3580.281165773702,0.4658458306498065,26.95388888888889
137.0,59036.7,52.3190998,-2.0963367,96.934,26.803,68.94,0.46,0.1,8.599976,96.78,96.83,97.11,96.67,-0.2999877999999999,96.87,0.02957988,0.0,0.0,6.0,3.0,2401.0,86.0,0.0,0.0,0.0,13.8,11.25,19.5,1.2141637151690492,2.403322922215386,1614.341357815942,3582.6844886959175,0.46780059941204016,26.92611111111111
137.0,59036.8,52.3191214,-2.0963188,97.182,26.892,68.99,0.47,0.1,7.299988000000001,96.97,96.87,97.00999,96.3,0.0,96.86,0.01937985,0.02957988,0.0,6.0,3.0,2407.0,86.0,0.0,0.0,0.0,13.8,11.25,19.5,1.2210113483939635,2.407577939983077,1615.562369164336,3585.0920666359007,0.4693539424463151,26.995
137.0,59036.9,52.319143,-2.0963009,97.207,26.883000000000003,69.03,0.47,0.1,7.299988000000001,96.94,96.98999,97.03999,96.53,0.2000122,96.93,0.01937985,0.02957988,0.0,6.0,3.0,2410.0,86.0,0.0,0.0,0.0,13.8,11.25,19.5,1.220947158878815,2.408389103329109,1616.7833163232146,3587.50045573923,0.46919686281363565,27.00194444444444
137.0,59037.0,52.3191647,-2.096283,97.124,26.893,69.08,0.47,0.1,7.599976,97.05,96.95,96.92,96.28,0.1000061,97.0,0.01937985,0.0397799,0.0,6.0,3.0,2413.0,86.0,0.0,0.0,0.0,13.8,11.25,19.5,1.220324621324648,2.4061197549953697,1618.0036409445393,3589.9065754942253,0.4693713957388351,26.978888888888886
137.0,59037.1,52.3191863,-2.0962652,97.103,26.834,69.13,0.47,0.1,7.700011999999999,97.03999,96.97,97.22,96.64999,0.0,96.97,0.02957988,0.0397799,0.0,6.0,3.0,2412.0,86.0,0.0,0.0,0.0,13.8,11.25,19.5,1.217582965932194,2.406854582458738,1619.2212239104715,3592.313430076684,0.4683416514801584,26.973055555555554
137.0,59037.2,52.319208,-2.0962473,97.268,26.839,69.17,0.47,0.1,8.099976,97.03,97.05,97.06999,96.53,0.0,96.99,0.01937985,0.02957988,0.0,6.0,3.0,2410.0,86.0,0.0,0.0,0.0,13.8,11.25,19.5,1.2198623052315107,2.4108379298858935,1620.441086215703,3594.72426800657,0.4684289179427581,27.01888888888889
137.0,59037.3,52.3192296,-2.0962294,97.272,26.802,69.22,0.47,0.1,8.399963,97.08,97.03999,97.23,96.53,0.0,97.09,0.01937985,0.01937985,0.0,6.0,3.0,2420.0,86.0,0.0,0.0,0.0,13.8,11.25,19.5,1.2183553007463557,2.411724354304044,1621.6594415164495,3597.1359923608743,0.4677831461195202,27.02
137.0,59037.4,52.319251300000005,-2.0962116,97.294,26.767,69.26,0.47,0.1,8.399963,97.06,97.09,97.15999,96.67,0.0,97.07999,0.01937985,0.01937985,0.0,6.0,3.0,2424.0,86.0,0.0,0.0,0.0,13.8,11.25,19.5,1.2171570570088523,2.413013782901951,1622.8765985734583,3599.5490061437763,0.4671722808813222,27.02611111111111
137.0,59037.5,52.319273,-2.0961937,97.24,26.897,69.31,0.48,0.1,8.5,97.09,97.03999,97.3,96.56,0.0,97.1,0.02957988,0.02957988,0.0,6.0,3.0,2426.0,86.0,0.0,0.0,0.0,13.8,11.25,19.5,1.221950291911029,2.4089082005478026,1624.0985488653694,3601.9579143443243,0.4694412089089148,27.01111111111111
137.0,59037.6,52.3192947,-2.0961758,97.391,26.797,69.36,0.48,0.1,8.399963,97.11,97.2,97.20999,96.78999,0.0,97.07999,0.01937985,0.01937985,0.0,6.0,3.0,2429.0,86.0,0.0,0.0,0.0,13.8,11.25,19.5,1.2196350797243618,2.4147812367221806,1625.3181839450938,3604.3726955810466,0.4676958796569205,27.053055555555556
137.0,59037.7,52.3193163,-2.0961578,97.448,26.886,69.41,0.48,0.1,8.399963,97.20999,97.20999,97.34999,96.56999,0.0,97.23,0.02957988,0.01937985,0.0,6.0,3.0,2428.0,86.0,0.0,0.0,0.0,13.8,11.25,19.5,1.2241006003315595,2.4142960002986453,1626.5422845454254,3606.7869915813453,0.46924922269119546,27.068888888888885
137.0,59037.8,52.319338,-2.0961398,97.301,26.99,69.45,0.48,0.1,8.399963,97.19,97.26999,97.31,96.84999,-0.1000061,97.22,0.02957988,0.02957988,0.0,6.0,3.0,2425.0,86.0,0.0,0.0,0.0,13.8,11.25,18.5,1.2266277129541354,2.408431507216861,1627.7689122583795,3609.195423088562,0.47106436511326955,27.028055555555554
137.0,59037.9,52.3193597,-2.0961218999999995,97.416,26.895,69.5,0.48,0.1,8.399963,97.28999,97.2,97.3,96.67999,-0.1000061,97.23,0.02957988,0.02957988,0.0,6.0,3.0,2422.0,86.0,0.0,0.0,0.0,13.8,11.25,18.0,1.22407772694955,2.4133109452339587,1628.9929899853291,3611.6087340337963,0.4694063023238749,27.06
137.0,59038.0,52.3193814,-2.0961039,97.517,26.908,69.55,0.48,0.1,8.399963,97.19,97.34,97.37999,96.89999,0.0,97.25,0.01937985,0.02957988,0.0,6.0,3.0,2420.0,86.0,0.0,0.0,0.0,13.8,11.25,18.0,1.2258949383643958,2.415534958948265,1630.2188849236936,3614.0242689927445,0.4696331951266342,27.088055555555552
137.0,59038.1,52.3194031,-2.0960858,97.549,26.981,69.59,0.48,0.1,8.299988,97.33,97.28,97.36,96.70999,0.0,97.28,0.009180069,0.02957988,0.0,6.0,3.0,2425.0,86.0,0.0,0.0,0.0,13.8,11.25,18.5,1.229374836770901,2.4147632374557157,1631.4482597604645,3616.4390322302,0.4709072854805901,27.096944444444446
137.0,59038.2,52.3194248,-2.0960679,97.456,26.948,69.64,0.48,0.1,8.0,97.20999,97.31,97.45999,96.92999,-0.1999817,97.28,0.01937985,0.01937985,0.0,6.0,3.0,2425.0,86.0,0.0,0.0,0.0,13.7,11.25,20.0,1.2268131098656687,2.4131680756555194,1632.67507287033,3618.8522003058556,0.47033132682743195,27.07111111111111
137.0,59038.3,52.3194465,-2.0960499,97.452,26.904,69.69,0.48,0.1,7.399963,97.36,97.19,97.34999,96.56999,-0.3999939,97.31,0.01937985,0.009180069,0.0,6.0,3.0,2427.0,86.0,0.0,0.0,0.0,13.8,11.25,21.0,1.2249092908107782,2.4140104037235295,1633.8999821611408,3621.2662107095794,0.4695633819565544,27.07
137.0,59038.4,52.3194682,-2.0960318,97.682,27.026,69.74,0.48,0.1,7.399963,97.37,97.42999,97.5,97.0,0.0,97.37,0.01937985,0.01937985,0.0,6.0,3.0,2431.0,86.0,0.0,0.0,0.0,13.8,11.25,21.0,1.23294974428413,2.417087956698179,1635.1329319054248,3623.6832986662776,0.4716926836439875,27.13388888888889
137.0,59038.5,52.3194899,-2.0960138,97.571,27.034,69.78,0.48,0.1,7.399963,97.58,97.45999,97.42999,96.78999,0.1000061,97.46,0.02957988,0.02957988,0.0,6.0,3.0,2430.0,86.0,0.0,0.0,0.0,13.8,11.25,21.5,1.2318857873525646,2.414169341905008,1636.3648176927775,3626.0974680081827,0.47183230998414705,27.103055555555553
137.0,59038.6,52.319511600000006,-2.0959957,97.52,27.097,69.83,0.48,0.1,7.399963,97.5,97.5,97.62,96.92,0.0,97.53,0.02957988,0.02957988,0.0,6.0,3.0,2428.0,86.0,0.0,0.0,0.0,13.8,11.25,21.5,1.2338942707091067,2.4115521850163066,1637.5987119634865,3628.509020193199,0.4729318674129035,27.08888888888889
137.0,59038.7,52.3195333,-2.0959775,97.726,27.065,69.88,0.49,0.1,7.299988000000001,97.65999,97.58,97.58,97.06999,0.2000122,97.57999,0.02957988,0.0397799,0.0,6.0,3.0,2419.0,86.0,0.0,0.0,0.0,13.8,11.25,22.0,1.2351508304735659,2.417336532332303,1638.83386279396,3630.926356725531,0.4723733620522653,27.14611111111111
137.0,59038.8,52.319555,-2.0959594,97.722,27.057,69.94,0.49,0.1,7.299988000000001,97.61,97.56999,97.76999,97.11,0.1000061,97.63,0.0397799,0.0397799,0.0,6.0,3.0,2419.0,86.0,0.0,0.0,0.0,13.8,11.25,22.0,1.2347627527282352,2.4174100178651923,1640.0686255466883,3633.3437667433964,0.4722337357121057,27.144999999999996
137.0,59038.9,52.3195768,-2.0959413,97.823,27.087,69.99,0.51,0.1,7.299988000000001,97.73,97.65999,97.70999,97.28999,0.0,97.65,0.0397799,0.0397799,0.0,6.0,3.0,2423.0,86.0,0.0,0.0,0.0,13.8,11.25,22.0,1.2373058261754826,2.419260997653063,1641.3059313728638,3635.7630277410494,0.472757334487704,27.173055555555553
137.0,59039.0,52.3195985,-2.0959232,97.906,26.985,70.04,0.5,0.1,7.299988000000001,97.70999,97.73,97.87999,97.17,0.1000061,97.74,0.0397799,0.02957988,0.0,6.0,3.0,2423.0,86.0,0.0,0.0,0.0,13.8,11.25,22.0,1.2340431751420655,2.4235143980517844,1642.5399745480058,3638.186542139101,0.47097709865066983,27.19611111111111
137.0,59039.1,52.3196204,-2.095905,98.093,27.05,70.09,0.5,0.1,7.299988000000001,97.87999,97.83,97.84999,97.39999,0.1000061,97.8,0.0397799,0.0397799,0.0,6.0,3.0,2423.0,86.0,0.0,0.0,0.0,13.8,11.25,22.0,1.2391540367821936,2.42673908542159,1643.779128584788,3640.613281224523,0.47211156266446613,27.248055555555556
137.0,59039.2,52.3196422,-2.0958869,98.057,26.954,70.14,0.5,0.1,7.399963,97.98999,97.90999,98.01999,97.28999,0.2000122,97.92,0.0397799,0.0397799,0.0,6.0,3.0,2426.0,86.0,0.0,0.0,0.0,13.8,11.25,22.0,1.23463298394111,2.4279205298856015,1645.013761568729,3643.0412017544086,0.4704360465825516,27.238055555555555
137.0,59039.3,52.319664,-2.0958688,98.039,26.909,70.18,0.49,0.1,7.700011999999999,98.03999,98.03999,97.97,97.62,0.0,98.0,0.0397799,0.02957988,0.0,6.0,3.0,2432.0,86.0,0.0,0.0,0.0,13.8,11.25,22.0,1.2324994316267994,2.4284435962071202,1646.2462610003558,3645.469645350616,0.4696506484191541,27.233055555555556
138.0,59039.4,52.3196858,-2.0958507,98.172,27.016,70.23,0.49,0.1,7.799988000000001,98.06999,97.98999,98.19,97.44,0.1000061,98.07999,0.0397799,0.02957988,0.0,6.0,3.0,2428.0,86.0,0.0,0.0,0.0,13.8,11.25,17.0,1.2387105656318669,2.4294289729465195,1647.4849715659877,3647.899074323562,0.47151815071878805,27.27
138.0,59039.5,52.3197077,-2.0958326,98.248,26.919,70.28,0.5,0.1,7.899963,97.98999,98.01999,98.14999,97.81,0.0,98.00999,0.02957988,0.02957988,0.0,6.0,3.0,2420.0,86.0,0.0,-0.230011,0.0,13.8,11.25,14.5,1.2355516077971127,2.433404956282471,1648.7205231737848,3650.332479279845,0.4698251813443536,27.29111111111111
138.0,59039.6,52.3197296,-2.0958144,98.449,26.963,70.34,0.51,0.1,7.899963,98.01999,97.92999,98.2,97.44,0.0,98.0,0.01937985,0.02957988,0.0,6.0,3.0,2426.0,86.0,0.0,0.0,0.0,13.8,11.25,14.0,1.23995153132672,2.437431825597555,1649.9604747051117,3652.7699111054426,0.4705931262152311,27.346944444444443
138.0,59039.7,52.3197515,-2.0957962,98.32,26.952,70.38,0.5,0.1,7.899963,97.92,98.03999,98.01999,97.7,0.2000122,97.96,0.009180069,0.0397799,0.0,6.0,3.0,2436.0,86.0,0.0,0.0,0.0,13.8,11.25,14.0,1.2378594312123434,2.4344756991584906,1651.198334136324,3655.204386804601,0.4704011399975117,27.31111111111111
138.0,59039.8,52.3197733,-2.0957782,98.258,26.84,70.42,0.49,0.1,7.899963,97.97,97.87,98.2,97.36,0.2000122,97.96,0.0,0.0397799,0.0,6.0,3.0,2436.0,86.0,0.0,0.0,0.0,13.8,11.25,14.0,1.2323206478688231,2.435354086704085,1652.430654784193,3657.6397408913053,0.46844637123527805,27.293888888888887
138.0,59039.9,52.3197952,-2.09576,98.258,27.019,70.48,0.5,0.1,8.399963,97.81,97.92,97.98,97.64999,0.1000061,97.9,0.0,0.02957988,0.0,6.0,3.0,2436.0,86.0,0.0,0.0,0.0,13.8,11.25,14.0,1.2399230071807172,2.4314922667066106,1653.6705777913737,3660.071233158012,0.47157051059634786,27.293888888888887
138.0,59040.0,52.31981699999999,-2.0957418000000003,98.093,26.972,70.53,0.5,0.1,9.299988,97.84,97.8,98.06999,97.31,0.0,97.86,0.0,0.01937985,0.0,6.0,3.0,2434.0,86.0,0.0,0.0,0.0,13.8,11.25,16.0,1.235849231749503,2.4284237669670805,1654.9064270231231,3662.4996569249793,0.4707502058479106,27.248055555555556
138.0,59040.1,52.3198388,-2.0957237,98.093,26.958,70.58,0.51,0.1,9.599976,97.72,97.87,97.87999,97.34999,-0.1999817,97.8,0.0,0.0,0.0,6.0,3.0,2431.0,86.0,0.0,0.0,0.0,13.7,11.25,19.5,1.235255818997068,2.42872566940367,1656.1416828421202,3664.928382594383,0.4705058597526313,27.248055555555556
138.0,59040.2,52.3198606,-2.0957056,97.974,26.988000000000003,70.64,0.51,0.1,9.700012,97.73999,97.62999,97.90999,97.12,-0.3999939,97.72,0.0,0.0,0.0,6.0,3.0,2439.0,86.0,0.0,0.0,0.0,13.8,11.25,20.5,1.2350272534700915,2.425132972268969,1657.3767100955902,3667.353515566652,0.4710294585282297,27.215
138.0,59040.3,52.3198824,-2.0956875,98.014,26.978,70.69,0.52,0.1,9.599976,97.73999,97.73999,97.81999,97.17999,-0.5,97.62,0.009180069,0.0,0.0,6.0,3.0,2431.0,86.0,0.0,-0.230011,0.0,13.8,11.25,21.5,1.2351080228259805,2.426338689115058,1658.611818118416,3669.779854255767,0.47085492560303027,27.22611111111111
138.0,59040.4,52.3199042,-2.0956693,97.931,27.088,70.75,0.53,0.1,9.5,97.72,97.64999,97.89999,97.23,-0.3999939,97.57999,0.009180069,0.0,0.0,6.0,3.0,2432.0,86.0,0.0,0.0,0.0,13.8,11.25,21.5,1.2387141254114318,2.421910326806633,1659.8505322438275,3672.2017645825736,0.472774787780224,27.203055555555554
138.0,59040.5,52.319926,-2.0956511,98.003,27.159,70.81,0.53,0.1,9.200012,97.76999,97.72,97.76999,97.09999,-0.1999817,97.68,0.01937985,0.0,0.0,6.0,3.0,2434.0,86.0,0.0,0.0,0.0,13.8,11.25,21.5,1.2426272882542566,2.422152959722923,1661.0931595320817,3674.6239175422966,0.47401397154913993,27.223055555555554
138.0,59040.6,52.31994770000001,-2.0956328,98.039,27.269,70.85,0.52,0.1,9.0,97.94,97.87,97.78999,97.22,-0.1999817,97.84,0.01937985,0.0,0.0,6.0,3.0,2442.0,86.0,0.0,0.0,0.0,13.8,11.25,21.5,1.2477333638704167,2.420651689443231,1662.340892895952,3677.04456923174,0.4759338337263337,27.233055555555556
138.0,59040.7,52.3199694,-2.0956145,97.999,27.308000000000003,70.89,0.51,0.1,8.899963,97.87,97.98999,97.98,97.28,-0.1999817,97.9,0.02957988,0.009180069,0.0,6.0,3.0,2428.0,86.0,0.0,0.0,0.0,13.7,11.25,21.5,1.2488710115587767,2.4188145422608067,1663.5897639075108,3679.4633837740007,0.4766145121346116,27.221944444444443
138.0,59040.8,52.3199912,-2.0955961,98.035,27.34,70.94,0.51,0.1,8.899963,98.0,97.89999,97.97,97.45999,0.1000061,98.0,0.02957988,0.01937985,0.0,6.0,3.0,2432.0,86.0,0.0,0.0,0.0,13.8,11.25,22.0,1.250681007412249,2.419004960712435,1664.840444914923,3681.882388734713,0.4771730174952497,27.231944444444444
137.0,59040.9,52.320013,-2.0955778,98.262,27.304,71.0,0.52,0.1,8.899963,98.00999,98.03,98.26999,97.58,-0.1999817,97.98,0.0397799,0.01937985,0.0,6.0,3.0,2429.0,86.0,0.0,0.0,0.0,13.8,11.25,22.0,1.2520532864132194,2.425393332633257,1666.0924982013362,3684.307782067346,0.4765446989645317,27.294999999999998
137.0,59041.0,52.3200347,-2.0955593,98.248,27.481,71.05,0.52,0.1,8.599976,98.15999,98.05,98.14999,97.7,-0.2999877999999999,98.03,0.0397799,0.01937985,0.0,6.0,3.0,2431.0,86.0,0.0,0.0,0.0,13.8,11.25,22.0,1.2593604501754163,2.4211688733593317,1667.3518586515115,3686.7289509407055,0.47963393174056174,27.29111111111111
137.0,59041.1,52.32005649999999,-2.0955409,98.291,27.377,71.09,0.51,0.1,7.700011999999999,98.19,98.2,98.31999,97.48999,-0.1999817,98.16,0.02957988,0.01937985,0.0,6.0,3.0,2437.0,86.0,0.0,0.0,0.0,13.8,11.25,22.0,1.2555128689639465,2.424511468845518,1668.6073715204755,3689.153462409551,0.4778187893184876,27.303055555555552
137.0,59041.2,52.3200783,-2.0955224,98.298,27.408,71.15,0.52,0.1,6.8999630000000005,98.28,98.2,98.3,97.87,0.1000061,98.21,0.02957988,0.02957988,0.0,6.0,3.0,2435.0,86.0,0.0,0.0,0.0,13.8,11.25,22.0,1.2569139794710118,2.4240044344452727,1669.8642854999464,3691.5774668439963,0.47835984138660587,27.305
137.0,59041.3,52.3201001,-2.0955039,98.471,27.514,71.2,0.53,0.1,7.099976,98.3,98.34999,98.42999,97.64999,0.5,98.34,0.0397799,0.02957988,0.0,6.0,3.0,2438.0,86.0,0.0,0.0,0.0,13.8,11.25,22.0,1.263616352994711,2.4259369725319395,1671.127901852941,3694.003403816528,0.4802098903937198,27.353055555555557
137.0,59041.4,52.3201219,-2.0954854,98.413,27.487,71.25,0.52,0.1,7.0,98.40999,98.31,98.37999,98.00999,0.2000122,98.36,0.0397799,0.0397799,0.0,6.0,3.0,2437.0,86.0,0.0,0.0,0.0,13.8,11.25,22.0,1.2617294128124037,2.425102926564249,1672.3896312657535,3696.4285067430924,0.47973865149568135,27.33694444444444
137.0,59041.5,52.3201437,-2.0954668,98.633,27.506,71.3,0.53,0.1,6.399963,98.37,98.34999,98.59,97.76999,0.2000122,98.39,0.0397799,0.0397799,0.0,6.0,3.0,2449.0,86.0,0.0,0.0,0.0,13.8,11.25,22.0,1.2653559027196248,2.4301047141441643,1673.654987168473,3698.8586114572367,0.4800702640535603,27.398055555555555
137.0,59041.6,52.3201656,-2.0954482,98.654,27.52,71.36,0.53,0.1,6.099976,98.59,98.48,98.53999,98.20999,0.3999939,98.48,0.02957988,0.05915999,0.0,6.0,3.0,2452.0,86.0,0.0,0.0,0.0,13.8,11.25,21.5,1.2662191854936922,2.430312785760995,1674.9212063539667,3701.288924242998,0.48031461014883947,27.403888888888886
137.0,59041.7,52.3201874,-2.0954298,98.597,27.338,71.41,0.53,0.1,6.0,98.48,98.53,98.7,98.00999,0.3000183,98.50999,0.0397799,0.06936002,0.0,6.0,3.0,2450.0,86.0,0.0,0.0,0.0,13.8,11.25,15.5,1.2577657954879788,2.4329161668340458,1676.1789721494547,3703.7218404098317,0.47713811091020986,27.388055555555553
137.0,59041.8,52.3202093,-2.0954113,98.903,27.345,71.47,0.54,0.1,6.299988,98.53,98.5,98.55,98.17999,0.5,98.5,0.02957988,0.05915999,0.0,6.0,3.0,2444.0,86.0,0.0,0.0,0.0,13.8,11.25,13.0,1.2619674751991439,2.4403126658536856,1677.4409396246538,3706.162153075685,0.4772602839578494,27.473055555555558
137.0,59041.9,52.3202312,-2.0953929,98.636,27.248,71.52,0.53,0.1,6.700011999999999,98.42999,98.40999,98.62,97.89999,0.6000061,98.49,0.009180069,0.05915999,0.0,6.0,3.0,2447.0,86.0,0.0,0.0,0.0,13.8,11.25,13.0,1.254438626031067,2.4358519776411045,1678.6953782506848,3708.5980050533262,0.47556731458341495,27.398888888888887
137.0,59042.0,52.3202531,-2.0953744,98.788,27.298,71.57,0.53,0.1,6.8999630000000005,98.40999,98.36,98.51999,98.12999,0.2000122,98.37,0.009180069,0.04997993,0.0,6.0,3.0,2448.0,86.0,0.0,0.0,0.0,13.8,11.25,13.0,1.2585002193341115,2.4385083530837965,1679.953878470019,3711.03651340641,0.47643997920941206,27.44111111111111
137.0,59042.1,52.3202751,-2.0953561,98.86,27.08,71.61,0.53,0.1,7.0,98.36,98.33,98.53,97.78,0.1000061,98.32999,0.0,0.0397799,0.0,6.0,3.0,2448.0,86.0,0.0,0.0,0.0,13.8,11.25,13.0,1.2501235206654522,2.445059798378542,1681.2040019906844,3713.4815732047887,0.4726351614400644,27.46111111111111
137.0,59042.2,52.320297,-2.0953379,98.46,27.068,71.67,0.54,0.1,7.399963,98.28,98.20999,98.34,97.89,0.1000061,98.25999,0.0,0.0397799,0.0,6.0,3.0,2434.0,86.0,0.0,0.0,0.0,13.8,11.25,13.0,1.2445553161510496,2.4354274912302687,1682.4485573068355,3715.917000696019,0.4724257219298251,27.349999999999998
138.0,59042.3,52.3203189,-2.0953195,98.572,27.19,71.73,0.54,0.1,7.799988000000001,98.12999,98.03,98.42,97.62999,0.1000061,98.17,0.0,0.02957988,0.0,6.0,3.0,2431.0,86.0,0.0,0.0,0.0,13.8,11.25,13.0,1.251159850212229,2.4355392597958745,1683.6997171570476,3718.352539955815,0.4745550236172582,27.38111111111111
138.0,59042.4,52.3203407,-2.0953012,98.431,27.227,71.78,0.55,0.1,8.5,98.00999,98.00999,98.20999,97.72,0.1000061,98.1,0.0,0.01937985,0.0,6.0,3.0,2429.0,86.0,0.0,0.0,0.0,13.8,11.25,13.0,1.2509404502526302,2.4312480848224047,1684.9506576073002,3720.7837880406373,0.4752007954404961,27.341944444444444
137.0,59042.5,52.3203626,-2.0952829,98.37,27.088,71.83,0.54,0.1,9.5,98.08,97.98,98.33,97.58,-0.1000061,97.96,0.0,0.009180069,0.0,6.0,3.0,2427.0,86.0,0.0,0.0,0.0,13.8,11.25,14.5,1.2442669687506769,2.432767140619094,1686.1949245760509,3723.2165551812564,0.472774787780224,27.325
137.0,59042.6,52.3203844,-2.0952646,98.233,27.2,71.89,0.55,0.1,10.39996,97.84,97.83,97.95999,97.37,-0.6999816999999999,97.85,0.0,0.0,0.0,6.0,3.0,2423.0,86.0,0.0,0.0,0.0,13.8,11.25,15.0,1.247280574132131,2.4269455165978897,1687.442205150183,3725.643500697854,0.47472955654245763,27.286944444444444
137.0,59042.7,52.3204062,-2.0952464,98.24,27.129,71.94,0.55,0.1,10.39996,97.89999,97.76999,98.03,97.28999,-0.8999939,97.91,0.0,0.0,0.0,6.0,3.0,2428.0,86.0,0.0,0.0,0.0,13.8,11.25,15.5,1.2443608515397049,2.4286623147437805,1688.686566001723,3728.0721630125977,0.47349037277354167,27.288888888888888
137.0,59042.8,52.320428,-2.095228,98.086,27.283,71.99,0.54,0.1,10.39996,97.84,97.8,97.87999,97.15999,-0.6999816999999999,97.82,0.0,0.0,0.0,6.0,3.0,2424.0,86.0,0.0,0.0,0.0,13.8,11.25,16.5,1.248923251632247,2.421507055187422,1689.9354892533552,3730.493670067785,0.476178179821613,27.24611111111111
137.0,59042.9,52.320449700000005,-2.0952097000000003,97.996,27.339,72.05,0.54,0.1,10.39996,97.75,97.62,97.98,97.33,-0.5,97.71,0.0,-0.009180069,0.0,6.0,3.0,2420.0,86.0,0.0,0.0,0.0,13.8,11.25,18.5,1.250141262117263,2.418064458608667,1691.1856305154724,3732.9117345263935,0.47715556420272975,27.22111111111111
137.0,59043.0,52.3204714,-2.0951912,98.071,27.563,72.1,0.55,0.1,10.39996,97.64,97.73999,97.78999,97.05,-0.3999939,97.65,0.0,-0.009180069,0.0,6.0,3.0,2424.0,86.0,0.0,0.0,0.0,13.8,11.25,19.5,1.2605492055140557,2.41500539784487,1692.4461797209865,3735.326739924238,0.481065101727197,27.241944444444442
137.0,59043.1,52.3204931,-2.0951727000000004,97.906,27.563,72.15,0.55,0.1,10.39996,97.73999,97.67999,97.87,97.2,-0.6000061,97.75,0.009180069,-0.009180069,0.0,6.0,3.0,2433.0,86.0,0.0,0.0,0.0,13.8,11.25,20.5,1.258428388769964,2.410942261029253,1693.7046081097565,3737.737682185267,0.481065101727197,27.19611111111111
137.0,59043.2,52.3205147,-2.0951542,97.906,27.647,72.21,0.55,0.1,10.39996,97.70999,97.73999,97.75999,97.03,-0.8999939,97.7,0.009180069,0.0,0.0,6.0,3.0,2436.0,86.0,0.0,0.0,0.0,13.8,11.25,21.0,1.2619616610478253,2.4090947182965694,1694.9665697708042,3740.146776903564,0.48253117829887227,27.19611111111111
137.0,59043.3,52.3205363,-2.0951357,97.866,27.712,72.26,0.55,0.1,10.39996,97.83,97.70999,97.89,97.3,-1.0,97.72,0.01937985,-0.009180069,0.0,6.0,3.0,2438.0,86.0,0.0,0.0,0.0,13.8,11.25,21.0,1.2641771824566135,2.4066778557497175,1696.230746953261,3742.553454759314,0.4836656423126686,27.185
137.0,59043.4,52.3205579,-2.0951171,97.823,27.789,72.33,0.57,0.1,10.20001,97.69,97.78,97.78,97.03999,-0.6999816999999999,97.75999,0.02957988,-0.01938009,0.0,6.0,3.0,2435.0,86.0,0.0,0.0,0.0,13.8,11.25,21.0,1.2668535126623917,2.4039200610061986,1697.4976004659234,3744.95737482032,0.48500954583670425,27.173055555555553
137.0,59043.5,52.3205795,-2.0950984,97.96,27.894,72.39,0.58,0.1,9.899963,97.81999,97.70999,98.03,97.48999,-0.6000061,97.7,0.02957988,0.0,0.0,6.0,3.0,2432.0,86.0,0.0,0.0,0.0,13.8,11.25,21.0,1.2730371771932805,2.404957800980323,1698.7706376431167,3747.3623326213005,0.48684214155129824,27.21111111111111
137.0,59043.6,52.32060119999999,-2.0950796,98.197,28.059,72.44,0.57,0.1,9.799988,97.87,97.92,97.81,97.09999,-0.6000061,97.87,0.02957988,0.0,0.0,6.0,3.0,2437.0,86.0,0.0,0.0,0.0,13.8,11.25,21.0,1.2830543419045852,2.4070913023757283,1700.0536919850213,3749.769423923676,0.4897219348170889,27.276944444444446
137.0,59043.7,52.3206228,-2.0950607,98.222,28.114,72.48,0.55,0.1,9.700012,97.94,97.87999,98.0,97.53999,-0.3999939,97.9,0.02957988,-0.009180069,0.0,6.0,3.0,2438.0,86.0,0.0,0.0,0.0,13.8,11.25,20.5,1.2856916334353699,2.4064710579449393,1701.3393836184566,3752.1758949816212,0.4906818659056858,27.283888888888885
137.0,59043.8,52.3206443,-2.0950419,97.87,28.185,72.54,0.56,0.1,9.200012,97.89,97.98,98.06,97.33,-0.5,97.93,0.02957988,0.0,0.0,6.0,3.0,2437.0,86.0,0.0,0.0,0.0,13.7,11.25,16.0,1.2840544651743908,2.3962576038319625,1702.623438083631,3754.5721525854533,0.49192104967460176,27.18611111111111
137.0,59043.9,52.3206659,-2.0950228,98.294,28.371,72.6,0.57,0.1,9.0,97.86,97.78999,97.97,97.51999,-0.1000061,97.86,0.01937985,0.0,0.0,6.0,3.0,2430.0,86.0,0.0,0.0,0.0,13.8,11.25,16.0,1.2974232379795496,2.4024396820978797,1703.9208613216106,3756.974592267551,0.4951673620833112,27.30388888888889
137.0,59044.0,52.3206875,-2.0950038,98.179,28.339,72.66,0.58,0.1,9.0,97.78999,97.87999,98.06999,97.25999,-0.1999817,97.79,0.01937985,0.009180069,0.0,6.0,3.0,2432.0,86.0,0.0,0.0,0.0,13.8,11.25,16.0,1.2945648976616084,2.400352320712739,1705.215426219272,3759.374944588264,0.494608856722673,27.271944444444443
137.0,59044.1,52.320709,-2.0949849,98.068,28.266,72.72,0.58,0.1,8.599976,97.87,97.72,97.95,97.42999,-0.3999939,97.82999,0.009180069,0.01937985,0.0,6.0,3.0,2425.0,86.0,0.0,0.0,0.0,13.8,11.25,16.0,1.2900454212908228,2.3992840925337697,1706.505471640563,3761.774228680798,0.49333476636871715,27.24111111111111
137.0,59044.2,52.320730600000005,-2.0949659,98.244,28.373,72.78,0.58,0.1,7.799988000000001,97.81,97.75999,97.94,97.34999,-0.1999817,97.84,0.009180069,0.02957988,0.0,6.0,3.0,2426.0,87.0,0.0,0.0,0.0,13.8,11.25,15.5,1.29684708477687,2.401172346731016,1707.8023187253398,3764.175401027529,0.49520226866835115,27.29
137.0,59044.3,52.32075210000001,-2.094947,97.87,28.354,72.84,0.58,0.1,7.5,97.86,97.81999,97.81999,97.48,0.1000061,97.79,0.009180069,0.02957988,0.0,6.0,3.0,2423.0,86.0,0.0,0.0,0.0,13.8,11.25,15.5,1.2911168860285913,2.3924597300829586,1709.0934356113685,3766.567860757612,0.4948706561104722,27.18611111111111
137.0,59044.4,52.3207735,-2.0949280000000003,97.841,28.464,72.91,0.59,0.1,7.799988000000001,97.67999,97.67999,97.89999,97.15999,0.0,97.67,0.009180069,0.02957988,0.0,6.0,3.0,2422.0,86.0,0.0,0.0,0.0,13.7,11.25,15.5,1.2953237637038606,2.389268378603104,1710.3887593750724,3768.957129136215,0.49679051828766596,27.178055555555552
137.0,59044.5,52.32079509999999,-2.0949089,98.107,28.503,72.95,0.58,0.1,8.099976,97.72,97.62,97.75,97.28,0.1000061,97.65,0.009180069,0.0397799,0.0,6.0,3.0,2423.0,86.0,0.0,0.0,0.0,13.8,11.25,15.5,1.3004757999534826,2.3948794236383204,1711.689235175026,3771.3520085598534,0.49747119669594375,27.251944444444444
137.0,59044.6,52.3208167,-2.0948901,97.924,28.175,73.01,0.58,0.1,8.5,97.64,97.53999,97.78999,97.20999,-0.1000061,97.62,0.009180069,0.01937985,0.0,6.0,3.0,2420.0,86.0,0.0,-0.230011,0.0,13.8,11.25,15.5,1.2843444690382042,2.397803941451656,1712.973579644064,3773.749812501305,0.49174651674940234,27.20111111111111
137.0,59044.7,52.3208381,-2.0948708,97.902,28.718000000000004,73.06,0.57,0.1,8.799988,97.64,97.65999,97.67,97.06,-0.2999877999999999,97.6,0.009180069,0.009180069,0.0,6.0,3.0,2420.0,86.0,0.0,0.0,0.0,13.8,11.25,14.5,1.306717132032475,2.3849885926043384,1714.2802967760965,3776.134801093909,0.5012236545877317,27.195
137.0,59044.8,52.3208598,-2.094852,98.467,28.148000000000003,73.17,0.63,0.1,8.899963,97.59,97.51999,97.76999,97.12999,-0.2999877999999999,97.62,0.009180069,0.01937985,0.0,6.0,3.0,2417.0,87.0,0.0,0.0,0.0,13.8,11.25,9.0,1.29032996141947,2.4117083653673763,1715.570626737516,3778.5465094592764,0.49127527785136393,27.35194444444444
137.0,59044.9,52.3208813,-2.0948331,98.158,28.241,73.23,0.64,0.1,9.0,97.55,97.53,97.7,97.06999,-0.3999939,97.49,0.0,0.02957988,0.0,6.0,3.0,2413.0,87.0,0.0,0.0,0.0,13.8,11.25,7.5,1.2901813665715678,2.4020491653140845,1716.8608081040875,3780.9485586245905,0.4928984340557186,27.266111111111112
136.0,59045.0,52.3209028,-2.0948141,97.877,28.354,73.29,0.63,0.1,8.899963,97.48999,97.34,97.7,97.15999,-0.2999877999999999,97.5,0.0,0.009180069,0.0,6.0,3.0,2412.0,87.0,0.0,0.0,0.0,13.8,11.25,7.5,1.2912092311619539,2.3926308470555813,1718.1520173352494,3783.341189471646,0.4948706561104722,27.188055555555554
136.0,59045.1,52.3209241,-2.094795,97.517,28.657,73.36,0.64,0.1,8.899963,97.31,97.39999,97.48999,96.89999,-0.1000061,97.24,0.0,0.009180069,0.0,6.0,3.0,2409.0,87.0,0.0,0.0,0.0,13.8,11.25,7.5,1.299048529810881,2.3769939955760995,1719.4510658650604,3785.718183467222,0.500159003744015,27.088055555555552
136.0,59045.2,52.3209454,-2.0947759,97.549,28.711,73.41,0.63,0.1,8.700012,97.12999,97.05,97.45999,96.92,0.0,97.23,0.0,0.01937985,0.0,6.0,3.0,2404.0,87.0,0.0,0.0,0.0,13.8,11.25,7.5,1.3017152316042848,2.3765482191747114,1720.7527810966646,3788.0947316863967,0.5011014815400919,27.096944444444446
136.0,59045.3,52.3209668,-2.0947569,97.528,28.59,73.47,0.63,0.1,8.5,96.98,96.98999,97.23,96.55,-0.1999817,97.07999,0.0,0.01937985,0.0,6.0,3.0,2407.0,87.0,0.0,0.0,0.0,13.8,11.25,7.5,1.2964142755069892,2.3787797373038493,1722.0491953721717,3790.4735114237005,0.4989896331451788,27.09111111111111
136.0,59045.4,52.3209881,-2.0947378,97.438,28.74,73.54,0.63,0.1,8.200012,96.95,96.89,97.3,96.8,-0.1999817,96.98,0.0,0.02957988,0.0,6.0,3.0,2401.0,87.0,0.0,0.0,0.0,13.8,11.25,7.5,1.30143536708351,2.3731855578724423,1723.3506307392552,3792.846696981573,0.5016076270231703,27.066111111111113
137.0,59045.5,52.3210093,-2.0947187,97.222,28.817,73.59,0.63,0.1,8.0,96.76999,96.89,96.95999,96.28999,-0.1000061,96.89,0.0,0.02957988,0.0,6.0,3.0,2408.0,87.0,0.0,0.0,0.0,13.8,11.25,7.5,1.3017314413621266,2.366177429531875,1724.6523621806173,3795.212874411105,0.502951530547206,27.00611111111111
137.0,59045.6,52.32103070000001,-2.0947,97.164,28.365,73.65,0.63,0.1,8.0,96.65999,96.62999,96.97,96.44,0.0,96.68999,-0.009180069,0.02957988,0.0,6.0,3.0,2403.0,87.0,0.0,0.0,0.0,13.8,11.25,3.5,1.2822592020209138,2.374955228805943,1725.9346213826382,3797.587829639911,0.4950626423281915,26.99
137.0,59045.7,52.3210519,-2.0946808,97.103,28.838,73.72,0.63,0.1,8.0,96.48,96.64,96.7,96.06999,0.0,96.54,-0.009180069,0.02957988,0.0,6.0,3.0,2399.0,87.0,0.0,0.0,0.0,13.8,11.25,0.5,1.301004218896633,2.3628045375028432,1727.2356256015348,3799.950634177414,0.5033180496901247,26.973055555555554
137.0,59045.8,52.321073,-2.0946619,96.646,28.792,73.78,0.62,0.1,8.0,96.42,96.28999,96.67,96.03999,-0.1999817,96.48,-0.009180069,0.01937985,0.0,6.0,3.0,2396.0,87.0,0.0,0.0,0.0,13.8,11.25,0.0,1.2929927767858647,2.3527232087691092,1728.5286183783207,3802.303357386183,0.5025151982342074,26.84611111111111
137.0,59045.9,52.3210943,-2.094643,96.822,28.639,73.85,0.64,0.1,8.0,96.31,96.34,96.48,95.92,-0.1999817,96.29,-0.009180069,0.02957988,0.0,6.0,3.0,2382.0,87.0,0.0,0.0,0.0,13.8,11.25,0.0,1.2890487634502032,2.360458331648221,1729.817667141771,3804.6638157178313,0.499844844478656,26.895
137.0,59046.0,52.3211154,-2.0946241,96.592,28.699,73.9,0.63,0.1,8.200012,96.09999,95.98,96.23999,95.70999,-0.1999817,96.13,-0.009180069,0.01937985,0.0,6.0,3.0,2377.0,87.0,0.0,0.0,0.0,13.8,11.25,0.0,1.2884519256245477,2.3535031059937643,1731.1061190673954,3807.017318823825,0.5008920420298527,26.83111111111111
137.0,59046.1,52.3211364,-2.0946049,96.412,29.112,73.99,0.65,0.1,8.599976,95.98,95.89999,96.3,95.8,0.0,95.97,-0.01938009,0.01937985,0.0,6.0,3.0,2374.0,87.0,0.0,0.0,0.0,13.8,11.25,0.0,1.3029502583005126,2.3397862611468208,1732.409069325696,3809.357105084972,0.5081002518405892,26.781111111111112
137.0,59046.2,52.3211575,-2.0945863,96.25,28.526,74.04,0.64,0.1,9.299988,95.73999,95.76999,95.89,95.23999,-0.1000061,95.79,-0.01938009,0.009180069,0.0,6.0,3.0,2362.0,87.0,0.0,0.0,0.0,13.8,11.25,0.0,1.2768030533616737,2.349036044079166,1733.6858723790576,3811.706141129051,0.49787262242390246,26.73611111111111
137.0,59046.3,52.3211785,-2.0945672,96.152,29.071,74.12,0.66,0.1,9.299988,95.55,95.48,95.98,95.39999,-0.3999939,95.59,-0.01938009,0.009180069,0.0,6.0,3.0,2368.0,87.0,0.0,0.0,0.0,13.8,11.25,0.0,1.2977663812397469,2.334405679506888,1734.9836387602975,3814.040546808558,0.5073846668472716,26.70888888888889
137.0,59046.4,52.3211995,-2.0945484,95.828,28.742,74.18,0.65,0.1,9.299988,95.25,95.34,95.69,94.87,-0.5,95.45,-0.02958012,0.0,0.0,6.0,3.0,2371.0,87.0,0.0,0.0,0.0,13.8,11.25,0.0,1.2800127943265034,2.3339279558612303,1736.263651554624,3816.374474764419,0.5016425336082102,26.61888888888889
137.0,59046.5,52.3212203,-2.0945294,95.71,29.117,74.25,0.65,0.1,9.099976,95.19,94.98999,95.75,94.89,-0.2999877999999999,95.2,-0.01938009,0.0,0.0,6.0,3.0,2357.0,87.0,0.0,0.0,0.0,13.8,11.25,0.0,1.2936658432664607,2.3226368046014283,1737.5573173978903,3818.6971115690208,0.508187518303189,26.58611111111111
137.0,59046.6,52.3212412,-2.0945106000000004,95.713,28.895,74.31,0.65,0.1,9.099976,95.0,94.92,95.14999,94.70999,-0.2999877999999999,95.07,-0.02958012,0.009180069,0.0,6.0,3.0,2338.0,87.0,0.0,0.0,0.0,13.8,11.25,0.0,1.284697061786612,2.327704794074325,1738.8420144596769,3821.024816363095,0.5043128873637616,26.58694444444444
137.0,59046.7,52.3212619,-2.0944917000000003,95.026,29.126,74.36,0.63,0.1,9.099976,94.7,94.61,95.06999,94.39999,-0.6000061,94.78,-0.02958012,0.01937985,0.0,6.0,3.0,2327.0,87.0,0.0,0.0,0.0,13.8,11.25,0.0,1.2847827613648306,2.305836090011819,1740.1267972210417,3823.3306524531067,0.5083445979358684,26.39611111111111
137.0,59046.8,52.3212827,-2.0944729,95.076,29.073,74.42,0.63,0.1,9.0,94.56,94.37999,94.90999,94.36,-0.5,94.54,-0.02958012,0.01937985,0.0,6.0,3.0,2315.0,87.0,0.0,0.0,0.0,13.8,11.25,0.0,1.2833241509579443,2.308237449563643,1741.4101213719996,3825.63888990267,0.5074195734323115,26.409999999999997
137.0,59046.9,52.3213034,-2.0944541,94.925,29.068,74.49,0.64,0.1,9.0,94.34999,94.14999,94.55,93.84999,-0.2999877999999999,94.28,-0.03978014,0.009180069,0.0,6.0,3.0,2316.0,87.0,0.0,0.0,0.0,13.8,11.25,0.0,1.2810848548541212,2.3046833041596058,1742.6912062268536,3827.9435732068296,0.5073323069697118,26.368055555555554
137.0,59047.0,52.321324,-2.0944353,94.612,29.179,74.54,0.63,0.1,9.0,94.05,93.92,94.45,93.84999,-0.1999817,94.22,-0.03978014,0.009180069,0.0,6.0,3.0,2304.0,87.0,0.0,0.0,0.0,13.8,11.25,0.0,1.281308459907041,2.294605988599421,1743.9725146867606,3830.238179195429,0.5092696224394254,26.28111111111111
137.0,59047.1,52.3213444,-2.0944164,94.19,29.442,74.61,0.63,0.1,8.299988,93.72,93.78,94.15999,93.45,-0.1999817,93.8,-0.03978014,0.01937985,0.0,6.0,3.0,2311.0,87.0,0.0,0.0,0.0,13.8,11.25,0.0,1.2860656937323356,2.278492012122492,1745.258580380493,3832.5166712075516,0.5138598383721705,26.163888888888888
137.0,59047.2,52.321365,-2.0943977,94.248,29.179,74.68,0.64,0.1,5.599976,93.56,93.47,93.87,93.20999,0.0,93.57,-0.03978014,0.04997993,0.0,6.0,3.0,2303.0,87.0,0.0,0.0,0.0,13.8,11.25,0.0,1.2763788919938148,2.2857779691108764,1746.5349592724867,3834.8024491766623,0.5092696224394254,26.18
137.0,59047.3,52.3213854,-2.0943789999999995,93.964,29.259,74.73,0.62,0.1,5.299988,93.31,93.34,93.53999,93.12,0.8999939,93.37,-0.03978014,0.06936002,0.0,6.0,3.0,2292.0,87.0,0.0,0.0,0.0,13.8,11.25,0.0,1.2757134350780108,2.2771111619565567,1747.8106727075647,3837.079560338619,0.5106658858410209,26.10111111111111
137.0,59047.4,52.3214058,-2.0943604,93.557,29.266,74.79,0.63,0.1,5.899963,93.11,93.19,93.22,92.67999,1.100006,93.15,-0.03978014,0.06936002,0.0,6.0,3.0,2270.0,87.0,0.0,0.0,0.0,13.8,11.25,0.0,1.270464738228055,2.267092778098316,1749.0811374457928,3839.3466531167173,0.5107880588886604,25.988055555555555
137.0,59047.5,52.3214261,-2.0943418,93.326,29.204,74.86,0.63,0.1,6.700011999999999,92.8,92.76999,93.14999,92.75999,0.7000122,92.97,-0.02958012,0.06936002,0.0,6.0,3.0,2257.0,87.0,0.0,0.0,0.0,13.8,11.25,0.0,1.26487994056335,2.2628651942161784,1750.3460173863562,3841.6095183109337,0.509705954752424,25.923888888888886
137.0,59047.6,52.32144649999999,-2.0943233,93.262,29.152,74.92,0.63,0.1,7.799988000000001,92.53999,92.67999,92.84999,92.3,0.2000122,92.63,-0.03978014,0.05915999,0.0,6.0,3.0,2256.0,87.0,0.0,0.0,0.0,13.8,11.25,0.0,1.2619597029368945,2.2624596432148287,1751.607977089293,3843.8719779541484,0.508798383541387,25.90611111111111
137.0,59047.7,52.3214668,-2.094305,92.97,28.916,74.99,0.64,0.1,8.099976,92.40999,92.31,92.75,92.11,0.0,92.4,-0.03978014,0.0397799,0.0,6.0,3.0,2246.0,87.0,0.0,0.0,0.0,13.8,11.25,0.0,1.2487080648780573,2.260538524048749,1752.856685154171,3846.132516478197,0.5046794065066803,25.825
137.0,59047.8,52.3214869,-2.0942865,92.581,29.246,75.05,0.63,0.1,8.299988,92.12,92.15999,92.28,91.75,0.0,92.18,-0.03978014,0.02957988,0.0,6.0,3.0,2237.0,87.0,0.0,0.0,0.0,13.8,11.25,0.0,1.2564278828214723,2.2438808548706795,1754.1131130369924,3848.376397333068,0.5104389930382616,25.716944444444444
137.0,59047.9,52.3215071,-2.0942683,92.534,28.995,75.11,0.64,0.1,8.799988,91.95999,91.86,92.20999,91.53999,-0.1000061,91.98,-0.03978014,0.02957988,0.0,6.0,3.0,2229.0,87.0,0.0,0.0,0.0,13.8,11.25,0.0,1.2459530715132967,2.2482215157119283,1755.3590661085057,3850.62461884878,0.5060582166157559,25.70388888888889
137.0,59048.0,52.32152740000001,-2.0942501,92.531,28.896,75.17,0.63,0.1,9.099976,91.8,91.65999,91.92,91.45999,-0.1999817,91.74,-0.03978014,0.01937985,0.0,6.0,3.0,2214.0,87.0,0.0,0.0,0.0,13.8,11.25,0.0,1.242026297168648,2.25029805271686,1756.6010924056743,3852.874916901497,0.5043303406562815,25.703055555555558
137.0,59048.1,52.3215474,-2.0942318,91.93,29.171,75.23,0.63,0.1,9.399963,91.53,91.56,91.59999,90.95999,-0.3999939,91.5,-0.03978014,0.01937985,0.0,6.0,3.0,2219.0,87.0,0.0,0.0,0.0,13.8,11.25,0.0,1.2446754360349241,2.229733788083545,1757.8457678417092,3855.1046506895805,0.5091299960992659,25.53611111111111
137.0,59048.2,52.3215673,-2.0942134,91.757,29.346,75.28,0.62,0.1,9.700012,91.3,91.19,91.61,90.98999,-0.6000061,91.32,-0.02958012,0.009180069,0.0,6.0,3.0,2215.0,87.0,0.0,0.0,0.0,13.8,11.25,0.0,1.2491248356536926,2.221732860850737,1759.0948926773629,3857.3263835504313,0.5121843222902559,25.488055555555555
137.0,59048.3,52.3215873,-2.0941952,91.66,29.211,75.35,0.63,0.1,9.599976,91.06,91.03999,91.34,90.83,-0.6000061,91.06,-0.02958012,0.009180069,0.0,6.0,3.0,2201.0,87.0,0.0,0.0,0.0,13.8,11.25,0.0,1.2425715761367722,2.2223180844110577,1760.3374642534995,3859.5487016348425,0.5098281278000636,25.46111111111111
137.0,59048.4,52.3216072,-2.0941772,91.328,29.064,75.41,0.63,0.1,9.599976,90.84,90.78,91.09999,90.31999,-0.6000061,90.82,-0.03978014,0.009180069,0.0,6.0,3.0,2205.0,87.0,0.0,0.0,0.0,13.8,11.25,0.0,1.2323858089564477,2.2174378125328937,1761.569850062456,3861.7661394473753,0.507262493799632,25.36888888888889
137.0,59048.5,52.321627,-2.0941589,91.145,29.531,75.47,0.63,0.1,9.599976,90.55,90.47,90.90999,90.34999,-0.6000061,90.61,-0.03978014,0.009180069,0.0,6.0,3.0,2199.0,87.0,0.0,0.0,0.0,13.8,11.25,0.0,1.247912769473185,2.202896522973274,1762.8177628319293,3863.9690359703486,0.5154131814064454,25.318055555555553
137.0,59048.6,52.3216468,-2.0941407,90.947,29.402,75.54,0.64,0.1,9.5,90.3,90.34999,90.59999,89.92999,-0.6000061,90.32,-0.03978014,0.0,0.0,6.0,3.0,2184.0,87.0,0.0,0.0,0.0,13.8,11.25,0.0,1.2402497069737524,2.200908999568675,1764.058012538903,3866.169944969917,0.5131617066713728,25.263055555555557
137.0,59048.7,52.3216665,-2.0941225,90.698,29.387,75.6,0.64,0.1,9.299988,90.14999,90.0,90.40999,89.67999,-0.5,90.16,-0.03978014,0.0,0.0,6.0,3.0,2187.0,87.0,0.0,0.0,0.0,13.8,11.25,0.0,1.2362794175394987,2.195206954987385,1765.2942919564425,3868.3651519249047,0.5128999072835736,25.193888888888885
137.0,59048.8,52.3216861,-2.0941043,90.284,29.746,75.66,0.63,0.1,9.099976,89.81999,89.69,90.15999,89.73,-0.3999939,89.93,-0.03978014,0.009180069,0.0,6.0,3.0,2183.0,87.0,0.0,0.0,0.0,13.8,11.25,0.0,1.2443038455800024,2.17743303430603,1766.5385958020224,3870.5425849592107,0.5191656392982332,25.07888888888889
137.0,59048.9,52.3217058,-2.0940862,90.425,29.408,75.73,0.65,0.1,9.0,89.62999,89.69,89.87,89.20999,-0.5,89.65,-0.03978014,0.01937985,0.0,6.0,3.0,2169.0,87.0,0.0,0.0,0.0,13.8,11.25,0.0,1.233360310622607,2.1881475025922406,1767.771956112645,3872.7307324618027,0.5132664264264925,25.118055555555554
137.0,59049.0,52.3217252,-2.0940678,90.094,29.926,75.79,0.65,0.1,9.0,89.55,89.42,89.70999,88.98,-0.3999939,89.52,-0.03978014,0.01937985,0.0,6.0,3.0,2173.0,87.0,0.0,0.0,0.0,13.8,11.25,0.0,1.248505318119182,2.1689391056654657,1769.0204614307643,3874.8996715674684,0.522307231951823,25.02611111111111
137.0,59049.1,52.3217445,-2.0940497,89.352,29.93,75.84,0.62,0.1,8.899963,89.31999,89.15999000000001,89.45999,89.03,-0.2999877999999999,89.32,-0.03978014,0.02957988,0.0,6.0,3.0,2162.0,87.0,0.0,0.0,0.0,13.8,11.25,0.0,1.2383729952998563,2.150989615156722,1770.2588344260641,3877.050661182625,0.5223770451219029,24.82
137.0,59049.2,52.321764,-2.0940317,89.59299999999999,29.547,75.93,0.66,0.1,8.399963,88.97,88.95999,89.20999,88.56,-0.1000061,88.95,-0.03978014,0.02957988,0.0,6.0,3.0,2159.0,87.0,0.0,0.0,0.0,13.8,11.25,0.5,1.2272681864231807,2.1650433797968573,1771.4861026124872,3879.2157045624217,0.5156924340867646,24.886944444444442
137.0,59049.3,52.3217834,-2.0940134,89.492,29.961,75.99,0.66,0.1,7.700011999999999,88.76999,88.67,89.06,88.36,0.0,88.71,-0.03978014,0.02957988,0.0,6.0,3.0,2156.0,87.0,0.0,0.0,0.0,13.8,11.25,3.5,1.2414787629171575,2.153688475413034,1772.7275813754045,3881.369393037835,0.522918097190021,24.858888888888888
137.0,59049.4,52.3218025,-2.0939953,88.834,30.05,76.05,0.64,0.1,5.599976,88.47,88.51999,88.64999,88.28999,0.2000122,88.62,-0.02958012,0.0397799,0.0,6.0,3.0,2219.0,87.0,0.0,0.0,0.0,13.8,11.25,7.0,1.2356699819641006,2.135936396841407,1773.9632513573686,3883.5053294346762,0.524471440224296,24.676111111111112
137.0,59049.5,52.3218218,-2.0939773,88.855,29.799,76.11,0.65,0.1,5.299988,88.39,88.56,88.51999,88.06999,0.7000122,88.46,-0.02958012,0.06936002,0.0,6.0,3.0,2207.0,87.0,0.0,0.0,0.0,13.8,11.25,9.0,1.2265909877509222,2.1418352794635345,1775.1898423451196,3885.6471647141398,0.5200906638017903,24.681944444444444
137.0,59049.6,52.321841,-2.0939593000000003,88.711,29.93,76.18,0.64,0.1,5.700012,88.25999,88.26999,88.47,88.00999,1.0,88.32,-0.009180069,0.06936002,0.0,6.0,3.0,2201.0,87.0,0.0,0.0,0.0,13.8,11.25,10.5,1.229489063323099,2.135558686433073,1776.4193314084428,3887.7827234005726,0.5223770451219029,24.641944444444444
137.0,59049.7,52.3218601,-2.0939413,88.499,29.81,76.23,0.64,0.1,6.399963,88.23,88.15999000000001,88.31999,88.03,0.5,88.28,-0.009180069,0.06936002,0.0,6.0,3.0,2191.0,87.0,0.0,0.0,0.0,13.8,11.25,11.0,1.2220861500827394,2.133019373154228,1777.6414175585255,3889.915742773727,0.5202826500195096,24.583055555555553
137.0,59049.8,52.3218793,-2.0939234,88.376,29.758000000000003,76.3,0.64,0.1,7.0,88.06,88.11,88.14,87.67999,0.2000122,88.13,0.0,0.06936002,0.0,6.0,3.0,2191.0,87.0,0.0,0.0,0.0,13.8,11.25,12.0,1.2184539595144923,2.1311615155434795,1778.85987151804,3892.0469042892705,0.5193750788084727,24.54888888888889
137.0,59049.9,52.3218984,-2.0939057,88.175,29.606,76.37,0.64,0.1,7.599976,87.92999,87.87999,88.17999,87.56,0.0,87.95,0.0,0.05915999,0.0,6.0,3.0,2181.0,87.0,0.0,0.0,0.0,13.8,11.25,12.0,1.2100375686562583,2.1295320582033415,1780.0699090866963,3894.176436347474,0.5167221783454412,24.493055555555554
137.0,59050.0,52.3219176,-2.0938879,88.427,29.537,76.43,0.65,0.1,8.0,87.83,87.81,87.95999,87.67,0.0,87.84,0.0,0.0397799,0.0,6.0,3.0,2177.0,87.0,0.0,0.0,0.0,13.8,11.25,13.5,1.210923043517457,2.1370779969227858,1781.2808321302136,3896.313514344397,0.5155179011615652,24.563055555555557
137.0,59050.1,52.3219367,-2.0938701,87.97,29.696,76.49,0.64,0.1,8.5,87.75,87.83,87.84999,87.36,0.0,87.83,0.0,0.01937985,0.0,6.0,3.0,2188.0,87.0,0.0,0.0,0.0,13.8,11.25,15.5,1.2105601190587787,2.1226821383546985,1782.4913922492724,3898.4361964827517,0.5182929746722361,24.43611111111111
137.0,59050.2,52.3219557,-2.0938523,87.84,29.751,76.56,0.64,0.1,8.700012,87.75999,87.7,87.90999000000001,87.31,-0.1999817,87.79,0.0,0.02957988,0.0,6.0,3.0,2187.0,87.0,0.0,0.0,0.0,13.7,11.25,17.0,1.21080524192711,2.118383975138084,1783.7021974911995,3900.5545804578896,0.519252905760833,24.4
137.0,59050.3,52.3219749,-2.0938346,88.10600000000001,29.582,76.63,0.65,0.1,8.700012,87.73999,87.56,87.75999,87.37999,-0.1999817,87.74,0.009180069,0.02957988,0.0,6.0,3.0,2181.0,87.0,0.0,0.0,0.0,13.8,11.25,18.5,1.2081992479155625,2.1283719014291322,1784.9103967391152,3902.6829523593187,0.5163032993249626,24.47388888888889
137.0,59050.4,52.3219939,-2.0938169,87.836,29.637,76.7,0.66,0.1,8.700012,87.65999000000001,87.7,87.75,87.17999,-0.1999817,87.64,0.009180069,0.02957988,0.0,6.0,3.0,2183.0,87.0,0.0,0.0,0.0,13.8,11.25,20.0,1.206533006858229,2.1206923146663916,1786.1169297459735,3904.803644673985,0.5172632304135595,24.398888888888887
137.0,59050.5,52.322013,-2.093799,87.96600000000001,29.824,76.76,0.66,0.1,8.899963,87.69,87.64999,87.84999,87.06999,-0.1999817,87.64,0.009180069,0.01937985,0.0,6.0,3.0,2174.0,87.0,0.0,0.0,0.0,13.8,11.25,22.0,1.2152439519534366,2.1198760311019593,1787.332173697927,3906.923520705087,0.5205269961147889,24.435000000000002
137.0,59050.6,52.322032,-2.0937813000000003,87.667,29.771,76.82,0.64,0.1,9.5,87.56999,87.55,87.64999,87.28999,-0.1999817,87.63,0.009180069,0.02957988,0.0,6.0,3.0,2171.0,87.0,0.0,0.0,0.0,13.8,11.25,25.0,1.2091584986506103,2.1137898919698923,1788.5413321965775,3909.037310597057,0.5196019716112319,24.351944444444445
137.0,59050.7,52.322051,-2.0937635,87.829,29.814,76.89,0.65,0.1,9.700012,87.62999,87.64999,87.7,87.03,-0.5,87.67,0.01937985,0.009180069,0.0,6.0,3.0,2174.0,87.0,0.0,0.0,0.0,13.8,11.25,26.0,1.2129818764080813,2.11678623147417,1789.7543140729856,3911.1540968285312,0.5203524631895894,24.396944444444443
137.0,59050.8,52.32207,-2.0937457,87.815,29.816,76.95,0.65,0.1,9.5,87.76999,87.62,87.84999,87.14999,-0.6999816999999999,87.68,0.02957988,0.009180069,0.0,6.0,3.0,2176.0,87.0,0.0,0.0,0.0,13.8,11.25,26.0,1.2128624035658797,2.116406478770228,1790.9671764765515,3913.2705033073016,0.5203873697746293,24.393055555555556
137.0,59050.9,52.322089,-2.0937278,87.78200000000001,30.004,77.02,0.65,0.1,9.5,87.75999,87.67999,87.84,87.28999,-0.5,87.7,0.0397799,0.009180069,0.0,6.0,3.0,2189.0,87.0,0.0,0.0,0.0,13.8,11.25,26.0,1.2193418664137694,2.1116216011083466,1792.1865183429652,3915.38212490841,0.5236685887683786,24.38388888888889
137.0,59051.0,52.322108,-2.0937099,87.818,29.971,77.09,0.66,0.1,10.20001,87.90999000000001,87.95,87.83,87.23999,-0.3999939,87.82,0.0397799,0.009180069,0.0,6.0,3.0,2186.0,87.0,0.0,0.0,0.0,13.8,11.25,26.0,1.2186250191036443,2.113189819691835,1793.4051433620689,3917.4953147281017,0.5230926301152206,24.39388888888889
137.0,59051.1,52.322127,-2.0936919,87.919,30.091,77.15,0.64,0.1,11.70001,87.98999,87.87999,88.09,87.33,-0.8999939,87.89,0.04997993,0.0,0.0,6.0,3.0,2178.0,87.0,0.0,0.0,0.0,13.8,11.25,22.5,1.2244548324830014,2.1130603559019163,1794.6295981945518,3919.6083750840035,0.5251870252176137,24.421944444444442
137.0,59051.2,52.3221459,-2.0936738,87.95200000000001,30.205,77.21,0.65,0.1,12.5,88.06999,87.94,88.05,87.59,-1.399994,88.03,0.05915999,-0.01938009,0.0,6.0,3.0,2186.0,87.0,0.0,0.0,0.0,13.8,11.25,0.0,1.229117880869459,2.1114121189766677,1795.8587160754212,3921.71978720298,0.5271767005648872,24.431111111111115
137.0,59051.3,52.3221649,-2.0936557,88.06700000000001,30.257,77.28,0.66,0.1,12.39996,87.95999,87.89,88.2,87.56,-1.5,87.89,0.0397799,-0.02958012,0.0,6.0,3.0,2173.0,87.0,0.0,0.0,0.0,13.8,11.25,0.0,1.232643246360587,2.1130550154559655,1797.0913593217817,3923.832842218436,0.5280842717759243,24.463055555555556
137.0,59051.4,52.3221839,-2.0936374,88.301,30.498,77.35,0.66,0.1,12.39996,87.95,87.73,88.25,87.33,-1.600006,87.9,0.01937985,-0.02958012,0.0,6.0,3.0,2169.0,87.0,0.0,18.76999,1.0,13.6,11.25,0.0,1.2448191436854634,2.1134522452325215,1798.3361784654671,3925.9462944636684,0.5322905152732307,24.528055555555554
137.0,59051.5,52.3222028,-2.0936191,88.132,30.659,77.42,0.66,0.1,12.0,86.75,86.67,87.37,86.45999,-1.899994,86.91,-0.05915999,-0.02958012,0.0,6.0,3.0,2147.0,87.0,0.0,29.22,1.0,13.8,11.25,0.0,1.2483591538051708,2.1059077461884503,1799.5845376192724,3928.052202209857,0.5351004953689414,24.48111111111111
137.0,59051.6,52.322221600000006,-2.0936008,87.71799999999999,30.795,77.49,0.66,0.1,11.39996,85.78999,85.62,85.95999,85.06999,-1.399994,86.06,-0.2295001,-0.009180069,0.0,6.0,3.0,2125.0,87.0,0.0,34.919979999999995,1.0,13.8,11.25,0.0,1.2474666847081985,2.093060098834541,1800.8320043039805,3930.1452623086916,0.5374741431516538,24.366111111111106
137.0,59051.7,52.3222401,-2.0935826,86.404,31.072,77.54,0.65,0.1,11.5,84.70999,84.51999,85.03999,83.78,-1.100006,84.93999000000001,-0.29988,0.0,0.0,6.0,3.0,2100.0,87.0,0.0,32.29999,1.0,13.8,11.25,0.0,1.2387329048909161,2.0557417483768536,1802.0707372088714,3932.2010040570685,0.5423087051796781,24.001111111111108
137.0,59051.8,52.3222583,-2.0935646,85.334,31.094,77.61,0.65,0.1,11.59998,83.59999,83.61,84.06999,82.95,-1.0,83.96,-0.3202801,0.0,0.0,6.0,3.0,2079.0,87.0,0.0,29.44998,1.0,13.8,11.25,0.0,1.2241723085540892,2.0298141894117436,1803.2949095174254,3934.2308182464803,0.5426926776151169,23.70388888888889
137.0,59051.9,52.3222762,-2.0935469,83.988,31.18,77.67,0.65,0.1,13.29999,82.48,82.56999,82.97,82.12999,-1.0,82.84,-0.29988,-0.009180069,0.0,6.0,3.0,2038.0,87.0,0.0,24.47,1.0,13.8,11.25,0.0,1.2078603557216014,1.9959865633505869,1804.502769873147,3936.226804809831,0.544193660771832,23.33
137.0,59052.0,52.3222938,-2.0935293,82.955,31.463,77.74,0.65,0.1,14.89996,81.98,81.75,82.19,81.59999,-1.699982,81.98,-0.2499001,-0.02958012,0.0,6.0,3.0,2004.0,87.0,0.0,9.5,1.0,13.8,11.25,0.0,1.202727318515655,1.9655205648021952,1805.7054971916625,3938.192325374633,0.5491329425549759,23.043055555555554
137.0,59052.1,52.3223112,-2.0935118,82.05799999999999,31.526,77.81,0.65,0.1,15.09998,81.73999,81.44,81.95999,81.17,-2.299988,81.56,-0.13974,-0.04997993,0.0,6.0,3.0,1988.0,87.0,0.0,1.429993,1.0,13.8,11.25,0.0,1.1918592318710979,1.9429578683527238,1806.8973564235337,3940.1352832429857,0.5502324999837324,22.793888888888887
137.0,59052.2,52.3223286,-2.0934943,81.796,31.718000000000004,77.87,0.64,0.1,14.89996,81.42999,81.06,81.61,80.73,-2.5,81.33,-0.07956004,-0.04997993,0.0,6.0,3.0,1995.0,87.0,0.0,-0.4700011999999999,1.0,13.8,11.25,0.0,1.1945372310647528,1.9327621956243668,1808.0918936545984,3942.06804543861,0.5535835321475615,22.721111111111114
137.0,59052.3,52.3223458,-2.0934766,81.58,31.965,77.93,0.63,0.1,14.79999,81.17,80.83,81.33,80.55,-2.299988,81.13,-0.04997993,-0.05915999,0.0,6.0,3.0,2013.0,87.0,0.0,0.0,1.0,13.8,11.25,0.0,1.1996817654601362,1.9225044159958866,1809.2915754200585,3943.990549854606,0.5578944953999875,22.66111111111111
137.0,59052.4,52.3223629,-2.0934589000000003,81.212,32.317,77.99,0.62,0.1,14.5,80.83,80.70999,81.12999,80.5,-2.199982,80.86,-0.03978014,-0.05915999,0.0,6.0,3.0,1997.0,87.0,0.0,-0.230011,0.0,13.8,11.25,0.0,1.2060052385988618,1.9064590327317419,1810.4975806586574,3945.8970088873375,0.5640380543670075,22.55888888888889
137.0,59052.5,52.3223799,-2.0934410000000003,81.04,32.658,78.05,0.62,0.1,14.20001,80.7,80.50999,80.87,80.17999,-2.299988,80.63,-0.03978014,-0.04997993,0.0,6.0,3.0,1978.0,87.0,0.0,0.0,0.0,13.8,11.25,0.0,1.2147520419310562,1.895225240226668,1811.7123327005884,3947.7922341275644,0.5699896271163082,22.511111111111113
138.0,59052.6,52.32239679999999,-2.0934231000000003,80.788,32.792,78.12,0.62,0.1,14.0,80.5,80.2,80.67999,79.81999,-2.299988,80.39,-0.02958012,-0.02958012,0.0,6.0,3.0,1956.0,87.0,0.0,0.0,0.0,13.8,11.25,0.0,1.2153900211907815,1.8864945733826581,1812.9277227217792,3949.678728700947,0.5723283683139806,22.44111111111111
138.0,59052.7,52.3224137,-2.0934052000000003,80.536,32.99,78.17,0.61,0.1,13.59998,80.28999,79.97,80.45999,79.70999,-2.199982,80.21,-0.02958012,-0.02958012,0.0,6.0,3.0,1920.0,87.0,0.0,0.0,0.0,13.8,11.25,0.0,1.2180905596783644,1.8764118715994205,1814.1458132814575,3951.5551405725464,0.5757841202329294,22.371111111111112
138.0,59052.8,52.3224304,-2.0933872,80.435,33.238,78.23,0.6,0.1,13.09998,80.09999,79.81999,80.20999,79.58,-2.100006,80.00999,-0.02958012,-0.03978014,0.0,6.0,3.0,1902.0,87.0,0.0,0.0,0.0,13.8,11.25,0.0,1.2246632402610558,1.8687753378990508,1815.3704765217185,3953.4239159104454,0.5801125367778752,22.343055555555555
138.0,59052.9,52.322447,-2.0933692,79.988,33.48,78.3,0.6,0.1,12.59998,79.72,79.61,79.97,79.42999,-1.600006,79.68999000000001,-0.02958012,-0.02958012,0.0,6.0,3.0,1894.0,87.0,0.0,0.0,0.0,13.8,11.25,0.0,1.2256958305507464,1.853229604106954,1816.5961723522691,3955.2771455145526,0.5843362335677015,22.218888888888888
138.0,59053.0,52.3224636,-2.093351,80.039,33.815,78.37,0.61,0.1,12.39996,79.61,79.34999,79.92,79.12,-1.600006,79.48,-0.02958012,-0.01938009,0.0,6.0,3.0,1887.0,87.0,0.0,0.0,0.0,13.7,11.25,0.0,1.2372987729304001,1.8472085263632594,1817.8334711251996,3957.124354040916,0.5901830865618825,22.233055555555556
138.0,59053.1,52.3224801,-2.0933329,79.76899999999999,33.887,78.43,0.61,0.1,12.09998,79.40999000000001,79.15999000000001,79.51999,78.75,-1.399994,79.3,-0.02958012,-0.01938009,0.0,6.0,3.0,1883.0,87.0,0.0,0.0,0.0,13.8,11.25,0.0,1.2354373903009863,1.8394261916905368,1819.0689085155007,3958.9637802326065,0.5914397236233184,22.158055555555553
138.0,59053.2,52.32249649999999,-2.0933146,79.596,34.179,78.49,0.6,0.1,12.09998,79.28,79.05,79.25999,78.72,-1.5,79.00999,-0.02958012,0.0,0.0,6.0,3.0,1884.0,87.0,0.0,0.0,0.0,13.8,11.25,0.0,1.2420960205232099,1.8291305245390241,1820.3110045360238,3960.7929107571454,0.5965360850391419,22.11
138.0,59053.3,52.3225128,-2.0932964000000003,79.186,34.222,78.54,0.59,0.1,12.0,78.87999,78.8,79.03999,78.67,-1.399994,78.95,-0.02958012,0.0,0.0,6.0,3.0,1877.0,87.0,0.0,0.0,0.0,13.8,11.25,0.0,1.2370632961470918,1.8187807568393586,1821.548067832171,3962.6116915139846,0.5972865766174995,21.996111111111112
138.0,59053.4,52.3225291,-2.0932782,79.08800000000001,34.366,78.59,0.58,0.1,12.0,78.59999,78.56,78.90999000000001,78.44,-1.600006,78.67,-0.03978014,0.0,0.0,6.0,3.0,1876.0,87.0,0.0,0.0,0.0,13.8,11.25,0.0,1.2400938463909603,1.8134188821854513,1822.788161678562,3964.42511039617,0.5997998507403712,21.96888888888889
138.0,59053.5,52.3225453,-2.09326,78.79,34.556999999999995,78.66,0.59,0.1,11.79999,78.51999,78.31,78.73,78.09,-1.399994,78.4,-0.02958012,0.0,0.0,6.0,3.0,1874.0,87.0,0.0,0.0,0.0,13.8,11.25,0.0,1.24143675028981,1.8024575974787564,1824.0295984288516,3966.227567993649,0.6031334296116804,21.886111111111113
138.0,59053.6,52.322561400000005,-2.0932417,78.718,34.721,78.71,0.59,0.1,11.70001,78.26999,78.06,78.47,77.69,-1.399994,78.22,-0.02958012,0.0,0.0,6.0,3.0,1872.0,87.0,0.0,0.0,0.0,13.8,11.25,0.0,1.245451742506783,1.7972529338747472,1825.2750501713583,3968.0248209275237,0.605995769584951,21.866111111111113
138.0,59053.7,52.3225775,-2.0932234000000003,78.419,34.831,78.77,0.59,0.1,11.59998,78.01999,77.86,78.12999,77.48,-1.100006,78.05,-0.02958012,0.0,0.0,6.0,3.0,1876.0,87.0,0.0,0.0,0.0,13.8,11.25,0.0,1.2441561404531791,1.7880409926891627,1826.5192063118116,3969.812861920213,0.607915631762145,21.783055555555553
138.0,59053.8,52.3225934,-2.0932052000000003,78.03699999999999,34.978,78.83,0.58,0.1,11.39996,77.67999,77.61,77.95999,77.39,-1.199982,77.74,-0.02958012,0.0,0.0,6.0,3.0,1871.0,87.0,0.0,0.0,0.0,13.8,11.25,0.0,1.2426565540562085,1.7761486123453907,1827.7618628658677,3971.5890105325584,0.6104812657625767,21.67694444444444
138.0,59053.9,52.322609400000005,-2.0931869,78.05199999999999,35.035,78.9,0.59,0.1,9.200012,77.48,77.45999,77.78999,77.25999,-1.100006,77.48,-0.02958012,0.009180069,0.0,6.0,3.0,1869.0,87.0,0.0,0.0,0.0,13.8,11.25,0.0,1.2446621170221688,1.7752526593624212,1829.00652498289,3973.3642631919206,0.6114761034362133,21.681111111111107
138.0,59054.0,52.3226252,-2.0931686,77.857,35.174,78.95,0.59,0.1,5.200012,77.31999,77.31,77.56999,77.03999,-0.2999877999999999,77.25,-0.03978014,0.0397799,0.0,6.0,3.0,1865.0,87.0,0.0,0.0,0.0,13.8,11.25,0.0,1.2458448937676265,1.7678002604095284,1830.2523698766574,3975.13206345233,0.6139021110964855,21.626944444444444
138.0,59054.1,52.3226409,-2.0931504,77.346,35.376,79.01,0.58,0.1,4.0,77.01999,77.06999,77.2,76.75999,1.100006,77.08,-0.03978014,0.06936002,0.0,6.0,3.0,1855.0,87.0,0.0,0.0,0.0,13.8,11.25,0.0,1.2438519059171564,1.751823246262664,1831.4962217825746,3976.8838866985925,0.617427676185514,21.485
138.0,59054.2,52.3226567,-2.0931321,77.393,35.449,79.07,0.58,0.1,5.399963,76.72,76.8,76.92999,76.53999,1.399994,76.91,-0.02958012,0.08976007,0.0,6.0,3.0,1854.0,87.0,0.0,0.0,0.0,13.8,11.25,6.5,1.246840070424457,1.7513005925544212,1832.743061852999,3978.635187291147,0.6187017665394698,21.498055555555556
138.0,59054.3,52.3226724,-2.0931139,77.101,35.257,79.12,0.57,0.1,6.799988000000001,76.61,76.61,76.75999,76.39999,0.5,76.68999000000001,-0.02958012,0.07956004,0.0,6.0,3.0,1883.0,87.0,0.0,0.0,0.0,13.8,11.25,14.5,1.2362823181700335,1.748845654465918,1833.979344171169,3980.384032945613,0.6153507343756407,21.416944444444443
138.0,59054.4,52.322688,-2.093096,76.734,35.116,79.18,0.57,0.1,7.299988000000001,76.58,76.51999,76.56,76.26999,-0.1999817,76.53,-0.01938009,0.05915999,0.0,6.0,3.0,1937.0,87.0,0.0,0.0,0.0,13.7,11.25,19.0,1.2261106318095223,1.7435437959981546,1835.2054548029785,3982.127576741611,0.6128898201303288,21.314999999999998
138.0,59054.5,52.3227036,-2.093078,76.601,35.044000000000004,79.23,0.57,0.1,7.700011999999999,76.42999,76.48,76.47,76.17999,-0.1999817,76.43999000000001,-0.009180069,0.04997993,0.0,6.0,3.0,1994.0,87.0,0.0,0.0,0.0,13.8,11.25,22.5,1.221797292841626,1.74205851149092,1836.42725209582,3983.869635253102,0.6116331830688929,21.278055555555554
138.0,59054.6,52.3227192,-2.0930601,76.46,35.071,79.29,0.58,0.1,8.200012,76.34999,76.37,76.50999,76.17999,-0.1999817,76.24,0.0,0.0397799,0.0,6.0,3.0,2018.0,87.0,0.0,0.0,0.0,13.7,11.25,24.0,1.2203676011717803,1.738277000467967,1837.6476196969918,3985.60791225357,0.6121044219669313,21.238888888888887
138.0,59054.7,52.3227349,-2.0930422,76.579,35.054,79.35,0.59,0.1,8.5,76.17999,76.12999,76.34,75.87999,-0.1000061,76.22,0.0,0.02957988,0.0,6.0,3.0,2056.0,87.0,0.0,0.0,0.0,13.7,11.25,25.5,1.2217503302236377,1.741344978766052,1838.8693700272154,3987.3492572323357,0.6118077159940923,21.271944444444443
138.0,59054.8,52.3227504,-2.0930243,76.226,35.216,79.42,0.6,0.1,8.5,76.12999,76.06,76.26999,75.69,-0.1999817,76.14,0.0,0.0397799,0.0,6.0,3.0,2082.0,87.0,0.0,-0.230011,0.0,13.8,11.25,26.5,1.221014500623668,1.7298726242289804,1840.090384527839,3989.0791298565646,0.6146351493823231,21.17388888888889
138.0,59054.9,52.322766,-2.0930064,76.493,35.02,79.48,0.6,0.1,8.599976,76.12,76.09,76.20999,75.62,-0.1999817,76.14,0.009180069,0.0397799,0.0,6.0,3.0,2096.0,87.0,0.0,0.0,0.0,13.8,11.25,28.0,1.2193458868937865,1.7401132885634079,1841.3097304147327,3990.819243145128,0.6112143040484143,21.248055555555553
138.0,59055.0,52.3227815,-2.0929884000000003,76.234,35.416,79.54,0.6,0.1,8.899963,76.20999,76.17999,76.09999,75.62999,-0.2999877999999999,76.18,0.01937985,0.02957988,0.0,6.0,3.0,2157.0,87.0,0.0,0.0,0.0,13.7,11.25,31.5,1.2271742238374916,1.7257810528135034,1842.5369046385701,3992.5450241979415,0.6181258078863117,21.17611111111111
138.0,59055.1,52.322797,-2.0929705000000003,76.165,35.215,79.59,0.58,0.1,9.399963,76.23999,76.20999,76.20999,75.81,-0.3999939,76.21,0.02957988,0.02957988,0.0,6.0,3.0,2170.0,87.0,0.0,0.0,0.0,13.7,11.25,33.0,1.2200072134733404,1.7285095838108917,1843.7569118520435,3994.2735337817526,0.6146176960898032,21.156944444444445
138.0,59055.2,52.322812500000005,-2.0929525,76.183,35.311,79.65,0.58,0.1,10.59998,76.25,76.28999,76.3,75.94,-0.5,76.3,0.0397799,0.01937985,0.0,5.0,3.0,2245.0,87.0,0.0,0.0,0.0,13.6,11.25,33.5,1.2231906523783755,1.7268710301095727,1844.980102504422,3996.000404811862,0.6162932121717177,21.161944444444448
138.0,59055.3,52.322828,-2.0929345,76.34899999999999,35.332,79.71,0.58,0.1,11.5,76.37,76.31,76.51999,76.01999,-1.0,76.3,0.04997993,0.009180069,0.0,5.0,3.0,2307.0,86.0,0.0,0.0,0.0,13.8,11.25,34.0,1.2264901686152427,1.7301844036880756,1846.2065926730372,3997.73058921555,0.6166597313146366,21.208055555555553
138.0,59055.4,52.322843600000006,-2.0929165,76.403,35.395,79.77,0.59,0.1,11.59998,76.51999,76.39,76.51999,76.00999,-1.199982,76.38,0.04997993,0.0,0.0,5.0,3.0,2363.0,87.0,0.0,0.0,0.0,13.7,11.25,36.0,1.2292606789718068,1.7300575291809661,1847.435853352009,3999.460646744731,0.617759288743393,21.223055555555558
138.0,59055.5,52.3228591,-2.0928983,76.525,35.497,79.84,0.6,0.1,11.59998,76.61,76.5,76.58,75.89999,-1.199982,76.52,0.04997993,0.0,0.0,5.0,3.0,2391.0,87.0,0.0,0.0,0.0,13.7,11.25,37.0,1.2343064331817653,1.7306254650120245,1848.6701597851907,4001.191272209743,0.6195395245804272,21.256944444444446
138.0,59055.6,52.3228746,-2.0928801,76.64399999999999,35.73,79.89,0.58,0.1,11.59998,76.81999,76.73,76.70999,75.98,-1.299988,76.74,0.05915999,0.0,0.0,5.0,3.0,2385.0,87.0,0.0,0.0,0.0,13.7,11.25,38.0,1.2432643320829295,1.7282750940085856,1849.9134241172735,4002.9195473037516,0.6236061417375739,21.289999999999996
138.0,59055.7,52.3228901,-2.0928618,76.68,35.72,79.95,0.59,0.1,11.59998,76.97,76.92999,76.98,76.45,-1.399994,76.93,0.07956004,-0.009180069,0.0,5.0,3.0,2360.0,86.0,0.0,0.0,0.0,13.7,11.25,38.5,1.2435464968871819,1.729303938028136,1851.1569706141606,4004.64885124178,0.6234316088123745,21.3
138.0,59055.8,52.3229056,-2.0928433,76.932,36.184,80.01,0.59,0.1,11.70001,77.12999,77.12999,77.16,76.64999,-1.299988,77.06,0.07956004,0.0,0.0,5.0,3.0,2405.0,86.0,0.0,0.0,0.0,13.7,11.25,38.5,1.261642698459638,1.7248265714046394,1852.4186133126202,4006.3736778131847,0.6315299365416281,21.37
138.0,59055.9,52.3229211,-2.0928248,76.932,36.062,80.07,0.59,0.1,11.89996,77.34,77.31999,77.37,76.89,-1.299988,77.23,0.07956004,0.0,0.0,5.0,3.0,2409.0,87.0,0.0,0.0,0.0,13.7,11.25,38.5,1.2579671650098578,1.7275090771851425,1853.67658047763,4008.1011868903697,0.6294006348541951,21.37
138.0,59056.0,52.3229367,-2.0928061,77.378,36.307,80.12,0.59,0.1,12.5,77.58,77.53,77.62999,77.12999,-1.399994,77.36,0.08976007,-0.009180069,0.0,5.0,3.0,2428.0,87.0,0.0,0.0,0.0,13.7,11.25,38.5,1.2726781737540749,1.732097821062369,1854.949258651384,4009.833284711432,0.6336766915215812,21.49388888888889
138.0,59056.1,52.3229522,-2.0927873,77.454,36.544,80.19,0.6,0.1,13.20001,77.81999,77.69,77.8,77.06,-1.699982,77.7,0.08976007,-0.01938009,0.0,5.0,3.0,2437.0,87.0,0.0,0.0,0.0,13.7,11.25,38.5,1.2810890073478696,1.7285147396688434,1856.230347658732,4011.561799451101,0.6378131218488078,21.514999999999997
138.0,59056.2,52.3229678,-2.0927684,77.857,36.617,80.25,0.6,0.1,13.20001,78.03,77.90999000000001,77.94,77.23999,-1.799988,77.92,0.08976007,-0.009180069,0.0,5.0,3.0,2410.0,87.0,0.0,0.0,0.0,13.7,11.25,38.5,1.2899673233791005,1.7358662289027411,1857.5203149821111,4013.2976656800033,0.6390872122027637,21.626944444444444
138.0,59056.3,52.3229833,-2.0927494,77.857,36.738,80.31,0.6,0.1,12.89996,78.17,78.08,78.17,77.48999,-2.0,78.15,0.08976007,-0.01938009,0.0,5.0,3.0,2408.0,87.0,0.0,0.0,0.0,13.8,11.25,38.5,1.293630330399563,1.7331381446097085,1858.8139453125107,4015.030803824613,0.6411990605976767,21.626944444444444
138.0,59056.4,52.3229989,-2.0927302,78.145,37.016,80.38,0.6,0.1,12.79999,78.37999,78.36,78.51999,77.86,-1.799988,78.3,0.08976007,-0.02958012,0.0,5.0,3.0,2423.0,86.0,0.0,0.0,0.0,13.8,11.25,38.5,1.3068405870743565,1.7332287936441415,1860.120785899585,4016.7640326182573,0.646051075918221,21.706944444444442
138.0,59056.5,52.3230145,-2.0927108,78.487,37.227,80.43,0.59,0.1,12.70001,78.73999,78.67,78.67999,78.12999,-1.799988,78.50999,0.07956004,-0.01938009,0.0,5.0,3.0,2422.0,86.0,0.0,0.0,0.0,13.7,11.25,38.5,1.3189618337572484,1.7359687487619515,1861.439747733342,4018.500001367019,0.649733720639929,21.80194444444444
138.0,59056.6,52.32303,-2.0926913000000003,78.476,37.486,80.49,0.59,0.1,12.59998,78.89,78.73,78.94,78.19,-1.799988,78.8,0.08976007,-0.009180069,0.0,5.0,3.0,2422.0,86.0,0.0,0.0,0.0,13.7,11.25,38.5,1.3266096579242843,1.729746334987662,1862.7663573912664,4020.229747702007,0.6542541234025944,21.79888888888889
138.0,59056.7,52.3230456,-2.0926717,78.7,37.522,80.56,0.6,0.1,12.20001,79.12,78.98999,79.05,78.36,-1.799988,79.00999,0.09995985,-0.009180069,0.0,5.0,3.0,2428.0,86.0,0.0,0.0,0.0,13.7,11.25,38.5,1.3314859717280898,1.7338474261637788,1864.0978433629946,4021.9635951281707,0.6548824419333124,21.86111111111111
138.0,59056.8,52.3230612,-2.0926519,79.164,37.774,80.62,0.6,0.1,11.89996,79.33,79.23999,79.23999,78.58,-1.600006,79.28,0.08976007,-0.009180069,0.0,5.0,3.0,2445.0,86.0,0.0,0.0,0.0,13.8,11.25,38.5,1.3469939966666666,1.738162297641955,1865.4448373596613,4023.7017574258125,0.659280671648338,21.99
138.0,59056.9,52.3230768,-2.0926321,79.132,37.87,80.68,0.6,0.1,11.59998,79.50999,79.50999,79.53999,78.92,-1.399994,79.46,0.08976007,-0.009180069,0.0,5.0,3.0,2437.0,86.0,0.0,0.0,0.0,13.7,11.25,38.5,1.3493587594848115,1.7352012548957352,1866.7941961191461,4025.4369586807084,0.6609561877302526,21.98111111111111
138.0,59057.0,52.3230924,-2.0926121,79.477,38.234,80.74,0.61,0.1,11.5,79.73999,79.69,79.75,79.23999,-1.199982,79.61,0.08976007,0.0,0.0,5.0,3.0,2440.0,86.0,0.0,0.0,0.0,13.7,11.25,38.5,1.3662860677017754,1.7341214320902922,1868.160482186848,4027.171080112799,0.667309186207512,22.076944444444447
138.0,59057.1,52.323108000000005,-2.092592,79.628,38.271,80.8,0.61,0.1,11.20001,79.95999,79.84,79.95999,79.34999,-1.199982,79.87,0.08976007,0.0,0.0,5.0,3.0,2455.0,87.0,0.0,0.0,0.0,13.7,11.25,38.5,1.3700035918019495,1.7365317777800329,1869.53048577865,4028.9076118905787,0.6679549580307499,22.11888888888889
138.0,59057.2,52.3231236,-2.0925717,79.891,38.44,80.87,0.62,0.1,11.0,80.22,80.11,80.05,79.37,-1.100006,80.1,0.08976007,0.0,0.0,5.0,3.0,2468.0,86.0,0.0,0.0,0.0,13.8,11.25,38.5,1.379661535584817,1.73820540485894,1870.9101473142348,4030.6458172954376,0.6709045644666203,22.191944444444445
138.0,59057.3,52.3231392,-2.0925514,80.057,38.533,80.93,0.61,0.1,10.89996,80.36,80.31999,80.31,79.72,-1.0,80.25999,0.08976007,0.0,0.0,5.0,3.0,2467.0,86.0,0.0,0.0,0.0,13.8,11.25,38.5,1.385353657920313,1.7395707491811194,1872.2955009721552,4032.3853880446186,0.672527720670975,22.238055555555555
138.0,59057.4,52.3231549,-2.0925309000000003,80.406,38.653,80.99,0.61,0.1,10.70001,80.58,80.58,80.5,80.00999,-1.0,80.56,0.08976007,0.0,0.0,5.0,3.0,2482.0,87.0,0.0,0.0,0.0,13.8,11.25,37.5,1.395049137158266,1.7442362669414881,1873.6905501093136,4034.1296243115603,0.6746221157733682,22.335
138.0,59057.5,52.3231705,-2.0925103,80.507,38.908,81.05,0.62,0.1,10.70001,80.87999,80.78,80.90999000000001,80.33,-0.8999939,80.7,0.08976007,0.0,0.0,5.0,3.0,2486.0,86.0,0.0,0.0,0.0,13.7,11.25,37.5,1.4045602650282074,1.740193379976069,1875.0951103743419,4035.8698176915364,0.6790727053659538,22.363055555555558
138.0,59057.6,52.3231862,-2.0924896,80.82,38.867,81.12,0.62,0.1,10.59998,81.06,81.0,81.03,80.5,-0.7999878,80.99,0.08976007,0.009180069,0.0,5.0,3.0,2481.0,86.0,0.0,0.0,0.0,13.8,11.25,37.5,1.4087705411060374,1.7479675519047266,1876.503880915448,4037.617785243441,0.6783571203726361,22.45
138.0,59057.7,52.3232019,-2.0924688,81.025,39.031,81.18,0.62,0.1,10.59998,81.31,81.22,81.22,80.56,-1.0,81.18,0.08976007,0.009180069,0.0,5.0,3.0,2480.0,86.0,0.0,0.0,0.0,13.7,11.25,37.5,1.4173540645118567,1.7483514915670726,1877.9212349799598,4039.3661367350082,0.6812194603459067,22.506944444444446
138.0,59057.8,52.3232176,-2.0924479,81.173,39.169,81.25,0.63,0.1,10.59998,81.47,81.5,81.20999,80.67,-1.0,81.48,0.08976007,0.009180069,0.0,5.0,3.0,2504.0,86.0,0.0,0.0,0.0,13.8,11.25,37.5,1.4241575675132392,1.7481199376069634,1879.345392547473,4041.1142566726153,0.6836280147136589,22.548055555555557
138.0,59057.9,52.3232334,-2.092427,81.19800000000001,39.14,81.31,0.63,0.1,10.59998,81.62999,81.65999000000001,81.86,81.3,-0.7999878,81.53,0.09995985,0.009180069,0.0,5.0,3.0,2509.0,86.0,0.0,0.0,0.0,13.8,11.25,37.5,1.4237109275599362,1.7493791598011073,1880.769103475033,4042.8636358324165,0.6831218692305806,22.555000000000003
138.0,59058.0,52.3232491,-2.0924058,81.796,39.451,81.38,0.64,0.1,10.59998,81.97,81.87999,82.00999,81.45,-0.7999878,81.79,0.09995985,0.0,0.0,5.0,3.0,2515.0,86.0,0.0,0.0,0.0,13.7,11.25,37.5,1.4437404926286472,1.7544521341943071,1882.2128439676617,4044.618087966611,0.6885498432042829,22.721111111111114
138.0,59058.1,52.323264900000005,-2.0923846,81.99,39.463,81.44,0.64,0.1,10.59998,82.14,82.09,81.90999000000001,81.42,-0.8999939,82.08,0.08976007,0.0,0.0,5.0,3.0,2522.0,86.0,0.0,-0.230011,0.0,13.7,11.25,37.5,1.4475329814482527,1.7583101312395184,1883.6603769491098,4046.37639809785,0.6887592827145222,22.775
138.0,59058.2,52.323280700000005,-2.0923633,81.914,39.633,81.5,0.63,0.1,10.59998,82.39,82.37999,82.23999,81.61,-0.8999939,82.28,0.08976007,0.0,0.0,5.0,3.0,2525.0,86.0,0.0,0.0,0.0,13.7,11.25,37.5,1.4513970038205393,1.752381617393818,1885.1117739529304,4048.128779715244,0.6917263424429126,22.753888888888888
138.0,59058.3,52.3232965,-2.0923418000000003,82.26700000000001,39.701,81.57,0.64,0.1,10.59998,82.59,82.56999,82.47,81.94,-1.0,82.47,0.08976007,0.009180069,0.0,5.0,3.0,2536.0,86.0,0.0,0.0,0.0,13.7,11.25,37.5,1.4597393545146418,1.7582021117610258,1886.571513307445,4049.886981827005,0.6929131663342688,22.851944444444445
138.0,59058.4,52.3233123,-2.0923203,82.555,39.759,81.64,0.64,0.1,10.39996,82.75999,82.64,82.84,82.36,-0.7999878,82.68,0.09995985,0.01937985,0.0,5.0,3.0,2543.0,86.0,0.0,0.0,0.0,13.8,11.25,37.5,1.4666348965114744,1.7628734612460542,1888.0381482039566,4051.6498552882513,0.6939254573004255,22.931944444444447
138.0,59058.5,52.3233282,-2.0922987,82.735,39.876,81.7,0.65,0.1,10.0,82.97,82.90999000000001,83.0,82.28999,-0.8999939,82.9,0.08976007,0.009180069,0.0,5.0,3.0,2544.0,86.0,0.0,0.0,0.0,13.7,11.25,37.5,1.4734373269788792,1.763712036569645,1889.5115855309355,4053.413567324821,0.6959674925252588,22.981944444444444
138.0,59058.6,52.3233441,-2.092277,83.016,39.932,81.77,0.65,0.1,9.599976,83.09,83.20999,83.08,82.39999,-0.7999878,83.09,0.08976007,0.0,0.0,5.0,3.0,2547.0,86.0,0.0,0.0,0.0,13.8,11.25,36.5,1.4801706618972692,1.7682564326642791,1890.9917561928328,4055.1818237574853,0.6969448769063757,23.060000000000002
138.0,59058.7,52.3233599,-2.0922551,83.038,40.172,81.84,0.65,0.1,9.5,83.39999,83.39,83.37999,82.8,-0.5,83.3,0.08976007,0.009180069,0.0,5.0,3.0,2545.0,86.0,0.0,0.0,0.0,13.8,11.25,35.5,1.4879587281843758,1.762507770513699,1892.4797149210171,4056.944331527999,0.701133667111162,23.06611111111111
138.0,59058.8,52.3233758,-2.0922332,83.398,40.142,81.9,0.65,0.1,9.5,83.62999,83.56999,83.56,83.17,-0.6000061,83.53,0.08976007,0.009180069,0.0,5.0,3.0,2570.0,86.0,0.0,0.0,0.0,13.8,11.25,35.0,1.4934825190830112,1.7709311125272267,1893.9731974401002,4058.7152626405264,0.7006100683355638,23.16611111111111
138.0,59058.9,52.3233917,-2.0922112,83.495,40.303,81.96,0.65,0.1,9.599976,83.73,83.67999,83.64,83.06999,-0.6000061,83.7,0.07956004,0.02957988,0.0,5.0,3.0,2575.0,86.0,0.0,0.0,0.0,13.8,11.25,34.5,1.5001957441786464,1.7687823464686496,1895.4733931842788,4060.484044986995,0.7034200484312746,23.193055555555556
138.0,59059.0,52.3234076,-2.0921891,83.671,40.441,82.03,0.66,0.1,9.799988,83.92999,83.87999,83.84999,83.28,-0.6000061,83.81,0.07956004,0.02957988,0.0,5.0,3.0,2559.0,86.0,0.0,0.0,0.0,13.7,11.25,32.0,1.507622846638487,1.7688847243051447,1896.9810160309173,4062.2529297113,0.7058286027990268,23.241944444444446
138.0,59059.1,52.3234236,-2.092167,84.024,40.286,82.1,0.66,0.1,10.29999,84.15999000000001,84.05,84.12,83.53999,-0.6000061,83.95,0.07956004,0.009180069,0.0,5.0,3.0,2579.0,86.0,0.0,0.0,0.0,13.8,11.25,29.5,1.509172347679998,1.7804366950268247,1898.4901883785974,4064.033366406327,0.7031233424584357,23.34
138.0,59059.2,52.3234395,-2.0921447,83.999,40.603,82.17,0.68,0.1,12.09998,84.23999,84.09,84.14999,83.72,-0.6999816999999999,84.18999000000001,0.06936002,0.0,0.0,5.0,3.0,2587.0,86.0,0.0,0.0,0.0,13.8,11.25,27.5,1.5185478558625076,1.77153245102702,1900.00873623446,4065.8048988573537,0.7086560361872577,23.333055555555553
138.0,59059.3,52.3234555,-2.0921224,84.24,40.482,82.24,0.67,0.1,12.89996,84.31999,84.17999,84.34999,83.53,-1.5,84.29,0.06936002,-0.01938009,0.0,5.0,3.0,2585.0,86.0,0.0,0.0,0.0,13.8,11.25,26.5,1.5191493588311262,1.779827302173719,1901.527885593291,4067.5847261595272,0.7065441877923445,23.4
138.0,59059.4,52.3234714,-2.0921000000000003,84.262,40.668,82.3,0.67,0.1,12.79999,84.45999,84.34999,84.50999,83.73,-1.899994,84.37,0.06936002,-0.03978014,0.0,5.0,3.0,2584.0,86.0,0.0,0.0,0.0,13.8,11.25,25.5,1.5253174650948298,1.775349825846578,1903.0532030583859,4069.360075985374,0.7097905002010539,23.406111111111112
138.0,59059.5,52.3234874,-2.0920774,84.557,40.942,82.37,0.68,0.1,12.59998,84.62999,84.42999,84.62,84.03,-1.600006,84.45,0.05915999,-0.01938009,0.0,5.0,3.0,2601.0,86.0,0.0,0.0,0.0,13.8,11.25,23.0,1.539159849004714,1.7742250412561615,1904.5923629073907,4071.13430102663,0.7145727023515184,23.488055555555555
138.0,59059.6,52.3235033,-2.0920547000000003,84.56,41.1,82.44,0.69,0.1,12.29999,84.65999000000001,84.48,84.64,84.06,-1.600006,84.57,0.04997993,-0.009180069,0.0,5.0,3.0,2584.0,86.0,0.0,0.0,0.0,13.8,11.25,18.0,1.544101410676354,1.7700366792507365,1906.136464318067,4072.9043377058806,0.7173303225696694,23.48888888888889
138.0,59059.7,52.3235191,-2.092032,84.557,41.299,82.51,0.68,0.1,11.59998,84.42,84.42,84.67999,83.87,-1.199982,84.47,0.04997993,-0.01938009,0.0,6.0,3.0,2576.0,86.0,0.0,0.0,0.0,13.8,11.25,14.0,1.550184786531264,1.7646004265599793,1907.6866491045982,4074.6689381324404,0.7208035277811381,23.488055555555555
138.0,59059.8,52.323534900000006,-2.0920091,84.809,41.441,82.58,0.68,0.1,10.79999,84.59999,84.50999,84.81,84.01999,-1.0,84.41,0.01937985,0.0,0.0,6.0,3.0,2589.0,86.0,0.0,0.0,0.0,13.8,11.25,12.5,1.5591862888659953,1.766000547055041,1909.2458353934642,4076.4349386794956,0.7232818953189701,23.558055555555555
138.0,59059.9,52.323550700000006,-2.0919861,84.81200000000001,41.643,82.65,0.68,0.1,10.5,84.48,84.36,84.56,84.09999,-1.0,84.54,0.009180069,0.0,0.0,6.0,3.0,2593.0,86.0,0.0,0.0,0.0,13.7,11.25,12.0,1.56545810975254,1.760554845325794,1910.8112935032168,4078.1954935248214,0.7268074604079987,23.55888888888889
138.0,59060.0,52.3235665,-2.0919631,84.542,41.732,82.72,0.67,0.1,10.59998,84.42999,84.26999,84.67,83.98,-1.0,84.43999000000001,0.009180069,0.0,0.0,6.0,3.0,2582.0,86.0,0.0,0.0,0.0,13.8,11.25,11.0,1.5631986112392484,1.7525240298713383,1912.374492114456,4079.948017554693,0.7283608034422736,23.483888888888888
138.0,59060.1,52.3235821,-2.0919401,84.348,41.855,82.79,0.67,0.1,10.59998,84.14999,84.06999,84.31,83.67999,-0.7999878,84.17,0.0,0.0,0.0,6.0,3.0,2588.0,86.0,0.0,0.0,0.0,13.8,11.25,10.5,1.563361521908065,1.7451503522096024,1913.937853636364,4081.6931679069025,0.7305075584222266,23.43
138.0,59060.2,52.3235978,-2.0919171000000003,84.59299999999999,41.989,82.86,0.69,0.1,11.0,84.23,84.08,84.51999,83.73,-0.7999878,83.98,0.0,0.009180069,0.0,6.0,3.0,2589.0,86.0,0.0,0.0,0.0,13.8,11.25,10.0,1.571991532105463,1.7465476723835716,1915.5098451684694,4083.4397155792863,0.732846299619899,23.498055555555553
138.0,59060.3,52.3236134,-2.091894,84.334,42.025,82.94,0.68,0.1,11.29999,84.12,83.97,83.95,83.59999,-1.199982,84.08,-0.009180069,0.0,0.0,6.0,3.0,2602.0,86.0,0.0,0.0,0.0,13.8,11.25,10.0,1.5682722546298367,1.7402152031457157,1917.0781174230992,4085.179930782432,0.733474618150617,23.426111111111112
138.0,59060.4,52.3236289,-2.0918711,83.887,42.179,83.0,0.67,0.1,11.39996,83.89,83.72,84.01999,83.45999,-1.100006,83.9,0.0,0.0,0.0,6.0,3.0,2615.0,86.0,0.0,0.0,0.0,13.8,11.25,10.0,1.5646067881208554,1.726792328997872,1918.6427242112202,4086.90672311143,0.7361624251986882,23.301944444444445
138.0,59060.5,52.323644400000006,-2.091848,84.132,42.337,83.07,0.68,0.1,11.29999,83.7,83.59999,84.06,83.26999,-1.100006,83.72,0.0,0.0,0.0,6.0,3.0,2639.0,86.0,0.0,0.0,0.0,13.8,11.25,10.0,1.5739461441786955,1.7275018191669202,1920.216670355399,4088.6342249305967,0.7389200454168393,23.37
138.0,59060.6,52.3236599,-2.0918249,83.869,42.417,83.14,0.68,0.1,11.29999,83.76999,83.56999,83.8,83.17999,-1.100006,83.48,-0.009180069,0.0,0.0,6.0,3.0,2653.0,86.0,0.0,0.0,0.0,13.8,11.25,11.0,1.571428902702852,1.7199091278975815,1921.7880992581017,4090.3541340584943,0.7403163088184348,23.296944444444446
138.0,59060.7,52.3236752,-2.0918018000000003,83.758,42.629,83.21,0.68,0.1,11.29999,83.47,83.31999,83.45,83.09,-1.0,83.47,-0.009180069,0.009180069,0.0,6.0,3.0,2636.0,86.0,0.0,-0.230011,0.0,13.8,11.25,15.0,1.5756937808054714,1.7118143507625576,1923.3637930389073,4092.065948409257,0.7440164068326627,23.26611111111111
138.0,59060.8,52.3236906,-2.0917787,83.59899999999999,42.641000000000005,83.28,0.68,0.1,11.5,83.44,83.15999000000001,83.48999,82.95,-1.299988,83.29,0.0,0.0,0.0,6.0,3.0,2583.0,86.0,0.0,0.0,0.0,13.8,11.25,16.0,1.5730604066009817,1.7082353453177916,1924.9368534455082,4093.774183754575,0.7442258463429021,23.221944444444443
138.0,59060.9,52.3237059,-2.0917556000000004,83.416,42.711000000000006,83.36,0.69,0.1,11.59998,83.33,83.25,83.53,82.65999000000001,-1.399994,83.29,0.0,-0.009180069,0.0,6.0,3.0,2423.0,86.0,0.0,0.0,0.0,13.8,11.25,17.5,1.571698206452465,1.7025770611248914,1926.5085516519607,4095.4767608157,0.7454475768192982,23.17111111111111
138.0,59061.0,52.32372110000001,-2.0917323,83.405,43.092,83.42,0.67,0.1,11.59998,83.40999000000001,83.28,83.40999000000001,82.81999,-1.199982,83.25999,0.009180069,-0.01938009,0.0,6.0,3.0,2159.0,86.0,0.0,0.0,0.0,13.8,11.25,22.0,1.5827762613358143,1.6918650326798852,1928.0913279132965,4097.16862584838,0.7520972812693965,23.168055555555554
138.0,59061.1,52.3237362,-2.0917091,83.34,43.094,83.5,0.68,0.1,11.0,83.37999,83.31,83.33,82.78,-1.399994,83.04,0.0,-0.009180069,0.0,6.0,3.0,2136.0,86.0,0.0,0.0,0.0,13.7,11.25,22.5,1.581601766908027,1.6904913045956225,1929.6729296802046,4098.859117152975,0.7521321878544364,23.150000000000002
138.0,59061.2,52.3237514,-2.0916859,83.26100000000001,43.165,83.56,0.68,0.1,10.20001,83.19,83.17,83.40999000000001,82.75999,-1.100006,83.28,0.01937985,0.0,0.0,6.0,3.0,2163.0,86.0,0.0,0.0,0.0,13.7,11.25,22.5,1.582194158299279,1.6869295134214353,1931.2551238385038,4100.546046666396,0.7533713716233523,23.12805555555556
138.0,59061.3,52.3237665,-2.0916625,83.398,43.512,83.63,0.68,0.1,9.5,83.31999,83.3,83.42,82.7,-0.5,83.18999000000001,0.02957988,0.0,0.0,6.0,3.0,2188.0,86.0,0.0,0.0,0.0,13.8,11.25,22.5,1.5950017677751809,1.6800763080638643,1932.8501256062789,4102.22612297446,0.7594276641277726,23.16611111111111
138.0,59061.4,52.3237815,-2.0916391,83.30799999999999,43.497,83.7,0.69,0.1,9.200012,83.33,83.25,83.44,82.84,-0.2999877999999999,83.23,0.0397799,0.009180069,0.0,6.0,3.0,2215.0,86.0,0.0,0.0,0.0,13.8,11.25,22.5,1.5928410786858573,1.6786802949396809,1934.4429666849646,4103.9048032694,0.7591658647399735,23.14111111111111
138.0,59061.5,52.3237966,-2.0916157,83.38,43.656000000000006,83.77,0.68,0.1,9.299988,83.25,83.28,83.33,82.94,-0.2999877999999999,83.34,0.0397799,0.02957988,0.0,6.0,3.0,2217.0,86.0,0.0,0.0,0.0,13.8,11.25,23.5,1.59887405468616,1.675700580731469,1936.0418407396508,4105.580503850131,0.7619409382506446,23.161111111111108
138.0,59061.6,52.3238116,-2.0915922,83.43,43.623000000000005,83.84,0.69,0.1,9.099976,83.40999000000001,83.42,83.50999,82.70999,-0.3999939,83.34,0.0397799,0.02957988,0.0,6.0,3.0,2226.0,86.0,0.0,0.0,0.0,13.7,11.25,23.5,1.598866863890374,1.677626597772389,1937.6407076035412,4107.258130447904,0.7613649795974865,23.175
138.0,59061.7,52.323826700000005,-2.0915687,83.40100000000001,43.65,83.9,0.68,0.1,9.099976,83.55,83.53,83.59,82.97,-0.1999817,83.42,0.0397799,0.01937985,0.0,6.0,3.0,2214.0,86.0,0.0,0.0,0.0,13.8,11.25,23.5,1.5991012135220084,1.6762900876137743,1939.2398088170632,4108.934420535517,0.7618362184955249,23.166944444444447
138.0,59061.8,52.3238418,-2.0915453,83.51299999999999,43.641000000000005,83.98,0.69,0.1,9.099976,83.45,83.45,83.56,83.19,-0.2999877999999999,83.53,0.04997993,0.01937985,0.0,6.0,3.0,2206.0,86.0,0.0,0.0,0.0,13.8,11.25,23.5,1.600984977437303,1.6787926964358928,1940.8407937945005,4110.6132132319535,0.7616791388628454,23.198055555555552
138.0,59061.9,52.3238568,-2.0915217,83.484,43.855,84.05,0.7,0.1,9.099976,83.53,83.55,83.64,83.23999,-0.1999817,83.54,0.04997993,0.02957988,0.0,6.0,3.0,2190.0,86.0,0.0,0.0,0.0,13.8,11.25,23.5,1.6066859765929995,1.6722204318269165,1942.4474797710936,4112.28543366378,0.7654141434621131,23.189999999999998
138.0,59062.0,52.3238719,-2.0914981000000004,83.64200000000001,43.752,84.12,0.69,0.1,9.099976,83.64999,83.67999,83.67999,82.97,-0.1999817,83.62,0.04997993,0.02957988,0.0,6.0,3.0,2139.0,86.0,0.0,0.0,0.0,13.8,11.25,23.5,1.606712334200043,1.6782763193651384,1944.0541921052936,4113.963709983145,0.7636164543325591,23.23388888888889
138.0,59062.1,52.323887,-2.0914744,83.714,43.889,84.19,0.69,0.1,9.0,83.73999,83.72,83.73999,83.22,-0.2999877999999999,83.65,0.04997993,0.01937985,0.0,6.0,3.0,2099.0,86.0,0.0,0.0,0.0,13.7,11.25,23.5,1.6121071925694257,1.6758710822237568,1945.6662992978631,4115.639581065369,0.7660075554077913,23.253888888888888
138.0,59062.2,52.323902,-2.0914508,83.78299999999999,43.856,84.27,0.69,0.1,8.399963,83.78999,83.75,83.75,83.40999000000001,-0.1999817,83.78,0.04997993,0.02957988,0.0,6.0,3.0,2087.0,86.0,0.0,0.0,0.0,13.8,11.25,23.5,1.6124696519845476,1.6781813877970952,1947.2787689498477,4117.317762453166,0.7654315967546332,23.27305555555555
138.0,59062.3,52.3239171,-2.091427,83.948,43.917,84.34,0.7,0.1,7.099976,83.8,83.84,83.84,83.42999,0.0,83.82,0.04997993,0.0397799,0.0,6.0,3.0,2091.0,86.0,0.0,0.0,0.0,13.8,11.25,24.0,1.6174344864775332,1.67976530267672,1948.8962034363253,4118.997527755843,0.7664962475983498,23.318888888888885
138.0,59062.4,52.3239322,-2.0914032,83.866,44.028,84.42,0.7,0.1,6.799988000000001,83.87999,83.95999,84.00999,83.31,0.3999939,83.87,0.04997993,0.0397799,0.0,6.0,3.0,2079.0,86.0,0.0,0.0,0.0,13.8,11.25,24.0,1.6191026065480447,1.6749909487760442,1950.5153060428734,4120.6725187046195,0.7684335630680634,23.29611111111111
138.0,59062.5,52.3239473,-2.0913795,83.941,43.776,84.48,0.69,0.1,7.399963,83.95999,83.92999,84.03,83.53,0.5,83.96,0.04997993,0.04997993,0.0,6.0,3.0,2090.0,86.0,0.0,0.0,0.0,13.7,11.25,24.0,1.6131613100219657,1.6836001811894954,1952.1284673528953,4122.356118885809,0.7640353333530377,23.316944444444445
138.0,59062.6,52.323962400000006,-2.0913557,84.1,43.944,84.56,0.7,0.1,8.5,84.0,84.03,84.03,83.84,0.1000061,84.06,0.04997993,0.04997993,0.0,6.0,3.0,2083.0,86.0,0.0,0.0,0.0,13.8,11.25,24.0,1.6211559096938613,1.6820429958599334,1953.7496232625892,4124.038161881669,0.7669674864963882,23.36111111111111
138.0,59062.7,52.3239775,-2.091332,84.046,43.782,84.64,0.7,0.1,9.799988,84.12,84.11,84.15999000000001,83.62,-0.2999877999999999,84.14,0.04997993,0.009180069,0.0,6.0,3.0,2097.0,86.0,0.0,0.0,0.0,13.8,11.25,25.0,1.6153556968520182,1.6855370102051124,1955.3649789594413,4125.723698891874,0.7641400531081572,23.346111111111114
138.0,59062.8,52.3239927,-2.0913083,84.103,43.714,84.71,0.7,0.1,10.20001,84.17999,84.17999,84.33,83.59,-0.5,84.16,0.04997993,0.0,0.0,6.0,3.0,2094.0,86.0,0.0,0.0,0.0,13.8,11.25,26.0,1.6144483008935897,1.6885973960642269,1956.979427260335,4127.412296287938,0.7629532292168012,23.361944444444443
138.0,59062.9,52.3240078,-2.0912844,84.226,44.029,84.78,0.7,0.1,10.29999,84.26999,84.17999,84.23999,83.84,-0.2999877999999999,84.25999,0.04997993,0.0,0.0,6.0,3.0,2085.0,86.0,0.0,0.0,0.0,13.8,11.25,26.0,1.6260820641289802,1.6821525709496759,1958.6055093244638,4129.0944488588875,0.7684510163605834,23.39611111111111
138.0,59063.0,52.324023,-2.0912606,84.34100000000001,43.82,84.87,0.71,0.1,10.20001,84.36,84.26999,84.31,83.87999,-0.3999939,84.29,0.04997993,0.0,0.0,6.0,3.0,2098.0,86.0,0.0,0.0,0.0,13.8,11.25,26.0,1.622147024941279,1.6903777390323538,1960.2276563494052,4130.78482659792,0.7648032782239153,23.428055555555556
138.0,59063.1,52.3240381,-2.0912366,84.37299999999999,44.182,84.93,0.7,0.1,10.0,84.42,84.45999,84.44,83.67,-0.7999878,84.36,0.04997993,0.0,0.0,6.0,3.0,2100.0,86.0,0.0,0.0,0.0,13.7,11.25,21.5,1.6334140413027036,1.6807326434013596,1961.861070390708,4132.465559241321,0.7711213701161347,23.436944444444443
138.0,59063.2,52.3240532,-2.0912127000000003,84.51,44.033,85.0,0.7,0.1,9.899963,84.53,84.45999,84.45999,83.84999,-0.7999878,84.4,0.04997993,0.0,0.0,6.0,3.0,2093.0,86.0,0.0,0.0,0.0,13.8,11.25,10.0,1.6316828468063325,1.6877106794228636,1963.4927532375143,4134.153269920744,0.7685208295306631,23.475
138.0,59063.3,52.3240683,-2.0911887,84.323,44.218,85.08,0.7,0.1,9.899963,84.39999,84.34999,84.61,84.01999,-0.6000061,84.48,0.04997993,0.0,0.0,6.0,3.0,2081.0,86.0,0.0,0.0,0.0,13.8,11.25,5.5,1.6335011566467017,1.6787106024625882,1965.126254394161,4135.831980523206,0.7717496886468527,23.423055555555553
138.0,59063.4,52.32408350000001,-2.0911646,84.762,44.246,85.16,0.72,0.1,9.5,84.34999,84.33,84.61,84.09,-0.6000061,84.39,0.02957988,0.0,0.0,6.0,3.0,2087.0,86.0,0.0,0.0,0.0,13.8,11.25,3.0,1.6428298914835744,1.6866476210661396,1966.7690842856446,4137.518628144272,0.7722383808374111,23.544999999999998
138.0,59063.5,52.3240986,-2.0911405,84.431,44.272,85.23,0.72,0.1,9.0,84.3,84.3,84.48,83.84,-0.5,84.33,0.01937985,0.0,0.0,6.0,3.0,2087.0,86.0,0.0,0.0,0.0,13.8,11.25,2.0,1.637176774736721,1.679318420426103,1968.4062610603812,4139.197946564698,0.7726921664429296,23.453055555555554
138.0,59063.6,52.3241136,-2.0911164,84.51700000000001,44.409,85.31,0.73,0.1,8.700012,84.23,84.15999000000001,84.37999,83.73999,-0.1000061,84.13,0.009180069,0.01937985,0.0,6.0,3.0,2089.0,86.0,0.0,0.0,0.0,13.8,11.25,0.0,1.6428591968877138,1.6771055016535976,1970.049120257269,4140.875052066352,0.7750832675181618,23.476944444444445
138.0,59063.7,52.3241287,-2.0910923,84.45200000000001,44.427,85.39,0.73,0.1,8.799988,84.05,84.03999,84.06999,83.75,0.0,84.1,0.0,0.01937985,0.0,6.0,3.0,2079.0,86.0,0.0,0.0,0.0,13.8,11.25,0.0,1.642122105240673,1.6752998747962373,1971.6912423625095,4142.550351941148,0.7753974267835207,23.458888888888893
138.0,59063.8,52.3241437,-2.0910682,84.258,44.494,85.46,0.72,0.1,8.200012,83.84,84.0,84.03999,83.72,0.0,83.96,0.0,0.01937985,0.0,6.0,3.0,2089.0,86.0,0.0,0.0,0.0,13.8,11.25,0.0,1.6403033088485302,1.6695344575601194,1973.331545671358,4144.219886398708,0.776566797382357,23.404999999999998
138.0,59063.9,52.3241587,-2.0910443,84.215,44.267,85.54,0.72,0.1,7.599976,83.75,83.73999,84.01999,83.2,0.0,83.78,-0.009180069,0.02957988,0.0,6.0,3.0,2073.0,86.0,0.0,0.4799805,0.0,13.8,11.25,0.0,1.6328422025637384,1.6751647154175275,1974.9643878739219,4145.895051114126,0.7726048999803299,23.393055555555556
138.0,59064.0,52.3241736,-2.0910203,83.786,44.456,85.61,0.71,0.1,7.599976,83.48,83.47,83.8,83.17999,0.1000061,83.55,-0.009180069,0.02957988,0.0,6.0,3.0,2067.0,86.0,0.0,0.0,0.0,13.8,11.25,1.5,1.6300131558947375,1.661263420332108,1976.5944010298165,4147.556314534458,0.7759035722665992,23.273888888888887
138.0,59064.1,52.3241886,-2.0909963,83.916,44.451,85.69,0.72,0.1,7.799988000000001,83.37999,83.40999000000001,83.53999,83.25,0.2000122,83.11,-0.01938009,0.02957988,0.0,6.0,3.0,2069.0,86.0,0.0,0.0,0.0,13.8,11.25,3.5,1.6323970347079453,1.6639834497604558,1978.2267980645245,4149.220297984218,0.7758163058039994,23.31
138.0,59064.2,52.3242034,-2.0909724,83.59200000000001,44.513000000000005,85.77,0.72,0.1,7.899963,83.19,83.20999,83.26999,82.95,0.3000183,83.14,-0.01938009,0.02957988,0.0,6.0,3.0,2086.0,86.0,0.0,0.0,0.0,13.8,11.25,5.5,1.6278870423042644,1.655798229706106,1979.8546851068288,4150.876096213924,0.776898409940236,23.220000000000002
138.0,59064.3,52.3242183,-2.0909487,83.344,44.278,85.84,0.71,0.1,8.0,83.00999,83.09999,83.12999,82.51999,0.0,82.93,-0.009180069,0.01937985,0.0,6.0,3.0,2050.0,86.0,0.0,0.0,0.0,13.8,11.25,10.0,1.6162726612156135,1.657528926262562,1981.4709577680444,4152.533625140187,0.7727968861980492,23.15111111111111
138.0,59064.4,52.3242331,-2.0909249,83.20299999999999,44.523,85.92,0.72,0.1,8.0,82.86,82.84,82.95,82.51999,0.0,82.95,-0.009180069,0.02957988,0.0,6.0,3.0,2078.0,86.0,0.0,0.0,0.0,13.8,11.25,13.0,1.620599201617619,1.6478100581520914,1983.091556969662,4154.1814351983385,0.7770729428654354,23.11194444444444
138.0,59064.5,52.3242479,-2.0909013,83.012,44.195,85.99,0.72,0.1,8.0,82.7,82.67,82.92999,82.61,0.0,82.8,0.0,0.01937985,0.0,6.0,3.0,2058.0,86.0,0.0,0.0,0.0,13.8,11.25,13.0,1.607440996668938,1.653256486492403,1984.6989979663308,4155.83469168483,0.7713482629188939,23.058888888888887
138.0,59064.6,52.3242627,-2.0908777000000005,82.984,44.323,86.06,0.71,0.1,8.0,82.64,82.65999000000001,82.92,82.36,0.2000122,82.75999,0.0,0.01937985,0.0,6.0,3.0,2057.0,87.0,0.0,0.0,0.0,13.8,11.25,13.5,1.6105869574908713,1.6491048744480137,1986.3095849238216,4157.483796559279,0.7735822843614467,23.05111111111111
138.0,59064.7,52.32427740000001,-2.0908541,82.8,44.445,86.13,0.72,0.1,8.0,82.59999,82.64,82.78,82.14999,0.2000122,82.61,0.0,0.01937985,0.0,6.0,3.0,2048.0,86.0,0.0,0.0,0.0,13.8,11.25,14.0,1.610515821442302,1.64202277355828,1987.9201007452639,4159.125819332837,0.7757115860488798,23.0
138.0,59064.8,52.3242922,-2.0908305,82.775,44.35,86.2,0.72,0.1,8.0,82.53,82.47,82.53999,82.11,0.2000122,82.62,0.0,0.02957988,0.0,6.0,3.0,2045.0,86.0,0.0,0.0,0.0,13.8,11.25,19.0,1.6073055878852476,1.6441942661867852,1989.5274063331492,4160.7700135990235,0.7740535232594852,22.993055555555557
138.0,59064.9,52.3243069,-2.0908069,82.62700000000001,44.351000000000006,86.27,0.71,0.1,8.0,82.31999,82.31999,82.48999,82.20999,0.3000183,82.46,0.009180069,0.02957988,0.0,6.0,3.0,2044.0,86.0,0.0,0.0,0.0,13.8,11.25,21.0,1.6044604035544907,1.641226477739865,1991.1318667367036,4162.4112400767635,0.7740709765520052,22.951944444444447
138.0,59065.0,52.3243217,-2.0907834000000003,82.714,44.324,86.36,0.72,0.1,8.399963,82.39,82.40999000000001,82.61,82.08,0.0,82.4,0.009180069,0.01937985,0.0,6.0,3.0,2043.0,86.0,0.0,0.0,0.0,13.8,11.25,22.0,1.605375376959171,1.6437112632559387,1992.737242113663,4164.054951340019,0.7735997376539666,22.97611111111111
138.0,59065.1,52.3243364,-2.0907599,82.505,44.316,86.43,0.72,0.1,9.5,82.44,82.39999,82.39999,81.78,0.2000122,82.38,0.009180069,0.0,0.0,6.0,3.0,2054.0,86.0,0.0,0.0,0.0,13.7,11.25,25.0,1.6010900070476415,1.6397815384396457,1994.3383321207104,4165.694732878459,0.7734601113138071,22.918055555555554
138.0,59065.2,52.3243511,-2.0907364,82.465,44.274,86.5,0.72,0.1,9.799988,82.39,82.31999,82.34999,81.89999,-0.1000061,82.37,0.01937985,0.0,0.0,6.0,3.0,2033.0,86.0,0.0,0.0,0.0,13.7,11.25,29.0,1.599111898291076,1.640159191832474,1995.9374440190015,4167.334892070291,0.7727270730279695,22.906944444444445
138.0,59065.3,52.3243658,-2.0907129,82.48,44.383,86.57,0.71,0.1,9.799988,82.28,82.22,82.31999,81.98999,-0.1000061,82.31,0.01937985,0.0,0.0,6.0,3.0,2052.0,86.0,0.0,0.0,0.0,13.7,11.25,29.5,1.6025206941586807,1.637411844420936,1997.5399647131603,4168.972303914712,0.7746294819126434,22.91111111111111
138.0,59065.4,52.324380600000005,-2.0906894,82.429,44.3,86.64,0.71,0.1,9.799988,82.25,82.28999,82.45999,81.94,-0.2999877999999999,82.25999,0.02957988,0.0,0.0,6.0,3.0,2045.0,87.0,0.0,0.0,0.0,13.7,11.25,30.0,1.599157598966455,1.6387176762907012,1999.1391223121268,4170.611021591003,0.773180858633488,22.896944444444443
138.0,59065.5,52.3243953,-2.0906659,82.552,44.365,86.72,0.72,0.1,9.799988,82.37,82.39,82.50999,81.78,-0.2999877999999999,82.36,0.02957988,-0.009180069,0.0,6.0,3.0,2056.0,87.0,0.0,0.2399902,0.0,13.8,11.25,31.0,1.6034046605107328,1.639345010226248,2000.7425269726375,4172.250366601229,0.7743153226472843,22.93111111111111
138.0,59065.6,52.32440999999999,-2.0906423,82.469,44.423,86.79,0.71,0.1,9.599976,82.5,82.48,82.45999,81.84,-0.1999817,82.48,0.0397799,-0.009180069,0.0,6.0,3.0,2044.0,87.0,0.0,0.0,0.0,13.8,11.25,33.0,1.603449559017939,1.6360744497269595,2002.3459765316554,4173.886441050956,0.775327613613441,22.908055555555553
138.0,59065.7,52.32442460000001,-2.0906188,82.26700000000001,44.418,86.86,0.71,0.1,9.799988,82.56,82.5,82.56,82.17,-0.1000061,82.55,0.04997993,0.0,0.0,5.0,3.0,2052.0,87.0,0.0,0.0,0.0,13.8,11.25,34.5,1.5993796304726555,1.632206618828911,2003.945356162128,4175.5186476697845,0.7752403471508413,22.851944444444445
138.0,59065.8,52.3244393,-2.0905952,82.616,44.401,86.93,0.71,0.1,9.799988,82.62,82.61,82.58,82.3,-0.1000061,82.6,0.05915999,0.0,0.0,5.0,3.0,2053.0,87.0,0.0,0.0,0.0,13.6,11.25,35.0,1.6056782428989544,1.639607389781653,2005.551034405027,4177.158255059566,0.7749436411780023,22.948888888888888
138.0,59065.9,52.324454,-2.0905715,82.67399999999999,44.64,87.02,0.72,0.1,9.799988,82.69,82.73,82.8,82.28999,-0.1000061,82.67,0.05915999,-0.009180069,0.0,5.0,3.0,2097.0,87.0,0.0,0.0,0.0,13.7,11.25,36.5,1.613635655643057,1.6340416827111235,2007.16467006067,4178.792296742277,0.7791149780902688,22.964999999999996
138.0,59066.0,52.3244687,-2.0905478,82.825,44.643,87.08,0.72,0.1,9.799988,82.78999,82.75999,82.84,82.23,-0.1999817,82.7,0.05915999,-0.009180069,0.0,5.0,3.0,2166.0,87.0,0.0,0.0,0.0,13.7,11.25,37.5,1.6166685941795784,1.6369415332536954,2008.7813386548496,4180.429238275531,0.7791673379678286,23.006944444444446
138.0,59066.1,52.3244834,-2.090524,82.85799999999999,44.736,87.16,0.72,0.1,9.799988,82.86,82.84,82.75999,82.31999,-0.1999817,82.87,0.0397799,-0.009180069,0.0,5.0,3.0,2305.0,87.0,0.0,0.0,0.0,13.8,11.25,39.5,1.6199686628938945,1.6349664333043326,2010.4013073177434,4182.064204708836,0.7807904941721833,23.01611111111111
138.0,59066.2,52.3244981,-2.0905003,82.861,44.536,87.23,0.71,0.1,9.899963,82.84999,82.90999000000001,82.92999,82.53,-0.2999877999999999,82.9,0.04997993,-0.009180069,0.0,5.0,3.0,2392.0,87.0,0.0,0.0,0.0,13.7,11.25,40.5,1.614310142035707,1.6406706192612444,2012.0156174597792,4183.704875328097,0.7772998356681946,23.016944444444444
138.0,59066.3,52.3245128,-2.0904765,82.89,44.81,87.31,0.73,0.1,9.899963,83.00999,83.06,83.14,82.51999,-0.1999817,82.88,0.04997993,-0.009180069,0.0,5.0,3.0,2451.0,87.0,0.0,0.0,0.0,13.7,11.25,41.0,1.6227053932869486,1.6335034302374298,2013.638322853066,4185.338378758334,0.7820820378186591,23.025
138.0,59066.4,52.3245275,-2.0904526000000003,83.178,44.654,87.39,0.72,0.1,9.899963,83.12,83.12,83.06999,82.51999,-0.1000061,83.05,0.05915999,-0.009180069,0.0,5.0,3.0,2488.0,87.0,0.0,0.0,0.0,13.7,11.25,41.0,1.6238744125097075,1.6436064438898546,2015.2621972655757,4186.981985202224,0.779359324185548,23.105
138.0,59066.5,52.3245422,-2.0904288,83.059,44.725,87.46,0.73,0.1,10.0,83.20999,83.2,83.12,82.7,-0.1000061,83.18999000000001,0.04997993,-0.009180069,0.0,5.0,3.0,2544.0,87.0,0.0,0.0,0.0,13.7,11.25,41.0,1.6235837603776861,1.6392443312432594,2016.8857810259533,4188.621229533467,0.780598507954464,23.071944444444444
138.0,59066.6,52.3245569,-2.0904049,83.156,44.878,87.53,0.73,0.1,10.29999,83.28,83.28999,83.33,82.92,-0.1999817,83.28,0.06936002,-0.009180069,0.0,5.0,3.0,2571.0,87.0,0.0,-0.230011,0.0,13.7,11.25,41.0,1.6298565274671422,1.6368122613437057,2018.5156375534204,4190.258041794811,0.7832688617100152,23.09888888888889
138.0,59066.7,52.3245717,-2.0903810000000003,83.42299999999999,44.764,87.61,0.73,0.1,11.0,83.56,83.51999,83.50999,82.89999,-0.3999939,83.4,0.06936002,-0.02958012,0.0,5.0,3.0,2565.0,87.0,0.0,-1.179993,0.0,13.7,11.25,41.0,1.6318193078735534,1.645317836850898,2020.147456861294,4191.903359631662,0.7812791863627417,23.173055555555553
138.0,59066.8,52.3245865,-2.0903569,83.552,44.864,87.66,0.7,0.1,11.39996,83.73,83.67,83.51999,82.87999,-0.5,83.68,0.06936002,-0.03978014,0.0,5.0,3.0,2569.0,87.0,0.0,0.0,0.0,13.7,11.25,41.0,1.6372162201826665,1.6450070768658365,2021.7846730814765,4193.548366708528,0.783024515614736,23.20888888888889
138.0,59066.9,52.3246012,-2.0903327000000003,83.61,45.099,87.74,0.71,0.1,11.29999,83.89999,83.87,83.78,83.25999,-0.8999939,83.82,0.07956004,-0.03978014,0.0,5.0,3.0,2612.0,87.0,0.0,0.0,0.0,13.7,11.25,41.0,1.6450906601686253,1.6394154353994463,2023.429763741645,4195.1877821439275,0.7871260393569226,23.224999999999998
138.0,59067.0,52.324616,-2.0903085000000003,83.851,45.039,87.81,0.71,0.1,11.20001,84.11,84.14999,84.17,83.59,-0.6000061,84.03,0.08976007,-0.02958012,0.0,5.0,3.0,2597.0,87.0,0.0,0.0,0.0,13.7,11.25,41.0,1.6481098747159093,1.645867734933392,2025.0778736163609,4196.833649878861,0.7860788418057261,23.291944444444443
138.0,59067.1,52.3246308,-2.0902842,84.02799999999999,45.137,87.88,0.7,0.1,11.0,84.25,84.20999,84.28,83.53,-0.5,84.17,0.08976007,-0.03978014,0.0,5.0,3.0,2617.0,87.0,0.0,0.0,0.0,13.8,11.25,40.5,1.654407503330467,1.6465146497787975,2026.7322811196914,4198.48016452864,0.7877892644726805,23.341111111111108
138.0,59067.2,52.3246455,-2.0902599,84.164,45.27,87.96,0.72,0.1,10.79999,84.45999,84.42999,84.45999,83.84999,-0.6000061,84.43,0.07956004,-0.03978014,0.0,5.0,3.0,2600.0,87.0,0.0,0.0,0.0,13.8,11.25,37.5,1.660908927902214,1.6453285355833474,2028.3931900475936,4200.1254930642235,0.790110552377833,23.378888888888888
138.0,59067.3,52.3246604,-2.0902353,84.57799999999999,45.32899999999999,88.04,0.72,0.1,10.59998,84.61,84.64,84.61,84.2,-0.3999939,84.59,0.07956004,-0.02958012,0.0,5.0,3.0,2606.0,87.0,0.0,0.0,0.0,13.7,11.25,35.5,1.6707806017572429,1.6517022528368341,2030.063970649351,4201.77719531706,0.7911402966365095,23.493888888888886
138.0,59067.4,52.3246751,-2.0902108,84.42,45.422,88.1,0.71,0.1,10.59998,84.87999,84.87,84.87,84.26999,-0.1999817,84.81,0.08976007,-0.01938009,0.0,5.0,3.0,2604.0,87.0,0.0,0.0,0.0,13.8,11.25,32.5,1.6703331841420674,1.6459076687207645,2031.734303833493,4203.423102985781,0.7927634528408644,23.45
138.0,59067.5,52.32469,-2.0901862,84.809,45.464,88.18,0.72,0.1,10.59998,84.87,84.84,84.8,84.2,-0.2999877999999999,84.89,0.07956004,-0.01938009,0.0,5.0,3.0,2604.0,87.0,0.0,0.0,0.0,13.7,11.25,31.5,1.6792415557249716,1.6522613634388468,2033.413545389218,4205.07536434922,0.793496491126702,23.558055555555555
138.0,59067.6,52.3247049,-2.0901615,85.079,45.427,88.26,0.72,0.1,10.59998,84.98,84.95,84.98999,84.48,-0.2999877999999999,85.02,0.06936002,-0.01938009,0.0,5.0,3.0,2621.0,87.0,0.0,0.0,0.0,13.8,11.25,31.5,1.6835168981919395,1.6586090565356093,2035.09706228741,4206.733973405755,0.7928507193034641,23.633055555555554
138.0,59067.7,52.3247198,-2.0901368,85.007,45.469,88.33,0.72,0.1,11.70001,85.11,85.17,85.20999,84.75,-0.2999877999999999,85.06,0.05915999,-0.02958012,0.0,5.0,3.0,2660.0,87.0,0.0,0.0,0.0,13.8,11.25,31.5,1.6833065274752135,1.655971938547532,2036.7803688148852,4208.389945344303,0.7935837575893018,23.613055555555558
138.0,59067.8,52.324734600000006,-2.0901119,85.18299999999999,45.68600000000001,88.41,0.73,0.1,13.09998,85.34999,85.28,85.34999,84.59999,-0.5,85.25999,0.05915999,-0.04997993,0.0,5.0,3.0,2643.0,87.0,0.0,0.0,0.0,13.8,11.25,33.0,1.6930643168425785,1.6530001112988846,2038.4734331317277,4210.0429454556015,0.7973711220661295,23.66194444444444
138.0,59067.9,52.3247495,-2.0900871,85.291,45.586000000000006,88.49,0.73,0.1,13.0,85.48999,85.37,85.39,84.72,-1.100006,85.41,0.06936002,-0.04997993,0.0,5.0,3.0,2645.0,87.0,0.0,0.0,0.0,13.7,11.25,34.5,1.692319615270633,1.6580520605085587,2040.1657527469984,4211.70099751611,0.7956257928141351,23.69194444444444
138.0,59068.0,52.32476440000001,-2.0900621,85.40299999999999,45.706,88.57,0.73,0.1,12.09998,85.61,85.62999,85.56999,84.98,-1.100006,85.57,0.06936002,-0.06936002,0.0,5.0,3.0,2645.0,87.0,0.0,0.0,0.0,13.7,11.25,35.5,1.6980153443198382,1.6566766550459189,2041.8637680913182,4213.357674171156,0.7977201879165283,23.723055555555554
138.0,59068.1,52.3247792,-2.0900371,85.586,45.877,88.65,0.75,0.1,11.70001,85.81,85.81,85.84999,85.2,-0.7999878,85.66,0.07956004,-0.05915999,0.0,5.0,3.0,2631.0,87.0,0.0,0.0,0.0,13.8,11.25,35.5,1.7066012026389945,1.655140557222704,2043.5703692939571,4215.0128147283785,0.8007047009374386,23.773888888888887
138.0,59068.2,52.3247941,-2.0900119,85.68,46.09,88.73,0.75,0.1,11.59998,85.84999,85.89999,85.81999,85.12999,-0.3999939,85.92,0.07956004,-0.04997993,0.0,5.0,3.0,2645.0,87.0,0.0,0.0,0.0,13.7,11.25,36.0,1.7146235886314132,1.6505956347054647,2045.2849928825885,4216.663410363084,0.8044222522441865,23.8
138.0,59068.3,52.3248089,-2.0899867,85.882,46.114,88.81,0.76,0.1,11.5,85.94,85.97,86.05,85.37999,-0.3999939,85.99,0.07956004,-0.03978014,0.0,5.0,3.0,2644.0,87.0,0.0,0.0,0.0,13.7,11.25,36.0,1.719358880989141,1.6537670367438577,2047.0043517635777,4218.317177399828,0.804841131264665,23.85611111111111
138.0,59068.4,52.3248238,-2.0899613,86.184,46.253,88.9,0.77,0.1,11.29999,86.28999,86.31999,86.28999,85.75999,-0.7999878,86.13,0.07956004,-0.03978014,0.0,5.0,3.0,2654.0,87.0,0.0,0.0,0.0,13.7,11.25,36.0,1.729426003648677,1.6553917052781697,2048.7337777672265,4219.972569105106,0.8072671389249373,23.939999999999998
138.0,59068.5,52.3248387,-2.0899359,86.321,46.206,88.98,0.77,0.1,11.20001,86.44,86.37999,86.45999,85.72,-0.6000061,86.32,0.07956004,-0.03978014,0.0,5.0,3.0,2657.0,87.0,0.0,0.0,0.0,13.7,11.25,36.0,1.7308144707208344,1.6594435061780333,2050.4645922379473,4221.632012611284,0.8064468341765,23.978055555555553
138.0,59068.6,52.3248536,-2.0899105,86.321,46.3,89.06,0.76,0.1,10.59998,86.64999,86.59999,86.53999,85.94,-0.6000061,86.64,0.08976007,-0.04997993,0.0,5.0,3.0,2666.0,87.0,0.0,0.0,0.0,13.7,11.25,36.0,1.7335346389461064,1.6566016835157082,2052.198126876893,4223.2886142948,0.8080874436733745,23.978055555555553
138.0,59068.7,52.3248685,-2.0898849,86.56200000000001,46.341,89.13,0.76,0.1,10.29999,86.78999,86.84999,86.87999,86.31,-0.2999877999999999,86.78,0.08976007,-0.03978014,0.0,5.0,3.0,2667.0,87.0,0.0,0.0,0.0,13.8,11.25,36.0,1.7395628060985815,1.6599823775083973,2053.9376896829917,4224.948596672309,0.8088030286666923,24.045
138.0,59068.8,52.3248834,-2.0898593,86.854,46.399,89.2,0.76,0.1,9.700012,87.09,87.03999,87.03,86.37999,-0.2999877999999999,87.02,0.07956004,-0.03978014,0.0,5.0,3.0,2665.0,87.0,0.0,0.0,0.0,13.7,11.25,36.0,1.747116040487055,1.6638142668367846,2055.684805723479,4226.612410939146,0.809815319632849,24.12611111111111
138.0,59068.9,52.3248984,-2.0898336,86.947,46.536,89.28,0.76,0.1,9.299988,87.23,87.22,87.05,86.44,0.0,87.24,0.08976007,-0.02958012,0.0,5.0,3.0,2681.0,87.0,0.0,0.0,0.0,13.7,11.25,36.0,1.7529643910602457,1.661409055034338,2057.437770114539,4228.2738199941805,0.8122064207080812,24.151944444444446
138.0,59069.0,52.324913300000006,-2.0898078,87.113,46.609,89.37,0.78,0.1,9.099976,87.37,87.45999,87.50999,86.97,0.0,87.29,0.08976007,-0.01938009,0.0,5.0,3.0,2673.0,87.0,0.0,0.0,0.0,13.8,11.25,36.0,1.7584305671022378,1.6623419826792656,2059.196200681641,4229.93616197686,0.8134805110620371,24.198055555555555
138.0,59069.1,52.3249283,-2.0897819,87.512,46.555,89.45,0.79,0.1,9.099976,87.59999,87.62999,87.61,87.08,0.0,87.46,0.08976007,-0.01938009,0.0,5.0,3.0,2677.0,87.0,0.0,0.0,0.0,13.8,11.25,36.0,1.7649099517575484,1.6716200681705828,2060.9611106333987,4231.60778204503,0.8125380332659601,24.308888888888887
138.0,59069.2,52.3249434,-2.0897559,87.649,46.637,89.53,0.79,0.1,9.099976,87.67999,87.67999,87.64999,87.03,0.1000061,87.72,0.08976007,-0.009180069,0.0,5.0,3.0,2698.0,87.0,0.0,0.0,0.0,13.8,11.25,36.0,1.7700672241562228,1.6717054345118716,2062.731177857555,4233.279487479542,0.8139692032525955,24.346944444444443
138.0,59069.3,52.3249584,-2.08973,87.736,46.551,89.62,0.8,0.1,8.899963,87.87,87.90999000000001,87.83,87.34,0.0,87.89,0.08976007,-0.01938009,0.0,5.0,3.0,2692.0,87.0,0.0,0.0,0.0,13.8,11.25,36.0,1.7693104975624838,1.6760223540026045,2064.5004883551173,4234.955509833544,0.8124682200958804,24.371111111111112
138.0,59069.4,52.324973500000006,-2.089704,87.934,46.473,89.7,0.8,0.1,8.5,88.17,88.2,88.03,87.56999,0.1000061,88.08,0.07956004,-0.02958012,0.0,5.0,3.0,2702.0,87.0,0.0,0.0,0.0,13.8,11.25,36.0,1.771014968797024,1.6822172928668675,2066.271503323914,4236.637727126411,0.8111068632793248,24.42611111111111
138.0,59069.5,52.3249886,-2.0896779,88.06700000000001,46.725,89.78,0.8,0.1,8.200012,88.25,88.28,88.22,87.53,0.2000122,88.32,0.08976007,-0.01938009,0.0,5.0,3.0,2706.0,87.0,0.0,0.0,0.0,13.8,11.25,35.5,1.781086414730619,1.6769442609711291,2068.0525897386447,4238.314671387382,0.8155050929943505,24.463055555555556
138.0,59069.6,52.3250037,-2.0896517,88.34,46.648,89.87,0.81,0.1,8.0,88.48,88.48,88.48999,88.08,0.3000183,88.39,0.07956004,0.0,0.0,5.0,3.0,2709.0,87.0,0.0,0.0,0.0,13.8,11.25,35.0,1.784345376771401,1.6845421500831828,2069.836935115416,4239.999213537465,0.8141611894703149,24.538888888888888
138.0,59069.7,52.3250189,-2.0896255,88.484,46.584,89.96,0.82,0.1,7.700011999999999,88.69,88.7,88.59999,88.17,0.3000183,88.57,0.07956004,0.0,0.0,5.0,3.0,2708.0,87.0,0.0,0.0,0.0,13.8,11.25,34.5,1.7853681434317654,1.689283393200344,2071.6223032588478,4241.688496930666,0.8130441787490386,24.578888888888887
138.0,59069.8,52.3250341,-2.0895993,88.57799999999999,46.572,90.03,0.81,0.1,6.599976,88.8,88.83,88.7,88.08,0.3999939,88.84,0.07956004,0.0,0.0,5.0,3.0,2715.0,87.0,0.0,0.0,0.0,13.8,11.25,33.0,1.7869105918162305,1.6914522715273312,2073.409213850664,4243.379949202193,0.8128347392387992,24.604999999999997
138.0,59069.9,52.3250495,-2.0895731000000004,88.86200000000001,46.393,90.11,0.8,0.1,5.0,88.94,89.05,88.95,88.56,1.100006,88.9,0.07956004,0.009180069,0.0,5.0,3.0,2733.0,87.0,0.0,0.0,0.0,13.8,11.25,32.0,1.7873297941031592,1.7024675955510238,2075.196543644767,4245.0824167977435,0.8097105998777293,24.68388888888889
138.0,59070.0,52.3250647,-2.0895468,88.985,46.543,90.21,0.82,0.1,4.299988,89.05,89.09999,88.94,88.70999,1.700012,89.07999000000001,0.06936002,0.0397799,0.0,5.0,3.0,2740.0,87.0,0.0,0.0,0.0,13.8,11.25,32.0,1.7942608404762002,1.70013256565744,2076.990804485243,4246.782549363401,0.8123285937557208,24.718055555555555
138.0,59070.1,52.3250801,-2.0895205000000003,89.18299999999999,46.312,90.29,0.82,0.1,4.299988,89.17999,89.22,88.97,88.64,1.800018,89.18999000000001,0.06936002,0.04997993,0.0,5.0,3.0,2738.0,87.0,0.0,0.0,0.0,13.7,11.25,32.0,1.7913689491041649,1.7111516892934588,2078.7821734343474,4248.493701052695,0.8082968831836138,24.77305555555555
138.0,59070.2,52.3250955,-2.0894943,89.15,46.284,90.39,0.83,0.1,4.700012,89.28999,89.39,89.28,88.95999,1.800018,89.25999,0.06936002,0.04997993,0.0,5.0,3.0,2741.0,87.0,0.0,-0.230011,0.0,13.8,11.25,32.0,1.789869965757907,1.7113934190273536,2080.5720434001055,4250.205094471722,0.8078081909930555,24.76388888888889
138.0,59070.3,52.325111,-2.0894681,89.39200000000001,45.92100000000001,90.47,0.83,0.1,5.0,89.45999,89.50999,89.3,89.09999,1.399994,89.42,0.06936002,0.0397799,0.0,5.0,3.0,2746.0,87.0,0.0,0.0,0.0,13.8,11.25,31.5,1.7838206250031288,1.727375109215397,2082.3558640251085,4251.932469580937,0.8014726458083162,24.831111111111113
138.0,59070.4,52.3251266,-2.0894419,89.546,45.85,90.55,0.82,0.1,5.200012,89.53,89.61,89.40999000000001,88.98999,1.200012,89.6,0.06936002,0.02957988,0.0,5.0,3.0,2764.0,87.0,0.0,0.0,0.0,13.8,11.25,30.5,1.784748106417392,1.7325639039318101,2084.140612131526,4253.665033484869,0.8002334620394002,24.87388888888889
138.0,59070.5,52.3251423,-2.0894158,89.59700000000001,45.71,90.63,0.82,0.1,5.099976,89.81,89.83,89.75999,89.39999,1.300018,89.68,0.07956004,0.02957988,0.0,5.0,3.0,2753.0,87.0,0.0,0.0,0.0,13.8,11.25,30.5,1.781523401175273,1.7379089344465335,2085.9221355327013,4255.402942419316,0.797790001086608,24.888055555555557
138.0,59070.6,52.325158,-2.0893896,89.795,45.56399999999999,90.72,0.83,0.1,5.200012,89.89,89.89999,89.72,89.40999000000001,1.5,89.92,0.06936002,0.02957988,0.0,5.0,3.0,2761.0,87.0,0.0,0.0,0.0,13.8,11.25,30.5,1.7810162971355483,1.7462935474349353,2087.7031518298368,4257.149235966751,0.7952418203786962,24.943055555555556
138.0,59070.7,52.3251737,-2.0893636,89.816,45.388000000000005,90.82,0.84,0.1,5.399963,89.97,90.06999,89.92,89.47,1.200012,89.98,0.06936002,0.01937985,0.0,5.0,3.0,2780.0,87.0,0.0,0.0,0.0,13.7,11.25,30.5,1.7760589369376998,1.7521658655575285,2089.4792107667745,4258.901401832309,0.7921700408951864,24.948888888888888
138.0,59070.8,52.32518960000001,-2.0893375,90.061,45.3,90.91,0.85,0.1,5.599976,90.20999,90.17,90.08,89.73,1.100006,90.1,0.06936002,0.009180069,0.0,5.0,3.0,2783.0,87.0,0.0,0.0,0.0,13.7,11.25,30.5,1.7782030949020993,1.7596786202726886,2091.2574138616765,4260.661080452582,0.7906341511534313,25.016944444444444
138.0,59070.9,52.3252054,-2.0893114,90.194,45.287,91.0,0.86,0.1,5.700012,90.2,90.20999,90.12,89.73,1.5,90.18999,0.06936002,0.02957988,0.0,5.0,3.0,2781.0,87.0,0.0,0.0,0.0,13.8,11.25,30.5,1.7804292102043542,1.7626812848666096,2093.0378430718806,4262.423761737448,0.790407258350672,25.05388888888889
138.0,59071.0,52.3252213,-2.0892853,90.331,45.154,91.1,0.87,0.1,6.0,90.31,90.42,90.3,89.89999,1.100006,90.29,0.07956004,0.01937985,0.0,5.0,3.0,2795.0,87.0,0.0,0.0,0.0,13.8,11.25,30.5,1.7790308834440127,1.7694931126690716,2094.816873955325,4264.193254850117,0.7880859704455196,25.091944444444444
138.0,59071.1,52.3252373,-2.0892593,90.338,44.986,91.19,0.87,0.1,6.0,90.58,90.51999,90.39,90.06,1.200012,90.43999,0.06936002,0.02957988,0.0,5.0,3.0,2787.0,87.0,0.0,0.0,0.0,13.7,11.25,29.0,1.7739722778482614,1.7748394161458276,2096.590846233173,4265.9680942662635,0.785153817302169,25.093888888888888
138.0,59071.2,52.3252533,-2.0892332,90.587,44.875,91.27,0.86,0.1,5.899963,90.7,90.62999,90.40999,90.00999,1.100006,90.6,0.06936002,0.01937985,0.0,5.0,3.0,2784.0,87.0,0.0,0.0,0.0,13.8,11.25,26.0,1.7754106672686072,1.7831743076515523,2098.366256900442,4267.751268573915,0.7832165018324554,25.163055555555555
138.0,59071.3,52.3252694,-2.0892071,90.814,44.758,91.37,0.88,0.1,5.5,90.64999,90.76999,90.59999,90.14,1.300018,90.68999,0.06936002,0.009180069,0.0,5.0,3.0,2775.0,87.0,0.0,0.0,0.0,13.8,11.25,23.5,1.7762054925791422,1.7912735318853235,2100.142462393021,4269.5425421058,0.781174466607622,25.22611111111111
138.0,59071.4,52.3252854,-2.0891812,90.5,44.81399999999999,91.47,0.89,0.1,4.5,90.73999,90.78,90.72,90.39999,1.399994,90.7,0.05915999,0.02957988,0.0,5.0,3.0,2790.0,87.0,0.0,0.0,0.0,13.8,11.25,23.0,1.7718079184384437,1.7833491093551601,2101.9142703114594,4271.325891215155,0.7821518509887387,25.13888888888889
138.0,59071.5,52.3253016,-2.0891551,90.958,44.528,91.55,0.87,0.1,2.099976,90.65999,90.81999,90.67999,90.25999,1.600006,90.75,0.04997993,0.04997993,0.0,5.0,3.0,2782.0,87.0,0.0,0.0,0.0,13.8,11.25,23.0,1.7718055989373593,1.8012408573992396,2103.6860759103965,4273.127132072555,0.7771602093280351,25.26611111111111
138.0,59071.6,52.3253179,-2.0891293,90.929,44.33,91.64,0.88,0.1,1.5,90.73,90.98,90.76999,90.37999,2.5,90.82999,0.0397799,0.06936002,0.0,5.0,3.0,2789.0,87.0,0.0,0.0,0.0,13.8,11.25,23.0,1.765007476033806,1.8067767748175427,2105.45108338643,4274.933908847373,0.7737044574090862,25.258055555555554
138.0,59071.7,52.3253341,-2.0891034,90.976,44.29600000000001,91.73,0.88,0.1,2.299988,90.78999,90.92999,90.75999,90.59,2.800018,90.84,0.0397799,0.07956004,0.0,5.0,3.0,2810.0,87.0,0.0,0.0,0.0,13.8,11.25,23.0,1.7648467571344835,1.808758273438751,2107.2159301435645,4276.742667120811,0.7731110454634084,25.27111111111111
138.0,59071.8,52.3253505,-2.0890776,91.044,43.937,91.83,0.89,0.1,3.399963,90.84,90.95999,90.8,90.42,2.399994,90.91,0.0397799,0.07956004,0.0,5.0,3.0,2810.0,87.0,0.0,0.0,0.0,13.8,11.25,23.0,1.7547896310301299,1.821140947546109,2108.9707197745947,4278.5638080683575,0.7668453134487485,25.29
138.0,59071.9,52.325367,-2.0890521,90.994,43.656000000000006,91.92,0.89,0.1,3.5,91.0,91.08,90.92999,90.64,1.700012,90.98,0.04997993,0.05915999,0.0,5.0,3.0,2813.0,87.0,0.0,0.0,0.0,13.7,11.25,21.5,1.7448782169838386,1.8287203003487567,2110.7155979915788,4280.392528368706,0.7619409382506446,25.27611111111111
138.0,59072.0,52.32538350000001,-2.0890266,90.972,43.443000000000005,92.01,0.89,0.1,3.399963,90.98,91.01999,90.86,90.59,1.700012,91.04,0.04997993,0.05915999,0.0,6.0,3.0,2803.0,87.0,0.0,0.0,0.0,13.8,11.25,18.0,1.7376475939167897,1.834750620480939,2112.4532455854956,4282.227278989187,0.7582233869438967,25.269999999999996
138.0,59072.1,52.32540000000001,-2.0890011,90.997,43.32,92.1,0.89,0.1,3.399963,90.86,91.03,90.98999,90.59999,2.100006,90.92,0.0397799,0.05915999,0.0,6.0,3.0,2791.0,87.0,0.0,0.0,0.0,13.8,11.25,16.5,1.734181272021392,1.8389819249371577,2114.187426857517,4284.066260914124,0.7560766319639436,25.276944444444442
138.0,59072.2,52.3254166,-2.0889758,91.206,43.102,92.2,0.89,0.1,3.5,90.78,90.89,90.84999,90.7,2.200012,90.91,0.02957988,0.04997993,0.0,6.0,3.0,2812.0,87.0,0.0,0.0,0.0,13.8,11.25,16.5,1.731138677074964,1.8498057008062074,2115.918565534592,4285.91606661493,0.7522718141945959,25.335
138.0,59072.3,52.3254333,-2.0889505,91.098,42.949,92.3,0.91,0.1,3.700012,90.62,90.81,90.75,90.36,2.100006,90.84,0.01937985,0.06936002,0.0,6.0,3.0,2849.0,87.0,0.0,0.0,0.0,13.8,11.25,16.5,1.7241488338597404,1.8522259712843079,2117.6427143684514,4287.768292586215,0.7496014604390445,25.305
138.0,59072.4,52.32545,-2.0889254,90.958,42.702,92.39,0.91,0.1,3.799988,90.65999,90.87,90.73,90.37999,1.899994,90.65,0.009180069,0.06936002,0.0,6.0,3.0,2852.0,87.0,0.0,0.0,0.0,13.8,11.25,16.5,1.7135105720136192,1.8567835701523432,2119.356224940465,4289.625076156367,0.7452904971866186,25.26611111111111
138.0,59072.5,52.3254668,-2.0889003,91.044,42.515,92.49,0.91,0.1,3.899963,90.58,90.64,90.51999,90.28999,1.899994,90.68999,0.009180069,0.05915999,0.0,6.0,3.0,2888.0,87.0,0.0,0.0,0.0,13.7,11.25,16.5,1.7090557209351838,1.8641270189390848,2121.0652806614003,4291.489203175306,0.7420267314853892,25.29
138.0,59072.6,52.3254835,-2.0888755,90.731,42.213,92.58,0.91,0.1,4.0,90.50999,90.67999,90.53999,90.11,1.899994,90.6,0.009180069,0.05915999,0.0,6.0,3.0,2896.0,87.0,0.0,0.0,0.0,13.8,11.25,16.5,1.693364710572813,1.866669775389009,2122.758645371973,4293.355872950695,0.7367558371443663,25.203055555555554
138.0,59072.7,52.3255003,-2.0888507,90.662,42.13,92.67,0.91,0.1,4.099976,90.40999,90.53999,90.48,90.31999,1.899994,90.47,0.009180069,0.04997993,0.0,6.0,3.0,2886.0,87.0,0.0,0.0,0.0,13.8,11.25,16.5,1.6893731046595701,1.8676994161084648,2124.4480184766326,4295.223572366804,0.735307213865211,25.18388888888889
138.0,59072.8,52.3255172,-2.0888259,90.68,41.994,92.76,0.9,0.1,4.099976,90.26999,90.39,90.47,90.03999,1.800018,90.43,0.009180069,0.04997993,0.0,6.0,3.0,2897.0,87.0,0.0,0.0,0.0,13.8,11.25,16.5,1.6852696155011593,1.8720757350162085,2126.1332880921336,4297.09564810182,0.7329335660824987,25.18888888888889
138.0,59072.9,52.325534,-2.0888014,90.547,41.74,92.85,0.89,0.1,4.099976,90.25,90.47,90.45,89.98,1.700012,90.32,0.009180069,0.04997993,0.0,6.0,3.0,2893.0,87.0,0.0,0.0,0.0,13.8,11.25,16.5,1.674494334042728,1.876771647969725,2127.8077824261763,4298.97241974979,0.7285004297824332,25.151944444444442
138.0,59073.0,52.3255508,-2.088777,89.98200000000001,41.565,92.93,0.88,0.1,4.099976,90.19,90.23999,90.25,90.05,1.700012,90.25,0.009180069,0.04997993,0.0,6.0,3.0,2818.0,87.0,0.0,0.0,0.0,13.8,11.25,21.0,1.65834147772713,1.870134699226182,2129.4661239039033,4300.8425544490165,0.725446103591443,24.995000000000005
138.0,59073.1,52.3255677,-2.0887527,90.09,41.416,93.0,0.86,0.1,4.299988,90.14,90.19,90.12999,89.72,2.0,90.13,0.009180069,0.06936002,0.0,6.0,3.0,2688.0,87.0,0.0,0.0,0.0,13.8,11.25,21.5,1.6554570784312315,1.876690734104032,2131.1215809823343,4302.719245183121,0.7228455630059715,25.025
138.0,59073.2,52.3255845,-2.0887286,89.521,41.126000000000005,93.05,0.81,0.1,4.700012,90.14,90.28,90.09,89.78,1.899994,90.14,0.01937985,0.04997993,0.0,6.0,3.0,2466.0,87.0,0.0,-0.230011,0.0,13.8,11.25,21.5,1.635541543926544,1.8731399088485732,2132.757122526261,4304.592385091969,0.717784108175188,24.866944444444442
138.0,59073.3,52.3256015,-2.0887045,90.076,41.032,93.13,0.8,0.1,5.5,90.14999,90.22,90.09,89.94,1.700012,90.22,0.02957988,0.04997993,0.0,6.0,3.0,2231.0,87.0,0.0,0.0,0.0,13.8,11.25,21.5,1.6425869931256711,1.8874501271186066,2134.3997095193868,4306.479835219087,0.7161434986783133,25.021111111111107
138.0,59073.4,52.3256186,-2.0886804,90.738,40.883,93.25,0.84,0.1,6.299988,90.00999,90.20999,90.00999,89.50999,1.5,90.14,0.02957988,0.0397799,0.0,6.0,3.0,2249.0,87.0,0.0,0.0,0.0,13.8,11.25,21.5,1.6497088852872404,1.9056182313895746,2136.049418404674,4308.385453450477,0.7135429580928419,25.205
138.0,59073.5,52.3256358,-2.0886564,90.425,40.678,93.34,0.85,0.1,6.5,90.22,90.17,90.14,89.75,1.0,90.23,0.0397799,0.01937985,0.0,6.0,3.0,2249.0,87.0,0.0,0.0,0.0,13.7,11.25,21.5,1.6372130794354325,1.9049148226220778,2137.686631484109,4310.290368273099,0.7099650331262534,25.118055555555554
138.0,59073.6,52.32565279999999,-2.0886325,90.083,40.553,93.42,0.84,0.1,6.5,90.17,90.19,90.11,89.86,1.0,90.29,0.0397799,0.009180069,0.0,6.0,3.0,2261.0,87.0,0.0,0.0,0.0,13.8,11.25,21.5,1.6268768709393404,1.9012639848708066,2139.3135083550483,4312.19163225797,0.7077833715612604,25.023055555555555
138.0,59073.7,52.32567,-2.0886087,89.99600000000001,40.384,93.5,0.83,0.1,6.5,90.11,90.28999,90.25999,89.65999000000001,1.100006,90.17,0.0397799,0.0,0.0,6.0,3.0,2263.0,87.0,0.0,0.0,0.0,13.8,11.25,21.5,1.6196960457632543,1.904213532177787,2140.9332044008115,4314.095845790148,0.7048337651253901,24.998888888888892
138.0,59073.8,52.3256871,-2.0885849,90.266,40.368,93.61,0.85,0.1,6.5,90.17999,90.20999,90.23999,89.89999,1.0,90.15,0.02957988,0.0,0.0,6.0,3.0,2255.0,87.0,0.0,0.0,0.0,13.8,11.25,21.5,1.6240219344595985,1.9103800136406264,2142.557226335271,4316.006225803789,0.704554512445071,25.073888888888888
138.0,59073.9,52.3257043,-2.0885610000000003,90.356,40.461,93.7,0.86,0.1,6.599976,90.14999,90.2,90.12,89.89999,1.300018,90.15,0.02957988,0.009180069,0.0,6.0,3.0,2267.0,87.0,0.0,0.0,0.0,13.8,11.25,21.5,1.6287429646818954,1.9096435765783966,2144.185969299953,4317.915869380367,0.7061776686494257,25.098888888888887
138.0,59074.0,52.3257216,-2.0885372,90.439,40.178,93.8,0.88,0.1,6.8999630000000005,90.05,90.17,90.25999,89.64999,1.0,90.14,0.0397799,0.009180069,0.0,6.0,3.0,2262.0,87.0,0.0,0.0,0.0,13.8,11.25,21.5,1.6207783298095617,1.9194266155071564,2145.8067476297624,4319.835295995875,0.7012383868662817,25.12194444444444
138.0,59074.1,52.325738900000005,-2.0885136,90.378,39.962,93.9,0.88,0.1,7.0,90.17999,90.14999,90.12999,89.84999,0.7000122,90.27,0.02957988,0.009180069,0.0,6.0,3.0,2261.0,87.0,0.0,0.0,0.0,13.8,11.25,21.5,1.612442454885158,1.9242244099075152,2147.4191900846477,4321.7595204057825,0.697468475681974,25.105
138.0,59074.2,52.3257562,-2.0884899,90.306,39.942,93.98,0.87,0.1,7.099976,90.23999,90.23,90.2,89.83,0.8000183000000001,90.28,0.02957988,0.0,0.0,6.0,3.0,2257.0,87.0,0.0,0.0,0.0,13.8,11.25,21.5,1.6104866519919712,1.9232537517851593,2149.0296767366394,4323.682774157568,0.6971194098315752,25.084999999999997
138.0,59074.3,52.3257734,-2.0884664,90.23,39.897,94.07,0.88,0.1,7.700011999999999,90.22,90.33,90.25,89.7,1.0,90.18,0.0397799,0.0,0.0,6.0,3.0,2264.0,87.0,0.0,0.0,0.0,13.8,11.25,21.5,1.6076215488262893,1.922898389955913,2150.637298285466,4325.605672547524,0.6963340116681777,25.06388888888889
138.0,59074.4,52.32579080000001,-2.0884428,90.396,39.823,94.17,0.89,0.1,7.700011999999999,90.17999,90.2,90.34999,89.95999,0.7000122,90.25999,0.0397799,-0.009180069,0.0,6.0,3.0,2266.0,87.0,0.0,0.0,0.0,13.8,11.25,21.5,1.6080897403107617,1.9285145545489843,2152.2453880257767,4327.534187102073,0.6950424680217019,25.11
138.0,59074.5,52.3258081,-2.0884192,90.392,39.756,94.27,0.9,0.1,7.700011999999999,90.19,90.25,90.31,89.72,0.7000122,90.21,0.0397799,0.0,0.0,6.0,3.0,2272.0,87.0,0.0,0.0,0.0,13.7,11.25,26.5,1.6057624354086941,1.930308269001617,2153.8511504611856,4329.464495371074,0.6938730974228656,25.108888888888888
138.0,59074.6,52.3258255,-2.0883957,90.482,39.727,94.37,0.91,0.1,7.700011999999999,90.31999,90.36,90.31,89.72,0.7000122,90.22,0.0397799,0.0,0.0,6.0,3.0,2255.0,87.0,0.0,0.0,0.0,13.8,11.25,29.0,1.6063830387483315,1.933043517257643,2155.457533499934,4331.397538888332,0.6933669519397873,25.133888888888887
138.0,59074.7,52.3258429,-2.0883722,90.248,39.617,94.46,0.91,0.1,7.700011999999999,90.33,90.33,90.19,89.92999,0.5,90.3,0.0397799,0.0,0.0,6.0,3.0,2245.0,87.0,0.0,0.0,0.0,13.7,11.25,30.5,1.5985241616790578,1.931116880399225,2157.056057661613,4333.328655768731,0.6914470897625935,25.06888888888889
138.0,59074.8,52.3258602,-2.0883487,90.432,39.671,94.56,0.91,0.1,7.700011999999999,90.25,90.34999,90.26999,89.75,0.6000061,90.32,0.04997993,0.0,0.0,6.0,3.0,2251.0,87.0,0.0,0.0,0.0,13.8,11.25,32.0,1.6036063086960977,1.9335435880036629,2158.6596639703093,4335.2621993567345,0.6923895675586704,25.12
138.0,59074.9,52.3258777,-2.0883253,90.464,39.411,94.65,0.91,0.1,7.700011999999999,90.45999,90.42999,90.44,89.86,0.7000122,90.35,0.04997993,0.0,0.0,6.0,3.0,2241.0,87.0,0.0,0.0,0.0,13.8,11.25,33.5,1.595380022278428,1.9414873557188355,2160.2550439925876,4337.203686712453,0.6878517115034852,25.128888888888888
138.0,59075.0,52.3258952,-2.0883019,90.49,39.318000000000005,94.74,0.9,0.1,7.700011999999999,90.56,90.50999,90.39,90.17,0.7000122,90.52,0.04997993,0.0,0.0,6.0,3.0,2247.0,87.0,0.0,0.0,0.0,13.7,11.25,35.5,1.5926842020902179,1.944633088866247,2161.847728194678,4339.148319801319,0.6862285552991306,25.13611111111111
138.0,59075.1,52.3259126,-2.0882783,90.619,39.641,94.84,0.91,0.1,7.799988000000001,90.65999,90.72,90.59,89.98999,0.7000122,90.61,0.05915999,0.0,0.0,6.0,3.0,2246.0,87.0,0.0,0.0,0.0,13.7,11.25,37.0,1.6059076145715137,1.9383829870805216,2163.4536358092496,4341.0867027884,0.6918659687830722,25.171944444444442
138.0,59075.2,52.3259301,-2.0882549,90.59,39.364,94.93,0.91,0.1,7.799988000000001,90.72,90.70999,90.67999,90.26999,0.8000183000000001,90.64,0.05915999,0.0,0.0,5.0,3.0,2256.0,87.0,0.0,0.0,0.0,13.7,11.25,38.0,1.5960067314225488,1.9455013629852254,2165.0496425406723,4343.032204151385,0.6870314067550478,25.163888888888888
138.0,59075.3,52.3259477,-2.0882316,90.803,39.134,95.03,0.91,0.1,7.799988000000001,90.73999,90.75,90.59,90.19,0.7000122,90.7,0.04997993,0.0,0.0,5.0,3.0,2302.0,87.0,0.0,0.0,0.0,13.7,11.25,39.5,1.5919183727559025,1.9564818450649164,2166.6415609134283,4344.98868599645,0.6830171494754609,25.223055555555554
138.0,59075.4,52.3259651,-2.0882082,90.504,39.31,95.12,0.92,0.1,7.799988000000001,90.76999,90.78,90.8,90.23,1.0,90.65,0.04997993,0.0,0.0,5.0,3.0,2408.0,87.0,0.0,0.0,0.0,13.7,11.25,40.5,1.592659031868462,1.9451563454405958,2168.234219945297,4346.93384234189,0.686088928958971,25.14
138.0,59075.5,52.3259828,-2.0881848,90.979,39.155,95.22,0.92,0.1,7.799988000000001,90.78,90.75,90.62,90.44,0.8000183000000001,90.77,0.0397799,0.0,0.0,5.0,3.0,2527.0,87.0,0.0,0.0,0.0,13.8,11.25,40.5,1.5957222983719608,1.9596892882570367,2169.829942243669,4348.893531630148,0.6833836686183797,25.271944444444443
138.0,59075.6,52.3260003,-2.0881615,90.799,39.101,95.3,0.92,0.1,7.799988000000001,90.78,90.84,90.78,90.14,0.7000122,90.71,0.04997993,0.0,0.0,5.0,3.0,2618.0,87.0,0.0,0.0,0.0,13.8,11.25,40.5,1.5907211795329008,1.9573121735103673,2171.420663423202,4350.850843803658,0.6824411908223028,25.221944444444446
138.0,59075.7,52.3260179,-2.088138,90.943,39.291,95.41,0.94,0.1,7.799988000000001,90.86,90.83,90.81,90.31,0.5,90.81,0.04997993,0.0,0.0,5.0,3.0,2712.0,87.0,0.0,0.0,0.0,13.8,11.25,40.5,1.5997361515173332,1.9551221487852073,2173.0203995747192,4352.805965952443,0.6857573164010919,25.261944444444442
138.0,59075.8,52.3260356,-2.0881149,90.842,38.663,95.49,0.91,0.1,7.299988000000001,90.86,90.89999,90.83,90.50999,0.6000061,90.96,0.0397799,0.0,0.0,5.0,3.0,2741.0,87.0,0.0,0.0,0.0,13.7,11.25,40.5,1.5764583055226553,1.9703478615504775,2174.5968578802417,4354.7763138139935,0.6747966486985676,25.233888888888888
138.0,59075.9,52.3260532,-2.0880916,90.774,38.898,95.58,0.91,0.1,7.299988000000001,90.98999,91.03999,91.08,90.31999,0.7000122,90.96,0.04997993,0.0,0.0,5.0,3.0,2790.0,87.0,0.0,0.0,0.0,13.8,11.25,40.5,1.5833403503066084,1.9623953692084954,2176.1801982305483,4356.738709183202,0.6788981724407543,25.215
138.0,59076.0,52.3260709,-2.0880684,90.965,38.795,95.67,0.9,0.1,6.5,91.14999,91.12,90.97,90.64999,1.0,91.06,0.04997993,0.01937985,0.0,5.0,3.0,2813.0,87.0,0.0,0.0,0.0,13.8,11.25,37.0,1.5831341374433778,1.9693736614588488,2177.7633323679916,4358.7080828446615,0.6771004833112002,25.268055555555556
138.0,59076.1,52.3260887,-2.0880452000000003,91.084,38.627,95.77,0.92,0.1,4.5,91.0,91.12,91.12,90.64,1.0,91.11,0.05915999,0.01937985,0.0,5.0,3.0,2796.0,87.0,0.0,0.0,0.0,13.8,11.25,28.5,1.5794163208527294,1.9765895679153855,2179.3427486888445,4360.684672412577,0.6741683301678497,25.301111111111112
138.0,59076.2,52.3261064,-2.0880219,91.134,38.829,95.87,0.92,0.1,0.7999878,91.28,91.36,91.09,90.56,1.700012,91.16,0.04997993,0.0397799,0.0,5.0,3.0,2806.0,87.0,0.0,0.0,0.0,13.8,11.25,28.5,1.5872459166576358,1.9720909335154049,2180.929994605502,4362.656763346093,0.6776938952568782,25.314999999999998
138.0,59076.3,52.3261243,-2.087999,91.026,38.348,95.96,0.92,0.1,0.7000122,91.2,91.39999,91.12,91.06,3.300018,91.27,0.05915999,0.08976007,0.0,5.0,3.0,2784.0,87.0,0.0,0.0,0.0,13.8,11.25,28.5,1.5687731009593373,1.982993496637451,2182.4987677064614,4364.63975684273,0.6692988615547855,25.284999999999997
138.0,59076.4,52.32614220000001,-2.0879757,91.595,38.511,96.06,0.93,0.1,1.5,91.2,91.47,91.14,90.81999,3.600006,91.32,0.05915999,0.1091398999999999,0.0,5.0,3.0,2809.0,87.0,0.0,0.0,0.0,13.7,11.25,28.5,1.5842497010785532,1.9908901638873446,2184.08301740754,4366.630647006617,0.6721437482355364,25.443055555555553
138.0,59076.5,52.3261601,-2.0879528,91.296,38.112,96.17,0.95,0.1,2.599976,91.34999,91.5,91.23,91.09999,2.800018,91.39,0.05915999,0.1091398999999999,0.0,5.0,3.0,2802.0,87.0,0.0,0.0,0.0,13.8,11.25,26.5,1.565220916598169,1.99533944035685,2185.648238324138,4368.625986446974,0.6651798845200789,25.36
138.0,59076.6,52.3261782,-2.08793,91.498,37.766,96.26,0.94,0.1,3.5999760000000003,91.42999,91.5,91.14,91.23,2.300018,91.43,0.05915999,0.09995985,0.0,5.0,3.0,2801.0,87.0,0.0,0.0,0.0,13.8,11.25,24.5,1.5565793739528138,2.0091908054508223,2187.204817698091,4370.635177252425,0.6591410453081785,25.41611111111111
138.0,59076.7,52.3261963,-2.0879073,91.699,37.498000000000005,96.36,0.94,0.1,5.099976,91.45999,91.64,91.42999,91.0,2.0,91.48,0.04997993,0.06936002,0.0,5.0,3.0,2820.0,87.0,0.0,0.0,0.0,13.8,11.25,24.5,1.5505631889109657,2.0208793469682695,2188.755380887002,4372.656056599393,0.6544635629128338,25.471944444444443
138.0,59076.8,52.3262145,-2.0878848,91.386,37.17,96.44,0.93,0.1,5.5,91.51999,91.55,91.39,91.17999,1.300018,91.59,0.04997993,0.0397799,0.0,5.0,3.0,2839.0,87.0,0.0,0.0,0.0,13.8,11.25,24.5,1.5337159306279289,2.0227945259314164,2190.28909681763,4374.678851125324,0.6487388829662923,25.384999999999998
138.0,59076.9,52.3262328,-2.0878623,91.71,36.998000000000005,96.55,0.95,0.1,5.5,91.39999,91.48999,91.45999,91.23,1.300018,91.48,0.0397799,0.0397799,0.0,5.0,3.0,2839.0,87.0,0.0,0.0,0.0,13.7,11.25,21.5,1.5330527522621353,2.0345774767212705,2191.8221495698917,4376.7134286020455,0.6457369166528621,25.474999999999998
138.0,59077.0,52.3262511,-2.0878399,91.609,36.919,96.64,0.94,0.1,5.599976,91.53,91.56,91.65999,91.08,1.600006,91.5,0.0397799,0.01937985,0.0,6.0,3.0,2801.0,87.0,0.0,0.0,0.0,13.7,11.25,15.0,1.5285607437032838,2.034446329691615,2193.350710313595,4378.747874931737,0.6443581065437864,25.44694444444444
138.0,59077.1,52.3262696,-2.0878183,91.058,35.768,96.73,0.94,0.1,5.799988,91.3,91.37999,91.45,91.17999,1.600006,91.48,0.0397799,0.01937985,0.0,6.0,3.0,2788.0,87.0,0.0,0.0,0.0,13.8,11.25,11.0,1.4784394414719828,2.052321848330466,2194.8291497550667,4380.800196780067,0.6242693668533318,25.29388888888889
138.0,59077.2,52.3262877,-2.0877959,91.256,36.868,96.82,0.94,0.1,5.899963,91.17,91.39999,91.59,90.89,1.300018,91.32999,0.01937985,0.009180069,0.0,6.0,3.0,2795.0,87.0,0.0,0.0,0.0,13.7,11.25,6.5,1.5208661677424358,2.0279614835663877,2196.3500159228092,4382.828158263634,0.6434679886252694,25.348888888888887
138.0,59077.3,52.3263062,-2.0877737,91.858,36.464,96.92,0.95,0.1,5.899963,91.12,91.20999,91.33,90.78,1.300018,91.2,0.0,0.01937985,0.0,6.0,3.0,2787.0,87.0,0.0,0.0,0.0,13.8,11.25,5.5,1.5164673692594504,2.0520833268454286,2197.8664832920686,4384.880241590479,0.6364168584472123,25.516111111111112
138.0,59077.4,52.32632460000001,-2.087752,90.997,35.923,97.03,0.96,0.1,6.099976,90.81,90.92,91.06,90.8,1.100006,90.96,0.0,0.01937985,0.0,6.0,3.0,2800.0,87.0,0.0,0.0,0.0,13.8,11.25,5.0,1.4829919633879427,2.0469426081358715,2199.3494752554566,4386.927184198616,0.626974627193923,25.276944444444442
138.0,59077.5,52.326343,-2.08773,91.274,36.411,97.13,0.98,0.1,6.399963,90.59999,90.83,90.95,90.34999,1.200012,90.82,0.0,0.02957988,0.0,6.0,3.0,2794.0,87.0,0.0,-0.230011,0.0,13.8,11.25,5.0,1.5049394137036194,2.0404299005314157,2200.85441466916,4388.967614099147,0.6354918339436554,25.35388888888889
138.0,59077.6,52.3263613,-2.0877078,91.246,36.512,97.23,0.98,0.1,6.8999630000000005,90.47,90.53999,90.62999,90.37,1.100006,90.53,-0.009180069,0.01937985,0.0,6.0,3.0,2817.0,87.0,0.0,0.0,0.0,13.8,11.25,5.0,1.5080711369459943,2.0371487256649465,2202.362485806106,4391.004762824812,0.6372546164881696,25.34611111111111
138.0,59077.7,52.3263796,-2.087686,90.965,36.219,97.33,0.98,0.1,6.8999630000000005,90.36,90.31999,90.5,90.2,0.8999939,90.45,-0.01938009,0.009180069,0.0,6.0,3.0,2808.0,87.0,0.0,0.0,0.0,13.8,11.25,5.0,1.4930217685686684,2.038536807165008,2203.855507574675,4393.043299631977,0.6321408017798262,25.268055555555556
138.0,59077.8,52.3263977,-2.0876639000000003,90.572,36.621,97.44,1.0,0.1,6.799988000000001,90.22,90.34999,90.3,89.69,1.0,90.18,-0.01938009,0.0,0.0,6.0,3.0,2798.0,87.0,0.0,0.0,0.0,13.8,11.25,5.0,1.5007757326396538,2.019249638245474,2205.3562833073147,4395.062549270222,0.6391570253728435,25.15888888888889
138.0,59077.9,52.326416,-2.0876423,90.349,36.148,97.55,1.01,0.1,7.0,89.8,89.95,89.95,89.67,1.100006,90.05,-0.01938009,0.0,0.0,6.0,3.0,2803.0,87.0,0.0,0.0,0.0,13.8,11.25,5.0,1.4804011178578687,2.0265682161527363,2206.8366844251727,4397.089117486375,0.6309016180109103,25.096944444444446
138.0,59078.0,52.3264343,-2.087621,90.086,35.667,97.66,1.02,0.1,7.099976,89.62999,89.8,89.94,89.31999,0.8000183000000001,89.66,-0.01938009,0.0,0.0,6.0,3.0,2782.0,87.0,0.0,0.0,0.0,13.8,11.25,5.0,1.4590763676856207,2.032989499357019,2208.2957607928583,4399.122106985732,0.6225065843088176,25.023888888888887
138.0,59078.1,52.3264526,-2.0875997,90.133,35.452,97.75,1.0,0.1,7.399963,89.47,89.53999,89.73999,89.09999,0.8000183000000001,89.55,-0.01938009,0.0,0.0,6.0,3.0,2771.0,87.0,0.0,0.0,0.0,13.8,11.25,5.0,1.4521946548001254,2.0395138037561598,2209.7479554476586,4401.161620789489,0.6187541264170296,25.036944444444444
138.0,59078.2,52.3264709,-2.0875784,89.906,35.431999999999995,97.83,0.98,0.1,7.399963,89.22,89.25,89.58,89.17,0.6000061,89.42,-0.009180069,0.0,0.0,6.0,3.0,2723.0,87.0,0.0,-0.230011,0.0,13.8,11.25,5.0,1.4478270820522425,2.0348827983011133,2211.195782529711,4403.196503587789,0.6184050605666308,24.97388888888889
138.0,59078.3,52.326489,-2.0875572,89.384,35.646,97.93,0.98,0.1,7.5,89.03999,89.22,89.36,88.73999,0.7000122,89.15,-0.009180069,0.0,0.0,6.0,3.0,2676.0,87.0,0.0,0.0,0.0,13.8,11.25,5.0,1.446967016288647,2.01767779596759,2212.6427495459993,4405.214181383757,0.6221400651658987,24.828888888888887
138.0,59078.4,52.3265071,-2.087536,89.23,35.609,98.03,0.98,0.1,7.399963,88.92,88.92999,89.12,88.62999,0.6000061,88.98,-0.009180069,0.0,0.0,6.0,3.0,2626.0,87.0,0.0,0.0,0.0,13.8,11.25,5.0,1.4431730161627756,2.0151339125584418,2214.085922562162,4407.229315296316,0.6214942933426608,24.78611111111111
138.0,59078.5,52.3265254,-2.0875151,89.428,35.052,98.12,0.98,0.1,7.399963,88.73999,88.78,88.87999,88.65999000000001,0.6000061,88.84,-0.009180069,0.0,0.0,6.0,3.0,2545.0,87.0,0.0,0.0,0.0,13.8,11.25,5.0,1.426673796168196,2.03357072453178,2215.5125963583305,4409.262886020848,0.6117728094090524,24.84111111111111
138.0,59078.6,52.3265434,-2.087494,88.96,35.499,98.23,1.0,0.1,7.299988000000001,88.62,88.75,88.83,88.08,0.7000122,88.67,0.0,0.0,0.0,6.0,3.0,2455.0,87.0,0.0,0.0,0.0,13.8,11.25,2.5,1.4349464138852062,2.0117949479842068,2216.947542772216,4411.274680968832,0.6195744311654671,24.71111111111111
138.0,59078.7,52.3265615,-2.0874732,88.736,35.17,98.31,0.97,0.1,7.099976,88.42999,88.47,88.67999,88.11,0.8000183000000001,88.56,0.0,0.0,0.0,6.0,3.0,2315.0,87.0,0.0,0.0,0.0,13.8,11.25,1.0,1.4197867989370212,2.0149150553142605,2218.367329571153,4413.289596024147,0.6138322979264057,24.64888888888889
138.0,59078.8,52.3265798,-2.0874525,88.913,34.921,98.43,1.01,0.1,6.799988000000001,88.12,88.15999000000001,88.45,88.17999,0.8999939,88.25999,0.0,0.0,0.0,6.0,3.0,2142.0,87.0,0.0,0.0,0.0,13.7,11.25,0.0,1.4138313888081133,2.025097599197137,2219.7811609599607,4415.314693623344,0.6094864280889398,24.698055555555555
138.0,59078.9,52.3265977,-2.0874317,88.204,35.378,98.53,1.0,0.1,6.200012,87.84,88.01999,88.17,87.78,1.300018,87.98,-0.02958012,0.0,0.0,6.0,3.0,2159.0,87.0,0.0,0.0,0.0,13.8,11.25,0.0,1.4185362802474033,1.9976984953721075,2221.199697240208,4417.312392118716,0.6174625827705539,24.501111111111108
138.0,59079.0,52.326615700000005,-2.0874110000000003,88.42299999999999,35.035,98.61,0.97,0.1,6.200012,87.7,87.81,87.86,87.45,1.200012,87.83,-0.03978014,0.01937985,0.0,6.0,3.0,2154.0,87.0,0.0,0.0,0.0,13.8,11.25,0.0,1.410044052342685,2.0111357287296077,2222.6097412925506,4419.323527847446,0.6114761034362133,24.56194444444444
138.0,59079.1,52.3266337,-2.0873907,87.581,34.772,98.71,0.98,0.1,6.0,87.48,87.48999,87.53999,87.37,1.200012,87.57,-0.02958012,0.01937985,0.0,6.0,3.0,2117.0,87.0,0.0,0.0,0.0,13.8,11.25,0.0,1.3874587137301766,1.9983746367576274,2223.9972000062808,4421.321902484204,0.6068858875034683,24.328055555555554
138.0,59079.2,52.3266517,-2.0873703,87.775,34.74,98.82,0.99,0.1,4.599976,87.15999000000001,87.31999,87.47,86.92,1.100006,87.28,-0.02958012,0.02957988,0.0,6.0,3.0,2063.0,87.0,0.0,0.0,0.0,13.8,11.25,0.0,1.3894132708305031,2.0035775282628414,2225.3866132771113,4423.325480012467,0.6063273821428301,24.381944444444446
138.0,59079.3,52.3266697,-2.0873501,87.62799999999999,34.483000000000004,98.89,0.96,0.1,4.299988,86.78999,86.95,87.09999,86.75,1.700012,87.02,-0.02958012,0.0397799,0.0,6.0,3.0,2032.0,87.0,0.0,0.0,0.0,13.8,11.25,2.0,1.378100457476897,2.006423691630592,2226.7647137345884,4425.331903704097,0.6018418859652047,24.341111111111108
138.0,59079.4,52.3266876,-2.08733,87.17399999999999,34.563,99.0,0.98,0.1,4.399963,86.55,86.7,86.84999,86.64,1.899994,86.74,-0.02958012,0.0397799,0.0,6.0,3.0,2033.0,87.0,0.0,0.0,0.0,13.8,11.25,9.0,1.3737461736672012,1.994112258709304,2228.1384599082558,4427.326015962807,0.6032381493668002,24.214999999999996
138.0,59079.5,52.3267056,-2.08731,86.929,34.292,99.08,0.96,0.1,4.399963,86.31,86.56,86.62999,86.37999,1.800018,86.52,-0.02958012,0.04997993,0.0,6.0,3.0,2121.0,87.0,0.0,0.0,0.0,13.8,11.25,12.0,1.3604646832785663,1.994964938434411,2229.4989245915344,4429.3209809012415,0.5985083070938955,24.146944444444443
138.0,59079.6,52.3267235,-2.0872903,86.854,33.979,99.17,0.96,0.1,4.399963,86.22,86.40999000000001,86.42,85.92999,1.800018,86.28,-0.01938009,0.0397799,0.0,6.0,3.0,2162.0,87.0,0.0,0.0,0.0,13.8,11.25,15.0,1.3483818300408048,2.000639601195728,2230.847306421575,4431.321620502437,0.5930454265351532,24.12611111111111
138.0,59079.7,52.3267413,-2.0872705000000003,86.33200000000001,34.272,99.26,0.95,0.1,4.399963,86.12999,86.23,86.12999,85.87,1.800018,86.23,-0.009180069,0.0397799,0.0,6.0,3.0,2175.0,87.0,0.0,0.0,0.0,13.8,11.25,16.5,1.35042978190057,1.9817356800013841,2232.1977362034754,4433.303356182439,0.5981592412434966,23.98111111111111
138.0,59079.8,52.3267592,-2.0872508,86.39299999999999,34.069,99.36,0.95,0.1,4.399963,85.87,86.08,86.09,85.75,1.800018,85.98,0.0,0.04997993,0.0,6.0,3.0,2174.0,87.0,0.0,0.0,0.0,13.8,11.25,17.5,1.3443492070383567,1.9879114452134552,2233.5420854105137,4435.291267627652,0.5946162228619482,23.998055555555553
138.0,59079.9,52.3267771,-2.0872316,85.90700000000001,33.508,99.46,0.96,0.1,4.599976,85.76999,85.95,86.06,85.58,1.700012,85.89,0.0,0.0397799,0.0,6.0,3.0,2223.0,87.0,0.0,0.0,0.0,13.8,11.25,18.0,1.317368124870859,1.9897224500039064,2234.8594535353845,4437.280990077656,0.58482492575826,23.863055555555558
138.0,59080.0,52.326795,-2.0872122,86.083,33.588,99.55,0.95,0.1,5.200012,85.62999,85.75999,85.78999,85.56,1.700012,85.79,0.0,0.0397799,0.0,6.0,3.0,2290.0,87.0,0.0,0.0,0.0,13.8,11.25,18.0,1.3228496333529913,1.9919537441115018,2236.1823031687377,4439.2729438217675,0.5862211891598554,23.911944444444444
138.0,59080.1,52.3268129,-2.087193,85.979,33.347,99.66,0.97,0.1,5.599976,85.53,85.56,85.67999,85.53,1.5,85.67,0.0,0.02957988,0.0,6.0,3.0,2342.0,87.0,0.0,0.0,0.0,13.8,11.25,18.5,1.3128712672899852,1.9950870813630968,2237.495174436028,4441.26803090313,0.5820149456625491,23.883055555555554
138.0,59080.2,52.3268308,-2.0871738,85.727,33.325,99.76,0.97,0.1,5.700012,85.47,85.69,85.67,85.09999,1.399994,85.53,0.0,0.01937985,0.0,6.0,3.0,2364.0,87.0,0.0,0.0,0.0,13.7,11.25,22.5,1.3082593998934113,1.9897420665780492,2238.803433835921,4443.257772969709,0.5816309732271103,23.813055555555557
138.0,59080.3,52.3268488,-2.0871549,85.65100000000001,32.834,99.84,0.95,0.1,5.899963,85.48,85.50999,85.45,85.0,1.399994,85.4,0.009180069,0.02957988,0.0,6.0,3.0,2348.0,87.0,0.0,0.0,0.0,13.8,11.25,23.5,1.2900156849968598,1.9991062345301693,2240.093449520918,4445.256879204238,0.5730614065998182,23.791944444444447
138.0,59080.4,52.32686679999999,-2.0871359000000003,85.838,32.899,99.94,0.95,0.1,6.0,85.34,85.37999,85.34999,85.03,1.200012,85.43999000000001,0.009180069,0.009180069,0.0,6.0,3.0,2374.0,87.0,0.0,0.0,0.0,13.8,11.25,26.0,1.2951041818460798,2.0020028800232996,2241.388553702764,4447.258882084262,0.5741958706136145,23.843888888888888
138.0,59080.5,52.3268846,-2.0871169,85.334,33.099000000000004,100.02,0.93,0.1,6.0,85.31999,85.45,85.40999000000001,85.14,1.100006,85.35,0.009180069,0.01937985,0.0,6.0,3.0,2398.0,87.0,0.0,0.0,0.0,13.8,11.25,27.5,1.294439363054902,1.9857417304226452,2242.682993065819,4449.244623814685,0.5776865291176032,23.70388888888889
138.0,59080.6,52.3269028,-2.0870985,85.65100000000001,32.11,100.1,0.92,0.1,6.0,85.36,85.39,85.34,84.84,1.0,85.32,0.01937985,0.01937985,0.0,6.0,3.0,2415.0,87.0,0.0,0.0,0.0,13.8,11.25,28.0,1.2646522944022975,2.015247076350271,2243.9476453602215,4451.2598708910355,0.5604252228153792,23.791944444444447
138.0,59080.7,52.3269206,-2.0870796,85.334,32.743,100.2,0.92,0.1,6.099976,85.36,85.31999,85.19,84.89999,0.8000183000000001,85.35,0.02957988,0.01937985,0.0,6.0,3.0,2446.0,87.0,0.0,0.0,0.0,13.8,11.25,28.5,1.2820763036249236,1.9937461815013855,2245.2297216638462,4453.253617072537,0.5714731569805034,23.70388888888889
138.0,59080.8,52.3269387,-2.0870611,85.32700000000001,32.22,100.29,0.92,0.1,6.099976,85.25,85.28,85.28999,85.03,1.200012,85.29,0.02957988,0.009180069,0.0,6.0,3.0,2433.0,87.0,0.0,0.0,0.0,13.7,11.25,28.5,1.263720413406725,2.005201341814444,2246.493442077253,4455.2588184143515,0.562345084992573,23.701944444444447
138.0,59080.9,52.3269567,-2.0870426,85.363,32.238,100.37,0.91,0.1,6.099976,85.23,85.37,85.36,84.94,1.0,85.28,0.02957988,0.009180069,0.0,6.0,3.0,2418.0,87.0,0.0,0.0,0.0,13.8,11.25,29.0,1.2648837409900944,2.0056500729546776,2247.758325818243,4457.264468487306,0.5626592442579319,23.711944444444445
138.0,59081.0,52.3269747,-2.087024,85.277,32.282,100.46,0.91,0.1,6.200012,85.31,85.3,85.31,84.8,1.200012,85.34,0.0397799,0.009180069,0.0,6.0,3.0,2387.0,87.0,0.0,0.0,0.0,13.8,11.25,29.0,1.2651477225838432,2.0026584831347995,2249.023473540827,4459.267126970441,0.5634271891288094,23.688055555555554
138.0,59081.1,52.3269928,-2.0870054,85.633,32.222,100.56,0.92,0.1,6.200012,85.31999,85.33,85.34999,85.0,1.100006,85.41,0.0397799,0.009180069,0.0,6.0,3.0,2358.0,87.0,0.0,0.0,0.0,13.8,11.25,29.0,1.2683226171568345,2.0123481306273283,2250.2917961579838,4461.279475101068,0.5623799915776129,23.786944444444444
138.0,59081.2,52.3270108,-2.0869869,85.385,32.236999999999995,100.66,0.92,0.1,6.200012,85.39,85.48999,85.42999,85.05,1.0,85.43,0.0397799,0.009180069,0.0,6.0,3.0,2329.0,87.0,0.0,0.0,0.0,13.7,11.25,29.0,1.2651747160855207,2.0061890566798835,2251.556970874069,4463.285664157747,0.5626417909654119,23.718055555555555
138.0,59081.3,52.3270289,-2.0869683,85.54,32.056,100.72,0.89,0.1,6.200012,85.53,85.51999,85.45,84.92,1.100006,85.45,0.04997993,0.009180069,0.0,6.0,3.0,2300.0,87.0,0.0,0.0,0.0,13.7,11.25,29.5,1.261115934757792,2.0138248710962086,2252.818086808827,4465.299489028844,0.5594827450193023,23.761111111111113
138.0,59081.4,52.327047,-2.0869500000000003,85.396,31.977,100.83,0.92,0.1,5.799988,85.56,85.50999,85.45,84.98,1.0,85.50999,0.04997993,0.01937985,0.0,6.0,3.0,2279.0,87.0,0.0,0.0,0.0,13.7,11.25,32.0,1.2562197396100483,2.012168752682253,2254.074306548437,4467.311657781526,0.5581039349102268,23.72111111111111
138.0,59081.5,52.3270653,-2.0869318000000003,85.669,31.485,100.93,0.93,0.1,4.700012,85.44,85.61,85.53999,85.28999,1.100006,85.59,0.04997993,0.01937985,0.0,6.0,3.0,2283.0,87.0,0.0,0.0,0.0,13.8,11.25,33.0,1.2428556920850888,2.0293485106239015,2255.317162240522,4469.34100629215,0.5495169149904147,23.796944444444442
138.0,59081.6,52.3270834,-2.0869134,85.54,31.755,101.01,0.91,0.1,4.299988,85.67,85.81999,85.67999,85.2,1.600006,85.63,0.04997993,0.01937985,0.0,6.0,3.0,2295.0,87.0,0.0,0.0,0.0,13.8,11.25,34.5,1.2505190706746516,2.0204222494876376,2256.567681311197,4471.361428541638,0.5542293039707993,23.761111111111113
138.0,59081.7,52.3271017,-2.0868952000000003,85.691,31.511,101.11,0.92,0.1,4.5,85.73,85.75,85.51999,85.20999,1.899994,85.84,0.05915999,0.02957988,0.0,5.0,3.0,2293.0,87.0,0.0,0.0,0.0,13.7,11.25,36.0,1.244095857939394,2.029305308243855,2257.8117771691363,4473.390733849882,0.5499707005959331,23.803055555555556
138.0,59081.8,52.32712,-2.086877,85.79899999999999,31.384,101.21,0.93,0.1,4.799988,85.76999,85.81,85.73,85.53,1.800018,85.75,0.06936002,0.0397799,0.0,5.0,3.0,2313.0,87.0,0.0,0.0,0.0,13.6,11.25,36.5,1.2411570256466238,2.034619032848656,2259.052934194783,4475.42535288273,0.5477541324459004,23.833055555555553
138.0,59081.9,52.3271383,-2.086859,85.90299999999999,31.068,101.3,0.92,0.1,4.899963,85.87,86.0,85.81999,85.44,1.5,85.82,0.05915999,0.02957988,0.0,5.0,3.0,2354.0,87.0,0.0,0.0,0.0,13.7,11.25,37.0,1.231407618348842,2.043907826730443,2260.284341813132,4477.46926070946,0.5422388920095983,23.861944444444443
138.0,59082.0,52.3271567,-2.0868409,85.921,31.053,101.39,0.93,0.1,4.899963,85.86,85.8,86.03999,85.39,1.300018,85.79,0.05915999,0.02957988,0.0,5.0,3.0,2465.0,87.0,0.0,0.0,0.0,13.7,11.25,37.0,1.2311303977151264,2.044658483699361,2261.5154722108473,4479.513919193159,0.5419770926217992,23.866944444444446
138.0,59082.1,52.327175200000006,-2.0868229,86.22,30.903,101.48,0.93,0.1,4.599976,85.86,85.87999,85.8,85.5,1.5,85.89,0.04997993,0.02957988,0.0,5.0,3.0,2606.0,87.0,0.0,0.0,0.0,13.7,11.25,37.0,1.230038899968603,2.055001047338913,2262.745511110816,4481.568920240498,0.5393590987438076,23.95
138.0,59082.2,52.3271936,-2.0868049,85.9,30.842,101.58,0.93,0.1,4.599976,85.94,86.09,85.97,85.72,1.600006,86.04,0.04997993,0.01937985,0.0,5.0,3.0,2689.0,87.0,0.0,0.0,0.0,13.7,11.25,37.0,1.2232932568679091,2.0486775837767652,2263.968804367684,4483.617597824275,0.5382944479000911,23.86111111111111
138.0,59082.3,52.327212,-2.0867871,85.961,30.687,101.65,0.91,0.1,4.599976,86.20999,86.31,86.01999,85.58,1.399994,86.1,0.04997993,0.02957988,0.0,5.0,3.0,2685.0,87.0,0.0,0.0,0.0,13.7,11.25,37.0,1.218611337129652,2.0534365780712722,2265.1874157048132,4485.671034402347,0.5355891875594999,23.878055555555555
138.0,59082.4,52.3272306,-2.0867693,86.191,30.484,101.74,0.9,0.1,5.099976,86.2,86.23999,86.09,85.69,1.5,86.39,0.06936002,0.02957988,0.0,5.0,3.0,2646.0,87.0,0.0,-0.230011,0.0,13.7,11.25,37.0,1.214569409052471,2.06324700130706,2266.4019851138655,4487.734281403654,0.5320461691779514,23.941944444444445
138.0,59082.5,52.3272492,-2.0867516,86.065,30.251,101.86,0.94,0.1,5.200012,86.3,86.37,86.36,86.03,1.300018,86.27,0.07956004,0.02957988,0.0,5.0,3.0,2662.0,87.0,0.0,-0.9500122,0.0,13.8,11.25,37.0,1.2044056919542567,2.0651457226756955,2267.60639080582,4489.79942712633,0.5279795520208046,23.906944444444445
138.0,59082.6,52.3272678,-2.0867339,86.42200000000001,30.217,101.95,0.94,0.1,5.599976,86.50999,86.55,86.55,86.15999000000001,1.399994,86.37,0.07956004,0.009180069,0.0,5.0,3.0,2660.0,87.0,0.0,0.0,0.0,13.7,11.25,29.5,1.2081708217295801,2.0744293124402664,2268.8145616275497,4491.8738564387695,0.5273861400751265,24.006111111111114
138.0,59082.7,52.3272865,-2.0867162,86.429,30.139,102.06,0.96,0.1,5.700012,86.34,86.39,86.45,86.01999,1.300018,86.5,0.06936002,0.01937985,0.0,5.0,3.0,2628.0,87.0,0.0,0.0,0.0,13.8,11.25,16.5,1.2054432950306424,2.0762402987255806,2270.0200049225805,4493.950096737495,0.5260247832585709,24.008055555555554
138.0,59082.8,52.3273053,-2.0866988,86.68799999999999,29.716,102.16,0.96,0.1,5.599976,86.44,86.42999,86.36,85.98999,1.399994,86.46,0.04997993,0.01937985,0.0,5.0,3.0,2638.0,87.0,0.0,0.0,0.0,13.8,11.25,11.0,1.193648530028942,2.0913314387632926,2271.2136534526094,4496.041428176259,0.518642040522635,24.079999999999995
138.0,59082.9,52.327324100000006,-2.0866811,86.63,29.916,102.25,0.95,0.1,5.599976,86.14,86.28999,86.48,86.06999,1.399994,86.25,0.01937985,0.01937985,0.0,5.0,3.0,2645.0,87.0,0.0,0.0,0.0,13.8,11.25,9.0,1.2001378578320907,2.0857556440690987,2272.4137913104414,4498.127183820327,0.5221326990266236,24.063888888888886
138.0,59083.0,52.3273428,-2.0866638,86.432,29.553,102.35,0.96,0.1,5.899963,86.09999,86.08,86.25999,85.70999,1.200012,86.13,0.009180069,0.01937985,0.0,6.0,3.0,2629.0,87.0,0.0,0.0,0.0,13.7,11.25,9.0,1.184186704468036,2.0885328117487783,2273.5979780149096,4500.215716632076,0.5157971538418842,24.00888888888889
138.0,59083.1,52.3273616,-2.0866463,86.346,29.751,102.44,0.96,0.1,7.299988000000001,85.97,86.05,85.98,85.73999,1.300018,85.99,0.0,0.009180069,0.0,6.0,3.0,2631.0,87.0,0.0,0.0,0.0,13.8,11.25,9.0,1.1902116281812185,2.082354083757662,2274.788189643091,4502.298070715833,0.519252905760833,23.985
138.0,59083.2,52.3273803,-2.0866291,86.209,29.401,102.53,0.95,0.1,8.0,85.73999,85.87999,86.03,85.69,1.0,85.89,0.0,0.0,0.0,6.0,3.0,2631.0,87.0,0.0,0.0,0.0,13.8,11.25,9.0,1.175600904004947,2.0862703556240834,2275.963790547096,4504.384341071457,0.5131442533788528,23.946944444444444
138.0,59083.3,52.327399,-2.086612,85.928,29.297,102.62,0.95,0.1,8.200012,85.62,85.56999,85.89,85.28,0.5,85.7,0.0,0.0,0.0,6.0,3.0,2629.0,87.0,0.0,0.0,0.0,13.8,11.25,16.0,1.167992546110795,2.0815936155097265,2277.1317830932066,4506.465934686967,0.5113291109567787,23.868888888888886
138.0,59083.4,52.3274177,-2.0865949,85.885,29.297,102.73,0.96,0.1,8.200012,85.51999,85.53999,85.59999,85.09,0.5,85.57,0.0,-0.009180069,0.0,6.0,3.0,2549.0,87.0,0.0,0.0,0.0,13.8,11.25,19.5,1.16740806050095,2.080551946607077,2278.2991911537074,4508.546486633573,0.5113291109567787,23.856944444444444
138.0,59083.5,52.3274364,-2.0865779,85.65799999999999,29.237,102.83,0.96,0.1,8.200012,85.53,85.61,85.58,85.2,0.5,85.53,0.009180069,-0.009180069,0.0,6.0,3.0,2301.0,87.0,0.0,0.0,0.0,13.8,11.25,20.0,1.1621488918550116,2.0762710414895422,2279.4613400455623,4510.6227576750625,0.5102819134055822,23.793888888888883
138.0,59083.6,52.3274551,-2.0865609000000003,85.604,29.211,102.92,0.96,0.1,8.0,85.23999,85.22,85.59,85.03,0.7000122,85.39,0.01937985,-0.009180069,0.0,6.0,3.0,2121.0,87.0,0.0,0.0,0.0,13.8,11.25,20.0,1.1604745494611854,2.075488951537467,2280.6218145950234,4512.6982466266,0.5098281278000636,23.77888888888889
138.0,59083.7,52.3274737,-2.0865439,85.514,29.127,103.03,0.98,0.1,7.899963,85.40999000000001,85.39999,85.42999,84.92,0.7000122,85.49,0.01937985,0.0,0.0,6.0,3.0,2154.0,87.0,0.0,0.0,0.0,13.8,11.25,9.0,1.1562136099694575,2.0750042076049353,2281.778028204993,4514.773250834205,0.5083620512283884,23.753888888888888
138.0,59083.8,52.3274924,-2.0865271,85.49600000000001,28.91,103.12,0.96,0.1,7.099976,85.31,85.31999,85.39999,85.0,0.7000122,85.4,0.02957988,0.0,0.0,6.0,3.0,2100.0,87.0,0.0,0.0,0.0,13.8,11.25,0.0,1.1481048215165213,2.0789306273607155,2282.9261330265094,4516.852181461566,0.5045746867515607,23.748888888888892
138.0,59083.9,52.327511,-2.08651,85.471,29.189,103.21,0.95,0.1,5.700012,85.25,85.39,85.39,84.98999,0.8999939,85.28,0.01937985,0.009180069,0.0,6.0,3.0,2124.0,87.0,0.0,0.0,0.0,13.8,11.25,0.0,1.157875782160255,2.0727090806762156,2284.0840088086698,4518.924890542242,0.5094441553646248,23.741944444444446
138.0,59084.0,52.3275297,-2.0864931,85.572,29.08,103.32,0.97,0.1,5.200012,85.11,85.12999,85.20999,84.69,1.399994,85.16,0.009180069,0.01937985,0.0,6.0,3.0,2113.0,87.0,0.0,0.0,0.0,13.8,11.25,0.0,1.1552941342398444,2.0773599744365465,2285.2393029429095,4521.002250516678,0.507541746479951,23.77
138.0,59084.1,52.3275484,-2.0864764,85.316,28.857,103.41,0.96,0.1,5.099976,84.98,85.06999,85.09,84.7,1.5,85.03,0.0,0.02957988,0.0,6.0,3.0,2111.0,87.0,0.0,0.0,0.0,13.8,11.25,0.0,1.1437681427273831,2.07561262796336,2286.383071085637,4523.077863144641,0.5036496622480037,23.698888888888888
138.0,59084.2,52.3275671,-2.0864597000000003,85.259,28.733,103.48,0.94,0.1,4.799988,84.8,84.98,85.0,84.65999000000001,1.600006,84.91,0.0,0.02957988,0.0,6.0,3.0,2112.0,87.0,0.0,0.0,0.0,13.8,11.25,0.0,1.1385122559813652,2.076694741038155,2287.521583341618,4525.154557885679,0.5014854539755307,23.683055555555555
138.0,59084.3,52.3275857,-2.0864432,84.95299999999999,28.535,103.59,0.95,0.1,4.299988,84.64,84.75999,84.81999,84.47,1.399994,84.75,0.0,0.05915999,0.0,6.0,3.0,2101.0,87.0,0.0,0.0,0.0,13.8,11.25,0.0,1.127268518417811,2.0731492824721944,2288.648851860036,4527.227707168152,0.4980297020565819,23.59805555555555
138.0,59084.4,52.3276043,-2.0864267,84.791,28.522,103.68,0.95,0.1,4.200012,84.28,84.37,84.59,84.2,1.700012,84.42,0.0,0.04997993,0.0,6.0,3.0,2102.0,87.0,0.0,0.0,0.0,13.8,11.25,0.0,1.1246493740047177,2.069451145976068,2289.7735012340404,4529.297158314128,0.49780280925382264,23.553055555555556
138.0,59084.5,52.327623,-2.0864104,84.863,28.138,103.78,0.96,0.1,4.5,84.05,84.31999,84.40999000000001,84.17,2.200012,84.29,-0.009180069,0.04997993,0.0,6.0,3.0,2087.0,87.0,0.0,0.0,0.0,13.8,11.25,0.0,1.1116978185673296,2.078705713285488,2290.8851990526077,4531.375864027414,0.49110074492616446,23.573055555555555
138.0,59084.6,52.3276416,-2.0863943000000003,84.413,28.025,103.87,0.95,0.1,5.0,83.87,84.12,84.26999,83.98,1.899994,84.1,-0.01938009,0.04997993,0.0,6.0,3.0,2053.0,87.0,0.0,-0.230011,0.0,13.8,11.25,0.0,1.101722780201381,2.069859900802356,2291.986921832809,4533.445723928216,0.48912852287141084,23.448055555555555
138.0,59084.7,52.3276602,-2.0863786,83.941,27.338,103.95,0.92,0.1,5.5,83.8,83.78,83.83,83.39999,1.5,83.91,-0.01938009,0.0397799,0.0,6.0,3.0,2039.0,87.0,0.0,0.0,0.0,13.8,11.25,0.0,1.0708045745718069,2.071274135726408,2293.057726407381,4535.516998063942,0.47713811091020986,23.316944444444445
138.0,59084.8,52.3276789,-2.0863629,84.046,27.419,104.05,0.94,0.1,5.899963,83.45999,83.50999,83.64,83.34,1.399994,83.61,-0.01938009,0.0397799,0.0,6.0,3.0,2023.0,87.0,0.0,0.0,0.0,13.8,11.25,0.0,1.0750748063645297,2.072347268399707,2294.1328012137456,4537.5893453323415,0.47855182760432524,23.346111111111114
138.0,59084.9,52.3276973,-2.0863468000000003,83.97399999999999,27.951,104.15,0.94,0.1,6.099976,83.09999,83.22,83.5,83.17999,1.200012,83.25999,-0.01938009,0.01937985,0.0,6.0,3.0,2028.0,87.0,0.0,0.0,0.0,13.8,11.25,0.0,1.0933328129667257,2.0605091496446404,2295.2261340267123,4539.649854481986,0.4878369792249351,23.326111111111107
138.0,59085.0,52.3277159,-2.0863312,83.57,27.364,104.23,0.93,0.1,6.299988,82.98999,83.09999,83.34999,83.00999,1.200012,82.99,-0.02958012,0.01937985,0.0,6.0,3.0,2026.0,87.0,0.0,0.0,0.0,13.8,11.25,0.0,1.0670075139205832,2.0616355979400933,2296.293141540633,4541.711490079926,0.47759189651572836,23.213888888888885
138.0,59085.1,52.3277343,-2.0863156000000003,83.236,27.371,104.33,0.93,0.1,6.200012,82.78999,82.84,82.98,82.56999,1.200012,82.89,-0.03978014,0.009180069,0.0,6.0,3.0,2033.0,87.0,0.0,0.0,0.0,13.8,11.25,0.0,1.0629939205679733,2.0532661091439137,2297.3561354612007,4543.76475618907,0.4777140695633679,23.121111111111112
138.0,59085.2,52.327752700000005,-2.0863,82.883,27.455,104.42,0.93,0.1,6.299988,82.5,82.53999,82.58,82.14999,1.200012,82.65,-0.03978014,0.01937985,0.0,6.0,3.0,2033.0,87.0,0.0,0.0,0.0,13.8,11.25,0.0,1.0614821532603882,2.043004285225967,2298.417617614461,4545.807760474296,0.4791801461350432,23.023055555555555
138.0,59085.3,52.3277711,-2.0862847,82.72399999999999,27.096,104.53,0.95,0.1,6.299988,82.09999,82.23999,82.45,82.15999000000001,1.100006,82.36,-0.02958012,0.02957988,0.0,6.0,3.0,2032.0,87.0,0.0,0.0,0.0,13.8,11.25,0.5,1.046648767644265,2.0456831873160986,2299.4642663821055,4547.853443661612,0.47291441412038354,22.978888888888886
138.0,59085.4,52.3277895,-2.0862697000000003,82.42200000000001,26.731,104.62,0.94,0.1,6.299988,81.83,81.92999,82.26999,81.89,1.100006,81.97,-0.02958012,0.01937985,0.0,6.0,3.0,2015.0,87.0,0.0,0.0,0.0,13.8,11.25,1.0,1.0298223504264248,2.0448169053884007,2300.494088732532,4549.898260567,0.46654396235060425,22.895000000000003
138.0,59085.5,52.3278078,-2.0862545,82.264,26.878,104.71,0.95,0.1,6.5,81.73999,81.75,81.97,81.59,1.300018,81.78,-0.02958012,0.0,0.0,6.0,3.0,2044.0,87.0,0.0,0.0,0.0,13.8,11.25,5.0,1.0330810244043716,2.038253268644275,2301.5271697569365,4551.936513835644,0.4691095963510359,22.85111111111111
138.0,59085.6,52.327826,-2.0862393000000004,81.961,27.055,104.81,0.95,0.1,6.700011999999999,81.53,81.53999,81.62,81.12,1.200012,81.64,-0.01938009,0.009180069,0.0,6.0,3.0,2048.0,87.0,0.0,0.0,0.0,13.8,11.25,11.5,1.0355444399043818,2.0275564865984173,2302.5627141968407,4553.964070322243,0.47219882912706584,22.766944444444444
138.0,59085.7,52.3278443,-2.0862245,81.943,26.421,104.9,0.95,0.1,6.8999630000000005,81.45,81.42999,81.48999,81.12999,1.0,81.43999000000001,-0.009180069,0.009180069,0.0,6.0,3.0,2046.0,87.0,0.0,0.0,0.0,13.8,11.25,17.0,1.0128233210776976,2.038443050271676,2303.5755375179183,4556.002513372515,0.4611334416694218,22.761944444444442
138.0,59085.8,52.3278625,-2.0862098,81.32,26.435,104.99,0.93,0.1,6.799988000000001,81.12999,81.3,81.40999000000001,81.06999,0.8000183000000001,81.37,0.0,0.0,0.0,6.0,3.0,2078.0,87.0,0.0,0.0,0.0,13.7,11.25,20.0,1.005617250184565,2.022699423660597,2304.581154768103,4558.025212796176,0.461377787764701,22.588888888888885
138.0,59085.9,52.32788059999999,-2.0861949,81.212,26.679,105.08,0.93,0.1,6.799988000000001,81.14,81.11,81.34,80.86,0.7000122,81.16,0.0,0.0,0.0,6.0,3.0,2136.0,87.0,0.0,0.0,0.0,13.8,11.25,22.5,1.0128750053739413,2.0157179620425785,2305.594029773477,4560.040930758219,0.4656363911395672,22.55888888888889
138.0,59086.0,52.3278989,-2.0861803,81.45,26.199,105.16,0.92,0.1,6.799988000000001,81.00999,80.97,81.03999,80.58,1.0,81.07,0.0,0.0,0.0,6.0,3.0,2180.0,87.0,0.0,0.0,0.0,13.8,11.25,24.0,0.9988715607839915,2.030064495294904,2306.592901334261,4562.0709952535135,0.4572588107299944,22.625
138.0,59086.1,52.327917,-2.0861656,81.176,26.386,105.26,0.93,0.1,6.5,80.78999,80.83,80.89999,80.45999,1.0,80.86,0.0,0.0,0.0,6.0,3.0,2226.0,87.0,0.0,0.0,0.0,13.8,11.25,24.5,1.0021093819677453,2.019975417624381,2307.595010716229,4564.090970671138,0.4605225764312238,22.54888888888889
138.0,59086.2,52.3279351,-2.0861511,80.752,26.303,105.35,0.93,0.1,5.899963,80.75,80.78,80.84999,80.45999,0.8999939,80.75999,0.009180069,0.0,0.0,6.0,3.0,2249.0,87.0,0.0,0.2399902,0.0,13.7,11.25,24.5,0.9939632012440405,2.010866631918393,2308.588973917473,4566.1018373030565,0.4590739531520685,22.43111111111111
137.0,59086.3,52.3279532,-2.0861366,80.788,26.155,105.45,0.93,0.1,5.599976,80.73,80.84999,80.84999,80.55,1.200012,80.73,0.009180069,0.01937985,0.0,6.0,3.0,2332.0,87.0,0.0,0.0,0.0,13.8,11.25,25.0,0.9892064479588694,2.014325019039614,2309.578180365432,4568.116162322096,0.4564908658591169,22.44111111111111
137.0,59086.4,52.3279715,-2.0861222,81.169,25.9,105.52,0.91,0.1,5.099976,80.76999,80.76999,80.55,80.19,1.100006,80.8,0.01937985,0.01937985,0.0,6.0,3.0,2345.0,87.0,0.0,0.0,0.0,13.7,11.25,28.5,0.9848545655560561,2.0282279266670282,2310.563034930988,4570.144390248763,0.4520402762665313,22.546944444444442
137.0,59086.5,52.3279895,-2.0861080000000003,80.34100000000001,25.846,105.61,0.9,0.1,5.099976,80.61,80.65999000000001,80.56999,80.17999,1.5,80.63,0.02957988,0.02957988,0.0,6.0,3.0,2317.0,87.0,0.0,0.0,0.0,13.7,11.25,32.0,0.9729156316781554,2.008455941015509,2311.535950562666,4572.152846189778,0.4510977984704544,22.316944444444445
137.0,59086.6,52.32800770000001,-2.0860935,80.91,26.037,105.72,0.94,0.1,5.099976,80.59999,80.61,80.53999,80.3,1.399994,80.58,0.02957988,0.02957988,0.0,6.0,3.0,2319.0,87.0,0.0,0.0,0.0,13.7,11.25,33.5,0.9865434315527735,2.019402958218116,2312.522493994219,4574.172249147996,0.4544313773417636,22.474999999999998
137.0,59086.7,52.3280258,-2.0860793,80.64399999999999,25.636,105.82,0.93,0.1,5.099976,80.59999,80.75,80.62,80.37999,1.399994,80.65,0.02957988,0.02957988,0.0,5.0,3.0,2346.0,87.0,0.0,0.0,0.0,13.8,11.25,34.0,0.9691892279775888,2.019596501902215,2313.4916832221966,4576.191845649898,0.4474326070412663,22.40111111111111
137.0,59086.8,52.328044,-2.0860653,80.59,25.475,105.89,0.91,0.1,5.099976,80.76999,80.75,80.64,80.37999,1.399994,80.72,0.0397799,0.02957988,0.0,5.0,3.0,2447.0,87.0,0.0,0.0,0.0,13.6,11.25,34.0,0.9628652072803189,2.0209577678415633,2314.4545484294767,4578.212803417739,0.4446226269455555,22.386111111111113
137.0,59086.9,52.3280622,-2.0860512,80.726,25.288,106.0,0.94,0.1,4.899963,80.64999,80.73,80.58,80.2,1.399994,80.72,0.04997993,0.01937985,0.0,5.0,3.0,2499.0,87.0,0.0,0.0,0.0,13.8,11.25,34.0,0.9578779057279804,2.0275053259438125,2315.4124263352046,4580.240308743683,0.44135886124432605,22.42388888888889
137.0,59087.0,52.328080500000006,-2.0860372000000003,80.777,25.265,106.08,0.92,0.1,5.0,80.73,80.76999,80.84,80.40999000000001,1.399994,80.8,0.04997993,0.01937985,0.0,5.0,3.0,2516.0,87.0,0.0,0.0,0.0,13.7,11.25,34.0,0.9576685769116597,2.0291708326156206,2316.370094912116,4582.269479576299,0.44095743551636735,22.438055555555554
137.0,59087.1,52.32809880000001,-2.0860234,80.84899999999999,24.879,106.18,0.92,0.1,6.599976,80.81,81.01999,80.86,80.5,1.600006,80.93,0.05915999,0.02957988,0.0,5.0,3.0,2509.0,87.0,0.0,0.0,0.0,13.7,11.25,34.5,0.9448178894542125,2.0373909171122473,2317.3149128015702,4584.306870493411,0.43422046460366925,22.458055555555553
137.0,59087.2,52.3281172,-2.0860094,81.133,24.961,106.27,0.93,0.1,7.299988000000001,81.19,81.17999,81.00999,80.70999,0.8999939,81.13,0.06936002,0.0,0.0,5.0,3.0,2496.0,87.0,0.0,0.0,0.0,13.8,11.25,36.5,0.9510618946292159,2.043188665176087,2318.2659746961995,4586.350059158587,0.4356516345903046,22.536944444444444
138.0,59087.3,52.3281354,-2.0859956,80.759,24.952,106.35,0.91,0.1,7.099976,81.23999,81.2,81.11,80.64999,0.6000061,81.17,0.07956004,0.0,0.0,5.0,3.0,2530.0,87.0,0.0,0.0,0.0,13.7,11.25,38.0,0.9463582948851402,2.0339188266222696,2319.2123329910846,4588.38397798521,0.4354945549576251,22.433055555555555
138.0,59087.4,52.3281539,-2.0859819,81.155,24.569000000000003,106.43,0.9,0.1,6.799988000000001,81.37,81.33,81.23999,80.76999,0.6000061,81.28,0.07956004,0.0,0.0,5.0,3.0,2573.0,87.0,0.0,0.0,0.0,13.7,11.25,39.0,0.9373149730956412,2.050203448201997,2320.14964796418,4590.434181433412,0.4288099439224869,22.543055555555554
138.0,59087.5,52.3281723,-2.0859678,81.464,25.043000000000003,106.53,0.91,0.1,6.399963,81.45,81.56,81.47,81.06,0.8000183000000001,81.42,0.07956004,0.0,0.0,5.0,3.0,2578.0,87.0,0.0,0.0,0.0,13.7,11.25,40.0,0.9578770627983636,2.0501555199597834,2321.1075250269782,4592.484336953372,0.43708280457694,22.628888888888888
138.0,59087.6,52.3281908,-2.0859542,81.21600000000001,24.454,106.63,0.92,0.1,6.299988,81.64999,81.76999,81.67999,81.31,1.100006,81.64,0.07956004,0.0,0.0,5.0,3.0,2572.0,87.0,0.0,0.0,0.0,13.7,11.25,40.5,0.9338995023187837,2.0536230714443997,2322.041424529297,4594.537960024816,0.42680281528269337,22.560000000000002
138.0,59087.7,52.3282093,-2.08594,81.87100000000001,24.911,106.73,0.93,0.1,5.799988,81.83,81.90999000000001,81.73,81.45999,0.8000183000000001,81.82,0.08976007,0.0,0.0,5.0,3.0,2540.0,87.0,0.0,0.0,0.0,13.7,11.25,40.5,0.9579133181295942,2.0626105900270963,2322.9993378474264,4596.6005706148435,0.4347789699643075,22.741944444444446
138.0,59087.8,52.3282279,-2.0859263,81.65899999999999,24.468000000000004,106.82,0.92,0.1,4.899963,81.98999,81.98,81.92999,81.5,0.8999939,81.97,0.08976007,0.01937985,0.0,5.0,3.0,2565.0,87.0,0.0,0.0,0.0,13.8,11.25,40.0,0.9394980452458047,2.064595242739726,2323.938835892672,4598.665165857583,0.4270471613779726,22.68305555555555
138.0,59087.9,52.3282465,-2.0859125,81.882,24.545,106.9,0.91,0.1,4.200012,82.12,82.14999,81.95,81.56,1.300018,82.21,0.08976007,0.02957988,0.0,5.0,3.0,2554.0,87.0,0.0,0.0,0.0,13.8,11.25,26.0,0.9448450333481839,2.068965469252029,2324.88368092602,4600.734131326835,0.42839106490200823,22.745
138.0,59088.0,52.3282652,-2.0858988000000003,82.242,24.174,107.0,0.92,0.1,4.200012,82.14,82.3,82.26999,81.83,1.600006,82.18999000000001,0.08976007,0.01937985,0.0,5.0,3.0,2515.0,87.0,0.0,0.0,0.0,13.8,11.25,18.0,0.9355235039299823,2.0841631470675632,2325.8192044299503,4602.818294473903,0.4219158933771092,22.845000000000002
138.0,59088.1,52.3282839,-2.0858848,82.321,24.551,107.1,0.93,0.1,4.299988,82.22,82.31999,82.31,81.95,1.700012,82.25999,0.06936002,0.02957988,0.0,6.0,3.0,2512.0,87.0,0.0,0.0,0.0,13.8,11.25,17.0,0.9501285185975086,2.079958480451182,2326.769332948548,4604.898252954354,0.42849578465712784,22.866944444444442
138.0,59088.2,52.3283027,-2.0858714000000003,82.199,23.803,107.17,0.9,0.1,4.299988,82.15999000000001,82.23999,82.14,81.81,1.600006,82.22,0.04997993,0.02957988,0.0,6.0,3.0,2525.0,87.0,0.0,0.0,0.0,13.8,11.25,17.0,0.9215266025381409,2.089084244554387,2327.690859551086,4606.987337198908,0.41544072185221026,22.833055555555553
138.0,59088.3,52.3283215,-2.0858578,82.37200000000001,23.773000000000003,107.27,0.91,0.1,4.299988,82.06,82.11,82.12,81.76999,1.600006,82.15,0.02957988,0.04997993,0.0,6.0,3.0,2543.0,87.0,0.0,0.0,0.0,13.7,11.25,17.0,0.9223698214548686,2.0939642712471094,2328.613229372541,4609.081301470155,0.414917123076612,22.881111111111114
138.0,59088.4,52.3283404,-2.0858443,82.426,23.722,107.34,0.89,0.1,4.299988,81.95,82.14999,82.09,81.78,1.600006,82.03,0.009180069,0.0397799,0.0,6.0,3.0,2606.0,87.0,0.0,-0.4700011999999999,0.0,13.8,11.25,19.5,0.9211090301853933,2.0961577217934675,2329.5343384027265,4611.177459191948,0.4140270051580949,22.89611111111111
138.0,59088.5,52.3283592,-2.0858309,82.105,23.527,107.45,0.91,0.1,4.299988,81.95,82.03999,81.98999,81.78,1.800018,81.95,0.009180069,0.0397799,0.0,6.0,3.0,2676.0,87.0,0.0,0.0,0.0,13.8,11.25,23.0,0.9104102973035929,2.0911050283243395,2330.4447487000302,4613.268564220272,0.4106236131167059,22.806944444444444
138.0,59088.6,52.3283781,-2.0858178,82.26,23.251,107.52,0.88,0.1,4.299988,82.05,82.11,81.98,81.56999,1.600006,81.97,0.01937985,0.02957988,0.0,6.0,3.0,2738.0,87.0,0.0,0.0,0.0,13.7,11.25,31.0,0.9020263538047294,2.0994221721801805,2331.346775053835,4615.367986392453,0.4058065043812016,22.85
138.0,59088.7,52.32839679999999,-2.0858046,81.9,23.197,107.6,0.88,0.1,4.700012,82.09,82.14999,81.87999,81.48999,1.600006,82.11,0.0397799,0.0397799,0.0,6.0,3.0,2774.0,87.0,0.0,0.0,0.0,13.7,11.25,33.5,0.8961083568644974,2.09107981979589,2332.2428834106995,4617.459066212248,0.4048640265851246,22.75
138.0,59088.8,52.32841570000001,-2.0857915,82.001,23.049,107.7,0.89,0.1,5.399963,82.14999,82.25999,82.23,81.76999,1.399994,82.17,0.05915999,0.02957988,0.0,6.0,3.0,2783.0,87.0,0.0,0.0,0.0,13.7,11.25,33.5,0.8918023576859091,2.0959691562009226,2333.134685768385,4619.555035368449,0.402280939292173,22.778055555555557
138.0,59088.9,52.3284347,-2.0857785000000004,82.555,22.801,107.76,0.85,0.1,5.200012,82.36,82.39999,82.3,81.95999,1.200012,82.24,0.05915999,0.01937985,0.0,5.0,3.0,2815.0,87.0,0.0,-0.230011,0.0,13.7,11.25,33.5,0.8886854863126055,2.1139959475950265,2334.023371254698,4621.669031316044,0.39795252274722703,22.931944444444447
138.0,59089.0,52.3284535,-2.0857656,81.835,22.744,107.87,0.88,0.1,3.799988,82.53999,82.48999,82.25999,82.05,1.200012,82.42,0.06936002,0.01937985,0.0,5.0,3.0,2795.0,87.0,0.0,0.0,0.0,13.7,11.25,35.0,0.8788496763449287,2.0964341698802516,2334.902220931043,4623.765465485924,0.3969576850735903,22.73194444444444
138.0,59089.1,52.3284725,-2.0857527,82.228,22.681,107.95,0.87,0.1,2.0,82.56999,82.58,82.45999,81.98999,1.800018,82.62,0.07956004,0.04997993,0.0,5.0,3.0,2770.0,87.0,0.0,-0.230011,0.0,13.8,11.25,38.0,0.8807534634813283,2.107471685329812,2335.782974394524,4625.872937171254,0.3958581276448339,22.841111111111108
137.0,59089.2,52.3284916,-2.0857396,82.958,22.712,108.02,0.84,0.1,2.099976,82.62999,82.90999000000001,82.69,82.36,2.399994,82.78,0.07956004,0.05915999,0.0,5.0,3.0,2736.0,87.0,0.0,0.0,0.0,13.8,11.25,41.5,0.8897228212121345,2.1257002264310194,2336.672697215736,4627.998637397685,0.39639917971295213,23.043888888888887
137.0,59089.3,52.3285108,-2.0857268,82.89399999999999,22.367,108.1,0.84,0.1,2.599976,83.03,83.17999,82.76999,82.67999,2.5,82.92,0.07956004,0.07956004,0.0,5.0,3.0,2701.0,87.0,0.0,0.0,0.0,13.7,11.25,43.5,0.876230596148044,2.1293749954825687,2337.5489278118844,4630.128012393168,0.3903777937935717,23.02611111111111
136.0,59089.4,52.3285296,-2.0857147,81.688,21.659,108.24,0.9,0.1,3.700012,83.2,83.22,83.00999,82.81,2.300018,83.25,0.09995985,0.05915999,0.0,5.0,3.0,2677.0,87.0,0.0,0.0,0.0,13.7,11.25,44.5,0.8374875890978348,2.1089048752077457,2338.386415400982,4632.236917268376,0.37802086268945184,22.691111111111113
136.0,59089.5,52.3285486,-2.0857017,82.368,22.427,108.35,0.92,0.1,5.099976,83.31,83.3,83.17,82.75,1.5,83.32,0.08976007,0.0397799,0.0,5.0,3.0,2672.0,87.0,0.0,0.0,0.0,13.7,11.25,45.5,0.8728857647837395,2.1149502220236545,2339.259301165766,4634.351867490399,0.39142499134476827,22.88
136.0,59089.6,52.3285676,-2.0856888,82.71,22.479,108.46,0.94,0.1,5.399963,83.48999,83.59,83.5,83.00999,1.100006,83.48,0.08976007,0.009180069,0.0,5.0,3.0,2684.0,87.0,0.0,0.0,0.0,13.8,11.25,46.5,0.8784371484406418,2.1229353325618456,2340.1377383142067,4636.474802822961,0.39233256255580534,22.974999999999998
136.0,59089.7,52.3285878,-2.0856763000000003,84.596,21.289,108.5,0.89,0.1,5.399963,83.72,83.75999,83.70999,83.39,1.200012,83.68,0.07956004,0.009180069,0.0,5.0,3.0,2726.0,87.0,0.0,0.0,0.0,13.7,11.25,47.0,0.8531796856036705,2.1895347026701084,2340.9909179998103,4638.664337525631,0.37156314445707284,23.49888888888889
135.0,59089.8,52.3286073,-2.0856638000000003,83.93,21.476,108.56,0.86,0.1,5.399963,83.86,83.86,83.62999,83.33,1.100006,83.85,0.08976007,0.009180069,0.0,4.0,3.0,2758.0,87.0,0.0,0.0,0.0,13.8,11.25,47.0,0.8535481950285368,2.169522903773568,2341.844466194839,4640.833860429404,0.3748269101583022,23.31388888888889
135.0,59089.9,52.3286267,-2.0856517,83.45200000000001,21.052,108.66,0.87,0.1,5.200012,83.94,83.98,84.0,83.45,1.200012,83.93999000000001,0.07956004,0.009180069,0.0,4.0,3.0,2803.0,87.0,0.0,0.0,0.0,13.7,11.25,47.0,0.8327004973329342,2.163388315859702,2342.677166692172,4642.997248745263,0.36742671412984623,23.181111111111115
135.0,59090.0,52.3286463,-2.0856389,84.258,21.415,108.67,0.79,0.1,5.099976,84.09,84.17999,84.05,83.62,1.399994,84.00999,0.06936002,0.02957988,0.0,4.0,3.0,2867.0,87.0,0.0,0.0,0.0,13.7,11.25,47.0,0.8545645809763697,2.178912487214822,2343.531731273148,4645.176161232478,0.3737622593145857,23.404999999999998
135.0,59090.1,52.3286659,-2.0856263,84.035,21.509,108.75,0.79,0.1,5.099976,84.23,84.25,83.98,83.81999,1.399994,84.22,0.06936002,0.01937985,0.0,4.0,3.0,2984.0,87.0,0.0,0.0,0.0,13.7,11.25,47.0,0.855866997043934,2.171744485446787,2344.387598270192,4647.347905717925,0.37540286881146034,23.343055555555555
135.0,59090.2,52.32868570000001,-2.0856133,85.17200000000001,21.744,108.81,0.77,0.1,5.099976,84.17999,84.26999,84.17,83.87,1.5,84.32,0.06936002,0.01937985,0.0,4.0,3.0,3079.0,87.0,0.0,0.0,0.0,13.8,11.25,41.5,0.8764676017989104,2.197551996555433,2345.264065871991,4649.54545771448,0.379504392553647,23.658888888888892
135.0,59090.3,52.3287046,-2.0856001,83.473,22.49,108.86,0.75,0.1,5.099976,84.37999,84.56999,84.55,83.98,1.399994,84.43,0.05915999,0.02957988,0.0,5.0,3.0,3138.0,87.0,0.0,0.0,0.0,13.8,11.25,31.0,0.8869520516486201,2.1423491743349947,2346.1510179236398,4651.687806888815,0.39252454877352466,23.186944444444443
135.0,59090.4,52.3287243,-2.0855875,84.521,21.864,108.94,0.76,0.1,5.099976,84.44,84.53,84.44,84.06999,1.399994,84.53,0.04997993,0.0397799,0.0,5.0,3.0,2906.0,87.0,0.0,0.0,0.0,13.8,11.25,29.5,0.8743338993563781,2.178928901807905,2347.025351822996,4653.866735790623,0.3815987876560402,23.478055555555557
135.0,59090.5,52.3287439,-2.0855749,84.28,21.64,109.04,0.78,0.1,5.099976,84.59,84.64999,84.59,84.39999,1.399994,84.53,0.05915999,0.02957988,0.0,5.0,3.0,2663.0,87.0,0.0,0.0,0.0,13.8,11.25,25.5,0.863339900716751,2.1761078673628043,2347.888691723713,4656.042843657986,0.37768925013157295,23.41111111111111
135.0,59090.6,52.3287636,-2.0855627,84.43799999999999,21.133000000000003,109.14,0.79,0.1,4.799988,84.69,84.67999,84.47,83.98,1.700012,84.65,0.04997993,0.02957988,0.0,5.0,3.0,2630.0,87.0,0.0,0.0,0.0,13.8,11.25,20.5,0.8456327105370036,2.1877558293534127,2348.7343244342496,4658.2305994873395,0.36884043082396173,23.454999999999995
136.0,59090.7,52.3287837,-2.0855512,84.98200000000001,20.145,109.18,0.76,0.1,4.899963,84.59999,84.8,84.75999,84.25,1.800018,84.7,0.04997993,0.02957988,0.0,5.0,3.0,2612.0,87.0,0.0,0.0,0.0,13.8,11.25,16.5,0.8129877422708301,2.2161984903926397,2349.5473121765203,4660.446797977732,0.3515965778142577,23.606111111111115
137.0,59090.8,52.3288037,-2.0855395,85.02799999999999,19.845,109.22,0.73,0.1,4.899963,84.65999000000001,84.75,84.62999,84.45999,1.899994,84.74,0.0397799,0.0397799,0.0,6.0,3.0,2609.0,87.0,0.0,0.0,0.0,13.8,11.25,14.0,0.8018064387848272,2.22162678192805,2350.349118615305,4662.6684247596595,0.3463605900582747,23.618888888888886
137.0,59090.9,52.3288233,-2.0855279,84.118,19.987,109.13,0.6,0.1,5.200012,84.56,84.62,84.64,84.47,1.899994,84.67,0.02957988,0.0397799,0.0,6.0,3.0,2611.0,87.0,0.0,0.0,0.0,13.8,11.25,13.0,0.7986698588830414,2.1958774877209435,2351.147788474188,4664.864302247381,0.3488389575961066,23.36611111111111
137.0,59091.0,52.3288429,-2.0855163,83.96600000000001,20.183,109.04,0.48,0.1,6.200012,84.40999000000001,84.62,84.67999,84.17,1.399994,84.52,0.01937985,0.01937985,0.0,6.0,3.0,2655.0,87.0,0.0,0.0,0.0,13.8,11.25,12.5,0.8047201784445234,2.189169560225192,2351.9525086526323,4667.053471807606,0.3522598029300155,23.32388888888889
137.0,59091.1,52.3288629,-2.0855049,84.359,19.467,109.14,0.52,0.1,6.599976,84.47,84.69,84.67,84.17999,1.100006,84.52,0.009180069,0.009180069,0.0,6.0,3.0,2696.0,87.0,0.0,0.0,0.0,13.8,11.25,12.5,0.7809391046886859,2.209347198035104,2352.733447757321,4669.262819005641,0.3397632454857361,23.433055555555555
137.0,59091.2,52.3288828,-2.0854932,84.51700000000001,19.687,109.24,0.56,0.1,7.0,84.40999000000001,84.39,84.39999,84.12,0.8999939,84.41,0.0,0.0,0.0,6.0,3.0,2739.0,87.0,0.0,0.0,0.0,13.8,11.25,12.5,0.7908951472854625,2.2104646729761632,2353.5243429046063,4671.473283678617,0.3436029698401237,23.476944444444445
137.0,59091.3,52.3289027,-2.0854818,84.236,19.359,109.3,0.56,0.1,7.399963,84.11,84.17,84.31,84.01999,0.8999939,84.22,0.0,0.009180069,0.0,6.0,3.0,2783.0,87.0,0.0,0.0,0.0,13.7,11.25,15.5,0.7756406209611725,2.2075918190328228,2354.2999835255673,4673.68087549765,0.33787828989358226,23.39888888888889
137.0,59091.4,52.3289227,-2.0854703,84.553,19.4,109.39,0.59,0.1,7.599976,83.98,84.15999000000001,84.40999000000001,83.75999,0.5,84.2,0.0,0.0,0.0,6.0,3.0,2776.0,87.0,0.0,0.0,0.0,13.8,11.25,19.5,0.7801450051156323,2.215341816595653,2355.080128530683,4675.896217314245,0.3385938748868999,23.486944444444443
137.0,59091.5,52.3289427,-2.085459,84.52799999999999,19.198,109.49,0.62,0.1,7.599976,84.2,84.20999,84.28999,83.89999,0.8999939,84.18999000000001,0.0,0.0,0.0,6.0,3.0,2810.0,87.0,0.0,0.0,0.0,13.7,11.25,24.5,0.7721014843595971,2.217422670094654,2355.8522300150426,4678.11363998434,0.3350683097978714,23.479999999999997
137.0,59091.6,52.3289625,-2.0854477000000005,84.19,19.282,109.52,0.6,0.1,7.599976,84.22,84.17999,84.09,83.81999,0.7000122,84.15,0.009180069,0.0,0.0,6.0,3.0,2905.0,87.0,0.0,0.0,0.0,13.7,11.25,26.5,0.7722511859364434,2.207426110843147,2356.624481200979,4680.321066095183,0.33653438636954663,23.38611111111111
137.0,59091.7,52.3289824,-2.0854366,84.236,19.067,109.59,0.6,0.1,7.599976,84.2,84.31,84.22,83.64,0.6000061,84.14,0.01937985,0.0,0.0,6.0,3.0,2878.0,87.0,0.0,0.0,0.0,13.8,11.25,26.5,0.7643799110986418,2.2115160781361083,2357.388861112078,4682.532582173319,0.33278192847775884,23.39888888888889
137.0,59091.8,52.32900240000001,-2.0854253,84.48100000000001,19.072,109.66,0.61,0.1,7.599976,84.2,84.26999,84.31,83.73999,0.5,84.21,0.02957988,-0.009180069,0.0,6.0,3.0,2647.0,87.0,0.0,-0.230011,0.0,13.8,11.25,26.5,0.766796655965719,2.2178813548037715,2358.1556577680435,4684.750463528122,0.3328691949403585,23.466944444444447
136.0,59091.9,52.3290223,-2.0854143,84.22200000000001,18.896,109.72,0.61,0.1,7.599976,84.34,84.33,84.28,84.03,0.6000061,84.27,0.02957988,0.0,0.0,6.0,3.0,2433.0,87.0,0.0,0.0,0.0,13.8,11.25,26.5,0.7576502758823069,2.2134195963385404,2358.913308043926,4686.96388312446,0.32979741545684854,23.395000000000003
136.0,59092.0,52.3290422,-2.0854031,84.42,18.939,109.78,0.61,0.1,7.599976,84.37,84.37999,84.33,83.97,0.5,84.36,0.0397799,0.0,0.0,6.0,3.0,2136.0,87.0,0.0,0.0,0.0,13.7,11.25,26.5,0.7610963024006576,2.2180526185084175,2359.674404346327,4689.181935742969,0.3305479070352061,23.45
136.0,59092.1,52.3290622,-2.0853921,84.61399999999999,18.779,109.83,0.6,0.1,7.599976,84.40999000000001,84.53,84.42999,83.84999,0.5,84.43,0.0397799,0.0,0.0,6.0,3.0,2117.0,87.0,0.0,0.2399902,0.0,13.7,11.25,26.5,0.7566341556234173,2.225271373014173,2360.4310385019503,4691.407207115983,0.32775538023201517,23.503888888888884
136.0,59092.2,52.3290822,-2.085381,84.53200000000001,18.753,109.88,0.6,0.1,7.599976,84.61,84.67,84.59999,84.06999,0.5,84.55,0.04997993,0.0,0.0,6.0,3.0,2129.0,87.0,0.0,0.0,0.0,13.7,11.25,26.5,0.7548920010322595,2.223457635508482,2361.1859305029825,4693.630664751491,0.3273015946264966,23.481111111111115
136.0,59092.3,52.3291022,-2.0853699,84.64299999999999,18.747,109.94,0.6,0.1,7.599976,84.70999,84.67999,84.64,84.39,0.7000122,84.63,0.04997993,0.0,0.0,6.0,3.0,2130.0,87.0,0.0,0.0,0.0,13.8,11.25,27.5,0.7556501090958774,2.2264564285451014,2361.9415806120783,4695.857121180036,0.32719687487137694,23.511944444444442
136.0,59092.4,52.3291222,-2.0853587,84.6,18.819000000000003,109.99,0.58,0.1,7.599976,84.81,84.73999,84.70999,84.31999,0.6000061,84.77,0.04997993,0.0,0.0,6.0,3.0,2126.0,87.0,0.0,0.0,0.0,13.7,11.25,33.0,0.7580620559768964,2.2243745006828504,2362.6996426680553,4698.081495680719,0.3284535119328129,23.499999999999996
136.0,59092.5,52.3291425,-2.0853479,85.28,18.194000000000003,110.04,0.58,0.1,7.700011999999999,84.89,85.01999,85.0,84.47,0.7000122,84.98,0.05915999,-0.009180069,0.0,6.0,3.0,2126.0,87.0,0.0,0.0,0.0,13.7,11.25,36.0,0.739651054961223,2.2504557060284447,2363.4392937230164,4700.331951386747,0.31754520410784837,23.68888888888889
136.0,59092.6,52.3291626,-2.0853368,84.96,18.739,110.1,0.58,0.1,7.700011999999999,85.12,85.08,84.98999,84.53999,0.5,85.05,0.05915999,-0.009180069,0.0,5.0,3.0,2123.0,87.0,0.0,0.0,0.0,13.7,11.25,36.5,0.758168081957387,2.2349007046177816,2364.197461804974,4702.566852091365,0.3270572485312174,23.599999999999998
136.0,59092.7,52.3291828,-2.0853259,85.147,18.347,110.15,0.57,0.1,7.700011999999999,85.15999000000001,85.14999,85.14999,84.8,0.5,85.18999000000001,0.05915999,0.0,0.0,5.0,3.0,2133.0,87.0,0.0,0.2399902,0.0,13.6,11.25,37.0,0.7444950189245163,2.244965907720527,2364.9419568238986,4704.811817999085,0.32021555786339967,23.651944444444446
136.0,59092.8,52.329203,-2.085315,85.302,18.406,110.19,0.56,0.1,7.700011999999999,85.22,85.33,85.25999,84.76999,0.3999939,85.27,0.05915999,-0.009180069,0.0,5.0,3.0,2190.0,87.0,0.0,0.0,0.0,13.8,11.25,37.5,0.7481658368323905,2.248283374176149,2365.690122660731,4707.060101373261,0.32124530212207625,23.695
136.0,59092.9,52.3292233,-2.085304,85.48899999999999,18.434,110.26,0.57,0.1,7.700011999999999,85.3,85.31999,85.39999,84.89,0.6000061,85.25999,0.04997993,0.0,0.0,5.0,3.0,2345.0,87.0,0.0,0.0,0.0,13.8,11.25,38.5,0.7509070119332666,2.252845392809893,2366.441029672664,4709.312946766071,0.3217339943126347,23.74694444444444
136.0,59093.0,52.3292435,-2.0852931000000003,85.471,18.37,110.3,0.56,0.1,7.700011999999999,85.42999,85.39,85.40999000000001,85.09999,0.5,85.42,0.0397799,0.0,0.0,5.0,3.0,2447.0,87.0,0.0,0.0,0.0,13.7,11.25,39.5,0.7482325154595766,2.2532082377889306,2367.189262188124,4711.56615500386,0.3206169835913584,23.741944444444446
136.0,59093.1,52.3292639,-2.0852822,85.65799999999999,18.172,110.34,0.54,0.1,7.700011999999999,85.56,85.67999,85.5,85.01999,0.3999939,85.55,0.0397799,-0.009180069,0.0,5.0,3.0,2552.0,87.0,0.0,0.0,0.0,13.7,11.25,40.5,0.7420615291907773,2.260715853764675,2367.9313237173146,4713.826870857625,0.31716123167240956,23.793888888888883
136.0,59093.2,52.3292842,-2.0852713,85.601,18.29,110.39,0.54,0.1,7.700011999999999,85.62999,85.78,85.8,85.08,0.6000061,85.61,0.04997993,-0.01938009,0.0,5.0,3.0,2626.0,87.0,0.0,0.0,0.0,13.7,11.25,41.0,0.746218978170912,2.2576794494897685,2368.6775426954855,4716.084550307115,0.3192207201897629,23.778055555555554
136.0,59093.3,52.3293045,-2.0852603,85.705,18.279,110.44,0.53,0.1,7.700011999999999,85.8,85.78999,85.72,85.48,0.6000061,85.81,0.04997993,-0.009180069,0.0,5.0,3.0,2661.0,87.0,0.0,0.0,0.0,13.7,11.25,41.0,0.7466916050561427,2.260565788635076,2369.4242343005417,4718.34511609575,0.3190287339720435,23.806944444444444
136.0,59093.4,52.3293249,-2.0852495,85.89200000000001,18.066,110.49,0.53,0.1,7.200011999999999,85.97,85.94,85.90999000000001,85.61,0.5,85.93,0.05915999,0.0,0.0,5.0,3.0,2641.0,87.0,0.0,0.0,0.0,13.7,11.25,41.5,0.7398935566655307,2.268264383824842,2370.1641278572074,4720.613380479575,0.31531118266529556,23.85888888888889
136.0,59093.5,52.3293454,-2.0852387,86.141,18.09,110.54,0.53,0.1,5.0,86.14999,86.28999,86.14,85.48999,0.6000061,86.18999000000001,0.06936002,0.009180069,0.0,5.0,3.0,2638.0,87.0,0.0,0.4799805,0.0,13.7,11.25,42.0,0.74299131791318,2.2745290343724274,2370.9071191751204,4722.887909513948,0.3157300616857742,23.928055555555556
136.0,59093.6,52.3293658,-2.0852275,86.353,18.412,110.62,0.55,0.1,4.0,86.45999,86.45,86.37,86.0,1.300018,86.39,0.06936002,0.02957988,0.0,5.0,3.0,2669.0,87.0,0.0,0.0,0.0,13.8,11.25,43.0,0.7576222723590511,2.2759049914779284,2371.6647414474796,4725.163814505426,0.3213500218771959,23.986944444444443
136.0,59093.7,52.3293864,-2.0852166,86.479,18.081,110.66,0.54,0.1,4.200012,86.69,86.70999,86.47,86.33,1.800018,86.65,0.07956004,0.0397799,0.0,5.0,3.0,2669.0,87.0,0.0,0.0,0.0,13.8,11.25,44.0,0.7455479734754915,2.283570968497879,2372.410289420955,4727.4473854739235,0.3155729820530947,24.021944444444443
136.0,59093.8,52.329407,-2.0852058,86.677,17.858,110.7,0.53,0.1,4.899963,86.84,86.98,86.67999,86.31,1.700012,86.85,0.08976007,0.02957988,0.0,5.0,3.0,2667.0,87.0,0.0,0.0,0.0,13.7,11.25,44.5,0.7383411228542416,2.291690407561846,2373.1486305438093,4729.739075881485,0.3116808978211474,24.076944444444447
136.0,59093.9,52.3294277,-2.0851951000000004,86.9,17.587,110.75,0.52,0.1,6.299988,87.14999,87.23999,87.03999,86.56999,1.399994,87.09,0.08976007,0.02957988,0.0,5.0,3.0,2682.0,87.0,0.0,0.0,0.0,13.7,11.25,45.5,0.7293652440096716,2.3010619089307327,2373.877995787819,4732.040137790416,0.30695105554824276,24.13888888888889
136.0,59094.0,52.329448500000005,-2.0851846,87.228,17.397000000000002,110.79,0.5,0.1,6.799988000000001,87.37999,87.34,87.06,86.92,0.8999939,87.32,0.08976007,0.009180069,0.0,5.0,3.0,2678.0,87.0,0.0,0.0,0.0,13.8,11.25,46.0,0.7244547760972319,2.3121622515277576,2374.6024505639166,4734.3523000419445,0.30363492996945357,24.229999999999997
136.0,59094.1,52.3294694,-2.085174,87.368,17.303,110.84,0.5,0.1,6.399963,87.53,87.56,87.45,87.12,0.8999939,87.49,0.08976007,0.009180069,0.0,5.0,3.0,2693.0,87.0,0.0,0.0,0.0,13.8,11.25,46.0,0.721817099732025,2.3170605847812427,2375.3242676636487,4736.669360626725,0.30199432047257885,24.26888888888889
136.0,59094.2,52.32949039999999,-2.0851635,87.84,17.127,110.88,0.49,0.1,5.700012,87.75999,87.84,87.83,87.17999,0.8999939,87.68,0.08976007,0.009180069,0.0,5.0,3.0,2711.0,87.0,0.0,0.0,0.0,13.8,11.25,46.0,0.7185573065713482,2.3317966028736143,2376.04282497022,4739.001157229599,0.2989225409890688,24.4
136.0,59094.3,52.32951130000001,-2.085153,87.728,17.104,110.92,0.47,0.1,4.5,87.95,88.05,87.78999,87.48,1.300018,87.97,0.07956004,0.009180069,0.0,5.0,3.0,2725.0,87.0,0.0,0.0,0.0,13.7,11.25,44.0,0.7167062058369855,2.3291113479833623,2376.759531176057,4741.3302685775825,0.29852111526111014,24.368888888888886
136.0,59094.4,52.3295324,-2.0851425,88.14200000000001,17.046,110.95,0.46,0.1,3.899963,88.22,88.33,88.11,87.81,1.600006,88.25999,0.07956004,0.02957988,0.0,5.0,3.0,2727.0,87.0,0.0,0.0,0.0,13.7,11.25,37.5,0.7177192035291118,2.340830471460953,2377.477250379586,4743.671099049044,0.2975088242949534,24.48388888888889
136.0,59094.5,52.3295534,-2.0851321,88.178,16.887,111.0,0.46,0.1,3.799988,88.31999,88.53999,88.44,87.81999,1.800018,88.43,0.07956004,0.0397799,0.0,5.0,3.0,2732.0,87.0,0.0,0.0,0.0,13.7,11.25,36.0,0.7115109567365507,2.343770058571485,2378.188761336323,4746.014869107616,0.29473375078428243,24.493888888888886
136.0,59094.6,52.3295746,-2.0851218,88.51700000000001,16.747,111.03,0.45,0.1,3.899963,88.72,88.72,88.51999,88.34999,1.899994,88.65,0.07956004,0.05915999,0.0,5.0,3.0,2733.0,87.0,0.0,0.0,0.0,13.8,11.25,36.0,0.7084953038293634,2.354518881742638,2378.897256640152,4748.369387989358,0.29229028983149036,24.588055555555556
136.0,59094.7,52.3295959,-2.0851116,88.758,16.398,111.08,0.44,0.1,3.899963,88.8,88.81999,88.62999,88.53,1.800018,88.86,0.07956004,0.05915999,0.0,5.0,3.0,2758.0,87.0,0.0,0.0,0.0,13.8,11.25,38.5,0.6960303007648836,2.3652129017103607,2379.593286940917,4750.734600891068,0.28619909074203015,24.654999999999998
136.0,59094.8,52.3296172,-2.0851015,88.97,16.264,111.12,0.44,0.1,4.599976,89.2,89.25,89.0,88.59999,1.899994,89.07,0.07956004,0.05915999,0.0,5.0,3.0,2778.0,87.0,0.0,0.0,0.0,13.8,11.25,42.0,0.6921460447758679,2.3724874905517583,2380.2854329856928,4753.10708838162,0.28386034954435774,24.71388888888889
136.0,59094.9,52.3296387,-2.0850915,89.262,16.087,111.16,0.43,0.1,4.799988,89.40999000000001,89.47,89.01999,88.89,1.600006,89.4,0.07956004,0.04997993,0.0,5.0,3.0,2759.0,87.0,0.0,0.0,0.0,13.7,11.25,43.0,0.687061149355539,2.382407863285849,2380.9724941350482,4755.489496244906,0.2807711167683278,24.794999999999998
136.0,59095.0,52.3296601,-2.0850814000000004,89.309,16.032,111.19,0.42,0.1,4.799988,89.56999,89.69,89.40999000000001,89.22,1.5,89.57999000000001,0.08976007,0.0397799,0.0,5.0,3.0,2772.0,87.0,0.0,0.0,0.0,13.7,11.25,43.0,0.6851344465191826,2.384321076253817,2381.657628581567,4757.87381732116,0.2798111856797309,24.808055555555555
136.0,59095.1,52.3296817,-2.0850715,89.773,15.842,111.23,0.42,0.1,4.599976,89.76999,89.81999,89.78,89.25,1.5,89.75999,0.08976007,0.0397799,0.0,5.0,3.0,2756.0,87.0,0.0,0.0,0.0,13.7,11.25,43.0,0.6807424657895403,2.398979299102821,2382.3383710473568,4760.272796620262,0.2764950601009417,24.936944444444443
136.0,59095.2,52.3297034,-2.0850617,90.151,15.589,111.26,0.41,0.1,4.5,90.12,90.14999,89.90999000000001,89.70999,1.600006,90.04,0.07956004,0.0397799,0.0,5.0,3.0,2790.0,87.0,0.0,0.0,0.0,13.8,11.25,38.0,0.6729644479208936,2.4120755932227635,2383.0113354952778,4762.684872213485,0.272079377093396,25.041944444444443
136.0,59095.3,52.329725,-2.0850519,90.068,15.461,111.28,0.38,0.1,4.099976,90.31999,90.45,90.15999,89.76999,1.5,90.32999,0.06936002,0.04997993,0.0,5.0,3.0,2802.0,87.0,0.0,0.0,0.0,13.8,11.25,36.0,0.6669595239602911,2.411350867406969,2383.6782950192382,4765.096223080892,0.2698453556508433,25.01888888888889
136.0,59095.4,52.3297468,-2.0850422,90.198,15.365,111.32,0.38,0.1,3.0,90.53999,90.53,90.39,90.0,1.800018,90.52,0.07956004,0.04997993,0.0,5.0,3.0,2791.0,87.0,0.0,0.0,0.0,13.8,11.25,34.5,0.6638751582651179,2.415947024302988,2384.3421701775032,4767.512170105195,0.26816983956892876,25.054999999999996
136.0,59095.5,52.3297687,-2.0850326,90.76,15.130999999999998,111.36,0.38,0.1,2.899963,90.72,90.78999,90.64,90.55,2.100006,90.67,0.07956004,0.06936002,0.0,5.0,3.0,2782.0,87.0,0.0,0.0,0.0,13.7,11.25,34.5,0.6580776702806399,2.4337080791347816,2385.000247847784,4769.94587818433,0.26408576911926196,25.211111111111112
136.0,59095.6,52.3297906,-2.0850231,90.853,14.953,111.39,0.38,0.1,2.899963,90.86,91.09,90.92999,90.39999,2.200012,90.89,0.07956004,0.07956004,0.0,5.0,3.0,2797.0,87.0,0.0,0.0,0.0,13.7,11.25,36.5,0.6511803084716492,2.438236628134874,2385.651428156256,4772.384114812465,0.2609790830507121,25.236944444444443
136.0,59095.7,52.3298126,-2.0850137,91.152,14.74,111.42,0.37,0.1,2.599976,91.2,91.19,90.98999,90.7,2.100006,91.11,0.07956004,0.07956004,0.0,5.0,3.0,2824.0,87.0,0.0,0.0,0.0,13.7,11.25,40.5,0.6442247686452411,2.4486727930583103,2386.295652924901,4774.832787605523,0.25726153174396416,25.32
136.0,59095.8,52.32983479999999,-2.0850044,91.404,14.365,111.44,0.36,0.1,2.700012,91.39999,91.53,91.2,91.09,2.100006,91.42,0.07956004,0.06936002,0.0,5.0,3.0,2813.0,87.0,0.0,0.0,0.0,13.7,11.25,44.0,0.629921246058988,2.4596179019846747,2386.92557417096,4777.292405507507,0.25071654704898544,25.389999999999997
137.0,59095.9,52.3298569,-2.0849951,91.487,14.423,111.47,0.35,0.1,2.700012,91.72,91.8,91.61,91.09999,2.200012,91.6,0.07956004,0.06936002,0.0,5.0,3.0,2815.0,87.0,0.0,0.0,0.0,13.7,11.25,45.5,0.6329850366030919,2.4612118702245267,2387.558559207563,4779.753617377732,0.2517288380151422,25.41305555555555
137.0,59096.0,52.3298792,-2.0849861,91.861,13.992,111.5,0.33,0.1,2.799988,91.97,92.08,91.73,91.65999,2.200012,91.98,0.07956004,0.06936002,0.0,5.0,3.0,2838.0,87.0,0.0,0.0,0.0,13.8,11.25,48.0,0.6169650503686116,2.4759843829136523,2388.1755242579316,4782.229601760645,0.2442064689390466,25.516944444444444
137.0,59096.1,52.3299015,-2.0849771,91.951,13.9,111.52,0.33,0.1,3.700012,92.12,92.34999,92.09,91.76999,2.200012,92.16,0.07956004,0.06936002,0.0,5.0,3.0,2838.0,87.0,0.0,-0.230011,0.0,13.8,11.25,49.0,0.613589131495191,2.4793986443776728,2388.789113389427,4784.709000405022,0.2426007660272118,25.541944444444443
137.0,59096.2,52.3299239,-2.0849682,92.29,13.681,111.55,0.33,0.1,4.5,92.48,92.50999,92.3,92.06,1.899994,92.43999,0.07956004,0.06936002,0.0,5.0,3.0,2846.0,87.0,0.0,0.0,0.0,13.7,11.25,50.0,0.6063349306046669,2.4908753242466757,2389.3954483200314,4787.1998757292695,0.2387784949653442,25.636111111111113
137.0,59096.3,52.3299464,-2.0849595,92.509,13.319,111.57,0.31,0.1,4.700012,92.64,92.7,92.51999,92.33,1.300018,92.66,0.08976007,0.04997993,0.0,5.0,3.0,2848.0,87.0,0.0,0.2399902,0.0,13.7,11.25,50.0,0.5919867865923779,2.5005761700673452,2389.9874351066237,4789.700451899337,0.23246040307312477,25.696944444444444
137.0,59096.4,52.329969,-2.084951,92.804,13.027,111.6,0.31,0.1,5.099976,92.94,92.97,92.92,92.33,1.300018,92.85,0.07956004,0.0397799,0.0,5.0,3.0,2844.0,87.0,0.0,0.0,0.0,13.7,11.25,50.0,0.581082425340176,2.511544213908561,2390.568517531964,4792.211996113246,0.22736404165730129,25.77888888888889
137.0,59096.5,52.3299916,-2.0849425,93.089,12.991,111.63,0.3,0.1,5.799988,93.12999,93.15999,92.89999,92.65999,1.399994,93.11,0.07956004,0.02957988,0.0,5.0,3.0,2863.0,87.0,0.0,0.0,0.0,13.7,11.25,50.0,0.5812839117891512,2.5196228656362596,2391.1498014437534,4794.731618978882,0.22673572312658336,25.858055555555556
137.0,59096.6,52.3300143,-2.0849339,93.449,12.967,111.64,0.28,0.1,7.0,93.34999,93.59,93.34999,92.98,1.100006,93.39,0.07956004,0.009180069,0.0,5.0,3.0,2881.0,87.0,0.0,0.0,0.0,13.7,11.25,52.0,0.5824723418680852,2.529611126875393,2391.7322737856216,4797.261230105757,0.22631684410610473,25.958055555555553
137.0,59096.7,52.330037100000006,-2.0849254,93.42,12.834,111.66,0.28,0.1,7.5,93.75999,93.70999,93.59,93.0,0.5,93.65,0.07956004,0.0,0.0,5.0,3.0,2865.0,87.0,0.0,0.0,0.0,13.8,11.25,52.5,0.5764198863995176,2.5301709654810223,2392.308693672021,4799.791401071238,0.22399555620095224,25.95
137.0,59096.8,52.3300599,-2.0849171,93.658,12.608,111.69,0.27,0.1,7.099976,93.86,93.94,93.75999,93.36,0.6000061,93.89,0.07956004,0.0,0.0,4.0,3.0,2885.0,87.0,0.0,0.0,0.0,13.7,11.25,53.5,0.5678783802167413,2.5388766253481485,2392.876572052238,4802.330277696587,0.22005111209144507,26.016111111111112
137.0,59096.9,52.3300829,-2.0849087,94.244,12.553,111.7,0.26,0.1,7.0,94.17999,94.09999,94.12,93.48999,0.6000061,94.04,0.06936002,0.0,0.0,4.0,3.0,2948.0,87.0,0.0,0.0,0.0,13.7,11.25,53.5,0.5689788272001941,2.5553092432748317,2393.445550879438,4804.885586939861,0.2190911810028482,26.17888888888889
137.0,59097.0,52.3301059,-2.0849004,94.259,12.521,111.71,0.24,0.1,6.799988000000001,94.34,94.31999,94.22,93.89,0.8000183000000001,94.25,0.05915999,0.0,0.0,4.0,3.0,3013.0,87.0,0.0,0.0,0.0,13.7,11.25,53.5,0.5676419168863893,2.5560333793686327,2394.0131927963243,4807.4416203192295,0.21853267564221002,26.183055555555555
137.0,59097.1,52.3301289,-2.0848921,94.374,12.442,111.73,0.23,0.1,6.099976,94.48,94.51999,94.56,93.92999,0.7000122,94.43,0.05915999,0.0,0.0,4.0,3.0,3089.0,87.0,0.0,0.0,0.0,13.7,11.25,53.5,0.5648053406767172,2.559933041535082,2394.577998137001,4810.001553360765,0.21715386553313448,26.214999999999996
137.0,59097.2,52.330152,-2.0848838,94.777,12.44,111.75,0.23,0.1,4.599976,94.67,94.67,94.55,94.14999,1.0,94.63,0.05915999,0.01937985,0.0,4.0,3.0,3192.0,87.0,0.0,0.0,0.0,13.7,11.25,53.5,0.5671274568018447,2.570884378098345,2395.1451255938027,4812.572437738863,0.21711895894809458,26.326944444444443
137.0,59097.3,52.3301751,-2.0848754,94.896,12.499,111.77,0.23,0.1,3.0,94.73,94.92,94.78,94.39999,1.800018,94.77,0.04997993,0.02957988,0.0,4.0,3.0,3282.0,87.0,0.0,0.0,0.0,13.7,11.25,45.0,0.5704899059215957,2.5735262320873225,2395.715615499724,4815.145963970951,0.21814870320677127,26.36
137.0,59097.4,52.3301983,-2.0848671,94.997,12.382,111.78,0.22,0.1,1.099976,94.94,95.05,94.90999,94.5,2.300018,94.99,0.04997993,0.06936002,0.0,5.0,3.0,3462.0,87.0,0.0,0.0,0.0,13.7,11.25,37.0,0.5658350799411569,2.5774261235462887,2396.2814505796655,4817.7233900944975,0.21610666798193787,26.388055555555553
137.0,59097.5,52.3302215,-2.084859,95.26,12.081,111.79,0.21,0.1,0.2999877999999999,94.98999,95.36,95.05,94.87,3.0,95.15,0.04997993,0.09995985,0.0,5.0,3.0,3202.0,87.0,0.0,0.0,0.0,13.8,11.25,34.5,0.5538159890858299,2.5875068816485425,2396.835266568751,4820.310896976146,0.21085322693343495,26.461111111111112
137.0,59097.6,52.3302448,-2.084851,95.285,11.859000000000002,111.8,0.2,0.1,0.2000122,95.34,95.42,95.31999,94.86,3.0,95.34,0.04997993,0.1193398999999999,0.0,5.0,3.0,3039.0,87.0,0.0,0.0,0.0,13.8,11.25,33.0,0.5439289338621264,2.5903129084779244,2397.379195502613,4822.901209884624,0.20697859599400756,26.468055555555555
137.0,59097.7,52.3302682,-2.0848432,95.58,11.536,111.81,0.19,0.1,0.09997559,95.47,95.62999,95.33,95.25,3.0,95.52,0.05915999,0.1193398999999999,0.0,5.0,3.0,3092.0,87.0,0.0,0.0,0.0,13.8,11.25,30.5,0.5309564576645552,2.601366994498144,2397.9101519602777,4825.502576879122,0.20134118251006586,26.549999999999997
137.0,59097.8,52.3302917,-2.0848356000000003,95.789,11.285,111.83,0.18,0.1,0.0,95.70999,95.89999,95.67,95.3,3.100006,95.72,0.05915999,0.1091398999999999,0.0,5.0,3.0,3111.0,87.0,0.0,0.0,0.0,13.8,11.25,24.0,0.5206914778411091,2.609361337450019,2398.4308434381187,4828.111938216572,0.1969604060875601,26.608055555555556
137.0,59097.9,52.3303152,-2.0848283,95.951,10.84,111.82,0.15,0.1,0.0,95.84,96.14999,95.70999,95.70999,3.0,96.0,0.05915999,0.1193398999999999,0.0,6.0,3.0,3083.0,87.0,0.0,0.0,0.0,13.7,11.25,23.0,0.5012561124969984,2.6177463616935284,2398.9320995506155,4830.729684578265,0.18919369091618532,26.653055555555554
137.0,59098.0,52.33033880000001,-2.0848209,96.178,10.796,111.82,0.14,0.1,0.2000122,95.89,96.20999,95.97,95.73,3.200012,96.12,0.04997993,0.12954,0.0,6.0,3.0,3101.0,87.0,0.0,0.0,0.0,13.7,11.25,20.0,0.5004267908704908,2.6243244761255053,2399.4325263414858,4833.35400905439,0.18842574604530782,26.71611111111111
137.0,59098.1,52.3303625,-2.0848139,96.376,10.27,111.83,0.13,0.1,0.8999634,96.09,96.26999,96.11,96.05,3.0,96.18999,0.0397799,0.13974,0.0,6.0,3.0,3069.0,87.0,0.0,0.0,0.0,13.7,11.25,19.5,0.47729418798646117,2.634219838842027,2399.909820529472,4835.988228893232,0.17924531417981765,26.77111111111111
137.0,59098.2,52.3303862,-2.0848071,96.548,10.016,111.83,0.12,0.1,1.5,96.03,96.42,96.22,96.14,2.800018,96.22,0.02957988,0.1091398999999999,0.0,6.0,3.0,3087.0,87.0,0.0,0.0,0.0,13.8,11.25,19.0,0.4664426469049583,2.6410148181132906,2400.376263176377,4838.629243711345,0.17481217787975203,26.81888888888889
137.0,59098.3,52.33041,-2.0848006000000003,96.577,9.571,111.83,0.1,0.1,2.700012,96.31999,96.44,96.25999,95.98,2.5,96.4,0.02957988,0.08976007,0.0,6.0,3.0,3117.0,87.0,0.0,0.0,0.0,13.9,11.25,19.0,0.44605071444947736,2.6453521962854394,2400.8223138908265,4841.274595907631,0.16704546270837728,26.826944444444443
137.0,59098.4,52.3304338,-2.0847941,96.613,9.468,111.83,0.09,0.1,3.099976,96.31,96.59999,96.37,96.28999,2.200012,96.53,0.02957988,0.07956004,0.0,6.0,3.0,3105.0,87.0,0.0,0.0,0.0,13.8,11.25,19.0,0.4414589721103399,2.6471361595288707,2401.263772862937,4843.92173206716,0.16524777357882312,26.836944444444445
137.0,59098.5,52.3304576,-2.0847878,96.696,9.188,111.82,0.06,0.1,3.399963,96.72,96.64999,96.58,96.17,1.800018,96.68,0.02957988,0.07956004,0.0,6.0,3.0,3087.0,87.0,0.0,0.0,0.0,13.8,11.25,19.0,0.4288855427534185,2.6515378917181454,2401.6926584056905,4846.573269958878,0.16036085167323902,26.86
137.0,59098.6,52.3304815,-2.0847818,96.966,8.863,111.81,0.05,0.1,4.200012,96.64999,96.78,96.55,96.44,2.100006,96.74,0.02957988,0.06936002,0.0,6.0,3.0,3087.0,87.0,0.0,0.0,0.0,13.7,11.25,19.0,0.4149938947680049,2.6613384447126003,2402.1076523004585,4849.234608403591,0.1546885316042574,26.935
137.0,59098.7,52.3305054,-2.0847757,96.872,8.823,111.81,0.05,0.1,4.799988,96.75999,96.83,96.92,96.31999,2.200012,96.77,0.02957988,0.04997993,0.0,6.0,3.0,3090.0,87.0,0.0,0.0,0.0,13.7,11.25,19.0,0.41273533023932774,2.659047302986149,2402.5203876306978,4851.893655706577,0.1539903999034597,26.90888888888889
137.0,59098.8,52.3305294,-2.0847698,97.16,8.633,111.8,0.03,0.1,4.899963,96.81,96.90999,96.89,96.65999,1.899994,96.8,0.02957988,0.05915999,0.0,6.0,3.0,3079.0,87.0,0.0,0.0,0.0,13.7,11.25,3.5,0.4051161806759591,2.6683107230460297,2402.925503811374,4854.561966429623,0.15067427432467045,26.988888888888887
137.0,59098.9,52.3305535,-2.0847641,97.265,8.267000000000001,111.8,0.03,0.1,5.0,96.89,96.89999,97.0,96.48999,1.300018,96.87,0.01937985,0.05915999,0.0,6.0,3.0,3030.0,87.0,0.0,0.0,0.0,13.7,11.25,0.0,0.38848249216477515,2.6737304675887414,2403.3139863035385,4857.235696897212,0.14428636926237123,27.018055555555556
137.0,59099.0,52.3305775,-2.0847584,97.333,8.28,111.78,0.0,0.1,5.200012,96.78999,96.84,96.94,96.58,1.100006,96.88,0.009180069,0.04997993,0.0,6.0,3.0,2930.0,87.0,0.0,0.0,0.0,13.8,11.25,0.0,0.38936115272662114,2.675511454220884,2403.703347456265,4859.911208351433,0.1445132620651305,27.036944444444444
137.0,59099.1,52.3306016,-2.0847529,97.391,7.931,111.77,-0.02,0.1,5.399963,96.78,96.78,97.03,96.34999,1.300018,96.81,-0.009180069,0.02957988,0.0,6.0,3.0,2868.0,87.0,0.0,0.0,0.0,13.8,11.25,0.0,0.3732792592412792,2.679429182408081,2404.0766267155063,4862.590637533841,0.13842206297567028,27.053055555555556
137.0,59099.2,52.3306256,-2.0847475,97.193,7.876,111.74,-0.04,0.1,5.399963,96.72,96.78999,96.89,96.44,1.399994,96.8,-0.009180069,0.02957988,0.0,6.0,3.0,2765.0,87.0,0.0,0.0,0.0,13.8,11.25,0.0,0.3699533573150621,2.6743381519957334,2404.4465800728212,4865.264975685836,0.1374621318870734,26.998055555555553
137.0,59099.3,52.3306496,-2.084742,97.214,7.883999999999999,111.72,-0.06,0.1,5.899963,96.76999,96.76999,97.08,96.34,1.200012,96.72,-0.009180069,0.01937985,0.0,6.0,3.0,2612.0,87.0,0.0,1.429993,1.0,13.8,11.25,0.0,0.3704067763867966,2.674864290247509,2404.816986849208,4867.939839976084,0.13760175822723292,27.003888888888888
137.0,59099.4,52.3306737,-2.0847368,97.211,7.593,111.71,-0.07,0.1,6.099976,96.62999,96.67,96.8,96.31999,1.200012,96.68999,-0.009180069,0.0397799,0.0,6.0,3.0,2497.0,87.0,0.0,0.9499817,1.0,13.7,11.25,0.0,0.35680565617856,2.676628442104579,2405.1737925053867,4870.616468418189,0.13252285010392945,27.003055555555555
137.0,59099.5,52.3306977,-2.0847316,97.024,7.542999999999999,111.68,-0.09,0.1,6.299988,96.56,96.59999,96.81,96.34,0.8999939,96.61,-0.01938009,0.02957988,0.0,6.0,3.0,2373.0,87.0,0.0,0.9499817,1.0,13.8,11.25,0.0,0.35378784575685307,2.671789299594804,2405.5275803511436,4873.288257717783,0.13165018547793225,26.95111111111111
137.0,59099.6,52.3307217,-2.0847265,97.146,7.405,111.66,-0.1,0.1,6.200012,96.56999,96.45,96.7,96.08,0.8999939,96.52,-0.02958012,0.01937985,0.0,6.0,3.0,2313.0,87.0,0.0,0.9499817,1.0,13.8,11.25,0.0,0.34778844324430314,2.675994291613064,2405.8753687943877,4875.964252009397,0.1292416311101801,26.985
137.0,59099.7,52.3307457,-2.0847214000000003,96.797,7.403,111.64,-0.11,0.1,6.799988000000001,96.19,96.37,96.62999,96.25999,1.100006,96.34,-0.02958012,0.01937985,0.0,6.0,3.0,2296.0,87.0,0.0,0.7200012,1.0,13.8,11.25,0.0,0.3464459280839255,2.6663927944885555,2406.2218147224717,4878.630644803885,0.1292067245251402,26.888055555555553
137.0,59099.8,52.330769700000005,-2.0847164,96.926,7.282,111.63,-0.12,0.1,7.200011999999999,96.17,95.95999,96.56,95.75,1.0,96.2,-0.03978014,0.01937985,0.0,6.0,3.0,2286.0,87.0,0.0,0.0,1.0,13.8,11.25,0.0,0.3412683405812662,2.6706729205818625,2406.563083063053,4881.301317724467,0.12709487613022707,26.92388888888889
137.0,59099.9,52.3307936,-2.0847114,96.793,7.162000000000001,111.6,-0.13,0.1,7.599976,95.95999,96.25,96.40999,95.89,0.8000183000000001,96.11,-0.03978014,0.01937985,0.0,6.0,3.0,2284.0,87.0,0.0,0.0,1.0,13.8,11.25,0.0,0.3352135462612353,2.6677161944234973,2406.8982966093145,4883.96903391889,0.1250004810278339,26.886944444444445
137.0,59100.0,52.3308175,-2.0847066,96.487,7.033,111.57,-0.15,0.1,8.099976,95.92999,95.87999,96.14999,95.45,0.3999939,96.02,-0.03978014,0.0,0.0,6.0,3.0,2284.0,87.0,0.0,0.0,1.0,13.8,11.25,0.0,0.3281656576980297,2.660028112847397,2407.2264622670123,4886.629062031738,0.1227490062927612,26.80194444444444
137.0,59100.1,52.3308414,-2.0847019,96.473,6.847,111.55,-0.16,0.1,8.0,95.83,95.87999,96.17999,95.59999,0.5,95.87,-0.03978014,-0.009180069,0.0,6.0,3.0,2288.0,87.0,0.0,0.2399902,1.0,13.8,11.25,0.0,0.31948229866685773,2.6606933074717496,2407.5459445656793,4889.2897553392095,0.11950269388405176,26.798055555555553
137.0,59100.2,52.3308652,-2.0846971,96.293,7.0520000000000005,111.53,-0.17,0.1,8.0,95.7,95.78999,96.17,95.5,0.7000122,95.75,-0.03978014,-0.009180069,0.0,6.0,3.0,2285.0,87.0,0.0,1.190002,1.0,13.8,11.25,0.0,0.3283861439401536,2.654571020051824,2407.8743307096192,4891.944326359261,0.12308061885064013,26.748055555555556
137.0,59100.3,52.3308891,-2.0846923,96.271,6.981,111.51,-0.18,0.1,8.0,95.50999,95.62,95.86,95.33,0.5,95.57,-0.03978014,0.0,0.0,6.0,3.0,2275.0,87.0,0.0,0.9499817,1.0,13.8,11.25,0.0,0.32502211676538745,2.654369331933836,2408.1993528263847,4894.598695691195,0.12184143508172414,26.741944444444442
137.0,59100.4,52.3309129,-2.0846876,96.181,6.832999999999999,111.48,-0.18,0.1,8.299988,95.48,95.5,95.83,95.3,0.3000183,95.50999,-0.04997993,0.0,0.0,6.0,3.0,2286.0,87.0,0.0,1.899994,1.0,13.8,11.25,0.0,0.31786713273033884,2.6527177932085237,2408.517219959115,4897.251413484403,0.11925834778877252,26.716944444444444
137.0,59100.5,52.3309367,-2.084683,95.897,6.832999999999999,111.46,-0.19,0.1,8.5,95.31,95.23,95.58,95.05,0.3999939,95.35,-0.04997993,0.0,0.0,6.0,3.0,2280.0,87.0,0.0,4.279999,1.0,13.8,11.25,0.0,0.3169285454241618,2.6448849379328334,2408.8341485045394,4899.896298422336,0.11925834778877252,26.638055555555557
137.0,59100.6,52.3309604,-2.0846784,95.756,6.747000000000001,111.43,-0.2,0.1,8.599976,94.90999,95.0,95.45,95.00999,0.3999939,95.06,-0.04997993,0.0,0.0,6.0,3.0,2279.0,87.0,0.0,4.98999,1.0,13.8,11.25,0.0,0.31249811100807845,2.641468120544132,2409.1466466155475,4902.5377665428805,0.11775736463205742,26.598888888888887
137.0,59100.7,52.3309841,-2.0846738,95.702,6.654,111.41,-0.2,0.1,8.5,94.84999,94.81,95.17999,94.5,0.3999939,94.86,-0.06936002,-0.009180069,0.0,6.0,3.0,2285.0,87.0,0.0,1.6699830000000002,1.0,13.8,11.25,0.0,0.3080363758663567,2.64048197791824,2409.454682991414,4905.178248520799,0.11613420842770268,26.583888888888886
137.0,59100.8,52.3310077,-2.0846693000000003,95.411,6.667999999999999,111.38,-0.21,0.1,8.799988,94.84999,94.89999,95.09999,94.59,0.3999939,94.91,-0.05915999,-0.009180069,0.0,6.0,3.0,2282.0,87.0,0.0,0.0,1.0,13.8,11.25,0.0,0.30774295356718845,2.632377976723401,2409.7624259449813,4907.810626497522,0.11637855452298188,26.503055555555555
137.0,59100.9,52.3310313,-2.0846648,95.198,6.645,111.35,-0.22,0.1,8.899963,94.69,94.56999,94.89,94.17,0.1000061,94.68999,-0.03978014,-0.009180069,0.0,6.0,3.0,2269.0,87.0,0.0,-0.230011,1.0,13.8,11.25,0.0,0.3060015638151041,2.6266243809539502,2410.0684275087965,4910.437250878476,0.11597712879502318,26.443888888888885
137.0,59101.0,52.331054900000005,-2.0846604,95.033,6.54,111.32,-0.23,0.1,9.099976,94.58,94.56,94.90999,94.31,0.1000061,94.56,-0.03978014,-0.009180069,0.0,6.0,3.0,2270.0,87.0,0.0,0.0,1.0,13.8,11.25,0.0,0.30066548494814815,2.622627239487699,2410.3690929937447,4913.059878117964,0.11414453308042916,26.398055555555555
137.0,59101.1,52.3310785,-2.0846559,95.144,6.617000000000001,111.28,-0.24,0.1,9.0,94.50999,94.5,94.84,94.26999,0.3000183,94.49,-0.03978014,-0.01938009,0.0,6.0,3.0,2272.0,87.0,0.0,-0.230011,1.0,13.8,11.25,0.0,0.3045450686764457,2.6252835999482427,2410.673638062421,4915.685161717913,0.1154884366044648,26.42888888888889
137.0,59101.2,52.331102,-2.0846515,95.018,6.511,111.25,-0.25,0.1,9.0,94.40999,94.31999,94.61,93.97,0.3999939,94.39,-0.03978014,-0.009180069,0.0,6.0,3.0,2276.0,87.0,0.0,0.0,0.0,13.8,11.25,0.0,0.2992907680761215,2.622365104811786,2410.972928830497,4918.307526822725,0.1136383875973508,26.39388888888889
137.0,59101.3,52.3311255,-2.084647,94.774,6.664,111.2,-0.28,0.1,9.099976,94.31999,94.47,94.61,94.14,0.1000061,94.31,-0.03978014,-0.009180069,0.0,6.0,3.0,2280.0,87.0,0.0,0.0,0.0,13.8,11.25,0.0,0.3055057965172038,2.6148245582906835,2411.278434627014,4920.922351381016,0.11630874135290212,26.32611111111111
137.0,59101.4,52.331149,-2.0846427000000003,94.558,6.48,111.17,-0.27,0.1,9.099976,94.03,93.92,94.44,93.62,0.1000061,94.14,-0.03978014,-0.01938009,0.0,6.0,3.0,2294.0,87.0,0.0,0.0,0.0,13.8,11.25,0.0,0.29642983446851895,2.609830508337527,2411.574864461483,4923.5321818893535,0.11309733552923257,26.266111111111112
137.0,59101.5,52.3311724,-2.0846382,94.597,6.585,111.14,-0.27,0.1,9.099976,93.90999,93.98999,94.56,93.98,0.3000183,93.9,-0.02958012,-0.009180069,0.0,6.0,3.0,2295.0,87.0,0.0,0.0,0.0,13.8,11.25,0.0,0.3013363317366429,2.610359076552439,2411.8762007932196,4926.142540965906,0.1149299312438266,26.276944444444442
137.0,59101.6,52.3311959,-2.0846337,94.637,6.569,111.12,-0.27,0.1,9.099976,94.05,93.92,94.25,93.59999,0.0,94.05,-0.03978014,0.0,0.0,6.0,3.0,2295.0,87.0,0.0,0.0,0.0,13.8,11.25,0.0,0.3007344809694326,2.611546940201497,2412.176935274189,4928.754087906107,0.11465067856350751,26.288055555555555
137.0,59101.7,52.3312192,-2.0846295,94.334,6.3260000000000005,111.07,-0.3,0.1,8.899963,93.87,93.7,94.05,93.45999,0.0,93.87,-0.03978014,-0.009180069,0.0,6.0,3.0,2286.0,87.0,0.0,0.0,0.0,13.8,11.25,0.0,0.28872845362871924,2.6044334910067324,2412.4656637278176,4931.358521397114,0.1104095284811613,26.20388888888889
137.0,59101.8,52.3312426,-2.0846252,94.151,6.41,111.04,-0.3,0.1,8.299988,93.75,93.7,94.14999,93.62999,0.3999939,93.62,-0.03978014,0.0,0.0,6.0,3.0,2298.0,87.0,0.0,0.0,0.0,13.8,11.25,0.0,0.2919789254809819,2.598955839562251,2412.7576426532987,4933.957477236676,0.11187560505283653,26.153055555555554
137.0,59101.9,52.3312659,-2.0846207,94.277,6.56,111.01,-0.3,0.1,8.200012,93.62999,93.64,93.84,93.28,0.8000183000000001,93.62,-0.03978014,0.0,0.0,6.0,3.0,2298.0,87.0,0.0,0.0,0.0,13.8,11.25,0.0,0.29918182025165113,2.601659619596605,2413.0568244735505,4936.559136856273,0.11449359893082801,26.188055555555554
137.0,59102.0,52.3312892,-2.0846164000000003,94.079,6.456,110.98,-0.31,0.1,8.200012,93.45,93.50999,93.81999,93.26999,0.6000061,93.57,-0.03978014,0.0,0.0,6.0,3.0,2297.0,87.0,0.0,0.0,0.0,13.8,11.25,0.0,0.29384052629188734,2.596733269283936,2413.350664999842,4939.155870125556,0.11267845650875392,26.133055555555554
137.0,59102.1,52.3313125,-2.0846121,93.888,6.385,110.93,-0.32,0.1,7.700011999999999,93.42999,93.37,93.73999,93.2,0.3999939,93.36,-0.03978014,0.0,0.0,6.0,3.0,2284.0,87.0,0.0,-0.230011,0.0,13.8,11.25,0.0,0.29003244753126506,2.591822752307539,2413.6406974473734,4941.747692877864,0.11143927273983793,26.080000000000002
137.0,59102.2,52.331335800000005,-2.0846079,93.928,6.235,110.91,-0.32,0.1,7.399963,93.39999,93.37,93.55,92.98999,0.6000061,93.31,-0.03978014,0.0,0.0,6.0,3.0,2277.0,87.0,0.0,0.0,0.0,13.8,11.25,0.0,0.2833667592898314,2.5936777112534695,2413.9240642066634,4944.341370589118,0.10882127886184645,26.09111111111111
137.0,59102.3,52.3313591,-2.0846036,93.83,6.372999999999999,110.86,-0.34,0.1,7.0,93.3,93.20999,93.39,93.03,0.6000061,93.32,-0.03978014,0.01937985,0.0,6.0,3.0,2271.0,87.0,0.0,0.0,0.0,13.8,11.25,0.0,0.2893107767576461,2.59028228472793,2414.213374983421,4946.931652873846,0.1112298332295986,26.063888888888886
137.0,59102.4,52.3313823,-2.0845995,93.611,6.178,110.83,-0.34,0.1,6.599976,92.90999,93.06,93.15999,92.95,1.100006,93.3,-0.02958012,0.02957988,0.0,6.0,3.0,2268.0,87.0,0.0,0.0,0.0,13.8,11.25,0.0,0.2798386982485916,2.5852039155965283,2414.4932136816697,4949.5168567894425,0.10782644118820968,26.003055555555555
137.0,59102.5,52.3314055,-2.0845956,93.607,5.93,110.78,-0.35,0.1,6.5,93.20999,93.26999,93.65999,93.08,0.8000183000000001,93.12,-0.03978014,0.01937985,0.0,6.0,3.0,2278.0,87.0,0.0,0.0,0.0,13.8,11.25,0.0,0.2686347931165191,2.586280436620708,2414.7618484747863,4952.103137226063,0.10349802464326374,26.001944444444444
137.0,59102.6,52.3314287,-2.0845915,93.586,6.019,110.75,-0.35,0.1,6.299988,93.03,93.11,92.89999,92.50999,1.100006,93.18,-0.04997993,0.01937985,0.0,6.0,3.0,2268.0,87.0,0.0,0.0,0.0,13.8,11.25,0.0,0.27259068079636556,2.585279917098982,2415.0344391555827,4954.688417143162,0.1050513676775387,25.99611111111111
137.0,59102.7,52.331451900000005,-2.0845876000000003,93.319,5.922000000000001,110.7,-0.37,0.1,6.299988,92.8,93.00999,93.17999,92.67,1.300018,92.92,-0.02958012,0.01937985,0.0,6.0,3.0,2268.0,87.0,0.0,0.0,0.0,13.8,11.25,3.0,0.26744828188580627,2.57836061370883,2415.3018874374684,4957.266777756871,0.10335839830310421,25.921944444444446
137.0,59102.8,52.3314751,-2.0845837,93.359,5.819,110.66,-0.36,0.1,6.299988,92.84999,92.89999,92.92999,92.56,1.100006,92.81,-0.02958012,0.02957988,0.0,6.0,3.0,2332.0,87.0,0.0,0.0,0.0,13.8,11.25,7.0,0.26292541272127096,2.57994262180783,2415.56481285019,4959.8467203786795,0.10156070917355003,25.933055555555555
137.0,59102.9,52.331498200000006,-2.08458,93.229,5.665,110.64,-0.35,0.1,6.5,92.78,92.76999,92.98,92.48,1.100006,92.86,-0.01938009,0.02957988,0.0,6.0,3.0,2321.0,87.0,0.0,0.0,0.0,13.8,11.25,7.0,0.2556336237920171,2.577046519947473,2415.820446473982,4962.423766898627,0.09887290212547876,25.896944444444443
137.0,59103.0,52.3315214,-2.0845763,93.211,5.494,110.59,-0.37,0.1,6.5,92.81,92.89999,93.08,92.69,1.100006,92.88,-0.01938009,0.01937985,0.0,6.0,3.0,2297.0,87.0,0.0,0.0,0.0,13.8,11.25,7.0,0.24789339705445906,2.577300280300838,2416.0683398710366,4965.001067178928,0.09588838910456846,25.891944444444444
137.0,59103.1,52.33154449999999,-2.0845727000000003,93.337,5.446000000000001,110.54,-0.38,0.1,6.5,92.87,92.92,92.89,92.37999,1.100006,92.89,-0.009180069,0.02957988,0.0,6.0,3.0,2312.0,87.0,0.0,0.0,0.0,13.8,11.25,7.0,0.24606633278213907,2.580991251849614,2416.3144062038186,4967.582058430778,0.0950506310636112,25.926944444444445
137.0,59103.2,52.33156770000001,-2.0845691,93.182,5.327999999999999,110.5,-0.38,0.1,6.5,92.70999,92.95,93.00999,92.64,1.100006,92.82999,-0.009180069,0.02957988,0.0,6.0,3.0,2307.0,87.0,0.0,0.0,0.0,13.8,11.25,7.0,0.24035049110493834,2.5772055955140782,2416.5547566949235,4970.159264026292,0.09299114254625787,25.88388888888889
137.0,59103.3,52.3315909,-2.0845657,93.186,5.244,110.46,-0.38,0.1,6.299988,92.87,92.87,93.05,92.7,1.0,92.85,-0.009180069,0.0397799,0.0,6.0,3.0,2297.0,87.0,0.0,0.0,0.0,13.8,11.25,7.0,0.23658200867195556,2.5776658439706153,2416.7913387035956,4972.736929870262,0.09152506597458264,25.885
137.0,59103.4,52.331614,-2.0845624,93.179,5.01,110.42,-0.38,0.1,6.0,92.81,92.84,93.0,92.48,1.100006,92.84,-0.009180069,0.02957988,0.0,6.0,3.0,2300.0,87.0,0.0,0.0,0.0,13.8,11.25,7.0,0.22603571522974442,2.5784168600830104,2417.0173744188255,4975.3153467303455,0.08744099552491591,25.883055555555554
137.0,59103.5,52.3316372,-2.084559,93.287,5.062,110.39,-0.37,0.1,4.799988,92.78999,92.97,93.09,92.72,1.399994,92.87,-0.009180069,0.0397799,0.0,6.0,3.0,2302.0,87.0,0.0,0.0,0.0,13.8,11.25,6.0,0.22864041976333246,2.5811989541109637,2417.246014838589,4977.896545684456,0.08834856673595297,25.913055555555555
137.0,59103.6,52.3316604,-2.0845558,93.208,4.796,110.34,-0.39,0.1,3.399963,92.87999,92.97,92.92,92.45,1.800018,92.89,-0.009180069,0.04997993,0.0,6.0,3.0,2300.0,87.0,0.0,0.0,0.0,13.8,11.25,6.0,0.21647111327324767,2.5800458528478236,2417.462485951862,4980.476591537304,0.08370599092564805,25.89111111111111
137.0,59103.7,52.3316836,-2.0845525,93.067,4.886,110.3,-0.39,0.1,3.099976,92.67999,93.06,93.03,92.69,2.399994,92.87,-0.009180069,0.06936002,0.0,6.0,3.0,2301.0,87.0,0.0,0.0,0.0,13.8,11.25,6.0,0.2201899750137001,2.575800203915258,2417.682675926876,4983.052391741219,0.08527678725244295,25.85194444444444
137.0,59103.8,52.3317069,-2.0845496,93.604,4.404,110.26,-0.39,0.1,3.299988,92.87,92.92,93.09999,92.75,2.300018,92.91,-0.009180069,0.08976007,0.0,6.0,3.0,2311.0,87.0,0.0,0.0,0.0,13.8,11.25,6.0,0.19965898398884252,2.5924340069201377,2417.8823349108648,4985.64482574814,0.07686430025783027,26.00111111111111
137.0,59103.9,52.3317301,-2.0845467,93.348,4.29,110.21,-0.4,0.1,3.399963,92.84999,93.03,92.90999,92.59,2.399994,92.89,-0.009180069,0.07956004,0.0,6.0,3.0,2309.0,87.0,0.0,0.0,0.0,13.8,11.25,6.0,0.1939685457336129,2.5857349445111324,2418.0763034565985,4988.230560692651,0.07487462491055674,25.93
137.0,59104.0,52.3317533,-2.0845439000000003,93.362,4.215,110.17,-0.41,0.1,4.299988,92.73,93.09,93.0,92.84,2.100006,92.93999,-0.009180069,0.06936002,0.0,6.0,3.0,2304.0,87.0,0.0,0.0,0.0,13.8,11.25,6.0,0.1906122444504752,2.5863744704272618,2418.266915701049,4990.816935163079,0.07356562797156099,25.933888888888887
137.0,59104.1,52.3317764,-2.0845414,92.97,3.742,110.13,-0.41,0.1,7.299988000000001,92.94,93.00999,93.03999,92.51999,1.5,92.99,-0.009180069,0.04997993,0.0,6.0,3.0,2313.0,87.0,0.0,-0.230011,0.0,13.8,11.25,8.0,0.16854376660833467,2.57699422753282,2418.4354594676574,4993.393929390611,0.06531022060962781,25.825
137.0,59104.2,52.331799700000005,-2.0845389,93.431,3.747,110.09,-0.41,0.1,7.899963,92.92999,93.06,93.11,92.64999,0.3999939,92.96,-0.009180069,0.01937985,0.0,6.0,3.0,2304.0,87.0,0.0,0.0,0.0,13.8,11.25,13.5,0.1696055054786401,2.5897576912153126,2418.605064973136,4995.983687081827,0.06539748707222752,25.953055555555554
137.0,59104.3,52.3318229,-2.0845367,93.074,3.412,110.06,-0.39,0.1,7.5,93.05,93.0,93.14999,92.75,0.3000183,93.0,-0.009180069,0.009180069,0.0,6.0,3.0,2334.0,87.0,0.0,0.0,0.0,13.8,11.25,15.5,0.15387056539687433,2.580805989588247,2418.758935538533,4998.564493071415,0.059550634078046526,25.85388888888889
137.0,59104.4,52.3318462,-2.0845344,93.33,3.378,110.0,-0.42,0.1,7.399963,93.08,93.06,93.25,92.53,0.8000183000000001,93.0,0.0,0.0,0.0,6.0,3.0,2327.0,87.0,0.0,0.0,0.0,13.8,11.25,16.5,0.15275806580776133,2.587995599557826,2418.9116936043406,5001.152488670973,0.05895722213236845,25.924999999999997
137.0,59104.5,52.3318694,-2.0845322,93.204,3.286,109.97,-0.4,0.1,6.700011999999999,93.05,93.14999,93.31,92.94,0.8999939,93.13,0.0,0.0,0.0,6.0,3.0,2332.0,87.0,0.0,0.0,0.0,13.8,11.25,17.0,0.14840169830168543,2.584743301749939,2419.0600953026424,5003.737231972723,0.05735151922053367,25.889999999999997
137.0,59104.6,52.3318927,-2.0845298,93.506,3.557,109.93,-0.4,0.1,5.700012,93.25,93.26999,93.31999,92.75,1.0,93.24,0.009180069,0.01937985,0.0,6.0,3.0,2338.0,87.0,0.0,0.0,0.0,13.8,11.25,17.0,0.16114588005394787,2.592385203912624,2419.2212411826963,5006.329617176635,0.0620813614934383,25.973888888888887
137.0,59104.7,52.331916,-2.0845278,93.683,3.051,109.88,-0.41,0.1,4.899963,93.36,93.51999,93.44,92.90999,1.100006,93.39,0.009180069,0.02957988,0.0,6.0,3.0,2341.0,87.0,0.0,0.0,0.0,13.8,11.25,17.0,0.13850727974210097,2.5986169278933273,2419.3597484624383,5008.928234104528,0.053249995478346995,26.02305555555556
137.0,59104.8,52.3319393,-2.0845256,93.456,3.375,109.85,-0.4,0.1,4.599976,93.45999,93.48,93.42,93.0,1.5,93.49,0.009180069,0.04997993,0.0,6.0,3.0,2340.0,87.0,0.0,0.0,0.0,13.8,11.25,17.0,0.15282860627848674,2.591497524039523,2419.512577068717,5011.519731628568,0.05890486225480862,25.96
137.0,59104.9,52.3319627,-2.0845236,93.769,3.0780000000000003,109.82,-0.39,0.1,4.599976,93.51999,93.64999,93.64999,93.15999,1.600006,93.53,0.009180069,0.04997993,0.0,6.0,3.0,2333.0,87.0,0.0,0.0,0.0,13.8,11.25,15.5,0.13986010603616042,2.600936811931291,2419.652437174753,5014.120668440499,0.05372123437638547,26.046944444444446
137.0,59105.0,52.3319861,-2.0845218,93.838,2.749,109.78,-0.38,0.1,4.599976,93.7,93.7,93.72,93.39,1.600006,93.65,0.009180069,0.0397799,0.0,6.0,3.0,2348.0,87.0,0.0,-0.230011,0.0,13.8,11.25,15.0,0.12501488132024194,2.6036114848449237,2419.777452056073,5016.724279925344,0.04797910113732412,26.06611111111111
137.0,59105.1,52.3320095,-2.0845198,93.946,2.917,109.75,-0.38,0.1,4.599976,93.70999,93.78,93.73999,93.25,1.399994,93.74,0.009180069,0.0397799,0.0,6.0,3.0,2350.0,87.0,0.0,0.0,0.0,13.8,11.25,14.5,0.13280118836323226,2.6062298432033737,2419.9102532444363,5019.330509768547,0.05091125428067459,26.09611111111111
137.0,59105.2,52.332033,-2.0845182,94.338,2.463,109.7,-0.39,0.1,4.799988,93.73,93.83,93.95,93.61,1.399994,93.85,0.0,0.04997993,0.0,6.0,3.0,2368.0,87.0,0.0,0.0,0.0,13.8,11.25,14.5,0.11261394645417853,2.618079133461022,2420.0228671908903,5021.948588902008,0.04298745947662034,26.205
137.0,59105.3,52.332056400000006,-2.0845164,93.895,2.59,109.66,-0.39,0.1,5.099976,93.87,93.87999,93.94,93.58,1.399994,93.82999,0.0,0.04997993,0.0,6.0,3.0,2386.0,87.0,0.0,0.0,0.0,13.8,11.25,14.5,0.11786074462940421,2.6055301005565576,2420.14072793552,5024.554119002564,0.04520402762665313,26.081944444444442
137.0,59105.4,52.3320799,-2.0845149,94.226,2.311,109.62,-0.39,0.1,6.0,93.8,94.08,94.09999,93.65999,1.300018,93.93,0.0,0.02957988,0.0,6.0,3.0,2396.0,87.0,0.0,0.0,0.0,13.8,11.25,14.5,0.1055426037015373,2.6152600930849905,2420.2462705392213,5027.169379095649,0.040334559013588955,26.17388888888889
137.0,59105.5,52.3321035,-2.0845136,94.45,1.931,109.58,-0.39,0.1,6.200012,93.98,94.01999,94.06999,93.81,1.100006,94.00999,0.0,0.02957988,0.0,6.0,3.0,2398.0,87.0,0.0,0.0,0.0,13.8,11.25,14.5,0.08840501140323793,2.622121243631666,2420.3346755506245,5029.79150033928,0.033702307856010506,26.23611111111111
137.0,59105.6,52.332127,-2.0845121,94.435,2.249,109.53,-0.42,0.1,6.099976,93.98999,94.15999,94.23999,93.65999,1.100006,94.00999,0.0,0.02957988,0.0,6.0,3.0,2404.0,87.0,0.0,0.0,0.0,13.8,11.25,14.5,0.10294038249076903,2.6211738536420763,2420.4376159331155,5032.412674192922,0.039252454877352475,26.231944444444444
137.0,59105.7,52.3321504,-2.0845107,93.967,2.015,109.53,-0.36,0.1,6.099976,94.05,94.2,94.28,93.95,1.0,94.11,0.0,0.02957988,0.0,6.0,3.0,2406.0,87.0,0.0,0.0,0.0,13.8,11.25,14.5,0.09177740030809163,2.6085804466416844,2420.5293933334237,5035.021254639564,0.035168384427685745,26.10194444444444
137.0,59105.8,52.3321741,-2.0845098,94.792,1.42,109.48,-0.39,0.1,6.099976,94.17,94.22,94.23,93.62,1.0,94.17,0.0,0.01937985,0.0,6.0,3.0,2400.0,87.0,0.0,0.0,0.0,13.8,11.25,14.5,0.06525149062411399,2.6323024838395988,2420.594644824048,5037.6535571234035,0.024783675378319478,26.33111111111111
137.0,59105.9,52.3321975,-2.0845084,94.133,1.93,109.46,-0.36,0.1,6.099976,94.20999,94.39999,94.42999,93.86,0.7000122,94.27,0.0,0.009180069,0.0,6.0,3.0,2389.0,87.0,0.0,0.0,0.0,13.8,11.25,14.5,0.0880626889723784,2.613322225860246,2420.6827075130204,5040.266879349264,0.03368485456349056,26.148055555555555
137.0,59106.0,52.3322212,-2.0845074,94.77,1.535,109.42,-0.38,0.1,5.399963,94.26999,94.33,94.39,93.83,0.8000183000000001,94.3,0.0,0.01937985,0.0,6.0,3.0,2379.0,87.0,0.0,0.0,0.0,13.8,11.25,14.5,0.07051835514615516,2.6315553217797802,2420.7532258681667,5042.898434671044,0.026790804018112957,26.325
137.0,59106.1,52.3322447,-2.0845063,94.424,1.491,109.39,-0.37,0.1,2.5,94.36,94.50999,94.50999,93.94,0.8999939,94.34,0.0,0.02957988,0.0,6.0,3.0,2374.0,87.0,0.0,0.0,0.0,13.8,11.25,0.0,0.06824736477609843,2.622000842993364,2420.821473232943,5045.520435514038,0.026022859147235455,26.22888888888889
137.0,59106.2,52.3322684,-2.0845052,94.81,1.614,109.35,-0.37,0.1,0.2999877999999999,94.33,94.45999,94.39,94.23,2.5,94.4,0.0,0.08976007,0.0,6.0,3.0,2333.0,87.0,0.0,0.0,0.0,13.8,11.25,0.0,0.07417799747682717,2.6325662592341774,2420.89565123042,5048.153001773272,0.02816961412718848,26.336111111111112
137.0,59106.3,52.332292,-2.0845044,94.633,1.287,109.31,-0.38,0.1,0.2999877999999999,94.2,94.48999,94.40999,94.09999,3.200012,94.36,-0.009180069,0.1091398999999999,0.0,6.0,3.0,2348.0,87.0,0.0,0.0,0.0,13.8,11.25,0.0,0.059041787857950424,2.6280313068035595,2420.954693018278,5050.781033080076,0.02246238747316702,26.286944444444444
137.0,59106.4,52.3323156,-2.0845036,94.788,1.106,109.28,-0.36,0.1,0.3999634,94.11,94.40999,94.33,94.34999,3.3999940000000004,94.29,-0.009180069,0.12954,0.0,6.0,3.0,2334.0,87.0,0.0,1.899994,1.0,13.7,11.25,0.0,0.05082254186278982,2.632509462326509,2421.005515560141,5053.413542542402,0.019303341527057285,26.33
137.0,59106.5,52.3323393,-2.084503,94.752,0.872,109.24,-0.38,0.1,1.599976,94.09,94.39,94.31999,94.03,3.0,94.28,-0.01938009,0.13974,0.0,6.0,3.0,2332.0,87.0,0.0,0.7200012,1.0,13.8,11.25,0.0,0.040055575113714915,2.631695185788489,2421.0455711352547,5056.045237728191,0.015219271077390554,26.319999999999997
137.0,59106.6,52.332363,-2.0845028,94.975,0.366,109.21,-0.37,0.1,3.299988,94.06,94.45,94.37,94.03,2.700012,94.21,-0.01938009,0.1091398999999999,0.0,6.0,3.0,2334.0,87.0,0.0,0.9499817,1.0,13.8,11.25,0.0,0.016852421035014133,2.6381406184285914,2421.0624235562896,5058.683378346619,0.006387905062299246,26.381944444444443
137.0,59106.7,52.3323865,-2.0845027000000003,94.36,0.237,109.14,-0.41,0.1,4.399963,94.23,94.3,94.20999,94.06,1.800018,94.21,-0.01938009,0.07956004,0.0,6.0,3.0,2331.0,87.0,0.0,0.9499817,1.0,13.8,11.25,0.0,0.010842012573062011,2.621088687464331,2421.0732655688626,5061.304467034083,0.004136430327226561,26.21111111111111
137.0,59106.8,52.332410200000005,-2.0845029,94.694,359.68,109.1,-0.42,0.1,4.700012,94.14999,94.37999,94.3,93.81999,1.300018,94.27,-0.02958012,0.05915999,0.0,6.0,3.0,2323.0,87.0,0.0,0.7200012,1.0,13.7,11.25,0.0,-0.014690786575277951,2.6303478643669784,2421.0585747822875,5063.93481489845,6.277600253573205,26.30388888888889
137.0,59106.9,52.3324337,-2.0845031,94.237,359.79,109.06,-0.42,0.1,5.0,94.0,94.06999,94.25999,94.06999,1.300018,94.15,-0.02958012,0.04997993,0.0,6.0,3.0,2328.0,87.0,0.0,0.9499817,1.0,13.8,11.25,0.0,-0.009594329760867612,2.617676861897157,2421.0489804525264,5066.552491760347,6.279520115750398,26.17694444444444
137.0,59107.0,52.3324573,-2.0845034,94.514,359.559,109.02,-0.41,0.1,5.700012,93.87999,93.98999,94.22,93.67999,1.399994,93.99,-0.02958012,0.02957988,0.0,6.0,3.0,2306.0,87.0,0.0,0.4799805,1.0,13.8,11.25,0.0,-0.020207161471897786,2.6253111222341787,2421.0287732910547,5069.177802882581,6.275488405178292,26.253888888888888
137.0,59107.1,52.33248089999999,-2.0845039,94.612,359.296,108.99,-0.39,0.1,5.899963,93.69,93.84999,94.20999,93.72,1.300018,93.89,-0.02958012,0.01937985,0.0,6.0,3.0,2300.0,87.0,0.0,0.2399902,1.0,13.8,11.25,0.0,-0.03229109863622897,2.627912726346624,2420.9964821924186,5071.805715608928,6.270898189245546,26.28111111111111
137.0,59107.2,52.3325044,-2.0845043000000003,94.349,359.366,108.95,-0.39,0.1,6.099976,93.78,93.86,93.94,93.53,1.200012,93.87,-0.03978014,0.02957988,0.0,6.0,3.0,2307.0,87.0,0.0,0.2399902,1.0,13.8,11.25,0.0,-0.028999637115455792,2.620645107808006,2420.9674825553034,5074.426360716736,6.272119919721942,26.208055555555557
137.0,59107.3,52.3325279,-2.0845048,94.054,359.25199999999995,108.9,-0.4,0.1,7.099976,93.62,93.86,93.95999,93.34999,1.100006,93.75,-0.03978014,0.02957988,0.0,6.0,3.0,2319.0,87.0,0.0,0.2399902,1.0,13.8,11.25,0.0,-0.034106833290001914,2.6123884745236805,2420.9333757220134,5077.03874919126,6.270130244374668,26.12611111111111
137.0,59107.4,52.3325513,-2.0845055,93.985,358.98400000000004,108.86,-0.41,0.1,7.700011999999999,93.62,93.62,93.67,93.48,0.7000122,93.57999,-0.03978014,0.009180069,0.0,6.0,3.0,2311.0,87.0,0.0,0.2399902,1.0,13.8,11.25,0.0,-0.04629183112624345,2.6102839976952827,2420.887083890887,5079.649033188955,6.265452761979325,26.106944444444444
137.0,59107.5,52.3325748,-2.0845063,93.985,358.872,108.83,-0.39,0.1,7.899963,93.42999,93.44,93.72,93.09999,0.3999939,93.39,-0.03978014,0.0,0.0,6.0,3.0,2303.0,87.0,0.0,0.0,1.0,13.8,11.25,0.0,-0.05139424105263799,2.61018852082368,2420.8356896498344,5082.259221709779,6.263497993217091,26.106944444444444
137.0,59107.6,52.33259820000001,-2.0845071,93.863,358.849,108.79,-0.4,0.1,7.799988000000001,93.36,93.31,93.65999,93.23999,0.3999939,93.42,-0.03978014,0.0,0.0,6.0,3.0,2287.0,87.0,0.0,0.0,1.0,13.8,11.25,0.0,-0.052373959782790025,2.606779474441123,2420.7833156900515,5084.86600118422,6.263096567489131,26.073055555555555
137.0,59107.7,52.3326216,-2.0845078,93.74,358.88,108.76,-0.38,0.1,7.799988000000001,93.26999,93.34999,93.51999,92.84,0.5,93.3,-0.03978014,0.0,0.0,6.0,3.0,2285.0,87.0,0.0,-1.179993,1.0,13.8,11.25,0.0,-0.0508967650805421,2.6033914160155307,2420.732418924971,5087.469392600236,6.26363761955725,26.038888888888888
137.0,59107.8,52.332645,-2.0845086,93.654,358.825,108.72,-0.38,0.1,7.799988000000001,93.14999,93.3,93.45,92.89,0.6000061,93.23,-0.03978014,0.0,0.0,6.0,3.0,2272.0,87.0,0.0,-0.230011,1.0,13.7,11.25,0.0,-0.05334683061427255,2.600952972597431,2420.679072094357,5090.070345572833,6.262677688468653,26.014999999999997
137.0,59107.9,52.3326683,-2.0845095,93.571,358.69199999999995,108.69,-0.36,0.1,7.799988000000001,93.09,93.05,93.28,92.89999,0.6000061,93.04,-0.02958012,0.0,0.0,6.0,3.0,2252.0,87.0,0.0,0.0,1.0,13.8,11.25,0.0,-0.05933161340208559,2.598517177099657,2420.6197404809545,5092.6688627499325,6.2603564005634995,25.991944444444442
137.0,59108.0,52.3326916,-2.0845104,93.517,358.647,108.67,-0.35,0.1,7.799988000000001,92.94,93.01999,93.2,92.53,0.5,92.97,-0.02958012,0.0,0.0,6.0,3.0,2242.0,87.0,0.0,0.0,1.0,13.8,11.25,0.0,-0.06133704734613843,2.5969701949233817,2420.5584034336084,5095.265832944856,6.259571002400103,25.97694444444444
137.0,59108.1,52.332714900000006,-2.0845113,93.402,358.756,108.63,-0.35,0.1,7.799988000000001,92.92999,92.84,93.03,92.76999,0.5,92.85,-0.03978014,0.0,0.0,6.0,3.0,2234.0,87.0,0.0,0.0,1.0,13.7,11.25,0.0,-0.05632708816382023,2.593888492040278,2420.5020763454445,5097.8597214368965,6.2614734112847765,25.945
137.0,59108.2,52.3327382,-2.0845122000000003,93.308,358.601,108.6,-0.35,0.1,7.700011999999999,92.8,92.84,92.98,92.39,0.6000061,92.79,-0.03978014,0.0,0.0,6.0,3.0,2231.0,87.0,0.0,0.2399902,1.0,13.7,11.25,0.0,-0.06328026758432083,2.5911162884131884,2420.4387960778604,5100.45083772531,6.258768150944186,25.91888888888889
137.0,59108.3,52.3327615,-2.0845131,93.193,358.653,108.57,-0.34,0.1,7.099976,92.64,92.7,92.86,92.39999,0.5,92.64,-0.03978014,0.009180069,0.0,6.0,3.0,2238.0,87.0,0.0,0.2399902,1.0,13.8,11.25,0.0,-0.060853526152333616,2.5879790909225595,2420.377942551708,5103.038816816233,6.259675722155223,25.886944444444442
137.0,59108.4,52.332784700000005,-2.0845141000000003,92.981,358.53,108.55,-0.32,0.1,6.200012,92.45999,92.48999,92.59,92.17999,0.7000122,92.53,-0.03978014,0.01937985,0.0,6.0,3.0,2229.0,87.0,0.0,0.2399902,1.0,13.8,11.25,0.0,-0.06625806790239303,2.581955539169194,2420.311684483806,5105.620772355402,6.257528967175269,25.828055555555554
137.0,59108.5,52.3328079,-2.0845151,93.114,358.415,108.51,-0.33,0.1,6.0,92.25999,92.55,92.70999,92.15999,0.8999939,92.38,-0.03978014,0.01937985,0.0,6.0,3.0,2228.0,87.0,0.0,0.2399902,1.0,13.8,11.25,0.0,-0.07154243598308968,2.585510380921648,2420.2401420478227,5108.206282736323,6.2555218385354765,25.865000000000002
137.0,59108.6,52.3328311,-2.0845162,92.862,358.385,108.49,-0.32,0.1,6.200012,92.28999,92.36,92.47,92.2,1.200012,92.32,-0.03978014,0.02957988,0.0,6.0,3.0,2237.0,87.0,0.0,0.2399902,1.0,13.8,11.25,0.0,-0.07269891283853815,2.5784753475788933,2420.1674431349843,5110.7847580839025,6.254998239759878,25.794999999999998
137.0,59108.7,52.3328542,-2.0845174,92.747,358.23800000000006,108.45,-0.33,0.1,6.200012,92.28999,92.37999,92.45999,91.83,1.100006,92.28,-0.04997993,0.02957988,0.0,6.0,3.0,2239.0,87.0,0.0,0.2399902,1.0,13.8,11.25,0.0,-0.07921586802000191,2.5750874085825237,2420.088227266964,5113.359845492485,6.252432605759448,25.763055555555553
137.0,59108.8,52.33287729999999,-2.0845186,92.599,358.245,108.43,-0.31,0.1,6.200012,92.01999,92.2,92.39,91.89,1.100006,92.21,-0.03978014,0.02957988,0.0,6.0,3.0,2230.0,87.0,0.0,0.2399902,1.0,13.7,11.25,0.0,-0.07877535533765485,2.5709878847288046,2420.0094519116265,5115.930833377214,6.252554778807086,25.721944444444446
137.0,59108.9,52.3329003,-2.08452,92.39,357.935,108.41,-0.3,0.1,6.200012,91.87999,91.92,92.19,91.84999,1.0,92.0,-0.03978014,0.01937985,0.0,6.0,3.0,2230.0,87.0,0.0,0.2399902,1.0,13.7,11.25,0.0,-0.09247532455251885,2.5647222546235398,2419.916976587074,5118.495555631837,6.247144258125903,25.663888888888888
137.0,59109.0,52.3329234,-2.0845213,92.545,357.977,108.39,-0.28,0.1,6.200012,91.73,91.92,92.26999,91.67,1.0,91.86,-0.02958012,0.009180069,0.0,6.0,3.0,2237.0,87.0,0.0,0.2399902,1.0,13.8,11.25,0.0,-0.09074724928779458,2.569092225562218,2419.826229337786,5121.0646478574,6.24787729641174,25.706944444444446
137.0,59109.1,52.3329464,-2.0845227,92.311,357.824,108.36,-0.28,0.1,6.099976,91.72,91.78,91.90999,91.67999,1.100006,91.72,-0.03978014,0.01937985,0.0,6.0,3.0,2234.0,87.0,0.0,0.2399902,1.0,13.7,11.25,0.0,-0.09736050262730432,2.5623454258643417,2419.7288688351587,5123.626993283264,6.24520694265619,25.641944444444444
137.0,59109.2,52.3329694,-2.0845242,92.185,357.80800000000005,108.33,-0.29,0.1,5.299988,91.64,91.81,91.87999,91.3,1.100006,91.75999,-0.03978014,0.02957988,0.0,6.0,3.0,2222.0,87.0,0.0,0.2399902,1.0,13.8,11.25,0.0,-0.09794217165137764,2.558820698841725,2419.630926663507,5126.185813982105,6.244927689975872,25.606944444444444
137.0,59109.3,52.3329923,-2.0845257,92.153,357.69,108.29,-0.3,0.1,2.799988,91.47,91.70999,91.78999,91.42,1.300018,91.7,-0.03978014,0.05915999,0.0,6.0,3.0,2229.0,87.0,0.0,0.0,1.0,13.7,11.25,0.0,-0.10317599434349788,2.557725395042306,2419.5277506691637,5128.7435393771475,6.242868201458517,25.598055555555558
137.0,59109.4,52.3330152,-2.0845273,91.768,357.606,108.27,-0.29,0.1,2.299988,91.39999,91.47,91.62,91.44,2.300018,91.47,-0.03978014,0.07956004,0.0,6.0,3.0,2227.0,87.0,0.0,0.0,0.0,13.8,11.25,0.0,-0.10647898548374819,2.54688627198791,2419.42127168368,5131.290425649136,6.241402124886842,25.49111111111111
137.0,59109.5,52.3330381,-2.084529,91.966,357.324,108.24,-0.29,0.1,3.899963,91.28,91.61,91.61,91.17999,2.300018,91.36,-0.02958012,0.06936002,0.0,6.0,3.0,2219.0,87.0,0.0,0.0,0.0,13.8,11.25,0.0,-0.11926976677673418,2.551825356827024,2419.3020019169035,5133.842251005963,6.236480296396218,25.54611111111111
137.0,59109.6,52.33306100000001,-2.0845309,91.84,357.038,108.2,-0.31,0.1,5.399963,91.12999,91.39,91.39,91.14,1.700012,91.34,-0.03978014,0.04997993,0.0,6.0,3.0,2220.0,87.0,0.0,0.0,0.0,13.8,11.25,0.0,-0.13182516805316422,2.547702892077945,2419.1701767488503,5136.38995389804,6.231488654735514,25.511111111111113
137.0,59109.7,52.3330838,-2.084533,91.692,356.793,108.17,-0.31,0.1,6.599976,91.14999,91.19,91.3,91.09,0.8000183000000001,91.23,-0.02958012,0.02957988,0.0,6.0,3.0,2221.0,87.0,0.0,0.0,0.0,13.8,11.25,0.0,-0.14248806171324668,2.5430112371496123,2419.027688687137,5138.93296513519,6.227212598068128,25.47
137.0,59109.8,52.3331066,-2.0845352,91.602,356.731,108.15,-0.3,0.1,7.5,91.09999,91.17999,91.45999,90.81,0.3000183,91.09,-0.02958012,0.01937985,0.0,6.0,3.0,2231.0,87.0,0.0,0.0,0.0,13.8,11.25,0.0,-0.14509722107214215,2.540359629351156,2418.8825914660647,5141.473324764541,6.226130493931891,25.445
137.0,59109.9,52.3331294,-2.0845373,91.462,356.708,108.12,-0.3,0.1,7.599976,90.98999,90.95,91.12,90.92,0.3999939,90.99,-0.03978014,0.0,0.0,6.0,3.0,2224.0,87.0,0.0,0.0,0.0,13.8,11.25,2.5,-0.14589365705584986,2.5364187072981674,2418.736697809009,5144.009743471839,6.2257290682039335,25.406111111111112
137.0,59110.0,52.3331522,-2.0845394,91.444,356.733,108.1,-0.3,0.1,7.599976,90.95999,90.97,91.17,90.64999,0.6000061,90.96,-0.03978014,0.0,0.0,6.0,3.0,2270.0,87.0,0.0,0.0,0.0,13.8,11.25,4.0,-0.14475842725471594,2.5359829365610618,2418.5919393817544,5146.5457264084,6.226165400516932,25.40111111111111
137.0,59110.1,52.3331749,-2.0845416,91.271,356.586,108.07,-0.3,0.1,7.399963,90.81999,91.06,91.08,90.51999,0.8999939,90.84,-0.02958012,0.009180069,0.0,6.0,3.0,2279.0,87.0,0.0,0.0,0.0,13.8,11.25,4.0,-0.1509781755125158,2.530806166135561,2418.440961206242,5149.076532574535,6.2235997665165,25.353055555555557
137.0,59110.2,52.33319759999999,-2.0845438,91.156,356.74,108.05,-0.29,0.1,7.200011999999999,90.87999,90.81,91.08,90.73,0.5,90.87,-0.01938009,0.009180069,0.0,6.0,3.0,2237.0,87.0,0.0,0.0,0.0,13.8,11.25,0.0,-0.1439936610996726,2.5280135491281412,2418.2969675451423,5151.604546123664,6.226287573564571,25.32111111111111
137.0,59110.3,52.3332204,-2.084546,91.289,356.577,108.01,-0.3,0.1,6.799988000000001,90.73999,90.94,91.06999,90.45,0.5,90.85,-0.01938009,0.01937985,0.0,6.0,3.0,2246.0,87.0,0.0,0.0,0.0,13.8,11.25,0.0,-0.15140556529519078,2.5312815272869322,2418.145561979847,5154.135827650951,6.22344268688382,25.358055555555556
137.0,59110.4,52.3332431,-2.0845483,91.148,356.48400000000004,107.98,-0.29,0.1,6.5,90.72,90.81,90.92,90.53999,0.7000122,90.79,-0.02958012,0.01937985,0.0,6.0,3.0,2263.0,87.0,0.0,0.0,0.0,13.8,11.25,0.0,-0.15527383088766863,2.5271231436399137,2417.9902881489593,5156.662950794591,6.221819530679467,25.318888888888885
137.0,59110.5,52.33326580000001,-2.0845507,90.976,356.325,107.96,-0.28,0.1,5.899963,90.75,90.69,90.84,90.56999,0.8999939,90.68,-0.01938009,0.01937985,0.0,6.0,3.0,2243.0,87.0,0.0,0.0,0.0,13.8,11.25,0.0,-0.16197993585105175,2.5219145640332314,2417.8283082131084,5159.184865358624,6.219044457168795,25.27111111111111
137.0,59110.6,52.3332885,-2.0845529,91.134,356.547,107.94,-0.28,0.1,5.299988,90.53999,90.73999,90.86,90.31,1.100006,90.50999,-0.02958012,0.0397799,0.0,6.0,3.0,2240.0,87.0,0.0,0.2399902,0.0,13.7,11.25,0.0,-0.15247159787817208,2.526904165543378,2417.6758366152303,5161.711769524168,6.222919088108223,25.314999999999998
137.0,59110.7,52.3333111,-2.0845555,90.871,356.055,107.92,-0.27,0.1,4.700012,90.34,90.45999,90.62,90.26999,1.300018,90.50999,-0.01938009,0.0397799,0.0,6.0,3.0,2244.0,87.0,0.0,1.899994,1.0,13.8,11.25,0.0,-0.17366167244843236,2.51821349708213,2417.502174942782,5164.22998302125,6.21433206818841,25.241944444444442
137.0,59110.8,52.3333338,-2.0845579,91.084,356.277,107.9,-0.26,0.1,4.599976,90.39999,90.48999,90.55,90.25,1.600006,90.45,-0.02958012,0.05915999,0.0,6.0,3.0,2234.0,87.0,0.0,1.190002,1.0,13.8,11.25,0.0,-0.16428743164280535,2.5247716479658338,2417.3378875111393,5166.754754669216,6.218206699127837,25.301111111111112
137.0,59110.9,52.3333564,-2.0845605000000003,90.986,356.069,107.88,-0.26,0.1,4.599976,90.15999,90.42,90.36,89.95999,1.700012,90.42,-0.02958012,0.06936002,0.0,6.0,3.0,2215.0,87.0,0.0,1.190002,1.0,13.8,11.25,0.0,-0.1732653470291167,2.521442784438682,2417.1646221641104,5169.276197453654,6.214576414283689,25.27388888888889
137.0,59111.0,52.3333788,-2.0845634,90.335,355.44300000000004,107.82,-0.3,0.1,4.599976,90.15999,90.20999,90.20999,90.08,1.300018,90.18999,-0.02958012,0.05915999,0.0,6.0,3.0,2206.0,87.0,0.0,1.190002,1.0,13.8,11.25,0.0,-0.19936640324020363,2.501373104596961,2416.96525576087,5171.777570558252,6.203650653166205,25.09305555555555
138.0,59111.1,52.3334015,-2.0845661,90.724,355.742,107.81,-0.28,0.1,5.200012,90.0,90.15999,90.47,89.89999,1.700012,90.15,-0.03978014,0.04997993,0.0,6.0,3.0,2194.0,87.0,0.0,1.190002,1.0,13.8,11.25,0.0,-0.1871125340506171,2.5131551706862107,2416.7781432268193,5174.290725728938,6.208869187629668,25.20111111111111
138.0,59111.2,52.333424,-2.084569,90.666,355.649,107.79,-0.26,0.1,6.299988,89.83,90.05,90.01999,89.86,1.399994,89.93999000000001,-0.03978014,0.05915999,0.0,6.0,3.0,2186.0,87.0,0.0,2.139984,1.0,13.7,11.25,0.0,-0.19106930012657042,2.511241679438509,2416.587073926693,5176.801967408376,6.2072460314253135,25.185
137.0,59111.3,52.3334464,-2.0845721,90.176,355.194,107.75,-0.29,0.1,6.599976,89.56999,89.55,90.00999,89.58,0.7000122,89.73,-0.04997993,0.02957988,0.0,6.0,3.0,2169.0,87.0,0.0,6.889983999999999,1.0,13.7,11.25,0.0,-0.20986509024776062,2.4960819276566855,2416.3772088364453,5179.298049336033,6.199304783328739,25.04888888888889
137.0,59111.4,52.3334689,-2.0845751,90.184,355.301,107.73,-0.27,0.1,6.299988,89.39999,89.47,89.81999,89.22,0.7000122,89.6,-0.07956004,0.04997993,0.0,6.0,3.0,2177.0,87.0,0.0,7.839996000000001,1.0,13.7,11.25,0.0,-0.20522149295035544,2.4966909736376213,2416.171987343495,5181.7947403096705,6.201172285628372,25.05111111111111
137.0,59111.5,52.3334912,-2.0845783,89.95299999999999,355.01300000000003,107.7,-0.27,0.1,6.299988,89.06999,89.0,89.39,89.20999,0.7000122,89.04,-0.07956004,0.02957988,0.0,6.0,3.0,2175.0,87.0,0.0,7.839996000000001,1.0,13.8,11.25,0.0,-0.21721078618035417,2.489235505343848,2415.9547765573147,5184.283975815014,6.19614573738263,24.98694444444444
137.0,59111.6,52.3335135,-2.0845814000000003,89.62200000000001,355.069,107.69,-0.26,0.1,6.299988,88.84,88.89,89.14999,88.72,0.8999939,88.97,-0.09996009,0.01937985,0.0,6.0,3.0,2163.0,87.0,0.0,9.269989,1.0,13.8,11.25,0.0,-0.213987425383859,2.4802861995700396,2415.740789131931,5186.764262014584,6.197123121763746,24.895000000000003
137.0,59111.7,52.3335357,-2.0845847,89.176,354.931,107.66,-0.26,0.1,6.299988,88.34999,88.45999,88.73,88.14999,1.0,88.52,-0.1193398999999999,0.01937985,0.0,6.0,3.0,2167.0,87.0,0.0,14.48999,1.0,13.8,11.25,0.0,-0.2188660781738467,2.4674231693438653,2415.521923053757,5189.231685183928,6.194714567395994,24.77111111111111
138.0,59111.8,52.3335578,-2.0845877,88.93799999999999,355.149,107.63,-0.27,0.1,6.299988,87.81999,87.81999,88.03999,87.67,1.100006,87.93999000000001,-0.16014,0.02957988,0.0,6.0,3.0,2148.0,87.0,0.0,18.04999,1.0,13.8,11.25,0.0,-0.2089173537553644,2.461650622915416,2415.3130057000017,5191.693335806844,6.1985193851653415,24.704999999999995
138.0,59111.9,52.3335797,-2.0845909,88.229,354.93800000000005,107.62,-0.24,0.1,6.299988,87.09,87.25,87.50999,87.06999,0.8000183000000001,87.28,-0.1795201,0.0397799,0.0,6.0,3.0,2143.0,87.0,0.0,17.82001,1.0,13.8,11.25,0.0,-0.21624358801653984,2.4412469317510075,2415.0967621119853,5194.134582738595,6.194836740443634,24.508055555555554
138.0,59112.0,52.3336015,-2.0845942,87.775,354.663,107.6,-0.24,0.1,6.5,86.36,86.62,87.00999,86.36,0.7000122,86.62,-0.1795201,0.0397799,0.0,6.0,3.0,2114.0,87.0,0.0,13.29999,1.0,13.7,11.25,0.0,-0.22678519180832568,2.427624482018629,2414.869976920177,5196.562207220613,6.190037085000649,24.381944444444446
138.0,59112.1,52.3336231,-2.0845975,87.221,354.682,107.59,-0.21,0.1,7.099976,86.06,86.14,86.42999,85.95,0.8999939,86.2,-0.16014,0.02957988,0.0,6.0,3.0,2101.0,87.0,0.0,10.44998,1.0,13.8,11.25,0.0,-0.2245538540601907,2.4123769039388474,2414.645423066117,5198.974584124552,6.190368697558529,24.228055555555557
137.0,59112.2,52.3336446,-2.0846009,86.566,354.538,107.57,-0.22,0.1,7.299988000000001,85.64999,85.76999,85.95,85.62,0.7000122,85.77,-0.13974,0.01937985,0.0,6.0,3.0,2072.0,87.0,0.0,10.69,1.0,13.8,11.25,0.0,-0.22888425454413022,2.3936930867805066,2414.416538811573,5201.3682772113325,6.187855423435656,24.04611111111111
137.0,59112.3,52.333666,-2.0846044,86.29899999999999,354.27,107.53,-0.24,0.1,8.099976,85.20999,85.39,85.78999,85.09,0.3999939,85.45,-0.13974,0.01937985,0.0,6.0,3.0,2065.0,87.0,0.0,10.69,1.0,13.8,11.25,0.0,-0.23933768160054886,2.3852166942735797,2414.177201129972,5203.753493905606,6.183177941040311,23.971944444444443
137.0,59112.4,52.3336874,-2.0846076,85.853,354.653,107.52,-0.23,0.1,8.399963,84.78999,84.97,85.25,84.70999,0.3000183,84.93,-0.12954,0.009180069,0.0,6.0,3.0,2054.0,87.0,0.0,6.889983999999999,1.0,13.7,11.25,0.0,-0.22223371946695347,2.3744282915557853,2413.954967410505,5206.127922197162,6.18986255207545,23.848055555555554
137.0,59112.5,52.33370850000001,-2.0846111,85.385,354.316,107.5,-0.22,0.1,8.5,84.73999,84.7,84.94,84.59,0.3999939,84.75,-0.09996009,0.009180069,0.0,6.0,3.0,2033.0,87.0,0.0,2.139984,1.0,13.8,11.25,0.0,-0.23490806684279947,2.360144019651423,2413.7200593436623,5208.488066216813,6.183980792496228,23.718055555555555
137.0,59112.6,52.3337296,-2.0846145,85.00299999999999,354.32300000000004,107.47,-0.23,0.1,8.899963,84.7,84.62,84.8,84.40999000000001,0.1000061,84.63,-0.06936002,0.0,0.0,6.0,3.0,2029.0,87.0,0.0,-0.230011,1.0,13.8,11.25,0.0,-0.23357006479919862,2.349613634048161,2413.4864892788632,5210.837679850862,6.184102965543869,23.61194444444444
137.0,59112.7,52.3337507,-2.0846179,84.89200000000001,354.409,107.46,-0.21,0.1,9.299988,84.53,84.53999,84.73,84.08,0.0,84.55,-0.04997993,0.0,0.0,6.0,3.0,2036.0,87.0,0.0,0.2399902,1.0,13.8,11.25,0.0,-0.22974267393660253,2.3468929068276934,2413.256746604927,5213.184572757689,6.185603948700583,23.581111111111113
138.0,59112.8,52.3337718,-2.0846214,84.773,354.218,107.43,-0.22,0.1,9.899963,84.37,84.34,84.58,84.12999,-0.1000061,84.43,-0.03978014,-0.009180069,0.0,6.0,3.0,2035.0,87.0,0.0,0.2399902,1.0,13.8,11.25,0.0,-0.2372319214853528,2.342825264483819,2413.0195146834412,5215.527398022173,6.182270369829275,23.548055555555553
138.0,59112.9,52.3337928,-2.0846249,84.62899999999999,354.26199999999994,107.41,-0.22,0.1,10.20001,84.34999,84.2,84.47,84.03999,-0.1000061,84.27,-0.03978014,-0.01938009,0.0,6.0,3.0,2033.0,87.0,0.0,0.4799805,1.0,13.8,11.25,0.0,-0.23503277236969075,2.3390267967560954,2412.7844819110715,5217.866424818929,6.183038314700151,23.508055555555554
138.0,59113.0,52.3338138,-2.0846281,84.449,354.564,107.39,-0.21,0.1,10.39996,84.17,84.12,84.55,83.92,-0.2999877999999999,84.17,-0.02958012,-0.02958012,0.0,6.0,3.0,2024.0,87.0,0.0,-0.230011,1.0,13.8,11.25,0.0,-0.2222271323552538,2.3352556190105758,2412.562254778716,5220.201680437939,6.188309209041175,23.458055555555553
137.0,59113.1,52.3338348,-2.0846315,84.589,354.459,107.37,-0.21,0.1,10.59998,84.0,84.08,84.37,83.62999,-0.5,84.03,-0.02958012,-0.009180069,0.0,6.0,3.0,2032.0,87.0,0.0,0.0,0.0,13.8,11.25,0.0,-0.22688183964051245,2.3387151628820524,2412.3353729390756,5222.540395600821,6.1864766133265805,23.496944444444445
138.0,59113.2,52.3338557,-2.0846348,84.251,354.401,107.35,-0.2,0.1,10.70001,84.05,83.89,84.2,83.72,-0.6999816999999999,83.92,-0.03978014,-0.02958012,0.0,6.0,3.0,2025.0,87.0,0.0,0.0,0.0,13.8,11.25,0.0,-0.2283331513031285,2.3291401987386204,2412.1070397877725,5224.86953579956,6.185464322360424,23.403055555555557
138.0,59113.3,52.3338767,-2.0846381000000003,84.344,354.55300000000005,107.32,-0.21,0.1,10.59998,83.87,83.75999,84.06,83.67999,-0.5,83.84,-0.03978014,-0.02958012,0.0,6.0,3.0,2023.0,87.0,0.0,0.0,0.0,13.8,11.25,0.0,-0.2223986007255325,2.332309415166508,2411.884641187047,5227.201845214727,6.188117222823456,23.42888888888889
138.0,59113.4,52.3338975,-2.0846413,84.01700000000001,354.591,107.31,-0.21,0.1,10.59998,83.76999,83.81,84.06999,83.28,-0.5,83.73,-0.02958012,-0.02958012,0.0,6.0,3.0,2017.0,87.0,0.0,0.0,0.0,13.8,11.25,0.0,-0.21999546810091217,2.3234135157472586,2411.664645718946,5229.525258730474,6.188780447939213,23.33805555555556
138.0,59113.5,52.3339184,-2.0846446,84.035,354.533,107.28,-0.21,0.1,10.59998,83.53,83.50999,83.75,83.15999000000001,-0.5,83.58,-0.02958012,-0.02958012,0.0,6.0,3.0,2021.0,87.0,0.0,0.0,0.0,13.8,11.25,0.0,-0.22239496170836018,2.3236873515394163,2411.4422507572376,5231.848946082014,6.187768156973057,23.343055555555555
138.0,59113.6,52.3339392,-2.0846479,83.96600000000001,354.38800000000003,107.23,-0.25,0.1,10.70001,83.64,83.45,83.8,83.31999,-0.6000061,83.47,-0.02958012,-0.02958012,0.0,6.0,3.0,2019.0,87.0,0.0,0.0,0.0,13.8,11.25,0.5,-0.22808742914664767,2.3212096100261217,2411.2141633280908,5234.17015569204,6.185237429557665,23.32388888888889
138.0,59113.7,52.3339601,-2.0846511,83.956,354.666,107.2,-0.25,0.1,10.70001,83.5,83.39999,83.73999,83.26999,-0.6000061,83.47,-0.03978014,-0.02958012,0.0,6.0,3.0,2016.0,87.0,0.0,0.0,0.0,13.8,11.25,4.5,-0.21679642130534674,2.322012391499472,2410.9973669067854,5236.49216808354,6.1900894448782084,23.32111111111111
138.0,59113.8,52.3339809,-2.084654,83.74700000000001,355.134,107.19,-0.24,0.1,10.70001,83.45999,83.48999,83.64,82.89,-0.6999816999999999,83.43999000000001,-0.02958012,-0.01938009,0.0,6.0,3.0,2098.0,87.0,0.0,0.0,0.0,13.8,11.25,7.0,-0.19733041558506728,2.3179211041132675,2410.8000364912004,5238.810089187653,6.198257585777543,23.26305555555556
138.0,59113.9,52.3340017,-2.084657,83.51299999999999,354.94199999999995,107.18,-0.22,0.1,10.59998,83.40999000000001,83.34,83.50999,83.00999,-0.6000061,83.35,-0.01938009,-0.01938009,0.0,6.0,3.0,2082.0,87.0,0.0,0.0,0.0,13.7,11.25,10.0,-0.2045236543799312,2.3107721415980196,2410.5955128368205,5241.120861329251,6.194906553613713,23.198055555555552
138.0,59114.0,52.3340225,-2.0846601,83.75,354.912,107.15,-0.22,0.1,10.59998,83.45,83.28999,83.59,83.15999000000001,-0.6999816999999999,83.27,-0.009180069,-0.01938009,0.0,6.0,3.0,2075.0,87.0,0.0,0.0,0.0,13.8,11.25,13.0,-0.2063173911764031,2.317222129284079,2410.389195445644,5243.438083458535,6.194382954838114,23.26388888888889
138.0,59114.1,52.3340433,-2.0846629,83.65700000000001,355.165,107.13,-0.22,0.1,10.59998,83.50999,83.42999,83.72,83.12999,-0.6999816999999999,83.45,0.0,-0.02958012,0.0,6.0,3.0,2083.0,87.0,0.0,0.0,0.0,13.8,11.25,16.5,-0.19586555437982595,2.3155364269728835,2410.193329891264,5245.753619885509,6.198798637845661,23.238055555555558
138.0,59114.2,52.3340641,-2.0846659,83.56299999999999,354.968,107.11,-0.22,0.1,10.59998,83.5,83.48,83.64,82.92999,-0.6999816999999999,83.49,0.0,-0.01938009,0.0,6.0,3.0,2090.0,87.0,0.0,0.0,0.0,13.8,11.25,20.0,-0.20359686059642607,2.3122482494911814,2409.9897330306676,5248.065868135,6.195360339219232,23.21194444444444
138.0,59114.3,52.3340848,-2.0846686,83.3,355.474,107.09,-0.21,0.1,10.09998,83.58,83.48999,83.58,83.05,-0.6000061,83.57,0.0,-0.009180069,0.0,6.0,3.0,2097.0,87.0,0.0,0.0,0.0,13.7,11.25,23.0,-0.18259238375071418,2.3066733213699098,2409.807140646917,5250.37254145637,6.204191705234323,23.13888888888889
138.0,59114.4,52.3341056,-2.0846712,83.596,355.59,107.07,-0.21,0.1,9.299988,83.69,83.58,83.83,83.39999,-0.5,83.61,0.009180069,-0.009180069,0.0,6.0,3.0,2089.0,87.0,0.0,0.0,0.0,13.7,11.25,24.5,-0.17855419530150426,2.3152361459872535,2409.628586451616,5252.687777602357,6.206216287166636,23.22111111111111
138.0,59114.5,52.3341266,-2.0846742000000003,84.07799999999999,355.079,107.05,-0.21,0.1,8.799988,83.75999,83.8,83.90999000000001,83.39,-0.1000061,83.71,0.009180069,0.0,0.0,6.0,3.0,2084.0,87.0,0.0,0.0,0.0,13.7,11.25,25.0,-0.2003440875806496,2.3268911656051894,2409.428242364035,5255.014668767962,6.197297654688946,23.354999999999997
138.0,59114.6,52.3341474,-2.0846768,83.639,355.566,107.03,-0.21,0.1,8.700012,83.92,84.0,83.98999,83.31,0.0,83.85,0.009180069,0.009180069,0.0,6.0,3.0,2086.0,87.0,0.0,0.0,0.0,13.7,11.25,25.0,-0.17961632676697784,2.3163520198005414,2409.2486260372684,5257.331020787762,6.205797408146157,23.233055555555556
138.0,59114.7,52.3341683,-2.0846794,83.884,355.66,107.01,-0.21,0.1,8.599976,84.09,84.08,83.98,83.51999,0.1000061,84.1,0.01937985,0.009180069,0.0,6.0,3.0,2106.0,87.0,0.0,0.0,0.0,13.7,11.25,28.5,-0.1763308671887344,2.323429623509162,2409.0722951700795,5259.654450411272,6.207438017643033,23.301111111111112
138.0,59114.8,52.3341892,-2.0846821,83.96600000000001,355.395,107.0,-0.2,0.1,8.700012,84.28,84.23999,84.39999,83.95999,0.0,84.24,0.0397799,0.009180069,0.0,6.0,3.0,2088.0,87.0,0.0,0.0,0.0,13.7,11.25,30.5,-0.18725796299578784,2.324859648302885,2408.8850372070838,5261.979310059574,6.2028128951252475,23.32388888888889
138.0,59114.9,52.3342103,-2.0846848,84.51700000000001,355.552,106.98,-0.2,0.1,8.700012,84.48,84.53,84.53999,83.97,0.0,84.43,0.0397799,0.0,0.0,6.0,3.0,2107.0,87.0,0.0,0.0,0.0,13.7,11.25,31.0,-0.18207377593398558,2.3406234948390248,2408.70296343115,5264.319933554413,6.205553062050879,23.476944444444445
138.0,59115.0,52.334231300000006,-2.0846876,84.661,355.267,106.92,-0.24,0.1,8.700012,84.69,84.70999,84.69,84.12,0.0,84.67,0.04997993,0.0,0.0,6.0,3.0,2120.0,87.0,0.0,0.0,0.0,13.7,11.25,31.0,-0.19404422767232116,2.343675232991533,2408.5089192034775,5266.663608787405,6.200578873682694,23.516944444444444
138.0,59115.1,52.3342524,-2.0846903,84.665,355.583,106.93,-0.2,0.1,8.700012,85.01999,84.92999,84.92,84.48999,0.0,84.88,0.05915999,0.0,0.0,6.0,3.0,2112.0,87.0,0.0,0.4799805,0.0,13.7,11.25,31.5,-0.18112396679456835,2.3448205645197198,2408.327795236683,5269.008429351925,6.206094114118997,23.518055555555556
138.0,59115.2,52.3342736,-2.0846929,85.046,355.53,106.9,-0.22,0.1,8.700012,85.23,85.25999,85.34,84.78999,-0.1000061,85.17,0.05915999,0.0,0.0,6.0,3.0,2124.0,87.0,0.0,0.0,0.0,13.8,11.25,32.0,-0.18411773978419446,2.3552031590167415,2408.143677496899,5271.363632510942,6.205169089615439,23.62388888888889
138.0,59115.3,52.3342948,-2.0846957,85.266,355.491,106.89,-0.21,0.1,8.700012,85.48999,85.53999,85.48,84.81999,-0.1000061,85.49,0.05915999,0.009180069,0.0,6.0,3.0,2120.0,87.0,0.0,0.0,0.0,13.8,11.25,32.5,-0.18620126216254174,2.36116948565093,2407.957476234736,5273.724801996593,6.204488411207162,23.685000000000002
138.0,59115.4,52.3343161,-2.0846984,85.601,355.396,106.84,-0.24,0.1,8.700012,85.84999,85.75999,85.7,85.14,0.0,85.73,0.05915999,0.0,0.0,6.0,3.0,2137.0,87.0,0.0,0.0,0.0,13.8,11.25,33.5,-0.190862914784472,2.3701330358844497,2407.766613319952,5276.094935032477,6.202830348417768,23.778055555555554
138.0,59115.5,52.3343375,-2.0847011,85.81700000000001,355.543,106.81,-0.24,0.1,8.700012,86.01999,85.97,86.0,85.61,0.0,85.95,0.05915999,0.0,0.0,6.0,3.0,2136.0,87.0,0.0,0.0,0.0,13.8,11.25,34.0,-0.18524766475201182,2.3765967746762295,2407.5813656552,5278.471531807153,6.2053959824181995,23.838055555555556
138.0,59115.6,52.3343589,-2.0847038,86.029,355.521,106.78,-0.25,0.1,8.700012,86.14999,86.20999,86.34,85.73999,-0.1000061,86.12,0.06936002,0.009180069,0.0,5.0,3.0,2145.0,87.0,0.0,-0.230011,0.0,13.7,11.25,34.5,-0.18662008385440573,2.382396373845212,2407.3947455713455,5280.853928180998,6.20501200998276,23.896944444444443
138.0,59115.7,52.33438039999999,-2.0847066,86.425,355.456,106.77,-0.24,0.1,8.700012,86.42999,86.42999,86.40999000000001,85.81,-0.1000061,86.35,0.05915999,0.009180069,0.0,5.0,3.0,2166.0,87.0,0.0,0.0,0.0,13.6,11.25,34.5,-0.19019417728735083,2.3931485517017967,2407.2045513940584,5283.2470767326995,6.203877545968965,24.006944444444443
138.0,59115.8,52.334402,-2.0847093,86.508,355.70300000000003,106.75,-0.24,0.1,8.700012,86.72,86.62,86.72,86.23999,-0.2999877999999999,86.64,0.04997993,0.0,0.0,5.0,3.0,2264.0,87.0,0.0,0.0,0.0,13.8,11.25,34.5,-0.1800484136996796,2.396245306458466,2407.0245029803586,5285.643322039158,6.20818850922139,24.029999999999998
138.0,59115.9,52.3344235,-2.084712,86.598,355.689,106.73,-0.23,0.1,8.700012,86.90999000000001,86.87999,86.8,86.33,-0.1000061,86.85,0.0397799,0.009180069,0.0,5.0,3.0,2411.0,87.0,0.0,0.0,0.0,13.7,11.25,35.0,-0.18082184693103429,2.39869416759879,2406.8436811334277,5288.042016206757,6.207944163126111,24.055
138.0,59116.0,52.334445200000005,-2.0847147999999995,86.944,355.439,106.72,-0.22,0.1,8.700012,86.98,86.98,87.01999,86.42,-0.1000061,87.03,0.0397799,0.009180069,0.0,5.0,3.0,2537.0,87.0,0.0,0.0,0.0,13.7,11.25,35.0,-0.19205064976178998,2.407463027117638,2406.651630483666,5290.449479233875,6.203580839996126,24.15111111111111
138.0,59116.1,52.3344669,-2.0847176,87.20299999999999,355.486,106.7,-0.22,0.1,8.700012,87.25,87.14,87.20999,86.78,-0.1000061,87.15,0.04997993,0.0,0.0,5.0,3.0,2645.0,87.0,0.0,0.0,0.0,13.7,11.25,35.0,-0.19064195411880394,2.4147918854023573,2406.460988529547,5292.864271119277,6.204401144744562,24.22305555555555
138.0,59116.2,52.3344887,-2.0847202000000005,87.24600000000001,355.814,106.67,-0.22,0.1,8.700012,87.39,87.33,87.56,87.05,0.0,87.34,0.04997993,0.009180069,0.0,5.0,3.0,2682.0,87.0,0.0,0.0,0.0,13.7,11.25,35.0,-0.17690218297761667,2.4170349330652536,2406.2840863465694,5295.281306052342,6.210125824691104,24.235000000000003
137.0,59116.3,52.3345105,-2.084723,87.67399999999999,355.501,106.65,-0.22,0.1,8.799988,87.62999,87.65999000000001,87.56,86.95,-0.1000061,87.59,0.04997993,0.009180069,0.0,5.0,3.0,2706.0,87.0,0.0,0.0,0.0,13.7,11.25,35.0,-0.19103603541452677,2.427884732291991,2406.093050311155,5297.709190784634,6.204662944132361,24.353888888888886
137.0,59116.4,52.33453240000001,-2.0847255,87.73899999999999,355.966,106.64,-0.2,0.1,8.799988,87.94,87.90999000000001,87.78,87.25,-0.1000061,87.82,0.05915999,0.01937985,0.0,5.0,3.0,2703.0,87.0,0.0,-0.230011,0.0,13.7,11.25,35.0,-0.17145279753493836,2.4311562471894534,2405.92159751362,5300.140347031824,6.212778725154135,24.37194444444444
137.0,59116.5,52.3345543,-2.0847284,88.052,355.445,106.61,-0.22,0.1,8.799988,88.23999,88.3,88.20999,87.73,-0.1999817,88.17,0.05915999,0.01937985,0.0,5.0,3.0,2726.0,87.0,0.0,0.0,0.0,13.8,11.25,34.0,-0.19424278873616507,2.4381636934000395,2405.7273547248838,5302.578510725224,6.203685559751245,24.45888888888889
137.0,59116.6,52.3345763,-2.0847311,88.355,355.557,106.58,-0.23,0.1,8.799988,88.42999,88.48999,88.40999000000001,87.81999,-0.2999877999999999,88.43,0.06936002,0.009180069,0.0,5.0,3.0,2743.0,87.0,0.0,0.0,0.0,13.7,11.25,29.5,-0.1901283907589453,2.44693010833131,2405.5372263341246,5305.025440833555,6.2056403285134785,24.543055555555554
137.0,59116.7,52.3345983,-2.0847338,88.57799999999999,355.68699999999995,106.55,-0.24,0.1,8.899963,88.78,88.69,88.72,88.22,-0.1999817,88.66,0.06936002,0.009180069,0.0,5.0,3.0,2719.0,87.0,0.0,0.0,0.0,13.7,11.25,25.5,-0.1850418508891363,2.453532099529069,2405.3521844832353,5307.478972933084,6.20790925654107,24.604999999999997
137.0,59116.8,52.33462039999999,-2.0847364,88.679,355.949,106.55,-0.21,0.1,9.099976,88.89,88.89,89.0,88.53999,-0.1000061,88.82999000000001,0.05915999,0.009180069,0.0,5.0,3.0,2723.0,87.0,0.0,0.0,0.0,13.8,11.25,23.0,-0.17401873222055855,2.4571511432688085,2405.1781657510146,5309.936124076353,6.212482019181296,24.633055555555554
137.0,59116.9,52.3346426,-2.0847392,89.244,355.67,106.52,-0.22,0.1,9.399963,89.12999,89.08,89.05,88.39,-0.2999877999999999,89.14,0.0397799,0.0,0.0,5.0,3.0,2739.0,87.0,0.0,0.0,0.0,13.8,11.25,22.0,-0.18716658592853885,2.471924284664046,2404.990999165086,5312.408048361017,6.207612550568232,24.79
137.0,59117.0,52.3346648,-2.0847418,88.93799999999999,355.879,106.5,-0.21,0.1,9.700012,89.20999,89.09999,89.2,88.59999,-0.2999877999999999,89.13,0.04997993,0.0,0.0,5.0,3.0,2739.0,87.0,0.0,0.0,0.0,13.8,11.25,21.0,-0.17753759254799698,2.4641125488159545,2404.813461572538,5314.872160909833,6.2112602887049,24.704999999999995
137.0,59117.1,52.3346871,-2.0847444,89.23,355.869,106.5,-0.18,0.1,10.79999,89.36,89.31,89.62,89.06999,-0.3999939,89.25,0.0397799,0.009180069,0.0,6.0,3.0,2766.0,87.0,0.0,0.0,0.0,13.8,11.25,20.5,-0.17855195954520528,2.4721715631941943,2404.634909612993,5317.344332473027,6.211085755779701,24.78611111111111
137.0,59117.2,52.3347094,-2.0847471,89.917,355.76300000000003,106.47,-0.2,0.1,11.79999,89.45,89.40999000000001,89.59999,88.86,-1.0,89.46,0.0397799,-0.009180069,0.0,6.0,3.0,2782.0,87.0,0.0,0.0,0.0,13.8,11.25,20.5,-0.1845352089391677,2.4908681808699598,2404.450374404054,5319.835200653897,6.209235706772588,24.976944444444445
137.0,59117.3,52.3347317,-2.0847498,89.546,355.81800000000004,106.47,-0.18,0.1,11.89996,89.62999,89.44,89.78,89.06999,-1.299988,89.5,0.0397799,-0.01938009,0.0,6.0,3.0,2802.0,87.0,0.0,0.0,0.0,13.8,11.25,20.0,-0.18139253109941664,2.4807660579404196,2404.2689818729546,5322.315966711838,6.210195637861184,24.87388888888889
137.0,59117.4,52.334754100000005,-2.0847523,89.708,356.019,106.43,-0.2,0.1,11.70001,89.78,89.75999,89.87,89.25,-1.199982,89.74,0.02957988,-0.02958012,0.0,6.0,3.0,2808.0,87.0,0.0,0.0,0.0,13.7,11.25,19.0,-0.17300104358697482,2.48587627879702,2404.0959808293674,5324.801842990635,6.213703749657692,24.918888888888887
137.0,59117.5,52.334776600000005,-2.0847548,90.313,356.158,106.41,-0.21,0.1,11.59998,89.92999,89.84,89.89999,89.14,-1.0,89.92,0.01937985,-0.01938009,0.0,6.0,3.0,2807.0,87.0,0.0,0.0,0.0,13.8,11.25,18.0,-0.16809584695447938,2.503056451984868,2403.9278849824127,5327.30489944262,6.216129757317964,25.086944444444445
137.0,59117.6,52.334799,-2.0847572000000003,90.158,356.217,106.38,-0.22,0.1,11.29999,90.17999,90.05,90.25,89.65999000000001,-1.199982,90.09,0.01937985,-0.01938009,0.0,6.0,3.0,2765.0,87.0,0.0,0.0,0.0,13.8,11.25,17.5,-0.16523417900521165,2.498932046470771,2403.7626508034073,5329.803831489091,6.21715950157664,25.043888888888887
137.0,59117.7,52.3348215,-2.0847594,90.306,356.45,106.35,-0.23,0.1,10.89996,90.19,90.15999,90.26999,89.67999,-1.0,90.2,0.009180069,-0.009180069,0.0,6.0,3.0,2772.0,87.0,0.0,0.0,0.0,13.8,11.25,17.0,-0.1553251989746833,2.5036865483848962,2403.6073256044324,5332.307518037476,6.221226118733788,25.084999999999997
137.0,59117.8,52.3348439,-2.0847618000000003,90.22,356.326,106.32,-0.24,0.1,10.29999,90.37,90.12999,90.44,89.7,-0.8999939,90.21,0.01937985,-0.009180069,0.0,6.0,3.0,2735.0,87.0,0.0,0.0,0.0,13.8,11.25,17.0,-0.16059025141428168,2.500960549945814,2403.446735353018,5334.808478587422,6.219061910461315,25.06111111111111
137.0,59117.9,52.3348665,-2.0847638,90.558,356.741,106.3,-0.23,0.1,10.09998,90.28999,90.17,90.48,89.86,-0.6000061,90.27,0.009180069,0.0,0.0,6.0,3.0,2653.0,87.0,0.0,0.0,0.0,13.8,11.25,17.0,-0.14300520366532124,2.5114318150657886,2403.3037301493528,5337.319910402487,6.226305026857091,25.155
137.0,59118.0,52.334889,-2.0847661,90.306,356.551,106.3,-0.21,0.1,9.899963,90.33,90.31999,90.53999,89.87999,-0.5,90.32,0.009180069,0.0,0.0,6.0,3.0,2536.0,87.0,0.0,0.0,0.0,13.8,11.25,16.5,-0.1509115049871081,2.5039564628129067,2403.1528186443657,5339.8238668653,6.222988901278302,25.084999999999997
137.0,59118.1,52.3349117,-2.0847682,90.817,356.667,106.26,-0.23,0.1,10.0,90.50999,90.42999,90.56999,89.84999,-0.5,90.39,0.009180069,0.0,0.0,6.0,3.0,2457.0,87.0,0.0,0.0,0.0,13.8,11.25,16.5,-0.14666698525200533,2.5184272980310456,2403.0061516591136,5342.342294163332,6.225013483210615,25.22694444444444
137.0,59118.2,52.3349342,-2.0847703,90.536,356.724,106.24,-0.23,0.1,10.0,90.62,90.61,90.75,90.23,-0.1999817,90.50999,0.009180069,0.0,0.0,6.0,3.0,2310.0,87.0,0.0,0.0,0.0,13.8,11.25,15.5,-0.14371543172336723,2.510779161563469,2402.8624362273904,5344.853073324895,6.226008320884252,25.148888888888887
137.0,59118.3,52.3349569,-2.0847724,90.85,356.85,106.21,-0.24,0.1,10.0,90.67999,90.64,90.8,90.14999,-0.5,90.64,0.01937985,0.0,0.0,6.0,3.0,2250.0,87.0,0.0,0.0,0.0,13.8,11.25,13.0,-0.13867288458460136,2.5197981806494822,2402.723763342806,5347.372871505545,6.228207435741766,25.236111111111107
137.0,59118.4,52.3349795,-2.0847744,90.882,356.885,106.19,-0.23,0.1,10.0,90.73,90.47,90.87,90.11,-0.5,90.54,0.009180069,0.0,0.0,6.0,3.0,2255.0,87.0,0.0,0.0,0.0,13.8,11.25,9.0,-0.1371819041155388,2.5207699964858428,2402.5865814386902,5349.893641502031,6.228818300979963,25.245
137.0,59118.5,52.3350022,-2.0847762,90.968,357.242,106.18,-0.21,0.1,10.0,90.62999,90.59999,90.90999,90.36,-0.5,90.65,0.0,-0.009180069,0.0,6.0,3.0,2257.0,87.0,0.0,0.0,0.0,13.8,11.25,6.5,-0.1215878126223276,2.523961937235156,2402.464993626068,5352.417603439266,6.235049126409583,25.26888888888889
137.0,59118.6,52.3350249,-2.0847782,90.986,356.907,106.16,-0.21,0.1,10.09998,90.73,90.62999,90.87,90.15999,-0.1999817,90.59,0.0,0.009180069,0.0,6.0,3.0,2243.0,87.0,0.0,0.0,0.0,13.8,11.25,6.0,-0.13636986308480217,2.52370716528706,2402.328623762983,5354.941310604553,6.229202273415401,25.27388888888889
137.0,59118.7,52.3350476,-2.08478,91.069,357.095,106.13,-0.22,0.1,10.59998,90.75999,90.58,90.98,90.23,-0.6000061,90.64,0.0,0.0,0.0,6.0,3.0,2256.0,87.0,0.0,0.0,0.0,13.7,11.25,6.0,-0.12820515372669808,2.5264436310377083,2402.2004186092563,5357.467754235591,6.232483492409152,25.296944444444446
137.0,59118.8,52.3350702,-2.0847819,90.673,357.047,106.12,-0.21,0.1,10.79999,90.67999,90.56,90.87999,90.3,-1.0,90.75999,-0.009180069,-0.009180069,0.0,6.0,3.0,2255.0,86.0,0.0,0.0,0.0,13.8,11.25,6.0,-0.12975497261644314,2.5153499461420106,2402.07066363664,5359.983104181733,6.231645734368194,25.186944444444443
137.0,59118.9,52.33509289999999,-2.0847836,91.015,357.386,106.09,-0.21,0.1,10.89996,90.65999,90.45999,90.81,90.09999,-1.0,90.55,-0.009180069,-0.009180069,0.0,6.0,3.0,2240.0,87.0,0.0,0.0,0.0,13.8,11.25,6.0,-0.1153035696474829,2.525563746126061,2401.9553600669924,5362.508667927859,6.237562400532455,25.281944444444445
137.0,59119.0,52.3351157,-2.0847854,91.102,357.306,106.07,-0.2,0.1,10.89996,90.59999,90.47,90.92,90.28,-0.8999939,90.5,-0.009180069,-0.01938009,0.0,6.0,3.0,2244.0,86.0,0.0,0.0,0.0,13.8,11.25,5.5,-0.11894339613048384,2.5278142859387356,2401.836416670862,5365.036482213798,6.2361661371308585,25.30611111111111
137.0,59119.1,52.3351384,-2.0847871,91.084,357.358,106.05,-0.21,0.1,10.89996,90.51999,90.48999,90.75999,90.22,-0.8999939,90.53,-0.009180069,-0.009180069,0.0,6.0,3.0,2252.0,86.0,0.0,0.0,0.0,13.8,11.25,4.5,-0.11662612835691571,2.5274217259397727,2401.719790542505,5367.563903939737,6.237073708341896,25.301111111111112
137.0,59119.2,52.335161,-2.0847887,90.756,357.54,106.03,-0.21,0.1,10.89996,90.62,90.42,90.84,90.01999,-1.0,90.53,-0.009180069,-0.009180069,0.0,6.0,3.0,2250.0,86.0,0.0,0.0,0.0,13.8,11.25,3.5,-0.10820613399596982,2.5186767225203095,2401.611584408509,5370.082580662258,6.240250207580527,25.21
137.0,59119.3,52.3351836,-2.0847902,90.482,357.671,106.01,-0.21,0.1,10.89996,90.48999,90.47,90.72,90.22,-1.0,90.50999,-0.009180069,-0.009180069,0.0,6.0,3.0,2241.0,86.0,0.0,0.0,0.0,13.8,11.25,2.5,-0.10213790405884826,2.5113127155622395,2401.50944650445,5372.59389337782,6.242536588900638,25.133888888888887
137.0,59119.4,52.3352063,-2.0847915,90.914,357.8,105.99,-0.21,0.1,10.89996,90.51999,90.28,90.64999,89.87,-0.8999939,90.4,-0.009180069,-0.01938009,0.0,6.0,3.0,2238.0,86.0,0.0,0.0,0.0,13.7,11.25,2.0,-0.09694414653840984,2.5235274661820895,2401.4125023579113,5375.117420844002,6.244788063635712,25.253888888888888
137.0,59119.5,52.3352289,-2.0847928,90.648,357.969,105.96,-0.21,0.1,10.89996,90.40999,90.25999,90.7,89.95999,-0.7999878,90.4,-0.01938009,-0.01938009,0.0,6.0,3.0,2247.0,86.0,0.0,0.0,0.0,13.8,11.25,2.0,-0.08923845895711162,2.5164181881084393,2401.3232638989543,5377.63383903211,6.247737670071581,25.18
137.0,59119.6,52.3352515,-2.0847942,90.706,357.80300000000005,105.95,-0.2,0.1,10.89996,90.28999,90.28,90.53999,90.01999,-0.8999939,90.32999,-0.01938009,-0.009180069,0.0,6.0,3.0,2244.0,86.0,0.0,0.0,0.0,13.8,11.25,1.5,-0.09659052088720507,2.5177590080286296,2401.226673378067,5380.151598040138,6.2448404235132715,25.19611111111111
137.0,59119.7,52.3352741,-2.0847956,90.763,357.94199999999995,105.93,-0.21,0.1,10.5,90.36,90.03999,90.56,89.75,-0.7999878,90.2,-0.01938009,-0.009180069,0.0,6.0,3.0,2229.0,86.0,0.0,0.0,0.0,13.8,11.25,0.0,-0.09053899932182302,2.5195682400560884,2401.1361343787453,5382.6711662801945,6.247266431173542,25.211944444444445
137.0,59119.8,52.3352968,-2.0847968000000003,90.666,358.05800000000005,105.92,-0.19,0.1,9.799988,90.17999,90.08,90.45,89.90999000000001,-0.8999939,90.17,-0.02958012,0.0,0.0,6.0,3.0,2225.0,86.0,0.0,0.0,0.0,13.8,11.25,0.0,-0.08534643610698048,2.5170534829128757,2401.050787942638,5385.188219763108,6.249291013105857,25.185
137.0,59119.9,52.3353193,-2.0847977,90.338,358.459,105.9,-0.2,0.1,9.299988,90.06999,90.00999,90.31,89.72,-0.6000061,90.13,-0.02958012,0.009180069,0.0,6.0,3.0,2239.0,86.0,0.0,0.0,0.0,13.8,11.25,0.0,-0.06748319195364773,2.508481336283521,2400.9833047506845,5387.696701099391,6.256289783406354,25.093888888888888
137.0,59120.0,52.3353418,-2.084799,90.367,357.999,105.88,-0.19,0.1,9.200012,90.01999,89.81999,90.3,89.55,-0.5,89.9,-0.02958012,0.0,0.0,6.0,3.0,2233.0,86.0,0.0,0.0,0.0,13.8,11.25,0.0,-0.08764830719252611,2.5086637724426204,2400.895656443492,5390.205364871834,6.24826126884718,25.101944444444445
137.0,59120.1,52.3353643,-2.0848,90.295,358.412,105.87,-0.18,0.1,9.299988,89.90999000000001,89.87,90.09,89.64999,-0.3999939,89.89,-0.02958012,0.0,0.0,6.0,3.0,2217.0,86.0,0.0,0.0,0.0,13.8,11.25,0.0,-0.06950778739048245,2.507231149821264,2400.8261486561014,5392.712596021655,6.255469478657916,25.081944444444446
137.0,59120.2,52.3353868,-2.084801,90.036,358.4,105.86,-0.18,0.1,9.299988,89.73,89.64999,90.01999,89.39,-0.3999939,89.87,-0.02958012,0.009180069,0.0,6.0,3.0,2208.0,86.0,0.0,0.0,0.0,13.8,11.25,0.0,-0.06983201844764647,2.5000248977159263,2400.7563166376535,5395.212620919371,6.255260039147677,25.009999999999998
137.0,59120.3,52.3354093,-2.084802,90.274,358.559,105.85,-0.17,0.1,9.299988,89.73999,89.58,90.05,89.28999,-0.5,89.65,-0.02958012,0.0,0.0,6.0,3.0,2187.0,86.0,0.0,0.0,0.0,13.8,11.25,0.0,-0.0630602587958483,2.506818080421574,2400.6932563788578,5397.719438999793,6.258035112658349,25.07611111111111
137.0,59120.4,52.3354317,-2.084803,89.84899999999999,358.416,105.84,-0.17,0.1,9.299988,89.51999,89.58,89.78,89.37,-0.3999939,89.57,-0.03978014,0.0,0.0,6.0,3.0,2163.0,86.0,0.0,0.0,0.0,13.8,11.25,0.0,-0.06899028968181611,2.4948518415071455,2400.6242660891758,5400.2142908413,6.255539291827996,24.958055555555553
137.0,59120.5,52.3354542,-2.0848037,89.96,358.847,105.81,-0.18,0.1,9.299988,89.39,89.34999,89.7,89.15999000000001,-0.3999939,89.32,-0.03978014,0.009180069,0.0,6.0,3.0,2161.0,86.0,0.0,0.0,0.0,13.8,11.25,0.0,-0.05028336212014766,2.4983829295178595,2400.5739827270554,5402.712673770818,6.263061660904091,24.988888888888887
137.0,59120.6,52.3354765,-2.0848046,89.618,358.62699999999995,105.81,-0.16,0.1,9.399963,89.28999,89.19,89.55,88.83,-0.3999939,89.25,-0.03978014,0.0,0.0,6.0,3.0,2162.0,86.0,0.0,0.0,0.0,13.8,11.25,0.0,-0.05964843941942849,2.4886741658558447,2400.514334287636,5405.201347936673,6.259221936549704,24.89388888888889
137.0,59120.7,52.335499,-2.0848054,90.126,358.639,105.76,-0.2,0.1,9.599976,89.23999,89.2,89.39999,88.87999,-0.6000061,89.17,-0.04997993,0.0,0.0,6.0,3.0,2177.0,86.0,0.0,0.0,0.0,13.8,11.25,0.0,-0.05946237425660961,2.502793734219376,2400.454871913379,5407.704141670893,6.259431376059943,25.035
137.0,59120.8,52.3355212,-2.0848062,89.17200000000001,358.724,105.76,-0.19,0.1,9.899963,89.26999,89.01999,89.28,88.48999,-0.6000061,89.14,-0.04997993,0.0,0.0,6.0,3.0,2174.0,86.0,0.0,0.0,0.0,13.8,11.25,0.0,-0.055159224085406,2.4763857655862704,2400.3997126892937,5410.180527436479,6.260914905924139,24.770000000000003
137.0,59120.9,52.3355435,-2.0848069,89.334,358.836,105.74,-0.19,0.1,10.09998,89.03999,88.86,89.26999,88.5,-0.5,89.07,-0.03978014,0.0,0.0,6.0,3.0,2184.0,86.0,0.0,0.0,0.0,13.8,11.25,0.0,-0.05040977430322712,2.480987929163441,2400.3493029149904,5412.661515365642,6.262869674686373,24.815
137.0,59121.0,52.3355657,-2.0848076,89.27600000000001,358.831,105.72,-0.19,0.1,10.70001,88.67,88.69,89.09999,88.67,-0.6999816999999999,88.8,-0.03978014,0.0,0.0,6.0,3.0,2181.0,86.0,0.0,0.0,0.0,13.8,11.25,1.5,-0.05059341209468782,2.479372744846403,2400.2987095028957,5415.140888110489,6.262782408223773,24.79888888888889
137.0,59121.1,52.335588,-2.0848083,89.1,358.94800000000004,105.71,-0.19,0.1,10.70001,88.67999,88.53,88.98,88.37,-0.7999878,88.65,-0.03978014,0.0,0.0,6.0,3.0,2198.0,86.0,0.0,0.0,0.0,13.8,10.5,1.5,-0.045440584468806874,2.4745828240903824,2400.253268918427,5417.615470934579,6.264824443448607,24.749999999999996
137.0,59121.2,52.335610200000005,-2.0848089,89.075,358.955,105.7,-0.18,0.1,10.89996,88.64999,88.48999,88.87999,88.17,-0.8999939,88.59,-0.02958012,-0.009180069,0.0,6.0,3.0,2203.0,86.0,0.0,0.0,0.0,13.8,10.5,1.5,-0.045125591749956534,2.4738940282927047,2400.2081433266767,5420.0893649628715,6.264946616496245,24.743055555555557
137.0,59121.3,52.3356323,-2.0848094,88.63600000000001,359.23900000000003,105.67,-0.19,0.1,11.79999,88.45,88.42,88.75,88.23999,-1.0,88.49,-0.02958012,-0.01938009,0.0,6.0,3.0,2185.0,86.0,0.0,0.0,0.0,13.8,10.5,1.5,-0.032700689002518483,2.461893943368713,2400.175442637674,5422.55125890624,6.2699033515719105,24.621111111111112
137.0,59121.4,52.3356545,-2.0848099,88.816,359.11300000000006,105.66,-0.19,0.1,12.0,88.56999,88.25,88.78,87.84,-1.299988,88.39,-0.02958012,-0.02958012,0.0,6.0,3.0,2187.0,86.0,0.0,0.0,0.0,13.8,10.5,1.5,-0.038191995375752595,2.4668154787209193,2400.1372506422986,5425.0180743849605,6.267704236714398,24.67111111111111
137.0,59121.5,52.335676600000006,-2.0848102,88.758,359.482,105.64,-0.18,0.1,11.79999,88.34999,88.11,88.64999,87.86,-1.299988,88.28,-0.02958012,-0.02958012,0.0,6.0,3.0,2187.0,86.0,0.0,0.0,0.0,13.8,10.5,1.5,-0.022289802372646356,2.4653992404294662,2400.114960839926,5427.48347362539,6.2741445016542565,24.654999999999998
137.0,59121.6,52.3356988,-2.0848106,88.704,359.465,105.63,-0.17,0.1,11.29999,88.23999,88.08,88.39999,87.92,-1.5,88.29,-0.02958012,-0.03978014,0.0,6.0,3.0,2196.0,86.0,0.0,0.0,0.0,13.8,10.5,1.5,-0.02300729399713283,2.463892583783418,2400.091953545929,5429.947366209173,6.273847795681417,24.639999999999997
137.0,59121.7,52.3357209,-2.0848108,88.495,359.659,105.6,-0.19,0.1,10.89996,88.23999,88.03999,88.48999,87.64999,-1.199982,88.13,-0.02958012,-0.02958012,0.0,6.0,3.0,2199.0,86.0,0.0,0.0,0.0,13.8,10.5,5.5,-0.01463003669872847,2.4581509084520676,2400.07732350923,5432.405517117625,6.277233734430285,24.581944444444446
137.0,59121.8,52.335743,-2.0848109,88.603,359.85900000000004,105.58,-0.18,0.1,10.79999,88.12,87.94,88.44,87.62,-0.8999939,88.08,-0.01938009,-0.02958012,0.0,6.0,3.0,2196.0,86.0,0.0,0.0,0.0,13.8,10.5,7.0,-0.006056782355399166,2.4611869918296936,2400.071266726875,5434.866704109455,6.280724392934275,24.611944444444443
137.0,59121.9,52.3357651,-2.0848108,88.301,0.031,105.57,-0.18,0.1,10.59998,88.03,88.0,88.23999,87.73999,-1.0,88.1,-0.01938009,-0.009180069,0.0,6.0,3.0,2188.0,86.0,0.0,0.0,0.0,13.8,10.5,7.5,0.0013270954537768459,2.452805196541677,2400.0725938223286,5437.319509305997,0.0005410520681182421,24.528055555555554
137.0,59122.0,52.3357871,-2.0848108,88.412,0.03,105.53,-0.2,0.1,10.09998,88.14999,87.90999000000001,88.33,87.47,-1.299988,88.02,-0.01938009,0.0,0.0,6.0,3.0,2184.0,86.0,0.0,0.0,0.0,13.8,10.5,7.5,0.0012859003564715395,2.4558885522409555,2400.073879722685,5439.775397858238,0.0005235987755982988,24.55888888888889
137.0,59122.1,52.3358091,-2.0848107,88.25,0.2269999999999999,105.51,-0.2,0.1,9.899963,88.06999,87.95,88.23999,87.56999,-0.6000061,88.02,-0.009180069,0.0,0.0,6.0,3.0,2181.0,86.0,0.0,0.0,0.0,13.8,11.25,5.0,0.009712125862257838,2.451369649640612,2400.0835918485473,5442.226767507878,0.003961897402027127,24.51388888888889
137.0,59122.2,52.3358312,-2.0848105,88.225,0.2769999999999999,105.5,-0.2,0.1,9.899963,88.00999,87.98999,88.17,87.7,-0.3999939,88.03,-0.009180069,0.0,0.0,6.0,3.0,2188.0,86.0,0.0,0.0,0.0,13.8,11.25,4.0,0.011847988149457245,2.4506658044718534,2400.0954398366966,5444.67743331235,0.004834562028024291,24.506944444444443
137.0,59122.3,52.3358532,-2.0848103,88.35799999999999,0.209,105.48,-0.19,0.1,9.799988,87.95999,87.81999,88.12999,87.62999,-0.5,87.92,-0.009180069,0.0,0.0,6.0,3.0,2177.0,86.0,0.0,0.0,0.0,13.8,11.25,3.0,0.008952948097538856,2.454372559865677,2400.104392784794,5447.131805872216,0.0036477381366681488,24.543888888888887
137.0,59122.4,52.3358752,-2.0848101,88.06700000000001,0.386,105.46,-0.2,0.1,9.700012,87.86,87.69,88.20999,87.48999,-0.5,87.79,0.0,0.0,0.0,6.0,3.0,2173.0,86.0,0.0,0.0,0.0,13.8,11.25,2.0,0.016480564704070052,2.446250040803068,2400.120873349498,5449.578055913019,0.0067369709126981125,24.463055555555556
137.0,59122.5,52.33589729999999,-2.0848098,88.33,0.467,105.45,-0.18,0.1,9.799988,87.78,87.76999,88.00999,87.58,-0.5,87.85,-0.01938009,0.0,0.0,6.0,3.0,2184.0,86.0,0.0,0.0,0.0,13.8,11.25,1.5,0.019998396245619415,2.453529610319693,2400.140871745744,5452.031585523338,0.00815068760681352,24.53611111111111
137.0,59122.6,52.3359193,-2.0848094,88.279,0.574,105.42,-0.2,0.1,9.799988,87.94,87.72,87.95999,87.44,-0.3999939,87.82,-0.01938009,0.0,0.0,6.0,3.0,2184.0,86.0,0.0,0.0,0.0,13.7,11.25,1.5,0.024566138700649262,2.4520713892938635,2400.1654378844446,5454.483656912632,0.01001818990644745,24.521944444444443
137.0,59122.7,52.33594130000001,-2.0848091,87.984,0.551,105.39,-0.21,0.1,9.799988,87.81999,87.67,87.98,87.31,-0.3999939,87.81,-0.01938009,0.0,0.0,6.0,3.0,2180.0,86.0,0.0,0.0,0.0,13.8,11.25,1.5,0.023503009380165148,2.443886987679683,2400.1889408938246,5456.927543900311,0.009616764178488757,24.439999999999998
137.0,59122.8,52.3359632,-2.0848087,87.959,0.644,105.38,-0.2,0.1,9.799988,87.56,87.62,87.92999,87.48,-0.5,87.65,-0.009180069,0.0,0.0,6.0,3.0,2176.0,86.0,0.0,0.0,0.0,13.8,11.25,1.5,0.027461981668263382,2.443151218686943,2400.216402875493,5459.370695118998,0.011239920382843483,24.433055555555555
137.0,59122.9,52.3359852,-2.0848082,88.09899999999999,0.7070000000000001,105.37,-0.18,0.1,9.799988,87.62999,87.44,87.97,87.31,-0.2999877999999999,87.48,-0.01938009,0.0,0.0,6.0,3.0,2154.0,86.0,0.0,0.0,0.0,13.8,11.25,1.5,0.030196335238294125,2.4470081385761526,2400.246599210731,5461.817703257574,0.012339477811599912,24.47194444444444
137.0,59123.0,52.336007200000005,-2.0848078,87.883,0.755,105.35,-0.18,0.1,9.799988,87.51999,87.42,87.76999,87.06999,-0.5,87.48,-0.02958012,0.0,0.0,6.0,3.0,2184.0,86.0,0.0,0.0,0.0,13.8,11.25,1.5,0.03216726401935809,2.440982503565302,2400.2787664747502,5464.2586857611395,0.013177235852557189,24.411944444444444
137.0,59123.1,52.336029100000005,-2.0848072,87.876,0.898,105.33,-0.18,0.1,9.899963,87.42,87.48999,87.64,87.11,-0.5,87.45,-0.01938009,0.0,0.0,6.0,3.0,2158.0,86.0,0.0,0.0,0.0,13.7,10.5,1.5,0.038256365072503136,2.440700196773754,2400.3170228398226,5466.699385957913,0.01567305668290908,24.41
137.0,59123.2,52.336051000000005,-2.0848067,87.779,0.7859999999999999,105.31,-0.19,0.1,9.899963,87.42,87.25999,87.62,86.98999,-0.5,87.33,-0.02958012,0.0,0.0,6.0,3.0,2175.0,86.0,0.0,0.0,0.0,13.7,10.5,1.5,0.03344832851189985,2.4380761250569774,2400.3504711683345,5469.13746208297,0.01371828792067543,24.383055555555554
137.0,59123.3,52.3360729,-2.0848061,87.696,0.912,105.29,-0.19,0.1,9.899963,87.39,87.19,87.5,86.73999,-0.5,87.32,-0.01938009,0.0,0.0,6.0,3.0,2184.0,86.0,0.0,0.0,0.0,13.8,10.5,6.0,0.03877315583415916,2.4356914095153064,2400.3892443241684,5471.573153492485,0.015917402778188285,24.36
137.0,59123.4,52.3360947,-2.0848055,87.44,1.044,105.28,-0.17,0.1,9.899963,87.2,87.26999,87.40999000000001,86.95999,-0.2999877999999999,87.28,-0.009180069,0.0,0.0,6.0,3.0,2163.0,86.0,0.0,0.0,0.0,13.8,10.5,6.5,0.04425491207419491,2.4284856881038452,2400.433499236243,5474.001639180589,0.0182212373908208,24.288888888888888
137.0,59123.5,52.3361166,-2.0848048,87.64200000000001,1.086,105.26,-0.17,0.1,9.899963,87.25999,87.05,87.48,86.90999000000001,-0.1999817,87.25,-0.009180069,0.0,0.0,6.0,3.0,2175.0,86.0,0.0,0.0,0.0,13.8,10.5,6.5,0.046141421189405764,2.4340626982990035,2400.4796406574324,5476.435701878889,0.01895427567665842,24.345000000000002
137.0,59123.6,52.3361385,-2.0848042,87.631,1.107,105.23,-0.19,0.1,9.899963,87.17999,87.17,87.31,86.62,-0.3999939,87.25,-0.009180069,0.009180069,0.0,6.0,3.0,2159.0,86.0,0.0,0.0,0.0,13.8,10.5,6.5,0.047027645435281575,2.433740124567332,2400.5266683028676,5478.869442003456,0.019320794819577228,24.341944444444444
137.0,59123.7,52.3361603,-2.0848035,87.458,1.144,105.21,-0.2,0.1,9.899963,87.17,87.09,87.56999,86.83,-0.3999939,87.16,-0.009180069,0.0,0.0,6.0,3.0,2161.0,86.0,0.0,0.0,0.0,13.8,10.5,6.5,0.048503332247757804,2.4289046502935543,2400.5751716351156,5481.29834665375,0.01996656664281513,24.293888888888887
137.0,59123.8,52.3361822,-2.0848027,87.69200000000001,1.179,105.19,-0.19,0.1,9.899963,87.28999,87.14,87.39999,86.90999000000001,-0.6999816999999999,87.18999000000001,-0.009180069,0.0,0.0,6.0,3.0,2169.0,86.0,0.0,-0.230011,0.0,13.8,10.5,6.5,0.050120800391796505,2.4353731920139947,2400.625292435507,5483.7337198457635,0.020577431881013145,24.35888888888889
137.0,59123.9,52.336204,-2.084802,87.29299999999999,1.126,105.16,-0.21,0.1,10.20001,87.25,87.06,87.37999,86.61,-0.3999939,87.14,-0.009180069,-0.009180069,0.0,6.0,3.0,2159.0,86.0,0.0,0.0,0.0,13.8,10.5,6.5,0.047650199230267726,2.424337319921962,2400.6729426347374,5486.158057165686,0.01965240737745615,24.248055555555553
137.0,59124.0,52.3362258,-2.0848012,87.40799999999999,1.321,105.15,-0.2,0.1,11.59998,87.14999,87.06,87.39,86.73,-0.5,87.12,0.0,-0.01938009,0.0,6.0,3.0,2167.0,86.0,0.0,0.0,0.0,13.8,10.5,6.5,0.05597452161970782,2.427354702743182,2400.728917156357,5488.585411868429,0.023055799418845092,24.279999999999994
137.0,59124.1,52.33624770000001,-2.0848002,87.559,1.4880000000000002,105.13,-0.19,0.1,12.0,87.20999,87.03,87.45999,86.90999000000001,-1.100006,87.18999000000001,0.0,-0.02958012,0.0,6.0,3.0,2167.0,86.0,0.0,0.0,0.0,13.8,11.25,8.5,0.06315820379884672,2.4313742733029247,2400.792075360156,5491.016786141732,0.025970499269675627,24.321944444444444
137.0,59124.2,52.3362694,-2.0847993,87.25299999999999,1.51,105.13,-0.18,0.1,12.0,87.15999000000001,86.98,87.33,86.50999,-1.299988,87.1,0.0,-0.01938009,0.0,6.0,3.0,2157.0,86.0,0.0,0.0,0.0,13.8,11.25,8.5,0.06386779274251403,2.422852794760974,2400.855943152899,5493.439638936493,0.026354471705114377,24.23694444444444
137.0,59124.3,52.3362912,-2.0847981,87.415,1.763,105.11,-0.17,0.1,12.0,87.22,87.06999,87.34,86.64,-1.399994,87.07,0.0,-0.01938009,0.0,6.0,3.0,2166.0,86.0,0.0,0.0,0.0,13.8,11.25,8.5,0.07470412908399048,2.427045024948789,2400.9306472819826,5495.866683961442,0.03077015471266003,24.281944444444445
137.0,59124.4,52.3363131,-2.0847971000000003,87.48700000000001,1.735,105.1,-0.17,0.1,11.39996,87.14999,87.05,87.26999,86.73,-1.399994,87.11,0.0,-0.01938009,0.0,6.0,3.0,2158.0,86.0,0.0,0.0,0.0,13.8,11.25,8.5,0.07357859593072044,2.429080325561406,2401.0042258779135,5498.295764287003,0.03028146252210162,24.301944444444445
137.0,59124.5,52.3363348,-2.0847958,87.167,1.94,105.09,-0.16,0.1,10.70001,87.23,87.03999,87.40999000000001,86.59,-1.0,87.1,0.0,-0.02958012,0.0,6.0,3.0,2170.0,86.0,0.0,0.0,0.0,13.8,11.25,8.5,0.08196825874296253,2.4199177254449884,2401.0861941366566,5500.715682012448,0.03385938748868999,24.213055555555556
137.0,59124.6,52.3363567,-2.0847946,87.617,1.959,105.07,-0.18,0.1,10.59998,87.12,87.08,87.22,86.53999,-0.6999816999999999,87.13,-0.009180069,-0.009180069,0.0,6.0,3.0,2167.0,86.0,0.0,0.0,0.0,13.8,11.25,9.0,0.08319803356252299,2.432383104994856,2401.169392170219,5503.148065117443,0.034191000046568915,24.338055555555556
137.0,59124.7,52.3363785,-2.0847932,87.476,2.188,105.05,-0.18,0.1,10.39996,87.00999,87.00999,87.26999,86.78,-0.6000061,87.03,0.0,0.0,0.0,6.0,3.0,2165.0,86.0,0.0,0.0,0.0,13.8,11.25,12.5,0.09276956910233011,2.4281173405324235,2401.2621617393215,5505.576182457976,0.03818780403363593,24.29888888888889
137.0,59124.8,52.3364003,-2.0847917,87.404,2.299,105.04,-0.16,0.1,9.899963,87.20999,87.05,87.42,86.76999,-0.6000061,87.02,0.0,0.0,0.0,6.0,3.0,2170.0,86.0,0.0,0.9499817,0.0,13.8,11.25,15.0,0.0973931926484031,2.4259346699397892,2401.35955493197,5508.002117127916,0.040125119503349634,24.278888888888886
137.0,59124.9,52.33642210000001,-2.0847902,87.404,2.371,105.03,-0.16,0.1,9.299988,87.22,87.17,87.25,86.59999,-0.6000061,87.13,0.0,0.0,0.0,6.0,3.0,2163.0,86.0,0.0,0.0,0.0,13.8,11.25,16.5,0.10044163436236116,2.4258103666355995,2401.459996566332,5510.427927494551,0.04138175656478555,24.278888888888886
137.0,59125.0,52.3364439,-2.0847887,87.311,2.444,105.01,-0.17,0.1,9.099976,87.2,87.26999,87.34,86.84,-0.1999817,87.28,0.0,0.009180069,0.0,6.0,3.0,2173.0,86.0,0.0,0.0,0.0,13.8,11.25,17.5,0.10342209273362762,2.4230994425617864,2401.5634186590655,5512.851026937113,0.042655846918741414,24.253055555555555
137.0,59125.1,52.3364656,-2.0847872,87.368,2.441,104.99,-0.17,0.1,9.099976,87.37999,87.25999,87.53,86.97,-0.1000061,87.28,0.009180069,0.009180069,0.0,6.0,3.0,2177.0,86.0,0.0,0.0,0.0,13.8,11.25,18.0,0.10336265451885217,2.4246867510388146,2401.6667813135846,5515.275713688152,0.04260348704118158,24.26888888888889
137.0,59125.2,52.3364875,-2.0847856000000005,87.54799999999999,2.478,104.98,-0.17,0.1,9.099976,87.47,87.40999000000001,87.53999,86.87,-0.1000061,87.46,0.009180069,0.01937985,0.0,6.0,3.0,2175.0,86.0,0.0,0.0,0.0,13.8,11.25,18.5,0.10514460612771469,2.4296148212635433,2401.7719259197124,5517.705328509415,0.04324925886441949,24.318888888888885
137.0,59125.3,52.3365094,-2.084784,87.811,2.5810000000000004,104.95,-0.17,0.1,9.099976,87.61,87.62999,87.64999,87.12,-0.2999877999999999,87.64,0.01937985,0.009180069,0.0,6.0,3.0,2188.0,86.0,0.0,0.0,0.0,13.8,11.25,18.5,0.10984110772297606,2.4367200226662957,2401.881767027435,5520.142048532081,0.04504694799397365,24.391944444444444
137.0,59125.4,52.3365313,-2.0847825,87.60600000000001,2.503,104.94,-0.17,0.1,9.099976,87.76999,87.7,87.84,87.37999,-0.1999817,87.68,0.02957988,0.01937985,0.0,6.0,3.0,2178.0,86.0,0.0,0.0,0.0,13.8,11.25,18.0,0.10627507549654776,2.43117828600212,2401.9880421029316,5522.573226818084,0.04368559117741807,24.335
137.0,59125.5,52.3365532,-2.0847808,87.844,2.673,104.92,-0.16,0.1,9.299988,87.76999,87.72,88.03999,87.33,-0.1999817,87.74,0.02957988,0.009180069,0.0,6.0,3.0,2183.0,86.0,0.0,0.0,0.0,13.8,11.25,17.5,0.11379636229566466,2.437456178579663,2402.101838465227,5525.0106829966635,0.04665265090580843,24.40111111111111
137.0,59125.6,52.3365752,-2.0847791,88.186,2.6910000000000003,104.92,-0.15,0.1,9.299988,87.81,87.89,88.05,87.48,-0.1999817,87.8,0.02957988,0.01937985,0.0,6.0,3.0,2184.0,86.0,0.0,0.0,0.0,13.8,11.25,17.5,0.11500812678615818,2.446909832105007,2402.216846592013,5527.457592828769,0.04696681017116741,24.496111111111112
137.0,59125.7,52.3365972,-2.0847775,88.117,2.552,104.9,-0.15,0.1,10.09998,88.08,87.94,88.14,87.59999,-0.1999817,87.96,0.01937985,0.0,0.0,6.0,3.0,2183.0,86.0,0.0,-0.230011,0.0,13.8,11.25,21.0,0.10898623052469868,2.44526687601174,2402.325832822538,5529.90285970478,0.04454080251089529,24.476944444444445
137.0,59125.8,52.3366192,-2.0847758,88.26100000000001,2.673,104.88,-0.16,0.1,10.29999,88.14999,87.98999,88.25,87.56999,-0.6000061,88.06,0.01937985,0.0,0.0,6.0,3.0,2180.0,86.0,0.0,0.0,0.0,13.8,11.25,23.0,0.11433655949840238,2.449026908811298,2402.4401693820364,5532.351886613591,0.04665265090580843,24.516944444444448
137.0,59125.9,52.3366412,-2.0847741,88.301,2.742,104.87,-0.15,0.1,10.20001,88.28,88.31999,88.19,87.61,-0.5,88.27,0.01937985,0.0,0.0,6.0,3.0,2211.0,86.0,0.0,0.0,0.0,13.8,11.25,24.5,0.117338937173744,2.449997279016271,2402.5575083192102,5534.801883892607,0.04785692808968452,24.528055555555554
137.0,59126.0,52.3366632,-2.0847722,88.34,2.964,104.85,-0.16,0.1,10.20001,88.34999,88.3,88.53,88.00999,-0.3999939,88.24,0.02957988,0.0,0.0,6.0,3.0,2193.0,86.0,0.0,0.0,0.0,13.8,11.25,25.0,0.1268868854196503,2.450606128556943,2402.6843952046297,5537.252490021164,0.051731559029111925,24.538888888888888
137.0,59126.1,52.3366853,-2.0847704,88.67200000000001,2.807,104.84,-0.15,0.1,10.20001,88.59,88.5,88.64,87.92999,-0.6000061,88.54,0.02957988,0.0,0.0,6.0,3.0,2211.0,86.0,0.0,0.0,0.0,13.7,11.25,27.0,0.12062297638712027,2.4601557762155077,2402.8050181810167,5539.712645797379,0.04899139210348083,24.631111111111114
137.0,59126.2,52.3367074,-2.0847685,88.61,2.932,104.83,-0.15,0.1,10.20001,88.73,88.75,88.78999,88.11,-0.6000061,88.68,0.0397799,-0.009180069,0.0,6.0,3.0,2201.0,86.0,0.0,0.0,0.0,13.7,11.25,28.0,0.1259018194584309,2.458166795439792,2402.930920000475,5542.170812592819,0.051173053668473745,24.613888888888887
137.0,59126.3,52.336729600000005,-2.0847666,88.87299999999999,3.05,104.81,-0.15,0.1,10.20001,88.94,88.89999,88.94,88.45999,-0.5,88.88,0.0397799,0.0,0.0,6.0,3.0,2213.0,86.0,0.0,0.0,0.0,13.7,11.25,28.5,0.13135282481509894,2.465197496235131,2403.06227282529,5544.636010089054,0.05323254218582705,24.686944444444443
137.0,59126.4,52.3367518,-2.0847646,89.01,3.072,104.8,-0.14,0.1,10.20001,89.17999,89.12999,89.14,88.37999,-0.3999939,89.09,0.04997993,0.0,0.0,6.0,3.0,2211.0,86.0,0.0,0.0,0.0,13.7,11.25,29.5,0.13250332587414684,2.468946965536581,2403.194776151164,5547.104957054591,0.05361651462126581,24.725
137.0,59126.5,52.3367741,-2.0847625,89.399,3.2910000000000004,104.78,-0.15,0.1,10.39996,89.26999,89.39,89.37999,88.64999,-0.5,89.3,0.05915999,0.0,0.0,6.0,3.0,2216.0,86.0,0.0,-0.230011,0.0,13.8,11.25,30.0,0.14255963628112747,2.479210203342282,2403.337335787445,5549.584167257934,0.05743878568313339,24.833055555555553
137.0,59126.6,52.3367964,-2.0847605,89.46700000000001,3.239,104.78,-0.13,0.1,11.20001,89.53999,89.48,89.70999,89.11,-0.6000061,89.49,0.05915999,0.0,0.0,6.0,3.0,2220.0,86.0,0.0,0.0,0.0,13.8,11.25,31.0,0.14041624238835557,2.481224436759212,2403.4777520298335,5552.065391694693,0.05653121447209633,24.85194444444445
137.0,59126.7,52.3368188,-2.0847583,89.834,3.289,104.76,-0.14,0.1,12.5,89.87999,89.76999,89.90999000000001,89.12999,-1.0,89.78,0.05915999,-0.01938009,0.0,6.0,3.0,2236.0,86.0,0.0,0.0,0.0,13.8,11.25,31.5,0.14316634475870008,2.4912786083693166,2403.6209183745923,5554.556670303063,0.057403879098093503,24.95388888888889
137.0,59126.8,52.3368412,-2.0847562,89.89200000000001,3.341,104.74,-0.15,0.1,13.0,90.06,90.06999,90.03999,89.34999,-1.399994,90.04,0.05915999,-0.03978014,0.0,6.0,3.0,2243.0,86.0,0.0,0.0,0.0,13.7,11.25,31.5,0.14552119122474486,2.4927560215361098,2403.766439565817,5557.049426324599,0.058311450309130555,24.970000000000002
137.0,59126.9,52.3368636,-2.0847539000000004,90.108,3.5010000000000003,104.74,-0.14,0.1,13.0,90.37,90.17,90.39999,89.78,-1.600006,90.24,0.05915999,-0.03978014,0.0,6.0,3.0,2248.0,86.0,0.0,0.0,0.0,13.7,11.25,31.5,0.15284809854121492,2.4983287331278756,2403.9192876643583,5559.547755057727,0.06110397711232148,25.03
137.0,59127.0,52.3368862,-2.0847515,90.49,3.702,104.72,-0.14,0.1,12.89996,90.58,90.44,90.56999,89.78,-1.600006,90.41,0.05915999,-0.04997993,0.0,6.0,3.0,2241.0,86.0,0.0,0.0,0.0,13.7,11.25,31.5,0.16229668564450225,2.5083661223453895,2404.0815843500027,5562.056121180072,0.06461208890883008,25.13611111111111
137.0,59127.1,52.3369087,-2.084749,90.572,3.867,104.71,-0.13,0.1,12.89996,90.8,90.73999,90.78999,90.03999,-1.5,90.74,0.05915999,-0.04997993,0.0,6.0,3.0,2257.0,86.0,0.0,0.0,0.0,13.8,11.25,31.5,0.16967319337180328,2.510160932825938,2404.2512575433743,5564.566282112898,0.06749188217462072,25.15888888888889
137.0,59127.2,52.336931400000005,-2.0847464,90.907,3.998,104.7,-0.14,0.1,12.5,91.11,90.98999,91.12999,90.48999,-1.699982,90.98,0.05915999,-0.04997993,0.0,6.0,3.0,2266.0,86.0,0.0,0.0,0.0,13.8,11.25,31.5,0.17606072865980252,2.5190493449070956,2404.427318272034,5567.085331457805,0.0697782634947333,25.251944444444444
137.0,59127.3,52.3369541,-2.0847436,91.12,4.29,104.69,-0.12,0.1,11.59998,91.19,91.20999,91.23,90.37999,-1.199982,91.1,0.05915999,-0.01938009,0.0,6.0,3.0,2260.0,86.0,0.0,0.0,0.0,13.8,11.25,31.5,0.18933896695426586,2.524019455626841,2404.6166572389884,5569.6093509134325,0.07487462491055674,25.31111111111111
137.0,59127.4,52.3369768,-2.0847407,91.393,4.394,104.68,-0.12,0.1,10.29999,91.44,91.39,91.45999,90.92,-0.6999816999999999,91.35,0.05915999,-0.009180069,0.0,6.0,3.0,2275.0,86.0,0.0,-0.230011,0.0,13.7,11.25,26.5,0.19450110149087022,2.5312326648832433,2404.8111583404793,5572.140583578316,0.07668976733263085,25.386944444444445
137.0,59127.5,52.336999600000006,-2.0847377,91.645,4.586,104.67,-0.13,0.1,9.899963,91.64,91.70999,91.65999,90.94,-0.1999817,91.6,0.04997993,0.0,0.0,6.0,3.0,2265.0,86.0,0.0,0.0,0.0,13.8,11.25,23.0,0.20354192316438177,2.5375442636513466,2405.0147002636436,5574.678127841968,0.08004079949645995,25.456944444444442
137.0,59127.6,52.3370225,-2.0847348,91.858,4.539,104.65,-0.13,0.1,10.0,91.81,91.89,91.90999,91.12999,-0.5,91.81,0.0397799,0.0,0.0,6.0,3.0,2285.0,86.0,0.0,0.0,0.0,13.8,11.25,23.0,0.20192852644814163,2.5436084864916144,2405.216628790092,5577.221736328459,0.07922049474802262,25.516111111111112
137.0,59127.7,52.3370454,-2.0847316,92.106,4.753,104.63,-0.15,0.1,10.0,92.12999,91.98,92.12999,91.59,-0.5,91.98,0.0397799,-0.009180069,0.0,6.0,3.0,2293.0,86.0,0.0,0.0,0.0,13.8,11.25,23.0,0.21199830128151187,2.5497017414305057,2405.4286270913735,5579.77143806989,0.08295549934729049,25.584999999999997
137.0,59127.8,52.3370682,-2.0847287,91.858,4.52,104.62,-0.14,0.1,10.09998,92.03999,92.19,92.01999,91.34,-0.3999939,92.13,0.0397799,0.0,0.0,6.0,3.0,2304.0,86.0,0.0,0.0,0.0,13.8,11.25,23.0,0.2010850228444272,2.543675308669197,2405.629712114218,5582.315113378559,0.07888888219014369,25.516111111111112
137.0,59127.9,52.337090800000006,-2.0847258,90.914,4.442,104.64,-0.1,0.1,10.09998,92.31,92.17999,92.50999,91.95999,-0.5,92.25999,0.0397799,0.0,0.0,6.0,3.0,2298.0,86.0,0.0,0.0,0.0,13.8,11.25,23.0,0.19559107975569112,2.5178032428375854,2405.8253031939735,5584.832916621396,0.07752752537358812,25.253888888888888
137.0,59128.0,52.3371138,-2.0847238,92.034,3.303,104.62,-0.11,0.1,10.20001,92.42999,92.39,92.48,91.86,-0.6000061,92.39,0.0397799,0.0,0.0,6.0,3.0,2305.0,86.0,0.0,0.0,0.0,13.8,11.25,23.0,0.14729607078617088,2.552253145268109,2405.9725992647595,5587.385169766664,0.057648225193372704,25.565
137.0,59128.1,52.3371369,-2.0847197,92.624,5.648,104.7,0.02,0.1,10.39996,92.56999,92.64,92.72,91.98999,-0.5,92.57,0.0397799,-0.009180069,0.0,6.0,3.0,2311.0,86.0,0.0,0.0,0.0,13.8,10.5,23.0,0.25321504139423706,2.560398284911864,2406.2258143061536,5589.945568051576,0.09857619615263973,25.728888888888886
137.0,59128.2,52.33716,-2.0847161,93.013,5.502999999999999,104.69,-0.01,0.1,10.5,92.87999,92.78999,92.97,92.3,-0.6000061,92.75999,0.0397799,0.0,0.0,6.0,3.0,2324.0,86.0,0.0,0.0,0.0,13.8,10.5,23.0,0.24777079708420102,2.5717866580191573,2406.473585103238,5592.517354709595,0.09604546873724794,25.836944444444445
137.0,59128.3,52.337183,-2.0847128,92.747,5.077,104.74,0.06,0.1,10.70001,93.01999,93.09,92.94,92.17999,-0.6000061,93.02,0.0397799,0.0,0.0,6.0,3.0,2316.0,86.0,0.0,0.0,0.0,13.8,10.5,23.0,0.22798875142812725,2.5661978576892044,2406.701573854666,5595.083552567284,0.08861036612375212,25.763055555555553
137.0,59128.4,52.3372062,-2.0847093,93.157,5.307,104.71,0.02,0.1,10.59998,93.2,93.11,93.3,92.59999,-0.6999816999999999,93.14,0.0397799,-0.009180069,0.0,6.0,3.0,2313.0,86.0,0.0,0.0,0.0,13.8,10.5,23.0,0.23934164907572764,2.57660204781925,2406.940915503742,5597.660154615103,0.09262462340333907,25.876944444444444
137.0,59128.5,52.3372295,-2.0847058,93.65,5.1370000000000005,104.7,0.0,0.1,10.59998,93.28,93.22,93.48999,92.89,-0.6999816999999999,93.25,0.0397799,-0.009180069,0.0,6.0,3.0,2313.0,86.0,0.0,0.0,0.0,13.8,10.5,23.0,0.23292184083693762,2.590940286323809,2407.1738373445787,5600.251094901427,0.08965756367494872,26.01388888888889
137.0,59128.6,52.3372528,-2.0847023,93.737,5.297999999999999,104.69,-0.0,0.1,10.59998,93.39,93.55,93.53,92.76999,-0.6999816999999999,93.41,0.0397799,-0.01938009,0.0,6.0,3.0,2319.0,86.0,0.0,0.0,0.0,13.8,10.5,23.0,0.24042454723873435,2.592681894916348,2407.4142618918177,5602.843776796343,0.09246754377065956,26.03805555555555
137.0,59128.7,52.3372761,-2.0846987,93.568,5.376,104.68,-0.02,0.1,10.59998,93.64999,93.59999,93.78999,93.17,-0.6000061,93.57999,0.0397799,-0.009180069,0.0,6.0,3.0,2324.0,86.0,0.0,0.0,0.0,13.7,10.5,24.5,0.24351405999824838,2.5876783939439623,2407.657775951816,5605.431455190287,0.09382890058721516,25.99111111111111
137.0,59128.8,52.3372993,-2.0846949,93.643,5.581,104.65,-0.05,0.1,10.59998,93.78,93.81999,93.8,93.12,-0.6999816999999999,93.74,0.0397799,0.0,0.0,6.0,3.0,2339.0,86.0,0.0,0.0,0.0,13.7,10.5,26.5,0.25297361083323894,2.5888640153609144,2407.910749562649,5608.020319205648,0.09740682555380353,26.011944444444445
137.0,59128.9,52.337323,-2.0846914,94.806,5.255,104.68,-0.01,0.1,10.89996,94.12,93.98999,94.15999,93.40999,-0.6999816999999999,94.04,0.0397799,-0.009180069,0.0,6.0,3.0,2343.0,86.0,0.0,0.0,0.0,13.7,10.5,27.0,0.2411983639657659,2.6224312382253685,2408.151947926615,5610.642750443873,0.09171705219230201,26.334999999999997
137.0,59129.0,52.33734630000001,-2.0846876,94.09,5.6160000000000005,104.66,-0.03,0.1,10.89996,94.19,94.15999,94.22,93.67999,-0.6000061,94.18,0.04997993,-0.009180069,0.0,6.0,3.0,2340.0,86.0,0.0,0.0,0.0,13.8,10.5,27.0,0.2557701156993199,2.6010660676035537,2408.407718042314,5613.243816511477,0.09801769079200155,26.136111111111113
137.0,59129.1,52.3373698,-2.0846836,94.626,5.8020000000000005,104.64,-0.04,0.1,10.89996,94.37999,94.39,94.47,93.62999,-0.6000061,94.35,0.04997993,-0.01938009,0.0,6.0,3.0,2354.0,86.0,0.0,-0.230011,0.0,13.7,10.5,27.0,0.2657177592373119,2.6150346694500826,2408.6734358015515,5615.858851180928,0.10126400320071101,26.285
137.0,59129.2,52.3373933,-2.0846797,94.619,5.756,104.63,-0.05,0.1,10.89996,94.67999,94.62,94.56999,94.06,-0.7999878,94.63,0.04997993,-0.01938009,0.0,6.0,3.0,2356.0,86.0,0.0,0.0,0.0,13.8,11.25,27.0,0.26359868816271315,2.615053694470363,2408.9370344897143,5618.473904875398,0.10046115174479361,26.283055555555556
137.0,59129.3,52.3374169,-2.0846756,94.828,6.08,104.62,-0.05,0.1,10.89996,94.70999,94.84,94.78999,94.01999,-0.6999816999999999,94.77,0.04997993,-0.009180069,0.0,6.0,3.0,2357.0,86.0,0.0,0.0,0.0,13.7,11.25,27.0,0.2789970818861568,2.6192941747688483,2409.2160315716005,5621.093199050167,0.10611601852125524,26.34111111111111
137.0,59129.4,52.3374404,-2.0846716,94.759,5.879,104.59,-0.07,0.1,11.0,94.92999,94.81999,95.12,94.42999,-0.6000061,94.85,0.04997993,0.0,0.0,6.0,3.0,2352.0,86.0,0.0,0.0,0.0,13.8,11.25,27.0,0.26961028691311617,2.6183502222878485,2409.4856418585136,5623.711549272454,0.10260790672474662,26.321944444444444
137.0,59129.5,52.337464100000005,-2.0846674,95.396,6.146,104.6,-0.06,0.1,11.0,95.12999,95.03,95.14,94.50999,-1.100006,95.07,0.04997993,0.0,0.0,6.0,3.0,2358.0,86.0,0.0,-0.230011,0.0,13.7,11.25,27.0,0.28370331225767337,2.634658147477736,2409.7693451707714,5626.346207419932,0.10726793582757149,26.49888888888889
137.0,59129.6,52.3374877,-2.0846632,95.288,6.063,104.57,-0.08,0.1,11.20001,95.62,95.34999,95.50999,94.90999,-1.0,95.28,0.0397799,-0.009180069,0.0,6.0,3.0,2374.0,86.0,0.0,0.0,0.0,13.7,11.25,27.0,0.27956952298911997,2.632083143052114,2410.0489146937607,5628.9782905629845,0.1058193125484162,26.468888888888888
137.0,59129.7,52.3375114,-2.084659,95.479,6.187,104.55,-0.08,0.1,12.0,95.59999,95.51999,95.59,95.23999,-0.8999939,95.45,0.04997993,-0.02958012,0.0,6.0,3.0,2362.0,86.0,0.0,0.0,0.0,13.8,11.25,27.0,0.2858370397466975,2.6367465858232983,2410.3347517335073,5631.6150371488075,0.10798352082088918,26.521944444444443
137.0,59129.8,52.337535200000005,-2.0846545,95.67,6.497999999999999,104.53,-0.09,0.1,12.0,95.65999,95.59999,95.65999,94.98999,-1.100006,95.66,0.04997993,-0.01938009,0.0,6.0,3.0,2371.0,86.0,0.0,0.0,0.0,13.8,11.25,27.0,0.300745372457192,2.6404277060630887,2410.6354971059645,5634.25546485487,0.11341149479459152,26.575
137.0,59129.9,52.33755899999999,-2.08465,96.088,6.495,104.54,-0.07,0.1,11.0,95.84,95.76999,96.09,95.44,-1.100006,95.78,0.04997993,-0.01938009,0.0,6.0,3.0,2379.0,86.0,0.0,0.0,0.0,13.7,11.25,27.0,0.30192052791458707,2.65198003730808,2410.9374176338792,5636.907444892178,0.1133591349170317,26.69111111111111
137.0,59130.0,52.3375828,-2.0846455,96.066,6.636,104.52,-0.09,0.1,10.20001,96.03,96.17,95.98999,95.20999,-0.6000061,95.98,0.04997993,0.0,0.0,6.0,3.0,2378.0,86.0,0.0,0.0,0.0,13.7,11.25,27.0,0.308375281765922,2.65062199032525,2411.2457929156453,5639.558066882503,0.11582004916234372,26.685
137.0,59130.1,52.3376068,-2.0846408,96.462,6.809,104.5,-0.1,0.1,10.09998,96.37,96.26999,96.25,95.76999,-0.3999939,96.31,0.0397799,0.0,0.0,6.0,3.0,2399.0,86.0,0.0,0.0,0.0,13.8,11.25,26.0,0.31768136325564306,2.660601210523674,2411.563474278901,5642.218668093027,0.1188394687682939,26.795
137.0,59130.2,52.3376306,-2.084636,96.206,6.859,104.47,-0.12,0.1,10.09998,96.33,96.42,96.28,95.64,-0.3999939,96.36,0.0397799,0.0,0.0,6.0,3.0,2387.0,86.0,0.0,0.0,0.0,13.8,10.5,26.0,0.31915380011535205,2.6532627509028806,2411.8826280790163,5644.87193084393,0.11971213339429106,26.72388888888889
137.0,59130.3,52.3376546,-2.0846313,96.678,6.896,104.45,-0.12,0.1,10.5,96.64,96.45999,96.55,96.11,-0.3999939,96.49,0.04997993,0.0,0.0,6.0,3.0,2397.0,86.0,0.0,0.0,0.0,13.8,10.5,25.5,0.322441354513329,2.6660723589016873,2412.2050694335294,5647.538003202832,0.12035790521752897,26.854999999999997
137.0,59130.4,52.3376786,-2.0846266,96.869,6.8020000000000005,104.44,-0.12,0.1,10.5,96.81999,96.83,96.62,96.09999,-1.0,96.74,0.0397799,0.0,0.0,6.0,3.0,2404.0,86.0,0.0,0.0,0.0,13.8,10.5,25.5,0.3186953216302401,2.6718659827505644,2412.52376475516,5650.209869185583,0.1187172957206543,26.908055555555556
137.0,59130.5,52.3377027,-2.0846217,97.2,6.912000000000001,104.4,-0.14,0.1,10.39996,97.06999,96.94,96.90999,96.55,-0.6000061,97.04,0.02957988,-0.009180069,0.0,6.0,3.0,2415.0,86.0,0.0,0.0,0.0,13.7,10.5,25.5,0.3249308487862211,2.680376828639411,2412.848695603946,5652.890246014222,0.12063715789784807,27.0
137.0,59130.6,52.3377267,-2.0846167,96.833,7.156000000000001,104.38,-0.15,0.1,10.20001,97.12,97.3,96.86,96.69,-0.1999817,97.27,0.02957988,0.0,0.0,6.0,3.0,2424.0,86.0,0.0,0.0,0.0,13.7,10.5,25.5,0.33507259440077425,2.6688537395629357,2413.1837681983466,5655.559099753785,0.12489576127271423,26.898055555555555
137.0,59130.7,52.3377508,-2.0846117,97.049,7.302,104.38,-0.13,0.1,10.20001,97.20999,97.14999,97.76999,97.06,-0.5,97.17,0.05915999,0.0,0.0,6.0,3.0,2419.0,86.0,0.0,0.0,0.0,13.7,10.5,25.5,0.34263481619515823,2.6739425902765954,2413.5264030145418,5658.233042344062,0.12744394198062595,26.958055555555557
137.0,59130.8,52.337775,-2.0846066,97.686,7.292999999999999,104.38,-0.1,0.1,10.20001,97.34,97.45,97.48,97.09999,-0.6000061,97.31,0.04997993,0.0,0.0,6.0,3.0,2413.0,86.0,0.0,0.0,0.0,13.8,10.5,25.5,0.34446098342915055,2.691547673903441,2413.870863997971,5660.924590017965,0.12728686234794645,27.135
137.0,59130.9,52.3377992,-2.0846016,97.726,7.227,104.35,-0.12,0.1,10.20001,97.58,97.62,97.56,96.84,-0.3999939,97.61,0.0397799,0.0,0.0,6.0,3.0,2431.0,86.0,0.0,0.0,0.0,13.8,10.5,24.0,0.3415000938365053,2.693044962580009,2414.2123640918076,5663.617634980545,0.1261349450416302,27.14611111111111
137.0,59131.0,52.337823400000005,-2.0845964,97.776,7.513,104.34,-0.11,0.1,10.20001,97.75,97.81999,97.69,97.23,-0.5,97.73,0.0397799,0.0,0.0,6.0,3.0,2419.0,86.0,0.0,0.0,0.0,13.7,10.5,22.5,0.3551200977656675,2.6926837386078044,2414.5674841895734,5666.310318719153,0.13112658670233399,27.159999999999997
137.0,59131.1,52.337847700000005,-2.0845911,97.934,7.461,104.32,-0.12,0.1,10.20001,97.97,97.81,98.05,97.28,-0.5,97.88,0.0397799,0.0,0.0,6.0,3.0,2435.0,86.0,0.0,-0.230011,0.0,13.8,10.5,20.5,0.35324605256410574,2.697356656643315,2414.9207302421373,5669.007675375796,0.13021901549129694,27.203888888888887
137.0,59131.2,52.337872,-2.0845858,98.064,7.547000000000001,104.32,-0.1,0.1,10.20001,97.95,97.90999,98.08,97.64,-0.6000061,97.89,0.0397799,0.0,0.0,6.0,3.0,2427.0,86.0,0.0,0.0,0.0,13.8,10.5,20.5,0.35776862132384735,2.700403231666714,2415.278498863461,5671.708078607462,0.13171999864801207,27.24
137.0,59131.3,52.3378963,-2.0845804,98.41,7.656000000000001,104.3,-0.11,0.1,10.20001,98.15999,98.05,98.44,97.45,-0.6000061,98.1,0.02957988,-0.009180069,0.0,6.0,3.0,2431.0,86.0,0.0,0.0,0.0,13.8,10.5,20.5,0.3641856833986942,2.7092431590386177,2415.64268454686,5674.417321766501,0.1336224075326859,27.33611111111111
137.0,59131.4,52.337920700000005,-2.0845751,98.442,7.471,104.27,-0.13,0.1,10.59998,98.31999,98.25,98.23999,97.83,-0.3999939,98.27,0.01937985,-0.009180069,0.0,6.0,3.0,2447.0,86.0,0.0,0.0,0.0,13.8,10.5,22.5,0.35555161292276627,2.711286281554941,2415.9982361597827,5677.128608048056,0.13039354841649636,27.345
137.0,59131.5,52.33794509999999,-2.0845696,98.37,7.849,104.25,-0.13,0.1,10.79999,98.31999,98.31999,98.48,97.61,-0.6999816999999999,98.3,0.02957988,-0.009180069,0.0,6.0,3.0,2452.0,86.0,0.0,0.0,0.0,13.8,10.5,24.0,0.37315790970106577,2.706900335148587,2416.371394069484,5679.835508383205,0.13699089298903494,27.325
137.0,59131.6,52.3379695,-2.0845641,98.694,7.897,104.25,-0.12,0.1,10.70001,98.53999,98.47,98.56999,98.00999,-1.0,98.50999,0.02957988,-0.01938009,0.0,6.0,3.0,2457.0,86.0,0.0,0.0,0.0,13.8,10.5,24.5,0.37666204015540156,2.7155014191684694,2416.748056109639,5682.551009802373,0.1378286510299922,27.415
137.0,59131.7,52.337994,-2.0845585000000004,98.748,7.877999999999999,104.23,-0.12,0.1,10.70001,98.67999,98.67999,98.87,97.97,-0.8999939,98.63,0.0397799,-0.01938009,0.0,6.0,3.0,2445.0,86.0,0.0,0.0,0.0,13.7,10.5,24.5,0.3759671214015705,2.717112018968857,2417.1240232310406,5685.268121821342,0.13749703847211328,27.43
137.0,59131.8,52.3380184,-2.0845527,98.748,8.18,104.21,-0.12,0.1,10.70001,98.84,98.87,98.87,98.44,-0.6999816999999999,98.78,0.0397799,-0.01938009,0.0,6.0,3.0,2456.0,86.0,0.0,0.0,0.0,13.7,10.5,25.0,0.3902834428430684,2.71509260141207,2417.5143066738838,5687.983214422754,0.14276793281313616,27.43
137.0,59131.9,52.3380429,-2.0845471,99.115,7.995,104.19,-0.12,0.1,10.70001,99.03999,98.98999,99.12999,98.25999,-0.6999816999999999,99.0,0.0397799,-0.009180069,0.0,6.0,3.0,2460.0,86.0,0.0,0.0,0.0,13.8,10.5,25.0,0.38293268358943006,2.7264339729321794,2417.897239357473,5690.709648395686,0.13953907369694665,27.53194444444444
137.0,59132.0,52.3380675,-2.0845413,99.349,8.224,104.18,-0.12,0.1,10.70001,99.17999,99.12,99.14,98.62999,-0.6000061,99.18,0.0397799,-0.009180069,0.0,6.0,3.0,2457.0,86.0,0.0,0.0,0.0,13.8,10.5,25.0,0.3947564010516249,2.7313148501273705,2418.291995758525,5693.440963245813,0.14353587768401366,27.596944444444446
137.0,59132.1,52.3380921,-2.0845354,99.385,8.306000000000001,104.17,-0.12,0.1,10.89996,99.34999,99.28999,99.5,98.67999,-0.8999939,99.31,0.0397799,-0.009180069,0.0,6.0,3.0,2467.0,86.0,0.0,0.0,0.0,13.8,11.25,25.0,0.39880943109851863,2.731736600269744,2418.6908051896235,5696.172699846083,0.14496704767064902,27.606944444444444
137.0,59132.2,52.338116600000006,-2.0845295,99.497,8.384,104.15,-0.12,0.1,10.89996,99.55,99.50999,99.50999,98.92999,-0.6999816999999999,99.43999,0.0397799,-0.01938009,0.0,6.0,3.0,2475.0,86.0,0.0,0.0,0.0,13.8,11.25,25.0,0.4029815496859828,2.7342690100888825,2419.0937867393095,5698.906968856171,0.1463284044872046,27.638055555555553
137.0,59132.3,52.3381413,-2.0845234,99.698,8.51,104.13,-0.12,0.1,10.70001,99.75,99.69,99.87999,98.98,-0.6000061,99.62,0.0397799,-0.01938009,0.0,6.0,3.0,2481.0,86.0,0.0,0.0,0.0,13.8,11.25,20.5,0.40981977498485467,2.738898057601377,2419.5036065142945,5701.645866913773,0.14852751934471745,27.693888888888885
137.0,59132.4,52.338166,-2.0845173,99.922,8.584,104.11,-0.12,0.1,10.29999,99.75999,99.65999,99.84999,99.31999,-0.6000061,99.79,0.0397799,0.0,0.0,6.0,3.0,2477.0,86.0,0.0,0.0,0.0,13.8,11.25,20.5,0.4142855626440789,2.744518994779984,2419.9178920769386,5704.390385908553,0.14981906299119324,27.75611111111111
137.0,59132.5,52.338190700000006,-2.0845111,99.979,8.613,104.09,-0.12,0.1,10.09998,99.89999,99.87,100.01,99.31,-0.5,99.88,0.02957988,0.0,0.0,6.0,3.0,2484.0,86.0,0.0,0.0,0.0,13.8,11.25,20.5,0.4159117549060784,2.745874431649057,2420.3338038318448,5707.136260340202,0.15032520847427158,27.771944444444443
137.0,59132.6,52.3382154,-2.0845048,100.264,8.829,104.09,-0.11,0.1,10.20001,99.98,99.95999,100.02,99.45,-0.3999939,99.93,0.01937985,-0.009180069,0.0,6.0,3.0,2480.0,86.0,0.0,0.0,0.0,13.8,11.25,20.5,0.42747557513486456,2.7521098331821143,2420.7612794069796,5709.888370173384,0.15409511965857936,27.85111111111111
137.0,59132.7,52.3382401,-2.0844985,100.17,8.812999999999999,104.07,-0.11,0.1,11.0,100.03,99.95999,100.39,99.45,-0.5,99.93999,0.02957988,-0.01938009,0.0,6.0,3.0,2491.0,86.0,0.0,0.0,0.0,13.8,11.25,20.5,0.42630697595470174,2.7496488161676864,2421.187586382934,5712.638018989552,0.15381586697826025,27.825
137.0,59132.8,52.338264900000006,-2.0844923,100.451,8.767999999999999,104.05,-0.12,0.1,11.39996,100.3,100.21,100.21,99.67,-0.7999878,100.15,0.01937985,-0.02958012,0.0,6.0,3.0,2497.0,86.0,0.0,0.0,0.0,13.8,11.25,22.0,0.42533710669414443,2.7576971260515997,2421.6129234896284,5715.395716115603,0.1530304688148628,27.903055555555554
137.0,59132.9,52.3382897,-2.0844857,100.519,9.061,104.03,-0.12,0.1,11.29999,100.33,100.27,100.46,99.45,-1.199982,100.41,0.02957988,-0.03978014,0.0,6.0,3.0,2494.0,86.0,0.0,0.0,0.0,13.7,11.25,22.5,0.43973130925190224,2.7573512999344185,2422.05265479888,5718.153067415537,0.1581442835232062,27.921944444444446
137.0,59133.0,52.3383145,-2.0844792,100.552,9.146,104.02,-0.12,0.1,11.29999,100.48,100.59,100.59,100.12,-0.8999939,100.47,0.02957988,-0.01938009,0.0,6.0,3.0,2504.0,86.0,0.0,-0.230011,0.0,13.7,11.25,23.0,0.44396714172323865,2.757600924006671,2422.4966219406033,5720.910668339544,0.1596278133874014,27.93111111111111
137.0,59133.1,52.3383394,-2.0844725,100.825,9.217,104.01,-0.12,0.1,11.20001,100.72,100.54,100.82,99.87999,-1.100006,100.58,0.0397799,-0.01938009,0.0,6.0,3.0,2494.0,86.0,0.0,0.0,0.0,13.8,11.25,23.0,0.44859862764539343,2.7645340732963746,2422.9452205682487,5723.67520241284,0.16086699715631736,28.006944444444443
137.0,59133.2,52.3383643,-2.0844659,100.825,9.242,104.0,-0.12,0.1,11.20001,100.76,100.82,100.83,100.3,-1.100006,100.72,0.0397799,-0.02958012,0.0,6.0,3.0,2507.0,86.0,0.0,0.9499817,0.0,13.8,11.25,23.0,0.4498048404502593,2.7643380720616446,2423.395025408699,5726.439540484902,0.16130332946931594,28.006944444444443
137.0,59133.3,52.3383892,-2.0844589,101.045,9.619,103.99,-0.1,0.1,11.20001,100.98,100.84,101.07,100.05,-1.100006,100.85,0.0397799,-0.02958012,0.0,6.0,3.0,2510.0,86.0,0.0,0.0,0.0,13.8,11.25,23.0,0.4690051564954998,2.767343778766593,2423.8640305651943,5729.206884263668,0.16788322074933457,28.068055555555556
137.0,59133.4,52.3384141,-2.084452,101.081,9.607,103.98,-0.1,0.1,11.09998,101.06,101.07,101.02,100.52,-0.8999939,101.01,0.02957988,-0.02958012,0.0,6.0,3.0,2507.0,86.0,0.0,0.0,0.0,13.8,11.25,23.0,0.4685924442952263,2.768427921936576,2424.3326230094895,5731.975312185605,0.16767378123909524,28.078055555555554
137.0,59133.5,52.338439,-2.0844446,101.412,10.137,103.99,-0.09,0.1,10.29999,101.28,101.21,101.35,100.44,-0.6999816999999999,101.19,0.0397799,-0.01938009,0.0,6.0,3.0,2517.0,86.0,0.0,0.0,0.0,13.8,11.25,21.5,0.49579891262359727,2.7730258632478098,2424.828421922113,5734.748338048853,0.1769240262746652,28.17
137.0,59133.6,52.338464,-2.0844378,101.369,9.55,103.96,-0.1,0.1,9.299988,101.29,101.36,101.42,100.89,-0.6000061,101.32,0.02957988,-0.009180069,0.0,6.0,3.0,2508.0,86.0,0.0,0.0,0.0,13.8,11.25,20.5,0.46716534238830426,2.7767818548760275,2425.2955872645016,5737.525119903729,0.16667894356545848,28.158055555555556
137.0,59133.7,52.338489,-2.0844305000000003,101.581,10.008,103.95,-0.09,0.1,9.200012,101.36,101.31,101.6,100.77,-0.1999817,101.33,0.02957988,0.0,0.0,6.0,3.0,2521.0,86.0,0.0,-0.230011,0.0,13.8,11.25,19.5,0.49037009081647365,2.7787581240261425,2425.7859573553183,5740.303878027756,0.1746725515395925,28.216944444444444
137.0,59133.8,52.338514,-2.0844232,101.754,10.084,103.94,-0.09,0.1,9.399963,101.38,101.53,101.62,101.08,-0.1999817,101.45,0.01937985,0.0,0.0,6.0,3.0,2526.0,86.0,0.0,0.0,0.0,13.8,11.25,19.5,0.4948969560407237,2.782836548003067,2426.280854311359,5743.086714575758,0.1759990017711082,28.265
137.0,59133.9,52.338539,-2.084416,101.7,9.974,103.92,-0.1,0.1,9.399963,101.64,101.53,101.69,100.93,-0.5,101.59,0.01937985,0.0,0.0,6.0,3.0,2518.0,86.0,0.0,0.0,0.0,13.8,11.25,19.5,0.48929358272379475,2.782304223104532,2426.7701478940826,5745.869018798863,0.17407913959391444,28.25
137.0,59134.0,52.3385641,-2.0844086,101.905,10.146,103.91,-0.1,0.1,9.399963,101.64,101.74,101.8,101.36,-0.2999877999999999,101.65,0.01937985,0.009180069,0.0,6.0,3.0,2523.0,86.0,0.0,0.0,0.0,13.8,11.25,19.5,0.4986468657251162,2.7864282407970173,2427.268794759808,5748.65544703966,0.1770811059073447,28.306944444444444
137.0,59134.1,52.3385892,-2.0844012,102.118,10.13,103.89,-0.1,0.1,9.399963,101.77,101.74,101.83,101.17,-0.1999817,101.74,0.01937985,0.0,0.0,6.0,3.0,2523.0,86.0,0.0,0.0,0.0,13.8,11.25,19.5,0.49890936500895955,2.7923918136940187,2427.7677041248166,5751.447838853354,0.1768018532270256,28.36611111111111
137.0,59134.2,52.3386143,-2.0843939,102.067,10.147,103.88,-0.1,0.1,9.399963,102.0,101.92,102.13,101.5,-0.3999939,101.95,0.01937985,0.0,0.0,6.0,3.0,2539.0,86.0,0.0,0.0,0.0,13.8,11.25,19.5,0.4994882821646849,2.7908491528186925,2428.2671924069814,5754.238688006173,0.1770985591998646,28.35194444444444
137.0,59134.3,52.338639400000005,-2.0843865,102.229,10.172,103.86,-0.12,0.1,9.5,102.0,101.96,101.98,101.36,-0.2999877999999999,102.0,0.01937985,0.0,0.0,6.0,3.0,2539.0,86.0,0.0,0.0,0.0,13.8,11.25,19.5,0.5015006891215498,2.7950602134156703,2428.768693096103,5757.033748219589,0.17753489151286322,28.396944444444443
137.0,59134.4,52.3386645,-2.0843789,102.107,10.439,103.86,-0.1,0.1,9.799988,102.15,102.08,102.36,101.66,-0.1999817,102.06,0.01937985,0.0,0.0,6.0,3.0,2533.0,86.0,0.0,0.0,0.0,13.8,11.25,19.5,0.513906230635396,2.78936006829334,2429.2825993267384,5759.823108287883,0.18219492061568807,28.363055555555555
137.0,59134.5,52.3386898,-2.0843713,102.676,10.331,103.85,-0.1,0.1,11.0,102.19,102.15,102.28,101.61,-0.6000061,102.21,0.01937985,0.0,0.0,6.0,3.0,2533.0,86.0,0.0,0.0,0.0,13.8,11.25,19.5,0.5114819826705177,2.8058731210671115,2429.7940813094087,5762.62898140895,0.18030996502353416,28.52111111111111
137.0,59134.6,52.33871490000001,-2.0843637,102.211,10.532,103.84,-0.09,0.1,11.70001,102.45,102.27,102.57,101.83,-1.100006,102.24,0.01937985,-0.01938009,0.0,6.0,3.0,2536.0,86.0,0.0,0.0,0.0,13.8,11.25,19.0,0.5189611633155073,2.7913624638040853,2430.313042472724,5765.420343872754,0.18381807682004278,28.391944444444444
137.0,59134.7,52.3387401,-2.0843561,102.611,10.439,103.83,-0.09,0.1,12.09998,102.26,102.29,102.43,101.8,-1.100006,102.3,0.01937985,-0.02958012,0.0,6.0,3.0,2543.0,86.0,0.0,0.0,0.0,13.8,11.25,14.0,0.5164428710247938,2.8031283454380986,2430.829485343749,5768.223472218192,0.18219492061568807,28.503055555555555
137.0,59134.8,52.3387653,-2.0843482,102.794,10.719,103.83,-0.08,0.1,11.89996,102.45,102.27,102.7,101.7,-1.199982,102.33,0.0,-0.04997993,0.0,6.0,3.0,2535.0,86.0,0.0,0.0,0.0,13.8,11.25,13.5,0.5310807806120985,2.80556570253747,2431.3605661243614,5771.029037920729,0.18708184252127216,28.55388888888889
137.0,59134.9,52.3387905,-2.0843407,102.496,10.376,103.79,-0.11,0.1,10.89996,102.31,102.35,102.56,101.88,-1.199982,102.35,0.0,-0.04997993,0.0,6.0,3.0,2533.0,86.0,0.0,0.0,0.0,13.8,11.25,13.5,0.5127850166262186,2.8005523036958255,2431.873351140988,5773.8295902244245,0.18109536318693162,28.47111111111111
137.0,59135.0,52.3388156,-2.0843325,102.64,11.188,103.8,-0.08,0.1,10.20001,102.32,102.23,102.62,101.75,-0.6999816999999999,102.28,0.0,-0.01938009,0.0,6.0,3.0,2548.0,86.0,0.0,0.0,0.0,13.8,11.25,13.5,0.5531979418157226,2.796928065766455,2432.4265490828034,5776.626518290191,0.1952674367131256,28.51111111111111
137.0,59135.1,52.3388409,-2.0843245,102.92,11.04,103.8,-0.07,0.1,10.20001,102.3,102.34,102.63,101.99,-0.3999939,102.3,0.0,-0.009180069,0.0,6.0,3.0,2532.0,86.0,0.0,0.0,0.0,13.8,11.25,14.5,0.5474607946950604,2.8059815318858035,2432.9740098774982,5779.432499822076,0.19268434942017396,28.58888888888889
137.0,59135.2,52.338866,-2.0843162,102.798,11.297,103.79,-0.07,0.1,10.20001,102.32,102.31,102.49,101.83,-0.6000061,102.32,0.0,0.0,0.0,6.0,3.0,2535.0,86.0,0.0,0.0,0.0,13.8,11.25,20.5,0.5593775988599972,2.8001744502608448,2433.5333874763583,5782.232674272337,0.19716984559779943,28.555
137.0,59135.3,52.3388913,-2.0843081000000003,102.913,11.13,103.76,-0.09,0.1,10.39996,102.49,102.41,102.64,101.94,-0.6000061,102.4,0.0,0.0,0.0,6.0,3.0,2546.0,86.0,0.0,0.0,0.0,13.8,11.25,22.5,0.551830208235342,2.8049273338139207,2434.0852176845938,5785.037601606151,0.1942551457469689,28.58694444444444
137.0,59135.4,52.3389164,-2.0843001,102.6,11.039,103.73,-0.1,0.1,10.39996,102.53,102.47,102.57,101.78,-0.6999816999999999,102.57,0.0,0.0,0.0,6.0,3.0,2529.0,86.0,0.0,0.0,0.0,13.8,11.25,24.0,0.5457098021191931,2.7972666679941387,2434.630927486713,5787.834868274145,0.19266689612765403,28.499999999999996
137.0,59135.5,52.3389415,-2.0842918000000004,102.51,11.274,103.72,-0.1,0.1,10.39996,102.62,102.5,102.78,102.13,-0.5,102.48,0.0,0.0,0.0,6.0,3.0,2555.0,86.0,0.0,0.0,0.0,13.8,11.25,25.0,0.5566894826711635,2.7925531453999786,2435.187616969384,5790.6274214195455,0.1967684198698407,28.475
137.0,59135.6,52.3389667,-2.0842837,102.805,11.193,103.72,-0.09,0.1,10.39996,102.6,102.63,102.71,102.05,-0.5,102.53,0.009180069,-0.01938009,0.0,6.0,3.0,2551.0,86.0,0.0,0.0,0.0,13.8,11.25,25.0,0.5543317092017643,2.8013759326809957,2435.741948678586,5793.428797352227,0.19535470317572529,28.556944444444447
137.0,59135.7,52.3389919,-2.0842752,102.877,11.565,103.71,-0.08,0.1,10.39996,102.72,102.6,102.95,102.18,-0.3999939,102.61,0.01937985,-0.009180069,0.0,6.0,3.0,2551.0,86.0,0.0,0.0,0.0,13.8,11.25,25.5,0.5729091396530696,2.799677241310259,2436.314857818239,5796.228474593537,0.2018473279931442,28.576944444444443
137.0,59135.8,52.3390172,-2.0842667,103.244,11.626,103.69,-0.1,0.1,10.39996,102.86,102.86,102.92,102.32,-0.3999939,102.86,0.02957988,-0.009180069,0.0,6.0,3.0,2561.0,86.0,0.0,0.0,0.0,13.8,11.25,25.5,0.5779439022264546,2.809051000763711,2436.8928017204653,5799.037525594301,0.20291197883686074,28.67888888888889
137.0,59135.9,52.3390424,-2.0842582,103.216,11.643,103.68,-0.09,0.1,10.39996,103.04,102.98,103.09,102.29,-0.5,102.98,0.02957988,-0.009180069,0.0,6.0,3.0,2569.0,86.0,0.0,0.0,0.0,13.8,11.25,25.5,0.5786203732966827,2.8081176234379495,2437.471422093762,5801.845643217739,0.2032086848096998,28.67111111111111
137.0,59136.0,52.3390677,-2.0842494,103.324,11.857,103.67,-0.09,0.1,10.39996,103.28,103.17,103.4,102.67,-0.6000061,103.19,0.0397799,0.0,0.0,6.0,3.0,2569.0,86.0,0.0,0.0,0.0,13.8,11.25,25.5,0.5897210544961792,2.8088728821374906,2438.0611431482585,5804.654516099877,0.20694368940896765,28.70111111111111
137.0,59136.1,52.339093000000005,-2.0842408,103.478,11.796,103.67,-0.08,0.1,10.59998,103.4,103.3,103.37,102.66,-0.7999878,103.31,0.0397799,0.0,0.0,6.0,3.0,2572.0,86.0,0.0,0.0,0.0,13.8,11.25,21.5,0.5876047482883683,2.8136865753592497,2438.648747896547,5807.468202675236,0.2058790385652511,28.743888888888886
137.0,59136.2,52.3391183,-2.0842322,103.586,11.683,103.64,-0.1,0.1,10.89996,103.54,103.44,103.65,102.99,-0.6999816999999999,103.48,0.0397799,-0.01938009,0.0,6.0,3.0,2558.0,86.0,0.0,0.0,0.0,13.8,11.25,15.5,0.5826618846113171,2.817777838319129,2439.231409781158,5810.285980513555,0.20390681651049752,28.773888888888887
137.0,59136.3,52.3391437,-2.0842234,103.658,11.944,103.64,-0.08,0.1,11.0,103.39,103.4,103.65,102.84,-0.6000061,103.4,0.02957988,-0.009180069,0.0,6.0,3.0,2567.0,86.0,0.0,0.0,0.0,13.8,11.25,14.5,0.5959055557242503,2.817051107472806,2439.8273153368823,5813.103031621028,0.20846212585820273,28.793888888888887
137.0,59136.4,52.339169,-2.0842149,103.648,11.718,103.63,-0.08,0.1,11.0,103.42,103.34,103.71,102.92,-0.7999878,103.37,0.009180069,0.0,0.0,6.0,3.0,2572.0,86.0,0.0,0.0,0.0,13.8,11.25,14.5,0.5847328329024061,2.819107714197772,2440.4120481697846,5815.922139335225,0.20451768174869553,28.79111111111111
137.0,59136.5,52.3391945,-2.0842067,103.792,11.258,103.6,-0.11,0.1,11.0,103.54,103.5,103.7,102.82,-0.6999816999999999,103.46,0.0,-0.01938009,0.0,6.0,3.0,2563.0,86.0,0.0,0.0,0.0,13.8,11.25,14.5,0.5628618927996389,2.8276343767620227,2440.974910062584,5818.7497737119875,0.1964891671895216,28.83111111111111
137.0,59136.6,52.3392199,-2.0841977000000003,104.126,11.954,103.56,-0.14,0.1,11.0,103.59,103.48,103.7,102.87,-0.6999816999999999,103.5,0.0,-0.01938009,0.0,6.0,3.0,2564.0,86.0,0.0,0.0,0.0,13.8,11.25,14.5,0.5990898569325259,2.8296651441272105,2441.5739999195166,5821.579438856114,0.20863665878340215,28.92388888888889
137.0,59136.7,52.33924520000001,-2.0841889,103.874,12.023,103.54,-0.14,0.1,11.0,103.55,103.56,103.7,102.98,-0.6999816999999999,103.53,0.0,-0.02958012,0.0,6.0,3.0,2577.0,86.0,0.0,0.0,0.0,13.8,11.25,14.5,0.6010389925612163,2.822095173721902,2442.175038912078,5824.4015340298365,0.20984093596727824,28.853888888888886
137.0,59136.8,52.3392705,-2.0841796,104.011,12.459,103.53,-0.13,0.1,10.89996,103.61,103.47,103.9,102.9,-0.6999816999999999,103.5,0.0,-0.01938009,0.0,6.0,3.0,2565.0,86.0,0.0,0.0,0.0,13.8,11.25,14.5,0.6233175131836909,2.8211557588277785,2442.7983564252618,5827.222689788664,0.21745057150597352,28.89194444444444
137.0,59136.9,52.3392959,-2.0841706,103.903,12.385,103.54,-0.1,0.1,10.89996,103.54,103.43,103.84,103.12,-0.7999878,103.51,0.0,-0.01938009,0.0,6.0,3.0,2573.0,86.0,0.0,0.0,0.0,13.8,11.25,14.5,0.6190299096446018,2.819028262027072,2443.4173863349065,5830.041718050691,0.2161590278594977,28.861944444444447
137.0,59137.0,52.33932119999999,-2.0841613,104.022,12.518,103.53,-0.1,0.1,10.89996,103.5,103.46,103.72,102.76,-0.7999878,103.53,0.0,-0.01938009,0.0,6.0,3.0,2576.0,86.0,0.0,0.0,0.0,13.8,11.25,15.0,0.626288479182096,2.820810697449189,2444.0436748140887,5832.86252874814,0.21848031576465018,28.895
137.0,59137.1,52.3393465,-2.084152,103.799,12.635,103.53,-0.1,0.1,10.89996,103.7,103.49,103.91,103.2,-0.8999939,103.55,0.0,-0.01938009,0.0,6.0,3.0,2577.0,86.0,0.0,-0.230011,0.0,13.8,11.25,15.5,0.6306923954255302,2.8134814783555875,2444.6743672095145,5835.676010226495,0.22052235098948353,28.833055555555557
137.0,59137.2,52.3393718,-2.0841425,103.957,12.857,103.5,-0.11,0.1,10.89996,103.55,103.57,103.67,102.93,-0.7999878,103.54,0.0,-0.01938009,0.0,6.0,3.0,2566.0,86.0,0.0,0.0,0.0,13.8,11.25,15.5,0.6425654453064921,2.8152955178761214,2445.316932654821,5838.491305744371,0.22439698192891094,28.87694444444444
137.0,59137.3,52.339397100000006,-2.0841331000000003,103.856,12.806,103.52,-0.08,0.1,11.0,103.64,103.53,103.8,103.16,-0.6000061,103.55,0.0,-0.009180069,0.0,6.0,3.0,2578.0,86.0,0.0,0.0,0.0,13.8,11.25,15.5,0.6394373929846,2.813130590940923,2445.9563700478056,5841.304436335312,0.22350686401039382,28.848888888888887
137.0,59137.4,52.3394224,-2.0841233,104.278,13.140999999999998,103.5,-0.09,0.1,11.09998,103.59,103.65,103.81,102.97,-0.7999878,103.58,0.0,-0.01938009,0.0,6.0,3.0,2566.0,86.0,0.0,0.0,0.0,13.8,11.25,15.5,0.6585393567782993,2.8207590901362654,2446.614909404584,5844.1251954254485,0.22935371700457483,28.96611111111111
137.0,59137.5,52.33944770000001,-2.0841139,103.871,12.876,103.49,-0.09,0.1,11.29999,103.64,103.53,103.73,103.03,-0.6000061,103.61,0.0,-0.01938009,0.0,6.0,3.0,2565.0,86.0,0.0,0.0,0.0,13.8,11.25,11.5,0.6429666530320558,2.8127534609361886,2447.257876057616,5846.937948886385,0.22472859448678986,28.853055555555553
137.0,59137.6,52.339473,-2.0841043000000004,104.083,13.031,103.48,-0.09,0.1,11.59998,103.73,103.59,103.95,103.07,-1.0,103.61,0.0,-0.02958012,0.0,6.0,3.0,2564.0,86.0,0.0,0.0,0.0,13.8,11.25,8.5,0.6519013374875506,2.8167410178730243,2447.909777395104,5849.754689904258,0.2274338548273811,28.911944444444444
137.0,59137.7,52.3394983,-2.0840946,103.914,13.2,103.48,-0.08,0.1,11.59998,103.58,103.4,103.71,102.92,-1.0,103.59,0.0,-0.01938009,0.0,6.0,3.0,2573.0,86.0,0.0,0.0,0.0,13.8,11.25,6.0,0.6591347865744077,2.8102355031433772,2448.568912181678,5852.5649254074015,0.2303834612632515,28.865
137.0,59137.8,52.339523500000006,-2.0840848,103.849,13.31,103.46,-0.08,0.1,11.70001,103.61,103.33,103.84,103.19,-0.8999939,103.44,-0.009180069,-0.01938009,0.0,6.0,3.0,2559.0,86.0,0.0,0.0,0.0,13.8,11.25,4.0,0.6641131591175874,2.807207820895258,2449.233025340796,5855.372133228297,0.23230332344044527,28.846944444444446
137.0,59137.9,52.3395488,-2.084075,104.0,13.307,103.45,-0.07,0.1,11.70001,103.46,103.32,103.6,102.79,-1.100006,103.37,-0.01938009,-0.03978014,0.0,6.0,3.0,2559.0,86.0,0.0,0.0,0.0,13.8,11.25,3.5,0.6649316026880336,2.8113244167282443,2449.8979569434837,5858.183457645025,0.23225096356288544,28.88888888888889
137.0,59138.0,52.3395739,-2.0840648,103.72,13.796,103.45,-0.06,0.1,11.79999,103.41,103.15,103.51,102.9,-1.100006,103.35,-0.01938009,-0.02958012,0.0,6.0,3.0,2565.0,86.0,0.0,0.0,0.0,13.8,11.25,3.5,0.6870460598632813,2.7979937359104725,2450.585003003347,5860.981451380935,0.2407856236051377,28.81111111111111
137.0,59138.1,52.3395991,-2.0840549,103.597,13.555,103.44,-0.07,0.1,11.79999,103.07,103.11,103.47,102.62,-1.100006,103.12,-0.01938009,-0.03978014,0.0,6.0,3.0,2565.0,86.0,0.0,0.0,0.0,13.8,11.25,3.0,0.6744701800735369,2.797537361998583,2451.2594731834206,5863.7789887429335,0.23657938010783136,28.776944444444442
137.0,59138.2,52.3396241,-2.0840446,103.442,13.925999999999998,103.43,-0.07,0.1,11.79999,103.08,102.83,103.41,102.69,-1.100006,103.04,-0.02958012,-0.02958012,0.0,6.0,3.0,2549.0,86.0,0.0,0.0,0.0,13.8,11.25,3.0,0.6915342366031929,2.788932431306962,2451.951007420024,5866.567921174241,0.2430545516327303,28.733888888888885
137.0,59138.3,52.3396492,-2.0840344,103.486,13.98,103.42,-0.07,0.1,11.70001,102.95,103.0,103.34,102.39,-0.8999939,102.9,-0.02958012,-0.01938009,0.0,6.0,3.0,2561.0,86.0,0.0,0.0,0.0,13.8,11.25,3.0,0.694457704308439,2.789465457224755,2452.6454651243325,5869.3573866314655,0.24399702942880727,28.746111111111112
137.0,59138.4,52.3396744,-2.0840241,103.734,13.966,103.42,-0.05,0.1,11.59998,102.85,102.67,103.02,102.3,-1.0,102.84,-0.02958012,-0.01938009,0.0,6.0,3.0,2556.0,86.0,0.0,0.0,0.0,13.8,11.25,3.0,0.6954386948375011,2.7963203092140057,2453.34090381917,5872.1537069406795,0.24375268333352806,28.814999999999998
137.0,59138.5,52.3396994,-2.0840139,103.28,13.98,103.4,-0.06,0.1,11.5,102.69,102.47,102.96,102.4,-0.8999939,102.68,-0.01938009,-0.02958012,0.0,6.0,3.0,2541.0,86.0,0.0,0.0,0.0,13.8,11.25,3.0,0.6930753116457837,2.7839127265733787,2454.0339791308156,5874.937619667253,0.24399702942880727,28.68888888888889
137.0,59138.6,52.33972429999999,-2.0840036,103.216,14.186,103.39,-0.07,0.1,11.5,102.69,102.44,102.87,101.93,-0.8999939,102.6,-0.02958012,-0.02958012,0.0,6.0,3.0,2551.0,86.0,0.0,0.0,0.0,13.8,11.25,3.0,0.7026443488887182,2.77967930568106,2454.736623479704,5877.717298972934,0.2475924076879156,28.67111111111111
137.0,59138.7,52.3397493,-2.0839931000000003,103.223,14.399,103.38,-0.06,0.1,11.5,102.5,102.31,102.83,101.99,-1.0,102.39,-0.02958012,-0.02958012,0.0,6.0,3.0,2534.0,86.0,0.0,0.0,0.0,13.8,11.25,3.0,0.7130214232689158,2.777236323916156,2455.449644902973,5880.494535296851,0.2513099589946635,28.673055555555553
137.0,59138.8,52.3397742,-2.0839825,103.079,14.524,103.38,-0.05,0.1,11.29999,102.51,102.4,102.58,101.66,-0.8999939,102.34,-0.02958012,-0.02958012,0.0,6.0,3.0,2545.0,86.0,0.0,0.0,0.0,13.8,11.25,3.0,0.718075569267485,2.771801973680026,2456.1677204722405,5883.266337270531,0.2534916205596564,28.633055555555554
137.0,59138.9,52.339799,-2.0839716,102.982,14.88,103.39,-0.04,0.1,11.0,102.39,102.09,102.43,101.93,-0.8999939,102.31,-0.02958012,-0.01938009,0.0,6.0,3.0,2544.0,86.0,0.0,0.0,0.0,13.8,11.25,3.0,0.7345919135713443,2.7646827393984896,2456.902312385812,5886.031020009929,0.25970499269675623,28.60611111111111
137.0,59139.0,52.3398238,-2.0839613,102.496,14.378,103.36,-0.06,0.1,10.0,102.1,102.18,102.43,101.63,-0.7999878,102.19,-0.02958012,-0.009180069,0.0,6.0,3.0,2530.0,86.0,0.0,0.0,0.0,13.8,11.25,3.0,0.7069888218824392,2.7579355476054235,2457.6093012076944,5888.788955557535,0.2509434398517447,28.47111111111111
137.0,59139.1,52.3398485,-2.0839504,102.398,14.958,103.38,-0.04,0.1,9.799988,102.08,101.93,102.33,101.79,-0.6000061,102.07,-0.02958012,0.0,0.0,6.0,3.0,2541.0,86.0,0.0,0.0,0.0,13.8,11.25,3.0,0.7341678187736216,2.7480075991728534,2458.343469026468,5891.536963156707,0.2610663495133118,28.443888888888885
137.0,59139.2,52.3398731,-2.0839398,102.096,14.828,103.39,-0.03,0.1,9.700012,101.75,101.84,102.25,101.39,-0.5,101.9,-0.01938009,0.0,0.0,6.0,3.0,2522.0,86.0,0.0,0.0,0.0,13.8,11.25,3.0,0.7257840335031465,2.741556772476526,2459.0692530599713,5894.278519929184,0.25879742148571916,28.36
137.0,59139.3,52.3398978,-2.083929,102.427,14.908,103.39,-0.02,0.1,9.200012,101.85,101.67,102.17,101.56,-0.2999877999999999,101.78,-0.02958012,0.0,0.0,6.0,3.0,2530.0,86.0,0.0,0.0,0.0,13.8,11.25,3.0,0.7319766939467472,2.749425675703259,2459.801229753918,5897.0279456048875,0.26019368488731465,28.451944444444447
137.0,59139.4,52.33992249999999,-2.083918,102.636,15.118,103.38,-0.03,0.1,8.799988,101.57,101.63,101.98,101.06,-0.1999817,101.59,-0.01938009,0.0,0.0,6.0,3.0,2517.0,86.0,0.0,0.0,0.0,13.8,11.25,3.0,0.7435630604789014,2.7523290092376764,2460.544792814397,5899.780274614125,0.26385887631650273,28.509999999999998
137.0,59139.5,52.3399471,-2.0839073,102.103,14.954,103.37,-0.03,0.1,8.799988,101.47,101.6,101.8,100.88,0.0,101.49,-0.02958012,0.01937985,0.0,6.0,3.0,2523.0,86.0,0.0,0.0,0.0,13.8,11.25,3.0,0.7318614470096753,2.7401419213388265,2461.2766542614067,5902.520416535464,0.26099653634323206,28.361944444444443
137.0,59139.6,52.3399719,-2.0838964,102.463,15.044,103.33,-0.07,0.1,7.5,101.61,101.52,101.79,101.04,-0.1000061,101.51,-0.02958012,0.01937985,0.0,6.0,3.0,2511.0,86.0,0.0,0.0,0.0,13.8,11.25,2.0,0.7387603546718506,2.748646203852278,2462.0154146160785,5905.269062739317,0.26256733267002696,28.46194444444444
137.0,59139.7,52.3399964,-2.0838857,101.689,14.969,103.32,-0.08,0.1,6.5,101.43,101.34,101.54,100.96,0.1000061,101.44,-0.02958012,0.02957988,0.0,6.0,3.0,2515.0,86.0,0.0,0.0,0.0,13.8,11.25,1.0,0.7296083809010643,2.728840470785025,2462.7450229969795,5907.997903210102,0.2612583357310312,28.24694444444444
137.0,59139.8,52.3400214,-2.0838762,102.182,13.773,103.2,-0.18,0.1,6.700011999999999,101.29,101.25,101.58,100.91,0.7000122,101.28,-0.03978014,0.04997993,0.0,6.0,3.0,2524.0,86.0,0.0,0.0,0.0,13.8,11.25,1.0,0.6757516908511381,2.7567754962781663,2463.4207746878305,5910.75467870638,0.240384197877179,28.38388888888889
137.0,59139.9,52.340046,-2.083866,101.822,14.168,103.18,-0.19,0.1,7.700011999999999,101.04,101.05,101.39,100.82,0.3999939,101.1,-0.02958012,0.04997993,0.0,6.0,3.0,2507.0,86.0,0.0,0.0,0.0,13.8,11.25,1.0,0.6922931723684536,2.7423555331652656,2464.113067860199,5913.497034239545,0.2472782484225566,28.28388888888889
137.0,59140.0,52.3400705,-2.083855,101.815,15.033,103.17,-0.17,0.1,8.200012,100.99,100.85,101.25,100.68,0.0,100.9,-0.02958012,0.02957988,0.0,6.0,3.0,2502.0,86.0,0.0,0.0,0.0,13.8,11.25,1.5,0.7335638828330334,2.7314040062556373,2464.846631743032,5916.228438245801,0.26237534645230753,28.28194444444444
137.0,59140.1,52.3400947,-2.0838441,101.038,15.173,103.18,-0.15,0.1,8.200012,100.81,100.79,101.1,100.33,-0.1999817,100.88,-0.02958012,0.02957988,0.0,6.0,3.0,2514.0,86.0,0.0,-0.230011,0.0,13.8,11.25,4.5,0.7345866646375661,2.708772482352293,2465.5812184076694,5918.937210728153,0.2648188074050996,28.06611111111111
137.0,59140.2,52.3401191,-2.0838334,101.21,15.0,103.17,-0.14,0.1,8.5,100.8,100.65,100.94,100.43,-0.1999817,100.73,-0.02958012,0.01937985,0.0,6.0,3.0,2515.0,86.0,0.0,0.0,0.0,13.8,11.25,6.0,0.727640987634059,2.7155931355199057,2466.3088593953034,5921.652803863673,0.2617993877991494,28.113888888888887
137.0,59140.3,52.340143600000005,-2.0838225,101.311,15.177,103.17,-0.13,0.1,9.599976,100.62,100.59,100.75,100.01,-0.1999817,100.67,-0.02958012,0.0,0.0,6.0,3.0,2499.0,86.0,0.0,0.0,0.0,13.8,11.25,6.0,0.7367611009689586,2.7160400312294706,2467.0456204962725,5924.368843894903,0.26488862057517937,28.141944444444444
137.0,59140.4,52.3401679,-2.0838119,100.847,15.028,103.17,-0.11,0.1,10.39996,100.54,100.32,100.72,100.13,-0.3999939,100.41,-0.01938009,-0.009180069,0.0,6.0,3.0,2499.0,86.0,0.0,0.0,0.0,13.8,11.25,6.0,0.7263534717179265,2.705498743246748,2467.7719739679906,5927.07434263815,0.2622880799897079,28.013055555555553
137.0,59140.5,52.3401924,-2.0838013,101.38,14.918,103.15,-0.12,0.1,10.70001,100.45,100.44,100.75,99.78,-0.7999878,100.4,-0.02958012,-0.009180069,0.0,6.0,3.0,2489.0,86.0,0.0,0.0,0.0,13.8,11.25,3.5,0.7249694401527599,2.7211947929113873,2468.496943408143,5929.795537431061,0.26036821781251407,28.161111111111108
137.0,59140.6,52.3402164,-2.08379,100.53,15.515,103.17,-0.09,0.1,10.59998,100.58,100.45,100.4,99.87999,-1.100006,100.47,-0.02958012,-0.009180069,0.0,6.0,3.0,2499.0,86.0,0.0,0.0,0.0,13.8,11.25,2.0,0.7469676255480803,2.6907425771305333,2469.2439110336913,5932.486280008192,0.27078783344692026,27.925
137.0,59140.7,52.3402406,-2.083779,100.462,15.529000000000002,103.19,-0.07,0.1,10.5,100.16,100.16,100.61,99.56999,-1.100006,100.19,-0.01938009,-0.01938009,0.0,6.0,3.0,2490.0,86.0,0.0,0.0,0.0,13.8,11.25,1.0,0.7471193708688639,2.688740043055354,2469.99103040456,5935.175020051247,0.2710321795421995,27.906111111111112
137.0,59140.8,52.3402649,-2.0837682,100.865,15.244000000000002,103.18,-0.07,0.1,10.09998,100.06,99.86,100.47,99.87,-0.6000061,100.06,-0.01938009,-0.01938009,0.0,6.0,3.0,2476.0,86.0,0.0,0.0,0.0,13.8,11.25,0.0,0.7366792410747083,2.7032236435248134,2470.727709645635,5937.878243694772,0.26605799117401563,28.018055555555552
137.0,59140.9,52.340289,-2.0837568,100.49,15.857,103.19,-0.05,0.1,9.899963,99.89999,99.89999,100.37,99.23999,-0.6000061,99.99,-0.03978014,-0.01938009,0.0,6.0,3.0,2462.0,86.0,0.0,0.0,0.0,13.8,11.25,0.0,0.762711738702047,2.685167170337528,2471.490421384337,5940.563410865109,0.27675685948874085,27.913888888888888
137.0,59141.0,52.3403131,-2.0837458,100.411,15.673,103.2,-0.03,0.1,10.0,99.86,99.69,100.01,99.42999,-0.5,99.79,-0.03978014,-0.009180069,0.0,6.0,3.0,2482.0,86.0,0.0,0.0,0.0,13.8,11.25,0.0,0.7534918370147744,2.6854898436731904,2472.2439132213517,5943.2489007087825,0.27354545366507127,27.891944444444444
137.0,59141.1,52.340337100000006,-2.0837346,100.098,15.757,103.2,-0.02,0.1,10.0,99.45999,99.58,100.03,99.09,-0.3999939,99.61,-0.02958012,0.0,0.0,6.0,3.0,2459.0,86.0,0.0,0.0,0.0,13.8,11.25,0.0,0.7550671133380316,2.676014556080623,2472.99898033469,5945.924915264863,0.2750115302367465,27.805
137.0,59141.2,52.3403611,-2.0837234,100.037,15.904000000000002,103.22,-0.01,0.1,9.899963,99.48,99.20999,99.72,99.22,-0.6000061,99.48,-0.03978014,0.0,0.0,6.0,3.0,2473.0,86.0,0.0,0.0,0.0,13.8,11.25,0.0,0.7614659721879417,2.6724389401418125,2473.760446306878,5948.597354205004,0.2775771642371782,27.788055555555555
137.0,59141.3,52.3403851,-2.0837123,99.972,15.896,103.22,-0.01,0.1,9.899963,99.23999,99.34,99.69,98.75,-0.3999939,99.29,-0.03978014,0.0,0.0,6.0,3.0,2451.0,86.0,0.0,0.0,0.0,13.8,11.25,0.0,0.7605982945389456,2.6708087229048143,2474.5210446014166,5951.268162927909,0.27743753789701864,27.769999999999996
137.0,59141.4,52.340409,-2.0837009,99.738,16.139,103.22,-0.01,0.1,9.899963,99.14999,99.01999,99.37,98.64999,-0.3999939,99.18,-0.03978014,0.0,0.0,6.0,3.0,2462.0,86.0,0.0,0.0,0.0,13.8,11.25,0.0,0.7701119249417633,2.6613150645991714,2475.2911565263585,5953.929477992508,0.28167868797936485,27.705
137.0,59141.5,52.3404329,-2.0836896,99.598,16.11,103.21,-0.01,0.1,9.899963,98.92999,99.0,99.42,98.53,-0.5,98.99,-0.03978014,0.0,0.0,6.0,3.0,2453.0,86.0,0.0,0.0,0.0,13.8,11.25,0.0,0.7676857157794414,2.6579683372665794,2476.058842242138,5956.587446329774,0.2811725424962865,27.66611111111111
137.0,59141.6,52.3404568,-2.0836782,99.551,16.262,103.22,-0.0,0.1,9.899963,98.87,98.61,99.12,98.59999,-0.5,98.84,-0.03978014,0.0,0.0,6.0,3.0,2457.0,86.0,0.0,0.0,0.0,13.8,11.25,0.0,0.7743687366753051,2.65466907075935,2476.833210978813,5959.242115400533,0.2838254429593179,27.653055555555554
137.0,59141.7,52.340480500000005,-2.0836669,99.166,16.242,103.23,0.01,0.1,9.899963,98.64,98.67,99.12,98.2,-0.6000061,98.67,-0.03978014,0.0,0.0,6.0,3.0,2443.0,86.0,0.0,0.0,0.0,13.8,11.25,0.0,0.7704508529563753,2.6446715971242223,2477.6036618317694,5961.8867869976575,0.28347637710891904,27.54611111111111
137.0,59141.8,52.3405043,-2.0836555000000003,99.122,16.329,103.23,0.01,0.1,10.0,98.47,98.31999,98.76999,98.28999,-0.2999877999999999,98.47,-0.03978014,0.0,0.0,6.0,3.0,2448.0,86.0,0.0,0.0,0.0,13.8,11.25,0.0,0.774122098166371,2.6423257464944188,2478.377783929936,5964.529112744152,0.2849948135581541,27.53388888888889
137.0,59141.9,52.340528,-2.0836441,98.989,16.337,103.24,0.01,0.1,10.20001,98.33,98.3,98.75,97.86,-0.3999939,98.32999,-0.03978014,0.0,0.0,6.0,3.0,2445.0,86.0,0.0,0.0,0.0,13.8,11.25,0.0,0.7734518316726912,2.6386723559189385,2479.151235761609,5967.167785100071,0.2851344398983136,27.496944444444445
137.0,59142.0,52.340551600000005,-2.0836327000000003,98.773,16.48,103.24,0.02,0.1,10.20001,98.23,98.0,98.44,97.89,-0.6000061,98.18999,-0.03978014,0.0,0.0,6.0,3.0,2440.0,86.0,0.0,0.0,0.0,13.8,11.25,0.0,0.77833298548733,2.6309802295299916,2479.9295687470963,5969.798765329601,0.28763026072866554,27.436944444444443
137.0,59142.1,52.3405752,-2.0836212,98.554,16.529,103.25,0.02,0.1,10.20001,98.03,97.92999,98.2,97.48,-0.5,97.96,-0.03978014,0.0,0.0,6.0,3.0,2425.0,86.0,0.0,0.0,0.0,13.8,11.25,0.0,0.7788520326447292,2.624481683480414,2480.708420779741,5972.423247013082,0.28848547206214276,27.37611111111111
137.0,59142.2,52.3405988,-2.0836097,98.618,16.637999999999998,103.26,0.03,0.1,10.20001,97.87,97.73999,98.2,97.56999,-0.3999939,97.89,-0.03978014,0.0,0.0,6.0,3.0,2434.0,86.0,0.0,0.0,0.0,13.8,11.25,0.0,0.7843524777564916,2.6246985874963156,2481.4927732574974,5975.047945600578,0.2903878809468165,27.39388888888889
137.0,59142.3,52.34062229999999,-2.0835982,98.428,16.628,103.25,0.02,0.1,10.20001,97.75,97.65999,98.12999,97.28,-0.6000061,97.73,-0.03978014,0.0,0.0,6.0,3.0,2429.0,86.0,0.0,0.0,0.0,13.8,11.25,0.0,0.7823840982394874,2.6197783667179215,2482.275157355737,5977.667723967295,0.29021334802161713,27.34111111111111
137.0,59142.4,52.3406458,-2.0835866,98.14,16.723,103.26,0.03,0.1,10.5,97.64,97.48,97.8,97.2,-0.5,97.62,-0.03978014,0.0,0.0,6.0,3.0,2427.0,86.0,0.0,0.0,0.0,13.8,11.25,0.0,0.7844248178912199,2.6108158677317292,2483.0595821736283,5980.278539835027,0.2918714108110117,27.26111111111111
137.0,59142.5,52.3406692,-2.083575,97.988,16.847,103.25,0.01,0.1,10.79999,97.53999,97.47,97.81,97.09,-0.7999878,97.47,-0.04997993,0.0,0.0,6.0,3.0,2426.0,86.0,0.0,0.0,0.0,13.7,11.25,0.0,0.7888496539867956,2.605071082880792,2483.848431827615,5982.883610917907,0.29403561908348474,27.218888888888888
137.0,59142.6,52.3406925,-2.0835634,97.837,16.840999999999998,103.24,0.01,0.1,10.89996,97.48,97.25,97.62,96.86,-0.8999939,97.43999,-0.03978014,-0.01938009,0.0,6.0,3.0,2420.0,86.0,0.0,0.0,0.0,13.8,11.25,0.0,0.7873616463749891,2.601139121842941,2484.63579347399,5985.48475003975,0.29393089932836497,27.176944444444445
137.0,59142.7,52.3407158,-2.0835519,97.528,16.816,103.24,0.01,0.1,10.89996,97.2,97.08,97.55,96.87,-0.5,97.18999,-0.03978014,-0.009180069,0.0,6.0,3.0,2416.0,86.0,0.0,0.0,0.0,13.8,11.25,0.0,0.7837434596327814,2.593266126302605,2485.4195369336226,5988.078016166052,0.2934945670153664,27.09111111111111
137.0,59142.8,52.3407391,-2.0835401,97.578,17.18,103.26,0.03,0.1,10.89996,96.97,96.84999,97.33,96.53,-0.6999816999999999,96.93,-0.03978014,-0.009180069,0.0,6.0,3.0,2409.0,86.0,0.0,0.0,0.0,13.8,11.25,0.0,0.8006127909081177,2.58956162487675,2486.2201497245305,5990.667577790929,0.2998475654926258,27.105
137.0,59142.9,52.3407623,-2.0835283,97.499,17.212,103.27,0.03,0.1,11.0,96.78999,96.58,97.09,96.56999,-0.7999878,96.75999,-0.03978014,0.0,0.0,6.0,3.0,2406.0,86.0,0.0,0.0,0.0,13.8,11.25,0.0,0.8014095960927439,2.5870179051455273,2487.021559320623,5993.254595696074,0.300406070853264,27.083055555555553
137.0,59143.0,52.3407855,-2.0835165,97.283,17.285999999999998,103.27,0.04,0.1,11.0,96.67,96.56,96.92,96.09999,-0.7999878,96.56,-0.03978014,-0.009180069,0.0,6.0,3.0,2401.0,86.0,0.0,0.0,0.0,13.8,11.25,0.0,0.8029673238541968,2.5802516916783236,2487.8245266444774,5995.834847387752,0.30169761449973975,27.023055555555555
137.0,59143.1,52.3408086,-2.0835047,97.146,17.289,103.27,0.03,0.1,11.0,96.65999,96.40999,96.75,96.19,-1.0,96.57,-0.03978014,-0.009180069,0.0,6.0,3.0,2401.0,86.0,0.0,0.0,0.0,13.8,11.25,0.0,0.8019714453946318,2.576576032406505,2488.626498089872,5998.411423420159,0.30174997437729967,26.985
137.0,59143.2,52.3408317,-2.0834929,96.8,17.374000000000002,103.28,0.03,0.1,11.09998,96.39,96.25999,96.65999,95.69,-0.7999878,96.4,-0.03978014,-0.009180069,0.0,6.0,3.0,2396.0,86.0,0.0,0.0,0.0,13.8,11.25,0.0,0.8029230367933833,2.5662108357998594,2489.429421126665,6000.977634255959,0.30323350424149487,26.888888888888886
137.0,59143.3,52.3408547,-2.0834810000000004,96.8,17.549,103.29,0.04,0.1,11.09998,96.26999,96.00999,96.62999,96.09999,-0.7999878,96.21,-0.03978014,-0.009180069,0.0,6.0,3.0,2392.0,86.0,0.0,0.0,0.0,13.8,11.25,0.0,0.8107573243791887,2.5637464807885397,2490.2401784510444,6003.541380736748,0.30628783043248486,26.888888888888886
137.0,59143.4,52.3408777,-2.083469,96.682,17.608,103.29,0.04,0.1,11.09998,96.19,96.03999,96.51999,95.51999,-0.8999939,96.03,-0.03978014,-0.02958012,0.0,6.0,3.0,2387.0,86.0,0.0,0.0,0.0,13.8,11.25,0.0,0.8124053597391999,2.559786040197594,2491.0525838107837,6006.101166776945,0.30731757469116155,26.85611111111111
137.0,59143.5,52.340900600000005,-2.0834569,96.419,17.849,103.29,0.04,0.1,11.09998,95.94,95.81999,96.05,95.51999,-0.6000061,95.95,-0.03978014,-0.02958012,0.0,6.0,3.0,2381.0,86.0,0.0,0.0,0.0,13.8,11.25,0.0,0.8209260027276489,2.549392309348516,2491.873509813511,6008.6505590862935,0.31152381818846786,26.783055555555553
137.0,59143.6,52.3409235,-2.0834448,96.264,17.97,103.3,0.04,0.1,11.09998,95.69,95.65999,96.2,95.28,-0.5,95.65,-0.03978014,0.0,0.0,6.0,3.0,2371.0,86.0,0.0,0.0,0.0,13.8,11.25,0.0,0.8249797525490484,2.5435574316071796,2492.6984895660603,6011.1941165179005,0.313635666583381,26.74
137.0,59143.7,52.340946300000006,-2.0834327000000004,96.307,17.982,103.31,0.05,0.1,11.09998,95.69,95.45999,95.81999,95.09,-0.8999939,95.59,-0.03978014,0.0,0.0,6.0,3.0,2360.0,86.0,0.0,0.0,0.0,13.8,11.25,0.0,0.8258812026080732,2.5445206925401616,2493.524370768668,6013.738637210441,0.3138451060936203,26.751944444444444
137.0,59143.8,52.340969,-2.0834204,95.839,18.201,103.31,0.04,0.1,11.09998,95.53999,95.37,95.73,95.15999,-0.8999939,95.47,-0.03978014,0.0,0.0,6.0,3.0,2347.0,86.0,0.0,0.0,0.0,13.8,11.25,0.0,0.8315404242994925,2.528995805213343,2494.3559111929676,6016.267633015655,0.31766737715548793,26.621944444444445
137.0,59143.9,52.3409919,-2.0834085,96.037,17.869,103.3,0.03,0.1,11.09998,95.34999,95.17,95.56999,94.8,-1.100006,95.23,-0.02958012,-0.009180069,0.0,6.0,3.0,2326.0,86.0,0.0,0.0,0.0,13.8,11.25,0.0,0.8185599270044238,2.539006359744352,2495.174471119972,6018.806639375399,0.31187288403886676,26.676944444444445
137.0,59144.0,52.3410146,-2.0833962,95.85,18.175,103.31,0.04,0.1,11.09998,95.15999,95.17,95.48,94.7,-0.8999939,95.17,-0.03978014,-0.01938009,0.0,6.0,3.0,2323.0,86.0,0.0,0.0,0.0,13.8,11.25,0.0,0.8304880258367003,2.529663196740202,2496.0049591458087,6021.336302572139,0.3172135915499694,26.624999999999996
137.0,59144.1,52.3410371,-2.0833837,95.519,18.635,103.31,0.03,0.1,11.09998,95.12999,95.09,95.33,94.42,-0.6999816999999999,94.98,-0.03978014,-0.009180069,0.0,6.0,3.0,2305.0,86.0,0.0,0.0,0.0,13.8,11.25,0.0,0.847832503896316,2.5142017453814005,2496.852791649705,6023.850504317521,0.32524210610914334,26.533055555555556
137.0,59144.2,52.3410597,-2.0833715,95.332,18.404,103.31,0.03,0.1,11.09998,94.87,94.67,95.15999,94.51999,-0.7999878,94.95,-0.03978014,0.0,0.0,6.0,3.0,2296.0,86.0,0.0,0.0,0.0,13.8,11.25,0.0,0.8360491414987137,2.5126707483849504,2497.688840791204,6026.363175065906,0.3212103955370364,26.481111111111108
137.0,59144.3,52.3410823,-2.0833591,95.292,18.633,103.33,0.05,0.1,11.09998,94.69,94.56999,95.20999,94.33,-0.7999878,94.65,-0.03978014,-0.009180069,0.0,6.0,3.0,2298.0,86.0,0.0,0.0,0.0,13.8,11.25,0.0,0.8457300838240425,2.5082562917921645,2498.534570875028,6028.871431357698,0.32520719952410343,26.47
137.0,59144.4,52.3411048,-2.0833466,95.18,18.732,103.34,0.06,0.1,11.09998,94.51999,94.34,94.89999,94.28,-0.6000061,94.48,-0.03978014,-0.01938009,0.0,6.0,3.0,2281.0,86.0,0.0,0.0,0.0,13.7,11.25,0.0,0.8490636665996192,2.503844912699374,2499.3836345416275,6031.375276270398,0.3269350754835778,26.43888888888889
137.0,59144.5,52.3411272,-2.0833342,94.838,18.755,103.33,0.04,0.1,11.09998,94.3,94.26999,94.72,94.12999,-0.5,94.32999,-0.03978014,-0.009180069,0.0,6.0,3.0,2278.0,86.0,0.0,0.0,0.0,13.8,11.25,0.0,0.8470142459856747,2.4945083052574817,2500.230648787613,6033.869784575655,0.3273365012115365,26.343888888888888
137.0,59144.6,52.3411496,-2.0833215,94.932,18.972,103.34,0.05,0.1,11.09998,94.28,94.08,94.48999,93.94,-0.8999939,94.24,-0.03978014,-0.009180069,0.0,6.0,3.0,2282.0,86.0,0.0,0.0,0.0,13.8,11.25,0.0,0.8573046487224151,2.493751739704443,2501.0879534363353,6036.36353631536,0.3311238656883642,26.37
137.0,59144.7,52.3411719,-2.0833089,94.669,19.038,103.34,0.03,0.1,11.09998,94.11,93.94,94.34999,93.78999,-0.7999878,94.15,-0.03978014,0.0,0.0,6.0,3.0,2269.0,86.0,0.0,0.0,0.0,13.8,11.25,0.0,0.8577936381201936,2.485856581853124,2501.9457470744555,6038.849392897213,0.33227578299468047,26.296944444444442
137.0,59144.8,52.3411941,-2.0832964,94.334,18.971,103.34,0.03,0.1,11.20001,94.0,93.78,94.25,93.59,-0.8999939,94.02,-0.03978014,-0.009180069,0.0,6.0,3.0,2265.0,86.0,0.0,0.0,0.0,13.8,11.25,0.0,0.8518610258964332,2.478057852749008,2502.797608100352,6041.327450749962,0.33110641239584426,26.20388888888889
137.0,59144.9,52.3412164,-2.0832836,94.504,19.31,103.34,0.03,0.1,11.20001,93.75,93.64999,94.03,93.37999,-1.0,93.79,-0.03978014,-0.01938009,0.0,6.0,3.0,2270.0,86.0,0.0,0.0,0.0,13.8,11.25,0.0,0.8680694111740902,2.4774308957189666,2503.665677511526,6043.804881645681,0.337023078560105,26.25111111111111
137.0,59145.0,52.3412386,-2.0832710000000003,94.18,19.285,103.34,0.03,0.1,11.29999,93.70999,93.64,94.19,93.36,-0.7999878,93.71,-0.04997993,-0.009180069,0.0,6.0,3.0,2258.0,86.0,0.0,0.0,0.0,13.8,11.25,0.0,0.8640159397673831,2.469314439577694,2504.5296934512935,6046.274196085259,0.33658674624710644,26.16111111111111
137.0,59145.1,52.34126070000001,-2.0832582,93.949,19.469,103.35,0.04,0.1,11.29999,93.45999,93.34,93.75,93.09,-0.8999939,93.52,-0.03978014,0.0,0.0,6.0,3.0,2254.0,86.0,0.0,0.0,0.0,13.8,11.25,3.5,0.8698027871421922,2.460477231116734,2505.399496238436,6048.734673316376,0.339798152070776,26.096944444444443
137.0,59145.2,52.3412828,-2.0832455,93.798,19.535,103.36,0.05,0.1,11.29999,93.40999,93.12,93.83,93.12999,-1.0,93.25999,-0.03978014,0.0,0.0,6.0,3.0,2294.0,86.0,0.0,0.0,0.0,13.8,11.25,8.5,0.8712339264043832,2.4555206567003265,2506.27073016484,6051.190193973076,0.34095006937709227,26.055
137.0,59145.3,52.3413048,-2.0832326,93.733,19.596,103.38,0.06,0.1,11.29999,93.26999,93.2,93.47,92.75,-1.100006,93.27,-0.02958012,-0.009180069,0.0,6.0,3.0,2332.0,86.0,0.0,0.0,0.0,13.8,11.25,12.0,0.8732421465896465,2.452890725949766,2507.14397231143,6053.643084699026,0.3420147202208088,26.036944444444444
137.0,59145.4,52.3413268,-2.0832198,93.658,19.703,103.37,0.05,0.1,11.29999,93.25,93.12999,93.55,92.73999,-0.7999878,93.24,-0.01938009,-0.01938009,0.0,6.0,3.0,2340.0,86.0,0.0,0.0,0.0,13.8,11.25,14.5,0.8771190157686972,2.449294307680019,2508.0210913271985,6056.092379006706,0.34388222252044276,26.016111111111112
137.0,59145.5,52.3413488,-2.0832068,93.535,19.866,103.38,0.05,0.1,11.29999,93.2,93.23,93.44,92.7,-0.8999939,93.18999,0.0,-0.009180069,0.0,6.0,3.0,2343.0,86.0,0.0,0.0,0.0,13.8,11.25,16.5,0.8829223648633007,2.4435757546608152,2508.9040136920617,6058.535954761367,0.3467271092011935,25.981944444444444
137.0,59145.6,52.3413707,-2.0831937,93.65,20.051,103.38,0.05,0.1,11.29999,93.3,93.12,93.34999,92.59999,-0.7999878,93.21,0.0,-0.009180069,0.0,6.0,3.0,2370.0,86.0,0.0,0.0,0.0,13.8,11.25,18.0,0.8919029464078584,2.4437130120829553,2509.7959166384694,6060.97966777345,0.349955968317383,26.01388888888889
137.0,59145.7,52.34139259999999,-2.0831806000000004,93.456,20.079,103.37,0.03,0.1,11.20001,93.26999,93.12999,93.37999,92.81,-0.8999939,93.25,0.0,-0.01938009,0.0,6.0,3.0,2448.0,86.0,0.0,0.0,0.0,13.8,11.25,19.5,0.8912469743718896,2.438215501278128,2510.6871636128412,6063.417883274728,0.35044466050794143,25.96
137.0,59145.8,52.3414145,-2.0831673,93.521,20.379,103.39,0.05,0.1,11.0,93.25,93.12,93.31999,92.48,-0.8999939,93.17,0.0,-0.009180069,0.0,6.0,3.0,2510.0,86.0,0.0,-0.230011,0.0,13.8,11.25,20.0,0.9046299114453416,2.4352080871649764,2511.5917935242865,6065.853091361893,0.3556806482639244,25.978055555555557
137.0,59145.9,52.34143649999999,-2.0831541,93.676,20.322,103.39,0.04,0.1,10.89996,93.31999,93.09999,93.51999,92.84,-0.8999939,93.27,0.0,0.0,0.0,6.0,3.0,2567.0,86.0,0.0,0.0,0.0,13.8,11.25,20.0,0.9037021285833486,2.4401444009242215,2512.49549565287,6068.293235762818,0.35468581059028764,26.02111111111111
137.0,59146.0,52.3414583,-2.0831408,93.391,20.369,103.38,0.03,0.1,10.70001,93.34,93.28999,93.45,92.78,-0.8999939,93.25,0.0,-0.009180069,0.0,6.0,3.0,2569.0,86.0,0.0,0.0,0.0,13.8,11.25,20.5,0.902947972730059,2.431980627827676,2513.3984436256,6070.725216390646,0.355506115338725,25.941944444444445
137.0,59146.1,52.3414801,-2.0831273,93.51,20.683000000000003,103.39,0.04,0.1,9.399963,93.39,93.20999,93.44,92.73999,-0.6999816999999999,93.35,0.009180069,0.0,0.0,6.0,3.0,2584.0,86.0,0.0,0.0,0.0,13.8,11.25,20.5,0.9174299254311991,2.430088183980842,2514.3158735510315,6073.155304574627,0.36098644918998724,25.975
137.0,59146.2,52.341502,-2.0831139,93.406,20.555,103.4,0.04,0.1,8.200012,93.26999,93.31,93.55,93.03,-0.1999817,93.29,0.009180069,0.01937985,0.0,6.0,3.0,2562.0,86.0,0.0,0.0,0.0,13.8,11.25,20.5,0.9109844641954888,2.429426706837581,2515.2268580152268,6075.584731281464,0.35875242774743443,25.94611111111111
137.0,59146.3,52.3415239,-2.0831005,93.694,20.627,103.4,0.04,0.1,8.0,93.39,93.33,93.50999,92.75999,0.2000122,93.36,0.009180069,0.02957988,0.0,6.0,3.0,2516.0,86.0,0.0,0.0,0.0,13.8,11.25,20.5,0.9168549134813342,2.435767161143312,2516.1437129287083,6078.020498442607,0.36000906480887035,26.02611111111111
137.0,59146.4,52.341545700000005,-2.0830869,93.712,20.789,103.42,0.05,0.1,8.200012,93.45999,93.50999,93.5,93.00999,0.2000122,93.41,0.009180069,0.0397799,0.0,6.0,3.0,2490.0,86.0,0.0,0.0,0.0,13.8,11.25,23.5,0.9239156726029951,2.4336325291030856,2517.0676286013113,6080.454130971711,0.3628364981971012,26.031111111111112
137.0,59146.5,52.3415675,-2.0830733,93.553,20.866,103.42,0.05,0.1,8.200012,93.64,93.64999,93.64999,93.03999,0.2000122,93.53,0.009180069,0.04997993,0.0,6.0,3.0,2466.0,86.0,0.0,0.0,0.0,13.7,11.25,25.0,0.9256122605254573,2.428261674274701,2517.993240861837,6082.882392645985,0.3641804017211368,25.986944444444443
137.0,59146.6,52.3415894,-2.0830597,93.683,20.805,103.44,0.06,0.1,8.200012,93.62999,93.61,93.73999,93.09,0.1000061,93.68,0.01937985,0.0397799,0.0,6.0,3.0,2506.0,86.0,0.0,0.0,0.0,13.8,11.25,25.5,0.9243091108747477,2.4326213992377124,2518.9175499727116,6085.3150140452235,0.36311575087742026,26.02305555555556
137.0,59146.7,52.3416113,-2.0830462,93.802,20.651,103.44,0.06,0.1,8.200012,93.62,93.75,93.87,93.34999,0.0,93.61,0.02957988,0.02957988,0.0,6.0,3.0,2570.0,86.0,0.0,0.0,0.0,13.8,11.25,26.0,0.9189331489153881,2.438190134130259,2519.836483121627,6087.753204179354,0.360427943829349,26.05611111111111
137.0,59146.8,52.3416333,-2.0830326,94.136,20.752,103.45,0.06,0.1,8.299988,93.81,93.81,93.90999,93.23,0.0,93.8,0.02957988,0.01937985,0.0,6.0,3.0,2588.0,86.0,0.0,0.0,0.0,13.7,11.25,26.5,0.9265170543169003,2.4452423293601195,2520.763000175944,6090.198446508714,0.36219072637386324,26.148888888888887
137.0,59146.9,52.3416553,-2.083019,94.198,20.744,103.45,0.05,0.1,8.899963,93.94,93.92,93.84,93.36,-0.1000061,94.00999,0.01937985,0.01937985,0.0,6.0,3.0,2600.0,86.0,0.0,0.0,0.0,13.7,11.25,29.0,0.9267856242924432,2.4469822462361654,2521.689785800236,6092.64542875495,0.3620511000337037,26.166111111111107
137.0,59147.0,52.3416773,-2.0830055,94.057,20.642,103.44,0.04,0.1,9.599976,94.15999,94.06999,94.15999,93.61,-0.3999939,94.02,0.02957988,0.01937985,0.0,6.0,3.0,2594.0,86.0,0.0,0.0,0.0,13.8,11.25,30.0,0.9210472189285493,2.4449630427748494,2522.6108330191646,6095.090391797726,0.3602708641966695,26.126944444444444
137.0,59147.1,52.3416993,-2.0829917,94.241,20.929,103.46,0.05,0.1,9.799988,94.25999,94.14,94.39999,93.67,-0.2999877999999999,94.18,0.0397799,0.009180069,0.0,6.0,3.0,2596.0,86.0,0.0,0.0,0.0,13.7,11.25,30.0,0.9351084088366722,2.4450926752212236,2523.5459414280012,6097.535484472947,0.3652799591498932,26.178055555555556
137.0,59147.2,52.3417213,-2.0829781,94.338,20.791,103.47,0.06,0.1,10.0,94.31999,94.31999,94.34999,93.84,-0.2999877999999999,94.23,0.0397799,0.0,0.0,6.0,3.0,2591.0,86.0,0.0,0.0,0.0,13.8,11.25,30.0,0.9301729838572389,2.4498568264496847,2524.4761144118584,6099.985341299397,0.3628714047821411,26.205
137.0,59147.3,52.3417434,-2.0829643,94.705,20.933000000000003,103.47,0.06,0.1,10.70001,94.51999,94.5,94.59999,93.95,-0.3999939,94.5,0.0397799,0.009180069,0.0,6.0,3.0,2567.0,86.0,0.0,0.0,0.0,13.8,11.25,26.0,0.9398839969373486,2.457065593819575,2525.4159984087955,6102.442406893217,0.36534977231997307,26.306944444444444
137.0,59147.4,52.3417654,-2.0829506,94.576,20.922,103.47,0.05,0.1,11.0,94.67,94.72,94.73,94.25999,-0.8999939,94.61,0.0397799,0.0,0.0,6.0,3.0,2568.0,86.0,0.0,0.0,0.0,13.8,11.25,19.5,0.9381326604457,2.4538989183600304,2526.3541310692412,6104.896305811577,0.36515778610225363,26.271111111111107
137.0,59147.5,52.3417875,-2.0829366,94.835,21.065,103.49,0.07,0.1,11.0,94.83,94.67999,94.73999,93.95,-1.100006,94.9,0.0397799,0.0,0.0,6.0,3.0,2535.0,86.0,0.0,0.0,0.0,13.8,11.25,12.5,0.9468401006290741,2.458263530191909,2527.3009711698705,6107.354569341769,0.3676536069326055,26.34305555555555
137.0,59147.6,52.341809600000005,-2.0829228,94.853,21.08,103.5,0.07,0.1,11.0,94.69,94.62999,95.20999,94.62,-0.6999816999999999,94.68999,0.0397799,0.0,0.0,6.0,3.0,2483.0,86.0,0.0,-0.230011,0.0,13.8,11.25,5.5,0.9476634756232649,2.4584821033629782,2528.248634645494,6109.813051445132,0.36791540632040465,26.348055555555554
137.0,59147.7,52.3418318,-2.0829087,95.303,21.185,103.51,0.08,0.1,11.0,94.87,94.75,94.98999,94.22,-0.6000061,94.75,0.01937985,-0.009180069,0.0,6.0,3.0,2442.0,86.0,0.0,0.0,0.0,13.8,11.25,4.0,0.9566845414977072,2.4683965225495337,2529.205319186992,6112.281447967682,0.3697480020349987,26.473055555555554
137.0,59147.8,52.341854,-2.0828947,95.18,21.146,103.5,0.06,0.1,11.0,94.81,94.64,95.06,94.19,-0.8999939,94.82,0.0,0.0,0.0,6.0,3.0,2399.0,86.0,0.0,0.0,0.0,13.8,11.25,3.5,0.9537715879244726,2.4658605424593976,2530.1590907749164,6114.747308510141,0.36906732362672096,26.43888888888889
137.0,59147.9,52.3418761,-2.0828806,95.188,21.346,103.51,0.06,0.1,11.0,94.86,94.73999,94.97,94.39,-1.0,94.68999,0.0,0.0,0.0,6.0,3.0,2354.0,86.0,0.0,0.0,0.0,13.8,11.25,3.5,0.962454125507845,2.462723213070069,2531.1215449004244,6117.210031723211,0.37255798213070956,26.441111111111113
137.0,59148.0,52.34189820000001,-2.0828663,95.144,21.511,103.52,0.06,0.1,11.09998,94.73999,94.48,95.00999,94.06,-1.100006,94.67,-0.009180069,-0.01938009,0.0,6.0,3.0,2343.0,86.0,0.0,0.0,0.0,13.8,11.25,3.0,0.9690940942577907,2.458804245052261,2532.090638994682,6119.668835968263,0.3754377753965002,26.42888888888889
137.0,59148.1,52.3419202,-2.0828521,94.907,21.56,103.52,0.07,0.1,11.20001,94.62,94.47,94.87999,94.26999,-1.0,94.56,-0.01938009,-0.01938009,0.0,6.0,3.0,2340.0,86.0,0.0,0.0,0.0,13.7,11.25,0.5,0.9687773241033183,2.4518518467795523,2533.0594163187857,6122.120687815042,0.3762929867299774,26.363055555555555
137.0,59148.2,52.3419422,-2.0828377,94.849,21.792,103.53,0.06,0.1,11.20001,94.53,94.34,94.75,93.90999,-1.100006,94.5,-0.02958012,0.0,0.0,6.0,3.0,2341.0,86.0,0.0,0.0,0.0,13.8,11.25,0.0,0.9780991990053605,2.4464130420866166,2534.0375155177912,6124.567100857129,0.3803421505946043,26.346944444444446
137.0,59148.3,52.3419642,-2.0828236,94.741,21.592,103.52,0.05,0.1,11.20001,94.31,94.17,94.62,93.95,-0.8999939,94.27,-0.02958012,-0.009180069,0.0,6.0,3.0,2304.0,86.0,0.0,0.0,0.0,13.8,11.25,0.0,0.968449680759317,2.447022857424289,2535.0059651985507,6127.0141237145535,0.37685149209061564,26.316944444444445
137.0,59148.4,52.3419861,-2.0828091,94.684,21.913,103.53,0.05,0.1,11.20001,94.17999,93.98999,94.40999,93.64,-0.8999939,94.07,-0.02958012,-0.009180069,0.0,6.0,3.0,2304.0,86.0,0.0,0.0,0.0,13.8,11.25,0.0,0.9815529753347608,2.4400897961758705,2535.9875181738853,6129.4542135107295,0.38245399898951743,26.30111111111111
137.0,59148.5,52.3420079,-2.0827946,94.468,22.031,103.54,0.07,0.1,11.09998,93.83,93.70999,94.31,93.48999,-0.6999816999999999,93.87,-0.03978014,0.0,0.0,6.0,3.0,2318.0,86.0,0.0,0.0,0.0,13.8,11.25,0.0,0.9843255779147132,2.43250123948985,2536.9718437518,6131.88671475022,0.3845134875068707,26.24111111111111
137.0,59148.6,52.34202990000001,-2.0827804,94.586,21.802,103.53,0.05,0.1,10.0,93.84999,93.70999,94.05,93.44,-0.7999878,93.72,-0.04997993,0.0,0.0,6.0,3.0,2329.0,86.0,0.0,0.0,0.0,13.8,11.25,0.0,0.9758128786028412,2.4394592842287053,2537.947656630403,6134.326174034449,0.3805166835198037,26.273888888888887
137.0,59148.7,52.3420516,-2.0827657,94.165,22.249,103.55,0.06,0.1,9.799988,93.59,93.48999,93.84999,93.01999,-0.3999939,93.62,-0.03978014,0.009180069,0.0,6.0,3.0,2327.0,86.0,0.0,0.0,0.0,13.8,11.25,0.0,0.9903868314348707,2.4209484403468675,2538.938043461838,6136.747122474796,0.38831830527621836,26.156944444444445
137.0,59148.8,52.3420732,-2.0827511,93.892,22.47,103.55,0.06,0.1,9.899963,93.39999,93.44,93.67,93.17,-0.3999939,93.42,-0.04997993,0.009180069,0.0,6.0,3.0,2313.0,86.0,0.0,0.0,0.0,13.8,11.25,0.0,0.9968191218464757,2.4101027376903366,2539.934862583684,6139.157225212486,0.3921754829231258,26.08111111111111
137.0,59148.9,52.3420949,-2.0827364,93.827,22.565,103.57,0.07,0.1,9.899963,93.33,93.23999,93.5,92.73,-0.6000061,93.31,-0.03978014,0.01937985,0.0,6.0,3.0,2309.0,86.0,0.0,0.0,0.0,13.8,11.25,0.0,1.000121003300403,2.4067793059765883,2540.934983586985,6141.564004518463,0.3938335457125205,26.063055555555554
137.0,59149.0,52.34211630000001,-2.0827214,93.38,22.971,103.6,0.1,0.1,9.899963,93.17,93.09,93.39999,92.70999,-0.7999878,93.12,-0.03978014,0.01937985,0.0,6.0,3.0,2305.0,85.0,0.0,0.0,0.0,13.8,11.25,2.5,1.012304485812664,2.388199990768108,2541.9472880727976,6143.952204509231,0.40091958247561743,25.938888888888886
137.0,59149.1,52.3421378,-2.0827068,93.348,22.691,103.61,0.09,0.1,9.899963,93.06999,92.97,93.23,92.67,-0.5,92.93999,-0.03978014,0.009180069,0.0,6.0,3.0,2335.0,86.0,0.0,-0.230011,0.0,13.8,11.25,7.0,1.0002785987320506,2.3922984188680654,2542.94756667153,6146.344502928099,0.3960326605700333,25.93
137.0,59149.2,52.3421593,-2.0826921,93.244,22.757,103.62,0.1,0.1,9.899963,92.92,92.76999,93.15999,92.3,-0.6000061,92.85,-0.01938009,0.0,0.0,6.0,3.0,2334.0,86.0,0.0,0.0,0.0,13.7,11.25,10.0,1.0019161739540994,2.3884805940744864,2543.949482845484,6148.7329835221735,0.3971845778763496,25.90111111111111
137.0,59149.3,52.3421809,-2.0826778,93.344,22.337,103.62,0.09,0.1,10.39996,92.75,92.73999,93.06,92.53999,-0.5,92.74,-0.009180069,0.0,0.0,6.0,3.0,2305.0,85.0,0.0,0.0,0.0,13.8,11.25,12.0,0.9854366392513729,2.398330131600822,2544.9349194847355,6151.131313653775,0.38985419501797336,25.928888888888885
137.0,59149.4,52.3422022,-2.0826627,92.992,23.079,103.65,0.11,0.1,10.89996,92.78999,92.62999,92.97,92.17999,-0.7999878,92.71,-0.009180069,0.0,0.0,6.0,3.0,2303.0,85.0,0.0,0.0,0.0,13.7,11.25,13.0,1.0125794472501457,2.3763724193299898,2545.9474989319856,6153.507686073105,0.40280453806777133,25.831111111111113
137.0,59149.5,52.3422236,-2.0826480000000003,93.283,22.791,103.65,0.1,0.1,11.0,92.75999,92.72,92.90999,92.15999,-1.0,92.71,-0.009180069,0.0,0.0,6.0,3.0,2302.0,85.0,0.0,0.0,0.0,13.8,11.25,13.0,1.0037530020549432,2.388884375558064,2546.9512519340406,6155.896570448664,0.39777798982202767,25.911944444444444
137.0,59149.6,52.342245000000005,-2.0826333,92.948,22.892,103.67,0.11,0.1,10.89996,92.84,92.72,92.84999,92.22,-1.0,92.75,0.0,0.0,0.0,6.0,3.0,2298.0,85.0,0.0,0.0,0.0,13.8,11.25,13.0,1.004342706416405,2.378538619118065,2547.955594640457,6158.275109067782,0.3995407723665419,25.818888888888885
137.0,59149.7,52.342266300000006,-2.0826184,92.797,23.085,103.67,0.09,0.1,10.89996,92.78,92.62,93.12,92.11,-1.100006,92.73,0.0,-0.009180069,0.0,6.0,3.0,2297.0,85.0,0.0,0.0,0.0,13.8,11.25,13.0,1.0107044399071234,2.371283446590007,2548.966299080364,6160.646392514372,0.402909257822891,25.776944444444442
137.0,59149.8,52.3422878,-2.0826037,93.24,22.938,103.68,0.1,0.1,10.59998,92.84999,92.65999,92.95999,92.31,-0.7999878,92.67,0.0,-0.009180069,0.0,6.0,3.0,2307.0,85.0,0.0,0.0,0.0,13.8,11.25,13.0,1.009413178130905,2.3852012568786862,2549.975712258495,6163.03159377125,0.4003436238224593,25.9
137.0,59149.9,52.342309,-2.0825886,92.988,23.356,103.69,0.1,0.1,10.39996,92.81,92.64999,92.78,92.12,-0.7999878,92.81,0.0,-0.01938009,0.0,6.0,3.0,2310.0,85.0,0.0,0.0,0.0,13.8,11.25,13.0,1.0240122396562858,2.3713472822499275,2550.9997244981514,6165.4029410535,0.4076391000957956,25.83
137.0,59150.0,52.3423303,-2.0825737,92.837,23.275,103.67,0.07,0.1,10.5,92.62999,92.61,92.89999,92.17,-0.8999939,92.73,0.0,0.0,0.0,6.0,3.0,2305.0,85.0,0.0,0.0,0.0,13.8,11.25,13.0,1.019001391676521,2.368939479413839,2552.018725889828,6167.771880532914,0.4062253834016802,25.788055555555555
137.0,59150.1,52.3423516,-2.0825583,92.952,23.729,103.71,0.1,0.1,10.5,92.69,92.62999,92.92,92.37,-0.7999878,92.63,0.0,0.0,0.0,6.0,3.0,2295.0,85.0,0.0,0.0,0.0,13.8,11.25,13.0,1.039025676147304,2.363715220644534,2553.0577515659757,6170.135595753559,0.41414917820573444,25.82
137.0,59150.2,52.3423729,-2.0825434,93.089,23.277,103.71,0.1,0.1,10.39996,92.59,92.5,92.98999,92.08,-0.7999878,92.6,0.0,0.009180069,0.0,6.0,3.0,2294.0,85.0,0.0,0.0,0.0,13.8,11.25,10.5,1.0218503201219578,2.3753341437382294,2554.0796018860974,6172.5109298972975,0.4062602899867201,25.858055555555556
137.0,59150.3,52.3423941,-2.0825280000000004,93.013,23.808000000000003,103.73,0.11,0.1,10.20001,92.62,92.59999,92.87999,92.28,-0.8999939,92.52,0.0,0.0,0.0,6.0,3.0,2291.0,85.0,0.0,0.0,0.0,13.8,11.25,6.0,1.0429678034494312,2.3638306079795472,2555.1225696895467,6174.874760505277,0.41552798831481,25.836944444444445
137.0,59150.4,52.3424153,-2.0825126000000003,92.891,23.949,103.76,0.12,0.1,10.09998,92.62999,92.45,92.75,91.98999,-0.7999878,92.62,0.0,0.0,0.0,6.0,3.0,2301.0,85.0,0.0,0.0,0.0,13.8,11.25,6.0,1.0474061948129751,2.3581596687031747,2556.1699758843597,6177.23292017398,0.417988902560122,25.803055555555556
137.0,59150.5,52.342436600000006,-2.0824973,92.974,23.83,103.77,0.11,0.1,10.09998,92.50999,92.44,92.75999,92.0,-0.6000061,92.49,-0.009180069,0.0,0.0,6.0,3.0,2300.0,85.0,0.0,0.0,0.0,13.7,11.25,6.0,1.043437679332242,2.362438985579165,2557.213413563692,6179.59535915956,0.4159119607502487,25.82611111111111
137.0,59150.6,52.3424577,-2.0824818,92.743,24.105,103.77,0.1,0.1,10.09998,92.59999,92.45999,92.67,92.12999,-0.5,92.48,-0.009180069,0.0,0.0,6.0,3.0,2298.0,85.0,0.0,0.0,0.0,13.8,11.25,6.0,1.0521438786851243,2.3515465281664834,2558.265557442377,6181.946905687726,0.42071161619323316,25.761944444444442
137.0,59150.7,52.3424788,-2.0824665,92.689,24.02,103.79,0.11,0.1,10.0,92.45999,92.31,92.7,91.86,-0.8999939,92.43999,-0.009180069,0.0,0.0,6.0,3.0,2290.0,85.0,0.0,0.0,0.0,13.8,11.25,9.5,1.0480435493935498,2.351734721610338,2559.3136009917707,6184.298640409336,0.41922808632903796,25.74694444444444
137.0,59150.8,52.3424999,-2.0824511,92.696,24.042,103.77,0.09,0.1,10.0,92.36,92.23999,92.59,92.06999,-0.8999939,92.28,-0.009180069,0.0,0.0,6.0,3.0,2289.0,85.0,0.0,0.0,0.0,13.8,11.25,10.0,1.0490256912926053,2.351509704239285,2560.3626266830634,6186.650150113575,0.4196120587644767,25.74888888888889
137.0,59150.9,52.3425211,-2.0824355000000003,92.808,24.281,103.82,0.13,0.1,10.0,92.34999,92.17999,92.56999,91.92,-0.6000061,92.3,-0.009180069,0.0,0.0,6.0,3.0,2290.0,85.0,0.0,0.0,0.0,13.8,11.25,12.0,1.060104802081431,2.3499493204330792,2561.4227314851446,6189.000099434008,0.4237833956767431,25.78
137.0,59151.0,52.342542,-2.0824198,92.326,24.556,103.83,0.13,0.1,10.09998,92.20999,92.14999,92.5,91.75999,-0.6999816999999999,92.24,0.0,0.0,0.0,6.0,3.0,2295.0,85.0,0.0,0.0,0.0,13.8,11.25,15.0,1.0658073082615358,2.3326561968903317,2562.488538793406,6191.332755630899,0.42858305111972755,25.646111111111107
137.0,59151.1,52.3425631,-2.0824042,92.718,24.405,103.85,0.13,0.1,10.09998,92.25,92.2,92.37999,91.89,-0.7999878,92.21,0.0,0.0,0.0,6.0,3.0,2294.0,85.0,0.0,0.0,0.0,13.8,11.25,16.5,1.0641551354623822,2.345372912282616,2563.5526939288684,6193.678128543182,0.42594760394921616,25.755
137.0,59151.2,52.3425841,-2.0823885,92.61,24.53,103.86,0.12,0.1,10.20001,92.34999,92.19,92.53999,91.61,-0.7999878,92.23,0.0,0.0,0.0,6.0,3.0,2292.0,85.0,0.0,0.0,0.0,13.8,11.25,17.5,1.0680238999199685,2.340316474154669,2564.620717828788,6196.0184450173365,0.42812926551420905,25.724999999999998
137.0,59151.3,52.3426051,-2.0823728,92.423,24.566,103.88,0.13,0.1,10.20001,92.3,92.28999,92.39,91.81,-0.8999939,92.23,0.0,0.0,0.0,6.0,3.0,2289.0,85.0,0.0,0.0,0.0,13.8,11.25,20.0,1.0673346088147304,2.3349206942448233,2565.688052437603,6198.353365711581,0.428757584044927,25.673055555555557
137.0,59151.4,52.342626,-2.0823572,92.243,24.592,103.87,0.1,0.1,10.20001,92.44,92.28,92.48,91.84,-0.8999939,92.35,0.009180069,0.0,0.0,6.0,3.0,2302.0,85.0,0.0,0.0,0.0,13.8,11.25,22.5,1.066313283111474,2.3298896416549204,2566.7543657207143,6200.683255353236,0.4292113696504455,25.623055555555553
137.0,59151.5,52.34264699999999,-2.0823413,92.686,24.755,103.89,0.12,0.1,10.20001,92.31999,92.33,92.45999,91.75,-0.6999816999999999,92.39,0.009180069,0.0,0.0,6.0,3.0,2297.0,85.0,0.0,0.0,0.0,13.7,11.25,24.0,1.0780900470035208,2.338021433607643,2567.832455767718,6203.021276786843,0.43205625633119626,25.746111111111112
137.0,59151.6,52.3426679,-2.0823254,92.408,25.023000000000003,103.91,0.13,0.1,10.20001,92.48999,92.44,92.55,92.03999,-0.7999878,92.37,0.01937985,0.0,0.0,6.0,3.0,2306.0,85.0,0.0,0.0,0.0,13.8,11.25,24.5,1.085747906230394,2.325955728731213,2568.9182036739485,6205.347232515574,0.43673373872654114,25.668888888888887
137.0,59151.7,52.342688800000005,-2.0823094,92.628,25.073,103.93,0.13,0.1,10.20001,92.62999,92.47,92.67,91.81999,-0.6999816999999999,92.45,0.02957988,0.0,0.0,6.0,3.0,2319.0,85.0,0.0,0.0,0.0,13.7,11.25,24.5,1.0903669935037343,2.330542601944369,2570.008570667452,6207.677775117519,0.43760640335253825,25.73
137.0,59151.8,52.3427098,-2.0822933,92.819,25.143,103.95,0.14,0.1,10.20001,92.65999,92.67999,92.55,92.06999,-0.6000061,92.6,0.0397799,0.0,0.0,6.0,3.0,2328.0,85.0,0.0,0.0,0.0,13.8,11.25,24.5,1.0954676927049813,2.3340115835291537,2571.104038360157,6210.011786701048,0.43882813382893426,25.783055555555556
137.0,59151.9,52.342730800000005,-2.0822772,92.848,25.156,103.97,0.15,0.1,10.20001,92.87,92.8,92.92,92.31,-0.6000061,92.84,0.0397799,0.0,0.0,6.0,3.0,2300.0,85.0,0.0,0.0,0.0,13.7,11.25,24.5,1.0963396639592957,2.3344921213588212,2572.2003780241166,6212.346278822406,0.43905502663169355,25.79111111111111
137.0,59152.0,52.3427518,-2.0822609,93.082,25.37,103.98,0.13,0.1,10.20001,93.03,92.95999,92.94,92.2,-0.6999816999999999,92.97,0.0397799,0.0,0.0,6.0,3.0,2307.0,85.0,0.0,-0.230011,0.0,13.7,11.25,24.5,1.1078363389751933,2.3362541522589693,2573.308214363092,6214.682532974665,0.44279003123096145,25.856111111111108
137.0,59152.1,52.3427728,-2.0822446,93.121,25.382,104.0,0.14,0.1,10.39996,93.15999,93.05,93.17999,92.72,-0.6999816999999999,93.00999,0.04997993,0.0,0.0,6.0,3.0,2306.0,85.0,0.0,0.0,0.0,13.8,11.25,22.0,1.1087899908640029,2.3370008354897003,2574.4170043539557,6217.019533810155,0.4429994707412008,25.866944444444442
137.0,59152.2,52.3427938,-2.0822282,93.308,25.493,104.01,0.13,0.1,10.79999,93.25999,93.22,93.36,92.58,-1.100006,93.22,0.0397799,0.0,0.0,6.0,3.0,2309.0,85.0,0.0,0.0,0.0,13.8,11.25,9.0,1.1155511083121732,2.3395370775196453,2575.5325554622677,6219.3590708876745,0.4449367862109144,25.91888888888889
137.0,59152.3,52.3428148,-2.0822118,93.344,25.614,104.02,0.13,0.1,12.0,93.25,93.25,93.28999,92.7,-1.0,93.22,0.02957988,0.0,0.0,6.0,3.0,2311.0,85.0,0.0,0.0,0.0,13.8,11.25,3.0,1.1209216707324863,2.338077714321264,2576.6534771330003,6221.697148601996,0.4470486346058276,25.928888888888885
137.0,59152.4,52.3428359,-2.0821952,93.506,25.766,104.05,0.15,0.1,13.09998,93.34,93.14,93.62999,92.76999,-1.399994,93.29,0.01937985,-0.03978014,0.0,6.0,3.0,2315.0,85.0,0.0,0.0,0.0,13.8,11.25,0.0,1.1290765418863755,2.33914839261757,2577.7825536748865,6224.036296994614,0.4497015350688589,25.973888888888887
137.0,59152.5,52.3428569,-2.0821786,93.514,25.838,104.07,0.15,0.1,12.89996,93.28,93.15999,93.45999,92.59999,-1.799988,93.24,0.0,-0.03978014,0.0,6.0,3.0,2309.0,85.0,0.0,0.0,0.0,13.8,11.25,0.0,1.132111960884921,2.3379277132942327,2578.9146656357716,6226.374224707908,0.4509581721302949,25.97611111111111
137.0,59152.6,52.3428778,-2.0821618,93.337,26.125,104.09,0.16,0.1,12.70001,93.22,92.97,93.50999,92.65999,-1.699982,93.16,0.0,-0.05915999,0.0,6.0,3.0,2311.0,85.0,0.0,0.0,0.0,13.8,11.25,0.0,1.141643650337513,2.3278131922250815,2580.056309286109,6228.702037900133,0.4559672670835186,25.926944444444445
137.0,59152.7,52.3428987,-2.0821449,93.46,26.278,104.12,0.17,0.1,12.59998,92.98,92.84999,93.5,92.56999,-1.600006,93.0,0.0,-0.04997993,0.0,6.0,3.0,2300.0,85.0,0.0,0.0,0.0,13.8,11.25,0.0,1.1493683075936378,2.3278198802170893,2581.2056775937026,6231.0298577803505,0.4586376208390699,25.96111111111111
137.0,59152.8,52.3429195,-2.0821279,93.427,26.455,104.12,0.15,0.1,12.70001,93.08,92.92999,93.25,92.45999,-1.600006,92.9,-0.01938009,-0.03978014,0.0,6.0,3.0,2309.0,85.0,0.0,0.0,0.0,13.8,11.25,0.0,1.1561456189839472,2.3234374345309012,2582.3618232126864,6233.353295214882,0.46172685361509985,25.951944444444447
137.0,59152.9,52.3429404,-2.0821109,93.272,26.41,104.14,0.15,0.1,12.59998,92.97,92.69,93.17,92.39,-1.799988,92.93999,-0.01938009,-0.03978014,0.0,6.0,3.0,2306.0,85.0,0.0,0.0,0.0,13.8,11.25,0.0,1.1524053645639387,2.320488549916193,2583.5142285772504,6235.673783764798,0.46094145545170245,25.90888888888889
137.0,59153.0,52.3429612,-2.0820937,93.269,26.812,104.15,0.14,0.1,12.29999,92.72,92.53,93.0,92.25999,-1.600006,92.74,-0.02958012,-0.03978014,0.0,6.0,3.0,2275.0,85.0,0.0,0.0,0.0,13.8,11.25,0.0,1.16862034395049,2.312271592698957,2584.6828489212007,6237.986055357497,0.46795767904471963,25.908055555555556
137.0,59153.1,52.3429818,-2.0820765,92.891,26.977,104.17,0.14,0.1,11.5,92.5,92.33,92.75999,92.26999,-1.399994,92.5,-0.03978014,-0.02958012,0.0,6.0,3.0,2285.0,85.0,0.0,0.0,0.0,13.8,11.25,0.0,1.1705112088073653,2.299539142977824,2585.8533601300082,6240.285594500475,0.47083747231051026,25.803055555555556
137.0,59153.2,52.3430025,-2.0820593,92.952,27.075,104.18,0.14,0.1,11.09998,92.26999,92.14999,92.73,91.90999,-1.0,92.24,-0.03978014,-0.009180069,0.0,6.0,3.0,2278.0,85.0,0.0,-0.230011,0.0,13.8,11.25,0.0,1.1752139158647743,2.2990424641484513,2587.028574045873,6242.584636964623,0.4725478949774647,25.82
137.0,59153.3,52.343023,-2.082042,92.657,27.245,104.21,0.15,0.1,10.79999,92.15999,92.06999,92.37999,91.67999,-1.0,92.00999,-0.03978014,-0.009180069,0.0,6.0,3.0,2281.0,85.0,0.0,0.0,0.0,13.8,11.25,0.0,1.1782787425951815,2.2882600906708483,2588.206852788468,6244.872897055294,0.4755149547058551,25.738055555555555
137.0,59153.4,52.3430435,-2.0820246,92.556,27.423,104.2,0.13,0.1,10.70001,92.06999,91.86,92.31999,91.62999,-1.100006,92.05,-0.04997993,0.0,0.0,6.0,3.0,2288.0,85.0,0.0,0.0,0.0,13.8,11.25,0.0,1.1840898349955518,2.2820982149461067,2589.3909426234636,6247.15499527024,0.47862164077440494,25.709999999999997
137.0,59153.5,52.3430639,-2.0820072,92.192,27.53,104.22,0.12,0.1,10.70001,91.84999,91.64999,91.94,91.23,-1.0,91.96,-0.04997993,-0.009180069,0.0,6.0,3.0,2282.0,85.0,0.0,0.0,0.0,13.8,11.25,0.0,1.1836761045126074,2.2709167269718247,2590.574618727976,6249.425911997212,0.48048914307403895,25.608888888888885
137.0,59153.6,52.3430843,-2.0819897000000003,92.25,27.61,104.24,0.13,0.1,10.70001,91.67999,91.56,92.08,91.62,-0.8999939,91.57,-0.03978014,-0.009180069,0.0,6.0,3.0,2267.0,85.0,0.0,0.0,0.0,13.8,11.25,0.0,1.1875924181495543,2.2706894323869338,2591.7622111461255,6251.6966014295995,0.4818854064756344,25.625
137.0,59153.7,52.3431046,-2.0819725,91.807,27.53,104.24,0.11,0.1,10.70001,91.51999,91.34999,91.89,91.09999,-1.0,91.47,-0.03978014,-0.009180069,0.0,6.0,3.0,2261.0,85.0,0.0,0.0,0.0,13.7,11.25,0.0,1.1787329933941009,2.2614332258016137,2592.9409441395196,6253.958034655401,0.48048914307403895,25.501944444444444
137.0,59153.8,52.34312490000001,-2.0819549,92.002,27.802,104.25,0.12,0.1,10.89996,91.33,91.26999,91.53,90.86,-0.8999939,91.34,-0.03978014,-0.009180069,0.0,6.0,3.0,2251.0,85.0,0.0,0.0,0.0,13.8,11.25,0.0,1.1919817907960957,2.260603362300671,2594.1329259303157,6256.218638017702,0.4852364386394635,25.556111111111107
137.0,59153.9,52.3431451,-2.0819374,91.548,27.989,104.27,0.12,0.1,12.09998,91.09,90.95999,91.51999,90.92,-1.199982,91.13,-0.03978014,-0.009180069,0.0,6.0,3.0,2251.0,85.0,0.0,0.0,0.0,13.8,11.25,0.0,1.1934350886509342,2.2455648931119176,2595.3263610189665,6258.464202910814,0.4885002043406929,25.43
137.0,59154.0,52.3431653,-2.0819201,91.642,27.707,104.27,0.11,0.1,13.5,90.90999,90.78999,91.33,90.5,-1.399994,90.9,-0.02958012,-0.01938009,0.0,6.0,3.0,2229.0,85.0,0.0,0.0,0.0,13.8,11.25,0.0,1.183582429580741,2.2537232663750215,2596.5099434485473,6260.717926177189,0.4835783758500689,25.45611111111111
137.0,59154.1,52.3431854,-2.0819026000000003,91.303,28.012,104.28,0.11,0.1,13.5,90.87999,90.65999,91.00999,90.22,-2.100006,90.66,-0.03978014,-0.03978014,0.0,6.0,3.0,2216.0,85.0,0.0,0.0,0.0,13.8,11.25,3.0,1.1911401467484732,2.2390773570457294,2597.701083595296,6262.957003534235,0.4889016300686516,25.361944444444443
137.0,59154.2,52.3432054,-2.0818847000000003,91.12,28.564,104.3,0.12,0.1,13.39996,90.78,90.40999,91.08,90.3,-2.100006,90.64,-0.03978014,-0.05915999,0.0,6.0,3.0,2246.0,85.0,0.0,0.0,0.0,13.8,11.25,10.0,1.210225746389388,2.2230333104941034,2598.9113093416854,6265.180036844729,0.4985358475396603,25.31111111111111
137.0,59154.3,52.3432253,-2.081867,90.979,28.609,104.31,0.11,0.1,13.39996,90.64,90.47,90.73999,89.92,-1.600006,90.54,-0.03978014,-0.04997993,0.0,6.0,3.0,2286.0,85.0,0.0,0.0,0.0,13.8,11.25,14.5,1.2100959226444272,2.21864364376756,2600.12140526433,6267.398680488497,0.49932124570305775,25.271944444444443
137.0,59154.4,52.3432452,-2.0818491,90.914,28.853,104.33,0.12,0.1,13.39996,90.64,90.45999,90.76999,90.03999,-1.699982,90.5,-0.01938009,-0.04997993,0.0,6.0,3.0,2298.0,85.0,0.0,-0.230011,0.0,13.7,11.25,18.0,1.2186619481984335,2.2118888073627607,2601.3400672125285,6269.61056929586,0.503579849077924,25.253888888888888
137.0,59154.5,52.3432649,-2.0818312,90.666,29.0,104.32,0.09,0.1,13.39996,90.59999,90.36,90.75,89.95,-2.100006,90.48,0.0,-0.04997993,0.0,6.0,3.0,2326.0,85.0,0.0,-0.230011,0.0,13.7,11.25,23.0,1.2209930285903998,2.2027297324305684,2602.561060241119,6271.81329902829,0.5061454830783556,25.185
137.0,59154.6,52.343284700000005,-2.0818129,90.832,29.406,104.34,0.11,0.1,13.39996,90.55,90.42,90.53999,89.8,-2.100006,90.47,0.0,-0.04997993,0.0,6.0,3.0,2365.0,85.0,0.0,0.0,0.0,13.7,11.25,26.0,1.2388349001859384,2.1980395285557632,2603.7998951413047,6274.011338556846,0.5132315198414525,25.231111111111108
137.0,59154.7,52.3433044,-2.0817949,90.63,29.229,104.34,0.1,0.1,13.39996,90.58,90.34999,90.78999,90.03,-2.0,90.50999,0.0,-0.04997993,0.0,6.0,3.0,2395.0,85.0,0.0,0.0,0.0,13.8,11.25,26.5,1.2292988303774788,2.1969594069150573,2605.029193971682,6276.208297963761,0.5101422870654225,25.174999999999997
137.0,59154.8,52.343324,-2.0817766,90.475,29.708,104.36,0.1,0.1,13.09998,90.45999,90.28999,90.61,89.76999,-1.899994,90.43,0.0,-0.03978014,0.0,6.0,3.0,2439.0,85.0,0.0,0.0,0.0,13.8,11.25,26.5,1.2454887706885773,2.1828660145952785,2606.2746827423707,6278.391163978356,0.5185024141824754,25.131944444444443
137.0,59154.9,52.3433437,-2.0817583,90.677,29.721,104.36,0.09,0.1,12.79999,90.56999,90.45999,90.58,89.87,-1.600006,90.37,0.0,-0.04997993,0.0,6.0,3.0,2491.0,85.0,0.0,0.0,0.0,13.8,11.25,26.5,1.2487658750759805,2.1874563346369347,2607.523448617447,6280.578620312994,0.5187293069852347,25.188055555555557
137.0,59155.0,52.3433633,-2.0817398,90.889,29.863000000000003,104.38,0.1,0.1,12.5,90.53999,90.34999,90.75,90.12,-1.5,90.5,0.009180069,-0.02958012,0.0,6.0,3.0,2553.0,85.0,0.0,0.0,0.0,13.8,11.25,26.5,1.257115596744387,2.1894616722451765,2608.780564214191,6282.7680819852385,0.5212076745230667,25.24694444444444
137.0,59155.1,52.3433828,-2.081721,90.598,30.34,104.41,0.11,0.1,11.79999,90.78999,90.64,90.73999,89.95,-1.399994,90.57,0.01937985,-0.02958012,0.0,6.0,3.0,2536.0,85.0,0.0,0.0,0.0,13.8,11.25,26.5,1.2712164365010492,2.171943888809625,2610.0517806506923,6284.940025874048,0.5295328950550796,25.16611111111111
137.0,59155.2,52.3434026,-2.0817026000000003,91.141,29.803,104.39,0.07,0.1,11.0,90.81999,90.73999,90.73,90.0,-1.399994,90.68999,0.01937985,-0.02958012,0.0,6.0,3.0,2518.0,85.0,0.0,0.0,0.0,13.8,11.25,27.0,1.2583012447462094,2.1968510958872485,2611.3100818954385,6287.136876969935,0.5201604769718701,25.316944444444445
137.0,59155.3,52.3434223,-2.0816841,90.979,29.985,104.38,0.05,0.1,10.5,90.86,90.76999,90.87,90.06,-1.0,90.8,0.01937985,0.0,0.0,6.0,3.0,2504.0,85.0,0.0,0.0,0.0,13.8,11.25,28.5,1.2630242009663948,2.1889453231645746,2612.573106096405,6289.325822293099,0.5233369762104997,25.271944444444443
137.0,59155.4,52.3434418,-2.0816653,90.842,30.432,104.39,0.06,0.1,10.59998,90.95,90.92999,90.92999,90.19,-1.100006,90.86,0.02957988,0.0,0.0,6.0,3.0,2467.0,85.0,0.0,0.0,0.0,13.7,11.25,29.5,1.278135341699423,2.1757439033275037,2613.8512414381044,6291.501566196426,0.5311385979669143,25.233888888888888
137.0,59155.5,52.34346130000001,-2.0816462,91.051,30.816,104.41,0.07,0.1,10.59998,91.12999,90.98999,91.15999,90.55,-1.0,91.02,0.0397799,0.0,0.0,6.0,3.0,2457.0,85.0,0.0,0.0,0.0,13.8,11.25,30.5,1.2956625885579065,2.1721148667646624,2615.1469040266625,6293.673681063191,0.5378406622945726,25.291944444444443
137.0,59155.6,52.3434809,-2.0816269,91.562,31.045,104.42,0.07,0.1,10.59998,91.17999,91.17999,91.17999,90.69,-1.0,91.11,0.0397799,0.009180069,0.0,6.0,3.0,2441.0,85.0,0.0,0.0,0.0,13.7,11.25,32.0,1.3116539671097762,2.179080290096866,2616.458557993772,6295.852761353288,0.5418374662816396,25.433888888888887
137.0,59155.7,52.3435004,-2.0816078,91.087,31.031,104.42,0.07,0.1,10.70001,91.45999,91.34999,91.45999,90.7,-1.100006,91.3,0.0397799,0.0,0.0,6.0,3.0,2447.0,85.0,0.0,0.0,0.0,13.7,11.25,32.0,1.3043197187117774,2.168094554690169,2617.7628777124837,6298.020855907978,0.5415931201863604,25.301944444444445
137.0,59155.8,52.3435199,-2.0815885,91.454,31.13,104.44,0.07,0.1,10.89996,91.55,91.48999,91.53999,91.15999,-0.7999878,91.49,0.04997993,0.0,0.0,6.0,3.0,2443.0,85.0,0.0,0.0,0.0,13.7,11.25,32.5,1.3133343084318287,2.174564025520061,2619.0762120209156,6300.195419933499,0.5433209961458347,25.403888888888886
137.0,59155.9,52.3435394,-2.0815689,91.696,31.465,104.46,0.09,0.1,10.89996,91.81,91.8,91.69,91.01999,-1.0,91.63,0.04997993,-0.009180069,0.0,6.0,3.0,2410.0,85.0,0.0,0.0,0.0,13.7,11.25,32.5,1.329534993168432,2.17258180842202,2620.405747014084,6302.368001741921,0.5491678491400158,25.47111111111111
137.0,59156.0,52.3435592,-2.0815497,91.858,31.104,104.45,0.08,0.1,11.0,91.89,91.84,92.08,91.28,-0.7999878,91.82,0.04997993,0.0,0.0,6.0,3.0,2405.0,85.0,0.0,0.4799805,0.0,13.7,11.25,32.5,1.3181447100285093,2.1847685886083075,2621.723891724113,6304.55277033053,0.5428672105403163,25.516111111111112
137.0,59156.1,52.34357850000001,-2.0815299,91.602,31.77,104.5,0.12,0.1,11.0,92.05,91.98,92.05,91.28999,-1.0,91.98,0.04997993,0.0,0.0,6.0,3.0,2388.0,85.0,0.0,0.0,0.0,13.7,11.25,32.5,1.3397065283367104,2.1632537225050603,2623.0635982524495,6306.716024053035,0.5544911033585985,25.445
137.0,59156.2,52.34359800000001,-2.0815104,91.577,31.598000000000003,104.53,0.13,0.1,11.0,92.36,92.31999,92.2,91.55,-0.6999816999999999,92.14,0.04997993,0.0,0.0,6.0,3.0,2390.0,85.0,0.0,0.0,0.0,13.7,11.25,32.5,1.3328426282531531,2.166674233193937,2624.396440880703,6308.882698286228,0.5514891370451683,25.438055555555554
137.0,59156.3,52.3436175,-2.0814906,92.023,31.781,104.55,0.14,0.1,11.20001,92.51999,92.39,92.51999,91.92,-0.8999939,92.47,0.05915999,-0.009180069,0.0,6.0,3.0,2381.0,85.0,0.0,0.0,0.0,13.7,11.25,32.5,1.346280977575925,2.172937543332954,2625.742721858279,6311.055635829562,0.5546830895763178,25.561944444444443
137.0,59156.4,52.343637,-2.0814706000000003,92.236,32.078,104.57,0.15,0.1,12.0,92.67999,92.56,92.59,91.97,-1.299988,92.59,0.05915999,-0.01938009,0.0,6.0,3.0,2357.0,85.0,0.0,0.0,0.0,13.7,11.25,32.5,1.3606687230255856,2.1709431065458475,2627.1033905813047,6313.226578936107,0.559866717454741,25.621111111111112
137.0,59156.5,52.3436565,-2.0814507,92.203,31.958,104.6,0.17,0.1,13.0,92.92,92.81,92.98,92.22,-1.399994,92.79,0.05915999,-0.02958012,0.0,6.0,3.0,2326.0,85.0,0.0,0.0,0.0,13.7,11.25,32.5,1.3556337401127203,2.1730103876698528,2628.4590243214175,6315.399589323777,0.5577723223523479,25.611944444444443
137.0,59156.6,52.3436761,-2.0814309,92.293,31.771,104.65,0.2,0.1,13.79999,93.03,92.89,93.11,92.45,-2.0,92.99,0.05915999,-0.03978014,0.0,6.0,3.0,2316.0,85.0,0.0,0.0,0.0,13.8,11.25,32.5,1.349850649617121,2.1795486753462394,2629.8088749710346,6317.579137999123,0.5545085566511184,25.636944444444445
137.0,59156.7,52.3436958,-2.0814105,93.182,32.268,104.67,0.2,0.1,13.79999,93.34,93.2,93.25,92.42,-1.799988,93.13,0.05915999,-0.03978014,0.0,6.0,3.0,2323.0,85.0,0.0,0.0,0.0,13.7,11.25,32.5,1.3818895331822874,2.1886384713343356,2631.190764504217,6319.767776470458,0.5631828430335303,25.88388888888889
137.0,59156.8,52.3437154,-2.0813897000000003,93.726,32.805,104.69,0.2,0.1,13.70001,93.50999,93.37999,93.51999,92.94,-2.100006,93.41,0.05915999,-0.03978014,0.0,6.0,3.0,2320.0,85.0,0.0,0.0,0.0,13.7,11.25,32.5,1.4105282953497367,2.188292068718837,2632.6012927995666,6321.956068539176,0.5725552611167398,26.035
137.0,59156.9,52.3437349,-2.0813689,93.377,33.099000000000004,104.71,0.19,0.1,12.0,93.70999,93.59,93.67999,92.78,-2.199982,93.50999,0.05915999,-0.04997993,0.0,6.0,3.0,2322.0,85.0,0.0,0.0,0.0,13.7,11.25,32.5,1.4164443762624226,2.172904183111952,2634.017737175829,6324.128972722288,0.5776865291176032,25.938055555555554
137.0,59157.0,52.3437545,-2.0813483,93.143,32.851,104.69,0.14,0.1,9.0,93.8,93.65999,93.94,93.06,-1.299988,93.77,0.04997993,-0.009180069,0.0,6.0,3.0,2336.0,85.0,0.0,0.0,0.0,13.8,11.25,32.5,1.4034999372640196,2.1735542238252386,2635.421237113093,6326.302526946113,0.5733581125726572,25.873055555555556
137.0,59157.1,52.34377429999999,-2.0813268000000003,94.759,33.391,104.66,0.1,0.1,8.200012,93.97,93.95999,94.01999,93.64,0.0,93.97,0.04997993,0.01937985,0.0,6.0,3.0,2342.0,85.0,0.0,0.0,0.0,13.7,10.5,32.5,1.4486271482999595,2.1977094845708165,2636.869864261393,6328.500236430684,0.5827828905334266,26.321944444444444
137.0,59157.2,52.343794,-2.0813056,94.205,33.418,104.59,0.01,0.1,8.299988,94.36,94.34,94.26999,93.56999,0.2000122,94.16,0.05915999,0.02957988,0.0,6.0,3.0,2349.0,85.0,0.0,0.0,0.0,13.7,10.5,29.5,1.4411873109615476,2.1841818720770125,2638.3110515723547,6330.684418302761,0.583254129431465,26.168055555555554
137.0,59157.3,52.3438133,-2.0812836,94.352,34.56,104.56,-0.02,0.1,8.299988,94.45,94.42,94.42,93.89,-0.1000061,94.47,0.05915999,0.0397799,0.0,6.0,3.0,2353.0,85.0,0.0,0.0,0.0,13.7,10.5,29.0,1.4867488857779927,2.1583874347621497,2639.7978004581328,6332.842805737523,0.6031857894892403,26.20888888888889
137.0,59157.4,52.343833,-2.0812623,94.568,33.759,104.58,-0.0,0.1,8.299988,94.7,94.69,94.65999,93.94,-0.1000061,94.53,0.04997993,0.0397799,0.0,6.0,3.0,2351.0,85.0,0.0,0.0,0.0,13.8,10.5,29.0,1.4597643440331771,2.1839490137036828,2641.257564802166,6335.026754751227,0.5892057021807657,26.26888888888889
137.0,59157.5,52.3438526,-2.0812409,94.403,33.837,104.64,0.06,0.1,8.399963,94.84,94.76999,94.87999,94.31,0.1000061,94.79,0.04997993,0.04997993,0.0,6.0,3.0,2361.0,85.0,0.0,0.0,0.0,13.8,10.5,30.0,1.460183977063419,2.1781526989228257,2642.7177487792296,6337.204907450149,0.5905670589973213,26.223055555555558
137.0,59157.6,52.3438722,-2.0812191,94.878,34.189,104.66,0.07,0.1,8.399963,94.86,94.81999,94.86,94.48,-0.2999877999999999,94.85,0.04997993,0.04997993,0.0,6.0,3.0,2354.0,85.0,0.0,0.0,0.0,13.8,10.5,31.0,1.480952229069497,2.1800552160929523,2644.198701008299,6339.384962666242,0.5967106179643413,26.355
137.0,59157.7,52.3438921,-2.0811981,94.943,33.201,104.67,0.07,0.1,8.399963,95.03999,94.95999,95.14,94.59999,-0.1000061,95.0,0.05915999,0.0397799,0.0,6.0,3.0,2355.0,85.0,0.0,0.0,0.0,13.7,10.5,31.5,1.4441300470961662,2.206777968087914,2645.642831055395,6341.591740634331,0.5794667649546373,26.373055555555553
136.0,59157.8,52.3439116,-2.0811765,94.64,33.953,104.68,0.07,0.1,8.399963,95.12,95.2,95.14,94.8,0.0,95.14,0.05915999,0.01937985,0.0,6.0,3.0,2359.0,85.0,0.0,0.0,0.0,13.7,10.5,31.5,1.4682677050131394,2.180652823477159,2647.1110987604084,6343.772393457808,0.5925916409296348,26.288888888888888
136.0,59157.9,52.343931600000005,-2.0811551,95.389,33.464,104.69,0.07,0.1,8.700012,95.45999,95.48999,95.2,94.45,0.0,95.39,0.04997993,0.02957988,0.0,6.0,3.0,2368.0,85.0,0.0,0.0,0.0,13.8,10.5,31.5,1.461075778498376,2.210461087285889,2648.572174538907,6345.982854545094,0.5840569808873824,26.49694444444444
136.0,59158.0,52.3439514,-2.0811334,95.616,33.714,104.7,0.07,0.1,8.799988,95.61,95.59999,95.53999,95.17999,-0.1000061,95.6,0.04997993,0.02957988,0.0,6.0,3.0,2374.0,85.0,0.0,0.0,0.0,13.8,10.5,31.5,1.4742066795764763,2.2093099976897994,2650.0463812184835,6348.192164542784,0.5884203040173682,26.56
136.0,59158.1,52.3439713,-2.0811117,95.634,33.764,104.71,0.08,0.1,8.799988,95.87,95.87,95.73999,95.11,-0.2999877999999999,95.71,0.05915999,0.02957988,0.0,6.0,3.0,2366.0,85.0,0.0,0.0,0.0,13.7,10.5,31.5,1.4764119913697489,2.208438335507607,2651.5227932098533,6350.4006028782915,0.5892929686433654,26.564999999999998
136.0,59158.2,52.3439913,-2.0810903,95.872,33.37,104.73,0.09,0.1,8.799988,96.01999,95.97,96.00999,95.42,-0.1000061,96.0,0.05915999,0.0397799,0.0,6.0,3.0,2380.0,85.0,0.0,0.0,0.0,13.8,10.5,31.5,1.4648270611772671,2.2240599072341167,2652.9876202710307,6352.624662785525,0.5824163713905077,26.63111111111111
136.0,59158.3,52.3440114,-2.0810687,96.142,33.398,104.73,0.08,0.1,9.200012,96.31,96.25999,96.2,95.42,-0.1999817,96.06,0.04997993,0.02957988,0.0,6.0,3.0,2386.0,85.0,0.0,0.0,0.0,13.8,10.5,31.5,1.4700421539124302,2.2296052952284238,2654.457662424943,6354.854268080754,0.5829050635810662,26.70611111111111
136.0,59158.4,52.3440317,-2.0810471,96.613,33.351,104.79,0.11,0.1,9.5,96.37999,96.25999,96.31999,95.55,-0.5,96.4,0.05915999,0.009180069,0.0,6.0,3.0,2379.0,85.0,0.0,0.0,0.0,13.8,10.5,31.5,1.4754054829694272,2.2417391757217717,2655.9330679079126,6357.096007256476,0.5820847588326288,26.836944444444445
136.0,59158.5,52.34405160000001,-2.081025,96.43,33.785,104.8,0.11,0.1,9.799988,96.53,96.58,96.51999,95.98,-0.3999939,96.43999,0.05915999,0.01937985,0.0,6.0,3.0,2393.0,85.0,0.0,0.0,0.0,13.8,10.5,31.5,1.489516830553863,2.2262742634421024,2657.4225847384664,6359.322281519918,0.5896594877862842,26.78611111111111
136.0,59158.6,52.3440715,-2.0810032,96.444,33.694,104.79,0.09,0.1,10.09998,96.76999,96.73999,96.73,96.03,-0.5,96.7,0.05915999,0.009180069,0.0,6.0,3.0,2404.0,85.0,0.0,0.0,0.0,13.8,10.5,24.0,1.486194813059794,2.2289607393658066,2658.908779551526,6361.551242259284,0.5880712381669695,26.79
136.0,59158.7,52.3440917,-2.0809814,96.786,33.611,104.8,0.1,0.1,11.0,96.89,96.86,96.89999,96.31,-0.6999816999999999,96.84,0.05915999,0.0,0.0,6.0,3.0,2386.0,85.0,0.0,0.0,0.0,13.8,10.5,13.0,1.4882230691373255,2.23902307859644,2660.3970026206634,6363.790265337881,0.5866226148878141,26.884999999999998
137.0,59158.8,52.3441121,-2.0809597,97.319,33.338,104.83,0.11,0.1,12.0,97.0,96.92,97.17,96.19,-1.0,96.95,0.04997993,-0.01938009,0.0,6.0,3.0,2395.0,85.0,0.0,0.9499817,0.0,13.8,10.5,8.0,1.4856746266259613,2.2584578434182343,2661.8826772472894,6366.048723181299,0.5818578660298696,27.033055555555556
137.0,59158.9,52.3441321,-2.0809376,96.88,33.771,104.82,0.09,0.1,13.29999,96.90999,96.75,97.19,96.59,-1.5,96.81,0.02957988,-0.02958012,0.0,6.0,3.0,2399.0,85.0,0.0,0.0,0.0,13.8,10.5,3.5,1.495921241485495,2.2370289787166757,2663.378598488775,6368.285752160015,0.5894151416910051,26.911111111111108
137.0,59159.0,52.3441524,-2.0809158,97.326,33.501999999999995,104.83,0.09,0.1,13.79999,97.05,96.75999,97.28,96.19,-2.0,96.84,0.009180069,-0.05915999,0.0,6.0,3.0,2390.0,85.0,0.0,0.0,0.0,13.8,10.5,3.0,1.4922403326476046,2.2543582323179616,2664.8708388214227,6370.540110392333,0.5847202060031402,27.034999999999997
137.0,59159.1,52.3441723,-2.0808931,97.276,34.456,104.86,0.11,0.1,13.79999,96.90999,96.7,97.0,96.28999,-2.399994,96.86,0.0,-0.05915999,0.0,6.0,3.0,2397.0,85.0,0.0,0.0,0.0,13.8,10.5,2.5,1.5287820135874837,2.2280552084096845,2666.39962083501,6372.768165600743,0.6013706470671663,27.02111111111111
137.0,59159.2,52.3441924,-2.080871,97.121,34.099000000000004,104.84,0.08,0.1,13.79999,96.86,96.53999,97.25,96.00999,-2.100006,96.64,-0.009180069,-0.05915999,0.0,6.0,3.0,2390.0,85.0,0.0,0.0,0.0,13.8,10.5,2.5,1.512456004254414,2.233972168757075,2667.9120768392645,6375.002137769499,0.5951398216375465,26.978055555555553
137.0,59159.3,52.3442122,-2.0808483,96.934,34.764,104.84,0.07,0.1,13.79999,96.64999,96.36,96.87,96.2,-2.100006,96.64,-0.01938009,-0.06936002,0.0,6.0,3.0,2388.0,85.0,0.0,0.0,0.0,13.7,10.5,2.5,1.5353201557991274,2.2120005910659146,2669.4473969950636,6377.214138360565,0.6067462611633088,26.92611111111111
137.0,59159.4,52.3442321,-2.0808257,97.114,34.843,104.88,0.1,0.1,13.89996,96.62,96.39999,96.84,96.00999,-1.899994,96.53,-0.01938009,-0.06936002,0.0,6.0,3.0,2386.0,85.0,0.0,0.0,0.0,13.8,10.5,2.5,1.5412252725597004,2.213985177460184,2670.988622267623,6379.428123538025,0.6081250712723844,26.976111111111113
137.0,59159.5,52.3442519,-2.0808028,97.034,35.264,104.89,0.1,0.1,14.59998,96.42999,96.11,96.64999,95.87999,-1.799988,96.41,-0.02958012,-0.05915999,0.0,6.0,3.0,2399.0,85.0,0.0,0.0,0.0,13.8,10.5,2.5,1.5561685325146097,2.200786395985991,2672.544790800138,6381.628909934011,0.6154729074232804,26.95388888888889
137.0,59159.6,52.3442712,-2.0807796,96.343,36.013000000000005,104.89,0.09,0.1,15.70001,96.40999,96.05,96.62,95.69,-2.299988,96.07,-0.01938009,-0.07956004,0.0,6.0,3.0,2390.0,85.0,0.0,0.0,0.0,13.8,10.5,2.5,1.5735188288263258,2.1647298214336907,2674.118309628964,6383.793639755445,0.628545423520718,26.761944444444445
137.0,59159.7,52.3442909,-2.0807566,96.761,35.687,104.95,0.14,0.1,15.70001,96.22,95.81999,96.48,95.45999,-2.799988,96.12,-0.01938009,-0.08976007,0.0,6.0,3.0,2368.0,85.0,0.0,0.0,0.0,13.8,10.5,1.5,1.56795002535899,2.183078427920548,2675.6862596543233,6385.976718183366,0.6228556501592163,26.878055555555555
137.0,59159.8,52.3443104,-2.0807336,96.527,35.803000000000004,104.95,0.12,0.1,15.70001,95.98,95.67,96.37999,95.55,-2.5,95.88,-0.02958012,-0.08976007,0.0,6.0,3.0,2373.0,85.0,0.0,0.0,0.0,13.8,10.5,1.0,1.5685641291033687,2.174627796921413,2677.2548237834267,6388.151345980287,0.6248802320915299,26.813055555555554
137.0,59159.9,52.3443297,-2.0807102000000004,96.318,36.382,104.96,0.12,0.1,15.59998,95.97,95.65999,96.19,95.12,-2.600006,95.89,-0.03978014,-0.08976007,0.0,6.0,3.0,2388.0,85.0,0.0,0.0,0.0,13.8,10.5,3.5,1.5870156128795536,2.153992036771848,2678.841839396306,6390.3053380170595,0.6349856884605769,26.755
137.0,59160.0,52.344349,-2.0806869,96.21,36.448,104.95,0.1,0.1,14.79999,95.84,95.50999,95.98999,95.28999,-2.5,95.74,-0.03978014,-0.07956004,0.0,6.0,3.0,2387.0,85.0,0.0,0.0,0.0,13.8,10.5,10.0,1.5877135011659615,2.149749308225339,2680.429552897472,6392.455087325285,0.6361376057668933,26.724999999999998
137.0,59160.1,52.344368,-2.0806635000000004,95.738,36.835,104.96,0.1,0.1,14.39996,95.73999,95.48999,96.03999,94.98999,-2.199982,95.53,-0.02958012,-0.06936002,0.0,6.0,3.0,2408.0,85.0,0.0,0.0,0.0,13.8,10.5,14.5,1.5943372154822324,2.1284825828918685,2682.023890112954,6394.583569908176,0.6428920299721113,26.593888888888888
137.0,59160.2,52.3443874,-2.0806401,96.16,36.667,104.99,0.12,0.1,14.09998,95.56999,95.31,95.72,95.09,-2.199982,95.55,-0.01938009,-0.05915999,0.0,6.0,3.0,2429.0,85.0,0.0,0.0,0.0,13.8,10.5,17.0,1.5950894142755931,2.1425508928301276,2683.61897952723,6396.726120801007,0.6399598768287609,26.71111111111111
137.0,59160.3,52.3444062,-2.0806161,95.854,37.376,105.01,0.13,0.1,14.0,95.53999,95.42999,95.81,94.78999,-1.899994,95.35,-0.009180069,-0.04997993,0.0,6.0,3.0,2454.0,85.0,0.0,0.0,0.0,13.8,10.5,18.0,1.6163194975094837,2.1158944234018473,2685.235299024739,6398.842015224409,0.6523342612254006,26.62611111111111
137.0,59160.4,52.3444251,-2.0805923,95.533,37.503,105.0,0.1,0.1,13.89996,95.31999,95.12,95.62,94.8,-1.799988,95.41,0.0,-0.05915999,0.0,6.0,3.0,2492.0,85.0,0.0,0.0,0.0,13.8,10.5,18.5,1.6155770540967607,2.105232763081399,2686.850876078836,6400.94724798749,0.6545508293754334,26.536944444444444
137.0,59160.5,52.3444442,-2.0805684,96.109,37.617,105.05,0.13,0.1,13.70001,95.44,95.31999,95.70999,94.87999,-1.799988,95.23,-0.009180069,-0.04997993,0.0,6.0,3.0,2553.0,85.0,0.0,0.0,0.0,13.8,10.5,18.5,1.629528666609154,2.1146878614576954,2688.480404745445,6403.0619358489475,0.6565405047227069,26.69694444444444
137.0,59160.6,52.344463000000005,-2.0805443,95.623,38.002,105.08,0.15,0.1,13.5,95.39,95.23999,95.50999,94.56,-1.799988,95.38,0.0,-0.05915999,0.0,6.0,3.0,2611.0,85.0,0.0,0.0,0.0,13.8,10.5,18.5,1.6353896527369167,2.0930527012998406,2690.115794398182,6405.154988550247,0.6632600223428852,26.561944444444446
137.0,59160.7,52.344482,-2.0805202,96.034,37.919,105.14,0.19,0.1,13.29999,95.33,95.05,95.48999,94.89999,-1.699982,95.21,0.0,-0.04997993,0.0,6.0,3.0,2622.0,85.0,0.0,0.0,0.0,13.8,10.5,18.5,1.639371969373287,2.1044259516924346,2691.7551663675554,6407.259414501939,0.6618113990637298,26.676111111111112
137.0,59160.8,52.344500700000005,-2.0804958,95.915,38.477,105.17,0.2,0.1,13.20001,95.37,95.17999,95.55,94.73999,-1.600006,95.32,0.0,-0.02958012,0.0,6.0,3.0,2622.0,85.0,0.0,0.0,0.0,13.8,10.5,18.5,1.6577320554978823,2.085772884457693,2693.4128984230533,6409.345187386397,0.6715503362898582,26.643055555555556
137.0,59160.9,52.3445193,-2.0804714,95.742,38.666,105.2,0.21,0.1,13.09998,95.33,95.17999,95.45999,94.86,-1.799988,95.29,0.0,-0.03978014,0.0,6.0,3.0,2620.0,85.0,0.0,0.0,0.0,13.8,10.5,16.5,1.6616008928899175,2.0765410476914314,2695.0744993159433,6411.421728434088,0.6748490085761274,26.595
137.0,59161.0,52.3445377,-2.0804468000000003,95.584,39.013000000000005,105.2,0.19,0.1,13.20001,95.45999,95.3,95.62999,94.73,-1.699982,95.31,0.0,-0.03978014,0.0,6.0,3.0,2568.0,85.0,0.0,0.0,0.0,13.8,10.5,16.0,1.6713836923349334,2.0630297053950835,2696.7458830082783,6413.484758139483,0.6809053010805479,26.551111111111112
137.0,59161.1,52.3445564,-2.0804224,95.702,38.77,105.21,0.18,0.1,13.0,95.48999,95.25999,95.56,94.89,-1.899994,95.37,0.0,-0.04997993,0.0,6.0,3.0,2531.0,85.0,0.0,0.0,0.0,13.8,11.25,18.0,1.6646715983334048,2.072655290749045,2698.4105546066116,6415.557413430232,0.6766641509982017,26.583888888888886
137.0,59161.2,52.3445751,-2.0803983,95.656,38.329,105.21,0.16,0.1,12.89996,95.39,95.37,95.64999,94.81,-1.699982,95.29,0.009180069,-0.03978014,0.0,6.0,3.0,2503.0,85.0,0.0,0.0,0.0,13.8,11.25,22.5,1.6478769746292892,2.084404215423857,2700.0584315812407,6417.641817645656,0.6689672489969066,26.57111111111111
137.0,59161.3,52.3445934,-2.0803733,95.717,39.333,105.22,0.16,0.1,12.29999,95.45,95.28999,95.70999,94.75,-1.5,95.45,0.009180069,-0.02958012,0.0,6.0,3.0,2454.0,85.0,0.0,0.0,0.0,13.8,11.25,25.5,1.6852213330808201,2.0565203720805663,2701.7436529143215,6419.698338017737,0.6864903546869296,26.588055555555556
137.0,59161.4,52.3446115,-2.080348,95.58,39.91,105.19,0.11,0.1,12.09998,95.59999,95.53999,95.67,95.03,-1.600006,95.37,0.009180069,-0.01938009,0.0,6.0,3.0,2480.0,85.0,0.0,0.0,0.0,13.7,11.25,28.5,1.7034042386351353,2.0365262089646317,2703.447057152957,6421.734864226702,0.6965609044709369,26.549999999999997
137.0,59161.5,52.3446299,-2.0803233,95.544,39.538,105.19,0.1,0.1,12.0,95.67,95.47,95.8,94.75999,-1.5,95.65,0.01937985,-0.02958012,0.0,6.0,3.0,2461.0,85.0,0.0,0.0,0.0,13.8,11.25,30.0,1.6895094384089273,2.0467715694544792,2705.136566591366,6423.7816357961565,0.6900682796535179,26.54
137.0,59161.6,52.3446478,-2.0802978,95.54,40.547,105.18,0.09,0.1,12.09998,95.73,95.7,95.67,95.22,-1.0,95.59,0.02957988,-0.02958012,0.0,6.0,3.0,2444.0,85.0,0.0,0.0,0.0,13.8,11.25,31.0,1.725217781301543,2.0166184174624817,2706.8617843726674,6425.798254213619,0.7076786518061408,26.53888888888889
137.0,59161.7,52.3446659,-2.0802724,95.594,40.499,105.14,0.05,0.1,12.09998,95.83,95.69,96.05,95.00999,-1.100006,95.75999,0.0397799,-0.01938009,0.0,6.0,3.0,2401.0,85.0,0.0,0.0,0.0,13.8,11.25,31.0,1.7245018899572302,2.019203650642626,2708.5862862626245,6427.817457864261,0.7068408937651836,26.553888888888885
137.0,59161.8,52.3446842,-2.080247,96.062,40.428,105.16,0.06,0.1,11.29999,95.87999,95.89,95.92,95.14999,-1.299988,95.89,0.02957988,-0.009180069,0.0,6.0,3.0,2394.0,85.0,0.0,0.0,0.0,13.7,11.25,31.0,1.7304287979147916,2.0312349538378984,2710.3167150605395,6429.848692818099,0.7056017099962675,26.683888888888887
137.0,59161.9,52.3447024,-2.0802213,96.138,40.911,105.2,0.09,0.1,10.89996,96.20999,96.08,96.09,95.25999,-0.8999939,96.21,0.0397799,0.0,0.0,6.0,3.0,2390.0,85.0,0.0,0.0,0.0,13.8,11.25,31.0,1.7488728362710617,2.018170967126723,2712.0655878968105,6431.866863785226,0.7140316502834002,26.705000000000002
137.0,59162.0,52.3447204,-2.0801957,95.969,40.711,105.19,0.06,0.1,10.89996,96.25,96.23999,96.37,95.64999,-0.6999816999999999,96.25999,0.04997993,-0.009180069,0.0,6.0,3.0,2395.0,85.0,0.0,0.0,0.0,13.8,11.25,31.0,1.7387555272413284,2.020704945438248,2713.8043434240517,6433.8875687306645,0.7105409917794114,26.658055555555553
137.0,59162.1,52.3447385,-2.0801698,96.322,41.208,105.2,0.07,0.1,11.0,96.53999,96.45,96.59999,95.95999,-0.7999878,96.38,0.04997993,0.0,0.0,6.0,3.0,2400.0,85.0,0.0,0.0,0.0,13.8,10.5,31.0,1.762677912600982,2.012923593763529,2715.5670213366525,6435.900492324428,0.7192152781618233,26.75611111111111
137.0,59162.2,52.344757,-2.0801442,96.746,40.545,105.23,0.09,0.1,11.0,96.67999,96.53999,96.67999,95.90999,-1.100006,96.56,0.05915999,0.0,0.0,6.0,3.0,2402.0,85.0,0.0,0.0,0.0,13.8,10.5,27.0,1.746923896813498,2.042135142165033,2717.313945233466,6437.942627466593,0.707643745221101,26.873888888888885
137.0,59162.3,52.344775,-2.080118,96.656,41.333,105.22,0.07,0.1,11.0,96.8,96.8,96.90999,96.20999,-0.8999939,96.66,0.04997993,-0.009180069,0.0,6.0,3.0,2406.0,85.0,0.0,0.0,0.0,13.8,10.5,23.5,1.7731925945540448,2.0160397734910163,2719.08713782802,6439.958667240084,0.7213969397268162,26.84888888888889
137.0,59162.4,52.3447931,-2.080092,96.628,41.286,105.22,0.06,0.1,11.0,96.7,96.76999,96.92999,96.14999,-0.7999878,96.91,0.0397799,0.0,0.0,6.0,3.0,2409.0,85.0,0.0,0.0,0.0,13.8,10.5,19.0,1.7710250393099258,2.016909211374523,2720.8581628673296,6441.975576451458,0.7205766349783789,26.84111111111111
137.0,59162.5,52.3448113,-2.0800657,97.211,41.38,105.24,0.07,0.1,11.0,96.97,96.92999,97.25,96.51999,-0.6999816999999999,96.82999,0.02957988,0.0,0.0,6.0,3.0,2394.0,85.0,0.0,0.0,0.0,13.8,10.5,16.5,1.7850369520750498,2.026152307476122,2722.643199819405,6444.001728758934,0.7222172444752536,27.003055555555555
137.0,59162.6,52.3448296,-2.0800395,97.2,41.398,105.26,0.08,0.1,11.0,96.95999,96.81,97.15999,96.3,-1.0,96.91,0.01937985,0.0,0.0,6.0,3.0,2400.0,85.0,0.0,0.0,0.0,13.8,10.5,14.5,1.7854713389832886,2.02536221394328,2724.428671158388,6446.027090972878,0.7225314037406126,27.0
137.0,59162.7,52.344848,-2.0800135,97.427,41.205,105.32,0.12,0.1,11.09998,97.03999,96.92,97.09999,96.55,-0.8999939,96.92,0.009180069,-0.01938009,0.0,6.0,3.0,2400.0,85.0,0.0,0.0,0.0,13.8,10.5,14.5,1.782792636129905,2.0361090777735487,2726.2114637945183,6448.063200050651,0.7191629182842635,27.063055555555557
137.0,59162.8,52.3448665,-2.0799877,97.211,40.678,105.33,0.12,0.1,11.29999,97.0,96.89999,97.17999,96.28,-1.0,96.97,0.0,-0.009180069,0.0,6.0,3.0,2402.0,85.0,0.0,0.0,0.0,13.8,10.5,14.5,1.7600787466408385,2.047870332561955,2727.971542541159,6450.111070383213,0.7099650331262534,27.003055555555555
137.0,59162.9,52.3448848,-2.0799614,97.686,41.217,105.37,0.14,0.1,11.39996,97.03,96.89999,97.00999,96.45,-1.299988,96.98,0.0,-0.009180069,0.0,6.0,3.0,2403.0,85.0,0.0,0.0,0.0,13.8,10.5,14.5,1.7879595493630867,2.0411474468644712,2729.7595020905223,6452.1522178300775,0.7193723577945028,27.135
137.0,59163.0,52.344903200000005,-2.0799353,97.373,41.191,105.41,0.16,0.1,11.29999,96.95999,96.89,97.25,96.34999,-1.299988,96.98,0.0,-0.01938009,0.0,6.0,3.0,2403.0,85.0,0.0,0.0,0.0,13.8,10.5,14.5,1.7813072107169063,2.0354158578561172,2731.5408093012393,6454.187633687933,0.7189185721889844,27.048055555555557
137.0,59163.1,52.3449211,-2.0799086,97.308,41.964,105.42,0.15,0.1,11.20001,96.90999,96.75,97.00999,96.14,-1.399994,96.86,0.0,-0.009180069,0.0,6.0,3.0,2398.0,85.0,0.0,0.0,0.0,13.8,10.5,14.5,1.807397555765768,2.009856481297092,2733.348206857005,6456.19749016923,0.7324099673069004,27.03
137.0,59163.2,52.3449392,-2.079882,97.387,42.03,105.45,0.17,0.1,11.09998,97.05,96.75,97.06,96.25,-1.0,96.86,0.0,-0.009180069,0.0,6.0,3.0,2401.0,85.0,0.0,0.0,0.0,13.8,10.5,14.5,1.811180768207895,2.0094031967544357,2735.159387625213,6458.206893365985,0.7335618846132167,27.051944444444445
137.0,59163.3,52.3449573,-2.0798556,97.272,41.744,105.47,0.17,0.1,11.09998,96.87999,96.61,96.94,96.39,-0.8999939,96.86,0.0,-0.009180069,0.0,6.0,3.0,2399.0,85.0,0.0,0.0,0.0,13.8,10.5,20.0,1.799001152662285,2.0160354294306857,2736.9583887778754,6460.222928795415,0.7285702429525129,27.02
137.0,59163.4,52.3449757,-2.0798291,97.844,41.68,105.53,0.19,0.1,11.0,96.92999,96.81999,97.09,96.48999,-1.399994,96.81,0.0,-0.01938009,0.0,6.0,3.0,2395.0,85.0,0.0,0.0,0.0,13.8,10.5,22.5,1.807313727113946,2.029910614813168,2738.7657025049893,6462.252839410228,0.7274532322312366,27.178888888888885
137.0,59163.5,52.3449941,-2.0798028,97.589,41.399,105.57,0.2,0.1,10.70001,96.98,96.84999,97.0,96.09,-1.399994,96.98,0.0,0.0,0.0,6.0,3.0,2398.0,85.0,0.0,0.0,0.0,13.8,10.5,23.5,1.7926523885843986,2.033436542834203,2740.558354893574,6464.286275953063,0.7225488570331325,27.108055555555556
137.0,59163.6,52.345012,-2.0797760000000003,97.484,42.112,105.59,0.2,0.1,10.29999,97.03999,96.98,97.17,96.56999,-0.7999878,96.93999,0.0,0.0,0.0,6.0,3.0,2408.0,85.0,0.0,0.0,0.0,13.7,10.5,24.5,1.8158615558528277,2.0088078665078073,2742.3742164494265,6466.29508381957,0.7349930545998521,27.078888888888887
137.0,59163.7,52.3450295,-2.0797489,97.031,42.795,105.6,0.19,0.1,9.799988,96.92,96.84,97.25999,96.42,-0.6000061,96.95,0.009180069,0.0,0.0,6.0,3.0,2406.0,85.0,0.0,0.0,0.0,13.8,10.5,24.5,1.8311293346360373,1.977785983781872,2744.2053457840625,6468.2728698033525,0.7469136533909734,26.953055555555558
137.0,59163.8,52.3450474,-2.0797219,97.358,42.886,105.63,0.2,0.1,9.5,97.03999,97.05,97.34999,96.64999,-0.2999877999999999,96.95,0.01937985,0.0,0.0,6.0,3.0,2408.0,85.0,0.0,0.0,0.0,13.7,10.5,24.5,1.8404498301190992,1.9815306419937746,2746.0457956141818,6470.254400445347,0.7485019030102882,27.04388888888889
137.0,59163.9,52.3450656,-2.0796953,97.556,42.302,105.66,0.21,0.1,9.5,97.14999,97.09999,97.09999,96.40999,-0.1999817,97.18999,0.01937985,0.009180069,0.0,6.0,3.0,2409.0,85.0,0.0,0.0,0.0,13.8,10.5,24.5,1.8238590952319094,2.0042544226877226,2747.8696547094137,6472.258654868035,0.7383091801786413,27.098888888888887
137.0,59164.0,52.3450834,-2.0796683,97.542,42.658,105.69,0.21,0.1,9.5,97.45999,97.34999,97.36,96.70999,-0.7999878,97.23,0.02957988,0.0,0.0,6.0,3.0,2418.0,85.0,0.0,-0.230011,0.0,13.8,10.5,24.5,1.836013468669772,1.9925974989603876,2749.7056681780837,6474.251252366995,0.7445225523157412,27.095
137.0,59164.1,52.3451011,-2.079641,97.571,43.159,105.72,0.22,0.1,9.5,97.40999,97.37,97.37999,96.70999,-0.6000061,97.43999,0.02957988,0.02957988,0.0,6.0,3.0,2422.0,86.0,0.0,0.0,0.0,13.8,10.5,19.5,1.8539175482284946,1.977054862376296,2751.559585726312,6476.228307229371,0.7532666518682327,27.103055555555553
137.0,59164.2,52.3451192,-2.079614,97.841,42.864,105.77,0.24,0.1,9.5,97.53,97.47,97.62,96.87,-0.2999877999999999,97.46,0.02957988,0.02957988,0.0,6.0,3.0,2410.0,85.0,0.0,-0.230011,0.0,13.7,10.5,14.0,1.8488156692146824,1.9920711982946053,2753.4084013955267,6478.220378427666,0.7481179305748493,27.178055555555552
137.0,59164.3,52.34513789999999,-2.0795877000000003,98.114,41.89,105.85,0.28,0.1,9.5,97.42999,97.36,97.67,96.94,-0.1999817,97.47,0.01937985,0.01937985,0.0,6.0,3.0,2413.0,85.0,0.0,0.0,0.0,13.8,10.5,11.5,1.8197493518551324,2.028856055047237,2755.2281507473817,6480.249234482713,0.7311184236604247,27.253888888888888
137.0,59164.4,52.34515639999999,-2.0795609,98.424,42.027,105.94,0.33,0.1,9.5,97.37999,97.37,97.72,97.00999,-0.3999939,97.39,0.01937985,0.009180069,0.0,6.0,3.0,2404.0,85.0,0.0,0.0,0.0,13.8,10.5,10.5,1.830360318004268,2.0308956414043817,2757.058511065386,6482.280130124118,0.7335095247356569,27.34
137.0,59164.5,52.345174,-2.0795332,98.273,43.262,105.96,0.32,0.1,9.5,97.37999,97.37999,97.62999,96.98,-0.5,97.4,0.0,0.009180069,0.0,6.0,3.0,2411.0,86.0,0.0,0.0,0.0,13.8,10.5,10.5,1.8708327234463937,1.9879193374038402,2758.9293437888323,6484.2680494615215,0.7550643409977869,27.298055555555553
137.0,59164.6,52.3451917,-2.0795057,97.895,43.355,105.99,0.31,0.1,9.5,97.42999,97.28,97.56,96.86,-0.6000061,97.29,0.0,0.01937985,0.0,6.0,3.0,2411.0,86.0,0.0,0.0,0.0,13.8,10.5,10.5,1.8668485363450256,1.977245368390515,2760.7961923251773,6486.245294829912,0.7566874972021416,27.193055555555553
137.0,59164.7,52.3452094,-2.0794783,97.906,43.312,106.0,0.29,0.1,9.5,97.44,97.36,97.37999,96.87,-0.5,97.45,-0.009180069,0.009180069,0.0,6.0,3.0,2411.0,86.0,0.0,0.0,0.0,13.8,10.5,16.0,1.8655737069247278,1.9788681966493227,2762.661766032102,6488.224163026562,0.755937005623784,27.19611111111111
137.0,59164.8,52.34522690000001,-2.0794507,97.697,43.535,106.0,0.27,0.1,9.5,97.23999,97.12999,97.42,96.58,-0.5,97.23,-0.009180069,0.01937985,0.0,6.0,3.0,2417.0,86.0,0.0,0.0,0.0,13.8,10.5,17.0,1.8692626265874646,1.9673834974929347,2764.5310286586896,6490.1915465240545,0.7598290898557313,27.138055555555557
137.0,59164.9,52.3452443,-2.0794231,97.312,43.807,106.0,0.26,0.1,9.5,97.31,97.22,97.34,96.95,-0.6999816999999999,97.31,0.0,0.0,0.0,6.0,3.0,2409.0,86.0,0.0,0.0,0.0,13.8,10.5,17.5,1.8711782491880062,1.9507694991408009,2766.402206907878,6492.142316023195,0.764576385421156,27.03111111111111
137.0,59165.0,52.3452619,-2.0793955,97.585,43.764,106.03,0.26,0.1,9.5,97.14999,97.08,97.40999,96.58,-0.2999877999999999,97.14,0.0,0.009180069,0.0,6.0,3.0,2411.0,86.0,0.0,0.0,0.0,13.8,10.5,17.5,1.8749589986458528,1.957649898357445,2768.277165906524,6494.099965921553,0.7638258938427984,27.10694444444444
137.0,59165.1,52.3452793,-2.0793677,97.686,43.929,106.03,0.24,0.1,9.5,97.25,97.28,97.50999,96.83,-0.5,97.22,0.009180069,0.0,0.0,6.0,3.0,2423.0,85.0,0.0,0.0,0.0,13.8,10.5,17.5,1.8825352434380858,1.9542628551997578,2770.159701149962,6496.054228776753,0.7667056871085891,27.135
137.0,59165.2,52.3452969,-2.0793401,97.646,43.879,106.05,0.24,0.1,9.5,97.31999,97.25999,97.37,96.51999,-0.5,97.32,0.0,0.01937985,0.0,6.0,3.0,2419.0,86.0,0.0,0.0,0.0,13.8,10.5,17.5,1.8800589577903022,1.9551040381013856,2772.0397601077525,6498.009332814854,0.7658330224825918,27.12388888888889
137.0,59165.3,52.3453143,-2.0793124,97.6,43.994,106.04,0.22,0.1,9.5,97.39,97.39,97.50999,96.94,-0.5,97.35,0.009180069,0.009180069,0.0,6.0,3.0,2423.0,86.0,0.0,0.0,0.0,13.8,10.5,17.5,1.8830917907250133,1.950407332967702,2773.9228518984773,6499.959740147822,0.7678401511223854,27.111111111111107
137.0,59165.4,52.3453318,-2.0792847,97.679,44.045,106.06,0.21,0.1,9.5,97.37999,97.34,97.5,96.81999,-0.2999877999999999,97.37,0.009180069,0.01937985,0.0,6.0,3.0,2425.0,86.0,0.0,0.0,0.0,13.8,10.5,17.5,1.8863527655379368,1.9503077402697295,2775.8092046640154,6501.910047888092,0.7687302690409025,27.133055555555554
137.0,59165.5,52.3453492,-2.0792569,97.661,44.361,106.08,0.22,0.1,9.5,97.42,97.45,97.59999,97.06999,-0.2999877999999999,97.28,0.009180069,0.009180069,0.0,6.0,3.0,2421.0,86.0,0.0,0.0,0.0,13.8,10.5,9.0,1.8967308493424508,1.9395169675477844,2777.705935513358,6503.84956485564,0.7742455094772045,27.128055555555555
137.0,59165.6,52.345367,-2.0792293,97.848,44.013000000000005,106.14,0.24,0.1,9.5,97.31,97.33,97.42,96.89,-0.1999817,97.47,0.0,0.01937985,0.0,6.0,3.0,2417.0,86.0,0.0,0.0,0.0,13.8,10.5,4.0,1.8885250153019044,1.9547371349055969,2779.59446052866,6505.804301990545,0.7681717636802644,27.18
137.0,59165.7,52.34538440000001,-2.0792014,97.848,44.191,106.14,0.23,0.1,9.5,97.3,97.28999,97.62,96.95999,-0.2999877999999999,97.25,0.0,0.01937985,0.0,6.0,3.0,2418.0,86.0,0.0,0.0,0.0,13.8,10.5,0.5,1.8945886466173825,1.9488606569245825,2781.489049175277,6507.75316264747,0.7712784497488142,27.18
137.0,59165.8,52.3454017,-2.0791734,97.812,44.498000000000005,106.16,0.22,0.1,9.599976,97.26999,97.15999,97.40999,96.92999,-0.5,97.27,0.0,0.009180069,0.0,6.0,3.0,2416.0,86.0,0.0,0.0,0.0,13.8,10.5,0.0,1.904302824420026,1.9379679442410573,2783.393351999697,6509.691130591711,0.7766366105524368,27.169999999999998
137.0,59165.9,52.3454192,-2.0791455,97.754,44.336000000000006,106.18,0.22,0.1,10.20001,97.28999,97.19,97.36,96.72,-0.5,97.15,-0.009180069,0.009180069,0.0,6.0,3.0,2415.0,86.0,0.0,-0.230011,0.0,13.8,10.5,0.0,1.8976897957016092,1.9421921267452456,2785.291041795399,6511.633322718456,0.773809177164206,27.15388888888889
137.0,59166.0,52.3454364,-2.0791176,97.502,44.443000000000005,106.17,0.2,0.1,10.39996,97.11,96.97,97.31,96.75999,-0.6999816999999999,97.15,-0.009180069,0.009180069,0.0,6.0,3.0,2412.0,86.0,0.0,0.0,0.0,13.8,10.5,0.0,1.8964121372551586,1.9336471702790328,2787.187453932654,6513.566969888735,0.77567667946384,27.083888888888886
137.0,59166.1,52.3454538,-2.0790898,97.643,44.521,106.19,0.2,0.1,10.5,97.05,96.92999,97.37,96.56,-0.8999939,96.89,-0.01938009,-0.009180069,0.0,6.0,3.0,2401.0,86.0,0.0,0.0,0.0,13.7,10.5,0.0,1.9017890145575274,1.9338562435728879,2789.0892429472115,6515.500826132308,0.7770380362803955,27.123055555555556
137.0,59166.2,52.3454712,-2.079062,97.351,44.442,106.2,0.2,0.1,11.0,96.94,96.78999,97.15999,96.62999,-0.7999878,96.9,-0.01938009,-0.01938009,0.0,6.0,3.0,2401.0,86.0,0.0,0.2399902,0.0,13.8,10.5,0.0,1.8934414934528634,1.9306856047101992,2790.9826844406643,6517.431511737019,0.77565922617132,27.041944444444443
137.0,59166.3,52.34548770000001,-2.0790335,97.078,45.327,106.13,0.14,0.1,11.5,96.72,96.56,96.98999,96.12,-0.7999878,96.68999,-0.01938009,-0.02958012,0.0,6.0,3.0,2387.0,86.0,0.0,0.0,0.0,13.8,10.5,0.0,1.917643383608073,1.8958785134791953,2792.9003278242726,6519.327390250498,0.7911053900514697,26.96611111111111
137.0,59166.4,52.3455056,-2.079006,97.466,44.434,106.23,0.2,0.1,11.79999,96.56,96.47,96.81,96.25999,-1.199982,96.56,-0.02958012,-0.02958012,0.0,6.0,3.0,2401.0,86.0,0.0,0.0,0.0,13.8,10.5,0.0,1.8954082900791989,1.9332309767790452,2794.7957361143517,6521.260621227277,0.7755195998311604,27.073888888888888
137.0,59166.5,52.3455232,-2.0789783,97.535,44.571000000000005,106.34,0.25,0.1,11.89996,96.50999,96.34,96.65999,95.73999,-1.600006,96.45,-0.03978014,-0.02958012,0.0,6.0,3.0,2398.0,86.0,0.0,0.0,0.0,13.8,10.5,0.0,1.9013705204084161,1.93005873938749,2796.69710663476,6523.190679966664,0.7779107009063927,27.093055555555555
137.0,59166.6,52.3455407,-2.0789507,97.218,44.518,106.42,0.28,0.1,12.0,96.28,96.00999,96.45,95.84999,-1.399994,96.29,-0.03978014,-0.02958012,0.0,6.0,3.0,2391.0,86.0,0.0,0.0,0.0,13.8,10.5,0.0,1.8934104873029398,1.9255381005244336,2798.590517122063,6525.116218067188,0.7769856764028357,27.005
137.0,59166.7,52.3455576,-2.0789227,96.692,44.918,106.41,0.26,0.1,12.5,96.06999,95.87,96.50999,95.64999,-1.399994,96.0,-0.03978014,-0.02958012,0.0,6.0,3.0,2379.0,86.0,0.0,0.0,0.0,13.8,10.5,0.0,1.8964902100452072,1.9019263935966277,2800.487007332108,6527.018144460785,0.7839669934108129,26.858888888888885
137.0,59166.8,52.3455742,-2.0788945,96.332,45.51,106.42,0.25,0.1,13.29999,95.87,95.75,96.25999,95.48,-1.5,95.82,-0.03978014,-0.04997993,0.0,6.0,3.0,2380.0,86.0,0.0,0.0,0.0,13.8,10.5,0.0,1.908906268970759,1.8752221740271602,2802.395913601079,6528.893366634812,0.7942993425826194,26.758888888888887
137.0,59166.9,52.345590900000005,-2.0788661,96.588,45.699,106.41,0.23,0.1,13.59998,95.67999,95.50999,95.98999,95.12999,-1.699982,95.68,-0.03978014,-0.06936002,0.0,6.0,3.0,2377.0,86.0,0.0,0.0,0.0,13.8,10.5,0.5,1.9201708994136997,1.8738817244011916,2804.3160845004927,6530.767248359213,0.7975980148688886,26.83
137.0,59167.0,52.3456076,-2.0788379,96.25,45.955,106.44,0.23,0.1,13.70001,95.56999,95.42999,95.86,94.95999,-1.699982,95.4,-0.03978014,-0.04997993,0.0,6.0,3.0,2370.0,86.0,0.0,0.0,0.0,13.8,10.5,0.5,1.9217756119632825,1.8587562698535658,2806.237860112456,6532.626004629067,0.8020660577539941,26.73611111111111
137.0,59167.1,52.3456246,-2.07881,96.246,45.489,106.49,0.25,0.1,13.70001,95.40999,95.25,95.62999,95.06,-2.0,95.41,-0.03978014,-0.05915999,0.0,6.0,3.0,2352.0,86.0,0.0,0.0,0.0,13.8,10.5,0.5,1.9065152813635153,1.874246977302457,2808.1443753938197,6534.50025160637,0.7939328234397005,26.735
137.0,59167.2,52.3456411,-2.0787817,96.055,45.864,106.48,0.22,0.1,13.39996,95.45999,95.17999,95.64999,94.62999,-2.0,95.23,-0.03978014,-0.04997993,0.0,6.0,3.0,2333.0,86.0,0.0,0.0,0.0,13.8,10.5,0.5,1.9149335388442474,1.8580342125950335,2810.059308932664,6536.358285818965,0.8004778081346793,26.681944444444447
137.0,59167.3,52.3456573,-2.0787534,95.558,46.368,106.47,0.21,0.1,13.39996,95.11,94.95999,95.25,94.75,-1.899994,95.27,-0.03978014,-0.05915999,0.0,6.0,3.0,2316.0,86.0,0.0,0.0,0.0,13.8,10.5,0.5,1.9212110885297051,1.8315917467512506,2811.9805200211936,6538.189877565716,0.8092742675647308,26.54388888888889
137.0,59167.4,52.3456739,-2.0787253,95.587,46.167,106.5,0.21,0.1,13.29999,94.87999,94.62999,95.25,94.34999,-1.600006,94.81,-0.03978014,-0.04997993,0.0,6.0,3.0,2300.0,86.0,0.0,0.0,0.0,13.8,10.5,0.5,1.9153549478150607,1.838878180219943,2813.8958749690087,6540.028755745936,0.8057661557682222,26.551944444444445
137.0,59167.5,52.3456904,-2.0786969,95.587,46.74,106.57,0.25,0.1,13.20001,94.67,94.48999,95.05,94.48,-1.5,94.62,-0.03978014,-0.04997993,0.0,6.0,3.0,2296.0,86.0,0.0,0.0,0.0,13.8,10.5,6.5,1.9336489965562578,1.8196315824709188,2815.829523965565,6541.848387328407,0.8157668923821496,26.551944444444445
137.0,59167.6,52.3457072,-2.078669,95.778,46.163,106.66,0.29,0.1,12.89996,94.67,94.44,94.89999,93.98,-1.600006,94.59,-0.03978014,-0.04997993,0.0,6.0,3.0,2362.0,86.0,0.0,0.0,0.0,13.8,10.5,14.5,1.9190535320161701,1.8426865689140577,2817.748577497581,6543.691073897321,0.8056963425981423,26.605
137.0,59167.7,52.3457232,-2.0786405,95.224,46.938,106.65,0.26,0.1,12.79999,94.8,94.62,94.86,93.90999,-1.699982,94.6,-0.02958012,-0.05915999,0.0,6.0,3.0,2385.0,86.0,0.0,0.0,0.0,13.6,10.5,16.5,1.9325585959427092,1.8060537266015655,2819.681136093524,6545.497127623923,0.8192226443010985,26.45111111111111
137.0,59167.8,52.3457393,-2.078612,95.062,47.153,106.68,0.27,0.1,12.59998,94.56999,94.45,94.64999,94.06,-1.699982,94.66,-0.009180069,-0.05915999,0.0,6.0,3.0,2419.0,86.0,0.0,0.0,0.0,13.8,10.5,17.0,1.9360228392827903,1.7957289901037012,2821.617158932807,6547.292856614026,0.8229751021928862,26.40611111111111
137.0,59167.9,52.345755700000005,-2.0785839,95.119,46.73,106.72,0.28,0.1,12.0,94.53,94.42999,94.8,93.92,-1.299988,94.47,0.0,-0.03978014,0.0,6.0,3.0,2437.0,86.0,0.0,0.0,0.0,13.8,10.5,18.0,1.9238656687139586,1.8110583565961862,2823.541024601521,6549.103914970622,0.8155923594569502,26.421944444444442
137.0,59168.0,52.345772200000006,-2.0785556,95.454,47.199,106.84,0.34,0.1,11.20001,94.44,94.34,94.76999,94.20999,-1.0,94.49,0.0,-0.02958012,0.0,6.0,3.0,2499.0,86.0,0.0,0.0,0.0,13.7,10.5,18.5,1.9454532926525734,1.8015725730892052,2825.4864778941733,6550.905487543711,0.8237779536488036,26.514999999999997
137.0,59168.1,52.3457883,-2.0785272000000004,95.116,47.168,106.87,0.34,0.1,10.5,94.5,94.37,94.78999,93.87999,-0.6000061,94.38,0.0,-0.01938009,0.0,6.0,3.0,2544.0,86.0,0.0,0.0,0.0,13.8,10.5,18.5,1.9375929190989407,1.7962418554622415,2827.424070813272,6552.701729399174,0.8232369015806853,26.42111111111111
137.0,59168.2,52.3458044,-2.0784986,95.245,47.488,106.91,0.35,0.1,10.09998,94.56,94.48,94.62,94.08,-0.3999939,94.54,0.0,-0.01938009,0.0,6.0,3.0,2561.0,86.0,0.0,0.0,0.0,13.8,10.5,18.5,1.9502361579523548,1.787813754723751,2829.3743069712245,6554.489543153898,0.8288219551870672,26.456944444444446
137.0,59168.3,52.345820200000006,-2.0784697000000003,95.011,47.886,106.93,0.34,0.1,9.899963,94.40999,94.37999,94.64,93.95,-0.2999877999999999,94.46,0.0,0.0,0.0,6.0,3.0,2571.0,86.0,0.0,0.0,0.0,13.8,10.5,18.5,1.9577861163504058,1.7698646383867933,2831.332093087575,6556.259407792285,0.8357683656100047,26.39194444444444
137.0,59168.4,52.3458359,-2.0784407,95.206,48.137,106.95,0.33,0.1,9.799988,94.50999,94.45,94.87999,94.0,-0.2999877999999999,94.39,0.009180069,0.0,0.0,6.0,3.0,2561.0,86.0,0.0,0.0,0.0,13.8,10.5,18.5,1.9695547094586936,1.7648858817106075,2833.3016477970336,6558.024293673996,0.8401491420325105,26.44611111111111
137.0,59168.5,52.34585130000001,-2.0784116,94.986,48.207,106.89,0.26,0.1,9.799988,94.62,94.62,94.59999,94.09,-0.1999817,94.62,0.0,0.0,0.0,6.0,3.0,2532.0,86.0,0.0,0.0,0.0,13.8,10.5,18.5,1.9671532696152885,1.7584056027668593,2835.268801066649,6559.782699276763,0.8413708725089064,26.385
137.0,59168.6,52.3458664,-2.0783824,94.439,48.463,106.78,0.17,0.1,9.799988,94.73,94.8,94.69,93.98,-0.2999877999999999,94.62,0.0,0.0,0.0,6.0,3.0,2520.0,86.0,0.0,0.0,0.0,13.8,10.5,18.5,1.9636167776137061,1.7395232647143886,2837.2324178442627,6561.522222541477,0.8458389153940119,26.233055555555552
137.0,59168.7,52.3458816,-2.0783531,94.637,48.93899999999999,106.74,0.13,0.1,9.799988,94.62,94.67,94.84,94.39999,-0.1999817,94.74,0.009180069,0.0,0.0,6.0,3.0,2509.0,86.0,0.0,0.0,0.0,13.8,10.5,18.5,1.9821474614601422,1.726762893377915,2839.2145653057228,6563.248985434855,0.8541466826335048,26.288055555555555
137.0,59168.8,52.3458975,-2.0783242,95.144,48.393,106.76,0.14,0.1,9.599976,94.75,94.67999,94.98999,94.11,-0.2999877999999999,94.63,0.009180069,0.009180069,0.0,6.0,3.0,2505.0,86.0,0.0,0.0,0.0,13.8,10.5,18.5,1.976132874766237,1.7549246537331666,2841.190698180489,6565.003910088588,0.844617184917616,26.42888888888889
137.0,59168.9,52.3459129,-2.0782949,94.936,48.736,106.73,0.11,0.1,9.5,94.81999,94.75,94.89999,94.31,0.0,94.75999,0.009180069,0.0,0.0,6.0,3.0,2502.0,86.0,0.0,0.0,0.0,13.8,10.5,17.5,1.9822601896803835,1.7392525845184101,2843.1729583701695,6566.743162673106,0.8506036642519564,26.371111111111112
137.0,59169.0,52.3459284,-2.0782656,94.997,48.84,106.71,0.09,0.1,9.5,94.81,94.78999,94.95,94.25999,0.1000061,94.82999,0.009180069,0.009180069,0.0,6.0,3.0,2480.0,86.0,0.0,0.0,0.0,13.8,10.5,8.0,1.9866896177237958,1.7367668590974845,2845.159647987893,6568.479929532204,0.8524188066740306,26.388055555555553
137.0,59169.1,52.3459441,-2.0782366,95.004,48.556,106.7,0.08,0.1,9.599976,94.84,94.92999,94.95999,94.25999,0.0,94.82999,0.009180069,0.0,0.0,6.0,3.0,2444.0,86.0,0.0,0.0,0.0,13.8,10.5,3.0,1.9782023102451192,1.746721677812717,2847.1378502981383,6570.226651210016,0.8474620715983666,26.39
137.0,59169.2,52.3459598,-2.0782073,95.335,48.73,106.72,0.09,0.1,9.899963,94.70999,94.8,95.0,94.45999,0.0,94.81,0.0,-0.009180069,0.0,6.0,3.0,2412.0,86.0,0.0,0.0,0.0,13.8,10.5,2.5,1.990408384513182,1.7467708145163305,2849.1282586826514,6571.973422024532,0.8504989444968367,26.48194444444444
137.0,59169.3,52.3459753,-2.078178,95.166,48.911,106.7,0.07,0.1,10.59998,94.81999,94.76999,95.12,94.28,-0.1999817,94.72,0.0,-0.01938009,0.0,6.0,3.0,2400.0,86.0,0.0,0.0,0.0,13.8,10.5,2.5,1.9923784190055305,1.7373889850810678,2851.120637101657,6573.710811009613,0.8536579904429465,26.435
137.0,59169.4,52.3459909,-2.0781488,95.155,48.855,106.67,0.05,0.1,11.0,94.73999,94.70999,94.87,94.39999,-0.6000061,94.8,-0.009180069,-0.01938009,0.0,6.0,3.0,2392.0,86.0,0.0,-0.230011,0.0,13.8,10.5,2.5,1.9904492731269205,1.739134429033733,2853.111086374784,6575.449945438647,0.8526806060618296,26.431944444444444
137.0,59169.5,52.3460064,-2.0781196,94.907,48.877,106.67,0.04,0.1,11.59998,94.76999,94.59999,95.11,94.12999,-0.8999939,94.62,-0.009180069,-0.01938009,0.0,6.0,3.0,2385.0,86.0,0.0,0.0,0.0,13.8,10.5,11.5,1.9859275098904636,1.7338393546442958,2855.0970138846747,6577.183784793291,0.8530645784972685,26.363055555555555
137.0,59169.6,52.346022,-2.0780904,95.112,48.924,106.65,0.02,0.1,12.0,94.69,94.53999,94.75,94.14999,-1.100006,94.68,-0.01938009,-0.03978014,0.0,6.0,3.0,2408.0,86.0,0.0,0.0,0.0,13.8,10.5,13.5,1.9916418107439693,1.7359512947362554,2857.0886556954188,6578.919736088027,0.8538848832457058,26.419999999999998
137.0,59169.7,52.3460375,-2.0780611,94.95,49.152,106.66,0.03,0.1,12.09998,94.75999,94.56999,95.01999,94.15999,-1.299988,94.67,0.0,-0.04997993,0.0,6.0,3.0,2419.0,86.0,0.0,0.0,0.0,13.8,10.5,13.5,1.995129969250983,1.7250688843627586,2859.08378566467,6580.6448049723895,0.8578642339402529,26.375
137.0,59169.8,52.3460529,-2.0780319,94.723,49.0,106.64,0.01,0.1,12.09998,94.84,94.78,94.87,94.17999,-1.0,94.67,0.0,-0.04997993,0.0,6.0,3.0,2361.0,86.0,0.0,0.0,0.0,13.8,10.5,14.5,1.9857876546511564,1.7262188723074396,2861.069573319321,6582.3710238446965,0.8552113334772214,26.311944444444443
137.0,59169.9,52.3460684,-2.0780024,95.09,49.409,106.64,0.02,0.1,12.09998,94.7,94.62999,94.78,94.28,-1.0,94.77,0.0,-0.03978014,0.0,6.0,3.0,2348.0,86.0,0.0,0.0,0.0,13.7,10.5,19.5,2.005800781790064,1.7186327374154278,2863.0753741011113,6584.089656582112,0.8623497301178783,26.413888888888888
137.0,59170.0,52.3460837,-2.077973,94.896,49.565,106.64,0.02,0.1,12.09998,94.64,94.59,94.94,94.08,-1.0,94.71,0.0,-0.03978014,0.0,6.0,3.0,2332.0,86.0,0.0,0.0,0.0,13.7,10.5,22.5,2.0063709751047707,1.7096700003968988,2865.081745076216,6585.799326582509,0.8650724437509894,26.36
137.0,59170.1,52.346099,-2.0779435000000004,94.968,49.58,106.64,0.02,0.1,12.0,94.67,94.67,94.97,94.42999,-0.6999816999999999,94.7,0.0,-0.03978014,0.0,6.0,3.0,2352.0,86.0,0.0,0.0,0.0,13.8,10.5,24.5,2.008341120951094,1.7104414464976294,2867.0900861971672,6587.509768029006,0.8653342431387886,26.38
137.0,59170.2,52.3461145,-2.077914,95.195,49.536,106.65,0.03,0.1,11.79999,94.84,94.76999,95.0,94.06,-0.7999878,94.7,0.0,-0.03978014,0.0,6.0,3.0,2362.0,86.0,0.0,0.0,0.0,13.8,10.5,27.0,2.011824358306368,1.7160753545422023,2869.1019105554738,6589.225843383549,0.8645662982679111,26.443055555555553
137.0,59170.3,52.3461297,-2.0778842,95.018,50.013000000000005,106.64,0.01,0.1,11.79999,94.86,94.81,94.95999,94.17999,-1.0,94.86,0.01937985,-0.04997993,0.0,6.0,3.0,2353.0,86.0,0.0,0.0,0.0,13.7,10.5,28.5,2.022274078238792,1.6961076791505807,2871.1241846337125,6590.921951062699,0.8728915187999241,26.39388888888889
137.0,59170.4,52.346145,-2.0778546,95.195,49.862,106.64,0.01,0.1,11.59998,95.09,94.95,95.17,94.25,-0.8999939,94.88,0.009180069,-0.04997993,0.0,6.0,3.0,2376.0,86.0,0.0,0.0,0.0,13.8,10.5,29.5,2.021555820631009,1.704600814036783,2873.1457404543435,6592.626551876736,0.8702560716294127,26.443055555555553
137.0,59170.5,52.3461602,-2.0778248,95.123,50.082,106.64,0.01,0.1,11.59998,95.17999,95.12999,95.14,94.39999,-0.7999878,95.06,0.01937985,-0.03978014,0.0,6.0,3.0,2370.0,86.0,0.0,0.0,0.0,13.8,10.5,29.5,2.0265521722460416,1.6955426689070983,2875.1722926265893,6594.322094545643,0.8740957959838002,26.423055555555557
137.0,59170.6,52.3461754,-2.077795,95.105,50.2,106.64,0.01,0.1,11.59998,95.17,95.17,95.26999,94.75,-0.6999816999999999,95.21,0.02957988,-0.04997993,0.0,6.0,3.0,2370.0,86.0,0.0,0.0,0.0,13.8,10.5,30.0,2.029655680871168,1.6910453602643525,2877.2019483074605,6596.013139905907,0.8761552845011534,26.418055555555554
137.0,59170.7,52.3461907,-2.077765,95.494,50.297,106.65,0.02,0.1,11.5,95.37,95.39999,95.47,94.59999,-0.6999816999999999,95.27,0.0397799,-0.04997993,0.0,6.0,3.0,2376.0,86.0,0.0,0.0,0.0,13.8,10.5,30.0,2.040829087090528,1.694509470045938,2879.242777394551,6597.707649375953,0.8778482538755878,26.52611111111111
137.0,59170.8,52.3462058,-2.077735,95.566,50.411,106.65,0.01,0.1,11.5,95.45999,95.45999,95.59999,95.08,-0.5,95.46,0.04997993,-0.03978014,0.0,6.0,3.0,2377.0,86.0,0.0,0.0,0.0,13.8,10.5,30.0,2.0457378401707436,1.6917200833849877,2881.2885152347217,6599.399369459338,0.8798379292228615,26.54611111111111
137.0,59170.9,52.3462211,-2.0777049,95.828,50.361,106.65,0.01,0.1,11.5,95.78,95.78,95.78,94.92,-0.6000061,95.66,0.04997993,-0.02958012,0.0,6.0,3.0,2380.0,86.0,0.0,0.0,0.0,13.8,10.5,30.0,2.049865222294357,1.6981475281076817,2883.3383804570162,6601.0975169874455,0.8789652645968643,26.61888888888889
137.0,59171.0,52.3462362,-2.0776747,95.796,50.663,106.63,-0.01,0.1,11.5,95.98,95.95,95.75,95.28,-0.6999816999999999,95.98,0.0397799,-0.02958012,0.0,6.0,3.0,2390.0,86.0,0.0,0.0,0.0,13.8,10.5,30.0,2.0580999678499845,1.6867559166446975,2885.3964804248662,6602.78427290409,0.8842361589378871,26.61
137.0,59171.1,52.3462515,-2.0776445,96.041,50.54,106.63,-0.0,0.1,11.5,96.23999,96.12999,96.28999,95.47,-0.3999939,96.07999,0.04997993,-0.03978014,0.0,6.0,3.0,2395.0,86.0,0.0,0.0,0.0,13.7,10.5,30.0,2.059728531342301,1.6954954613408946,2887.4562089562087,6604.4797683654315,0.8820894039579341,26.678055555555552
137.0,59171.2,52.3462667,-2.0776141,96.372,50.56399999999999,106.64,0.01,0.1,11.5,96.25999,96.28,96.37999,95.73,-0.2999877999999999,96.32999,0.04997993,-0.04997993,0.0,6.0,3.0,2397.0,86.0,0.0,0.0,0.0,13.8,10.5,30.0,2.0675397457462257,1.7004729929521472,2889.523748701955,6606.180241358384,0.8825082829784127,26.77
137.0,59171.3,52.3462819,-2.0775836,96.444,50.904,106.64,0.02,0.1,11.59998,96.48,96.39,96.75999,95.97,-0.2999877999999999,96.36,0.05915999,-0.04997993,0.0,6.0,3.0,2388.0,86.0,0.0,0.0,0.0,13.8,10.5,30.0,2.0791462744346947,1.689435340433107,2891.6028949763895,6607.869676698817,0.8884424024351936,26.79
137.0,59171.4,52.3462971,-2.0775529,96.689,50.927,106.63,0.01,0.1,11.59998,96.61,96.59999,96.7,96.01999,-0.5,96.56,0.05915999,-0.03978014,0.0,6.0,3.0,2392.0,86.0,0.0,0.0,0.0,13.8,10.5,30.0,2.085107738662933,1.6928901914834986,2893.6880027150523,6609.5625668903,0.8888438281631522,26.858055555555552
137.0,59171.5,52.3463123,-2.0775222,96.901,51.035,106.63,0.0,0.1,11.59998,96.98,96.89,97.00999,96.3,-0.6999816999999999,96.82999,0.04997993,-0.04997993,0.0,6.0,3.0,2410.0,86.0,0.0,-0.230011,0.0,13.8,10.5,30.0,2.0928738445825013,1.6926600523777795,2895.7808765596346,6611.255226942678,0.8907287837553061,26.916944444444443
137.0,59171.6,52.3463275,-2.0774915,96.973,50.965,106.61,-0.02,0.1,11.59998,97.17999,97.17,96.84,95.98999,-0.7999878,97.1,0.04997993,-0.05915999,0.0,6.0,3.0,2420.0,86.0,0.0,0.0,0.0,13.8,10.5,30.5,2.0923578315597586,1.6964753062574798,2897.8732343911943,6612.951702248935,0.8895070532789101,26.936944444444443
137.0,59171.7,52.3463427,-2.0774606,97.038,51.172,106.6,-0.03,0.1,11.5,97.17,97.17,97.47,96.90999,-0.5,97.2,0.05915999,-0.04997993,0.0,6.0,3.0,2418.0,86.0,0.0,0.0,0.0,13.7,10.5,30.5,2.0998798273832895,1.6900369701721698,2899.9731142185774,6614.641739219108,0.8931198848305383,26.955
137.0,59171.8,52.3463579,-2.0774295,97.542,51.355,106.6,-0.02,0.1,11.20001,97.34,97.42,97.56999,96.76999,-0.1999817,97.27,0.05915999,-0.04997993,0.0,6.0,3.0,2422.0,86.0,0.0,0.0,0.0,13.8,10.5,30.5,2.1162014286124915,1.6920643497037728,2902.08931564719,6616.333803568812,0.8963138373616879,27.095
137.0,59171.9,52.3463731,-2.0773983,97.934,51.403,106.61,-0.0,0.1,10.0,97.73,97.65999,97.73,97.15999,-0.5,97.57999,0.04997993,-0.02958012,0.0,6.0,3.0,2421.0,86.0,0.0,0.0,0.0,13.8,10.5,30.5,2.1261284716218096,1.6970838013926213,2904.215444118812,6618.030887370204,0.8971515954026452,27.203888888888887
137.0,59172.0,52.3463883,-2.0773672,97.567,51.37,106.58,-0.04,0.1,9.200012,97.86,97.89999,97.72,96.89999,0.0,97.74,0.04997993,0.0,0.0,6.0,3.0,2432.0,86.0,0.0,0.0,0.0,13.8,10.5,30.5,2.117186833124104,1.691943805314898,2906.3326309519357,6619.722831175519,0.896575636749487,27.10194444444444
137.0,59172.1,52.3464036,-2.0773361,97.762,51.321000000000005,106.58,-0.04,0.1,8.700012,98.05,98.00999,98.08,97.59,0.0,98.02,0.04997993,0.0,0.0,6.0,3.0,2430.0,86.0,0.0,-0.230011,0.0,13.8,10.5,30.5,2.119967661932644,1.6971390099664676,2908.4525986138683,6621.419970185485,0.8957204254160099,27.15611111111111
137.0,59172.2,52.3464188,-2.0773047,98.298,51.497,106.59,-0.02,0.1,8.700012,98.17999,98.25,98.23,97.5,0.3000183,98.04,0.04997993,0.0,0.0,6.0,3.0,2444.0,86.0,0.0,0.0,0.0,13.7,10.5,30.5,2.1368225692818106,1.6998881014372338,2910.58942118315,6623.119858286922,0.8987922048995198,27.305
137.0,59172.3,52.3464341,-2.0772734,98.19,51.443000000000005,106.59,-0.02,0.1,8.599976,98.19,98.28999,98.25,97.8,0.3999939,98.24,0.05915999,0.0,0.0,6.0,3.0,2444.0,86.0,0.0,0.0,0.0,13.8,10.5,28.0,2.132873548289937,1.7000313753002017,2912.72229473144,6624.8198896622225,0.897849727103443,27.275
137.0,59172.4,52.3464495,-2.0772419,98.629,51.418,106.6,0.0,0.1,8.5,98.56,98.58,98.37,97.65999,0.1000061,98.43999,0.04997993,0.0,0.0,6.0,3.0,2440.0,86.0,0.0,0.0,0.0,13.8,10.5,27.0,2.1416641642508867,1.7085667257919146,2914.8639588956908,6626.528456388014,0.8974133947904444,27.396944444444443
137.0,59172.5,52.3464649,-2.0772105,98.604,51.356,106.6,-0.01,0.1,8.299988,98.56,98.61,98.69,98.17,0.3000183,98.65,0.04997993,0.0,0.0,6.0,3.0,2453.0,86.0,0.0,0.0,0.0,13.8,10.5,27.0,2.139271673922278,1.7104495622945963,2917.003230569613,6628.238905950308,0.8963312906542079,27.39
137.0,59172.6,52.3464803,-2.077179,98.906,51.445,106.6,-0.0,0.1,8.099976,98.78,98.87999,98.72,98.12,0.6000061,98.72,0.0397799,0.0,0.0,6.0,3.0,2447.0,86.0,0.0,0.0,0.0,13.8,10.5,27.0,2.1484862037595986,1.7123529831914892,2919.1517167733728,6629.9512589335,0.8978846336884828,27.47388888888889
137.0,59172.7,52.346495700000006,-2.0771475,98.953,51.404,106.61,0.01,0.1,8.0,98.78999,98.89,98.87999,98.39,0.6000061,98.93,0.0397799,0.009180069,0.0,6.0,3.0,2458.0,86.0,0.0,0.0,0.0,13.8,10.5,27.0,2.1482806949427657,1.7147044073705473,2921.2999974683157,6631.665963340871,0.8971690486951652,27.486944444444443
137.0,59172.8,52.3465111,-2.0771159,99.108,51.381,106.62,0.02,0.1,7.0,99.09,99.12,99.2,98.59,0.6000061,98.93999,0.0397799,0.009180069,0.0,6.0,3.0,2458.0,86.0,0.0,0.0,0.0,13.8,10.5,27.0,2.1509561842728178,1.7182539082855368,2923.4509536525884,6633.384217249157,0.8967676229672065,27.53
137.0,59172.9,52.3465267,-2.0770844,99.263,51.236,106.61,0.01,0.1,5.599976,99.11,99.20999,99.14999,98.62,1.0,99.21,0.0397799,0.01937985,0.0,6.0,3.0,2464.0,86.0,0.0,0.0,0.0,13.7,10.5,25.0,2.1499580460275616,1.7263876525910626,2925.600911698616,6635.110604901748,0.8942368955518146,27.573055555555555
137.0,59173.0,52.3465422,-2.0770528,99.576,51.215,106.62,0.02,0.1,5.299988,99.42,99.47,99.42,98.89,1.399994,99.29,0.0397799,0.02957988,0.0,6.0,3.0,2476.0,86.0,0.0,0.4799805,0.0,13.7,10.5,20.5,2.156102484193333,1.732621735306162,2927.7570141828096,6636.843226637055,0.8938703764088959,27.659999999999997
137.0,59173.1,52.3465578,-2.0770212,99.454,51.237,106.63,0.03,0.1,5.200012,99.31,99.40999,99.48999,99.06,1.899994,99.45,0.0397799,0.04997993,0.0,6.0,3.0,2469.0,86.0,0.0,0.0,0.0,13.8,10.5,19.0,2.154125143712372,1.7296719389701385,2929.911139326522,6638.572898576025,0.8942543488443346,27.626111111111108
137.0,59173.2,52.3465734,-2.0769896,99.778,51.012,106.63,0.04,0.1,5.0,99.56999,99.64999,99.64,99.14,1.399994,99.42,0.02957988,0.05915999,0.0,6.0,3.0,2473.0,86.0,0.0,0.0,0.0,13.8,10.5,18.5,2.1543116454529727,1.743780228555271,2932.065450971975,6640.31667880458,0.8903273580273474,27.71611111111111
137.0,59173.3,52.3465891,-2.076958,99.706,51.073,106.61,0.01,0.1,4.799988,99.48,99.62,99.51999,99.09999,1.5,99.67,0.01937985,0.05915999,0.0,6.0,3.0,2480.0,86.0,0.0,0.0,0.0,13.8,10.5,18.5,2.15461104697483,1.740228991553741,2934.22006201895,6642.056907796134,0.891392008871064,27.69611111111111
137.0,59173.4,52.3466049,-2.0769265,99.86,50.709,106.62,0.03,0.1,4.700012,99.87999,99.75999,99.76999,99.36,1.700012,99.59,0.009180069,0.07956004,0.0,6.0,3.0,2481.0,86.0,0.0,0.0,0.0,13.8,10.5,18.5,2.146822710683514,1.7565909645659472,2936.3668847296335,6643.8134987607,0.8850390103938046,27.738888888888887
137.0,59173.5,52.3466206,-2.0768951,99.554,50.767,106.63,0.03,0.1,4.599976,99.59,99.64999,99.31999,99.20999,1.5,99.64,0.01937985,0.04997993,0.0,6.0,3.0,2471.0,86.0,0.0,-0.230011,0.0,13.8,10.5,18.5,2.1420158587162748,1.7490408136456126,2938.5089005883497,6645.5625395743455,0.8860513013599614,27.65388888888889
137.0,59173.6,52.3466366,-2.0768637,100.145,50.36600000000001,106.64,0.05,0.1,4.599976,99.59999,99.78999,99.8,99.2,1.899994,99.61,0.01937985,0.04997993,0.0,6.0,3.0,2472.0,86.0,0.0,0.0,0.0,13.8,10.5,18.5,2.1423654101672223,1.7744612135064497,2940.651265998517,6647.337000787852,0.8790525310594641,27.818055555555553
137.0,59173.7,52.3466524,-2.0768322,100.087,50.46,106.64,0.06,0.1,4.299988,99.70999,99.90999,99.83,99.40999,1.700012,99.8,0.01937985,0.06936002,0.0,6.0,3.0,2475.0,86.0,0.0,0.0,0.0,13.8,10.5,18.5,2.1440312663890198,1.7699183816396873,2942.795297264906,6649.106919169491,0.8806931405563387,27.801944444444445
137.0,59173.8,52.3466685,-2.076801,100.098,49.924,106.64,0.04,0.1,3.099976,99.89,99.89,99.67,99.17,1.600006,99.82,0.01937985,0.06936002,0.0,6.0,3.0,2488.0,86.0,0.0,0.0,0.0,13.8,10.5,18.0,2.127613975000098,1.7900946967644704,2944.922911239906,6650.897013866256,0.8713381757656491,27.805
137.0,59173.9,52.3466846,-2.0767699,99.868,49.832,106.64,0.05,0.1,2.700012,99.73999,99.89999,99.86,99.51999,1.899994,99.93999,0.009180069,0.07956004,0.0,6.0,3.0,2486.0,86.0,0.0,0.0,0.0,13.8,10.5,15.5,2.1198547628343785,1.7893876721600954,2947.0427660027403,6652.686401538416,0.8697324728538143,27.74111111111111
137.0,59174.0,52.3467006,-2.0767386,100.199,49.924,106.64,0.05,0.1,2.799988,99.67,99.87,100.07,99.65999,2.700012,99.82,0.009180069,0.08976007,0.0,6.0,3.0,2480.0,86.0,0.0,0.0,0.0,13.8,10.5,14.5,2.1297607612643095,1.7919009223071705,2949.1725267640045,6654.478302460723,0.8713381757656491,27.833055555555553
137.0,59174.1,52.3467169,-2.0767075,100.382,49.56,106.66,0.08,0.1,2.899963,99.70999,99.95,99.92,99.56,2.5,99.91,0.0,0.09995985,0.0,6.0,3.0,2474.0,86.0,0.0,0.0,0.0,13.8,10.5,14.0,2.122202767003727,1.808692348466355,2951.294729531008,6656.286994809189,0.8649851772883898,27.88388888888889
137.0,59174.2,52.3467331,-2.0766765,100.022,49.463,106.64,0.05,0.1,3.299988,99.84,100.06,99.92999,99.5,2.0,99.84,0.0,0.08976007,0.0,6.0,3.0,2475.0,86.0,0.0,0.0,0.0,13.8,10.5,14.0,2.111537802324436,1.8057831894377927,2953.406267333333,6658.092777998627,0.8632922079139552,27.78388888888889
137.0,59174.3,52.3467495,-2.0766457,100.202,49.106,106.63,0.03,0.1,3.399963,99.78,99.86,99.89,99.39999,2.0,99.9,0.0,0.08976007,0.0,6.0,3.0,2475.0,86.0,0.0,0.9499817,0.0,13.8,10.5,14.0,2.104024977277753,1.8221779830141385,2955.5102923106106,6659.914955981641,0.8570613824843355,27.833888888888886
137.0,59174.4,52.3467659,-2.076615,99.95,48.969,106.65,0.05,0.1,3.5999760000000003,99.83,99.95,100.01,99.47,1.899994,99.78,0.0,0.07956004,0.0,6.0,3.0,2472.0,86.0,0.0,0.0,0.0,13.8,10.5,13.5,2.09438147340548,1.822608434689572,2957.604673784016,6661.73756441633,0.8546702814091033,27.76388888888889
137.0,59174.5,52.3467825,-2.0765844,100.242,48.534,106.67,0.07,0.1,4.200012,99.50999,99.73999,99.67999,99.23999,2.0,99.73,0.0,0.05915999,0.0,6.0,3.0,2468.0,86.0,0.0,0.0,0.0,13.8,10.5,11.5,2.0865617212095304,1.84382765831927,2959.6912355052254,6663.58139207465,0.8470780991629279,27.845
137.0,59174.6,52.346799,-2.0765537,100.199,48.674,106.68,0.07,0.1,4.599976,99.59999,99.76999,99.97,99.31,2.100006,99.61,0.0,0.06936002,0.0,6.0,3.0,2476.0,86.0,0.0,0.0,0.0,13.8,10.5,9.5,2.0901638232634014,1.8379349845702757,2961.781399328489,6665.4193270592195,0.84952156011572,27.833055555555553
137.0,59174.7,52.3468156,-2.0765233,100.17,48.348,106.68,0.07,0.1,4.799988,99.69,99.70999,99.51999,99.03,1.399994,99.7,-0.009180069,0.05915999,0.0,6.0,3.0,2478.0,86.0,0.0,0.0,0.0,13.8,10.5,9.5,2.0790707060196816,1.849262352769564,2963.8604700345086,6667.2685894119895,0.8438317867542184,27.825
137.0,59174.8,52.3468323,-2.076493,100.004,48.011,106.67,0.04,0.1,5.200012,99.56999,99.73999,99.56999,99.00999,1.399994,99.63,-0.009180069,0.04997993,0.0,6.0,3.0,2478.0,86.0,0.0,0.0,0.0,13.8,10.5,9.5,2.064730573795074,1.858374111057354,2965.925200608304,6669.1269635230465,0.8379500271749976,27.77888888888889
137.0,59174.9,52.346849,-2.0764627,99.958,47.987,106.67,0.04,0.1,5.5,99.64,99.53999,99.70999,99.36,1.200012,99.67,-0.009180069,0.0397799,0.0,6.0,3.0,2479.0,86.0,0.0,0.0,0.0,13.8,10.5,9.5,2.0630025788262536,1.8583836046688273,2967.9882031871302,6670.985347127716,0.8375311481545189,27.76611111111111
137.0,59175.0,52.3468657,-2.0764326,99.752,47.882,106.68,0.06,0.1,5.700012,99.31999,99.56999,99.59,99.2,1.5,99.56,-0.009180069,0.01937985,0.0,6.0,3.0,2463.0,86.0,0.0,0.0,0.0,13.8,10.5,9.5,2.05534890548486,1.8583234678844498,2970.0435520926153,6672.8436705956,0.8356985524399249,27.708888888888886
137.0,59175.1,52.346882400000005,-2.0764024,99.846,47.878,106.7,0.07,0.1,6.0,99.22,99.28,99.75999,99.12,1.300018,99.35,0.0,0.02957988,0.0,6.0,3.0,2459.0,86.0,0.0,0.0,0.0,13.8,10.5,9.5,2.0571558740774534,1.8602182559443472,2972.100707966693,6674.703888851544,0.8356287392698452,27.735
137.0,59175.2,52.3468993,-2.0763724,99.94,47.573,106.72,0.09,0.1,6.0,99.23999,99.33,99.48999,98.92999,1.300018,99.29,-0.009180069,0.02957988,0.0,6.0,3.0,2462.0,86.0,0.0,0.0,0.0,13.8,10.5,9.5,2.049151718416526,1.8729041983361467,2974.1498596851093,6676.5767930498805,0.8303054850512624,27.76111111111111
137.0,59175.3,52.3469161,-2.0763426,99.536,47.346,106.72,0.08,0.1,5.700012,99.19,99.19,99.48999,98.98999,1.399994,99.2,-0.009180069,0.0397799,0.0,6.0,3.0,2467.0,86.0,0.0,0.0,0.0,13.8,10.5,9.5,2.033461918872696,1.8734041721945127,2976.1833216039818,6678.450197222075,0.8263435876492352,27.648888888888887
137.0,59175.4,52.346933,-2.0763127000000003,99.698,47.358,106.73,0.08,0.1,5.5,99.09999,99.28,99.28,98.78999,1.100006,99.18,-0.009180069,0.02957988,0.0,6.0,3.0,2457.0,86.0,0.0,0.0,0.0,13.8,10.5,9.5,2.0371644423335975,1.8760266130289507,2978.2204860463153,6680.326223835104,0.8265530271594745,27.693888888888885
137.0,59175.5,52.346949900000006,-2.0762829,99.616,47.202,106.74,0.09,0.1,5.399963,98.95,99.12999,99.20999,98.75,1.700012,99.14,-0.009180069,0.02957988,0.0,6.0,3.0,2465.0,86.0,0.0,0.0,0.0,13.8,10.5,9.5,2.030377686889899,1.8800187099638646,2980.2508637332053,6682.206242545069,0.8238303135263634,27.67111111111111
137.0,59175.6,52.3469667,-2.0762532,99.482,47.191,106.75,0.09,0.1,5.5,98.97,99.14,99.14,98.67,1.399994,99.02,-0.009180069,0.01937985,0.0,6.0,3.0,2464.0,86.0,0.0,0.0,0.0,13.8,10.5,9.5,2.027286003478473,1.8778790193553065,2982.2781497366836,6684.084121564424,0.8236383273086441,27.633888888888887
137.0,59175.7,52.3469836,-2.0762236,99.464,47.066,106.77,0.1,0.1,5.5,98.87,99.00999,99.23999,98.73,1.399994,99.05,-0.009180069,0.02957988,0.0,6.0,3.0,2463.0,86.0,0.0,0.0,0.0,13.8,10.5,9.5,2.0228182162560877,1.8819568210583946,2984.3009679529396,6685.966078385482,0.8214566657436512,27.628888888888888
137.0,59175.8,52.3470006,-2.076194,99.259,46.915,106.78,0.11,0.1,5.5,98.81999,99.03,98.95,98.62,1.100006,98.82999,-0.009180069,0.02957988,0.0,6.0,3.0,2459.0,86.0,0.0,0.0,0.0,13.8,10.5,9.5,2.0136925123947313,1.8833915339091616,2986.3146604653343,6687.849469919392,0.8188212185731397,27.571944444444444
137.0,59175.9,52.3470176,-2.0761646,99.288,46.69,106.78,0.1,0.1,5.5,98.75999,98.81999,99.00999,98.55,0.8999939,98.87,-0.009180069,0.0397799,0.0,6.0,3.0,2459.0,86.0,0.0,0.0,0.0,13.8,10.5,9.5,2.006867108286781,1.8918373105731512,2988.321527573621,6689.741307229965,0.8148942277561524,27.58
137.0,59176.0,52.34703460000001,-2.0761352000000004,99.292,46.581,106.8,0.11,0.1,5.5,98.67999,98.81999,98.84,98.39999,1.300018,98.73,-0.009180069,0.01937985,0.0,6.0,3.0,2445.0,86.0,0.0,0.0,0.0,13.8,10.5,9.5,2.003345135962903,1.8957281364816911,2990.324872709584,6691.637035366447,0.8129918188714788,27.58111111111111
137.0,59176.1,52.3470516,-2.076106,99.022,46.496,106.81,0.11,0.1,5.299988,98.56,98.73999,98.81,98.37999,1.5,98.66,-0.009180069,0.02957988,0.0,6.0,3.0,2443.0,86.0,0.0,0.0,0.0,13.8,10.5,9.5,1.9950906158003783,1.893535032502216,2992.3199633253844,6693.530570398949,0.8115082890072836,27.50611111111111
137.0,59176.2,52.3470687,-2.0760767,99.173,46.348,106.82,0.11,0.1,4.399963,98.45999,98.81999,98.59999,98.26999,1.800018,98.6,-0.009180069,0.0397799,0.0,6.0,3.0,2444.0,86.0,0.0,0.0,0.0,13.7,10.5,12.5,1.9932276711770691,1.901577529256641,2994.3131909965614,6695.432147928205,0.8089252017143318,27.548055555555557
137.0,59176.3,52.3470858,-2.0760476000000003,98.939,46.32899999999999,106.83,0.12,0.1,3.5,98.45999,98.67,98.73,98.17,1.800018,98.59,-0.009180069,0.05915999,0.0,6.0,3.0,2443.0,86.0,0.0,0.0,0.0,13.8,10.5,13.5,1.9878954157936708,1.8977500474414535,2996.301086412355,6697.329897975646,0.8085935891564529,27.483055555555552
137.0,59176.4,52.3471029,-2.0760186,98.921,46.07899999999999,106.84,0.11,0.1,3.0,98.31,98.75999,98.53999,98.37,2.100006,98.47,0.0,0.07956004,0.0,6.0,3.0,2443.0,86.0,0.0,0.0,0.0,13.8,10.5,13.5,1.9792358736008056,1.9060589518148785,2998.2803222859557,6699.235956927461,0.804230266026467,27.478055555555557
137.0,59176.5,52.3471201,-2.0759897,98.824,45.891000000000005,106.86,0.13,0.1,2.799988,98.36,98.67,98.50999,98.09,2.200012,98.53,0.0,0.06936002,0.0,6.0,3.0,2443.0,86.0,0.0,0.0,0.0,13.8,10.5,13.5,1.9710363765265435,1.9106675835306346,3000.2513586624823,6701.146624510992,0.8009490470327179,27.45111111111111
137.0,59176.6,52.3471374,-2.0759609,98.892,45.662,106.88,0.13,0.1,2.599976,98.40999,98.64999,98.51999,98.34,2.200012,98.4,0.0,0.06936002,0.0,6.0,3.0,2449.0,86.0,0.0,0.0,0.0,13.8,10.5,12.5,1.9647350787696358,1.919850272873401,3002.216093741252,6703.0664747838655,0.7969522430456507,27.47
137.0,59176.7,52.3471546,-2.0759321,98.824,45.591,106.9,0.14,0.1,2.599976,97.94,98.55,98.39999,98.06,2.399994,98.37,0.0,0.05915999,0.0,6.0,3.0,2443.0,86.0,0.0,0.0,0.0,13.8,10.5,12.0,1.9610051716863488,1.920961667750055,3004.177098912938,6704.987436451615,0.7957130592767349,27.45111111111111
137.0,59176.8,52.347172,-2.0759035000000003,98.784,45.308,106.91,0.14,0.1,2.5,98.48999,98.65999,98.23,98.05,2.300018,98.34,-0.009180069,0.07956004,0.0,6.0,3.0,2452.0,86.0,0.0,0.0,0.0,13.8,10.5,11.5,1.9507032321968052,1.9298427137714977,3006.127802145135,6706.917279165387,0.7907737774935908,27.44
137.0,59176.9,52.3471893,-2.075875,98.647,45.175,106.93,0.14,0.1,2.399963,98.01999,98.37,98.33,97.98999,2.5,98.34,0.0,0.08976007,0.0,6.0,3.0,2442.0,86.0,0.0,0.0,0.0,13.8,10.5,11.5,1.9435191195435426,1.9316829515562048,3008.0713212646783,6708.848962116944,0.7884524895884383,27.401944444444446
137.0,59177.0,52.3472068,-2.0758467,98.615,44.869,106.95,0.16,0.1,2.399963,98.09,98.45999,98.37,98.3,2.5,98.18,0.0,0.08976007,0.0,6.0,3.0,2444.0,86.0,0.0,0.0,0.0,13.8,10.5,11.5,1.9325477967153433,1.9414051457921406,3010.0038690613937,6710.790367262736,0.7831117820773357,27.393055555555552
137.0,59177.1,52.3472244,-2.0758184,98.798,44.662,106.98,0.18,0.1,2.200012,98.0,98.37999,98.15999,97.87999,2.200012,98.36,-0.009180069,0.08976007,0.0,6.0,3.0,2446.0,86.0,0.0,0.0,0.0,13.8,10.5,11.5,1.9290944224498245,1.9519900314114744,3011.9329634838437,6712.742357294148,0.7794989505257074,27.44388888888889
137.0,59177.2,52.347242,-2.0757905,98.428,44.24,106.99,0.17,0.1,2.200012,97.98999,98.37999,98.19,98.08,2.5,98.13,0.0,0.07956004,0.0,6.0,3.0,2440.0,86.0,0.0,0.0,0.0,13.8,10.5,11.5,1.9074948065734898,1.9587820529084903,3013.8404582904172,6714.701139347057,0.7721336610822914,27.34111111111111
137.0,59177.3,52.3472597,-2.0757626,98.539,44.06399999999999,107.01,0.18,0.1,0.8999634,97.87,98.34999,98.25,97.86,2.5,98.31,0.0,0.07956004,0.0,6.0,3.0,2444.0,86.0,0.0,0.0,0.0,13.8,10.5,11.5,1.9036132095848384,1.9668477762632375,3015.744071500002,6716.66798712332,0.7690618815987812,27.371944444444445
137.0,59177.4,52.3472774,-2.0757348,98.456,43.861,107.03,0.19,0.1,0.0,97.73999,98.23999,98.34,98.14,3.0,98.02,0.0,0.09995985,0.0,6.0,3.0,2425.0,86.0,0.0,0.0,0.0,13.8,10.5,7.0,1.895035153067051,1.9719175954405501,3017.639106653069,6718.639904718761,0.7655188632172328,27.34888888888889
137.0,59177.5,52.3472951,-2.0757072,98.258,43.654,107.06,0.2,0.1,0.0,97.51999,98.05,98.14999,97.78,3.600006,97.84,0.0,0.1091398999999999,0.0,6.0,3.0,2418.0,86.0,0.0,0.0,0.0,13.8,10.5,0.0,1.8841019353074964,1.9747717853363893,3019.5232085883767,6720.614676504097,0.7619060316656047,27.293888888888887
137.0,59177.6,52.3473131,-2.0756795,98.737,43.388000000000005,107.09,0.21,0.1,0.0,97.56,98.12,97.73999,97.76999,3.700012,97.79,-0.009180069,0.12954,0.0,6.0,3.0,2420.0,86.0,0.0,0.0,0.0,13.8,10.5,0.0,1.8840536921450608,1.9931669525408506,3021.407262280522,6722.607843456638,0.7572634558552997,27.42694444444444
137.0,59177.7,52.347331,-2.0756522,98.262,43.133,107.09,0.18,0.1,0.0,97.58,98.09,97.70999,97.47,4.0,97.82,-0.01938009,0.16014,0.0,6.0,3.0,2428.0,86.0,0.0,0.0,0.0,13.8,10.5,0.0,1.8661433287489448,1.991903443082974,3023.273405609271,6724.599746899721,0.7528128662627143,27.294999999999998
137.0,59177.8,52.347349,-2.0756252,97.945,42.569,107.11,0.18,0.1,0.0,97.53,97.94,97.56999,97.64,3.5,97.71,-0.01938009,0.16014,0.0,6.0,3.0,2413.0,86.0,0.0,0.0,0.0,13.8,10.5,0.0,1.8404888583880905,2.0036913490306256,3025.113894467659,6726.603438248751,0.7429692092814661,27.206944444444442
137.0,59177.9,52.3473672,-2.0755984,98.107,42.18600000000001,107.12,0.18,0.1,0.0,97.37,97.75999,97.53999,97.33,4.300018,97.68,-0.02958012,0.1693199,0.0,6.0,3.0,2419.0,86.0,0.0,0.0,0.0,13.8,10.5,0.0,1.8300758687668495,2.019283802388393,3026.943970336426,6728.62272205114,0.736284598246328,27.251944444444444
137.0,59178.0,52.3473853,-2.0755717,97.78,42.127,107.16,0.21,0.1,0.0,96.92999,97.61,97.51999,97.62999,4.700012,97.32999,-0.01938009,0.1897199,0.0,6.0,3.0,2400.0,86.0,0.0,0.0,0.0,13.8,10.5,0.0,1.8219026692030416,2.0144304981438466,3028.765873005629,6730.637152549284,0.7352548539876512,27.16111111111111
137.0,59178.1,52.3474036,-2.0755453,97.841,41.495,107.18,0.21,0.1,0.0,96.67999,97.40999,97.17999,97.09,4.600006,97.04,-0.01938009,0.2101199999999999,0.0,6.0,3.0,2388.0,86.0,0.0,0.0,0.0,13.8,10.5,0.0,1.8006948091237043,2.0356731668427486,3030.566567814753,6732.672825716127,0.724224373115047,27.178055555555552
137.0,59178.2,52.3474221,-2.0755192,97.902,40.875,107.19,0.2,0.1,0.0,96.72,97.31,96.89999,96.8,5.0,96.95,-0.03978014,0.2101199999999999,0.0,6.0,3.0,2400.0,86.0,0.0,0.0,0.0,13.8,10.5,0.0,1.779670573381366,2.0563202329015877,3032.346238388134,6734.729145949028,0.7134033317526822,27.195
137.0,59178.3,52.3474405,-2.0754934,97.438,40.591,107.21,0.19,0.1,0.0,96.7,97.2,96.61,96.55,5.399994,96.98,-0.03978014,0.2193,0.0,6.0,3.0,2397.0,86.0,0.0,0.0,0.0,13.8,10.5,0.0,1.7610698987094802,2.0553288103487253,3034.107308286844,6736.784474759376,0.7084465966770184,27.066111111111113
137.0,59178.4,52.3474591,-2.0754679,97.103,40.152,107.22,0.18,0.1,0.0,96.19,96.81999,96.7,96.67,5.700012,96.78,-0.03978014,0.2193,0.0,6.0,3.0,2393.0,86.0,0.0,0.0,0.0,13.8,10.5,0.0,1.7392700544230437,2.0616490821228832,3035.8465783412666,6738.846123841499,0.7007846012607633,26.973055555555554
137.0,59178.5,52.3474778,-2.0754428,97.063,39.518,107.23,0.18,0.1,0.0,96.19,96.73999,96.69,96.62,6.0,96.47,-0.03978014,0.2396998,0.0,6.0,3.0,2385.0,86.0,0.0,0.0,0.0,13.8,10.5,0.0,1.715644071719764,2.0799110320939014,3037.5622224129866,6740.926034873593,0.6897192138031192,26.961944444444445
137.0,59178.6,52.3474966,-2.0754179,97.052,39.02,107.23,0.16,0.1,0.0,95.87999,96.67,96.34,96.37999,5.899994,96.41,-0.03978014,0.26928,0.0,6.0,3.0,2387.0,86.0,0.0,0.0,0.0,13.8,10.5,0.0,1.6973090739770242,2.094506817518106,3039.2595314869636,6743.020541691111,0.6810274741281874,26.95888888888889
137.0,59178.7,52.3475156,-2.0753934000000003,96.898,38.444,107.23,0.15,0.1,0.0,95.92999,96.45999,95.98999,96.26999,5.300018,96.17,-0.04997993,0.2600999,0.0,6.0,3.0,2373.0,86.0,0.0,-0.230011,0.0,13.8,10.5,0.0,1.6735076752789138,2.108113477552704,3040.9330391622425,6745.1286551686635,0.6709743776367001,26.91611111111111
137.0,59178.8,52.3475347,-2.0753693,96.592,37.642,107.23,0.13,0.1,0.0,95.73999,96.20999,95.98,96.01999,4.700012,96.13,-0.03978014,0.2396998,0.0,6.0,3.0,2367.0,86.0,0.0,0.0,0.0,13.8,10.5,3.0,1.6386451223018152,2.124600526622445,3042.5716842845445,6747.253255695286,0.6569768370357055,26.83111111111111
137.0,59178.9,52.3475537,-2.0753457,95.904,37.37,107.25,0.14,0.1,0.0,95.56999,96.09999,95.78,96.14999,4.800018,95.9,-0.03978014,0.1999198999999999,0.0,6.0,3.0,2397.0,86.0,0.0,0.0,0.0,13.8,10.5,7.5,1.6169409124264946,2.117167467566365,3044.188625196971,6749.370423162852,0.6522295414702809,26.639999999999997
137.0,59179.0,52.347573,-2.0753219,96.678,36.923,107.23,0.1,0.1,0.0,95.62,96.08,95.70999,95.59999,5.200012,96.07,-0.03978014,0.2101199999999999,0.0,6.0,3.0,2401.0,86.0,0.0,-0.230011,0.0,13.7,10.5,12.0,1.613290468260753,2.146905707062842,3045.8019156652317,6751.517328869914,0.6444279197138664,26.854999999999997
136.0,59179.1,52.3475922,-2.075299,95.461,36.304,107.26,0.12,0.1,0.0,95.59,95.92999,95.81,96.0,4.399994,95.84,-0.01938009,0.2101199999999999,0.0,6.0,3.0,2394.0,86.0,0.0,0.0,0.0,13.8,10.5,13.0,1.5699872494528166,2.13696594807992,3047.3719029146846,6753.654294817994,0.6336243316440214,26.516944444444444
136.0,59179.2,52.3476117,-2.0752762,96.106,35.683,107.26,0.12,0.1,0.0,95.33,95.89,95.65999,95.75,4.399994,95.63,0.0,0.1897199,0.0,6.0,3.0,2410.0,86.0,0.0,0.0,0.0,13.8,10.5,13.0,1.5571847901807288,2.1684093280092895,3048.929087704865,6755.822704146003,0.6227858369891366,26.696111111111108
136.0,59179.3,52.3476313,-2.0752534,96.361,35.587,107.29,0.14,0.1,0.0,95.39,95.83,95.56,95.48999,5.399994,95.59,-0.009180069,0.1897199,0.0,6.0,3.0,2431.0,86.0,0.0,0.0,0.0,13.8,10.5,13.0,1.5576714655469737,2.176775770340275,3050.4867591704124,6757.999479916343,0.6211103209072221,26.766944444444444
136.0,59179.4,52.3476509,-2.075231,95.85,34.981,107.29,0.13,0.1,0.0,95.37,95.73,95.45,95.50999,4.100006,95.56,0.0,0.16014,0.0,6.0,3.0,2464.0,86.0,0.0,0.0,0.0,13.8,10.5,13.0,1.5264239333888405,2.1814986192014287,3052.013183103801,6760.180978535544,0.6105336256401365,26.624999999999996
136.0,59179.5,52.3476708,-2.0752092,95.893,34.038000000000004,107.26,0.07,0.1,0.0,95.37,95.7,95.58,95.25999,3.700012,95.64,-0.009180069,0.13974,0.0,6.0,3.0,2488.0,86.0,0.0,0.0,0.0,13.8,10.5,13.0,1.490983304509288,2.207314404211317,3053.5041664083105,6762.388292939756,0.59407517079383,26.636944444444445
137.0,59179.6,52.3476906,-2.0751874,95.72,34.006,107.25,0.06,0.1,0.0,95.20999,95.59999,95.39,95.37999,3.700012,95.46,0.0,0.14994,0.0,6.0,3.0,2512.0,86.0,0.0,0.0,0.0,13.8,10.5,13.0,1.4870626253549053,2.2041630773900027,3054.9912290336656,6764.592456017146,0.5935166654331917,26.58888888888889
137.0,59179.7,52.3477103,-2.0751654,95.746,34.158,107.24,0.04,0.1,0.0,95.2,95.47,95.62999,95.3,3.700012,95.41,0.0,0.13974,0.0,6.0,3.0,2521.0,86.0,0.0,0.0,0.0,13.8,10.5,13.0,1.4933103219899309,2.200807929962087,3056.4845393556557,6766.793263947108,0.5961695658962232,26.59611111111111
137.0,59179.8,52.3477304,-2.075144,96.073,33.124,107.22,0.01,0.1,0.7000122,95.28999,95.56999,95.23999,95.39,3.5,95.32,-0.009180069,0.1193398999999999,0.0,6.0,3.0,2519.0,86.0,0.0,0.0,0.0,13.8,10.5,9.0,1.4583155939171937,2.235004623338973,3057.942854949573,6769.028268570447,0.5781228614306018,26.686944444444443
137.0,59179.9,52.3477504,-2.0751228,95.436,33.186,107.22,0.01,0.1,0.8999634,95.34999,95.56999,95.28,94.92,3.0,95.50999,-0.009180069,0.1193398999999999,0.0,6.0,3.0,2520.0,86.0,0.0,0.0,0.0,13.8,10.5,4.5,1.4510480384448918,2.21861681912971,3059.3939029880175,6771.246885389577,0.5792049655668382,26.51
137.0,59180.0,52.3477705,-2.0751018,95.537,32.684,107.22,0.01,0.1,0.8999634,95.25,95.42999,95.31,95.20999,2.700012,95.32,-0.009180069,0.1091398999999999,0.0,6.0,3.0,2489.0,86.0,0.0,-0.230011,0.0,13.8,10.5,2.5,1.4330690791677574,2.2336062636532,3060.826972067185,6773.48049165323,0.5704434127218266,26.538055555555555
137.0,59180.1,52.3477906,-2.0750805,95.915,32.922,107.3,0.1,0.1,1.299988,94.87999,95.08,95.23999,95.03,3.0,95.11,0.0,0.1091398999999999,0.0,6.0,3.0,2472.0,86.0,0.0,0.0,0.0,13.8,10.5,0.5,1.44804154575964,2.2364480264737274,3062.275013612945,6775.716939679704,0.5745972963415731,26.643055555555556
137.0,59180.2,52.347810800000005,-2.0750597,95.594,32.313,107.3,0.09,0.1,2.899963,94.87,95.12,95.25,94.90999,3.0,94.97,-0.009180069,0.09995985,0.0,6.0,3.0,2447.0,86.0,0.0,0.0,0.0,13.8,10.5,0.0,1.4194225154356817,2.2441768811546043,3063.6944361283804,6777.961116560859,0.5639682411969278,26.553888888888885
137.0,59180.3,52.3478309,-2.0750391,95.292,32.007,107.27,0.05,0.1,3.799988,94.94,95.09,94.84,94.56999,2.300018,95.07,-0.01938009,0.06936002,0.0,6.0,3.0,2420.0,86.0,0.0,0.0,0.0,13.8,10.5,0.0,1.4029705339744485,2.244611922092425,3065.097406662355,6780.205728482952,0.5586275336858251,26.47
137.0,59180.4,52.3478511,-2.0750186,95.029,31.94,107.25,0.02,0.1,3.799988,94.75,94.98999,95.05,94.48,2.0,94.95,-0.01938009,0.06936002,0.0,6.0,3.0,2388.0,86.0,0.0,0.0,0.0,13.8,10.5,0.0,1.3964799275247977,2.240051466384467,3066.49388658988,6782.445779949336,0.5574581630869889,26.396944444444443
137.0,59180.5,52.3478715,-2.0749985000000004,95.296,31.233,107.28,0.06,0.1,3.799988,94.75,94.81,94.89999,94.62999,1.800018,94.79,-0.01938009,0.05915999,0.0,6.0,3.0,2346.0,86.0,0.0,-0.230011,0.0,13.8,10.5,0.0,1.37257893591099,2.2634540638725933,3067.8664655257908,6784.7092340132085,0.545118685275389,26.471111111111114
137.0,59180.6,52.34789179999999,-2.0749784,95.09,31.275,107.3,0.07,0.1,3.899963,94.45999,94.59999,94.84,94.39999,1.899994,94.59,-0.01938009,0.05915999,0.0,6.0,3.0,2322.0,86.0,0.0,0.0,0.0,13.8,10.5,0.0,1.3712670953558734,2.2575566029537213,3069.2377326211467,6786.966790616162,0.5458517235612266,26.413888888888888
137.0,59180.7,52.3479122,-2.0749585,95.123,30.95,107.31,0.08,0.1,4.700012,94.40999,94.67999,94.59999,94.42999,2.300018,94.49,-0.02958012,0.04997993,0.0,6.0,3.0,2325.0,86.0,0.0,0.0,0.0,13.8,10.5,0.0,1.358910952423769,2.2660846569143174,3070.5966435735704,6789.232875273076,0.540179403492245,26.423055555555557
137.0,59180.8,52.347932400000005,-2.0749386,94.756,30.95,107.33,0.09,0.1,5.599976,94.26999,94.34999,94.42999,93.92,1.800018,94.43999,-0.02958012,0.04997993,0.0,6.0,3.0,2311.0,86.0,0.0,0.0,0.0,13.8,10.5,0.0,1.3536680530246803,2.2573417338663946,3071.950311626595,6791.490217006943,0.540179403492245,26.32111111111111
137.0,59180.9,52.3479528,-2.0749191,94.561,30.487,107.33,0.09,0.1,5.700012,94.06,94.19,94.42,94.01999,1.200012,94.16,-0.02958012,0.0397799,0.0,6.0,3.0,2298.0,86.0,0.0,0.0,0.0,13.8,10.5,0.0,1.332634651940902,2.2635389523756073,3073.2829462785357,6793.753755959318,0.5320985290555112,26.266944444444444
137.0,59181.0,52.3479732,-2.0748995,94.727,30.483,107.35,0.1,0.1,5.599976,93.94,93.98999,94.12999,93.73,1.300018,94.04,-0.03978014,0.01937985,0.0,6.0,3.0,2313.0,86.0,0.0,0.0,0.0,13.8,10.5,9.0,1.334815760712437,2.267605744315182,3074.617762039248,6796.021361703633,0.5320287158854314,26.313055555555557
137.0,59181.1,52.3479935,-2.07488,94.464,30.355,107.36,0.1,0.1,5.599976,93.86,94.00999,94.08,93.50999,1.5,93.91,-0.03978014,0.01937985,0.0,6.0,3.0,2359.0,86.0,0.0,0.0,0.0,13.8,10.5,14.5,1.3260546464056873,2.264278047136855,3075.943816685654,6798.28563975077,0.5297946944428787,26.24
137.0,59181.2,52.3480138,-2.0748607,94.036,30.292,107.36,0.1,0.1,5.399963,93.98,93.92999,93.92999,93.64999,1.800018,93.82,-0.02958012,0.01937985,0.0,6.0,3.0,2364.0,86.0,0.0,0.0,0.0,13.7,10.5,17.5,1.3175673019782572,2.2554691001093015,3077.261383987632,6800.54110885088,0.5286951370141223,26.121111111111112
137.0,59181.3,52.3480342,-2.0748415,94.187,30.089,107.38,0.11,0.1,5.200012,93.7,93.8,93.95999,93.48,1.700012,93.85,-0.009180069,0.0397799,0.0,6.0,3.0,2413.0,86.0,0.0,0.0,0.0,13.8,10.5,20.0,1.3116707427288028,2.263752332456034,3078.573054730361,6802.804861183336,0.5251521186325738,26.163055555555555
137.0,59181.4,52.3480545,-2.0748223,94.01,30.057,107.41,0.13,0.1,5.099976,93.75,93.81999,93.95,93.59999,1.5,93.68999,0.0,0.0397799,0.0,6.0,3.0,2436.0,86.0,0.0,0.0,0.0,13.8,10.5,21.5,1.307943652314741,2.260229044009019,3079.880998382676,6805.065090227345,0.5245936132719357,26.11388888888889
137.0,59181.5,52.34807490000001,-2.0748034,94.003,29.651,107.42,0.13,0.1,5.0,93.67999,93.76999,93.75,93.3,1.5,93.75999,0.0,0.01937985,0.0,6.0,3.0,2467.0,86.0,0.0,0.0,0.0,13.8,10.5,23.0,1.2917986885021424,2.269271375371768,3081.172797071178,6807.334361602716,0.5175075765088386,26.111944444444443
137.0,59181.6,52.3480952,-2.0747844,93.946,29.764,107.44,0.15,0.1,5.0,93.69,93.89,93.83,93.3,1.800018,93.68,0.0,0.02957988,0.0,6.0,3.0,2512.0,86.0,0.0,0.0,0.0,13.8,10.5,23.5,1.2954856683303217,2.2653447937091844,3082.4682827395086,6809.599706396425,0.5194797985635923,26.09611111111111
137.0,59181.7,52.3481157,-2.0747656,93.971,29.436,107.47,0.15,0.1,4.700012,93.55,93.62999,93.53,93.28999,1.5,93.82,0.0,0.02957988,0.0,6.0,3.0,2573.0,86.0,0.0,-0.230011,0.0,13.7,10.5,24.0,1.2828374229621087,2.273328669509126,3083.7511201624707,6811.873035065934,0.5137551186170508,26.103055555555557
137.0,59181.8,52.348136100000005,-2.0747468,93.884,29.39,107.48,0.16,0.1,3.700012,93.78999,93.87999,94.20999,93.34,1.700012,93.73,0.0,0.04997993,0.0,6.0,3.0,2640.0,86.0,0.0,0.0,0.0,13.8,10.5,24.5,1.2798258812341654,2.272252224228929,3085.0309460437047,6814.145287290164,0.5129522671611335,26.078888888888887
137.0,59181.9,52.3481565,-2.0747281,93.733,29.307,107.52,0.19,0.1,3.700012,93.87,93.97,93.65999,93.64,2.0,93.66,0.009180069,0.06936002,0.0,6.0,3.0,2622.0,86.0,0.0,0.0,0.0,13.8,10.5,25.0,1.274479767673367,2.2704462296698646,3086.305425811378,6816.415733519833,0.5115036438819781,26.036944444444444
137.0,59182.0,52.34817710000001,-2.0747097,93.848,28.831,107.56,0.21,0.1,3.799988,93.73,93.78999,93.69,93.23,2.300018,93.82,0.01937985,0.04997993,0.0,6.0,3.0,2614.0,86.0,0.0,0.0,0.0,13.8,10.5,26.0,1.2571141141355904,2.283754317577404,3087.5625399255136,6818.699487837411,0.5031958766424851,26.06888888888889
137.0,59182.1,52.3481977,-2.0746914000000003,94.129,28.71,107.59,0.22,0.1,3.799988,93.78999,94.03,93.92,93.53999,2.200012,93.82,0.01937985,0.04997993,0.0,6.0,3.0,2614.0,86.0,0.0,0.0,0.0,13.8,10.5,27.0,1.2560379776184403,2.293250016153673,3088.818577903132,6820.992737853564,0.501084028247572,26.146944444444443
137.0,59182.2,52.3482183,-2.074673,93.902,28.68,107.63,0.24,0.1,3.799988,93.83,93.94,93.84,93.44,1.899994,93.93,0.02957988,0.0397799,0.0,6.0,3.0,2598.0,86.0,0.0,0.0,0.0,13.8,10.5,27.0,1.2518109174861398,2.2883754111905508,3090.070388820618,6823.281113264755,0.5005604294719737,26.08388888888889
137.0,59182.3,52.3482389,-2.0746547000000004,94.032,28.41,107.66,0.25,0.1,3.799988,93.73999,94.09,93.97,93.59,1.899994,93.93,0.02957988,0.05915999,0.0,6.0,3.0,2587.0,86.0,0.0,0.0,0.0,13.7,10.5,27.5,1.242731429359693,2.2974252097688868,3091.3131202499776,6825.578538474524,0.49584804049158904,26.119999999999997
137.0,59182.4,52.348259600000006,-2.0746366,94.151,28.286,107.7,0.28,0.1,3.099976,93.95999,94.01999,93.81,93.56999,1.899994,93.98,0.02957988,0.05915999,0.0,6.0,3.0,2589.0,86.0,0.0,0.0,0.0,13.8,10.5,28.5,1.2393228299519645,2.303020206615567,3092.5524430799296,6827.88155868114,0.4936838322191161,26.153055555555554
137.0,59182.5,52.3482805,-2.0746185,94.442,27.948,107.75,0.3,0.1,1.599976,94.06999,94.09999,94.09,93.53999,1.899994,94.0,0.02957988,0.05915999,0.0,6.0,3.0,2558.0,86.0,0.0,0.0,0.0,13.7,10.5,28.5,1.2295037537991451,2.3174317210523134,3093.781946833729,6830.198990402192,0.4877846193473752,26.233888888888885
137.0,59182.6,52.3483014,-2.0746006,94.536,27.684,107.78,0.3,0.1,1.200012,94.14,94.23,93.95999,93.8,3.100006,94.22,0.01937985,0.06936002,0.0,6.0,3.0,2542.0,86.0,0.0,0.0,0.0,13.8,10.5,29.5,1.220025889811649,2.32538444739559,3095.0019727235403,6832.524374849588,0.4831769501221102,26.259999999999998
137.0,59182.7,52.3483221,-2.0745829,93.917,27.571,107.82,0.31,0.1,0.5,94.15999,94.25,94.03999,93.94,3.100006,94.32999,0.02957988,0.08976007,0.0,6.0,3.0,2533.0,86.0,0.0,0.0,0.0,13.8,10.5,29.5,1.20747894116522,2.3125442770550473,3096.2094516647057,6834.836919126643,0.48120472806735665,26.088055555555556
137.0,59182.8,52.348343,-2.0745652000000003,94.19,27.541,107.87,0.34,0.1,0.0,94.12,94.44,94.34,94.12,3.200012,94.18999,0.0397799,0.1193398999999999,0.0,6.0,3.0,2546.0,86.0,0.0,0.0,0.0,13.8,10.5,29.5,1.2097743364850144,2.31990018593117,3097.419226001191,6837.156819312574,0.4806811292917583,26.163888888888888
137.0,59182.9,52.348364100000005,-2.0745476000000003,94.813,27.076,107.9,0.33,0.1,0.0,94.36,94.59,94.12999,94.14,4.0,94.47,0.02957988,0.13974,0.0,6.0,3.0,2526.0,86.0,0.0,0.0,0.0,13.7,10.5,29.5,1.198783903962698,2.3450508690212852,3098.6180099051535,6839.501870181595,0.4725653482699847,26.336944444444445
137.0,59183.0,52.3483851,-2.0745303,94.284,26.812,107.95,0.35,0.1,0.0,94.25,94.67,94.5,94.20999,4.300018,94.52,0.0397799,0.1693199,0.0,6.0,3.0,2504.0,86.0,0.0,0.0,0.0,13.8,10.5,29.5,1.18133785619046,2.3374348909715814,3099.799347761344,6841.839305072567,0.46795767904471963,26.19
137.0,59183.1,52.3484062,-2.0745134,94.212,26.33,108.02,0.39,0.1,0.0,94.42999,94.73999,94.20999,94.39999,4.800018,94.57999,0.02957988,0.1795198999999999,0.0,6.0,3.0,2507.0,86.0,0.0,0.0,0.0,13.7,10.5,29.5,1.160745565085932,2.3454975449003017,3100.96009332643,6844.1848026174675,0.45954519205010697,26.17
137.0,59183.2,52.3484275,-2.0744966,94.73,25.852,108.08,0.41,0.1,0.0,94.42,94.78999,94.48999,94.25999,4.200012,94.63,0.0397799,0.1693199,0.0,6.0,3.0,2511.0,86.0,0.0,0.0,0.0,13.7,10.5,29.5,1.1474119238258635,2.3680484289030352,3102.107505250256,6846.552851046371,0.45120251822557406,26.31388888888889
137.0,59183.3,52.34844880000001,-2.0744799,94.525,25.635,108.13,0.43,0.1,0.0,94.59999,94.92999,94.45999,94.55,4.100006,94.74,0.0397799,0.1795198999999999,0.0,6.0,3.0,2492.0,86.0,0.0,0.0,0.0,13.8,10.5,27.5,1.135971428573831,2.367243170662945,3103.2434766788297,6848.920094217034,0.4474151537487464,26.256944444444446
136.0,59183.4,52.3484705,-2.074463,95.911,25.343000000000004,108.16,0.42,0.1,0.0,94.67999,94.87999,94.50999,94.45999,3.899994,94.81,0.0397799,0.1795198999999999,0.0,6.0,3.0,2475.0,86.0,0.0,0.0,0.0,13.8,10.5,20.0,1.1403717974356151,2.4077965448563354,3104.3838484762655,6851.32789076189,0.442318792332923,26.641944444444444
136.0,59183.5,52.34849199999999,-2.0744471,94.939,24.682,108.22,0.44,0.1,0.0,94.58,94.92999,94.59999,94.53,3.899994,94.74,0.04997993,0.1693199,0.0,6.0,3.0,2444.0,86.0,0.0,0.0,0.0,13.8,10.5,13.0,1.1012439729959693,2.3962588027482954,3105.4850924492616,6853.724149564638,0.4307821659772404,26.37194444444444
136.0,59183.6,52.3485138,-2.074431,95.684,24.287,108.27,0.45,0.1,0.0,94.50999,94.81999,94.64,94.56999,4.399994,94.78,0.0397799,0.14994,0.0,6.0,3.0,2391.0,86.0,0.0,0.0,0.0,13.8,10.5,11.5,1.093209786119644,2.4226567460561252,3106.578302235381,6856.146806310694,0.4238881154318628,26.578888888888887
136.0,59183.7,52.3485355,-2.0744153,95.267,23.971,108.32,0.45,0.1,0.0,94.31999,94.78999,94.70999,94.39,4.100006,94.59,0.01937985,0.16014,0.0,6.0,3.0,2354.0,86.0,0.0,0.0,0.0,13.8,10.5,11.0,1.075125683359669,2.4180648995311524,3107.653427918741,6858.564871210226,0.41837287499556075,26.463055555555552
136.0,59183.8,52.3485573,-2.0744002000000004,95.036,23.228,108.37,0.46,0.1,0.0,94.23999,94.56,94.34,94.48,4.0,94.48,0.009180069,0.16014,0.0,6.0,3.0,2352.0,86.0,0.0,0.0,0.0,13.8,10.5,11.0,1.0411485159120115,2.4259066580339046,3108.694576434653,6860.990777868259,0.4054050786532429,26.398888888888887
