No of GPS Satellites Available,Time Since Start of Day (seconds),Latitude (degrees),Longitude (degrees),Velocity (km/hr),Heading (degrees),Height (km),Vertical velocity (km/hr),Sample period (seconds),Steering Angle (degrees),Wheel Speed Front Left (rad/sec),Wheel Speed Front Right (rad/sec),Wheel Speed Rear Left (rad/sec),Wheel Speed Rear Right (rad/sec),Yaw Rate (deg/sec),Indicated Vehicle Speed (km/hr),Indicated Longitudinal Acceleration (g),Indicated Lateral Acceleration (g),Handbrake (0 or 1),Gear Requested (Number fof gear employed 1-5),Gear (Number fof gear employed 1-5),Engine Speed (rev/min),Coolant Temperature (degrees),Clutch Position (0 or 1),Brake Pressure (psi),Brake Position (0 or 1),Battery Voltage (volts),Air Temperature (degrees),Accelerator Pedal Position (0 or 1),dx,dy,x_cum,y_cum,heading_rad
137.0,57840.7,52.2027963,-2.2002878,28.181,264.197,69.93,0.69,0.1,0.0,28.05,28.28,27.96,28.179990000000004,3.300018,28.12,0.13974,0.14994,0.0,3.0,3.0,1680.0,90.0,0.0,0.02999878,0.0,13.7,9.0,21.5,-0.7787940028632728,-0.07914820852579406,-0.7787940028632728,-0.07914820852579406,4.611107523891459
137.0,57840.8,52.202795300000005,-2.2002992000000003,28.091,262.572,69.99,0.68,0.1,0.0,28.11,28.61,28.129990000000003,28.45,6.100006,28.33,0.1193398999999999,0.1795198999999999,0.0,3.0,3.0,1725.0,90.0,0.0,-0.2000122,0.0,13.7,9.0,21.5,-0.7737573113676283,-0.10087806072681804,-1.552551314230901,-0.18002626925261211,4.582745923546551
137.0,57840.9,52.2027943,-2.2003106000000003,28.253,261.828,70.06,0.69,0.1,0.0,28.179990000000004,28.89,28.00999,28.81,8.700012,28.49,0.1193398999999999,0.1999198999999999,0.0,3.0,3.0,1752.0,90.0,0.0,0.02999878,0.0,13.7,9.0,21.5,-0.7768364942545998,-0.11155635896302646,-2.329387808485501,-0.2915826282156386,4.569760673911713
137.0,57841.0,52.2027931,-2.200322,28.548,260.784,70.11,0.67,0.1,0.0,28.23,29.11,28.11,28.929990000000004,10.20001,28.64,0.1193398999999999,0.1795198999999999,0.0,3.0,3.0,1793.0,90.0,0.0,0.02999878,0.0,13.8,9.0,21.5,-0.7827636224117933,-0.12700437562843028,-3.112151430897294,-0.4185870038440689,4.551539436520892
137.0,57841.1,52.2027919,-2.2003334,28.595,260.222,70.19,0.68,0.1,0.0,28.5,29.23,28.289990000000003,29.149990000000003,10.10001,28.86,0.12954,0.12954,0.0,3.0,3.0,1826.0,90.0,0.0,0.02999878,0.0,13.7,9.0,21.5,-0.7827668229927839,-0.13489779986420633,-3.894918253890078,-0.5534848037082752,4.541730686124684
137.0,57841.2,52.2027905,-2.2003449,28.822,259.244,70.27,0.7,0.1,0.0,28.75,29.45999,28.55,29.27,9.0,29.09,0.13974,0.08976007,0.0,3.0,3.0,1857.0,90.0,0.0,0.02999878,0.0,13.7,9.0,21.5,-0.7865450620840191,-0.14941558334328547,-4.6814633159740975,-0.7029003870515607,4.52466136604018
137.0,57841.3,52.2027889,-2.2003564,28.944000000000003,257.431,70.32,0.68,0.1,0.0,28.98,29.55,28.84999,29.48,6.800018,29.31,0.16014,0.0,0.0,3.0,3.0,1857.0,90.0,0.0,0.02999878,0.0,13.7,9.0,21.0,-0.784731855336771,-0.1749626109193313,-5.4661951713108685,-0.877862997970892,4.4930185467015225
137.0,57841.4,52.2027871,-2.2003678,28.872,256.35900000000004,70.37,0.66,0.1,10.20001,29.31,29.629990000000003,29.25,29.47,3.300018,29.52,0.1693199,-0.07956004,0.0,3.0,3.0,1858.0,90.0,0.0,0.02999878,0.0,13.7,9.0,19.5,-0.7793775750338621,-0.18914173398363626,-6.245572746344731,-1.0670047319545282,4.474308617120144
137.0,57841.5,52.20278570000001,-2.2003798,29.862,257.911,70.5,0.72,0.1,26.79999,29.72,29.66,29.75,29.5,-0.6000061,29.62,0.1693199,-0.1795201,0.0,3.0,3.0,1841.0,90.0,0.0,0.02999878,0.0,13.8,9.0,18.0,-0.8111045622378994,-0.17372288023419805,-7.05667730858263,-1.2407276121887263,4.501396127111096
137.0,57841.6,52.2027841,-2.2003916,29.711,257.697,70.55,0.71,0.1,40.20001,29.91,29.679990000000004,29.879990000000003,29.34999,-3.699982,29.69,0.14994,-0.2101199999999999,0.0,3.0,3.0,1814.0,90.0,0.0,0.02999878,0.0,13.7,9.0,16.5,-0.8063519338467353,-0.1758573820244529,-7.8630292424293655,-1.4165849942131792,4.497661122511827
137.0,57841.7,52.2027824,-2.2004034,29.819000000000003,257.46,70.62,0.7,0.1,50.20001,30.179990000000004,29.66,30.27,29.39,-6.399994,29.87,0.12954,-0.2193,0.0,3.0,3.0,1786.0,90.0,0.0,0.02999878,0.0,13.8,9.0,16.0,-0.808546049756933,-0.17984265007682967,-8.671575292186299,-1.596427644290009,4.4935246921846
137.0,57841.8,52.202781,-2.2004154,29.905,258.67400000000004,70.7,0.71,0.1,56.29999,30.31999,29.59999,30.429990000000004,29.55,-8.899994,29.98,0.1091398999999999,-0.2101199999999999,0.0,3.0,3.0,1753.0,90.0,0.0,0.02999878,0.0,13.6,9.0,7.5,-0.8145172018208747,-0.1631410063986271,-9.486092494007174,-1.759568650688636,4.5147129893038125
137.0,57841.9,52.2027796,-2.2004273,29.977,259.893,70.75,0.69,0.1,55.0,30.41,29.59,30.31,29.23,-9.699982,30.05,0.07956004,-0.2101199999999999,0.0,4.0,3.0,1753.0,90.0,0.0,0.02999878,0.0,13.6,9.0,0.0,-0.8197724818332136,-0.14612705375000104,-10.305864975840388,-1.9056957044386371,4.535988552885622
137.0,57842.0,52.2027782,-2.2004390000000003,29.488000000000003,259.578,70.82,0.69,0.1,47.79999,30.44,29.59,30.50999,29.379990000000003,-9.5,30.02,0.06936002,-0.16014,0.0,4.0,3.0,1727.0,90.0,0.0,0.02999878,0.0,13.7,9.0,0.0,-0.8055974847503693,-0.14817457578666354,-11.111462460590758,-2.0538702802253006,4.53049076574184
137.0,57842.1,52.2027773,-2.2004511,29.84,262.156,70.89,0.7,0.1,32.39996,30.12,29.47,30.3,29.289990000000003,-7.600006,29.94,0.04997993,-0.05915999,0.0,4.0,3.0,1692.0,90.0,0.0,0.02999878,0.0,13.7,9.0,0.0,-0.821133245990893,-0.1131237483993358,-11.932595706581651,-2.1669940286246363,4.575485353858254
137.0,57842.2,52.2027762,-2.2004631000000003,29.768,261.916,70.95,0.68,0.1,18.29999,29.81999,29.45,29.97,29.36,-4.0,29.64,0.0,0.01937985,0.0,4.0,3.0,1743.0,90.0,0.0,0.02999878,0.0,13.7,9.0,0.0,-0.8186720660186451,-0.11628105128809459,-12.751267772600297,-2.283275079912731,4.571296563653468
137.0,57842.3,52.202775200000005,-2.2004749,29.383000000000003,262.543,71.01,0.68,0.1,7.599976,29.47,29.3,29.59999,29.28,-1.699982,29.41,0.0,0.04997993,0.0,4.0,3.0,1776.0,90.0,0.0,0.02999878,0.0,13.7,9.0,0.0,-0.8092915133644327,-0.10592741636744377,-13.560559285964729,-2.389202496280175,4.582239778063473
137.0,57842.4,52.2027745,-2.2004870000000003,29.729,264.416,71.1,0.7,0.1,0.0,29.12,29.09,29.19,29.03,1.100006,29.11,0.0,0.1091398999999999,0.0,4.0,3.0,1785.0,90.0,0.0,-0.2000122,0.0,13.7,9.0,0.0,-0.8218867873383051,-0.08035498979615036,-14.382446073303035,-2.469557486076325,4.614929794953326
137.0,57842.5,52.202773500000006,-2.2004985,28.868,262.823,71.16,0.69,0.1,0.0,28.62,28.95,28.66,28.86,2.800018,28.82,-0.009180069,0.12954,0.0,4.0,3.0,1718.0,90.0,0.0,0.02999878,0.0,13.7,9.0,0.0,-0.795606036007908,-0.10018395875208892,-15.178052109310944,-2.5697414448284137,4.5871266999690565
137.0,57842.6,52.2027725,-2.2005102000000005,29.063,262.39,71.22,0.68,0.1,0.0,28.25999,28.87,28.379990000000003,28.87,5.100006,28.54,-0.009180069,0.13974,0.0,4.0,3.0,1640.0,90.0,0.0,-0.2000122,0.0,13.7,9.0,4.0,-0.8001951650996475,-0.10691098064283211,-15.978247274410592,-2.6766524254712456,4.5795694243079215
137.0,57842.7,52.2027715,-2.2005217000000004,28.573,262.263,71.28,0.67,0.1,0.0,27.88,28.56999,27.96,28.64,6.800018,28.11,0.0,0.1693199,0.0,4.0,3.0,1589.0,90.0,0.0,0.02999878,0.0,13.6,9.0,7.0,-0.7864690221371888,-0.10685199277762321,-16.764716296547782,-2.7835044182488686,4.577352856157888
137.0,57842.8,52.2027703,-2.2005331000000004,28.634,260.541,71.34,0.66,0.1,0.0,27.77,28.58,27.649990000000003,28.28,7.800018,28.14,-0.009180069,0.1193398999999999,0.0,4.0,3.0,1521.0,90.0,0.0,0.02999878,0.0,13.8,9.0,10.5,-0.7845743477484421,-0.13071563572506512,-17.549290644296224,-2.9142200539739336,4.547298286438546
137.0,57842.9,52.2027691,-2.2005443,28.12,260.737,71.39,0.65,0.1,0.0,27.43999,28.34999,27.79,28.25999,9.0,27.94,-0.009180069,0.1193398999999999,0.0,4.0,3.0,1419.0,90.0,0.0,0.02999878,0.0,13.7,9.0,12.5,-0.7709253205401899,-0.12573272466323185,-18.320215964836414,-3.0399527786371654,4.550719131772455
137.0,57843.0,52.2027678,-2.2005555,28.051,259.826,71.45,0.65,0.1,0.0,27.55,28.22,27.8,28.09,7.600006,27.9,0.009180069,0.07956004,0.0,4.0,3.0,1300.0,90.0,0.0,0.02999878,0.0,13.7,9.0,14.0,-0.7669422859171694,-0.1376354326662764,-19.087158250753586,-3.177588211303442,4.534819182286787
137.0,57843.1,52.2027664,-2.2005665,27.706,259.067,71.5,0.64,0.1,0.0,27.57999,27.96,27.16,27.74,7.0,27.75,0.009180069,0.0397799,0.0,4.0,3.0,1227.0,90.0,0.0,0.02999878,0.0,13.8,9.0,14.0,-0.7556423913639595,-0.14596519694583251,-19.842800642117545,-3.3235534082492744,4.52157213326415
137.0,57843.2,52.2027647,-2.2005772,27.36,257.325,71.56,0.63,0.1,0.0,27.12,27.719990000000003,27.34,27.719990000000003,5.200012,27.5,0.04997993,-0.01938009,0.0,4.0,3.0,1202.0,90.0,0.0,0.02999878,0.0,13.7,9.0,14.5,-0.7414790865820605,-0.16675959990787115,-20.584279728699606,-3.4903130081571456,4.491168497694408
137.0,57843.3,52.2027631,-2.2005881,27.385,256.64,71.62,0.63,0.1,5.200012,27.14,27.57999,27.28,27.46,2.600006,27.48,0.04997993,-0.06936002,0.0,4.0,3.0,1317.0,90.0,0.0,0.02999878,0.0,13.7,9.0,15.5,-0.7401080990822075,-0.17577269265037543,-21.324387827781813,-3.666085700807521,4.4792129923182475
137.0,57843.4,52.2027616,-2.2005991,27.616,257.368,71.67,0.62,0.1,17.0,27.31,27.42,27.18999,27.25999,0.3999939,27.38,0.05915999,-0.09996009,0.0,4.0,3.0,1365.0,90.0,0.0,-0.2000122,0.0,13.7,9.0,17.0,-0.7485430145019105,-0.16775819571787287,-22.072930842283725,-3.8338438965253943,4.491918989272766
137.0,57843.5,52.2027601,-2.2006098,27.346,257.058,71.73,0.61,0.1,28.20001,27.399990000000003,27.39,27.43999,27.11,-1.600006,27.32,0.05915999,-0.12954,0.0,4.0,3.0,1370.0,90.0,0.0,0.02999878,0.0,13.7,9.0,19.5,-0.7403149238343891,-0.17012599352109453,-22.813245766118115,-4.003969890046489,4.486508468591584
137.0,57843.6,52.2027587,-2.2006207,27.324,257.997,71.77,0.6,0.1,40.89996,27.75999,27.219990000000003,27.50999,27.04,-4.0,27.39,0.06936002,-0.14994,0.0,4.0,3.0,1358.0,91.0,0.0,0.02999878,0.0,13.7,9.0,20.0,-0.7424057652901954,-0.15784384582200056,-23.55565153140831,-4.161813735868489,4.502897110267811
137.0,57843.7,52.2027572,-2.2006317,27.529,258.176,71.83,0.59,0.1,49.39996,27.66,27.25,27.61,26.969990000000003,-6.199982,27.47,0.07956004,-0.1693201,0.0,4.0,3.0,1356.0,90.0,0.0,0.02999878,0.0,13.7,9.0,20.0,-0.7484688853246385,-0.15669052640504677,-24.304120416732946,-4.318504262273536,4.50602124962888
137.0,57843.8,52.2027558,-2.2006424,27.09,257.965,71.87,0.58,0.1,55.09998,27.89,27.149990000000003,27.68,26.85,-7.799988000000001,27.54,0.07956004,-0.2101199999999999,0.0,4.0,3.0,1355.0,91.0,0.0,0.02999878,0.0,13.7,9.0,20.0,-0.7359603601926796,-0.15690314918783926,-25.040080776925628,-4.475407411461376,4.502338604907171
137.0,57843.9,52.2027545,-2.2006535,27.59,259.133,71.92,0.57,0.1,55.39996,28.03,27.14,27.87,26.92,-8.699982,27.58,0.07956004,-0.2101199999999999,0.0,4.0,3.0,1329.0,90.0,0.0,0.02999878,0.0,13.7,9.0,20.0,-0.7526455902307984,-0.14448717769573513,-25.792726367156426,-4.619894589157111,4.522724050570465
137.0,57844.0,52.202753300000005,-2.2006644,27.302,259.925,71.96,0.56,0.1,51.29999,27.99,27.34,27.96,26.93,-9.0,27.69,0.08976007,-0.16014,0.0,4.0,3.0,1283.0,91.0,0.0,0.02999878,0.0,13.7,9.0,20.0,-0.7466942322213797,-0.13267038236715817,-26.539420599377806,-4.7525649715242695,4.536547058246262
137.0,57844.1,52.2027523,-2.2006753,27.158,260.976,72.02,0.56,0.1,42.79999,28.20999,27.56,28.12,27.18999,-8.0,27.85,0.08976007,-0.1193398999999999,0.0,4.0,3.0,1245.0,91.0,0.0,0.02999878,0.0,13.7,9.0,20.0,-0.7450516115360961,-0.11832451912633556,-27.2844722109139,-4.870889490650605,4.554890468684722
136.0,57844.2,52.202751600000006,-2.2006865,27.691,262.66200000000003,72.08,0.56,0.1,34.89996,28.25,27.73,28.11,27.219990000000003,-6.5,27.94,0.09995985,-0.06936002,0.0,4.0,3.0,1232.0,91.0,0.0,0.02999878,0.0,13.7,9.0,19.5,-0.7628947050272464,-0.09824338352066343,-28.047366915941147,-4.969132874171268,4.584316719873346
136.0,57844.3,52.2027507,-2.2006976,27.583,262.689,72.13,0.56,0.1,22.39996,28.179990000000004,27.75,28.399990000000003,27.68999,-4.5,27.96,0.1091398999999999,-0.009180069,0.0,4.0,3.0,1200.0,91.0,0.0,0.02999878,0.0,13.7,9.0,15.0,-0.759965306333829,-0.09750210185662789,-28.807332222274976,-5.0666349760278955,4.5847879587713845
136.0,57844.4,52.202749700000005,-2.2007087,27.655,262.228,72.19,0.56,0.1,10.89996,28.19,27.96,28.23,27.84,-2.100006,28.02,0.08976007,0.01937985,0.0,4.0,3.0,1197.0,91.0,0.0,0.02999878,0.0,13.7,9.0,12.0,-0.7611378450800312,-0.10388399906739759,-29.56847006735501,-5.170518975095293,4.5767419909196905
136.0,57844.5,52.2027489,-2.20072,27.857,262.958,72.25,0.57,0.1,0.7999878,28.09,28.00999,28.09,27.84,0.0,28.06,0.07956004,0.04997993,0.0,4.0,3.0,1230.0,91.0,0.0,0.02999878,0.0,13.7,9.0,11.5,-0.7679683921031413,-0.09486615065005008,-30.33643845945815,-5.265385125745343,4.589482894459249
136.0,57844.6,52.2027482,-2.2007314000000004,28.073,263.833,72.32,0.58,0.1,0.0,28.039990000000003,28.19,28.039990000000003,28.14,2.0,28.16,0.06936002,0.09995985,0.0,4.0,3.0,1261.0,91.0,0.0,0.02999878,0.0,13.7,9.0,11.5,-0.7752928225509911,-0.08377197488555538,-31.111731282009142,-5.349157100630898,4.6047545254142
136.0,57844.7,52.20274729999999,-2.2007429000000003,28.469,263.303,72.36,0.56,0.1,0.0,27.81,28.31,27.82999,28.149990000000003,4.5,28.16,0.05915999,0.13974,0.0,4.0,3.0,1285.0,91.0,0.0,-0.2000122,0.0,13.7,9.0,12.5,-0.7854096971179192,-0.09222274323977461,-31.897140979127062,-5.441379843870672,4.59550428037863
136.0,57844.8,52.20274630000001,-2.2007541,28.094,262.581,72.42,0.56,0.1,0.0,27.84,28.42,27.81,28.33,7.0,28.08,0.0397799,0.1693199,0.0,4.0,3.0,1297.0,91.0,0.0,0.02999878,0.0,13.7,9.0,16.0,-0.7738557834102411,-0.10076727833854018,-32.67099676253731,-5.5421471222092125,4.582903003179231
136.0,57844.9,52.2027454,-2.2007655,28.242,262.499,72.48,0.56,0.1,0.0,27.649990000000003,28.48999,27.56,28.31999,8.800018,28.13,0.0397799,0.1795198999999999,0.0,4.0,3.0,1313.0,91.0,0.0,0.02999878,0.0,13.7,9.0,19.5,-0.7777867064505721,-0.10241137275113354,-33.44878346898788,-5.6445584949603465,4.581471833192595
136.0,57845.0,52.2027444,-2.2007768000000003,28.037,262.03,72.53,0.56,0.1,0.0,27.75,28.48,27.63,28.3,9.600006,28.03,0.0397799,0.16014,0.0,4.0,3.0,1334.0,91.0,0.0,-0.2000122,0.0,13.7,9.0,21.5,-0.7712829199392859,-0.10798495623987014,-34.220066388927165,-5.752543451200217,4.573286239000741
136.0,57845.1,52.2027431,-2.200788,28.138,260.86400000000003,72.59,0.56,0.1,0.0,27.71,28.629990000000003,27.55,28.379990000000003,9.399994,28.12,0.05915999,0.1091398999999999,0.0,4.0,3.0,1320.0,91.0,0.0,-0.2000122,0.0,13.7,9.0,22.0,-0.7716957787394999,-0.12410299790086693,-34.991762167666664,-5.8766464491010835,4.552935699922489
136.0,57845.2,52.2027417,-2.2007993,28.166,259.558,72.64,0.56,0.1,0.0,27.71,28.629990000000003,27.66,28.399990000000003,8.399994,28.21,0.07956004,0.05915999,0.0,4.0,3.0,1307.0,91.0,0.0,-0.2000122,0.0,13.7,9.0,22.0,-0.7694316519262271,-0.14180023438227304,-35.76119381959289,-6.018446683483356,4.530141699891442
136.0,57845.3,52.2027401,-2.2008103,28.019,258.324,72.69,0.56,0.1,0.0,28.129990000000003,28.59999,27.89,28.52,6.399994,28.28,0.08976007,0.009180069,0.0,4.0,3.0,1305.0,91.0,0.0,0.02999878,0.0,13.7,9.0,22.0,-0.7622005986460546,-0.157511222559657,-36.523394418238944,-6.175957906043013,4.508604336921832
136.0,57845.4,52.2027385,-2.2008214999999995,28.138,257.756,72.74,0.56,0.1,3.5999760000000003,28.289990000000003,28.58,28.14,28.34999,3.800018,28.44,0.09995985,-0.07956004,0.0,4.0,3.0,1312.0,91.0,0.0,0.02999878,0.0,13.7,9.0,20.0,-0.7638320535153293,-0.16576043869060259,-37.28722647175427,-6.341718344733616,4.498690866770503
136.0,57845.5,52.2027368,-2.2008327000000003,28.289,257.043,72.79,0.55,0.1,17.59998,28.59,28.64,28.629990000000003,28.45999,0.2000122,28.51,0.12954,-0.12954,0.0,4.0,3.0,1303.0,91.0,0.0,-0.2000122,0.0,13.6,9.0,11.0,-0.7657978571734362,-0.17619311306219873,-38.05302432892771,-6.517911457795814,4.486246669203784
136.0,57845.6,52.2027351,-2.2008438,28.285,256.733,72.8,0.52,0.1,31.59998,28.789990000000003,28.67,28.73,28.45999,-2.0,28.58,0.12954,-0.16014,0.0,4.0,3.0,1277.0,91.0,0.0,0.02999878,0.0,13.8,9.0,8.5,-0.7647252107983048,-0.18030838028320398,-38.817749539726016,-6.6982198380790186,4.480836148522602
136.0,57845.7,52.2027337,-2.2008554,28.915,257.831,72.89,0.55,0.1,44.59998,29.05,28.539990000000003,28.89,28.28,-4.600006,28.77,0.09995985,-0.2101199999999999,0.0,4.0,3.0,1282.0,91.0,0.0,0.02999878,0.0,13.7,9.0,8.5,-0.785146736710376,-0.16931012202307033,-39.60289627643639,-6.867529960102089,4.4999998637095
136.0,57845.8,52.2027323,-2.2008668,28.57,258.316,72.97,0.57,0.1,55.29999,29.09999,28.47,29.34,28.75,-7.100006,28.72,0.08976007,-0.2397001,0.0,4.0,3.0,1298.0,91.0,0.0,0.02999878,0.0,13.7,9.0,8.5,-0.777167013782397,-0.1607172310847961,-40.380063290218786,-7.0282471911868845,4.508464710581672
136.0,57845.9,52.2027309,-2.2008782,28.663,258.73,73.02,0.57,0.1,62.70001,29.149990000000003,28.23,29.06,28.00999,-9.399994,28.83,0.06936002,-0.2397001,0.0,4.0,3.0,1305.0,91.0,0.0,0.02999878,0.0,13.7,9.0,8.5,-0.7808415235367536,-0.15560240513886409,-41.160904813755536,-7.183849596325748,4.515690373684929
136.0,57846.0,52.2027294,-2.2008894,28.357,258.532,73.05,0.54,0.1,64.79999000000001,29.16,28.16,29.08,27.98,-10.5,28.73,0.0397799,-0.2397001,0.0,4.0,3.0,1329.0,91.0,0.0,0.02999878,0.0,13.7,9.0,8.5,-0.7719688336617049,-0.1566098900568829,-41.93287364741724,-7.340459486382631,4.5122346217659794
136.0,57846.1,52.2027281,-2.2009008,28.465,259.269,73.07,0.52,0.1,60.59998,28.95999,27.87,29.02,27.61,-10.69998,28.65,0.02957988,-0.2101199999999999,0.0,4.0,3.0,1336.0,91.0,0.0,0.02999878,0.0,13.7,9.0,8.5,-0.776866936097756,-0.14722590829535995,-42.70974058351499,-7.487685394677991,4.5250976983531785
136.0,57846.2,52.2027268,-2.2009121,28.202,260.048,73.08,0.49,0.1,52.39996,28.929990000000004,27.93,28.87,27.87,-10.0,28.5,0.02957988,-0.13974,0.0,4.0,3.0,1313.0,91.0,0.0,0.02999878,0.0,13.7,9.0,8.5,-0.7716011442799822,-0.13538768548280267,-43.48134172779498,-7.623073080160793,4.538693813226214
136.0,57846.3,52.2027259,-2.2009234,28.048,261.73900000000003,73.1,0.47,0.1,42.79999,28.59999,27.93,28.67,27.71,-8.399994,28.34,0.01937985,-0.08976007,0.0,4.0,3.0,1308.0,91.0,0.0,0.02999878,0.0,13.8,9.0,8.5,-0.771026913963085,-0.11194472475892543,-44.25236864175806,-7.7350178049197185,4.5682073308774385
136.0,57846.4,52.2027251,-2.2009348,28.303,262.87,73.14,0.47,0.1,27.20001,28.48999,27.88,28.56999,27.63,-5.699982,28.19,0.009180069,-0.03978014,0.0,4.0,3.0,1305.0,91.0,0.0,0.02999878,0.0,13.7,9.0,11.0,-0.7801148690659038,-0.09758327488661406,-45.032483510823965,-7.832601079806333,4.587947004717494
136.0,57846.5,52.2027246,-2.2009462,28.03,264.225,73.2,0.47,0.1,14.5,28.12,27.96,28.34999,27.78,-3.299988,28.07,0.009180069,0.0,0.0,4.0,3.0,1300.0,91.0,0.0,-0.2000122,0.0,13.7,9.0,12.5,-0.7746594325621661,-0.07834555436106143,-45.80714294338613,-7.910946634167394,4.611596216082018
136.0,57846.6,52.2027239,-2.2009575,27.986,264.59,73.23,0.47,0.1,0.0,27.84,27.93999,28.02,27.899990000000003,-0.2999877999999999,27.95,0.009180069,0.09995985,0.0,4.0,3.0,1279.0,91.0,0.0,0.02999878,0.0,13.7,9.0,18.0,-0.7739260290832453,-0.07329383381527471,-46.581068972469375,-7.984240467982669,4.617966667851796
136.0,57846.7,52.2027233,-2.2009688,27.842,264.985,73.3,0.48,0.1,0.0,27.82999,28.02,27.63,27.89,2.5,27.9,0.009180069,0.14994,0.0,4.0,3.0,1280.0,91.0,0.0,0.02999878,0.0,13.7,9.0,21.5,-0.7704282376097785,-0.06760698299939706,-47.35149721007915,-8.051847450982066,4.624860718397175
136.0,57846.8,52.2027228,-2.2009801,27.688,264.948,73.37,0.49,0.1,0.0,27.61,28.19,27.54,27.91,5.600006,27.88,0.02957988,0.16014,0.0,4.0,3.0,1292.0,91.0,0.0,0.02999878,0.0,13.7,9.0,22.0,-0.7661232588712612,-0.0677277893559675,-48.11762046895041,-8.119575240338033,4.624214946573936
136.0,57846.9,52.2027222,-2.2009913,27.788,265.031,73.41,0.49,0.1,0.0,27.49,28.149990000000003,27.32999,28.08,7.5,27.93,0.0397799,0.1897199,0.0,4.0,3.0,1296.0,91.0,0.0,-0.2000122,0.0,13.7,9.0,22.0,-0.7689879051089412,-0.06685849673964742,-48.88660837405936,-8.18643373707768,4.625663569853091
136.0,57847.0,52.2027211,-2.2010024,27.799,262.716,73.42,0.47,0.1,0.0,27.32999,28.27,27.3,28.12,9.600006,27.93,0.04997993,0.2193,0.0,4.0,3.0,1291.0,91.0,0.0,0.02999878,0.0,13.7,9.0,22.0,-0.7659627480561826,-0.09790469151723614,-49.65257112211554,-8.284338428594916,4.585259197669423
136.0,57847.1,52.2027202,-2.2010136,27.842,262.87,73.47,0.47,0.1,0.0,27.50999,28.2,27.399990000000003,28.23999,10.5,28.01,0.06936002,0.1897199,0.0,4.0,3.0,1289.0,91.0,0.0,-0.2000122,0.0,13.7,9.0,17.0,-0.767408337792209,-0.0959938359676751,-50.41997945990775,-8.380332264562592,4.587947004717494
136.0,57847.2,52.2027191,-2.2010248,27.882,261.031,73.53,0.47,0.1,0.0,27.57999,28.61,27.42,28.41,9.600006,28.05,0.08976007,0.12954,0.0,4.0,3.0,1252.0,91.0,0.0,0.02999878,0.0,13.7,9.0,10.0,-0.7650300608741862,-0.12074458977046953,-51.18500952078194,-8.50107685433306,4.555850399773319
136.0,57847.3,52.2027178,-2.201036,28.073,259.926,73.57,0.47,0.1,0.0,27.66,28.53,27.62,28.22,8.5,28.07,0.09995985,0.06936002,0.0,4.0,3.0,1259.0,91.0,0.0,0.02999878,0.0,13.7,9.0,10.0,-0.7677830262241567,-0.13640355243682026,-51.9527925470061,-8.63748040676988,4.5365645115387805
137.0,57847.4,52.2027164,-2.2010471,27.907,259.208,73.62,0.47,0.1,0.0,27.88,28.41,27.85,28.44,5.5,28.13,0.09995985,0.0,0.0,4.0,3.0,1248.0,91.0,0.0,0.02999878,0.0,13.7,9.0,10.0,-0.7614838938877361,-0.14515063226559471,-52.71427644089383,-8.782631039035476,4.524033047509462
137.0,57847.5,52.202715,-2.2010584,28.26,258.136,73.67,0.47,0.1,7.5,27.98,28.27,27.88,28.05,2.600006,28.17,0.08976007,-0.07956004,0.0,4.0,3.0,1255.0,91.0,0.0,0.02999878,0.0,13.7,9.0,11.0,-0.7682311077754879,-0.16138762358386358,-53.48250754866932,-8.944018662619339,4.505323117928083
137.0,57847.6,52.2027135,-2.2010696,28.242,258.05,73.72,0.48,0.1,17.59998,28.16,28.16,28.179990000000004,27.96,0.6000061,28.09,0.07956004,-0.09996009,0.0,4.0,3.0,1259.0,91.0,0.0,-0.2000122,0.0,13.7,9.0,15.0,-0.767498838035884,-0.1624370142965201,-54.2500063867052,-9.106455676915859,4.503822134771368
137.0,57847.7,52.202712,-2.2010808,28.163,258.073,73.76,0.47,0.1,33.09998,28.12,27.99,28.12,27.75,-2.199982,28.16,0.06936002,-0.1193398999999999,0.0,4.0,3.0,1233.0,91.0,0.0,0.02999878,0.0,13.7,9.0,21.5,-0.7654169124619875,-0.1616753919749219,-55.01542329916719,-9.268131068890781,4.504223560499326
137.0,57847.8,52.2027106,-2.201092,28.217,258.282,73.8,0.47,0.1,45.29999,28.37,27.75,28.3,27.66,-4.600006,28.14,0.06936002,-0.1795201,0.0,4.0,3.0,1225.0,91.0,0.0,-0.2000122,0.0,13.7,9.0,22.0,-0.7674703069187877,-0.15918692445592028,-55.78289360608598,-9.427317993346701,4.507871298635994
137.0,57847.9,52.2027093,-2.2011032,28.004,258.885,73.86,0.48,0.1,56.59998,28.42,27.78,28.33,27.59,-7.199982,28.07,0.05915999,-0.2193,0.0,4.0,3.0,1219.0,91.0,0.0,0.75,0.0,13.7,9.0,22.0,-0.7632974266498415,-0.14996053456333144,-56.54619103273582,-9.577278527910032,4.51839563402552
137.0,57848.0,52.2027082,-2.2011144,27.961,260.121,73.92,0.49,0.1,62.20001,28.8,27.78,28.379990000000003,27.27,-9.699982,28.2,0.06936002,-0.2193,0.0,4.0,3.0,1193.0,91.0,0.0,0.02999878,0.0,13.7,9.0,20.5,-0.7651778330398951,-0.1332559336586356,-57.31136886577571,-9.710534461568667,4.53996790358017
137.0,57848.1,52.2027069,-2.2011255000000003,27.976,260.297,73.95,0.47,0.1,59.59998,28.66,27.82,28.31,27.5,-10.60001,28.3,0.06936002,-0.1999198999999999,0.0,4.0,3.0,1175.0,91.0,0.0,0.02999878,0.0,13.7,9.0,14.5,-0.765994261300758,-0.13097507650943324,-58.07736312707647,-9.8415095380781,4.543039683063681
137.0,57848.2,52.202706000000006,-2.2011369,28.012,261.595,73.98,0.47,0.1,51.79999,28.62,28.03,28.56,27.59,-9.5,28.4,0.06936002,-0.13974,0.0,4.0,3.0,1181.0,91.0,0.0,0.02999878,0.0,13.7,9.0,9.5,-0.7697538717857828,-0.1137360017996264,-58.84711699886225,-9.955245539877726,4.565694056754567
137.0,57848.3,52.2027052,-2.2011482,28.062,262.831,74.04,0.47,0.1,40.89996,28.77,28.02,28.73,27.66,-8.399994,28.41,0.06936002,-0.06936002,0.0,4.0,3.0,1188.0,91.0,0.0,0.02999878,0.0,13.7,9.0,9.5,-0.7734061557795212,-0.09727881682228195,-59.620523154641766,-10.052524356700008,4.587266326309217
137.0,57848.4,52.2027041,-2.2011595,28.192,262.32,74.05,0.45,0.1,30.0,28.679990000000004,28.179990000000004,28.73999,27.88,-6.399994,28.38,0.06936002,-0.02958012,0.0,4.0,3.0,1180.0,91.0,0.0,0.02999878,0.0,13.7,9.0,9.0,-0.7760865334487602,-0.10465517161213563,-60.39660968809053,-10.157179528312144,4.5783476938315255
137.0,57848.5,52.2027034,-2.2011710000000004,28.328000000000003,263.204,74.08,0.44,0.1,15.29999,28.59,28.3,28.58,27.95,-3.799988,28.47,0.04997993,0.02957988,0.0,4.0,3.0,1178.0,92.0,0.0,0.02999878,0.0,13.8,9.0,9.0,-0.7813600280214348,-0.09311621806717091,-61.17796971611196,-10.250295746379315,4.593776404419155
137.0,57848.6,52.2027028,-2.2011825000000003,28.303,264.03,74.13,0.44,0.1,2.799988,28.41,28.34999,28.45,28.23,-1.5,28.44,0.0397799,0.06936002,0.0,4.0,3.0,1189.0,91.0,0.0,0.02999878,0.0,13.7,9.0,9.0,-0.7819305110242554,-0.08177029047677153,-61.95990022713622,-10.332066036856087,4.608192824040628
137.0,57848.7,52.202702,-2.201194,28.31,264.186,74.16,0.43,0.1,0.0,28.37,28.52,28.42,28.379990000000003,2.100006,28.49,0.02957988,0.13974,0.0,4.0,3.0,1203.0,92.0,0.0,0.02999878,0.0,13.7,9.0,9.0,-0.7823436937634985,-0.07966071425983037,-62.74224392089972,-10.411726751115918,4.610915537673739
137.0,57848.8,52.2027016,-2.2012056,28.505,265.237,74.21,0.43,0.1,0.0,28.23,28.61,28.20999,28.28,4.600006,28.43,0.01937985,0.1693199,0.0,4.0,3.0,1207.0,92.0,0.0,0.02999878,0.0,13.7,9.0,9.0,-0.7890712041346486,-0.0657470350216469,-63.53131512503437,-10.477473786137564,4.6292589481122
137.0,57848.9,52.2027008,-2.2012169,28.318,264.381,74.23,0.42,0.1,0.0,28.02,28.55,27.99,28.429990000000004,6.0,28.33,0.02957988,0.14994,0.0,4.0,3.0,1204.0,92.0,0.0,-0.2000122,0.0,13.7,9.0,9.0,-0.78283143335286,-0.07701939416902505,-64.31414655838722,-10.554493180306588,4.614318929715128
137.0,57849.0,52.2026999,-2.2012283,28.213,263.805,74.28,0.42,0.1,0.0,28.09,28.36,27.88,28.3,5.300018,28.19,0.0397799,0.07956004,0.0,4.0,3.0,1203.0,92.0,0.0,0.02999878,0.0,13.7,9.0,14.5,-0.7791179705396147,-0.08457050452325966,-65.09326452892684,-10.639063684829848,4.604265833223641
137.0,57849.1,52.20269929999999,-2.2012399,28.39,263.828,74.38,0.46,0.1,11.09998,28.2,28.19,28.0,28.11,1.5,28.14,0.0397799,-0.05915999,0.0,4.0,3.0,1194.0,92.0,0.0,0.02999878,0.0,13.7,9.0,18.0,-0.7840400243570187,-0.08478634780521387,-65.87730455328386,-10.723850032635061,4.604667258951599
137.0,57849.2,52.2026983,-2.2012512,28.163,262.461,74.42,0.46,0.1,23.79999,28.34,28.179990000000004,28.20999,28.09,-0.6000061,28.14,0.0397799,-0.1193398999999999,0.0,4.0,3.0,1176.0,92.0,0.0,0.02999878,0.0,13.7,9.75,19.0,-0.775543138403834,-0.10263928452506861,-66.6528476916877,-10.82648931716013,4.580808608076837
137.0,57849.3,52.2026975,-2.2012625,28.141,263.217,74.45,0.45,0.1,34.0,28.09,27.969990000000003,28.31,27.8,-2.699982,28.2,0.05915999,-0.14994,0.0,4.0,3.0,1191.0,92.0,0.0,0.02999878,0.0,13.7,9.75,19.0,-0.776223048881659,-0.0923254182777965,-67.42907074056936,-10.918814735437927,4.5940032972219145
137.0,57849.4,52.2026968,-2.2012739,28.012,264.057,74.5,0.45,0.1,39.59998,28.399990000000003,27.96,28.31999,27.57,-5.399994,28.18,0.05915999,-0.13974,0.0,4.0,3.0,1205.0,92.0,0.0,0.02999878,0.0,13.7,9.75,19.5,-0.7739290689584256,-0.08056486489600974,-68.20299980952778,-10.999379600333937,4.608664062938667
137.0,57849.5,52.2026961,-2.2012852,28.145,264.439,74.53,0.44,0.1,37.5,28.58,27.89,28.399990000000003,27.66,-6.299988,28.07,0.05915999,-0.09996009,0.0,4.0,3.0,1205.0,92.0,0.0,0.02999878,0.0,13.7,9.75,20.0,-0.778126059629499,-0.07576121714307621,-68.98112586915728,-11.075140817477013,4.615331220681285
137.0,57849.6,52.2026956,-2.2012966,28.044,265.769,74.6,0.46,0.1,28.29999,28.72,28.20999,28.47,27.95,-5.899994,28.3,0.04997993,-0.03978014,0.0,4.0,3.0,1200.0,92.0,0.0,0.02999878,0.0,13.7,9.75,20.0,-0.7768769956411957,-0.0574728948593133,-69.75800286479847,-11.132613712336326,4.63854409973281
137.0,57849.7,52.202695,-2.2013078,27.666,265.716,74.62,0.45,0.1,18.5,28.59999,28.3,28.539990000000003,27.89,-3.3999940000000004,28.38,0.07956004,0.0397799,0.0,4.0,3.0,1200.0,92.0,0.0,-0.2000122,0.0,13.7,9.75,20.0,-0.7663528360946005,-0.05740714772362835,-70.52435570089307,-11.190020860059954,4.637619075229253
137.0,57849.8,52.2026946,-2.2013193,28.408,266.254,74.64,0.43,0.1,5.899963,28.7,28.56,28.33,28.31,-1.199982,28.55,0.09995985,0.09995985,0.0,4.0,3.0,1211.0,92.0,0.0,0.02999878,0.0,13.7,9.75,20.0,-0.7874251648112133,-0.05155536345566755,-71.31178086570428,-11.241576223515622,4.647008946604982
137.0,57849.9,52.2026943,-2.201331,28.598000000000003,266.765,74.73,0.46,0.1,0.0,28.59,28.56999,28.539990000000003,28.41,1.100006,28.53,0.09995985,0.1193398999999999,0.0,4.0,3.0,1173.0,92.0,0.0,0.02999878,0.0,13.7,9.75,20.0,-0.7931230130991266,-0.044828482939826816,-72.1049038788034,-11.28640470645545,4.655927579082673
136.0,57850.0,52.2026935,-2.2013425,28.652,265.268,74.76,0.45,0.1,0.0,28.73999,28.91,28.97,29.02,2.899994,28.74,0.07956004,0.16014,0.0,4.0,3.0,1188.0,92.0,0.0,0.02999878,0.0,13.7,9.75,20.0,-0.7931760763690455,-0.0656569518984566,-72.89807995517245,-11.352061658353906,4.6298000001803175
136.0,57850.1,52.202693,-2.2013543,28.984,265.858,74.81,0.45,0.1,0.0,28.84,29.31999,28.78,29.02,5.300018,29.01,0.06936002,0.1999198999999999,0.0,4.0,3.0,1233.0,92.0,0.0,-1.149994,0.0,13.7,9.75,20.5,-0.8030082450927563,-0.05815203820692928,-73.7010882002652,-11.410213696560835,4.640097442767085
136.0,57850.2,52.2026922,-2.2013658,28.678,264.624,74.82,0.43,0.1,0.0,28.94,29.61,28.73999,29.45,7.600006,29.26,0.08976007,0.2101199999999999,0.0,4.0,3.0,1258.0,92.0,0.0,0.02999878,0.0,13.7,9.0,21.0,-0.793107055633603,-0.07463551868833103,-74.4941952558988,-11.484849215249165,4.618560079797475
136.0,57850.3,52.2026917,-2.2013778,29.315,265.218,74.88,0.44,0.1,0.0,28.91,29.69,28.879990000000003,29.58,9.200012,29.4,0.09995985,0.2193,0.0,4.0,3.0,1231.0,92.0,0.0,-0.2000122,0.0,13.7,9.0,21.0,-0.8114710379172275,-0.0678844049114341,-75.30566629381603,-11.552733620160598,4.628927335554321
136.0,57850.4,52.2026907,-2.2013897,29.567,263.189,74.91,0.43,0.1,0.0,28.98999,29.84,28.91,29.73999,10.0,29.47,0.09995985,0.2193,0.0,4.0,3.0,1236.0,92.0,0.0,0.02999878,0.0,13.7,9.0,21.0,-0.8155094033929742,-0.09740240532992644,-76.12117569720901,-11.650136025490525,4.5935146050313564
136.0,57850.5,52.2026897,-2.2014016,29.556,262.23,74.94,0.43,0.1,0.0,29.08,30.06,29.06,30.02,10.10001,29.53,0.08976007,0.2101199999999999,0.0,4.0,3.0,1262.0,92.0,0.0,0.02999878,0.0,13.7,9.0,21.5,-0.8134622062014366,-0.11099657238803283,-76.93463790341045,-11.761132597878557,4.576776897504731
136.0,57850.6,52.20268839999999,-2.2014135,29.819000000000003,260.612,75.0,0.44,0.1,0.0,29.48,30.25999,29.379990000000003,30.11,9.899994,29.85,0.08976007,0.1795198999999999,0.0,4.0,3.0,1267.0,92.0,0.0,0.02999878,0.0,13.7,9.0,21.5,-0.8172115182656775,-0.1351126484756479,-77.75184942167613,-11.896245246354205,4.548537470207463
136.0,57850.7,52.202687100000006,-2.2014254,29.725,260.17900000000003,75.04,0.44,0.1,0.0,29.70999,30.62,29.539990000000003,30.28,9.600006,30.04,0.08976007,0.16014,0.0,4.0,3.0,1261.0,92.0,0.0,0.02999878,0.0,13.7,9.0,21.5,-0.8135942616588303,-0.1408392451777649,-78.56544368333496,-12.037084491531969,4.540980194546327
136.0,57850.8,52.2026856,-2.2014373,29.884,259.039,75.07,0.43,0.1,0.0,29.92,30.7,29.77,30.48,9.899994,30.21,0.08976007,0.1693199,0.0,4.0,3.0,1282.0,92.0,0.0,0.02999878,0.0,13.7,9.0,21.0,-0.8149672576372157,-0.15783797315411616,-79.38041094097218,-12.194922464686085,4.521083441073591
136.0,57850.9,52.202684100000006,-2.2014492,29.981,258.302,75.13,0.44,0.1,0.0,30.06999,30.879990000000003,29.879990000000003,30.629990000000003,9.399994,30.34,0.09995985,0.14994,0.0,4.0,3.0,1308.0,92.0,0.0,0.02999878,0.0,13.7,9.0,21.0,-0.8155080914230735,-0.16885391966932206,-80.19591903239525,-12.363776384355408,4.508220364486394
137.0,57851.0,52.2026824,-2.2014613,30.276,257.658,75.19,0.46,0.1,0.0,30.17,30.91,30.06999,30.73999,9.0,30.46,0.1193398999999999,0.13974,0.0,4.0,3.0,1288.0,92.0,0.0,-0.2000122,0.0,13.7,9.0,21.0,-0.8215637772648918,-0.17976084080311647,-81.01748280966015,-12.543537225158524,4.49698044410355
137.0,57851.1,52.2026807,-2.2014735,30.64,257.268,75.25,0.48,0.1,0.0,30.37,30.98,30.23,30.97,7.899994,30.65,0.1091398999999999,0.12954,0.0,4.0,3.0,1279.0,92.0,0.0,0.02999878,0.0,13.7,9.0,21.0,-0.8301836562160908,-0.18757723851382868,-81.84766646587624,-12.731114463672352,4.490173660020771
137.0,57851.2,52.2026787,-2.2014855,30.722,255.091,75.32,0.5,0.1,0.0,30.48,31.09999,30.379990000000003,30.95999,7.200011999999999,30.75,0.09995985,0.07956004,0.0,4.0,3.0,1300.0,92.0,0.0,0.02999878,0.0,13.7,9.0,21.0,-0.8246601297523934,-0.219563808665677,-82.67232659562863,-12.95067827233803,4.452177842204855
137.0,57851.3,52.2026767,-2.2014976,30.82,254.478,75.36,0.5,0.1,0.0,30.73,31.28,30.75,31.19,6.700011999999999,30.99,0.09995985,0.06936002,0.0,4.0,3.0,1313.0,92.0,0.0,-0.2000122,0.0,13.7,9.0,21.0,-0.8248868297651293,-0.22910249376193212,-83.49721342539377,-13.179780766099961,4.44147897389013
137.0,57851.4,52.2026746,-2.2015098,30.982,254.634,75.41,0.5,0.1,0.0,30.89,31.48999,30.83,31.23999,6.0,31.19,0.1091398999999999,0.09995985,0.0,4.0,3.0,1309.0,92.0,0.0,0.02999878,0.0,13.8,9.0,16.0,-0.829846689650435,-0.22804814457503453,-84.3270601150442,-13.407828910674995,4.444201687523241
137.0,57851.5,52.2026724,-2.2015219,31.003,253.861,75.46,0.5,0.1,0.0,31.09999,31.47,30.929990000000004,31.36,4.899994,31.28,0.1091398999999999,0.04997993,0.0,4.0,3.0,1302.0,92.0,0.0,0.02999878,0.0,13.7,9.0,10.0,-0.8272549173611673,-0.23938498876024733,-85.15431503240538,-13.647213899435243,4.430710292405324
137.0,57851.6,52.20267020000001,-2.2015340999999995,31.406,253.132,75.52,0.52,0.1,16.79999,31.23,31.42,31.25999,31.31,1.700012,31.29,0.09995985,-0.05915999,0.0,4.0,3.0,1352.0,92.0,0.0,0.02999878,0.0,13.7,9.0,9.0,-0.8348550492321863,-0.2531391321552514,-85.98917008163757,-13.900353031590495,4.417986842158286
137.0,57851.7,52.202668,-2.2015465,31.586,253.567,75.59,0.53,0.1,33.89996,31.52,31.37,31.48999,31.22,-2.100006,31.41,0.08976007,-0.13974,0.0,4.0,3.0,1393.0,92.0,0.0,0.02999878,0.0,13.7,9.0,9.0,-0.8415486042651964,-0.24820799544933922,-86.83071868590277,-14.148561027039834,4.4255790244044615
137.0,57851.8,52.2026656,-2.2015585,31.136,252.268,75.65,0.54,0.1,51.89996,31.81,31.429990000000004,31.679990000000004,31.14,-5.899994,31.57,0.06936002,-0.2397001,0.0,4.0,3.0,1418.0,92.0,0.0,0.02999878,0.0,13.7,9.0,9.0,-0.8237993398357514,-0.26341495365608414,-87.65451802573851,-14.41197598069592,4.402907197421055
137.0,57851.9,52.2026635,-2.2015709,31.457,254.482,75.69,0.53,0.1,64.59998,31.899990000000003,30.97,31.83,30.7,-9.399994,31.46,0.06936002,-0.27948,0.0,4.0,3.0,1437.0,92.0,0.0,0.02999878,0.0,13.8,9.0,9.5,-0.8419522412597789,-0.2337788963045822,-88.49647026699829,-14.6457548770005,4.44154878706021
137.0,57852.0,52.2026612,-2.2015829,31.093000000000004,253.862,75.7,0.49,0.1,69.89996,31.87,30.73999,31.84,30.56999,-12.39999,31.34,0.0397799,-0.27948,0.0,4.0,3.0,1449.0,92.0,0.0,0.02999878,0.0,13.7,9.0,12.0,-0.8296605828434536,-0.24006542991455226,-89.32613084984175,-14.885820306915052,4.430727745697845
137.0,57852.1,52.2026594,-2.2015953,31.36,256.071,75.75,0.5,0.1,66.0,31.77,30.59999,32.03,30.7,-12.89999,31.2,0.02957988,-0.2295001,0.0,4.0,3.0,1459.0,92.0,0.0,0.02999878,0.0,13.8,9.0,12.0,-0.845495885836482,-0.20969328776767485,-90.17162673567823,-15.095513594682727,4.4692820688744
137.0,57852.2,52.2026575,-2.2016075,30.985,256.497,75.78,0.48,0.1,53.59998,31.789990000000003,30.70999,31.879990000000003,30.44,-12.29999,31.3,0.009180069,-0.1795201,0.0,4.0,3.0,1433.0,92.0,0.0,-0.2000122,0.0,13.8,9.0,11.0,-0.8369028668688613,-0.20096894815919214,-91.00852960254709,-15.296482542841918,4.476717171487896
137.0,57852.3,52.20265570000001,-2.2016196,30.679,257.822,75.75,0.41,0.1,37.59998,31.69,30.56999,31.64,30.3,-9.600006,31.2,0.0,-0.07956004,0.0,4.0,3.0,1433.0,92.0,0.0,0.02999878,0.0,13.7,9.0,6.0,-0.8330174831436358,-0.17976997502090689,-91.84154708569072,-15.476252517862825,4.4998427840768205
137.0,57852.4,52.2026545,-2.201632,30.708,260.308,75.81,0.43,0.1,19.09998,31.20999,30.64,31.399990000000003,30.55,-6.0,30.97,0.009180069,0.04997993,0.0,4.0,3.0,1443.0,92.0,0.0,0.02999878,0.0,13.8,9.0,3.5,-0.8408251182355402,-0.1436040408351724,-92.68237220392626,-15.619856558697997,4.5432316692814
137.0,57852.5,52.2026535,-2.2016445,30.964,261.622,75.89,0.47,0.1,4.200012,30.929990000000004,30.67,30.87,30.56,-1.699982,30.77,0.009180069,0.12954,0.0,4.0,3.0,1430.0,92.0,0.0,0.02999878,0.0,13.7,9.0,3.5,-0.85093230799892,-0.12532091070695806,-93.53330451192518,-15.745177469404954,4.566165295652605
137.0,57852.6,52.2026522,-2.2016569,30.978,260.592,75.94,0.48,0.1,0.0,30.58,30.629990000000003,30.73,30.78,1.5,30.69,0.009180069,0.13974,0.0,4.0,3.0,1409.0,92.0,0.0,0.02999878,0.0,13.7,9.0,7.0,-0.8489257134237742,-0.14066052427008843,-94.38223022534895,-15.885837993675043,4.548188404357063
137.0,57852.7,52.202651,-2.2016693,30.748,260.993,76.02,0.51,0.1,0.0,30.27,30.73999,30.58,30.56,4.0,30.55,0.0,0.1693199,0.0,4.0,3.0,1400.0,92.0,0.0,0.02999878,0.0,13.7,9.0,13.0,-0.8435792558854698,-0.13371547839788017,-95.22580948123442,-16.019553472072925,4.5551871746575605
137.0,57852.8,52.2026497,-2.2016816,30.733,260.465,76.05,0.5,0.1,0.0,30.2,30.84999,30.2,30.629990000000003,6.300018,30.57,0.0,0.2295001,0.0,4.0,3.0,1391.0,92.0,0.0,0.02999878,0.0,13.7,9.0,17.0,-0.8419003105279187,-0.14141453817872715,-96.06770979176234,-16.16096801025165,4.54597183620703
137.0,57852.9,52.2026483,-2.2016937,30.362,259.60400000000004,76.09,0.49,0.1,0.0,29.97,30.84999,29.84,30.64,9.200012,30.47,0.0,0.2498998999999999,0.0,4.0,3.0,1386.0,92.0,0.0,0.02999878,0.0,13.7,9.0,18.5,-0.8295438767950222,-0.15218992861920683,-96.89725366855737,-16.31315793887086,4.53094455134736
137.0,57853.0,52.2026465,-2.2017056,30.265,257.563,76.12,0.47,0.1,0.0,29.94,30.87,29.879990000000003,30.62,10.80002,30.41,0.01937985,0.2193,0.0,4.0,3.0,1387.0,92.0,0.0,-0.2000122,0.0,13.8,9.0,18.5,-0.8209662081234543,-0.18105699113580384,-97.71821987668082,-16.494214930006663,4.495322381314155
137.0,57853.1,52.202645,-2.2017176000000003,30.211,258.033,76.17,0.48,0.1,0.0,29.84999,30.81,29.8,30.5,10.80002,30.33,0.0397799,0.1795198999999999,0.0,4.0,3.0,1404.0,92.0,0.0,0.02999878,0.0,13.7,9.0,19.5,-0.8209563885336358,-0.1740055278208994,-98.53917626521445,-16.668220457827562,4.503525428798529
137.0,57853.2,52.2026429,-2.2017294,30.258000000000003,255.061,76.2,0.46,0.1,0.0,29.83,30.64,29.84,30.61,9.600006,30.34,0.05915999,0.1795198999999999,0.0,4.0,3.0,1414.0,92.0,0.0,0.02999878,0.0,13.7,9.75,19.5,-0.8120917982221055,-0.216672936151212,-99.35126806343655,-16.884893393978775,4.451654243429257
137.0,57853.3,52.2026407,-2.2017412,30.258000000000003,253.902,76.23,0.45,0.1,0.0,30.06999,30.77,29.899990000000003,30.679990000000004,7.399994,30.37,0.07956004,0.05915999,0.0,4.0,3.0,1391.0,92.0,0.0,0.02999878,0.0,13.7,9.75,19.5,-0.8075430147078555,-0.2330547776737232,-100.15881107814441,-17.117948171652497,4.431425877398643
137.0,57853.4,52.2026386,-2.2017530000000005,30.434,253.322,76.29,0.47,0.1,0.0,30.39,30.70999,30.33,30.629990000000003,5.899994,30.58,0.08976007,-0.009180069,0.0,4.0,3.0,1399.0,92.0,0.0,0.02999878,0.0,13.7,9.75,19.5,-0.8098257139340739,-0.24262045772761534,-100.96863679207848,-17.36056862938011,4.421302967737075
137.0,57853.5,52.202636600000005,-2.201765,30.398000000000003,254.44,76.35,0.47,0.1,3.0,30.78,31.03,30.59,30.56999,2.800018,30.8,0.09995985,-0.04997993,0.0,4.0,3.0,1398.0,92.0,0.0,0.02999878,0.0,13.7,9.75,21.0,-0.8134420981882896,-0.2265050740580562,-101.78207889026677,-17.58707370343817,4.440815748774372
137.0,57853.6,52.2026345,-2.2017769,30.546,254.474,76.39,0.47,0.1,12.29999,30.92,30.95999,30.87,30.679990000000004,0.3000183,30.92,0.1091398999999999,-0.03978014,0.0,4.0,3.0,1384.0,92.0,0.0,-0.2000122,0.0,13.7,9.75,22.5,-0.8175374586805593,-0.2271227722051068,-102.59961634894734,-17.814196475643275,4.44140916072005
137.0,57853.7,52.2026322,-2.2017887000000003,30.42,252.455,76.44,0.47,0.1,24.20001,31.08,31.039990000000003,30.89,30.92,-1.399994,31.09,0.12954,-0.07956004,0.0,4.0,3.0,1365.0,92.0,0.0,0.02999878,0.0,13.7,9.75,22.5,-0.8056910079994515,-0.25472926731890894,-103.40530735694679,-18.068925742962183,4.4061709631222845
137.0,57853.8,52.20263,-2.2018008,31.046,253.08,76.49,0.48,0.1,35.89996,31.20999,30.95999,31.22,30.75,-3.199982,31.11,0.1193398999999999,-0.14994,0.0,4.0,3.0,1340.0,92.0,0.0,0.02999878,0.0,13.7,9.75,22.5,-0.8250578431304293,-0.2509863565375143,-104.23036520007722,-18.319912099499696,4.41707927094725
137.0,57853.9,52.202628,-2.201813,31.14,254.905,76.55,0.51,0.1,46.39996,31.50999,31.0,31.59,30.879990000000003,-6.100006,31.22,0.1193398999999999,-0.1897202,0.0,4.0,3.0,1325.0,92.0,0.0,-0.2000122,0.0,13.7,9.75,22.5,-0.8351534868410717,-0.225263519943199,-105.06551868691828,-18.545175619442894,4.448931529796146
137.0,57854.0,52.2026258,-2.2018252000000005,31.108,254.036,76.61,0.52,0.1,55.09998,31.649990000000003,30.95999,31.8,30.649990000000003,-8.799988,31.35,0.1091398999999999,-0.2193,0.0,4.0,3.0,1343.0,92.0,0.0,0.5099792000000001,0.0,13.7,9.75,22.5,-0.8307864019004065,-0.2376593502537937,-105.89630508881869,-18.782834969696687,4.433764618596315
137.0,57854.1,52.202624,-2.2018375000000003,31.147,256.334,76.65,0.51,0.1,56.89996,32.069990000000004,31.20999,32.02,30.84,-10.39999,31.57,0.08976007,-0.2397001,0.0,4.0,3.0,1342.0,92.0,0.0,0.02999878,0.0,13.7,9.75,22.5,-0.8407003497837524,-0.2044122025981009,-106.73700543860245,-18.987247172294786,4.473872284807145
137.0,57854.2,52.2026222,-2.2018498,31.158,256.996,76.71,0.52,0.1,50.70001,32.17,31.31,32.2,30.94,-10.10001,31.67,0.08976007,-0.1999198999999999,0.0,4.0,3.0,1323.0,92.0,0.0,0.02999878,0.0,13.7,9.0,22.5,-0.8433036967317685,-0.19475401171357995,-107.58030913533422,-19.182001184008367,4.485426364455347
137.0,57854.3,52.20262089999999,-2.2018623,31.27,259.856,76.76,0.53,0.1,37.29999,32.08,31.45,32.12,31.05,-8.799988,31.74,0.08976007,-0.07956004,0.0,4.0,3.0,1333.0,92.0,0.0,0.02999878,0.0,13.7,9.0,22.5,-0.8550331713273235,-0.15298215018628403,-108.43534230666154,-19.33498333419465,4.5353427810623845
137.0,57854.4,52.2026195,-2.2018749,31.45,259.904,76.82,0.54,0.1,21.20001,31.92,31.5,31.95,31.27,-5.799988,31.72,0.09995985,0.02957988,0.0,4.0,3.0,1353.0,92.0,0.0,0.02999878,0.0,13.7,9.0,20.5,-0.8600836103935885,-0.15314227564301078,-109.29542591705513,-19.48812560983766,4.536180539103342
137.0,57854.5,52.2026182,-2.2018876,31.784,260.407,76.89,0.57,0.1,3.5,31.899990000000003,31.73999,32.03,31.62,-2.100006,31.86,0.09995985,0.12954,0.0,4.0,3.0,1344.0,92.0,0.0,0.02999878,0.0,13.6,9.0,18.0,-0.8705429276697445,-0.14713191770532674,-110.16596884472487,-19.635257527542986,4.544959545240873
137.0,57854.6,52.2026169,-2.2019006,32.231,261.129,76.95,0.58,0.1,0.0,31.75999,32.00999,31.8,31.87,1.5,31.93,0.07956004,0.2193,0.0,4.0,3.0,1336.0,93.0,0.0,-0.2000122,0.0,13.7,9.0,17.5,-0.8845959509497927,-0.13806535181526922,-111.05056479567466,-19.773322879358254,4.557560822440273
137.0,57854.7,52.2026156,-2.2019134,32.087,260.755,77.0,0.57,0.1,0.0,31.83,32.27,31.95999,32.179990000000004,4.600006,32.12,0.06936002,0.27948,0.0,4.0,3.0,1379.0,92.0,0.0,0.02999878,0.0,13.7,9.0,17.5,-0.8797278442093841,-0.14319397154526894,-111.93029263988404,-19.916516850903523,4.551033291037814
137.0,57854.8,52.202614,-2.2019262,32.08,258.778,77.05,0.56,0.1,0.0,31.72,32.47,31.66,32.42,7.399994,32.11,0.05915999,0.28968,0.0,4.0,3.0,1427.0,92.0,0.0,0.02999878,0.0,13.7,9.0,17.5,-0.8740735143614791,-0.1734200214434654,-112.80436615424553,-20.08993687234699,4.516528131725886
137.0,57854.9,52.20261240000001,-2.201939,32.209,258.533,77.1,0.56,0.1,0.0,31.899990000000003,32.53999,31.7,32.44,7.600006,32.34,0.05915999,0.2396998,0.0,4.0,3.0,1457.0,92.0,0.0,0.02999878,0.0,13.7,9.0,17.5,-0.876835779467426,-0.1778683916987645,-113.68120193371296,-20.267805264045755,4.5122520750585
137.0,57855.0,52.2026106,-2.2019516,31.979,257.025,77.15,0.54,0.1,0.0,32.05,32.429990000000004,31.95999,32.36,5.700012,32.3,0.06936002,0.09995985,0.0,4.0,3.0,1486.0,93.0,0.0,0.02999878,0.0,13.7,9.0,19.0,-0.8656254495426657,-0.19944758994513395,-114.54682738325562,-20.46725285399089,4.485932509938425
137.0,57855.1,52.2026087,-2.2019643,32.044000000000004,256.301,77.22,0.56,0.1,2.0,32.09,32.31,31.95999,32.23,3.300018,32.22,0.08976007,0.0397799,0.0,4.0,3.0,1501.0,92.0,0.0,0.02999878,0.0,13.7,9.0,19.0,-0.8647903459365461,-0.21079717194119507,-115.41161772919216,-20.678050025932084,4.473296326153986
137.0,57855.2,52.2026068,-2.201977,32.202,256.725,77.26,0.55,0.1,13.79999,32.19,32.25999,32.09,32.09,0.6000061,32.27,0.1091398999999999,0.009180069,0.0,4.0,3.0,1490.0,92.0,0.0,0.02999878,0.0,13.7,9.75,19.0,-0.8705982070707932,-0.205399639350025,-116.28221593626296,-20.883449665282107,4.480696522182443
137.0,57855.3,52.2026049,-2.2019898,32.368,256.309,77.32,0.55,0.1,25.70001,32.349990000000005,32.23,32.50999,32.2,-1.699982,32.33,0.1091398999999999,-0.05915999,0.0,4.0,3.0,1450.0,92.0,0.0,0.02999878,0.0,13.7,9.75,19.0,-0.8735640471384628,-0.2128065921688673,-117.15577998340142,-21.096256257450975,4.473435952494147
137.0,57855.4,52.202603,-2.2020027000000004,32.598,256.654,77.38,0.56,0.1,37.5,32.69,32.36,32.73999,32.06,-4.100006,32.47,0.09995985,-0.1091398999999999,0.0,4.0,3.0,1457.0,92.0,0.0,0.02999878,0.0,13.7,9.75,20.0,-0.8810459432990426,-0.20901745332938143,-118.03682592670046,-21.305273710780355,4.479457338413527
137.0,57855.5,52.202601400000006,-2.2020156,32.458,257.974,77.42,0.54,0.1,49.70001,33.02,32.37,32.87999,31.97,-7.799988000000001,32.71,0.09995985,-0.1193398999999999,0.0,4.0,3.0,1477.0,92.0,0.0,0.02999878,0.0,13.7,9.75,20.5,-0.8818235897259671,-0.18785566875082965,-118.91864951642643,-21.493129379531183,4.502495684539851
137.0,57855.6,52.2025996,-2.2020286,32.659,257.736,77.47,0.53,0.1,55.79999,33.209990000000005,32.47,33.03,32.069990000000004,-9.799988,32.87,0.09995985,-0.14994,0.0,4.0,3.0,1447.0,92.0,0.0,0.02999878,0.0,13.7,9.75,12.5,-0.8864915709547495,-0.19270302191985633,-119.80514108738117,-21.68583240145104,4.498341800920105
137.0,57855.7,52.202598,-2.2020415,32.594,258.66,77.52,0.53,0.1,58.09998,33.53,32.53999,33.5,32.3,-11.19998,33.03,0.09995985,-0.14994,0.0,4.0,3.0,1408.0,93.0,0.0,0.02999878,0.0,13.7,9.75,2.5,-0.8877135460060487,-0.1780272461193051,-120.69285463338723,-21.863859647570347,4.5144686432085335
137.0,57855.8,52.2025966,-2.2020546,32.62,259.761,77.57,0.53,0.1,56.0,33.53999,32.61,33.53,32.23999,-11.5,33.05,0.08976007,-0.13974,0.0,4.0,3.0,1403.0,93.0,0.0,0.02999878,0.0,13.7,9.75,0.0,-0.8916811486996489,-0.1610654361825863,-121.58453578208687,-22.024925083752933,4.5336847182729905
137.0,57855.9,52.20259539999999,-2.2020679000000003,32.9,261.303,77.62,0.53,0.1,50.79999,33.55,32.53999,33.47,32.19,-11.10001,33.05,0.05915999,-0.07956004,0.0,4.0,3.0,1401.0,93.0,0.0,0.02999878,0.0,13.7,9.75,0.0,-0.9033808166489159,-0.13818828222865095,-122.4879165987358,-22.163113365981584,4.560597695338743
137.0,57856.0,52.2025943,-2.2020812000000003,33.066,262.251,77.67,0.53,0.1,41.79999,33.58,32.62999,33.679990000000004,32.62,-10.0,33.05,0.04997993,-0.04997993,0.0,4.0,3.0,1398.0,93.0,0.0,0.02999878,0.0,13.7,9.75,0.0,-0.9101124883861584,-0.12384469501579298,-123.39802908712196,-22.286958060997378,4.577143416647648
137.0,57856.1,52.2025934,-2.2020946,33.145,263.539,77.71,0.51,0.1,28.5,33.48999,32.849990000000005,33.59,32.62999,-7.399994,33.26,0.01937985,0.01937985,0.0,4.0,3.0,1387.0,93.0,0.0,0.02999878,0.0,13.8,9.75,0.0,-0.914846819848973,-0.10360287758110431,-124.31287590697093,-22.39056093857848,4.599623257413336
137.0,57856.2,52.2025927,-2.2021079,32.951,264.83,77.75,0.49,0.1,19.0,33.37999,32.959990000000005,33.34,32.72,-5.399994,33.2,0.01937985,0.06936002,0.0,4.0,3.0,1375.0,93.0,0.0,0.02999878,0.0,13.7,9.75,0.0,-0.9115818337145994,-0.08247921236525387,-125.22445774068552,-22.473040150943735,4.622155458056582
137.0,57856.3,52.202592,-2.2021212,32.76,264.91,77.79,0.48,0.1,7.299988000000001,33.12999,32.849990000000005,33.23999,32.7,-2.5,33.06,0.009180069,0.1193398999999999,0.0,4.0,3.0,1381.0,93.0,0.0,0.02999878,0.0,13.8,9.75,0.0,-0.906411474351823,-0.08073561273288568,-126.13086921503735,-22.553775763676622,4.6235517214581785
137.0,57856.4,52.2025913,-2.2021345,32.861,265.259,77.83,0.47,0.1,0.0,32.81,32.87,33.03999,32.92,0.0,32.86,0.0,0.1795198999999999,0.0,4.0,3.0,1382.0,92.0,0.0,0.02999878,0.0,13.8,9.75,0.0,-0.9096823892348923,-0.07544490021853326,-127.04055160427224,-22.629220663895154,4.629642920547639
137.0,57856.5,52.2025906,-2.2021478,32.832,265.03,77.88,0.47,0.1,0.0,32.599990000000005,32.81,32.7,32.8,2.700012,32.73,0.0,0.2193,0.0,4.0,3.0,1388.0,92.0,0.0,0.02999878,0.0,13.7,9.75,0.0,-0.9085710589103562,-0.07901032154417592,-127.94912266318259,-22.70823098543933,4.625646116560572
137.0,57856.6,52.20258979999999,-2.2021609000000004,32.576,264.704,77.93,0.48,0.1,0.0,32.23,32.73999,32.28,32.64,4.899994,32.51,0.0,0.2396998,0.0,4.0,3.0,1398.0,93.0,0.0,0.02999878,0.0,13.7,9.75,0.0,-0.9010260489258104,-0.08352221495932272,-128.8501487121084,-22.791753200398652,4.61995634319907
137.0,57856.7,52.202589,-2.202174,32.465,264.22900000000004,77.98,0.48,0.1,0.0,31.84999,32.53,31.98999,32.44,6.700011999999999,32.2,0.0,0.2600999,0.0,4.0,3.0,1382.0,93.0,0.0,0.02999878,0.0,13.7,9.75,0.0,-0.8972349620347141,-0.0906790104347712,-129.7473836741431,-22.882432210833425,4.611666029252098
137.0,57856.8,52.2025881,-2.2021871,32.335,263.401,78.03,0.48,0.1,0.0,31.61,32.22,31.81999,32.27,7.399994,32.01,0.0,0.2396998,0.0,4.0,3.0,1353.0,93.0,0.0,0.02999878,0.0,13.8,9.75,0.0,-0.8922437009953296,-0.10322033745837698,-130.63962737513842,-22.985652548291803,4.5972147030455845
137.0,57856.9,52.202587,-2.2022,32.242,262.277,78.07,0.48,0.1,0.0,31.45999,31.97,31.41,31.92,6.600006,31.87,0.0,0.1795198999999999,0.0,4.0,3.0,1301.0,93.0,0.0,0.02999878,0.0,13.8,9.75,3.0,-0.8874873221872183,-0.1203557863280337,-131.52711469732563,-23.106008334619837,4.577597202253168
137.0,57857.0,52.2025858,-2.2022128,31.957,261.765,78.12,0.48,0.1,0.0,31.289990000000003,31.789990000000003,31.37,31.94,5.100006,31.66,0.0,0.1091398999999999,0.0,4.0,3.0,1276.0,92.0,0.0,0.02999878,0.0,13.8,9.75,6.5,-0.8785413552887635,-0.12714760613127335,-132.4056560526144,-23.23315594075111,4.568661116482956
137.0,57857.1,52.20258449999999,-2.2022254,31.55,260.673,78.17,0.48,0.1,3.399963,31.36,31.66,31.23999,31.429990000000004,3.200012,31.5,0.0,0.04997993,0.0,4.0,3.0,1282.0,93.0,0.0,0.02999878,0.0,13.7,9.75,8.5,-0.8648025482435898,-0.14203533757236173,-133.270458600858,-23.375191278323474,4.549602121051179
137.0,57857.2,52.20258320000001,-2.2022380000000004,31.511,260.821,78.21,0.47,0.1,14.59998,31.149990000000003,31.31999,31.11,31.25999,0.8000183000000001,31.28,0.009180069,0.009180069,0.0,4.0,3.0,1315.0,93.0,0.0,-0.2000122,0.0,13.7,9.75,9.5,-0.8640970913530502,-0.1396281930758186,-134.13455569221105,-23.514819471399292,4.552185208344131
137.0,57857.3,52.2025818,-2.2022505,31.342,259.714,78.26,0.46,0.1,23.20001,31.08,30.84999,31.0,30.78,-1.299988,31.02,0.009180069,-0.04997993,0.0,4.0,3.0,1370.0,93.0,0.0,0.02999878,0.0,13.7,9.75,10.0,-0.8566192571807456,-0.15545788824383036,-134.9911749493918,-23.670277359643123,4.532864413524553
137.0,57857.4,52.2025805,-2.2022631000000006,31.324,260.719,78.3,0.46,0.1,29.09998,31.02,30.81,31.179990000000004,30.66,-3.199982,30.96,0.0,-0.09996009,0.0,4.0,3.0,1400.0,92.0,0.0,0.02999878,0.0,13.7,9.75,10.5,-0.8587207058249288,-0.1403285254912497,-135.84989565521673,-23.810605885134372,4.550404972507096
137.0,57857.5,52.2025794,-2.2022754,30.82,261.385,78.34,0.45,0.1,33.79999,31.289990000000003,30.64,31.39,30.62,-4.899994,30.92,0.0,-0.1091398999999999,0.0,4.0,3.0,1407.0,93.0,0.0,0.02999878,0.0,13.7,9.75,11.5,-0.8464517797266039,-0.12824047397591018,-136.69634743494333,-23.938846359110283,4.562028865325378
137.0,57857.6,52.2025784,-2.2022876,30.28,262.212,78.37,0.43,0.1,38.5,31.149990000000003,30.67,30.98999,30.379990000000003,-6.0,30.96,0.0,-0.07956004,0.0,4.0,3.0,1414.0,93.0,0.0,0.02999878,0.0,13.7,9.75,12.5,-0.8333529065657314,-0.11397734140176966,-137.52970034150906,-24.052823700512054,4.576462738239371
137.0,57857.7,52.2025774,-2.2022996000000004,29.909,262.704,78.41,0.43,0.1,37.59998,30.7,30.42,30.899990000000003,30.17,-6.899994,30.68,0.009180069,-0.08976007,0.0,4.0,3.0,1436.0,92.0,0.0,-0.2000122,0.0,13.7,9.75,12.5,-0.8240787813161673,-0.10550845144553911,-138.35377912282522,-24.158332151957595,4.585049758159184
137.0,57857.8,52.20257649999999,-2.2023117,30.089,262.611,78.47,0.45,0.1,26.79999,30.37,29.75,30.52,29.64,-5.399994,30.29,0.01937985,-0.06936002,0.0,4.0,3.0,1447.0,93.0,0.0,0.02999878,0.0,13.8,9.75,12.5,-0.8288649184756243,-0.1074889464918504,-139.18264404130085,-24.265821098449447,4.583426601954828
137.0,57857.9,52.2025758,-2.2023241,30.337,264.9,78.51,0.45,0.1,14.20001,30.06999,29.72,30.45999,29.59999,-3.699982,30.0,0.01937985,0.01937985,0.0,4.0,3.0,1452.0,93.0,0.0,0.02999878,0.0,13.7,9.75,12.5,-0.839358272260181,-0.07491073011214618,-140.02200231356102,-24.340731828561594,4.623377188532978
137.0,57858.0,52.2025753,-2.2023365,30.683000000000003,265.925,78.61,0.52,0.1,0.0,29.89,29.899990000000003,30.58,30.039990000000003,-0.6999816999999999,29.92,0.009180069,0.14994,0.0,4.0,3.0,1457.0,93.0,0.0,0.02999878,0.0,13.8,9.75,13.0,-0.8501508287771167,-0.06056672651254955,-140.87215314233814,-24.401298555074145,4.641266813365921
137.0,57858.1,52.2025744,-2.2023486,30.031,263.437,78.62,0.47,0.1,0.0,29.84,30.149990000000003,29.95,30.149990000000003,3.100006,30.0,0.0,0.1897199,0.0,4.0,3.0,1474.0,93.0,0.0,0.02999878,0.0,13.7,9.75,14.0,-0.8287277860950519,-0.09534478326562575,-141.70088092843318,-24.496643338339773,4.597843021576302
137.0,57858.2,52.2025738,-2.2023607,29.923,265.539,78.68,0.47,0.1,0.0,29.67,30.31999,29.59999,30.0,5.700012,30.04,0.0,0.2101199999999999,0.0,4.0,3.0,1516.0,93.0,0.0,0.02999878,0.0,13.7,9.75,16.0,-0.8286763476858034,-0.06465071740844151,-142.529557276119,-24.561294055748213,4.634529842453222
137.0,57858.3,52.202573,-2.2023726,29.506,263.779,78.72,0.46,0.1,0.0,29.61,30.39,29.5,29.94,7.100006,29.91,0.01937985,0.2396998,0.0,4.0,3.0,1561.0,93.0,0.0,0.02999878,0.0,13.7,9.75,17.0,-0.8147846781165587,-0.08881611207031123,-143.34434195423555,-24.650110167818525,4.603812047618122
137.0,57858.4,52.2025719,-2.2023844,29.394,261.641,78.76,0.46,0.1,0.0,29.48999,30.149990000000003,29.33,30.14,8.399994,29.89,0.0397799,0.2101199999999999,0.0,4.0,3.0,1645.0,93.0,0.0,0.02999878,0.0,13.7,9.75,17.5,-0.8078260057333457,-0.11869875509418118,-144.1521679599689,-24.768808922912708,4.5664969082104845
137.0,57858.5,52.2025707,-2.2023964,29.776,261.081,78.8,0.44,0.1,0.0,29.48,30.23,29.47,30.179990000000004,9.0,29.83,0.05915999,0.16014,0.0,4.0,3.0,1676.0,93.0,0.0,-0.2000122,0.0,13.7,9.75,17.5,-0.8171101033491521,-0.12823365052978383,-144.96927806331806,-24.89704257344249,4.556723064399316
137.0,57858.6,52.202569700000005,-2.2024083,29.743,261.67400000000004,78.87,0.49,0.1,0.0,29.48999,30.06,29.39,29.87,8.300018,29.76,0.06936002,0.09995985,0.0,4.0,3.0,1668.0,93.0,0.0,0.02999878,0.0,13.7,9.75,18.0,-0.8174865040643827,-0.11963726720156267,-145.78676456738245,-25.016679840644052,4.567072866863643
137.0,57858.7,52.2025684,-2.2024203,29.862,259.98900000000003,78.92,0.49,0.1,0.0,29.70999,30.129990000000003,29.5,29.97,6.300018,29.85,0.07956004,0.06936002,0.0,4.0,3.0,1642.0,93.0,0.0,0.02999878,0.0,13.7,9.75,20.0,-0.8168703621507416,-0.14419799388242732,-146.6036349295332,-25.16087783452648,4.537664068967538
137.0,57858.8,52.202567,-2.2024323,29.977,259.414,78.98,0.49,0.1,0.0,29.89,30.149990000000003,29.75999,30.08,3.800018,29.9,0.08976007,0.009180069,0.0,4.0,3.0,1602.0,93.0,0.0,0.02999878,0.0,13.7,9.75,20.0,-0.8185222078292549,-0.1529752695665677,-147.42215713736246,-25.31385310409305,4.52762842576857
137.0,57858.9,52.2025655,-2.2024441,29.815,258.675,79.02,0.49,0.1,8.5,30.11,30.179990000000004,29.94,29.879990000000003,1.700012,29.99,0.09995985,-0.04997993,0.0,4.0,3.0,1602.0,93.0,0.0,0.02999878,0.0,13.7,9.75,20.5,-0.8120687263756047,-0.16263585536819838,-148.23422586373806,-25.476488959461246,4.514730442596332
137.0,57859.0,52.2025642,-2.2024563,30.258000000000003,259.689,79.09,0.51,0.1,17.5,30.17,30.149990000000003,30.25,29.97,-0.2999877999999999,30.3,0.1193398999999999,-0.06936002,0.0,4.0,3.0,1574.0,93.0,0.0,0.02999878,0.0,13.7,9.75,22.5,-0.8269265068280455,-0.15044202306924317,-149.0611523705661,-25.62693098253049,4.532428081211555
137.0,57859.1,52.2025625,-2.2024681,30.074,257.531,79.12,0.48,0.1,19.20001,30.41,30.31999,30.50999,30.09999,-2.0,30.38,0.1193398999999999,-0.05915999,0.0,4.0,3.0,1520.0,93.0,0.0,0.02999878,0.0,13.7,9.75,22.5,-0.8156845455334427,-0.18036994721103994,-149.87683691609953,-25.80730092974153,4.494763875953517
137.0,57859.2,52.2025612,-2.2024803,30.287,259.23900000000003,79.19,0.51,0.1,13.09998,30.69,30.67,30.879990000000003,30.33,-1.899994,30.68,0.1091398999999999,-0.04997993,0.0,4.0,3.0,1447.0,93.0,0.0,0.02999878,0.0,13.7,9.0,23.0,-0.8265108352426861,-0.1570823893219072,-150.70334775134222,-25.964383319063437,4.52457409957758
137.0,57859.3,52.2025599,-2.2024925,30.528,260.183,79.24,0.51,0.1,6.299988,30.929990000000004,31.0,30.98,30.53,-1.0,30.82,0.1091398999999999,0.0397799,0.0,4.0,3.0,1412.0,93.0,0.0,0.02999878,0.0,13.7,9.0,23.0,-0.8355830352882706,-0.14458558413078607,-151.5389307866305,-26.108968903194224,4.541050007716406
137.0,57859.4,52.2025584,-2.2025046,30.254,259.002,79.29,0.51,0.1,1.3999629999999998,31.039990000000003,31.12,30.92,31.05,0.3999939,31.09,0.1091398999999999,0.09995985,0.0,4.0,3.0,1372.0,93.0,0.0,0.02999878,0.0,13.7,9.0,18.0,-0.8249541749002698,-0.16032496337912117,-152.36388496153074,-26.269293866573346,4.520437669250353
137.0,57859.5,52.202557,-2.202517,31.046,259.226,79.34,0.51,0.1,1.899963,30.98999,31.23,31.14,31.17,1.899994,31.33,0.09995985,0.06936002,0.0,4.0,3.0,1381.0,93.0,0.0,0.02999878,0.0,13.7,9.0,7.0,-0.8471868532444357,-0.16121113909653906,-153.21107181477518,-26.430505005669886,4.524347206774821
137.0,57859.6,52.2025556,-2.2025296,31.334,259.783,79.39,0.51,0.1,4.200012,31.34,31.44,31.31,31.42,1.0,31.4,0.08976007,0.04997993,0.0,4.0,3.0,1439.0,93.0,0.0,0.02999878,0.0,13.7,9.0,0.0,-0.8565871519035764,-0.15438675168211227,-154.06765896667875,-26.584891757351997,4.5340686907084295
137.0,57859.7,52.20255399999999,-2.2025419,31.039,258.832,79.43,0.49,0.1,6.200012,31.52,31.53,31.45999,31.36,1.0,31.51,0.07956004,0.009180069,0.0,4.0,3.0,1463.0,93.0,0.0,0.02999878,0.0,13.8,9.0,0.0,-0.8458674849279908,-0.16699538308725653,-154.91352645160674,-26.751887140439255,4.517470609521963
137.0,57859.8,52.2025527,-2.2025545,31.529,259.889,79.48,0.49,0.1,7.200011999999999,31.50999,31.52,31.52,31.48,0.3000183,31.45,0.07956004,0.009180069,0.0,4.0,3.0,1453.0,93.0,0.0,0.02999878,0.0,13.7,9.0,0.0,-0.862203851976911,-0.15375268705994127,-155.77573030358366,-26.905639827499197,4.535918739715544
137.0,57859.9,52.2025511,-2.202567,31.464,258.897,79.53,0.49,0.1,7.599976,31.45,31.45,31.53,31.37,0.3999939,31.43,0.05915999,0.0,0.0,4.0,3.0,1432.0,93.0,0.0,0.02999878,0.0,13.7,9.0,0.0,-0.8576409768607345,-0.16830910495087636,-156.63337128044438,-27.073948932450072,4.518605073535759
137.0,57860.0,52.202549600000005,-2.2025797000000003,31.748,259.155,79.58,0.49,0.1,7.599976,31.48,31.44,31.55,31.33,0.1000061,31.45,0.04997993,-0.009180069,0.0,4.0,3.0,1419.0,93.0,0.0,0.02999878,0.0,13.7,9.0,0.0,-0.8661381582960419,-0.1659298137443048,-157.49950943874043,-27.23987874619438,4.523108023005904
137.0,57860.1,52.2025482,-2.2025922,31.349,259.507,79.64,0.5,0.1,8.700012,31.39,31.31,31.5,31.19,0.1000061,31.36,0.0397799,0.0,0.0,4.0,3.0,1401.0,93.0,0.0,0.02999878,0.0,13.7,9.0,0.0,-0.8562432174934043,-0.1585870993585624,-158.35575265623385,-27.39846584555294,4.529251581972924
137.0,57860.2,52.202547,-2.2026048,31.309,260.47,79.7,0.51,0.1,10.59998,31.23999,31.17,31.27,31.129990000000003,-0.2999877999999999,31.27,0.02957988,0.0,0.0,4.0,3.0,1377.0,93.0,0.0,0.02999878,0.0,13.7,9.75,0.0,-0.8576918328305946,-0.14399009199672835,-159.21344448906444,-27.54245593754967,4.546059102669631
137.0,57860.3,52.20254550000001,-2.2026173,31.475,259.241,79.76,0.52,0.1,14.0,31.05,31.03,31.179990000000004,31.06,-0.3999939,31.03,0.01937985,-0.009180069,0.0,4.0,3.0,1367.0,93.0,0.0,0.02999878,0.0,13.7,9.75,0.0,-0.8589362138027034,-0.16321392432505694,-160.07238070286715,-27.705669861874725,4.52460900616262
137.0,57860.4,52.2025439,-2.2026296000000003,31.018,258.951,79.79,0.5,0.1,23.89996,30.97,30.899990000000003,31.03,30.879990000000003,-1.299988,30.95,0.009180069,-0.03978014,0.0,4.0,3.0,1359.0,93.0,0.0,-0.2000122,0.0,13.8,9.75,0.0,-0.845639979510459,-0.1651264117083462,-160.9180206823776,-27.87079627358307,4.519547551331836
137.0,57860.5,52.2025425,-2.2026419999999995,30.884,259.51,79.85,0.5,0.1,38.29999,30.86,30.55,30.98999,30.55,-3.3999940000000004,30.9,0.009180069,-0.12954,0.0,4.0,3.0,1339.0,93.0,0.0,0.02999878,0.0,13.7,9.75,0.0,-0.8435507333960747,-0.15619060748315416,-161.7615714157737,-28.026986881066225,4.529303941850484
137.0,57860.6,52.2025412,-2.2026542,30.65,259.71,79.9,0.5,0.1,51.70001,31.00999,30.25999,30.89,30.039990000000003,-6.799988000000001,30.62,0.0,-0.1897202,0.0,4.0,3.0,1286.0,93.0,0.0,0.02999878,0.0,13.8,9.75,0.0,-0.8376953456675511,-0.15208401615679043,-162.59926676144124,-28.179070897223017,4.532794600354473
137.0,57860.7,52.2025398,-2.2026663,30.434,259.976,79.93,0.48,0.1,58.5,30.83,29.94,30.789990000000003,29.67,-9.699982,30.33,0.0,-0.2397001,0.0,4.0,3.0,1235.0,93.0,0.0,0.02999878,0.0,13.8,9.75,0.0,-0.8324839675101592,-0.14714896294345522,-163.4317507289514,-28.32621986016647,4.5374371761647785
137.0,57860.8,52.2025385,-2.2026783,29.938,260.015,79.97,0.47,0.1,54.70001,30.64,29.55,30.679990000000004,29.45,-10.19998,30.04,-0.009180069,-0.1999198999999999,0.0,4.0,3.0,1182.0,93.0,0.0,0.02999878,0.0,13.7,9.75,0.0,-0.8190148475085689,-0.144193341330217,-164.25076557645997,-28.47041320149669,4.538117854573056
137.0,57860.9,52.2025377,-2.2026905,29.88,262.811,80.02,0.48,0.1,42.5,30.20999,29.44,30.36,29.25999,-9.299988,29.89,-0.02958012,-0.1193398999999999,0.0,4.0,3.0,1181.0,93.0,0.0,0.02999878,0.0,13.8,9.75,0.0,-0.8234751585855236,-0.1038684898924907,-165.0742407350455,-28.57428169138918,4.586917260458817
137.0,57861.0,52.202537,-2.2027025,29.632,264.29200000000003,80.06,0.47,0.1,26.70001,29.73999,29.289990000000003,29.899990000000003,28.899990000000003,-6.799988000000001,29.61,-0.02958012,-0.009180069,0.0,4.0,3.0,1191.0,93.0,0.0,0.02999878,0.0,13.8,9.75,0.0,-0.8190298732049034,-0.08186554850807495,-165.8932706082504,-28.656147239897255,4.612765586680854
137.0,57861.1,52.202536300000006,-2.2027142000000004,29.171,264.676,80.11,0.46,0.1,11.29999,29.31,29.09999,29.47,28.97,-3.600006,29.28,-0.02958012,0.07956004,0.0,4.0,3.0,1175.0,93.0,0.0,0.02999878,0.0,13.8,9.75,0.0,-0.806809831535177,-0.07518636247602822,-166.70008043978558,-28.731333602373283,4.619467651008511
137.0,57861.2,52.202535700000006,-2.2027261,29.185,264.873,80.16,0.47,0.1,0.0,28.95,28.83,29.039990000000003,28.84999,-0.3999939,28.99,-0.02958012,0.13974,0.0,4.0,3.0,1171.0,93.0,0.0,0.02999878,0.0,13.8,9.0,0.0,-0.8074509081552842,-0.07244662291848501,-167.50753134794087,-28.803780225291767,4.622905949634941
137.0,57861.3,52.2025348,-2.2027374,28.274,263.135,80.23,0.49,0.1,0.0,28.539990000000003,28.75999,28.59999,28.61,2.300018,28.71,-0.02958012,0.14994,0.0,4.0,3.0,1159.0,93.0,0.0,-0.2000122,0.0,13.7,9.0,1.0,-0.7797580778987743,-0.09387782880815176,-168.28728942583965,-28.897658054099917,4.592572127235279
137.0,57861.4,52.2025341,-2.202749,28.656,264.193,80.27,0.48,0.1,0.0,28.20999,28.66,28.3,28.59,5.5,28.5,-0.02958012,0.1999198999999999,0.0,4.0,3.0,1163.0,93.0,0.0,0.02999878,0.0,13.8,9.0,3.5,-0.791915210618278,-0.08053756385320004,-169.07920463645792,-28.978195617953116,4.611037710721379
137.0,57861.5,52.2025333,-2.2027604000000003,28.228,263.767,80.31,0.48,0.1,0.0,27.88,28.59,27.88,28.47,7.700011999999999,28.22,-0.02958012,0.2295001,0.0,4.0,3.0,1162.0,93.0,0.0,0.02999878,0.0,13.7,9.0,7.0,-0.7794759134883553,-0.08513245479483894,-169.85868054994629,-29.063328072747954,4.603602608107884
137.0,57861.6,52.2025322,-2.2027715,27.907,261.63,80.36,0.48,0.1,0.0,27.42,28.429990000000004,27.43,28.42,9.800018,28.02,-0.009180069,0.2101199999999999,0.0,4.0,3.0,1160.0,93.0,0.0,0.02999878,0.0,13.7,9.0,11.0,-0.7669376051971415,-0.1128412000645352,-170.62561815514343,-29.17616927281249,4.5663049219927645
137.0,57861.7,52.2025313,-2.2027828,28.084,262.618,80.39,0.47,0.1,0.0,27.31,28.23,27.29,28.11,10.80002,27.81,-0.01938009,0.1693199,0.0,4.0,3.0,1184.0,93.0,0.0,0.02999878,0.0,13.7,9.0,15.0,-0.7736452192799116,-0.10023183308884452,-171.39926337442333,-29.276401105901336,4.583548775002468
137.0,57861.8,52.2025301,-2.2027939000000005,27.684,260.932,80.46,0.49,0.1,0.0,27.06,28.02,27.1,28.03,10.0,27.61,0.0,0.14994,0.0,4.0,3.0,1273.0,93.0,0.0,-0.2000122,0.0,13.7,9.0,17.5,-0.7593890263677898,-0.12119944980147566,-172.1586524007911,-29.397600555702812,4.554122523813844
137.0,57861.9,52.2025289,-2.2028048,27.45,260.036,80.51,0.49,0.1,0.0,27.0,27.82,26.87,27.719990000000003,9.200012,27.48,0.0,0.13974,0.0,4.0,3.0,1343.0,93.0,0.0,0.02999878,0.0,13.7,9.0,18.0,-0.7509989570469683,-0.13193489498372293,-172.90965135783807,-29.529535450686534,4.538484373715975
137.0,57862.0,52.2025274,-2.2028156,27.346,258.44,80.55,0.48,0.1,0.0,26.92,27.74,26.75999,27.5,9.200012,27.36,0.01937985,0.09995985,0.0,4.0,3.0,1391.0,93.0,0.0,0.02999878,0.0,13.7,9.0,18.0,-0.7442026957749444,-0.15222150874551998,-173.653854053613,-29.681756959432054,4.510628918854145
137.0,57862.1,52.2025261,-2.2028266,27.414,258.909,80.59,0.48,0.1,0.0,26.86,27.61,26.84,27.46,8.899994,27.2,0.0397799,0.1091398999999999,0.0,4.0,3.0,1421.0,93.0,0.0,0.02999878,0.0,13.7,9.0,18.0,-0.7472773831456748,-0.1464880972603317,-174.40113143675867,-29.828245056692385,4.5188145130459985
137.0,57862.2,52.2025248,-2.2028375,27.439,258.663,80.66,0.5,0.1,0.0,26.92,27.61,26.88,27.34,7.700011999999999,27.21,0.04997993,0.08976007,0.0,4.0,3.0,1422.0,93.0,0.0,0.02999878,0.0,13.7,9.0,18.0,-0.7473224436304886,-0.14983169353688316,-175.14845388038916,-29.978076750229267,4.5145210030860925
137.0,57862.3,52.2025231,-2.2028483,27.31,257.085,80.7,0.49,0.1,0.0,27.04,27.54,27.02,27.5,5.399994,27.3,0.06936002,0.01937985,0.0,4.0,3.0,1386.0,93.0,0.0,0.02999878,0.0,13.7,9.0,18.0,-0.7394203089036706,-0.16955360415524917,-175.88787418929283,-30.147630354384518,4.486979707489621
137.0,57862.4,52.2025214,-2.2028589000000003,27.137,256.245,80.75,0.49,0.1,0.0,27.23,27.53,27.149990000000003,27.36,3.700012,27.34,0.07956004,0.0,0.0,4.0,3.0,1359.0,93.0,0.0,0.02999878,0.0,13.7,9.0,18.0,-0.7321874103419311,-0.17923284220029634,-176.62006159963477,-30.326863196584814,4.47231894177287
137.0,57862.5,52.2025195,-2.2028695,27.22,255.098,80.78,0.47,0.1,1.200012,27.399990000000003,27.55,27.219990000000003,27.35,2.100006,27.36,0.07956004,-0.009180069,0.0,4.0,3.0,1356.0,93.0,0.0,0.02999878,0.0,13.7,9.0,18.0,-0.7306809040698493,-0.19444646762887377,-177.35074250370462,-30.52130966421369,4.452300015252495
137.0,57862.6,52.2025171,-2.2028798,27.144,252.682,80.81,0.46,0.1,5.200012,27.46,27.49,27.41,27.41,1.399994,27.47,0.08976007,-0.02958012,0.0,4.0,3.0,1342.0,93.0,0.0,0.02999878,0.0,13.7,9.0,18.0,-0.7198191663048679,-0.22444680398741457,-178.07056167000948,-30.745756468201105,4.410132860524311
137.0,57862.7,52.202515,-2.2028905,27.598000000000003,252.512,80.82,0.43,0.1,7.399963,27.56,27.57999,27.63,27.43,0.5,27.6,0.08976007,-0.009180069,0.0,4.0,3.0,1336.0,93.0,0.0,0.02999878,0.0,13.7,9.0,18.0,-0.7311782761816867,-0.23037127450919198,-178.80173994619116,-30.976127742710297,4.407165800795921
137.0,57862.8,52.2025131,-2.2029011,27.313,253.087,80.85,0.42,0.1,9.5,27.68,27.73,27.66,27.62,0.0,27.71,0.07956004,0.0,0.0,4.0,3.0,1326.0,93.0,0.0,0.02999878,0.0,13.7,9.0,18.5,-0.725879089761553,-0.220718841691876,-179.5276190359527,-31.196846584402174,4.417201443994888
137.0,57862.9,52.202511400000006,-2.2029121,27.583,254.12,80.89,0.41,0.1,15.29999,27.87,27.81,27.8,27.61,-0.1000061,27.79,0.08976007,0.0,0.0,4.0,3.0,1314.0,93.0,0.0,-0.2000122,0.0,13.7,9.0,18.5,-0.7369540745018373,-0.20964879864352048,-180.26457311045453,-31.406495383045694,4.4352306951679905
137.0,57863.0,52.2025098,-2.2029232,27.983,255.445,80.94,0.42,0.1,23.79999,28.02,27.89,27.91,27.75999,-1.600006,27.94,0.09995985,-0.04997993,0.0,4.0,3.0,1300.0,93.0,0.0,0.02999878,0.0,13.7,9.0,18.5,-0.7523593692831951,-0.19534407119061445,-181.01693247973773,-31.60183945423631,4.458356307756915
137.0,57863.1,52.2025081,-2.2029342,27.896,255.716,80.98,0.42,0.1,33.09998,28.19,27.96,28.17,27.73,-3.100006,28.06,0.09995985,-0.09996009,0.0,4.0,3.0,1301.0,93.0,0.0,0.02999878,0.0,13.7,9.0,18.5,-0.7509329422142216,-0.19118709794583252,-181.76786542195197,-31.79302655218214,4.46308615002982
137.0,57863.2,52.2025062,-2.202945,27.767,255.368,81.02,0.42,0.1,42.5,28.41,27.95,28.429990000000004,27.82,-5.399994,28.2,0.09995985,-0.12954,0.0,4.0,3.0,1299.0,93.0,0.0,0.02999878,0.0,13.7,9.75,18.5,-0.7462907569424497,-0.19483933415285934,-182.5141561788944,-31.987865886335,4.45701240423288
137.0,57863.3,52.2025044,-2.2029562,28.174,255.18400000000003,81.06,0.42,0.1,51.0,28.629990000000003,28.00999,28.5,27.85,-7.199982,28.27,0.09995985,-0.13974,0.0,4.0,3.0,1291.0,93.0,0.0,0.02999878,0.0,13.7,9.75,18.5,-0.7565908701896524,-0.20012597627552575,-183.27074704908406,-32.187991862610524,4.453800998409211
137.0,57863.4,52.202503,-2.2029674,28.076,256.675,81.09,0.41,0.1,58.09998,28.86,28.02,28.789990000000003,27.81,-8.899994,28.46,0.1091398999999999,-0.1795201,0.0,4.0,3.0,1308.0,93.0,0.0,0.02999878,0.0,13.7,9.75,18.5,-0.7588930337426882,-0.17974438057743208,-184.02964008282675,-32.367736243187956,4.479823857556446
137.0,57863.5,52.202501600000005,-2.2029786,28.102,257.428,81.15,0.42,0.1,62.39996,28.86,28.25,28.899990000000003,27.81,-10.0,28.44,0.09995985,-0.2193,0.0,4.0,3.0,1319.0,93.0,0.0,0.02999878,0.0,13.7,9.75,18.5,-0.7618945938859866,-0.16991272641397698,-184.79153467671273,-32.53764896960193,4.4929661868239625
137.0,57863.6,52.2025003,-2.2029903,28.861,259.045,81.2,0.43,0.1,63.79999,29.179990000000004,28.16,29.23,27.82999,-10.89999,28.68,0.08976007,-0.1795201,0.0,4.0,3.0,1321.0,93.0,0.0,0.02999878,0.0,13.7,9.75,18.5,-0.7870849595123142,-0.15235238351461844,-185.57861963622506,-32.69000135311655,4.521188160828712
137.0,57863.7,52.2024989,-2.2030015,28.4,259.553,81.22,0.42,0.1,61.20001,29.39,28.539990000000003,29.48999,28.37,-11.19998,28.99,0.07956004,-0.14994,0.0,4.0,3.0,1304.0,93.0,0.0,0.02999878,0.0,13.7,9.75,17.5,-0.775811524476384,-0.14304599785374908,-186.35443116070144,-32.8330473509703,4.530054433428842
137.0,57863.8,52.2024977,-2.2030129,28.505,260.772,81.24,0.4,0.1,53.20001,29.679990000000004,28.67,29.58,28.47,-10.60001,29.1,0.07956004,-0.12954,0.0,4.0,3.0,1307.0,93.0,0.0,0.02999878,0.0,13.7,9.75,10.5,-0.7815580195480497,-0.12697676909093392,-187.13598918024948,-32.96002412006123,4.551329997010653
137.0,57863.9,52.2024969,-2.2030245,28.627,262.86400000000003,81.28,0.41,0.1,39.5,29.56999,28.77,29.429990000000004,28.34999,-9.0,29.15,0.07956004,-0.06936002,0.0,4.0,3.0,1318.0,93.0,0.0,0.02999878,0.0,13.8,9.75,9.0,-0.789034932620039,-0.0987829923650782,-187.92502411286952,-33.05880711242631,4.587842284962375
137.0,57864.0,52.2024962,-2.2030363,29.056,263.697,81.34,0.42,0.1,25.09998,29.31999,28.77,29.48,28.75,-5.899994,29.01,0.06936002,0.009180069,0.0,4.0,3.0,1330.0,93.0,0.0,-0.2000122,0.0,13.7,9.75,8.5,-0.8022322926605967,-0.08860978665776903,-188.7272564055301,-33.14741689908408,4.602380877631488
137.0,57864.1,52.2024954,-2.2030480000000003,29.009,263.722,81.4,0.44,0.1,13.5,29.11,28.86,29.12,28.72,-2.799988,28.97,0.05915999,0.06936002,0.0,4.0,3.0,1325.0,93.0,0.0,0.02999878,0.0,13.8,9.75,8.5,-0.8009731534444277,-0.08811697240308956,-189.52822955897454,-33.23553387148717,4.602817209944486
137.0,57864.2,52.2024947,-2.2030599,29.268,264.421,81.45,0.45,0.1,3.0,29.06,29.03,29.16,29.0,-0.2999877999999999,29.01,0.0397799,0.07956004,0.0,4.0,3.0,1329.0,93.0,0.0,0.02999878,0.0,13.8,9.75,8.5,-0.8091488995961372,-0.07903833425851325,-190.33737845857067,-33.314572205745684,4.615017061415926
137.0,57864.3,52.2024939,-2.2030717,29.16,263.938,81.51,0.45,0.1,0.0,28.98999,29.06999,29.03,28.929990000000004,1.700012,29.05,0.02957988,0.1091398999999999,0.0,4.0,3.0,1334.0,93.0,0.0,0.02999878,0.0,13.7,9.75,8.5,-0.8054706439768528,-0.08553970827349187,-191.14284910254753,-33.40011191401918,4.606587121128793
137.0,57864.4,52.202493200000006,-2.2030833000000003,28.843000000000004,264.134,81.55,0.45,0.1,0.0,28.89,29.23,28.94,29.12,3.100006,29.07,0.02957988,0.12954,0.0,4.0,3.0,1319.0,93.0,0.0,-0.2000122,0.0,13.7,9.75,8.5,-0.7969991021410125,-0.08188387506134634,-191.93984820468853,-33.48199578908052,4.610007966462702
137.0,57864.5,52.2024924,-2.2030951,29.124,263.382,81.58,0.44,0.1,0.0,28.679990000000004,29.20999,28.69,28.98999,5.399994,28.98,0.01937985,0.13974,0.0,4.0,3.0,1306.0,93.0,0.0,-0.2000122,0.0,13.7,9.75,8.5,-0.803609315879482,-0.09323662065793116,-192.743457520568,-33.575232409738454,4.596883090487705
137.0,57864.6,52.2024916,-2.2031069,29.002,263.595,81.65,0.46,0.1,0.0,28.56999,29.23999,28.59,29.09,6.800018,28.89,0.01937985,0.1693199,0.0,4.0,3.0,1295.0,93.0,0.0,0.02999878,0.0,13.7,9.75,8.5,-0.8005826379115297,-0.08987047468604892,-193.54404015847953,-33.665102884424506,4.600600641794453
137.0,57864.7,52.2024909,-2.2031186000000003,29.038,263.962,81.69,0.46,0.1,0.0,28.379990000000003,29.09999,28.36,29.03,8.0,28.74,0.009180069,0.16014,0.0,4.0,3.0,1286.0,93.0,0.0,0.02999878,0.0,13.8,9.75,8.5,-0.8021363155792676,-0.08484583547127589,-194.3461764740588,-33.749948719895784,4.607006000149272
137.0,57864.8,52.20249,-2.2031303,29.005,263.451,81.74,0.46,0.1,0.0,28.20999,29.039990000000003,28.2,28.94,9.0,28.61,0.009180069,0.1999198999999999,0.0,4.0,3.0,1290.0,93.0,0.0,-0.2000122,0.0,13.7,9.75,9.0,-0.8004370301099902,-0.09189177676669662,-195.1466135041688,-33.84184049666248,4.598087367671582
137.0,57864.9,52.2024886,-2.2031416,28.62,261.315,81.79,0.46,0.1,0.0,28.06999,28.87,27.969990000000003,28.87,9.399994,28.46,0.009180069,0.1897199,0.0,4.0,3.0,1288.0,93.0,0.0,0.02999878,0.0,13.7,9.75,11.0,-0.7858840950739588,-0.12004661223785065,-195.93249759924277,-33.96188710890033,4.560807134848982
137.0,57865.0,52.2024871,-2.2031528,28.224,259.811,81.83,0.46,0.1,0.0,27.93999,28.81,27.91,28.73999,9.899994,28.42,0.009180069,0.14994,0.0,4.0,3.0,1280.0,93.0,0.0,0.02999878,0.0,13.8,9.75,11.0,-0.7716359967257957,-0.1386862954908947,-196.70413359596856,-34.10057340439122,4.534557382898988
137.0,57865.1,52.2024856,-2.2031641,28.526,258.833,81.86,0.45,0.1,0.0,27.79,28.7,27.84,28.61,9.300018,28.3,0.02957988,0.1193398999999999,0.0,4.0,3.0,1288.0,93.0,0.0,0.02999878,0.0,13.7,9.75,11.0,-0.7773864819681718,-0.15346142475461796,-197.48152007793672,-34.25403482914584,4.517488062814484
137.0,57865.2,52.2024844,-2.2031755,28.404,259.391,81.93,0.47,0.1,0.0,27.86,28.59,27.82999,28.42,7.800018,28.16,0.0397799,0.08976007,0.0,4.0,3.0,1278.0,93.0,0.0,-0.2000122,0.0,13.7,9.0,11.0,-0.7755131827479487,-0.1452594347508855,-198.25703326068466,-34.39929426389672,4.527227000040612
137.0,57865.3,52.2024827,-2.2031865,28.22,257.75,81.97,0.46,0.1,0.0,27.87,28.42,27.74,28.289990000000003,6.399994,28.16,0.0397799,0.0397799,0.0,4.0,3.0,1256.0,93.0,0.0,0.02999878,0.0,13.7,9.0,11.0,-0.7660406062326888,-0.16632371967374776,-199.02307386691734,-34.56561798357047,4.498586147015384
137.0,57865.4,52.202481000000006,-2.2031977,28.188,256.875,82.02,0.46,0.1,0.0,27.86,28.17,27.899990000000003,28.149990000000003,4.5,28.09,0.0397799,0.0,0.0,4.0,3.0,1234.0,93.0,0.0,0.02999878,0.0,13.8,9.0,10.0,-0.7625456747741524,-0.17780071395591399,-199.7856195416915,-34.74341869752638,4.483314516060434
137.0,57865.5,52.2024794,-2.2032089,28.285,256.648,82.07,0.46,0.1,3.799988,27.89,28.149990000000003,27.93,28.06999,2.5,28.17,0.04997993,-0.009180069,0.0,4.0,3.0,1220.0,93.0,0.0,-0.2000122,0.0,13.7,9.0,10.0,-0.7644568765027717,-0.18144267413839055,-200.55007641819427,-34.92486137166477,4.479352618658408
137.0,57865.6,52.20247740000001,-2.2032196,27.803,255.378,82.11,0.46,0.1,12.79999,27.91,27.95,27.88,27.78,0.5,27.89,0.0397799,-0.04997993,0.0,4.0,3.0,1213.0,93.0,0.0,0.02999878,0.0,13.8,9.0,10.0,-0.7472923637660144,-0.19496151979038914,-201.29736878196027,-35.11982289145516,4.457186937158078
137.0,57865.7,52.20247570000001,-2.2032305,27.709,255.378,82.15,0.46,0.1,19.39996,27.93999,27.84,27.95,27.649990000000003,-0.3999939,27.86,0.0397799,-0.06936002,0.0,4.0,3.0,1209.0,93.0,0.0,0.02999878,0.0,13.7,9.0,10.0,-0.7447658205083081,-0.1943023685167749,-202.0421346024686,-35.31412525997193,4.457186937158078
137.0,57865.8,52.202474,-2.2032416,28.012,255.395,82.2,0.46,0.1,27.89996,27.89,27.63,28.19,27.68,-2.799988,27.76,0.0397799,-0.06936002,0.0,4.0,3.0,1201.0,93.0,0.0,0.02999878,0.0,13.7,9.0,10.0,-0.7529681387423192,-0.1962036780325369,-202.7951027412109,-35.51032893800447,4.457483643130918
137.0,57865.9,52.2024723,-2.2032524,27.63,255.483,82.25,0.46,0.1,34.20001,27.92,27.61,27.81,27.28,-3.600006,27.8,0.02957988,-0.07956004,0.0,4.0,3.0,1189.0,93.0,0.0,0.02999878,0.0,13.7,9.0,10.0,-0.7429962642901367,-0.19238711300630673,-203.53809900550104,-35.702716051010775,4.459019532872673
137.0,57866.0,52.2024709,-2.2032635000000003,27.857,256.66200000000003,82.29,0.46,0.1,42.20001,27.85,27.42,27.87,27.219990000000003,-5.299988,27.73,0.02957988,-0.1193398999999999,0.0,4.0,3.0,1178.0,93.0,0.0,0.02999878,0.0,13.8,9.0,11.0,-0.7529329894917737,-0.1785131679838288,-204.2910319949928,-35.881229218994605,4.479596964753687
136.0,57866.1,52.2024693,-2.2032744,27.601,256.937,82.34,0.46,0.1,47.89996,27.82999,27.21,27.87,27.1,-6.699982,27.57,0.0397799,-0.13974,0.0,4.0,3.0,1179.0,93.0,0.0,0.02999878,0.0,13.8,9.0,11.0,-0.7468540246776875,-0.173290037119032,-205.03788601967048,-36.054519256113636,4.48439662019667
136.0,57866.2,52.202468,-2.2032856,27.828000000000003,257.625,82.38,0.46,0.1,49.39996,27.84,27.12,27.85,26.93,-8.0,27.5,0.02957988,-0.12954,0.0,4.0,3.0,1189.0,93.0,0.0,0.02999878,0.0,13.8,9.0,11.0,-0.7550400262610344,-0.16566097531928464,-205.79292604593152,-36.22018023143292,4.496404485450391
136.0,57866.3,52.2024665,-2.2032966,27.756,257.764,82.42,0.46,0.1,42.5,27.82,27.04,27.75,26.899990000000003,-8.100006,27.43,0.01937985,-0.09996009,0.0,4.0,3.0,1197.0,93.0,0.0,0.02999878,0.0,13.7,9.0,9.5,-0.7534851329198724,-0.16340487896241715,-206.5464111788514,-36.38358511039534,4.498830493110664
136.0,57866.4,52.2024654,-2.2033075,27.374,258.638,82.47,0.46,0.1,31.89996,27.71,27.11,27.68999,26.95,-6.299988,27.41,0.01937985,-0.01938009,0.0,4.0,3.0,1184.0,93.0,0.0,0.02999878,0.0,13.7,9.0,6.5,-0.7454868257146883,-0.1498020528281136,-207.2918980045661,-36.53338716322345,4.5140846707730935
136.0,57866.5,52.2024645,-2.2033183,27.18,259.927,82.5,0.45,0.1,21.70001,27.469990000000003,27.149990000000003,27.54,26.95,-4.100006,27.39,0.01937985,0.01937985,0.0,4.0,3.0,1167.0,93.0,0.0,0.02999878,0.0,13.7,9.0,6.0,-0.7433622112627182,-0.13205159168522704,-208.0352602158288,-36.66543875490868,4.536581964831301
136.0,57866.6,52.2024632,-2.2033292,27.245,259.845,82.54,0.45,0.1,11.70001,27.35,27.13,27.34,26.91,-2.100006,27.22,0.01937985,0.05915999,0.0,4.0,3.0,1164.0,93.0,0.0,0.02999878,0.0,13.7,9.0,6.0,-0.7449497321777004,-0.13343367434094586,-208.7802099480065,-36.79887242924962,4.535150794844666
136.0,57866.7,52.20246240000001,-2.2033403,27.238000000000003,260.93,82.59,0.45,0.1,4.299988,27.13,27.07,27.09,26.899990000000003,-0.3999939,27.08,0.01937985,0.07956004,0.0,4.0,3.0,1161.0,93.0,0.0,0.02999878,0.0,13.7,9.0,6.0,-0.7471508110430997,-0.1192729601143058,-209.5273607590496,-36.91814538936393,4.554087617228804
136.0,57866.8,52.2024613,-2.2033511,27.137,260.874,82.64,0.45,0.1,0.0,26.899990000000003,27.05,26.93999,26.99,0.6000061,26.9,0.01937985,0.08976007,0.0,4.0,3.0,1149.0,93.0,0.0,0.02999878,0.0,13.7,9.0,6.0,-0.7442638360125549,-0.11955817826604978,-210.27162459506215,-37.037703567629976,4.553110232847688
136.0,57866.9,52.20246,-2.2033618,26.917,260.337,82.68,0.45,0.1,0.0,26.71,26.85,26.71,26.85,2.300018,26.83,0.009180069,0.09995985,0.0,4.0,3.0,1138.0,93.0,0.0,0.02999878,0.0,13.8,9.0,6.0,-0.7370862074411355,-0.1255026097462908,-211.0087108025033,-37.16320617737627,4.543737814764477
136.0,57867.0,52.202459100000006,-2.2033727000000005,26.899,260.861,82.73,0.45,0.1,0.0,26.49,26.62,26.61,26.81,3.800018,26.73,0.009180069,0.07956004,0.0,4.0,3.0,1129.0,93.0,0.0,0.02999878,0.0,13.8,9.0,6.0,-0.7377095008060044,-0.11867699957952178,-211.7464203033093,-37.28188317695579,4.552883340044928
136.0,57867.1,52.2024577,-2.2033832,26.723000000000003,260.096,82.77,0.45,0.1,0.0,26.32,26.74,26.399990000000003,26.7,5.300018,26.55,0.0,0.13974,0.0,4.0,3.0,1127.0,93.0,0.0,0.02999878,0.0,13.7,9.0,6.0,-0.7312432140213958,-0.12767497701703875,-212.47766351733068,-37.409558153972824,4.5395315712671716
136.0,57867.2,52.2024567,-2.203394,26.849,260.368,82.81,0.45,0.1,0.0,26.11,26.78,26.09,26.54,5.700012,26.37,0.0,0.14994,0.0,4.0,3.0,1128.0,93.0,0.0,-0.2000122,0.0,13.7,9.75,6.0,-0.7352917422630594,-0.12478774161465322,-213.21295525959374,-37.53434589558748,4.544278866832596
136.0,57867.3,52.2024553,-2.2034045,26.572,259.694,82.86,0.45,0.1,0.0,26.00999,26.56,25.98,26.62,6.200012,26.29,0.0,0.1091398999999999,0.0,4.0,3.0,1128.0,93.0,0.0,0.02999878,0.0,13.8,9.75,6.0,-0.7262026540887175,-0.13205195015667684,-213.93915791368246,-37.66639784574416,4.532515347674154
136.0,57867.4,52.20245380000001,-2.2034149,26.464,258.754,82.89,0.44,0.1,0.0,25.92,26.66,25.92,26.24,5.399994,26.15,0.009180069,0.0397799,0.0,4.0,3.0,1133.0,93.0,0.0,0.02999878,0.0,13.8,9.75,6.0,-0.7209961676022195,-0.14336272870563177,-214.66015408128467,-37.80976057444979,4.516109252705408
136.0,57867.5,52.2024526,-2.2034256999999995,26.726,259.077,82.92,0.44,0.1,2.899963,25.86,26.21,25.85,26.12,2.5,26.07,0.009180069,0.0,0.0,3.0,3.0,1128.0,93.0,0.0,0.02999878,0.0,13.8,9.75,6.0,-0.7289388258295156,-0.14067498194052186,-215.3890929071142,-37.95043555639031,4.521746666189349
137.0,57867.6,52.2024506,-2.2034352000000004,25.618,257.043,82.96,0.43,0.1,10.09998,25.93,25.92,25.87,25.98,1.100006,25.87,0.009180069,-0.02958012,0.0,3.0,3.0,1144.0,93.0,0.0,0.02999878,0.0,13.6,9.75,6.0,-0.6934925061002187,-0.15955725442494986,-216.08258541321442,-38.10999281081526,4.486246669203784
137.0,57867.7,52.202449,-2.2034453,25.751,256.348,82.99,0.43,0.1,18.39996,25.68999,25.64999,25.71999,25.54,-0.1999817,25.72,0.0,-0.04997993,0.0,3.0,3.0,1215.0,93.0,0.0,-0.2000122,0.0,13.7,9.75,6.0,-0.6950961651049445,-0.16882937856025437,-216.77768157831937,-38.27882218937551,4.474116630902424
137.0,57867.8,52.2024476,-2.2034556,25.736,256.49,83.02,0.42,0.1,23.70001,25.6,25.39999,25.68999,25.24,-2.0,25.54,0.0,-0.06936002,0.0,3.0,3.0,1307.0,93.0,0.0,0.02999878,0.0,13.7,9.75,11.5,-0.695107314031694,-0.16700881843912974,-217.47278889235108,-38.44583100781464,4.476594998440256
136.0,57867.9,52.2024462,-2.2034657,25.69,256.673,83.07,0.42,0.1,28.20001,25.66,25.41,25.53,25.03,-3.100006,25.38,-0.009180069,-0.04997993,0.0,3.0,3.0,1392.0,93.0,0.0,0.02999878,0.0,13.7,9.75,15.0,-0.6943938181780984,-0.16449329219538572,-218.16718271052918,-38.61032430001003,4.479788950971406
136.0,57868.0,52.2024448,-2.203476,25.765,256.87,83.11,0.42,0.1,32.0,25.50999,25.24,25.57,25.07,-3.600006,25.49,0.01937985,-0.05915999,0.0,3.0,3.0,1517.0,93.0,0.0,0.02999878,0.0,13.7,9.75,15.5,-0.6969841586842762,-0.16257804387989688,-218.86416686921345,-38.772902343889925,4.483227249597834
136.0,57868.1,52.2024435,-2.2034864000000005,25.816,257.143,83.15,0.42,0.1,34.59998,25.71,25.28,25.66,25.11,-4.699982,25.43,0.0397799,-0.05915999,0.0,3.0,3.0,1575.0,93.0,0.0,-0.2000122,0.0,13.7,9.75,15.5,-0.6991320362216102,-0.159570491030257,-219.56329890543506,-38.93247283492018,4.487991998455779
135.0,57868.2,52.2024424,-2.2034967,25.697,257.767,83.19,0.42,0.1,31.5,25.62,25.25999,25.59,25.12,-5.100006,25.43,0.05915999,-0.04997993,0.0,3.0,3.0,1600.0,93.0,0.0,0.02999878,0.0,13.7,9.75,15.5,-0.6975978993378312,-0.15124662634723585,-220.2608968047729,-39.08371946126742,4.498882852988223
135.0,57868.3,52.2024412,-2.203507,25.74,258.172,83.23,0.42,0.1,24.59998,25.50999,25.28,25.6,25.28,-4.199982,25.37,0.05915999,0.0,0.0,3.0,3.0,1640.0,93.0,0.0,-0.2000122,0.0,13.7,9.75,15.5,-0.6998186454227162,-0.1465566904604306,-220.9607154501956,-39.23027615172785,4.505951436458801
135.0,57868.4,52.2024403,-2.2035173,25.69,258.733,83.27,0.42,0.1,16.70001,25.66,25.54,25.7,25.41,-2.600006,25.66,0.04997993,0.0,0.0,3.0,3.0,1655.0,93.0,0.0,0.02999878,0.0,13.7,9.75,15.5,-0.699857935906442,-0.13942627962478624,-221.66057338610204,-39.369702431352636,4.5157427335624885
135.0,57868.5,52.2024393,-2.2035276,25.664,259.268,83.31,0.41,0.1,8.200012,25.91,25.98,25.93999,25.57999,-1.600006,25.79,0.04997993,0.0397799,0.0,3.0,3.0,1654.0,93.0,0.0,0.02999878,0.0,13.7,9.75,15.5,-0.7004197119043046,-0.13275087599381613,-222.36099309800636,-39.50245330734645,4.525080245060658
135.0,57868.6,52.2024384,-2.2035378,25.549,259.831,83.34,0.41,0.1,0.0,26.21,26.13,26.25,25.98,-0.6000061,26.17,0.06936002,0.08976007,0.0,3.0,3.0,1637.0,93.0,0.0,0.02999878,0.0,13.7,9.75,15.5,-0.6985460502739882,-0.12529812497367834,-223.05953914828035,-39.627751432320125,4.534906448749386
135.0,57868.7,52.2024371,-2.2035483,25.762,259.829,83.37,0.4,0.1,0.0,26.37,26.41,26.0,26.0,1.399994,26.32,0.06936002,0.07956004,0.0,3.0,3.0,1608.0,93.0,0.0,0.02999878,0.0,13.7,9.75,15.5,-0.7043653630346153,-0.12636731263579853,-223.76390451131496,-39.754118744955925,4.534871542164347
135.0,57868.8,52.2024356,-2.2035585,25.826,259.474,83.41,0.4,0.1,0.0,26.13,26.68,26.25999,26.46,3.600006,26.43,0.07956004,0.1091398999999999,0.0,3.0,3.0,1598.0,93.0,0.0,0.02999878,0.0,13.7,9.75,15.5,-0.7053167479179877,-0.1310538172188374,-224.46922125923294,-39.88517256217476,4.528675623319766
136.0,57868.9,52.2024345,-2.2035689,25.841,259.368,83.45,0.4,0.1,0.0,26.57,26.88,26.28,26.719990000000003,4.600006,26.59,0.07956004,0.12954,0.0,3.0,3.0,1603.0,93.0,0.0,-0.2000122,0.0,13.8,9.75,15.5,-0.7054825985591661,-0.13243533786956715,-225.1747038577921,-40.017607900044325,4.526825574312652
136.0,57869.0,52.2024332,-2.2035796,26.179,259.201,83.48,0.4,0.1,0.0,26.59,27.14,26.41,27.05,4.800018,26.8,0.08976007,0.1091398999999999,0.0,3.0,3.0,1596.0,93.0,0.0,0.02999878,0.0,13.7,9.75,15.5,-0.7143162097016198,-0.13625018381042828,-225.88902006749373,-40.15385808385475,4.523910874461823
136.0,57869.1,52.2024316,-2.2035905,26.665,258.724,83.53,0.4,0.1,0.0,26.95,27.25999,26.91,27.29,4.300018,27.07,0.09995985,0.0,0.0,3.0,3.0,1586.0,93.0,0.0,0.02999878,0.0,13.7,9.75,15.5,-0.7263965605210342,-0.14483196088597203,-226.61541662801477,-40.298690044740724,4.515585653929809
136.0,57869.2,52.2024303,-2.2036014,26.906,258.465,83.56,0.4,0.1,5.799988,27.16,27.28,27.2,26.92,2.200012,27.1,0.09995985,-0.04997993,0.0,3.0,3.0,1587.0,93.0,0.0,0.02999878,0.0,13.8,9.0,15.5,-0.7322936773336515,-0.14945273959257446,-227.34771030534841,-40.4481427843333,4.511065251167143
136.0,57869.3,52.2024292,-2.2036125,27.05,258.656,83.59,0.4,0.1,17.89996,27.48,27.42,27.62,27.38,-0.2999877999999999,27.35,0.1091398999999999,-0.05915999,0.0,3.0,3.0,1594.0,93.0,0.0,-0.2000122,0.0,13.7,9.0,15.5,-0.7367096755863369,-0.14779755154654403,-228.08441998093474,-40.595940335879845,4.514398830038453
136.0,57869.4,52.2024279,-2.2036237,27.328000000000003,258.72,83.64,0.4,0.1,28.0,27.77,27.61,27.81,27.45,-2.0,27.65,0.09995985,-0.07956004,0.0,3.0,3.0,1604.0,93.0,0.0,0.02999878,0.0,13.7,9.0,15.5,-0.7444473594323034,-0.14848504317478115,-228.82886734036705,-40.744425379054626,4.51551584075973
136.0,57869.5,52.2024268,-2.2036354,27.796,258.881,83.67,0.4,0.1,42.79999,28.289990000000003,27.89,28.129990000000003,27.67,-4.5,27.96,0.08976007,-0.1693201,0.0,3.0,3.0,1623.0,93.0,0.0,0.02999878,0.0,13.7,9.0,15.5,-0.7576176338026007,-0.1488995931914624,-229.58648497416965,-40.89332497224609,4.5183258208554395
136.0,57869.6,52.2024254,-2.2036463000000004,27.724,258.939,83.7,0.39,0.1,54.70001,28.84999,27.93999,28.64,27.64,-7.199982,28.2,0.08976007,-0.2193,0.0,3.0,3.0,1649.0,93.0,0.0,0.02999878,0.0,13.7,9.0,15.5,-0.7558051283476477,-0.14774887959029012,-230.3422901025173,-41.04107385183638,4.519338111821598
136.0,57869.7,52.2024247,-2.2036582,27.904,259.546,83.73,0.39,0.1,65.89996,28.89,28.039990000000003,28.81,27.67,-9.899994,28.43,0.08976007,-0.2295001,0.0,3.0,3.0,1673.0,93.0,0.0,0.02999878,0.0,13.8,9.0,6.0,-0.7622449632719519,-0.1406408565618185,-231.10453506578924,-41.1817147083982,4.5299322603812024
136.0,57869.8,52.20242399999999,-2.2036699,28.12,260.231,83.76,0.39,0.1,74.70000999999999,29.03,27.91,29.00999,27.86,-12.0,28.55,0.08976007,-0.2397001,0.0,4.0,3.0,1663.0,93.0,0.0,0.02999878,0.0,13.7,9.0,0.5,-0.7697848800585876,-0.1325360567333304,-231.87431994584782,-41.314250765131526,4.541887765757363
137.0,57869.9,52.2024233,-2.2036821,28.498,261.021,83.79,0.38,0.1,75.09998,29.25999,28.039990000000003,29.31,27.91,-13.199979999999998,28.65,0.05915999,-0.2499001,0.0,4.0,3.0,1638.0,93.0,0.0,-0.2000122,0.0,13.8,9.0,0.0,-0.7819104002061781,-0.12354868386179803,-232.656230346054,-41.437799448993324,4.555675866848119
137.0,57870.0,52.2024226,-2.2036937,28.523000000000003,261.654,83.83,0.38,0.1,64.39996,29.48,28.28,29.59,28.149990000000003,-13.0,28.85,0.0397799,-0.2101199999999999,0.0,4.0,3.0,1633.0,93.0,0.0,0.02999878,0.0,13.7,9.0,0.0,-0.78391470187184,-0.1150036240880341,-233.44014504792585,-41.55280307308136,4.566723801013243
137.0,57870.1,52.2024224,-2.2037058000000003,28.634,262.867,83.85,0.37,0.1,49.79999,29.52,28.45999,29.629990000000003,28.34999,-10.89999,28.99,0.01937985,-0.07956004,0.0,4.0,3.0,1660.0,93.0,0.0,-0.2000122,0.0,13.7,9.0,0.0,-0.7892330433618215,-0.0987658232069089,-234.22937809128769,-41.65156889628827,4.587894644839935
137.0,57870.2,52.20242210000001,-2.2037175,28.357,264.209,83.87,0.36,0.1,35.5,29.22,28.55,29.28,28.36,-7.899994,28.94,0.0,0.0,0.0,4.0,3.0,1693.0,93.0,0.0,-0.2000122,0.0,13.7,9.0,0.0,-0.7836745013331401,-0.07947838554535529,-235.01305259262082,-41.731047281833625,4.611316963401698
137.0,57870.3,52.202422,-2.2037295,28.71,265.588,83.88,0.35,0.1,21.70001,29.0,28.56999,29.06,28.48,-5.0,28.79,-0.009180069,0.0397799,0.0,4.0,3.0,1763.0,93.0,0.0,0.02999878,0.0,13.7,9.0,0.0,-0.7951367382349288,-0.061349959324504204,-235.80818933085575,-41.79239724115813,4.635385053786701
137.0,57870.4,52.2024224,-2.2037419,29.066,267.576,83.96,0.36,0.1,6.5,28.77,28.69,29.05,28.56,-2.199982,28.76,-0.01938009,0.07956004,0.0,4.0,3.0,1745.0,93.0,0.0,0.02999878,0.0,13.7,9.0,0.0,-0.8066664386139893,-0.03414783616947619,-236.61485576946976,-41.8265450773276,4.670082199316347
137.0,57870.5,52.2024219,-2.2037534,28.969,268.095,83.92,0.34,0.1,0.0,28.7,28.72,28.81999,28.67,0.3999939,28.73,-0.01938009,0.1193398999999999,0.0,4.0,3.0,1681.0,93.0,0.0,-0.2000122,0.0,13.8,9.0,0.0,-0.8042497049540617,-0.026749971982376632,-237.41910547442382,-41.85329504930998,4.679140458134198
137.0,57870.6,52.202421400000006,-2.2037649,28.897,267.701,83.93,0.33,0.1,0.0,28.539990000000003,28.89,28.59,28.66,4.200012,28.68,-0.01938009,0.1795198999999999,0.0,4.0,3.0,1595.0,93.0,0.0,-0.2000122,0.0,13.7,9.0,0.0,-0.8020483519890406,-0.032199568531885096,-238.22115382641286,-41.885494617841864,4.6722638608813405
137.0,57870.7,52.202421,-2.2037764,28.85,267.856,83.91,0.31,0.1,0.0,28.3,29.02,28.34999,28.89,7.700011999999999,28.65,-0.01938009,0.2498998999999999,0.0,4.0,3.0,1497.0,93.0,0.0,0.02999878,0.0,13.7,9.0,0.0,-0.8008278836187188,-0.029980861450794795,-239.02198171003158,-41.91547547929266,4.674969121221931
137.0,57870.8,52.2024206,-2.2037879,28.764,267.713,83.91,0.3,0.1,0.0,28.039990000000003,29.039990000000003,28.129990000000003,28.94,11.0,28.6,-0.01938009,0.3100800999999999,0.0,4.0,3.0,1368.0,93.0,0.0,-0.2000122,0.0,13.7,9.0,0.0,-0.7983635765328461,-0.031884160106272263,-239.82034528656442,-41.94735963939893,4.67247330039158
137.0,57870.9,52.2024197,-2.2037994,28.854,265.807,83.9,0.29,0.1,0.0,27.88,29.09,27.91,28.94,13.5,28.44,-0.01938009,0.3100800999999999,0.0,4.0,3.0,1283.0,93.0,0.0,-0.2000122,0.0,13.8,9.0,0.0,-0.7993547191383511,-0.05860275583321744,-240.61970000570278,-42.00596239523215,4.6392073248485675
137.0,57871.0,52.2024189,-2.2038112,29.074,264.966,83.93,0.28,0.1,0.0,27.77,29.039990000000003,27.79,29.06999,15.0,28.43,-0.01938009,0.3100800999999999,0.0,4.0,3.0,1182.0,93.0,0.0,0.02999878,0.0,13.8,9.0,0.0,-0.8044959963091185,-0.07086535622377474,-241.4241960020119,-42.07682775145593,4.624529105839295
137.0,57871.1,52.202418,-2.2038226,28.699,264.346,83.96,0.28,0.1,0.0,27.57999,29.129990000000003,27.59,28.95999,16.60001,28.34,-0.02958012,0.3396599,0.0,4.0,3.0,1129.0,93.0,0.0,0.02999878,0.0,13.8,9.0,0.0,-0.7933160841184583,-0.07854026312689262,-242.21751208613037,-42.15536801458282,4.61370806447693
137.0,57871.2,52.2024169,-2.2038341,28.814,262.646,83.97,0.28,0.1,0.0,27.46,29.11,27.43,29.02,17.89999,28.28,-0.03978014,0.3294599,0.0,4.0,3.0,1120.0,93.0,0.0,0.02999878,0.0,13.7,9.0,0.0,-0.7938050871873581,-0.10244928995489022,-243.01131717331774,-42.25781730453771,4.584037467193027
137.0,57871.3,52.2024152,-2.2038453,28.667,260.986,83.96,0.26,0.1,0.0,27.34,29.03,27.27,28.86,17.70001,28.17,-0.03978014,0.29988,0.0,4.0,3.0,1138.0,93.0,0.0,0.02999878,0.0,13.7,9.0,0.0,-0.7864712511910525,-0.12476180849371557,-243.79778842450878,-42.382579113031426,4.555065001609921
137.0,57871.4,52.2024137,-2.2038568,28.84,259.274,83.98,0.26,0.1,0.0,27.27,28.87,27.23,28.83,17.20001,28.1,-0.03978014,0.27948,0.0,4.0,3.0,1133.0,93.0,0.0,0.02999878,0.0,13.7,9.0,0.0,-0.7871144523003126,-0.1490967850949775,-244.58490287680908,-42.5316758981264,4.525184964815778
137.0,57871.5,52.202412,-2.203868,28.602,258.495,84.02,0.26,0.1,0.0,27.24,28.81,27.24,28.56,17.0,28.11,-0.02958012,0.2600999,0.0,4.0,3.0,1132.0,93.0,0.0,0.02999878,0.0,13.8,9.0,0.0,-0.7785363520389927,-0.15846576461121734,-245.36343922884808,-42.69014166273762,4.511588849942743
137.0,57871.6,52.2024102,-2.2038792000000003,28.667,257.593,84.02,0.25,0.1,0.0,27.24,28.73999,27.28,28.66,16.0,28.0,-0.02958012,0.2295001,0.0,4.0,3.0,1131.0,93.0,0.0,0.02999878,0.0,13.8,9.0,0.0,-0.7777086644181401,-0.17108995031150953,-246.1411478932662,-42.86123161304913,4.4958459800897534
137.0,57871.7,52.2024079,-2.2038901,28.627,256.136,84.01,0.24,0.1,0.0,27.399990000000003,28.48,27.34,28.41,13.10001,27.97,-0.009180069,0.13974,0.0,4.0,3.0,1131.0,93.0,0.0,0.02999878,0.0,13.7,9.0,0.0,-0.772028227340429,-0.19054296277979785,-246.91317612060664,-43.05177457582892,4.470416532888196
137.0,57871.8,52.2024048,-2.2039004,28.501,253.271,83.96,0.22,0.1,0.0,27.49,28.31999,27.46,28.31,9.600006,27.94,0.0,0.0397799,0.0,4.0,3.0,1127.0,93.0,0.0,0.02999878,0.0,13.8,9.0,0.0,-0.7581875018340676,-0.22788550947090372,-247.6713636224407,-43.279660085299824,4.420412849818558
137.0,57871.9,52.2024017,-2.2039107,28.516,251.248,83.85,0.17,0.1,0.09997559,27.64,28.11,27.64,28.09999,4.899994,27.89,0.0,-0.04997993,0.0,4.0,3.0,1127.0,93.0,0.0,0.02999878,0.0,13.7,9.0,0.0,-0.7500649887948886,-0.25464195437869747,-248.4214286112356,-43.53430203967852,4.385104839050713
137.0,57872.0,52.202399,-2.2039211,28.181,249.819,83.85,0.17,0.1,18.0,27.87,28.00999,27.91,27.99,1.399994,27.88,0.0,-0.09996009,0.0,4.0,3.0,1123.0,93.0,0.0,0.02999878,0.0,13.8,9.0,0.0,-0.7347471469922358,-0.27005771197174105,-249.15617575822785,-43.80435975165026,4.360164084039714
137.0,57872.1,52.2023962,-2.2039314,28.091,249.061,83.79,0.14,0.1,33.79999,28.03,27.719990000000003,28.09999,27.66,-2.199982,27.88,0.0,-0.16014,0.0,4.0,3.0,1123.0,93.0,0.0,0.02999878,0.0,13.7,9.0,0.0,-0.7287752956771025,-0.2788607689181399,-249.88495105390496,-44.0832205205684,4.346934488309597
137.0,57872.2,52.2023935,-2.2039418000000004,28.03,249.804,83.64,0.09,0.1,47.70001,28.11,27.649990000000003,28.19,27.49,-5.0,27.91,0.0,-0.1693201,0.0,4.0,3.0,1126.0,93.0,0.0,0.02999878,0.0,13.8,9.75,0.0,-0.7307398629213249,-0.26880199977567587,-250.61569091682628,-44.35202252034408,4.359902284651915
137.0,57872.3,52.202390300000005,-2.2039519,28.195,248.696,83.45,0.02,0.1,58.89996,28.28,27.49,28.379990000000003,27.469990000000003,-8.299988,27.93,-0.009180069,-0.1897202,0.0,4.0,3.0,1117.0,93.0,0.0,0.02999878,0.0,13.8,9.75,0.0,-0.7296755300126536,-0.284547287299308,-251.34536644683894,-44.63656980764339,4.340564036539818
137.0,57872.4,52.2023881,-2.2039626,27.983,250.128,83.45,0.02,0.1,66.89996,28.5,27.42,28.42,27.41,-10.0,27.92,-0.01938009,-0.2101199999999999,0.0,4.0,3.0,1127.0,93.0,0.0,3.600006,1.0,13.6,9.75,0.0,-0.7310203953169762,-0.26422170298471487,-252.07638684215593,-44.9007915106281,4.365557151428376
137.0,57872.5,52.2023856,-2.2039732,28.141,251.326,83.36,-0.02,0.1,69.59998,28.48,27.46,28.61,27.24,-11.10001,27.91,-0.02958012,-0.2101199999999999,0.0,4.0,3.0,1131.0,93.0,0.0,1.459991,1.0,13.7,9.75,0.0,-0.740542663976599,-0.2502853717374441,-252.81692950613254,-45.151076882365544,4.386466195867269
137.0,57872.6,52.2023836,-2.2039841,27.972,252.912,83.3,-0.04,0.1,67.59998,28.48,27.37,28.44,27.24,-12.0,27.99,-0.02958012,-0.1897202,0.0,4.0,3.0,1130.0,93.0,0.0,1.459991,1.0,13.7,9.75,0.0,-0.7426990067149366,-0.2283137871978974,-253.55962851284747,-45.37939066956344,4.414147117803899
137.0,57872.7,52.2023815,-2.2039946,27.767,253.989,83.24,-0.06,0.1,60.79999,28.47,27.42,28.50999,27.25,-11.5,27.92,-0.03978014,-0.13974,0.0,4.0,3.0,1132.0,93.0,0.0,1.220001,1.0,13.8,9.75,0.0,-0.7413856563665604,-0.2127429636081733,-254.30101416921403,-45.59213363317161,4.4329443138478775
137.0,57872.8,52.2023797,-2.2040056000000003,27.965,255.08900000000003,83.2,-0.07,0.1,48.59998,28.39,27.45,28.55,27.399990000000003,-10.0,27.91,-0.03978014,-0.08976007,0.0,4.0,3.0,1123.0,93.0,0.0,1.459991,1.0,13.8,9.75,0.0,-0.7506479455922901,-0.19988629998088844,-255.0516621148063,-45.7920199331525,4.452142935619816
137.0,57872.9,52.2023781,-2.2040166,27.785,256.389,83.16,-0.08,0.1,33.39996,28.28,27.57,28.34,27.35,-7.5,27.97,-0.03978014,-0.01938009,0.0,4.0,3.0,1125.0,93.0,0.0,1.220001,1.0,13.7,9.75,0.0,-0.7501300437803478,-0.1816280072139571,-255.80179215858666,-45.97364794036646,4.474832215895741
137.0,57873.0,52.2023766,-2.2040276000000003,27.799,257.328,83.12,-0.09,0.1,17.70001,28.09,27.73,28.179990000000004,27.5,-4.199982,27.88,-0.03978014,0.0397799,0.0,4.0,3.0,1126.0,93.0,0.0,1.459991,1.0,13.8,9.75,0.0,-0.7533852275931344,-0.16939586439847154,-256.5551773861798,-46.143043804764936,4.491220857571968
137.0,57873.1,52.2023751,-2.2040389,27.864,257.46,83.11,-0.1,0.1,4.0,27.92,27.73,28.09999,27.75999,-1.399994,27.81,-0.03978014,0.08976007,0.0,4.0,3.0,1119.0,93.0,0.0,1.459991,1.0,13.8,9.75,0.0,-0.7555359713748677,-0.16805176571115,-257.3107133575547,-46.311095570476084,4.4935246921846
137.0,57873.2,52.2023737,-2.20405,28.03,258.318,83.06,-0.11,0.1,0.0,27.67,27.86,27.79,27.75999,1.5,27.84,-0.03978014,0.13974,0.0,4.0,3.0,1126.0,93.0,0.0,1.459991,1.0,13.7,9.75,0.0,-0.762483326351527,-0.15765290793889583,-258.0731966839062,-46.46874847841498,4.508499617166712
137.0,57873.3,52.202372100000005,-2.2040610000000003,27.907,257.585,83.02,-0.12,0.1,0.0,27.52,28.02,27.649990000000003,28.03,4.800018,27.78,-0.04997993,0.1897199,0.0,4.0,3.0,1121.0,93.0,0.0,1.459991,1.0,13.7,9.75,0.0,-0.7570673187087419,-0.1666598381155071,-258.8302640026149,-46.63540831653049,4.495706353749593
137.0,57873.4,52.2023707,-2.2040722,27.749,257.664,83.02,-0.12,0.1,0.0,27.399990000000003,28.11,27.5,28.06999,8.0,27.72,-0.04997993,0.2396998,0.0,4.0,3.0,1117.0,93.0,0.0,1.459991,1.0,13.7,9.75,0.0,-0.7530088351064518,-0.1646781671228254,-259.5832728377214,-46.80008648365331,4.497085163858669
137.0,57873.5,52.2023689,-2.2040831,27.868,256.348,82.95,-0.14,0.1,0.0,27.149990000000003,28.25999,27.21,28.00999,11.60001,27.78,-0.05915999,0.26928,0.0,4.0,3.0,1127.0,93.0,0.0,1.220001,1.0,13.7,9.75,0.0,-0.7522402985959611,-0.18270890923525954,-260.33551313631733,-46.98279539288857,4.474116630902424
137.0,57873.6,52.2023669,-2.204094,27.781,255.005,82.91,-0.15,0.1,0.0,26.95,28.34,27.11,28.19,14.10001,27.62,-0.05915999,0.3202798,0.0,4.0,3.0,1104.0,93.0,0.0,0.75,1.0,13.7,9.75,0.0,-0.7454170207168294,-0.19966417007581938,-261.0809301570342,-47.18245956296439,4.45067685904814
137.0,57873.7,52.2023652,-2.2041052000000003,27.94,254.315,82.91,-0.14,0.1,0.0,27.02,28.39,26.86,28.179990000000004,17.0,27.68,-0.06936002,0.34986,0.0,4.0,3.0,1119.0,93.0,0.0,-0.4400024,1.0,13.7,9.75,0.0,-0.7472107174348755,-0.209820400677775,-261.82814087446906,-47.39227996364217,4.438634087209379
137.0,57873.8,52.2023634,-2.2041161,27.659,253.155,82.9,-0.14,0.1,0.0,26.68,28.45999,26.79,28.48,19.20001,27.64,-0.06936002,0.3794398,0.0,4.0,3.0,1110.0,93.0,0.0,-0.4400024,1.0,13.7,9.75,0.0,-0.7353392523272311,-0.22264233803200956,-262.56348012679626,-47.61492230167418,4.418388267886245
137.0,57873.9,52.2023609,-2.2041265,27.511,249.998,82.87,-0.15,0.1,0.0,26.68,28.679990000000004,26.469990000000003,28.2,21.5,27.64,-0.06936002,0.3998399,0.0,4.0,3.0,1118.0,93.0,0.0,0.02999878,0.0,13.8,9.75,0.0,-0.7180987563221253,-0.2613949599521192,-263.2815788831184,-47.8763172616263,4.363288223400784
137.0,57874.0,52.2023584,-2.2041368,27.256,248.792,82.82,-0.17,0.1,0.0,26.53,28.5,26.399990000000003,28.50999,21.30002,27.44,-0.04997993,0.37026,0.0,4.0,3.0,1109.0,93.0,0.0,-0.2000122,0.0,13.7,9.75,0.0,-0.7058344738801714,-0.27388853581375583,-263.98741335699856,-48.15020579744005,4.342239552621733
137.0,57874.1,52.2023558,-2.2041474,27.608,245.872,82.88,-0.12,0.1,0.0,26.31,28.36,26.36,28.28,21.10001,27.39,-0.03978014,0.36006,0.0,4.0,3.0,1113.0,93.0,0.0,0.02999878,0.0,13.8,9.75,0.0,-0.6998892732592639,-0.3134861609032431,-264.6873026302578,-48.4636919583433,4.291275938463498
137.0,57874.2,52.2023527,-2.2041575,27.482,243.451,82.85,-0.13,0.1,0.0,26.25,28.31,26.13,28.22,21.0,27.36,-0.03978014,0.34986,0.0,4.0,3.0,1097.0,93.0,0.0,-0.2000122,0.0,13.8,9.75,0.0,-0.682891393949965,-0.3412065939399267,-265.37019402420776,-48.80489855228323,4.249021517272715
137.0,57874.3,52.2023495,-2.2041676,27.709,241.927,82.85,-0.12,0.1,0.0,26.36,28.34,26.3,28.05,20.5,27.21,-0.03978014,0.3100800999999999,0.0,4.0,3.0,1099.0,93.0,0.0,-0.2000122,0.0,13.8,9.75,0.0,-0.6791389133762189,-0.3622152317984579,-266.049332937584,-49.167113784081685,4.222422699472322
137.0,57874.4,52.2023459,-2.204177,27.482,239.24400000000003,82.84,-0.12,0.1,0.0,26.38,28.17,26.41,28.09,18.30002,27.26,-0.02958012,0.26928,0.0,4.0,3.0,1099.0,93.0,0.0,0.02999878,0.0,13.7,9.75,0.0,-0.6560204282434149,-0.390384161315926,-266.7053533658274,-49.557497945397614,4.175595515641314
137.0,57874.5,52.2023422,-2.2041863000000004,27.482,237.611,82.83,-0.12,0.1,0.0,26.66,27.95,26.55,27.899990000000003,14.89999,27.32,-0.01938009,0.1693199,0.0,4.0,3.0,1104.0,93.0,0.0,-0.2000122,0.0,13.8,9.75,0.5,-0.6446290758807068,-0.4089204692947006,-267.3499824417081,-49.96641841469231,4.1470942889562465
137.0,57874.6,52.2023383,-2.2041952,27.151,235.73,82.81,-0.12,0.1,0.0,26.86,27.91,26.82,27.68,11.20001,27.35,-0.009180069,0.08976007,0.0,4.0,3.0,1121.0,93.0,0.0,-0.2000122,0.0,13.8,9.75,5.5,-0.6232611926399718,-0.4246819348404922,-267.9732436343481,-50.391100349532806,4.114264645726233
137.0,57874.7,52.2023341,-2.2042041,27.432,234.328,82.8,-0.12,0.1,0.0,27.04,27.7,26.84,27.64,7.5,27.41,0.0,0.0397799,0.0,4.0,3.0,1127.0,93.0,0.0,0.02999878,0.0,13.7,9.75,8.5,-0.6190248746801079,-0.4443559435039398,-268.5922685090282,-50.83545629303675,4.089795129613273
137.0,57874.8,52.20233,-2.2042128,27.187,233.633,82.8,-0.11,0.1,0.0,27.149990000000003,27.57999,27.09,27.50999,4.700012,27.33,0.009180069,-0.02958012,0.0,4.0,3.0,1158.0,93.0,0.0,0.02999878,0.0,13.8,9.75,10.0,-0.6081093372348196,-0.447796474849436,-269.200377846263,-51.28325276788618,4.077665091311912
137.0,57874.9,52.2023258,-2.2042217,27.59,233.481,82.77,-0.12,0.1,15.0,27.31,27.43,27.36,27.219990000000003,1.399994,27.39,0.01937985,-0.06936002,0.0,4.0,3.0,1234.0,93.0,0.0,0.02999878,0.0,13.7,9.75,11.0,-0.6159157616141768,-0.45606984509784704,-269.8162936078772,-51.739322612984026,4.075012190848881
137.0,57875.0,52.2023217,-2.2042306000000003,27.583,233.894,82.77,-0.12,0.1,31.39996,27.53,27.34,27.68,27.35,-2.0,27.4,0.009180069,-0.07956004,0.0,4.0,3.0,1258.0,93.0,0.0,-0.2000122,0.0,13.7,9.75,11.0,-0.6190300822366117,-0.45150380284518604,-270.4353236901138,-52.190826415829214,4.082220400659617
137.0,57875.1,52.2023176,-2.2042395,27.565,233.534,82.75,-0.12,0.1,44.70001,27.85,27.39,27.86,27.27,-5.199982,27.54,0.01937985,-0.12954,0.0,4.0,3.0,1263.0,93.0,0.0,-0.2000122,0.0,13.7,9.75,11.0,-0.6157788948714848,-0.4550871728404784,-271.0511025849853,-52.64591358866969,4.075937215352438
137.0,57875.2,52.20231350000001,-2.2042485,27.716,233.802,82.73,-0.12,0.1,51.70001,28.09999,27.31,27.99,27.27,-7.399994,27.72,0.009180069,-0.1693201,0.0,4.0,3.0,1258.0,93.0,0.0,0.02999878,0.0,13.7,9.75,11.0,-0.621285649765411,-0.4546790545320282,-271.6723882347507,-53.10059264320172,4.080614697747782
137.0,57875.3,52.20230960000001,-2.2042577000000003,27.724,235.154,82.72,-0.12,0.1,49.20001,28.25999,27.469990000000003,28.31999,27.18,-8.699982,27.82,0.009180069,-0.14994,0.0,4.0,3.0,1230.0,93.0,0.0,0.02999878,0.0,13.8,9.75,11.0,-0.6320230625270659,-0.44002042212913106,-272.3044112972778,-53.54061306533085,4.104211549234746
137.0,57875.4,52.2023057,-2.204267,27.958,236.149,82.69,-0.14,0.1,35.70001,28.379990000000003,27.68999,28.42,27.57,-8.299988,27.98,0.009180069,-0.05915999,0.0,4.0,3.0,1232.0,93.0,0.0,0.02999878,0.0,13.8,9.75,11.0,-0.6449669628800261,-0.43259962401110513,-272.9493782601578,-53.973212689341956,4.121577575292089
137.0,57875.5,52.2023018,-2.2042765,28.055,236.588,82.67,-0.14,0.1,16.20001,28.39,27.93999,28.53,27.75999,-4.899994,28.14,0.0,0.0397799,0.0,4.0,3.0,1254.0,93.0,0.0,0.02999878,0.0,13.7,9.75,11.0,-0.6505117155954557,-0.42912895124054495,-273.59988997575323,-54.4023416405825,4.129239570708345
137.0,57875.6,52.2022983,-2.2042864,28.249,239.046,82.65,-0.15,0.1,0.0,28.41,28.34,28.56999,28.129990000000003,-1.100006,28.36,0.0,0.13974,0.0,4.0,3.0,1286.0,93.0,0.0,-0.2000122,0.0,13.7,9.75,11.0,-0.6729386724335231,-0.40360737640110433,-274.27282864818676,-54.805949016983604,4.172139763722365
137.0,57875.7,52.2022946,-2.2042964,28.505,238.919,82.62,-0.16,0.1,0.0,28.36,28.58,28.36,28.53,2.600006,28.49,0.0,0.2295001,0.0,4.0,3.0,1314.0,93.0,0.0,0.02999878,0.0,13.7,9.75,12.0,-0.6781326248778435,-0.4087691046115494,-274.9509612730646,-55.214718121595155,4.169923195572332
137.0,57875.8,52.2022908,-2.2043062,28.519,238.108,82.61,-0.15,0.1,0.0,28.50999,29.0,28.44,28.84999,6.399994,28.68,0.0,0.27948,0.0,4.0,3.0,1340.0,93.0,0.0,0.02999878,0.0,13.7,9.75,14.0,-0.6726090990785077,-0.41853200313170813,-275.6235703721431,-55.633250124726864,4.155768575338659
137.0,57875.9,52.2022869,-2.2043162,29.012,237.859,82.58,-0.17,0.1,0.0,28.56,29.429990000000004,28.42,29.3,9.399994,28.88,0.0,0.29988,0.0,4.0,3.0,1358.0,93.0,0.0,0.02999878,0.0,13.7,9.75,14.0,-0.682379521220389,-0.4287366210782567,-276.3059498933635,-56.06198674580512,4.151422705501193
137.0,57876.0,52.2022827,-2.2043258,29.135,236.278,82.56,-0.17,0.1,0.0,28.83,29.84,28.69,29.59999,12.39999,29.21,0.009180069,0.3100800999999999,0.0,4.0,3.0,1399.0,93.0,0.0,-0.2000122,0.0,13.7,9.75,14.0,-0.6731326249028253,-0.4492971750907397,-276.97908251826635,-56.51128392089586,4.123829050027162
137.0,57876.1,52.2022786,-2.2043356000000003,29.329,235.832,82.53,-0.17,0.1,0.0,29.039990000000003,30.14,28.84999,30.09999,13.39999,29.52,0.02957988,0.28968,0.0,4.0,3.0,1394.0,93.0,0.0,-0.2000122,0.0,13.8,9.75,14.0,-0.6740735981050994,-0.45754980291361413,-277.65315611637146,-56.968833723809475,4.116044881563267
137.0,57876.2,52.2022737,-2.2043448,29.848000000000003,232.568,82.47,-0.22,0.1,0.0,29.39,30.48999,29.23999,30.33,12.89999,29.85,0.0397799,0.2295001,0.0,4.0,3.0,1392.0,93.0,0.0,0.02999878,0.0,13.7,9.75,14.0,-0.6583766327241012,-0.5039498427926884,-278.3115327490956,-57.47278356660216,4.059077334778173
137.0,57876.3,52.202269,-2.2043542,30.017,231.314,82.44,-0.23,0.1,0.0,29.789990000000003,30.70999,29.69,30.66,10.60001,30.23,0.04997993,0.13974,0.0,4.0,3.0,1389.0,93.0,0.0,-0.2000122,0.0,13.7,9.75,14.0,-0.6508545750815107,-0.5211717822088751,-278.9623873241771,-57.993955348811035,4.037190905958163
137.0,57876.4,52.202263300000006,-2.2043628,30.82,225.418,82.35,-0.28,0.1,0.0,30.31,30.929990000000004,30.17,30.87,7.300018,30.56,0.05915999,0.0397799,0.0,4.0,3.0,1395.0,93.0,0.0,0.02999878,0.0,13.7,9.75,14.0,-0.6097622270303478,-0.6009294975742929,-279.5721495512074,-58.59488484638533,3.9342862932605778
137.0,57876.5,52.2022588,-2.2043727000000004,30.719,231.97,82.35,-0.26,0.1,5.399963,30.81999,31.179990000000004,30.81999,31.05,3.5,30.93,0.05915999,-0.01938009,0.0,4.0,3.0,1402.0,93.0,0.0,0.02999878,0.0,13.7,9.75,10.0,-0.6721387904966423,-0.5256993603302997,-280.2442883417041,-59.12058420671563,4.048640265851247
137.0,57876.6,52.2022539,-2.2043824,30.877,230.476,82.32,-0.27,0.1,19.29999,31.289990000000003,31.39,31.22,31.25999,0.3000183,31.29,0.05915999,-0.05915999,0.0,4.0,3.0,1404.0,93.0,0.0,0.02999878,0.0,13.8,9.75,5.0,-0.6615895363589216,-0.5458379296194533,-280.905877878063,-59.66642213633508,4.022565046826451
137.0,57876.7,52.202249,-2.2043919,31.093000000000004,229.704,82.27,-0.29,0.1,32.09998,31.8,31.59,31.73999,31.50999,-2.399994,31.66,0.04997993,-0.1091398999999999,0.0,4.0,3.0,1409.0,93.0,0.0,0.02999878,0.0,13.8,9.75,0.0,-0.6587513973498034,-0.5585827511245575,-281.5646292754128,-60.22500488745963,4.009091105001055
137.0,57876.8,52.2022441,-2.204402,31.576,231.113,82.24,-0.3,0.1,45.39996,32.22,31.64,32.19,31.53,-5.899994,31.88,0.05915999,-0.1693201,0.0,4.0,3.0,1402.0,93.0,0.0,0.02999878,0.0,13.7,9.75,0.0,-0.6827306661994544,-0.5506384827320164,-282.2473599416123,-60.77564337019165,4.033682794161654
137.0,57876.9,52.2022389,-2.2044117,31.878,228.763,82.22,-0.3,0.1,53.79999,32.62,31.72,32.569990000000004,31.539990000000003,-9.100006,32.12,0.04997993,-0.2101199999999999,0.0,4.0,3.0,1374.0,93.0,0.0,0.02999878,0.0,13.7,9.75,0.0,-0.6658866039109601,-0.5836996494190555,-282.91324654552324,-61.359343019610705,3.992667556739788
137.0,57877.0,52.202234,-2.2044221,32.256,232.467,82.18,-0.3,0.1,53.0,32.819990000000004,31.77,32.87,31.75,-10.19998,32.2,0.01937985,-0.1999198999999999,0.0,4.0,3.0,1366.0,93.0,0.0,0.02999878,0.0,13.8,9.75,0.0,-0.7105303182288394,-0.5458595669928522,-283.6237768637521,-61.90520258660356,4.057314552233659
137.0,57877.1,52.2022292,-2.2044327,32.598,233.948,82.16,-0.3,0.1,43.39996,32.98,32.069990000000004,33.09,31.86,-9.799988,32.46,0.009180069,-0.12954,0.0,4.0,3.0,1367.0,93.0,0.0,0.02999878,0.0,13.6,9.75,0.0,-0.732081541482029,-0.5329041814635126,-284.35585840523413,-62.43810676806707,4.083162878455695
137.0,57877.2,52.202224,-2.204443,32.699,232.298,82.09,-0.34,0.1,29.29999,33.11,32.459990000000005,33.11,32.25999,-7.100006,32.65,0.0,-0.02958012,0.0,4.0,3.0,1366.0,93.0,0.0,0.02999878,0.0,13.7,9.75,0.0,-0.7186533412612076,-0.5554784940456189,-285.0745117464953,-62.99358526211269,4.054364945797787
137.0,57877.3,52.2022191,-2.2044536,32.749,234.125,82.04,-0.35,0.1,13.79999,33.069990000000004,32.84,33.22,32.50999,-4.100006,32.98,-0.009180069,0.06936002,0.0,4.0,3.0,1385.0,93.0,0.0,-0.2000122,0.0,13.7,9.75,0.0,-0.7371230581687782,-0.5330980954467898,-285.8116348046641,-63.52668335755948,4.086252111231724
137.0,57877.4,52.2022145,-2.2044646,32.854,236.09,82.02,-0.34,0.1,0.0,33.099990000000005,33.02,33.16,32.89,-0.8999939,32.95,-0.009180069,0.13974,0.0,4.0,3.0,1413.0,93.0,0.0,0.02999878,0.0,13.7,9.75,0.0,-0.7573895841761376,-0.509136580796307,-286.5690243888402,-64.03581993835579,4.120547831033413
137.0,57877.5,52.2022097,-2.2044755,33.077,235.863,81.94,-0.37,0.1,0.0,32.959990000000005,33.37999,33.22,33.2,3.0,33.2,-0.01938009,0.2295001,0.0,4.0,3.0,1418.0,93.0,0.0,0.02999878,0.0,13.7,9.75,0.0,-0.760493628335108,-0.5156094356986263,-287.3295180171753,-64.55142937405441,4.116585933631385
137.0,57877.6,52.2022049,-2.2044866,33.455,235.014,81.9,-0.38,0.1,0.0,32.97,33.67,33.05,33.72,6.800018,33.26,-0.02958012,0.3100800999999999,0.0,4.0,3.0,1417.0,93.0,0.0,0.02999878,0.0,13.7,9.75,0.0,-0.7613727661301469,-0.5328417462828418,-288.09089078330544,-65.08427112033725,4.101768088281954
137.0,57877.7,52.2021999,-2.2044974,33.486999999999995,233.702,81.86,-0.38,0.1,0.0,32.94,33.98,32.91,33.77,10.80002,33.41,-0.02958012,0.36006,0.0,4.0,3.0,1406.0,93.0,0.0,0.02999878,0.0,13.7,9.75,0.0,-0.7496892329270041,-0.5506612012014545,-288.8405800162324,-65.6349323215387,4.078869368495788
137.0,57877.8,52.2021948,-2.2045081,33.491,233.233,81.81,-0.39,0.1,0.0,32.89999,34.179990000000004,32.94,34.08,12.60001,33.5,-0.02958012,0.3202798,0.0,4.0,3.0,1362.0,93.0,0.0,0.02999878,0.0,13.8,9.75,0.0,-0.7452456866749745,-0.5568458432904718,-289.5858257029074,-66.19177816482917,4.070683774303935
137.0,57877.9,52.2021895,-2.2045188,33.635,231.864,81.78,-0.39,0.1,0.0,33.12,34.25999,33.3,34.12,12.30002,33.64,-0.02958012,0.27948,0.0,4.0,3.0,1328.0,93.0,0.0,0.02999878,1.0,13.7,9.75,0.0,-0.7348753921114941,-0.5769618958050463,-290.32070109501893,-66.76874006063422,4.0467902168441325
137.0,57878.0,52.202184,-2.2045291,33.599000000000004,229.718,81.73,-0.39,0.1,0.0,33.22,34.12,33.23,34.25,10.30002,33.72,-0.01938009,0.1897199,0.0,4.0,3.0,1324.0,93.0,0.0,0.02999878,1.0,13.7,9.75,0.0,-0.7119921970462952,-0.6034288453297987,-291.03269329206523,-67.37216890596402,4.009335451096334
137.0,57878.1,52.2021784,-2.2045393,33.71,228.376,81.7,-0.38,0.1,0.0,33.34,34.08,33.349990000000005,33.98999,7.100006,33.74,-0.009180069,0.04997993,0.0,4.0,3.0,1323.0,93.0,0.0,0.02999878,1.0,13.7,9.75,0.0,-0.6999693474430017,-0.6219863856024395,-291.73266263950825,-67.99415529156646,3.98591313253457
137.0,57878.2,52.2021727,-2.2045495,33.872,228.009,81.65,-0.39,0.1,14.79999,33.62,33.78,33.62,33.819990000000004,2.0,33.73,-0.009180069,-0.05915999,0.0,4.0,3.0,1324.0,93.0,0.0,0.269989,1.0,13.7,9.0,0.0,-0.6993155943110327,-0.629467712268052,-292.4319782338193,-68.62362300383451,3.9795077741797504
137.0,57878.3,52.2021671,-2.2045597,33.681999999999995,228.136,81.61,-0.39,0.1,31.09998,33.81,33.69,33.94,33.569990000000004,-2.0,33.74,-0.009180069,-0.14994,0.0,4.0,3.0,1320.0,93.0,0.0,0.269989,1.0,13.7,9.0,0.0,-0.696778608542476,-0.6243938836280982,-293.1287568423618,-69.24801688746261,3.9817243423297835
137.0,57878.4,52.2021614,-2.2045699,33.865,227.887,81.58,-0.38,0.1,46.09998,33.98,33.48,33.92,33.37999,-5.5,33.73,-0.009180069,-0.1897202,0.0,4.0,3.0,1327.0,93.0,0.0,0.02999878,1.0,13.7,9.0,0.0,-0.6978294398415094,-0.6308249445758526,-293.82658628220327,-69.87884183203846,3.9773784724923176
137.0,57878.5,52.2021559,-2.2045802999999995,33.628,229.407,81.53,-0.39,0.1,56.29999,34.11,33.349990000000005,34.2,33.25,-9.0,33.76,-0.01938009,-0.2295001,0.0,4.0,3.0,1336.0,93.0,0.0,0.02999878,1.0,13.7,9.0,0.0,-0.7093180276729947,-0.6078087721638505,-294.5359043098763,-70.48665060420231,4.003907477122632
137.0,57878.6,52.2021504,-2.2045908,33.998000000000005,229.642,81.5,-0.38,0.1,59.70001,34.3,33.25999,34.42,33.23999,-11.10001,33.73,-0.03978014,-0.2295001,0.0,4.0,3.0,1336.0,93.0,0.0,0.269989,1.0,13.8,9.0,0.0,-0.7196367988804494,-0.6115498762602197,-295.25554110875674,-71.09820048046252,4.008009000864818
137.0,57878.7,52.2021452,-2.2046017,33.98,231.781,81.45,-0.39,0.1,56.5,34.41,33.3,34.42,33.05,-11.89999,33.9,-0.04997993,-0.1999198999999999,0.0,4.0,3.0,1328.0,93.0,0.0,1.220001,1.0,13.7,9.0,0.0,-0.7415679837713524,-0.5839547585328785,-295.9971090925281,-71.6821552389954,4.045341593564977
137.0,57878.8,52.20214,-2.2046123,33.57,232.008,81.41,-0.39,0.1,46.89996,34.319990000000004,33.39,34.39999,33.209990000000005,-11.10001,33.87,-0.04997993,-0.14994,0.0,4.0,3.0,1324.0,93.0,0.0,0.9799805,1.0,13.8,9.0,0.0,-0.7349001806610334,-0.5740017199141311,-296.73200927318914,-72.25615695890954,4.049303490967004
137.0,57878.9,52.20213509999999,-2.2046236,33.844,234.437,81.35,-0.42,0.1,29.5,34.28,33.53,34.34,33.25,-8.5,33.89,-0.05915999,-0.05915999,0.0,4.0,3.0,1323.0,93.0,0.0,0.75,1.0,13.7,9.0,0.0,-0.7647583057658927,-0.5467665269533694,-297.49676757895503,-72.8029234858629,4.091697538497947
137.0,57879.0,52.2021303,-2.2046347,33.646,235.05900000000003,81.31,-0.41,0.1,10.29999,33.95,33.56,34.179990000000004,33.50999,-4.399994,33.88,-0.04997993,0.04997993,0.0,4.0,3.0,1324.0,93.0,0.0,0.75,1.0,13.7,9.0,0.0,-0.7661402122218349,-0.5352822659392217,-298.2629077911769,-73.33820575180212,4.102553486445352
137.0,57879.1,52.2021254,-2.204646,33.876,235.635,81.27,-0.41,0.1,0.0,33.87999,33.819990000000004,33.89,33.66,-0.2999877999999999,33.71,-0.05915999,0.16014,0.0,4.0,3.0,1321.0,93.0,0.0,0.75,1.0,13.7,9.0,0.0,-0.776756413694095,-0.5311595558634786,-299.039664204871,-73.8693653076656,4.112606582936838
137.0,57879.2,52.20212059999999,-2.2046575,34.157,235.972,81.24,-0.39,0.1,0.0,33.45,33.959990000000005,33.87,34.02,4.0,33.68,-0.05915999,0.2498998999999999,0.0,4.0,3.0,1316.0,93.0,0.0,0.75,1.0,13.7,9.75,0.0,-0.7863360775524186,-0.5309496731259593,-299.82600028242337,-74.40031498079156,4.118488342516059
137.0,57879.3,52.2021158,-2.2046687,33.736,235.403,81.19,-0.4,0.1,0.0,33.319990000000004,34.25,33.48,34.11,8.100006,33.83,-0.06936002,0.3294599,0.0,4.0,3.0,1321.0,93.0,0.0,0.75,1.0,13.8,9.75,0.0,-0.7713980982580059,-0.5320922932836305,-300.5973983806814,-74.93240727407519,4.108557419072212
137.0,57879.4,52.202110700000006,-2.2046798,34.06,233.713,81.13,-0.42,0.1,0.0,33.3,34.42,33.2,34.319990000000004,10.89999,33.88,-0.06936002,0.34986,0.0,4.0,3.0,1322.0,93.0,0.0,0.9799805,1.0,13.7,9.75,0.0,-0.7626247679497571,-0.5599372267294618,-301.36002314863117,-75.49234450080465,4.079061354713508
137.0,57879.5,52.2021055,-2.2046906,33.66,232.688,81.09,-0.41,0.1,0.0,33.25999,34.39999,33.33,34.22,12.5,33.81,-0.05915999,0.3100800999999999,0.0,4.0,3.0,1324.0,93.0,0.0,0.75,1.0,13.8,9.75,0.0,-0.7436490200381763,-0.5667549161641742,-302.10367216866933,-76.05909941696882,4.061171729880566
137.0,57879.6,52.2021002,-2.2047013000000004,33.952,231.305,81.05,-0.41,0.1,0.0,33.27,34.52,33.41,34.28999,12.60001,33.81,-0.04997993,0.26928,0.0,4.0,3.0,1328.0,93.0,0.0,0.75,1.0,13.7,9.75,0.0,-0.7360840445097396,-0.5896090631252356,-302.8397562131791,-76.64870848009406,4.037033826325484
137.0,57879.7,52.2020947,-2.2047118,34.056,229.761,81.02,-0.39,0.1,0.0,33.34,34.05,33.31,34.47,11.20001,33.9,-0.03978014,0.2295001,0.0,4.0,3.0,1319.0,93.0,0.0,0.75,1.0,13.8,9.75,0.0,-0.7221352514737094,-0.611094655989563,-303.56189146465283,-77.25980313608362,4.010085942674691
137.0,57879.8,52.202089,-2.2047219,33.664,227.916,80.98,-0.39,0.1,0.0,33.53,33.78999,33.33,34.0,8.0,33.69,-0.009180069,0.0397799,0.0,4.0,3.0,1313.0,93.0,0.0,-0.4400024,1.0,13.7,9.75,0.0,-0.6940048960512738,-0.6267296022850025,-304.2558963607041,-77.88653273836862,3.977884617975396
137.0,57879.9,52.202083300000005,-2.2047322999999994,34.405,228.35,80.93,-0.4,0.1,1.0,33.61,33.72,33.86,33.61,4.399994,33.65,0.0,-0.03978014,0.0,4.0,3.0,1315.0,93.0,0.0,0.269989,1.0,13.7,9.75,0.0,-0.7141124936517931,-0.6351340154269752,-304.9700088543559,-78.52166675379559,3.9854593469290513
137.0,57880.0,52.2020774,-2.2047427,34.65,227.668,80.88,-0.42,0.1,16.70001,33.87999,33.91,34.77,34.36,1.5,33.71,-0.01938009,-0.03978014,0.0,4.0,3.0,1316.0,93.0,0.0,0.269989,1.0,13.7,9.75,0.0,-0.7115330323502077,-0.6481720403369143,-305.6815418867061,-79.1698387941325,3.9735562014304504
137.0,57880.1,52.202071700000005,-2.204753,34.484,227.616,80.83,-0.44,0.1,31.70001,34.23,34.14999,33.849990000000005,33.86,-1.5,34.16,-0.02958012,-0.08976007,0.0,4.0,3.0,1294.0,93.0,0.0,0.5099792000000001,1.0,13.7,9.75,0.0,-0.7075385093385382,-0.6457092079719705,-306.3890803960446,-79.81554800210448,3.9726486302194135
137.0,57880.2,52.2020659,-2.2047630000000003,34.006,227.185,80.72,-0.53,0.1,42.70001,34.37999,33.98,34.42,33.69,-5.600006,34.33,-0.02958012,-0.1795201,0.0,4.0,3.0,1296.0,93.0,0.0,0.269989,1.0,13.7,9.75,0.0,-0.6929213339230618,-0.6419892337328195,-307.08200172996766,-80.4575372358373,3.965126261143318
137.0,57880.3,52.2020601,-2.2047733,34.535,227.7,80.66,-0.54,0.1,50.0,34.78999,33.91,34.89999,33.94,-8.299988,34.29,-0.02958012,-0.1999198999999999,0.0,4.0,3.0,1312.0,93.0,0.0,0.5099792000000001,1.0,13.7,9.75,0.0,-0.7095322184746188,-0.6456246431683342,-307.7915339484423,-81.10316187900563,3.974114706791088
137.0,57880.4,52.2020544,-2.2047839,34.632,228.544,80.59,-0.56,0.1,51.0,35.12999,33.92,35.209990000000005,33.8,-9.600006,34.43,-0.04997993,-0.2397001,0.0,4.0,3.0,1328.0,93.0,0.0,0.269989,1.0,13.7,9.75,0.0,-0.7209847100506874,-0.6368869977265402,-308.512518658493,-81.74004887673216,3.988845285677921
137.0,57880.5,52.202049,-2.2047948,34.65,230.557,80.52,-0.58,0.1,49.0,34.83,34.17,35.22,33.98,-9.199982,34.67,-0.04997993,-0.2397001,0.0,4.0,3.0,1345.0,93.0,0.0,-0.2000122,1.0,13.7,9.75,0.0,-0.7432973586702977,-0.611486129518699,-309.2558160171633,-82.35153500625086,4.023978763520566
137.0,57880.6,52.2020436,-2.2048059,34.837,231.461,80.44,-0.6,0.1,43.79999,35.319990000000004,34.16,35.02,33.86,-9.0,34.58,-0.04997993,-0.1693201,0.0,4.0,3.0,1352.0,93.0,0.0,0.02999878,1.0,13.7,9.75,0.0,-0.756915346785903,-0.6029193110264575,-310.0127313639492,-82.95445431727731,4.039756539958596
137.0,57880.7,52.2020385,-2.2048173,34.945,233.13,80.37,-0.61,0.1,40.59998,35.03,34.39,35.27,34.52,-7.5,34.58,-0.03978014,-0.09996009,0.0,4.0,3.0,1351.0,93.0,0.0,-0.2000122,1.0,13.7,9.75,0.0,-0.7765545151152674,-0.5824180539178027,-310.78928587906444,-83.53687237119512,4.06888608517438
137.0,57880.8,52.2020333,-2.204829,35.37,234.365,80.26,-0.67,0.1,36.79999,35.34,34.62,35.209990000000005,34.44,-7.0,34.89,-0.04997993,-0.08976007,0.0,4.0,3.0,1352.0,93.0,0.0,0.02999878,1.0,13.7,9.75,0.0,-0.7985219729886498,-0.5724237142662016,-311.58780785205306,-84.10929608546132,4.09044090143651
137.0,57880.9,52.2020281,-2.2048405000000004,35.579,234.147,80.12,-0.76,0.1,33.29999,35.67,34.98999,36.14999,35.05,-6.5,35.12,-0.05915999,-0.07956004,0.0,4.0,3.0,1365.0,93.0,0.0,0.5099792000000001,1.0,13.7,9.75,0.0,-0.8010437630330346,-0.5788581526141365,-312.3888516150861,-84.68815423807546,4.0866360836671625
137.0,57881.0,52.2020231,-2.2048523,35.262,235.598,80.02,-0.79,0.1,33.79999,36.0,35.36,35.89999,35.08,-6.199982,35.63,-0.05915999,-0.07956004,0.0,4.0,3.0,1372.0,93.0,0.0,0.5099792000000001,1.0,13.7,9.75,0.0,-0.8081793542843712,-0.5534133909732372,-313.1970309693705,-85.24156762904869,4.111960811113601
137.0,57881.1,52.202018200000005,-2.2048641,35.255,235.948,79.89,-0.84,0.1,41.89996,36.209990000000005,35.55,35.89999,35.429990000000004,-6.199982,35.8,-0.05915999,-0.08976007,0.0,4.0,3.0,1386.0,93.0,0.0,1.220001,1.0,13.7,9.75,0.0,-0.8113837614710371,-0.5483573312750426,-314.00841473084154,-85.78992496032373,4.118069463495581
137.0,57881.2,52.2020131,-2.2048761,35.917,236.517,79.78,-0.86,0.1,58.0,36.31999,35.56,36.34,35.61,-8.299988,35.98,-0.03978014,-0.1999198999999999,0.0,4.0,3.0,1414.0,93.0,0.0,2.169983,1.0,13.7,9.75,0.0,-0.8321266007897761,-0.5504175912281162,-314.8405413316313,-86.34034255155184,4.128000386939428
137.0,57881.3,52.20200809999999,-2.2048882,35.87,236.397,79.68,-0.87,0.1,69.5,36.52,35.28999,36.62,35.42,-11.69998,35.9,-0.04997993,-0.29988,0.0,4.0,3.0,1432.0,93.0,0.0,3.829987000000001,1.0,13.7,9.75,0.0,-0.8298845975455151,-0.5514366442828704,-315.6704259291768,-86.89177919583472,4.125905991837035
137.0,57881.4,52.2020033,-2.2049006,36.18,237.973,79.56,-0.9,0.1,62.70001,36.87999,35.37999,36.83,35.319990000000004,-14.60001,35.95,-0.07956004,-0.27948,0.0,4.0,3.0,1455.0,93.0,0.0,5.019989,1.0,13.7,9.75,0.0,-0.8520372748513481,-0.5329704328233305,-316.52246320402816,-87.42474962865805,4.153412380848466
137.0,57881.5,52.2019988,-2.2049134,36.364,240.498,79.46,-0.92,0.1,38.89996,36.62999,35.599990000000005,37.0,35.569990000000004,-12.29999,36.14,-0.09996009,-0.14994,0.0,4.0,3.0,1459.0,93.0,0.0,5.5,1.0,13.7,9.75,0.0,-0.8791385959291328,-0.49743319746261067,-317.4016017999573,-87.92218282612066,4.197481944461322
137.0,57881.6,52.2019944,-2.2049261,36.076,240.734,79.34,-0.94,0.1,9.200012,36.47,36.11,36.8,35.78999,-6.0,36.27,-0.1193398999999999,0.02957988,0.0,4.0,3.0,1462.0,92.0,0.0,6.449982,1.0,13.7,9.75,0.0,-0.8742011721482611,-0.4898969173478765,-318.27580297210557,-88.41207974346854,4.20160092149603
137.0,57881.7,52.2019902,-2.2049392,36.396,242.82,79.2,-1.0,0.1,0.0,36.23,36.39,36.52,36.23999,0.7000122,36.4,-0.1193398999999999,0.2498998999999999,0.0,4.0,3.0,1461.0,92.0,0.0,6.2099910000000005,1.0,13.7,9.75,0.0,-0.8993612110184996,-0.4618120961119767,-319.1751641831241,-88.87389183958051,4.238008489692631
137.0,57881.8,52.201986000000005,-2.2049523,36.515,242.432,79.09,-1.01,0.1,0.0,36.09,36.66,36.23999,36.83,6.5,36.46,-0.13974,0.3896399,0.0,4.0,3.0,1440.0,92.0,0.0,6.449982,1.0,13.7,9.75,0.0,-0.8991435284897412,-0.46942163904733064,-320.0743077116138,-89.34331347862783,4.231236612194893
137.0,57881.9,52.2019815,-2.2049651000000003,36.378,241.0,78.97,-1.03,0.1,0.0,35.98,37.22,35.929990000000004,36.84,11.60001,36.53,-0.13974,0.44982,0.0,4.0,3.0,1429.0,92.0,0.0,6.449982,1.0,13.7,9.75,0.0,-0.8838032140643595,-0.48990012125892346,-320.95811092567817,-89.83321359988676,4.2062434973063345
137.0,57882.0,52.2019769,-2.2049778,36.389,239.746,78.84,-1.05,0.1,0.0,35.75,37.349990000000005,35.87999,37.349990000000005,14.20001,36.64,-0.12954,0.4294199999999999,0.0,4.0,3.0,1423.0,92.0,0.0,6.2099910000000005,1.0,13.7,9.75,0.0,-0.8731341755285499,-0.5092784922476649,-321.8312451012067,-90.34249209213442,4.184357068486325
137.0,57882.1,52.2019718,-2.2049901000000003,36.425,237.19,78.72,-1.07,0.1,0.0,35.84,37.28999,35.959990000000005,37.3,14.800020000000002,36.67,-0.1193398999999999,0.3396599,0.0,4.0,3.0,1408.0,92.0,0.0,6.449982,1.0,13.7,9.75,0.0,-0.8503942841925408,-0.5482518068057254,-322.68163938539925,-90.89074389894014,4.13974645280535
9.0,57882.2,52.2019667,-2.2050022999999994,36.518,235.787,78.6,-1.07,0.1,0.0,35.89999,37.28999,36.03999,37.25999,14.20001,36.5,-0.1091398999999999,0.2600999,0.0,4.0,3.0,1406.0,92.0,0.0,2.880005,1.0,13.7,9.75,0.0,-0.8388519554390966,-0.5703614772731749,-323.52049134083836,-91.46110537621333,4.11525948339987
9.0,57882.3,52.2019614,-2.2050144,36.572,235.21400000000003,78.49,-1.07,0.1,0.0,36.16,37.42,36.22,37.28,12.60001,36.77,-0.07956004,0.2101199999999999,0.0,4.0,3.0,1403.0,92.0,0.0,1.459991,1.0,13.7,9.75,0.0,-0.8343380001378355,-0.5795777222201508,-324.3548293409762,-92.04068309843348,4.1052587467859425
9.0,57882.4,52.2019559,-2.2050264000000004,36.882,233.712,78.37,-1.08,0.1,0.0,36.58,37.36,36.59,37.33,9.700012,36.92,-0.06936002,0.12954,0.0,4.0,3.0,1402.0,92.0,0.0,1.220001,1.0,13.8,9.75,0.0,-0.8258005357821321,-0.6063445597199197,-325.18062987675836,-92.64702765815339,4.079043901420987
9.0,57882.5,52.2019504,-2.2050383,36.522,233.264,78.25,-1.08,0.1,0.0,36.78,37.39,36.73999,37.2,6.100006,37.13,-0.04997993,0.0397799,0.0,4.0,3.0,1421.0,92.0,0.0,0.75,1.0,13.8,9.75,0.0,-0.8130202868622555,-0.6068016670629834,-325.9936501636206,-93.25382932521637,4.071224826372053
9.0,57882.6,52.2019446,-2.20505,37.066,231.799,78.14,-1.08,0.1,12.5,37.28,37.39,37.25,37.28999,2.399994,37.24,-0.03978014,-0.01938009,0.0,4.0,3.0,1432.0,92.0,0.0,0.269989,1.0,13.7,9.75,0.0,-0.809115875970295,-0.6367342768975761,-326.8027660395909,-93.89056360211394,4.045655752830336
9.0,57882.7,52.2019389,-2.2050619,37.202,232.061,78.02,-1.09,0.1,30.39996,37.50999,37.37,37.58,37.48,-1.0,37.49,-0.03978014,-0.1091398999999999,0.0,4.0,3.0,1439.0,92.0,0.0,0.269989,1.0,13.7,9.75,0.0,-0.8149984452058681,-0.6353503993789804,-327.61776448479674,-94.52591400149292,4.050228515470561
9.0,57882.8,52.201933,-2.2050737,37.235,231.37,77.91,-1.08,0.1,46.29999,37.959990000000005,37.44,37.98999,37.28,-5.600006,37.65,-0.03978014,-0.2101199999999999,0.0,4.0,3.0,1455.0,92.0,0.0,0.02999878,1.0,13.8,9.75,0.0,-0.8079929866796768,-0.6457052855053473,-328.4257574714764,-95.17161928699826,4.03816829033928
9.0,57882.9,52.2019274,-2.2050858,37.321,232.557,77.8,-1.08,0.1,52.29999,38.2,37.23999,38.31999,37.25,-9.5,37.71,-0.03978014,-0.26928,0.0,4.0,3.0,1459.0,92.0,0.0,0.5099792000000001,1.0,13.7,9.75,0.0,-0.8230924349095968,-0.6302810601125234,-329.248849906386,-95.80190034711079,4.058885348560453
9.0,57883.0,52.2019218,-2.2050981000000003,37.858,233.098,77.68,-1.09,0.1,42.59998,38.349990000000005,37.36,38.64999,37.3,-10.60001,37.85,-0.04997993,-0.2397001,0.0,4.0,3.0,1472.0,92.0,0.0,0.5099792000000001,1.0,13.8,9.75,0.0,-0.8409352314204801,-0.6314379348503929,-330.0897851378065,-96.43333828196118,4.068327579813743
9.0,57883.1,52.2019163,-2.2051108,38.196,234.418,77.57,-1.09,0.1,22.59998,38.42,37.75999,38.709990000000005,37.69,-7.899994,37.99,-0.06936002,-0.09996009,0.0,4.0,3.0,1472.0,92.0,0.0,0.5099792000000001,1.0,13.8,9.75,0.0,-0.8628938998586279,-0.6173614156932454,-330.9526790376651,-97.05069969765442,4.091365925940067
9.0,57883.2,52.2019111,-2.2051237,38.03,236.381,77.44,-1.11,0.1,2.200012,38.459990000000005,38.22,38.62999,38.09,-2.699982,38.28,-0.07956004,0.07956004,0.0,4.0,3.0,1485.0,92.0,0.0,0.5099792000000001,1.0,13.7,9.75,0.0,-0.8796948360282854,-0.5848884338342394,-331.8323738736934,-97.63558813148866,4.125626739156716
9.0,57883.3,52.2019058,-2.2051368,38.556,236.54,77.32,-1.12,0.1,0.0,38.55,38.8,38.66,38.42999,2.100006,38.52,-0.07956004,0.1999198999999999,0.0,4.0,3.0,1494.0,92.0,0.0,0.02999878,1.0,13.7,9.75,0.0,-0.8935041805198234,-0.5905008716281448,-332.72587805421324,-98.22608900311681,4.128401812667387
9.0,57883.4,52.2019005,-2.2051497,38.254,236.675,77.18,-1.14,0.1,0.0,38.53999,39.12,38.67,39.02,5.800018,38.76,-0.07956004,0.29988,0.0,4.0,3.0,1520.0,92.0,0.0,-0.2000122,1.0,13.7,9.75,0.0,-0.8878835491137759,-0.5837852145009454,-333.613761603327,-98.80987421761776,4.13075800715758
9.0,57883.5,52.2018951,-2.2051627000000003,38.603,236.286,77.06,-1.14,0.1,0.0,38.459990000000005,39.50999,38.64,39.34,10.10001,39.01,-0.07956004,0.37026,0.0,4.0,3.0,1528.0,92.0,0.0,-0.2000122,1.0,13.7,9.75,0.0,-0.8919636236698809,-0.5951807276155738,-334.5057252269969,-99.40505494523333,4.123968676367322
9.0,57883.6,52.20188929999999,-2.2051755,38.988,234.515,76.94,-1.14,0.1,0.0,38.58,39.86,38.7,39.849990000000005,13.20001,39.13,-0.07956004,0.3896399,0.0,4.0,3.0,1547.0,92.0,0.0,0.02999878,1.0,13.7,9.75,0.0,-0.8818517221386692,-0.6286704543407965,-335.38757694913556,-100.03372539957412,4.093058895314502
9.0,57883.7,52.2018834,-2.2051881000000004,38.894,233.28,76.81,-1.15,0.1,0.0,38.77,40.06999,38.78,40.05,14.89999,39.32,-0.06936002,0.37026,0.0,4.0,3.0,1553.0,92.0,0.0,0.02999878,1.0,13.8,9.75,0.0,-0.866004064154663,-0.645969900306643,-336.2535810132902,-100.67969529988076,4.071504079052372
9.0,57883.8,52.2018773,-2.2052006,39.366,232.171,76.69,-1.15,0.1,0.0,38.959990000000005,40.25,39.0,40.12,13.800020000000002,39.55,-0.05915999,0.26928,0.0,4.0,3.0,1569.0,92.0,0.0,0.269989,1.0,13.7,9.75,0.0,-0.8636951696521801,-0.6706511044645287,-337.1172761829424,-101.35034640434529,4.052148377647755
9.0,57883.9,52.201870500000005,-2.2052124,39.697,228.385,76.54,-1.19,0.1,0.0,39.37999,40.14,39.33,40.3,9.300018,39.7,-0.03978014,0.1193398999999999,0.0,4.0,3.0,1571.0,92.0,0.0,0.269989,1.0,13.7,9.75,0.0,-0.8244011063429731,-0.7323235990114779,-337.9416772892854,-102.08267000335677,3.9860702121672493
9.0,57884.0,52.2018639,-2.2052244,39.604,228.261,76.42,-1.18,0.1,20.09998,39.959990000000005,40.12999,39.81999,40.06999,3.0,39.89,-0.01938009,-0.05915999,0.0,4.0,3.0,1581.0,92.0,0.0,0.5099792000000001,1.0,13.7,9.75,0.0,-0.8208866310222933,-0.7323862340316024,-338.7625639203077,-102.81505623738838,3.9839060038947767
9.0,57884.1,52.2018574,-2.2052366,39.845,228.795,76.29,-1.19,0.1,41.79999,40.31999,39.87999,40.37999,40.03,-3.0,40.16,-0.01938009,-0.2193,0.0,4.0,3.0,1595.0,92.0,0.0,0.5099792000000001,1.0,13.7,9.75,0.0,-0.83271337723513,-0.7291138245722035,-339.5952772975428,-103.54417006196059,3.993226062100426
9.0,57884.2,52.2018507,-2.2052487,40.0,228.206,76.18,-1.18,0.1,56.79999,40.87,39.849990000000005,40.73,39.75,-8.100006,40.34,-0.03978014,-0.3294601,0.0,4.0,3.0,1600.0,92.0,0.0,0.5099792000000001,1.0,13.7,9.75,0.0,-0.8283842163469652,-0.7405048894786532,-340.4236615138898,-104.28467495143924,3.9829460728061794
9.0,57884.3,52.2018439,-2.2052609,40.536,228.334,76.02,-1.22,0.1,59.89996,41.17,40.00999,41.14,39.78999,-11.60001,40.49,-0.04997993,-0.3396599,0.0,4.0,3.0,1614.0,92.0,0.0,0.5099792000000001,1.0,13.7,9.75,0.0,-0.8411589400532041,-0.7485503574032746,-341.264820453943,-105.03322530884252,3.9851800942487325
9.0,57884.4,52.2018376,-2.2052736,40.378,230.633,75.89,-1.22,0.1,52.5,41.27,40.12999,41.36,39.98999,-12.69998,40.73,-0.05915999,-0.27948,0.0,4.0,3.0,1631.0,92.0,0.0,0.269989,1.0,13.7,9.75,0.0,-0.8671164551278964,-0.7114214909702492,-342.1319369090709,-105.74464679981277,4.025305213752082
9.0,57884.5,52.2018315,-2.2052867000000003,40.378,231.96400000000003,75.77,-1.22,0.1,41.29999,41.41,40.48999,41.45,40.09,-11.19998,40.8,-0.06936002,-0.16014,0.0,4.0,3.0,1638.0,92.0,0.0,0.5099792000000001,1.0,13.7,9.75,0.0,-0.8834075679617733,-0.6910879491322116,-343.01534447703267,-106.43573474894498,4.048535546096127
9.0,57884.6,52.2018257,-2.2053003,40.903,234.21400000000003,75.65,-1.21,0.1,20.29999,41.42,40.69,41.61,40.56999,-8.100006,41.0,-0.06936002,-0.01938009,0.0,4.0,3.0,1642.0,92.0,0.0,0.269989,1.0,13.7,9.75,0.0,-0.9216885763990632,-0.664400469387167,-343.9370330534317,-107.10013521833214,4.087805454265999
9.0,57884.7,52.20181960000001,-2.2053136,40.849,233.729,75.52,-1.23,0.1,3.899963,41.349990000000005,41.05,41.47,40.78999,-2.899994,41.18,-0.06936002,0.08976007,0.0,4.0,3.0,1643.0,92.0,0.0,0.269989,1.0,13.7,9.75,0.0,-0.9148222326217511,-0.6712911178870469,-344.8518552860535,-107.77142633621919,4.079340607393827
9.0,57884.8,52.2018141,-2.2053277,41.083,236.193,75.41,-1.21,0.1,0.0,41.25,41.45,41.459990000000005,41.31999,1.5,41.34,-0.06936002,0.2101199999999999,0.0,4.0,3.0,1643.0,92.0,0.0,0.5099792000000001,1.0,13.8,9.75,0.0,-0.9482372921616232,-0.634957319656098,-345.80009257821513,-108.40638365587529,4.122345520162967
9.0,57884.9,52.201808,-2.2053414000000005,41.537,235.12,75.27,-1.22,0.1,0.0,41.2,41.87999,41.459990000000005,41.959990000000005,6.399994,41.49,-0.07956004,0.3202798,0.0,4.0,3.0,1638.0,92.0,0.0,0.75,1.0,13.7,9.75,0.0,-0.9465261672324629,-0.6598147276130535,-346.74661874544756,-109.06619838348834,4.103618137289068
9.0,57885.0,52.201802,-2.2053551,41.544,234.778,75.14,-1.23,0.1,0.0,41.39,42.459990000000005,41.31,42.23,10.70001,41.73,-0.08976007,0.3896399,0.0,4.0,3.0,1643.0,92.0,0.0,1.929993,1.0,13.8,9.75,0.0,-0.9427297235957499,-0.6655649241427022,-347.6893484690433,-109.73176330763104,4.097649111247247
9.0,57885.1,52.2017958,-2.2053687,41.53,234.094,75.0,-1.24,0.1,0.0,41.17999,42.47,41.5,42.47,11.39999,41.94,-0.06936002,0.3202798,0.0,4.0,3.0,1658.0,92.0,0.0,4.070007,1.0,13.7,9.75,0.0,-0.9344021945327564,-0.6765435200571961,-348.62375066357606,-110.40830682768824,4.085711059163605
9.0,57885.2,52.2017895,-2.2053823,41.886,232.935,74.89,-1.22,0.1,1.5,41.53999,42.02,41.66,42.42999,6.899994,41.77,-0.05915999,0.13974,0.0,4.0,3.0,1664.0,92.0,0.0,8.350006,1.0,13.8,9.75,0.0,-0.9284174530924889,-0.7012654866691047,-349.55216811666855,-111.10957231435734,4.065482693132991
9.0,57885.3,52.2017826,-2.2053952,41.99,230.299,74.77,-1.22,0.1,25.79999,41.67999,41.73,41.95,41.75999,0.5,41.74,-0.08976007,-0.07956004,0.0,4.0,3.0,1656.0,92.0,0.0,14.51999,1.0,13.7,9.75,0.0,-0.8974060883810696,-0.745067347734448,-350.4495742050496,-111.85463966209178,4.019475814050421
9.0,57885.4,52.2017758,-2.2054081,41.778,229.91,74.63,-1.23,0.1,48.70001,41.48,40.8,41.58,40.73999,-5.199982,41.34,-0.1693201,-0.2295001,0.0,4.0,3.0,1635.0,92.0,0.0,23.31,1.0,13.7,9.75,0.0,-0.8878217365615559,-0.7473505295969376,-351.33739594161113,-112.60199019168873,4.012686483260163
9.0,57885.5,52.2017693,-2.2054210000000003,41.281000000000006,230.422,74.51,-1.22,0.1,62.09998,41.19,39.599990000000005,41.23,39.56,-9.799988,40.72,-0.2601001,-0.36006,0.0,4.0,3.0,1610.0,92.0,0.0,26.16,1.0,13.7,9.75,0.0,-0.8838238469050254,-0.7305912376710766,-352.2212197885162,-113.3325814293598,4.021622569030374
9.0,57885.6,52.2017631,-2.2054341,40.889,231.746,74.38,-1.23,0.1,54.29999,40.56,39.0,40.73999,38.599990000000005,-13.10001,40.12,-0.3100800999999999,-0.3396599,0.0,4.0,3.0,1571.0,92.0,0.0,26.87,1.0,13.7,9.75,0.0,-0.8919182402415251,-0.703232616390427,-353.1131380287577,-114.03581404575023,4.044730728326779
9.0,57885.7,52.201757400000005,-2.2054472,39.647,234.063,74.25,-1.24,0.1,32.39996,39.61,38.48,39.81999,38.12999,-10.89999,39.26,-0.36006,-0.14994,0.0,4.0,3.0,1534.0,92.0,0.0,26.16,1.0,13.7,9.75,0.0,-0.8916861494845062,-0.6463510946188809,-354.0048241782422,-114.68216514036911,4.0851700070954875
9.0,57885.8,52.2017518,-2.2054601000000003,39.06,234.572,74.12,-1.24,0.1,9.099976,38.69,38.50999,38.91,37.95,-4.799988,38.61,-0.36006,0.02957988,0.0,4.0,3.0,1510.0,92.0,0.0,16.89999,1.0,13.7,9.75,0.0,-0.884106399919057,-0.6289522029710718,-354.88893057816125,-115.31111734334019,4.094053732988138
9.0,57885.9,52.2017467,-2.2054728,37.753,236.452,73.95,-1.28,0.1,0.0,38.05,38.31,38.34,38.12,0.3000183,38.26,-0.27948,0.2101199999999999,0.0,4.0,3.0,1474.0,92.0,0.0,10.72,1.0,13.8,9.75,0.0,-0.874006216629124,-0.579545659204076,-355.7629367947904,-115.89066300254426,4.126865922925632
9.0,57886.0,52.2017412,-2.2054854,37.847,235.035,73.86,-1.25,0.1,0.0,37.55,38.099990000000005,37.67,37.94,5.100006,37.96,-0.2397001,0.3100800999999999,0.0,4.0,3.0,1454.0,92.0,0.0,13.10001,1.0,13.7,9.75,0.0,-0.861547288545144,-0.6024779172239311,-356.6244840833355,-116.4931409197682,4.102134607424873
9.0,57886.1,52.201736,-2.2054981,37.577,235.671,73.75,-1.23,0.1,0.0,36.72,37.73999,37.12999,37.73,9.700012,37.43,-0.2295001,0.34986,0.0,4.0,3.0,1438.0,92.0,0.0,18.56,1.0,13.7,9.75,0.0,-0.8619881581358968,-0.5886479873762641,-357.4864722414714,-117.08178890714446,4.113234901467556
9.0,57886.2,52.2017306,-2.2055104,37.339,234.387,73.64,-1.2,0.1,0.0,35.89,36.97,36.25999,37.22,11.39999,36.67,-0.2601001,0.27948,0.0,4.0,3.0,1418.0,92.0,0.0,23.78,1.0,13.7,9.75,0.0,-0.8432065782885632,-0.6039660436790407,-358.32967881976,-117.6857549508235,4.0908248738719495
9.0,57886.3,52.2017256,-2.205523,36.868,234.889,73.58,-1.13,0.1,4.799988,35.53999,35.89,35.64999,36.06,6.800018,36.06,-0.28968,0.0397799,0.0,4.0,3.0,1401.0,92.0,0.0,28.29999,1.0,13.7,9.75,0.0,-0.8377631459431488,-0.5890301173969572,-359.1674419657031,-118.27478506822045,4.099586426716961
9.0,57886.4,52.20171990000001,-2.2055344,35.993,231.55900000000003,73.5,-1.1,0.1,30.79999,35.099990000000005,35.08,34.89999,34.77,0.2000122,35.11,-0.3396599,-0.13974,0.0,4.0,3.0,1371.0,92.0,0.0,30.429990000000004,1.0,13.7,9.75,0.0,-0.7830964743113428,-0.6215875327264035,-359.95053844001444,-118.89637260094686,4.04146696262555
9.0,57886.5,52.2017147,-2.2055456,34.895,232.25,73.39,-1.1,0.1,52.29999,34.429990000000004,33.849990000000005,34.37,33.36,-5.0,34.45,-0.37026,-0.2601001,0.0,4.0,3.0,1348.0,92.0,0.0,31.38,1.0,13.7,9.75,0.0,-0.7664197965497616,-0.5934256107445032,-360.7169582365642,-119.48979821169137,4.05352718775683
9.0,57886.6,52.2017096,-2.2055565,33.692,232.541,73.28,-1.1,0.1,48.59998,33.5,32.349990000000005,33.64,32.19,-9.0,33.35,-0.3998401,-0.27948,0.0,4.0,3.0,1327.0,91.0,0.0,35.89999,1.0,13.8,9.75,0.0,-0.7428980784321735,-0.5692015964554765,-361.4598563149964,-120.05899980814684,4.058606095880134
9.0,57886.7,52.2017049,-2.2055674,33.167,234.007,73.19,-1.07,0.1,19.89996,31.98,31.31,32.349990000000005,30.73,-7.899994,32.04,-0.4600201,-0.1091398999999999,0.0,4.0,3.0,1289.0,91.0,0.0,42.31,1.0,13.7,9.75,0.0,-0.7454180062419796,-0.5414387524621441,-362.2052743212384,-120.60043856060898,4.084192622714371
9.0,57886.8,52.201700200000005,-2.2055779,32.119,234.118,73.08,-1.07,0.1,0.0,30.09,30.25999,30.2,29.83,-1.299988,30.54,-0.5304,0.14994,0.0,4.0,3.0,1218.0,91.0,0.0,47.06,1.0,13.7,9.75,0.0,-0.7228789706900772,-0.5229310857384416,-362.9281532919285,-121.12336964634741,4.086129938184085
9.0,57886.9,52.2016964,-2.2055884000000003,30.355,237.414,72.98,-1.07,0.1,0.0,28.429990000000004,28.929990000000004,27.5,28.72,3.600006,29.11,-0.58038,0.27948,0.0,0.0,3.0,1229.0,91.0,0.0,51.10001,1.0,13.7,9.75,0.0,-0.7104621632875707,-0.4541149476495136,-363.63861545521604,-121.57748459399693,4.143655990329817
9.0,57887.0,52.2016923,-2.2055981000000004,29.088,235.07,72.9,-1.03,0.1,0.0,26.64,27.29,24.82999,27.13,6.200012,27.6,-0.6405599000000001,0.28968,0.0,2.0,3.0,1285.0,91.0,0.0,55.85001,1.0,13.5,9.75,0.0,-0.6624405683758853,-0.46264078221643423,-364.3010560235919,-122.04012537621337,4.10274547266307
9.0,57887.1,52.20168820000001,-2.2056064,26.798,232.56,72.79,-1.03,0.1,0.0,24.85,25.68,24.88,25.49,7.800018,25.73,-0.64974,0.2498998999999999,0.0,2.0,3.0,1270.0,91.0,0.0,55.85001,1.0,13.7,9.75,0.0,-0.5910376306379078,-0.452536558822779,-364.8920936542298,-122.49266193503615,4.0589377084380125
9.0,57887.2,52.20168449999999,-2.2056146,25.124,233.167,72.7,-1.01,0.1,0.0,22.88,23.96999,23.09,23.66,9.100006,23.97,-0.64974,0.1897199,0.0,2.0,3.0,1268.0,91.0,0.0,55.37,1.0,13.7,9.75,0.0,-0.5585806534776266,-0.4183737023225474,-365.45067430770746,-122.9110356373587,4.069531856997618
9.0,57887.3,52.2016809,-2.2056219,23.353,231.065,72.63,-0.97,0.1,0.0,21.17,22.23,21.28,22.0,9.899994,22.03,-0.65994,0.13974,0.0,2.0,3.0,1286.0,91.0,0.0,56.07999,1.0,13.7,9.75,0.0,-0.5045930729891092,-0.407664461223313,-365.95526738069657,-123.31870009858201,4.032845036120698
9.0,57887.4,52.2016773,-2.2056284,21.906,228.526,72.57,-0.94,0.1,0.0,19.28,20.24,19.34,19.82,9.100006,20.18,-0.67014,0.1193398999999999,0.0,2.0,3.0,1288.0,91.0,0.0,55.37,1.0,13.7,9.75,0.0,-0.45592247747769427,-0.40299744978175883,-366.4111898581743,-123.72169754836378,3.988531126412562
9.0,57887.5,52.2016744,-2.2056348,19.825,229.821,72.52,-0.89,0.1,0.0,17.52,18.57,17.73,18.18,7.800018,18.34,-0.65994,0.1091398999999999,0.0,2.0,3.0,1280.0,91.0,0.0,50.62,1.0,13.7,9.75,0.0,-0.4207484806184649,-0.35529577424904524,-366.8319383387927,-124.07699332261282,4.011133140225888
9.0,57887.6,52.20167130000001,-2.2056397,17.651,226.977,72.45,-0.86,0.1,0.0,15.88,16.67,15.75999,16.5,7.800018,16.74,-0.6303601,0.12954,0.0,2.0,3.0,1264.0,91.0,0.0,40.41,1.0,13.7,9.75,0.0,-0.35845252231214275,-0.33453150383290475,-367.19039086110485,-124.41152482644573,3.9614959762991693
9.0,57887.7,52.2016686,-2.2056446,16.268,226.26,72.4,-0.82,0.1,0.0,14.62,15.45,14.50999,15.28,6.899994,15.26,-0.5599799,0.09995985,0.0,2.0,3.0,1266.0,91.0,0.0,33.51999,1.0,13.7,9.75,0.0,-0.32648278249828594,-0.3124300891934251,-367.5168736436031,-124.72395491563915,3.94898196556237
9.0,57887.8,52.2016659,-2.2056485,14.76,223.753,72.36,-0.77,0.1,0.0,13.50999,14.11,13.47,13.93,5.700012,14.1,-0.4804201,0.07956004,0.0,2.0,3.0,1273.0,91.0,0.0,26.16,1.0,13.7,9.75,0.0,-0.28353585986640856,-0.2961543789475623,-367.8004095034695,-125.02010929458672,3.9052265612148718
9.0,57887.9,52.2016632,-2.205652,13.874,221.387,72.3,-0.76,0.1,0.0,12.57,13.13,12.6,13.04,5.300018,13.15,-0.3998401,0.04997993,0.0,2.0,3.0,1278.0,91.0,0.0,22.60001,1.0,13.6,9.75,0.0,-0.2547966472404746,-0.28914229063564106,-368.05520615071,-125.30925158522236,3.8639320711126866
9.0,57888.0,52.2016605,-2.205655,13.309,218.519,72.24,-0.73,0.1,0.0,11.75999,12.3,11.88,12.2,4.800018,12.27,-0.36006,0.06936002,0.0,2.0,3.0,1272.0,91.0,0.0,20.69998,1.0,13.7,9.75,0.0,-0.23023613419232306,-0.289249554477204,-368.2854422849023,-125.59850113969956,3.813876028165489
8.0,57888.1,52.2016583,-2.2056581000000004,12.035,217.64,72.19,-0.71,0.1,0.0,11.32,11.75,11.34,11.62,4.300018,11.65,-0.3100800999999999,0.07956004,0.0,2.0,3.0,1274.0,91.0,0.0,12.62,1.0,13.7,9.75,0.0,-0.20415978019516146,-0.26472436349148526,-368.4896020650974,-125.86322550319105,3.7985345840404587
8.0,57888.2,52.2016559,-2.2056607,11.772,215.691,72.15,-0.67,0.1,0.0,11.17,11.55,11.09,11.42,3.3999940000000004,11.42,-0.2101199999999999,0.06936002,0.0,2.0,3.0,1282.0,91.0,0.0,4.070007,1.0,13.7,9.75,0.0,-0.19077626105674983,-0.26558128363498595,-368.68037832615414,-126.12880678682603,3.7645181169190893
8.0,57888.3,52.2016537,-2.2056637,11.502,215.927,72.09,-0.67,0.1,0.0,11.2,11.5,11.14,11.41,2.200012,11.36,-0.1091398999999999,0.04997993,0.0,2.0,3.0,1290.0,91.0,0.0,2.880005,1.0,13.7,9.75,0.0,-0.1874679077110149,-0.2587199906819232,-368.8678462338652,-126.38752677750796,3.768637093953796
8.0,57888.4,52.2016513,-2.2056662,11.272,214.52,72.05,-0.63,0.1,0.0,11.38,11.50999,11.39999,11.47,1.300018,11.42,-0.07956004,0.0397799,0.0,2.0,3.0,1282.0,91.0,0.0,1.699982,1.0,13.7,9.75,0.0,-0.17743814939979288,-0.2579811447350588,-369.04528438326497,-126.64550792224301,3.744080311378236
8.0,57888.5,52.2016489,-2.2056689,11.977,213.757,72.01,-0.6,0.1,0.0,11.55,11.75999,11.62,11.68,0.8000183000000001,11.61,-0.04997993,0.0397799,0.0,2.0,3.0,1280.0,91.0,0.0,0.5099792000000001,1.0,13.7,9.75,0.0,-0.1848689248032838,-0.2766027368018533,-369.2301533080683,-126.92211065904486,3.730763449185519
8.0,57888.6,52.201647,-2.2056724,11.682,217.423,71.99,-0.57,0.1,2.099976,11.88,11.99,11.86,11.85,1.0,11.82,-0.02958012,0.04997993,0.0,2.0,3.0,1279.0,91.0,0.0,0.9799805,1.0,13.7,9.75,0.0,-0.19719692666000468,-0.2577084052099364,-369.4273502347283,-127.1798190642548,3.7947472195636314
8.0,57888.7,52.2016446,-2.2056751,11.549,217.399,71.92,-0.58,0.1,7.899963,12.2,12.18999,12.17,12.1,0.3000183,12.12,-0.01938009,0.04997993,0.0,2.0,3.0,1262.0,91.0,0.0,1.459991,1.0,13.7,9.75,0.0,-0.19484509564638336,-0.25485602440958766,-369.62219533037467,-127.43467508866439,3.7943283405431525
8.0,57888.8,52.201643,-2.2056795,12.107,224.291,71.9,-0.54,0.1,12.09998,12.43999,12.43999,12.52,12.45,-0.3999939,12.34,-0.01938009,0.06936002,0.0,2.0,3.0,1262.0,91.0,0.0,1.699982,1.0,13.7,9.75,0.0,-0.23484312995443066,-0.24072833445761482,-369.8570384603291,-127.675403423122,3.9146164325906017
8.0,57888.9,52.2016409,-2.205683,12.215,224.842,71.88,-0.51,0.1,12.5,12.72,12.68,12.66,12.66,-0.5,12.57,-0.01938009,0.05915999,0.0,2.0,3.0,1269.0,91.0,0.0,2.169983,1.0,13.7,9.75,0.0,-0.239262725068907,-0.2405859688831932,-370.096301185398,-127.9159893920052,3.924233196769091
8.0,57889.0,52.2016387,-2.2056868999999995,12.82,225.925,71.84,-0.5,0.1,12.39996,12.89,12.86,13.00999,12.82,-0.5,12.83,-0.02958012,0.06936002,0.0,2.0,3.0,1274.0,91.0,0.0,3.829987000000001,1.0,13.7,9.75,0.0,-0.2558408623354828,-0.24771067117955703,-370.3521420477335,-128.16370006318476,3.9431351125681893
7.0,57889.1,52.2016364,-2.2056904,12.812,225.271,71.79,-0.49,0.1,12.59998,13.07999,12.97,13.07,12.97,-0.5,12.92,-0.04997993,0.07956004,0.0,2.0,3.0,1269.0,91.0,0.0,6.2099910000000005,1.0,13.7,9.75,0.0,-0.2528388990014939,-0.25045836457639076,-370.604980946735,-128.41415842776115,3.931720659260146
7.0,57889.2,52.2016344,-2.2056946,12.978,226.54,71.78,-0.46,0.1,12.59998,13.07999,13.03,13.18999,13.1,-0.5,13.03,-0.06936002,0.06936002,0.0,2.0,3.0,1267.0,91.0,0.0,9.299988,1.0,13.7,9.75,0.0,-0.2616706396658346,-0.2479692044123079,-370.86665158640085,-128.66212763217345,3.953868887467954
7.0,57889.3,52.2016323,-2.2056986,13.01,227.363,71.75,-0.44,0.1,12.39996,12.82,12.93,13.1,13.00999,-0.6999816999999999,12.96,-0.1091398999999999,0.08976007,0.0,2.0,3.0,1271.0,91.0,0.0,15.0,1.0,13.7,9.75,0.0,-0.26585928720398594,-0.24478719006462368,-371.1325108736048,-128.90691482223806,3.9682329472118676
7.0,57889.4,52.2016304,-2.2057029,13.082,228.789,71.74,-0.4,0.1,11.79999,12.52,12.53,12.64,12.55,-0.5,12.64,-0.1897202,0.08976007,0.0,2.0,3.0,1265.0,91.0,0.0,19.75,1.0,13.7,9.75,0.0,-0.27337325878456836,-0.23941291934523218,-371.40588413238936,-129.1463277415833,3.9931213423453062
7.0,57889.5,52.201629,-2.2057073,12.384,231.907,71.71,-0.4,0.1,11.29999,11.98,11.91,11.98,11.91,-0.3999939,12.18,-0.2601001,0.08976007,0.0,2.0,3.0,1264.0,91.0,0.0,22.82999,1.0,13.7,9.75,0.0,-0.2707315780270839,-0.21222726653039892,-371.67661571041646,-129.35855500811368,4.04754070842249
7.0,57889.6,52.2016271,-2.2057110000000004,11.97,232.194,71.68,-0.38,0.1,11.09998,11.3,11.3,11.29,11.25,-0.2999877999999999,11.48,-0.29988,0.09995985,0.0,2.0,3.0,1263.0,91.0,0.0,19.26999,1.0,13.7,9.75,0.0,-0.2627051991684372,-0.20381910688125338,-371.9393209095849,-129.56237411499492,4.0525498033757135
7.0,57889.7,52.2016255,-2.2057146,10.969,232.373,71.66,-0.36,0.1,10.39996,10.88,10.86,10.81,10.81,0.0,10.96,-0.26928,0.08976007,0.0,2.0,3.0,1261.0,91.0,0.0,10.95999,1.0,13.7,9.75,0.0,-0.2413186189138865,-0.18602158111574862,-372.18063952849883,-129.74839569611066,4.055673942736783
7.0,57889.8,52.2016244,-2.2057184000000003,10.285,233.987,71.66,-0.34,0.1,10.29999,10.50999,10.50999,10.49,10.49,-0.1999817,10.56,-0.1999198999999999,0.09995985,0.0,2.0,3.0,1262.0,90.0,0.0,10.25,1.0,13.7,9.75,0.0,-0.23109355338162094,-0.16797941889373136,-372.41173308188047,-129.9163751150044,4.083843556863972
7.0,57889.9,52.2016228,-2.2057217,10.318,233.645,71.66,-0.3,0.1,8.700012,10.23,10.24,10.18999,10.23,0.0,10.3,-0.1795201,0.09995985,0.0,2.0,3.0,1264.0,91.0,0.0,10.95999,1.0,13.7,9.75,0.0,-0.23082501529209787,-0.16989920932055116,-372.6425580971726,-130.08627432432496,4.077874530822151
7.0,57890.0,52.2016227,-2.2057266,10.26,242.134,71.66,-0.27,0.1,6.200012,9.889999,9.93,9.979996,9.939995,0.0,10.0,-0.1693201,0.08976007,0.0,2.0,3.0,1265.0,90.0,0.0,11.19998,1.0,13.7,9.75,0.0,-0.25195229763893773,-0.13321050902410123,-372.8945103948115,-130.21948483334907,4.22603553102395
8.0,57890.1,52.2016208,-2.2057294,10.195,238.6,71.66,-0.25,0.1,2.0,9.720001,9.68,9.75,9.68,0.0,9.78,-0.1693201,0.1091398999999999,0.0,2.0,3.0,1278.0,90.0,0.0,8.350006,1.0,13.7,9.75,0.0,-0.241720843839499,-0.14754703323929652,-373.136231238651,-130.36703186658838,4.1643555952584705
8.0,57890.2,52.2016192,-2.2057325000000003,9.774,235.49,71.65,-0.23,0.1,0.0,9.599998,9.669998,9.57,9.529999,0.3999939,9.639999,-0.13974,0.1193398999999999,0.0,2.0,3.0,1275.0,90.0,0.0,4.309998,1.0,13.7,9.75,0.0,-0.22372341725320305,-0.15381834277013004,-373.35995465590423,-130.5208502093585,4.110075855521447
8.0,57890.3,52.2016178,-2.2057353,9.216,233.538,71.61,-0.25,0.1,0.0,9.489998,9.540001,9.519997,9.559998,1.100006,9.559999,-0.09996009,0.1193398999999999,0.0,2.0,3.0,1271.0,90.0,0.0,4.549988,1.0,13.7,9.75,0.0,-0.20588830341238407,-0.15213811658479956,-373.5658429593166,-130.67298832594332,4.076007028522517
9.0,57890.4,52.2016161,-2.2057379000000004,9.299,230.595,71.59,-0.24,0.1,0.0,9.470001,9.549995,9.489998,9.559998,1.100006,9.53,-0.08976007,0.12954,0.0,2.0,3.0,1271.0,90.0,0.0,5.259979,1.0,13.7,9.75,0.0,-0.19958706651658278,-0.1639718357223866,-373.7654300258332,-130.8369601616657,4.024641988636324
9.0,57890.5,52.2016148,-2.2057411,9.252,230.743,71.58,-0.23,0.1,0.0,9.389999,9.589996,9.389999,9.529999,2.0,9.49,-0.08976007,0.1193398999999999,0.0,2.0,3.0,1267.0,90.0,0.0,5.970001,1.0,13.7,9.75,0.0,-0.19899904206253796,-0.16262958297367752,-373.96442906789576,-130.99958974463937,4.027225075929276
9.0,57890.6,52.2016126,-2.2057426,8.888,225.065,71.53,-0.25,0.1,0.0,9.299995,9.519997,9.329994,9.519997,2.300018,9.41,-0.08976007,0.12954,0.0,2.0,3.0,1259.0,90.0,0.0,8.109985,1.0,13.7,9.75,0.0,-0.17477474625533854,-0.17437864412872398,-374.13920381415113,-131.1739683887681,3.9281252810010376
9.0,57890.7,52.2016099,-2.205744,10.033,215.66,71.48,-0.27,0.1,0.0,9.089996,9.290001,9.209999,9.369995,2.5,9.27,-0.1091398999999999,0.16014,0.0,2.0,3.0,1269.0,90.0,0.0,12.14999,1.0,13.7,9.75,0.0,-0.1624716507125319,-0.22643664915146264,-374.30167546486365,-131.40040503791954,3.763977064850971
9.0,57890.8,52.2016075,-2.2057452000000004,9.594,211.249,71.41,-0.31,0.1,0.0,8.860000999999999,9.18,8.849998,9.189995,4.100006,9.08,-0.16014,0.1795198999999999,0.0,2.0,3.0,1276.0,90.0,0.0,11.91,1.0,13.7,9.75,0.0,-0.1382490968250378,-0.2278364264709691,-374.4399245616887,-131.6282414643905,3.6869905915455012
9.0,57890.9,52.20160610000001,-2.2057481,9.169,214.201,71.42,-0.27,0.1,0.0,8.559998,9.0,8.479996,8.909996000000001,5.0,8.84,-0.1693201,0.16014,0.0,2.0,3.0,1279.0,90.0,0.0,8.579987,1.0,13.7,9.75,0.0,-0.14316319021711682,-0.2106503287386987,-374.58308775190585,-131.8388917931292,3.7385127110643737
9.0,57891.0,52.2016044,-2.2057505,9.18,217.072,71.41,-0.26,0.1,0.0,8.290001,8.790001,8.169998,8.699997,5.700012,8.61,-0.14994,0.1693199,0.0,2.0,3.0,1277.0,90.0,0.0,5.970001,1.0,13.7,9.75,0.0,-0.15371862638706774,-0.20345904723475208,-374.7368063782929,-132.04235084036395,3.788621113889131
9.0,57891.1,52.20160309999999,-2.2057526,7.855,219.37,71.36,-0.27,0.1,0.0,8.07,8.519997,7.979996000000001,8.549995,6.200012,8.349999,-0.12954,0.14994,0.0,2.0,3.0,1275.0,90.0,0.0,6.919983,1.0,13.7,9.75,0.0,-0.13840637073396775,-0.16867866529787112,-374.87521274902684,-132.21102950566183,3.828728780099961
9.0,57891.2,52.2016014,-2.2057547,8.413,218.741,71.34,-0.27,0.1,0.0,7.829994,8.360000999999999,7.739998,8.339996000000001,6.5,8.13,-0.13974,0.14994,0.0,1.0,3.0,1274.0,90.0,0.0,10.00998,1.0,13.7,9.75,0.0,-0.1462462077955397,-0.18227764555650086,-375.02145895682236,-132.39330715121832,3.8177506591049166
9.0,57891.3,52.20159999999999,-2.2057568999999995,7.78,220.202,71.33,-0.24,0.1,0.0,7.459999000000001,8.119995,7.389999,8.0,7.700011999999999,7.88,-0.16014,0.16014,0.0,1.0,3.0,1213.0,90.0,0.0,12.14999,1.0,13.6,9.75,0.0,-0.13949633983301973,-0.16505993917019868,-375.1609552966554,-132.55836709038851,3.8432499194765537
9.0,57891.4,52.2015985,-2.2057588,7.776,219.23,71.32,-0.23,0.1,0.0,7.089996000000001,7.769997,6.949997,7.759995,8.5,7.52,-0.1693201,0.2101199999999999,0.0,1.0,3.0,1158.0,90.0,0.0,12.85999,1.0,13.7,9.75,0.0,-0.13660595481482143,-0.16731650578807505,-375.2975612514702,-132.7256835961766,3.8262853191471686
9.0,57891.5,52.2015971,-2.2057606,6.995,218.18,71.31,-0.21,0.1,0.0,6.509995,7.409996,6.369994999999999,7.409996,10.0,7.11,-0.1897202,0.2193,0.0,1.0,3.0,1124.0,90.0,0.0,10.25,1.0,13.7,9.75,0.0,-0.12010687841584305,-0.15273829472975986,-375.41766812988607,-132.87842189090637,3.8079593620012284
9.0,57891.6,52.2015959,-2.2057622,6.448,217.386,71.29,-0.21,0.1,0.0,6.25,7.339996000000001,5.959999,7.0,11.5,6.89,-0.1795201,0.1897199,0.0,1.0,3.0,1106.0,90.0,0.0,5.72998,1.0,13.7,9.75,0.0,-0.10875299063183795,-0.14231506298381827,-375.5264211205179,-133.02073695389018,3.794101447740393
9.0,57891.7,52.20159460000001,-2.205764,6.8260000000000005,217.637,71.28,-0.19,0.1,0.0,5.979996,6.970001,5.729996,6.75,12.70001,6.55,-0.13974,0.16014,0.0,1.0,3.0,1078.0,90.0,0.0,7.399994,1.0,13.7,9.75,0.0,-0.1157872906487598,-0.15015217874213396,-375.6422084111667,-133.1708891326323,3.798482224162899
9.0,57891.8,52.2015934,-2.2057654,6.026,215.912,71.31,-0.14,0.1,0.0,5.720001,6.75,5.489998,6.479996,13.20001,6.29,-0.13974,0.1795198999999999,0.0,1.0,3.0,1059.0,90.0,0.0,7.869994999999999,1.0,13.6,9.75,0.0,-0.09818061343205649,-0.1355714102219265,-375.74038902459876,-133.30646054285424,3.7683752945659967
9.0,57891.9,52.2015923,-2.2057666,5.648,216.17,71.24,-0.2,0.1,0.0,5.43,6.689995,5.049995,6.1699980000000005,14.0,6.09,-0.1795201,0.2193,0.0,1.0,3.0,1053.0,90.0,0.0,7.869994999999999,1.0,13.6,9.75,0.0,-0.09259316503415914,-0.1266516057764255,-375.8329821896329,-133.43311214863067,3.772878244036142
9.0,57892.0,52.2015911,-2.2057679,5.652,212.557,71.27,-0.15,0.1,0.0,5.040001,6.399994,4.68,5.970001,14.70001,5.72,-0.16014,0.2101199999999999,0.0,1.0,3.0,1029.0,90.0,0.0,-0.4400024,1.0,13.5,9.75,0.0,-0.0844877256457312,-0.13232847091692573,-375.9174699152786,-133.5654406195476,3.7098194981615866
9.0,57892.1,52.20159,-2.2057687,4.982,207.907,71.27,-0.12,0.1,0.0,5.07,6.239998,4.339996,5.709999,15.300020000000002,5.71,-0.14994,0.1795198999999999,0.0,1.0,3.0,1012.0,90.0,0.0,-0.2000122,0.0,13.6,9.75,0.0,-0.0647712287624058,-0.12229543120047182,-375.98224114404104,-133.68773605074807,3.628661687943851
9.0,57892.2,52.2015889,-2.2057693,4.572,203.991,71.23,-0.15,0.1,0.0,4.849998,6.18,4.129997,5.599998,16.70001,5.63,-0.09996009,0.16014,0.0,1.0,3.0,1005.0,90.0,0.0,0.02999878,0.0,13.7,9.75,0.0,-0.05163732861154159,-0.11602838572463064,-376.0338784726526,-133.8037644364727,3.560314594435753
9.0,57892.3,52.2015881,-2.2057701,3.935,203.598,71.26,-0.09,0.1,0.0,4.769997,6.089996,3.989998,5.439995,17.10001,5.44,-0.06936002,0.13974,0.0,1.0,3.0,1006.0,90.0,0.0,-0.2000122,0.0,13.7,9.75,0.0,-0.04375687702607023,-0.10016506470937864,-376.07763534967864,-133.9039295011821,3.5534554504754152
9.0,57892.4,52.2015868,-2.205771,5.465,204.584,71.23,-0.12,0.1,0.0,4.529999,5.939995,3.82,5.279999,17.20001,5.24,-0.06936002,0.1693199,0.0,1.0,3.0,996.0,90.0,0.0,-0.2000122,0.0,13.6,9.75,0.5,-0.06315519003712576,-0.13804473430343295,-376.1407905397158,-134.04197423548553,3.5706643969000793
9.0,57892.5,52.201586000000006,-2.2057714,3.787,200.662,71.26,-0.07,0.1,0.0,4.479996,5.829994,3.610001,5.139999,18.20001,5.19,-0.06936002,0.1795198999999999,0.0,1.0,3.0,997.0,90.0,0.0,-0.2000122,0.0,13.6,9.75,14.0,-0.037118317960588836,-0.09842815457861605,-376.17790885767636,-134.14040239006414,3.5022125836368616
9.0,57892.6,52.2015848,-2.2057721,4.795,200.254,71.24,-0.09,0.1,0.0,4.3600010000000005,5.709999,3.459999,4.989998,17.39999,5.1,-0.05915999,0.14994,0.0,1.0,3.0,1078.0,90.0,0.0,-0.2000122,0.0,13.6,9.75,15.5,-0.046109593002377665,-0.12495865501844712,-376.2240184506787,-134.26536104508259,3.4950916402887247
9.0,57892.7,52.2015838,-2.2057724,4.374,194.83,71.26,-0.05,0.1,0.0,4.3600010000000005,5.709999,3.3999940000000004,4.889999,16.60001,4.98,-0.02958012,0.14994,0.0,1.0,3.0,1344.0,90.0,0.0,-0.2000122,0.0,13.7,9.75,15.5,-0.03109816197836296,-0.11745277485682278,-376.2551166126571,-134.3828138199394,3.4004249816605525
9.0,57892.8,52.20158289999999,-2.2057726000000004,3.794,191.605,71.26,-0.04,0.1,0.0,4.6100010000000005,6.099998,3.4700010000000003,5.079994,18.5,5.24,0.009180069,0.1897199,0.0,1.0,3.0,1617.0,90.0,0.0,0.02999878,0.0,13.6,9.75,15.5,-0.02120038767978506,-0.10323449744858249,-376.2763170003369,-134.486048317388,3.344138113283735
9.0,57892.9,52.2015817,-2.2057731000000005,4.684,190.238,71.27,-0.03,0.1,0.0,5.229996,6.860001,3.849998,5.629997,20.60001,5.8,0.09995985,0.2295001,0.0,1.0,3.0,1689.0,90.0,0.0,-0.2000122,0.0,13.6,9.75,15.5,-0.023125616399161414,-0.12803947477526897,-376.2994426167361,-134.61408779216328,3.3202794624089726
9.0,57893.0,52.20158059999999,-2.2057733,4.504,189.258,71.25,-0.05,0.1,0.0,5.93,7.779999,4.449997,6.479996,23.20001,6.58,0.1693199,0.26928,0.0,1.0,3.0,1733.0,90.0,0.0,-0.2000122,0.0,13.7,9.75,15.5,-0.020127922438055938,-0.12348140289851098,-376.31957053917415,-134.73756919506178,3.3031752357394284
9.0,57893.1,52.2015791,-2.2057736,5.731,186.092,71.27,-0.01,0.1,0.0,6.720001,8.739998,5.220001,7.509995,26.10001,7.45,0.1999198999999999,0.3202798,0.0,1.0,3.0,1710.0,90.0,0.0,0.02999878,0.0,13.7,9.75,15.5,-0.016894547752989784,-0.1582954370732058,-376.33646508692715,-134.895864632135,3.247918111621288
9.0,57893.2,52.201577400000005,-2.2057738,6.516,186.075,71.25,-0.03,0.1,0.0,7.559997999999999,9.889999,6.040001,8.649994,29.899990000000003,8.44,0.2101199999999999,0.3396599,0.0,1.0,3.0,1677.0,90.0,0.0,0.02999878,0.0,13.6,9.0,0.0,-0.01915526610214136,-0.1799835430825723,-376.3556203530293,-135.07584817521757,3.2476214056484487
9.0,57893.3,52.2015756,-2.2057739,7.422999999999999,183.139,71.26,-0.01,0.1,0.0,8.339996000000001,10.93,6.639999,9.529999,32.89999,9.44,0.1897199,0.36006,0.0,1.0,3.0,1539.0,90.0,0.0,0.02999878,0.0,13.6,9.0,0.0,-0.011290894930426846,-0.20588507622317637,-376.3669112479597,-135.28173325144076,3.1963785388098955
9.0,57893.4,52.2015735,-2.2057739,8.204,180.706,71.27,-0.0,0.1,0.0,8.75,11.41,7.040000999999999,10.43,35.0,10.01,0.12954,0.3100800999999999,0.0,2.0,3.0,1445.0,90.0,0.0,4.549988,0.0,13.6,9.0,0.0,-0.002807981418215329,-0.22787158866205176,-376.36971922937795,-135.5096048401028,3.153914678108873
9.0,57893.5,52.2015714,-2.2057733,8.693999999999999,175.888,71.26,-0.0,0.1,0.0,8.709999,11.53,7.419998,10.34,35.10001,10.15,0.05915999,0.2396998,0.0,2.0,3.0,1408.0,90.0,0.0,3.829987000000001,1.0,13.6,9.0,0.0,0.017317082624715537,-0.24087832747959861,-376.3524021467532,-135.75048316758242,3.0698247147477864
9.0,57893.6,52.20156899999999,-2.2057729,9.439,173.55200000000002,71.28,0.02,0.1,0.0,8.799995,11.38,7.339996000000001,10.24,33.70001,10.08,-0.01938009,0.2498998999999999,0.0,2.0,3.0,1380.0,90.0,0.0,1.220001,1.0,13.6,9.0,0.0,0.029444811064234806,-0.2605358512737208,-376.32295733568895,-136.01101901885613,3.029053823421199
9.0,57893.7,52.201567,-2.2057719,8.845,167.762,71.3,0.04,0.1,0.0,8.589996000000001,11.21,7.049995,10.07,34.39999,10.02,-0.06936002,0.2295001,0.0,2.0,3.0,1355.0,90.0,0.0,0.5099792000000001,1.0,13.6,9.0,0.0,0.052080587661439796,-0.2401111667950978,-376.2708767480275,-136.25113018565122,2.927999259730727
9.0,57893.8,52.201565,-2.2057709,8.514,164.227,71.3,0.04,0.1,0.0,8.349998,10.87,6.759995,9.559998,32.89999,9.73,-0.07956004,0.1193398999999999,0.0,2.0,3.0,1333.0,90.0,0.0,0.02999878,1.0,13.7,9.0,0.0,0.06428703400881966,-0.2275948752901718,-376.20658971401866,-136.4787250609414,2.8663018706727277
9.0,57893.9,52.201563,-2.2057697,8.366,161.34,71.31,0.05,0.1,0.0,7.979996000000001,10.31,6.5,9.119995,31.5,9.29,-0.06936002,0.1091398999999999,0.0,2.0,3.0,1291.0,90.0,0.0,-0.2000122,0.0,13.7,9.0,0.0,0.07435320495251906,-0.22017310596960074,-376.13223650906616,-136.698898166911,2.8159142151676515
9.0,57894.0,52.2015612,-2.2057685,7.765,159.252,71.33,0.07,0.1,0.0,7.57,9.809998,5.959999,8.799995,30.70001,8.86,-0.06936002,0.09995985,0.0,2.0,3.0,1238.0,90.0,0.0,-0.2000122,0.0,13.6,9.0,0.0,0.07641156778669528,-0.2017061369234382,-376.05582494127947,-136.90060430383443,2.77947174038601
9.0,57894.1,52.2015594,-2.2057673,7.643,157.942,71.33,0.07,0.1,0.0,7.129997,9.459999,5.949997,8.360000999999999,29.20001,8.4,-0.06936002,0.08976007,0.0,2.0,3.0,1180.0,90.0,0.0,0.02999878,0.0,13.7,9.0,0.0,0.07973028586121168,-0.19676567392775232,-375.97609465541825,-137.09736997776218,2.7566079271848842
9.0,57894.2,52.2015578,-2.2057658,7.47,154.754,71.34,0.07,0.1,0.0,6.729996000000001,8.869995,5.579994,7.839996000000001,26.60001,7.98,-0.06936002,0.14994,0.0,1.0,3.0,1110.0,90.0,0.0,0.75,0.0,13.6,9.0,0.0,0.0884999111660759,-0.18768062159849286,-375.88759474425217,-137.2850505993607,2.7009668306313044
9.0,57894.3,52.2015564,-2.2057644,6.779,150.735,71.36,0.09,0.1,0.0,6.4199980000000005,8.479996,5.089996,7.43,26.10001,7.53,-0.07956004,0.14994,0.0,1.0,3.0,1079.0,90.0,0.0,0.02999878,0.0,13.6,9.0,4.5,0.09205310373442764,-0.16427175151542373,-375.79554164051774,-137.44932235087612,2.630822047993653
9.0,57894.4,52.201555,-2.2057631,6.656000000000001,149.36,71.39,0.11,0.1,0.0,6.18,8.059998,4.779999,7.009995,24.70001,7.2,-0.04997993,0.08976007,0.0,0.0,3.0,1077.0,90.0,0.0,0.02999878,0.0,13.5,9.0,11.5,0.09422718063366725,-0.1590758927820245,-375.7013144598841,-137.60839824365814,2.606823770778731
9.0,57894.5,52.201554,-2.2057615,5.641,145.184,71.39,0.1,0.1,0.0,5.949997,7.790000999999999,4.599998,6.75,23.89999,6.97,-0.009180069,0.07956004,0.0,0.0,3.0,1116.0,90.0,0.0,0.02999878,0.0,13.7,9.0,12.0,0.08946357324596871,-0.1286445412048886,-375.61185088663814,-137.73704278486304,2.5339388212154472
9.0,57894.6,52.2015528,-2.2057599,5.98,143.20600000000002,71.4,0.1,0.1,0.0,6.0,7.829994,4.540001,6.599997999999999,23.39999,6.87,0.01937985,0.09995985,0.0,0.0,3.0,1300.0,90.0,0.0,0.02999878,0.0,13.7,9.0,12.0,0.09949054617144697,-0.1330207970847983,-375.51236034046667,-137.87006358194785,2.4994162086109997
8.0,57894.7,52.2015517,-2.2057580000000003,5.879,138.224,71.4,0.09,0.1,0.0,6.019997,7.899994,4.57,6.75,24.10001,6.87,0.06936002,0.1193398999999999,0.0,1.0,3.0,1430.0,90.0,0.0,0.02999878,0.0,13.7,9.0,12.0,0.10879745131424601,-0.12178595593430677,-375.4035628891524,-137.99184953788216,2.412463905276642
8.0,57894.8,52.2015506,-2.2057564,5.695,137.774,71.41,0.09,0.1,0.0,6.209999,8.159996000000001,4.790001,7.059997999999999,25.10001,7.09,0.1091398999999999,0.16014,0.0,1.0,3.0,1504.0,90.0,0.0,0.02999878,0.0,13.7,9.0,12.0,0.10631563417390771,-0.11714293910981682,-375.2972472549785,-138.10899247699197,2.4046099236426675
8.0,57894.9,52.201549500000006,-2.2057548,6.199,137.894,71.42,0.1,0.1,0.0,6.5,8.559998,5.1699980000000005,7.439995,25.39999,7.41,0.14994,0.14994,0.0,1.0,3.0,1532.0,90.0,0.0,-0.2000122,0.0,13.8,9.0,12.0,0.1154571179864836,-0.12775202778737435,-375.18179013699205,-138.23674450477935,2.406704318745061
8.0,57895.0,52.2015486,-2.2057526,6.584,131.942,71.44,0.11,0.1,0.0,6.849997999999999,8.809998,5.559998,7.860001,24.89999,7.82,0.1897199,0.09995985,0.0,1.0,3.0,1549.0,90.0,0.0,0.02999878,0.0,13.7,9.0,12.0,0.13603674243589467,-0.12223890700772155,-375.04575339455613,-138.35898341178708,2.3028223216663584
