No of GPS Satellites Available,Time Since Start of Day (seconds),Latitude (degrees),Longitude (degrees),Velocity (km/hr),Heading (degrees),Height (km),Vertical velocity (km/hr),Sample period (seconds),Steering Angle (degrees),Wheel Speed Front Left (rad/sec),Wheel Speed Front Right (rad/sec),Wheel Speed Rear Left (rad/sec),Wheel Speed Rear Right (rad/sec),Yaw Rate (deg/sec),Indicated Vehicle Speed (km/hr),Indicated Longitudinal Acceleration (g),Indicated Lateral Acceleration (g),Handbrake (0 or 1),Gear Requested (Number fof gear employed 1-5),Gear (Number fof gear employed 1-5),Engine Speed (rev/min),Coolant Temperature (degrees),Clutch Position (0 or 1),Brake Pressure (psi),Brake Position (0 or 1),Battery Voltage (volts),Air Temperature (degrees),Accelerator Pedal Position (0 or 1),dx,dy,x_cum,y_cum,heading_rad,speed_ms
136.0,58636.2,52.2332923,-2.1389871,86.61200000000001,20.315,74.93,-0.02,0.1,9.899963,86.3,86.28,86.48,86.06,0.0,86.21,0.0,-0.01938009,0.0,6.0,3.0,2145.0,87.0,0.0,0.0,0.0,13.7,10.5,13.5,0.8352793396162292,2.256237968497403,0.8352793396162292,2.256237968497403,0.3545636375426481,24.05888888888889
136.0,58636.3,52.2333124,-2.1389746,86.4,20.63,74.93,-0.02,0.1,9.899963,86.14,86.06,86.3,85.70999,-0.1000061,86.25,0.0,-0.01938009,0.0,6.0,3.0,2146.0,87.0,0.0,0.0,0.0,13.7,10.5,16.0,0.8455961274705968,2.2461004405873597,1.680875467086826,4.5023384090847625,0.36006142468643015,24.0
136.0,58636.4,52.2333326,-2.1389621,86.55799999999999,20.774,74.93,-0.02,0.1,9.899963,86.17999,86.19,86.31,85.73999,-0.2999877999999999,86.18999000000001,0.0,-0.01938009,0.0,6.0,3.0,2144.0,87.0,0.0,0.0,0.0,13.7,10.5,16.5,0.8527951800488625,2.2480716870015005,2.5336706471356885,6.750410096086263,0.36257469880930204,24.043888888888887
136.0,58636.5,52.2333528,-2.1389496,86.544,20.774,74.94,-0.01,0.1,9.899963,86.28,86.25,86.40999000000001,85.84,-0.1999817,86.22,0.0,-0.02958012,0.0,6.0,3.0,2143.0,87.0,0.0,0.0,0.0,13.7,10.5,16.5,0.8526572478817528,2.2477080810538355,3.386327895017441,8.998118177140098,0.36257469880930204,24.04
136.0,58636.6,52.233373,-2.1389372,86.411,20.707,74.92,-0.03,0.1,9.899963,86.42,86.45999,86.37999,86.0,-0.1000061,86.27,0.0,-0.01938009,0.0,6.0,3.0,2142.0,87.0,0.0,0.0,0.0,13.7,10.5,17.5,0.848721946376008,2.2452478299222527,4.235049841393449,11.24336600706235,0.36140532821046584,24.003055555555555
136.0,58636.7,52.2333932,-2.1389247,86.41799999999999,20.777,74.91,-0.03,0.1,9.899963,86.31999,86.31999,86.33,85.70999,-0.2999877999999999,86.35,0.009180069,-0.009180069,0.0,6.0,3.0,2150.0,87.0,0.0,0.0,0.0,13.6,10.5,20.0,0.8515333755852569,2.244391044418146,5.086583216978706,13.487757051480497,0.36262705868686185,24.004999999999995
136.0,58636.8,52.2334134,-2.1389124,86.512,20.715,74.9,-0.03,0.1,9.899963,86.44,86.39,86.59999,86.00999,-0.1999817,86.36,0.01937985,-0.01938009,0.0,6.0,3.0,2140.0,87.0,0.0,0.0,0.0,13.7,10.5,21.5,0.8500278141936551,2.2477534845802896,5.936611031172362,15.735510536060787,0.36154495455062535,24.03111111111111
136.0,58636.9,52.2334337,-2.1388997999999995,86.735,20.846,74.89,-0.04,0.1,9.599976,86.58,86.67999,86.67,86.25,-0.1000061,86.50999,0.01937985,-0.009180069,0.0,6.0,3.0,2157.0,87.0,0.0,0.0,0.0,13.6,10.5,23.0,0.8573691482530199,2.2515930812770666,6.793980179425382,17.98710361733785,0.36383133587073796,24.093055555555555
136.0,58637.0,52.2334539,-2.1388873,86.67,20.753,74.89,-0.04,0.1,9.200012,86.72,86.67999,86.59,86.06,-0.1000061,86.71,0.01937985,-0.009180069,0.0,6.0,3.0,2162.0,87.0,0.0,0.0,0.0,13.6,10.5,24.0,0.8530735525931665,2.2512933535783546,7.6470537320185485,20.238396970916206,0.3622081796663832,24.075
136.0,58637.1,52.2334743,-2.1388749,86.904,20.679,74.87,-0.06,0.1,8.700012,86.95,86.84,86.89999,86.42999,0.0,86.84,0.0397799,-0.01938009,0.0,6.0,3.0,2154.0,87.0,0.0,0.0,0.0,13.7,10.5,25.5,0.852460556027221,2.2584744852262024,8.49951428804577,22.496871456142408,0.36091663601990737,24.139999999999997
136.0,58637.2,52.2334945,-2.138862,86.944,21.089,74.88,-0.04,0.1,8.399963,87.06,87.06,87.12,86.70999,0.3000183,87.00999,0.0397799,0.0,0.0,6.0,3.0,2159.0,87.0,0.0,0.0,0.0,13.7,10.5,26.0,0.8689996944908636,2.2533533255987908,9.368513982536633,24.7502247817412,0.3680724859530841,24.15111111111111
136.0,58637.3,52.2335148,-2.1388492,87.199,21.125,74.88,-0.04,0.1,8.200012,87.15999000000001,87.23,87.19,86.81,0.2000122,87.09,0.0397799,0.0,0.0,6.0,3.0,2169.0,87.0,0.0,0.0,0.0,13.7,10.5,26.0,0.8729682071303595,2.2594141798344842,10.241482189666993,27.009638961575682,0.3687008044838021,24.221944444444443
136.0,58637.4,52.233535,-2.1388362,87.29299999999999,21.173,74.9,-0.01,0.1,8.299988,87.34999,87.31,87.3,86.7,0.2000122,87.27,0.0397799,0.0,0.0,6.0,3.0,2172.0,87.0,0.0,0.0,0.0,13.6,10.5,26.0,0.8758038376083418,2.2611168966428044,11.117286027275334,29.270755858218486,0.36953856252475936,24.248055555555553
136.0,58637.5,52.2335554,-2.1388236,87.34299999999999,21.069000000000003,74.88,-0.03,0.1,8.299988,87.67,87.67999,87.61,87.14,0.2000122,87.41,0.0397799,0.0,0.0,6.0,3.0,2166.0,87.0,0.0,0.0,0.0,13.6,10.5,26.0,0.8721974423035598,2.263998918703853,11.989483469578893,31.534754776922338,0.3677234201026853,24.261944444444442
136.0,58637.6,52.233576,-2.1388109,87.79,20.849,74.88,-0.03,0.1,8.299988,87.65999000000001,87.72,87.31,86.98999,0.3000183,87.75,0.0397799,0.009180069,0.0,6.0,3.0,2173.0,87.0,0.0,0.0,0.0,13.7,10.5,26.0,0.867917072237747,2.278934862376024,12.85740054181664,33.81368963929836,0.36388369574829776,24.386111111111113
136.0,58637.7,52.2335964,-2.1387984,87.523,20.791,74.87,-0.03,0.1,8.299988,87.92999,87.81999,87.98999,87.34999,0.0,87.75,0.04997993,0.0,0.0,6.0,3.0,2188.0,87.0,0.0,0.0,0.0,13.6,10.5,26.0,0.8629770619065182,2.272878575137863,13.720377603723158,36.08656821443623,0.3628714047821411,24.311944444444443
136.0,58637.8,52.233617,-2.1387858,88.056,20.619,74.87,-0.02,0.1,8.299988,88.00999,87.98999,88.08,87.64999,0.3000183,87.95,0.04997993,0.0,0.0,6.0,3.0,2177.0,87.0,0.0,0.0,0.0,13.7,10.5,26.0,0.8613638853161731,2.2893161112159732,14.58174148903933,38.3758843256522,0.3598694384687108,24.459999999999997
136.0,58637.9,52.2336377,-2.1387733,88.081,20.561,74.85,-0.04,0.1,8.5,88.14,88.12,88.17999,87.90999000000001,0.2000122,88.13,0.0397799,0.0,0.0,6.0,3.0,2191.0,87.0,0.0,0.0,0.0,13.6,10.5,26.0,0.8592898823123285,2.290837096484814,15.44103137135166,40.666721422137016,0.3588571475025541,24.466944444444444
136.0,58638.0,52.2336584,-2.1387608,88.47,20.52,74.82,-0.06,0.1,8.599976,88.48999,88.42,88.17,87.76999,0.2000122,88.3,0.0397799,-0.009180069,0.0,6.0,3.0,2204.0,87.0,0.0,0.0,0.0,13.7,10.5,26.0,0.8614380918700189,2.301571346683683,16.302469463221676,42.968292768820696,0.3581415625092364,24.575
136.0,58638.1,52.2336792,-2.1387485,88.495,20.212,74.8,-0.07,0.1,8.5,88.51999,88.53999,88.62999,88.06999,0.0,88.46,0.0397799,-0.009180069,0.0,6.0,3.0,2192.0,87.0,0.0,0.0,0.0,13.6,10.5,26.0,0.8492932724361908,2.306820509725921,17.15176273565787,45.27511327854662,0.3527659484130939,24.581944444444446
136.0,58638.2,52.2336998,-2.1387356,88.484,20.757,74.81,-0.07,0.1,8.700012,88.62,88.67,88.67,88.31999,0.2000122,88.68999000000001,0.04997993,0.0,0.0,6.0,3.0,2201.0,87.0,0.0,0.0,0.0,13.6,10.5,26.0,0.8710888089005183,2.2983520350746387,18.022851544558385,47.573465313621256,0.362277992836463,24.578888888888887
136.0,58638.3,52.233720700000006,-2.1387234000000004,88.819,20.169,74.77,-0.09,0.1,8.700012,88.90999000000001,88.86,88.87,88.23,0.1000061,88.77,0.0397799,0.0,0.0,6.0,3.0,2217.0,87.0,0.0,0.0,0.0,13.7,10.5,22.0,0.8506648974304559,2.315905364857805,18.87351644198884,49.88937067847906,0.35201545683473634,24.671944444444446
135.0,58638.4,52.2337414,-2.1387104,88.999,20.65,74.79,-0.07,0.1,8.799988,88.92,89.0,89.03999,88.5,0.3000183,88.93999000000001,0.0397799,-0.009180069,0.0,6.0,3.0,2196.0,87.0,0.0,0.0,0.0,13.6,10.5,17.5,0.8718400887481903,2.313361240877335,19.74535653073703,52.202731919356395,0.36041049053682905,24.721944444444443
135.0,58638.5,52.2337623,-2.1386977000000003,89.226,20.576,74.76,-0.09,0.1,9.200012,89.06999,89.12,89.12,88.76999,0.3999939,89.07999000000001,0.02957988,0.0,0.0,6.0,3.0,2217.0,87.0,0.0,0.0,0.0,13.7,10.5,16.5,0.8710676398995864,2.3203886348454144,20.616424170636616,54.52312055420181,0.35911894689035323,24.785
135.0,58638.6,52.2337832,-2.1386851000000004,89.27600000000001,20.459,74.75,-0.09,0.1,9.399963,89.2,89.03999,89.28999,88.65999000000001,-0.1000061,89.09,0.01937985,-0.009180069,0.0,6.0,3.0,2215.0,87.0,0.0,0.0,0.0,13.7,10.5,16.5,0.8668129798173425,2.323463827834371,21.48323715045396,56.846584382036184,0.35707691166551986,24.79888888888889
135.0,58638.7,52.23380410000001,-2.1386721,89.381,20.71,74.76,-0.07,0.1,9.599976,89.12999,89.20999,89.36,88.90999000000001,-0.1999817,89.24,0.009180069,-0.009180069,0.0,6.0,3.0,2207.0,87.0,0.0,0.0,0.0,13.7,10.5,16.5,0.8780146497086758,2.322372429563028,22.361251800162634,59.16895681159921,0.36145768808802564,24.828055555555554
135.0,58638.8,52.233825,-2.1386595,89.48200000000001,20.423,74.74,-0.09,0.1,9.5,89.20999,89.26999,89.37,88.98,0.0,89.24,0.0,-0.009180069,0.0,6.0,3.0,2214.0,87.0,0.0,0.0,0.0,13.7,10.5,16.5,0.8673496929683528,2.3293705385332575,23.228601493130988,61.49832735013246,0.35644859313480187,24.856111111111115
136.0,58638.9,52.2338459,-2.1386467,89.35600000000001,20.586,74.73,-0.08,0.1,9.5,89.34,89.2,89.36,88.62999,0.0,89.28,0.009180069,-0.01938009,0.0,6.0,3.0,2219.0,87.0,0.0,0.0,0.0,13.7,10.5,16.5,0.8727423241521018,2.3236170948619788,24.10134381728309,63.82194444499444,0.35929347981555265,24.82111111111111
136.0,58639.0,52.2338668,-2.1386338,89.561,20.724,74.73,-0.08,0.1,9.5,89.33,89.42999,89.48,89.00999,0.0,89.28,0.009180069,-0.01938009,0.0,6.0,3.0,2214.0,87.0,0.0,0.0,0.0,13.7,10.5,16.5,0.8803514193802228,2.326834300213127,24.981695236663313,66.14877874520757,0.3617020341833049,24.878055555555555
135.0,58639.1,52.2338879,-2.1386211,89.741,20.452,74.71,-0.09,0.1,9.5,89.37,89.37999,89.42999,88.86,-0.1999817,89.4,0.0,0.0,0.0,6.0,3.0,2215.0,87.0,0.0,0.0,0.0,13.6,10.5,16.5,0.871042483345217,2.335672179484193,25.85273772000853,68.48445092469176,0.3569547386178803,24.928055555555556
136.0,58639.2,52.2339089,-2.1386085999999995,89.53200000000001,20.371,74.68,-0.11,0.1,9.5,89.39999,89.33,89.51999,88.87,-0.1000061,89.43,0.009180069,-0.009180069,0.0,6.0,3.0,2224.0,87.0,0.0,0.0,0.0,13.7,10.5,14.0,0.8657187352974813,2.331458786115451,26.71845645530601,70.8159097108072,0.35554102192376486,24.87
136.0,58639.3,52.23392979999999,-2.1385957,89.824,20.462,74.69,-0.09,0.1,9.5,89.5,89.55,89.56999,89.25,-0.1000061,89.46,0.0,-0.009180069,0.0,6.0,3.0,2216.0,87.0,0.0,0.0,0.0,13.7,10.5,11.5,0.8722561119025427,2.3376802031156405,27.590712567208556,73.15358991392284,0.3571292715430797,24.95111111111111
136.0,58639.4,52.23395070000001,-2.1385826,89.67200000000001,20.861,74.69,-0.09,0.1,9.399963,89.5,89.53999,89.53999,88.98,0.0,89.49,0.0,-0.009180069,0.0,6.0,3.0,2214.0,87.0,0.0,0.0,0.0,13.7,10.5,11.0,0.8870105746724205,2.3276038531522985,28.477723141880976,75.48119376707514,0.3640931352585371,24.908888888888892
136.0,58639.5,52.2339715,-2.1385695,89.507,20.925,74.69,-0.07,0.1,9.299988,89.48,89.47,89.64,88.94,0.1000061,89.42,0.0,-0.009180069,0.0,6.0,3.0,2224.0,87.0,0.0,-0.230011,0.0,13.6,10.5,11.0,0.8879730619407025,2.3223305442710074,29.365696203821678,77.80352431134615,0.3652101459798135,24.863055555555555
136.0,58639.6,52.233992400000005,-2.1385563,89.654,20.917,74.71,-0.06,0.1,9.299988,89.37999,89.37,89.59999,89.22,0.0,89.39,0.0,-0.009180069,0.0,6.0,3.0,2224.0,87.0,0.0,0.0,0.0,13.7,10.5,11.0,0.8891066067060855,2.326268741958423,30.254802810527764,80.12979305330458,0.3650705196396539,24.903888888888886
136.0,58639.7,52.2340133,-2.1385435,89.59299999999999,20.842,74.7,-0.06,0.1,9.299988,89.39999,89.33,89.53999,89.00999,0.0,89.47,0.0,-0.009180069,0.0,6.0,3.0,2216.0,87.0,0.0,0.0,0.0,13.7,10.5,11.0,0.8854578971852508,2.325847017781031,31.140260707713015,82.45564007108561,0.36376152270065815,24.886944444444442
136.0,58639.8,52.2340343,-2.1385308,89.755,20.554,74.68,-0.07,0.1,9.299988,89.42999,89.44,89.56,88.98,0.0,89.38,0.0,-0.009180069,0.0,6.0,3.0,2223.0,87.0,0.0,0.0,0.0,13.7,10.5,10.0,0.8753356832027029,2.3344819509948453,32.01559639091572,84.79012202208045,0.3587349744549145,24.931944444444444
136.0,58639.9,52.23405520000001,-2.1385177000000004,89.58200000000001,20.816,74.68,-0.06,0.1,9.299988,89.31,89.33,89.42999,89.19,-0.1000061,89.32,-0.009180069,0.0,0.0,6.0,3.0,2221.0,87.0,0.0,0.0,0.0,13.7,10.5,9.0,0.8842937854898006,2.3259629754769957,32.89989017640552,87.11608499755745,0.36330773709513964,24.88388888888889
136.0,58640.0,52.234076,-2.1385045000000003,89.456,20.954,74.7,-0.04,0.1,9.299988,89.31,89.19,89.48999,88.86,0.0,89.3,-0.009180069,-0.009180069,0.0,6.0,3.0,2211.0,87.0,0.0,0.0,0.0,13.7,10.5,8.5,0.8886417593278589,2.32055782382214,33.78853193573338,89.43664282137959,0.3657162914628918,24.84888888888889
136.0,58640.1,52.2340968,-2.1384913,89.536,21.129,74.7,-0.03,0.1,9.299988,89.37,89.39,89.47,88.87999,-0.1000061,89.23,-0.009180069,-0.009180069,0.0,6.0,3.0,2212.0,87.0,0.0,0.0,0.0,13.7,10.5,8.5,0.8965263859815791,2.319905627013986,34.68505832171496,91.75654844839357,0.3687706176538819,24.871111111111112
136.0,58640.2,52.2341178,-2.1384788,89.51799999999999,20.533,74.67,-0.06,0.1,9.299988,89.17,89.17999,89.37,89.08,0.0,89.32999000000001,-0.009180069,-0.009180069,0.0,6.0,3.0,2222.0,87.0,0.0,0.0,0.0,13.7,10.5,7.0,0.8721709089533491,2.328637525137118,35.55722923066831,94.08518597353068,0.3583684553119957,24.866111111111106
136.0,58640.3,52.2341386,-2.1384657,89.38799999999999,20.971,74.67,-0.05,0.1,9.299988,89.12,89.12,89.42999,88.8,0.0,89.1,-0.009180069,0.0,0.0,6.0,3.0,2208.0,87.0,0.0,0.0,0.0,13.7,10.5,4.5,0.8886542189694799,2.3185302842766027,36.44588344963779,96.40371625780729,0.36601299743573085,24.83
136.0,58640.4,52.2341595,-2.1384528,89.464,20.726,74.68,-0.04,0.1,9.299988,89.25,89.17999,89.39999,88.70999,-0.2999877999999999,89.09,-0.01938009,-0.009180069,0.0,6.0,3.0,2206.0,87.0,0.0,0.0,0.0,13.7,10.5,4.0,0.8794790786847551,2.324283499215127,37.32536252832254,98.72799975702242,0.36173694076834473,24.85111111111111
136.0,58640.5,52.2341804,-2.13844,89.449,20.734,74.66,-0.06,0.1,9.099976,89.17999,89.14,88.95,88.81,-0.1000061,89.24,-0.02958012,-0.02958012,0.0,6.0,3.0,2221.0,87.0,0.0,0.0,0.0,13.7,10.5,4.0,0.8796560888570849,2.323770997234827,38.205018617179626,101.05177075425725,0.3618765671085043,24.846944444444443
136.0,58640.6,52.2342012,-2.1384271,89.01,20.863000000000003,74.64,-0.07,0.1,9.099976,89.08,88.92,89.31,88.53999,0.6000061,88.96,-0.01938009,-0.02958012,0.0,6.0,3.0,2212.0,87.0,0.0,0.0,0.0,13.7,10.5,4.0,0.8805429024716812,2.3103896742555676,39.08556151965131,103.36216042851282,0.36412804184357705,24.725
136.0,58640.7,52.234222,-2.1384142,89.32,20.763,74.64,-0.06,0.1,9.299988,88.84999,88.81,89.17,88.70999,0.3000183,88.82999000000001,-0.01938009,-0.009180069,0.0,6.0,3.0,2199.0,87.0,0.0,0.0,0.0,13.7,10.5,4.0,0.8795618391754181,2.3199748526105557,39.96512335882672,105.68213528112338,0.36238271259158267,24.81111111111111
136.0,58640.8,52.2342429,-2.1384012,89.39200000000001,20.834,74.65,-0.04,0.1,9.299988,88.78,88.78,88.95999,88.75,-0.1000061,88.79,-0.01938009,0.0,0.0,6.0,3.0,2209.0,87.0,0.0,0.0,0.0,13.7,10.5,3.5,0.8831473615773322,2.320752362459738,40.84827072040405,108.00288764358312,0.36362189636049863,24.831111111111113
136.0,58640.9,52.2342637,-2.1383884,89.118,20.71,74.63,-0.06,0.1,9.299988,88.89,88.8,88.92999,88.22,-0.1000061,88.71,-0.02958012,0.0,0.0,6.0,3.0,2208.0,87.0,0.0,0.0,0.0,13.7,10.5,3.5,0.8754311268920439,2.3155389420324,41.7237018472961,110.31842658561553,0.36145768808802564,24.755
136.0,58641.0,52.2342844,-2.1383755000000004,88.988,20.889,74.61,-0.07,0.1,9.299988,88.78999,88.81,88.78,88.3,-0.1000061,88.75999,-0.01938009,0.0,0.0,6.0,3.0,2198.0,87.0,0.0,0.0,0.0,13.7,10.5,5.0,0.8813733364060472,2.3094189141177526,42.60507518370215,112.62784549973328,0.3645818274490955,24.718888888888888
136.0,58641.1,52.2343052,-2.138363,88.744,20.559,74.6,-0.08,0.1,9.299988,88.56999,88.59,88.76999,88.44,0.0,88.65,-0.01938009,-0.009180069,0.0,6.0,3.0,2205.0,87.0,0.0,0.0,0.0,13.7,10.5,13.0,0.865677329150353,2.3081108188123394,43.4707525128525,114.93595631854562,0.35882224091751425,24.65111111111111
136.0,58641.2,52.234326,-2.1383500000000004,88.999,20.819000000000003,74.59,-0.07,0.1,9.299988,88.59,88.56999,88.87,88.09,0.2000122,88.5,-0.01938009,-0.009180069,0.0,6.0,3.0,2225.0,87.0,0.0,0.0,0.0,13.7,10.5,16.5,0.878659791479209,2.310779596149249,44.34941230433171,117.24673591469487,0.3633600969726995,24.721944444444443
136.0,58641.3,52.2343468,-2.1383375,88.87299999999999,20.461,74.57,-0.09,0.1,9.299988,88.59999,88.67999,88.70999,88.23,0.2000122,88.6,-0.009180069,0.0,0.0,6.0,3.0,2191.0,87.0,0.0,0.0,0.0,13.6,10.5,17.5,0.8629808445813536,2.3129453780659235,45.21239314891306,119.55968129276079,0.35711181825055976,24.686944444444443
136.0,58641.4,52.2343675,-2.1383247,88.848,20.702,74.55,-0.09,0.1,9.299988,88.64,88.67999,88.7,88.39999,0.3000183,88.72,0.0,0.0,0.0,6.0,3.0,2213.0,87.0,0.0,0.0,0.0,13.6,10.5,20.0,0.8724565019062274,2.3086454150175486,46.08484965081929,121.86832670777834,0.3613180617478661,24.68
136.0,58641.5,52.2343881,-2.1383117,88.632,21.012,74.56,-0.08,0.1,9.299988,88.73999,88.70999,88.87,88.12999,0.0,88.66,0.0,0.0,0.0,6.0,3.0,2210.0,87.0,0.0,0.0,0.0,13.7,10.5,20.5,0.8827832639063635,2.298290170750166,46.96763291472565,124.1666168785285,0.36672858242904854,24.62
136.0,58641.6,52.234409,-2.1382992,89.05,20.441,74.53,-0.1,0.1,9.299988,88.78999,88.81999,88.83,88.36,0.0,88.77,0.0,-0.009180069,0.0,6.0,3.0,2203.0,87.0,0.0,0.0,0.0,13.6,10.5,22.0,0.8638905315361118,2.3178535498461934,47.83152344626176,126.48447042837469,0.35676275240016087,24.73611111111111
136.0,58641.7,52.2344297,-2.1382863,88.87299999999999,20.792,74.52,-0.1,0.1,9.299988,88.83,88.84,88.86,88.48,0.2000122,88.84,0.009180069,0.0,0.0,6.0,3.0,2212.0,87.0,0.0,0.0,0.0,13.6,10.5,23.5,0.8763283472144308,2.30792133485942,48.707851793476195,128.79239176323412,0.36288885807466104,24.686944444444443
136.0,58641.8,52.2344505,-2.1382735,89.057,20.65,74.52,-0.1,0.1,9.299988,88.98,88.95,89.14,88.34999,0.0,88.88,0.01937985,0.0,0.0,6.0,3.0,2217.0,87.0,0.0,0.0,0.0,13.7,10.5,24.0,0.8724082605832377,2.3148688415466783,49.58026005405943,131.1072606047808,0.36041049053682905,24.738055555555555
136.0,58641.9,52.2344714,-2.1382608,89.20100000000001,20.605,74.5,-0.11,0.1,9.299988,89.19,89.14,89.15999000000001,88.73,-0.1000061,89.11,0.02957988,-0.009180069,0.0,6.0,3.0,2214.0,87.0,0.0,0.0,0.0,13.6,10.5,25.0,0.8719975912955498,2.3192974306709213,50.452257645354976,133.42655803545173,0.3596250923734316,24.778055555555557
136.0,58642.0,52.2344922,-2.1382479,89.165,20.755,74.49,-0.11,0.1,9.299988,89.37,89.37999,89.33,88.98,0.0,89.39,0.02957988,-0.01938009,0.0,6.0,3.0,2220.0,87.0,0.0,-0.230011,0.0,13.6,10.5,26.5,0.8777121299047409,2.3160714965322096,51.32996977525972,135.74262953198394,0.3622430862514231,24.768055555555556
136.0,58642.1,52.2345131,-2.1382351,89.42,20.572,74.46,-0.12,0.1,9.299988,89.53999,89.56999,89.62,88.89,0.0,89.43,0.0397799,0.0,0.0,6.0,3.0,2228.0,87.0,0.0,0.0,0.0,13.6,10.5,27.5,0.8727992142937953,2.3254946879908824,52.20276898955351,138.0681242199748,0.3590491337202735,24.83888888888889
136.0,58642.2,52.234534,-2.1382222,89.662,20.802,74.45,-0.12,0.1,9.299988,89.72,89.65999000000001,89.69,89.33,-0.1000061,89.66,0.0397799,-0.009180069,0.0,6.0,3.0,2222.0,87.0,0.0,0.0,0.0,13.6,10.5,27.5,0.8845146182235006,2.328256342617595,53.08728360777701,140.3963805625924,0.3630633909998604,24.906111111111112
136.0,58642.3,52.234555,-2.1382092,89.65799999999999,20.758000000000003,74.45,-0.11,0.1,9.299988,89.97,89.84999,89.89,89.53999,0.0,89.88,0.0397799,-0.01938009,0.0,6.0,3.0,2226.0,87.0,0.0,0.0,0.0,13.6,10.5,27.5,0.882687004888097,2.328831016068293,53.96997061266511,142.72521157866072,0.36229544612898296,24.904999999999994
136.0,58642.4,52.2345759,-2.1381962000000003,89.914,20.872,74.44,-0.11,0.1,9.299988,90.09,90.12,90.14999,89.5,0.1000061,90.04,0.04997993,-0.01938009,0.0,6.0,3.0,2242.0,87.0,0.0,0.0,0.0,13.6,10.5,28.0,0.8898524290502788,2.3337146176983588,54.85982304171539,145.05892619635907,0.36428512147625647,24.97611111111111
136.0,58642.5,52.234597,-2.1381832,90.187,20.717,74.42,-0.12,0.1,9.399963,90.14999,90.2,90.26999,89.92999,0.0,90.18999,0.04997993,0.0,0.0,6.0,3.0,2241.0,87.0,0.0,0.0,0.0,13.6,10.5,28.0,0.8862184972037707,2.3432063459476207,55.74604153891916,147.40213254230667,0.3615798611356652,25.051944444444445
136.0,58642.6,52.2346183,-2.1381706000000005,90.601,20.347,74.39,-0.13,0.1,9.700012,90.5,90.36,90.56,90.03,-0.1000061,90.31,0.04997993,0.0,0.0,6.0,3.0,2247.0,87.0,0.0,0.0,0.0,13.6,10.5,28.0,0.8750669637286101,2.3596628436470164,56.62110850264777,149.7617953859537,0.35512214290328625,25.166944444444443
136.0,58642.7,52.2346394,-2.1381573,90.504,20.812,74.39,-0.12,0.1,10.0,90.7,90.72,90.65999,90.08,-0.2999877999999999,90.57,0.04997993,-0.009180069,0.0,6.0,3.0,2242.0,87.0,0.0,-0.230011,0.0,13.7,10.5,28.0,0.8932310985421075,2.3499647241176325,57.51433960118988,152.11176011007132,0.3632379239250599,25.14
136.0,58642.8,52.2346607,-2.1381446,90.702,20.45,74.35,-0.15,0.1,10.09998,90.89999,90.87,90.72,90.33,-0.3999939,90.95,0.0397799,-0.01938009,0.0,6.0,3.0,2261.0,87.0,0.0,0.0,0.0,13.6,10.5,27.5,0.8802877203439672,2.360714675561539,58.39462732153385,154.47247478563287,0.3569198320328404,25.195
136.0,58642.9,52.234682,-2.1381315,91.004,20.601,74.33,-0.15,0.1,10.0,91.12,91.12,91.14999,90.37,-0.1000061,91.00999,0.04997993,-0.03978014,0.0,6.0,3.0,2270.0,87.0,0.0,0.0,0.0,13.7,10.5,26.5,0.8894578924470894,2.366238976124661,59.28408521398094,156.83871376175753,0.35955527920335184,25.27888888888889
136.0,58643.0,52.234703200000006,-2.1381183,91.148,20.838,74.32,-0.15,0.1,10.39996,91.22,91.20999,91.28999,90.73999,-0.1000061,91.17,0.04997993,-0.02958012,0.0,6.0,3.0,2260.0,87.0,0.0,0.0,0.0,13.7,10.5,26.5,0.9006609454080972,2.3662779226235457,60.184746159389036,159.20499168438107,0.3636917095305784,25.318888888888885
136.0,58643.1,52.2347245,-2.1381050000000004,91.3,20.918000000000003,74.32,-0.13,0.1,10.79999,91.39999,91.37999,91.40999,90.97,-0.5,91.37,0.04997993,-0.02958012,0.0,6.0,3.0,2260.0,87.0,0.0,0.0,0.0,13.7,10.5,26.5,0.9054714798632543,2.3689620020286273,61.09021763925229,161.5739536864097,0.3650879729321739,25.36111111111111
136.0,58643.2,52.2347459,-2.1380917,91.624,20.887,74.31,-0.13,0.1,11.0,91.59,91.65999,91.7,90.87999,-0.6999816999999999,91.46,0.04997993,-0.03978014,0.0,6.0,3.0,2283.0,87.0,0.0,0.0,0.0,13.7,10.5,26.0,0.9073983498354518,2.3778601310037426,61.99761598908774,163.95181381741344,0.3645469208640556,25.45111111111111
136.0,58643.3,52.2347672,-2.1380783,91.656,20.873,74.3,-0.13,0.1,11.0,91.75,91.72,91.8,91.31,-0.3999939,91.78,0.0397799,-0.03978014,0.0,6.0,3.0,2285.0,87.0,0.0,0.0,0.0,13.7,10.5,25.5,0.9071340110049774,2.3789123325751254,62.90475000009272,166.33072614998855,0.3643025747687764,25.46
136.0,58643.4,52.2347886,-2.1380649000000003,91.876,21.031,74.28,-0.14,0.1,10.89996,92.03999,91.95999,92.09999,91.45999,-0.2999877999999999,91.9,0.04997993,-0.03978014,0.0,6.0,3.0,2287.0,87.0,0.0,0.0,0.0,13.7,10.5,24.5,0.9158838031572485,2.3821057874433293,63.82063380324997,168.71283193743187,0.36706019498692743,25.52111111111111
136.0,58643.5,52.2348101,-2.1380515,92.131,20.974,74.26,-0.14,0.1,10.89996,92.14999,92.2,92.15999,91.50999,-0.5,92.06,0.0397799,-0.01938009,0.0,6.0,3.0,2280.0,87.0,0.0,0.0,0.0,13.7,10.5,22.5,0.9160489803022975,2.38962977679858,64.73668278355227,171.10246171423046,0.3660653573132907,25.591944444444444
136.0,58643.6,52.2348317,-2.1380380000000003,92.394,21.094,74.24,-0.15,0.1,10.89996,92.26999,92.23,92.33,91.83,-0.2999877999999999,92.28,0.0397799,-0.01938009,0.0,6.0,3.0,2288.0,87.0,0.0,0.0,0.0,13.7,10.5,20.5,0.923681059349015,2.3945219879132202,65.66036384290129,173.49698370214367,0.3681597524156839,25.665
136.0,58643.7,52.234853300000005,-2.1380245,92.48,21.103,74.22,-0.15,0.1,10.89996,92.45,92.39,92.62999,91.78,-0.5,92.37,0.02957988,-0.02958012,0.0,6.0,3.0,2287.0,87.0,0.0,0.0,0.0,13.7,10.5,18.5,0.9249172876557173,2.3966055441921146,66.58528113055701,175.89358924633578,0.3683168320483634,25.68888888888889
136.0,58643.8,52.23487479999999,-2.138011,92.434,21.05,74.19,-0.16,0.1,10.89996,92.56,92.53,92.59,92.14,-0.3999939,92.56,0.01937985,-0.03978014,0.0,6.0,3.0,2301.0,87.0,0.0,0.0,0.0,13.7,10.5,15.0,0.9222410179694255,2.3962675816101906,67.50752214852643,178.28985682794598,0.3673918075448064,25.67611111111111
136.0,58643.9,52.2348967,-2.137998,92.92,20.674,74.13,-0.2,0.1,10.70001,92.70999,92.56,92.73,92.12999,-0.1999817,92.52,0.009180069,-0.03978014,0.0,6.0,3.0,2304.0,87.0,0.0,0.0,0.0,13.7,10.5,13.5,0.9112620943480376,2.414898748044245,68.41878424287447,180.70475557599022,0.36082936955730766,25.81111111111111
136.0,58644.0,52.234918500000006,-2.1379846,93.154,20.694000000000003,74.09,-0.23,0.1,10.09998,92.56999,92.58,92.69,92.06,-0.3999939,92.57999,0.0,-0.02958012,0.0,6.0,3.0,2299.0,87.0,0.0,0.0,0.0,13.7,10.5,13.0,0.9144019472341859,2.4206611372185094,69.33318619010865,183.12541671320872,0.3611784354077066,25.876111111111108
136.0,58644.1,52.2349401,-2.1379710000000003,93.006,21.046,74.06,-0.23,0.1,9.599976,92.59,92.62999,92.75999,92.37,-0.3999939,92.64,0.0,-0.009180069,0.0,6.0,3.0,2296.0,87.0,0.0,0.0,0.0,13.7,10.5,12.5,0.9277797005229176,2.4111609397337226,70.26096589063157,185.53657765294244,0.36732199437472657,25.835
136.0,58644.2,52.2349615,-2.1379568,92.725,21.559,74.07,-0.2,0.1,9.299988,92.62999,92.69,92.86,92.03999,-0.1000061,92.54,0.0,0.0,0.0,6.0,3.0,2295.0,87.0,0.0,0.0,0.0,13.7,10.5,12.0,0.9464624252510913,2.3954980168494813,71.20742831588265,187.9320756697919,0.3762755334374575,25.756944444444443
136.0,58644.3,52.2349829,-2.1379428,92.509,21.744,74.07,-0.18,0.1,9.0,92.47,92.51999,92.67999,92.11,0.0,92.65,0.0,0.0,0.0,6.0,3.0,2289.0,87.0,0.0,0.0,0.0,13.7,10.5,12.0,0.9519694427137484,2.3868564510560577,72.1593977585964,190.31893212084796,0.379504392553647,25.696944444444444
136.0,58644.4,52.2350046,-2.1379292000000003,92.948,21.269,74.05,-0.18,0.1,8.700012,92.72,92.5,92.87999,92.31999,0.2000122,92.6,-0.009180069,0.0,0.0,6.0,3.0,2306.0,87.0,0.0,0.0,0.0,13.7,10.5,12.0,0.9365726653038662,2.4060303150986093,73.09597042390027,192.72496243594657,0.37121407860667394,25.818888888888885
136.0,58644.5,52.2350262,-2.1379154,92.938,21.429,74.02,-0.19,0.1,8.5,92.76999,92.75,92.69,92.25,0.3999939,92.61,0.0,-0.009180069,0.0,6.0,3.0,2305.0,87.0,0.0,0.0,0.0,13.7,10.5,12.0,0.9431864233725945,2.403146957590809,74.03915684727286,195.1281093935374,0.37400660540986486,25.816111111111113
136.0,58644.6,52.235048,-2.1379019999999995,93.031,21.077,73.98,-0.21,0.1,8.299988,92.70999,92.65999,92.7,92.37999,0.6000061,92.68999,0.0,0.0,0.0,6.0,3.0,2305.0,87.0,0.0,0.0,0.0,13.7,10.5,12.0,0.9293338659602141,2.411306594416599,74.96849071323308,197.539415987954,0.36786304644284484,25.841944444444444
136.0,58644.7,52.2350696,-2.1378885000000003,92.869,21.104,73.94,-0.23,0.1,8.200012,92.59999,92.70999,92.81,92.15999,0.6000061,92.65,0.0,0.009180069,0.0,6.0,3.0,2296.0,87.0,0.0,0.0,0.0,13.7,10.5,12.0,0.9288497854651836,2.4066702106310314,75.89734049869827,199.94608619858502,0.3683342853408833,25.796944444444442
136.0,58644.8,52.2350913,-2.1378749,93.046,21.134,73.91,-0.24,0.1,8.200012,92.58,92.64,92.78999,92.37,0.3999939,92.68999,0.0,0.01937985,0.0,6.0,3.0,2297.0,87.0,0.0,0.0,0.0,13.7,10.5,12.0,0.9318824936466141,2.41076950655055,76.82922299234488,202.35685570513556,0.3688578841164816,25.846111111111114
136.0,58644.9,52.235113,-2.1378611,93.107,21.154,73.9,-0.23,0.1,8.200012,92.69,92.59,92.90999,92.37999,0.7000122,92.56,0.0,0.009180069,0.0,6.0,3.0,2293.0,87.0,0.0,0.0,0.0,13.7,10.5,12.0,0.9333354383889667,2.4120243336551987,77.76255843073385,204.76888003879077,0.36920694996688047,25.863055555555555
136.0,58645.0,52.2351346,-2.1378475,92.873,21.186,73.87,-0.23,0.1,8.200012,92.69,92.73999,92.8,92.28999,0.7000122,92.64,0.0,0.0,0.0,6.0,3.0,2305.0,87.0,0.0,0.0,0.0,13.7,10.5,12.0,0.9323333423999769,2.4054420057703734,78.69489177313382,207.17432204456114,0.36976545532751864,25.798055555555557
136.0,58645.1,52.2351562,-2.1378337,92.995,21.244,73.85,-0.23,0.1,8.200012,92.65999,92.62999,92.75999,92.36,0.5,92.73,0.0,0.0,0.0,6.0,3.0,2306.0,87.0,0.0,0.0,0.0,13.7,10.5,12.0,0.9359958029796241,2.4076555805623805,79.63088757611344,209.58197762512353,0.3707777462936754,25.831944444444446
136.0,58645.2,52.2351779,-2.1378203,93.017,20.949,73.81,-0.24,0.1,8.200012,92.69,92.72,92.92999,92.2,0.3000183,92.7,0.0,0.009180069,0.0,6.0,3.0,2306.0,87.0,0.0,0.0,0.0,13.7,10.5,12.0,0.9238055986285849,2.4130135442765823,80.55469317474203,211.99499116940012,0.36562902500029215,25.838055555555552
136.0,58645.3,52.2351996,-2.1378069,92.866,20.95,73.77,-0.25,0.1,8.299988,92.65999,92.73,92.86,92.39,0.5,92.77,-0.009180069,0.009180069,0.0,6.0,3.0,2298.0,87.0,0.0,0.0,0.0,13.7,10.5,12.0,0.9223479768608617,2.4090802589678444,81.47704115160289,214.40407142836796,0.36564647829281205,25.79611111111111
136.0,58645.4,52.2352214,-2.1377935000000003,93.193,20.827,73.74,-0.26,0.1,8.299988,92.86,92.72,92.98,92.45,0.3999939,92.75,0.0,0.009180069,0.0,6.0,3.0,2297.0,87.0,0.0,0.0,0.0,13.7,10.5,12.0,0.9204037064411564,2.419544573647469,82.39744485804404,216.82361600201543,0.36349972331285907,25.886944444444442
136.0,58645.5,52.235243100000005,-2.1377801,92.916,20.784,73.72,-0.26,0.1,8.299988,92.72,92.78,92.89,92.25999,0.3000183,92.73,0.0,0.0,0.0,6.0,3.0,2297.0,87.0,0.0,0.0,0.0,13.7,10.5,12.0,0.91585725754962,2.4130409204556997,83.31330211559366,219.23665692247113,0.3627492317345014,25.81
136.0,58645.6,52.2352648,-2.1377667,92.974,20.791,73.68,-0.27,0.1,8.299988,92.73,92.65999,92.98,92.48999,0.5,92.79,0.0,0.0,0.0,6.0,3.0,2308.0,87.0,0.0,-1.179993,0.0,13.7,10.5,12.0,0.9167239394638739,2.4144352072582946,84.23002605505754,221.65109212972942,0.3628714047821411,25.82611111111111
136.0,58645.7,52.2352864,-2.1377531,92.97,20.948,73.67,-0.25,0.1,8.299988,92.73999,92.75999,93.03,92.20999,0.5,92.72,0.0,0.0,0.0,6.0,3.0,2307.0,87.0,0.0,0.0,0.0,13.6,10.5,13.0,0.9232967205668197,2.4118104021233835,85.15332277562436,224.0629025318528,0.36561157170777214,25.825
136.0,58645.8,52.2353081,-2.1377395,93.028,20.964,73.65,-0.24,0.1,8.399963,92.65999,92.70999,92.98,92.5,0.5,92.8,0.0,0.009180069,0.0,6.0,3.0,2312.0,87.0,0.0,0.7200012,0.0,13.7,10.5,14.0,0.9245466144934312,2.413056939277778,86.0778693901178,226.47595947113058,0.36589082438809123,25.84111111111111
136.0,58645.9,52.2353298,-2.1377262000000004,92.984,20.857,73.61,-0.25,0.1,8.5,92.87,92.76999,93.06999,92.58,0.3000183,92.68999,0.0,0.01937985,0.0,6.0,3.0,2296.0,87.0,0.0,0.0,0.0,13.7,10.5,14.0,0.9196034594497233,2.41363719098662,86.99747284956752,228.88959666211719,0.3640233220884573,25.828888888888887
136.0,58646.0,52.2353518,-2.1377133,93.215,20.241,73.57,-0.27,0.1,8.799988,92.84999,92.87999,92.89999,92.33,-0.1000061,92.82999,0.0,0.0,0.0,6.0,3.0,2300.0,87.0,0.0,0.0,0.0,13.7,10.5,14.0,0.8958212198055877,2.429404783517332,87.8932940693731,231.3190014456345,0.35327209389617226,25.893055555555556
136.0,58646.1,52.2353735,-2.1377001000000004,93.089,20.503,73.53,-0.28,0.1,8.899963,93.00999,92.95999,92.87999,92.48,0.1000061,92.97,0.0,0.0,0.0,6.0,3.0,2303.0,87.0,0.0,0.0,0.0,13.7,10.5,14.0,0.905695009169956,2.4220047319331584,88.79898907854306,233.74100617756767,0.3578448565363974,25.858055555555556
136.0,58646.2,52.2353953,-2.1376869,93.049,20.492,73.48,-0.3,0.1,9.0,92.98999,92.97,93.06999,92.37,0.0,93.03,0.0,0.0,0.0,6.0,3.0,2313.0,87.0,0.0,0.0,0.0,13.7,10.5,15.0,0.9048410269606161,2.421137767057223,89.70383010550367,236.1621439446249,0.35765287031867804,25.846944444444446
136.0,58646.3,52.2354172,-2.1376738,93.251,20.344,73.44,-0.31,0.1,9.0,92.94,92.97,93.17999,92.67999,0.3000183,92.96,0.0,0.0,0.0,6.0,3.0,2313.0,87.0,0.0,0.0,0.0,13.7,10.5,15.0,0.9005347403139545,2.428728073010574,90.60436484581763,238.59087201763546,0.35506978302572645,25.903055555555557
136.0,58646.4,52.235439,-2.1376604,93.254,20.569000000000003,73.42,-0.29,0.1,9.0,93.06,92.98999,93.3,92.78999,0.2000122,93.03,0.0,0.0,0.0,6.0,3.0,2304.0,87.0,0.0,0.0,0.0,13.7,10.5,15.0,0.9100946428885103,2.425250984262175,91.51445948870614,241.01612300189763,0.35899677384271367,25.90388888888889
136.0,58646.5,52.2354606,-2.1376467,93.179,21.011,73.42,-0.27,0.1,9.099976,93.03,93.14999,93.20999,92.48999,0.1000061,93.1,0.0,0.0,0.0,6.0,3.0,2306.0,87.0,0.0,0.0,0.0,13.7,10.5,15.0,0.9280296514901384,2.4162132800882556,92.44248914019627,243.43233628198587,0.3667111291365286,25.883055555555554
136.0,58646.6,52.2354824,-2.1376331000000004,93.269,20.96,73.39,-0.27,0.1,9.099976,93.22,93.15999,93.39,92.92999,0.0,93.13,0.0,0.0,0.0,6.0,3.0,2309.0,87.0,0.0,0.0,0.0,13.7,10.5,15.0,0.9267728596454963,2.419372954573569,93.36926199984177,245.85170923655943,0.36582101121801147,25.908055555555556
136.0,58646.7,52.235504,-2.1376194,92.959,21.095,73.39,-0.24,0.1,9.299988,93.20999,93.26999,93.34,92.67,0.0,93.16,0.0,0.0,0.0,6.0,3.0,2308.0,87.0,0.0,0.0,0.0,13.6,10.5,15.0,0.9293715236128334,2.409148546689746,94.2986335234546,248.26085778324918,0.3681772057082038,25.821944444444444
136.0,58646.8,52.2355257,-2.1376057,93.164,21.067,73.37,-0.24,0.1,9.399963,93.20999,93.23,93.37999,92.73999,0.0,93.32999,0.0,0.0,0.0,6.0,3.0,2312.0,87.0,0.0,0.0,0.0,13.7,10.5,15.0,0.9302410022189895,2.4149162674977322,95.22887452567359,250.67577405074692,0.3676885135176454,25.878888888888888
136.0,58646.9,52.2355475,-2.1375926,93.269,20.601,73.34,-0.24,0.1,9.799988,93.31,93.25999,93.55,93.03999,0.0,93.24,0.0,0.0,0.0,6.0,3.0,2321.0,87.0,0.0,0.0,0.0,13.7,10.5,15.0,0.9115956240456197,2.42513233554757,96.1404701497192,253.1009063862945,0.35955527920335184,25.908055555555556
136.0,58647.0,52.2355693,-2.1375790999999995,93.409,20.811,73.32,-0.23,0.1,10.0,93.34999,93.36,93.53999,92.94,0.0,93.25999,0.0,-0.01938009,0.0,6.0,3.0,2323.0,87.0,0.0,0.0,0.0,13.6,10.5,15.5,0.9218597248321582,2.425410049406748,97.06232987455137,255.52631643570123,0.3632204706325399,25.946944444444444
136.0,58647.1,52.2355913,-2.1375657,93.676,20.621,73.29,-0.24,0.1,10.0,93.48999,93.36,93.64,93.08,-0.1000061,93.39,0.009180069,-0.02958012,0.0,6.0,3.0,2322.0,87.0,0.0,0.0,0.0,13.7,10.5,15.5,0.9164237431596858,2.435395195351484,97.97875361771105,257.9617116310527,0.3599043450537507,26.02111111111111
136.0,58647.2,52.2356131,-2.1375523,93.506,20.652,73.26,-0.24,0.1,10.0,93.50999,93.53999,93.59,92.92,-0.1000061,93.5,0.0,-0.01938009,0.0,6.0,3.0,2328.0,87.0,0.0,0.0,0.0,13.6,10.5,15.5,0.9160757990809144,2.4304802345342615,98.89482941679196,260.392191865587,0.36044539712186896,25.973888888888887
136.0,58647.3,52.235635,-2.137539,93.636,20.607,73.22,-0.26,0.1,10.0,93.59999,93.65999,93.67999,93.17999,-0.1000061,93.54,0.0,-0.009180069,0.0,6.0,3.0,2316.0,87.0,0.0,0.0,0.0,13.6,10.5,16.5,0.9154375742715875,2.434579028828547,99.81026699106356,262.8267708944155,0.3596599989584715,26.009999999999998
136.0,58647.4,52.235657,-2.1375255,93.791,20.679,73.19,-0.26,0.1,10.0,93.61,93.69,93.78999,93.12999,-0.1000061,93.53,0.0,-0.01938009,0.0,6.0,3.0,2315.0,87.0,0.0,0.0,0.0,13.7,10.5,16.5,0.9200166621829731,2.4374548978625925,100.73028365324653,265.2642257922781,0.36091663601990737,26.053055555555552
136.0,58647.5,52.2356789,-2.1375122,93.816,20.581,73.16,-0.26,0.1,10.0,93.70999,93.7,93.69,93.03999,0.0,93.74,0.0,-0.02958012,0.0,6.0,3.0,2327.0,87.0,0.0,0.0,0.0,13.7,10.5,17.0,0.9160903592364831,2.4396750713392086,101.64637401248301,267.7039008636173,0.35920621335295294,26.06
136.0,58647.6,52.2357009,-2.137499,93.823,20.461,73.11,-0.28,0.1,10.0,93.83,93.70999,94.00999,93.59999,-0.1000061,93.77,0.009180069,-0.009180069,0.0,6.0,3.0,2325.0,87.0,0.0,0.0,0.0,13.6,10.5,17.0,0.91104668213244,2.4417705513066865,102.55742069461544,270.145671414924,0.35711181825055976,26.061944444444443
136.0,58647.7,52.235723,-2.1374857,94.111,20.419,73.07,-0.29,0.1,10.0,93.75,93.72,93.94,93.3,-0.1999817,93.82,0.009180069,-0.009180069,0.0,6.0,3.0,2331.0,87.0,0.0,0.0,0.0,13.7,10.5,17.5,0.9120475889611914,2.4499350580850656,103.46946828357663,272.59560647300907,0.35637877996472217,26.141944444444444
136.0,58647.8,52.2357449,-2.1374719,94.14,20.793000000000003,73.08,-0.26,0.1,10.0,93.95999,93.87999,94.11,93.53999,-0.2999877999999999,93.77,0.009180069,-0.02958012,0.0,6.0,3.0,2337.0,87.0,0.0,0.0,0.0,13.7,10.5,17.5,0.928306039305266,2.444682575998236,104.3977743228819,275.0402890490073,0.362906311367181,26.15
136.0,58647.9,52.23576679999999,-2.1374581000000004,94.039,21.002,73.06,-0.26,0.1,10.0,94.00999,94.11,94.01999,93.45,-0.1000061,93.93999,0.0,-0.02958012,0.0,6.0,3.0,2338.0,87.0,0.0,0.0,0.0,13.7,10.5,17.5,0.9362118927645002,2.4386609250637394,105.3339862156464,277.47894997407104,0.36655404950384907,26.121944444444445
136.0,58648.0,52.23578869999999,-2.1374444,94.064,21.002,73.02,-0.26,0.1,10.0,94.06999,94.08,94.08,93.37999,-0.1999817,94.05,0.009180069,-0.009180069,0.0,6.0,3.0,2339.0,87.0,0.0,0.0,0.0,13.7,10.5,17.5,0.9364607820266054,2.439309236116883,106.270446997673,279.9182592101879,0.36655404950384907,26.128888888888888
136.0,58648.1,52.2358108,-2.1374311,94.208,20.695,72.98,-0.28,0.1,10.0,94.23999,94.25,94.26999,93.75,-0.1999817,94.13,0.0,-0.009180069,0.0,6.0,3.0,2335.0,87.0,0.0,0.0,0.0,13.7,10.5,17.5,0.9247907634589749,2.4480338029960063,107.19523776113198,282.3662930131839,0.3611958887002265,26.168888888888887
136.0,58648.2,52.2358329,-2.1374176,94.295,20.651,72.93,-0.29,0.1,9.899963,94.17,94.17999,94.25,93.62999,-0.1999817,94.24,0.009180069,0.0,0.0,6.0,3.0,2333.0,87.0,0.0,0.0,0.0,13.6,10.5,15.0,0.9237628331696183,2.4510046555277367,108.1190005943016,284.81729766871166,0.360427943829349,26.193055555555556
136.0,58648.3,52.235855,-2.1374042,94.583,20.581,72.89,-0.3,0.1,9.899963,94.34999,94.25999,94.53999,94.03999,-0.1000061,94.22,0.009180069,-0.01938009,0.0,6.0,3.0,2336.0,87.0,0.0,0.0,0.0,13.6,10.5,10.0,0.9235799271730225,2.4596208245126245,109.04258052147462,287.2769184932243,0.35920621335295294,26.273055555555555
136.0,58648.4,52.2358773,-2.1373907,94.774,20.525,72.85,-0.32,0.1,9.899963,94.34999,94.37999,94.39,93.78,0.0,94.34,0.0,-0.009180069,0.0,6.0,3.0,2337.0,87.0,0.0,0.0,0.0,13.7,10.5,10.0,0.9230357043623063,2.465491097290368,109.96561622583692,289.7424095905146,0.3582288289718361,26.32611111111111
136.0,58648.5,52.2358994,-2.1373773,94.615,20.531,72.8,-0.33,0.1,9.899963,94.3,94.25,94.55,93.97,-0.1999817,94.32,0.0,-0.009180069,0.0,6.0,3.0,2332.0,87.0,0.0,0.0,0.0,13.7,10.5,10.0,0.9217448975684139,2.4612582923405735,110.88736112340534,292.2036678828552,0.3583335487269558,26.28194444444444
136.0,58648.6,52.2359214,-2.1373633,94.676,20.934,72.78,-0.32,0.1,9.899963,94.31,94.34,94.53,94.03,-0.1000061,94.25,-0.009180069,-0.009180069,0.0,6.0,3.0,2342.0,87.0,0.0,0.0,0.0,13.7,10.5,10.0,0.939639061877839,2.456296806433329,111.82700018528318,294.65996468928853,0.36536722561249296,26.29888888888889
136.0,58648.7,52.2359433,-2.1373492,94.586,21.168000000000003,72.78,-0.29,0.1,9.899963,94.34999,94.31,94.37999,93.75,-0.2999877999999999,94.28,-0.009180069,-0.009180069,0.0,6.0,3.0,2346.0,87.0,0.0,0.0,0.0,13.7,10.5,10.0,0.9487601272727517,2.450107465878626,112.77576031255593,297.11007215516713,0.3694512960621597,26.273888888888887
136.0,58648.8,52.2359655,-2.1373357,94.561,20.794,72.74,-0.3,0.1,9.899963,94.34,94.20999,94.40999,93.84999,-0.2999877999999999,94.24,-0.009180069,-0.02958012,0.0,6.0,3.0,2344.0,87.0,0.0,0.0,0.0,13.7,10.5,10.0,0.9325003407206247,2.4555990753849106,113.70826065327655,299.565671230552,0.3629237646597009,26.266944444444444
136.0,58648.9,52.2359875,-2.137322,94.525,20.892,72.7,-0.3,0.1,9.899963,94.20999,94.26999,94.33,93.73999,-0.1000061,94.2,-0.009180069,-0.01938009,0.0,6.0,3.0,2344.0,87.0,0.0,0.0,0.0,13.7,10.5,10.0,0.9363424794000399,2.4530662601848747,114.6446031326766,302.0187374907369,0.3646341873266553,26.256944444444446
136.0,58649.0,52.2360096,-2.1373084,94.68,20.86,72.66,-0.32,0.1,9.899963,94.34,94.23999,94.51999,93.84999,0.0,94.22,-0.009180069,-0.01938009,0.0,6.0,3.0,2344.0,87.0,0.0,0.0,0.0,13.7,10.5,10.0,0.9365054296062167,2.457612170444734,115.58110856228281,304.47634966118164,0.36407568196601714,26.3
136.0,58649.1,52.2360317,-2.1372947,94.543,20.826,72.63,-0.32,0.1,9.899963,94.39,94.31999,94.34999,93.70999,-0.1999817,94.34,-0.009180069,-0.01938009,0.0,6.0,3.0,2336.0,87.0,0.0,0.0,0.0,13.7,10.5,10.0,0.9336938948917818,2.454610553768699,116.51480245717458,306.93096021495035,0.36348227002033906,26.261944444444445
136.0,58649.2,52.23605369999999,-2.1372808,94.496,21.086,72.6,-0.32,0.1,9.899963,94.37,94.25,94.44,93.86,-0.1000061,94.37,-0.009180069,-0.009180069,0.0,6.0,3.0,2336.0,87.0,0.0,0.0,0.0,13.7,10.5,10.0,0.9443532144684081,2.4491301895439386,117.45915567164299,309.3800904044943,0.3680201260755243,26.248888888888885
136.0,58649.3,52.2360757,-2.137267,94.385,21.153,72.56,-0.32,0.1,9.899963,94.31999,94.36,94.37,94.01999,0.0,94.32,-0.009180069,-0.01938009,0.0,6.0,3.0,2336.0,87.0,0.0,0.0,0.0,13.7,10.5,10.0,0.9461038583700152,2.445148637674067,118.405259530013,311.8252390421684,0.3691894966743605,26.218055555555555
136.0,58649.4,52.2360977,-2.1372533,94.536,20.998,72.54,-0.31,0.1,9.799988,94.20999,94.17999,94.45999,93.75,0.0,94.29,-0.009180069,-0.01938009,0.0,6.0,3.0,2336.0,87.0,0.0,0.0,0.0,13.7,10.5,10.0,0.9409886585700948,2.4516150481758867,119.34624818858309,314.2768540903443,0.36648423633376936,26.259999999999998
136.0,58649.5,52.2361198,-2.1372394,94.597,21.1,72.51,-0.31,0.1,9.599976,94.25999,94.2,94.56999,94.06,-0.1999817,94.2,-0.009180069,-0.009180069,0.0,6.0,3.0,2334.0,87.0,0.0,-0.230011,0.0,13.7,10.5,10.0,0.9459616127147913,2.451516820385744,120.29220980129789,316.72837091073,0.36826447217080355,26.276944444444442
136.0,58649.6,52.2361418,-2.1372256000000003,94.604,21.01,72.48,-0.3,0.1,9.399963,94.2,94.15999,94.40999,93.64,-0.1000061,94.31,-0.009180069,-0.009180069,0.0,6.0,3.0,2346.0,87.0,0.0,0.0,0.0,13.7,10.5,10.0,0.9421793279873969,2.453181225726892,121.23438912928529,319.1815521364569,0.36669367584400864,26.278888888888886
136.0,58649.7,52.2361639,-2.1372121,94.525,20.888,72.44,-0.32,0.1,9.299988,94.25999,94.12,94.56,93.97,0.0,94.16,0.0,0.0,0.0,6.0,3.0,2343.0,87.0,0.0,0.0,0.0,13.7,10.5,10.0,0.93617122078633,2.4531316232436153,122.17056035007163,321.6346837597005,0.3645643741565756,26.256944444444446
136.0,58649.8,52.236186,-2.1371983,94.691,20.949,72.41,-0.31,0.1,9.200012,94.31999,94.25,94.37999,93.81999,0.0,94.21,-0.009180069,-0.009180069,0.0,6.0,3.0,2344.0,87.0,0.0,0.0,0.0,13.7,10.5,10.0,0.9404310603410059,2.4564398499316678,123.11099141041264,324.0911236096322,0.36562902500029215,26.303055555555556
136.0,58649.9,52.236208000000005,-2.1371845,94.583,20.993,72.37,-0.32,0.1,8.899963,94.34,94.28,94.42999,93.70999,0.2000122,94.37,-0.009180069,-0.009180069,0.0,6.0,3.0,2347.0,87.0,0.0,0.0,0.0,13.7,10.5,10.0,0.9412424315688738,2.452916053856593,124.0522338419815,326.5440396634888,0.3663969698711696,26.273055555555555
136.0,58650.0,52.23623,-2.1371705000000003,94.475,21.194000000000003,72.33,-0.33,0.1,8.700012,94.31999,94.26999,94.33,93.87,0.3000183,94.3,-0.009180069,0.0,0.0,6.0,3.0,2345.0,87.0,0.0,0.0,0.0,13.7,10.5,10.0,0.9487571449988365,2.4468018981383453,125.00099098698034,328.9908415616271,0.36990508166767827,26.243055555555554
136.0,58650.1,52.236252,-2.1371568,94.453,21.084,72.29,-0.33,0.1,8.599976,94.3,94.26999,94.45,93.76999,0.1000061,94.29,-0.009180069,0.0,0.0,6.0,3.0,2337.0,87.0,0.0,0.0,0.0,13.7,10.5,10.0,0.9438380381394854,2.448048670996892,125.94482902511983,331.43889023262403,0.36798521949048446,26.236944444444443
136.0,58650.2,52.2362742,-2.1371431000000003,94.669,20.922,72.26,-0.33,0.1,8.399963,94.31999,94.3,94.55,94.05,0.3000183,94.25,-0.009180069,0.009180069,0.0,6.0,3.0,2336.0,87.0,0.0,0.0,0.0,13.6,10.5,10.0,0.9390551602069656,2.456311925882103,126.88388418532679,333.89520215850615,0.36515778610225363,26.296944444444442
136.0,58650.3,52.2362967,-2.1371304,94.91,20.04,72.16,-0.39,0.1,8.399963,94.25,94.17999,94.42999,93.86,0.3000183,94.21,0.0,0.009180069,0.0,6.0,3.0,2333.0,87.0,0.0,0.0,0.0,13.7,10.5,10.0,0.9034274338747743,2.4767650767037295,127.78731161920156,336.37196723520987,0.34976398209966364,26.363888888888887
136.0,58650.4,52.236319,-2.1371172,94.95,20.049,72.11,-0.4,0.1,8.399963,94.23,94.19,94.42999,93.89,0.3999939,94.14,-0.009180069,0.0,0.0,6.0,3.0,2333.0,87.0,0.0,0.0,0.0,13.7,10.5,10.0,0.9041973872471035,2.4776669136297382,128.69150900644865,338.8496341488396,0.3499210617323431,26.375
136.0,58650.5,52.2363411,-2.1371034,94.885,20.582,72.07,-0.4,0.1,8.399963,94.23,94.22,94.39,93.95999,0.3000183,94.18999,-0.009180069,0.0,0.0,6.0,3.0,2334.0,87.0,0.0,0.0,0.0,13.7,10.5,10.0,0.926571948927972,2.467458130938624,129.61808095537663,341.3170922797782,0.3592236666454729,26.356944444444444
136.0,58650.6,52.236363,-2.1370895,94.496,20.93,72.05,-0.39,0.1,8.399963,94.31,94.31,94.34,93.7,0.3999939,94.37,-0.009180069,0.009180069,0.0,6.0,3.0,2348.0,87.0,0.0,0.0,0.0,13.8,10.5,11.0,0.937681442227844,2.4516923118356133,130.55576239760447,343.7687845916138,0.36529741244241315,26.248888888888885
136.0,58650.7,52.2363848,-2.1370754,94.298,21.243,72.04,-0.36,0.1,8.299988,94.25,94.34999,94.45,94.17999,0.0,94.25999,0.0,0.009180069,0.0,6.0,3.0,2345.0,87.0,0.0,0.0,0.0,13.7,10.5,12.5,0.9490679033378875,2.44140702589478,131.50483030094236,346.21019161750854,0.3707602930011554,26.19388888888889
136.0,58650.8,52.23640679999999,-2.1370615,94.349,21.138,72.03,-0.34,0.1,8.299988,94.20999,94.26999,94.47,93.78,0.3999939,94.25,0.0,0.009180069,0.0,6.0,3.0,2347.0,87.0,0.0,0.0,0.0,13.7,10.5,12.5,0.9451030720513235,2.4444635287175007,132.44993337299368,348.65465514622605,0.3689276972865614,26.208055555555557
136.0,58650.9,52.2364288,-2.1370476000000003,94.558,21.136,72.0,-0.33,0.1,8.399963,94.31,94.28999,94.53,94.01999,0.3000183,94.29,0.0,0.0,0.0,6.0,3.0,2346.0,87.0,0.0,0.0,0.0,13.8,10.5,12.5,0.9471111278282915,2.4499115168830423,133.39704450082198,351.1045666631091,0.3688927907015215,26.266111111111112
136.0,58651.0,52.2364509,-2.1370342,94.374,20.667,71.96,-0.34,0.1,8.399963,94.42,94.50999,94.47,93.98999,0.5,94.38,-0.009180069,0.0,0.0,6.0,3.0,2349.0,87.0,0.0,0.0,0.0,13.8,10.5,12.5,0.9252217452239999,2.452799823092919,134.32226624604598,353.557366486202,0.3607071965096681,26.214999999999996
136.0,58651.1,52.2364731,-2.1370207,94.777,20.511,71.91,-0.35,0.1,8.5,94.36,94.3,94.48999,93.83,0.3000183,94.41,0.0,0.01937985,0.0,6.0,3.0,2336.0,87.0,0.0,0.0,0.0,13.8,10.5,7.0,0.9224624426243822,2.4657946142686136,135.24472868867036,356.0231611004706,0.35798448287655693,26.326944444444443
136.0,58651.2,52.2364953,-2.1370075,94.806,20.188,71.87,-0.36,0.1,8.799988,94.37999,94.36,94.55,94.17,-0.1000061,94.32999,0.0,0.009180069,0.0,6.0,3.0,2334.0,87.0,0.0,0.0,0.0,13.8,10.5,1.5,0.908825152895888,2.4717117735415197,136.15355384156626,358.4948728740121,0.35234706939261523,26.334999999999997
136.0,58651.3,52.23651770000001,-2.1369944,95.026,19.941,71.82,-0.37,0.1,8.799988,94.28999,94.3,94.51999,93.76999,0.0,94.31,-0.009180069,0.0,0.0,6.0,3.0,2335.0,87.0,0.0,0.0,0.0,13.8,10.5,0.0,0.9002454909164636,2.4813514208966474,137.05379933248273,360.9762242949088,0.34803610614018926,26.39611111111111
136.0,58651.4,52.23654,-2.1369814000000003,94.853,19.908,71.74,-0.41,0.1,8.899963,94.31,94.25,94.45999,94.03,0.3000183,94.3,-0.01938009,-0.009180069,0.0,6.0,3.0,2337.0,87.0,0.0,0.0,0.0,13.8,10.5,0.0,0.8971798421154947,2.477351135081185,137.95097917459822,363.45357542998994,0.34746014748703113,26.348055555555554
136.0,58651.5,52.2365623,-2.1369683,94.831,19.974,71.69,-0.42,0.1,9.0,94.09999,94.11,94.39,93.86,0.3000183,94.3,-0.009180069,0.0,0.0,6.0,3.0,2333.0,87.0,0.0,0.0,0.0,13.8,10.5,0.0,0.8998241981918469,2.475741663318363,138.85080337279007,365.9293170933083,0.3486120647933474,26.341944444444444
136.0,58651.6,52.2365845,-2.136955,94.673,20.156,71.64,-0.42,0.1,9.0,94.17,94.14,94.48,93.87,0.0,94.11,-0.01938009,0.0,0.0,6.0,3.0,2339.0,87.0,0.0,0.0,0.0,13.8,10.5,0.0,0.9061715249373945,2.468750782769193,139.75697489772747,368.3980678760775,0.35178856403197706,26.298055555555557
136.0,58651.7,52.2366065,-2.1369415,94.561,20.336,71.62,-0.41,0.1,9.0,94.08,94.08,94.23999,93.72,0.0,94.1,-0.01938009,0.0,0.0,6.0,3.0,2336.0,87.0,0.0,0.0,0.0,13.8,10.5,0.0,0.9128416612254748,2.46297458492905,140.66981655895296,370.86104246100655,0.3549301566855668,26.266944444444444
136.0,58651.8,52.2366288,-2.1369284000000004,94.586,20.102,71.56,-0.43,0.1,9.099976,94.09999,93.95999,94.34,93.59,0.1000061,94.11,-0.02958012,0.0,0.0,6.0,3.0,2329.0,87.0,0.0,0.0,0.0,13.8,10.5,0.0,0.903013789877331,2.467334283948604,141.57283034883028,373.32837674495516,0.35084608623590013,26.273888888888887
136.0,58651.9,52.23665100000001,-2.1369156000000005,94.306,19.853,71.5,-0.44,0.1,9.099976,93.87999,93.84,94.17,93.8,0.1000061,93.96,-0.02958012,0.0,0.0,6.0,3.0,2339.0,87.0,0.0,0.0,0.0,13.8,10.5,0.0,0.8896411861423874,2.4639198309555357,142.46247153497268,375.7922965759107,0.34650021639843426,26.196111111111108
136.0,58652.0,52.2366731,-2.1369024,94.37,19.963,71.44,-0.45,0.1,9.399963,93.8,93.73999,94.23,93.48999,0.1000061,93.85,-0.02958012,0.0,0.0,6.0,3.0,2328.0,87.0,0.0,0.0,0.0,13.7,10.5,0.0,0.8949768870568864,2.4638782596597766,143.35744842202956,378.2561748355705,0.348420078575628,26.21388888888889
136.0,58652.1,52.2366952,-2.136889,94.403,20.266,71.41,-0.44,0.1,9.5,93.73999,93.72,93.94,93.44,0.0,93.75999,-0.03978014,0.0,0.0,6.0,3.0,2319.0,87.0,0.0,0.0,0.0,13.8,10.5,0.0,0.9083116704932831,2.459970799815159,144.26576009252284,380.71614563538566,0.3537084262091708,26.223055555555558
136.0,58652.2,52.2367173,-2.136876,94.133,19.988,71.36,-0.45,0.1,9.599976,93.62,93.72,93.81,93.25,0.0,93.7,-0.03978014,0.0,0.0,6.0,3.0,2310.0,87.0,0.0,0.0,0.0,13.8,10.5,0.0,0.8938015346241065,2.4573007365944832,145.15956162714696,383.17344637198016,0.34885641088862657,26.148055555555555
136.0,58652.3,52.2367393,-2.1368628000000003,94.028,20.059,71.31,-0.45,0.1,9.799988,93.69,93.48999,93.81,93.06999,0.0,93.47,-0.03978014,-0.009180069,0.0,6.0,3.0,2304.0,87.0,0.0,0.0,0.0,13.8,10.5,0.0,0.8958455142684377,2.4534515243767,146.0554071414154,385.62689789635687,0.3500955946575426,26.11888888888889
136.0,58652.4,52.2367612,-2.1368493,93.863,20.376,71.3,-0.42,0.1,10.09998,93.33,93.42,93.47,93.00999,0.0,93.45,-0.03978014,-0.02958012,0.0,6.0,3.0,2314.0,87.0,0.0,0.0,0.0,13.8,10.5,0.0,0.907810107393495,2.4441610153476137,146.9632172488089,388.0710589117045,0.3556282883863646,26.073055555555555
136.0,58652.5,52.236783,-2.1368359000000003,93.704,20.428,71.28,-0.4,0.1,10.0,93.40999,93.45,93.65999,92.89999,0.0,93.35,-0.04997993,-0.01938009,0.0,6.0,3.0,2313.0,87.0,0.0,0.0,0.0,13.8,10.5,0.0,0.9084864340076806,2.4391971972608615,147.87170368281656,390.51025610896534,0.35653585959740164,26.028888888888886
136.0,58652.6,52.2368049,-2.1368225,93.6,20.54,71.24,-0.4,0.1,9.899963,93.19,93.06999,93.3,92.87,-0.1000061,93.25999,-0.03978014,0.0,0.0,6.0,3.0,2304.0,87.0,0.0,0.0,0.0,13.7,10.5,0.0,0.9122391626699179,2.434711422343783,148.78394284548648,392.94496753130915,0.3584906283596353,25.999999999999996
136.0,58652.7,52.2368269,-2.1368094,93.805,20.125,71.21,-0.38,0.1,9.5,92.92999,92.89,93.23999,92.69,-0.1999817,93.05,-0.03978014,-0.009180069,0.0,6.0,3.0,2281.0,87.0,0.0,-0.230011,0.0,13.8,10.5,0.0,0.8965397736586944,2.4466017191313876,149.68048261914518,395.3915692504405,0.35124751196385884,26.056944444444447
136.0,58652.8,52.236849,-2.1367968,93.517,19.777,71.14,-0.41,0.1,9.299988,92.87,92.83,93.28,92.44,0.0,92.82999,-0.03978014,-0.009180069,0.0,6.0,3.0,2278.0,87.0,0.0,0.0,0.0,13.8,10.5,0.0,0.8789564097226447,2.444473779058595,150.5594390288678,397.8360430294991,0.3451737661669186,25.97694444444444
136.0,58652.9,52.236871,-2.1367838000000003,93.776,20.0,71.09,-0.42,0.1,9.099976,92.69,92.84,92.90999,92.47,0.2000122,92.82999,-0.04997993,0.0,0.0,6.0,3.0,2255.0,87.0,0.0,0.0,0.0,13.8,10.5,0.0,0.8909244711252197,2.4477948668560927,151.45036349999305,400.2838378963552,0.3490658503988659,26.048888888888886
136.0,58653.0,52.2368926,-2.1367701,93.186,20.547,71.07,-0.4,0.1,8.899963,92.78,92.7,93.01999,92.14999,0.2000122,92.75999,-0.04997993,0.009180069,0.0,6.0,3.0,2256.0,87.0,0.0,0.0,0.0,13.8,10.5,0.0,0.9085003923457203,2.4238315302651863,152.35886389233877,402.7076694266204,0.3586128014072749,25.885
136.0,58653.1,52.2369142,-2.1367564000000003,92.974,20.75,71.06,-0.38,0.1,8.5,92.67,92.62999,92.64999,92.25999,0.0,92.71,-0.04997993,0.009180069,0.0,6.0,3.0,2248.0,87.0,0.0,0.0,0.0,13.8,10.5,0.0,0.9149959712999899,2.4150905829263127,153.27385986363876,405.1227600095467,0.3621558197888234,25.82611111111111
136.0,58653.2,52.2369359,-2.1367433,92.758,20.519,71.03,-0.37,0.1,8.099976,92.42,92.53,92.75,92.19,0.1000061,92.49,-0.03978014,0.009180069,0.0,6.0,3.0,2236.0,87.0,0.0,0.0,0.0,13.7,10.5,0.0,0.9031485071192211,2.41314060758787,154.177008370758,407.5359006171346,0.35812410921671645,25.76611111111111
136.0,58653.3,52.2369575,-2.13673,92.603,20.473,71.01,-0.35,0.1,8.0,92.28,92.39999,92.55,92.15999,0.5,92.35,-0.03978014,0.009180069,0.0,6.0,3.0,2230.0,87.0,0.0,0.0,0.0,13.8,10.5,0.0,0.8997048860937739,2.409831319632344,155.07671325685178,409.94573193676695,0.3573212577607991,25.723055555555554
136.0,58653.4,52.23697919999999,-2.1367169,92.758,20.327,70.99,-0.34,0.1,8.0,92.14999,92.2,92.37999,91.95999,0.5,92.3,-0.04997993,0.0,0.0,6.0,3.0,2235.0,87.0,0.0,0.0,0.0,13.8,10.5,0.0,0.8950569395511551,2.4161535325518027,155.97177019640293,412.36188546931874,0.3547730770528874,25.76611111111111
136.0,58653.5,52.2370008,-2.1367036,92.437,20.385,70.98,-0.31,0.1,8.0,92.05,91.98,92.34,91.64999,0.5,92.0,-0.03978014,0.0,0.0,6.0,3.0,2221.0,87.0,0.0,0.0,0.0,13.8,10.5,0.0,0.8943964182516688,2.40688799221099,156.8661666146546,414.76877346152975,0.3557853680190441,25.676944444444445
136.0,58653.6,52.2370223,-2.1366901,92.459,20.768,70.96,-0.31,0.1,8.0,91.84999,91.89,92.11,91.7,0.5,91.87,-0.03978014,0.009180069,0.0,6.0,3.0,2216.0,87.0,0.0,0.0,0.0,13.8,10.5,1.0,0.9106821166348426,2.401426973517832,157.77684873128942,417.1702004350476,0.3624699790541824,25.683055555555555
136.0,58653.7,52.2370439,-2.1366778,92.07,19.66,70.96,-0.28,0.1,8.0,91.73,91.90999,92.09,91.53,0.3000183,91.82999,-0.03978014,0.009180069,0.0,6.0,3.0,2270.0,87.0,0.0,0.0,0.0,13.8,10.5,3.5,0.8604399443282666,2.408412205625185,158.6372886756177,419.5786126406728,0.3431317309420852,25.574999999999996
136.0,58653.8,52.2370655,-2.1366646,92.131,20.228,70.93,-0.28,0.1,7.899963,91.87999,91.78,91.95999,91.25999,0.5,91.84,-0.03978014,0.01937985,0.0,6.0,3.0,2300.0,87.0,0.0,0.0,0.0,13.8,10.5,7.0,0.8848588611112476,2.4013539931439127,159.52214753672894,421.97996663381673,0.35304520109341303,25.591944444444444
136.0,58653.9,52.237087,-2.1366518,91.926,20.133,70.9,-0.28,0.1,7.899963,91.78,91.81999,91.92,91.67999,0.5,91.88,-0.01938009,0.009180069,0.0,6.0,3.0,2278.0,87.0,0.0,0.0,0.0,13.8,10.5,9.5,0.8789160201990877,2.3974713511192154,160.40106355692802,424.37743798493597,0.35138713830401835,25.535
136.0,58654.0,52.237108600000006,-2.136639,92.081,19.967,70.88,-0.28,0.1,7.899963,91.81,91.84999,92.09,91.39999,0.5,91.78,-0.01938009,0.009180069,0.0,6.0,3.0,2278.0,87.0,0.0,0.0,0.0,13.8,10.5,12.0,0.8734365316851787,2.404054468007876,161.2745000886132,426.78149245294384,0.34848989174570777,25.578055555555554
136.0,58654.1,52.2371303,-2.1366262000000003,92.189,20.139,70.82,-0.3,0.1,7.899963,91.7,91.8,91.8,91.36,0.3999939,91.8,-0.009180069,0.0,0.0,6.0,3.0,2276.0,87.0,0.0,0.0,0.0,13.8,10.5,13.5,0.8816823722671008,2.4042381928165217,162.1561824608803,429.1857306457604,0.351491858059138,25.608055555555552
136.0,58654.2,52.237152,-2.1366138,91.991,19.639,70.78,-0.31,0.1,7.899963,91.70999,91.75999,91.98999,91.45999,0.3000183,91.73,0.0,0.009180069,0.0,6.0,3.0,2282.0,87.0,0.0,0.0,0.0,13.8,10.5,14.5,0.8588196205519675,2.406660620363424,163.01500208143227,431.5923912661238,0.34276521179916636,25.553055555555556
136.0,58654.3,52.2371737,-2.1366012,92.081,19.703,70.75,-0.31,0.1,7.899963,91.84999,91.73,91.95,91.28999,0.5,91.81,0.0,0.01937985,0.0,6.0,3.0,2286.0,87.0,0.0,0.0,0.0,13.7,10.5,14.5,0.8623502113113392,2.4080534406615968,163.8773522927436,434.0004447067854,0.34388222252044276,25.578055555555554
136.0,58654.4,52.2371953,-2.1365884,92.192,19.791,70.73,-0.3,0.1,7.899963,91.86,91.95,91.87999,91.62999,0.3000183,91.86,0.0,0.01937985,0.0,6.0,3.0,2285.0,87.0,0.0,0.0,0.0,13.8,10.5,14.5,0.8670916835230399,2.4096273391542824,164.74444397626664,436.41007204593967,0.34541811226219776,25.608888888888885
136.0,58654.5,52.2372169,-2.1365757,92.178,19.715,70.71,-0.29,0.1,7.899963,91.84,91.84,92.14,91.42999,0.5,91.9,0.0,0.01937985,0.0,6.0,3.0,2276.0,87.0,0.0,0.0,0.0,13.8,10.5,14.5,0.8637634824596101,2.410409279846318,165.60820745872624,438.820481325786,0.3440916620306821,25.604999999999997
136.0,58654.6,52.2372386,-2.136563,92.002,19.718,70.68,-0.29,0.1,7.799988000000001,91.89999,91.95,91.98,91.45,0.3999939,91.9,0.0,0.009180069,0.0,6.0,3.0,2277.0,87.0,0.0,0.0,0.0,13.8,10.5,14.5,0.8622402228332824,2.405761823074549,166.47044768155953,441.22624314886053,0.3441440219082419,25.556111111111107
136.0,58654.7,52.2372602,-2.1365501,92.189,19.832,70.67,-0.28,0.1,7.700011999999999,91.83,91.95,92.03999,91.7,0.5,91.92,0.0,0.01937985,0.0,6.0,3.0,2276.0,87.0,0.0,-0.230011,0.0,13.8,10.5,14.5,0.8687874825907838,2.4089278535186076,167.33923516415032,443.63517100237914,0.34613369725551546,25.608055555555552
136.0,58654.8,52.2372818,-2.1365377,92.03,19.584,70.64,-0.28,0.1,7.700011999999999,92.01999,91.95999,92.17999,91.42999,0.7000122,91.93999,0.0,0.01937985,0.0,6.0,3.0,2279.0,87.0,0.0,0.0,0.0,13.8,10.5,14.5,0.8568721177286638,2.4085045827429443,168.196107281879,446.04367558512206,0.3418052807105695,25.56388888888889
136.0,58654.9,52.2373033,-2.1365245,92.077,20.082,70.64,-0.26,0.1,7.700011999999999,92.11,92.14999,92.09,91.76999,0.5,92.07,0.0,0.01937985,0.0,6.0,3.0,2291.0,87.0,0.0,0.0,0.0,13.8,10.5,15.0,0.878221864044191,2.4021921714668713,169.07432914592317,448.44586775658894,0.3504970203855013,25.576944444444443
136.0,58655.0,52.2373249,-2.1365118,92.052,19.834,70.62,-0.25,0.1,7.700011999999999,92.09,92.06999,92.22,91.59,0.3999939,92.14,0.0,0.01937985,0.0,6.0,3.0,2292.0,87.0,0.0,0.0,0.0,13.8,10.5,15.5,0.8675803590038644,2.4053177171988587,169.94190950492703,450.8511854737878,0.3461686038405553,25.57
136.0,58655.1,52.2373467,-2.1364995,92.279,19.442,70.58,-0.26,0.1,7.700011999999999,92.08,92.17999,92.2,91.75999,0.3999939,92.09,0.0,0.0,0.0,6.0,3.0,2282.0,86.0,0.0,0.0,0.0,13.7,10.5,15.5,0.8532025622041488,2.41714309857531,170.79511206713119,453.2683285723631,0.33932691317273755,25.633055555555554
136.0,58655.2,52.2373685,-2.136487,92.502,19.406,70.56,-0.26,0.1,7.700011999999999,92.14999,92.14999,92.3,91.94,0.3999939,92.18,0.0,0.009180069,0.0,6.0,3.0,2293.0,86.0,0.0,0.0,0.0,13.8,10.5,15.5,0.8537418236055294,2.423521229250263,171.64885389073672,455.69184980161333,0.33869859464201957,25.694999999999997
136.0,58655.3,52.2373904,-2.1364749,92.509,19.118,70.51,-0.28,0.1,7.700011999999999,92.2,92.17999,92.39,91.61,0.3999939,92.17,0.0,0.009180069,0.0,6.0,3.0,2285.0,86.0,0.0,0.0,0.0,13.8,10.5,15.5,0.8416128265660059,2.4279656892073707,172.49046671730272,458.1198154908207,0.3336720463962759,25.696944444444444
136.0,58655.4,52.2374122,-2.1364623,92.426,19.306,70.49,-0.27,0.1,7.700011999999999,92.31,92.39,92.39,92.03999,0.3000183,92.28,0.0,0.01937985,0.0,6.0,3.0,2297.0,87.0,0.0,0.0,0.0,13.8,10.5,15.5,0.8488127216820905,2.4230152022430165,173.33927943898482,460.5428306930637,0.3369532653900253,25.67388888888889
136.0,58655.5,52.2374338,-2.1364494,92.376,19.617,70.5,-0.24,0.1,7.700011999999999,92.28,92.25999,92.48999,92.0,0.5,92.34,0.0,0.01937985,0.0,6.0,3.0,2288.0,86.0,0.0,0.0,0.0,13.8,10.5,16.0,0.8614859231913039,2.417063922229453,174.20076536217613,462.95989461529314,0.34238123936372766,25.66
136.0,58655.6,52.2374556,-2.136437,92.567,19.382,70.47,-0.24,0.1,7.700011999999999,92.42,92.36,92.45,91.95999,0.3999939,92.36,0.0,0.01937985,0.0,6.0,3.0,2290.0,86.0,0.0,0.0,0.0,13.8,10.5,16.0,0.8533257868593298,2.4255818604021115,175.05409114903546,465.38547647569527,0.33827971562154097,25.713055555555552
136.0,58655.7,52.2374775,-2.1364249,92.632,19.017,70.42,-0.26,0.1,7.700011999999999,92.34,92.44,92.53,92.33,0.7000122,92.41,0.009180069,0.02957988,0.0,6.0,3.0,2289.0,86.0,0.0,0.0,0.0,13.8,10.5,16.0,0.838444861959713,2.4326756881213774,175.89253601099517,467.81815216381665,0.3319092638517616,25.73111111111111
136.0,58655.8,52.2374995,-2.1364128,92.606,18.865,70.38,-0.28,0.1,7.700011999999999,92.56,92.56999,92.84,92.08,0.3999939,92.55,0.0,0.02957988,0.0,6.0,3.0,2303.0,86.0,0.0,0.0,0.0,13.8,10.5,16.0,0.8317547497148903,2.434208009190203,176.72429076071006,470.2523601730069,0.32925636338873027,25.723888888888887
136.0,58655.9,52.2375216,-2.1364009,93.031,18.573,70.33,-0.3,0.1,7.700011999999999,92.67,92.73999,92.69,92.23999,0.5,92.67,0.009180069,0.009180069,0.0,6.0,3.0,2296.0,86.0,0.0,0.0,0.0,13.8,10.5,16.0,0.8230986168900254,2.4496060078247806,177.5473893776001,472.7019661808317,0.32416000197290684,25.841944444444444
136.0,58656.0,52.2375435,-2.1363888,92.927,18.746,70.3,-0.3,0.1,7.700011999999999,92.64999,92.69,92.86,92.37,0.5,92.68,0.009180069,0.009180069,0.0,6.0,3.0,2305.0,86.0,0.0,0.0,0.0,13.8,10.5,16.0,0.8295628300910716,2.444373924356351,178.37695220769118,475.146340105188,0.327179421578857,25.813055555555557
136.0,58656.1,52.2375655,-2.1363766,93.017,18.68,70.27,-0.3,0.1,7.700011999999999,92.73999,92.73999,92.86,92.25999,0.3000183,92.71,0.009180069,0.009180069,0.0,6.0,3.0,2298.0,86.0,0.0,0.0,0.0,13.8,10.5,16.0,0.8275472695389547,2.447696195527209,179.20449947723014,477.59403630071523,0.32602750427254074,25.838055555555552
136.0,58656.2,52.2375874,-2.1363642,92.884,18.905,70.27,-0.28,0.1,7.700011999999999,92.81,92.87,92.89,92.53999,0.3000183,92.82999,0.0,0.0,0.0,6.0,3.0,2311.0,86.0,0.0,0.0,0.0,13.8,10.5,16.0,0.8359559444946909,2.4409324047468015,180.04045542172483,480.034968705462,0.329954495089528,25.801111111111112
136.0,58656.3,52.2376092,-2.1363514999999995,92.905,19.114,70.28,-0.24,0.1,7.700011999999999,92.89999,92.75,93.00999,92.34,0.3999939,92.87,0.009180069,0.009180069,0.0,6.0,3.0,2300.0,86.0,0.0,0.0,0.0,13.8,10.5,16.0,0.8450452571552157,2.4384179971747866,180.88550067888005,482.4733867026368,0.33360223322619614,25.806944444444444
136.0,58656.4,52.2376311,-2.1363389,93.222,19.12,70.28,-0.23,0.1,7.899963,92.87,92.90999,93.03999,92.67,0.3999939,92.88,0.009180069,0.009180069,0.0,6.0,3.0,2302.0,86.0,0.0,0.0,0.0,13.8,10.5,16.0,0.848184842776624,2.4466492847328962,181.73368552165667,484.92003598736966,0.3337069529813158,25.894999999999996
136.0,58656.5,52.2376532,-2.1363269,93.125,18.635,70.25,-0.23,0.1,8.299988,93.03999,92.98999,93.17999,92.50999,0.3000183,92.95,0.0,0.01937985,0.0,6.0,3.0,2312.0,86.0,0.0,0.0,0.0,13.8,10.5,16.0,0.8265832130292865,2.451188114811115,182.56026873468596,487.37122410218075,0.32524210610914334,25.868055555555554
136.0,58656.6,52.2376753,-2.1363147,93.362,18.713,70.22,-0.24,0.1,8.5,93.12,93.2,93.03,92.53999,0.0,93.04,0.0,0.0,0.0,6.0,3.0,2316.0,86.0,0.0,-0.230011,0.0,13.8,10.5,16.0,0.8320315046893013,2.456295891014925,183.39230023937526,489.82751999319566,0.3266034629256989,25.933888888888887
136.0,58656.7,52.2376974,-2.1363026,93.254,18.65,70.19,-0.24,0.1,8.599976,93.06999,93.12,93.17999,92.84,0.0,93.18,0.0,0.0,0.0,6.0,3.0,2318.0,86.0,0.0,0.0,0.0,13.8,10.5,16.0,0.8283708050501858,2.45436680327524,184.22067104442544,492.2818867964709,0.3255039054969424,25.90388888888889
136.0,58656.8,52.2377194,-2.1362903,93.269,18.737,70.18,-0.23,0.1,8.5,93.26999,93.19,93.40999,92.69,0.0,93.21,0.009180069,0.0,0.0,6.0,3.0,2320.0,86.0,0.0,0.0,0.0,13.8,10.5,16.0,0.8322304922514601,2.4535007304797007,185.0529015366769,494.7353875269506,0.3270223419461775,25.908055555555556
136.0,58656.9,52.2377417,-2.1362786,93.55,18.301,70.12,-0.26,0.1,8.5,93.31,93.34,93.42999,92.89,0.1000061,93.31,0.009180069,0.0,0.0,6.0,3.0,2322.0,86.0,0.0,0.0,0.0,13.8,10.5,16.5,0.8159873453044906,2.467173354082168,185.86888888198138,497.20256088103275,0.3194127064074822,25.98611111111111
136.0,58657.0,52.2377637,-2.1362663000000004,93.402,18.662,70.12,-0.25,0.1,8.5,93.5,93.39,93.62999,92.98,0.1000061,93.4,0.009180069,0.0,0.0,6.0,3.0,2313.0,86.0,0.0,0.0,0.0,13.8,10.5,16.5,0.8302003209416114,2.458088215892271,186.69908920292298,499.660649096925,0.32571334500718174,25.945
136.0,58657.1,52.2377859,-2.1362542,93.715,18.481,70.09,-0.25,0.1,8.5,93.45999,93.45,93.47,92.89,0.1000061,93.49,0.009180069,0.0,0.0,6.0,3.0,2326.0,86.0,0.0,0.0,0.0,13.8,10.5,17.0,0.8251870310864377,2.468944648896198,187.52427623400942,502.1295937458212,0.3225542990610721,26.031944444444445
136.0,58657.2,52.237808,-2.136242,93.524,18.589,70.07,-0.24,0.1,8.5,93.53999,93.48999,93.73,93.28999,0.0,93.52,0.009180069,0.009180069,0.0,6.0,3.0,2326.0,86.0,0.0,0.0,0.0,13.8,10.5,17.0,0.8281481224716297,2.4623560600081906,188.35242435648104,504.59194980582936,0.3244392546532259,25.97888888888889
136.0,58657.3,52.2378303,-2.1362298,93.866,18.488,70.07,-0.23,0.1,8.5,93.62,93.45999,93.67,93.05,0.1000061,93.57,0.009180069,0.0,0.0,6.0,3.0,2319.0,86.0,0.0,0.0,0.0,13.8,10.5,17.0,0.82681874705786,2.4728217844023668,189.1792431035389,507.0647715902317,0.32267647210871164,26.073888888888888
136.0,58657.4,52.2378524,-2.1362177000000004,93.737,18.492,70.06,-0.21,0.1,8.399963,93.64,93.75999,93.72,93.33,0.2000122,93.65,0.009180069,0.0,0.0,6.0,3.0,2330.0,86.0,0.0,0.0,0.0,13.8,10.5,17.0,0.8258548467021989,2.469365737050804,190.0050979502411,509.5341373272825,0.32274628527879146,26.03805555555555
136.0,58657.5,52.2378747,-2.1362055000000004,93.946,18.439,70.03,-0.23,0.1,8.299988,93.78,93.8,93.90999,93.20999,0.3999939,93.65,0.009180069,0.009180069,0.0,6.0,3.0,2331.0,86.0,0.0,0.0,0.0,13.8,10.5,17.0,0.8254065371672757,2.4756361201994315,190.83050448740838,512.009773447482,0.32182126077523443,26.09611111111111
136.0,58657.6,52.2378969,-2.1361933,94.068,18.387,70.02,-0.22,0.1,8.200012,93.89,93.95,93.73999,93.12,0.2000122,93.87,0.009180069,0.0,0.0,6.0,3.0,2337.0,86.0,0.0,0.0,0.0,13.8,10.5,17.0,0.8242283513483963,2.4796000937315488,191.6547328387568,514.4893735412135,0.32091368956419736,26.13
136.0,58657.7,52.2379192,-2.1361811,93.964,18.483,69.99,-0.23,0.1,8.200012,93.87999,93.87999,94.06,93.61,0.1000061,94.0,0.009180069,0.0,0.0,6.0,3.0,2327.0,86.0,0.0,0.0,0.0,13.8,10.5,17.0,0.827465957288318,2.4754757324350014,192.4821987960451,516.9648492736485,0.32258920564611193,26.10111111111111
136.0,58657.8,52.2379414,-2.1361689000000004,94.176,18.399,69.99,-0.22,0.1,8.0,93.92999,94.0,94.12999,93.48,0.5,93.96,0.009180069,0.009180069,0.0,6.0,3.0,2328.0,86.0,0.0,0.0,0.0,13.8,10.5,17.0,0.825694556924135,2.482274057928709,193.30789335296924,519.4471233315772,0.3211231290744367,26.16
136.0,58657.9,52.2379638,-2.1361567,94.262,18.382,69.97,-0.21,0.1,8.0,94.01999,94.06999,94.25999,93.78999,0.3999939,94.05,0.009180069,0.0,0.0,6.0,3.0,2332.0,86.0,0.0,0.0,0.0,13.8,10.5,17.0,0.8257113533674508,2.484785933310329,194.13360470633668,521.9319092648876,0.3208264231015977,26.183888888888887
136.0,58658.0,52.23798609999999,-2.1361446,94.356,18.269,69.95,-0.22,0.1,8.0,94.14999,94.11,94.2,93.62999,0.3000183,94.17,0.009180069,0.009180069,0.0,6.0,3.0,2344.0,86.0,0.0,0.0,0.0,13.8,10.5,17.0,0.8216277288303089,2.4888890845550247,194.955232435167,524.4207983494426,0.31885420104684403,26.209999999999997
136.0,58658.1,52.2380084,-2.1361325,94.252,18.293,69.94,-0.22,0.1,8.0,94.2,94.28,94.42,93.87999,0.3000183,94.24,0.009180069,0.0,0.0,6.0,3.0,2344.0,86.0,0.0,0.0,0.0,13.8,10.5,17.0,0.821763445924288,2.4858018080824738,195.7769958810913,526.9066001575251,0.3192730800673227,26.181111111111107
136.0,58658.2,52.2380308,-2.1361203,94.561,18.235,69.93,-0.21,0.1,8.0,94.28999,94.31,94.58,94.03999,0.3999939,94.25999,0.009180069,0.009180069,0.0,6.0,3.0,2344.0,86.0,0.0,0.0,0.0,13.8,10.5,17.0,0.8219325257632003,2.4947846856127356,196.5989284068545,529.4013848431379,0.318260789101166,26.266944444444444
136.0,58658.3,52.2380532,-2.1361082,94.619,18.238,69.91,-0.21,0.1,8.0,94.40999,94.5,94.36,93.84,0.5,94.46,0.009180069,0.0,0.0,6.0,3.0,2352.0,86.0,0.0,0.0,0.0,13.8,10.5,17.0,0.8225673724770083,2.4962718223583886,197.4214957793315,531.8976566654962,0.3183131489787258,26.283055555555556
136.0,58658.4,52.2380757,-2.1360963,94.5,18.126,69.87,-0.23,0.1,8.0,94.37,94.42999,94.7,94.26999,0.5,94.47,0.009180069,0.009180069,0.0,6.0,3.0,2340.0,86.0,0.0,0.0,0.0,13.8,10.5,17.0,0.8166577859614169,2.4947334648472164,198.23815356529292,534.3923901303434,0.3163583802164922,26.25
136.0,58658.5,52.2380981,-2.1360841,94.676,18.24,69.87,-0.21,0.1,8.0,94.51999,94.48,94.67999,94.00999,0.3000183,94.48,0.009180069,0.01937985,0.0,6.0,3.0,2340.0,86.0,0.0,0.0,0.0,13.8,10.5,17.0,0.8231500885430884,2.4977468846207658,199.061303653836,536.8901370149641,0.31834805556376566,26.29888888888889
136.0,58658.6,52.2381207,-2.1360723,94.972,17.983,69.84,-0.21,0.1,7.599976,94.56999,94.64999,94.75999,94.28999,0.2000122,94.74,0.009180069,0.009180069,0.0,6.0,3.0,2356.0,86.0,0.0,0.0,0.0,13.8,10.5,17.0,0.8144766973712921,2.5092345334796935,199.8757803512073,539.3993715484438,0.31386255938614027,26.38111111111111
136.0,58658.7,52.2381432,-2.1360603,94.676,18.033,69.82,-0.21,0.1,7.5,94.72,94.65999,94.90999,94.22,0.5,94.7,0.009180069,0.009180069,0.0,6.0,3.0,2345.0,86.0,0.0,0.0,0.0,13.7,10.5,17.0,0.8141207973224914,2.5007044797952886,200.6899011485298,541.9000760282391,0.3147352240121375,26.29888888888889
136.0,58658.8,52.2381658,-2.1360485,95.047,17.77,69.8,-0.21,0.1,7.599976,94.75999,94.83,94.95,94.45999,0.7000122,94.68,0.009180069,0.0,0.0,6.0,3.0,2346.0,86.0,0.0,0.0,0.0,13.8,10.5,17.0,0.8057787091540942,2.514228982481363,201.49567985768388,544.4143050107205,0.3101450080793923,26.401944444444442
136.0,58658.9,52.2381884,-2.1360365,95.249,17.922,69.8,-0.2,0.1,7.599976,94.84999,94.84,94.95999,94.44,0.3999939,94.82,0.009180069,0.009180069,0.0,6.0,3.0,2350.0,86.0,0.0,0.0,0.0,13.8,10.5,17.0,0.814172527304082,2.517421326197092,202.30985238498798,546.9317263369176,0.31279790854242373,26.458055555555553
136.0,58659.0,52.2382109,-2.1360246,94.853,17.928,69.77,-0.21,0.1,7.599976,94.92999,95.0,94.86,94.14999,0.3999939,94.92,0.009180069,0.0,0.0,6.0,3.0,2352.0,86.0,0.0,-0.230011,0.0,13.8,10.5,17.0,0.8110501087880426,2.5068701674840135,203.12090249377601,549.4385965044016,0.3129026282975434,26.348055555555554
136.0,58659.1,52.2382335,-2.1360126,95.231,17.774,69.77,-0.2,0.1,7.599976,95.03,95.03999,95.12999,94.67999,0.5,94.95,0.009180069,0.01937985,0.0,6.0,3.0,2363.0,86.0,0.0,0.0,0.0,13.8,10.5,17.0,0.8075144676748862,2.519039870019693,203.9284169614509,551.9576363744213,0.31021482124947214,26.453055555555554
136.0,58659.2,52.2382562,-2.1360007,95.342,17.752,69.76,-0.19,0.1,7.599976,94.95999,94.94,95.11,94.42,0.7000122,95.04,0.009180069,0.01937985,0.0,6.0,3.0,2363.0,86.0,0.0,0.0,0.0,13.7,10.5,17.0,0.8074872670567418,2.522286268513421,204.73590422850762,554.4799226429348,0.3098308488140334,26.483888888888888
136.0,58659.3,52.2382788,-2.1359887,95.26,17.9,69.76,-0.17,0.1,7.599976,95.12999,95.12,95.37,94.95,0.5,95.13,0.009180069,0.01937985,0.0,6.0,3.0,2356.0,86.0,0.0,0.0,0.0,13.8,10.5,13.5,0.8132997614336006,2.5180245253765356,205.54920398994122,556.9979471683113,0.312413936106985,26.461111111111112
136.0,58659.4,52.2383014,-2.1359769,95.324,17.677,69.75,-0.17,0.1,7.599976,95.17,95.22,95.09,94.45,0.3999939,95.18,0.0,0.0,0.0,6.0,3.0,2363.0,86.0,0.0,0.0,0.0,13.8,10.5,12.5,0.8040330858843563,2.5228647139124436,206.35323707582558,559.5208118822237,0.3085218518750376,26.47888888888889
136.0,58659.5,52.2383241,-2.1359651,95.267,17.746,69.72,-0.18,0.1,7.599976,95.12,95.17999,95.31,94.72,0.6000061,95.18,0.0,0.009180069,0.0,6.0,3.0,2366.0,86.0,0.0,0.0,0.0,13.8,10.5,12.0,0.806588133994893,2.5203866123003498,207.15982520982047,562.0411984945241,0.3097261290589137,26.463055555555552
136.0,58659.6,52.2383469,-2.1359534,95.468,17.54,69.72,-0.17,0.1,7.599976,95.12,95.17999,95.34999,94.92,0.5,95.07999,0.0,0.01937985,0.0,6.0,3.0,2367.0,86.0,0.0,-0.230011,0.0,13.8,10.5,12.0,0.7992038548133857,2.5285940515361043,207.95902906463385,564.5697925460602,0.3061307507998054,26.51888888888889
136.0,58659.7,52.238369600000006,-2.1359417,95.587,17.488,69.71,-0.16,0.1,7.599976,95.06,95.17,95.19,94.50999,0.5,95.12,0.0,0.009180069,0.0,6.0,3.0,2364.0,86.0,0.0,0.0,0.0,13.8,10.5,12.0,0.7979019862493697,2.5324711169424923,208.75693105088322,567.1022636630026,0.3052231795887683,26.551944444444445
136.0,58659.8,52.2383923,-2.13593,95.375,17.445,69.7,-0.15,0.1,7.599976,95.20999,95.08,95.34999,94.87999,0.3000183,95.18999,0.0,0.01937985,0.0,6.0,3.0,2359.0,86.0,0.0,0.0,0.0,13.8,10.5,12.0,0.794235732544216,2.5274511919812586,209.55116678342745,569.629714854984,0.3044726880104108,26.493055555555554
136.0,58659.9,52.238415,-2.1359183,95.342,17.535,69.69,-0.14,0.1,7.599976,95.17999,95.20999,95.25,94.65999,0.5,95.17,0.0,0.009180069,0.0,6.0,3.0,2358.0,86.0,0.0,0.0,0.0,13.8,10.5,12.0,0.7979286811366618,2.5253264198138092,210.3490954645641,572.1550412747978,0.3060434843372057,26.483888888888888
136.0,58660.0,52.2384377,-2.1359068000000003,95.296,17.320999999999998,69.67,-0.15,0.1,7.599976,95.20999,95.17999,95.36,94.92,0.5,95.22,0.0,0.009180069,0.0,6.0,3.0,2358.0,86.0,0.0,0.0,0.0,13.8,10.5,12.0,0.7881106055011141,2.5270692329385382,211.13720607006522,574.6821105077363,0.3023084797379378,26.471111111111114
135.0,58660.1,52.2384604,-2.1358951,95.306,17.429000000000002,69.67,-0.14,0.1,7.599976,95.12999,95.03999,95.23,94.61,0.5,95.13,0.0,0.0,0.0,6.0,3.0,2365.0,86.0,0.0,0.0,0.0,13.8,10.5,12.0,0.7929558169003885,2.5258442155952894,211.9301618869656,577.2079547233316,0.30419343533009174,26.473888888888887
135.0,58660.2,52.238483200000005,-2.1358836,95.483,17.288,69.66,-0.13,0.1,7.599976,95.0,95.06999,95.42,95.06,0.5,95.07,0.0,0.009180069,0.0,6.0,3.0,2356.0,86.0,0.0,0.0,0.0,13.8,10.5,12.0,0.7881986459939408,2.5324825082286715,212.71836053295954,579.7404372315602,0.3017325210847797,26.523055555555555
135.0,58660.3,52.238506,-2.1358722,95.44,17.171,69.65,-0.12,0.1,7.599976,95.09999,95.06999,95.28,94.8,0.5,95.1,0.0,0.02957988,0.0,6.0,3.0,2355.0,86.0,0.0,0.0,0.0,13.8,10.5,12.0,0.7826729584759194,2.5329455508414194,213.50103349143546,582.2733827824017,0.29969048585994634,26.51111111111111
135.0,58660.4,52.2385287,-2.1358606,95.386,17.281,69.64,-0.13,0.1,7.599976,95.03,95.12999,95.25,94.75,0.6000061,95.12,0.0,0.0397799,0.0,6.0,3.0,2356.0,86.0,0.0,0.0,0.0,13.8,10.5,12.0,0.787088832062687,2.5300059704604756,214.28812232349816,584.8033887528621,0.30161034803714004,26.49611111111111
136.0,58660.5,52.23855160000001,-2.1358494,95.522,16.929000000000002,69.62,-0.14,0.1,7.599976,95.19,95.11,95.28999,94.81,0.5,95.18,0.0,0.02957988,0.0,6.0,3.0,2357.0,86.0,0.0,0.0,0.0,13.8,10.5,12.0,0.7726308730211673,2.5384077942154137,215.06075319651933,587.3417965470776,0.2954667890701201,26.53388888888889
136.0,58660.6,52.2385743,-2.1358381000000004,95.281,16.938,69.61,-0.13,0.1,7.599976,95.14,95.25999,95.14999,94.59,0.3999939,95.17,0.0,0.009180069,0.0,6.0,3.0,2367.0,86.0,0.0,0.2399902,0.0,13.8,10.5,12.0,0.7710792582155825,2.531882355047879,215.83183245473492,589.8736789021254,0.2956238687027995,26.466944444444444
136.0,58660.7,52.2385973,-2.1358271,95.407,16.646,69.57,-0.15,0.1,7.599976,95.09,95.14,95.20999,94.83,0.5,95.18,0.0,0.009180069,0.0,6.0,3.0,2366.0,86.0,0.0,0.0,0.0,13.7,10.5,12.0,0.7591685147985338,2.5391324816761305,216.59100096953347,592.4128113838016,0.2905275072869761,26.501944444444444
136.0,58660.8,52.2386199,-2.1358154,95.26,17.241,69.59,-0.12,0.1,7.599976,95.06999,95.06,95.28999,94.65999,0.6000061,95.07,0.0,0.01937985,0.0,6.0,3.0,2365.0,86.0,0.0,0.0,0.0,13.8,10.5,12.0,0.7842849925762359,2.5272121127371507,217.3752859621097,594.9400234965387,0.30091221633634235,26.461111111111112
136.0,58660.9,52.2386426,-2.1358041,95.314,17.014,69.59,-0.1,0.1,7.599976,95.03,95.12,95.33,94.95,0.3999939,95.05,0.0,0.01937985,0.0,6.0,3.0,2354.0,86.0,0.0,0.0,0.0,13.8,10.5,12.0,0.7747052164062539,2.5317338768819977,218.14999117851596,597.4717573734207,0.2969503189343152,26.47611111111111
136.0,58661.0,52.2386654,-2.1357928,95.386,16.953,69.58,-0.1,0.1,7.599976,95.15999,95.17999,95.17,94.53999,0.5,95.03,0.0,0.02957988,0.0,6.0,3.0,2366.0,86.0,0.0,0.0,0.0,13.8,10.5,12.0,0.7725925395406432,2.5344703209881145,218.92258371805661,600.0062276944088,0.2958856680905987,26.49611111111111
136.0,58661.1,52.2386881,-2.1357816,95.267,16.855,69.58,-0.09,0.1,7.599976,95.11,95.11,95.25999,94.73,0.3000183,95.16,0.0,0.01937985,0.0,6.0,3.0,2367.0,86.0,0.0,0.0,0.0,13.8,10.5,12.0,0.7672979481442312,2.5326245185849894,219.68988166620085,602.5388522129938,0.29417524542364426,26.463055555555552
136.0,58661.2,52.238711,-2.1357706000000003,95.173,16.584,69.56,-0.1,0.1,7.599976,95.2,95.12,95.26999,94.81999,0.5,95.04,0.0,0.01937985,0.0,6.0,3.0,2365.0,86.0,0.0,0.0,0.0,13.8,10.5,12.0,0.7545652302761863,2.533722879251925,220.44444689647705,605.0725750922458,0.28944540315073963,26.436944444444443
135.0,58661.3,52.23873390000001,-2.1357599,95.332,16.299,69.53,-0.11,0.1,7.799988000000001,95.03999,95.14999,95.25,94.62999,0.8999939,95.07999,0.0,0.0,0.0,6.0,3.0,2366.0,86.0,0.0,0.0,0.0,13.7,10.5,13.5,0.7431922697704589,2.541684029721939,221.1876391662475,607.6142591219677,0.28447121478255577,26.481111111111108
136.0,58661.4,52.2387568,-2.1357487,95.504,16.579,69.53,-0.1,0.1,8.0,95.12,95.03999,95.28,94.83,0.7000122,95.07,0.0,0.009180069,0.0,6.0,3.0,2357.0,86.0,0.0,0.0,0.0,13.8,10.5,14.0,0.7569676345271046,2.5426009236741347,221.9446068007746,610.1568600456419,0.2893581366881399,26.52888888888889
136.0,58661.5,52.2387795,-2.1357376,95.195,16.611,69.54,-0.08,0.1,8.200012,95.12,95.19,95.14,94.53,0.3000183,95.07,0.0,0.009180069,0.0,6.0,3.0,2355.0,86.0,0.0,0.0,0.0,13.8,10.5,14.0,0.7559338349954006,2.5339526254946287,222.70054063577,612.6908126711365,0.2899166420487781,26.443055555555553
136.0,58661.6,52.2388025,-2.1357269,95.612,16.195999999999998,69.52,-0.1,0.1,8.299988,95.09,95.11,95.31,94.73,0.0,95.09,0.0,0.0,0.0,6.0,3.0,2356.0,86.0,0.0,0.0,0.0,13.8,10.5,14.0,0.7407913229870233,2.550485053065513,223.44133195875705,615.241297724202,0.2826735256530016,26.558888888888887
136.0,58661.7,52.2388253,-2.1357159,95.357,16.329,69.5,-0.1,0.1,8.299988,95.2,95.25,95.25,94.55,0.2000122,95.1,0.0,0.0,0.0,6.0,3.0,2356.0,86.0,0.0,0.0,0.0,13.8,10.5,14.0,0.7447182352540369,2.541960979484557,224.18605019401107,617.7832587036866,0.2849948135581541,26.488055555555555
136.0,58661.8,52.2388483,-2.1357051000000005,95.508,16.272000000000002,69.49,-0.1,0.1,8.399963,95.14,95.12,95.31,94.73999,0.3000183,95.18,0.0,0.0,0.0,6.0,3.0,2357.0,86.0,0.0,0.0,0.0,13.8,10.5,14.0,0.7433643019753663,2.5467270200295666,224.92941449598644,620.3299857237162,0.28399997588451736,26.529999999999998
136.0,58661.9,52.2388711,-2.1356942,95.191,16.250999999999998,69.48,-0.1,0.1,8.399963,95.23999,95.23999,95.28999,94.73,0.1000061,95.18999,0.0,0.0,0.0,6.0,3.0,2359.0,86.0,0.0,0.0,0.0,13.8,10.5,14.0,0.7399666303863455,2.538545576889559,225.66938112637277,622.8685313006057,0.28363345674159846,26.441944444444445
136.0,58662.0,52.2388939,-2.1356833,95.357,16.336,69.46,-0.1,0.1,8.399963,95.23,95.23999,95.37999,94.75999,0.2000122,95.24,0.0,0.0,0.0,6.0,3.0,2359.0,86.0,0.0,0.0,0.0,13.8,10.5,14.0,0.7450287888151822,2.5418699760173724,226.41440991518795,625.410401276623,0.28511698660579365,26.488055555555555
136.0,58662.1,52.2389171,-2.1356731,95.724,15.616,69.42,-0.13,0.1,8.399963,95.17999,95.03999,95.45,94.98999,0.0,95.23,0.0,0.0,0.0,6.0,3.0,2357.0,86.0,0.0,0.0,0.0,13.8,10.5,14.0,0.715772954997569,2.5608494834515456,227.1301828701855,627.9712507600746,0.2725506159914345,26.59
136.0,58662.2,52.2389398,-2.1356618000000003,95.364,16.51,69.44,-0.1,0.1,8.399963,95.23999,95.28999,95.37999,94.81,0.2000122,95.24,0.0,0.0,0.0,6.0,3.0,2359.0,86.0,0.0,0.0,0.0,13.8,10.5,14.5,0.7527999351884039,2.5397821279748265,227.8829828053739,630.5110328880494,0.2881538595042638,26.490000000000002
136.0,58662.3,52.2389627,-2.1356508,95.483,16.43,69.44,-0.09,0.1,8.399963,95.23999,95.17,95.39,94.84999,0.2000122,95.29,0.0,0.0,0.0,6.0,3.0,2370.0,86.0,0.0,0.0,0.0,13.8,10.5,16.0,0.7501879533056466,2.5440013354450013,228.63317075867954,633.0550342234944,0.2867575961026683,26.523055555555555
136.0,58662.4,52.2389854,-2.1356397,95.314,16.559,69.44,-0.08,0.1,8.399963,95.37,95.34,95.37999,94.69,0.0,95.25999,0.0,0.0,0.0,6.0,3.0,2374.0,86.0,0.0,0.0,0.0,13.8,10.5,17.5,0.7545758732387532,2.537806109064478,229.3877466319183,635.5928403325589,0.289009070837741,26.47611111111111
136.0,58662.5,52.2390085,-2.1356293,95.666,15.865,69.42,-0.09,0.1,8.399963,95.31,95.25,95.5,94.97,-0.1000061,95.38,0.0,0.0,0.0,6.0,3.0,2373.0,86.0,0.0,0.0,0.0,13.8,10.5,17.5,0.7264548471112878,2.5561649128917012,230.1142014790296,638.1490052454507,0.27689648582890036,26.573888888888888
136.0,58662.6,52.239031700000005,-2.1356189,95.792,15.593,69.38,-0.12,0.1,8.399963,95.39,95.48999,95.48,94.89,0.2000122,95.32,0.009180069,0.0,0.0,6.0,3.0,2361.0,86.0,0.0,0.0,0.0,13.8,10.5,17.5,0.7152526438734109,2.5629559759083733,230.829454122903,640.711961221359,0.2721491902634758,26.608888888888888
136.0,58662.7,52.2390546,-2.1356082,95.674,15.945,69.38,-0.1,0.1,8.399963,95.37999,95.37999,95.53999,94.92999,0.2000122,95.37,0.009180069,0.009180069,0.0,6.0,3.0,2374.0,86.0,0.0,0.0,0.0,13.7,10.5,17.5,0.7300842650005746,2.5553617716283945,231.5595383879036,643.2673229929875,0.27829274923049585,26.57611111111111
136.0,58662.8,52.2390776,-2.1355976,95.627,15.815,69.37,-0.1,0.1,8.399963,95.42,95.37999,95.48,95.09,0.0,95.39,0.01937985,0.0,0.0,6.0,3.0,2371.0,86.0,0.0,0.0,0.0,13.8,10.5,18.5,0.7239286529252967,2.555755565375741,232.2834670408289,645.8230785583632,0.2760238212029032,26.563055555555554
136.0,58662.9,52.2391007,-2.1355869,95.99,15.824000000000002,69.35,-0.11,0.1,8.399963,95.45,95.51999,95.64999,94.98999,0.2000122,95.43,0.009180069,0.0,0.0,6.0,3.0,2378.0,86.0,0.0,0.0,0.0,13.8,10.5,18.5,0.7270796575050245,2.565343033286679,233.0105466983339,648.38842159165,0.2761809008355827,26.663888888888888
136.0,58663.0,52.2391238,-2.1355763,96.012,15.841,69.33,-0.12,0.1,8.299988,95.65999,95.51999,95.72,95.17999,0.3000183,95.6,0.009180069,0.0,0.0,6.0,3.0,2376.0,86.0,0.0,0.0,0.0,13.8,10.5,18.5,0.7280075923116509,2.565715094381407,233.73855429064557,650.9541366860313,0.2764776068084217,26.669999999999998
136.0,58663.1,52.23914679999999,-2.1355657,95.821,15.782,69.31,-0.13,0.1,8.299988,95.78,95.8,95.62,95.09,0.2000122,95.79,0.009180069,0.0,0.0,6.0,3.0,2383.0,86.0,0.0,0.0,0.0,13.7,10.5,18.5,0.7239221823195787,2.5613578409765547,234.46247647296514,653.515494527008,0.27544786254974507,26.616944444444442
136.0,58663.2,52.2391698,-2.1355549000000003,95.922,15.985,69.29,-0.14,0.1,8.299988,95.86,95.81,95.86,95.37999,0.0,95.85,0.009180069,0.009180069,0.0,6.0,3.0,2376.0,86.0,0.0,0.0,0.0,13.7,10.5,18.5,0.7337651674090422,2.5614739758774014,235.19624164037418,656.0769685028854,0.2789908809312936,26.645
136.0,58663.3,52.2391928,-2.1355439,95.864,16.188,69.3,-0.11,0.1,8.299988,95.89999,95.92,95.95,95.48999,0.2000122,95.88,0.009180069,0.0,0.0,6.0,3.0,2386.0,86.0,0.0,0.0,0.0,13.8,10.5,18.5,0.7423867307089128,2.5573109268595466,235.9386283710831,658.634279429745,0.28253389931284206,26.628888888888888
136.0,58663.4,52.2392158,-2.1355331000000004,95.94,16.07,69.31,-0.1,0.1,8.200012,95.81,95.84999,96.14999,95.58,0.3999939,95.87,0.01937985,0.009180069,0.0,6.0,3.0,2376.0,86.0,0.0,0.0,0.0,13.8,10.5,18.5,0.7377027874736197,2.5608630571261815,236.6763311585567,661.1951424868712,0.28047441079548874,26.65
136.0,58663.5,52.2392389,-2.1355223,96.224,15.92,69.31,-0.08,0.1,8.200012,95.95999,95.92,96.03,95.73,0.3999939,95.89,0.01937985,0.0,0.0,6.0,3.0,2377.0,86.0,0.0,0.4799805,0.0,13.8,10.5,18.5,0.7331598253517704,2.5703718958228285,237.40949098390848,663.765514382694,0.27785641691749724,26.72888888888889
136.0,58663.6,52.239262100000005,-2.1355118,96.444,15.729,69.29,-0.09,0.1,8.200012,96.05,96.08,96.2,95.58,0.2000122,96.00999,0.009180069,0.009180069,0.0,6.0,3.0,2379.0,86.0,0.0,0.0,0.0,13.7,10.5,18.5,0.7262438769648187,2.578683933942101,238.1357348608733,666.3441983166362,0.2745228380461881,26.79
136.0,58663.7,52.239285200000005,-2.135501,96.188,15.872,69.3,-0.07,0.1,8.200012,96.2,96.17999,96.05,95.61,0.0,96.07999,0.01937985,0.0,0.0,6.0,3.0,2381.0,86.0,0.0,0.0,0.0,13.8,10.5,18.5,0.7307327294092538,2.5700233292205743,238.86646759028255,668.9142216458567,0.27701865887654,26.718888888888888
136.0,58663.8,52.2393084,-2.1354905000000004,96.397,15.630999999999998,69.28,-0.09,0.1,8.0,96.22,96.28999,96.25,95.48999,0.0,96.21,0.009180069,0.0,0.0,6.0,3.0,2387.0,86.0,0.0,0.0,0.0,13.8,10.5,18.5,0.7214804072673867,2.578665073199296,239.58794799754995,671.4928867190561,0.2728124153792336,26.776944444444446
136.0,58663.9,52.2393316,-2.1354797,96.491,15.796,69.27,-0.09,0.1,8.0,96.37,96.34999,96.40999,96.01999,0.2000122,96.28,0.009180069,0.0,0.0,6.0,3.0,2388.0,86.0,0.0,0.0,0.0,13.8,10.5,18.5,0.72961420619772,2.579089176677776,240.31756220374766,674.0719758957339,0.2756922086450243,26.803055555555556
136.0,58664.0,52.2393548,-2.1354691,96.559,15.761,69.26,-0.08,0.1,7.899963,96.31,96.33,96.53999,95.87999,0.5,96.36,0.01937985,0.0,0.0,6.0,3.0,2384.0,86.0,0.0,-0.230011,0.0,13.7,10.5,18.0,0.7285516641070495,2.5813522639375455,241.0461138678547,676.6533281596714,0.2750813434068263,26.821944444444444
136.0,58664.1,52.239378,-2.1354583000000003,96.523,15.839,69.27,-0.07,0.1,7.899963,96.42999,96.34,96.5,96.19,0.3999939,96.37,0.01937985,0.009180069,0.0,6.0,3.0,2398.0,86.0,0.0,-0.230011,0.0,13.7,10.5,17.5,0.7317921942675913,2.5793960210345324,241.7779060621223,679.232724180706,0.27644270022338185,26.811944444444443
136.0,58664.2,52.2394013,-2.1354478,96.768,15.499,69.26,-0.07,0.1,7.899963,96.48999,96.51999,96.59999,95.98,0.3999939,96.43,0.009180069,0.009180069,0.0,6.0,3.0,2390.0,86.0,0.0,0.0,0.0,13.8,10.5,17.5,0.7182915465959495,2.5902511951717733,242.49619760871823,681.8229753758777,0.27050858076660117,26.88
136.0,58664.3,52.2394245,-2.1354373,96.559,15.488,69.25,-0.07,0.1,7.899963,96.56,96.42,96.59,96.17999,0.2000122,96.55,0.009180069,0.01937985,0.0,6.0,3.0,2389.0,86.0,0.0,0.0,0.0,13.8,10.5,17.5,0.716243945317089,2.584794314564556,243.2124415540353,684.4077696904423,0.27031659454888174,26.821944444444444
136.0,58664.4,52.2394479,-2.1354267000000005,96.998,15.522,69.24,-0.07,0.1,7.799988000000001,96.58,96.64,96.67,95.98,0.3999939,96.57,0.009180069,0.0,0.0,6.0,3.0,2404.0,86.0,0.0,0.0,0.0,13.8,10.5,17.5,0.721041002268654,2.5961185176365347,243.93348255630397,687.0038882080788,0.2709100064945598,26.94388888888889
136.0,58664.5,52.2394711,-2.1354161,96.815,15.550999999999998,69.24,-0.07,0.1,7.799988000000001,96.62,96.62,96.84999,96.12999,0.2000122,96.71,0.009180069,0.0,0.0,6.0,3.0,2404.0,86.0,0.0,0.0,0.0,13.7,10.5,17.5,0.720992102105754,2.5908559897923897,244.65447465840973,689.5947441978713,0.2714161519776382,26.893055555555556
136.0,58664.6,52.239494400000005,-2.1354056,96.714,15.507,69.23,-0.06,0.1,7.799988000000001,96.73,96.75,96.8,96.3,0.3000183,96.68999,0.009180069,0.0,0.0,6.0,3.0,2396.0,86.0,0.0,0.0,0.0,13.7,10.5,17.5,0.718252172731889,2.588705480808105,245.37272683114162,692.1834496786794,0.2706482071067607,26.865
136.0,58664.7,52.2395177,-2.1353950000000004,96.916,15.524,69.24,-0.05,0.1,7.700011999999999,96.67,96.70999,96.87999,96.23999,0.3999939,96.74,0.009180069,0.009180069,0.0,6.0,3.0,2397.0,86.0,0.0,0.0,0.0,13.7,10.5,17.5,0.7205219944675347,2.5938986661117713,246.09324882560915,694.7773483447911,0.2709449130795997,26.92111111111111
136.0,58664.8,52.239541,-2.1353844,97.016,15.459,69.24,-0.05,0.1,7.700011999999999,96.8,96.83,96.87,96.55,0.5,96.68,0.009180069,0.0,0.0,6.0,3.0,2398.0,86.0,0.0,0.0,0.0,13.7,10.5,17.5,0.7183192599371676,2.597391684798446,246.81156808554633,697.3747400295896,0.2698104490658034,26.948888888888888
136.0,58664.9,52.2395644,-2.1353738000000004,97.07,15.448,69.24,-0.05,0.1,7.700011999999999,96.8,96.84,96.98,96.26999,0.5,96.84,0.009180069,0.0,0.0,6.0,3.0,2401.0,86.0,0.0,0.0,0.0,13.8,10.5,17.5,0.7182201288508919,2.59897535321843,247.52978821439723,699.973715382808,0.26961846284808405,26.963888888888885
136.0,58665.0,52.2395877,-2.1353633,97.06,15.372,69.24,-0.04,0.1,7.700011999999999,96.87999,96.89,96.89999,96.59999,0.5,96.85,0.009180069,0.009180069,0.0,6.0,3.0,2400.0,86.0,0.0,0.0,0.0,13.7,10.5,17.5,0.7146984518539499,2.599657909490085,248.2444866662512,702.5733732922981,0.2682920126165683,26.961111111111112
136.0,58665.1,52.239611100000005,-2.1353528,97.117,15.331,69.24,-0.04,0.1,7.599976,96.87999,97.00999,97.2,96.37999,0.2000122,96.9,0.009180069,0.009180069,0.0,6.0,3.0,2401.0,86.0,0.0,0.0,0.0,13.7,10.5,17.5,0.713256618077926,2.6016956609785207,248.95774328432913,705.1750689532767,0.2675764276232507,26.976944444444445
136.0,58665.2,52.2396345,-2.1353423,97.207,15.335,69.25,-0.03,0.1,7.299988000000001,97.01999,97.0,97.03999,96.67,0.3000183,96.98,0.009180069,0.0,0.0,6.0,3.0,2403.0,86.0,0.0,0.0,0.0,13.7,10.5,17.0,0.7140994044995232,2.60405685005187,249.67184268882866,707.7791258033285,0.26764624079333044,27.00194444444444
136.0,58665.3,52.2396579,-2.135332,97.15,15.124,69.22,-0.05,0.1,6.799988000000001,97.01999,97.03999,97.2,96.42,0.5,97.07,0.009180069,0.009180069,0.0,6.0,3.0,2404.0,86.0,0.0,0.0,0.0,13.8,10.5,15.0,0.7040916619431643,2.605140468495789,250.37593435077181,710.3842662718242,0.2639635960716224,26.98611111111111
136.0,58665.4,52.2396814,-2.1353217,97.276,15.066,69.22,-0.04,0.1,6.599976,97.06999,97.0,97.09999,96.87,0.6000061,97.02,0.0,0.01937985,0.0,6.0,3.0,2412.0,86.0,0.0,0.0,0.0,13.8,10.5,14.0,0.7023639018681447,2.6092315738819885,251.07829825263997,712.9934978457062,0.2629513051054657,27.02111111111111
136.0,58665.5,52.2397048,-2.1353115,97.247,15.002,69.21,-0.05,0.1,6.5,97.01999,97.05,97.19,96.51999,0.7000122,97.06,0.0,0.01937985,0.0,6.0,3.0,2404.0,86.0,0.0,0.0,0.0,13.8,10.5,14.0,0.6992404043770932,2.6092363943042547,251.77753865701706,715.6027342400105,0.2618342943841893,27.013055555555553
136.0,58665.6,52.2397283,-2.1353012,97.308,15.013,69.22,-0.03,0.1,6.599976,97.0,96.98999,97.06,96.70999,0.8000183000000001,96.98,0.0,0.0397799,0.0,6.0,3.0,2401.0,86.0,0.0,0.0,0.0,13.8,10.5,14.0,0.7001802547529301,2.61073870980114,252.47771891176998,718.2134729498116,0.2620262806019087,27.03
136.0,58665.7,52.2397518,-2.1352910000000005,97.409,15.007,69.21,-0.03,0.1,6.599976,96.98,97.00999,97.12999,96.42,0.7000122,96.97,0.0,0.01937985,0.0,6.0,3.0,2402.0,86.0,0.0,0.0,0.0,13.8,10.5,14.0,0.7006333172842383,2.6135218880251596,253.1783522290542,720.8269948378368,0.261921560846789,27.058055555555555
136.0,58665.8,52.2397753,-2.1352809,97.265,14.845,69.21,-0.03,0.1,6.599976,97.06,97.09,97.09999,96.47,0.7000122,97.07,0.0,0.01937985,0.0,6.0,3.0,2408.0,86.0,0.0,0.0,0.0,13.8,10.5,14.0,0.6922161474389698,2.611625942828646,253.8705683764932,723.4386207806654,0.25909412745855825,27.018055555555556
136.0,58665.9,52.2397987,-2.1352707,97.319,14.9,69.21,-0.02,0.1,6.599976,97.0,97.08,97.08,96.51999,0.7000122,97.04,0.0,0.01937985,0.0,6.0,3.0,2404.0,86.0,0.0,0.0,0.0,13.8,10.5,14.0,0.6951085082506079,2.6124098239853457,254.5656768847438,726.0510306046507,0.26005405854715513,27.033055555555556
136.0,58666.0,52.239822200000006,-2.1352606000000005,97.124,14.887,69.2,-0.02,0.1,6.599976,96.95,97.0,97.23999,96.56,0.7000122,97.06,0.0,0.02957988,0.0,6.0,3.0,2402.0,86.0,0.0,0.0,0.0,13.8,10.5,14.0,0.6931241384616069,2.6073326188792976,255.2588010232054,728.6583632235299,0.25982716574439585,26.978888888888886
136.0,58666.1,52.2398457,-2.1352506,97.402,14.628,69.21,-0.0,0.1,6.599976,96.95,97.0,97.03999,96.65999,0.8999939,96.96,0.0,0.0397799,0.0,6.0,3.0,2403.0,86.0,0.0,0.0,0.0,13.8,10.5,14.0,0.6832810906744831,2.617911082465291,255.94208211387988,731.2762743059952,0.25530676298173055,27.05611111111111
136.0,58666.2,52.2398693,-2.1352406000000004,97.344,14.659,69.2,-0.01,0.1,6.599976,97.0,97.03,97.2,96.59999,0.6000061,96.95,0.0,0.02957988,0.0,6.0,3.0,2402.0,86.0,0.0,0.0,0.0,13.8,10.5,14.0,0.6842896998106301,2.6159823406768403,256.6263718136905,733.8922566466721,0.25584781504984877,27.04
136.0,58666.3,52.239892700000006,-2.1352307,97.207,14.559,69.21,-0.0,0.1,6.599976,96.97,97.09,96.94,96.73999,0.8000183000000001,96.93,0.0,0.02957988,0.0,6.0,3.0,2402.0,86.0,0.0,0.0,0.0,13.8,10.5,14.0,0.6787662809570476,2.61348931003063,257.3051380946476,736.5057459567028,0.25410248579785444,27.00194444444444
136.0,58666.4,52.2399163,-2.1352209,97.283,14.435,69.22,0.01,0.1,6.599976,96.81,96.90999,97.09,96.34999,0.7000122,96.95,0.0,0.02957988,0.0,6.0,3.0,2402.0,86.0,0.0,0.0,0.0,13.8,10.5,14.0,0.6736348215614373,2.6169966455397513,257.97877291620904,739.1227426022425,0.2519382775253815,27.023055555555555
136.0,58666.5,52.2399398,-2.1352111,97.175,14.364,69.22,0.01,0.1,6.599976,96.90999,97.05,96.98,96.76999,0.8000183000000001,96.85,0.0,0.0397799,0.0,6.0,3.0,2411.0,86.0,0.0,0.0,0.0,13.8,10.5,14.0,0.6696471216380345,2.6149231756850875,258.6484200378471,741.7376657779276,0.2506990937564655,26.993055555555554
136.0,58666.6,52.2399633,-2.1352014,97.175,14.271,69.22,0.02,0.1,6.599976,96.83,96.92999,97.11,96.31999,0.8999939,96.92,0.0,0.01937985,0.0,6.0,3.0,2401.0,86.0,0.0,0.0,0.0,13.8,10.5,14.0,0.6654018125872296,2.6160066724033246,259.3138218504343,744.3536724503309,0.24907593755211077,26.993055555555554
136.0,58666.7,52.2399868,-2.1351916,97.211,14.276,69.23,0.02,0.1,6.700011999999999,96.95,96.86,96.92999,96.62,0.8999939,96.9,0.0,0.01937985,0.0,6.0,3.0,2401.0,86.0,0.0,0.0,0.0,13.8,10.5,14.0,0.6658766927924207,2.6169177142890883,259.97969854322673,746.97059016462,0.24916320401471048,27.003055555555555
136.0,58666.8,52.2400103,-2.1351818,97.196,14.108,69.24,0.03,0.1,6.799988000000001,96.78999,96.87,97.06999,96.45999,0.8000183000000001,96.91,0.0,0.02957988,0.0,6.0,3.0,2411.0,86.0,0.0,0.0,0.0,13.8,10.5,14.0,0.6580990751641496,2.6184548152705958,260.6377976183909,749.5890449798907,0.24623105087136002,26.99888888888889
136.0,58666.9,52.2400338,-2.1351721,97.218,14.164,69.25,0.04,0.1,6.799988000000001,96.92999,96.89,96.90999,96.64,0.3999939,96.78,0.0,0.0397799,0.0,6.0,3.0,2410.0,86.0,0.0,0.0,0.0,13.8,10.5,14.0,0.6608075350605875,2.6184028818360154,261.2986051534515,752.2074478617267,0.24720843525247682,27.005
136.0,58667.0,52.2400574,-2.1351626,97.247,13.857,69.25,0.03,0.1,6.799988000000001,96.90999,97.00999,96.89999,96.50999,0.6000061,96.87,0.0,0.02957988,0.0,6.0,3.0,2412.0,86.0,0.0,0.0,0.0,13.8,10.5,14.0,0.6469612227920232,2.6226881020584125,261.9455663762435,754.8301359637851,0.24185027444885424,27.013055555555553
136.0,58667.1,52.2400809,-2.1351530000000003,97.009,13.913,69.27,0.04,0.1,6.799988000000001,96.84,96.81999,96.95999,96.34999,0.7000122,96.93,0.0,0.02957988,0.0,6.0,3.0,2410.0,86.0,0.0,0.0,0.0,13.8,10.5,14.0,0.6479346574289999,2.6156373656571965,262.5935010336725,757.4457733294423,0.24282765882997107,26.946944444444444
136.0,58667.2,52.2401044,-2.1351436,97.142,13.679,69.27,0.04,0.1,7.099976,96.76999,96.81,96.97,96.69,1.0,96.82,0.0,0.02957988,0.0,6.0,3.0,2408.0,86.0,0.0,0.0,0.0,13.8,10.5,14.0,0.6381205059597781,2.6218514098919963,263.2316215396323,760.0676247393343,0.23874358838030435,26.983888888888888
136.0,58667.3,52.240128000000006,-2.1351341,97.178,13.772,69.28,0.05,0.1,7.399963,96.75999,96.84,97.01999,96.42,0.8000183000000001,96.82,0.0,0.01937985,0.0,6.0,3.0,2409.0,86.0,0.0,0.0,0.0,13.8,10.5,14.0,0.6426133967098595,2.621783438010433,263.87423493634213,762.6894081773447,0.24036674458465906,26.993888888888886
136.0,58667.4,52.2401515,-2.1351246,97.139,13.812,69.3,0.06,0.1,7.399963,96.8,96.94,96.89999,96.51999,0.3999939,96.79,0.0,0.009180069,0.0,6.0,3.0,2408.0,86.0,0.0,0.0,0.0,13.8,10.5,14.0,0.6441849585074784,2.620282162358606,264.5184198948496,765.3096903397034,0.24106487628545678,26.983055555555552
136.0,58667.5,52.24017490000001,-2.1351151,96.872,13.792,69.32,0.06,0.1,7.5,96.84999,96.75999,96.92999,96.3,0.2000122,96.96,0.0,0.009180069,0.0,6.0,3.0,2411.0,86.0,0.0,0.0,0.0,13.8,10.5,14.0,0.641502150802086,2.613304039499036,265.1599220456517,767.9229943792024,0.24071581043505794,26.90888888888889
136.0,58667.6,52.240198500000005,-2.1351059,97.063,13.463,69.31,0.06,0.1,7.399963,96.7,96.75999,96.89999,96.62,0.5,96.79,0.0,0.009180069,0.0,6.0,3.0,2407.0,86.0,0.0,0.0,0.0,13.8,10.5,14.0,0.6277209430466517,2.6221042885273858,265.78764298869834,770.5450986677297,0.23497367719599657,26.961944444444445
136.0,58667.7,52.2402221,-2.1350967,97.261,13.439,69.33,0.07,0.1,7.599976,96.73999,96.76999,97.08,96.39,0.6000061,96.81,0.0,0.0,0.0,6.0,3.0,2407.0,86.0,0.0,0.0,0.0,13.8,10.5,14.0,0.6279007985180649,2.627716396105628,266.4155437872164,773.1728150638353,0.23455479817551794,27.01694444444444
136.0,58667.8,52.24024570000001,-2.1350873,97.096,13.58,69.34,0.07,0.1,7.599976,96.76999,96.83,96.78,96.50999,0.6000061,96.73,0.0,0.01937985,0.0,6.0,3.0,2406.0,86.0,0.0,0.0,0.0,13.8,10.5,14.0,0.6332892957956651,2.621708033612752,267.0488330830121,775.7945230974481,0.23701571242082994,26.97111111111111
136.0,58667.9,52.24026919999999,-2.1350782999999995,97.024,13.231,69.34,0.07,0.1,7.700011999999999,96.69,96.75999,96.92,96.19,0.3000183,96.74,0.0,0.009180069,0.0,6.0,3.0,2407.0,86.0,0.0,0.0,0.0,13.8,10.5,14.0,0.6168505454351557,2.6235699544382114,267.66568362844725,778.4180930518863,0.23092451333136974,26.95111111111111
136.0,58668.0,52.240292700000005,-2.1350691,96.829,13.372,69.36,0.08,0.1,7.700011999999999,96.75999,96.7,96.73,96.25,0.3999939,96.72,0.0,0.0,0.0,6.0,3.0,2408.0,86.0,0.0,0.0,0.0,13.8,10.5,14.0,0.6220523257639048,2.6167741798800725,268.28773595421114,781.0348672317664,0.23338542757668174,26.896944444444443
136.0,58668.1,52.2403164,-2.1350601,97.164,13.19,69.35,0.06,0.1,7.799988000000001,96.56,96.64,96.89999,96.22,0.3999939,96.72,0.0,0.009180069,0.0,6.0,3.0,2404.0,86.0,0.0,0.2399902,0.0,13.8,10.5,14.0,0.6158603707161435,2.6277969867897664,268.90359632492726,783.6626642185562,0.23020892833805207,26.99
136.0,58668.2,52.24034,-2.135051,96.966,13.254,69.37,0.07,0.1,7.899963,96.76999,96.73999,96.81,96.34999,0.5,96.67,0.0,0.009180069,0.0,6.0,3.0,2406.0,86.0,0.0,0.0,0.0,13.8,10.5,14.0,0.6175342874070823,2.6217539270260715,269.52113061233433,786.2844181455822,0.23132593905932844,26.935
136.0,58668.3,52.2403636,-2.135042,97.124,13.195,69.37,0.07,0.1,8.0,96.65999,96.73999,96.94,96.17999,0.3999939,96.73,0.0,0.0,0.0,6.0,3.0,2407.0,86.0,0.0,0.0,0.0,13.8,10.5,14.0,0.6158360581311257,2.6266614563539856,270.1369666704655,788.9110796019362,0.23029619480065178,26.978888888888886
136.0,58668.4,52.24038710000001,-2.1350329,96.952,13.21,69.38,0.08,0.1,8.299988,96.73999,96.73,96.86,96.15999,0.3999939,96.64,0.0,0.0,0.0,6.0,3.0,2404.0,86.0,0.0,0.0,0.0,13.8,10.5,14.0,0.6154318738364817,2.6218487876794576,270.75239854430197,791.5329283896157,0.23055799418845094,26.93111111111111
136.0,58668.5,52.2404106,-2.1350236,96.872,13.417,69.41,0.1,0.1,8.5,96.67999,96.67,96.81999,96.28,0.3000183,96.75,0.0,0.0,0.0,6.0,3.0,2405.0,86.0,0.0,0.0,0.0,13.8,10.5,14.0,0.624384498065207,2.6174466586583076,271.37678304236715,794.150375048274,0.2341708257400792,26.90888888888889
136.0,58668.6,52.2404341,-2.1350144,96.8,13.41,69.44,0.12,0.1,8.700012,96.67,96.69,96.86,96.23999,0.2000122,96.63,0.0,0.0,0.0,6.0,3.0,2406.0,86.0,0.0,0.0,0.0,13.8,10.5,14.0,0.6236008766080532,2.615577451249301,272.0003839189752,796.7659524995233,0.2340486526924396,26.888888888888886
136.0,58668.7,52.2404577,-2.1350054,97.164,13.245,69.46,0.13,0.1,9.0,96.62,96.64999,96.73,96.36,0.0,96.64,0.0,0.0,0.0,6.0,3.0,2402.0,86.0,0.0,0.0,0.0,13.8,10.5,13.5,0.6183825906031869,2.6272045926495506,272.6187665095784,799.3931570921729,0.23116885942664894,26.99
136.0,58668.8,52.240481300000006,-2.1349966,96.934,12.966,69.47,0.13,0.1,9.099976,96.55,96.58,96.86,96.20999,-0.1000061,96.64,0.0,-0.009180069,0.0,6.0,3.0,2403.0,86.0,0.0,0.0,0.0,13.8,10.5,13.5,0.6041487264473394,2.623958633822391,273.22291523602576,802.0171157259954,0.22629939081358474,26.92611111111111
136.0,58668.9,52.240504900000005,-2.1349878,96.779,12.863,69.47,0.12,0.1,9.099976,96.64,96.61,96.73,96.28999,-0.1000061,96.63,0.0,-0.01938009,0.0,6.0,3.0,2404.0,86.0,0.0,0.0,0.0,13.8,10.5,13.5,0.5984721855215923,2.62084295660535,273.82138742154734,804.6379586826007,0.2245017016840306,26.883055555555554
136.0,58669.0,52.2405284,-2.1349788,96.941,13.059,69.49,0.13,0.1,9.099976,96.61,96.56999,96.78999,96.06999,-0.2999877999999999,96.65,0.0,-0.01938009,0.0,6.0,3.0,2403.0,86.0,0.0,0.0,0.0,13.8,10.5,13.5,0.6084509590135504,2.6231639656160186,274.4298383805609,807.2611226482168,0.2279225470179395,26.928055555555556
136.0,58669.1,52.24055210000001,-2.1349701,96.962,12.797,69.48,0.1,0.1,9.099976,96.53999,96.51999,96.58,96.20999,0.1000061,96.53,0.0,-0.009180069,0.0,6.0,3.0,2403.0,86.0,0.0,0.0,0.0,13.8,10.5,13.5,0.5965787400829972,2.6264876762838822,275.0264171206439,809.8876103245007,0.22334978437771436,26.933888888888887
136.0,58669.2,52.2405754,-2.1349607,96.62,13.484000000000002,69.52,0.14,0.1,9.299988,96.42999,96.50999,96.78999,96.14,0.0,96.46,0.0,0.0,0.0,6.0,3.0,2400.0,86.0,0.0,0.0,0.0,13.8,10.5,13.5,0.625812618909099,2.609907686857022,275.652229739553,812.4975180113577,0.23534019633891543,26.83888888888889
136.0,58669.3,52.2405992,-2.1349523,97.063,12.656,69.51,0.11,0.1,9.299988,96.50999,96.40999,96.59999,95.92999,0.0,96.47,0.0,-0.009180069,0.0,6.0,3.0,2399.0,86.0,0.0,0.0,0.0,13.8,10.5,13.5,0.5907280679577083,2.6306852400049765,276.24295780751066,815.1282032513626,0.22088887013240235,26.961944444444445
136.0,58669.4,52.2406227,-2.1349432,96.786,13.161,69.53,0.12,0.1,9.299988,96.42,96.40999,96.67,95.95,0.0,96.50999,0.0,0.0,0.0,6.0,3.0,2400.0,86.0,0.0,0.0,0.0,13.8,10.5,13.5,0.6121395190182686,2.6178841569588376,276.85509732652895,817.7460874083215,0.2297027828549737,26.884999999999998
136.0,58669.5,52.240646100000006,-2.1349341,96.502,13.349,69.57,0.15,0.1,9.299988,96.39999,96.37999,96.58,96.00999,0.0,96.46,0.0,-0.009180069,0.0,6.0,3.0,2398.0,86.0,0.0,0.0,0.0,13.8,10.5,13.5,0.6189046576928947,2.6081857590475384,277.47400198422184,820.354273167369,0.23298400184872306,26.806111111111107
136.0,58669.6,52.2406696,-2.1349251,96.71,13.19,69.57,0.14,0.1,9.399963,96.37,96.47,96.75999,96.12,0.0,96.47,0.0,-0.009180069,0.0,6.0,3.0,2398.0,86.0,0.0,0.0,0.0,13.8,10.5,13.5,0.6129827554645573,2.615518572644583,278.0869847396864,822.9697917400135,0.23020892833805207,26.863888888888887
136.0,58669.7,52.2406931,-2.1349161,96.646,13.217,69.58,0.14,0.1,9.5,96.39999,96.37999,96.47,95.87,-0.1000061,96.35,0.0,-0.009180069,0.0,6.0,3.0,2399.0,86.0,0.0,0.0,0.0,13.8,10.5,13.5,0.6138087508222699,2.613498734515714,278.70079349050866,825.5832904745292,0.23068016723609056,26.84611111111111
136.0,58669.8,52.2407165,-2.1349069,96.48,13.43,69.62,0.17,0.1,9.5,96.37,96.42999,96.59999,96.08,-0.1000061,96.39,0.0,-0.01938009,0.0,6.0,3.0,2399.0,86.0,0.0,0.0,0.0,13.8,10.5,13.5,0.6224493387785487,2.6067137972271044,279.3232428292872,828.1900042717564,0.23439771854283845,26.8
136.0,58669.9,52.240740200000005,-2.1348981,96.93,13.03,69.61,0.14,0.1,9.5,96.39999,96.34,96.48999,95.72,0.0,96.43999,0.0,-0.009180069,0.0,6.0,3.0,2397.0,86.0,0.0,0.0,0.0,13.8,10.5,13.5,0.6070542876172255,2.6231739061460537,279.93029711690446,830.8131781779024,0.22741640153486112,26.925
136.0,58670.0,52.2407636,-2.1348894,96.332,12.907,69.61,0.13,0.1,9.5,96.39999,96.40999,96.53999,96.14999,0.0,96.42,0.0,-0.01938009,0.0,6.0,3.0,2400.0,86.0,0.0,0.0,0.0,13.8,10.5,13.5,0.597711170810081,2.608279644127112,280.52800828771456,833.4214578220295,0.2252696465549081,26.758888888888887
136.0,58670.1,52.2407873,-2.1348807,96.754,12.839,69.59,0.1,0.1,9.5,96.34999,96.31,96.45,95.83,-0.1999817,96.36,0.0,-0.009180069,0.0,6.0,3.0,2396.0,86.0,0.0,0.0,0.0,13.8,10.5,13.5,0.5972200028850767,2.6204163319445732,281.12522829059964,836.0418741539742,0.22408282266355198,26.87611111111111
136.0,58670.2,52.2408107,-2.1348719,96.556,12.97,69.62,0.12,0.1,9.5,96.23999,96.25,96.44,95.90999,0.0,96.18999,0.0,-0.009180069,0.0,6.0,3.0,2384.0,86.0,0.0,0.0,0.0,13.8,10.5,13.5,0.6019752829774383,2.613684328879429,281.72720357357707,838.6555584828536,0.22636920398366456,26.821111111111108
136.0,58670.3,52.2408342,-2.1348631,96.545,12.91,69.64,0.13,0.1,9.399963,96.23999,96.28999,96.42999,95.64,-0.1000061,96.25999,0.0,-0.01938009,0.0,6.0,3.0,2396.0,86.0,0.0,0.0,0.0,13.8,10.5,13.5,0.599169642283314,2.614015450905891,282.3263732158604,841.2695739337595,0.22532200643246794,26.818055555555556
136.0,58670.4,52.2408577,-2.134854,96.617,13.219,69.66,0.14,0.1,9.0,96.28999,96.23999,96.31999,95.78999,-0.2999877999999999,96.28,0.0,-0.01938009,0.0,6.0,3.0,2395.0,86.0,0.0,0.0,0.0,13.8,10.5,13.5,0.6137157693878023,2.612693096105167,282.94008898524817,843.8822670298647,0.2307150738211304,26.838055555555556
136.0,58670.5,52.2408812,-2.1348452000000004,96.559,12.958,69.66,0.12,0.1,8.700012,95.89999,96.12,96.28,95.73999,0.0,96.16,0.0,0.0,0.0,6.0,3.0,2390.0,86.0,0.0,0.0,0.0,13.8,10.5,13.5,0.6014465474081683,2.613891560187499,283.5415355326563,846.4961585900522,0.22615976447342523,26.821944444444444
136.0,58670.6,52.24090460000001,-2.1348362,96.466,13.134,69.69,0.15,0.1,8.200012,96.09999,96.19,96.39,95.84,0.0,96.07,0.0,0.009180069,0.0,6.0,3.0,2393.0,86.0,0.0,0.0,0.0,13.8,10.5,13.5,0.6088859868156001,2.609515963133722,284.15042151947193,849.105674553186,0.22923154395693524,26.79611111111111
136.0,58670.7,52.240928,-2.1348272,96.39,13.278,69.72,0.16,0.1,7.899963,95.94,95.98,96.28,95.72,0.0,96.11,0.0,0.009180069,0.0,6.0,3.0,2388.0,86.0,0.0,0.0,0.0,13.7,10.5,13.5,0.6149576141736595,2.6059227507295457,284.7653791336456,851.7115973039155,0.2317448180798071,26.775
136.0,58670.8,52.2409514,-2.1348184,96.156,12.993,69.75,0.17,0.1,7.399963,96.00999,95.95999,96.14999,95.53999,0.3000183,95.98,0.0,0.009180069,0.0,6.0,3.0,2387.0,86.0,0.0,0.0,0.0,13.7,10.5,13.5,0.6005263011271997,2.6026158305932294,285.3659054347728,854.3142131345087,0.22677062971162323,26.71
136.0,58670.9,52.2409749,-2.1348093,96.628,13.185,69.77,0.18,0.1,7.200011999999999,96.05,96.14,95.95,95.53999,0.7000122,96.07,0.0,0.0,0.0,6.0,3.0,2389.0,86.0,0.0,0.0,0.0,13.8,10.5,13.5,0.612234954122804,2.613354323037803,285.9781403888956,856.9275674575465,0.23012166187545235,26.84111111111111
136.0,58671.0,52.2409984,-2.1348007,96.451,12.832,69.76,0.15,0.1,6.8999630000000005,96.00999,96.03999,96.00999,95.42999,0.3999939,96.03,0.0,0.009180069,0.0,6.0,3.0,2389.0,86.0,0.0,0.0,0.0,13.8,10.5,13.5,0.5950305706787935,2.612282812235238,286.5731709595744,859.5398502697817,0.2239606496159124,26.791944444444443
136.0,58671.1,52.241021700000005,-2.1347917,96.044,13.159,69.78,0.16,0.1,6.799988000000001,95.94,96.09,96.05,95.75999,0.8000183000000001,95.96,0.0,0.01937985,0.0,6.0,3.0,2387.0,86.0,0.0,0.0,0.0,13.8,10.5,13.5,0.6073559326140296,2.5978356173120987,287.1805268921884,862.1376858870938,0.22966787626993385,26.67888888888889
136.0,58671.2,52.2410451,-2.134783,96.192,12.880999999999998,69.8,0.17,0.1,6.700011999999999,95.81999,95.86,96.15999,95.62,0.7000122,95.91,0.0,0.0397799,0.0,6.0,3.0,2374.0,86.0,0.0,0.0,0.0,13.8,10.5,13.5,0.5956605717607103,2.604759582619806,287.77618746394916,864.7424454697135,0.22481586094938957,26.72
136.0,58671.3,52.2410686,-2.1347741,96.336,12.954,69.83,0.18,0.1,6.599976,95.89,96.05,95.94,95.59,0.6000061,95.89,0.0,0.0397799,0.0,6.0,3.0,2387.0,86.0,0.0,0.0,0.0,13.8,10.5,13.5,0.5998754612817474,2.607896744687567,288.3760629252309,867.350342214401,0.22608995130334547,26.759999999999998
136.0,58671.4,52.2410921,-2.1347657,96.322,12.521,69.82,0.15,0.1,6.399963,95.84999,95.94,95.95999,95.39999,0.7000122,95.95,0.0,0.0397799,0.0,6.0,3.0,2387.0,86.0,0.0,0.0,0.0,13.8,10.5,14.0,0.5800656140881061,2.6119760146781257,288.95612853931897,869.9623182290792,0.21853267564221002,26.75611111111111
136.0,58671.5,52.2411154,-2.1347569,95.98,12.845,69.86,0.18,0.1,6.299988,95.73,95.84,95.87,95.48,1.0,95.79,0.0,0.0397799,0.0,6.0,3.0,2382.0,86.0,0.0,0.0,0.0,13.8,10.5,15.0,0.5927146513075303,2.5993918132739275,289.5488431906265,872.5617100423531,0.22418754241867164,26.66111111111111
136.0,58671.6,52.2411388,-2.1347484,96.224,12.534,69.89,0.18,0.1,6.299988,95.67999,95.8,96.00999,95.59999,0.8999939,95.8,0.0,0.02957988,0.0,6.0,3.0,2376.0,86.0,0.0,0.0,0.0,13.8,10.5,15.5,0.5800674639799684,2.609186990151823,290.12891065460644,875.1708970325049,0.21875956844496927,26.72888888888889
136.0,58671.7,52.2411623,-2.1347399,96.152,12.564,69.9,0.19,0.1,6.299988,95.83,95.87999,95.8,95.26999,0.5,95.73,0.0,0.01937985,0.0,6.0,3.0,2374.0,86.0,0.0,0.0,0.0,13.8,10.5,15.5,0.5809984914929203,2.606930802624626,290.70990914609933,877.7778278351295,0.21928316722056757,26.70888888888889
136.0,58671.8,52.2411857,-2.1347315,95.998,12.456,69.92,0.19,0.1,6.5,95.72,95.81,95.86,95.48999,0.8000183000000001,95.87,0.0,0.02957988,0.0,6.0,3.0,2374.0,86.0,0.0,0.0,0.0,13.8,10.5,15.5,0.5751608403773744,2.6038442398879447,291.2850699864767,880.3816720750175,0.2173982116284137,26.66611111111111
136.0,58671.9,52.2412092,-2.1347233,96.037,12.206,69.93,0.18,0.1,6.5,95.81999,95.75,95.78999,95.31,0.8000183000000001,95.75999,0.0,0.02957988,0.0,6.0,3.0,2374.0,86.0,0.0,0.0,0.0,13.7,10.5,16.0,0.5640230335919957,2.607387901041469,291.84909302006866,882.9890599760589,0.21303488849842786,26.676944444444445
136.0,58672.0,52.2412326,-2.134715,96.07,12.299,69.95,0.19,0.1,6.599976,95.72,95.78999,95.84,95.36,0.7000122,95.7,0.0,0.01937985,0.0,6.0,3.0,2380.0,86.0,0.0,0.0,0.0,13.8,10.5,16.0,0.5684497488072464,2.6073645977167557,292.41754276887593,885.5964245737757,0.21465804470278257,26.68611111111111
136.0,58672.1,52.2412561,-2.1347068000000005,96.106,12.17,69.97,0.19,0.1,6.8999630000000005,95.8,95.73999,95.83,95.37999,0.7000122,95.8,0.0,0.01937985,0.0,6.0,3.0,2373.0,86.0,0.0,0.0,0.0,13.8,10.5,16.0,0.5627887104691265,2.6096153647494487,292.98033147934507,888.2060399385251,0.2124065699677099,26.696111111111108
136.0,58672.2,52.2412795,-2.1346986,95.962,12.081,69.99,0.2,0.1,7.299988000000001,95.73,95.83,95.84,95.39,0.7000122,95.77,0.0,0.0,0.0,6.0,3.0,2373.0,86.0,0.0,0.0,0.0,13.8,10.5,15.0,0.5578972280564183,2.6065750092038362,293.53822870740146,890.812614947729,0.21085322693343495,26.656111111111112
136.0,58672.3,52.2413029,-2.1346904,96.026,12.126,70.01,0.2,0.1,7.5,95.64999,95.72,95.76999,95.34,0.7000122,95.74,0.0,0.02957988,0.0,6.0,3.0,2371.0,86.0,0.0,0.0,0.0,13.8,10.5,12.5,0.5603176989929959,2.6078741458826373,294.09854640639446,893.4204890936116,0.2116386250968324,26.673888888888886
136.0,58672.4,52.241326400000005,-2.1346823,95.965,11.912,70.03,0.2,0.1,7.399963,95.64,95.69,95.78999,95.25,0.3000183,95.62,0.0,0.0397799,0.0,6.0,3.0,2365.0,86.0,0.0,0.0,0.0,13.8,10.5,12.0,0.5502236426411246,2.6082907840616065,294.6487700490356,896.0287798776733,0.20790362049756456,26.656944444444445
136.0,58672.5,52.2413499,-2.1346744,96.113,11.771,70.06,0.21,0.1,7.399963,95.64,95.64999,95.84,95.34,0.3000183,95.64,0.0,0.01937985,0.0,6.0,3.0,2369.0,86.0,0.0,0.0,0.0,13.8,10.5,11.5,0.5446418721060922,2.613661595467952,295.19341192114166,898.6424414731413,0.20544270625225255,26.698055555555555
136.0,58672.6,52.2413733,-2.1346664,95.821,11.783,70.07,0.2,0.1,7.399963,95.62999,95.67,95.45999,95.00999,0.6000061,95.63,-0.009180069,0.009180069,0.0,6.0,3.0,2367.0,86.0,0.0,0.0,0.0,13.7,10.5,11.5,0.5435329297929988,2.605607274670736,295.73694485093466,901.248048747812,0.20565214576249183,26.616944444444442
136.0,58672.7,52.2413967,-2.1346585,95.699,11.78,70.09,0.2,0.1,7.399963,95.40999,95.5,95.7,95.33,0.8000183000000001,95.55,0.0,0.01937985,0.0,6.0,3.0,2366.0,86.0,0.0,0.0,0.0,13.7,10.5,11.5,0.5427046433610733,2.6023182158936407,296.2796494942957,903.8503669637057,0.205599785884932,26.583055555555553
136.0,58672.8,52.2414201,-2.1346505,95.854,11.701,70.11,0.21,0.1,7.399963,95.42999,95.44,95.58,94.98999,0.7000122,95.36,0.0,0.01937985,0.0,6.0,3.0,2364.0,86.0,0.0,0.0,0.0,13.7,10.5,11.5,0.5399892115131332,2.607280111622411,296.81963870580887,906.4576470753282,0.20422097577585652,26.62611111111111
136.0,58672.9,52.2414435,-2.1346427,95.782,11.566,70.14,0.22,0.1,7.399963,95.37,95.45999,95.56999,95.11,0.6000061,95.38,0.0,0.009180069,0.0,6.0,3.0,2371.0,86.0,0.0,0.0,0.0,13.8,10.5,11.5,0.5334434660601739,2.6065858038985805,297.35308217186906,909.0642328792268,0.20186478128566418,26.606111111111108
136.0,58673.0,52.2414669,-2.1346348,95.785,11.646,70.15,0.21,0.1,7.399963,95.39999,95.34,95.34,94.73,0.5,95.41,-0.009180069,0.01937985,0.0,6.0,3.0,2373.0,86.0,0.0,0.0,0.0,13.8,10.5,11.5,0.5370992472768562,2.60592005350743,297.8901814191459,911.6701529327343,0.20326104468725964,26.606944444444444
136.0,58673.1,52.2414903,-2.1346271000000003,95.587,11.377,70.17,0.21,0.1,7.399963,95.31,95.39999,95.37,94.81999,0.5,95.34,-0.009180069,0.009180069,0.0,6.0,3.0,2361.0,86.0,0.0,0.0,0.0,13.8,10.5,11.0,0.523773794690483,2.6030210429046043,298.4139552138364,914.2731739756389,0.1985661089993949,26.551944444444445
136.0,58673.2,52.2415137,-2.1346193,95.472,11.487,70.2,0.21,0.1,7.399963,95.14999,95.17999,95.31999,94.89,0.5,95.31,-0.009180069,0.009180069,0.0,6.0,3.0,2366.0,86.0,0.0,0.0,0.0,13.8,10.5,11.0,0.5281341084580803,2.598880213377136,298.94208932229446,916.872054189016,0.20048597117658865,26.519999999999996
137.0,58673.3,52.241537,-2.1346117,95.432,11.311,70.23,0.22,0.1,7.399963,95.00999,95.11,95.3,94.75,0.7000122,95.07,0.0,0.01937985,0.0,6.0,3.0,2365.0,86.0,0.0,0.0,0.0,13.8,10.5,11.0,0.5199305152867159,2.599400731035571,299.4620198375812,919.4714549200515,0.1974141916930786,26.50888888888889
137.0,58673.4,52.2415604,-2.1346041,95.404,11.382,70.25,0.23,0.1,7.399963,94.92999,95.01999,95.25999,94.84999,0.5,95.0,0.0,0.009180069,0.0,6.0,3.0,2352.0,86.0,0.0,0.0,0.0,13.8,10.5,11.0,0.5229977565067283,2.5979919645609946,299.98501759408794,922.0694468846125,0.19865337546199457,26.501111111111108
137.0,58673.5,52.24158380000001,-2.1345967000000003,95.551,11.101,70.27,0.23,0.1,7.399963,94.98999,94.98999,95.05,94.44,0.6000061,94.92,-0.009180069,0.01937985,0.0,6.0,3.0,2361.0,86.0,0.0,0.0,0.0,13.8,10.5,11.0,0.5110361917340802,2.604532618274857,300.496053785822,924.6739795028874,0.19374900026389053,26.541944444444443
137.0,58673.6,52.241607,-2.1345891,94.896,11.267,70.3,0.23,0.1,7.399963,94.87,94.90999,95.06999,94.62,0.3999939,94.91,-0.009180069,0.0,0.0,6.0,3.0,2362.0,86.0,0.0,0.0,0.0,13.8,10.5,11.0,0.5150251549736743,2.5851973018987047,301.0110789407957,927.2591768047861,0.1966462468222011,26.36
137.0,58673.7,52.2416304,-2.1345815,95.213,11.263,70.31,0.23,0.1,7.399963,94.81999,94.81,94.81999,94.36,0.5,94.79,-0.009180069,0.009180069,0.0,6.0,3.0,2349.0,86.0,0.0,0.0,0.0,13.8,10.5,11.0,0.5165645110521989,2.5938692204155034,301.5276434518479,929.8530460252016,0.19657643365212132,26.448055555555552
137.0,58673.8,52.2416537,-2.134574,95.134,11.172,70.35,0.25,0.1,7.399963,94.75,94.81999,94.92,94.50999,0.6000061,94.79,0.0,0.009180069,0.0,6.0,3.0,2347.0,86.0,0.0,0.0,0.0,13.8,10.5,11.0,0.5120189649978928,2.5925335222616486,302.0396624168458,932.4455795474632,0.19498818403280652,26.426111111111112
136.0,58673.9,52.241677,-2.1345667,95.083,10.947,70.36,0.23,0.1,7.399963,94.62,94.56999,94.75,94.28999,0.2000122,94.7,-0.009180069,0.02957988,0.0,6.0,3.0,2344.0,86.0,0.0,0.0,0.0,13.8,10.5,11.0,0.5015651615939444,2.5931333328696073,302.5412275784397,935.0387128803328,0.19106119321581924,26.411944444444444
137.0,58674.0,52.241700300000005,-2.1345599,94.831,10.216,70.37,0.22,0.1,7.399963,94.55,94.58,94.76999,94.12999,0.3999939,94.55,0.0,0.01937985,0.0,6.0,3.0,2341.0,86.0,0.0,0.0,0.0,13.8,10.5,11.0,0.46719960100367397,2.5924322371016726,303.0084271794434,937.6311451174345,0.1783028363837407,26.341944444444444
137.0,58674.1,52.2417236,-2.1345525,95.119,10.894,70.4,0.23,0.1,7.399963,94.40999,94.45999,94.61,94.3,0.6000061,94.55,-0.009180069,0.01937985,0.0,6.0,3.0,2341.0,86.0,0.0,0.0,0.0,13.8,10.5,11.0,0.49935522808641236,2.594578161943836,303.5077824075298,940.2257232793783,0.19013616871226227,26.421944444444442
137.0,58674.2,52.2417469,-2.1345452000000003,94.846,10.845999999999998,70.42,0.22,0.1,7.399963,94.37999,94.44,94.51999,93.97,0.5,94.36,-0.009180069,0.01937985,0.0,6.0,3.0,2337.0,86.0,0.0,0.0,0.0,13.8,10.5,11.0,0.4957544694290576,2.587547721846157,304.0035368769589,942.8132710012244,0.18929841067130496,26.34611111111111
137.0,58674.3,52.2417701,-2.1345379,94.68,10.879,70.45,0.23,0.1,7.599976,94.34999,94.36,94.50999,94.14,0.3000183,94.43999,-0.009180069,0.009180069,0.0,6.0,3.0,2349.0,86.0,0.0,0.0,0.0,13.8,10.5,11.0,0.4963744271495325,2.582733518594587,304.4999113041084,945.396004519819,0.1898743693244631,26.3
137.0,58674.4,52.241793300000005,-2.1345308,94.604,10.644,70.45,0.21,0.1,7.599976,94.36,94.3,94.31,93.81999,0.5,94.32999,-0.009180069,0.01937985,0.0,6.0,3.0,2345.0,86.0,0.0,0.0,0.0,13.8,10.5,11.0,0.4853872037040008,2.5826728935012446,304.98529850781244,947.9786774133203,0.18577284558227644,26.278888888888886
137.0,58674.5,52.2418165,-2.1345235,94.662,10.767,70.49,0.23,0.1,7.599976,94.15999,94.20999,94.42999,93.95999,0.2000122,94.18999,0.0,0.009180069,0.0,6.0,3.0,2341.0,86.0,0.0,0.0,0.0,13.8,10.5,11.0,0.49123142744505977,2.5832076832284105,305.47652993525753,950.5618850965487,0.18791960056222945,26.295
137.0,58674.6,52.241839600000006,-2.1345162,94.525,10.873,70.54,0.27,0.1,7.599976,94.09999,94.05,94.23,93.75999,0.3000183,94.15,-0.009180069,0.009180069,0.0,6.0,3.0,2342.0,86.0,0.0,0.0,0.0,13.8,10.5,11.0,0.49529179270244383,2.5785572236558996,305.97182172796,953.1404423202047,0.18976964956934345,26.256944444444446
137.0,58674.7,52.2418627,-2.1345091000000003,94.396,10.616,70.56,0.26,0.1,7.599976,94.09,94.09999,94.14999,93.59,0.2000122,94.03,-0.009180069,0.009180069,0.0,6.0,3.0,2328.0,86.0,0.0,0.0,0.0,13.8,10.5,11.0,0.48306059780921695,2.57723090503287,306.45488232576923,955.7176732252375,0.18528415339171803,26.22111111111111
137.0,58674.8,52.24188589999999,-2.1345022,94.208,10.404000000000002,70.58,0.25,0.1,7.599976,93.89,94.06,94.03999,93.75,0.2000122,94.1,-0.009180069,0.009180069,0.0,6.0,3.0,2329.0,86.0,0.0,0.0,0.0,13.8,10.5,10.0,0.4725782362132768,2.5738642674872487,306.9274605619825,958.2915374927247,0.1815840553774901,26.168888888888887
137.0,58674.9,52.2419091,-2.1344952000000004,94.518,10.449000000000002,70.6,0.24,0.1,7.599976,94.0,93.92999,94.0,93.45999,0.5,93.93999,-0.009180069,0.01937985,0.0,6.0,3.0,2327.0,86.0,0.0,0.0,0.0,13.8,10.5,10.0,0.4761613117019338,2.5819606223252696,307.4036218736845,960.87349811505,0.18236945354088752,26.255
137.0,58675.0,52.2419321,-2.134488,94.122,10.661,70.64,0.26,0.1,7.799988000000001,93.84,93.87999,94.11,93.64999,0.3999939,93.87,-0.009180069,0.0,0.0,6.0,3.0,2326.0,86.0,0.0,0.0,0.0,13.8,10.5,10.0,0.4836765627609896,2.5693709799551554,307.88729843644546,963.4428690950051,0.18606955155511545,26.145
137.0,58675.1,52.2419552,-2.1344812,94.086,10.28,70.66,0.26,0.1,8.200012,93.8,93.73999,93.83,93.31999,0.5,93.79,-0.009180069,0.0,0.0,6.0,3.0,2323.0,86.0,0.0,0.0,0.0,13.7,10.5,9.5,0.46640197857087956,2.571546508306853,308.35370041501636,966.0144156033119,0.17941984710501707,26.134999999999998
137.0,58675.2,52.2419784,-2.1344744,94.05,10.264,70.67,0.24,0.1,8.700012,93.62999,93.75,93.83,93.34999,0.3000183,93.67,0.0,0.0,0.0,6.0,3.0,2329.0,86.0,0.0,0.0,0.0,13.8,10.5,9.5,0.4655056651530483,2.5706926548520768,308.8192060801694,968.585108258164,0.17914059442469799,26.125
137.0,58675.3,52.2420015,-2.1344679,94.176,9.879,70.68,0.23,0.1,9.099976,93.62,93.56,93.75999,93.45,-0.1000061,93.6,0.0,0.0,0.0,6.0,3.0,2328.0,86.0,0.0,0.0,0.0,13.8,10.5,9.5,0.44882195945193804,2.577210672163555,309.26802803962136,971.1623189303276,0.17242107680451982,26.16
137.0,58675.4,52.2420247,-2.1344610000000004,94.216,10.237,70.71,0.24,0.1,9.099976,93.61,93.64,93.64999,93.03999,-0.3999939,93.59,-0.009180069,0.0,0.0,6.0,3.0,2328.0,86.0,0.0,0.0,0.0,13.8,10.5,9.5,0.46511369104522055,2.5754494408362056,309.7331417306666,973.7377683711638,0.17866935552665952,26.17111111111111
137.0,58675.5,52.24204770000001,-2.134454,93.751,10.408,70.73,0.23,0.1,9.0,93.50999,93.48,93.73999,93.17999,-0.2999877999999999,93.54,-0.009180069,-0.009180069,0.0,6.0,3.0,2324.0,86.0,0.0,0.0,0.0,13.8,10.5,9.5,0.47046459108755817,2.5613456957248326,310.20360632175414,976.2991140668887,0.18165386854756982,26.041944444444447
137.0,58675.6,52.2420706,-2.1344472,93.582,10.394,70.77,0.26,0.1,9.0,93.37,93.31999,93.53,93.11,-0.1000061,93.34,-0.009180069,-0.009180069,0.0,6.0,3.0,2312.0,86.0,0.0,0.0,0.0,13.8,10.5,9.0,0.46899176866072634,2.5568431651019354,310.67259809041485,978.8559572319906,0.1814095224522906,25.994999999999997
137.0,58675.7,52.24209369999999,-2.1344404000000003,93.949,10.228,70.79,0.25,0.1,9.0,93.25999,93.28999,93.55,92.95999,-0.1000061,93.28,0.0,-0.009180069,0.0,6.0,3.0,2309.0,86.0,0.0,0.0,0.0,13.8,10.5,8.5,0.46339218913831054,2.5682236609006237,311.13599027955314,981.4241808928912,0.17851227589398003,26.096944444444443
137.0,58675.8,52.2421167,-2.1344338,93.571,9.944,70.8,0.23,0.1,9.0,93.26999,93.19,93.34,92.95999,-0.1999817,93.28,-0.009180069,-0.009180069,0.0,6.0,3.0,2310.0,86.0,0.0,0.0,0.0,13.8,10.5,8.5,0.4488433460113506,2.5601467557099533,311.5848336255645,983.9843276486012,0.17355554081831615,25.991944444444442
137.0,58675.9,52.2421396,-2.1344269,93.398,10.317,70.82,0.23,0.1,9.0,93.19,93.20999,93.34,92.64999,-0.1999817,93.16,-0.009180069,-0.009180069,0.0,6.0,3.0,2317.0,86.0,0.0,0.0,0.0,13.8,10.5,8.5,0.4646398256305556,2.5524426613007645,312.04947345119507,986.536770309902,0.18006561892825498,25.943888888888885
137.0,58676.0,52.2421626,-2.1344201000000003,93.416,10.361,70.84,0.23,0.1,9.0,93.00999,93.0,93.26999,92.90999,-0.1999817,93.11,-0.009180069,-0.009180069,0.0,6.0,3.0,2314.0,86.0,0.0,0.0,0.0,13.8,10.5,8.5,0.4666897484834771,2.5525769379862857,312.51616319967854,989.0893472478882,0.18083356379913249,25.948888888888888
137.0,58676.1,52.2421855,-2.1344132,93.323,10.33,70.86,0.23,0.1,9.0,92.97,92.94,93.11,92.42,-0.1999817,92.97,-0.009180069,-0.01938009,0.0,6.0,3.0,2311.0,86.0,0.0,0.0,0.0,13.8,10.5,8.5,0.4648453667191821,2.5502876069972786,312.98100856639775,991.6396348548855,0.18029251173101424,25.923055555555553
137.0,58676.2,52.2422083,-2.1344062,93.236,10.595,70.9,0.25,0.1,9.0,92.87,92.94,93.09999,92.48999,-0.1000061,92.93,-0.009180069,0.0,0.0,6.0,3.0,2311.0,86.0,0.0,0.0,0.0,13.8,10.5,8.5,0.47619140358164114,2.5457349044912494,313.4571999699794,994.1853697593767,0.18491763424879923,25.89888888888889
137.0,58676.3,52.2422312,-2.1343993,93.182,10.464,70.93,0.26,0.1,8.899963,92.64999,92.65999,92.90999,92.51999,-0.2999877999999999,92.74,-0.009180069,0.0,0.0,6.0,3.0,2304.0,86.0,0.0,0.0,0.0,13.8,10.5,8.5,0.47009721672864296,2.545341950887433,313.927297186708,996.7307117102641,0.18263125292868665,25.88388888888889
137.0,58676.4,52.242254,-2.1343925,93.002,10.418,70.96,0.26,0.1,8.899963,92.62999,92.65999,92.89,92.17999,-0.1000061,92.7,-0.009180069,-0.009180069,0.0,6.0,3.0,2296.0,86.0,0.0,0.0,0.0,13.8,10.5,8.5,0.4671493932795774,2.540800975203113,314.3944465799876,999.2715126854672,0.18182840147276924,25.833888888888886
137.0,58676.5,52.2422768,-2.1343855,93.042,10.5,70.99,0.27,0.1,8.899963,92.53,92.59999,92.75,92.14,-0.2999877999999999,92.57999,-0.009180069,-0.02958012,0.0,6.0,3.0,2302.0,86.0,0.0,0.0,0.0,13.8,10.5,8.5,0.47098771563445513,2.541222308599041,314.86543429562204,1001.8127349940662,0.1832595714594046,25.845
137.0,58676.6,52.2422997,-2.1343786,93.085,10.394,71.01,0.26,0.1,8.799988,92.59999,92.48999,92.61,92.08,-0.1999817,92.62,-0.01938009,-0.01938009,0.0,6.0,3.0,2293.0,86.0,0.0,0.0,0.0,13.8,10.5,8.5,0.4665010235492264,2.5432641536140888,315.33193531917124,1004.3559991476803,0.1814095224522906,25.85694444444444
138.0,58676.7,52.242322400000006,-2.1343715,92.664,10.773,71.04,0.26,0.1,8.700012,92.40999,92.45,92.62999,92.09,-0.1000061,92.5,-0.009180069,-0.009180069,0.0,6.0,3.0,2299.0,86.0,0.0,0.0,0.0,13.8,10.5,8.5,0.4811279663252146,2.528634390341902,315.81306328549647,1006.8846335380223,0.18802432031734911,25.74
138.0,58676.8,52.242345,-2.1343646,92.38,10.635,71.08,0.28,0.1,8.5,92.25,92.23999,92.40999,92.12,0.0,92.22,0.0,0.0,0.0,6.0,3.0,2293.0,86.0,0.0,0.0,0.0,13.8,10.5,8.5,0.4735803149576257,2.5220324977788326,316.2866436004541,1009.4066660358011,0.18561576594959694,25.661111111111108
138.0,58676.9,52.2423677,-2.1343576,92.509,10.674,71.12,0.29,0.1,8.5,92.17999,92.23,92.45999,91.81,-0.1000061,92.16,-0.009180069,0.0,0.0,6.0,3.0,2284.0,86.0,0.0,0.0,0.0,13.8,10.5,8.5,0.4759606056919212,2.5252308883818966,316.762604206146,1011.931896924183,0.18629644435787474,25.696944444444444
138.0,58677.0,52.2423906,-2.1343508,92.826,10.383,71.14,0.28,0.1,8.299988,92.03999,92.15999,92.25,91.87999,0.0,92.18,-0.009180069,0.0,0.0,6.0,3.0,2282.0,86.0,0.0,0.0,0.0,13.8,10.5,8.5,0.46471610795060236,2.536277033175052,317.22732031409663,1014.468173957358,0.1812175362345712,25.784999999999997
138.0,58677.1,52.2424134,-2.1343444000000003,92.902,9.938,71.13,0.25,0.1,8.0,92.06999,92.05,92.17999,91.59999,0.1000061,92.03,-0.009180069,0.0,0.0,6.0,3.0,2289.0,86.0,0.0,0.0,0.0,13.8,10.5,8.5,0.44536808912600523,2.541889252500662,317.67268840322265,1017.0100632098587,0.17345082106319648,25.80611111111111
138.0,58677.2,52.242436000000005,-2.1343373,92.282,10.663,71.17,0.26,0.1,8.0,91.92,92.0,92.2,91.62,0.3000183,92.00999,-0.009180069,0.0,0.0,6.0,3.0,2288.0,86.0,0.0,0.0,0.0,13.8,10.5,8.5,0.4743090576321132,2.519125545407999,318.1469974608548,1019.5291887552667,0.18610445814015536,25.633888888888887
138.0,58677.3,52.2424587,-2.1343305,92.369,10.390999999999998,71.19,0.26,0.1,8.0,91.89,91.84,91.98999,91.64999,0.3999939,91.95,-0.009180069,0.009180069,0.0,6.0,3.0,2276.0,86.0,0.0,0.0,0.0,13.8,10.5,8.5,0.4627806055465542,2.523725868641386,318.6097780664013,1022.052914623908,0.18135716257473075,25.658055555555556
138.0,58677.4,52.2424812,-2.1343236,91.969,10.575,71.22,0.27,0.1,8.0,91.76999,91.84,91.98,91.31,0.3000183,91.77,0.0,0.0,0.0,6.0,3.0,2273.0,86.0,0.0,0.0,0.0,13.8,10.5,8.5,0.4688437749158014,2.511304286461123,319.0786218413171,1024.5642189103692,0.18456856839840033,25.546944444444442
138.0,58677.5,52.2425039,-2.1343169,92.268,10.265,71.24,0.25,0.1,8.0,91.61,91.75,91.89,91.45999,0.2000122,91.85,-0.009180069,0.009180069,0.0,6.0,3.0,2274.0,86.0,0.0,0.0,0.0,13.8,10.5,8.5,0.4567295746820878,2.5219768229725505,319.5353514159992,1027.0861957333418,0.17915804771721794,25.63
138.0,58677.6,52.2425265,-2.1343102000000003,92.131,10.336,71.26,0.25,0.1,8.0,91.7,91.64,91.75999,91.28999,0.3000183,91.68,-0.009180069,0.009180069,0.0,6.0,3.0,2280.0,86.0,0.0,0.0,0.0,13.8,10.5,8.5,0.45917162175814763,2.517665113998941,319.99452303775735,1029.6038608473407,0.1803972314861339,25.591944444444444
138.0,58677.7,52.242549,-2.1343033,91.832,10.416,71.29,0.25,0.1,7.899963,91.69,91.73,91.8,91.23,0.3999939,91.7,-0.009180069,0.02957988,0.0,6.0,3.0,2280.0,86.0,0.0,0.0,0.0,13.8,10.5,8.5,0.4611849037064006,2.5088528470299147,320.45570794146374,1032.1127136943705,0.18179349488772936,25.508888888888887
137.0,58677.8,52.242571600000005,-2.1342967,91.667,10.19,71.31,0.25,0.1,7.700011999999999,91.42999,91.39999,91.44,91.36,0.3000183,91.54,0.0,0.02957988,0.0,6.0,3.0,2277.0,86.0,0.0,0.0,0.0,13.8,10.5,8.5,0.45047446075280767,2.5061414051211384,320.90618240221653,1034.6188550994916,0.17784905077822216,25.463055555555556
137.0,58677.9,52.242594100000005,-2.1342901000000003,91.609,10.209,71.35,0.27,0.1,7.299988000000001,91.28,91.26999,91.72,91.3,0.6000061,91.23,0.0,0.009180069,0.0,6.0,3.0,2269.0,86.0,0.0,0.0,0.0,13.8,10.5,6.5,0.45101995166840025,2.504406280694778,321.35720235388493,1037.1232613801865,0.1781806633361011,25.44694444444444
137.0,58678.0,52.2426167,-2.1342836000000003,92.027,9.989,71.37,0.27,0.1,7.299988000000001,91.23,91.31,91.56,90.98999,0.6000061,91.29,-0.009180069,0.01937985,0.0,6.0,3.0,2262.0,86.0,0.0,0.0,0.0,13.8,10.5,0.5,0.4434144736509688,2.5175547060433527,321.8006168275359,1039.6408160862297,0.1743409389817136,25.563055555555554
137.0,58678.1,52.24263929999999,-2.1342771,91.84,9.977,71.39,0.25,0.1,7.200011999999999,91.34,91.23,91.03999,90.73,0.5,91.25999,-0.01938009,0.01937985,0.0,6.0,3.0,2270.0,86.0,0.0,0.0,0.0,13.8,10.5,0.0,0.44198723627088987,2.5125316284990706,322.2426040638068,1042.1533477147289,0.17413149947147427,25.511111111111113
137.0,58678.2,52.2426617,-2.1342706,91.418,10.021,71.4,0.23,0.1,6.8999630000000005,91.2,91.25999,91.39999,90.67999,0.5,91.18,-0.009180069,0.009180069,0.0,6.0,3.0,2269.0,86.0,0.0,0.0,0.0,13.7,10.5,0.0,0.44187681799278045,2.500648077345735,322.68448088179963,1044.6539957920745,0.17489944434235177,25.39388888888889
137.0,58678.3,52.242684100000005,-2.1342639,91.13,10.271,71.44,0.26,0.1,6.799988000000001,90.95999,91.08,91.14999,90.87999,0.7000122,91.07999,-0.009180069,0.02957988,0.0,6.0,3.0,2254.0,86.0,0.0,0.0,0.0,13.8,10.5,0.0,0.45135727899158146,2.4908244244609934,323.1358381607912,1047.1448202165354,0.1792627674723376,25.313888888888886
137.0,58678.4,52.242706600000005,-2.1342573,91.433,10.162,71.48,0.27,0.1,6.799988000000001,90.92,90.90999,91.14,90.87,1.0,90.89,-0.01938009,0.02957988,0.0,6.0,3.0,2251.0,86.0,0.0,0.0,0.0,13.7,10.5,0.0,0.448102867549137,2.499963215754405,323.58394102834035,1049.6447834322898,0.17736035858766377,25.39805555555556
137.0,58678.5,52.242729,-2.1342511,91.325,9.705,71.5,0.27,0.1,6.799988000000001,90.67999,90.73999,91.09999,90.50999,0.8000183000000001,90.78,-0.009180069,0.02957988,0.0,6.0,3.0,2255.0,86.0,0.0,0.0,0.0,13.8,10.5,0.0,0.4276430056138601,2.500500727143881,324.0115840339542,1052.1452841594337,0.1693842039060497,25.368055555555557
137.0,58678.6,52.2427513,-2.1342445,90.896,10.212,71.55,0.29,0.1,6.799988000000001,90.48999,90.59,90.81,90.47,0.8999939,90.56,-0.01938009,0.0397799,0.0,6.0,3.0,2247.0,86.0,0.0,0.0,0.0,13.8,10.5,0.0,0.4476397373626247,2.4848908561078673,324.45922377131683,1054.6301750155415,0.17823302321366094,25.24888888888889
137.0,58678.7,52.2427738,-2.1342384,91.163,9.592,71.57,0.28,0.1,6.799988000000001,90.44,90.51999,90.7,90.06,0.7000122,90.46,-0.01938009,0.02957988,0.0,6.0,3.0,2224.0,86.0,0.0,0.0,0.0,13.8,10.5,0.0,0.42196079460289354,2.4969021836098477,324.88118456591974,1057.1270771991512,0.1674119818512961,25.323055555555555
137.0,58678.8,52.2427959,-2.1342318,90.425,9.974,71.61,0.3,0.1,6.799988000000001,90.25,90.33,90.5,89.92999,0.7000122,90.36,-0.02958012,0.02957988,0.0,6.0,3.0,2238.0,86.0,0.0,0.0,0.0,13.7,10.5,0.0,0.43504790774630414,2.4738432583503176,325.31623247366605,1059.6009204575016,0.17407913959391444,25.118055555555554
137.0,58678.9,52.2428182,-2.1342255,90.464,9.893,71.64,0.3,0.1,6.799988000000001,90.22,90.17999,90.34,90.0,0.6000061,90.22,-0.02958012,0.02957988,0.0,6.0,3.0,2229.0,86.0,0.0,0.0,0.0,13.7,10.5,1.0,0.43173628679673126,2.4755230450480976,325.74796876046275,1062.0764435025496,0.17266542289979903,25.128888888888888
137.0,58679.0,52.2428402,-2.1342192,89.928,9.896,71.69,0.32,0.1,6.799988000000001,90.09,90.14,90.28999,89.59999,0.6000061,90.07,-0.02958012,0.02957988,0.0,6.0,3.0,2244.0,86.0,0.0,0.0,0.0,13.7,10.5,4.5,0.4293070949863654,2.4608330740207407,326.1772758554491,1064.5372765765703,0.17271778277735886,24.979999999999997
137.0,58679.1,52.2428625,-2.1342131,90.194,9.613,71.72,0.33,0.1,6.799988000000001,89.83,89.92,90.12,89.67,0.8000183000000001,90.02,-0.02958012,0.02957988,0.0,6.0,3.0,2235.0,86.0,0.0,0.0,0.0,13.8,10.5,5.5,0.4183810483652238,2.470208651700645,326.59565690381436,1067.007485228271,0.1677785009942149,25.05388888888889
138.0,58679.2,52.2428846,-2.1342069999999995,90.036,9.558,71.75,0.33,0.1,6.799988000000001,89.78,89.78999,89.98,89.65999000000001,1.0,89.77,-0.01938009,0.02957988,0.0,6.0,3.0,2230.0,86.0,0.0,0.0,0.0,13.8,10.5,5.5,0.4152808687536057,2.4662811680842984,327.01093777256796,1069.4737663963554,0.16681856990561802,25.009999999999998
138.0,58679.3,52.2429067,-2.134201,89.802,9.511,71.79,0.34,0.1,6.799988000000001,89.64999,89.81,89.98999,89.3,1.0,89.71,-0.01938009,0.02957988,0.0,6.0,3.0,2230.0,86.0,0.0,0.0,0.0,13.8,10.5,4.5,0.4121835868917296,2.4602103448073436,327.4231213594597,1071.9339767411627,0.16599826515718066,24.945
137.0,58679.4,52.2429289,-2.134195,89.986,9.422,71.82,0.34,0.1,6.799988000000001,89.53,89.61,89.72,89.37999,1.0,89.64,-0.01938009,0.02957988,0.0,6.0,3.0,2219.0,86.0,0.0,0.0,0.0,13.8,10.5,0.0,0.40919825380510527,2.4658897979984786,327.8323196132648,1074.3998665391612,0.16444492212290573,24.996111111111112
138.0,58679.5,52.242951,-2.1341891,89.68,9.278,71.84,0.33,0.1,7.0,89.45,89.42,89.64,89.20999,0.6000061,89.57,-0.01938009,0.01937985,0.0,6.0,3.0,2208.0,86.0,0.0,0.0,0.0,13.8,10.5,0.0,0.4016290994387198,2.4585216359400377,328.2339487127035,1076.8583881751013,0.1619316480000339,24.91111111111111
138.0,58679.6,52.24297320000001,-2.1341835,89.816,8.879,71.86,0.32,0.1,7.099976,89.31,89.34,89.56999,88.95999,0.3999939,89.38,-0.02958012,0.01937985,0.0,6.0,3.0,2218.0,86.0,0.0,0.0,0.0,13.8,10.5,0.0,0.38508178312550684,2.46499139718704,328.619030495829,1079.3233795722883,0.15496778428457653,24.948888888888888
138.0,58679.7,52.2429952,-2.1341777000000004,89.554,9.166,71.89,0.31,0.1,7.099976,89.15999000000001,89.20999,89.36,89.06,0.6000061,89.28,-0.02958012,0.02957988,0.0,6.0,3.0,2211.0,86.0,0.0,0.0,0.0,13.8,10.5,0.0,0.396264960033758,2.4558467219215663,329.01529545586277,1081.7792262942098,0.15997687923780024,24.87611111111111
138.0,58679.8,52.2430173,-2.134172,89.485,8.943999999999999,71.93,0.32,0.1,7.099976,89.06999,88.98,89.20999,88.90999000000001,0.5,89.06,-0.02958012,0.02957988,0.0,6.0,3.0,2211.0,86.0,0.0,0.0,0.0,13.8,10.5,0.0,0.38644852731350354,2.455470302585474,329.4017439831763,1084.2346965967954,0.15610224829837283,24.856944444444444
138.0,58679.9,52.24303929999999,-2.1341664,89.26899999999999,8.777000000000001,71.96,0.32,0.1,7.099976,88.76999,88.89,89.17999,88.59999,0.6000061,88.89,-0.02958012,0.02957988,0.0,6.0,3.0,2197.0,86.0,0.0,0.0,0.0,13.8,10.5,0.0,0.37837440224965463,2.450656513983724,329.78011838542596,1086.685353110779,0.15318754844754232,24.796944444444442
138.0,58680.0,52.2430613,-2.134161,89.15799999999999,8.677,71.98,0.31,0.1,7.200011999999999,88.61,88.69,88.92,88.62999,0.8000183000000001,88.68999000000001,-0.02958012,0.02957988,0.0,6.0,3.0,2159.0,86.0,0.0,0.0,0.0,13.8,10.5,0.0,0.37363146162002414,2.4482651258731547,330.153749847046,1089.1336182366522,0.15144221919554796,24.76611111111111
138.0,58680.1,52.2430832,-2.1341557,89.01,8.478,72.0,0.3,0.1,7.200011999999999,88.56999,88.55,88.84999,88.22,0.7000122,88.6,-0.02958012,0.009180069,0.0,6.0,3.0,2142.0,86.0,0.0,0.0,0.0,13.7,10.5,0.0,0.36451979828382014,2.445481867988214,330.51826964532984,1091.5791001046405,0.14796901398407925,24.725
138.0,58680.2,52.243105,-2.13415,88.538,8.857000000000001,72.05,0.32,0.1,7.200011999999999,88.28999,88.37,88.64,88.05,0.8000183000000001,88.41,-0.02958012,0.01937985,0.0,6.0,3.0,2150.0,86.0,0.0,0.0,0.0,13.8,10.5,0.0,0.37866937051437244,2.4300623890395023,330.8969390158442,1094.00916249368,0.15458381184913778,24.593888888888888
138.0,58680.3,52.243127,-2.1341449,88.92399999999999,8.375,72.05,0.29,0.1,7.200011999999999,88.19,88.14999,88.45999,88.22,0.8000183000000001,88.16,-0.02958012,0.02957988,0.0,6.0,3.0,2131.0,86.0,0.0,0.0,0.0,13.8,10.5,0.0,0.35977505055127357,2.44376979567131,331.2567140663955,1096.4529322893513,0.1461713248545251,24.701111111111107
138.0,58680.4,52.2431489,-2.1341395000000003,88.585,8.513,72.09,0.3,0.1,7.299988000000001,88.03999,88.06999,88.31,87.76999,0.6000061,88.02,-0.03978014,0.02957988,0.0,6.0,3.0,2139.0,86.0,0.0,0.0,0.0,13.8,10.5,0.0,0.36426596869996164,2.4335832537570665,331.62098003509544,1098.8865155431083,0.14857987922227728,24.60694444444444
138.0,58680.5,52.2431707,-2.1341343,88.42299999999999,8.295,72.1,0.28,0.1,7.399963,87.87,87.89999,88.09,87.47,0.7000122,87.95,-0.03978014,0.02957988,0.0,6.0,3.0,2146.0,86.0,0.0,0.0,0.0,13.8,10.5,0.0,0.35435479924724045,2.4304986782901565,331.9753348343427,1101.3170142213985,0.14477506145292962,24.56194444444444
138.0,58680.6,52.2431925,-2.1341293,88.258,8.071,72.11,0.26,0.1,7.399963,87.65999000000001,87.62999,87.84999,87.58,0.3999939,87.77,-0.03978014,0.02957988,0.0,6.0,3.0,2148.0,86.0,0.0,0.0,0.0,13.8,10.5,0.0,0.3442064890650942,2.4273275289933447,332.31954132340775,1103.7443417503919,0.14086552392846233,24.51611111111111
138.0,58680.7,52.2432142,-2.1341242,87.912,8.107000000000001,72.12,0.25,0.1,7.700011999999999,87.53,87.56,87.83,87.3,0.3000183,87.53,-0.03978014,0.009180069,0.0,6.0,3.0,2138.0,86.0,0.0,0.0,0.0,13.7,10.5,0.5,0.3443761759976349,2.4175957166998057,332.6639174994054,1106.1619374670918,0.1414938424591803,24.42
138.0,58680.8,52.2432359,-2.1341191,87.95200000000001,8.176,72.15,0.25,0.1,7.799988000000001,87.33,87.39,87.56,86.95999,0.5,87.45,-0.03978014,0.01937985,0.0,6.0,3.0,2134.0,86.0,0.0,0.0,0.0,13.7,10.5,1.5,0.3474453968501757,2.4182790569829185,333.01136289625555,1108.5802165240748,0.1426981196430564,24.431111111111115
138.0,58680.9,52.2432575,-2.1341141,87.426,8.068999999999999,72.17,0.25,0.1,7.899963,87.20999,87.14999,87.39,87.06,0.3000183,87.33,-0.02958012,0.01937985,0.0,6.0,3.0,2184.0,86.0,0.0,0.0,0.0,13.7,10.5,1.5,0.34087775515676716,2.404457237307265,333.35224065141233,1110.984673761382,0.14083061734342245,24.285
138.0,58681.0,52.2432791,-2.1341092,87.40799999999999,7.867999999999999,72.18,0.23,0.1,8.099976,87.14999,87.12,87.36,86.95,0.2000122,87.09,-0.01938009,0.009180069,0.0,6.0,3.0,2150.0,86.0,0.0,0.0,0.0,13.8,10.5,1.5,0.33237212443678604,2.4051429834621842,333.68461277584913,1113.3898167448442,0.13732250554691383,24.279999999999994
138.0,58681.1,52.2433009,-2.1341046,87.80799999999999,7.474,72.18,0.2,0.1,8.0,87.00999,87.08,87.2,86.53999,0.5,86.99,-0.02958012,0.0,0.0,6.0,3.0,2143.0,86.0,0.0,0.0,0.0,13.8,10.5,1.5,0.31727048859489115,2.4183883992056443,334.001883264444,1115.80820514405,0.1304459082940562,24.39111111111111
138.0,58681.2,52.2433225,-2.1340999000000003,87.397,7.558,72.19,0.2,0.1,8.0,86.83,86.84,86.95,86.53999,0.5,86.93999000000001,-0.02958012,0.0,0.0,6.0,3.0,2151.0,85.0,0.0,0.0,0.0,13.8,10.5,2.5,0.3193140575513512,2.406603176312313,334.3211973219954,1118.2148083203622,0.1319119848657314,24.276944444444446
138.0,58681.3,52.2433441,-2.1340953,87.404,7.505,72.19,0.18,0.1,8.200012,86.62999,86.59999,86.87,86.56,0.6000061,86.71,-0.01938009,0.0,0.0,6.0,3.0,2168.0,86.0,0.0,0.0,0.0,13.7,10.5,4.0,0.3171131512627749,2.4070902986980602,334.6383104732582,1120.6218986190602,0.13098696036217444,24.278888888888886
138.0,58681.4,52.2433656,-2.1340904,87.084,7.805,72.23,0.2,0.1,8.299988,86.53,86.64,86.94,86.23,0.3000183,86.57,-0.009180069,0.009180069,0.0,6.0,3.0,2144.0,85.0,0.0,0.0,0.0,13.8,10.5,4.0,0.32850511293286544,2.396590367746847,334.96681558619105,1123.018488986807,0.1362229481181574,24.19
138.0,58681.5,52.2433872,-2.1340857,87.052,7.595,72.22,0.18,0.1,8.299988,86.42,86.37999,86.62,86.14,0.0,86.55,-0.01938009,0.01937985,0.0,6.0,3.0,2143.0,86.0,0.0,0.0,0.0,13.8,10.5,4.0,0.3196014792725932,2.396897211005466,335.28641706546364,1125.4153861978123,0.13255775668896932,24.18111111111111
138.0,58681.6,52.243408800000005,-2.1340814,87.03,7.237999999999999,72.23,0.16,0.1,8.299988,86.40999000000001,86.37,86.47,86.14999,0.0,86.4,-0.01938009,0.009180069,0.0,6.0,3.0,2150.0,86.0,0.0,0.0,0.0,13.8,10.5,4.5,0.3045837292362581,2.39823581031652,335.5910007946999,1127.8136220081287,0.12632693125934955,24.175
138.0,58681.7,52.2434303,-2.1340768000000003,86.854,7.345,72.22,0.14,0.1,8.399963,86.25999,86.25,86.59999,85.89,0.1000061,86.25,-0.01938009,0.0,0.0,6.0,3.0,2134.0,85.0,0.0,0.0,0.0,13.8,10.5,6.0,0.30843689323376844,2.392814045501466,335.89943768793364,1130.2064360536301,0.1281944335589835,24.12611111111111
138.0,58681.8,52.243452000000005,-2.1340729,87.307,6.726,72.21,0.12,0.1,8.399963,86.23,86.25999,86.25999,85.78,0.3000183,86.27,-0.01938009,0.0,0.0,6.0,3.0,2146.0,86.0,0.0,0.0,0.0,13.8,10.5,7.5,0.28404219677649395,2.4085032953713355,336.18347988471015,1132.6149393490014,0.1173908454891386,24.251944444444444
138.0,58681.9,52.24347350000001,-2.134069,86.84299999999999,6.611000000000001,72.16,0.06,0.1,8.399963,86.23999,86.22,86.19,85.89,0.5,86.2,-0.01938009,0.0,0.0,6.0,3.0,2141.0,86.0,0.0,0.0,0.0,13.8,10.5,8.5,0.27772358171342676,2.3962653662573477,336.46120346642357,1135.0112047152586,0.11538371684934513,24.123055555555553
138.0,58682.0,52.2434949,-2.1340646000000003,86.479,6.952000000000001,72.17,0.06,0.1,8.399963,86.01999,86.09999,86.40999000000001,85.84,0.5,86.1,-0.009180069,0.0,0.0,6.0,3.0,2130.0,86.0,0.0,0.0,0.0,13.8,10.5,9.0,0.2907563000194578,2.3845332715059246,336.751959766443,1137.3957379867645,0.1213352895986458,24.021944444444443
138.0,58682.1,52.2435162,-2.1340595,86.515,7.892,72.2,0.08,0.1,8.399963,85.95,86.03999,86.36,85.75999,0.1000061,86.08,0.0,0.009180069,0.0,6.0,3.0,2141.0,85.0,0.0,0.0,0.0,13.8,10.5,9.5,0.32997360153447225,2.3804329354340172,337.08193336797746,1139.7761709221986,0.1377413845673925,24.031944444444445
138.0,58682.2,52.2435378,-2.1340554000000003,86.846,6.989,72.18,0.06,0.1,8.399963,86.0,85.92,86.09,85.64,-0.1999817,86.00999,0.0,0.009180069,0.0,6.0,3.0,2131.0,86.0,0.0,0.0,0.0,13.8,10.5,9.5,0.29353655130869627,2.3944637070292725,337.37546991928616,1142.1706346292278,0.1219810614218837,24.12388888888889
138.0,58682.3,52.2435592,-2.1340508,86.55799999999999,7.327000000000001,72.19,0.06,0.1,8.399963,85.98,85.94,86.0,85.78,0.0,85.95,-0.009180069,0.0,0.0,6.0,3.0,2137.0,85.0,0.0,0.0,0.0,13.8,10.5,9.5,0.3066365567654565,2.3847557424330423,337.6821064760516,1144.555390371661,0.12788027429362453,24.043888888888887
138.0,58682.4,52.2435807,-2.1340466,86.72399999999999,7.0120000000000005,72.19,0.05,0.1,8.399963,85.92999,85.94,86.08,85.39,0.2000122,85.93,-0.009180069,0.0,0.0,6.0,3.0,2127.0,85.0,0.0,0.0,0.0,13.8,10.5,10.0,0.2940840208374923,2.390982138931207,337.9761904968891,1146.946372510592,0.1223824871498424,24.089999999999996
137.0,58682.5,52.243602200000005,-2.1340425,86.68799999999999,6.759,72.17,0.03,0.1,8.399963,85.76999,85.78,85.97,85.48,0.3000183,85.84,0.0,0.0,0.0,6.0,3.0,2137.0,86.0,0.0,0.0,0.0,13.8,10.5,10.5,0.28340567550007834,2.39126435658928,338.2595961723892,1149.3376368671813,0.11796680414229674,24.079999999999995
137.0,58682.6,52.2436236,-2.1340384,86.4,6.787000000000001,72.15,0.01,0.1,8.399963,85.86,85.76999,86.03,85.62999,0.2000122,85.8,0.0,0.0,0.0,6.0,3.0,2124.0,85.0,0.0,0.0,0.0,13.8,10.5,10.5,0.2836288044804431,2.383181634133033,338.5432249768696,1151.7208185013144,0.11845549633285517,24.0
137.0,58682.7,52.2436448,-2.1340337000000003,85.964,7.367999999999999,72.19,0.05,0.1,8.399963,85.84,85.84999,85.98999,85.37,0.1000061,85.79,0.0,0.0,0.0,6.0,3.0,2135.0,85.0,0.0,0.0,0.0,13.8,10.5,10.5,0.30622698510621993,2.368171948839815,338.84945196197583,1154.0889904501541,0.1285958592869422,23.878888888888888
137.0,58682.8,52.243666100000006,-2.1340291,85.90700000000001,7.471,72.2,0.05,0.1,8.399963,85.70999,85.69,85.78999,85.31999,0.3000183,85.75,0.0,0.0,0.0,6.0,3.0,2125.0,85.0,0.0,0.0,0.0,13.8,10.5,10.5,0.3102778530643027,2.366047729521346,339.1597298150401,1156.4550381796755,0.13039354841649636,23.863055555555558
138.0,58682.9,52.2436873,-2.1340244,85.81299999999999,7.551,72.23,0.08,0.1,8.399963,85.72,85.67999,85.8,85.5,0.2000122,85.67,0.0,0.0,0.0,6.0,3.0,2122.0,86.0,0.0,0.0,0.0,13.8,10.5,10.5,0.3132380528223171,2.363023725386478,339.47296786786245,1158.818061905062,0.13178981181809182,23.83694444444444
138.0,58683.0,52.2437085,-2.13402,85.792,7.459,72.23,0.07,0.1,8.399963,85.67,85.72,85.86,85.39,0.1000061,85.66,0.0,0.0,0.0,6.0,3.0,2130.0,85.0,0.0,0.0,0.0,13.7,10.5,10.5,0.3093676101624109,2.362945248981371,339.78233547802483,1161.1810071540433,0.13018410890625703,23.83111111111111
138.0,58683.1,52.2437298,-2.1340156,85.95700000000001,7.136,72.25,0.08,0.1,8.399963,85.59,85.61,85.73999,85.11,0.0,85.62,0.0,0.0,0.0,6.0,3.0,2121.0,85.0,0.0,0.0,0.0,13.8,10.5,10.5,0.29661122977346727,2.36919955647538,340.0789467077983,1163.5502067105188,0.12454669542231536,23.876944444444447
138.0,58683.2,52.2437511,-2.1340113,86.11200000000001,7.035,72.25,0.07,0.1,8.399963,85.59,85.56999,85.7,85.17999,0.0,85.6,0.0,0.0,0.0,6.0,3.0,2129.0,85.0,0.0,0.0,0.0,13.8,10.5,10.5,0.29296171310893715,2.373991877545557,340.37190842090723,1165.9241985880642,0.12278391287780109,23.92
138.0,58683.3,52.2437722,-2.1340069999999995,85.45,7.209,72.24,0.05,0.1,8.399963,85.64999,85.58,85.67999,85.28,0.0,85.55,0.0,0.0,0.0,6.0,3.0,2119.0,85.0,0.0,0.0,0.0,13.8,10.5,10.5,0.2978622580677181,2.3548477194946016,340.66977067897494,1168.2790463075587,0.1258207857762712,23.73611111111111
138.0,58683.4,52.2437934,-2.1340024,85.633,7.348,72.25,0.06,0.1,8.399963,85.56,85.59,85.70999,85.08,0.0,85.52,0.0,0.0,0.0,6.0,3.0,2127.0,85.0,0.0,0.2399902,0.0,13.8,10.5,10.5,0.30422439015268044,2.359159761539497,340.9739950691276,1170.6382060690983,0.12824679343654333,23.786944444444444
138.0,58683.5,52.2438148,-2.1339984000000003,85.97200000000001,6.756,72.23,0.04,0.1,8.399963,85.51999,85.55,85.59999,85.09,0.0,85.58,0.0,0.0,0.0,6.0,3.0,2120.0,85.0,0.0,0.0,0.0,13.8,10.5,10.5,0.2809407122543821,2.371528409108849,341.254935781382,1173.009734478207,0.1179144442647369,23.881111111111114
138.0,58683.6,52.2438361,-2.1339942,86.166,6.8260000000000005,72.24,0.04,0.1,8.399963,85.56999,85.48999,85.55,85.19,0.2000122,85.49,0.0,0.0,0.0,6.0,3.0,2125.0,85.0,0.0,0.0,0.0,13.8,10.5,10.5,0.28447836435854684,2.3765340961601806,341.5394141457406,1175.3862685743673,0.11913617474113294,23.935
138.0,58683.7,52.2438574,-2.13399,85.943,6.805,72.25,0.04,0.1,8.399963,85.37,85.40999000000001,85.56999,85.08,0.3000183,85.4,0.0,0.0,0.0,6.0,3.0,2114.0,85.0,0.0,0.0,0.0,13.8,10.5,10.5,0.28287331646460295,2.370487397650267,341.82228746220517,1177.7567559720176,0.11876965559821412,23.873055555555556
138.0,58683.8,52.2438786,-2.1339856000000004,85.723,7.102,72.28,0.07,0.1,8.399963,85.33,85.28999,85.55,84.95,0.3000183,85.33,0.0,0.009180069,0.0,6.0,3.0,2123.0,85.0,0.0,0.0,0.0,13.8,10.5,10.5,0.29440163156217153,2.3629250224217055,342.1166890937673,1180.1196809944392,0.1239532834766373,23.811944444444443
138.0,58683.9,52.2438999,-2.1339816,86.008,6.718,72.27,0.05,0.1,8.399963,85.37,85.31,85.42,85.0,0.1000061,85.31,0.0,0.0,0.0,6.0,3.0,2113.0,85.0,0.0,0.0,0.0,13.8,10.5,10.5,0.27948477612278455,2.372707348399748,342.3961738698901,1182.492388342839,0.11725121914897906,23.89111111111111
138.0,58684.0,52.243921,-2.1339772,85.48200000000001,7.086,72.3,0.06,0.1,8.399963,85.39999,85.34,85.42,84.97,0.6000061,85.35,-0.009180069,-0.009180069,0.0,6.0,3.0,2125.0,85.0,0.0,0.0,0.0,13.8,10.5,10.5,0.2929159469694556,2.356363829719636,342.68908981685956,1184.8487521725585,0.1236740307963182,23.745000000000005
138.0,58684.1,52.243942100000005,-2.1339727,85.381,7.303999999999999,72.31,0.07,0.1,8.399963,85.33,85.37999,85.45999,84.84999,0.2000122,85.4,0.0,0.0,0.0,6.0,3.0,2115.0,85.0,0.0,0.0,0.0,13.8,10.5,10.5,0.30152265899664954,2.3524494944462107,342.9906124758562,1187.2012016670049,0.12747884856566583,23.716944444444444
138.0,58684.2,52.2439633,-2.1339686,85.432,6.832000000000001,72.31,0.06,0.1,8.399963,85.17,85.2,85.37,84.92,0.3999939,85.24,0.0,0.0,0.0,6.0,3.0,2120.0,85.0,0.0,0.0,0.0,13.8,10.5,10.5,0.28230180069030225,2.35626018066894,343.2729142765465,1189.5574618476737,0.11924089449625261,23.73111111111111
138.0,58684.3,52.2439845,-2.1339642000000003,85.568,7.089,72.34,0.09,0.1,8.399963,85.17,85.12999,85.44,85.06,0.3000183,85.12,0.0,0.0,0.0,6.0,3.0,2119.0,85.0,0.0,0.0,0.0,13.8,10.5,10.5,0.2933341405615733,2.358719116831095,343.56624841710806,1191.9161809645047,0.12372639067387803,23.76888888888889
138.0,58684.4,52.2440056,-2.13396,85.42399999999999,6.904,72.35,0.09,0.1,8.399963,85.14999,85.17999,85.39999,84.95999,0.1000061,85.14,0.0,0.0,0.0,6.0,3.0,2108.0,85.0,0.0,0.0,0.0,13.8,10.5,10.5,0.28523582840697737,2.35568295855052,343.85148424551505,1194.2718639230552,0.12049753155768851,23.728888888888886
138.0,58684.5,52.2440268,-2.1339558000000003,85.633,6.879,72.36,0.08,0.1,8.399963,85.14999,85.17999,85.15999000000001,84.62,0.0,85.18999000000001,0.0,0.0,0.0,6.0,3.0,2120.0,85.0,0.0,0.0,0.0,13.8,10.5,10.5,0.28490328930250614,2.3615709550584074,344.1363875348176,1196.6334348781136,0.12006119924468993,23.786944444444444
138.0,58684.6,52.24404789999999,-2.1339518,85.194,6.742000000000001,72.36,0.07,0.1,8.399963,85.20999,85.14999,85.17999,84.70999,0.2000122,85.15,0.0,0.0,0.0,6.0,3.0,2109.0,85.0,0.0,0.0,0.0,13.8,10.5,10.5,0.2778241129998891,2.3501353178563624,344.41421164781747,1198.9835701959698,0.11767009816945771,23.665
138.0,58684.7,52.2440691,-2.1339477,85.601,6.722,72.35,0.06,0.1,8.399963,85.15999000000001,85.19,85.25999,84.87,0.2000122,85.13,0.0,-0.009180069,0.0,6.0,3.0,2117.0,85.0,0.0,0.0,0.0,13.8,10.5,10.5,0.278327082885241,2.361459992242819,344.6925387307027,1201.3450301882126,0.11732103231905884,23.778055555555554
138.0,58684.8,52.2440902,-2.1339436,85.45299999999999,6.634,72.35,0.05,0.1,8.399963,85.05,85.06,85.22,84.64,0.3000183,85.1,0.0,0.0,0.0,6.0,3.0,2107.0,85.0,0.0,0.0,0.0,13.8,10.5,10.5,0.27422487112487864,2.357801101798657,344.9667636018276,1203.7028312900113,0.11578514257730382,23.73694444444444
138.0,58684.9,52.2441113,-2.1339395,85.259,6.7170000000000005,72.36,0.05,0.1,8.399963,85.08,85.06999,85.23,84.67999,0.2000122,85.06,0.0,0.0,0.0,6.0,3.0,2117.0,85.0,0.0,0.0,0.0,13.8,10.5,10.5,0.2770098341551969,2.352049479976265,345.2437734359828,1206.0548807699877,0.11723376585645913,23.683055555555555
138.0,58685.0,52.244132400000005,-2.1339353,85.331,6.944,72.37,0.06,0.1,8.5,85.11,85.03999,85.08,84.75,0.1000061,85.03,0.0,0.0,0.0,6.0,3.0,2106.0,85.0,0.0,0.0,0.0,13.8,10.5,10.5,0.2865680128157441,2.3529188682843203,345.53034144879854,1208.407799638272,0.12119566325848624,23.703055555555554
138.0,58685.1,52.2441537,-2.1339313,85.475,6.6160000000000005,72.38,0.06,0.1,8.5,85.03999,85.08,85.28999,84.81,0.2000122,85.00999,0.0,0.0,0.0,6.0,3.0,2114.0,85.0,0.0,0.0,0.0,13.8,10.5,10.5,0.27355454143305835,2.358494177224808,345.8038959902316,1210.766293815497,0.11547098331194486,23.743055555555554
138.0,58685.2,52.2441747,-2.1339272,85.01,6.69,72.38,0.05,0.1,8.5,84.94,84.92,85.08,84.55,0.1000061,84.99,0.0,0.009180069,0.0,6.0,3.0,2103.0,85.0,0.0,0.0,0.0,13.8,10.5,12.0,0.2750956525896807,2.345310185560571,346.0789916428213,1213.1116040010575,0.11676252695842065,23.61388888888889
138.0,58685.3,52.24419580000001,-2.1339232,85.334,6.625,72.4,0.06,0.1,8.5,85.0,84.92,85.08,84.62999,0.3000183,84.95,0.0,0.0,0.0,6.0,3.0,2114.0,85.0,0.0,0.0,0.0,13.8,10.5,13.0,0.2734731413500431,2.3545606650770416,346.35246478417133,1215.4661646661345,0.11562806294462433,23.70388888888889
138.0,58685.4,52.2442169,-2.1339193,85.198,6.537000000000001,72.4,0.05,0.1,8.5,85.00999,85.00999,85.14,84.64,0.3000183,84.97,0.0,0.0,0.0,6.0,3.0,2107.0,85.0,0.0,0.0,0.0,13.8,10.5,13.5,0.26942639424788273,2.351224695625059,346.6218911784192,1217.8173893617595,0.11409217320286934,23.66611111111111
138.0,58685.5,52.244238,-2.1339154,85.21600000000001,6.399,72.39,0.04,0.1,8.5,85.03,85.03,85.14999,84.56999,0.1000061,85.0,0.0,0.0,0.0,6.0,3.0,2116.0,85.0,0.0,0.0,0.0,13.8,10.5,13.5,0.2638182915179053,2.3523636881669154,346.8857094699371,1220.1697530499264,0.11168361883511715,23.671111111111113
138.0,58685.6,52.2442591,-2.1339114,85.241,6.733,72.41,0.06,0.1,8.5,84.97,85.03999,85.01999,84.56999,0.1000061,85.1,0.0,0.0,0.0,6.0,3.0,2106.0,85.0,0.0,0.0,0.0,13.8,10.5,13.5,0.27760801809581515,2.3514754808861325,347.16331748803293,1222.5212285308126,0.1175130185367782,23.678055555555556
138.0,58685.7,52.244280200000006,-2.1339075,85.115,6.441,72.41,0.05,0.1,8.5,85.06999,85.03999,85.12999,84.78999,0.0,84.97,0.0,0.0,0.0,6.0,3.0,2116.0,85.0,0.0,0.0,0.0,13.8,10.5,13.5,0.2652278658247535,2.349381820654299,347.42854535385766,1224.870610351467,0.11241665712095476,23.643055555555552
138.0,58685.8,52.2443013,-2.1339036,85.15100000000001,6.501,72.42,0.05,0.1,8.5,84.98999,85.06,85.23,84.81999,0.2000122,85.03,0.0,0.0,0.0,6.0,3.0,2106.0,85.0,0.0,0.0,0.0,13.8,10.5,14.0,0.267801207391918,2.3500963564206057,347.6963465612496,1227.2207067078875,0.11346385467215137,23.653055555555557
138.0,58685.9,52.2443224,-2.1338996,85.162,6.532,72.43,0.06,0.1,8.5,84.87999,84.92,85.09,84.56,0.2000122,84.96,0.009180069,0.0,0.0,6.0,3.0,2105.0,85.0,0.0,0.0,0.0,13.8,10.5,14.0,0.26910745204898817,2.35025469008447,347.9654540132986,1229.570961397972,0.11400490674026961,23.656111111111112
138.0,58686.0,52.2443436,-2.1338958,85.40299999999999,6.414,72.45,0.07,0.1,8.5,84.98999,85.03,85.12999,84.69,0.3999939,84.92,0.0,0.009180069,0.0,6.0,3.0,2107.0,85.0,0.0,0.0,0.0,13.8,10.5,14.0,0.2650144103339297,2.3574564706978394,348.23046842363254,1231.9284178686698,0.11194541822291629,23.723055555555554
138.0,58686.1,52.2443647,-2.1338919,85.507,6.329,72.46,0.07,0.1,8.399963,85.03,85.08,85.2,84.73,0.2000122,85.1,0.0,0.0,0.0,6.0,3.0,2116.0,85.0,0.0,0.0,0.0,13.8,10.5,14.0,0.2618352264682628,2.3607183150685445,348.4923036501008,1234.2891361837385,0.11046188835872112,23.751944444444444
138.0,58686.2,52.2443858,-2.133888,85.212,6.4110000000000005,72.45,0.05,0.1,8.200012,85.2,85.23,85.12,84.39999,0.1000061,85.09,0.0,-0.02958012,0.0,6.0,3.0,2110.0,85.0,0.0,0.0,0.0,13.7,10.5,14.5,0.26429855699133137,2.352197966322627,348.7566022070921,1236.641334150061,0.11189305834535647,23.67
138.0,58686.3,52.2444069,-2.1338841,85.241,6.454,72.47,0.05,0.1,8.299988,84.92999,85.0,85.40999000000001,84.51999,0.5,85.15,0.0,0.0,0.0,6.0,3.0,2116.0,85.0,0.0,0.0,0.0,13.7,10.5,14.5,0.26615433602286537,2.352799400360341,349.02275654311495,1238.9941335504213,0.11264354992371402,23.678055555555556
138.0,58686.4,52.2444281,-2.1338801,85.51100000000001,6.377000000000001,72.48,0.05,0.1,8.299988,85.09999,84.98,85.14999,84.7,0.2000122,85.00999,0.009180069,0.0,0.0,6.0,3.0,2107.0,85.0,0.0,0.0,0.0,13.8,10.5,14.5,0.26382518621581225,2.3606085557269507,349.28658172933075,1241.3547421061483,0.1112996463996784,23.75305555555556
138.0,58686.5,52.2444492,-2.1338763,85.432,6.257999999999999,72.48,0.04,0.1,8.299988,85.11,85.12,85.33,84.84,0.1000061,85.08,0.0,0.0,0.0,6.0,3.0,2117.0,85.0,0.0,0.0,0.0,13.7,10.5,15.0,0.25868256721762983,2.3589700454004734,349.5452642965484,1243.7137121515486,0.10922270458980513,23.73111111111111
138.0,58686.6,52.2444703,-2.1338724,85.316,6.332000000000001,72.49,0.04,0.1,8.200012,85.17999,85.12999,85.17,84.65999000000001,0.2000122,85.2,0.0,0.0,0.0,6.0,3.0,2114.0,85.0,0.0,0.0,0.0,13.8,10.5,15.0,0.26137368635189445,2.3554314130880214,349.80663798290027,1246.0691435646368,0.11051424823628096,23.698888888888888
138.0,58686.7,52.2444915,-2.1338687,85.48200000000001,6.175,72.48,0.02,0.1,8.200012,85.14,85.15999000000001,85.28999,84.81,0.0,85.21,0.0,0.0,0.0,6.0,3.0,2111.0,85.0,0.0,0.0,0.0,13.8,10.5,15.0,0.2554144346847737,2.360723134243967,350.06205241758505,1248.4298666988807,0.10777408131064985,23.745000000000005
138.0,58686.8,52.2445126,-2.1338648,85.45700000000001,6.322,72.49,0.01,0.1,8.200012,85.20999,85.28999,85.50999,85.0,0.2000122,85.18999000000001,0.0,0.0,0.0,6.0,3.0,2120.0,85.0,0.0,0.0,0.0,13.8,10.5,15.5,0.26139386953508764,2.3593698439532313,350.32344628712013,1250.7892365428338,0.11033971531108151,23.738055555555558
138.0,58686.9,52.2445338,-2.1338611,85.48200000000001,6.111000000000001,72.5,0.02,0.1,8.0,85.28,85.25999,85.33,84.89,0.1000061,85.32,0.0,0.009180069,0.0,6.0,3.0,2114.0,85.0,0.0,0.0,0.0,13.8,10.5,15.5,0.2527773228402856,2.3610069620942884,350.57622360996044,1253.150243504928,0.10665707058937349,23.745000000000005
138.0,58687.0,52.244555,-2.1338574,85.522,6.127000000000001,72.5,0.01,0.1,7.799988000000001,85.28,85.28999,85.28,84.75999,0.2000122,85.34,0.0,0.0,0.0,6.0,3.0,2122.0,85.0,0.0,0.0,0.0,13.8,10.5,15.5,0.25355522230945987,2.362041045467705,350.8297788322699,1255.5122845503959,0.10693632326969259,23.756111111111114
138.0,58687.1,52.2445761,-2.1338535000000003,85.428,6.277,72.51,0.01,0.1,7.5,85.31999,85.28,85.50999,85.03999,0.6000061,85.25,0.009180069,0.0,0.0,6.0,3.0,2111.0,85.0,0.0,0.0,0.0,13.8,10.5,10.5,0.2594526687039982,2.3587736883182275,351.0892315009739,1257.871058238714,0.10955431714768407,23.73
138.0,58687.2,52.2445973,-2.1338497,85.522,6.165,72.52,0.02,0.1,7.5,85.25,85.34999,85.44,85.09999,0.3000183,85.33,0.0,0.009180069,0.0,6.0,3.0,2120.0,85.0,0.0,0.0,0.0,13.8,10.5,5.5,0.2551217313750624,2.361872361795777,351.34435323234896,1260.23293060051,0.10759954838545041,23.756111111111114
138.0,58687.3,52.2446186,-2.133846,85.59700000000001,6.079,72.53,0.02,0.1,7.599976,85.25999,85.3,85.39999,84.87,0.3000183,85.33,0.0,0.02957988,0.0,6.0,3.0,2113.0,85.0,0.0,0.0,0.0,13.8,10.5,4.0,0.2517969388936001,2.364324252869261,351.5961501712426,1262.5972548533791,0.10609856522873529,23.776944444444446
138.0,58687.4,52.2446397,-2.1338422999999995,85.46799999999999,5.93,72.53,0.01,0.1,7.399963,85.20999,85.08,85.31999,84.70999,0.6000061,85.17,0.0,0.009180069,0.0,6.0,3.0,2116.0,85.0,0.0,0.0,0.0,13.8,10.5,4.0,0.24527736705676553,2.36140690714475,351.84142753829934,1264.958661760524,0.10349802464326374,23.741111111111106
138.0,58687.5,52.244661,-2.1338387,85.619,5.996,72.55,0.03,0.1,7.299988000000001,85.09,85.31999,85.42999,85.20999,0.7000122,85.08,0.0,0.009180069,0.0,6.0,3.0,2110.0,85.0,0.0,0.0,0.0,13.8,10.5,4.0,0.24843549681553695,2.3652942987096632,352.0898630351149,1267.3239560592335,0.10464994194958001,23.783055555555556
138.0,58687.6,52.24468220000001,-2.1338351,85.514,5.949,72.55,0.03,0.1,7.099976,85.22,85.22,85.5,84.69,0.5,85.24,0.0,0.0,0.0,6.0,3.0,2119.0,85.0,0.0,0.0,0.0,13.7,10.5,4.0,0.24619285869338828,2.362596336614693,352.3360558938083,1269.6865523958481,0.10382963720114266,23.753888888888888
138.0,58687.7,52.2447034,-2.1338315,85.439,5.938,72.55,0.02,0.1,7.0,85.05,85.11,85.3,84.73999,0.8000183000000001,85.14,0.0,0.009180069,0.0,6.0,3.0,2107.0,85.0,0.0,0.0,0.0,13.8,10.5,4.0,0.24552374275345512,2.360571403659546,352.58157963656174,1272.0471237995077,0.10363765098342329,23.733055555555552
138.0,58687.8,52.244724600000005,-2.1338279,85.525,5.8260000000000005,72.55,0.02,0.1,6.799988000000001,84.98,84.92999,85.15999000000001,84.69,0.6000061,84.97,-0.009180069,0.0397799,0.0,6.0,3.0,2112.0,85.0,0.0,0.0,0.0,13.8,10.5,4.0,0.2411513960978894,2.3634233851606523,352.82273103265965,1274.4105471846683,0.10168288222118965,23.756944444444446
138.0,58687.9,52.2447458,-2.1338246,85.49600000000001,5.52,72.55,0.01,0.1,6.799988000000001,85.05,85.12,85.23,84.92999,0.3999939,85.07,-0.009180069,0.01937985,0.0,6.0,3.0,2108.0,85.0,0.0,0.0,0.0,13.8,10.5,4.0,0.22844817491520295,2.3638757721051706,353.0511792075749,1276.7744229567734,0.09634217471008698,23.748888888888892
138.0,58688.0,52.244767,-2.1338211,85.53200000000001,5.635,72.53,-0.02,0.1,6.599976,85.06,85.12999,84.90999000000001,84.45,0.8000183000000001,85.18,-0.01938009,0.01937985,0.0,6.0,3.0,2118.0,85.0,0.0,0.0,0.0,13.8,10.5,4.0,0.2332905051649406,2.3644076536303054,353.2844697127398,1279.1388306104036,0.09834930334988047,23.75888888888889
138.0,58688.1,52.2447881,-2.1338177000000003,85.079,5.603,72.51,-0.04,0.1,6.399963,84.94,85.00999,85.12,84.65999000000001,1.200012,85.00999,-0.01938009,0.01937985,0.0,6.0,3.0,2106.0,85.0,0.0,0.0,0.0,13.8,10.5,4.0,0.23074136062843095,2.352014365052878,353.5152110733682,1281.4908449754564,0.09779079798924228,23.633055555555554
138.0,58688.2,52.2448093,-2.1338142,85.259,5.751,72.52,-0.02,0.1,6.299988,84.78999,84.92,85.25,84.92,1.100006,84.91,-0.009180069,0.0397799,0.0,6.0,3.0,2112.0,85.0,0.0,0.0,0.0,13.8,10.5,4.0,0.23731706963478125,2.3563853277711755,353.752528143003,1283.8472303032277,0.1003738852821939,23.683055555555555
138.0,58688.3,52.2448304,-2.133811,85.198,5.393,72.51,-0.02,0.1,6.5,84.69,84.78999,85.05,84.73999,0.8999939,84.87,-0.009180069,0.05915999,0.0,6.0,3.0,2102.0,85.0,0.0,0.0,0.0,13.8,10.5,4.0,0.22242992539025552,2.356135199755195,353.9749580683933,1286.203365502983,0.09412560656005418,23.66611111111111
138.0,58688.4,52.2448515,-2.1338078,84.992,5.305,72.51,-0.02,0.1,6.5,84.72,84.8,84.84,84.45,0.5,84.88,-0.01938009,0.04997993,0.0,6.0,3.0,2110.0,85.0,0.0,0.0,0.0,13.7,10.5,6.5,0.21828183832888046,2.3507763366034586,354.19323990672217,1288.5541418395865,0.09258971681829918,23.608888888888888
137.0,58688.5,52.2448726,-2.1338046,84.87,5.239,72.51,-0.03,0.1,6.5,84.70999,84.67,84.90999000000001,84.5,0.5,84.68,-0.009180069,0.0397799,0.0,6.0,3.0,2098.0,85.0,0.0,0.0,0.0,13.8,10.5,9.0,0.21526435323925464,2.347651487811699,354.40850425996143,1290.901793327398,0.09143779951198293,23.575
137.0,58688.6,52.2448937,-2.1338016,85.054,4.865,72.51,-0.03,0.1,6.700011999999999,84.59999,84.67999,84.84,84.64999,0.8000183000000001,84.62,-0.009180069,0.02957988,0.0,6.0,3.0,2106.0,85.0,0.0,0.0,0.0,13.8,10.5,12.5,0.20036897172252477,2.354099304939479,354.60887323168396,1293.2558926323375,0.08491026810952414,23.62611111111111
137.0,58688.7,52.244915,-2.1337988,85.302,4.791,72.51,-0.03,0.1,7.299988000000001,84.59,84.7,84.75,84.31,0.8000183000000001,84.71,-0.009180069,0.01937985,0.0,6.0,3.0,2107.0,85.0,0.0,0.0,0.0,13.8,10.5,13.5,0.19790375250014974,2.361220945770717,354.8067769841841,1295.6171135781083,0.08361872446304834,23.695
137.0,58688.8,52.244936,-2.1337957,84.884,5.031000000000001,72.5,-0.04,0.1,7.5,84.65999000000001,84.65999000000001,84.70999,84.20999,0.7000122,84.6,0.0,0.01937985,0.0,6.0,3.0,2105.0,85.0,0.0,0.0,0.0,13.7,10.5,14.0,0.2067744133676334,2.3488048778734583,355.01355139755174,1297.9659184559816,0.08780751466783474,23.578888888888887
137.0,58688.9,52.244957,-2.1337927000000003,84.61399999999999,5.039,72.5,-0.02,0.1,7.899963,84.73999,84.78,84.95,84.55,0.5,84.74,0.0,0.009180069,0.0,6.0,3.0,2100.0,85.0,0.0,0.0,0.0,13.7,10.5,16.5,0.20644361279938153,2.3413049702562634,355.2199950103511,1300.307223426238,0.08794714100799426,23.503888888888884
137.0,58689.0,52.2449781,-2.1337897000000003,84.83,4.933,72.51,-0.01,0.1,8.0,84.72,84.73999,84.84,84.45,0.1000061,84.75,0.0,0.01937985,0.0,6.0,3.0,2113.0,85.0,0.0,0.0,0.0,13.8,10.5,18.0,0.2026276776152634,2.3476606696759346,355.4226226879664,1302.6548840959138,0.08609709200088027,23.563888888888886
137.0,58689.1,52.2449992,-2.1337868,84.917,4.87,72.52,-0.0,0.1,7.899963,84.89,84.87999,84.87999,84.36,0.1000061,84.85,0.009180069,0.009180069,0.0,6.0,3.0,2103.0,85.0,0.0,0.0,0.0,13.8,10.5,19.0,0.20025133137827408,2.350289993426552,355.6228740193447,1305.0051740893402,0.08499753457212385,23.588055555555556
137.0,58689.2,52.2450202,-2.1337838,84.65799999999999,4.945,72.51,-0.01,0.1,7.899963,84.95,84.90999000000001,85.09999,84.48999,0.3999939,84.86,0.009180069,0.0,0.0,6.0,3.0,2116.0,85.0,0.0,0.0,0.0,13.8,10.5,19.0,0.2027075243736837,2.342858185521165,355.8255815437184,1307.3480322748615,0.0863065315111196,23.51611111111111
137.0,58689.3,52.24504149999999,-2.1337812,85.147,4.522,72.5,-0.01,0.1,8.0,85.05,85.08,85.17999,84.81999,0.6000061,84.99,0.01937985,0.0,0.0,6.0,3.0,2108.0,85.0,0.0,0.0,0.0,13.8,10.5,19.0,0.18647637351729726,2.3578319113437036,356.01205791723567,1309.7058641862052,0.07892378877518359,23.651944444444446
137.0,58689.4,52.2450627,-2.1337784,85.302,4.641,72.5,-0.02,0.1,8.200012,85.11,85.14,85.11,84.64,0.3000183,85.09,0.02957988,0.0,0.0,6.0,3.0,2108.0,85.0,0.0,0.0,0.0,13.8,10.5,19.0,0.19172141937586124,2.3617309642193596,356.20377933661155,1312.0675951504245,0.08100073058505683,23.695
137.0,58689.5,52.245084,-2.1337758,85.381,4.434,72.48,-0.04,0.1,8.5,85.3,85.22,85.12999,84.59,0.2000122,85.29,0.01937985,0.0,0.0,6.0,3.0,2123.0,85.0,0.0,0.0,0.0,13.8,10.5,19.0,0.18335730455518623,2.3645960831979105,356.3871366411667,1314.4321912336225,0.07738789903342858,23.716944444444444
137.0,58689.6,52.2451051,-2.1337729,85.234,4.683,72.48,-0.03,0.1,8.700012,85.37,85.37999,85.31999,84.81,0.0,85.32,0.02957988,0.0,0.0,6.0,3.0,2114.0,85.0,0.0,0.0,0.0,13.8,10.5,19.0,0.19329839275649163,2.359707207433699,356.5804350339232,1316.7918984410562,0.08173376887089445,23.67611111111111
137.0,58689.7,52.2451263,-2.1337701,85.241,4.644,72.48,-0.03,0.1,8.799988,85.45,85.42999,85.5,85.14999,-0.1000061,85.45,0.01937985,0.0,0.0,6.0,3.0,2125.0,85.0,0.0,0.0,0.0,13.8,10.5,14.5,0.19170788942706343,2.360032040895033,356.77214292335026,1319.1519304819512,0.08105309046261666,23.678055555555556
137.0,58689.8,52.2451477,-2.1337677000000004,85.712,4.244,72.46,-0.05,0.1,8.799988,85.45999,85.45,85.59999,85.01999,-0.1000061,85.43,0.01937985,0.0,0.0,6.0,3.0,2115.0,85.0,0.0,0.0,0.0,13.8,10.5,12.5,0.17619543941076593,2.3743603493078753,356.94833836276104,1321.526290831259,0.07407177345463935,23.80888888888889
137.0,58689.9,52.2451691,-2.1337651,85.777,4.2,72.45,-0.05,0.1,8.799988,85.67999,85.64,85.87,85.17,0.0,85.6,0.009180069,-0.009180069,0.0,6.0,3.0,2127.0,85.0,0.0,0.0,0.0,13.8,10.5,12.0,0.17450424541713508,2.3762956642467317,357.1228426081782,1323.9025864955058,0.07330382858376185,23.826944444444443
137.0,58690.0,52.24519039999999,-2.1337625,85.705,4.2860000000000005,72.45,-0.06,0.1,8.799988,85.65999000000001,85.64999,85.58,85.19,0.0,85.66,0.0,-0.01938009,0.0,6.0,3.0,2122.0,85.0,0.0,0.0,0.0,13.8,10.5,11.0,0.17792135713798377,2.3740366527252315,357.30076396531615,1326.276623148231,0.07480481174047697,23.806944444444444
137.0,58690.1,52.2452118,-2.1337599,85.943,4.347,72.44,-0.06,0.1,8.799988,85.48999,85.53999,85.8,85.28,0.3999939,85.55,0.0,-0.009180069,0.0,6.0,3.0,2124.0,85.0,0.0,0.0,0.0,13.8,10.5,11.0,0.18094987633767026,2.3804379760539454,357.4817138416538,1328.657061124285,0.07586946258419351,23.873055555555556
137.0,58690.2,52.245233,-2.1337571,85.619,4.529,72.45,-0.04,0.1,8.799988,85.50999,85.48,85.73999,85.12999,0.3999939,85.43,0.0,0.0,0.0,6.0,3.0,2119.0,85.0,0.0,0.0,0.0,13.8,10.5,11.0,0.18779973709772504,2.370879282952307,357.66951357875155,1331.0279404072373,0.07904596182282318,23.783055555555556
137.0,58690.3,52.2452547,-2.1337551,86.292,3.83,72.4,-0.09,0.1,8.799988,85.50999,85.53,85.76999,85.31999,0.0,85.45,0.0,0.009180069,0.0,6.0,3.0,2126.0,85.0,0.0,0.0,0.0,13.8,10.5,11.0,0.16011082438772414,2.3916466135100065,357.8296244031393,1333.4195870207473,0.06684611035138283,23.97
137.0,58690.4,52.2452761,-2.1337527999999994,86.177,3.876,72.36,-0.12,0.1,8.799988,85.59999,85.58,85.53,85.25999,0.0,85.53,0.0,0.009180069,0.0,6.0,3.0,2120.0,85.0,0.0,0.0,0.0,13.8,10.5,11.0,0.16181497348453774,2.3883301597904847,357.9914393766238,1335.8079171805377,0.0676489618073002,23.938055555555557
137.0,58690.5,52.2452975,-2.1337506,85.96799999999999,3.828,72.33,-0.15,0.1,8.799988,85.67999,85.62,85.73,85.06999,0.0,85.58,0.0,0.0,0.0,6.0,3.0,2130.0,85.0,0.0,0.0,0.0,13.8,10.5,11.0,0.15942648648202715,2.3826722803205636,358.1508658631058,1338.1905894608583,0.06681120376634293,23.879999999999995
137.0,58690.6,52.2453189,-2.1337483,85.792,3.867,72.29,-0.17,0.1,8.799988,85.59999,85.62,85.65999000000001,85.03999,0.1000061,85.65,0.0,-0.01938009,0.0,6.0,3.0,2120.0,85.0,0.0,0.0,0.0,13.8,10.5,11.0,0.1607185731324664,2.377685451894657,358.31158443623826,1340.568274912753,0.06749188217462072,23.83111111111111
136.0,58690.7,52.2453403,-2.1337457,86.04700000000001,4.218999999999999,72.26,-0.18,0.1,8.799988,85.59,85.59999,85.76999,85.15999000000001,0.2000122,85.57,0.0,-0.01938009,0.0,6.0,3.0,2127.0,85.0,0.0,0.0,0.0,13.8,10.5,11.0,0.1758440121545918,2.383717341809314,358.48742844839285,1342.9519922545624,0.07363544114164075,23.901944444444446
136.0,58690.8,52.2453617,-2.1337433,85.87100000000001,4.039,72.25,-0.17,0.1,8.799988,85.47,85.42999,85.64999,85.14,0.0,85.52,0.0,0.0,0.0,6.0,3.0,2126.0,85.0,0.0,0.0,0.0,13.8,10.5,11.0,0.16801013660398134,2.3793812614548577,358.65543858499683,1345.3313735160173,0.07049384848805096,23.853055555555557
136.0,58690.9,52.2453831,-2.1337409,86.04,3.935,72.23,-0.17,0.1,8.799988,85.53,85.51999,85.64999,85.06,0.0,85.54,0.0,0.0,0.0,6.0,3.0,2127.0,85.0,0.0,0.0,0.0,13.8,10.5,11.0,0.1640131013105356,2.384365681391699,358.8194516863074,1347.715739197409,0.06867870606597687,23.900000000000002
136.0,58691.0,52.24540449999999,-2.1337386,85.86,3.931,72.21,-0.18,0.1,8.799988,85.40999000000001,85.42999,85.75,85.34,0.0,85.46,0.0,0.0,0.0,6.0,3.0,2126.0,85.0,0.0,0.0,0.0,13.8,10.5,15.5,0.16350386538500347,2.3793888891907016,358.9829555516924,1350.0951280865997,0.0686088928958971,23.849999999999998
137.0,58691.1,52.2454258,-2.1337360000000003,85.889,4.033,72.2,-0.18,0.1,8.799988,85.42999,85.50999,85.61,85.25,0.0,85.42,0.0,0.0,0.0,6.0,3.0,2130.0,85.0,0.0,0.0,0.0,13.8,10.5,16.0,0.16779613296907683,2.3798976042427493,359.1507516846615,1352.4750256908426,0.07038912873293132,23.858055555555556
136.0,58691.2,52.2454472,-2.1337336,86.02600000000001,4.029,72.17,-0.18,0.1,8.799988,85.44,85.51999,85.56999,85.19,0.0,85.54,0.0,0.0,0.0,6.0,3.0,2132.0,85.0,0.0,0.0,0.0,13.7,10.5,16.5,0.16789736793890725,2.3837054633878045,359.3186490526004,1354.8587311542303,0.07031931556285154,23.896111111111114
136.0,58691.3,52.2454687,-2.1337316,85.99,3.713,72.12,-0.22,0.1,8.799988,85.67,85.73,85.8,85.2,-0.1999817,85.66,0.0,0.0,0.0,6.0,3.0,2127.0,85.0,0.0,0.0,0.0,13.8,10.5,16.5,0.15468341356731916,2.3835972985575014,359.47333246616773,1357.242328452788,0.06480407512654945,23.88611111111111
136.0,58691.4,52.24549,-2.133729,85.91,4.045,72.12,-0.2,0.1,8.799988,85.75999,85.78,85.81,85.33,0.0,85.74,0.009180069,0.0,0.0,6.0,3.0,2127.0,85.0,0.0,0.0,0.0,13.8,10.5,16.5,0.16833572217055848,2.3804442891304265,359.6416681883383,1359.6227727419184,0.07059856824317062,23.863888888888887
136.0,58691.5,52.2455113,-2.1337263,85.65100000000001,4.203,72.11,-0.19,0.1,8.799988,85.7,85.73,85.78,85.5,0.0,85.77,0.009180069,0.0,0.0,6.0,3.0,2133.0,85.0,0.0,0.0,0.0,13.8,10.5,17.0,0.17437215127087857,2.3727959367245375,359.8160403396092,1361.995568678643,0.07335618846132168,23.791944444444447
136.0,58691.6,52.2455328,-2.133724,86.21600000000001,3.855,72.09,-0.19,0.1,8.799988,85.75,85.78999,86.0,85.47,0.0,85.74,0.01937985,0.0,0.0,6.0,3.0,2134.0,85.0,0.0,0.0,0.0,13.8,10.5,17.0,0.16101242824338424,2.3894701898275748,359.97705276785257,1364.3850388684705,0.06728244266438141,23.94888888888889
136.0,58691.7,52.2455542,-2.1337215,86.26299999999999,3.949,72.08,-0.18,0.1,8.700012,85.87999,85.84,85.97,85.62,0.5,85.87,0.009180069,0.0,0.0,6.0,3.0,2128.0,85.0,0.0,0.0,0.0,13.8,10.5,14.5,0.16502230892860706,2.390505271515269,360.14207507678117,1366.7755441399856,0.06892305216125608,23.96194444444444
137.0,58691.8,52.2455756,-2.1337192000000003,86.04700000000001,3.828,72.06,-0.19,0.1,8.700012,85.94,85.92,86.03,85.72,0.0,85.97,0.01937985,0.0,0.0,6.0,3.0,2129.0,85.0,0.0,-0.230011,0.0,13.8,10.5,9.5,0.15957299090730265,2.3848618288752044,360.30164806768846,1369.160405968861,0.06681120376634293,23.901944444444446
137.0,58691.9,52.2455973,-2.1337175000000004,86.70200000000001,3.383,72.0,-0.23,0.1,8.0,86.03,86.0,86.3,85.56999,0.1000061,85.93,0.009180069,0.0,0.0,6.0,3.0,2137.0,85.0,0.0,0.0,0.0,13.8,10.5,9.0,0.14211947930544142,2.404191983541541,360.4437675469939,1371.5645979524024,0.05904448859496817,24.083888888888893
137.0,58692.0,52.2456189,-2.1337151000000003,86.551,3.733,71.97,-0.24,0.1,7.899963,85.94,86.01999,86.11,85.7,0.2000122,86.06,0.009180069,0.0,0.0,6.0,3.0,2127.0,85.0,0.0,0.0,0.0,13.8,10.5,8.5,0.15653002149519277,2.399093428582606,360.6002975684891,1373.963691380985,0.06515314097694833,24.041944444444443
137.0,58692.1,52.24564039999999,-2.1337128,86.551,3.676,71.96,-0.23,0.1,7.899963,85.92999,85.98999,86.08,85.75999,0.3999939,86.00999,0.0,0.009180069,0.0,6.0,3.0,2138.0,85.0,0.0,0.0,0.0,13.8,10.5,5.0,0.15414323590452172,2.399247963325678,360.75444080439365,1376.3629393443107,0.06415830330331156,24.041944444444443
137.0,58692.2,52.2456621,-2.133711,86.83200000000001,3.377,71.91,-0.26,0.1,7.899963,85.97,85.95,86.2,85.55,0.2000122,86.04,0.0,0.01937985,0.0,6.0,3.0,2130.0,85.0,0.0,0.0,0.0,13.8,10.5,4.0,0.14208042697685705,2.4078116936899523,360.8965212313705,1378.7707510380008,0.05893976883984851,24.12
137.0,58692.3,52.2456836,-2.1337085,86.47200000000001,3.715,71.89,-0.25,0.1,7.899963,85.98999,86.08,86.12,85.87,0.5,85.98,0.0,0.01937985,0.0,6.0,3.0,2130.0,85.0,0.0,0.0,0.0,13.8,10.5,3.5,0.15563413048689329,2.3969526523124296,361.0521553618574,1381.1677036903131,0.06483898171158935,24.020000000000003
137.0,58692.4,52.2457051,-2.1337064000000003,86.46799999999999,3.59,71.86,-0.25,0.1,7.899963,85.89,85.95999,86.03,85.78,0.5,86.0,-0.009180069,0.01937985,0.0,6.0,3.0,2126.0,85.0,0.0,0.0,0.0,13.8,10.5,3.0,0.15039746740890217,2.397175595646862,361.20255282926627,1383.56487928596,0.06265732014659643,24.018888888888885
137.0,58692.5,52.245726600000005,-2.1337042,86.389,3.639,71.84,-0.25,0.1,7.899963,85.84999,85.92,85.98999,85.53999,0.3999939,85.93,-0.009180069,0.009180069,0.0,6.0,3.0,2137.0,85.0,0.0,0.0,0.0,13.7,10.5,3.0,0.15230822285923998,2.394856077501734,361.3548610521255,1385.9597353634617,0.06351253148007364,23.99694444444444
137.0,58692.6,52.2457479,-2.1337015,85.99700000000001,3.916,71.85,-0.22,0.1,7.899963,85.78,85.8,86.12,85.40999000000001,0.3000183,85.79,-0.009180069,0.009180069,0.0,6.0,3.0,2123.0,85.0,0.0,0.0,0.0,13.8,10.5,3.0,0.16314083344219701,2.3832282833830405,361.5180018855677,1388.3429636468447,0.06834709350809795,23.88805555555556
137.0,58692.7,52.2457694,-2.1336993000000004,86.26,3.602,71.83,-0.22,0.1,7.899963,85.84,85.89999,85.95999,85.65999000000001,0.3000183,85.84,-0.01938009,0.009180069,0.0,6.0,3.0,2133.0,85.0,0.0,0.0,0.0,13.8,10.5,3.0,0.15053653643666853,2.391377679913354,361.66853842200436,1390.734341326758,0.06286675965683575,23.961111111111112
137.0,58692.8,52.24579070000001,-2.1336968999999995,85.91,3.76,71.83,-0.2,0.1,7.899963,85.67,85.73,85.81,85.51999,0.5,85.75,-0.01938009,0.01937985,0.0,6.0,3.0,2134.0,85.0,0.0,0.0,0.0,13.8,10.5,3.0,0.15649291018169306,2.3812521701985303,361.82503133218603,1393.1155934969565,0.06562437987498679,23.863888888888887
137.0,58692.9,52.2458121,-2.1336946,85.85600000000001,3.691,71.81,-0.2,0.1,7.899963,85.62999,85.59,85.89999,85.23999,0.3999939,85.55,-0.009180069,0.009180069,0.0,6.0,3.0,2116.0,85.0,0.0,0.0,0.0,13.8,10.5,3.0,0.1535285464048377,2.3799420156349393,361.9785598785909,1395.4955355125915,0.0644201026911107,23.84888888888889
137.0,58693.0,52.2458335,-2.1336925,86.008,3.48,71.81,-0.19,0.1,8.0,85.61,85.62999,85.83,85.31,0.2000122,85.65,-0.01938009,0.0,0.0,6.0,3.0,2123.0,85.0,0.0,0.0,0.0,13.8,10.5,3.0,0.14501933364734526,2.384705703876905,362.1235792122382,1397.8802412164684,0.06073745796940267,23.89111111111111
137.0,58693.1,52.2458547,-2.1336899,85.529,4.064,71.81,-0.16,0.1,8.0,85.42999,85.42,85.51999,85.33,0.3000183,85.56,-0.02958012,0.0,0.0,6.0,3.0,2113.0,85.0,0.0,0.0,0.0,13.8,10.5,3.0,0.16837504966950512,2.3698316143678717,362.29195426190773,1400.2500728308364,0.07093018080104956,23.758055555555554
137.0,58693.2,52.245876,-2.1336875,85.45,3.825,71.82,-0.14,0.1,8.0,85.36,85.33,85.56,85.11,0.2000122,85.43999000000001,-0.01938009,0.009180069,0.0,6.0,3.0,2116.0,85.0,0.0,0.0,0.0,13.8,10.5,3.0,0.15834185760252265,2.3683237876019203,362.45029611951026,1402.6183966184383,0.06675884388878311,23.73611111111111
137.0,58693.3,52.2458974,-2.1336855,85.684,3.472,71.81,-0.13,0.1,8.0,85.23,85.22,85.51999,85.03999,0.2000122,85.29,-0.01938009,0.01937985,0.0,6.0,3.0,2113.0,85.0,0.0,-0.230011,0.0,13.8,10.5,3.0,0.14414131774077377,2.3757424485315157,362.59443743725103,1404.9941390669699,0.06059783162924312,23.80111111111111
137.0,58693.4,52.2459187,-2.1336835000000005,85.64,3.44,71.8,-0.13,0.1,8.0,85.15999000000001,85.17,85.34,85.08,0.2000122,85.25999,-0.01938009,0.009180069,0.0,6.0,3.0,2114.0,85.0,0.0,0.0,0.0,13.8,10.5,3.0,0.14274109311573777,2.3746025616964066,362.73717853036675,1407.3687416286664,0.060039326268604934,23.788888888888888
137.0,58693.5,52.2459399,-2.1336812,85.428,3.506,71.79,-0.13,0.1,8.0,84.97,85.06999,85.22,84.83,0.3999939,85.09,-0.01938009,0.009180069,0.0,6.0,3.0,2107.0,85.0,0.0,0.0,0.0,13.8,10.5,3.0,0.14511621999777946,2.3685586931071727,362.8822947503645,1409.7373003217735,0.06119124357492119,23.73
137.0,58693.6,52.2459613,-2.1336795,85.709,3.079,71.77,-0.14,0.1,8.0,85.15999000000001,85.05,85.34,84.62999,0.3000183,85.09,-0.02958012,0.009180069,0.0,6.0,3.0,2120.0,85.0,0.0,0.0,0.0,13.8,10.5,3.0,0.12787979586915288,2.3773686822141538,363.01017454623366,1412.1146690039877,0.05373868766890541,23.808055555555555
137.0,58693.7,52.2459825,-2.1336772,85.324,3.576,71.76,-0.14,0.1,8.0,85.00999,85.12999,85.05,84.70999,0.3999939,85.04,-0.02958012,0.009180069,0.0,6.0,3.0,2108.0,85.0,0.0,0.0,0.0,13.8,10.5,3.0,0.14782966420512628,2.365496368501407,363.1580042104388,1414.4801653724892,0.062412974051317224,23.70111111111111
137.0,58693.8,52.2460037,-2.1336753,85.31299999999999,3.313,71.74,-0.14,0.1,8.0,84.87,84.87999,85.06,84.67999,0.3000183,84.98,-0.01938009,0.009180069,0.0,6.0,3.0,2116.0,85.0,0.0,0.0,0.0,13.8,10.5,3.0,0.13695234760581115,2.3658449707508797,363.2949565580446,1416.84601034324,0.05782275811857214,23.698055555555552
137.0,58693.9,52.2460249,-2.1336733,85.1,3.302,71.74,-0.14,0.1,8.0,84.83,84.78999,84.98999,84.65999000000001,0.0,84.91,-0.02958012,0.009180069,0.0,6.0,3.0,2112.0,85.0,0.0,0.0,0.0,13.8,10.5,3.0,0.13615734210954752,2.359964376256982,363.4311139001541,1419.2059747194971,0.057630771900852765,23.638888888888886
137.0,58694.0,52.2460461,-2.1336714,85.126,3.095,71.72,-0.14,0.1,8.0,84.73999,84.8,84.95,84.39999,0.3000183,84.73,-0.01938009,0.009180069,0.0,6.0,3.0,2109.0,85.0,0.0,0.0,0.0,13.8,10.5,3.0,0.1276693122856602,2.3611620557451434,363.5587832124398,1421.5671367752423,0.054017940349224504,23.64611111111111
137.0,58694.1,52.2460674,-2.1336696,85.277,3.03,71.7,-0.14,0.1,8.0,84.62,84.72,84.87999,84.36,0.3999939,84.66,-0.01938009,0.009180069,0.0,6.0,3.0,2100.0,85.0,0.0,0.0,0.0,13.8,10.5,3.0,0.12521229074837617,2.365493953126156,363.68399550318816,1423.9326307283684,0.052883476335428184,23.688055555555554
137.0,58694.2,52.246088500000006,-2.1336674,84.92,3.397,71.72,-0.12,0.1,8.0,84.5,84.55,84.7,84.39999,0.3999939,84.55,-0.01938009,0.009180069,0.0,6.0,3.0,2101.0,85.0,0.0,0.0,0.0,13.8,10.5,3.0,0.1397738517443665,2.354744160305319,363.82376935493255,1426.2873748886736,0.05928883469024737,23.58888888888889
137.0,58694.3,52.2461096,-2.1336656,84.834,3.1180000000000003,71.7,-0.13,0.1,8.0,84.53999,84.45,84.75999,84.03,0.2000122,84.48,-0.01938009,0.009180069,0.0,6.0,3.0,2093.0,85.0,0.0,0.0,0.0,13.8,10.5,3.0,0.1281759494797087,2.3530115120787185,363.9519453044123,1428.6403864007523,0.0544193660771832,23.565
137.0,58694.4,52.2461307,-2.1336639,84.866,2.869,71.69,-0.13,0.1,8.0,84.53,84.37999,84.64,84.01999,0.2000122,84.48,-0.02958012,0.0,0.0,6.0,3.0,2092.0,85.0,0.0,0.0,0.0,13.8,10.5,3.0,0.11799338068620034,2.3544341009191636,364.06993868509846,1430.9948205016715,0.05007349623971732,23.573888888888888
137.0,58694.5,52.2461519,-2.133662,84.906,2.962,71.67,-0.13,0.1,8.200012,84.42999,84.45999,84.48,84.08,0.3000183,84.48,-0.02958012,0.009180069,0.0,6.0,3.0,2099.0,85.0,0.0,0.0,0.0,13.8,10.5,3.0,0.12187225303486444,2.3553491044726695,364.1918109381333,1433.3501696061442,0.051696652444072046,23.585
137.0,58694.6,52.2461729,-2.1336601,84.406,3.085,71.66,-0.13,0.1,8.299988,84.28999,84.25,84.56999,84.08,0.1000061,84.18999000000001,-0.01938009,0.0,0.0,6.0,3.0,2102.0,85.0,0.0,0.0,0.0,13.8,10.5,3.0,0.126180861925868,2.341213286402869,364.3179918000592,1435.691382892547,0.05384340742402507,23.44611111111111
137.0,58694.7,52.2461939,-2.1336584000000003,84.542,2.878,71.66,-0.12,0.1,8.299988,84.2,84.17999,84.36,83.73999,0.1000061,84.22,-0.01938009,0.0,0.0,6.0,3.0,2085.0,85.0,0.0,0.0,0.0,13.8,10.5,3.5,0.117911327771861,2.345426889126981,364.43590312783107,1438.0368097816738,0.05023057587239681,23.483888888888888
137.0,58694.8,52.246215,-2.1336565,84.499,3.056,71.67,-0.11,0.1,8.399963,84.06,84.05,84.22,83.84999,0.0,84.12,-0.01938009,0.0,0.0,6.0,3.0,2088.0,85.0,0.0,0.0,0.0,13.8,10.5,3.5,0.12513357388858237,2.3438565119726795,364.5610367017197,1440.3806662936465,0.05333726194094671,23.471944444444443
137.0,58694.9,52.246236,-2.1336546,84.55,3.028,71.65,-0.12,0.1,8.399963,83.98,83.95,84.26999,83.89,0.0,84.04,-0.01938009,0.0,0.0,6.0,3.0,2078.0,85.0,0.0,0.0,0.0,13.8,10.5,3.5,0.12406296857972131,2.3453320726630067,364.6850996702994,1442.7259983663096,0.0528485697503883,23.48611111111111
137.0,58695.0,52.246257,-2.1336528,84.251,3.016,71.65,-0.12,0.1,8.5,84.00999,83.92,84.14,83.56999,0.0,83.92,-0.02958012,0.0,0.0,6.0,3.0,2094.0,85.0,0.0,0.0,0.0,13.8,10.5,5.0,0.12313476531644603,2.3370639535397104,364.8082344356158,1445.0630623198492,0.052639130240148976,23.403055555555557
137.0,58695.1,52.246278,-2.133651,84.294,2.92,71.64,-0.12,0.1,8.5,83.95999,84.0,84.01999,83.42,0.0,83.92,-0.01938009,0.009180069,0.0,6.0,3.0,2087.0,85.0,0.0,0.0,0.0,13.8,10.5,7.5,0.11927965292691584,2.338459880861255,364.92751408854275,1447.4015222007106,0.05096361415823442,23.415
137.0,58695.2,52.246299,-2.1336493,84.22200000000001,2.752,71.62,-0.13,0.1,8.5,83.90999000000001,83.81999,83.97,83.69,0.0,83.98,-0.01938009,0.009180069,0.0,6.0,3.0,2089.0,85.0,0.0,0.0,0.0,13.8,10.5,9.0,0.11232640151766989,2.3368018806741175,365.03984049006044,1449.7383240813847,0.048031461014883946,23.395000000000003
136.0,58695.3,52.2463199,-2.1336478,84.06,2.5780000000000003,71.6,-0.13,0.1,8.5,83.94,83.87999,83.84,83.67999,0.0,83.95,-0.01938009,0.0,0.0,6.0,3.0,2082.0,85.0,0.0,0.2399902,0.0,13.8,10.5,10.5,0.10502691682077332,2.332636779857319,365.1448674068812,1452.070960861242,0.04499458811641382,23.35
136.0,58695.4,52.2463408,-2.1336462,84.01,2.676,71.58,-0.13,0.1,8.5,83.8,83.78999,84.03999,83.44,0.5,83.78,-0.009180069,0.0,0.0,6.0,3.0,2085.0,85.0,0.0,0.0,0.0,13.8,10.5,10.5,0.10895171157725031,2.3310663530765536,365.25381911845847,1454.4020272143184,0.046705010783368264,23.336111111111112
136.0,58695.5,52.2463618,-2.1336445,84.089,2.883,71.58,-0.12,0.1,8.5,83.73999,83.81999,84.17,83.59,0.3999939,83.66,0.0,0.0,0.0,6.0,3.0,2082.0,85.0,0.0,0.0,0.0,13.8,10.5,10.5,0.1174831053980118,2.332849183575792,365.3713022238565,1456.7348763978941,0.05031784233499652,23.358055555555556
136.0,58695.6,52.246382700000005,-2.1336429,84.035,2.707,71.58,-0.1,0.1,8.5,83.81,83.8,83.98999,83.56999,0.2000122,83.73,0.0,0.0,0.0,6.0,3.0,2076.0,85.0,0.0,0.0,0.0,13.8,10.5,10.5,0.11024572140080867,2.3317007328579598,365.4815479452573,1459.0665771307522,0.0472460628514865,23.343055555555555
136.0,58695.7,52.2464036,-2.1336412,84.046,2.825,71.57,-0.11,0.1,8.5,83.87999,83.89,83.84,83.56999,0.0,83.85,-0.009180069,0.009180069,0.0,6.0,3.0,2085.0,85.0,0.0,0.0,0.0,13.8,10.5,10.5,0.11506265456992114,2.331773922499088,365.5966105998272,1461.3983510532512,0.049305551368839816,23.346111111111114
136.0,58695.8,52.2464246,-2.1336396,83.956,2.674,71.55,-0.12,0.1,8.5,83.84,83.7,84.01999,83.34,0.2000122,83.77,0.0,0.0,0.0,6.0,3.0,2075.0,85.0,0.0,0.0,0.0,13.8,10.5,10.5,0.10880036219895986,2.329571788066055,365.7054109620262,1463.7279228413172,0.04667010419832837,23.32111111111111
136.0,58695.9,52.24644550000001,-2.1336381,83.97399999999999,2.5780000000000003,71.55,-0.11,0.1,8.5,83.73,83.75999,83.98,83.33,0.0,83.68999000000001,0.0,0.0,0.0,6.0,3.0,2081.0,85.0,0.0,0.0,0.0,13.7,10.5,10.5,0.10491946601365237,2.330250308728747,365.81033042803983,1466.0581731500458,0.04499458811641382,23.326111111111107
136.0,58696.0,52.2464665,-2.1336365,84.211,2.548,71.53,-0.11,0.1,8.5,83.78999,83.78999,83.90999000000001,83.42999,0.2000122,83.79,0.0,0.0,0.0,6.0,3.0,2086.0,85.0,0.0,0.0,0.0,13.8,10.5,10.5,0.10399200633533785,2.336881749583856,365.91432243437515,1468.3950548996297,0.04447098934081552,23.391944444444444
136.0,58696.1,52.2464873,-2.1336349,83.76799999999999,2.688,71.52,-0.12,0.1,7.899963,83.75,83.78999,83.98999,83.56999,0.3000183,83.8,-0.009180069,0.0,0.0,6.0,3.0,2075.0,85.0,0.0,0.0,0.0,13.8,10.5,10.5,0.10912467289257687,2.324328657268729,366.0234471072677,1470.7193835568985,0.04691445029360758,23.268888888888885
136.0,58696.2,52.2465083,-2.1336331,84.08200000000001,2.863,71.52,-0.1,0.1,7.899963,83.72,83.73,83.92,83.28,0.0,83.66,0.0,0.009180069,0.0,6.0,3.0,2073.0,85.0,0.0,0.0,0.0,13.8,10.5,10.5,0.11665906816480537,2.332695849046892,366.1401061754325,1473.0520794059453,0.04996877648459765,23.35611111111111
136.0,58696.3,52.246529200000005,-2.1336316,83.941,2.556,71.52,-0.1,0.1,7.899963,83.73999,83.8,83.92999,83.40999000000001,0.2000122,83.72,0.0,0.01937985,0.0,6.0,3.0,2074.0,85.0,0.0,0.0,0.0,13.7,10.5,10.5,0.10398382691289441,2.329374668445082,366.2440900023454,1475.3814540743904,0.04461061568097507,23.316944444444445
136.0,58696.4,52.2465501,-2.13363,83.992,2.5340000000000003,71.5,-0.11,0.1,7.799988000000001,83.81999,83.78,83.75,83.42,0.1000061,83.86,-0.009180069,0.01937985,0.0,6.0,3.0,2087.0,85.0,0.0,0.0,0.0,13.8,10.5,10.5,0.1031520375929273,2.3308297050472286,366.3472420399383,1477.7122837794377,0.044226643245536316,23.331111111111113
136.0,58696.5,52.246571,-2.1336287,83.898,2.248,71.48,-0.13,0.1,7.700011999999999,83.8,83.73,84.03999,83.59999,0.3000183,83.79,0.0,0.01937985,0.0,6.0,3.0,2075.0,85.0,0.0,0.0,0.0,13.8,10.5,10.5,0.0914137134920934,2.3287064613182973,366.4386557534304,1480.040990240756,0.039235001584832535,23.305
136.0,58696.6,52.246592,-2.1336276,84.12799999999999,1.937,71.45,-0.15,0.1,7.5,83.67999,83.73999,83.87999,83.36,0.3999939,83.68999000000001,0.0,0.009180069,0.0,6.0,3.0,2083.0,85.0,0.0,0.0,0.0,13.8,10.5,10.5,0.07898821904606032,2.3355535832569276,366.51764397247644,1482.376543824013,0.033807027611130164,23.368888888888886
136.0,58696.7,52.246613,-2.1336263000000004,84.301,2.101,71.44,-0.15,0.1,7.599976,83.78999,83.84999,83.98999,83.45999,0.5,83.75,0.0,0.0,0.0,6.0,3.0,2074.0,85.0,0.0,0.0,0.0,13.8,10.5,10.5,0.08584921191831008,2.3401202498920823,366.6034931843947,1484.7166640739051,0.03666936758440086,23.416944444444443
136.0,58696.8,52.2466339,-2.1336249,83.92,2.311,71.43,-0.14,0.1,7.399963,83.73,83.73,83.78,83.40999000000001,0.6000061,83.86,-0.009180069,0.009180069,0.0,6.0,3.0,2086.0,85.0,0.0,0.0,0.0,13.8,10.5,10.5,0.0939988464185364,2.3292151530542777,366.69749203081324,1487.0458792269594,0.040334559013588955,23.31111111111111
136.0,58696.9,52.2466548,-2.1336234,83.822,2.406,71.42,-0.14,0.1,7.399963,83.75,83.70999,84.00999,83.5,0.5,83.68,0.0,0.01937985,0.0,6.0,3.0,2080.0,85.0,0.0,0.0,0.0,13.8,10.5,10.5,0.09774642075837224,2.326336273011742,366.7952384515716,1489.3722154999712,0.04199262180298357,23.28388888888889
136.0,58697.0,52.2466759,-2.1336225,84.445,1.804,71.39,-0.15,0.1,7.399963,83.73999,83.73999,83.95999,83.33,0.3999939,83.71,0.0,0.009180069,0.0,6.0,3.0,2083.0,85.0,0.0,0.0,0.0,13.8,10.5,9.5,0.07384372244501214,2.344531836284804,366.8690821740166,1491.716747336256,0.031485739705977706,23.456944444444442
135.0,58697.1,52.2466968,-2.133621,83.848,2.231,71.4,-0.12,0.1,7.399963,83.76999,83.8,83.78,83.33,0.3999939,83.78,0.0,0.01937985,0.0,6.0,3.0,2083.0,85.0,0.0,0.0,0.0,13.8,10.5,9.5,0.09066870106140594,2.3273456456979207,366.95975087507804,1494.044092981954,0.03893829561199349,23.29111111111111
135.0,58697.2,52.2467179,-2.13362,84.22200000000001,1.853,71.37,-0.15,0.1,7.399963,83.7,83.70999,83.86,83.53,0.6000061,83.8,0.0,0.01937985,0.0,6.0,3.0,2082.0,85.0,0.0,0.0,0.0,13.8,10.5,9.5,0.07564846609105387,2.3382766216977138,367.0353993411691,1496.3823696036518,0.032340951039454925,23.395000000000003
135.0,58697.3,52.2467386,-2.1336184000000005,83.516,2.307,71.39,-0.12,0.1,7.399963,83.7,83.62999,83.86,83.50999,0.7000122,83.63,0.0,0.01937985,0.0,6.0,3.0,2080.0,85.0,0.0,0.0,0.0,13.8,10.5,9.5,0.0933844984567914,2.318008583296899,367.1287838396259,1498.7003781869487,0.040264745843509184,23.19888888888889
135.0,58697.4,52.2467597,-2.1336176,84.395,1.682,71.36,-0.14,0.1,7.399963,83.67,83.69,83.84999,83.28,0.7000122,83.68,0.0,0.009180069,0.0,6.0,3.0,2082.0,85.0,0.0,0.0,0.0,13.8,10.5,9.5,0.06881057624675417,2.343295466304928,367.19759441587263,1501.0436736532536,0.029356438018544623,23.443055555555553
136.0,58697.5,52.2467806,-2.1336163,83.891,1.93,71.36,-0.12,0.1,7.399963,83.64999,83.64999,83.76999,83.5,0.5,83.71,0.0,0.02957988,0.0,6.0,3.0,2073.0,85.0,0.0,0.0,0.0,13.8,10.5,9.5,0.07848116006694567,2.3289836173248695,367.27607557593956,1503.3726572705784,0.03368485456349056,23.303055555555556
136.0,58697.6,52.246801600000005,-2.1336152000000004,84.01700000000001,1.795,71.34,-0.13,0.1,7.399963,83.61,83.65999000000001,83.84999,83.53,0.5,83.68,0.0,0.02957988,0.0,6.0,3.0,2073.0,85.0,0.0,0.0,0.0,13.7,10.5,9.5,0.07310304130202568,2.332660351721693,367.3491786172416,1505.7053176223,0.031328660073298216,23.33805555555556
136.0,58697.7,52.2468225,-2.1336142,83.89399999999999,1.716,71.33,-0.13,0.1,7.399963,83.64999,83.64999,83.83,83.17999,0.3000183,83.66,0.0,0.009180069,0.0,6.0,3.0,2072.0,85.0,0.0,0.0,0.0,13.8,10.5,9.5,0.06978436380169936,2.3293437951546743,367.4189629810433,1508.0346614174548,0.029949849964222695,23.303888888888885
136.0,58697.8,52.2468433,-2.1336131,83.632,1.779,71.32,-0.13,0.1,7.399963,83.69,83.76999,83.7,83.28,0.5,83.73,-0.009180069,0.009180069,0.0,6.0,3.0,2082.0,85.0,0.0,0.0,0.0,13.8,10.5,9.5,0.07211963399366057,2.32199138520377,367.491082615037,1510.3566528026586,0.031049407392979123,23.23111111111111
136.0,58697.9,52.2468645,-2.1336126,84.449,1.167,71.27,-0.17,0.1,7.399963,83.64,83.73,83.78,83.5,0.7000122,83.72,-0.009180069,0.01937985,0.0,6.0,3.0,2074.0,85.0,0.0,0.0,0.0,13.8,10.5,9.5,0.047776046142813826,2.345318987662503,367.5388586611798,1512.701971790321,0.020367992370773826,23.458055555555553
136.0,58698.0,52.2468852,-2.1336116,83.552,1.4880000000000002,71.26,-0.16,0.1,7.399963,83.61,83.53999,83.81999,83.42,0.6000061,83.6,-0.009180069,0.009180069,0.0,6.0,3.0,2080.0,85.0,0.0,0.0,0.0,13.8,10.5,9.5,0.06026786788110007,2.320106251590424,367.5991265290609,1515.0220780419115,0.025970499269675627,23.20888888888889
135.0,58698.1,52.2469062,-2.1336108,83.898,1.4269999999999998,71.25,-0.16,0.1,7.399963,83.48999,83.51999,83.84,83.26999,0.5,83.48,0.0,0.009180069,0.0,6.0,3.0,2077.0,85.0,0.0,0.0,0.0,13.8,10.5,9.5,0.05803707924330599,2.3297772312890572,367.65716360830424,1517.3518552732005,0.02490584842595908,23.305
136.0,58698.2,52.2469271,-2.13361,83.869,1.246,71.24,-0.15,0.1,7.599976,83.42,83.45999,83.69,83.22,0.5,83.43,0.0,0.01937985,0.0,6.0,3.0,2075.0,85.0,0.0,-0.230011,0.0,13.8,10.5,9.5,0.05065941169772331,2.3291435826246842,367.70782302000197,1519.6809988558252,0.021746802479849347,23.296944444444446
135.0,58698.3,52.246948,-2.1336093000000003,84.024,1.227,71.23,-0.15,0.1,7.599976,83.48,83.59999,83.78999,83.48999,0.5,83.52,-0.009180069,0.01937985,0.0,6.0,3.0,2070.0,85.0,0.0,0.0,0.0,13.8,10.5,9.5,0.049979232907811866,2.333464822164231,367.75780225290976,1522.0144636779894,0.021415189921970425,23.34
135.0,58698.4,52.2469689,-2.1336085,83.89399999999999,1.345,71.21,-0.16,0.1,7.599976,83.65999000000001,83.65999000000001,83.56999,83.03999,0.5,83.67,-0.009180069,0.0,0.0,6.0,3.0,2080.0,85.0,0.0,0.0,0.0,13.8,10.5,9.5,0.05470010563738836,2.329746825708761,367.81250235854714,1524.3442105036982,0.023474678439323732,23.303888888888885
135.0,58698.5,52.2469898,-2.1336076,83.54899999999999,1.361,71.19,-0.16,0.1,7.599976,83.48999,83.62,83.51999,82.97,0.5,83.50999,0.0,0.009180069,0.0,6.0,3.0,2068.0,85.0,0.0,0.0,0.0,13.8,10.5,9.5,0.05512307110895211,2.320150829952451,367.8676254296561,1526.6643613336505,0.023753931119642826,23.208055555555553
135.0,58698.6,52.2470107,-2.133607,83.81200000000001,1.154,71.18,-0.16,0.1,7.599976,83.48,83.47,83.75,83.19,0.3999939,83.48,0.0,0.01937985,0.0,6.0,3.0,2067.0,85.0,0.0,0.0,0.0,13.8,10.5,9.5,0.04688754744675508,2.327638911767339,367.91451297710285,1528.9920002454178,0.02014109956801456,23.281111111111112
135.0,58698.7,52.2470316,-2.1336063,83.81200000000001,1.145,71.17,-0.14,0.1,7.599976,83.50999,83.5,83.75,83.37999,0.5,83.50999,-0.009180069,0.009180069,0.0,6.0,3.0,2077.0,85.0,0.0,0.0,0.0,13.8,10.5,9.5,0.04652192220453582,2.3276462481299447,367.9610348993074,1531.3196464935477,0.019984019935335072,23.281111111111112
136.0,58698.8,52.2470525,-2.1336055000000003,83.794,1.193,71.16,-0.14,0.1,7.599976,83.53,83.48,83.61,83.0,0.6000061,83.49,0.0,0.009180069,0.0,6.0,3.0,2069.0,85.0,0.0,0.0,0.0,13.8,10.5,9.5,0.048461499875137634,2.3271065655869205,368.0094963991825,1533.6467530591347,0.020821777976292352,23.27611111111111
136.0,58698.9,52.2470733,-2.133605,83.639,0.937,71.15,-0.15,0.1,7.599976,83.42,83.56,83.62,83.09,0.5,83.55,0.0,0.01937985,0.0,6.0,3.0,2077.0,85.0,0.0,0.0,0.0,13.8,10.5,9.5,0.03799303003315058,2.3229948846573487,368.04748942921566,1535.969747943792,0.01635373509118687,23.233055555555556
136.0,58699.0,52.2470942,-2.1336044,83.844,0.937,71.14,-0.14,0.1,7.599976,83.40999000000001,83.44,83.53999,83.14999,0.6000061,83.49,-0.009180069,0.01937985,0.0,6.0,3.0,2068.0,85.0,0.0,0.0,0.0,13.8,10.5,9.5,0.03808615131815871,2.328688567644409,368.0855755805338,1538.2984365114364,0.01635373509118687,23.29
136.0,58699.1,52.2471151,-2.1336039,83.59899999999999,0.809,71.12,-0.15,0.1,7.599976,83.44,83.45999,83.67999,83.28,0.5,83.4,0.0,0.009180069,0.0,6.0,3.0,2075.0,85.0,0.0,0.0,0.0,13.8,10.5,9.5,0.03278763110847336,2.321962964617424,368.1183632116423,1540.6203994760538,0.014119713648634126,23.221944444444443
136.0,58699.2,52.2471359,-2.1336034,83.671,0.8109999999999999,71.1,-0.15,0.1,7.700011999999999,83.47,83.45,83.58,83.0,0.3999939,83.43999000000001,-0.009180069,0.0,0.0,6.0,3.0,2066.0,85.0,0.0,0.0,0.0,13.8,10.5,9.5,0.03289699118133407,2.3239616183486413,368.15126020282366,1542.9443610944024,0.014154620233674012,23.241944444444446
136.0,58699.3,52.24715679999999,-2.1336029,83.524,0.805,71.1,-0.14,0.1,7.799988000000001,83.47,83.50999,83.51999,83.00999,0.5,83.43999000000001,0.0,0.009180069,0.0,6.0,3.0,2075.0,85.0,0.0,0.0,0.0,13.8,10.5,9.5,0.03259625777033146,2.3198821202553814,368.183856460594,1545.2642432146579,0.014049900478554353,23.20111111111111
136.0,58699.4,52.2471776,-2.1336023,83.704,0.937,71.08,-0.14,0.1,7.799988000000001,83.33,83.36,83.53999,83.2,0.3999939,83.43999000000001,0.0,0.01937985,0.0,6.0,3.0,2067.0,85.0,0.0,0.0,0.0,13.8,10.5,9.5,0.03802255629425072,2.3248001987751965,368.22187901688824,1547.589043413433,0.01635373509118687,23.251111111111108
136.0,58699.5,52.2471985,-2.1336018,83.678,0.726,71.08,-0.14,0.1,7.899963,83.34999,83.34,83.56999,83.22,0.3000183,83.41,0.0,0.009180069,0.0,6.0,3.0,2064.0,85.0,0.0,0.0,0.0,13.8,10.5,9.5,0.029451753538263355,2.324202293476978,368.2513307704265,1549.91324570691,0.012671090369478832,23.243888888888886
136.0,58699.6,52.2472194,-2.1336015,83.646,0.623,71.06,-0.14,0.1,8.0,83.42999,83.44,83.53,83.0,0.0,83.45,0.0,0.009180069,0.0,6.0,3.0,2075.0,85.0,0.0,0.0,0.0,13.8,10.5,7.0,0.02526384994633677,2.323362646658048,368.2765946203728,1552.236608353568,0.010873401239924673,23.235
136.0,58699.7,52.2472402,-2.1336011,83.686,0.599,71.05,-0.14,0.1,8.0,83.36,83.42999,83.28999,82.87,0.0,83.35,-0.009180069,0.01937985,0.0,6.0,3.0,2064.0,85.0,0.0,0.0,0.0,13.7,10.5,6.5,0.02430225581295388,2.32448407571737,368.30089687618573,1554.5610924292855,0.010454522219446033,23.246111111111112
136.0,58699.8,52.2472611,-2.1336007,83.66799999999999,0.583,71.03,-0.15,0.1,8.0,83.42,83.42999,83.53,83.0,0.2000122,83.52,-0.01938009,0.0,0.0,6.0,3.0,2078.0,85.0,0.0,0.0,0.0,13.8,10.5,6.5,0.023648048918339677,2.3239907974371325,368.3245449251041,1556.8850832267226,0.01017526953912694,23.24111111111111
136.0,58699.9,52.2472819,-2.1336003,83.43,0.6940000000000001,71.02,-0.14,0.1,8.0,83.22,83.31,83.31999,83.12,0.3000183,83.34,-0.009180069,0.0,0.0,6.0,3.0,2069.0,85.0,0.0,0.0,0.0,13.8,10.5,6.5,0.02807022936028646,2.3173299964018206,368.3526151544644,1559.2024132231245,0.012112585008840647,23.175
136.0,58700.0,52.2473027,-2.1335999,83.484,0.6890000000000001,71.02,-0.13,0.1,8.299988,83.12,83.17,83.51999,82.86,0.7000122,83.18,-0.009180069,0.02957988,0.0,6.0,3.0,2071.0,85.0,0.0,0.0,0.0,13.8,10.5,6.5,0.02788604160527975,2.3188323287127917,368.38050119606964,1561.5212455518372,0.012025318546240931,23.189999999999998
136.0,58700.1,52.2473236,-2.1335997,83.632,0.342,71.01,-0.12,0.1,8.399963,83.22,83.15999000000001,83.37999,82.95999,-0.3999939,83.18,-0.009180069,0.01937985,0.0,6.0,3.0,2059.0,85.0,0.0,0.0,0.0,13.8,10.5,6.5,0.013866628376943982,2.323069725855287,368.3943678244466,1563.8443152776924,0.005969026041820607,23.23111111111111
136.0,58700.2,52.2473445,-2.1335997,83.866,0.0969999999999999,70.99,-0.14,0.1,8.299988,83.25,83.22,83.34999,82.92,0.0,83.2,-0.01938009,0.0,0.0,6.0,3.0,2071.0,85.0,0.0,0.0,0.0,13.8,10.5,6.5,0.0039439583814598386,2.3296077726099367,368.39831178282805,1566.1739230503024,0.001692969374434498,23.29611111111111
136.0,58700.3,52.2473652,-2.1335994,83.182,0.537,70.98,-0.13,0.1,8.299988,83.23999,83.22,83.34999,82.98999,0.5,83.2,-0.009180069,0.0,0.0,6.0,3.0,2062.0,85.0,0.0,0.0,0.0,13.8,10.5,6.5,0.021655696310384262,2.3105096272483774,368.41996747913845,1568.4844326775508,0.00937241808320955,23.10611111111111
136.0,58700.4,52.247386000000006,-2.133599,83.25,0.634,70.96,-0.14,0.1,8.299988,83.22,83.23,83.25999,82.70999,0.2000122,83.22,-0.009180069,-0.009180069,0.0,6.0,3.0,2069.0,85.0,0.0,0.0,0.0,13.8,10.5,6.5,0.025588186306814444,2.3123584269575352,368.4455556654453,1570.7967911045084,0.011065387457644049,23.125
136.0,58700.5,52.2474068,-2.1335989000000004,83.441,0.1639999999999999,70.95,-0.14,0.1,8.399963,83.12999,83.17,83.23,82.73,0.2000122,83.14,-0.009180069,0.0,0.0,6.0,3.0,2068.0,85.0,0.0,0.0,0.0,13.8,10.5,6.5,0.006634338432748698,2.317796060683027,368.45219000387806,1573.1145871651916,0.0028623399732706986,23.178055555555556
136.0,58700.6,52.2474277,-2.1335988,83.444,0.141,70.93,-0.14,0.1,8.399963,82.94,82.98999,83.31999,82.89,0.1000061,83.0,-0.009180069,0.0,0.0,6.0,3.0,2057.0,85.0,0.0,0.0,0.0,13.7,10.5,6.5,0.005704120028260486,2.3178818702102295,368.4578941239063,1575.4324690354017,0.0024609142453120045,23.17888888888889
136.0,58700.7,52.2474484,-2.1335986,83.398,0.261,70.93,-0.13,0.1,8.399963,82.97,82.92999,83.31,82.90999000000001,0.3000183,82.92,-0.009180069,0.009180069,0.0,6.0,3.0,2062.0,85.0,0.0,0.9499817,0.0,13.8,10.5,6.5,0.010552843752619386,2.316587075335652,368.46844696765896,1577.7490561107375,0.0045553093477052,23.16611111111111
136.0,58700.8,52.2474694,-2.1335988,83.815,359.954,70.89,-0.17,0.1,8.5,83.06,83.09999,83.03,82.51999,0.0,83.08,-0.009180069,0.0,0.0,6.0,3.0,2059.0,85.0,0.0,0.0,0.0,13.8,10.5,6.5,-0.0018691940985773076,2.3281936941018024,368.4665777735604,1580.0772498048393,6.282382455723669,23.281944444444445
136.0,58700.9,52.24749,-2.1335983,82.84,0.435,70.88,-0.16,0.1,8.5,82.98,82.95,82.97,82.55,0.0,83.02,-0.01938009,0.0,0.0,6.0,3.0,2066.0,85.0,0.0,0.0,0.0,13.8,10.5,6.5,0.01747028708831621,2.3010447919908175,368.4840480606487,1582.37829459683,0.007592182246175334,23.011111111111113
136.0,58701.0,52.2475109,-2.1335984,83.556,0.066,70.86,-0.17,0.1,8.5,82.86,82.90999000000001,83.12999,82.73999,0.0,82.91,-0.009180069,0.0,0.0,6.0,3.0,2053.0,85.0,0.0,0.0,0.0,13.8,10.5,6.5,0.0026735994766874114,2.320998460117076,368.4867216601254,1584.6992930569472,0.0011519173063162576,23.209999999999997
136.0,58701.1,52.2475317,-2.1335983,83.37200000000001,0.22,70.84,-0.17,0.1,8.5,83.01999,82.92999,83.20999,82.83,0.0,82.9,-0.009180069,0.0,0.0,6.0,3.0,2062.0,85.0,0.0,0.0,0.0,13.8,10.5,6.5,0.00889235311797487,2.3158718167754966,368.49561401324337,1587.0151648737228,0.003839724354387525,23.158888888888892
136.0,58701.2,52.2475523,-2.133598,82.89399999999999,0.355,70.84,-0.15,0.1,8.5,82.84,82.92999,82.84,82.39,0.0,82.89,-0.009180069,0.0,0.0,6.0,3.0,2052.0,85.0,0.0,0.0,0.0,13.8,10.5,6.5,0.014266700292961565,2.3025669133111193,368.50988071353635,1589.3177317870338,0.0061959188445798695,23.02611111111111
136.0,58701.3,52.2475729,-2.1335974,82.804,0.675,70.86,-0.12,0.1,8.5,82.67,82.75,83.01999,82.56,0.1000061,82.68999000000001,0.0,0.02957988,0.0,6.0,3.0,2050.0,85.0,0.0,-0.230011,0.0,13.8,10.5,6.5,0.027096918821182866,2.29995149523793,368.53697763235755,1591.6176832822719,0.011780972450961725,23.00111111111111
136.0,58701.4,52.2475936,-2.1335971,82.829,0.528,70.88,-0.08,0.1,8.5,82.8,82.72,83.06999,82.53999,-0.1000061,82.72,-0.009180069,0.009180069,0.0,6.0,3.0,2058.0,85.0,0.0,0.0,0.0,13.8,10.5,7.0,0.02120240180696808,2.3007078612098764,368.55818003416454,1593.9183911434818,0.009215338450530061,23.008055555555554
136.0,58701.5,52.2476142,-2.1335969,82.76799999999999,0.356,70.87,-0.09,0.1,8.5,82.78,82.75,82.89999,82.51999,0.0,82.77,-0.009180069,0.0,0.0,6.0,3.0,2059.0,85.0,0.0,0.0,0.0,13.8,10.5,11.0,0.014285141002117372,2.2990667315197952,368.57246517516666,1596.2174578750016,0.006213372137099813,22.991111111111106
136.0,58701.6,52.2476349,-2.1335967,82.75,0.283,70.84,-0.12,0.1,8.5,82.92999,82.95999,82.84,82.31999,0.0,82.86,-0.01938009,0.0,0.0,6.0,3.0,2066.0,85.0,0.0,0.0,0.0,13.8,10.5,15.5,0.011353441823462842,2.2985830721299196,368.58381861699013,1598.5160409471316,0.004939281783143952,22.98611111111111
136.0,58701.7,52.2476556,-2.1335967,83.14200000000001,0.016,70.82,-0.14,0.1,8.5,83.03,82.98999,82.89999,82.3,0.0,82.97,-0.009180069,-0.009180069,0.0,6.0,3.0,2065.0,85.0,0.0,0.0,0.0,13.8,10.5,20.0,0.0006449340568147304,2.3094999099502176,368.58446355104695,1600.825540857082,0.00027925268031909274,23.095000000000002
136.0,58701.8,52.2476762,-2.1335964,82.58,0.494,70.81,-0.13,0.1,8.399963,82.83,82.87,83.12999,82.8,0.3999939,82.93,0.0,-0.009180069,0.0,6.0,3.0,2050.0,85.0,0.0,0.0,0.0,13.7,10.5,24.0,0.019777496372847488,2.2938036283006276,368.6042410474198,1603.1193444853825,0.008621926504851989,22.938888888888886
136.0,58701.9,52.247697,-2.1335964,83.15299999999999,359.965,70.8,-0.13,0.1,8.399963,82.89,82.81999,83.08,82.73,0.2000122,82.77,0.0,0.009180069,0.0,6.0,3.0,2076.0,85.0,0.0,0.0,0.0,13.7,10.5,25.5,-0.0014109798331343652,2.3098051245962763,368.6028300675867,1605.4291496099788,6.282574441941388,23.098055555555554
136.0,58702.0,52.2477179,-2.1335967,83.574,359.704,70.77,-0.14,0.1,8.399963,82.81999,82.86,83.09999,82.53,0.0,82.84,0.009180069,0.0,0.0,6.0,3.0,2040.0,85.0,0.0,0.0,0.0,13.7,10.5,26.0,-0.01199322095244347,2.321469020394454,368.59083684663426,1607.7506186303733,6.278019132593683,23.215
137.0,58702.1,52.2477385,-2.1335963,82.84,0.276,70.79,-0.11,0.1,8.399963,82.89999,82.92999,82.98,82.48,0.0,83.00999,0.009180069,0.0,0.0,6.0,3.0,2067.0,85.0,0.0,0.0,0.0,13.7,10.5,26.0,0.011084659565518691,2.3010844130542734,368.6019215061998,1610.0517030434276,0.00481710873550435,23.011111111111113
137.0,58702.2,52.2477593,-2.1335961,83.225,0.257,70.79,-0.11,0.1,8.399963,83.20999,83.17,83.23,82.81,0.0,83.07,0.009180069,-0.009180069,0.0,6.0,3.0,2066.0,85.0,0.0,0.0,0.0,13.8,10.5,26.0,0.01036956021074417,2.3117822992052184,368.61229106641053,1612.3634853426327,0.004485496177625427,23.118055555555554
137.0,58702.3,52.2477801,-2.1335959000000004,83.42299999999999,0.26,70.79,-0.11,0.1,8.399963,83.28999,83.25,83.17,82.92999,0.2000122,83.2,0.01937985,0.0,0.0,6.0,3.0,2068.0,85.0,0.0,0.0,0.0,13.8,10.5,26.0,0.010515562957252325,2.3172816964590934,368.6228066293678,1614.6807670390917,0.004537856055185257,23.173055555555553
137.0,58702.4,52.24780080000001,-2.133596,83.156,359.848,70.76,-0.13,0.1,8.399963,83.48999,83.48999,83.48,83.05,0.0,83.37,0.0397799,0.0,0.0,6.0,3.0,2073.0,85.0,0.0,0.0,0.0,13.8,10.5,26.0,-0.006127898114974612,2.3098807605322484,368.6166787312528,1616.990647799624,6.2805324067165555,23.09888888888889
137.0,58702.5,52.2478217,-2.1335959000000004,83.56700000000001,0.057,70.76,-0.12,0.1,8.399963,83.62999,83.64,83.62,83.14,0.0,83.66,0.0397799,0.0,0.0,6.0,3.0,2084.0,85.0,0.0,0.2399902,0.0,13.7,10.5,26.0,0.002309321837765544,2.3213044068552784,368.61898805309056,1619.3119522064792,0.0009948376736367678,23.213055555555556
137.0,58702.6,52.2478426,-2.1335959000000004,83.786,359.913,70.75,-0.12,0.1,8.399963,83.78,83.76999,83.89999,83.42999,0.0,83.74,0.04997993,0.0,0.0,6.0,3.0,2075.0,85.0,0.0,0.0,0.0,13.7,10.5,26.0,-0.003533990762409511,2.3273862058181805,368.6154540623281,1621.6393384122973,6.281666870730351,23.273888888888887
137.0,58702.7,52.2478635,-2.1335959000000004,83.912,0.006,70.74,-0.12,0.1,8.399963,83.98999,84.03999,84.15999000000001,83.73999,0.2000122,84.04,0.04997993,-0.01938009,0.0,6.0,3.0,2092.0,85.0,0.0,0.0,0.0,13.7,10.5,26.0,0.00024409011320945573,2.330888876108361,368.6156981524413,1623.9702272884056,0.00010471975511965978,23.30888888888889
137.0,58702.8,52.247884600000006,-2.1335958,84.287,0.013,70.73,-0.12,0.1,8.200012,84.20999,84.25,84.14,83.47,0.2000122,84.27,0.04997993,-0.009180069,0.0,6.0,3.0,2088.0,85.0,0.0,0.0,0.0,13.7,10.5,26.0,0.0005312253750578888,2.3413054952899484,368.6162293778164,1626.3115327836956,0.00022689280275926284,23.413055555555555
137.0,58702.9,52.2479055,-2.1335957,84.13600000000001,0.013,70.71,-0.14,0.1,7.700011999999999,84.48,84.45,84.58,84.03,0.0,84.43999000000001,0.04997993,0.0,0.0,6.0,3.0,2101.0,85.0,0.0,0.0,0.0,13.8,10.5,26.0,0.0005302736858100363,2.3371110509534696,368.6167596515022,1628.6486438346492,0.00022689280275926284,23.371111111111112
137.0,58703.0,52.2479267,-2.1335957,84.60700000000001,0.0139999999999999,70.7,-0.13,0.1,7.399963,84.69,84.65999000000001,84.76999,84.37999,0.3999939,84.66,0.04997993,0.0,0.0,6.0,3.0,2096.0,85.0,0.0,0.0,0.0,13.8,10.5,26.0,0.000574260829932504,2.3501943742852487,368.6173339123321,1630.9988382089343,0.0002443460952792044,23.501944444444447
137.0,58703.1,52.247947700000005,-2.1335958,84.521,359.894,70.69,-0.13,0.1,7.299988000000001,84.75999,84.84999,84.86,84.42999,0.6000061,84.75,0.04997993,0.009180069,0.0,6.0,3.0,2111.0,85.0,0.0,0.0,0.0,13.7,10.5,26.0,-0.004343552859185785,2.347801537661583,368.6129903594729,1633.3466397465959,6.281335258172472,23.478055555555557
137.0,58703.2,52.247969,-2.1335958,85.086,359.996,70.7,-0.11,0.1,7.299988000000001,85.06999,85.09,84.98,84.48999,0.6000061,84.96,0.04997993,0.01937985,0.0,6.0,3.0,2104.0,85.0,0.0,0.0,0.0,13.7,10.5,26.0,-0.00016500342734965826,2.363499994240294,368.61282535604556,1635.7101397408362,6.283115494009507,23.634999999999998
137.0,58703.3,52.2479903,-2.1335959000000004,85.212,359.755,70.68,-0.12,0.1,7.299988000000001,85.25999,85.19,84.95999,84.67999,0.7000122,85.12,0.0397799,0.01937985,0.0,6.0,3.0,2122.0,85.0,0.0,0.2399902,0.0,13.7,10.5,26.0,-0.01012139528725848,2.3669783601371264,368.6027039607583,1638.0771181009734,6.2789092505122,23.67
137.0,58703.4,52.2480115,-2.1335959000000004,85.324,359.82,70.68,-0.12,0.1,7.299988000000001,85.47,85.50999,85.44,85.14999,0.3999939,85.4,0.04997993,0.0,0.0,6.0,3.0,2120.0,85.0,0.0,0.0,0.0,13.7,10.5,25.0,-0.007445911406810892,2.3700994150912043,368.59525804935146,1640.4472175160647,6.280043714525997,23.70111111111111
137.0,58703.5,52.2480328,-2.133596,85.478,359.728,70.67,-0.12,0.1,7.299988000000001,85.5,85.53999,85.45999,84.95999,0.5,85.54,0.04997993,0.009180069,0.0,6.0,3.0,2123.0,85.0,0.0,0.0,0.0,13.8,10.5,24.5,-0.011271883503979124,2.3743621333573537,368.5839861658475,1642.8215796494221,6.278438011614162,23.743888888888886
137.0,58703.6,52.2480542,-2.1335961,85.738,359.595,70.67,-0.12,0.1,7.299988000000001,85.73999,85.73,85.87999,85.25999,0.3999939,85.68,0.04997993,0.009180069,0.0,6.0,3.0,2125.0,85.0,0.0,0.0,0.0,13.8,10.5,24.5,-0.01683447674377715,2.3815516129113523,368.5671516891037,1645.2031312623335,6.27611672370901,23.81611111111111
137.0,58703.7,52.2480756,-2.1335963,85.82,359.584,70.67,-0.12,0.1,7.299988000000001,86.01999,85.97,85.98999,85.62,0.5,85.91,0.0397799,0.009180069,0.0,6.0,3.0,2140.0,85.0,0.0,0.0,0.0,13.7,10.5,24.5,-0.017308239336175806,2.383826054773918,368.54984344976754,1647.5869573171074,6.27592473749129,23.838888888888885
137.0,58703.8,52.2480971,-2.1335965,86.148,359.527,70.66,-0.12,0.1,7.299988000000001,86.06,86.2,85.87,85.47,0.5,86.17,0.0397799,0.0,0.0,6.0,3.0,2131.0,85.0,0.0,0.0,0.0,13.7,10.5,24.5,-0.019754965426077145,2.392918456893384,368.53008848434143,1649.9798757740007,6.274929899817653,23.93
137.0,58703.9,52.2481186,-2.1335967,86.23100000000001,359.52,70.64,-0.13,0.1,7.299988000000001,86.25999,86.33,86.42999,85.83,0.3999939,86.32,0.04997993,0.0,0.0,6.0,3.0,2149.0,85.0,0.0,0.0,0.0,13.8,10.5,24.5,-0.02006663016967049,2.3952215001600465,368.5100218541718,1652.3750972741607,6.274807726770013,23.953055555555558
137.0,58704.0,52.2481401,-2.133597,86.41799999999999,359.463,70.64,-0.12,0.1,7.299988000000001,86.48,86.48999,86.45999,86.12,0.5,86.50999,0.0397799,0.009180069,0.0,6.0,3.0,2154.0,85.0,0.0,0.0,0.0,13.8,10.5,24.5,-0.02249816022397516,2.400394568146357,368.4875236939478,1654.775491842307,6.273812889096377,24.004999999999995
137.0,58704.1,52.2481617,-2.1335972,86.515,359.43,70.64,-0.12,0.1,7.299988000000001,86.62999,86.64999,86.70999,86.37999,0.5,86.61,0.04997993,0.009180069,0.0,6.0,3.0,2146.0,85.0,0.0,0.0,0.0,13.7,10.5,24.0,-0.02390748934469237,2.4030755231082264,368.4636162046031,1657.1785673654153,6.273236930443219,24.031944444444445
137.0,58704.2,52.2481833,-2.1335976000000003,86.792,359.342,70.64,-0.12,0.1,7.299988000000001,86.65999000000001,86.67,86.8,86.26999,0.3999939,86.75,0.05915999,0.01937985,0.0,6.0,3.0,2157.0,85.0,0.0,0.0,0.0,13.7,10.5,20.0,-0.027686681847860634,2.41072990652544,368.43592952275526,1659.5892972719407,6.271701040701464,24.108888888888888
137.0,58704.3,52.248205,-2.133598,87.14200000000001,359.154,70.65,-0.11,0.1,7.299988000000001,86.83,86.81999,87.09999,86.56999,0.3999939,86.84,0.0397799,0.02957988,0.0,6.0,3.0,2149.0,85.0,0.0,0.0,0.0,13.8,10.5,17.0,-0.03574019948402909,2.420347245618986,368.4001893232712,1662.0096445175598,6.268419821707714,24.206111111111113
137.0,58704.4,52.2482268,-2.1335985,87.311,359.081,70.62,-0.14,0.1,7.299988000000001,87.09999,87.2,87.03999,86.78,0.5,87.14,0.02957988,0.01937985,0.0,6.0,3.0,2159.0,85.0,0.0,0.0,0.0,13.8,10.5,17.0,-0.03889920438903219,2.42499358549802,368.36129011888215,1664.4346381030578,6.267145731353759,24.253055555555555
137.0,58704.5,52.2482485,-2.1335991,87.34,358.94800000000004,70.6,-0.16,0.1,7.299988000000001,87.23999,87.3,87.00999,86.44,0.5,87.27,0.009180069,0.0,0.0,6.0,3.0,2173.0,85.0,0.0,0.0,0.0,13.8,10.5,17.0,-0.044542992676830456,2.425702175713289,368.3167471262053,1666.860340278771,6.264824443448607,24.261111111111113
137.0,58704.6,52.2482703,-2.1335996,87.35,358.974,70.59,-0.16,0.1,7.299988000000001,87.25,87.25999,87.39,86.83,0.6000061,87.23,0.009180069,0.0,0.0,6.0,3.0,2163.0,85.0,0.0,0.0,0.0,13.8,10.5,17.0,-0.04344721332035181,2.425999872171916,368.27329991288497,1669.2863401509428,6.2652782290541245,24.263888888888886
137.0,58704.7,52.248292,-2.1336001,87.304,359.031,70.58,-0.16,0.1,7.599976,87.25,87.34,87.45,87.22,0.8000183000000001,87.29,0.009180069,0.0,0.0,6.0,3.0,2167.0,85.0,0.0,0.0,0.0,13.8,10.5,17.0,-0.041012107094616335,2.424764299536396,368.23228780579035,1671.7111044504793,6.266273066727761,24.25111111111111
137.0,58704.8,52.248313800000005,-2.1336006000000003,87.545,359.074,70.59,-0.14,0.1,7.899963,87.33,87.34999,87.5,86.95,0.5,87.39,0.009180069,0.0,0.0,6.0,3.0,2167.0,85.0,0.0,0.0,0.0,13.8,10.5,17.0,-0.039300519749298,2.4314879660772126,368.19298728604105,1674.1425924165565,6.267023558306119,24.318055555555556
137.0,58704.9,52.2483357,-2.1336014000000003,87.53399999999999,358.82800000000003,70.58,-0.14,0.1,7.899963,87.39999,87.36,87.64,87.00999,0.3999939,87.42,0.01937985,0.0,0.0,6.0,3.0,2175.0,85.0,0.0,0.0,0.0,13.8,10.5,17.0,-0.04973349345575831,2.4309913265227183,368.1432537925853,1676.573583743079,6.262730048346214,24.314999999999998
137.0,58705.0,52.2483575,-2.133602,87.62,358.898,70.57,-0.14,0.1,7.899963,87.55,87.55,87.61,87.26999,0.3999939,87.50999,0.009180069,0.0,0.0,6.0,3.0,2177.0,85.0,0.0,0.0,0.0,13.8,10.5,16.5,-0.04680938481581421,2.4334387201961665,368.0964444077695,1679.0070224632752,6.26395177882261,24.33888888888889
138.0,58705.1,52.2483794,-2.1336027,87.67399999999999,358.773,70.57,-0.12,0.1,7.899963,87.64,87.64999,87.62,87.06,0.3000183,87.66,0.009180069,0.0,0.0,6.0,3.0,2170.0,85.0,0.0,0.0,0.0,13.8,10.5,15.5,-0.05215032926258494,2.4348304629442397,368.04429407850694,1681.4418529262196,6.261770117257616,24.353888888888886
138.0,58705.2,52.2484012,-2.1336035,87.7,358.735,70.56,-0.13,0.1,7.899963,87.61,87.58,87.83,87.12,0.3999939,87.63,0.009180069,0.0,0.0,6.0,3.0,2179.0,85.0,0.0,0.0,0.0,13.8,10.5,15.0,-0.05378110261676405,2.4355173862406194,367.99051297589017,1683.8773703124602,6.261106892141858,24.36111111111111
138.0,58705.3,52.2484231,-2.1336042,87.944,358.689,70.56,-0.12,0.1,8.0,87.67,87.69,87.81999,87.48999,0.3999939,87.64,0.009180069,0.0,0.0,6.0,3.0,2169.0,85.0,0.0,0.0,0.0,13.8,10.5,14.5,-0.05589151436078025,2.4422494266719053,367.9346214615294,1686.3196197391321,6.260304040685941,24.42888888888889
138.0,58705.4,52.248445,-2.1336051,87.934,358.587,70.55,-0.12,0.1,8.0,87.70999,87.72,87.75999,87.28999,0.3999939,87.75999,0.0,0.0,0.0,6.0,3.0,2174.0,85.0,0.0,0.0,0.0,13.8,10.5,14.5,-0.060232353726873994,2.4418683633005234,367.87438910780253,1688.7614881024326,6.258523804848906,24.42611111111111
138.0,58705.5,52.248467,-2.1336058,88.006,358.737,70.55,-0.12,0.1,8.200012,87.8,87.81999,87.95,87.36,0.5,87.77,0.0,0.0,0.0,6.0,3.0,2186.0,85.0,0.0,0.0,0.0,13.8,10.5,14.5,-0.053883441637132046,2.444017197010946,367.8205056661654,1691.2055052994435,6.261141798726898,24.44611111111111
138.0,58705.6,52.2484889,-2.1336066,88.031,358.615,70.54,-0.12,0.1,8.299988,87.92999,87.86,87.92999,87.51999,0.2000122,87.83,0.0,-0.009180069,0.0,6.0,3.0,2175.0,85.0,0.0,0.0,0.0,13.8,10.5,14.5,-0.05910415053361282,2.4445911640641604,367.7614015156318,1693.6500964635077,6.259012497039465,24.453055555555558
137.0,58705.7,52.2485108,-2.1336074000000003,87.926,358.537,70.54,-0.13,0.1,8.299988,87.76999,87.87,87.75,87.45,0.3000183,87.89,0.0,0.0,0.0,6.0,3.0,2176.0,85.0,0.0,0.0,0.0,13.7,10.5,14.5,-0.06235758902087585,2.44159272108585,367.69904392661095,1696.0916891845936,6.257651140222909,24.42388888888889
137.0,58705.8,52.2485328,-2.1336082,88.06,358.596,70.55,-0.11,0.1,8.299988,87.8,87.83,88.36,87.48999,0.0,87.83,0.009180069,0.0,0.0,6.0,3.0,2187.0,85.0,0.0,0.0,0.0,13.8,10.5,14.5,-0.059934542096286104,2.4453767436869405,367.63910938451465,1698.5370659282805,6.258680884481586,24.461111111111112
138.0,58705.9,52.2485547,-2.1336091,88.12100000000001,358.487,70.54,-0.11,0.1,8.399963,87.95,87.89,88.03,87.67,0.2000122,87.81,0.009180069,0.0,0.0,6.0,3.0,2175.0,85.0,0.0,-0.4700011999999999,0.0,13.8,10.5,14.5,-0.06463127698642039,2.4469521523404882,367.57447810752825,1700.9840180806211,6.256778475596913,24.478055555555557
138.0,58706.0,52.2485767,-2.13361,88.045,358.50800000000004,70.55,-0.09,0.1,8.700012,87.87,87.86,87.98999,87.62,0.2000122,87.88,0.0,0.0,0.0,6.0,3.0,2186.0,85.0,0.0,0.0,0.0,13.8,10.5,14.5,-0.06367945007951818,2.4448652812013982,367.51079865744873,1703.4288833618225,6.257144994739831,24.456944444444446
138.0,58706.1,52.2485987,-2.1336109000000003,88.39399999999999,358.401,70.54,-0.1,0.1,8.700012,87.89,87.92999,88.17999,87.48,0.0,87.86,0.009180069,0.0,0.0,6.0,3.0,2188.0,85.0,0.0,0.0,0.0,13.8,10.5,14.5,-0.06851564355882404,2.4544327658884306,367.4422830138899,1705.883316127711,6.2552774924401975,24.553888888888885
138.0,58706.2,52.2486207,-2.1336119,88.31200000000001,358.319,70.53,-0.12,0.1,8.700012,88.19,88.11,88.09,87.59,0.1000061,88.03,0.0,0.0,0.0,6.0,3.0,2182.0,85.0,0.0,0.0,0.0,13.8,10.5,13.5,-0.07196146459937618,2.4520553972268866,367.3703215492905,1708.3353715249377,6.253846322453562,24.531111111111112
138.0,58706.3,52.248642700000005,-2.1336129,88.178,358.33,70.52,-0.12,0.1,8.700012,88.14999,88.17,87.89999,87.59,0.3000183,88.22,0.0,0.0,0.0,6.0,3.0,2192.0,85.0,0.0,0.0,0.0,13.8,10.5,5.0,-0.07138222618996476,2.448348526414593,367.29893932310057,1710.7837200513522,6.254038308671281,24.493888888888886
138.0,58706.4,52.248664600000005,-2.1336138,88.16799999999999,358.405,70.5,-0.13,0.1,8.700012,87.97,88.01999,88.37999,87.64,0.3999939,88.03,0.0,0.009180069,0.0,6.0,3.0,2178.0,85.0,0.0,0.0,0.0,13.8,10.5,0.0,-0.06816955344329713,2.448162197762077,367.2307697696573,1713.2318822491143,6.255347305610276,24.49111111111111
138.0,58706.5,52.248686600000006,-2.1336149,88.391,358.19800000000004,70.5,-0.12,0.1,8.700012,88.12999,88.03,88.2,87.81999,0.1000061,88.0,0.0,0.0,0.0,6.0,3.0,2177.0,85.0,0.0,0.0,0.0,13.8,10.5,0.0,-0.07720867526301363,2.454091316884135,367.15356109439426,1715.6859735659984,6.251734474058649,24.553055555555556
138.0,58706.6,52.2487086,-2.1336160000000004,88.366,358.25300000000004,70.5,-0.12,0.1,8.799988,87.98999,88.08,88.12999,87.81,0.3000183,88.00999,-0.009180069,0.0,0.0,6.0,3.0,2180.0,85.0,0.0,0.0,0.0,13.8,10.5,0.0,-0.07483171054608109,2.4534701795389466,367.07872938384816,1718.1394437455374,6.252694405147246,24.54611111111111
138.0,58706.7,52.2487306,-2.133617,88.24700000000001,358.28,70.49,-0.12,0.1,8.799988,88.03999,88.01999,88.31,87.58,0.3000183,88.00999,-0.009180069,0.0,0.0,6.0,3.0,2179.0,85.0,0.0,0.0,0.0,13.8,10.5,0.0,-0.07357631493565261,2.450201104517346,367.0051530689125,1720.5896448500548,6.253165644045284,24.51305555555556
138.0,58706.8,52.2487526,-2.133618,88.225,358.282,70.49,-0.11,0.1,9.0,87.95999,87.87,88.0,87.61,0.3999939,87.9,-0.009180069,0.0,0.0,6.0,3.0,2174.0,85.0,0.0,0.0,0.0,13.7,10.5,0.0,-0.07347246546542188,2.4495928349114053,366.93168060344703,1723.039237684966,6.253200550630323,24.506944444444443
138.0,58706.9,52.2487745,-2.133619,88.117,358.279,70.49,-0.11,0.1,9.799988,87.81,87.72,88.05,87.64999,0.0,87.74,-0.009180069,-0.009180069,0.0,6.0,3.0,2180.0,85.0,0.0,0.0,0.0,13.7,10.5,0.0,-0.07351062794583173,2.446590337785059,366.8581699755012,1725.485828022751,6.253148190752764,24.476944444444445
138.0,58707.0,52.2487965,-2.1336202,88.186,358.162,70.49,-0.1,0.1,9.799988,87.62999,87.64,87.87999,87.25999,-0.3999939,87.68,-0.01938009,0.0,0.0,6.0,3.0,2167.0,85.0,0.0,0.0,0.0,13.8,10.5,0.0,-0.07856796935373533,2.448350806128616,366.77960200614746,1727.9341788288798,6.25110615552793,24.496111111111112
138.0,58707.1,52.2488185,-2.1336213,88.20700000000001,358.134,70.48,-0.11,0.1,9.799988,87.73999,87.59,87.73999,87.17,-0.3999939,87.64,-0.02958012,-0.009180069,0.0,6.0,3.0,2164.0,85.0,0.0,0.0,0.0,13.8,10.5,0.0,-0.07978344439369423,2.448895142219671,366.6998185617538,1730.3830739710995,6.250617463337372,24.501944444444447
138.0,58707.2,52.24884039999999,-2.1336223,87.991,358.13800000000003,70.46,-0.13,0.1,9.799988,87.62,87.5,87.65999000000001,87.31999,-0.1999817,87.62,-0.03978014,-0.01938009,0.0,6.0,3.0,2180.0,85.0,0.0,0.0,0.0,13.8,10.5,0.0,-0.07941752520237255,2.442903874274184,366.6204010365514,1732.8259778453737,6.250687276507453,24.441944444444445
138.0,58707.3,52.2488622,-2.1336234,87.545,358.256,70.46,-0.13,0.1,9.799988,87.31,87.34999,87.81,87.03999,0.0,87.38,-0.02958012,-0.01938009,0.0,6.0,3.0,2156.0,85.0,0.0,0.0,0.0,13.8,10.5,0.0,-0.07400918636791096,2.430679102712661,366.5463918501835,1735.2566569480864,6.2527467650248045,24.318055555555556
138.0,58707.4,52.248884100000005,-2.1336243,87.876,358.367,70.45,-0.12,0.1,9.599976,87.23,87.17,87.58,86.94,0.0,87.2,-0.02958012,0.0,0.0,6.0,3.0,2151.0,85.0,0.0,0.0,0.0,13.8,10.5,0.0,-0.06956207566898949,2.440008630646339,366.4768297745145,1737.6966655787328,6.25468408049452,24.41
138.0,58707.5,52.2489059,-2.1336254,87.656,358.191,70.45,-0.12,0.1,9.599976,87.22,87.11,87.40999000000001,86.92999,-0.2999877999999999,87.18,-0.03978014,-0.01938009,0.0,6.0,3.0,2143.0,85.0,0.0,0.0,0.0,13.8,10.5,0.0,-0.07686399005148237,2.433675374463064,366.399965784463,1740.1303409531959,6.251612301011009,24.34888888888889
138.0,58707.6,52.2489277,-2.1336264,87.469,358.277,70.44,-0.13,0.1,9.5,86.98999,86.98,87.23999,86.59999,0.0,87.08,-0.03978014,-0.01938009,0.0,6.0,3.0,2155.0,85.0,0.0,0.0,0.0,13.8,10.5,0.0,-0.07305481518159933,2.4285959086153013,366.3269109692814,1742.5589368618112,6.253113284167724,24.296944444444442
138.0,58707.7,52.2489494,-2.1336273,87.16,358.468,70.43,-0.12,0.1,9.399963,86.86,86.73,87.25,86.58,0.3000183,86.74,-0.03978014,0.0,0.0,6.0,3.0,2142.0,85.0,0.0,0.2399902,0.0,13.8,10.5,0.0,-0.06472903061619066,2.4202456827646994,366.2621819386652,1744.979182544576,6.2564468630390335,24.21111111111111
138.0,58707.8,52.2489712,-2.1336281999999995,87.178,358.455,70.44,-0.11,0.1,8.799988,86.78999,86.76999,86.97,86.64999,0.0,86.71,-0.03978014,-0.009180069,0.0,6.0,3.0,2133.0,85.0,0.0,0.0,0.0,13.8,10.5,0.0,-0.06529164630626379,2.420730752144775,366.19689029235894,1747.3999132967206,6.256219970236273,24.21611111111111
138.0,58707.9,52.2489929,-2.1336293000000004,87.08,358.25,70.42,-0.11,0.1,7.700011999999999,86.47,86.56,86.81999,86.23999,0.2000122,86.64,-0.03978014,0.0,0.0,6.0,3.0,2128.0,85.0,0.0,0.0,0.0,13.8,10.5,0.0,-0.07386927028642687,2.4177606969461376,366.1230210220725,1749.8176739936666,6.252642045269686,24.188888888888886
138.0,58708.0,52.2490146,-2.1336302000000003,87.02600000000001,358.399,70.41,-0.12,0.1,7.299988000000001,86.53999,86.51999,86.87,86.12999,0.5,86.50999,-0.03978014,0.01937985,0.0,6.0,3.0,2107.0,85.0,0.0,0.0,0.0,13.8,10.5,0.0,-0.06753963414526434,2.416445206898551,366.0554813879273,1752.2341192005651,6.255242585855157,24.17388888888889
138.0,58708.1,52.2490362,-2.1336313,86.818,358.279,70.41,-0.12,0.1,7.200011999999999,86.42999,86.44,86.45,86.09,0.3999939,86.46,-0.04997993,0.009180069,0.0,6.0,3.0,2105.0,85.0,0.0,0.2399902,0.0,13.8,10.5,0.0,-0.07242695163250244,2.410523280931298,365.98305443629476,1754.6446424814965,6.253148190752764,24.11611111111111
138.0,58708.2,52.2490578,-2.1336323,86.605,358.176,70.4,-0.12,0.1,7.200011999999999,86.06999,86.14999,86.42,86.08,0.7000122,86.18999000000001,-0.03978014,0.02957988,0.0,6.0,3.0,2085.0,85.0,0.0,2.380005,1.0,13.7,10.5,0.0,-0.07657187964714886,2.404475516048805,365.90648255664763,1757.0491179975452,6.251350501623209,24.056944444444444
138.0,58708.3,52.2490794,-2.1336334,86.605,358.223,70.39,-0.11,0.1,7.200011999999999,86.00999,86.0,86.42999,85.78,0.7000122,86.08,-0.03978014,0.02957988,0.0,6.0,3.0,2077.0,85.0,0.0,1.6699830000000002,1.0,13.8,10.5,0.0,-0.07459945142243295,2.4045375193326337,365.8318831052252,1759.453655516878,6.252170806371647,24.056944444444444
138.0,58708.4,52.249101,-2.1336346,86.52600000000001,358.01800000000003,70.38,-0.11,0.1,7.200011999999999,85.95,85.95,86.05,85.65999000000001,0.5,85.93,-0.04997993,0.009180069,0.0,6.0,3.0,2068.0,85.0,0.0,1.429993,1.0,13.8,10.5,0.0,-0.08312631437865123,2.4020620861788364,365.7487567908465,1761.8557176030567,6.2485928814050595,24.035000000000004
138.0,58708.5,52.249122400000005,-2.1336358,86.20200000000001,357.959,70.38,-0.11,0.1,7.200011999999999,85.70999,85.75,85.86,85.59999,0.7000122,85.77,-0.04997993,0.009180069,0.0,6.0,3.0,2063.0,85.0,0.0,1.6699830000000002,1.0,13.8,10.5,0.0,-0.08527924778022561,2.3929809234296124,365.6634775430663,1764.2486985264864,6.247563137146382,23.945000000000004
138.0,58708.6,52.2491439,-2.1336369,86.044,358.115,70.37,-0.11,0.1,7.200011999999999,85.40999000000001,85.45,85.92,85.2,0.7000122,85.5,-0.03978014,0.01937985,0.0,6.0,3.0,2068.0,85.0,0.0,1.6699830000000002,1.0,13.8,10.5,0.0,-0.07861917193927426,2.3888177304391336,365.584858371127,1766.6375162569254,6.250285850779494,23.90111111111111
138.0,58708.7,52.2491653,-2.1336383,86.008,357.699,70.36,-0.11,0.1,7.200011999999999,85.45999,85.36,85.59,85.09999,0.1000061,85.4,-0.04997993,0.01937985,0.0,6.0,3.0,2056.0,85.0,0.0,1.429993,1.0,13.7,10.5,0.0,-0.09592097569682845,2.38718475775461,365.4889373954301,1769.02470101468,6.243025281091197,23.89111111111111
138.0,58708.8,52.2491867,-2.1336396,85.741,357.749,70.35,-0.11,0.1,7.099976,85.23999,85.33,85.40999000000001,85.06,0.3999939,85.33,-0.05915999,0.009180069,0.0,6.0,3.0,2061.0,85.0,0.0,1.899994,1.0,13.7,10.5,0.0,-0.0935464214311353,2.379856612011522,365.395390973999,1771.4045576266915,6.243897945717195,23.816944444444445
138.0,58708.9,52.2492079,-2.1336409,85.522,357.74800000000005,70.34,-0.12,0.1,7.099976,84.98999,85.0,85.48,84.87,0.8000183000000001,85.09,-0.04997993,0.01937985,0.0,6.0,3.0,2051.0,85.0,0.0,1.6699830000000002,1.0,13.8,10.5,0.0,-0.09334891502008807,2.3737763439926565,365.3020420589789,1773.7783339706841,6.243880492424675,23.756111111111114
138.0,58709.0,52.2492292,-2.1336424,85.428,357.634,70.33,-0.12,0.1,6.799988000000001,84.98,84.92,85.22,84.61,0.7000122,84.96,-0.04997993,0.01937985,0.0,6.0,3.0,2055.0,85.0,0.0,0.9499817,1.0,13.8,10.5,0.0,-0.0979639775400529,2.370977026270928,365.2040780814388,1776.1493109969551,6.241890817077401,23.73
138.0,58709.1,52.2492505,-2.1336438,85.234,357.607,70.32,-0.13,0.1,6.5,84.73,84.83,84.92999,84.62,0.8000183000000001,84.8,-0.03978014,0.01937985,0.0,6.0,3.0,2044.0,85.0,0.0,0.4799805,1.0,13.8,10.5,0.0,-0.09885625777865255,2.3655464091314697,365.10522182366014,1778.5148574060865,6.241419578179363,23.67611111111111
137.0,58709.2,52.2492717,-2.1336453,85.05,357.432,70.3,-0.13,0.1,5.299988,84.72,84.75,84.84,84.5,1.0,84.82,-0.04997993,0.02957988,0.0,6.0,3.0,2043.0,85.0,0.0,0.4799805,1.0,13.7,10.5,0.0,-0.10585193219585712,2.360127458094245,364.9993698914643,1780.8749848641808,6.238365251988372,23.625
137.0,58709.3,52.2492928,-2.1336467,84.978,357.625,70.29,-0.13,0.1,4.799988,84.47,84.59999,84.70999,84.17,1.100006,84.54,-0.03978014,0.04997993,0.0,6.0,3.0,2049.0,85.0,0.0,0.4799805,1.0,13.7,10.5,0.0,-0.09781841227805121,2.358472346291005,364.90155147918625,1783.2334572104717,6.241733737444721,23.604999999999997
137.0,58709.4,52.249314,-2.1336484,84.874,357.27,70.29,-0.12,0.1,4.899963,84.28,84.34,84.50999,84.17,1.5,84.31,-0.03978014,0.05915999,0.0,6.0,3.0,2038.0,85.0,0.0,0.7200012,1.0,13.8,10.5,0.0,-0.11229174822385538,2.354935394976983,364.7892597309624,1785.5883926054487,6.2355378186001404,23.57611111111111
137.0,58709.5,52.2493351,-2.1336501,84.676,357.19699999999995,70.28,-0.11,0.1,4.899963,84.17999,84.34999,84.45999,84.22,1.5,84.22,-0.03978014,0.04997993,0.0,6.0,3.0,2043.0,85.0,0.0,0.7200012,1.0,13.8,10.5,0.0,-0.11502309537206223,2.3492969941119357,364.6742366355903,1787.9376895995606,6.234263728246185,23.52111111111111
137.0,58709.6,52.2493562,-2.1336518000000004,84.661,357.079,70.27,-0.12,0.1,4.899963,84.0,84.12,84.28,83.92999,1.200012,84.1,-0.04997993,0.05915999,0.0,6.0,3.0,2034.0,85.0,0.0,0.7200012,1.0,13.8,10.5,0.0,-0.11983996528923149,2.3486389979625097,364.55439667030106,1790.2863285975232,6.232204239728832,23.516944444444444
137.0,58709.7,52.249377200000005,-2.1336536999999995,84.359,356.764,70.26,-0.12,0.1,5.0,83.92,83.94,84.15999000000001,83.65999000000001,1.100006,83.98,-0.04997993,0.04997993,0.0,6.0,3.0,2033.0,85.0,0.0,-0.4700011999999999,1.0,13.8,10.5,0.0,-0.13227686342782538,2.3395691394141847,364.42211980687324,1792.6258977369373,6.22670645258505,23.433055555555555
137.0,58709.8,52.2493982,-2.1336556,84.34100000000001,356.836,70.25,-0.12,0.1,5.299988,83.84999,83.89999,83.89999,83.59999,1.200012,83.83,-0.03978014,0.0397799,0.0,6.0,3.0,2042.0,85.0,0.0,0.0,0.0,13.8,10.5,0.0,-0.1293091733940191,2.339234278309492,364.29281063347923,1794.9651320152468,6.227963089646486,23.428055555555556
137.0,58709.9,52.2494191,-2.1336576000000003,84.204,356.661,70.24,-0.12,0.1,5.899963,83.58,83.78,83.73999,83.58,1.5,83.7,-0.04997993,0.05915999,0.0,6.0,3.0,2034.0,85.0,0.0,0.0,0.0,13.8,10.5,0.0,-0.13623169453617887,2.335029320030864,364.156578938943,1797.3001613352776,6.224908763455495,23.389999999999997
137.0,58710.0,52.24944,-2.1336597000000004,83.984,356.38,70.24,-0.12,0.1,6.299988,83.39,83.48999,83.83,83.37999,1.0,83.54,-0.03978014,0.04997993,0.0,6.0,3.0,2041.0,85.0,0.0,0.0,0.0,13.8,10.5,0.0,-0.14729602134272632,2.3282341913986744,364.0092829176003,1799.6283955266763,6.220004388257392,23.328888888888887
137.0,58710.1,52.2494609,-2.1336619,83.75399999999999,356.342,70.23,-0.12,0.1,6.399963,83.28999,83.3,83.64999,83.06,0.8999939,83.42,-0.03978014,0.0397799,0.0,6.0,3.0,2038.0,85.0,0.0,0.0,0.0,13.8,10.5,5.0,-0.14843251612681194,2.32176011641088,363.86085040147344,1801.950155643087,6.2193411631416335,23.264999999999997
137.0,58710.2,52.2494817,-2.1336642,83.833,356.158,70.23,-0.11,0.1,6.599976,83.26999,83.31999,83.34,83.03999,1.0,83.27,-0.03978014,0.02957988,0.0,6.0,3.0,2086.0,85.0,0.0,0.0,0.0,13.8,10.5,9.0,-0.1560348912973201,2.323460980581394,363.7048155101761,1804.2736166236684,6.216129757317964,23.286944444444444
137.0,58710.3,52.2495025,-2.1336664999999995,83.56700000000001,356.043,70.22,-0.12,0.1,6.700011999999999,83.31999,83.42,83.34999,83.06999,0.8999939,83.37,-0.03978014,0.02957988,0.0,6.0,3.0,2099.0,85.0,0.0,0.0,0.0,13.7,10.5,12.0,-0.16018816804709438,2.3157718439152855,363.544627342129,1806.5893884675836,6.214122628678171,23.213055555555556
137.0,58710.4,52.2495233,-2.1336688,83.39,356.059,70.2,-0.13,0.1,7.299988000000001,83.2,83.3,83.31999,82.67999,0.8000183000000001,83.32,-0.009180069,0.01937985,0.0,6.0,3.0,2066.0,85.0,0.0,0.0,0.0,13.8,10.5,12.5,-0.15920355774315703,2.3109114461116467,363.3854237843858,1808.9002999136953,6.214401881358491,23.163888888888888
137.0,58710.5,52.249544,-2.1336712,83.524,355.835,70.2,-0.12,0.1,8.0,83.20999,83.17999,83.39999,82.87,0.6000061,83.1,0.0,0.01937985,0.0,6.0,3.0,2071.0,85.0,0.0,0.0,0.0,13.8,10.5,17.0,-0.16850725419633594,2.3139837668368477,363.21691653018945,1811.2142836805322,6.210492343834022,23.20111111111111
137.0,58710.6,52.2495648,-2.1336737,83.51299999999999,355.732,70.2,-0.1,0.1,8.200012,83.17999,83.23,83.36,83.0,0.3000183,83.14,0.0,0.0,0.0,6.0,3.0,2100.0,85.0,0.0,0.0,0.0,13.7,10.5,21.5,-0.17264406314927006,2.3133723961017885,363.0442724670402,1813.527656076634,6.208694654704469,23.198055555555552
137.0,58710.7,52.2495856,-2.1336761,83.66799999999999,355.87,70.19,-0.11,0.1,8.299988,83.42,83.44,83.34999,83.03,0.2000122,83.3,0.0,0.0,0.0,6.0,3.0,2133.0,85.0,0.0,-0.230011,0.0,13.7,10.5,25.0,-0.16738176937268032,2.318075883156501,362.8768906976675,1815.8457319597906,6.2111032090722205,23.24111111111111
137.0,58710.8,52.2496063,-2.1336786,83.38,355.742,70.16,-0.14,0.1,8.599976,83.40999000000001,83.55,83.40999000000001,82.87,0.0,83.55,0.009180069,0.009180069,0.0,6.0,3.0,2125.0,85.0,0.0,0.0,0.0,13.7,10.5,28.5,-0.17196599674992782,2.309718245798424,362.70492470091756,1818.155450205589,6.208869187629668,23.161111111111108
137.0,58710.9,52.2496272,-2.1336811,83.887,355.667,70.15,-0.14,0.1,9.0,83.59999,83.61,83.62999,83.06,-0.1999817,83.61,0.01937985,0.0,0.0,6.0,3.0,2116.0,85.0,0.0,0.0,0.0,13.7,10.5,30.5,-0.17605330148303003,2.3235342441971194,362.52887139943454,1820.4789844497861,6.207560190690671,23.301944444444445
137.0,58711.0,52.249648,-2.1336836,83.56700000000001,355.782,70.14,-0.13,0.1,8.899963,83.78,83.8,83.83,83.40999000000001,-0.1000061,83.78,0.02957988,-0.009180069,0.0,6.0,3.0,2109.0,85.0,0.0,0.0,0.0,13.7,10.5,31.5,-0.1707355266743253,2.3150181127119347,362.3581358727602,1822.794002562498,6.209567319330465,23.213055555555556
137.0,58711.1,52.2496688,-2.1336863,83.794,355.521,70.13,-0.13,0.1,8.899963,84.03,83.98999,84.12999,83.69,0.0,84.0,0.04997993,-0.01938009,0.0,6.0,3.0,2103.0,85.0,0.0,0.0,0.0,13.7,10.5,33.5,-0.1817717665728542,2.320502641550939,362.17636410618735,1825.114505204049,6.20501200998276,23.27611111111111
137.0,58711.2,52.2496895,-2.1336887,83.178,355.798,70.15,-0.1,0.1,9.0,84.22,84.23,84.31,83.67999,0.0,84.17,0.05915999,-0.009180069,0.0,6.0,3.0,2094.0,85.0,0.0,0.0,0.0,13.7,10.5,34.5,-0.16929728943313713,2.304289191440734,362.0070668167542,1827.4187943954898,6.209846572010784,23.105
137.0,58711.3,52.2497105,-2.1336916,84.21799999999999,355.269,70.14,-0.1,0.1,9.0,84.53999,84.53999,84.39999,83.84,0.0,84.45,0.05915999,-0.009180069,0.0,5.0,3.0,2100.0,85.0,0.0,0.0,0.0,13.6,10.5,35.0,-0.19294748357492816,2.331418375590038,361.8141193331793,1829.75021277108,6.200613780267735,23.393888888888885
137.0,58711.4,52.2497316,-2.1336941,84.838,355.67400000000004,70.11,-0.12,0.1,9.0,84.7,84.8,84.61,84.25,-0.1999817,84.68,0.04997993,-0.009180069,0.0,5.0,3.0,2148.0,85.0,0.0,0.0,0.0,13.7,10.5,35.5,-0.17776206849909312,2.349897141582003,361.6363572646802,1832.100109912662,6.2076823637383125,23.56611111111111
137.0,58711.5,52.2497527,-2.1336966,84.956,355.87,70.13,-0.09,0.1,9.099976,84.81999,84.8,84.98999,84.47,-0.1999817,84.8,0.04997993,0.0,0.0,5.0,3.0,2215.0,85.0,0.0,0.0,0.0,13.7,10.5,35.5,-0.16995847395450386,2.3537607535669998,361.4663987907257,1834.453870666229,6.2111032090722205,23.59888888888889
137.0,58711.6,52.2497741,-2.1336989,85.676,356.108,70.15,-0.06,0.1,9.099976,85.06,84.98999,85.12999,84.55,-0.1999817,84.95,0.04997993,-0.009180069,0.0,5.0,3.0,2342.0,85.0,0.0,0.0,0.0,13.8,10.5,35.5,-0.1615373072794201,2.374400307828001,361.30486148344625,1836.828270974057,6.215257092691967,23.79888888888889
137.0,58711.7,52.2497954,-2.1337014,85.62200000000001,355.853,70.15,-0.06,0.1,9.700012,85.23999,85.28999,85.22,84.73,-0.1000061,85.2,0.0397799,-0.01938009,0.0,5.0,3.0,2454.0,85.0,0.0,0.0,0.0,13.8,10.5,35.5,-0.17199468041090377,2.3721617855240136,361.13286680303537,1839.200432759581,6.2108065030993815,23.783888888888892
137.0,58711.8,52.2498166,-2.133704,85.464,355.781,70.15,-0.05,0.1,13.39996,85.37999,85.42,85.45,85.08,-0.3999939,85.42,0.04997993,-0.02958012,0.0,5.0,3.0,2531.0,85.0,0.0,0.0,0.0,13.7,10.5,35.5,-0.17465260444617603,2.3675667821119992,360.9582141985892,1841.5679995416929,6.209549866037945,23.74
137.0,58711.9,52.2498379,-2.1337065,85.60799999999999,355.702,70.14,-0.06,0.1,16.29999,85.64,85.48,85.78,85.01999,-1.600006,85.50999,0.05915999,-0.08976007,0.0,5.0,3.0,2564.0,85.0,0.0,0.0,0.0,13.7,10.5,36.0,-0.1782166380812144,2.3713124699016426,360.779997560508,1843.9393120115944,6.20817105592887,23.779999999999998
138.0,58712.0,52.2498593,-2.1337092,85.81,355.601,70.13,-0.07,0.1,15.29999,86.03999,85.65999000000001,85.90999000000001,85.12999,-2.799988,85.74,0.04997993,-0.1091398999999999,0.0,5.0,3.0,2617.0,85.0,0.0,0.0,0.0,13.8,10.5,36.0,-0.1828268485978999,2.376589209864445,360.59717071191005,1846.315901221459,6.206408273384356,23.836111111111112
138.0,58712.1,52.2498807,-2.1337116,86.008,355.908,70.12,-0.07,0.1,14.09998,86.3,86.09999,86.11,85.53,-2.199982,85.93999000000001,0.0397799,-0.1193398999999999,0.0,5.0,3.0,2671.0,85.0,0.0,0.2399902,0.0,13.7,10.5,36.0,-0.17048260787750286,2.3830206842673127,360.42668810403256,1848.6989219057264,6.211766434187979,23.89111111111111
138.0,58712.2,52.2499021,-2.1337138,86.05799999999999,356.298,70.11,-0.09,0.1,12.70001,86.42999,86.37999,86.39,85.78999,-1.299988,86.39,0.05915999,-0.1091398999999999,0.0,5.0,3.0,2655.0,85.0,0.0,0.0,0.0,13.7,10.5,36.0,-0.15434775304668583,2.385511899180014,360.27234035098587,1851.0844338049064,6.218573218270756,23.904999999999998
138.0,58712.3,52.2499235,-2.1337157,86.044,356.641,70.08,-0.11,0.1,12.59998,86.64,86.51999,86.61,85.87,-0.8999939,86.53,0.06936002,-0.07956004,0.0,5.0,3.0,2663.0,85.0,0.0,0.0,0.0,13.7,10.5,36.0,-0.14004146912472323,2.3860049267304917,360.1322988818612,1853.470438731637,6.224559697605097,23.90111111111111
138.0,58712.4,52.2499451,-2.1337177,86.807,356.723,70.1,-0.08,0.1,12.0,86.86,86.78999,86.75999,86.23,-1.100006,86.74,0.05915999,-0.04997993,0.0,5.0,3.0,2743.0,85.0,0.0,0.0,0.0,13.8,10.5,36.0,-0.1378380918174181,2.4073626944640516,359.9944607900438,1855.877801426101,6.225990867591732,24.113055555555555
138.0,58712.5,52.2499669,-2.1337197000000003,87.066,356.724,70.12,-0.06,0.1,10.39996,87.09,87.06,87.00999,86.50999,-1.100006,87.03,0.05915999,-0.02958012,0.0,5.0,3.0,2749.0,85.0,0.0,0.0,0.0,13.7,10.5,36.0,-0.13820720794409616,2.4145477874070536,359.85625358209967,1858.292349213508,6.226008320884252,24.185
138.0,58712.6,52.2499885,-2.1337215,87.095,356.94699999999995,70.1,-0.07,0.1,9.399963,87.34,87.28999,87.14,86.53,-0.2999877999999999,87.25999,0.05915999,-0.01938009,0.0,5.0,3.0,2758.0,85.0,0.0,0.0,0.0,13.8,10.5,36.0,-0.12885146513721293,2.4158718242228763,359.7274021169625,1860.708221037731,6.229900405116198,24.193055555555553
137.0,58712.7,52.2500103,-2.1337233,87.412,357.0,70.09,-0.08,0.1,9.200012,87.67,87.72,87.61,87.03,-0.1000061,87.62,0.06936002,-0.01938009,0.0,5.0,3.0,2733.0,85.0,0.0,0.0,0.0,13.8,10.5,36.0,-0.12707751686411814,2.4247834692213006,359.60032460009836,1863.1330045069521,6.230825429619756,24.281111111111112
137.0,58712.8,52.2500322,-2.1337253,87.721,356.88199999999995,70.08,-0.09,0.1,9.099976,87.78,87.84999,87.84,87.53,0.0,87.85,0.06936002,-0.009180069,0.0,5.0,3.0,2747.0,85.0,0.0,0.0,0.0,13.7,10.5,36.0,-0.13253792658968952,2.433087239209011,359.46778667350867,1865.5660917461612,6.228765941102402,24.366944444444446
137.0,58712.9,52.25005410000001,-2.133727,87.905,357.066,70.06,-0.09,0.1,9.0,88.26999,88.17999,88.17999,87.48999,0.0,88.11,0.06936002,-0.01938009,0.0,5.0,3.0,2734.0,85.0,0.0,0.0,0.0,13.8,10.5,35.0,-0.12498524125368218,2.438604736444743,359.342801432255,1868.0046964826058,6.231977346926072,24.418055555555554
137.0,58713.0,52.2500761,-2.1337289000000004,88.164,357.06300000000005,70.06,-0.09,0.1,8.799988,88.33,88.37999,88.25999,87.76999,0.0,88.36,0.06936002,0.0,0.0,5.0,3.0,2725.0,85.0,0.0,0.0,0.0,13.7,10.5,31.0,-0.1254815541678356,2.4457831832694463,359.21731987808715,1870.4504796658753,6.231924987048513,24.49
