No of GPS Satellites Available,Time Since Start of Day (seconds),Latitude (degrees),Longitude (degrees),Velocity (km/hr),Heading (degrees),Height (km),Vertical velocity (km/hr),Sample period (seconds),Steering Angle (degrees),Wheel Speed Front Left (rad/sec),Wheel Speed Front Right (rad/sec),Wheel Speed Rear Left (rad/sec),Wheel Speed Rear Right (rad/sec),Yaw Rate (deg/sec),Indicated Vehicle Speed (km/hr),Indicated Longitudinal Acceleration (g),Indicated Lateral Acceleration (g),Handbrake (0 or 1),Gear Requested (Number fof gear employed 1-5),Gear (Number fof gear employed 1-5),Engine Speed (rev/min),Coolant Temperature (degrees),Clutch Position (0 or 1),Brake Pressure (psi),Brake Position (0 or 1),Battery Voltage (volts),Air Temperature (degrees),Accelerator Pedal Position (0 or 1),dx,dy,x_cum,y_cum,heading_rad,speed_ms
137.0,57476.8,52.2032574,-2.196309,36.108,278.821,62.67,-0.31,0.1,8.0,36.62999,36.58,36.59,36.34,0.2000122,36.53,0.0397799,0.0,0.0,4.0,3.0,1533.0,93.0,0.0,-0.02001953,0.0,13.7,9.75,0.0,-0.9911367595612502,0.15380807471138946,-0.9911367595612502,0.15380807471138946,4.86634447370311,10.03
137.0,57476.9,52.2032589,-2.1963238,36.648,278.841,62.65,-0.29,0.1,7.200011999999999,36.78999,36.73,36.83,36.8,0.2000122,36.75,0.02957988,0.0397799,0.0,4.0,3.0,1528.0,93.0,0.0,-0.02001953,0.0,13.8,9.75,0.0,-1.0059047898434932,0.15645943170649151,-1.9970415494047433,0.310267506417881,4.866693539553508,10.180000000000001
137.0,57477.0,52.2032603,-2.1963386,36.839,279.068,62.63,-0.28,0.1,4.799988,36.87,36.92,36.87999,36.709990000000005,0.3000183,36.86,0.01937985,0.02957988,0.0,4.0,3.0,1558.0,93.0,0.0,-0.02001953,0.0,13.8,9.75,0.0,-1.0105162672432815,0.16127967530835688,-3.007557816648025,0.4715471817262379,4.870655436955535,10.233055555555556
137.0,57477.1,52.20326179999999,-2.1963534,36.9,278.898,62.6,-0.28,0.1,0.0,36.91,37.06,37.11,36.92,1.0,37.0,0.0,0.06936002,0.0,4.0,3.0,1574.0,93.0,0.0,2.119995,1.0,13.6,9.75,0.0,-1.012664397218213,0.1585427973976539,-4.020222213866238,0.6300899791238918,4.867688377227146,10.25
137.0,57477.2,52.2032632,-2.1963682,36.907,278.88,62.59,-0.26,0.1,0.0,36.959990000000005,37.2,36.98,37.12,2.899994,37.09,0.0,0.13974,0.0,4.0,3.0,1578.0,93.0,0.0,0.9299927,1.0,13.6,9.75,0.0,-1.0129062687294963,0.15825466719260597,-5.0331284825957345,0.7883446463164977,4.867374217961786,10.251944444444444
137.0,57477.3,52.2032646,-2.196383,36.85,278.588,62.57,-0.25,0.1,0.0,36.81999,37.28999,36.849990000000005,37.14,4.899994,37.11,-0.009180069,0.16014,0.0,4.0,3.0,1589.0,93.0,0.0,1.649994,1.0,13.8,9.75,0.0,-1.0121340536998649,0.15285406154630804,-6.045262536295599,0.9411987078628057,4.862277856545963,10.23611111111111
137.0,57477.4,52.2032659,-2.1963979,36.936,278.301,62.56,-0.23,0.1,0.0,36.7,37.28999,36.81,37.16,5.600006,37.04,-0.009180069,0.1897199,0.0,4.0,3.0,1596.0,93.0,0.0,2.359985,1.0,13.7,9.75,0.0,-1.0152508744323618,0.1481271817200507,-7.060513410727961,1.0893258895828564,4.857268761592739,10.26
137.0,57477.5,52.203267,-2.1964127,36.774,277.253,62.55,-0.21,0.1,0.0,36.62,37.099990000000005,36.78999,37.209990000000005,5.899994,36.91,-0.01938009,0.1795198999999999,0.0,4.0,3.0,1588.0,93.0,0.0,4.019989,1.0,13.7,9.75,0.0,-1.0133263048793095,0.12896530479026036,-8.07383971560727,1.2182911943731167,4.838977711031839,10.215
137.0,57477.6,52.203268,-2.1964277,36.936,276.248,62.55,-0.19,0.1,0.0,36.48999,36.98999,36.53,37.00999,5.399994,36.77,-0.02958012,0.16014,0.0,4.0,3.0,1572.0,93.0,0.0,5.679993,1.0,13.7,9.75,0.0,-1.019905701370006,0.11166181224105338,-9.093745416977276,1.32995300661417,4.821437152049295,10.26
137.0,57477.7,52.203269,-2.1964424,36.594,276.024,62.55,-0.17,0.1,0.0,36.36,36.73,36.37999,36.66,5.300018,36.57,-0.04997993,0.12954,0.0,4.0,3.0,1510.0,93.0,0.0,6.399994,1.0,13.7,9.75,0.0,-1.0108869107251361,0.10667663157688767,-10.104632327702411,1.4366296381910577,4.8175276145248285,10.165000000000001
137.0,57477.8,52.2032698,-2.1964572,36.454,275.137,62.55,-0.15,0.1,0.0,36.06,36.48999,36.19,36.59,5.300018,36.4,-0.05915999,0.12954,0.0,4.0,3.0,1456.0,93.0,0.0,6.630005000000001,1.0,13.7,9.75,0.0,-1.0085439102792113,0.09066666082081962,-11.113176237981623,1.5272962990118772,4.802046544059639,10.126111111111111
137.0,57477.9,52.2032706,-2.1964718,36.022,274.974,62.57,-0.11,0.1,0.0,35.62999,35.929990000000004,35.73999,36.0,5.100006,36.12,-0.06936002,0.1193398999999999,0.0,4.0,3.0,1410.0,93.0,0.0,7.109985000000001,1.0,13.8,9.75,0.0,-0.9968429552986052,0.08675666055442108,-12.110019193280229,1.6140529595662982,4.799201657378887,10.00611111111111
137.0,57478.0,52.2032712,-2.1964863,35.881,274.298,62.57,-0.1,0.1,0.0,35.12,35.679990000000004,35.37,35.64,4.0,35.46,-0.07956004,0.09995985,0.0,4.0,3.0,1398.0,93.0,0.0,7.820007,1.0,13.7,9.75,0.0,-0.9938914906613965,0.07469618716699394,-13.103910683941624,1.6887491467332922,4.787403231635406,9.966944444444444
137.0,57478.1,52.2032719,-2.1965007,35.496,274.23,62.6,-0.05,0.1,0.0,34.81,35.02,35.03,35.14999,3.100006,35.11,-0.07956004,0.06936002,0.0,4.0,3.0,1398.0,93.0,0.0,7.820007,1.0,13.8,9.75,0.0,-0.9833141291829511,0.07272773438774914,-14.087224813124575,1.7614768811210413,4.7862164077440505,9.860000000000001
137.0,57478.2,52.2032725,-2.1965148,34.963,273.696,62.63,-0.02,0.1,1.3999629999999998,34.25999,34.58,34.56,34.67,2.399994,34.57,-0.09996009,0.05915999,0.0,4.0,3.0,1381.0,93.0,0.0,8.059998,1.0,13.8,9.75,0.0,-0.9691744775585494,0.0626057582724322,-15.056399290683125,1.8240826393934735,4.776896349538401,9.711944444444445
137.0,57478.3,52.2032731,-2.1965289,34.632,273.61,62.65,0.01,0.1,3.399963,33.95,34.179990000000004,34.08,34.09,1.5,34.13,-0.09996009,0.0397799,0.0,4.0,3.0,1372.0,93.0,0.0,7.820007,1.0,13.7,9.75,0.0,-0.960091155554313,0.0605720482267511,-16.016490446237437,1.8846546876202246,4.7753953663816855,9.62
137.0,57478.4,52.2032735,-2.1965426000000003,33.944,273.326,62.67,0.03,0.1,4.0,33.59,33.709990000000005,33.7,33.52,0.8999939,33.71,-0.09996009,0.0397799,0.0,4.0,3.0,1355.0,93.0,0.0,8.059998,1.0,13.8,9.75,0.0,-0.9413006793938653,0.05470363573631416,-16.957791125631303,1.9393583233565388,4.770438631306021,9.42888888888889
137.0,57478.5,52.20327399999999,-2.1965563,33.79,273.321,62.68,0.03,0.1,4.700012,33.11,33.31,33.23999,33.12,0.8999939,33.26,-0.1091398999999999,0.0397799,0.0,4.0,3.0,1336.0,93.0,0.0,8.059998,1.0,13.7,9.75,0.0,-0.9370348557054632,0.05437368016123753,-17.894825981336766,1.9937320035177764,4.770351364843422,9.386111111111111
137.0,57478.6,52.2032746,-2.1965698,33.3,274.025,62.7,0.05,0.1,6.0,32.709990000000005,32.87999,32.92,32.8,0.7000122,32.9,-0.1091398999999999,0.0397799,0.0,4.0,3.0,1311.0,93.0,0.0,8.059998,1.0,13.7,9.75,0.0,-0.9227185044239828,0.06492735628044809,-18.81754448576075,2.0586593597982246,4.782638482777461,9.249999999999998
137.0,57478.7,52.2032749,-2.1965831,32.792,272.516,62.71,0.06,0.1,7.599976,32.349990000000005,32.36,32.34,32.23999,0.3999939,32.5,-0.09996009,0.0397799,0.0,4.0,3.0,1282.0,93.0,0.0,6.399994,1.0,13.7,9.75,0.0,-0.9100107936371059,0.039986539800280864,-19.727555279397855,2.0986458995985053,4.756301464364867,9.10888888888889
137.0,57478.8,52.2032753,-2.1965961,32.111999999999995,272.768,62.73,0.07,0.1,8.0,31.83,31.95999,31.98,31.899990000000003,0.2000122,31.95,-0.09996009,0.01937985,0.0,4.0,3.0,1240.0,93.0,0.0,6.630005000000001,1.0,13.7,9.75,0.0,-0.8909592718629944,0.04307639587248195,-20.618514551260848,2.1417222954709874,4.760699694079892,8.919999999999998
137.0,57478.9,52.2032759,-2.1966091000000003,32.033,273.992,62.77,0.11,0.1,8.0,31.44,31.47,31.50999,31.34999,0.0,31.48,-0.08976007,0.02957988,0.0,4.0,3.0,1213.0,93.0,0.0,6.869994999999999,1.0,13.7,9.75,0.0,-0.8876466918559336,0.06194575961878456,-21.506161243116782,2.203668055089772,4.782062524124304,8.898055555555556
137.0,57479.0,52.2032763,-2.1966219,31.644,273.217,62.76,0.1,0.1,8.399963,31.039990000000003,31.05,31.09,30.98999,0.0,31.06,-0.09996009,0.02957988,0.0,4.0,3.0,1185.0,93.0,0.0,6.399994,1.0,13.7,9.75,0.0,-0.8776148345828727,0.04932749861970228,-22.383776077699654,2.252995553709474,4.768536222421347,8.79
137.0,57479.1,52.2032768,-2.1966344,30.931,273.579,62.8,0.12,0.1,9.599976,30.539990000000003,30.66,30.649990000000003,30.52,0.0,30.71,-0.08976007,0.02957988,0.0,4.0,3.0,1159.0,93.0,0.0,4.5,1.0,13.7,9.75,0.0,-0.857518736314146,0.05363497212069379,-23.2412948140138,2.306630525830168,4.774854314313567,8.591944444444444
137.0,57479.2,52.2032773,-2.1966468000000003,30.607,273.48,62.81,0.12,0.1,10.5,30.25999,30.25,30.33,30.179990000000004,-0.1999817,30.32,-0.08976007,0.02957988,0.0,4.0,3.0,1165.0,93.0,0.0,4.019989,1.0,13.8,9.75,0.0,-0.8486267263342997,0.05160690569417184,-24.089921540348097,2.3582374315243397,4.773126438354093,8.501944444444444
137.0,57479.3,52.20327770000001,-2.1966592,30.586,273.099,62.83,0.13,0.1,10.79999,30.09,29.97,30.05,29.81999,-0.3999939,30.03,-0.06936002,0.01937985,0.0,4.0,3.0,1216.0,93.0,0.0,2.600006,1.0,13.7,9.75,0.0,-0.848368651740115,0.04593115356831729,-24.93829019208821,2.404168585092657,4.7664767339039935,8.49611111111111
137.0,57479.4,52.2032782,-2.1966713,29.837,274.02,62.85,0.14,0.1,10.70001,29.789990000000003,29.7,29.8,29.69,-0.5,29.84,-0.05915999,0.009180069,0.0,4.0,3.0,1191.0,93.0,0.0,2.600006,1.0,13.7,9.75,0.0,-0.8267663954214326,0.05810315242398087,-25.765056587509644,2.462271737516638,4.782551216314862,8.288055555555555
137.0,57479.5,52.20327869999999,-2.1966832,29.491,273.60900000000004,62.86,0.14,0.1,10.70001,29.58,29.47,29.56999,29.33,-0.5,29.53,-0.05915999,0.0397799,0.0,4.0,3.0,1188.0,93.0,0.0,3.070007,1.0,13.7,9.75,0.0,-0.8175698614427287,0.0515660689713624,-26.58262644895237,2.5138378064880005,4.775377913089166,8.191944444444443
137.0,57479.6,52.203279,-2.1966951,29.502,273.066,62.86,0.13,0.1,10.59998,29.23,29.03,29.20999,29.08,-0.6000061,29.34,-0.04997993,0.0397799,0.0,4.0,3.0,1184.0,92.0,0.0,5.449982,1.0,13.7,9.75,0.0,-0.8183269558391676,0.04383198999590611,-27.40095340479154,2.5576697964839066,4.765900775250835,8.195
137.0,57479.7,52.2032796,-2.1967069999999995,29.171,274.149,62.88,0.14,0.1,10.20001,28.78,29.06,28.98,28.70999,-0.3999939,28.77,-0.05915999,0.01937985,0.0,4.0,3.0,1169.0,93.0,0.0,5.449982,1.0,13.7,9.75,0.0,-0.8081819657104605,0.05862596408225118,-28.209135370502,2.6162957605661576,4.784802691049935,8.103055555555555
137.0,57479.8,52.2032801,-2.1967187,28.876,274.159,62.91,0.15,0.1,9.299988,28.52,28.429990000000004,28.56999,28.399990000000003,-0.5,28.59,-0.05915999,0.04997993,0.0,4.0,3.0,1149.0,92.0,0.0,5.449982,1.0,13.8,9.75,0.0,-0.7999988557996581,0.05817271944080962,-29.009134226301658,2.674468480006967,4.784977223975134,8.02111111111111
137.0,57479.9,52.2032805,-2.1967301000000004,28.379,273.371,62.93,0.15,0.1,6.0,28.09999,28.25,28.3,28.2,-0.1999817,28.25,-0.06936002,0.04997993,0.0,4.0,3.0,1139.0,93.0,0.0,4.019989,1.0,13.7,9.75,0.0,-0.7869415644132182,0.04635324280597761,-29.796075790714877,2.7208217228129445,4.771224029469418,7.883055555555556
137.0,57480.0,52.203281,-2.1967416,28.17,274.22700000000003,62.97,0.18,0.1,0.5999755999999999,27.95,27.98,27.969990000000003,27.68999,0.8000183000000001,27.97,-0.05915999,0.06936002,0.0,4.0,3.0,1134.0,92.0,0.0,0.9299927,1.0,13.7,9.75,0.0,-0.7803714856012866,0.05767663704170985,-30.576447276316163,2.7784983598546544,4.786164047866491,7.825
137.0,57480.1,52.2032814,-2.1967529,27.904,273.582,62.98,0.17,0.1,0.0,27.67,27.79,27.6,27.64,1.300018,27.63,-0.03978014,0.08976007,0.0,4.0,3.0,1120.0,92.0,0.0,1.410004,1.0,13.7,9.75,0.0,-0.7735968582306563,0.048426599132698714,-31.35004413454682,2.826924958987353,4.774906674191127,7.751111111111111
137.0,57480.2,52.2032819,-2.1967641,27.731,273.98900000000003,63.0,0.17,0.1,0.0,27.14,27.68999,27.3,27.39,3.300018,27.36,-0.03978014,0.13974,0.0,4.0,3.0,1106.0,93.0,0.0,1.410004,1.0,13.8,9.75,0.0,-0.7684394319248122,0.053586270469450074,-32.11848356647163,2.880511229456803,4.782010164246744,7.703055555555556
137.0,57480.3,52.2032823,-2.1967752,27.457,273.446,63.02,0.19,0.1,0.0,26.82999,27.34,27.17,27.43999,4.5,27.25,-0.02958012,0.1897199,0.0,4.0,3.0,1100.0,92.0,0.0,1.880005,1.0,13.8,9.75,0.0,-0.7613154105198524,0.045843879541423216,-32.87979897699148,2.9263551089982265,4.772533026408415,7.626944444444445
137.0,57480.4,52.2032826,-2.1967863,27.396,272.976,63.05,0.19,0.1,0.0,26.649990000000003,27.74,26.59,26.99,7.200011999999999,26.93,-0.04997993,0.1795198999999999,0.0,4.0,3.0,1088.0,92.0,0.0,1.880005,1.0,13.7,9.75,0.0,-0.7599736922491889,0.039509329140537,-33.63977266924067,2.9658644381387633,4.764329978924041,7.61
137.0,57480.5,52.2032829,-2.1967973,27.216,272.72700000000003,63.05,0.18,0.1,0.0,26.5,26.88,26.43999,27.07,8.600006,26.98,-0.04997993,0.2295001,0.0,4.0,3.0,1081.0,92.0,0.0,1.169983,1.0,13.8,9.75,0.0,-0.7551438796397778,0.03596833388669528,-34.394916548880445,3.0018327720254585,4.7599841090865755,7.5600000000000005
137.0,57480.6,52.203283000000006,-2.1968081,26.683000000000003,271.535,63.07,0.17,0.1,0.0,26.13,27.25999,26.34,27.18999,9.399994,26.64,-0.04997993,0.2600999,0.0,4.0,3.0,1083.0,92.0,0.0,-0.02001953,1.0,13.7,9.75,0.0,-0.7409284652426915,0.019854819778040354,-35.135845014123134,3.0216875918034987,4.739179784402803,7.411944444444445
137.0,57480.7,52.2032829,-2.1968188000000004,26.442,269.51,63.11,0.2,0.1,0.0,26.25999,26.92,25.73,26.719990000000003,10.39999,26.59,-0.02958012,0.2295001,0.0,4.0,3.0,1067.0,92.0,0.0,0.4599915,1.0,13.7,9.75,0.0,-0.7344731399972546,-0.006281450674274697,-35.87031815412039,3.015406141129224,4.703836867049917,7.345
137.0,57480.8,52.2032827,-2.1968294,26.201,268.682,63.12,0.19,0.1,0.0,25.54,26.73,25.6,26.43,12.39999,26.23,-0.01938009,0.2295001,0.0,4.0,3.0,1062.0,92.0,0.0,0.4599915,1.0,13.8,9.75,0.0,-0.72761300189668,-0.016740554603507127,-36.59793115601707,2.998665586525717,4.689385540843404,7.2780555555555555
137.0,57480.9,52.2032825,-2.1968401,26.186,268.363,63.16,0.21,0.1,0.0,25.21999,26.67,25.43999,26.57999,13.800020000000002,25.95,-0.01938009,0.29988,0.0,4.0,3.0,1050.0,92.0,0.0,0.6999816999999999,1.0,13.7,9.75,0.0,-0.7270920237384922,-0.02077942960902245,-37.32502317975556,2.9778861569166946,4.683817940529543,7.273888888888889
137.0,57481.0,52.2032821,-2.1968507,26.248,266.67,63.2,0.23,0.1,0.0,25.03,26.61,24.95,26.31,16.20001,25.72,-0.04997993,0.36006,0.0,3.0,3.0,1042.0,92.0,0.0,0.6999816999999999,1.0,13.6,9.75,0.0,-0.727880035661967,-0.04235169454003959,-38.05290321541753,2.935534462376655,4.654269516293279,7.291111111111111
137.0,57481.1,52.2032813,-2.196861,25.639,263.811,63.22,0.23,0.1,0.0,24.73,26.57,24.62,26.36,18.5,25.59,-0.04997993,0.36006,0.0,3.0,3.0,1044.0,92.0,0.0,0.6999816999999999,1.0,13.7,9.75,0.0,-0.7080435473473812,-0.07678060795062569,-38.76094676276491,2.858753854426029,4.60437055297876,7.121944444444444
137.0,57481.2,52.2032805,-2.1968713,25.492,262.764,63.27,0.25,0.1,0.0,24.56,26.17,24.35,26.00999,17.80002,25.34,-0.03978014,0.3100800999999999,0.0,3.0,3.0,1078.0,92.0,0.0,0.9299927,1.0,13.7,9.75,0.0,-0.7024715416491079,-0.08919124874189265,-39.46341830441402,2.7695626056841367,4.586096955710381,7.081111111111111
137.0,57481.3,52.2032793,-2.1968814,25.286,259.589,63.3,0.25,0.1,0.0,24.43,26.02,24.13,25.75,17.39999,25.09,-0.03978014,0.2396998,0.0,3.0,3.0,1175.0,92.0,0.0,-0.4900208,1.0,13.7,9.75,0.0,-0.6908253169719439,-0.126927273133796,-40.154243621385966,2.642635332550341,4.53068275195956,7.023888888888889
137.0,57481.4,52.203278,-2.1968912,24.822,258.369,63.31,0.24,0.1,0.0,24.09,25.5,24.05,25.37,15.39999,24.85,-0.009180069,0.16014,0.0,3.0,3.0,1298.0,92.0,0.0,-0.25,0.0,13.7,9.75,0.0,-0.6753420225380035,-0.13900864215680594,-40.82958564392397,2.503626690393535,4.50938973508523,6.895
137.0,57481.5,52.2032765,-2.1969012,25.218000000000004,257.185,63.34,0.25,0.1,0.0,24.04,25.21999,24.0,25.13,13.300020000000002,24.61,-0.01938009,0.1193398999999999,0.0,3.0,3.0,1332.0,92.0,0.0,-0.02001953,0.0,13.7,9.75,0.0,-0.6830514693989517,-0.15537355036148573,-41.512637113322924,2.348253140032049,4.4887250367416165,7.005000000000001
137.0,57481.6,52.203275,-2.1969109,24.588,255.439,63.39,0.27,0.1,0.0,23.95,24.89999,23.93999,24.87,10.70001,24.46,-0.01938009,0.07956004,0.0,3.0,3.0,1309.0,92.0,0.0,-0.25,0.0,13.8,9.75,0.0,-0.661062398204316,-0.17171344059321156,-42.17369951152724,2.1765396994388375,4.458251588001795,6.83
137.0,57481.7,52.2032733,-2.1969204,24.379,254.641,63.4,0.26,0.1,0.0,23.84,24.64,23.81,24.56,8.899994,24.25,-0.01938009,0.05915999,0.0,3.0,3.0,1288.0,92.0,0.0,0.4599915,0.0,13.8,9.75,0.0,-0.6530085703805955,-0.17936589027992678,-42.82670808190783,1.9971738091589106,4.44432386057088,6.771944444444444
137.0,57481.8,52.2032716,-2.1969298,24.131,253.638,63.42,0.26,0.1,0.0,23.67,24.3,23.71999,24.18,6.899994,24.07,-0.009180069,0.009180069,0.0,3.0,3.0,1273.0,92.0,0.0,-0.02001953,0.0,13.8,9.75,0.0,-0.6431588639228121,-0.18882852953449492,-43.469866945830645,1.8083452796244157,4.426818208173378,6.703055555555555
137.0,57481.9,52.2032699,-2.1969391000000003,23.976,253.492,63.45,0.26,0.1,0.0,23.50999,23.91,23.49,23.82999,4.600006,23.78,-0.009180069,-0.01938009,0.0,3.0,3.0,1273.0,92.0,0.0,-0.02001953,0.0,13.8,9.75,0.0,-0.6385475262862337,-0.18924337947133493,-44.10841447211688,1.6191019001530809,4.424270027465465,6.659999999999999
137.0,57482.0,52.2032681,-2.1969483000000003,23.882,252.971,63.47,0.25,0.1,6.099976,23.3,23.59,23.43999,23.41,2.5,23.44,-0.009180069,-0.02958012,0.0,3.0,3.0,1255.0,92.0,0.0,-0.02001953,0.0,13.7,9.75,0.0,-0.6343036982157473,-0.194277215161894,-44.74271817033262,1.424824684991187,4.415176862062576,6.633888888888889
137.0,57482.1,52.2032664,-2.1969574,23.429,252.954,63.5,0.26,0.1,18.0,23.21999,23.2,23.28,23.21999,0.1000061,23.33,-0.009180069,-0.05915999,0.0,3.0,3.0,1267.0,92.0,0.0,-0.02001953,0.0,13.7,9.75,2.0,-0.6222154831505828,-0.1907767377582031,-45.364933653483206,1.234047947232984,4.414880156089737,6.508055555555555
137.0,57482.2,52.2032647,-2.1969665,23.476,252.815,63.52,0.25,0.1,33.39996,23.13,22.89999,23.09,22.88,-1.699982,23.09,0.0,-0.1193398999999999,0.0,3.0,3.0,1293.0,92.0,0.0,-0.02001953,0.0,13.8,9.75,4.5,-0.6229980967507247,-0.19267141116300204,-45.98793175023393,1.0413765360699818,4.412454148429465,6.521111111111111
137.0,57482.3,52.203263,-2.1969755,23.13,253.414,63.55,0.26,0.1,43.29999,23.0,22.64999,23.14,22.49,-3.799988,22.82,0.0,-0.13974,0.0,3.0,3.0,1318.0,92.0,0.0,-0.02001953,0.0,13.7,9.75,5.5,-0.6157670866053484,-0.1834043212510581,-46.60369883683928,0.8579722148189237,4.42290867064891,6.425
137.0,57482.4,52.2032614,-2.1969846,23.299,253.93400000000003,63.56,0.24,0.1,52.0,23.04,22.39,23.00999,22.29,-6.100006,22.79,0.0,-0.13974,0.0,3.0,3.0,1330.0,92.0,0.0,-0.02001953,0.0,13.7,9.75,6.5,-0.62191732492187,-0.17910748136741347,-47.225616161761145,0.6788647334515102,4.431984382759281,6.4719444444444445
137.0,57482.5,52.203259900000006,-2.1969936,22.846,254.53,63.59,0.24,0.1,58.39996,23.06,22.34,23.02,22.23,-7.399994,22.65,0.0,-0.13974,0.0,3.0,3.0,1337.0,92.0,0.0,-0.02001953,0.0,13.7,9.75,7.5,-0.6116193071752677,-0.1692722228722852,-47.83723546893641,0.509592510579225,4.442386545101167,6.346111111111111
137.0,57482.6,52.2032587,-2.1970028,23.119,256.532,63.61,0.24,0.1,63.59998,23.02,22.32999,23.1,22.17,-8.199982,22.67,0.0,-0.12954,0.0,3.0,3.0,1359.0,92.0,0.0,-0.02001953,0.0,13.7,9.75,9.0,-0.6245341930525412,-0.14956853340031048,-48.46176966198895,0.36002397717891454,4.477328036726093,6.421944444444444
137.0,57482.7,52.2032573,-2.1970117,22.824,256.351,63.62,0.23,0.1,66.20000999999999,23.1,22.31,23.17,22.18,-8.899994,22.72,0.0,-0.12954,0.0,3.0,3.0,1356.0,92.0,0.0,-0.02001953,0.0,13.8,9.75,10.0,-0.6160955540428192,-0.1496070462534154,-49.077865216031775,0.21041693092549915,4.474168990779984,6.34
137.0,57482.8,52.2032561,-2.1970208,22.763,257.652,63.61,0.2,0.1,65.79999000000001,23.14,22.31,23.14,22.13,-9.299988,22.74,0.0,-0.1193398999999999,0.0,3.0,3.0,1403.0,92.0,0.0,-0.02001953,0.0,13.8,9.75,10.0,-0.6176782817079962,-0.1352178090810419,-49.69554349773977,0.07519912184445726,4.496875724348429,6.323055555555555
137.0,57482.9,52.203255,-2.1970298999999995,22.831,258.394,63.63,0.2,0.1,63.39996,23.18999,22.28,23.14999,22.06,-9.199982,22.75,0.009180069,-0.1091398999999999,0.0,3.0,3.0,1447.0,92.0,0.0,-0.25,0.0,13.8,9.75,11.0,-0.6212278236798487,-0.12758755601623642,-50.316771321419616,-0.05238843417177916,4.509826067398228,6.341944444444444
137.0,57483.0,52.203254,-2.197039,22.936,259.639,63.62,0.17,0.1,56.79999,23.21,22.32999,23.13,22.29,-9.100006,22.8,0.0,-0.07956004,0.0,3.0,3.0,1486.0,92.0,0.0,-0.02001953,0.0,13.7,9.75,11.5,-0.6267224527881031,-0.11458418334350694,-50.94349377420772,-0.16697261751528608,4.531555416585557,6.3711111111111105
137.0,57483.1,52.203253,-2.1970481000000004,22.867,259.834,63.63,0.16,0.1,42.79999,23.2,22.52,23.3,22.34,-7.399994,22.84,0.009180069,-0.04997993,0.0,3.0,3.0,1497.0,92.0,0.0,-0.25,0.0,13.7,9.75,11.5,-0.6252222212545658,-0.11211224867334146,-51.568715995462284,-0.27908486618862755,4.534958808626946,6.351944444444444
137.0,57483.2,52.2032522,-2.1970574,22.964,261.98,63.64,0.16,0.1,27.79999,23.27,22.78,23.36,22.61,-5.199982,22.98,0.009180069,0.02957988,0.0,3.0,3.0,1496.0,92.0,0.0,-0.25,0.0,13.7,9.75,11.5,-0.6316499705779473,-0.08899746758632929,-52.20036596604023,-0.3680823337749568,4.572413574374745,6.378888888888889
137.0,57483.3,52.203251300000005,-2.1970667,23.231,261.281,63.62,0.12,0.1,15.79999,23.28,23.0,23.23,22.86,-2.899994,23.08,0.01937985,0.04997993,0.0,3.0,3.0,1493.0,92.0,0.0,-0.02001953,0.0,13.7,9.75,11.5,-0.6378481931994633,-0.0978209714889633,-52.83821415923969,-0.4659033052639201,4.560213722903304,6.453055555555556
137.0,57483.4,52.2032506,-2.1970761,23.306,262.663,63.62,0.11,0.1,7.200011999999999,23.25999,23.24,23.37,23.16,-0.7999878,23.22,0.01937985,0.05915999,0.0,3.0,3.0,1524.0,92.0,0.0,-0.02001953,0.0,13.7,9.75,12.0,-0.6420881858642835,-0.08267487544776517,-53.48030234510397,-0.5485781807116853,4.584334173165866,6.473888888888889
137.0,57483.5,52.2032498,-2.1970856000000003,23.587,262.226,63.62,0.09,0.1,1.899963,23.52,23.41,23.39,23.31,0.5,23.38,0.02957988,0.09995985,0.0,3.0,3.0,1560.0,92.0,0.0,-0.02001953,0.0,13.7,9.75,13.5,-0.6491727647421777,-0.08862551296247331,-54.12947510984615,-0.6372036936741586,4.57670708433465,6.551944444444445
137.0,57483.6,52.2032489,-2.197095,23.504,261.426,63.62,0.08,0.1,0.0,23.66,23.57999,23.5,23.67,1.200012,23.56,0.0397799,0.06936002,0.0,3.0,3.0,1626.0,92.0,0.0,-0.25,0.0,13.7,9.75,14.0,-0.6455922916084225,-0.09733701377355679,-54.77506740145457,-0.7345407074477154,4.562744450318696,6.528888888888889
137.0,57483.7,52.203248,-2.1971046000000003,23.994,261.513,63.6,0.06,0.1,0.0,23.82,24.0,23.63,23.88,2.600006,23.79,0.04997993,0.05915999,0.0,3.0,3.0,1678.0,92.0,0.0,-0.25,0.0,13.7,9.75,14.0,-0.6592014083013714,-0.09836540699599934,-55.43426880975594,-0.8329061144437148,4.5642628867679305,6.665
137.0,57483.8,52.203247100000006,-2.1971143000000004,24.138,261.646,63.59,0.04,0.1,0.0,24.03,24.39,24.00999,24.14,4.600006,24.11,0.06936002,0.1091398999999999,0.0,3.0,3.0,1684.0,92.0,0.0,-0.02001953,0.0,13.8,9.75,14.0,-0.6633855237020034,-0.09741610207054376,-56.097654333457946,-0.9303222165142585,4.566584174673084,6.705
137.0,57483.9,52.2032462,-2.1971242,24.638,261.455,63.58,0.02,0.1,0.0,24.35,24.92,24.32999,24.81,6.5,24.45,0.05915999,0.1795198999999999,0.0,3.0,3.0,1683.0,92.0,0.0,-0.01000977,0.0,13.7,9.75,14.0,-0.6767918088777519,-0.10169070100332929,-56.7744461423357,-1.0320129175175878,4.563250595801774,6.843888888888889
137.0,57484.0,52.203245,-2.197134,24.696,259.817,63.56,0.0,0.1,0.0,24.71,25.46,24.64,25.31,8.5,24.96,0.05915999,0.2101199999999999,0.0,3.0,3.0,1666.0,92.0,0.0,-0.01000977,0.0,13.7,9.75,14.0,-0.6751942012284907,-0.12127980304824204,-57.44964034356419,-1.1532927205658299,4.534662102654107,6.86
137.0,57484.1,52.2032439,-2.1971442,25.369,259.661,63.54,-0.02,0.1,0.0,25.07,25.8,24.93,25.75,9.200012,25.34,0.06936002,0.2101199999999999,0.0,3.0,3.0,1651.0,92.0,0.0,-0.2400208,0.0,13.7,9.75,14.0,-0.6932523934797068,-0.126472838845034,-58.142892737043894,-1.279765559410864,4.531939389020996,7.046944444444444
137.0,57484.2,52.2032426,-2.1971544,25.664,258.497,63.52,-0.04,0.1,0.0,25.42,26.3,25.24,26.09,9.700012,25.72,0.06936002,0.14994,0.0,3.0,3.0,1659.0,92.0,0.0,-0.01000977,0.0,13.8,9.75,14.0,-0.698569991152307,-0.14216376248081072,-58.8414627281962,-1.4219293218916746,4.511623756527782,7.1288888888888895
137.0,57484.3,52.203241000000006,-2.1971647,26.226,256.834,63.48,-0.08,0.1,0.0,25.85,26.66,25.77,26.48,9.5,26.14,0.05915999,0.12954,0.0,3.0,3.0,1674.0,92.0,0.0,-0.01000977,0.0,13.8,9.75,14.0,-0.7093508220787829,-0.16593270086440148,-59.55081355027498,-1.587862022756076,4.482598931067116,7.284999999999999
137.0,57484.4,52.2032394,-2.197175,26.104,256.068,63.45,-0.1,0.1,0.0,26.25999,26.969990000000003,26.27,27.06,9.0,26.52,0.05915999,0.12954,0.0,3.0,3.0,1688.0,92.0,0.0,-0.01000977,0.0,13.7,9.75,14.0,-0.7037799095779723,-0.17458511486152323,-60.254593459852956,-1.7624471376175992,4.469229708996839,7.25111111111111
137.0,57484.5,52.2032377,-2.1971856,26.878,255.892,63.43,-0.11,0.1,0.0,26.63,27.42,26.57,27.23,9.100006,26.95,0.05915999,0.13974,0.0,3.0,3.0,1700.0,92.0,0.0,-0.01000977,0.0,13.8,9.75,14.0,-0.7240918198778044,-0.18198677869729252,-60.97868527973076,-1.9444339163148916,4.466157929513329,7.466111111111111
137.0,57484.6,52.2032359,-2.197196,26.813,254.14,63.39,-0.14,0.1,0.0,26.93999,27.75,26.74,27.56,9.200012,27.26,0.05915999,0.14994,0.0,3.0,3.0,1711.0,92.0,0.0,-0.01000977,0.0,13.7,9.75,14.0,-0.7164525470115195,-0.20354621948620505,-61.69513782674228,-2.1479801358010966,4.4355797610183885,7.448055555555555
137.0,57484.7,52.203234,-2.1972068000000005,27.436,254.197,63.37,-0.15,0.1,0.0,27.3,28.05,27.24,27.99,8.600006,27.56,0.05915999,0.1193398999999999,0.0,3.0,3.0,1725.0,92.0,0.0,-0.2400208,0.0,13.7,9.75,14.0,-0.7333061580914126,-0.2075461977108337,-62.42844398483369,-2.3555263335119303,4.436574598692026,7.6211111111111105
137.0,57484.8,52.2032319,-2.1972175,27.788,253.088,63.35,-0.15,0.1,0.0,27.71,28.33,27.74,28.22,7.100006,27.95,0.06936002,0.07956004,0.0,3.0,3.0,1738.0,92.0,0.0,-0.01000977,0.0,13.8,9.75,14.0,-0.7385067619856754,-0.22454447063233696,-63.16695074681937,-2.5800708041442673,4.417218897287409,7.7188888888888885
137.0,57484.9,52.2032297,-2.1972283,27.997,251.805,63.32,-0.16,0.1,0.0,28.14,28.539990000000003,28.039990000000003,28.50999,5.600006,28.27,0.06936002,0.04997993,0.0,3.0,3.0,1755.0,92.0,0.0,-0.01000977,0.0,13.8,9.75,14.0,-0.7388091811575488,-0.2428366585939306,-63.905759927976916,-2.822907462738198,4.394826322984322,7.776944444444444
137.0,57485.0,52.2032275,-2.1972394,28.577,251.843,63.3,-0.16,0.1,0.0,28.42,28.81,28.48999,28.64,4.600006,28.56,0.06936002,0.02957988,0.0,3.0,3.0,1761.0,92.0,0.0,-0.2400208,0.0,13.8,9.75,14.0,-0.7542789515122492,-0.24736718322454632,-64.66003887948916,-3.070274645962744,4.3954895481000795,7.938055555555556
137.0,57485.1,52.203225,-2.1972505000000004,28.944000000000003,250.823,63.26,-0.19,0.1,0.0,28.81999,29.129990000000003,28.83,29.05,4.100006,28.89,0.05915999,0.0397799,0.0,3.0,3.0,1775.0,92.0,0.0,-0.01000977,0.0,13.7,9.75,14.0,-0.7593846809806024,-0.2641039687168462,-65.41942356046977,-3.3343786146795904,4.377687189729738,8.040000000000001
137.0,57485.2,52.2032227,-2.1972617,29.146,251.481,63.24,-0.2,0.1,0.0,29.19,29.53,29.23,29.379990000000003,3.5,29.22,0.05915999,0.05915999,0.0,3.0,3.0,1794.0,92.0,0.0,-0.2400208,0.0,13.7,9.75,14.0,-0.7676881369018496,-0.2571479645938021,-66.18711169737162,-3.5915265792733924,4.38917145620786,8.096111111111112
137.0,57485.3,52.2032203,-2.197273,29.48,250.7,63.2,-0.22,0.1,0.0,29.75,29.899990000000003,29.59999,29.81,3.0,29.67,0.05915999,0.05915999,0.0,3.0,3.0,1822.0,92.0,0.0,-0.01000977,0.0,13.8,9.75,13.0,-0.7728681125742667,-0.2706545638107175,-66.95997980994589,-3.86218114308411,4.375540434749784,8.188888888888888
137.0,57485.4,52.2032177,-2.1972844,29.909,250.147,63.17,-0.23,0.1,1.299988,30.06999,30.3,29.98,30.09999,2.600006,30.02,0.04997993,0.02957988,0.0,3.0,3.0,1824.0,92.0,0.0,-0.01000977,0.0,13.7,9.75,11.5,-0.7814283102246847,-0.2821483069617274,-67.74140812017058,-4.144329450045837,4.365888763986256,8.308055555555555
137.0,57485.5,52.2032152,-2.1972959,30.11,250.041,63.12,-0.25,0.1,5.799988,30.399990000000003,30.399990000000003,30.55,30.379990000000003,1.5,30.43,0.05915999,0.0,0.0,4.0,3.0,1835.0,92.0,0.0,-0.01000977,0.0,13.7,9.75,11.0,-0.7861529673169685,-0.28549936153258854,-68.52756108748754,-4.4298288115784255,4.3640387149791415,8.363888888888889
137.0,57485.6,52.2032126,-2.1973075,30.38,250.275,63.09,-0.26,0.1,9.200012,30.67,30.69,30.73999,30.67,0.3999939,30.62,0.04997993,0.0,0.0,4.0,3.0,1824.0,92.0,0.0,-0.01000977,0.0,13.8,9.75,10.5,-0.7943723324919487,-0.28481758049921074,-69.32193341997949,-4.714646392077636,4.368122785428809,8.438888888888888
137.0,57485.7,52.20321,-2.1973192000000004,30.553,249.923,63.06,-0.27,0.1,11.0,30.95,30.91,30.98999,30.75999,-0.1000061,30.9,0.04997993,0.0,0.0,4.0,3.0,1762.0,92.0,0.0,-0.01000977,0.0,13.7,9.75,10.0,-0.797121091003889,-0.2913421121424676,-70.11905451098337,-5.005988504220104,4.361979226461789,8.486944444444445
137.0,57485.8,52.2032073,-2.1973311,31.064,250.133,63.02,-0.28,0.1,13.70001,31.06,30.95999,31.2,31.08,-0.1999817,30.95,0.01937985,0.0,0.0,4.0,3.0,1740.0,92.0,0.0,-0.01000977,0.0,13.7,9.75,10.0,-0.8115332072274232,-0.2932423709750584,-70.9305877182108,-5.299230875195162,4.365644417890977,8.62888888888889
137.0,57485.9,52.2032048,-2.1973431,31.414,250.74400000000003,62.99,-0.27,0.1,15.89996,31.41,31.129990000000003,31.429990000000004,31.06999,-0.7999878,31.19,0.0,-0.009180069,0.0,4.0,3.0,1710.0,92.0,0.0,-0.01000977,0.0,13.7,9.75,10.0,-0.8237924375491921,-0.2877779892057912,-71.75438015575999,-5.5870088644009535,4.376308379620662,8.726111111111111
137.0,57486.0,52.203202100000006,-2.197355,31.108,249.966,62.97,-0.27,0.1,17.59998,31.50999,31.289990000000003,31.53,31.25,-1.699982,31.33,0.0,0.0,0.0,4.0,3.0,1646.0,92.0,0.0,-0.2400208,0.0,13.8,9.75,10.0,-0.8118233127051753,-0.2960252038156117,-72.56620346846516,-5.883034068216565,4.362729718040146,8.641111111111112
137.0,57486.1,52.2031996,-2.1973671,31.496,250.899,62.92,-0.3,0.1,19.20001,31.75999,31.5,31.67,31.34999,-1.899994,31.57,0.0,0.0,0.0,4.0,3.0,1535.0,92.0,0.0,-0.01000977,0.0,13.7,9.75,10.0,-0.8267203071719129,-0.2862937330973429,-73.39292377563707,-6.169327801313908,4.3790136399612525,8.748888888888889
137.0,57486.2,52.2031969,-2.1973792,31.612,250.479,62.89,-0.29,0.1,20.20001,31.84999,31.61,31.94,31.58,-2.100006,31.71,0.009180069,-0.009180069,0.0,4.0,3.0,1441.0,92.0,0.0,-0.01000977,0.0,13.7,9.75,9.5,-0.8276364776144374,-0.2934228763725777,-74.2205602532515,-6.462750677686485,4.371683257102877,8.78111111111111
137.0,57486.3,52.20319429999999,-2.1973914000000003,31.802,250.308,62.85,-0.3,0.1,20.39996,31.98999,31.84999,32.05,31.58,-2.399994,31.94,0.009180069,-0.009180069,0.0,4.0,3.0,1406.0,92.0,0.0,-0.2400208,0.0,13.7,9.75,3.0,-0.831726189193992,-0.29767007780626076,-75.05228644244549,-6.7604207554927465,4.368698744081966,8.833888888888888
137.0,57486.4,52.2031918,-2.1974038000000005,32.123000000000005,251.936,62.81,-0.31,0.1,20.39996,32.179990000000004,31.97,32.27,31.95,-2.600006,32.01,0.009180069,-0.009180069,0.0,4.0,3.0,1340.0,92.0,0.0,-0.01000977,0.0,13.7,9.75,0.0,-0.8483244819423232,-0.27668534079816703,-75.90061092438782,-7.0371060962909135,4.397112704304434,8.923055555555557
137.0,57486.5,52.2031893,-2.1974163,32.339,251.475,62.78,-0.31,0.1,20.39996,32.349990000000005,32.14999,32.429990000000004,31.94,-2.699982,32.16,0.0,0.0,0.0,4.0,3.0,1269.0,92.0,0.0,-0.01000977,0.0,13.8,9.75,0.0,-0.8517599561961529,-0.28540821320120235,-76.75237088058397,-7.3225143094921155,4.38906673645274,8.983055555555556
137.0,57486.6,52.2031867,-2.1974286,32.162,251.636,62.73,-0.33,0.1,20.39996,32.429990000000004,32.08,32.48,32.22,-2.600006,32.3,-0.01938009,0.0,0.0,4.0,3.0,1224.0,92.0,0.0,0.4700011999999999,0.0,13.6,9.75,0.0,-0.8478923025482953,-0.28146465154522265,-77.60026318313226,-7.603978961037338,4.391876716548451,8.93388888888889
137.0,57486.7,52.2031843,-2.1974412,32.36,252.142,62.7,-0.32,0.1,20.20001,32.42,32.25999,32.56,32.09,-2.5,32.33,-0.02958012,0.0,0.0,4.0,3.0,1193.0,92.0,0.0,0.7099915,1.0,13.7,9.75,0.0,-0.8555799299549055,-0.27565234993785265,-78.45584311308716,-7.879631310975191,4.4007080825635425,8.988888888888889
137.0,57486.8,52.2031819,-2.1974537,32.249,252.443,62.67,-0.33,0.1,19.5,32.41,32.12999,32.5,32.12,-2.699982,32.35,-0.02958012,0.0,0.0,4.0,3.0,1207.0,92.0,0.0,1.889984,1.0,13.8,9.75,0.0,-0.8540765368488916,-0.2702237268790462,-79.30991964993605,-8.149855037854238,4.405961523612046,8.958055555555555
137.0,57486.9,52.2031795,-2.1974661,32.137,252.669,62.61,-0.35,0.1,17.5,32.34,32.09,32.459990000000005,31.98999,-2.399994,32.27,-0.03978014,0.009180069,0.0,4.0,3.0,1210.0,92.0,0.0,2.130005,1.0,13.7,9.75,0.0,-0.8521659064129832,-0.2659260030333894,-80.16208555634903,-8.415781040887627,4.409905967721553,8.926944444444445
137.0,57487.0,52.2031771,-2.1974787,32.27,252.801,62.6,-0.33,0.1,15.0,32.25999,32.08,32.42,32.099990000000005,-2.0,32.18,-0.03978014,0.01937985,0.0,4.0,3.0,1206.0,91.0,0.0,1.889984,1.0,13.7,9.75,0.0,-0.856305535805981,-0.2650544651038514,-81.01839109215501,-8.680835505991478,4.412209802334185,8.96388888888889
137.0,57487.1,52.20317479999999,-2.1974913000000003,32.404,253.392,62.56,-0.33,0.1,12.59998,32.25,32.06,32.39,32.05,-1.399994,32.11,-0.03978014,0.02957988,0.0,4.0,3.0,1201.0,91.0,0.0,1.660004,1.0,13.7,9.75,0.0,-0.8625608838051735,-0.25727171254321196,-81.88095197596019,-8.93810721853469,4.422524698213471,9.001111111111111
137.0,57487.2,52.2031725,-2.197504,32.49,253.365,62.51,-0.35,0.1,7.599976,32.19,31.91,32.349990000000005,32.09,-0.8999939,32.18,-0.04997993,0.0397799,0.0,4.0,3.0,1207.0,91.0,0.0,1.660004,1.0,13.7,9.75,0.0,-0.8647284604196372,-0.25836203231180116,-82.74568043637983,-9.19646925084649,4.422053459315433,9.025
137.0,57487.3,52.2031704,-2.1975166,32.375,254.332,62.48,-0.34,0.1,3.299988,32.22,32.34,32.27,32.179990000000004,0.0,32.19,-0.05915999,0.09995985,0.0,4.0,3.0,1212.0,91.0,0.0,1.889984,1.0,13.7,9.75,0.0,-0.8658898144822477,-0.24286891820277276,-83.61157025086207,-9.439338169049263,4.438930793182218,8.993055555555555
137.0,57487.4,52.2031681,-2.197529,31.853,253.219,62.43,-0.36,0.1,0.7999878,32.2,32.209990000000005,32.209990000000005,32.179990000000004,0.8000183000000001,32.22,-0.04997993,0.1091398999999999,0.0,4.0,3.0,1219.0,92.0,0.0,1.889984,1.0,13.7,9.75,0.0,-0.8471263688639147,-0.2554560359776496,-84.45869661972598,-9.694794205026913,4.419505278607521,8.848055555555556
137.0,57487.5,52.2031658,-2.1975416,32.26,253.23,62.4,-0.35,0.1,0.0,32.0,32.349990000000005,32.00999,31.789990000000003,1.800018,32.18,-0.04997993,0.1091398999999999,0.0,4.0,3.0,1225.0,91.0,0.0,-0.01000977,1.0,13.7,9.75,0.0,-0.858000135515265,-0.258555392348674,-85.31669675524125,-9.953349597375587,4.41969726482524,8.96111111111111
137.0,57487.6,52.2031633,-2.197554,32.249,252.454,62.36,-0.36,0.1,0.0,31.94,32.16,32.08,32.17,1.899994,32.07,-0.03978014,0.12954,0.0,4.0,3.0,1244.0,91.0,0.0,0.7099915,1.0,13.7,9.75,0.0,-0.8541284003397558,-0.27005975097605256,-86.17082515558101,-10.22340934835164,4.406153509829765,8.958055555555555
137.0,57487.7,52.203161,-2.1975665,32.116,252.638,62.33,-0.34,0.1,0.0,31.879990000000003,32.27,32.11,32.19,3.300018,32.03,-0.04997993,0.1193398999999999,0.0,4.0,3.0,1243.0,91.0,0.0,0.7099915,1.0,13.8,9.75,0.0,-0.8514651461132101,-0.2662129589676493,-87.02229030169423,-10.489622307319289,4.409364915653434,8.921111111111111
137.0,57487.8,52.2031586,-2.197579,32.051,253.023,62.32,-0.32,0.1,0.0,31.899990000000003,32.25999,31.98999,32.179990000000004,4.0,32.11,-0.04997993,0.12954,0.0,4.0,3.0,1264.0,91.0,0.0,0.9400024,1.0,13.7,9.75,0.0,-0.8515078596150032,-0.25995835679385737,-87.87379816130922,-10.749580664113147,4.416084433273612,8.903055555555556
137.0,57487.9,52.2031562,-2.1975913,32.098,251.988,62.26,-0.35,0.1,0.0,31.84,32.33,31.91,32.16,5.0,32.06,-0.03978014,0.1693199,0.0,4.0,3.0,1266.0,91.0,0.0,0.7099915,1.0,13.8,9.75,0.0,-0.8479148332265007,-0.2757005786197509,-88.72171299453572,-11.025281242732898,4.398020275515471,8.91611111111111
137.0,57488.0,52.2031536,-2.1976036,31.925,251.343,62.24,-0.33,0.1,0.0,31.7,32.209990000000005,31.73,32.19,6.300018,32.0,-0.03978014,0.1795198999999999,0.0,4.0,3.0,1265.0,91.0,0.0,0.7099915,1.0,13.7,9.75,0.0,-0.8402044808092871,-0.2836908947995933,-89.56191747534501,-11.308972137532491,4.3867629018401075,8.868055555555555
137.0,57488.1,52.203151000000005,-2.1976161,32.209,251.435,62.21,-0.33,0.1,0.0,31.64,32.36,31.77,32.25,7.5,31.91,-0.03978014,0.1999198999999999,0.0,4.0,3.0,1266.0,91.0,0.0,0.4700011999999999,1.0,13.7,9.75,0.0,-0.8481372961317106,-0.28485307762098044,-90.41005477147672,-11.59382521515347,4.388368604751943,8.946944444444446
137.0,57488.2,52.2031482,-2.1976283,32.137,249.497,62.19,-0.32,0.1,0.0,31.59,32.36,31.70999,32.23999,8.200012,31.97,-0.03978014,0.2396998,0.0,4.0,3.0,1267.0,91.0,0.0,0.7099915,1.0,13.7,9.75,0.0,-0.8361456892880565,-0.3126719645682615,-91.24620046076478,-11.906497179721732,4.354544123848292,8.926944444444445
137.0,57488.3,52.2031454,-2.1976405,32.08,249.557,62.16,-0.32,0.1,0.0,31.53,32.45,31.59999,32.37,8.899994,31.99,-0.03978014,0.2396998,0.0,4.0,3.0,1255.0,91.0,0.0,0.4700011999999999,1.0,13.7,9.75,0.0,-0.8349890448775087,-0.31124316423051723,-92.08118950564229,-12.217740343952249,4.355591321399489,8.91111111111111
137.0,57488.4,52.2031423,-2.1976525,32.137,247.774,62.13,-0.32,0.1,0.0,31.61,32.44,31.56,32.23999,9.700012,32.04,-0.03978014,0.1999198999999999,0.0,4.0,3.0,1255.0,91.0,0.0,-0.01000977,1.0,13.7,9.75,0.0,-0.8263663820025672,-0.3376713992004097,-92.90755588764485,-12.555411743152659,4.32447210083643,8.926944444444445
137.0,57488.5,52.2031392,-2.1976645,31.957,247.285,62.09,-0.32,0.1,0.0,31.56,32.42,31.61,32.42,9.399994,32.04,-0.03978014,0.1999198999999999,0.0,4.0,3.0,1251.0,91.0,0.0,0.7099915,1.0,13.7,9.75,0.0,-0.8188422249961607,-0.34278103398652027,-93.72639811264101,-12.89819277713918,4.315937440794178,8.876944444444444
137.0,57488.6,52.203136,-2.1976763,31.817,246.21400000000003,62.08,-0.3,0.1,0.0,31.59999,32.39999,31.59,32.27,8.600006,31.99,-0.02958012,0.1693199,0.0,4.0,3.0,1233.0,91.0,0.0,-0.2400208,1.0,13.7,9.75,0.0,-0.8087335608110211,-0.3564579745899801,-94.53513167345203,-13.254650751729159,4.297244964505319,8.838055555555556
137.0,57488.7,52.2031326,-2.197688,31.835,244.793,62.04,-0.31,0.1,0.0,31.56,32.209990000000005,31.55,32.08,7.0,31.91,-0.01938009,0.07956004,0.0,4.0,3.0,1238.0,91.0,0.0,-0.01000977,0.0,13.7,9.75,0.0,-0.800097582868335,-0.3766167461421061,-95.33522925632036,-13.631267497871265,4.272443835834479,8.843055555555555
137.0,57488.8,52.2031291,-2.1976996,31.853,244.079,62.02,-0.29,0.1,3.099976,31.629990000000003,31.86,31.72,31.899990000000003,4.300018,31.79,-0.009180069,0.0,0.0,4.0,3.0,1235.0,91.0,0.0,-0.01000977,0.0,13.7,9.75,0.0,-0.795792012882232,-0.386776348003366,-96.13102126920259,-14.018043845874631,4.2599821849752395,8.848055555555556
137.0,57488.9,52.2031256,-2.1977114,32.094,243.901,62.01,-0.27,0.1,19.29999,31.75,31.77,31.77,31.77,0.8999939,31.7,-0.009180069,-0.07956004,0.0,4.0,3.0,1235.0,91.0,0.0,-0.2400208,0.0,13.8,9.75,0.0,-0.8005984289506822,-0.39219179690771155,-96.93161969815327,-14.410235642782343,4.25687549890669,8.915000000000001
137.0,57489.0,52.2031221,-2.1977232,32.09,244.408,61.99,-0.26,0.1,36.70001,31.929990000000004,31.64,32.03,31.58,-2.299988,31.77,-0.01938009,-0.13974,0.0,4.0,3.0,1238.0,91.0,0.0,-0.01000977,0.0,13.8,9.75,0.0,-0.8039372638233598,-0.3850441884651394,-97.73555696197663,-14.795279831247482,4.265724318214301,8.91388888888889
137.0,57489.1,52.2031187,-2.1977347,31.594,243.975,61.96,-0.26,0.1,53.0,32.099990000000005,31.56999,32.09,31.5,-6.399994,31.79,-0.01938009,-0.1999198999999999,0.0,4.0,3.0,1245.0,91.0,0.0,-0.01000977,0.0,13.7,9.75,0.0,-0.7886237010496424,-0.3850635278605901,-98.52418066302627,-15.180343359108072,4.258167042553166,8.776111111111112
137.0,57489.2,52.2031153,-2.1977463,31.608,244.773,61.93,-0.27,0.1,69.29999000000001,32.349990000000005,31.25,32.16,30.98,-9.5,31.79,-0.02958012,-0.27948,0.0,4.0,3.0,1241.0,91.0,0.0,-0.01000977,0.0,13.7,9.75,0.0,-0.7942618986378595,-0.3742085466316646,-99.31844256166413,-15.554551905739736,4.27209476998408,8.78
137.0,57489.3,52.2031123,-2.1977581,31.554,246.643,61.92,-0.25,0.1,80.89996,32.34,31.06,32.429990000000004,30.97,-13.10001,31.66,-0.02958012,-0.3396599,0.0,4.0,3.0,1241.0,91.0,0.0,-0.01000977,0.0,13.7,9.75,1.0,-0.8046729490630643,-0.3474963237879662,-100.12311551072719,-15.902048229527702,4.304732426996374,8.764999999999999
137.0,57489.4,52.2031094,-2.1977699,31.262,247.778,61.89,-0.25,0.1,84.70000999999999,32.28999,30.879990000000003,32.28,30.55,-15.29999,31.62,-0.03978014,-0.3294601,0.0,4.0,3.0,1265.0,91.0,0.0,-0.01000977,0.0,13.8,9.75,5.0,-0.8038896828829156,-0.32842143672434765,-100.9270051936101,-16.23046966625205,4.32454191400651,8.68388888888889
137.0,57489.5,52.2031066,-2.1977818,31.277,248.82,61.88,-0.23,0.1,86.70000999999999,32.12,30.73999,32.209990000000005,30.64,-16.0,31.51,-0.02958012,-0.27948,0.0,4.0,3.0,1288.0,91.0,0.0,-0.01000977,0.0,13.7,9.75,8.0,-0.8101177187319352,-0.3138986702118422,-101.73712291234203,-16.54436833646389,4.342728244812291,8.688055555555556
137.0,57489.6,52.20310429999999,-2.1977943,31.824,252.243,61.89,-0.19,0.1,86.70000999999999,32.14,30.649990000000003,32.16,30.42,-16.0,31.49,-0.02958012,-0.28968,0.0,4.0,3.0,1300.0,91.0,0.0,-0.2400208,0.0,13.7,9.75,9.5,-0.8418849549601325,-0.269602898003296,-102.57900786730217,-16.813971234467186,4.402470865108056,8.84
137.0,57489.7,52.2031021,-2.1978065,31.46,253.235,61.87,-0.19,0.1,79.09998,32.31,30.77,32.319990000000004,30.64,-16.29999,31.45,-0.01938009,-0.26928,0.0,4.0,3.0,1338.0,91.0,0.0,-0.01000977,0.0,13.8,9.75,10.5,-0.8367450092763872,-0.2520705845086167,-103.41575287657855,-17.0660418189758,4.41978453128784,8.738888888888889
137.0,57489.8,52.2031001,-2.1978191,31.828000000000003,255.165,61.86,-0.18,0.1,68.5,32.36,30.92,32.28,30.649990000000003,-15.39999,31.58,-0.01938009,-0.2193,0.0,4.0,3.0,1373.0,91.0,0.0,-0.01000977,0.0,13.7,9.75,11.0,-0.8546411815811711,-0.22636454566840483,-104.27039405815972,-17.292406364644204,4.453469385851331,8.841111111111111
137.0,57489.9,52.2030982,-2.1978314,31.219,255.612,61.84,-0.18,0.1,59.39996,32.31,31.20999,32.28,30.92,-12.60001,31.73,-0.01938009,-0.14994,0.0,4.0,3.0,1393.0,91.0,0.0,-0.2400208,0.0,13.8,9.75,11.5,-0.83999508613667,-0.21548656510686948,-105.11038914429639,-17.507892929751073,4.4612710076077455,8.671944444444444
137.0,57490.0,52.2030966,-2.1978439999999995,31.586,257.738,61.83,-0.18,0.1,53.70001,32.39,31.34,32.39,31.11,-10.89999,31.85,-0.009180069,-0.1193398999999999,0.0,4.0,3.0,1393.0,91.0,0.0,-0.01000977,0.0,13.8,9.75,13.0,-0.857372706134448,-0.18634190382566287,-105.96776185043083,-17.694234833576736,4.4983767075051455,8.773888888888889
137.0,57490.1,52.2030949,-2.1978565,31.435,257.77,61.8,-0.19,0.1,45.5,32.39999,31.379990000000003,32.349990000000005,31.31999,-9.799988,31.93,0.0,-0.1091398999999999,0.0,4.0,3.0,1399.0,91.0,0.0,0.9400024,0.0,13.7,9.75,16.0,-0.8533773933689001,-0.18497449093197602,-106.82113924379973,-17.87920932450871,4.498935212865783,8.731944444444444
137.0,57490.2,52.2030935,-2.1978692,31.608,259.071,61.8,-0.17,0.1,32.29999,32.28,31.64,32.39,31.399990000000003,-7.899994,31.93,0.009180069,-0.06936002,0.0,4.0,3.0,1418.0,92.0,0.0,-0.01000977,0.0,13.7,9.75,16.5,-0.862075606107414,-0.1664621559230045,-107.68321484990715,-18.045671480431714,4.52164194643423,8.78
137.0,57490.3,52.2030924,-2.1978822000000005,32.177,261.60200000000003,61.79,-0.15,0.1,17.70001,32.23,31.75999,32.31,31.66,-5.0,31.99,0.009180069,0.0,0.0,4.0,3.0,1487.0,91.0,0.0,-0.01000977,0.0,13.7,9.75,16.5,-0.8842216643676404,-0.13053895742227783,-108.56743651427479,-18.176210437853992,4.5658162298022065,8.938055555555556
137.0,57490.4,52.2030913,-2.1978951,32.108000000000004,261.381,61.8,-0.13,0.1,5.5,32.27,32.22,32.5,32.12999,-1.5,32.25,0.009180069,0.06936002,0.0,4.0,3.0,1546.0,91.0,0.0,-0.01000977,0.0,13.7,9.75,16.5,-0.8818165547810559,-0.13366134010074152,-109.44925306905584,-18.309871777954733,4.561959052155298,8.91888888888889
137.0,57490.5,52.20309,-2.1979079,31.918000000000003,261.298,61.78,-0.14,0.1,0.0,32.52,32.66,32.53,32.39,0.8000183000000001,32.55,0.01937985,0.12954,0.0,4.0,3.0,1559.0,91.0,0.0,-0.01000977,0.0,13.8,9.75,16.5,-0.8764049814705486,-0.13414011629369677,-110.32565805052639,-18.44401189424843,4.560510428876143,8.866111111111111
137.0,57490.6,52.203089,-2.1979211,32.486,262.012,61.78,-0.12,0.1,0.0,32.73,32.959990000000005,32.56,32.78999,2.200012,32.79,0.01937985,0.16014,0.0,4.0,3.0,1541.0,91.0,0.0,-0.01000977,0.0,13.7,9.75,16.5,-0.8936331857983201,-0.12540110059352963,-111.21929123632471,-18.569412994841958,4.572972079735383,9.023888888888887
137.0,57490.7,52.2030876,-2.197934,32.184,260.66700000000003,61.77,-0.11,0.1,0.0,32.78999,33.06,32.59,32.959990000000005,3.5,32.95,0.0397799,0.16014,0.0,4.0,3.0,1537.0,91.0,0.0,-0.2400208,0.0,13.7,9.75,17.5,-0.8821656531942589,-0.1449819310270987,-112.10145688951897,-18.71439492586906,4.549497401296059,8.94
137.0,57490.8,52.2030861,-2.1979469,32.339,259.243,61.77,-0.1,0.1,0.0,32.7,33.12,32.67,33.08,4.600006,32.93,0.04997993,0.14994,0.0,4.0,3.0,1523.0,91.0,0.0,-0.01000977,0.0,13.7,9.75,17.5,-0.8825201729725409,-0.16766339922145124,-112.98397706249152,-18.882058325090508,4.52464391274766,8.983055555555556
137.0,57490.9,52.2030846,-2.19796,32.803000000000004,259.54,61.79,-0.06,0.1,0.0,32.819990000000004,33.31,32.87,33.2,5.700012,33.03,0.04997993,0.14994,0.0,4.0,3.0,1533.0,91.0,0.0,-0.2400208,0.0,13.7,9.75,18.0,-0.8960521170654037,-0.16542647638461072,-113.88002917955693,-19.047484801475118,4.5298275406260835,9.111944444444445
137.0,57491.0,52.2030832,-2.1979733,33.167,259.643,61.8,-0.04,0.1,0.0,33.0,33.44,32.94,33.42,6.300018,33.12,0.04997993,0.14994,0.0,4.0,3.0,1521.0,91.0,0.0,-0.01000977,0.0,13.7,9.75,18.0,-0.906294421864711,-0.1656331717816225,-114.78632360142164,-19.21311797325674,4.531625229755637,9.213055555555556
137.0,57491.1,52.2030814,-2.1979864,32.947,257.863,61.81,-0.03,0.1,0.0,33.31,33.62,33.02,33.47,6.100006,33.34,0.05915999,0.13974,0.0,4.0,3.0,1527.0,91.0,0.0,-0.01000977,0.0,13.7,9.75,18.5,-0.8947377135798716,-0.19241958070799095,-115.68106131500151,-19.40553755396473,4.500558369070138,9.151944444444444
137.0,57491.2,52.2030796,-2.1979997,33.235,257.711,61.84,0.01,0.1,0.0,33.349990000000005,33.679990000000004,33.25999,33.62,5.700012,33.48,0.05915999,0.1091398999999999,0.0,4.0,3.0,1545.0,92.0,0.0,-0.01000977,0.0,13.8,9.75,18.5,-0.9020407872996297,-0.19649529333027488,-116.58310210230114,-19.602032847295007,4.497905468607107,9.231944444444444
137.0,57491.3,52.2030777,-2.1980128,33.17,257.015,61.85,0.03,0.1,0.0,33.58,33.73,33.53999,33.709990000000005,5.100006,33.64,0.06936002,0.07956004,0.0,4.0,3.0,1574.0,92.0,0.0,-0.01000977,0.0,13.7,9.75,19.0,-0.89782798307118,-0.20703235829753358,-117.48093008537232,-19.80906520559254,4.485757977013225,9.213888888888889
137.0,57491.4,52.2030759,-2.1980262,33.635,257.142,61.88,0.05,0.1,0.0,33.599990000000005,34.02,33.66,33.75999,4.800018,33.71,0.07956004,0.07956004,0.0,4.0,3.0,1594.0,91.0,0.0,-0.01000977,0.0,13.7,9.75,19.0,-0.9108774543009313,-0.20791617154091205,-118.39180753967325,-20.01698137713345,4.487974545163259,9.343055555555555
137.0,57491.5,52.2030739,-2.1980396,33.772,256.533,61.9,0.07,0.1,0.0,33.73999,34.14999,33.66,33.98999,4.100006,33.92,0.06936002,0.1091398999999999,0.0,4.0,3.0,1592.0,91.0,0.0,-0.01000977,0.0,13.7,9.75,20.0,-0.9123170087428838,-0.21847226906076733,-119.30412454841614,-20.23545364619422,4.477345490018614,9.38111111111111
137.0,57491.6,52.2030717,-2.1980529,33.93,255.145,61.93,0.1,0.1,0.0,33.98,34.5,33.98,34.12999,3.5,34.15,0.06936002,0.04997993,0.0,4.0,3.0,1602.0,92.0,0.0,-0.2400208,0.0,13.7,9.75,20.5,-0.9109995132294095,-0.241632234802765,-120.21512406164555,-20.477085880996984,4.453120320000933,9.424999999999999
137.0,57491.7,52.2030697,-2.1980661,33.566,255.874,61.95,0.11,0.1,0.0,34.23,34.56,34.12,33.929990000000004,3.0,34.29,0.07956004,0.02957988,0.0,4.0,3.0,1636.0,91.0,0.0,-0.2400208,0.0,13.8,9.75,20.5,-0.9041947229462933,-0.2275542641207433,-121.11931878459184,-20.70464014511773,4.465843770247971,9.32388888888889
137.0,57491.8,52.2030676,-2.1980797,34.168,256.035,61.98,0.13,0.1,2.399963,34.37999,34.599990000000005,34.28999,33.959990000000005,1.300018,34.45,0.09995985,0.02957988,0.0,4.0,3.0,1656.0,91.0,0.0,-0.01000977,0.0,13.7,9.75,21.0,-0.9210585442712479,-0.22904815925804325,-122.04037732886309,-20.93368830437577,4.468653750343682,9.491111111111111
137.0,57491.9,52.2030652,-2.198093,34.207,253.799,62.03,0.17,0.1,4.299988,34.58,34.459990000000005,34.429990000000004,34.569990000000004,1.300018,34.53,0.09995985,0.01937985,0.0,4.0,3.0,1657.0,91.0,0.0,-0.01000977,0.0,13.7,9.75,21.0,-0.9124610982318088,-0.26511172449872517,-122.95283842709489,-21.198800028874498,4.429628188269088,9.501944444444444
137.0,57492.0,52.2030632,-2.1981067,34.43,256.238,62.08,0.21,0.1,5.799988,34.83,34.78999,34.58,34.48999,1.0,34.76,0.08976007,0.01937985,0.0,4.0,3.0,1663.0,91.0,0.0,-0.01000977,0.0,13.7,9.75,21.0,-0.9289331326851153,-0.22751470675528074,-123.88177155978,-21.426314735629777,4.47219676872523,9.563888888888888
137.0,57492.1,52.2030608,-2.1981202,34.43,254.254,62.13,0.25,0.1,8.799988,34.92,34.97,34.8,34.64,0.3999939,34.84,0.09995985,0.009180069,0.0,4.0,3.0,1653.0,91.0,0.0,-0.01000977,0.0,13.7,9.75,21.0,-0.9204996156366028,-0.2595383678822653,-124.8022711754166,-21.68585310351204,4.437569436365663,9.563888888888888
137.0,57492.2,52.2030586,-2.1981339,34.97,255.149,62.17,0.26,0.1,11.09998,35.03,35.06,35.22,34.75,-0.3999939,35.0,0.09995985,-0.01938009,0.0,4.0,3.0,1637.0,91.0,0.0,-0.2400208,0.0,13.7,9.75,21.0,-0.9389402538418543,-0.24897303703852025,-125.74121142925846,-21.934826140550562,4.453190133171012,9.713888888888889
137.0,57492.3,52.2030564,-2.1981477000000003,34.97,255.446,62.23,0.3,0.1,11.20001,35.28,35.22,35.23999,35.14,-0.8999939,35.21,0.09995985,0.0,0.0,4.0,3.0,1630.0,91.0,0.0,0.2299804999999999,0.0,13.8,9.75,21.0,-0.9402182170048509,-0.24410259701406156,-126.68142964626331,-22.178928737564625,4.458373761049435,9.713888888888889
137.0,57492.4,52.2030541,-2.1981615,35.014,254.949,62.27,0.31,0.1,12.0,35.39999,35.45,35.19,35.179990000000004,-0.7999878,35.38,0.08976007,0.02957988,0.0,4.0,3.0,1634.0,91.0,0.0,-0.01000977,0.0,13.8,9.75,21.0,-0.9392457493797702,-0.252566418450324,-127.62067539564308,-22.43149515601495,4.449699474667024,9.726111111111111
137.0,57492.5,52.2030519,-2.1981754,35.273,255.327,62.32,0.33,0.1,12.39996,35.52,35.64,35.48999,35.31,-0.6000061,35.54,0.09995985,0.0,0.0,4.0,3.0,1650.0,91.0,0.0,-0.01000977,0.0,13.7,9.75,21.0,-0.9478513783954811,-0.24818680700496143,-128.56852677403856,-22.679681963019913,4.456296819239562,9.798055555555557
137.0,57492.6,52.2030497,-2.1981893999999995,35.604,255.43400000000003,62.36,0.34,0.1,12.70001,35.78999,35.66,35.679990000000004,35.27,-1.0,35.7,0.09995985,0.0,0.0,4.0,3.0,1659.0,92.0,0.0,-0.01000977,0.0,13.7,9.75,21.0,-0.9572121366664208,-0.2487286180126952,-129.52573891070497,-22.928410581032608,4.458164321539196,9.889999999999999
137.0,57492.7,52.2030474,-2.1982033000000003,35.518,254.897,62.4,0.35,0.1,13.29999,35.89,35.679990000000004,35.91,35.78,-1.0,35.86,0.09995985,0.0,0.0,4.0,3.0,1640.0,91.0,0.0,-0.01000977,0.0,13.7,9.75,21.0,-0.952532566433453,-0.2570665175622859,-130.47827147713843,-23.185477098594895,4.448791903455986,9.866111111111111
137.0,57492.8,52.2030451,-2.1982174,35.644,255.196,62.45,0.36,0.1,13.39996,35.98999,35.959990000000005,36.02,35.77,-1.199982,36.03,0.09995985,0.0,0.0,4.0,3.0,1630.0,91.0,0.0,-0.01000977,0.0,13.7,9.75,21.0,-0.9572449200817333,-0.25298651213729756,-131.43551639722017,-23.438463610732192,4.454010437919449,9.90111111111111
137.0,57492.9,52.2030429,-2.1982316,36.083,255.921,62.49,0.37,0.1,14.39996,36.209990000000005,36.12999,36.37999,36.06999,-1.100006,36.19,0.08976007,0.0,0.0,4.0,3.0,1639.0,91.0,0.0,-0.01000977,0.0,13.8,9.75,21.0,-0.9721975392284421,-0.2438203671059756,-132.4077139364486,-23.682283977838168,4.466664074996408,10.023055555555555
137.0,57493.0,52.2030407,-2.1982457,35.831,255.565,62.53,0.37,0.1,16.20001,36.41,36.3,36.34,36.099990000000005,-1.399994,36.32,0.09995985,-0.009180069,0.0,4.0,3.0,1637.0,91.0,0.0,-0.2400208,0.0,13.7,9.75,20.5,-0.9638848185842832,-0.24811127629049126,-133.3715987550329,-23.93039525412866,4.460450702859308,9.953055555555556
137.0,57493.1,52.203038500000005,-2.1982601,36.295,256.248,62.58,0.38,0.1,17.29999,36.5,36.33,36.27,35.849990000000005,-1.899994,36.44,0.08976007,-0.01938009,0.0,4.0,3.0,1647.0,91.0,0.0,-0.01000977,0.0,13.7,9.75,19.0,-0.979293313053772,-0.23966778009738607,-134.35089206808667,-24.170063034226043,4.47237130165043,10.081944444444444
137.0,57493.2,52.2030363,-2.1982744,36.385,255.961,62.62,0.38,0.1,17.39996,36.64999,36.459990000000005,36.709990000000005,36.33,-2.199982,36.51,0.08976007,-0.02958012,0.0,4.0,3.0,1660.0,91.0,0.0,-0.01000977,0.0,13.7,9.75,17.0,-0.9805058407682875,-0.24517658177350024,-135.33139790885494,-24.415239615999543,4.4673622066972065,10.106944444444444
137.0,57493.3,52.203034200000005,-2.1982889,36.504,256.38,62.67,0.4,0.1,17.29999,36.78999,36.66,36.81999,36.36,-2.199982,36.69,0.07956004,-0.01938009,0.0,4.0,3.0,1645.0,91.0,0.0,-0.2400208,0.0,13.7,9.75,14.5,-0.9854851653412544,-0.23877811644353075,-136.3168830741962,-24.654017732443073,4.474675136263062,10.139999999999999
137.0,57493.4,52.2030323,-2.1983035,36.644,257.513,62.7,0.39,0.1,17.29999,36.84,36.56,36.78,36.53,-2.100006,36.7,0.05915999,0.0,0.0,4.0,3.0,1628.0,91.0,0.0,-0.01000977,0.0,13.8,9.75,13.0,-0.9938108194227193,-0.22008599528775108,-137.31069389361892,-24.874103727730823,4.494449716688157,10.178888888888888
137.0,57493.5,52.20303020000001,-2.1983179,36.5,256.939,62.75,0.4,0.1,17.20001,36.84,36.64,36.78,36.459990000000005,-2.0,36.73,0.05915999,0.0,0.0,4.0,3.0,1635.0,91.0,0.0,-0.01000977,0.0,13.8,9.75,10.0,-0.9876596018728465,-0.2291270168284748,-138.29835349549177,-25.103230744559298,4.4844315267817105,10.13888888888889
137.0,57493.6,52.2030282,-2.1983326,36.853,257.319,62.79,0.4,0.1,15.29999,36.75999,36.61,36.81,36.47,-1.899994,36.65,0.04997993,0.0,0.0,4.0,3.0,1610.0,91.0,0.0,-0.01000977,0.0,13.8,9.75,7.5,-0.9987238692667811,-0.22472416101347328,-139.29707736475854,-25.32795490557277,4.4910637779392895,10.236944444444445
137.0,57493.7,52.2030262,-2.1983471,36.608,257.326,62.84,0.41,0.1,13.5,36.73,36.52,36.81,36.45,-1.699982,36.69,0.0397799,0.009180069,0.0,4.0,3.0,1579.0,91.0,0.0,-0.01000977,0.0,13.7,9.75,7.0,-0.9921115842542056,-0.22310897950169817,-140.28918894901275,-25.55106388507447,4.491185950986929,10.168888888888889
137.0,57493.8,52.2030244,-2.1983618000000003,36.806,257.962,62.88,0.41,0.1,12.5,36.59,36.47,36.78999,36.47,-1.100006,36.6,0.02957988,0.009180069,0.0,4.0,3.0,1546.0,91.0,0.0,-0.01000977,0.0,13.8,9.75,7.0,-0.9999060392401544,-0.21322981220862022,-141.2890949882529,-25.76429369728309,4.502286245029612,10.223888888888888
137.0,57493.9,52.2030225,-2.1983762,36.446,258.196,62.93,0.41,0.1,12.39996,36.53999,36.459990000000005,36.56999,36.349990000000005,-0.6999816999999999,36.51,0.01937985,0.009180069,0.0,4.0,3.0,1553.0,91.0,0.0,-0.2400208,0.0,13.7,9.75,7.0,-0.9909800122751901,-0.20709871466704782,-142.28007500052811,-25.971392411950138,4.50637031547928,10.123888888888889
137.0,57494.0,52.2030205,-2.1983907,36.414,257.737,62.97,0.41,0.1,12.39996,36.36,36.31999,36.41,36.23999,-0.8999939,36.36,0.009180069,0.009180069,0.0,4.0,3.0,1565.0,91.0,0.0,-0.01000977,0.0,13.7,9.75,8.0,-0.9884205435290832,-0.21484198642181643,-143.2684955440572,-26.186234398371955,4.498359254212626,10.115
137.0,57494.1,52.2030187,-2.1984052000000003,36.454,258.129,63.02,0.42,0.1,12.39996,36.23,36.12,36.3,36.02,-0.8999939,36.18,0.009180069,0.01937985,0.0,4.0,3.0,1574.0,91.0,0.0,-0.2400208,0.0,13.8,9.75,12.5,-0.9909546292422244,-0.20830310878401426,-144.25945017329943,-26.39453750715597,4.5052009448804435,10.126111111111111
137.0,57494.2,52.2030168,-2.1984197,36.443000000000005,257.987,63.06,0.42,0.1,12.39996,36.16,36.06999,36.16,35.95,-0.7999878,36.11,0.0,0.009180069,0.0,4.0,3.0,1602.0,91.0,0.0,-0.01000977,0.0,13.8,9.75,14.5,-0.9901364707246391,-0.21069481994011663,-145.24958664402408,-26.605232327096086,4.502722577342611,10.123055555555556
137.0,57494.3,52.203015,-2.198434,36.191,258.138,63.1,0.42,0.1,12.29999,36.12,36.03999,36.08,35.87999,-0.8999939,36.07,0.009180069,0.009180069,0.0,4.0,3.0,1622.0,91.0,0.0,-0.01000977,0.0,13.8,9.75,14.5,-0.9838377879062223,-0.20664575272348387,-146.2334244319303,-26.81187807981957,4.505358024513122,10.053055555555556
137.0,57494.4,52.2030131,-2.1984482,35.755,257.87,63.13,0.41,0.1,12.09998,36.17,36.02,36.08,35.61,-0.8999939,36.06,0.02957988,0.0,0.0,4.0,3.0,1629.0,91.0,0.0,-0.01000977,0.0,13.7,9.75,14.5,-0.9710197364321227,-0.20870044545855626,-147.20444416836241,-27.02057852527813,4.500680542117777,9.931944444444445
137.0,57494.5,52.2030113,-2.1984627000000003,36.238,258.605,63.2,0.43,0.1,11.79999,36.09,36.06,36.09,35.89,-0.8999939,36.06,0.0397799,0.0,0.0,4.0,3.0,1614.0,91.0,0.0,-0.01000977,0.0,13.8,9.75,14.5,-0.9867692154098822,-0.1988779639168484,-148.1912133837723,-27.21945648919498,4.513508712119936,10.06611111111111
137.0,57494.6,52.2030095,-2.198477,36.05,258.381,63.21,0.4,0.1,11.59998,36.12,36.06999,36.12,35.929990000000004,-0.3999939,36.15,0.0397799,0.01937985,0.0,4.0,3.0,1589.0,91.0,0.0,-0.01000977,0.0,13.7,9.75,15.0,-0.9808689442705151,-0.20168247557923455,-149.17208232804282,-27.42113896477421,4.509599174595468,10.013888888888888
137.0,57494.7,52.20300770000001,-2.1984915,36.169,258.351,63.29,0.44,0.1,11.59998,36.06999,36.12,36.16,35.929990000000004,-0.3999939,36.13,0.0397799,0.009180069,0.0,4.0,3.0,1573.0,91.0,0.0,-0.01000977,0.0,13.7,9.75,15.0,-0.9840006799100705,-0.20286347289260753,-150.1560830079529,-27.624002437666817,4.50907557581987,10.046944444444444
137.0,57494.8,52.203006,-2.1985058,35.986,258.962,63.33,0.44,0.1,11.39996,36.099990000000005,36.03999,36.12,35.87,-0.6000061,36.15,0.0397799,0.01937985,0.0,4.0,3.0,1566.0,91.0,0.0,-0.01000977,0.0,13.8,9.75,16.0,-0.9811187236388332,-0.1913855365018392,-151.13720173159174,-27.815387974168658,4.5197395375495555,9.99611111111111
137.0,57494.9,52.2030042,-2.1985201,35.975,258.631,63.35,0.42,0.1,11.29999,36.12,36.00999,36.25999,36.00999,-0.6000061,36.12,0.0397799,0.01937985,0.0,4.0,3.0,1571.0,91.0,0.0,-0.01000977,0.0,13.8,9.75,16.0,-0.9796971560107766,-0.1969900400238388,-152.11689888760253,-28.012378014192496,4.513962497725454,9.993055555555555
137.0,57495.0,52.2030026,-2.1985347,36.32,259.29,63.42,0.44,0.1,11.29999,36.19,36.12999,36.12,35.92,-0.5,36.15,0.04997993,0.01937985,0.0,4.0,3.0,1585.0,91.0,0.0,-0.01000977,0.0,13.7,9.75,16.0,-0.9913144244325935,-0.18749000516116204,-153.10821331203513,-28.19986801935366,4.525464217496097,10.088888888888889
137.0,57495.1,52.203000800000005,-2.198549,36.13,258.592,63.45,0.42,0.1,11.29999,36.27,36.27,36.25999,36.12,-0.6000061,36.2,0.04997993,0.02957988,0.0,4.0,3.0,1582.0,91.0,0.0,-0.01000977,0.0,13.7,9.75,16.0,-0.983783335331334,-0.19850846699835098,-154.09199664736647,-28.39837648635201,4.513281819317176,10.036111111111111
137.0,57495.2,52.20299910000001,-2.1985635,36.187,259.28,63.49,0.43,0.1,11.29999,36.36,36.31999,36.349990000000005,36.12999,-0.3999939,36.29,0.04997993,0.02957988,0.0,4.0,3.0,1582.0,91.0,0.0,-0.01000977,0.0,13.8,9.75,16.5,-0.987651717425543,-0.18697581717524447,-155.079648364792,-28.585352303527255,4.525289684570897,10.051944444444443
137.0,57495.3,52.2029974,-2.198578,36.385,259.301,63.51,0.41,0.1,11.20001,36.41,36.42,36.41,36.08,-0.3999939,36.36,0.05915999,0.009180069,0.0,4.0,3.0,1574.0,91.0,0.0,-0.01000977,0.0,13.7,9.75,16.5,-0.9931245695044197,-0.18763488342396567,-156.07277293429644,-28.77298718695122,4.525656203713816,10.106944444444444
137.0,57495.4,52.2029956,-2.1985925,36.216,258.684,63.57,0.42,0.1,11.20001,36.42,36.36,36.44,36.27,-0.6000061,36.42,0.05915999,0.01937985,0.0,4.0,3.0,1581.0,91.0,0.0,-0.01000977,0.0,13.7,9.75,16.5,-0.9864432612371283,-0.19739729572579912,-157.05921619553357,-28.97038448267702,4.514887522229012,10.06
137.0,57495.5,52.202994,-2.1986071,36.594,259.353,63.62,0.43,0.1,11.20001,36.56999,36.53,36.53,36.349990000000005,-0.6000061,36.51,0.04997993,0.01937985,0.0,4.0,3.0,1574.0,91.0,0.0,-0.01000977,0.0,13.8,9.75,16.5,-0.9990000603093784,-0.187806095486432,-158.05821625584295,-29.158190578163452,4.5265637749248535,10.165000000000001
137.0,57495.6,52.2029923,-2.1986215,36.274,259.226,63.64,0.41,0.1,10.89996,36.599990000000005,36.52,36.58,36.42,-0.3999939,36.57,0.04997993,0.01937985,0.0,4.0,3.0,1571.0,91.0,0.0,-0.01000977,0.0,13.8,9.75,16.5,-0.9898491243505977,-0.1883583347158364,-159.04806538019355,-29.34654891287929,4.524347206774821,10.07611111111111
137.0,57495.7,52.2029906,-2.1986362,36.508,259.201,63.71,0.44,0.1,10.70001,36.61,36.58,36.64,36.37999,-0.3999939,36.65,0.05915999,0.01937985,0.0,4.0,3.0,1566.0,91.0,0.0,-0.01000977,0.0,13.7,9.75,16.5,-0.9961517316851959,-0.1900080870373627,-160.04421711187874,-29.53655699991665,4.523910874461823,10.141111111111112
137.0,57495.8,52.2029889,-2.1986508,36.637,259.644,63.73,0.41,0.1,10.70001,36.64999,36.64999,36.73,36.53999,-0.5,36.59,0.05915999,0.02957988,0.0,4.0,3.0,1563.0,91.0,0.0,-0.01000977,0.0,13.7,9.75,16.5,-1.0011160081001915,-0.1829445833541508,-161.04533311997892,-29.7195015832708,4.531642683048157,10.176944444444445
137.0,57495.9,52.2029872,-2.1986654000000003,36.536,259.117,63.77,0.41,0.1,10.70001,36.78999,36.73,36.73999,36.50999,-0.1999817,36.75,0.05915999,0.02957988,0.0,4.0,3.0,1553.0,91.0,0.0,-0.01000977,0.0,13.8,9.75,16.0,-0.996635884095399,-0.1916151646491112,-162.04196900407433,-29.911116747919912,4.522444797890147,10.148888888888889
137.0,57496.0,52.2029856,-2.1986801,36.814,259.654,63.81,0.41,0.1,10.70001,36.89,36.959990000000005,36.89999,36.75999,-0.3999939,36.77,0.04997993,0.02957988,0.0,4.0,3.0,1558.0,91.0,0.0,-0.2400208,0.0,13.8,9.75,15.0,-1.005984650120866,-0.1836528472120698,-163.0479536541952,-30.094769595131982,4.531817215973357,10.226111111111111
137.0,57496.1,52.202984,-2.1986949,36.994,260.23900000000003,63.85,0.41,0.1,10.70001,36.959990000000005,36.89999,36.84,36.7,-0.5,36.93,0.04997993,0.02957988,0.0,4.0,3.0,1561.0,91.0,0.0,-0.01000977,0.0,13.8,9.75,14.5,-1.0127349277620568,-0.17421986617430918,-164.06068858195727,-30.26898946130629,4.542027392097524,10.276111111111112
137.0,57496.2,52.2029824,-2.1987096,36.72,259.75,63.89,0.4,0.1,10.70001,36.92,36.92,37.00999,36.78999,-0.3999939,36.99,0.04997993,0.01937985,0.0,4.0,3.0,1546.0,91.0,0.0,-0.01000977,0.0,13.8,9.75,14.0,-1.0037215115992166,-0.18150241638331832,-165.0644100935565,-30.450491877689608,4.533492732055271,10.2
137.0,57496.3,52.2029805,-2.1987243000000003,37.048,258.776,63.92,0.4,0.1,10.70001,36.95,36.98,36.97,36.75,-0.3999939,36.93,0.04997993,0.02957988,0.0,4.0,3.0,1543.0,91.0,0.0,-0.2400208,0.0,13.7,9.75,14.0,-1.009428032114731,-0.2003115747862,-166.07383812567122,-30.650803452475806,4.516493225140846,10.291111111111112
137.0,57496.4,52.2029791,-2.1987392,37.091,260.574,63.96,0.39,0.1,10.59998,37.02,36.91,37.099990000000005,36.87999,-0.3999939,36.97,0.0397799,0.01937985,0.0,4.0,3.0,1542.0,91.0,0.0,-0.01000977,0.0,13.7,9.75,14.0,-1.016394313340172,-0.16873688873036136,-167.0902324390114,-30.819540341206167,4.5478742450917045,10.303055555555556
137.0,57496.5,52.2029774,-2.198754,36.961,259.841,63.99,0.39,0.1,10.5,37.06999,36.92999,37.05,36.81999,-0.3999939,37.0,0.0397799,0.01937985,0.0,4.0,3.0,1538.0,91.0,0.0,-0.01000977,0.0,13.8,9.75,6.5,-1.0105980061073372,-0.18108879674060718,-168.10083044511873,-31.000629137946774,4.535080981674586,10.266944444444444
137.0,57496.6,52.2029758,-2.1987689,37.159,259.933,64.03,0.39,0.1,9.899963,37.02,36.89999,37.03999,36.77,-0.6000061,36.98,0.02957988,0.02957988,0.0,4.0,3.0,1546.0,91.0,0.0,-0.01000977,0.0,13.8,9.75,0.0,-1.0163028001012717,-0.18042724197939175,-169.11713324522,-31.181056379926165,4.536686684586421,10.321944444444444
137.0,57496.7,52.2029743,-2.1987837,36.958,260.616,64.07,0.38,0.1,9.200012,37.0,37.03999,37.03999,36.92,-0.2999877999999999,37.12,0.01937985,0.05915999,0.0,4.0,3.0,1537.0,91.0,0.0,-0.01000977,0.0,13.8,9.75,0.0,-1.0128727264514357,-0.16738940667684146,-170.13000597167144,-31.348445786603005,4.5486072833775415,10.26611111111111
137.0,57496.8,52.2029726,-2.1987984000000003,36.922,259.326,64.1,0.38,0.1,9.200012,36.959990000000005,37.00999,36.98,36.81999,-0.1999817,37.0,0.01937985,0.05915999,0.0,4.0,3.0,1534.0,91.0,0.0,-0.2400208,0.0,13.8,9.75,0.0,-1.007864908936821,-0.1899644086884207,-171.13787088060826,-31.538410195291426,4.526092536026815,10.25611111111111
137.0,57496.9,52.2029711,-2.1988133,37.037,260.523,64.15,0.39,0.1,9.299988,36.86,36.81999,36.94,36.62999,-0.1999817,36.84,0.01937985,0.02957988,0.0,4.0,3.0,1541.0,91.0,0.0,-0.01000977,0.0,13.7,9.75,0.0,-1.014764187317579,-0.16939455504728895,-172.15263506792584,-31.707804750338717,4.546984127173188,10.288055555555555
137.0,57497.0,52.2029694,-2.198828,36.99,259.375,64.17,0.37,0.1,9.299988,36.75999,36.7,36.94,36.64,-0.1999817,36.72,0.009180069,0.01937985,0.0,4.0,3.0,1545.0,91.0,0.0,-0.01000977,0.0,13.7,9.75,0.0,-1.0098835039360972,-0.18945067558008638,-173.16251857186194,-31.897255425918804,4.526947747360293,10.275
137.0,57497.1,52.2029678,-2.1988429000000003,37.148,260.309,64.22,0.39,0.1,9.299988,36.73999,36.7,36.87999,36.73,-0.1999817,36.71,0.0,0.01937985,0.0,4.0,3.0,1546.0,91.0,0.0,-0.2400208,0.0,13.7,9.75,0.0,-1.0171637551726433,-0.17370254510349775,-174.17968232703458,-32.0709579710223,4.543249122573919,10.318888888888889
137.0,57497.2,52.2029659,-2.1988571,35.766,257.965,64.3,0.42,0.1,9.299988,36.66,36.64,36.64999,36.48,0.0,36.6,0.0,0.009180069,0.0,4.0,3.0,1550.0,91.0,0.0,-0.01000977,0.0,13.8,9.75,0.0,-0.9716632795367803,-0.207153858761619,-175.15134560657137,-32.278111829783924,4.502338604907171,9.934999999999999
137.0,57497.3,52.2029643,-2.1988718,36.781,259.737,64.31,0.39,0.1,8.899963,36.56,36.53999,36.55,36.33,-0.1999817,36.56,0.0,0.02957988,0.0,4.0,3.0,1544.0,91.0,0.0,-0.2400208,0.0,13.8,9.75,0.0,-1.0053476380102744,-0.18203204266228576,-176.15669324458165,-32.46014387244621,4.533265839252512,10.216944444444444
137.0,57497.4,52.2029628,-2.1988863,36.252,260.47900000000004,64.35,0.39,0.1,8.799988,36.459990000000005,36.36,36.48,36.34,-0.1999817,36.43,0.0,0.02957988,0.0,4.0,3.0,1533.0,91.0,0.0,-0.01000977,0.0,13.8,9.75,0.0,-0.9931286174798676,-0.1665669509312312,-177.14982186206151,-32.626710823377444,4.54621618230231,10.07
137.0,57497.5,52.202961,-2.1989007000000003,36.331,258.89,64.36,0.36,0.1,8.899963,36.28999,36.23,36.25,36.03,0.0,36.31,0.0,0.02957988,0.0,4.0,3.0,1491.0,91.0,0.0,-0.01000977,0.0,13.6,9.75,0.0,-0.9902811794234827,-0.1944649386834733,-178.140103041485,-32.82117576206092,4.518482900488119,10.091944444444445
137.0,57497.6,52.2029595,-2.1989153,36.331,260.53700000000003,64.41,0.37,0.1,8.5,36.06999,36.099990000000005,36.25,36.08,0.0,36.14,0.0,0.01937985,0.0,4.0,3.0,1442.0,91.0,0.0,-0.01000977,0.0,13.7,9.75,0.0,-0.9954613052232677,-0.1659223206826603,-179.13556434670826,-32.98709808274358,4.547228473268467,10.091944444444445
137.0,57497.7,52.2029579,-2.1989297000000003,36.216,259.397,64.44,0.36,0.1,8.200012,35.94,35.959990000000005,36.06,35.849990000000005,0.0,35.96,-0.009180069,0.02957988,0.0,4.0,3.0,1423.0,91.0,0.0,0.4700011999999999,1.0,13.7,9.75,0.0,-0.988823270428769,-0.18510683363548153,-180.12438761713705,-33.17220491637906,4.527331719795731,10.06
137.0,57497.8,52.2029564,-2.1989442,36.137,260.697,64.47,0.35,0.1,7.599976,35.78,35.75,35.929990000000004,35.81,0.0,35.85,-0.01938009,0.01937985,0.0,4.0,3.0,1428.0,91.0,0.0,0.2299804999999999,1.0,13.8,9.75,0.0,-0.9906027555457977,-0.16227068148396423,-181.11499037268285,-33.334475597863026,4.550021000071657,10.038055555555555
137.0,57497.9,52.2029549,-2.1989585000000003,35.906,260.396,64.49,0.34,0.1,7.299988000000001,35.61,35.569990000000004,35.679990000000004,35.47,0.2000122,35.62,-0.02958012,0.02957988,0.0,4.0,3.0,1409.0,91.0,0.0,0.2299804999999999,1.0,13.8,9.75,0.0,-0.9834098772114563,-0.1664019503550376,-182.0984002498943,-33.500877548218064,4.544767559023154,9.973888888888888
137.0,57498.0,52.2029533,-2.1989727,35.554,260.027,64.52,0.33,0.1,7.0,35.44,35.37999,35.53,35.36,0.2000122,35.41,-0.01938009,0.01937985,0.0,4.0,3.0,1395.0,91.0,0.0,0.2299804999999999,1.0,13.7,9.75,0.0,-0.9726877871845933,-0.17103852037498132,-183.07108803707888,-33.67191606859304,4.538327294083295,9.876111111111111
137.0,57498.1,52.202952,-2.1989871,35.755,261.281,64.55,0.33,0.1,6.8999630000000005,35.23999,35.28999,35.14999,35.12,0.3999939,35.26,-0.03978014,0.04997993,0.0,4.0,3.0,1389.0,91.0,0.0,0.4700011999999999,1.0,13.7,9.75,0.0,-0.9817167641447553,-0.1505569642110922,-184.05280480122363,-33.82247303280413,4.560213722903304,9.931944444444445
137.0,57498.2,52.20295039999999,-2.1990011,35.258,259.822,64.56,0.3,0.1,6.399963,35.03,35.069990000000004,35.12999,35.14999,0.2000122,35.08,-0.03978014,0.05915999,0.0,4.0,3.0,1392.0,91.0,0.0,0.2299804999999999,1.0,13.7,9.75,0.0,-0.9639767660726491,-0.17306469932117663,-185.01678156729628,-33.99553773212531,4.534749369116707,9.793888888888889
137.0,57498.3,52.2029489,-2.199015,34.744,260.265,64.59,0.31,0.1,6.200012,34.7,34.75999,34.78999,34.5,0.7000122,34.79,-0.02958012,0.02957988,0.0,4.0,3.0,1392.0,91.0,0.0,0.4700011999999999,1.0,13.7,9.75,0.0,-0.9512138593999548,-0.16319206621513982,-185.96799542669623,-34.158729798340445,4.542481177703041,9.651111111111112
137.0,57498.4,52.2029474,-2.1990291,35.089,260.216,64.61,0.3,0.1,5.5,34.53,34.56,34.64999,34.459990000000005,0.5,34.55,-0.02958012,0.0397799,0.0,4.0,3.0,1384.0,91.0,0.0,0.4700011999999999,1.0,13.7,9.75,0.0,-0.960517895362039,-0.16563403249375655,-186.92851332205828,-34.3243638308342,4.541625966369565,9.746944444444443
137.0,57498.5,52.202946,-2.199043,34.733000000000004,260.193,64.63,0.28,0.1,5.200012,34.25999,34.23999,34.44,34.31,0.5,34.3,-0.02958012,0.04997993,0.0,4.0,3.0,1365.0,91.0,0.0,0.4700011999999999,1.0,13.8,9.75,0.0,-0.9507069447055383,-0.16433522239472947,-187.8792202667638,-34.48869905322893,4.541224540641606,9.648055555555556
137.0,57498.6,52.2029444,-2.1990568,34.686,259.915,64.66,0.28,0.1,5.200012,34.22,34.23999,34.17,34.14999,0.8999939,34.24,-0.03978014,0.04997993,0.0,4.0,3.0,1354.0,91.0,0.0,0.4700011999999999,1.0,13.7,9.75,0.0,-0.9486130165515493,-0.168717500067332,-188.82783328331536,-34.65741655329626,4.536372525321062,9.635
137.0,57498.7,52.202943000000005,-2.1990706,34.384,260.152,64.67,0.26,0.1,5.099976,33.98999,34.03,33.98,33.89,0.7000122,34.1,-0.03978014,0.04997993,0.0,4.0,3.0,1345.0,91.0,0.0,0.4700011999999999,1.0,13.8,9.75,0.0,-0.9410375090846316,-0.1633574028432535,-189.76887079239998,-34.82077395613951,4.540508955648288,9.55111111111111
137.0,57498.8,52.2029415,-2.1990842,34.024,260.361,64.69,0.26,0.1,5.0,33.819990000000004,33.89,33.83,33.709990000000005,0.6000061,33.96,-0.03978014,0.0397799,0.0,4.0,3.0,1333.0,91.0,0.0,0.7099915,1.0,13.7,9.75,0.0,-0.9317683091510948,-0.15824926668831285,-190.70063910155108,-34.97902322282783,4.544156693784956,9.45111111111111
137.0,57498.9,52.20294,-2.1990977000000003,33.908,259.66900000000004,64.7,0.23,0.1,4.899963,33.569990000000004,33.679990000000004,33.73,33.75999,0.6000061,33.61,-0.03978014,0.06936002,0.0,4.0,3.0,1314.0,91.0,0.0,0.7099915,1.0,13.7,9.75,0.0,-0.9266191299733495,-0.16891319362257837,-191.62725823152442,-35.147936416450406,4.532079015361156,9.418888888888889
137.0,57499.0,52.2029384,-2.1991111,33.725,259.447,64.72,0.23,0.1,4.899963,33.41,33.599990000000005,33.39999,33.47,0.7000122,33.44,-0.02958012,0.06936002,0.0,4.0,3.0,1304.0,91.0,0.0,0.7099915,1.0,13.7,9.75,0.0,-0.9209603463767944,-0.17157123687054393,-192.54821857790122,-35.31950765332095,4.528204384421728,9.368055555555555
137.0,57499.1,52.202936900000005,-2.1991244999999995,33.404,259.711,64.74,0.23,0.1,4.899963,33.05,33.36,33.27,33.209990000000005,0.8999939,33.18,-0.02958012,0.0397799,0.0,4.0,3.0,1297.0,91.0,0.0,0.9400024,1.0,13.7,9.75,0.0,-0.9129678299799748,-0.16573331453003903,-193.4611864078812,-35.485240967850984,4.532812053646993,9.27888888888889
137.0,57499.2,52.2029354,-2.1991379,33.624,259.32,64.75,0.22,0.1,4.0,32.91,33.06,33.12,32.94,1.0,33.0,-0.03978014,0.009180069,0.0,4.0,3.0,1288.0,91.0,0.0,2.369995,1.0,13.8,9.75,0.0,-0.9178208284805907,-0.17309224941401088,-194.3790072363618,-35.658333217264996,4.525987816271695,9.34
137.0,57499.3,52.2029339,-2.1991511,33.044000000000004,259.688,64.77,0.21,0.1,1.3999629999999998,32.75999,32.78,33.28,32.98,0.8999939,32.78,-0.04997993,0.0397799,0.0,4.0,3.0,1279.0,91.0,0.0,4.509979,1.0,13.8,9.75,0.0,-0.9030627511252542,-0.16430970718666169,-195.28206998748703,-35.82264292445166,4.532410627919035,9.17888888888889
137.0,57499.4,52.2029324,-2.1991641,32.713,259.871,64.78,0.2,0.1,0.0,32.53999,32.73,32.429990000000004,32.44,1.200012,32.63,-0.05915999,0.05915999,0.0,4.0,3.0,1271.0,91.0,0.0,4.509979,1.0,13.7,9.75,0.0,-0.8945317988948172,-0.15980755342035702,-196.17660178638184,-35.982450477872014,4.535604580450184,9.086944444444445
137.0,57499.5,52.2029309,-2.1991771,32.483000000000004,259.293,64.79,0.19,0.1,0.0,32.09,32.25,32.22,32.3,2.200012,32.22,-0.05915999,0.08976007,0.0,4.0,3.0,1258.0,91.0,0.0,4.269989,1.0,13.7,9.75,0.0,-0.8865965112558103,-0.1676363379922315,-197.06319829763765,-36.15008681586425,4.525516577373657,9.023055555555556
137.0,57499.6,52.2029295,-2.19919,32.422,259.635,64.81,0.18,0.1,0.0,31.78,32.05,31.87,32.0,2.800018,31.94,-0.06936002,0.09995985,0.0,4.0,3.0,1257.0,91.0,0.0,4.509979,1.0,13.8,9.75,0.0,-0.8859145428790198,-0.1620364038487878,-197.94911284051668,-36.31212321971304,4.531485603415478,9.00611111111111
137.0,57499.7,52.20292789999999,-2.1992028,32.09,259.204,64.83,0.2,0.1,0.0,31.429990000000004,31.75999,31.56999,31.84999,4.0,31.65,-0.06936002,0.14994,0.0,4.0,3.0,1241.0,91.0,0.0,4.509979,1.0,13.8,9.75,0.0,-0.8756115997303694,-0.16696849299251454,-198.82472444024705,-36.479091712705554,4.523963234339382,8.91388888888889
137.0,57499.8,52.20292630000001,-2.1992154,31.766,258.572,64.83,0.17,0.1,0.0,31.179990000000004,31.62,31.22,31.52,5.0,31.42,-0.07956004,0.14994,0.0,4.0,3.0,1232.0,91.0,0.0,4.509979,1.0,13.8,9.75,0.0,-0.8648950561821419,-0.17483332927750753,-199.6896194964292,-36.65392504198306,4.512932753466778,8.823888888888888
137.0,57499.9,52.2029247,-2.1992279,31.385,258.319,64.86,0.18,0.1,0.0,30.81,31.25999,30.81999,31.16,5.5,31.11,-0.06936002,0.16014,0.0,4.0,3.0,1222.0,91.0,0.0,5.4599910000000005,1.0,13.8,9.75,0.0,-0.85375046563258,-0.17650798602239967,-200.54336996206177,-36.83043302800546,4.508517070459233,8.718055555555555
137.0,57500.0,52.202923000000006,-2.1992402,31.165,257.075,64.87,0.17,0.1,0.0,30.429990000000004,30.97,30.45999,30.89,6.0,30.71,-0.07956004,0.1693199,0.0,4.0,3.0,1211.0,91.0,0.0,7.119994999999999,1.0,13.7,9.75,0.0,-0.8437609417770686,-0.1936345637365634,-201.38713090383885,-37.024067591742025,4.486805174564423,8.656944444444443
137.0,57500.1,52.2029212,-2.1992522999999995,30.802,256.582,64.87,0.16,0.1,0.0,30.0,30.7,30.02,30.56,7.200011999999999,30.34,-0.09996009,0.1795198999999999,0.0,4.0,3.0,1201.0,91.0,0.0,8.070007,1.0,13.7,9.75,0.0,-0.8322555155350115,-0.19854755178128625,-202.21938641937388,-37.22261514352331,4.47820070135209,8.556111111111111
137.0,57500.2,52.2029195,-2.1992643000000003,30.305,257.211,64.9,0.17,0.1,0.0,29.48999,30.17,29.679990000000004,30.23999,8.200012,29.97,-0.1193398999999999,0.1897199,0.0,4.0,3.0,1191.0,91.0,0.0,11.63,1.0,13.7,9.75,0.0,-0.8209219343969845,-0.18634315385897862,-203.04030835377085,-37.40895829738229,4.489178822347135,8.418055555555556
137.0,57500.3,52.2029175,-2.1992759000000004,29.718000000000004,254.793,64.9,0.15,0.1,0.0,28.53,29.48999,28.78,29.31,8.5,29.11,-0.1693201,0.1999198999999999,0.0,4.0,3.0,1170.0,91.0,0.0,19.22998,1.0,13.7,9.75,0.0,-0.7965946674533637,-0.216534490982072,-203.83690302122423,-37.62549278836436,4.446976761033913,8.255
137.0,57500.4,52.2029156,-2.1992874,29.372,254.726,64.93,0.17,0.1,0.0,27.75,28.48,27.82,28.5,8.800018,28.37,-0.2295001,0.1999198999999999,0.0,4.0,3.0,1177.0,91.0,0.0,20.41998,1.0,13.8,9.75,0.0,-0.7870692953820022,-0.21493395096918555,-204.62397231660623,-37.840426739333545,4.445807390435076,8.158888888888889
137.0,57500.5,52.2029136,-2.1992984000000004,28.382,253.699,64.95,0.17,0.1,0.0,26.82,27.74,26.99,27.66,8.899994,27.66,-0.2397001,0.1795198999999999,0.0,4.0,3.0,1147.0,91.0,0.0,19.47,1.0,13.8,9.75,0.0,-0.7566959656059076,-0.22128772166390087,-205.38066828221213,-38.06171446099744,4.427882859017094,7.883888888888889
137.0,57500.6,52.2029114,-2.1993089,27.36,251.396,64.97,0.18,0.1,0.0,26.00999,27.12,26.18,26.96,10.0,26.69,-0.2499001,0.2101199999999999,0.0,4.0,3.0,1086.0,91.0,0.0,14.72,1.0,13.7,9.75,0.0,-0.7202870665059752,-0.2424593611808315,-206.10095534871812,-38.30417382217828,4.387687926343665,7.6
137.0,57500.7,52.2029093,-2.1993189,26.204,251.72,64.99,0.18,0.1,0.0,25.27,26.56,25.43,26.16,11.5,25.9,-0.2295001,0.2193,0.0,4.0,3.0,1040.0,91.0,0.0,12.57999,1.0,13.7,9.75,0.0,-0.6911559934647333,-0.2283103748533534,-206.79211134218286,-38.53248419703163,4.3933427931201265,7.278888888888889
137.0,57500.8,52.2029073,-2.1993288000000004,25.668000000000003,251.736,65.01,0.18,0.1,0.0,24.57,25.73,24.64999,25.50999,12.20001,25.12,-0.2101199999999999,0.2193,0.0,3.0,3.0,1055.0,91.0,0.0,12.10999,1.0,13.6,9.75,0.0,-0.6770808977563888,-0.22345124276540226,-207.46919223993925,-38.75593543979703,4.393622045800445,7.130000000000001
137.0,57500.9,52.202905,-2.1993382,24.937,249.128,65.03,0.19,0.1,0.0,23.81,24.85,23.84,24.79,12.80002,24.49,-0.1897202,0.2498998999999999,0.0,3.0,3.0,1165.0,91.0,0.0,11.87,1.0,13.7,9.75,0.0,-0.6472389329975752,-0.24679415912123603,-208.1164311729368,-39.002729598918265,4.348103858908433,6.926944444444445
137.0,57501.0,52.2029027,-2.1993473,24.268,248.015,65.05,0.19,0.1,0.0,22.87,24.41,22.82999,24.17,15.39999,23.75,-0.1999198999999999,0.34986,0.0,3.0,3.0,1310.0,91.0,0.0,10.67999,1.0,13.7,9.75,0.0,-0.6250910282607198,-0.2523628271188389,-208.74152220119754,-39.2550924260371,4.328678344333736,6.7411111111111115
137.0,57501.1,52.2029004,-2.1993560000000003,23.548,246.551,65.08,0.2,0.1,0.0,21.88,23.89,21.82,23.75999,20.20001,23.0,-0.2193,0.4600198,0.0,3.0,3.0,1361.0,91.0,0.0,10.91998,1.0,13.7,9.75,0.0,-0.600091112615011,-0.26029214786368504,-209.34161331381256,-39.51538457390079,4.30312672408454,6.54111111111111
137.0,57501.2,52.2028978,-2.1993642,22.702,244.098,65.11,0.21,0.1,0.0,20.99,23.3,20.91,23.14,24.39999,22.26,-0.2295001,0.4702199000000001,0.0,3.0,3.0,1341.0,91.0,0.0,11.16,1.0,13.7,9.75,0.0,-0.567261515059175,-0.2754718624280154,-209.90887482887175,-39.7908564363288,4.260313797533119,6.306111111111111
137.0,57501.3,52.2028951,-2.199372,22.252,241.208,65.13,0.21,0.1,0.0,20.17,22.68999,20.03,22.37,27.0,21.58,-0.2397001,0.4702199000000001,0.0,3.0,3.0,1299.0,91.0,0.0,11.38998,1.0,13.7,9.75,0.0,-0.5416964679503571,-0.29770166658774366,-210.4505712968221,-40.088558102916544,4.209873782150482,6.181111111111111
137.0,57501.4,52.2028921,-2.1993792,21.341,237.732,65.17,0.23,0.1,0.0,19.14999,22.09,18.93999,21.64,30.30002,20.76,-0.2601001,0.4895999,0.0,3.0,3.0,1288.0,91.0,0.0,8.539978,1.0,13.7,9.75,0.0,-0.5012527485645946,-0.31648713837053516,-210.95182404538667,-40.40504524128708,4.149206137351159,5.928055555555556
137.0,57501.5,52.2028892,-2.199386,20.563,235.638,65.18,0.22,0.1,0.0,18.59,21.77,18.16,21.11,33.20001,20.26,-0.2601001,0.4895999,0.0,3.0,3.0,1283.0,91.0,0.0,6.410004,1.0,13.7,9.75,0.0,-0.4715141693154121,-0.32239336453933776,-211.42333821470208,-40.727438605826414,4.112658942814399,5.711944444444444
137.0,57501.6,52.2028861,-2.199392,19.411,232.044,65.2,0.23,0.1,0.0,18.2,21.39999,17.46999,20.62,36.80002,19.81,-0.2397001,0.4600198,0.0,3.0,3.0,1269.0,91.0,0.0,2.130005,1.0,13.7,9.75,0.0,-0.4251458231317841,-0.33163485642096013,-211.84848403783386,-41.059073462247376,4.049931809497722,5.391944444444444
137.0,57501.7,52.2028827,-2.1993975000000003,19.292,226.77,65.23,0.24,0.1,0.0,17.89999,21.23,17.02,20.32999,37.39999,19.64,-0.1795201,0.4202399,0.0,3.0,3.0,1271.0,91.0,0.0,-0.4800109999999999,1.0,13.7,9.75,0.0,-0.39045405664669164,-0.367045679558703,-212.23893809448055,-41.426119141806076,3.9578831447475413,5.358888888888889
137.0,57501.8,52.2028792,-2.1994026,18.806,223.066,65.23,0.21,0.1,0.0,17.689989999999998,20.92,16.86,20.2,37.30002,19.35,-0.13974,0.3896399,0.0,3.0,3.0,1263.0,91.0,0.0,-0.2400208,0.0,13.8,9.75,0.0,-0.3567082202847398,-0.3816404024941038,-212.59564631476528,-41.80775954430018,3.893236149253671,5.223888888888889
137.0,57501.9,52.202875500000005,-2.1994073,18.846,219.154,65.26,0.22,0.1,0.0,17.50999,20.82999,16.68,19.96999,38.0,19.25,-0.1193398999999999,0.36006,0.0,3.0,3.0,1258.0,91.0,0.0,-0.01000977,0.0,13.7,9.75,0.0,-0.3305415298060737,-0.4059489463879178,-212.92618784457136,-42.2137084906881,3.824958868915653,5.235
137.0,57502.0,52.2028716,-2.1994115,18.569000000000003,215.58900000000003,65.27,0.21,0.1,0.0,17.34,20.81,16.5,19.66,38.30002,19.02,-0.1091398999999999,0.3202798,0.0,3.0,3.0,1256.0,91.0,0.0,-0.2400208,0.0,13.8,9.75,0.0,-0.3001817371079641,-0.41945952826085686,-213.22636958167934,-42.63316801894896,3.7627378810820558,5.158055555555556
137.0,57502.1,52.2028677,-2.1994153,18.515,211.814,65.27,0.18,0.1,0.0,17.3,20.43,16.43,19.5,37.20001,18.84,-0.09996009,0.29988,0.0,3.0,3.0,1253.0,91.0,0.0,-0.2400208,0.0,13.8,9.75,0.0,-0.2711230898505809,-0.4370382988082194,-213.49749267152993,-43.070206317757176,3.696851701819269,5.143055555555556
137.0,57502.2,52.2028637,-2.1994188,18.043,209.414,65.29,0.19,0.1,0.0,17.03,20.16,16.21,19.48,36.30002,18.65,-0.09996009,0.3396599,0.0,3.0,3.0,1253.0,91.0,0.0,-0.01000977,0.0,13.8,9.75,0.0,-0.24614491983994094,-0.4365873905405015,-213.74363759136986,-43.50679370829768,3.654963799771405,5.0119444444444445
137.0,57502.3,52.2028595,-2.1994216,18.097,203.796,65.3,0.18,0.1,0.0,16.84,20.03,15.99,19.39999,36.30002,18.48,-0.1091398999999999,0.36006,0.0,3.0,3.0,1252.0,91.0,0.0,-0.2400208,0.0,13.8,9.75,7.0,-0.20282786783528187,-0.45995930309615674,-213.94646545920514,-43.966753011393834,3.556911202394364,5.026944444444445
137.0,57502.4,52.2028554,-2.1994241,17.564,201.236,65.33,0.2,0.1,0.0,16.8,19.82999,15.81,19.25999,35.20001,18.35,-0.09996009,0.28968,0.0,3.0,3.0,1260.0,91.0,0.0,-0.01000977,0.0,13.7,9.75,13.0,-0.17671837836320403,-0.4547594778010833,-214.12318383756835,-44.42151248919492,3.5122307735433087,4.878888888888889
137.0,57502.5,52.202851300000006,-2.1994260000000003,17.017,197.237,65.34,0.19,0.1,0.0,16.71,19.62,15.75,19.04,33.10001,18.22,-0.05915999,0.1999198999999999,0.0,3.0,3.0,1260.0,91.0,0.0,-0.01000977,0.0,13.7,9.75,13.5,-0.140071124617665,-0.45146441482910316,-214.263254962186,-44.87297690402402,3.4424350567560555,4.726944444444444
137.0,57502.6,52.2028472,-2.1994277,17.237000000000002,194.657,65.39,0.22,0.1,0.0,16.689989999999998,19.17,15.93999,18.57,29.10001,17.96,0.0,0.08976007,0.0,3.0,3.0,1395.0,91.0,0.0,-0.2400208,0.0,13.7,9.75,14.5,-0.12115310190275888,-0.4632242285656094,-214.38440806408877,-45.33620113258963,3.3974055620546024,4.788055555555556
137.0,57502.7,52.2028428,-2.1994289,17.471,191.017,65.39,0.2,0.1,0.0,16.67,18.82,16.28,18.25,24.0,17.77,0.02957988,0.009180069,0.0,3.0,3.0,1436.0,91.0,0.0,-0.01000977,0.0,13.7,9.75,16.0,-0.09274200892707846,-0.47636162947203897,-214.47715007301585,-45.81256276206167,3.3338755772820083,4.853055555555556
136.0,57502.8,52.2028385,-2.19943,17.352,189.375,65.41,0.21,0.1,0.0,16.8,18.46999,16.6,18.14,18.60001,17.63,0.05915999,0.0,0.0,2.0,3.0,1532.0,91.0,0.0,-0.01000977,0.0,13.6,9.75,16.5,-0.07851561817619174,-0.4755620860649117,-214.55566569119205,-46.28812484812658,3.3052172709642615,4.82
136.0,57502.9,52.20283429999999,-2.199431,17.298,188.47,65.43,0.21,0.1,0.0,17.04,18.39999,16.82999,18.14,15.300020000000002,17.78,0.08976007,0.0,0.0,2.0,3.0,1702.0,91.0,0.0,-0.01000977,0.0,13.7,9.75,17.0,-0.0707735866021502,-0.47525924445450607,-214.6264392777942,-46.763384092581084,3.289422041233713,4.805
136.0,57503.0,52.2028298,-2.1994318,17.86,186.871,65.46,0.22,0.1,0.0,17.54,18.53,17.38,18.24,11.39999,17.95,0.12954,-0.01938009,0.0,2.0,3.0,1729.0,91.0,0.0,-0.01000977,0.0,13.7,9.75,17.5,-0.05935192724116091,-0.492548051768212,-214.68579120503534,-47.255932144349295,3.2615142264943238,4.961111111111111
136.0,57503.1,52.2028254,-2.1994326,17.662,186.399,65.49,0.23,0.1,0.0,17.95,18.74,17.84,18.45,8.300018,18.24,0.16014,-0.01938009,0.0,2.0,3.0,1696.0,91.0,0.0,-0.01000977,0.0,13.7,9.75,17.5,-0.05467938726048202,-0.48755453741555643,-214.74047059229582,-47.74348668176485,3.2532762724249102,4.906111111111111
136.0,57503.2,52.2028209,-2.1994333,18.061,186.062,65.5,0.22,0.1,0.0,18.45,19.03,18.3,18.82,6.5,18.63,0.1795198999999999,0.0,0.0,2.0,3.0,1634.0,91.0,0.0,-0.01000977,0.0,13.7,9.75,17.5,-0.05298123014840668,-0.4988890706744149,-214.79345182244424,-48.242375752439266,3.24739451284569,5.016944444444444
136.0,57503.3,52.2028162,-2.1994341,18.835,185.62,65.54,0.24,0.1,0.0,18.78,19.18999,18.79,19.07,4.399994,18.93,0.1795198999999999,0.0,0.0,2.0,3.0,1618.0,91.0,0.0,-0.2400208,0.0,13.7,9.75,18.5,-0.05123658560964506,-0.5206795934090334,-214.84468840805388,-48.7630553458483,3.2396801575518746,5.231944444444444
136.0,57503.4,52.2028115,-2.1994348,18.86,185.752,65.56,0.24,0.1,0.0,19.24,19.5,19.11,19.34,3.600006,19.27,0.14994,0.01937985,0.0,2.0,3.0,1717.0,91.0,0.0,-0.01000977,0.0,13.7,9.75,19.5,-0.052505607406380474,-0.5212511190320089,-214.89719401546026,-49.28430646488031,3.2419839921645073,5.238888888888889
136.0,57503.5,52.2028068,-2.1994356,19.102,185.449,65.6,0.26,0.1,0.0,19.67,19.96999,19.49,19.75,3.800018,19.69,0.1795198999999999,0.05915999,0.0,2.0,3.0,1756.0,91.0,0.0,-0.01000977,0.0,13.7,9.75,20.0,-0.05038666910241514,-0.5282133421368033,-214.94758068456267,-49.81251980701711,3.2366956445309643,5.306111111111111
136.0,57503.6,52.2028018,-2.1994363000000003,19.663,185.27,65.63,0.26,0.1,0.0,20.21999,20.55,20.04,20.34,3.899994,20.27,0.2101199999999999,0.08976007,0.0,2.0,3.0,1788.0,91.0,0.0,-0.2400208,0.0,13.7,9.75,20.5,-0.05016753072778998,-0.5438856405556701,-214.99774821529044,-50.35640544757278,3.2335715051698943,5.461944444444445
136.0,57503.7,52.2027968,-2.199437,20.117,184.982,65.66,0.27,0.1,0.0,20.73,21.00999,20.53,20.82,3.899994,20.67,0.2295001,0.1193398999999999,0.0,2.0,3.0,1820.0,91.0,0.0,-0.01000977,0.0,13.7,9.75,20.5,-0.0485282249383785,-0.5566944047716694,-215.0462764402288,-50.91309985234445,3.228544956924151,5.588055555555556
137.0,57503.8,52.2027917,-2.1994374,20.556,183.42,65.7,0.29,0.1,0.0,21.17,21.50999,20.96999,21.48,4.200012,21.22,0.2295001,0.1091398999999999,0.0,2.0,3.0,1864.0,91.0,0.0,-0.01000977,0.0,13.7,9.75,20.5,-0.0340629030137873,-0.569983086273859,-215.0803393432426,-51.48308293861831,3.201282914007999,5.71
137.0,57503.9,52.2027864,-2.1994378,21.226,182.882,65.75,0.31,0.1,0.0,21.67,21.93999,21.48,21.89999,4.300018,21.74,0.2295001,0.09995985,0.0,2.0,3.0,1904.0,91.0,0.0,-0.01000977,0.0,13.7,9.75,20.5,-0.029645163566244068,-0.5888653722395379,-215.10998450680884,-52.07194831085785,3.19189304263227,5.896111111111111
137.0,57504.0,52.2027809,-2.1994383,21.751,183.088,65.77,0.3,0.1,0.0,22.14999,22.50999,21.92,22.27,4.700012,22.24,0.2193,0.08976007,0.0,2.0,3.0,1959.0,90.0,0.0,-0.01000977,0.0,13.8,9.75,20.5,-0.03254776063625702,-0.6033171388043737,-215.1425322674451,-52.67526544966222,3.195488420891378,6.041944444444445
137.0,57504.1,52.2027753,-2.1994387,22.219,182.641,65.83,0.34,0.1,0.0,22.63,22.95,22.5,22.79,5.0,22.65,0.2193,0.1193398999999999,0.0,2.0,3.0,1985.0,90.0,0.0,-0.01000977,0.0,13.7,9.75,20.5,-0.02843897748014179,-0.6165388931875835,-215.17097124492523,-53.2918043428498,3.1876867991349633,6.171944444444445
137.0,57504.2,52.2027697,-2.1994389,22.684,181.719,65.88,0.35,0.1,0.0,22.87,23.62,22.91,23.11,5.600006,23.03,0.1999198999999999,0.13974,0.0,2.0,3.0,2045.0,90.0,0.0,-0.01000977,0.0,13.7,9.75,20.5,-0.018901889780189307,-0.6298275406080752,-215.1898731347054,-53.92163188345788,3.171594863431576,6.301111111111111
137.0,57504.3,52.2027638,-2.1994391,23.209,181.453,65.92,0.36,0.1,0.0,23.3,23.89999,23.14999,23.62,6.700011999999999,23.52,0.1693199,0.1999198999999999,0.0,2.0,3.0,2089.0,90.0,0.0,-0.01000977,0.0,13.7,9.75,24.0,-0.016347462836128975,-0.6444871504974728,-215.20622059754155,-54.56611903395535,3.166952287621271,6.446944444444444
137.0,57504.4,52.2027581,-2.1994391,23.148000000000003,179.854,65.98,0.39,0.1,0.0,23.89,24.39,23.64,24.32999,7.399994,24.07,0.1693199,0.1999198999999999,0.0,2.0,3.0,2155.0,90.0,0.0,-0.01000977,0.0,13.7,9.75,24.5,0.0016384784220175455,-0.6429979124293178,-215.20458211911952,-55.20911694638467,3.139044472881882,6.430000000000001
137.0,57504.5,52.2027522,-2.1994388,23.443,178.72799999999998,66.03,0.4,0.1,0.0,24.32,24.93,24.16,24.64999,8.0,24.49,0.1999198999999999,0.1693199,0.0,2.0,3.0,2181.0,90.0,0.0,-0.01000977,0.0,13.7,9.75,24.5,0.01445571210120625,-0.6510339751986495,-215.1901264070183,-55.86015092158332,3.119392065504425,6.5119444444444445
137.0,57504.6,52.2027462,-2.1994386,23.954,178.601,66.09,0.43,0.1,0.0,24.75999,25.5,24.27,24.78,9.100006,25.1,0.2295001,0.13974,0.0,2.0,3.0,2193.0,90.0,0.0,-0.01000977,0.0,13.7,9.75,24.5,0.016245290111403535,-0.6651905471411831,-215.1738811169069,-56.525341468724505,3.1171754973543924,6.653888888888889
137.0,57504.7,52.2027403,-2.1994381,23.872,177.703,66.14,0.43,0.1,0.0,25.04,25.62,24.81,25.52,8.5,25.33,0.2396998,0.1693199,0.0,2.0,3.0,2212.0,90.0,0.0,-0.2400208,0.0,13.8,9.75,24.5,0.02657714505503422,-0.6625782980446433,-215.14730397185187,-57.18791976676915,3.1015024406714833,6.631111111111111
137.0,57504.8,52.2027339,-2.1994373,25.499,175.896,66.24,0.5,0.1,0.0,25.41,26.21,25.25,25.98,9.300018,25.62,0.2295001,0.2101199999999999,0.0,2.0,3.0,2237.0,90.0,0.0,-0.2400208,0.0,13.7,9.75,24.5,0.05069135941076386,-0.7064893106848489,-215.0966126124411,-57.894409077454,3.0699643410879456,7.083055555555555
137.0,57504.9,52.2027275,-2.1994366,25.618,176.231,66.31,0.53,0.1,0.0,25.75,26.57999,25.61,26.53,10.30002,26.21,0.1999198999999999,0.2193,0.0,2.0,3.0,2271.0,90.0,0.0,-0.2400208,0.0,13.7,9.75,24.5,0.04677706482950359,-0.7100720242783308,-215.0498355476116,-58.60448110173233,3.0758111940821267,7.116111111111111
137.0,57505.0,52.2027211,-2.1994357,25.902,175.06099999999998,66.38,0.55,0.1,0.0,26.23,27.06,25.84,26.85,10.5,26.5,0.1897199,0.2193,0.0,2.0,3.0,2320.0,90.0,0.0,-0.01000977,0.0,13.7,9.75,24.5,0.06194542015277763,-0.7168284417642035,-214.98789012745883,-59.32130954349654,3.055390841833793,7.195
137.0,57505.1,52.20271460000001,-2.1994343,26.14,173.2,66.45,0.56,0.1,0.0,26.59,27.46,26.14999,27.0,11.0,26.95,0.1999198999999999,0.1999198999999999,0.0,2.0,3.0,2355.0,90.0,0.0,-0.01000977,0.0,13.7,9.75,24.5,0.0859744369869984,-0.7210032883862465,-214.90191569047184,-60.04231283188279,3.0229102644541785,7.261111111111111
136.0,57505.2,52.2027081,-2.1994332,26.212,173.726,66.53,0.59,0.1,0.0,26.92,27.77,26.50999,27.34,11.0,27.24,0.2193,0.1999198999999999,0.0,2.0,3.0,2367.0,90.0,0.0,-0.01000977,0.0,13.8,9.75,24.5,0.07957035195752583,-0.7237501980744545,-214.8223453385143,-60.766063029957245,3.0320906963196688,7.281111111111111
135.0,57505.3,52.2027014,-2.1994316,26.982,172.11700000000002,66.62,0.62,0.1,0.0,27.14,28.039990000000003,27.04,27.79,10.70001,27.51,0.2295001,0.1999198999999999,0.0,2.0,3.0,2381.0,90.0,0.0,-0.2400208,0.0,13.8,9.75,24.5,0.10279441211326788,-0.74241737509186,-214.71955092640104,-61.508480405049106,3.0040083486550806,7.494999999999999
135.0,57505.4,52.2026947,-2.1994297000000005,27.328000000000003,170.459,66.69,0.63,0.1,0.0,27.45,28.37,27.24,28.28,10.70001,27.8,0.2101199999999999,0.1795198999999999,0.0,2.0,3.0,2398.0,90.0,0.0,-0.2400208,0.0,13.8,9.75,24.5,0.12582519808871312,-0.748610511907415,-214.59372572831234,-62.25709091695652,2.975070789657014,7.591111111111112
135.0,57505.5,52.2026879,-2.1994275,27.763,168.988,66.81,0.69,0.1,0.0,27.85,28.64,27.49,28.31,10.10001,28.17,0.2101199999999999,0.1693199,0.0,2.0,3.0,2436.0,90.0,0.0,-0.01000977,0.0,13.8,9.75,24.5,0.14730938499125867,-0.7569945945880145,-214.4464163433211,-63.014085511544536,2.9493969963601776,7.711944444444445
136.0,57505.6,52.2026812,-2.1994253,27.734,169.093,66.89,0.71,0.1,0.0,28.149990000000003,28.789990000000003,27.82999,28.70999,8.399994,28.43,0.2193,0.12954,0.0,2.0,3.0,2465.0,90.0,0.0,-0.2400208,0.0,13.7,9.75,24.5,0.14576944983027798,-0.7564722781567312,-214.3006468934908,-63.770557789701265,2.9512295920747715,7.703888888888889
136.0,57505.7,52.2026743,-2.1994225,28.195,166.482,66.99,0.73,0.1,0.0,28.53,29.0,28.34,28.73999,7.300018,28.69,0.2295001,0.01937985,0.0,2.0,3.0,2473.0,90.0,0.0,-0.01000977,0.0,13.7,9.75,24.5,0.1830723524981096,-0.7614972433039071,-214.1175745409927,-64.53205503300518,2.9056590453051996,7.831944444444444
136.0,57505.8,52.2026674,-2.1994202,28.386,167.74900000000002,67.09,0.77,0.1,3.5999760000000003,28.87,29.16,28.62,28.73,3.700012,28.9,0.2295001,0.0,0.0,2.0,3.0,2497.0,90.0,0.0,-0.01000977,0.0,13.7,9.75,24.5,0.16731554304730958,-0.7705438073560672,-213.95025899794538,-65.30259884036124,2.9277723669279685,7.885
136.0,57505.9,52.2026605,-2.1994172,28.696,165.808,67.19,0.79,0.1,19.70001,29.25,29.25999,29.06999,29.09999,0.7000122,29.19,0.2295001,-0.03978014,0.0,2.0,3.0,2514.0,90.0,0.0,-0.01000977,0.0,13.7,9.75,24.5,0.19542934397126988,-0.7727829546332846,-213.75482965397413,-66.07538179499453,2.893895526146758,7.971111111111111
136.0,57506.0,52.2026535,-2.1994142,29.106,165.234,67.3,0.82,0.1,32.59998,29.56,29.47,29.37,29.12,-2.100006,29.49,0.2193,-0.12954,0.0,2.0,3.0,2549.0,90.0,0.0,-0.01000977,0.0,13.7,9.75,24.5,0.20606400265799185,-0.7817991281707644,-213.54876565131613,-66.85718092316529,2.8838773362403107,8.085
136.0,57506.1,52.202646400000006,-2.1994117,28.901,167.424,67.38,0.83,0.1,35.89996,29.98999,29.61,29.929990000000004,29.289990000000003,-4.600006,29.77,0.2101199999999999,-0.1693201,0.0,2.0,3.0,2567.0,90.0,0.0,-0.01000977,0.0,13.7,9.75,24.5,0.17479841101394358,-0.7835446863694914,-213.3739672403022,-67.64072560953478,2.9221000468589864,8.028055555555556
136.0,57506.2,52.2026392,-2.199409,29.509,167.213,67.49,0.86,0.1,32.5,30.31,29.81999,30.23,29.399990000000003,-5.399994,29.97,0.2101199999999999,-0.1193398999999999,0.0,2.0,3.0,2594.0,90.0,0.0,-0.01000977,0.0,13.7,9.75,24.5,0.1814207070227924,-0.7993656918560094,-213.1925465332794,-68.4400913013908,2.918417402137278,8.196944444444444
136.0,57506.3,52.202632,-2.1994069,29.315,169.215,67.61,0.89,0.1,31.79999,30.3,30.08,30.31,29.61,-4.399994,30.15,0.2101199999999999,-0.05915999,0.0,2.0,3.0,2613.0,90.0,0.0,-0.01000977,0.0,13.7,9.75,24.0,0.15237623163896483,-0.7999218848363574,-213.04017030164044,-69.24001318622715,2.953358893762205,8.143055555555556
136.0,57506.4,52.2026247,-2.1994046000000003,29.916,169.358,67.71,0.91,0.1,36.09998,30.44,30.23999,30.42,29.77,-4.699982,30.36,0.2101199999999999,-0.02958012,0.0,2.0,3.0,2609.0,90.0,0.0,-0.2400208,0.0,13.8,9.75,23.5,0.15346229103659106,-0.8167070008453465,-212.88670801060385,-70.05672018707249,2.9558547145925567,8.31
136.0,57506.5,52.2026173,-2.1994024,30.038,169.58900000000003,67.83,0.93,0.1,45.09998,30.61,30.3,30.50999,30.00999,-5.899994,30.4,0.1999198999999999,-0.08976007,0.0,2.0,3.0,2621.0,90.0,0.0,-0.01000977,0.0,13.7,9.75,23.0,0.15078072571355508,-0.8206521739778238,-212.7359272848903,-70.8773723610503,2.959886425164664,8.34388888888889
136.0,57506.6,52.20261,-2.1994001,29.952,169.33700000000002,67.95,0.97,0.1,53.09998,31.129990000000003,30.429990000000004,31.039990000000003,29.98,-7.699982,30.72,0.1795198999999999,-0.1693201,0.0,2.0,3.0,2640.0,90.0,0.0,-0.01000977,0.0,13.7,9.75,23.0,0.1539466515051368,-0.8176334316124532,-212.58198063338517,-71.69500579266276,2.955488195449638,8.32
136.0,57506.7,52.2026025,-2.1993981,30.208,170.308,68.06,0.99,0.1,56.09998,31.23999,30.539990000000003,30.789990000000003,29.899990000000003,-9.600006,30.77,0.1795198999999999,-0.1897202,0.0,2.0,3.0,2672.0,90.0,0.0,-0.01000977,0.0,13.7,9.75,23.0,0.14126582211635072,-0.8271344656655985,-212.44071481126883,-72.52214025832835,2.9724353424865027,8.39111111111111
136.0,57506.8,52.2025951,-2.1993964,30.118,171.752,68.17,1.0,0.1,56.20001,31.25999,30.5,31.0,30.02,-9.399994,30.87,0.1795198999999999,-0.1999198999999999,0.0,2.0,3.0,2675.0,90.0,0.0,-0.01000977,0.0,13.7,9.75,22.0,0.12001862082326259,-0.8279575362844702,-212.32069619044557,-73.35009779461282,2.9976378968853012,8.36611111111111
136.0,57506.9,52.2025875,-2.1993951,30.575,173.851,68.32,1.05,0.1,54.39996,31.28,30.539990000000003,31.19,30.09,-9.899994,30.93,0.1795198999999999,-0.14994,0.0,2.0,3.0,2645.0,90.0,0.0,-0.01000977,0.0,13.8,9.75,19.5,0.09097285623290036,-0.8444192478421835,-212.22972333421268,-74.194517042455,3.034272357884662,8.493055555555555
136.0,57507.0,52.2025799,-2.1993937,30.596,173.53,68.44,1.07,0.1,50.59998,31.289990000000003,30.45999,31.22,30.3,-9.399994,30.9,0.16014,-0.12954,0.0,3.0,3.0,2640.0,90.0,0.0,-0.01000977,0.0,13.8,9.75,18.0,0.09576800014741214,-0.8444759402165082,-212.13395533406526,-75.03899298267152,3.02866985098576,8.498888888888889
136.0,57507.1,52.2025724,-2.1993926000000004,30.452,174.96599999999998,68.55,1.07,0.1,46.39996,31.23,30.45999,31.129990000000003,30.05,-8.5,30.87,0.12954,-0.08976007,0.0,3.0,3.0,2656.0,90.0,0.0,-0.01000977,0.0,13.8,9.75,17.0,0.07422411184310372,-0.8426261291740137,-212.05973122222215,-75.88161911184552,3.0537327790443984,8.45888888888889
136.0,57507.2,52.2025648,-2.1993918000000003,30.564,175.923,68.7,1.11,0.1,40.29999,31.02,30.25999,30.95,30.149990000000003,-7.600006,30.77,0.1091398999999999,-0.06936002,0.0,3.0,3.0,2624.0,90.0,0.0,-0.2400208,0.0,13.7,9.75,15.5,0.06036138712166087,-0.8468515235534202,-211.99936983510048,-76.72847063539895,3.0704355799859844,8.49
136.0,57507.3,52.2025573,-2.1993911,30.197,176.91400000000002,68.79,1.1,0.1,32.79999,30.73999,30.23,30.83,29.879990000000003,-6.399994,30.51,0.07956004,-0.03978014,0.0,3.0,3.0,2635.0,90.0,0.0,-0.01000977,0.0,13.8,9.75,15.5,0.04515694847754434,-0.8375891654236345,-211.95421288662294,-77.56605980082259,3.0877317928732486,8.388055555555555
136.0,57507.4,52.2025497,-2.1993906,30.125,177.66099999999997,68.91,1.11,0.1,25.59998,30.56,29.95999,30.48999,29.8,-5.299988,30.25,0.06936002,0.0,0.0,3.0,3.0,2657.0,90.0,0.0,-0.01000977,0.0,13.8,9.75,15.5,0.034151635726622366,-0.8361083683266411,-211.9200612508963,-78.40216816914922,3.1007694023856454,8.368055555555555
136.0,57507.5,52.2025424,-2.1993903,29.646,178.266,69.03,1.12,0.1,16.20001,29.98999,29.7,30.11,29.5,-3.0,29.94,0.05915999,0.009180069,0.0,3.0,3.0,2670.0,90.0,0.0,-0.01000977,0.0,13.7,9.75,15.5,0.024918607326057704,-0.8231229027362377,-211.89514264357024,-79.22529107188547,3.1113286443602113,8.235
136.0,57507.6,52.2025349,-2.1993899,29.819000000000003,178.28599999999997,69.13,1.11,0.1,14.79999,29.81,29.55,29.75999,29.429990000000004,-1.399994,29.65,0.05915999,0.04997993,0.0,3.0,3.0,2527.0,90.0,0.0,-0.01000977,0.0,13.8,9.75,15.5,0.024775018199461176,-0.8279349562842567,-211.8703676253708,-80.05322602816972,3.11167771021061,8.283055555555556
136.0,57507.7,52.2025276,-2.1993896000000004,29.491,178.52,69.26,1.13,0.1,8.899963,29.50999,29.179990000000004,29.34,29.2,-1.199982,29.4,0.04997993,0.05915999,0.0,3.0,3.0,2377.0,90.0,0.0,-0.01000977,0.0,13.8,9.75,16.0,0.021158154509172775,-0.8189211624487474,-211.8492094708616,-80.87214719061846,3.1157617806602773,8.191944444444443
136.0,57507.8,52.2025203,-2.1993893,29.077,178.47099999999998,69.36,1.12,0.1,4.099976,29.11,29.17,29.06999,28.879990000000003,0.0,29.12,0.04997993,0.07956004,0.0,3.0,3.0,2212.0,90.0,0.0,-0.01000977,0.0,13.8,9.75,16.0,0.021551643800571476,-0.8074068628863103,-211.82765782706105,-81.67955405350477,3.1149065693267994,8.076944444444445
136.0,57507.9,52.2025131,-2.1993889,28.883000000000003,178.231,69.48,1.12,0.1,0.0,28.81999,28.84999,28.64,28.73,1.300018,28.98,0.0397799,0.07956004,0.0,3.0,3.0,2061.0,90.0,0.0,-0.01000977,0.0,13.8,9.75,16.0,0.024767147961788378,-0.8019231838880503,-211.80289067909925,-82.48147723739282,3.1107177791220133,8.023055555555556
136.0,57508.0,52.202506,-2.1993886,28.372,178.673,69.58,1.11,0.1,0.0,28.47,28.7,28.48,28.53,2.399994,28.66,0.04997993,0.1091398999999999,0.0,3.0,3.0,1878.0,90.0,0.0,-0.2400208,0.0,13.7,9.75,16.0,0.01825143069073035,-0.7878997453575751,-211.78463924840852,-83.2693769827504,3.1184321344158286,7.881111111111111
136.0,57508.1,52.2024991,-2.1993883000000003,27.904,178.416,69.69,1.12,0.1,0.0,28.179990000000004,28.53,28.09,28.45,3.700012,28.47,0.05915999,0.16014,0.0,3.0,3.0,1760.0,90.0,0.0,-0.2400208,0.0,13.8,9.75,16.0,0.021426004110022243,-0.7748149204266647,-211.7632132442985,-84.04419190317707,3.113946638238203,7.751111111111111
136.0,57508.2,52.202492,-2.1993877000000004,28.174,177.357,69.81,1.12,0.1,0.0,27.88,28.23,27.68999,28.17,5.399994,28.07,0.06936002,0.1693199,0.0,3.0,3.0,1781.0,90.0,0.0,-0.01000977,0.0,13.8,9.75,16.0,0.036088306909506054,-0.7817786037868861,-211.727124937389,-84.82597050696396,3.095463601459583,7.826111111111111
136.0,57508.3,52.2024852,-2.1993872,27.533,177.483,69.91,1.11,0.1,0.0,27.53,28.09999,27.50999,27.91,6.100006,27.83,0.07956004,0.1795198999999999,0.0,3.0,3.0,1783.0,90.0,0.0,-0.01000977,0.0,13.8,9.75,16.0,0.03358705471175604,-0.7640676982862393,-211.69353788267725,-85.5900382052502,3.097662716317096,7.648055555555556
136.0,57508.4,52.2024783,-2.1993864000000003,27.688,176.38,70.0,1.09,0.1,0.0,27.29,27.91,27.28,27.88,6.899994,27.67,0.08976007,0.1795198999999999,0.0,3.0,3.0,1780.0,90.0,0.0,-0.01000977,0.0,13.8,9.75,16.0,0.048560823953817715,-0.7675765418585265,-211.64497705872344,-86.35761474710873,3.0784117346675983,7.691111111111111
136.0,57508.5,52.2024715,-2.1993855,27.396,175.438,70.13,1.11,0.1,0.0,27.25999,27.84,27.06,27.6,7.300018,27.57,0.07956004,0.14994,0.0,3.0,3.0,1767.0,90.0,0.0,-0.01000977,0.0,13.8,9.75,16.0,0.060528279461337875,-0.7585890372167596,-211.5844487792621,-87.11620378432549,3.0619707331138115,7.61
136.0,57508.6,52.2024647,-2.1993845,27.277,174.981,70.22,1.09,0.1,0.0,27.14,27.7,27.11,27.62,7.0,27.39,0.08976007,0.14994,0.0,3.0,3.0,1763.0,90.0,0.0,-0.01000977,0.0,13.7,9.75,16.0,0.06628772331465502,-0.7547892479889571,-211.51816105594744,-87.87099303231444,3.0539945784321976,7.576944444444445
136.0,57508.7,52.202458,-2.1993833,26.813,174.02,70.33,1.09,0.1,0.0,27.16,27.43,26.75999,27.32,6.300018,27.27,0.08976007,0.14994,0.0,3.0,3.0,1750.0,90.0,0.0,-0.01000977,0.0,13.7,9.75,16.0,0.07759481346447517,-0.7407525636201558,-211.44056624248296,-88.61174559593461,3.0372219643205325,7.448055555555555
136.0,57508.8,52.2024514,-2.1993819,26.78,173.142,70.43,1.08,0.1,0.0,26.82999,27.38,26.75999,27.25999,7.0,27.2,0.09995985,0.09995985,0.0,3.0,3.0,1730.0,90.0,0.0,-0.01000977,0.0,13.7,9.75,16.0,0.08882708597145814,-0.738566468105725,-211.3517391565115,-89.35031206404034,3.021897973488022,7.438888888888889
136.0,57508.9,52.2024447,-2.1993805,26.834,172.795,70.53,1.07,0.1,0.0,26.62,27.2,26.61,26.899990000000003,6.700011999999999,26.89,0.1091398999999999,0.1091398999999999,0.0,3.0,3.0,1714.0,90.0,0.0,-0.01000977,0.0,13.8,9.75,16.0,0.09348653388455197,-0.7395031194398473,-211.25825262262697,-90.08981518348018,3.0158416809836015,7.453888888888889
136.0,57509.0,52.2024381,-2.199379,26.636,172.34,70.63,1.07,0.1,0.0,26.53,27.14,26.43,26.95,6.300018,26.78,0.09995985,0.13974,0.0,3.0,3.0,1697.0,90.0,0.0,-0.2400208,0.0,13.7,9.75,16.0,0.09862298338722265,-0.7332864890675663,-211.15962963923974,-90.82310167254775,3.007900432887028,7.398888888888888
136.0,57509.1,52.2024315,-2.1993772000000003,26.773000000000003,170.86900000000003,70.73,1.06,0.1,0.0,26.48,26.969990000000003,26.18999,26.87,6.700011999999999,26.71,0.09995985,0.13974,0.0,3.0,3.0,1681.0,90.0,0.0,-0.01000977,0.0,13.7,9.75,16.0,0.11801857174305855,-0.7342704157333724,-211.0416110674967,-91.55737208828113,2.9822266395901913,7.436944444444445
136.0,57509.2,52.2024251,-2.1993755000000004,26.064,170.64700000000002,70.83,1.05,0.1,0.0,26.42,26.92,26.25999,26.7,6.800018,26.59,0.1091398999999999,0.1193398999999999,0.0,3.0,3.0,1669.0,90.0,0.0,-0.2400208,0.0,13.8,9.75,16.0,0.11766203110803497,-0.7143750040668639,-210.92394903638865,-92.271747092348,2.9783520086507638,7.24
136.0,57509.3,52.2024186,-2.1993736,26.363000000000003,169.957,70.93,1.05,0.1,0.0,26.21,26.7,26.07999,26.53,6.5,26.57,0.1091398999999999,0.09995985,0.0,3.0,3.0,1647.0,90.0,0.0,-0.2400208,0.0,13.8,9.75,16.0,0.12770472901323163,-0.721084550441339,-210.79624430737542,-92.99283164278933,2.9663092368120028,7.323055555555556
136.0,57509.4,52.2024121,-2.1993716,26.154,169.44400000000002,71.02,1.04,0.1,0.0,26.14999,26.50999,25.96999,26.43,6.300018,26.46,0.1091398999999999,0.1193398999999999,0.0,3.0,3.0,1618.0,90.0,0.0,-0.01000977,0.0,13.8,9.75,16.0,0.13309222549138647,-0.7142049492363869,-210.66315208188402,-93.70703659202572,2.957355697749272,7.265
136.0,57509.5,52.2024057,-2.1993695,26.082,168.916,71.12,1.04,0.1,0.0,25.99,26.57,25.77,26.39,6.700011999999999,26.33,0.1091398999999999,0.1193398999999999,0.0,3.0,3.0,1590.0,90.0,0.0,-0.01000977,0.0,13.7,9.75,17.5,0.13928362558656726,-0.7109854581097007,-210.52386845629746,-94.41802205013542,2.948140359298742,7.245
136.0,57509.6,52.2023993,-2.1993673,26.208,168.22099999999998,71.22,1.04,0.1,0.0,26.05,26.55,25.71,26.41,6.600006,26.15,0.1091398999999999,0.1091398999999999,0.0,3.0,3.0,1574.0,90.0,0.0,-0.2400208,0.0,13.7,9.75,19.0,0.14861192853987035,-0.71266997600268,-210.37525652775759,-95.1306920261381,2.9360103209973807,7.279999999999999
136.0,57509.7,52.202393,-2.199365,25.812,167.646,71.31,1.02,0.1,0.0,26.00999,26.46,25.7,26.219990000000003,6.5,26.19,0.1091398999999999,0.1193398999999999,0.0,3.0,3.0,1553.0,90.0,0.0,-0.2400208,0.0,13.7,9.75,19.5,0.15340296399910494,-0.7003974090730843,-210.2218535637585,-95.8310894352112,2.9259746777984135,7.17
136.0,57509.8,52.2023867,-2.1993625,25.852,166.385,71.42,1.02,0.1,0.0,25.85,26.32999,25.68999,26.3,6.600006,26.13,0.1193398999999999,0.1193398999999999,0.0,3.0,3.0,1573.0,90.0,0.0,-0.01000977,0.0,13.7,9.75,20.5,0.1690408880082993,-0.6979317631993834,-210.05281267575018,-96.52902119841058,2.9039660759307653,7.181111111111111
136.0,57509.9,52.2023804,-2.1993599,25.974,166.175,71.51,1.01,0.1,0.0,26.0,26.38,25.55,26.14,7.0,26.2,0.12954,0.09995985,0.0,3.0,3.0,1601.0,90.0,0.0,-0.01000977,0.0,13.7,9.75,22.0,0.17240759968820094,-0.7005982226424452,-209.88040507606198,-97.22961942105302,2.9003008845015774,7.215
136.0,57510.0,52.2023742,-2.1993572,25.823,165.153,71.59,1.0,0.1,0.0,25.96,26.5,25.82,26.17,6.700011999999999,26.19,0.13974,0.08976007,0.0,3.0,3.0,1561.0,90.0,0.0,-0.2400208,0.0,13.7,9.75,22.0,0.1838014873295092,-0.6933572479511009,-209.69660358873247,-97.92297666900411,2.882463619546195,7.173055555555555
136.0,57510.1,52.2023679,-2.1993542,25.87,164.12099999999998,71.68,0.98,0.1,0.0,26.31,26.67,26.00999,26.46,6.399994,26.27,0.14994,0.08976007,0.0,3.0,3.0,1543.0,90.0,0.0,-0.01000977,0.0,13.7,9.75,22.5,0.19661681735223357,-0.6911901013083334,-209.49998677138024,-98.61416677031245,2.864451821665613,7.186111111111111
137.0,57510.2,52.2023617,-2.1993514,25.902,164.297,71.79,1.0,0.1,0.0,26.27,26.68999,26.05,26.219990000000003,5.200012,26.41,0.1693199,0.05915999,0.0,3.0,3.0,1542.0,90.0,0.0,-0.01000977,0.0,13.7,9.75,22.5,0.1947332880333388,-0.6926465162922028,-209.3052534833469,-99.30681328660465,2.8675236011491236,7.195
136.0,57510.3,52.2023554,-2.1993483,26.219,163.52100000000002,71.87,0.98,0.1,0.0,26.37,26.56,26.25999,26.57999,3.100006,26.4,0.1897199,0.0,0.0,3.0,3.0,1546.0,90.0,0.0,-0.01000977,0.0,13.7,9.75,15.5,0.20659399416954038,-0.6983895072423142,-209.09865948917735,-100.00520279384696,2.853979846153648,7.283055555555555
136.0,57510.4,52.20234919999999,-2.1993449,26.1,161.92600000000002,71.95,0.96,0.1,0.0,26.43,26.57999,26.3,26.43999,2.800018,26.57,0.1693199,0.0,0.0,3.0,3.0,1529.0,90.0,0.0,-0.01000977,0.0,13.8,9.75,0.0,0.22492767379340264,-0.6892260453304769,-208.87373181538393,-100.69442883917743,2.8261418445843383,7.25
135.0,57510.5,52.2023428,-2.199342,26.536,163.692,72.07,0.99,0.1,0.0,26.50999,26.75,26.43999,26.48,3.100006,26.54,0.1693199,0.009180069,0.0,3.0,3.0,1512.0,90.0,0.0,-0.01000977,0.0,13.7,9.75,0.0,0.20698133092983007,-0.7074542520686218,-208.6667504844541,-101.40188309124605,2.856964359174558,7.371111111111111
135.0,57510.6,52.2023365,-2.1993387,26.46,162.627,72.16,0.99,0.1,0.0,26.48,26.57999,26.469990000000003,26.66,2.700012,26.59,0.1193398999999999,0.02957988,0.0,3.0,3.0,1489.0,90.0,0.0,-0.01000977,0.0,13.8,9.75,0.0,0.21946444667270726,-0.7014701395260118,-208.4472860377814,-102.10335323077206,2.8383766026408184,7.35
135.0,57510.7,52.2023302,-2.1993354000000003,26.327,162.423,72.25,0.98,0.1,0.0,26.25,26.32999,26.25,26.28,2.600006,26.4,0.08976007,0.02957988,0.0,3.0,3.0,1503.0,90.0,0.0,-0.01000977,0.0,13.8,9.75,0.0,0.22084493984002018,-0.6971623398703329,-208.22644109794138,-102.80051557064239,2.83481613096675,7.313055555555556
135.0,57510.8,52.2023239,-2.1993323,26.305,162.84799999999998,72.34,0.97,0.1,0.0,26.05,26.18999,26.07999,26.3,2.600006,26.17,0.06936002,0.0397799,0.0,3.0,3.0,1499.0,90.0,0.0,-0.01000977,0.0,13.7,9.75,0.0,0.21548738457642924,-0.6981973633797147,-208.01095371336496,-103.49871293402211,2.8422337802877253,7.3069444444444445
135.0,57510.9,52.2023178,-2.1993289,26.129,161.60399999999998,72.43,0.96,0.1,0.0,25.64999,25.96,25.77,25.75999,2.899994,25.97,0.0397799,0.0397799,0.0,3.0,3.0,1493.0,90.0,0.0,2.839996,1.0,13.8,9.75,0.0,0.22905174376971882,-0.6887154732916634,-207.78190196959522,-104.18742840731377,2.820521884392916,7.258055555555556
135.0,57511.0,52.2023117,-2.1993256000000003,25.6,161.703,72.52,0.95,0.1,0.0,25.06,25.35,25.3,25.55,2.899994,25.4,0.009180069,0.0397799,0.0,3.0,3.0,1478.0,90.0,0.0,4.269989,1.0,13.8,9.75,0.0,0.22324817332284608,-0.67515869649564,-207.55865379627238,-104.86258710380942,2.8222497603523906,7.111111111111112
135.0,57511.1,52.2023058,-2.1993224,24.98,161.974,72.61,0.95,0.1,0.0,24.68999,24.82999,24.87,24.96999,2.899994,24.96,-0.009180069,0.02957988,0.0,3.0,3.0,1444.0,90.0,0.0,4.029999,1.0,13.8,9.75,0.0,0.21472290240973818,-0.6598301791402049,-207.34393089386265,-105.52241728294962,2.826979602625295,6.938888888888889
135.0,57511.2,52.2022999,-2.1993192,24.836,161.368,72.68,0.93,0.1,0.0,24.07,24.36,24.25,24.31,2.600006,24.41,-0.02958012,0.02957988,0.0,3.0,3.0,1398.0,91.0,0.0,4.029999,1.0,13.7,9.75,0.0,0.2204116306181806,-0.6537318961933709,-207.12351926324448,-106.176149179143,2.8164029073582095,6.898888888888888
135.0,57511.3,52.2022942,-2.1993158,24.188,160.303,72.77,0.92,0.1,0.0,23.50999,23.89999,23.62,23.84,2.5,23.95,-0.03978014,0.05915999,0.0,3.0,3.0,1350.0,91.0,0.0,5.220001,1.0,13.7,9.75,0.0,0.2264574373685897,-0.6325754564261855,-206.89706182587588,-106.80872463556918,2.79781515082447,6.7188888888888885
136.0,57511.4,52.2022887,-2.1993128,23.382,161.434,72.87,0.93,0.1,0.0,23.14,23.39,23.14999,23.32999,2.399994,23.23,-0.03978014,0.04997993,0.0,3.0,3.0,1311.0,91.0,0.0,4.509979,1.0,13.7,9.75,0.0,0.20679874503138734,-0.6156984075449954,-206.6902630808445,-107.42442304311417,2.817554824664526,6.495
136.0,57511.5,52.2022832,-2.1993095,23.209,160.167,72.92,0.89,0.1,0.0,22.62,22.88,22.6,22.73,2.700012,22.92,-0.03978014,0.0,0.0,3.0,3.0,1292.0,91.0,0.0,4.509979,1.0,13.7,9.75,0.0,0.21873178441173613,-0.6064547247615346,-206.47153129643274,-108.03087776787571,2.795441503041758,6.446944444444444
136.0,57511.6,52.202278,-2.1993064,22.529,159.94799999999998,73.0,0.88,0.1,0.0,21.92,22.34,22.03,22.25,2.600006,22.31,-0.02958012,0.009180069,0.0,3.0,3.0,1289.0,91.0,0.0,4.73999,1.0,13.7,9.75,0.0,0.21457172832132684,-0.5878703656159207,-206.25695956811143,-108.61874813349164,2.79161923197989,6.258055555555555
136.0,57511.7,52.2022728,-2.1993035,21.859,160.85,73.08,0.87,0.1,0.0,21.50999,21.67,21.57,21.75999,2.0,21.74,-0.03978014,0.02957988,0.0,3.0,3.0,1285.0,91.0,0.0,4.97998,1.0,13.8,9.75,0.0,0.19918552146703822,-0.5735941260177807,-206.0577740466444,-109.19234225950942,2.807362101832879,6.071944444444445
136.0,57511.8,52.2022678,-2.1993004,21.344,159.638,73.15,0.85,0.1,0.0,21.07999,21.25999,21.06,21.04,2.0,21.06,-0.04997993,0.02957988,0.0,3.0,3.0,1280.0,91.0,0.0,4.97998,1.0,13.7,9.75,0.0,0.2062958915078634,-0.5558410201801206,-205.85147815513653,-109.74818327968954,2.7862087112987077,5.928888888888889
136.0,57511.9,52.2022629,-2.1992974,20.786,159.756,73.19,0.81,0.1,0.0,20.29,20.59,20.48,20.64999,1.700012,20.69,-0.03978014,0.009180069,0.0,3.0,3.0,1272.0,91.0,0.0,5.4599910000000005,1.0,13.7,9.75,0.0,0.19978741509323789,-0.541722177672936,-205.6516907400433,-110.28990545736248,2.788268199816061,5.773888888888889
136.0,57512.0,52.2022582,-2.1992945,20.488000000000003,159.707,73.28,0.81,0.1,0.0,19.98,19.99,20.07999,20.02,2.0,20.14,-0.04997993,0.009180069,0.0,3.0,3.0,1269.0,91.0,0.0,5.690002,1.0,13.7,9.75,0.0,0.19737972122342073,-0.5337871321415385,-205.45431101881988,-110.82369258950402,2.7874129884825836,5.691111111111112
136.0,57512.1,52.202253500000005,-2.1992917000000003,19.717,160.03,73.32,0.78,0.1,1.5,19.43,19.43999,19.27,19.27,1.100006,19.52,-0.03978014,0.009180069,0.0,3.0,3.0,1262.0,91.0,0.0,5.690002,1.0,13.7,9.75,0.0,0.18705302905782017,-0.5147624391849147,-205.26725798976207,-111.33845502868894,2.7930504019665254,5.476944444444444
136.0,57512.2,52.202249,-2.1992889,19.188,158.791,73.38,0.75,0.1,6.299988,18.84,18.95,18.89999,18.96,1.399994,18.94,-0.03978014,0.009180069,0.0,3.0,3.0,1262.0,91.0,0.0,6.880005000000001,1.0,13.7,9.75,0.0,0.19282395083529136,-0.49689830346286057,-205.07443403892677,-111.8353533321518,2.771425772534316,5.329999999999999
136.0,57512.3,52.2022446,-2.1992861,18.968,159.31799999999998,73.43,0.73,0.1,11.5,18.3,18.31,18.32,18.39999,0.1000061,18.48,-0.05915999,0.0,0.0,3.0,3.0,1262.0,91.0,0.0,8.070007,1.0,13.8,9.75,0.0,0.18608711723224575,-0.49293355133806865,-204.88834692169453,-112.32828688348987,2.780623657692326,5.268888888888889
136.0,57512.4,52.2022404,-2.1992834,18.036,158.643,73.47,0.71,0.1,15.20001,17.75999,17.61,17.74,17.63,-0.3999939,17.9,-0.07956004,-0.02958012,0.0,3.0,3.0,1263.0,91.0,0.0,9.259979,1.0,13.7,9.75,0.0,0.1824531439812326,-0.4665960246844841,-204.7058937777133,-112.79488290817434,2.7688426852413643,5.010000000000001
136.0,57512.5,52.2022363,-2.1992809,17.424,159.731,73.53,0.69,0.1,18.39996,17.14,16.96,17.23,16.93,-0.6999816999999999,17.17,-0.08976007,-0.01938009,0.0,2.0,3.0,1261.0,91.0,0.0,10.67999,1.0,13.6,9.75,0.0,0.1676712265697679,-0.4540290296672555,-204.53822255114352,-113.2489119378416,2.7878318675030624,4.84
136.0,57512.6,52.2022323,-2.1992785,16.996,159.74,73.58,0.67,0.1,23.39996,16.39,16.37,16.50999,16.25,-1.0,16.54,-0.1091398999999999,-0.01938009,0.0,2.0,3.0,1272.0,91.0,0.0,12.34,1.0,13.8,9.75,0.0,0.1634830118674156,-0.44290202761482855,-204.3747395392761,-113.69181396545643,2.787988947135742,4.721111111111111
136.0,57512.7,52.2022285,-2.1992764000000005,16.009,160.709,73.62,0.64,0.1,31.09998,15.64999,15.43,15.8,15.41,-1.899994,15.75,-0.1193398999999999,0.0,0.0,2.0,3.0,1278.0,91.0,0.0,13.76999,1.0,13.8,9.75,0.0,0.1469119856361723,-0.4197261218892508,-204.22782755363994,-114.11154008734569,2.8049011875875673,4.446944444444444
136.0,57512.8,52.2022249,-2.1992742,15.289,160.15200000000002,73.67,0.63,0.1,39.5,14.71,14.57,14.86,14.39,-2.899994,14.92,-0.14994,-0.01938009,0.0,2.0,3.0,1237.0,91.0,0.0,15.91,1.0,13.7,9.75,0.0,0.14419481941286735,-0.3994661752845488,-204.08363273422708,-114.51100626263023,2.7951797036539587,4.246944444444444
136.0,57512.9,52.20222149999999,-2.1992722,14.458,160.703,73.7,0.59,0.1,47.5,13.92,13.47,13.88,13.57999,-3.199982,14.03,-0.1795201,-0.01938009,0.0,2.0,3.0,1254.0,91.0,0.0,17.81,1.0,13.7,9.75,0.0,0.13271840577615487,-0.3790478984721286,-203.95091432845092,-114.89005416110236,2.8047964678324475,4.016111111111111
136.0,57513.0,52.202218300000006,-2.1992704,13.765999999999998,161.123,73.75,0.58,0.1,54.89996,13.07999,12.54,12.97,12.54,-3.600006,12.82,-0.2193,-0.009180069,0.0,2.0,3.0,1245.0,91.0,0.0,19.22998,1.0,13.7,9.75,0.0,0.12371718685981928,-0.36182222156906224,-203.8271971415911,-115.25187638267141,2.8121268506908232,3.8238888888888884
136.0,57513.1,52.2022154,-2.1992689000000003,12.118,161.204,73.79,0.56,0.1,63.0,11.93,11.48,11.75999,11.50999,-4.299988,11.84,-0.2397001,0.0,0.0,2.0,3.0,1244.0,91.0,0.0,20.88998,1.0,13.7,9.75,0.0,0.10845596732790153,-0.31866023171149854,-203.71874117426322,-115.57053661438292,2.813540567384939,3.366111111111111
136.0,57513.2,52.2022128,-2.1992674,11.027,161.31,73.81,0.53,0.1,70.29999000000001,10.67,10.27,10.64,10.32999,-3.600006,10.71,-0.26928,-0.02958012,0.0,2.0,3.0,1256.0,91.0,0.0,21.84,1.0,13.7,9.75,0.0,0.0981549004594701,-0.29015290603402377,-203.62058627380375,-115.86068952041694,2.8153906163920532,3.063055555555555
136.0,57513.3,52.2022104,-2.1992662,9.914,162.63299999999998,73.83,0.49,0.1,74.29999000000001,9.479996,9.019997,9.540001,8.989998,-4.799988,9.51,-0.28968,-0.03978014,0.0,2.0,3.0,1260.0,91.0,0.0,22.32001,1.0,13.7,9.75,0.0,0.08220114330844265,-0.262834571855077,-203.5383851304953,-116.12352409227202,2.8384813223959378,2.7538888888888886
136.0,57513.4,52.2022084,-2.1992654000000003,8.5,164.618,73.86,0.48,0.1,75.89996,8.229996,7.949997,8.309998,7.779999,-4.0,8.28,-0.29988,0.01937985,0.0,2.0,3.0,1260.0,91.0,0.0,21.60999,1.0,13.7,9.75,0.0,0.06262923365297589,-0.22765332389878346,-203.47575589684232,-116.3511774161708,2.8731261080480253,2.361111111111111
136.0,57513.5,52.2022066,-2.1992646,7.627999999999999,165.4,73.89,0.45,0.1,76.0,6.9099960000000005,6.720001,7.009995,6.599997999999999,-2.699982,7.07,-0.28968,0.0397799,0.0,1.0,3.0,1240.0,91.0,0.0,18.03998,1.0,13.7,9.75,0.0,0.05341069624106859,-0.20504682090101323,-203.42234520060126,-116.55622423707182,2.8867745827986213,2.118888888888889
136.0,57513.6,52.2022051,-2.199264,5.818,166.483,73.89,0.41,0.1,76.0,5.939995,5.6699980000000005,5.9199980000000005,5.579994,-3.0,6.03,-0.2499001,0.04997993,0.0,1.0,3.0,1178.0,91.0,0.0,12.34,1.0,13.7,9.75,0.0,0.03777398906764849,-0.15713458239510827,-203.3845712115336,-116.71335881946692,2.9056764985977197,1.616111111111111
136.0,57513.7,52.2022038,-2.1992635000000003,5.332000000000001,166.487,73.9,0.38,0.1,75.39996,5.119994999999999,4.949997,5.079994,4.849998,-2.399994,5.22,-0.1897202,0.05915999,0.0,1.0,3.0,1130.0,91.0,0.0,8.070007,1.0,13.7,9.75,0.0,0.03460852816092612,-0.14401094060210248,-203.34996268337267,-116.85736976006902,2.9057463117677993,1.4811111111111113
136.0,57513.8,52.2022027,-2.199263,4.28,165.952,73.91,0.36,0.1,73.70000999999999,4.5,4.329994,4.4199980000000005,4.269997,-1.899994,4.51,-0.12954,0.0397799,0.0,1.0,3.0,1084.0,91.0,0.0,6.639983999999999,1.0,13.7,9.75,0.0,0.028858456834696806,-0.11533324486181125,-203.32110422653798,-116.97270300493084,2.8964088002696298,1.1888888888888889
136.0,57513.9,52.2022018,-2.1992627,3.582,168.274,73.92,0.34,0.1,73.5,3.899994,3.75,3.869995,3.629997,-1.799988,3.97,-0.08976007,0.02957988,0.0,1.0,3.0,1058.0,91.0,0.0,5.4599910000000005,1.0,13.7,9.75,0.0,0.020221547351980753,-0.09742350344086174,-203.300882679186,-117.0701265083717,2.936935345500938,0.9949999999999999
137.0,57514.0,52.20220100000001,-2.1992622,3.1180000000000003,166.03900000000002,73.9,0.28,0.1,73.5,3.309998,3.119995,3.329994,3.089996,-1.5,3.32,-0.07956004,0.04997993,0.0,1.0,3.0,1032.0,91.0,0.0,3.789978,1.0,13.8,9.75,0.0,0.02089591621218541,-0.08405263382877758,-203.2799867629738,-117.15417914220048,2.897927236718865,0.8661111111111112
137.0,57514.1,52.2022002,-2.1992618000000004,2.891,165.983,73.91,0.27,0.1,73.5,2.899994,2.779999,2.909996,2.720001,-1.100006,2.9,-0.04997993,0.04997993,0.0,1.0,3.0,1015.0,91.0,0.0,1.179993,1.0,13.7,9.75,0.0,0.01945079074184985,-0.077914369615644,-203.26053597223196,-117.23209351181612,2.896949852337748,0.8030555555555555
137.0,57514.2,52.2021996,-2.1992616,2.39,167.05200000000002,73.93,0.26,0.1,73.89996,2.559998,2.419998,2.43,2.360001,-0.8999939,2.56,-0.01938009,0.0397799,0.0,1.0,3.0,992.0,91.0,0.0,-0.4800109999999999,1.0,13.8,9.75,0.0,0.014875536036851681,-0.0647008732206727,-203.24566043619512,-117.29679438503679,2.915607422041568,0.6638888888888889
137.0,57514.3,52.2021992,-2.1992612,1.724,164.088,73.9,0.21,0.1,74.20000999999999,2.220001,2.139999,2.159996,2.07,-0.8999939,2.23,-0.009180069,0.02957988,0.0,1.0,3.0,970.0,91.0,0.0,0.2299804999999999,0.0,13.8,9.75,0.0,0.013129248393681318,-0.04605397393960006,-203.23253118780144,-117.3428483589764,2.8638758630124554,0.47888888888888886
137.0,57514.4,52.2021986,-2.1992612,2.189,171.827,73.92,0.22,0.1,74.0,1.93,1.809998,1.919998,1.82,-1.0,1.95,0.0,0.0397799,0.0,1.0,3.0,964.0,91.0,0.0,-0.01000977,0.0,13.8,9.75,0.0,0.008644269598663252,-0.06018797379481536,-203.22388691820277,-117.40303633277121,2.9989468938242965,0.6080555555555556
137.0,57514.5,52.2021981,-2.1992609,1.544,169.767,73.91,0.19,0.1,75.09998,1.689995,1.599998,1.669998,1.589996,-0.6000061,1.71,0.0,0.04997993,0.0,1.0,3.0,951.0,91.0,0.0,-0.2400208,0.0,13.8,9.75,0.0,0.007619278313412515,-0.04220667468666797,-203.21626763988937,-117.44524300745788,2.9629931112332133,0.4288888888888889
137.0,57514.6,52.2021978,-2.1992608,1.314,170.134,73.91,0.17,0.1,77.89996,1.449997,1.400002,1.449997,1.379997,-0.3999939,1.51,0.009180069,0.0397799,0.0,1.0,3.0,944.0,91.0,0.0,-0.01000977,0.0,13.8,9.75,0.0,0.006254074045615253,-0.035960207978152206,-203.21001356584375,-117.48120321543603,2.9693984695880324,0.365
137.0,57514.7,52.2021975,-2.1992608,1.195,172.479,73.92,0.16,0.1,80.59998,1.269997,1.239998,1.279999,1.189995,-0.6000061,1.27,0.009180069,0.02957988,0.0,1.0,3.0,926.0,91.0,0.0,-0.2400208,0.0,13.7,9.75,0.0,0.0043448064589955305,-0.0329088711263267,-203.20566875938476,-117.51411208656235,3.0103264405473,0.33194444444444443
137.0,57514.8,52.2021973,-2.1992606,0.7340000000000001,172.37599999999998,73.91,0.15,0.1,82.0,1.049995,1.009995,1.040001,0.9799957,-0.2999877999999999,1.11,0.01937985,0.02957988,0.0,1.0,3.0,902.0,91.0,0.0,-0.01000977,0.0,13.7,9.75,0.0,0.002705026063304567,-0.020208652209395356,-203.20296373332147,-117.53432073877174,3.008528751417745,0.2038888888888889
137.0,57514.9,52.202197,-2.1992605000000003,0.778,167.953,73.91,0.13,0.1,82.5,0.9300003,0.9000014999999999,0.909996,0.8600005999999999,-0.1999817,0.96,0.02957988,0.02957988,0.0,1.0,3.0,927.0,91.0,0.0,-0.01000977,0.0,13.7,9.75,0.5,0.00451054144222833,-0.021135163575301017,-203.19845319187925,-117.55545590234703,2.9313328386020365,0.21611111111111111
137.0,57515.0,52.2021968,-2.1992604,0.742,167.713,73.91,0.12,0.1,82.59998,0.8299941999999999,0.7999954,0.8099976,0.7699965999999999,-0.3999939,0.85,0.04997993,0.02957988,0.0,1.0,3.0,975.0,91.0,0.0,-0.2400208,0.0,13.7,9.75,1.5,0.0043862236824721524,-0.020138990616261985,-203.19406696819678,-117.5755948929633,2.92714404839725,0.2061111111111111
137.0,57515.1,52.2021966,-2.1992602,0.551,164.583,73.91,0.11,0.1,82.79999000000001,0.7599945,0.0,0.0,0.0,-0.1999817,0.78,0.05915999,0.02957988,0.0,1.0,3.0,999.0,91.0,0.0,-0.01000977,0.0,13.7,9.75,1.5,0.004068861928354857,-0.014754809164207511,-203.18999810626843,-117.5903497021275,2.8725152428098273,0.15305555555555556
137.0,57515.2,52.2021965,-2.1992602,0.5329999999999999,169.408,73.91,0.1,0.1,83.20000999999999,0.0,0.0,0.0,0.0,-0.2999877999999999,0.0,0.06936002,0.02957988,0.0,1.0,3.0,1000.0,91.0,0.0,0.2299804999999999,0.0,13.7,9.75,1.5,0.002721469945761721,-0.014553284050102148,-203.18727663632268,-117.6049029861776,2.9567273792185538,0.14805555555555552
137.0,57515.3,52.2021963,-2.1992601000000005,0.551,168.579,73.9,0.09,0.1,83.59998,0.0,0.0,0.0,0.0,-0.1999817,0.0,0.06936002,0.02957988,0.0,1.0,3.0,1010.0,91.0,0.0,-0.2400208,0.0,13.7,9.75,1.5,0.0030307543055639297,-0.015002485100925887,-203.1842458820171,-117.61990547127853,2.942258599719521,0.15305555555555556
137.0,57515.4,52.202196,-2.1992601000000005,0.652,172.542,73.89,0.08,0.1,83.70000999999999,0.0,0.0,0.0,0.0,-0.1999817,0.0,0.06936002,0.02957988,0.0,1.0,3.0,1021.0,91.0,0.0,-0.01000977,0.0,13.7,9.75,1.5,0.0023508111776075497,-0.017957896104116643,-203.1818950708395,-117.63786336738265,3.011425997976056,0.1811111111111111
137.0,57515.5,52.2021959,-2.1992601000000005,0.5720000000000001,173.83599999999998,73.89,0.07,0.1,83.89996,0.0,0.0,0.0,0.0,-0.1999817,0.0,0.06936002,0.02957988,0.0,1.0,3.0,1013.0,91.0,0.0,0.7099915,0.0,13.7,9.75,1.5,0.0017060645340772455,-0.015797029275437222,-203.1801890063054,-117.65366039665808,3.0340105584968624,0.1588888888888889
137.0,57515.6,52.2021957,-2.19926,0.59,172.685,73.89,0.07,0.1,86.0,0.0,0.0,0.0,0.0,-0.1999817,0.0,0.05915999,0.02957988,0.0,1.0,3.0,1023.0,91.0,0.0,-0.01000977,0.0,13.8,9.75,1.5,0.0020867035040291774,-0.016255502068488012,-203.17810230280136,-117.66991589872657,3.013921818806408,0.1638888888888889
137.0,57515.7,52.2021956,-2.19926,0.4539999999999999,172.685,73.89,0.06,0.1,89.59998,0.0,0.0,0.0,0.0,-0.1999817,0.0,0.05915999,0.02957988,0.0,1.0,3.0,1032.0,91.0,0.0,-0.01000977,0.0,13.7,9.75,2.0,0.0016057006624224516,-0.012508471083209417,-203.17649660213894,-117.68242436980978,3.013921818806408,0.1261111111111111
137.0,57515.8,52.2021955,-2.1992599,0.428,172.685,73.89,0.05,0.1,92.29999,0.0,0.0,0.0,0.0,-0.1999817,0.0,0.06936002,0.02957988,0.0,1.0,3.0,1050.0,91.0,0.0,-0.2400208,0.0,13.7,9.75,5.0,0.0015137442368211658,-0.0117921269242591,-203.1749828579021,-117.69421649673404,3.013921818806408,0.11888888888888888
137.0,57515.9,52.2021954,-2.1992599,0.407,172.685,73.89,0.05,0.1,93.70001,0.0,0.0,0.0,0.0,-0.1999817,0.0,0.07956004,0.02957988,0.0,1.0,3.0,1067.0,91.0,0.0,-0.01000977,0.0,13.8,9.75,8.0,0.0014394717392201273,-0.011213541257414611,-203.1735433861629,-117.70543003799146,3.013921818806408,0.11305555555555555
137.0,57516.0,52.2021954,-2.1992599,0.3779999999999999,172.685,73.9,0.04,0.1,96.70001,0.0,0.0,0.0,0.0,-0.1999817,0.0,0.08976007,0.01937985,0.0,1.0,3.0,1100.0,91.0,0.0,-0.01000977,0.0,13.7,9.75,9.0,0.0013369049568186927,-0.010414542003200793,-203.17220648120608,-117.71584457999467,3.013921818806408,0.10499999999999997
137.0,57516.1,52.2021953,-2.1992599,0.436,172.685,73.91,0.04,0.1,99.70001,0.0,0.0,0.0,0.0,-0.3999939,0.0,0.09995985,0.01937985,0.0,1.0,3.0,1167.0,91.0,0.0,-0.01000977,0.0,13.7,9.75,9.0,0.0015420385216215616,-0.01201254051162843,-203.17066444268445,-117.7278571205063,3.013921818806408,0.12111111111111111
137.0,57516.2,52.2021951,-2.1992598,0.608,169.174,73.91,0.03,0.1,101.9,0.0,0.0,0.0,0.0,-0.2999877999999999,0.0,0.1091398999999999,0.01937985,0.0,1.0,3.0,1239.0,91.0,0.0,-0.01000977,0.0,13.7,9.75,9.0,0.0031721900611158,-0.016588302448333668,-203.16749225262333,-117.74444542295464,2.952643308768887,0.1688888888888889
137.0,57516.3,52.2021948,-2.1992597,1.033,170.863,73.91,0.02,0.1,103.6,0.8899994000000001,0.8099976,0.7599945,0.7599945,-0.3999939,0.81,0.13974,0.01937985,0.0,1.0,3.0,1284.0,92.0,0.0,-0.01000977,0.0,13.7,9.75,9.0,0.00455655376747081,-0.028330354034841427,-203.16293569885588,-117.77277577698948,2.9821219198350715,0.2869444444444444
137.0,57516.4,52.2021945,-2.1992596,1.289,170.252,73.91,0.02,0.1,104.7,1.220001,1.129997,1.089996,0.9899979,-0.6000061,1.02,0.16014,0.01937985,0.0,1.0,3.0,1305.0,91.0,0.0,-0.01000977,0.0,13.7,9.75,8.5,0.006062421267762993,-0.03528859386564092,-203.15687327758812,-117.80806437085512,2.971457958105386,0.3580555555555555
137.0,57516.5,52.2021942,-2.1992595,1.267,169.905,73.93,0.02,0.1,105.1,1.549995,1.449997,1.470001,1.379997,-0.8999939,1.38,0.1795198999999999,0.01937985,0.0,1.0,3.0,1289.0,92.0,0.0,-0.01000977,0.0,13.7,9.75,6.0,0.006168910775982308,-0.03464958094394585,-203.15070436681214,-117.84271395179907,2.965401665600966,0.3519444444444444
137.0,57516.6,52.2021938,-2.1992592,1.642,164.093,73.93,0.02,0.1,104.8,1.949997,1.7900009999999995,1.93,1.7900009999999995,-1.299988,1.81,0.1795198999999999,0.009180069,0.0,1.0,3.0,1240.0,91.0,0.0,-0.01000977,0.0,13.7,9.75,1.5,0.012500943524294612,-0.043864562778996447,-203.13820342328785,-117.88657851457806,2.863963129475055,0.4561111111111111
137.0,57516.7,52.2021932,-2.199259,2.268,165.67700000000002,73.95,0.03,0.1,104.7,2.299995,2.129997,2.309998,2.099998,-1.399994,2.16,0.1795198999999999,0.009180069,0.0,1.0,3.0,1186.0,92.0,0.0,-0.01000977,0.0,13.7,9.75,0.0,0.015585442781368686,-0.06104173959929944,-203.12261798050648,-117.94762025417737,2.8916091448266457,0.6299999999999999
137.0,57516.8,52.2021927,-2.199259,2.254,169.67700000000002,73.95,0.03,0.1,104.3,2.540001,2.369995,2.579994,2.369995,-1.600006,2.41,0.13974,0.01937985,0.0,1.0,3.0,1124.0,92.0,0.0,-0.2400208,0.0,13.7,9.75,0.0,0.011219733136961231,-0.06159763650419774,-203.11139824736952,-118.00921789068157,2.961422314906419,0.6261111111111111
137.0,57516.9,52.202192,-2.1992586,2.678,164.31,73.95,0.03,0.1,103.8,2.699997,2.509995,2.739998,2.509995,-1.799988,2.58,0.1091398999999999,0.02957988,0.0,1.0,3.0,1054.0,92.0,0.0,-0.01000977,0.0,13.7,9.75,0.0,0.020117167276709175,-0.07161708155799396,-203.0912810800928,-118.08083497223956,2.867750493951883,0.7438888888888888
137.0,57517.0,52.2021913,-2.1992586,2.678,168.622,73.97,0.04,0.1,103.3,2.75,2.57,2.779999,2.579994,-1.600006,2.65,0.08976007,0.0397799,0.0,1.0,3.0,1037.0,92.0,0.0,-0.2400208,0.0,13.8,9.75,0.0,0.014675509085502437,-0.07292692385672654,-203.07660557100732,-118.15376189609628,2.9430090912978786,0.7438888888888888
137.0,57517.1,52.2021907,-2.1992584,2.783,168.761,73.98,0.05,0.1,102.5,2.769997,2.589996,2.779999,2.579994,-1.699982,2.67,0.07956004,0.0397799,0.0,1.0,3.0,1028.0,92.0,0.0,-0.2400208,0.0,13.7,9.75,0.0,0.01506700902510095,-0.07582304503771009,-203.06153856198222,-118.229584941134,2.9454350989581504,0.7730555555555555
137.0,57517.2,52.2021901,-2.1992581,2.437,166.188,73.98,0.03,0.1,102.0,2.739998,2.559998,2.75,2.559998,-1.699982,2.66,0.06936002,0.02957988,0.0,1.0,3.0,1031.0,92.0,0.0,-0.01000977,0.0,13.7,9.75,0.0,0.016161158174190858,-0.06573701221618426,-203.04537740380803,-118.29532195335018,2.9005277773043363,0.6769444444444443
137.0,57517.3,52.2021895,-2.1992577,2.75,163.67,74.0,0.05,0.1,101.9,2.669998,2.519997,2.699997,2.529999,-1.5,2.61,0.05915999,0.01937985,0.0,1.0,3.0,1030.0,92.0,0.0,-0.01000977,0.0,13.7,9.75,0.0,0.02147820455766417,-0.07330722389136111,-203.02389919925037,-118.36862917724154,2.856580386739119,0.7638888888888888
137.0,57517.4,52.2021889,-2.1992578,2.491,171.72400000000002,74.03,0.06,0.1,102.3,2.649994,2.470001,2.649994,2.449997,-1.699982,2.58,0.05915999,0.02957988,0.0,1.0,3.0,1034.0,92.0,0.0,-0.01000977,0.0,13.7,9.75,0.0,0.009959965739386657,-0.06847386526584835,-203.01393923351097,-118.43710304250739,2.9971492046947428,0.6919444444444445
137.0,57517.5,52.2021882,-2.1992576,2.754,169.903,74.03,0.05,0.1,103.3,2.610001,2.419998,2.599998,2.399994,-1.600006,2.53,0.04997993,0.0397799,0.0,1.0,3.0,1041.0,92.0,0.0,-0.2400208,0.0,13.7,9.75,0.0,0.013411611070003084,-0.07531519560159804,-203.00052762244096,-118.51241823810899,2.9653667590159256,0.765
137.0,57517.6,52.2021877,-2.1992574,2.3040000000000003,168.487,74.05,0.06,0.1,104.8,2.509995,2.339996,2.479996,2.309998,-1.399994,2.44,0.0397799,0.0397799,0.0,1.0,3.0,1042.0,92.0,0.0,-0.01000977,0.0,13.7,9.75,0.0,0.012773777097359952,-0.06271228443189551,-202.9877538453436,-118.57513052254089,2.940652896807686,0.64
137.0,57517.7,52.202187,-2.1992572,2.506,170.315,74.05,0.05,0.1,105.7,2.409996,2.25,2.419998,2.220001,-1.600006,2.36,0.0397799,0.0397799,0.0,1.0,3.0,1042.0,92.0,0.0,-1.190002,0.0,13.7,9.75,0.0,0.011710768916007062,-0.06861898193298513,-202.9760430764276,-118.64374950447387,2.972557515534142,0.696111111111111
137.0,57517.8,52.202186600000005,-2.1992572,2.156,174.449,74.08,0.07,0.1,106.0,2.279999,2.159996,2.290001,2.119995,-1.399994,2.23,0.0397799,0.04997993,0.0,1.0,3.0,1032.0,92.0,0.0,-0.2400208,0.0,13.7,9.75,0.0,0.005793156095047073,-0.05960803934708891,-202.97024992033255,-118.70335754382096,3.044709426811588,0.5988888888888889
137.0,57517.9,52.2021859,-2.1992567,2.664,164.419,74.07,0.05,0.1,106.2,2.2099990000000003,2.059998,2.220001,2.019997,-1.399994,2.15,0.04997993,0.0397799,0.0,1.0,3.0,1035.0,92.0,0.0,-0.01000977,0.0,13.7,9.75,0.0,0.019876430268408893,-0.07128062513604297,-202.95037349006415,-118.774638168957,2.869652902836557,0.74
137.0,57518.0,52.2021856,-2.1992568,1.382,167.828,74.08,0.05,0.1,106.1,2.169998,2.009995,2.139999,1.979996,-1.299988,2.1,0.04997993,0.0397799,0.0,1.0,3.0,1027.0,92.0,0.0,-0.01000977,0.0,13.7,9.75,0.0,0.008094186498134148,-0.03752587021052116,-202.942279303566,-118.81216403916751,2.9291511770370433,0.38388888888888884
137.0,57518.1,52.202185,-2.1992566,2.394,172.671,74.09,0.04,0.1,106.4,2.099998,1.9599990000000005,2.079994,1.93,-1.399994,2.04,0.05915999,0.04997993,0.0,1.0,3.0,1022.0,92.0,0.0,-0.01000977,0.0,13.8,9.75,3.5,0.008483181240521382,-0.06595669515705337,-202.93379612232548,-118.87812073432457,3.013677472711129,0.665
137.0,57518.2,52.2021846,-2.1992564000000003,1.822,170.373,74.09,0.04,0.1,109.2,2.07,1.9599990000000005,2.049995,1.919998,-1.100006,2.0,0.05915999,0.04997993,0.0,1.0,3.0,1027.0,92.0,0.0,-0.2400208,0.0,13.7,9.75,7.0,0.008463866562654838,-0.04989837202465435,-202.9253322557628,-118.92801910634923,2.973569806500299,0.5061111111111111
137.0,57518.3,52.2021841,-2.1992563,1.994,169.77900000000002,74.11,0.05,0.1,119.8,2.07,1.979996,2.029999,1.919998,-1.299988,2.01,0.07956004,0.02957988,0.0,1.0,3.0,1044.0,92.0,0.0,-0.01000977,0.0,13.7,9.75,9.5,0.009828506587939316,-0.05450990250033945,-202.91550374917486,-118.98252900884957,2.9632025507434534,0.5538888888888889
137.0,57518.4,52.2021836,-2.1992562,2.02,172.507,74.11,0.05,0.1,128.5,2.139999,2.009995,2.079994,1.93,-1.699982,2.06,0.08976007,0.01937985,0.0,1.0,3.0,1102.0,92.0,0.0,-0.01000977,0.0,13.7,9.75,11.0,0.0073171730022221215,-0.05563196715359802,-202.90818657617262,-119.03816097600317,3.010815132737858,0.5611111111111111
137.0,57518.5,52.202183,-2.1992561,2.142,174.354,74.11,0.04,0.1,142.9,2.32,2.159996,2.220001,2.049995,-1.899994,2.21,0.1193398999999999,0.01937985,0.0,1.0,3.0,1191.0,92.0,0.0,-0.2400208,0.0,13.7,9.75,12.5,0.005853722335454425,-0.05921134971286673,-202.90233285383718,-119.09737232571604,3.0430513640221935,0.595
137.0,57518.6,52.2021826,-2.199256,2.009,173.06599999999997,74.14,0.06,0.1,161.6,2.599998,2.409996,2.489998,2.259995,-2.299988,2.45,0.14994,0.01937985,0.0,1.0,3.0,1286.0,92.0,0.0,-0.01000977,0.0,13.7,9.75,15.0,0.006737177689238198,-0.055397386830497955,-202.89559567614793,-119.15276971254653,3.020571523256506,0.5580555555555555
137.0,57518.7,52.20218179999999,-2.1992557,2.8480000000000003,171.37,74.13,0.04,0.1,188.1,3.059998,2.799995,2.899994,2.579994,-3.199982,2.83,0.1999198999999999,0.0,0.0,1.0,3.0,1446.0,92.0,0.0,-0.01000977,0.0,13.6,9.75,18.0,0.011870862289046494,-0.07821541107575325,-202.8837248138589,-119.23098512362229,2.9909707391426825,0.7911111111111112
137.0,57518.8,52.2021812,-2.199256,2.6860000000000004,177.765,74.16,0.06,0.1,224.1,3.799995,3.4700010000000003,3.5,3.07,-5.0,3.47,0.2396998,-0.02958012,0.0,1.0,3.0,1559.0,92.0,0.0,-0.2400208,0.0,13.6,9.75,20.5,0.002909700291775488,-0.0745543529610888,-202.8808151135671,-119.30553947658338,3.1025845448077196,0.7461111111111112
137.0,57518.9,52.2021803,-2.1992554,3.596,167.209,74.16,0.05,0.1,262.9,4.779999,4.199997,4.4199980000000005,3.779999,-7.799988000000001,4.29,0.3100800999999999,-0.07956004,0.0,1.0,3.0,1641.0,92.0,0.0,-0.2400208,0.0,13.7,9.75,21.5,0.0221149323985821,-0.09741006050949222,-202.85870018116853,-119.40294953709287,2.9183475889671984,0.9988888888888889
137.0,57519.0,52.2021791,-2.1992553,4.432,172.493,74.17,0.06,0.1,300.8,6.019997,5.159996,5.540001,4.519997,-11.29999,5.31,0.34986,-0.13974,0.0,1.0,3.0,1685.0,92.0,0.0,-0.01000977,0.0,13.6,9.75,22.5,0.016084136616352742,-0.12205591435206592,-202.8426160445522,-119.52500545144493,3.0105707866425786,1.2311111111111113
137.0,57519.1,52.2021777,-2.1992552000000005,5.292000000000001,175.959,74.17,0.05,0.1,338.7,7.290000999999999,6.269997,6.799995,5.329994,-15.5,6.37,0.37026,-0.1795201,0.0,1.0,3.0,1696.0,92.0,0.0,-0.01000977,0.0,13.7,9.75,22.5,0.010359133760081258,-0.14663454009114207,-202.8322569107921,-119.67163999153607,3.0710638985167025,1.4700000000000002
137.0,57519.2,52.2021761,-2.1992552000000005,6.35,176.59400000000002,74.21,0.08,0.1,356.3,8.709999,7.269997,7.979996000000001,6.089996,-20.5,7.74,0.37026,-0.2101199999999999,0.0,1.0,3.0,1732.0,92.0,0.0,-0.01000977,0.0,13.7,9.75,22.5,0.010479424170106293,-0.17607731765482965,-202.82177748662198,-119.8477173091909,3.0821467392668667,1.7638888888888888
137.0,57519.3,52.2021741,-2.1992551,7.38,179.104,74.2,0.07,0.1,368.9,10.07,8.419998,9.169998,6.939995,-24.5,9.03,0.36006,-0.2193,0.0,1.0,3.0,1761.0,92.0,0.0,-0.2400208,0.0,13.7,9.75,22.5,0.0032056901068204125,-0.20497493395764038,-202.81857179651516,-120.05269224314854,3.1259545034919243,2.05
137.0,57519.4,52.2021719,-2.1992554,8.557,181.664,74.22,0.07,0.1,386.6,11.47,9.329994,10.43,7.829994,-27.899990000000003,10.21,0.34986,-0.2397001,0.0,2.0,3.0,1795.0,92.0,0.0,-0.01000977,0.0,13.7,9.75,22.5,-0.0069022179343157485,-0.23759420933040498,-202.82547401444947,-120.29028645247895,3.1706349323429786,2.3769444444444443
137.0,57519.5,52.202169600000005,-2.1992557,9.31,184.2,74.22,0.07,0.1,412.7,12.82,10.43999,11.64999,8.610000999999999,-33.5,11.41,0.3202798,-0.3202801,0.0,2.0,3.0,1833.0,92.0,0.0,-0.01000977,0.0,13.5,9.75,23.0,-0.01894021153495136,-0.2579166050822141,-202.84441422598442,-120.54820305756117,3.214896482173555,2.5861111111111112
137.0,57519.6,52.2021669,-2.1992567,10.667,188.072,74.27,0.11,0.1,440.8,14.29,11.50999,12.68,9.199997,-39.19998,12.63,0.2498998999999999,-0.3998401,0.0,2.0,3.0,1873.0,92.0,0.0,-0.01000977,0.0,13.7,9.75,24.0,-0.041606455213488325,-0.29336987769308287,-202.88602068119792,-120.84157293525425,3.2824756308107754,2.9630555555555556
137.0,57519.7,52.2021642,-2.1992578,11.318,191.884,74.28,0.1,0.1,460.4,15.64999,12.06,13.88,9.829994,-45.19998,13.58,0.1795198999999999,-0.4600201,0.0,2.0,3.0,1968.0,92.0,0.0,-0.01000977,0.0,13.7,9.75,24.5,-0.06474239504546421,-0.30765044407666176,-202.9507630762434,-121.1492233793309,3.349007581896799,3.1438888888888887
137.0,57519.8,52.20216130000001,-2.1992597,12.2,197.604,74.32,0.13,0.1,465.9,16.68,12.89,14.84,10.25999,-50.0,14.57,0.1091398999999999,-0.4702201,0.0,2.0,3.0,2087.0,92.0,0.0,-0.01000977,0.0,13.6,9.75,24.5,-0.10249234751011274,-0.32301857177910365,-203.0532554237535,-121.47224195111001,3.448840415110875,3.3888888888888884
137.0,57519.9,52.2021584,-2.1992619,12.946,202.889,74.32,0.11,0.1,464.8,18.02,13.77,15.59,10.7,-53.29999,15.64,0.07956004,-0.4600201,0.0,2.0,3.0,2281.0,92.0,0.0,-0.01000977,0.0,13.7,9.75,24.5,-0.13986969450362116,-0.33129536639384444,-203.19312511825714,-121.80353731750385,3.5410810660787755,3.596111111111111
137.0,57520.0,52.2021555,-2.1992647,13.313,208.429,74.31,0.1,0.1,463.9,18.99,14.57999,16.59,11.31,-56.89999,16.57,0.05915999,-0.4702201,0.0,2.0,3.0,2439.0,92.0,0.0,-0.01000977,0.0,13.7,9.75,24.5,-0.1760531009176907,-0.32520986236124283,-203.36917821917484,-122.1287471798651,3.637772306639261,3.6980555555555554
137.0,57520.1,52.2021526,-2.1992684,14.594,214.2,74.33,0.09,0.1,462.3,20.07,15.38,17.59,12.3,-59.0,17.52,0.01937985,-0.4895999,0.0,2.0,3.0,2588.0,92.0,0.0,-0.01000977,0.0,13.7,9.75,24.5,-0.22786235601038857,-0.3352892750267488,-203.59704057518522,-122.46403645489185,3.7384952577718535,4.053888888888888
137.0,57520.2,52.2021495,-2.1992724,15.556,217.833,74.32,0.08,0.1,459.2,20.87,16.17,18.46,12.99,-61.79999,18.28,0.009180069,-0.5304,0.0,2.0,3.0,2698.0,92.0,0.0,-0.01000977,0.0,13.7,9.75,24.5,-0.26504055632753926,-0.34128216456074506,-203.86208113151275,-122.80531861945259,3.8019030694968077,4.321111111111111
137.0,57520.3,52.2021468,-2.1992772,15.998,223.65,74.31,0.06,0.1,442.3,22.02,17.13,19.63,13.89999,-64.39999,19.44,-0.01938009,-0.6201601,0.0,2.0,3.0,2777.0,92.0,0.0,-0.01000977,0.0,13.7,9.75,24.5,-0.3067399817019591,-0.3215463702071337,-204.1688211132147,-123.12686498965972,3.903428872085318,4.443888888888889
137.0,57520.4,52.2021438,-2.1992824,17.438,227.786,74.27,0.01,0.1,405.4,22.84,17.84,20.55,14.62,-64.60001,20.24,-0.02958012,-0.5997601,0.0,2.0,3.0,2834.0,92.0,0.0,-0.01000977,0.0,13.8,9.75,21.0,-0.35875800070377356,-0.3254616607375492,-204.52757911391848,-123.45232665039727,3.9756156899478037,4.8438888888888885
137.0,57520.5,52.2021414,-2.1992886,18.05,235.30900000000003,74.19,-0.06,0.1,341.9,23.27,18.25999,21.54,15.72,-58.89999,20.64,-0.03978014,-0.37026,0.0,2.0,3.0,2766.0,92.0,0.0,-0.01000977,0.0,13.7,9.75,0.0,-0.4122587174600952,-0.2853656737931036,-204.93983783137858,-123.73769232419038,4.1069168095753374,5.013888888888889
137.0,57520.6,52.2021395,-2.1992957,18.925,243.023,74.18,-0.08,0.1,276.2,23.38,19.16,22.18999,17.14,-48.89999,21.17,0.0,-0.14994,0.0,2.0,3.0,2532.0,92.0,0.0,-0.2400208,0.0,13.8,9.75,0.0,-0.4684929463656901,-0.23847223764066908,-205.40833077774428,-123.97616456183104,4.2415515080741795,5.256944444444445
137.0,57520.7,52.2021379,-2.1993033,19.667,248.473,74.13,-0.12,0.1,217.8,23.36,19.87,22.45,18.71999,-40.79999,21.57,0.02957988,-0.01938009,0.0,2.0,3.0,2324.0,92.0,0.0,-0.01000977,0.0,13.8,9.75,0.0,-0.5081978777086519,-0.20046116113423681,-205.91652865545294,-124.17662572296528,4.336671952307871,5.463055555555556
137.0,57520.8,52.2021365,-2.1993115,20.743,252.385,74.13,-0.1,0.1,168.1,23.35,20.50999,22.93999,20.03,-30.79999,21.86,0.02957988,0.01937985,0.0,2.0,3.0,2016.0,92.0,0.0,-0.01000977,0.0,13.8,9.75,0.0,-0.5491775367599371,-0.17436763153443874,-206.46570619221288,-124.35099335449972,4.404949232645889,5.761944444444444
137.0,57520.9,52.20213520000001,-2.1993202000000003,21.791,255.132,74.12,-0.11,0.1,128.2,23.18999,20.95,22.93,20.68,-24.69998,22.05,0.009180069,0.04997993,0.0,2.0,3.0,1850.0,92.0,0.0,-0.01000977,0.0,13.7,9.75,0.0,-0.5850396462901177,-0.15531718467431027,-207.050745838503,-124.50631053917404,4.452893427198173,6.053055555555556
137.0,57521.0,52.2021338,-2.1993288000000004,22.0,255.349,74.08,-0.14,0.1,92.0,22.68999,20.98,22.91,21.18999,-17.19998,21.9,-0.02958012,0.05915999,0.0,3.0,3.0,1760.0,92.0,0.0,1.419983,1.0,13.6,9.75,0.0,-0.5912404762588876,-0.1545687204987496,-207.64198631476188,-124.66087925967278,4.456680791675001,6.111111111111111
137.0,57521.1,52.2021327,-2.1993378,22.475,257.79,74.07,-0.13,0.1,58.79999,22.57999,21.46999,22.75,21.6,-12.19998,22.05,-0.05915999,0.08976007,0.0,3.0,3.0,1749.0,92.0,0.0,2.369995,1.0,13.8,9.75,0.0,-0.6101831372512372,-0.1320377435121067,-208.2521694520131,-124.79291700318488,4.499284278716183,6.243055555555555
137.0,57521.2,52.2021316,-2.1993466,22.32,258.98400000000004,74.03,-0.16,0.1,29.20001,22.63,21.99,22.64,21.79,-7.399994,22.28,-0.07956004,0.13974,0.0,3.0,3.0,1785.0,92.0,0.0,1.179993,1.0,13.7,9.75,0.0,-0.608575793975195,-0.11847152817222016,-208.8607452459883,-124.9113885313571,4.5201235099849955,6.2
137.0,57521.3,52.2021305,-2.1993554,22.082,258.965,73.99,-0.18,0.1,0.5,22.50999,22.1,22.48,22.02,-3.0,22.33,-0.06936002,0.1897199,0.0,3.0,3.0,1785.0,92.0,0.0,0.2299804999999999,1.0,13.7,9.75,0.0,-0.6020475992808869,-0.1174079094970449,-209.4627928452692,-125.02879644085415,4.519791897427115,6.1338888888888885
137.0,57521.4,52.2021297,-2.1993643,22.108,260.843,73.97,-0.18,0.1,0.0,22.24,22.37,22.25999,22.36,1.600006,22.34,-0.06936002,0.27948,0.0,3.0,3.0,1782.0,92.0,0.0,-0.2400208,1.0,13.7,9.75,0.0,-0.6062848647105143,-0.09772982969941567,-210.06907770997972,-125.12652627055357,4.552569180779569,6.141111111111111
137.0,57521.5,52.2021287,-2.1993731000000003,22.162,259.688,73.95,-0.19,0.1,0.0,22.0,22.50999,21.89,22.45,5.200012,22.32,-0.05915999,0.3294599,0.0,3.0,3.0,1765.0,92.0,0.0,0.2299804999999999,1.0,13.6,9.75,0.0,-0.605667494565969,-0.1101994834363514,-210.6747452045457,-125.23672575398992,4.532410627919035,6.156111111111111
137.0,57521.6,52.2021274,-2.1993818,22.162,258.068,73.92,-0.19,0.1,0.0,21.79,22.53,21.67,22.5,8.700012,22.19,-0.05915999,0.3202798,0.0,3.0,3.0,1744.0,92.0,0.0,-0.2400208,1.0,13.7,9.75,0.0,-0.6023100120473658,-0.12727800089158756,-211.27705521659306,-125.36400375488151,4.504136294036726,6.156111111111111
137.0,57521.7,52.2021262,-2.1993907,22.244,257.651,73.9,-0.19,0.1,0.0,21.62,22.82,21.43999,22.68,12.39999,22.13,-0.06936002,0.3294599,0.0,3.0,3.0,1724.0,92.0,0.0,-0.01000977,1.0,13.7,9.75,0.0,-0.6035928129187507,-0.13214535635116265,-211.8806480295118,-125.49614911123267,4.496858271055911,6.178888888888888
137.0,57521.8,52.2021247,-2.1993993999999994,22.198,255.5,73.88,-0.19,0.1,0.0,21.54,22.8,21.49,22.63,14.20001,22.16,-0.04997993,0.3294599,0.0,3.0,3.0,1679.0,92.0,0.0,-0.2400208,0.0,13.8,9.75,0.0,-0.5969705922531454,-0.1543870925000139,-212.47761862176495,-125.65053620373268,4.459316238845512,6.166111111111111
137.0,57521.9,52.2021232,-2.199408,22.118,254.683,73.86,-0.2,0.1,0.0,21.6,22.85,21.46999,22.75999,13.89999,22.11,-0.03978014,0.3100800999999999,0.0,3.0,3.0,1619.0,92.0,0.0,-0.2400208,0.0,13.7,9.75,0.0,-0.5925652323402341,-0.16229649476094032,-213.07018385410518,-125.81283269849362,4.445056898856718,6.143888888888888
137.0,57522.0,52.2021214,-2.1994164,22.05,251.178,73.85,-0.18,0.1,0.0,21.50999,22.85,21.42,22.82999,14.60001,22.17,-0.03978014,0.2498998999999999,0.0,3.0,3.0,1552.0,92.0,0.0,-0.2400208,0.0,13.7,9.75,0.0,-0.5797468376290862,-0.19761035969572555,-213.64993069173426,-126.01044305818935,4.383883108574317,6.125
137.0,57522.1,52.2021196,-2.1994249,21.985,250.67,73.85,-0.16,0.1,0.0,21.46999,22.82,21.41,22.55,14.10001,22.17,-0.02958012,0.2101199999999999,0.0,3.0,3.0,1488.0,92.0,0.0,-0.01000977,0.0,13.8,9.75,0.0,-0.5762682338834437,-0.20214506447639355,-214.2261989256177,-126.21258812266575,4.3750168359741854,6.106944444444444
137.0,57522.2,52.2021177,-2.1994334,22.108,249.97,73.83,-0.16,0.1,0.0,21.54,22.68,21.52,22.57,12.70001,22.14,-0.01938009,0.1897199,0.0,3.0,3.0,1413.0,92.0,0.0,-0.2400208,0.0,13.7,9.75,0.5,-0.5769656245209996,-0.21034049755388576,-214.8031645501387,-126.42292862021964,4.362799531210226,6.141111111111111
137.0,57522.3,52.2021155,-2.1994417,22.201,247.7,73.82,-0.16,0.1,0.0,21.50999,22.62,21.48,22.54,11.60001,22.11,-0.009180069,0.1897199,0.0,3.0,3.0,1395.0,92.0,0.0,-0.01000977,0.0,13.8,9.75,4.0,-0.570571693274521,-0.23400850549176228,-215.37373624341322,-126.6569371257114,4.323180557189954,6.166944444444445
137.0,57522.4,52.2021133,-2.19945,22.219,246.549,73.85,-0.11,0.1,0.0,21.8,22.64999,21.54,22.63,10.89999,22.25,-0.009180069,0.1693199,0.0,3.0,3.0,1400.0,92.0,0.0,-0.01000977,0.0,13.8,9.75,6.5,-0.5662146485151865,-0.2456215667646272,-215.93995089192842,-126.90255869247602,4.303091817499499,6.171944444444445
137.0,57522.5,52.20211100000001,-2.1994582,22.104,246.264,73.82,-0.13,0.1,0.0,21.62,22.55,21.64999,22.54,9.0,22.16,0.0,0.12954,0.0,3.0,3.0,1394.0,92.0,0.0,-0.2400208,0.0,13.8,9.75,6.5,-0.5620616548843599,-0.2471491373819757,-216.50201254681278,-127.149707829858,4.2981176291313155,6.14
137.0,57522.6,52.2021085,-2.1994662000000003,21.982,243.83900000000003,73.83,-0.1,0.1,0.0,21.85,22.46999,21.91,22.35,6.300018,22.13,0.0,0.02957988,0.0,3.0,3.0,1391.0,92.0,0.0,-0.01000977,0.0,13.7,9.75,7.0,-0.5480593061135707,-0.26921538959475766,-217.05007185292635,-127.41892321945276,4.255793394770453,6.106111111111111
137.0,57522.7,52.2021061,-2.1994743,22.298,243.939,73.82,-0.1,0.1,0.0,22.36,22.32,22.06,22.18999,3.700012,22.18,0.0,0.0,0.0,3.0,3.0,1401.0,92.0,0.0,-0.01000977,0.0,13.8,9.75,10.5,-0.5564136538675689,-0.2721147579032667,-217.60648550679392,-127.69103797735603,4.257538724022448,6.193888888888888
137.0,57522.8,52.2021037,-2.1994825,22.205,244.72,73.8,-0.11,0.1,0.0,22.14,22.25,22.37,22.14,2.0,22.14,0.0,0.0,0.0,3.0,3.0,1412.0,92.0,0.0,-0.2400208,0.0,13.7,9.75,16.0,-0.5577351179439337,-0.26340203411565327,-218.16422062473785,-127.95444001147169,4.271169745480523,6.168055555555555
137.0,57522.9,52.2021013,-2.1994906,22.075,244.006,73.81,-0.08,0.1,5.700012,22.23,22.28,22.35,22.25,0.8000183000000001,22.27,0.009180069,0.0397799,0.0,3.0,3.0,1497.0,92.0,0.0,-0.01000977,0.0,13.8,9.75,16.0,-0.5511636622456265,-0.2687490355657482,-218.71538428698346,-128.22318904703744,4.258708094621284,6.131944444444444
137.0,57523.0,52.2020988,-2.1994987,22.316,244.213,73.8,-0.09,0.1,16.39996,22.39,22.39999,22.32999,22.21,0.1000061,22.35,0.01937985,0.01937985,0.0,3.0,3.0,1573.0,92.0,0.0,-0.01000977,0.0,13.7,9.75,16.5,-0.5581588030104205,-0.2696682873269968,-219.2735430899939,-128.49285733436443,4.262320926172912,6.198888888888888
137.0,57523.1,52.2020963,-2.1995068000000004,22.234,243.881,73.78,-0.09,0.1,24.59998,22.5,22.36,22.16,22.2,-1.399994,22.48,0.0397799,0.0,0.0,3.0,3.0,1620.0,93.0,0.0,-0.01000977,0.0,13.7,9.75,17.0,-0.5545416754943464,-0.2718952274458386,-219.82808476548823,-128.76475256181027,4.25652643305629,6.176111111111111
137.0,57523.2,52.2020939,-2.1995152,22.565,244.56,73.78,-0.07,0.1,33.09998,22.77,22.52,22.74,22.5,-3.0,22.58,0.04997993,-0.01938009,0.0,3.0,3.0,1623.0,93.0,0.0,-0.01000977,0.0,13.7,9.75,17.5,-0.5660277431897724,-0.26925415208460896,-220.394112508678,-129.03400671389488,4.268377218677332,6.268055555555556
137.0,57523.3,52.2020914,-2.1995236,22.91,244.27,73.79,-0.06,0.1,36.5,23.06,22.67,22.91,22.53,-3.699982,22.79,0.04997993,-0.03978014,0.0,3.0,3.0,1603.0,93.0,0.0,-0.01000977,0.0,13.7,9.75,17.5,-0.5732908252007779,-0.276276035228982,-220.9674033338788,-129.31028274912387,4.263315763846549,6.363888888888889
137.0,57523.4,52.2020891,-2.199532,22.817,245.247,73.76,-0.08,0.1,38.09998,23.36,23.0,23.35,22.79,-4.5,23.16,0.05915999,-0.04997993,0.0,3.0,3.0,1615.0,93.0,0.0,-0.01000977,0.0,13.8,9.75,17.5,-0.5755722943869813,-0.26537900479727566,-221.54297562826576,-129.57566175392114,4.280367630638533,6.338055555555555
137.0,57523.5,52.2020867,-2.1995406,23.148000000000003,245.69,73.77,-0.06,0.1,38.39996,23.66,23.27,23.64,23.0,-5.100006,23.41,0.06936002,-0.009180069,0.0,3.0,3.0,1634.0,93.0,0.0,-0.01000977,0.0,13.7,9.75,17.5,-0.5859861158875769,-0.2647060104852012,-222.12896174415334,-129.84036776440635,4.288099439224868,6.430000000000001
137.0,57523.6,52.2020843,-2.1995494,23.519,246.115,73.76,-0.06,0.1,38.29999,24.06,23.64999,24.03,23.38,-4.899994,23.82,0.07956004,0.0,0.0,3.0,3.0,1645.0,93.0,0.0,-0.01000977,0.0,13.8,9.75,18.0,-0.5973564610627466,-0.2645248709409838,-222.7263182052161,-130.10489263534734,4.295517088545845,6.5330555555555545
137.0,57523.7,52.2020819,-2.1995582,23.789,246.217,73.74,-0.08,0.1,38.20001,24.42,23.98,24.3,23.71999,-4.899994,24.13,0.08976007,-0.02958012,0.0,3.0,3.0,1635.0,93.0,0.0,-0.01000977,0.0,13.7,9.75,18.5,-0.6046895261004587,-0.26648557048645094,-223.33100773131656,-130.3713782058338,4.297297324382878,6.608055555555556
137.0,57523.8,52.2020795,-2.1995672,24.052,246.628,73.73,-0.07,0.1,37.89996,24.86,24.37,24.75,24.16,-5.100006,24.5,0.09995985,-0.03978014,0.0,3.0,3.0,1622.0,93.0,0.0,-0.01000977,0.0,13.7,9.75,19.0,-0.6132916585275434,-0.2650392393036523,-223.9442993898441,-130.63641744513745,4.304470627608575,6.681111111111111
137.0,57523.9,52.2020772,-2.1995766,24.736,247.991,73.71,-0.08,0.1,37.5,25.14999,24.68,25.18999,24.49,-5.199982,24.9,0.09995985,-0.03978014,0.0,3.0,3.0,1618.0,93.0,0.0,-0.01000977,0.0,13.8,9.75,19.0,-0.6370378889316713,-0.25749642148547486,-224.58133727877578,-130.89391386662294,4.328259465313258,6.871111111111111
137.0,57524.0,52.202075,-2.1995860000000005,24.811,248.284,73.72,-0.06,0.1,36.20001,25.62,25.27,25.57,24.96,-4.899994,25.38,0.09995985,-0.05915999,0.0,3.0,3.0,1647.0,93.0,0.0,-0.01000977,0.0,13.7,9.75,19.5,-0.6402818202490232,-0.2550062213195669,-225.2216190990248,-131.1489200879425,4.333373280021601,6.891944444444444
137.0,57524.1,52.2020726,-2.1995956000000003,25.405,248.441,73.7,-0.07,0.1,35.39996,25.96,25.57,25.98,25.21,-5.0,25.77,0.1091398999999999,-0.04997993,0.0,3.0,3.0,1676.0,93.0,0.0,-0.01000977,0.0,13.8,9.75,19.5,-0.6563238297984478,-0.2593138626422646,-225.87794292882324,-131.4082339505848,4.336113446947232,7.0569444444444445
137.0,57524.2,52.2020705,-2.1996056,25.826,250.475,73.67,-0.09,0.1,35.0,26.46,26.07999,26.5,25.75,-4.899994,26.11,0.1091398999999999,-0.02958012,0.0,3.0,3.0,1689.0,93.0,0.0,-0.01000977,0.0,13.7,9.75,19.5,-0.6761359793377151,-0.23976437463948552,-226.55407890816096,-131.64799832522428,4.371613443932797,7.1738888888888885
137.0,57524.3,52.2020682,-2.1996155,26.222,249.251,73.68,-0.07,0.1,34.89996,26.89,26.46,26.63,26.25999,-4.899994,26.58,0.1193398999999999,-0.04997993,0.0,3.0,3.0,1697.0,93.0,0.0,-0.01000977,0.0,13.8,9.75,19.5,-0.6811466002658899,-0.25804976729888784,-227.23522550842685,-131.90604809252318,4.350250613888386,7.283888888888889
137.0,57524.4,52.2020659,-2.1996257,26.611,250.224,73.66,-0.08,0.1,34.09998,27.25,26.89,27.13,26.59,-4.600006,27.0,0.1193398999999999,-0.08976007,0.0,3.0,3.0,1714.0,93.0,0.0,-0.01000977,0.0,13.7,9.75,18.0,-0.6955986607306128,-0.25010183903224065,-227.93082416915746,-132.15614993155543,4.367232667510291,7.391944444444444
137.0,57524.5,52.202063800000005,-2.1996363000000003,27.245,251.36,73.65,-0.08,0.1,33.59998,27.67,27.37,27.75,27.03,-5.100006,27.42,0.1193398999999999,-0.05915999,0.0,3.0,3.0,1735.0,93.0,0.0,-0.01000977,0.0,13.8,9.75,13.5,-0.7171077011580826,-0.2418908717986753,-228.64793187031555,-132.39804080335412,4.387059607812947,7.5680555555555555
137.0,57524.6,52.2020616,-2.1996471,27.763,251.703,73.65,-0.07,0.1,33.39996,28.179990000000004,27.74,28.11,27.57999,-5.100006,27.92,0.1091398999999999,-0.03978014,0.0,3.0,3.0,1715.0,93.0,0.0,-0.2400208,0.0,13.8,9.75,7.0,-0.7322043316722051,-0.24211089984227213,-229.38013620198774,-132.64015170319638,4.393046087147288,7.711944444444445
137.0,57524.7,52.2020594,-2.1996577000000004,27.778,251.541,73.62,-0.09,0.1,32.5,28.5,28.179990000000004,28.55,28.06999,-4.600006,28.33,0.08976007,-0.05915999,0.0,4.0,3.0,1689.0,93.0,0.0,-0.01000977,0.0,13.7,9.75,0.0,-0.7319120827475567,-0.244312115782777,-230.1120482847353,-132.88446381897916,4.390218653759057,7.71611111111111
137.0,57524.8,52.2020573,-2.1996688,28.346,252.475,73.62,-0.08,0.1,31.79999,28.929990000000004,28.5,28.8,28.28,-4.600006,28.66,0.07956004,-0.05915999,0.0,4.0,3.0,1690.0,93.0,0.0,-0.01000977,0.0,13.8,9.75,0.0,-0.7508427472313698,-0.23710004486656772,-230.86289103196665,-133.12156386384572,4.406520028972683,7.873888888888889
137.0,57524.9,52.20205539999999,-2.19968,28.634,253.705,73.61,-0.09,0.1,31.0,29.12,28.649990000000003,29.08,28.48999,-4.600006,28.86,0.05915999,-0.05915999,0.0,4.0,3.0,1700.0,93.0,0.0,-0.01000977,0.0,13.7,9.75,0.0,-0.7634379431206183,-0.2231725600777586,-231.62632897508726,-133.34473642392348,4.427987578772214,7.953888888888889
137.0,57525.0,52.2020533,-2.1996912,28.642,253.428,73.6,-0.08,0.1,30.79999,28.98999,28.539990000000003,29.11,28.67,-4.399994,28.93,0.0397799,-0.02958012,0.0,4.0,3.0,1741.0,93.0,0.0,-0.01000977,0.0,13.7,9.75,0.0,-0.7625630754145845,-0.22692420791468593,-232.38889205050185,-133.57166063183817,4.423153016744189,7.9561111111111105
137.0,57525.1,52.2020513,-2.1997026,29.167,253.768,73.61,-0.06,0.1,30.29999,29.039990000000003,28.67,29.11,28.56999,-4.5,28.81,0.009180069,-0.04997993,0.0,4.0,3.0,1806.0,93.0,0.0,-0.01000977,0.0,13.7,9.75,0.0,-0.7778982449323151,-0.22647153980106657,-233.16679029543417,-133.79813217163922,4.4290871362009705,8.101944444444445
137.0,57525.2,52.2020494,-2.199714,29.02,254.676,73.6,-0.07,0.1,28.0,28.98999,28.72,29.22,28.64,-4.199982,28.88,-0.009180069,-0.07956004,0.0,4.0,3.0,1784.0,93.0,0.0,-0.01000977,0.0,13.7,9.75,0.0,-0.7774512839383276,-0.21303667421229547,-233.9442415793725,-134.01116884585153,4.444934725809079,8.06111111111111
137.0,57525.3,52.2020476,-2.1997253,28.876,254.911,73.61,-0.04,0.1,25.29999,29.149990000000003,28.75999,29.22,28.53,-3.899994,28.9,-0.009180069,-0.02958012,0.0,4.0,3.0,1708.0,93.0,0.0,-0.01000977,0.0,13.8,9.75,0.0,-0.7744564266334957,-0.20880487976572334,-234.71869800600598,-134.21997372561725,4.449036249551265,8.02111111111111
137.0,57525.4,52.2020457,-2.1997366,28.724,255.394,73.6,-0.04,0.1,23.59998,29.16,28.86,29.06999,28.72,-3.299988,28.96,-0.009180069,-0.02958012,0.0,4.0,3.0,1574.0,93.0,0.0,-0.2400208,0.0,13.8,9.75,2.0,-0.7721033289829097,-0.20120419574614876,-235.4908013349889,-134.4211779213634,4.4574661898383985,7.978888888888889
137.0,57525.5,52.2020441,-2.199748,28.699,256.34,73.59,-0.05,0.1,22.59998,29.06,28.91,29.12,28.61,-2.699982,28.99,0.0,-0.009180069,0.0,4.0,3.0,1430.0,93.0,0.0,-0.01000977,0.0,13.8,9.75,4.0,-0.7746451837038474,-0.1882652958394588,-236.26544651869276,-134.60944321720288,4.473977004562264,7.9719444444444445
137.0,57525.6,52.2020424,-2.1997595,28.994,256.513,73.6,-0.03,0.1,22.5,29.179990000000004,28.81,29.06999,28.72,-3.199982,28.9,0.0,0.0,0.0,4.0,3.0,1322.0,93.0,0.0,-0.01000977,0.0,13.7,9.75,5.0,-0.7831785687116303,-0.18783660946812575,-237.0486250874044,-134.797279826671,4.476996424168214,8.053888888888888
137.0,57525.7,52.202040700000005,-2.1997709,28.958,256.143,73.59,-0.03,0.1,20.0,29.06,28.83,29.02,28.83,-2.100006,28.94,0.0,-0.01938009,0.0,4.0,3.0,1239.0,93.0,0.0,-0.01000977,0.0,13.7,9.75,5.0,-0.7809783546989368,-0.1926507047992372,-237.82960344210332,-134.98993053147024,4.4705387059358355,8.043888888888889
137.0,57525.8,52.2020391,-2.1997824,28.948,257.195,73.59,-0.03,0.1,16.79999,29.09999,28.789990000000003,29.179990000000004,28.66,-1.799988,28.98,0.009180069,0.0,0.0,4.0,3.0,1182.0,93.0,0.0,-0.01000977,0.0,13.7,9.75,5.0,-0.7841128813180541,-0.17821803602173586,-238.6137163234214,-135.16814856749198,4.488899569666816,8.04111111111111
137.0,57525.9,52.2020374,-2.1997937,28.75,256.863,73.6,-0.0,0.1,13.09998,29.05,28.8,28.94,28.77,-1.5,28.96,0.0,0.0397799,0.0,4.0,3.0,1170.0,93.0,0.0,-0.2400208,0.0,13.8,9.75,5.0,-0.7777109785092917,-0.1815085141150228,-239.3914273019307,-135.349657081607,4.483105076550195,7.986111111111111
137.0,57526.0,52.2020358,-2.1998053,29.045,256.941,73.6,-0.01,0.1,11.39996,28.98999,28.95,28.97,28.72,-0.5,28.96,0.0,0.0397799,0.0,4.0,3.0,1180.0,93.0,0.0,-0.01000977,0.0,13.8,9.75,5.0,-0.7859398745764666,-0.1823011739568254,-240.17736717650715,-135.53195825556384,4.48446643336675,8.068055555555556
137.0,57526.1,52.2020342,-2.1998168,28.998,257.308,73.61,0.0,0.1,9.899963,28.94,28.89,29.00999,28.8,-0.3999939,28.87,0.0,0.02957988,0.0,4.0,3.0,1162.0,93.0,0.0,-0.2400208,0.0,13.8,9.75,5.0,-0.7858177933750814,-0.176976398469169,-240.96318496988224,-135.70893465403302,4.4908717917215695,8.055
137.0,57526.2,52.2020326,-2.1998281,28.681,257.393,73.61,0.01,0.1,8.700012,28.899990000000003,28.89,28.84,28.62,-0.2999877999999999,28.95,0.0,0.0397799,0.0,4.0,3.0,1177.0,93.0,0.0,-0.01000977,0.0,13.7,9.75,4.0,-0.7774862237916325,-0.1738884976727033,-241.74067119367388,-135.8828231517057,4.492355321585764,7.966944444444445
137.0,57526.3,52.202031000000005,-2.1998396,28.998,256.879,73.61,0.01,0.1,6.399963,28.84,28.92,28.91,28.789990000000003,0.0,28.83,0.0,0.05915999,0.0,4.0,3.0,1167.0,93.0,0.0,-0.01000977,0.0,13.7,9.75,0.0,-0.7844706744182491,-0.1828551639352232,-242.52514186809213,-136.06567831564092,4.483384329230514,8.055
137.0,57526.4,52.2020295,-2.1998509,28.505,257.371,73.62,0.02,0.1,4.200012,28.789990000000003,28.81999,28.73,28.72,0.5,28.86,0.0,0.0397799,0.0,4.0,3.0,1167.0,93.0,0.0,-0.01000977,0.0,13.7,9.75,0.0,-0.7726487898793084,-0.17311812529796625,-243.29779065797143,-136.2387964409389,4.491971349150326,7.918055555555555
137.0,57526.5,52.2020278,-2.1998623,28.627,256.903,73.63,0.03,0.1,0.5,28.67,28.69,28.73999,28.56999,1.300018,28.69,0.0,0.06936002,0.0,4.0,3.0,1168.0,93.0,0.0,-0.01000977,0.0,13.8,9.75,0.0,-0.7745097140591815,-0.18019130751308082,-244.0723003720306,-136.41898774845197,4.483803208250992,7.951944444444444
137.0,57526.6,52.20202630000001,-2.1998737,28.753,257.138,73.64,0.05,0.1,0.0,28.539990000000003,28.75,28.53,28.629990000000003,1.700012,28.58,0.0,0.09995985,0.0,4.0,3.0,1168.0,93.0,0.0,-0.01000977,0.0,13.8,9.75,0.0,-0.7786544379854918,-0.17779224334013471,-244.8509548100161,-136.5967799917921,4.487904731993178,7.986944444444444
137.0,57526.7,52.2020246,-2.1998851000000004,28.822,256.923,73.65,0.06,0.1,0.0,28.379990000000003,28.55,28.52,28.45,2.200012,28.4,0.0,0.07956004,0.0,4.0,3.0,1172.0,93.0,0.0,-0.01000977,0.0,13.8,9.75,0.0,-0.7798487610632685,-0.18114651832881842,-245.63080357107938,-136.77792651012092,4.484152274101391,8.00611111111111
137.0,57526.8,52.202023,-2.1998965,28.778,256.895,73.67,0.07,0.1,0.0,28.3,28.55,28.42,28.45,2.399994,28.44,0.0,0.05915999,0.0,4.0,3.0,1162.0,93.0,0.0,-0.01000977,0.0,13.7,9.75,0.5,-0.7785697521639947,-0.1812504805353849,-246.4093733232434,-136.95917699065632,4.483663581910832,7.993888888888888
137.0,57526.9,52.2020214,-2.1999078,28.44,256.976,73.68,0.08,0.1,0.0,28.27,28.53,28.33,28.3,2.100006,28.42,-0.009180069,0.07956004,0.0,4.0,3.0,1160.0,93.0,0.0,-0.01000977,0.0,13.8,9.75,8.0,-0.7696778441032146,-0.1780337504425155,-247.1790511673466,-137.13721074109884,4.485077298604948,7.9
137.0,57527.0,52.2020195,-2.1999189,28.418000000000003,254.986,73.69,0.08,0.1,1.0,28.33,28.34,28.23999,28.37,1.800018,28.38,-0.009180069,0.06936002,0.0,4.0,3.0,1165.0,93.0,0.0,-0.01000977,0.0,13.7,9.75,12.0,-0.762441169924958,-0.20449518406235387,-247.94149233727157,-137.3417059251612,4.450345246490261,7.893888888888889
137.0,57527.1,52.2020178,-2.1999301000000004,28.242,255.836,73.69,0.08,0.1,1.899963,28.289990000000003,28.34,28.23999,28.31999,2.100006,28.37,-0.009180069,0.02957988,0.0,4.0,3.0,1180.0,93.0,0.0,-0.01000977,0.0,13.7,9.75,14.0,-0.7606506427699886,-0.19196575125163132,-248.70214298004157,-137.53367167641284,4.465180545132213,7.845
137.0,57527.2,52.2020162,-2.1999411,28.098000000000003,255.959,73.69,0.07,0.1,3.0,28.23999,28.31999,28.20999,27.969990000000003,1.5,28.25,0.0,0.0397799,0.0,4.0,3.0,1250.0,93.0,0.0,-0.01000977,0.0,13.7,9.75,15.5,-0.7571805036869592,-0.1893619149574774,-249.45932348372853,-137.72303359137032,4.467327300112166,7.805000000000001
137.0,57527.3,52.2020145,-2.1999523,28.13,256.315,73.72,0.09,0.1,5.700012,28.20999,28.129990000000003,28.09,28.25,0.7000122,28.2,0.0,0.05915999,0.0,4.0,3.0,1316.0,93.0,0.0,-0.01000977,0.0,13.7,9.75,17.0,-0.7592061106599265,-0.18486394244319185,-250.21852959438846,-137.90789753381353,4.473540672249266,7.813888888888888
137.0,57527.4,52.2020125,-2.1999631,27.918000000000003,253.853,73.72,0.09,0.1,8.799988,28.14,28.08,28.039990000000003,28.06999,0.7000122,28.18,0.009180069,0.04997993,0.0,4.0,3.0,1365.0,93.0,0.0,-0.01000977,0.0,13.8,9.75,18.0,-0.7449075706858443,-0.21566863734654143,-250.9634371650743,-138.12356617116006,4.430570666065165,7.755000000000001
137.0,57527.5,52.2020109,-2.1999743,27.99,256.284,73.75,0.11,0.1,9.899963,28.149990000000003,28.12,28.17,28.11,0.1000061,28.21,0.02957988,0.009180069,0.0,4.0,3.0,1371.0,93.0,0.0,-0.01000977,0.0,13.7,9.75,18.5,-0.755327989294103,-0.18435259311690533,-251.7187651543684,-138.30791876427696,4.472999620181147,7.7749999999999995
137.0,57527.6,52.202009100000005,-2.1999853,28.253,254.906,73.76,0.11,0.1,9.299988,28.20999,28.20999,28.22,28.00999,0.2000122,28.32,0.0397799,0.009180069,0.0,4.0,3.0,1410.0,93.0,0.0,-0.01000977,0.0,13.7,9.75,22.0,-0.757729689766933,-0.20436603748316828,-252.47649484413535,-138.51228480176013,4.448948983088666,7.848055555555556
137.0,57527.7,52.2020073,-2.1999964000000003,28.062,255.317,73.78,0.12,0.1,8.700012,28.42,28.39,28.45,28.23,-0.1999817,28.37,0.05915999,0.02957988,0.0,4.0,3.0,1438.0,93.0,0.0,-0.01000977,0.0,13.7,9.75,23.0,-0.75404386982215,-0.19758059718412796,-253.2305387139575,-138.70986539894426,4.456122286314362,7.795
137.0,57527.8,52.2020056,-2.2000077,28.537,256.025,73.8,0.14,0.1,9.0,28.70999,28.59999,28.45999,28.429990000000004,-0.1000061,28.51,0.06936002,0.04997993,0.0,4.0,3.0,1431.0,93.0,0.0,-0.01000977,0.0,13.7,9.75,23.5,-0.7692316339769487,-0.1914345202471065,-253.99977034793443,-138.90129991919136,4.468479217418482,7.926944444444444
137.0,57527.9,52.20200380000001,-2.200019,28.627,255.646,73.82,0.15,0.1,9.099976,28.84,28.81,28.679990000000004,28.59999,0.0,28.83,0.07956004,0.04997993,0.0,3.0,3.0,1439.0,93.0,0.0,-0.01000977,0.0,13.6,9.75,23.5,-0.770370469815123,-0.19713838721095256,-254.77014081774956,-139.0984383064023,4.461864419553423,7.951944444444444
137.0,57528.0,52.202002,-2.2000302,28.44,255.524,73.85,0.16,0.1,9.0,29.12,29.11,28.97,29.11,-0.1000061,28.99,0.07956004,0.04997993,0.0,3.0,3.0,1490.0,93.0,0.0,-0.01000977,0.0,13.7,9.75,21.0,-0.7649194231526734,-0.19747981183853053,-255.53506024090223,-139.29591811824082,4.459735117865991,7.9
137.0,57528.1,52.202,-2.2000415,28.89,254.102,73.86,0.15,0.1,8.399963,29.28,29.23,29.22,28.87,0.3000183,29.18,0.07956004,0.009180069,0.0,3.0,3.0,1559.0,93.0,0.0,-0.01000977,0.0,13.7,9.75,12.0,-0.7718050747350984,-0.21982533205513258,-256.3068653156373,-139.51574345029596,4.434916535902631,8.025
137.0,57528.2,52.2019984,-2.2000529,28.926,256.12,73.89,0.17,0.1,6.799988000000001,29.399990000000003,29.2,29.27,29.05,0.1000061,29.09,0.06936002,0.01937985,0.0,3.0,3.0,1629.0,93.0,0.0,-0.01000977,0.0,13.7,9.75,9.5,-0.7800380232468469,-0.19275095924314284,-257.08690333888416,-139.7084944095391,4.470137280207877,8.035
137.0,57528.3,52.2019966,-2.2000645000000003,29.128,256.231,73.92,0.19,0.1,6.200012,29.17,29.19,29.289990000000003,29.09,-0.1000061,29.21,0.05915999,0.05915999,0.0,4.0,3.0,1674.0,93.0,0.0,-0.01000977,0.0,13.7,9.75,9.0,-0.7858598443281961,-0.1925749080122337,-257.8727631832123,-139.90106931755133,4.47207459567759,8.091111111111111
137.0,57528.4,52.2019947,-2.200076,29.218000000000004,255.101,73.97,0.23,0.1,7.299988000000001,29.25,29.25999,29.16,29.3,0.2000122,29.23,0.0397799,0.05915999,0.0,4.0,3.0,1635.0,93.0,0.0,-0.01000977,0.0,13.8,9.75,8.5,-0.7843252057293139,-0.20867814292992454,-258.65708838894165,-140.10974746048126,4.452352375130054,8.116111111111111
137.0,57528.5,52.2019928,-2.2000874,29.12,254.612,73.98,0.22,0.1,8.799988,29.11,29.17,29.03,29.06999,0.8999939,29.2,0.01937985,0.01937985,0.0,4.0,3.0,1603.0,93.0,0.0,-0.01000977,0.0,13.7,9.75,8.5,-0.7798910319458139,-0.21464205752460247,-259.43697942088744,-140.32438951800586,4.443817715087802,8.088888888888889
137.0,57528.6,52.2019911,-2.200099,29.315,256.394,74.02,0.24,0.1,10.20001,29.06999,29.05,29.25999,28.94,0.2000122,29.04,0.009180069,0.0,0.0,4.0,3.0,1602.0,93.0,0.0,-0.01000977,0.0,13.7,9.75,8.5,-0.7914531867347934,-0.19156041087861123,-260.2284326076222,-140.51594992888448,4.474919482358342,8.143055555555556
137.0,57528.7,52.2019893,-2.2001103,28.832,255.612,74.04,0.24,0.1,11.0,28.98,28.95,28.98,28.84,-0.1999817,28.97,0.009180069,0.01937985,0.0,4.0,3.0,1596.0,93.0,0.0,-0.01000977,0.0,13.7,9.75,8.0,-0.7757691893876315,-0.19901049505625612,-261.00420179700984,-140.71496042394074,4.4612710076077455,8.008888888888889
137.0,57528.8,52.2019875,-2.2001217,29.027,255.226,74.08,0.26,0.1,13.09998,28.95999,28.81,28.95,28.73,-0.3999939,28.9,0.009180069,0.01937985,0.0,4.0,3.0,1568.0,93.0,0.0,-0.01000977,0.0,13.7,9.75,8.0,-0.7796484542173613,-0.20561356170309453,-261.7838502512272,-140.92057398564384,4.454534036695048,8.063055555555556
137.0,57528.9,52.2019857,-2.2001331000000004,28.811,255.628,74.11,0.26,0.1,14.59998,28.8,28.75999,28.73999,28.69,-0.6000061,28.78,0.01937985,0.0,0.0,4.0,3.0,1544.0,93.0,0.0,-0.01000977,0.0,13.7,9.75,8.0,-0.775259655682368,-0.1986490587048999,-262.55910990690955,-141.11922304434873,4.461550260288065,8.003055555555555
137.0,57529.0,52.2019839,-2.2001444,28.75,255.468,74.15,0.28,0.1,15.29999,28.83,28.649990000000003,28.70999,28.44,-1.0,28.69,0.009180069,0.0,0.0,4.0,3.0,1513.0,93.0,0.0,-0.01000977,0.0,13.7,9.75,8.0,-0.7730616655811257,-0.20038804355315035,-263.33217157249067,-141.31961108790188,4.458757733484874,7.986111111111111
137.0,57529.1,52.2019821,-2.2001557000000003,28.638,255.46,74.18,0.28,0.1,15.20001,28.62,28.58,28.64,28.45999,-1.100006,28.65,0.009180069,0.0,0.0,4.0,3.0,1489.0,93.0,0.0,-0.01000977,0.0,13.8,9.75,10.5,-0.7700222082659336,-0.19971491876486172,-264.1021937807566,-141.51932600666674,4.458618107144714,7.955
137.0,57529.2,52.2019804,-2.2001668,28.364,255.893,74.2,0.27,0.1,15.20001,28.62,28.47,28.67,28.289990000000003,-1.199982,28.57,0.009180069,0.0,0.0,4.0,3.0,1454.0,93.0,0.0,-0.01000977,0.0,13.7,9.75,10.5,-0.764127928698756,-0.1920349182235271,-264.86632170945535,-141.71136092489027,4.46617538280585,7.878888888888889
137.0,57529.3,52.2019787,-2.2001781000000005,28.386,256.381,74.25,0.3,0.1,15.20001,28.5,28.34999,28.58,28.23999,-1.100006,28.46,0.01937985,0.0,0.0,4.0,3.0,1449.0,93.0,0.0,-0.01000977,0.0,13.7,9.75,10.5,-0.7663297226812998,-0.18566369094468138,-265.63265143213664,-141.89702461583497,4.474692589555581,7.885
137.0,57529.4,52.2019771,-2.2001893,28.3,256.621,74.29,0.32,0.1,15.20001,28.45,28.3,28.48999,28.129990000000003,-1.100006,28.38,0.02957988,0.0,0.0,4.0,3.0,1417.0,93.0,0.0,-0.2400208,0.0,13.8,9.75,10.5,-0.7647766474271877,-0.1818993088562375,-266.39742807956384,-142.0789239246912,4.478881379760368,7.861111111111111
137.0,57529.5,52.2019754,-2.2002005,28.35,256.27,74.32,0.32,0.1,16.70001,28.3,28.09,28.2,28.06999,-1.299988,28.23,0.02957988,0.02957988,0.0,4.0,3.0,1391.0,93.0,0.0,-0.01000977,0.0,13.8,9.75,10.5,-0.7649971706964563,-0.18691061721158847,-267.1624252502603,-142.2658345419028,4.472755274085868,7.875
137.0,57529.6,52.2019737,-2.2002117,28.465,256.118,74.36,0.33,0.1,17.0,28.27,28.19,28.17,28.179990000000004,-1.199982,28.17,0.01937985,0.009180069,0.0,4.0,3.0,1366.0,93.0,0.0,-0.01000977,0.0,13.7,9.75,16.0,-0.7675997648402147,-0.18970583937389954,-267.9300250151005,-142.45554038127668,4.4701023736228365,7.906944444444444
137.0,57529.7,52.201972100000006,-2.2002228,28.084,256.608,74.4,0.34,0.1,15.79999,28.2,28.09,28.25,27.86,-1.199982,28.19,0.01937985,-0.01938009,0.0,4.0,3.0,1272.0,93.0,0.0,-0.01000977,0.0,13.5,9.75,20.5,-0.758898506737022,-0.1806831540330494,-268.6889235218375,-142.63622353530974,4.478654486957609,7.801111111111111
137.0,57529.8,52.2019705,-2.2002339,28.058000000000003,256.761,74.43,0.33,0.1,16.09998,28.20999,28.16,28.289990000000003,28.03,-1.100006,28.18,0.02957988,0.009180069,0.0,4.0,3.0,1281.0,93.0,0.0,-0.01000977,0.0,13.7,9.75,23.0,-0.7586752604331899,-0.17849058611055202,-269.4475987822707,-142.81471412142028,4.481324840713161,7.7938888888888895
137.0,57529.9,52.2019689,-2.200245,28.073,257.108,74.48,0.35,0.1,17.39996,28.17,27.98,28.039990000000003,27.74,-1.600006,28.11,0.04997993,0.009180069,0.0,4.0,3.0,1294.0,93.0,0.0,-0.01000977,0.0,13.7,9.75,23.5,-0.7601484949449318,-0.17398554568774885,-270.2077472772156,-142.98869966710802,4.487381133217581,7.798055555555555
137.0,57530.0,52.2019673,-2.2002562,28.289,256.627,74.49,0.32,0.1,18.0,28.06999,27.99,28.09999,27.84,-1.299988,28.04,0.0397799,-0.009180069,0.0,3.0,3.0,1391.0,93.0,0.0,-0.2400208,0.0,13.5,9.75,23.5,-0.76449842127468,-0.18174854885389682,-270.97224569849027,-143.17044821596193,4.478986099515488,7.858055555555556
137.0,57530.1,52.2019658,-2.2002674,28.224,257.272,74.52,0.33,0.1,18.0,28.23,28.09,28.33,27.96,-1.399994,28.26,0.04997993,-0.01938009,0.0,3.0,3.0,1550.0,93.0,0.0,-0.01000977,0.0,13.7,9.75,24.0,-0.7647347604252558,-0.17273316472908962,-271.7369804589155,-143.34318138069102,4.490243473190851,7.84
137.0,57530.2,52.2019642,-2.2002786,28.141,257.151,74.57,0.35,0.1,18.39996,28.539990000000003,28.379990000000003,28.53,28.2,-1.699982,28.39,0.06936002,0.0,0.0,3.0,3.0,1652.0,93.0,0.0,-0.01000977,0.0,13.7,9.75,24.0,-0.7621204457649163,-0.17383506729769405,-272.49910090468046,-143.5170164479887,4.488131624795939,7.816944444444443
137.0,57530.3,52.2019626,-2.2002897,28.213,257.196,74.56,0.29,0.1,21.39996,28.8,28.64,28.45999,28.289990000000003,-1.600006,28.69,0.08976007,-0.009180069,0.0,3.0,3.0,1700.0,93.0,0.0,-0.01000977,0.0,13.7,9.75,24.0,-0.7642070082062311,-0.17367967889643288,-273.2633079128867,-143.69069612688514,4.4889170229593365,7.836944444444445
137.0,57530.4,52.2019612,-2.2003011,28.462,258.084,74.6,0.31,0.1,28.5,28.98999,28.75999,28.94,28.45999,-2.5,28.76,0.1091398999999999,-0.06936002,0.0,3.0,3.0,1735.0,93.0,0.0,-0.01000977,0.0,13.8,9.75,24.0,-0.7735745199637591,-0.1632433492525358,-274.03688243285046,-143.85393947613767,4.504415546717046,7.906111111111111
137.0,57530.5,52.2019597,-2.2003126,28.858,258.332,74.63,0.31,0.1,33.59998,29.23,29.03,29.23999,28.77,-3.699982,29.01,0.12954,-0.06936002,0.0,3.0,3.0,1728.0,93.0,0.0,-0.01000977,0.0,13.7,9.75,24.0,-0.7850465515222962,-0.1621181217499794,-274.82192898437273,-144.01605759788765,4.508743963261991,8.016111111111112
137.0,57530.6,52.20195820000001,-2.2003241,28.93,257.923,74.66,0.32,0.1,34.89996,29.62,29.12,29.41,28.91,-5.299988,29.35,0.13974,-0.05915999,0.0,3.0,3.0,1744.0,93.0,0.0,-0.01000977,0.0,13.6,9.75,15.5,-0.7858250308950275,-0.16813636941501864,-275.60775401526774,-144.18419396730266,4.501605566621334,8.036111111111111
137.0,57530.7,52.2019567,-2.2003359,29.506,258.314,74.69,0.31,0.1,31.09998,29.899990000000003,29.5,29.70999,29.22,-4.799988,29.55,0.13974,-0.09996009,0.0,3.0,3.0,1684.0,93.0,0.0,-0.2400208,0.0,13.7,9.75,11.5,-0.80262248384272,-0.16601060775424248,-276.41037649911044,-144.3502045750569,4.508429803996632,8.196111111111112
137.0,57530.8,52.2019554,-2.2003478000000003,29.801,259.85400000000004,74.72,0.32,0.1,25.09998,29.929990000000004,29.61,30.45,29.56999,-3.5,29.83,0.1193398999999999,-0.06936002,0.0,3.0,3.0,1656.0,93.0,0.0,-0.01000977,0.0,13.8,9.75,11.5,-0.814860389617702,-0.14582380889528596,-277.22523688872815,-144.49602838395217,4.535307874477346,8.278055555555556
137.0,57530.9,52.2019543,-2.2003600000000003,30.161,260.904,74.75,0.31,0.1,21.39996,30.09,29.84999,30.289990000000003,29.59999,-3.5,29.95,0.0397799,0.01937985,0.0,3.0,3.0,1720.0,93.0,0.0,-0.01000977,0.0,13.8,9.75,11.5,-0.8272700215556688,-0.1324479533818335,-278.0525069102838,-144.628476337334,4.553633831623285,8.378055555555555
137.0,57531.0,52.201953,-2.2003719,29.765,260.04200000000003,74.79,0.32,0.1,18.79999,30.33,30.039990000000003,30.06999,30.039990000000003,-2.699982,30.15,0.01937985,0.02957988,0.0,3.0,3.0,1707.0,93.0,0.0,-0.2400208,0.0,13.8,9.75,11.5,-0.8143495472797003,-0.1429763670781921,-278.8668564575635,-144.7714527044122,4.538589093471095,8.268055555555556
137.0,57531.1,52.2019517,-2.2003837,29.466,260.365,74.82,0.33,0.1,11.29999,30.16,30.0,30.25,29.72,-1.5,30.06,0.01937985,0.0,0.0,3.0,3.0,1724.0,93.0,0.0,-0.01000977,0.0,13.7,9.75,11.5,-0.8069542225328636,-0.13699318499977173,-279.6738106800963,-144.90844588941198,4.544226506955036,8.185
137.0,57531.2,52.2019506,-2.2003956,29.542,261.219,74.86,0.34,0.1,4.700012,29.879990000000003,29.87,29.84999,29.64,-0.1999817,29.88,0.02957988,0.0397799,0.0,3.0,3.0,1721.0,93.0,0.0,-0.01000977,0.0,13.7,9.75,11.5,-0.8109927768037237,-0.12527294860103708,-280.48480345690007,-145.03371883801302,4.559131618767068,8.206111111111111
138.0,57531.3,52.201949600000006,-2.2004076,29.79,261.649,74.91,0.35,0.1,0.0,29.50999,29.58,29.69,29.55,1.100006,29.57,0.0397799,0.1193398999999999,0.0,3.0,3.0,1734.0,93.0,0.0,-0.01000977,0.0,13.7,9.75,11.5,-0.8187259372649871,-0.12018356647049727,-281.3035293941651,-145.15390240448352,4.566636534550644,8.275
138.0,57531.4,52.2019482,-2.2004196,29.956,260.022,74.96,0.38,0.1,0.0,29.47,29.59999,29.7,29.75999,2.399994,29.49,0.02957988,0.08976007,0.0,3.0,3.0,1744.0,93.0,0.0,-0.01000977,0.0,13.6,9.75,11.5,-0.8195248951143365,-0.14417991372727257,-282.1230542892794,-145.2980823182108,4.538240027620695,8.321111111111112
138.0,57531.5,52.2019471,-2.2004316,29.963,260.831,75.0,0.38,0.1,0.0,29.5,29.83,29.55,29.539990000000003,3.300018,29.62,0.01937985,0.1091398999999999,0.0,3.0,3.0,1752.0,93.0,0.0,-0.01000977,0.0,13.8,9.75,11.5,-0.8216708750498545,-0.1326254534523769,-282.94472516432927,-145.43070777166315,4.55235974126933,8.323055555555555
138.0,57531.6,52.2019457,-2.2004434,29.488000000000003,259.837,75.03,0.37,0.1,0.0,29.5,29.83,29.48,29.75,3.200012,29.72,0.01937985,0.1193398999999999,0.0,3.0,3.0,1766.0,93.0,0.0,-0.01000977,0.0,13.8,9.75,11.5,-0.8062590604389088,-0.14453144919306393,-283.75098422476816,-145.57523922085622,4.535011168504506,8.191111111111113
138.0,57531.7,52.2019443,-2.2004551,29.48,258.67900000000003,75.06,0.36,0.1,0.0,29.37,29.77,29.2,29.48,4.5,29.6,0.01937985,0.1193398999999999,0.0,3.0,3.0,1757.0,93.0,0.0,-0.01000977,0.0,13.8,9.75,11.5,-0.8029555832569811,-0.1607524297238464,-284.5539398080251,-145.73599165058008,4.514800255766413,8.188888888888888
138.0,57531.8,52.20194289999999,-2.2004668,29.268,259.063,75.09,0.36,0.1,0.0,29.22,29.73,29.27,29.539990000000003,5.300018,29.46,0.01937985,0.12954,0.0,3.0,3.0,1753.0,93.0,0.0,-0.2400208,0.0,13.8,9.75,15.0,-0.7982329894985156,-0.15425010365073605,-285.3521727975236,-145.8902417542308,4.521502320094069,8.13
138.0,57531.9,52.201941600000005,-2.2004788,29.887,259.851,75.15,0.38,0.1,0.0,29.20999,29.67,29.3,29.69,6.200012,29.46,0.02957988,0.14994,0.0,3.0,3.0,1742.0,93.0,0.0,-0.01000977,0.0,13.7,9.75,18.0,-0.817204262756559,-0.14628741750037388,-286.16937706028017,-146.03652917173116,4.535255514599785,8.301944444444445
138.0,57532.0,52.20194,-2.2004905,29.43,257.865,75.17,0.36,0.1,0.0,29.33,29.87,29.28,29.679990000000004,7.100006,29.52,0.02957988,0.1897199,0.0,3.0,3.0,1726.0,93.0,0.0,-0.01000977,0.0,13.7,9.75,20.0,-0.7992329671108717,-0.17185143084406457,-286.96861002739104,-146.20838060257523,4.500593275655178,8.174999999999999
138.0,57532.1,52.2019383,-2.2005021,29.527,256.958,75.19,0.33,0.1,0.0,29.33,29.92,29.09,29.86,8.300018,29.7,0.02957988,0.1999198999999999,0.0,3.0,3.0,1703.0,93.0,0.0,-0.01000977,0.0,13.7,9.75,23.5,-0.7990374510597367,-0.18508937976418305,-287.7676474784508,-146.3934699823394,4.48476313933959,8.201944444444445
138.0,57532.2,52.201936700000005,-2.2005138000000004,29.57,256.9,75.22,0.33,0.1,0.0,29.36,30.00999,29.27,29.91,8.800018,29.68,0.04997993,0.1897199,0.0,3.0,3.0,1695.0,93.0,0.0,-0.01000977,0.0,13.7,9.75,24.0,-0.8000130375678209,-0.18616886558077247,-288.5676605160186,-146.5796388479202,4.4837508483734325,8.213888888888889
138.0,57532.3,52.2019348,-2.2005254,29.452,255.917,75.25,0.32,0.1,0.0,29.39,30.09999,29.2,29.98,8.200012,29.68,0.05915999,0.14994,0.0,3.0,3.0,1722.0,93.0,0.0,-0.2400208,0.0,13.7,9.75,24.5,-0.7935221718643889,-0.19906871397354226,-289.36118268788294,-146.77870756189373,4.466594261826328,8.181111111111111
138.0,57532.4,52.2019329,-2.2005371,29.729,254.569,75.32,0.37,0.1,0.0,29.48999,30.14,29.42,29.94,7.899994,29.83,0.07956004,0.12954,0.0,3.0,3.0,1773.0,93.0,0.0,-0.01000977,0.0,13.8,9.75,24.5,-0.7960365728923126,-0.21972844650677792,-290.15721926077526,-146.9984360084005,4.443067223509445,8.258055555555556
138.0,57532.5,52.201930700000005,-2.2005488,29.995,253.621,75.32,0.32,0.1,0.0,29.66,30.25999,29.649990000000003,30.289990000000003,7.200011999999999,29.95,0.08976007,0.09995985,0.0,3.0,3.0,1822.0,93.0,0.0,-0.01000977,0.0,13.8,9.75,25.0,-0.7993812422935298,-0.23495236053791732,-290.9566005030688,-147.2333883689384,4.426521502200539,8.331944444444444
138.0,57532.6,52.2019286,-2.2005606,30.11,253.373,75.37,0.34,0.1,0.0,30.06,30.62,29.879990000000003,30.27,6.399994,30.26,0.1091398999999999,0.06936002,0.0,3.0,3.0,1878.0,93.0,0.0,0.4700011999999999,0.0,13.7,9.75,26.0,-0.8014176633405917,-0.2393242619177921,-291.7580181664094,-147.4727126308562,4.422193085655593,8.363888888888889
138.0,57532.7,52.2019263,-2.2005724,30.496,252.648,75.39,0.33,0.1,0.0,30.53,30.929990000000004,30.399990000000003,30.679990000000004,4.5,30.7,0.12954,0.06936002,0.0,3.0,3.0,1919.0,93.0,0.0,-0.01000977,0.0,13.7,9.75,27.0,-0.8085595227854446,-0.2526434892904927,-292.56657768919484,-147.7253561201467,4.4095394485786334,8.47111111111111
138.0,57532.8,52.2019239,-2.2005841,30.348000000000003,251.404,75.43,0.33,0.1,2.200012,31.12,31.31,30.81,30.95999,3.0,31.15,0.14994,0.0,0.0,3.0,3.0,1954.0,93.0,0.0,-0.01000977,0.0,13.7,9.75,27.0,-0.7989875392445359,-0.2688269185404641,-293.3655652284394,-147.99418303868717,4.387827552683825,8.43
138.0,57532.9,52.2019215,-2.200596,30.776,251.739,75.45,0.32,0.1,9.899963,31.56,31.7,31.23999,31.17,1.100006,31.41,0.1693199,-0.02958012,0.0,3.0,3.0,1970.0,93.0,0.0,-0.01000977,0.0,13.7,9.75,27.0,-0.8118358172153815,-0.2678761247888901,-294.17740104565473,-148.26205916347607,4.393674405678006,8.54888888888889
138.0,57533.0,52.2019189,-2.2006082,31.572,251.136,75.5,0.33,0.1,16.09998,31.98999,31.83,31.8,31.73,-0.6000061,31.8,0.1795198999999999,-0.05915999,0.0,3.0,3.0,1974.0,93.0,0.0,-0.2400208,0.0,13.7,9.75,27.0,-0.8298951858488494,-0.2835541932416163,-295.0072962315036,-148.5456133567177,4.38315007028848,8.77
138.0,57533.1,52.2019164,-2.2006206,32.044000000000004,251.731,75.54,0.34,0.1,19.79999,32.36,32.3,32.44,32.03999,-1.399994,32.22,0.1795198999999999,-0.07956004,0.0,3.0,3.0,1966.0,93.0,0.0,-0.01000977,0.0,13.7,9.75,27.0,-0.8452452607728307,-0.2790308930289376,-295.85254149227643,-148.82464424974663,4.393534779337846,8.901111111111112
138.0,57533.2,52.2019139,-2.2006330000000003,32.101,251.86,75.57,0.34,0.1,20.59998,32.89,32.64,32.8,32.3,-2.5,32.76,0.1693199,-0.06936002,0.0,3.0,3.0,1957.0,93.0,0.0,-0.01000977,0.0,13.7,9.75,27.0,-0.8473759883772893,-0.27762009396781573,-296.6999174806537,-149.10226434371444,4.3957862540729185,8.916944444444445
138.0,57533.3,52.2019115,-2.2006459,32.929,252.414,75.6,0.34,0.1,20.5,33.33,33.11,33.23,32.75999,-2.399994,33.15,0.1693199,-0.04997993,0.0,3.0,3.0,1969.0,93.0,0.0,-0.01000977,0.0,13.8,9.75,27.0,-0.8719457625781981,-0.27636301094657273,-297.5718632432319,-149.378627354661,4.405455378128967,9.146944444444445
138.0,57533.4,52.201909,-2.2006588,33.221,252.506,75.64,0.35,0.1,20.5,33.77,33.53999,33.58,33.28,-2.399994,33.53,0.16014,-0.03978014,0.0,3.0,3.0,1986.0,93.0,0.0,-0.9599915,0.0,13.7,9.75,27.0,-0.8801243547494138,-0.2774008174846023,-298.4519875979813,-149.6560281721456,4.407061081040802,9.228055555555555
138.0,57533.5,52.20190649999999,-2.2006718000000003,33.563,252.784,75.67,0.34,0.1,20.59998,34.16,33.97,34.03999,33.62999,-2.600006,34.0,0.16014,-0.02958012,0.0,3.0,3.0,2015.0,93.0,0.0,-0.01000977,0.0,13.8,9.75,27.0,-0.8905343021403707,-0.27593895272526575,-299.3425219001217,-149.93196712487085,4.411913096361346,9.323055555555555
138.0,57533.6,52.201904,-2.2006851000000003,34.132,252.853,75.71,0.35,0.1,20.59998,34.55,34.31,34.42,34.08,-2.5,34.34,0.16014,-0.04997993,0.0,3.0,3.0,2009.0,93.0,0.0,-0.01000977,0.0,13.7,9.75,27.0,-0.9059689854518761,-0.2795261640913847,-300.2484908855736,-150.21149328896223,4.413117373545222,9.48111111111111
138.0,57533.7,52.20190160000001,-2.2006986,34.474000000000004,253.468,75.74,0.35,0.1,20.70001,34.89999,34.78,34.92,34.349990000000005,-2.100006,34.74,0.14994,-0.05915999,0.0,3.0,3.0,2021.0,93.0,0.0,-0.01000977,0.0,13.7,9.75,27.0,-0.9180243882742263,-0.27248901382842916,-301.1665152738478,-150.48398230279065,4.423851148444987,9.576111111111112
138.0,57533.8,52.2018991,-2.200712,34.531,253.586,75.77,0.34,0.1,21.39996,35.28,35.08,35.14999,34.81,-2.399994,35.12,0.13974,-0.04997993,0.0,3.0,3.0,2059.0,93.0,0.0,-0.01000977,0.0,13.7,9.75,27.0,-0.9201024334913441,-0.2710451883660596,-302.08661770733914,-150.7550274911567,4.425910636962341,9.591944444444444
138.0,57533.9,52.20189679999999,-2.2007259,35.219,253.976,75.83,0.36,0.1,22.20001,35.66,35.53999,35.64,35.14,-2.600006,35.49,0.13974,-0.07956004,0.0,3.0,3.0,2104.0,93.0,0.0,-0.01000977,0.0,13.8,9.75,26.5,-0.9402946210875879,-0.27005144988430246,-303.0269123284267,-151.02507894104102,4.432717421045118,9.783055555555556
138.0,57534.0,52.2018943,-2.2007398,35.464,254.026,75.86,0.35,0.1,22.29999,36.08,35.87999,35.97,35.48,-2.399994,35.87,0.14994,-0.06936002,0.0,3.0,3.0,2116.0,93.0,0.0,-0.01000977,0.0,13.8,9.75,22.5,-0.9470726978097952,-0.2711036818227374,-303.9739850262365,-151.29618262286377,4.433590085671116,9.851111111111111
138.0,57534.1,52.201892,-2.2007538,35.59,254.546,75.89,0.35,0.1,22.20001,36.31999,36.22,36.25,35.92,-2.5,36.2,0.14994,-0.05915999,0.0,3.0,3.0,2115.0,93.0,0.0,-0.01000977,0.0,13.7,9.75,20.0,-0.9528675751996556,-0.26342990176795494,-304.92685260143617,-151.55961252463172,4.442665797781486,9.886111111111111
138.0,57534.2,52.2018896,-2.2007680000000005,36.317,254.573,75.92,0.35,0.1,22.20001,36.62,36.44,36.67,36.22,-2.5,36.47,0.13974,-0.05915999,0.0,3.0,3.0,2104.0,93.0,0.0,-0.2400208,0.0,13.7,9.75,17.0,-0.9724584495898961,-0.26835277665969565,-305.8993110510261,-151.8279653012914,4.443137036679524,10.088055555555556
138.0,57534.3,52.2018872,-2.2007824,36.511,254.786,75.97,0.36,0.1,22.20001,36.94,36.61,36.92,36.45,-2.699982,36.78,0.1193398999999999,-0.08976007,0.0,4.0,3.0,2084.0,93.0,0.0,-0.01000977,0.0,13.7,9.75,15.0,-0.9786493640069223,-0.2661499454646235,-306.877960415033,-152.09411524675605,4.446854587986272,10.141944444444444
138.0,57534.4,52.2018851,-2.200797,36.698,255.736,76.0,0.35,0.1,24.0,37.02,36.8,37.09,36.56999,-2.699982,36.87,0.08976007,-0.06936002,0.0,4.0,3.0,2094.0,93.0,0.0,-0.2400208,0.0,13.8,9.75,13.0,-0.987961877856717,-0.2511673439998785,-307.8659222928897,-152.34528259075591,4.463435215880218,10.193888888888889
138.0,57534.5,52.201882700000006,-2.2008116,37.012,255.155,76.07,0.38,0.1,27.89996,37.06999,36.62999,36.98,36.73,-3.100006,36.79,0.07956004,-0.08976007,0.0,4.0,3.0,2099.0,93.0,0.0,-0.01000977,0.0,13.7,9.75,11.0,-0.9937952952858051,-0.2634072281808584,-308.8597175881755,-152.60868981893677,4.453294852926131,10.28111111111111
138.0,57534.6,52.2018804,-2.2008263,37.159,255.321,76.11,0.37,0.1,31.29999,37.03,36.66,37.23999,36.58,-3.799988,36.88,0.0397799,-0.14994,0.0,4.0,3.0,2117.0,93.0,0.0,-0.01000977,0.0,13.8,9.75,9.5,-0.9985043350998373,-0.26156158725777584,-309.8582219232753,-152.87025140619454,4.456192099484442,10.321944444444444
138.0,57534.7,52.2018783,-2.2008409,36.914,256.115,76.16,0.38,0.1,31.39996,37.11,36.62,37.31,36.56999,-5.199982,36.87,0.01937985,-0.14994,0.0,4.0,3.0,2114.0,93.0,0.0,-0.01000977,0.0,13.7,9.75,8.5,-0.9954263486614828,-0.24606657198258067,-310.85364827193683,-153.1163179781771,4.470050013745277,10.25388888888889
138.0,57534.8,52.2018761,-2.2008555000000003,37.022,256.28700000000003,76.19,0.37,0.1,29.59998,37.00999,36.62999,37.08,36.27,-5.100006,36.82,0.009180069,-0.14994,0.0,4.0,3.0,2096.0,93.0,0.0,-0.01000977,0.0,13.8,9.75,8.0,-0.9990750318972309,-0.2437884070862901,-311.85272330383407,-153.3601063852634,4.473051980058708,10.283888888888889
138.0,57534.9,52.2018742,-2.20087,36.313,257.531,76.23,0.36,0.1,26.0,36.78,36.41,36.81,36.16,-4.399994,36.55,0.0,-0.1091398999999999,0.0,4.0,3.0,2078.0,93.0,0.0,-0.01000977,0.0,13.8,9.75,7.0,-0.9849023376323705,-0.21778858459381834,-312.83762564146645,-153.57789496985723,4.494763875953517,10.086944444444445
138.0,57535.0,52.2018722,-2.2008848,37.12,257.659,76.25,0.35,0.1,23.89996,36.56,36.28999,36.92999,36.17,-3.3999940000000004,36.43,0.0,-0.1091398999999999,0.0,4.0,3.0,2051.0,93.0,0.0,-0.01000977,0.0,13.7,9.75,7.0,-1.00728510597186,-0.22037885276053315,-313.8449107474383,-153.79827382261777,4.49699789739607,10.31111111111111
138.0,57535.1,52.201870500000005,-2.2008995,36.932,258.54,76.28,0.35,0.1,21.5,36.64,36.37,36.8,36.23999,-2.899994,36.5,0.0,-0.08976007,0.0,4.0,3.0,2004.0,93.0,0.0,-0.2400208,0.0,13.8,9.75,7.0,-1.0054364098447122,-0.20382747141701688,-314.850347157283,-154.0021012940348,4.51237424810614,10.258888888888889
138.0,57535.2,52.2018687,-2.2009139,36.173,258.949,76.32,0.34,0.1,20.29999,36.75999,36.39,36.58,36.209990000000005,-2.899994,36.55,0.0,-0.05915999,0.0,4.0,3.0,1958.0,93.0,0.0,-0.01000977,0.0,13.8,9.75,7.0,-0.9861733979964911,-0.19260382540168589,-315.8365205552795,-154.19470511943646,4.519512644746797,10.048055555555555
138.0,57535.3,52.201867,-2.2009283,36.256,258.85900000000004,76.35,0.34,0.1,19.59998,36.37999,36.19,36.28999,35.78999,-2.100006,36.38,0.009180069,-0.05915999,0.0,4.0,3.0,1900.0,93.0,0.0,-0.01000977,0.0,13.8,9.75,7.0,-0.9881317466441198,-0.19459815363332197,-316.8246523019236,-154.38930327306977,4.517941848420002,10.071111111111112
138.0,57535.4,52.2018653,-2.2009429000000003,36.374,259.206,76.37,0.33,0.1,19.0,36.37999,36.02,36.47,36.19,-2.199982,36.28,0.009180069,-0.05915999,0.0,4.0,3.0,1824.0,93.0,0.0,-0.01000977,0.0,13.7,9.75,7.0,-0.9925119447731113,-0.18922406367272648,-317.81716424669673,-154.5785273367425,4.523998140924422,10.10388888888889
138.0,57535.5,52.2018637,-2.2009575,36.414,259.323,76.41,0.35,0.1,16.5,36.14999,36.05,36.34,35.92,-1.699982,36.15,0.009180069,-0.06936002,0.0,4.0,3.0,1744.0,93.0,0.0,-0.01000977,0.0,13.7,9.75,7.0,-0.9939881520878213,-0.18740278415498068,-318.81115239878454,-154.76593012089748,4.526040176149255,10.115
138.0,57535.6,52.2018621,-2.200972,36.266,259.873,76.44,0.33,0.1,14.0,36.349990000000005,36.17,36.25999,35.92,-1.399994,36.24,0.0,-0.01938009,0.0,4.0,3.0,1675.0,93.0,0.0,-0.01000977,0.0,13.8,9.75,7.0,-0.9916942042272745,-0.17712983587985018,-319.8028466030118,-154.94305995677732,4.5356394870352235,10.073888888888888
138.0,57535.7,52.2018604,-2.2009864,36.079,259.475,76.46,0.32,0.1,12.59998,36.31,36.25999,36.19,35.94,-0.6999816999999999,36.23,0.0,-0.02958012,0.0,4.0,3.0,1596.0,93.0,0.0,-0.01000977,0.0,13.7,9.75,7.0,-0.9853328222913911,-0.18306538119095786,-320.7881794253032,-155.1261253379683,4.528693076612287,10.021944444444445
138.0,57535.8,52.201858900000005,-2.2010008,35.982,260.107,76.48,0.31,0.1,12.0,36.12,36.02,35.98,35.709990000000005,-0.2999877999999999,36.1,0.009180069,-0.03978014,0.0,4.0,3.0,1564.0,93.0,0.0,-0.01000977,0.0,13.7,9.75,7.0,-0.9846377587429326,-0.17172284081535108,-321.7728171840461,-155.29784817878365,4.5397235574848915,9.995
138.0,57535.9,52.2018573,-2.2010152,35.935,259.738,76.51,0.31,0.1,11.59998,35.89,35.81,36.03,35.8,-0.3999939,35.86,0.009180069,-0.02958012,0.0,4.0,3.0,1540.0,93.0,0.0,-0.01000977,0.0,13.8,9.75,7.0,-0.9822267348357443,-0.17782797950172427,-322.7550439188819,-155.47567615828538,4.533283292545032,9.981944444444444
138.0,57536.0,52.2018557,-2.2010295,35.878,259.278,76.56,0.34,0.1,10.0,35.72,35.69,35.87,35.8,0.0,35.8,0.0,-0.03978014,0.0,4.0,3.0,1533.0,93.0,0.0,-0.2400208,0.0,13.8,9.75,7.0,-0.9792117095011984,-0.18541341581952497,-323.7342556283831,-155.6610895741049,4.525254777985858,9.966111111111111
138.0,57536.1,52.2018542,-2.201044,36.014,260.67900000000003,76.57,0.31,0.1,7.899963,35.679990000000004,35.7,35.709990000000005,35.53999,0.2000122,35.72,0.0,-0.01938009,0.0,4.0,3.0,1515.0,93.0,0.0,-0.01000977,0.0,13.7,9.75,4.5,-0.9871801733919006,-0.16202849833989982,-324.721435801775,-155.8231180724448,4.549706840806299,10.00388888888889
138.0,57536.2,52.2018526,-2.2010582,35.719,259.646,76.6,0.31,0.1,6.700011999999999,35.64999,35.679990000000004,35.64999,35.459990000000005,0.5,35.6,0.0,0.0,0.0,4.0,3.0,1504.0,93.0,0.0,-0.01000977,0.0,13.7,9.75,3.0,-0.9760376333223525,-0.17832653735471013,-325.6974734350973,-156.0014446097995,4.531677589633198,9.921944444444444
138.0,57536.3,52.2018511,-2.2010724,35.395,259.991,76.62,0.3,0.1,6.599976,35.53999,35.55,35.47,35.37,0.8999939,35.55,0.0,0.0,0.0,4.0,3.0,1482.0,93.0,0.0,-0.01000977,0.0,13.7,9.75,1.5,-0.96823068146845,-0.17088201499736902,-326.6657041165658,-156.17232662479688,4.537698975552577,9.831944444444446
138.0,57536.4,52.2018496,-2.2010866,35.536,259.806,76.66,0.3,0.1,6.700011999999999,35.33,35.39999,35.42,35.2,0.8000183000000001,35.35,0.0,-0.009180069,0.0,4.0,3.0,1474.0,93.0,0.0,-0.01000977,0.0,13.7,9.75,0.5,-0.9715287200618562,-0.17470057748611936,-327.6372328366277,-156.347027202283,4.534470116436387,9.87111111111111
138.0,57536.5,52.201848000000005,-2.2011009,35.503,259.886,76.69,0.31,0.1,6.700011999999999,35.22,35.099990000000005,35.3,35.25,1.0,35.27,0.0,0.0,0.0,4.0,3.0,1453.0,93.0,0.0,-0.2400208,0.0,13.8,9.75,0.0,-0.9708692790406606,-0.17318292429727197,-328.6081021156683,-156.52021012658025,4.535866379837984,9.861944444444445
138.0,57536.6,52.2018465,-2.2011149,35.161,259.606,76.71,0.29,0.1,6.700011999999999,35.069990000000004,35.069990000000004,35.14,35.11,0.7000122,35.13,0.0,0.0,0.0,4.0,3.0,1433.0,93.0,0.0,-0.01000977,0.0,13.8,9.75,0.0,-0.9606672493444162,-0.17621144640935033,-329.5687693650127,-156.6964215729896,4.530979457932399,9.766944444444444
138.0,57536.7,52.2018449,-2.201129,35.269,259.676,76.75,0.3,0.1,6.700011999999999,35.00999,35.00999,34.89999,34.97,0.8000183000000001,34.95,0.0,0.009180069,0.0,4.0,3.0,1393.0,93.0,0.0,-0.01000977,0.0,13.8,9.75,0.0,-0.9638332453925381,-0.17557528172096398,-330.53260261040526,-156.87199685471057,4.532201188408795,9.796944444444444
138.0,57536.8,52.2018433,-2.2011429,34.808,259.198,76.77,0.29,0.1,6.399963,34.67,34.81,34.73999,34.44,0.7000122,34.78,-0.01938009,-0.01938009,0.0,4.0,3.0,1391.0,93.0,0.0,-0.01000977,0.0,13.7,9.75,0.0,-0.9497563035809029,-0.18121006391790184,-331.48235891398616,-157.05320691862846,4.523858514584262,9.668888888888889
138.0,57536.9,52.2018417,-2.2011568,34.859,259.536,76.79,0.29,0.1,5.899963,34.58,34.7,34.89999,34.55,0.8000183000000001,34.6,-0.01938009,-0.03978014,0.0,4.0,3.0,1402.0,93.0,0.0,-0.01000977,0.0,13.8,9.75,0.0,-0.9522018744605719,-0.17586142042394218,-332.43456078844673,-157.22906833905242,4.529757727456003,9.683055555555557
138.0,57537.0,52.2018402,-2.2011706,34.463,259.566,76.83,0.3,0.1,5.700012,34.349990000000005,34.47,34.33,34.28999,0.5,34.41,-0.009180069,0.009180069,0.0,4.0,3.0,1386.0,93.0,0.0,-0.01000977,0.0,13.7,9.75,0.0,-0.9414757188253136,-0.17337069406301053,-333.37603650727203,-157.40243903311543,4.530281326231601,9.573055555555555
138.0,57537.1,52.2018386,-2.2011843,34.42,259.467,76.86,0.3,0.1,5.899963,34.09,34.14,33.98,34.069990000000004,1.0,34.14,-0.009180069,0.0,0.0,4.0,3.0,1366.0,93.0,0.0,-0.01000977,0.0,13.7,9.75,0.0,-0.9400004327084691,-0.17477884110502173,-334.3160369399805,-157.57721787422045,4.528553450272127,9.561111111111112
138.0,57537.2,52.2018369,-2.2011981,34.438,259.005,76.89,0.31,0.1,6.799988000000001,33.75,33.92,34.06,33.98,1.0,34.01,-0.01938009,0.0,0.0,4.0,3.0,1365.0,93.0,0.0,-0.01000977,0.0,13.7,9.75,0.0,-0.9390513958269994,-0.1824480580784532,-335.2550883358075,-157.7596659322989,4.520490029127913,9.56611111111111
138.0,57537.3,52.2018354,-2.2012117,34.024,259.342,76.92,0.31,0.1,8.399963,33.87999,33.75999,33.84,33.77,0.2000122,33.77,-0.01938009,-0.009180069,0.0,4.0,3.0,1360.0,93.0,0.0,0.0,0.0,13.8,9.75,1.0,-0.9288066527306733,-0.17479477735024482,-336.18389498853816,-157.93446070964916,4.5263717887071335,9.45111111111111
138.0,57537.4,52.2018338,-2.2012251000000003,33.772,259.032,76.95,0.31,0.1,9.799988,33.64999,33.53,33.62999,33.37999,0.0,33.63,-0.01938009,-0.02958012,0.0,4.0,3.0,1368.0,93.0,0.0,0.0,0.0,13.8,9.75,7.0,-0.920975196613397,-0.17848569694246705,-337.1048701851515,-158.11294640659162,4.520961268025951,9.38111111111111
138.0,57537.5,52.2018321,-2.2012385,33.689,258.803,76.98,0.31,0.1,9.700012,33.47,33.41,33.56,33.39,-0.2999877999999999,33.43,-0.009180069,-0.03978014,0.0,4.0,3.0,1379.0,93.0,0.0,0.0,0.0,13.7,9.75,9.5,-0.9179928000920532,-0.1817175192098819,-338.0228629852436,-158.2946639258015,4.516964464038884,9.358055555555556
138.0,57537.6,52.2018306,-2.2012518,33.322,259.135,77.0,0.3,0.1,9.899963,33.19,33.349990000000005,33.52,33.11,-0.1000061,33.34,0.0,-0.03978014,0.0,4.0,3.0,1387.0,93.0,0.0,0.0,0.0,13.8,9.75,12.0,-0.9090186445703564,-0.17447358778857602,-338.931881629814,-158.46913751359008,4.522758957155506,9.256111111111112
138.0,57537.7,52.201829,-2.2012651,33.246,258.967,77.03,0.3,0.1,11.70001,33.19,33.27,33.17,33.09,-0.1000061,33.23,0.0,-0.01938009,0.0,4.0,3.0,1447.0,93.0,0.0,0.0,0.0,13.7,9.75,12.5,-0.9064310626702744,-0.1767342033292858,-339.83831269248424,-158.64587171691937,4.519826804012155,9.235000000000001
138.0,57537.8,52.2018275,-2.2012783,33.142,259.291,77.07,0.31,0.1,13.39996,33.02,33.08,33.12999,32.78999,-0.3999939,33.07,0.0,-0.04997993,0.0,4.0,3.0,1498.0,93.0,0.0,0.0,0.0,13.8,9.75,13.0,-0.9045773981470548,-0.17106884188167992,-340.7428900906313,-158.81694055880106,4.525481670788617,9.206111111111111
138.0,57537.9,52.201826,-2.2012916,33.113,259.561,77.09,0.3,0.1,14.0,32.94,32.84,33.00999,32.8,-1.100006,33.01,0.009180069,-0.03978014,0.0,4.0,3.0,1515.0,93.0,0.0,0.0,0.0,13.8,9.75,13.0,-0.9045812720126668,-0.16665828018676418,-341.64747136264396,-158.98359883898783,4.530194059769001,9.198055555555555
138.0,57538.0,52.2018245,-2.2013047,32.936,259.159,77.13,0.31,0.1,14.59998,32.97,32.89,32.87,32.75999,-1.100006,32.81,0.009180069,-0.01938009,0.0,4.0,3.0,1516.0,93.0,0.0,0.0,0.0,13.8,9.75,13.0,-0.898560786367201,-0.17207612331611588,-342.5460321490112,-159.15567496230395,4.523177836175984,9.148888888888889
138.0,57538.1,52.2018229,-2.201318,33.059,259.1,77.16,0.3,0.1,14.59998,32.77,32.75,32.78999,32.709990000000005,-1.0,32.88,0.009180069,-0.03978014,0.0,4.0,3.0,1508.0,93.0,0.0,0.0,0.0,13.8,9.75,13.0,-0.9017381411953258,-0.17364739582785593,-343.4477702902065,-159.3293223581318,4.522148091917308,9.183055555555555
138.0,57538.2,52.2018214,-2.2013312,33.016,259.168,77.2,0.31,0.1,13.79999,32.929990000000004,32.77,32.84,32.41,-1.100006,32.76,0.0,-0.04997993,0.0,4.0,3.0,1518.0,93.0,0.0,0.0,0.0,13.8,9.75,13.0,-0.9007704325892594,-0.1723525975911463,-344.34854072279575,-159.50167495572296,4.523334915808664,9.171111111111111
138.0,57538.3,52.20182,-2.2013442000000003,32.515,259.534,77.22,0.29,0.1,13.5,32.89999,32.81,33.39,32.7,-1.0,32.86,0.0,-0.07956004,0.0,4.0,3.0,1513.0,93.0,0.0,0.0,0.0,13.7,9.75,13.0,-0.888167885730784,-0.16406709368980077,-345.23670860852656,-159.66574204941276,4.529722820870963,9.031944444444445
138.0,57538.4,52.2018187,-2.2013572,32.396,260.666,77.25,0.28,0.1,13.5,32.78,32.709990000000005,32.84,32.53,-1.199982,32.82,0.01937985,-0.01938009,0.0,4.0,3.0,1527.0,93.0,0.0,0.0,0.0,13.8,9.75,0.0,-0.8879740405574073,-0.14595244308277688,-346.124682649084,-159.81169449249552,4.549479948003539,8.998888888888889
138.0,57538.5,52.2018173,-2.2013702,32.576,259.795,77.28,0.29,0.1,13.70001,32.569990000000004,32.42,32.03999,32.36,-1.100006,32.61,0.01937985,-0.03978014,0.0,4.0,3.0,1542.0,93.0,0.0,0.0,0.0,13.8,9.75,0.0,-0.8905736829998097,-0.16031973173231878,-347.01525633208377,-159.97201422422785,4.534278130218668,9.04888888888889
138.0,57538.6,52.2018159,-2.2013834,32.778,260.209,77.31,0.29,0.1,13.5,32.37,32.37,32.73,32.37,-0.3999939,32.37,0.009180069,-0.03978014,0.0,4.0,3.0,1555.0,93.0,0.0,0.0,0.0,13.8,9.75,0.0,-0.8972382240339105,-0.15483481305079283,-347.9124945561177,-160.12684903727865,4.541503793321925,9.104999999999999
138.0,57538.7,52.201814600000006,-2.2013966000000003,32.659,260.504,77.35,0.3,0.1,13.09998,32.45,32.23999,32.459990000000005,32.27,-1.100006,32.33,0.0,-0.01938009,0.0,4.0,3.0,1554.0,93.0,0.0,1.899994,1.0,13.6,9.75,0.0,-0.8947632693145393,-0.14966780521014322,-348.8072578254322,-160.2765168424888,4.5466525146153085,9.071944444444444
138.0,57538.8,52.201813300000005,-2.2014096,32.4,260.094,77.39,0.29,0.1,13.70001,32.25,31.95999,32.209990000000005,31.98999,-0.5,32.21,-0.009180069,0.0,0.0,4.0,3.0,1530.0,93.0,0.0,2.380005,1.0,13.7,9.75,0.0,-0.8865821847420552,-0.15482903376952395,-349.69384001017426,-160.43134587625832,4.539496664682131,9.0
138.0,57538.9,52.2018119,-2.2014226000000003,32.324,260.313,77.42,0.29,0.1,14.09998,31.77,31.70999,32.02,31.91,-0.8999939,31.95,-0.02958012,-0.01938009,0.0,4.0,3.0,1494.0,93.0,0.0,6.649994,1.0,13.7,9.75,0.0,-0.8850864952715072,-0.15108392594225137,-350.57892650544574,-160.58242980220058,4.543318935743999,8.978888888888887
138.0,57539.0,52.2018106,-2.2014355,32.137,260.31,77.45,0.29,0.1,13.0,31.50999,31.41,31.87,31.50999,-0.6999816999999999,31.57,-0.06936002,-0.05915999,0.0,4.0,3.0,1456.0,93.0,0.0,8.549988,1.0,13.7,9.75,0.0,-0.8799582487387587,-0.15025595368767242,-351.4588847541845,-160.73268575588824,4.543266575866439,8.926944444444445
138.0,57539.1,52.2018094,-2.2014481000000004,31.45,260.875,77.47,0.28,0.1,11.20001,31.25999,31.2,31.44,31.12,-0.8999939,31.45,-0.09996009,-0.03978014,0.0,4.0,3.0,1389.0,93.0,0.0,10.44998,1.0,13.8,9.75,0.0,-0.8625553032847068,-0.1385450187925127,-352.3214400574692,-160.87123077468075,4.553127686140207,8.73611111111111
138.0,57539.2,52.2018082,-2.2014603,30.586,260.92900000000003,77.5,0.28,0.1,11.0,30.7,30.67,30.56,30.56999,-0.6000061,30.72,-0.09996009,0.01937985,0.0,4.0,3.0,1356.0,93.0,0.0,10.44998,1.0,13.8,9.75,0.0,-0.8389856462305647,-0.13394821963183637,-353.1604257036998,-161.0051789943126,4.554070163936284,8.49611111111111
138.0,57539.3,52.2018069,-2.2014725,30.56,260.63,77.52,0.27,0.1,11.20001,29.95999,29.87,29.59,29.899990000000003,0.0,30.13,-0.1091398999999999,0.009180069,0.0,4.0,3.0,1322.0,93.0,0.0,10.92999,1.0,13.7,9.75,0.0,-0.837562625934178,-0.13820706681373707,-353.997988329634,-161.14338606112634,4.548851629472821,8.488888888888889
138.0,57539.4,52.2018057,-2.2014847000000004,30.283,260.577,77.55,0.28,0.1,10.89996,29.22,29.23,29.59999,29.37,0.0,29.31,-0.1091398999999999,-0.01938009,0.0,4.0,3.0,1292.0,93.0,0.0,11.63998,1.0,13.7,9.75,0.0,-0.8298438030867491,-0.13772202381143844,-354.82783213272074,-161.28110808493778,4.547926604969264,8.411944444444444
138.0,57539.5,52.2018045,-2.2014965,29.531,260.632,77.58,0.28,0.1,10.89996,28.83,28.81999,29.00999,28.75999,-0.3999939,28.86,-0.12954,0.0,0.0,4.0,3.0,1272.0,93.0,0.0,14.01999,1.0,13.8,9.75,0.0,-0.8093653258796243,-0.1335251801686784,-355.6371974586004,-161.41463326510646,4.548886536057861,8.203055555555554
138.0,57539.6,52.2018033,-2.2015081,29.027,260.586,77.61,0.28,0.1,10.59998,28.17,28.19,28.289990000000003,28.02,-0.3999939,28.3,-0.16014,-0.009180069,0.0,4.0,3.0,1273.0,93.0,0.0,15.67999,1.0,13.7,9.75,0.0,-0.7954464130220404,-0.13188499888206615,-356.4326438716224,-161.54651826398853,4.548083684601944,8.063055555555556
138.0,57539.7,52.2018022,-2.2015193,28.012,261.008,77.62,0.27,0.1,10.09998,27.37,27.29,27.50999,27.27,0.0,27.54,-0.1795201,-0.009180069,0.0,4.0,3.0,1271.0,93.0,0.0,16.63,1.0,13.7,9.75,0.0,-0.7685482604326732,-0.12161608701351932,-357.2011921320551,-161.66813435100204,4.555448974045359,7.781111111111111
138.0,57539.8,52.2018011,-2.2015304,27.644,260.848,77.64,0.25,0.1,10.09998,26.63,26.45,26.63,26.5,-0.1999817,26.71,-0.1897202,-0.009180069,0.0,4.0,3.0,1271.0,93.0,0.0,18.04999,1.0,13.8,9.75,0.0,-0.7581135561381885,-0.12213591477743979,-357.9593056881933,-161.79027026577947,4.552656447242169,7.678888888888888
138.0,57539.9,52.2018,-2.201541,26.734,260.696,77.67,0.27,0.1,10.0,25.68999,25.82999,25.82999,25.61,0.0,26.0,-0.2193,-0.01938009,0.0,4.0,3.0,1275.0,93.0,0.0,19.0,1.0,13.8,9.75,0.0,-0.7328416400870195,-0.12005995543996623,-358.6921473282803,-161.91033022121943,4.550003546779138,7.426111111111111
138.0,57540.0,52.201799,-2.2015513,25.79,260.865,77.69,0.26,0.1,9.700012,24.87,24.73,24.91,24.73,0.1000061,24.99,-0.2397001,-0.02958012,0.0,3.0,3.0,1265.0,93.0,0.0,19.0,1.0,13.7,9.75,0.0,-0.7073029352460463,-0.11373477003882371,-359.3994502635264,-162.02406499125826,4.552953153215008,7.163888888888889
138.0,57540.1,52.2017981,-2.2015612,24.714,261.666,77.69,0.24,0.1,9.899963,23.87,23.98,24.05,23.86,-0.1000061,24.11,-0.2397001,-0.01938009,0.0,3.0,3.0,1261.0,93.0,0.0,19.23999,1.0,13.7,9.75,0.0,-0.6792505271545511,-0.09950362485992344,-360.07870079068095,-162.12356861611818,4.566933240523483,6.864999999999999
138.0,57540.2,52.2017972,-2.2015706999999995,23.728,260.769,77.72,0.24,0.1,9.899963,22.98,22.92,22.89999,22.82999,0.1000061,23.11,-0.2397001,-0.009180069,0.0,3.0,3.0,1266.0,93.0,0.0,14.72998,1.0,13.7,9.75,0.0,-0.6505753694822015,-0.10573147787305603,-360.7292761601632,-162.22930009399124,4.551277637133094,6.591111111111111
138.0,57540.3,52.2017963,-2.2015798,22.896,261.269,77.74,0.24,0.1,10.0,22.13,22.14,22.28,22.31,0.0,22.32,-0.2101199999999999,0.0,0.0,3.0,3.0,1272.0,93.0,0.0,11.63998,1.0,13.7,9.75,0.0,-0.6286299697664615,-0.0965420173365868,-361.35790612992963,-162.32584211132783,4.560004283393065,6.36
138.0,57540.4,52.2017955,-2.2015888,22.266,261.28700000000003,77.77,0.24,0.1,10.0,21.32999,21.45,21.45,21.37,0.3000183,21.43,-0.1897202,-0.009180069,0.0,3.0,3.0,1267.0,93.0,0.0,11.16998,1.0,13.7,9.75,0.0,-0.6113622263395233,-0.09369353342243769,-361.96926835626914,-162.41953564475025,4.560318442658424,6.185
138.0,57540.5,52.2017946,-2.2015972,21.251,260.812,77.78,0.24,0.1,10.0,20.67,20.75,20.81,20.71999,0.3999939,20.84,-0.1795201,-0.01938009,0.0,3.0,3.0,1259.0,93.0,0.0,11.63998,1.0,13.7,9.75,0.0,-0.5827317752223701,-0.09425670833388015,-362.5520001314915,-162.51379235308414,4.552028128711451,5.9030555555555555
138.0,57540.6,52.2017938,-2.2016056,20.88,260.809,77.8,0.23,0.1,10.0,19.99,20.00999,20.14999,20.0,0.1000061,20.19,-0.1795201,-0.02958012,0.0,3.0,3.0,1262.0,93.0,0.0,12.82999,1.0,13.7,9.75,0.0,-0.5725535928442322,-0.09264115349649502,-363.1245537243358,-162.60643350658063,4.551975768833891,5.8
138.0,57540.7,52.2017931,-2.2016136,20.02,261.528,77.83,0.23,0.1,10.20001,19.14,19.28,19.37,19.17,0.0,19.39,-0.1897202,-0.009180069,0.0,3.0,3.0,1259.0,93.0,0.0,14.48999,1.0,13.7,9.75,0.0,-0.5500428147467263,-0.08192966402184947,-363.67459653908253,-162.68836317060249,4.564524686155731,5.561111111111111
138.0,57540.8,52.2017923,-2.2016212,19.012,260.853,77.83,0.21,0.1,11.29999,18.68,18.61,18.43,18.32,0.0,18.14,-0.1999198999999999,0.0,0.0,3.0,3.0,1266.0,93.0,0.0,14.25,1.0,13.7,9.75,0.0,-0.521395511189891,-0.08395276404052805,-364.1959920502724,-162.77231593464302,4.552743713704769,5.2811111111111115
138.0,57540.9,52.2017916,-2.2016286,18.605,260.935,77.85,0.21,0.1,12.0,18.04,17.75,17.68,17.66,-0.1999817,17.93,-0.2499001,-0.01938009,0.0,3.0,3.0,1272.0,93.0,0.0,14.25,1.0,13.7,9.75,0.0,-0.5103507760193255,-0.08142522747624688,-364.70634282629175,-162.85374116211926,4.554174883691404,5.168055555555555
138.0,57541.0,52.2017907,-2.2016351,16.602999999999998,259.36400000000003,77.85,0.2,0.1,11.5,17.1,16.92,17.07,17.05,0.2000122,17.25,-0.2101199999999999,-0.07956004,0.0,2.0,3.0,1266.0,93.0,0.0,10.22,1.0,13.6,9.75,0.0,-0.4532709279232943,-0.08512215625778899,-365.15961375421506,-162.93886331837706,4.5267557611425735,4.611944444444444
138.0,57541.1,52.201790200000005,-2.2016415,15.984000000000002,261.963,77.89,0.22,0.1,11.5,16.03,16.16,16.3,16.21999,-0.1000061,16.3,-0.14994,-0.04997993,0.0,2.0,3.0,1263.0,93.0,0.0,10.69,1.0,13.7,9.75,0.0,-0.43963902676047095,-0.062076776246080816,-365.5992527809755,-163.00094009462313,4.572116868401906,4.44
138.0,57541.2,52.2017897,-2.201648,16.024,262.383,77.92,0.23,0.1,11.70001,15.25,15.13,15.56,15.18,0.0,15.44,-0.12954,-0.03978014,0.0,2.0,3.0,1258.0,93.0,0.0,13.07001,1.0,13.7,9.75,0.0,-0.44118356433052164,-0.058999693212629746,-366.04043634530603,-163.05993978783576,4.579447251260281,4.4511111111111115
138.0,57541.3,52.2017892,-2.2016541,15.322,261.992,77.93,0.22,0.1,11.79999,14.52,14.39999,14.85,14.45,-0.6000061,14.6,-0.14994,-0.01938009,0.0,2.0,3.0,1260.0,93.0,0.0,17.10001,1.0,13.7,9.75,0.0,-0.4214608183532875,-0.059292465745756986,-366.46189716365933,-163.11923225358152,4.572623013884984,4.256111111111111
138.0,57541.4,52.2017886,-2.2016598,14.321,261.256,77.93,0.2,0.1,12.5,13.43999,13.36,13.03,13.05,-0.2999877999999999,13.71,-0.1999198999999999,0.0,0.0,2.0,3.0,1259.0,93.0,0.0,18.76999,1.0,13.6,9.75,0.0,-0.39318203477680647,-0.060474354561535985,-366.85507919843616,-163.17970660814305,4.559777390590305,3.9780555555555552
138.0,57541.5,52.201788,-2.2016651,13.457,260.54400000000004,77.95,0.2,0.1,13.0,12.23,12.14999,12.36,12.47,0.1000061,12.45,-0.2295001,-0.03978014,0.0,2.0,3.0,1243.0,93.0,0.0,19.0,1.0,13.7,9.75,0.0,-0.3687263074077424,-0.06141256866186762,-367.2238055058439,-163.24111917680492,4.547350646316107,3.7380555555555555
138.0,57541.6,52.2017875,-2.2016701000000003,12.463,260.047,78.0,0.23,0.1,12.5,11.22,11.23,11.67,11.59,0.1000061,11.38,-0.2499001,-0.05915999,0.0,2.0,3.0,1251.0,93.0,0.0,18.28998,1.0,13.7,9.75,0.0,-0.34098417169404016,-0.05983634362431295,-367.564789677538,-163.30095552042923,4.538676359933695,3.4619444444444443
138.0,57541.7,52.201787,-2.2016746,11.351,260.764,78.03,0.25,0.1,11.79999,10.35,10.45,10.66,10.48,-0.1000061,10.51,-0.2397001,-0.03978014,0.0,2.0,3.0,1262.0,93.0,0.0,11.63998,1.0,13.7,9.75,0.0,-0.31121781259820186,-0.050606980603352,-367.8760074901362,-163.3515625010326,4.5511903706704935,3.1530555555555555
138.0,57541.8,52.2017866,-2.2016786,10.03,261.178,78.04,0.22,0.1,11.0,9.75,9.759995,9.729996,9.649994,0.1000061,9.88,-0.1795201,-0.02958012,0.0,2.0,3.0,1265.0,93.0,0.0,7.600006,1.0,13.7,9.75,0.0,-0.27531502082027,-0.04272927035770927,-368.15132251095645,-163.3942917713903,4.55841603377375,2.786111111111111
138.0,57541.9,52.2017864,-2.2016824,9.594,262.161,78.06,0.22,0.1,11.09998,9.129997,9.129997,8.839996000000001,8.939995,0.0,9.28,-0.12954,-0.01938009,0.0,2.0,3.0,1265.0,93.0,0.0,6.649994,1.0,13.7,9.75,0.0,-0.2640096194081058,-0.036347914107787586,-368.41533213036456,-163.43063968549808,4.575572620320854,2.6649999999999996
138.0,57542.0,52.201786,-2.2016859,8.863,261.682,78.05,0.19,0.1,11.29999,8.540001,8.589996000000001,8.399994,8.369995,0.3999939,8.71,-0.1091398999999999,-0.02958012,0.0,2.0,3.0,1265.0,93.0,0.0,5.22998,1.0,13.7,9.75,0.0,-0.2436045747571333,-0.03561622709812033,-368.6589367051217,-163.4662559125962,4.567212493203802,2.4619444444444443
138.0,57542.1,52.2017857,-2.2016893,8.442,261.7,78.06,0.18,0.1,12.59998,8.0,8.009995,8.019997,7.989998,0.1000061,8.12,-0.08976007,-0.03978014,0.0,1.0,3.0,1257.0,93.0,0.0,5.22998,1.0,13.8,9.75,0.0,-0.23204379753667337,-0.03385152913472824,-368.89098050265835,-163.50010744173093,4.5675266524691605,2.345
138.0,57542.2,52.20178539999999,-2.2016926000000003,8.136000000000001,261.556,78.09,0.19,0.1,14.20001,7.509995,7.489998,7.629997,7.610001,0.0,7.6,-0.07956004,-0.02958012,0.0,1.0,3.0,1193.0,93.0,0.0,5.699982,1.0,13.7,9.75,0.0,-0.22355012780745798,-0.03318644839794143,-369.1145306304658,-163.53329389012887,4.565013378346288,2.2600000000000002
138.0,57542.3,52.201785,-2.2016955,7.43,260.509,78.09,0.17,0.1,15.29999,7.079994,7.110001,7.139999,7.07,0.0,7.14,-0.07956004,-0.03978014,0.0,1.0,3.0,1144.0,93.0,0.0,5.940002,1.0,13.7,9.75,0.0,-0.20356373767640457,-0.03403201669020017,-369.3180943681422,-163.56732590681906,4.546739781077908,2.0638888888888887
138.0,57542.4,52.2017848,-2.2016984,7.178,261.588,78.1,0.17,0.1,15.70001,6.639999,6.639999,6.709999000000001,6.599997999999999,0.0,6.7,-0.07956004,-0.04997993,0.0,1.0,3.0,1095.0,93.0,0.0,5.940002,1.0,13.7,9.75,0.0,-0.1972438065375733,-0.02916864403625985,-369.5153381746798,-163.5964945508553,4.5655718837069275,1.9938888888888888
138.0,57542.5,52.2017845,-2.2017009,6.484,261.062,78.11,0.16,0.1,15.79999,6.239998,6.199997,6.269997,6.139999,-0.1000061,6.29,-0.08976007,-0.03978014,0.0,1.0,3.0,1083.0,93.0,0.0,0.7200012,1.0,13.8,9.75,0.0,-0.17792402921532477,-0.027983069407469766,-369.69326220389513,-163.62447762026278,4.556391451841437,1.801111111111111
138.0,57542.6,52.2017844,-2.2017035000000003,6.21,261.983,78.13,0.16,0.1,16.09998,6.0,5.909996,5.939995,5.809998,-0.1999817,6.0,-0.04997993,-0.02958012,0.0,1.0,3.0,1069.0,93.0,0.0,0.7200012,1.0,13.7,9.75,0.0,-0.17081411121187068,-0.024058042540877542,-369.864076315107,-163.64853566280365,4.572465934252304,1.7249999999999999
138.0,57542.7,52.201784100000005,-2.2017057,5.728,261.061,78.14,0.15,0.1,16.29999,5.639999,5.659996,5.659996,5.599998,0.0,5.7,-0.02958012,-0.02958012,0.0,1.0,3.0,1061.0,93.0,0.0,1.190002,1.0,13.6,9.75,0.0,-0.15717859988492913,-0.024723135262860556,-370.0212549149919,-163.6732587980665,4.556373998548916,1.591111111111111
138.0,57542.8,52.2017839,-2.2017080000000004,5.587000000000001,261.75,78.14,0.13,0.1,16.20001,5.379997,5.3600010000000005,5.4199980000000005,5.339996,-0.1000061,5.44,-0.01938009,-0.03978014,0.0,1.0,3.0,1058.0,93.0,0.0,1.429993,1.0,13.7,9.75,0.0,-0.15358839717115275,-0.022269257751797764,-370.1748433121631,-163.6955280558183,4.568399317095158,1.5519444444444446
138.0,57542.9,52.2017838,-2.2017101,5.335,261.865,78.16,0.14,0.1,16.29999,5.209999,5.149994,5.149994,5.089996,0.0,5.23,-0.01938009,-0.03978014,0.0,1.0,3.0,1041.0,93.0,0.0,-0.230011,0.0,13.8,9.75,0.0,-0.14670322322643312,-0.020970399594973668,-370.32154653538953,-163.71649845541327,4.570406445734951,1.4819444444444445
138.0,57543.0,52.2017836,-2.2017122,5.122999999999999,261.883,78.16,0.12,0.1,17.09998,5.0,4.970001,4.979996,4.93,-0.1999817,5.02,0.0,-0.02958012,0.0,1.0,3.0,1025.0,93.0,0.0,-0.230011,0.0,13.8,9.75,0.0,-0.14087991116338575,-0.02009282888425222,-370.4624264465529,-163.73659128429753,4.57072060500031,1.4230555555555553
138.0,57543.1,52.2017834,-2.2017141,4.932,261.54,78.17,0.12,0.1,19.59998,4.829994,4.82,4.809998,4.790001,-0.1999817,4.84,0.0,-0.02958012,0.0,1.0,3.0,1021.0,93.0,0.0,0.0,0.0,13.8,9.75,0.0,-0.1355092773497588,-0.020155290921893308,-370.59793572390265,-163.75674657521944,4.56473412566597,1.37
138.0,57543.2,52.2017832,-2.201716,4.716,261.318,78.17,0.11,0.1,23.29999,4.699997,4.649994,4.6699980000000005,4.639999,-0.1999817,4.7,0.0,-0.03978014,0.0,1.0,3.0,1012.0,93.0,0.0,0.0,0.0,13.7,9.75,7.5,-0.12949891790007645,-0.019774485143974382,-370.72743464180274,-163.77652106036342,4.560859494726542,1.31
138.0,57543.3,52.201783,-2.2017178,4.54,261.824,78.17,0.1,0.1,26.79999,4.559998,4.5,4.549995,4.470001,-0.1999817,4.55,0.0,-0.03978014,0.0,1.0,3.0,1016.0,93.0,0.0,0.0,0.0,13.7,9.75,14.0,-0.1248293036963622,-0.017934806504682002,-370.8522639454991,-163.7944558668681,4.569690860741634,1.261111111111111
138.0,57543.4,52.2017829,-2.2017196,4.504,262.538,78.18,0.1,0.1,30.29999,4.529999,4.479996,4.479996,4.369994999999999,-0.6000061,4.52,0.02957988,-0.03978014,0.0,1.0,3.0,1217.0,93.0,0.0,-0.230011,0.0,13.7,9.75,16.5,-0.12405157158014367,-0.016248006399348786,-370.97631551707923,-163.81070387326744,4.5821525116008734,1.251111111111111
138.0,57543.5,52.2017827,-2.2017213,4.162,261.49,78.18,0.09,0.1,34.59998,4.639999,4.589996,4.549995,4.43,-0.8999939,4.6,0.07956004,-0.02958012,0.0,1.0,3.0,1520.0,93.0,0.0,-0.230011,0.0,13.7,9.75,16.5,-0.11433823863805626,-0.01710836630109895,-371.0906537557173,-163.82781223956854,4.563861461039973,1.156111111111111
138.0,57543.6,52.2017825,-2.2017231999999995,4.684,261.041,78.18,0.08,0.1,41.39996,5.129997,5.089996,4.8600010000000005,4.769997,-0.5,4.99,0.16014,-0.04997993,0.0,1.0,3.0,1684.0,93.0,0.0,-0.230011,0.0,13.7,9.75,16.5,-0.1285237594409908,-0.02026189758443754,-371.2191775151583,-163.848074137153,4.556024932698517,1.301111111111111
138.0,57543.7,52.2017823,-2.2017253,5.148,261.863,78.19,0.08,0.1,55.59998,5.869994999999999,5.739998,5.559998,5.4199980000000005,-1.399994,5.61,0.2295001,-0.08976007,0.0,1.0,3.0,1736.0,93.0,0.0,0.0,0.0,13.7,9.75,16.0,-0.14156034195832007,-0.020240296061161844,-371.36073785711665,-163.86831443321415,4.570371539149911,1.43
138.0,57543.8,52.2017822,-2.2017276,5.62,262.768,78.19,0.07,0.1,79.79999000000001,6.829994,6.68,6.559997999999999,6.279999,-2.299988,6.53,0.29988,-0.08976007,0.0,1.0,3.0,1753.0,93.0,0.0,0.0,0.0,13.7,9.75,16.0,-0.1548691765508805,-0.01965240867674714,-371.51560703366755,-163.8879668418909,4.586166768880459,1.5611111111111111
138.0,57543.9,52.201782,-2.2017303,6.606,262.42900000000003,78.19,0.06,0.1,116.1,7.759995,7.559997999999999,7.689995,7.199997,-4.399994,7.42,0.34986,-0.1193398999999999,0.0,1.0,3.0,1725.0,93.0,0.0,0.0,0.0,13.7,9.75,16.0,-0.18190031200612536,-0.024176982691689452,-371.69750734567367,-163.91214382458259,4.5802501027161995,1.835
138.0,57544.0,52.2017817,-2.2017335000000005,7.715,262.561,78.22,0.08,0.1,154.9,8.869995,8.470001,8.689995,8.059998,-7.199982,8.47,0.34986,-0.1795201,0.0,1.0,3.0,1719.0,93.0,0.0,0.0,0.0,13.7,9.75,16.0,-0.21250180233028537,-0.02774626368280277,-371.91000914800395,-163.9398900882654,4.582553937328831,2.1430555555555553
138.0,57544.1,52.2017815,-2.2017371000000003,8.615,263.501,78.23,0.09,0.1,196.7,10.02,9.349998,9.779999,8.799995,-10.79999,9.53,0.3396599,-0.2601001,0.0,1.0,3.0,1695.0,93.0,0.0,0.0,0.0,13.7,9.75,15.0,-0.2377677376832873,-0.02708600813565141,-372.1477768856872,-163.96697609640105,4.598960032297578,2.3930555555555557
138.0,57544.2,52.2017814,-2.2017409,9.45,264.893,78.24,0.09,0.1,235.4,11.2,10.21,10.86,9.459999,-15.39999,10.55,0.3396599,-0.3202801,0.0,2.0,3.0,1612.0,93.0,0.0,0.0,0.0,13.6,9.75,13.0,-0.26145792684113806,-0.023366696213501962,-372.4092348125284,-163.99034279261457,4.623255015485339,2.6249999999999996
138.0,57544.3,52.2017813,-2.2017452,10.404000000000002,267.256,78.27,0.12,0.1,274.2,12.14,10.47,11.75,9.949997,-20.19998,11.19,0.27948,-0.3100800999999999,0.0,2.0,3.0,1523.0,93.0,0.0,0.0,0.0,13.6,9.75,11.0,-0.2886686341218776,-0.013835449909909193,-372.6979034466503,-164.0041782425245,4.664497145709965,2.8900000000000006
138.0,57544.4,52.2017814,-2.2017498,11.16,270.026,78.28,0.12,0.1,309.2,12.64,10.62,12.31,10.18,-23.89999,11.58,0.1693199,-0.3294601,0.0,2.0,3.0,1518.0,93.0,0.0,0.0,0.0,13.5,9.75,11.0,-0.3099999680821873,0.00014067353288278433,-373.0079034147325,-164.0040375689916,4.712842765990208,3.1
138.0,57544.5,52.2017816,-2.2017545,11.394,271.632,78.31,0.14,0.1,348.2,12.98,10.6,12.57999,9.970001,-27.29999,11.73,0.05915999,-0.34986,0.0,2.0,3.0,1627.0,93.0,0.0,0.0,0.0,13.5,9.75,11.0,-0.3163716164443098,0.009013895296405684,-373.3242750311768,-163.9950236736952,4.7408727537772375,3.165
138.0,57544.6,52.201782,-2.2017592,11.527,275.506,78.34,0.16,0.1,372.8,13.38,10.71,12.38,9.829994,-31.29999,12.03,0.0,-0.36006,0.0,2.0,3.0,1698.0,93.0,0.0,-0.7099915,0.0,13.7,9.75,11.0,-0.3187171172170944,0.030722653627434832,-373.6429921483939,-163.96430102006775,4.808486808999497,3.201944444444444
138.0,57544.7,52.2017825,-2.2017637,11.275,278.131,78.36,0.16,0.1,394.2,13.43,10.71,12.54,9.559998,-32.69998,12.12,-0.01938009,-0.34986,0.0,2.0,3.0,1750.0,93.0,0.0,0.0,0.0,13.7,9.75,11.5,-0.3100459877339662,0.04429724055664766,-373.9530381361279,-163.9200037795111,4.854301701864348,3.1319444444444446
138.0,57544.8,52.2017833,-2.201768,11.214,283.768,78.37,0.15,0.1,408.2,13.75,10.73,12.42,9.119995,-35.0,12.17,-0.06936002,-0.36006,0.0,2.0,3.0,1848.0,93.0,0.0,0.0,0.0,13.7,9.75,23.0,-0.302549779729145,0.07413420793295004,-374.255587915857,-163.84586957157813,4.952685911799269,3.115
138.0,57544.9,52.20178429999999,-2.2017722,11.048,288.751,78.4,0.18,0.1,421.8,13.84,10.81,12.5,8.93,-36.89999,12.2,-0.07956004,-0.3100800999999999,0.0,2.0,3.0,2023.0,93.0,0.0,0.0,0.0,13.7,9.75,24.5,-0.2906006135509128,0.09865127230446567,-374.5461885294079,-163.74721829927367,5.039655668426146,3.068888888888889
138.0,57545.0,52.2017855,-2.2017762,10.973,292.656,78.41,0.17,0.1,427.9,14.23,11.11,12.81,9.049995,-39.19998,12.6,-0.009180069,-0.3100800999999999,0.0,2.0,3.0,2100.0,93.0,0.0,0.0,0.0,13.7,9.75,24.5,-0.2812849824712843,0.11741032890534012,-374.8274735118792,-163.62980797036832,5.107810775716525,3.0480555555555555
138.0,57545.1,52.2017868,-2.2017802000000004,10.966,296.36,78.42,0.16,0.1,432.8,14.96,11.68999,13.32999,9.379997,-42.10001,13.21,0.04997993,-0.3202801,0.0,2.0,3.0,2089.0,93.0,0.0,0.0,0.0,13.7,9.75,24.5,-0.272938243550981,0.13525030210558137,-375.1004117554302,-163.49455766826273,5.172457771210396,3.0461111111111108
138.0,57545.2,52.2017882,-2.2017841,11.207,298.41,78.43,0.17,0.1,434.1,15.68999,12.16,13.8,9.829994,-44.60001,13.85,0.07956004,-0.37026,0.0,2.0,3.0,1871.0,93.0,0.0,0.0,0.0,13.7,9.75,24.5,-0.2738136413761264,0.14811225039171858,-375.3742253968063,-163.34644541787102,5.208237020876279,3.1130555555555555
138.0,57545.3,52.2017899,-2.2017881000000004,11.747,302.91200000000003,78.44,0.16,0.1,433.6,16.32,12.75,14.53,10.31,-46.10001,14.4,0.07956004,-0.4294199999999999,0.0,2.0,3.0,1470.0,93.0,0.0,0.0,0.0,13.6,9.75,24.5,-0.2739354991089,0.17729821745967325,-375.6481608959152,-163.16914720041135,5.2868117438010644,3.2630555555555554
138.0,57545.4,52.201792,-2.201792,12.55,308.416,78.45,0.16,0.1,429.4,16.91,13.17,15.25999,10.89,-47.10001,14.88,0.06936002,-0.4294199999999999,0.0,2.0,3.0,1264.0,93.0,0.0,0.0,0.0,13.6,9.75,23.5,-0.2731437671760128,0.21661530242118074,-375.92130466309123,-162.95253189799016,5.3828746658308315,3.486111111111111
138.0,57545.5,52.2017944,-2.2017959,13.507,313.053,78.48,0.18,0.1,417.1,17.32,13.43999,15.52,11.17,-48.19998,15.35,0.0397799,-0.3998401,0.0,2.0,3.0,1326.0,93.0,0.0,0.0,0.0,13.8,9.75,23.0,-0.2741630312911046,0.25613571288527515,-376.19546769438233,-162.69639618510487,5.463805583245809,3.7519444444444443
138.0,57545.6,52.20179699999999,-2.2017994,13.702,318.769,78.49,0.17,0.1,395.9,17.74,13.88,16.00999,11.71,-46.79999,15.72,0.02957988,-0.36006,0.0,2.0,3.0,1403.0,93.0,0.0,0.0,0.0,13.7,9.75,23.0,-0.25085943571493774,0.28624178837831765,-376.44632713009725,-162.41015439672657,5.563568603289805,3.806111111111111
138.0,57545.7,52.2018001,-2.2018026,14.314,325.039,78.51,0.18,0.1,372.1,18.32,14.43999,16.68,12.36,-45.39999,16.23,0.05915999,-0.3100800999999999,0.0,2.0,3.0,1432.0,93.0,0.0,0.0,0.0,13.7,9.75,22.0,-0.22783861169967792,0.32585911479928825,-376.6741657417969,-162.08429528192727,5.673000747389849,3.976111111111111
138.0,57545.8,52.2018033,-2.2018055,14.713,329.17400000000004,78.53,0.19,0.1,345.8,18.75,15.1,17.31,13.18999,-44.60001,16.83,0.09995985,-0.2295001,0.0,2.0,3.0,1484.0,93.0,0.0,0.0,0.0,13.6,9.75,0.0,-0.20942835504501983,0.35095713844127774,-376.88359409684193,-161.73333814348598,5.745170111959815,4.086944444444444
138.0,57545.9,52.20180679999999,-2.2018084,15.466,331.891,78.55,0.18,0.1,314.4,19.17,15.56,17.89999,14.05,-42.19998,17.3,0.1091398999999999,-0.1897202,0.0,2.0,3.0,1504.0,93.0,0.0,0.0,0.0,13.7,9.75,0.0,-0.20241146384503894,0.37893971300753365,-377.086005560687,-161.35439843047845,5.7925907077365,4.296111111111111
138.0,57546.0,52.2018104,-2.2018112,16.195999999999998,334.35400000000004,78.57,0.18,0.1,278.3,19.38,16.0,18.57999,14.89,-38.39999,17.62,0.09995985,-0.1795201,0.0,2.0,3.0,1566.0,93.0,0.0,0.0,0.0,13.8,9.75,0.0,-0.19471625120099573,0.405568235767928,-377.280721811888,-160.94883019471052,5.8355781672131215,4.498888888888888
138.0,57546.1,52.2018144,-2.2018136,16.722,338.611,78.58,0.18,0.1,239.1,19.39,16.35,18.57,15.56,-34.10001,17.8,0.07956004,-0.14994,0.0,2.0,3.0,1593.0,93.0,0.0,0.2399902,0.0,13.6,9.75,0.0,-0.16940223388044645,0.4325079573329427,-377.4501240457684,-160.51632223737758,5.909876833470519,4.6450000000000005
138.0,57546.2,52.20181850000001,-2.2018156,17.312,341.98900000000003,78.6,0.19,0.1,201.2,19.28,16.71999,19.07999,16.18,-28.60001,18.0,0.05915999,-0.1091398999999999,0.0,2.0,3.0,1630.0,93.0,0.0,0.2399902,1.0,13.5,9.75,0.0,-0.14869064171238533,0.457323973266162,-377.5988146874808,-160.0589982641114,5.968834055602888,4.808888888888889
138.0,57546.3,52.2018228,-2.2018173,17.636,345.574,78.62,0.18,0.1,164.5,19.25999,16.98,18.96,16.5,-24.79999,18.16,0.04997993,0.0,0.0,2.0,3.0,1673.0,93.0,0.0,0.9499817,1.0,13.7,9.75,0.0,-0.12204572037056603,0.47444279486152985,-377.7208604078514,-159.5845554692499,6.031404109286885,4.898888888888888
138.0,57546.4,52.2018272,-2.2018189,17.921,346.842,78.63,0.18,0.1,135.1,19.07999,17.31,18.95,16.939989999999998,-19.39999,18.21,0.02957988,0.04997993,0.0,2.0,3.0,1717.0,93.0,0.0,1.190002,1.0,13.7,9.75,0.0,-0.1133190320531346,0.48473618403881913,-377.8341794399045,-159.09981928521108,6.053534884202172,4.978055555555556
138.0,57546.5,52.2018316,-2.2018205,18.144,347.872,78.65,0.18,0.1,110.7,18.85,17.42,18.73,17.3,-15.89999,18.19,0.01937985,0.0397799,0.0,2.0,3.0,1751.0,93.0,0.0,1.6699830000000002,1.0,13.7,9.75,0.0,-0.105888571934598,0.49275106324964063,-377.9400680118391,-158.60706822196144,6.071511775497714,5.039999999999999
138.0,57546.6,52.201836,-2.2018218,17.887999999999998,348.899,78.67,0.18,0.1,83.20000999999999,18.68,17.37,18.57,17.42,-12.60001,18.05,0.0,0.02957988,0.0,2.0,3.0,1767.0,93.0,0.0,2.850006,1.0,13.7,9.75,0.0,-0.09567053612980758,0.48759175179433634,-378.03573854796895,-158.11947647016711,6.089436306915696,4.9688888888888885
138.0,57546.7,52.2018405,-2.201823,18.072,350.19699999999995,78.7,0.2,0.1,54.79999,18.28,17.439989999999998,18.35,17.48,-8.799988,17.89,0.0,0.05915999,0.0,2.0,3.0,1784.0,93.0,0.0,3.3299870000000005,1.0,13.7,9.75,0.0,-0.08547106957434009,0.49467029046205946,-378.1212096175433,-157.62480617970505,6.112090680606581,5.02
138.0,57546.8,52.2018449,-2.2018241,18.004,351.444,78.71,0.19,0.1,27.0,17.96999,17.46,18.1,17.439989999999998,-5.100006,17.78,-0.009180069,0.1091398999999999,0.0,2.0,3.0,1780.0,93.0,0.0,4.279999,1.0,13.8,9.75,0.0,-0.07440452518221595,0.49454533673789625,-378.1956141427255,-157.13026084296715,6.133854936378952,5.001111111111111
138.0,57546.9,52.2018493,-2.201825,17.705,352.276,78.72,0.18,0.1,1.5,17.54,17.43,17.71999,17.39,-1.5,17.5,-0.02958012,0.1693199,0.0,2.0,3.0,1745.0,93.0,0.0,6.889983999999999,1.0,13.7,9.75,0.0,-0.06609929407460909,0.487343398229777,-378.2617134368001,-156.64291744473738,6.148376075755545,4.918055555555555
138.0,57547.0,52.2018537,-2.2018261,17.78,351.54400000000004,78.75,0.18,0.1,0.0,16.96999,17.16,17.07,17.12,1.600006,17.14,-0.06936002,0.2101199999999999,0.0,2.0,3.0,1688.0,93.0,0.0,9.97998,1.0,13.7,9.75,0.0,-0.07262629095926555,0.48851986288113336,-378.33433972775936,-156.15439758185624,6.135600265630947,4.938888888888889
138.0,57547.1,52.2018579,-2.2018273,17.312,350.616,78.77,0.19,0.1,0.0,16.31,16.62,16.46,16.77,3.800018,16.57,-0.12954,0.1795198999999999,0.0,2.0,3.0,1629.0,93.0,0.0,15.67999,1.0,13.7,9.75,0.0,-0.07840915115508093,0.47445350506865247,-378.41274887891444,-155.6799440767876,6.119403610172438,4.808888888888889
138.0,57547.2,52.2018619,-2.2018286,16.484,349.452,78.79,0.19,0.1,0.0,15.42,15.89,15.6,16.04,5.0,15.84,-0.1999198999999999,0.12954,0.0,2.0,3.0,1555.0,93.0,0.0,20.66998,1.0,13.7,9.75,0.0,-0.08382076963701285,0.45015143357025994,-378.49656964855143,-155.22979264321734,6.099087977679225,4.57888888888889
138.0,57547.3,52.2018658,-2.2018299,15.89,348.75,78.8,0.18,0.1,0.0,14.54,14.97,14.61,14.99,4.800018,14.93,-0.2499001,0.06936002,0.0,2.0,3.0,1494.0,93.0,0.0,22.09,1.0,13.7,9.75,0.0,-0.0861107004676746,0.43290772515575915,-378.5826803490191,-154.79688491806158,6.086835766330224,4.413888888888889
138.0,57547.4,52.2018693,-2.201831,14.411,348.51199999999994,78.82,0.17,0.1,0.0,13.39999,13.73,13.38,13.66,3.899994,13.87,-0.26928,0.009180069,0.0,2.0,3.0,1450.0,93.0,0.0,23.03998,1.0,13.7,9.75,0.0,-0.07972593330629119,0.3922860096499527,-378.6624062823254,-154.40459890841163,6.082681882710477,4.003055555555555
138.0,57547.5,52.2018725,-2.2018321,13.518,348.097,78.83,0.17,0.1,0.0,12.35,12.64999,12.42,12.56,3.200012,12.74,-0.28968,0.01937985,0.0,2.0,3.0,1402.0,93.0,0.0,23.98999,1.0,13.6,9.75,0.0,-0.07744891010658649,0.36742606919392895,-378.73985519243195,-154.0371728392177,6.075438766314701,3.755
138.0,57547.6,52.2018756,-2.2018331000000004,12.604,348.551,78.85,0.17,0.1,0.0,11.13,11.48,11.2,11.3,2.899994,11.51,-0.3100800999999999,0.02957988,0.0,2.0,3.0,1334.0,93.0,0.0,23.28,1.0,13.7,9.75,0.0,-0.06949551752213914,0.34314452227565406,-378.80935070995406,-153.69402831694205,6.083362561118755,3.501111111111111
138.0,57547.7,52.2018782,-2.2018341,11.264,347.784,78.86,0.16,0.1,0.0,9.989998,10.3,10.12,10.23,2.700012,10.34,-0.29988,0.0397799,0.0,2.0,3.0,1297.0,93.0,0.0,15.44,1.0,13.7,9.75,0.0,-0.06620657995160739,0.3058040967044668,-378.87555728990566,-153.3882242202376,6.069975885755959,3.1288888888888886
138.0,57547.8,52.2018807,-2.201835,10.235,347.711,78.87,0.15,0.1,0.0,9.239998,9.529999,9.269997,9.439995,2.5,9.62,-0.2397001,0.0397799,0.0,2.0,3.0,1273.0,93.0,0.0,6.649994,1.0,13.8,9.75,0.0,-0.06051239137160716,0.27779110750749836,-378.9360696812773,-153.11043311273008,6.068701795402004,2.8430555555555554
138.0,57547.9,52.2018829,-2.2018357,9.202,347.857,78.88,0.14,0.1,0.0,9.029999,9.129997,8.889999000000001,8.949997,1.899994,9.179999,-0.1091398999999999,0.0397799,0.0,2.0,3.0,1273.0,93.0,0.0,0.0,1.0,13.7,9.75,0.0,-0.05376839072235247,0.24989197722733164,-378.9898380719996,-152.86054113550276,6.0712499761099155,2.556111111111111
138.0,57548.0,52.2018851,-2.2018366,9.007,346.735,78.89,0.14,0.1,0.0,8.649994,8.909996000000001,8.659996000000001,8.82,1.899994,8.849999,-0.03978014,0.0397799,0.0,2.0,3.0,1277.0,93.0,0.0,-0.230011,0.0,13.8,9.75,0.0,-0.05740841958117021,0.24351906166059467,-379.0472464915808,-152.61702207384215,6.051667381902539,2.5019444444444443
138.0,57548.1,52.2018871,-2.2018373,8.658,347.20300000000003,78.9,0.14,0.1,0.0,8.459999,8.599998,8.509995,8.610000999999999,1.5,8.559999000000001,-0.009180069,0.01937985,0.0,2.0,3.0,1269.0,93.0,0.0,0.0,0.0,13.8,9.75,0.0,-0.053270133986908066,0.2345262092496633,-379.1005166255677,-152.3824958645925,6.0598355228018725,2.405
138.0,57548.2,52.20188929999999,-2.2018382,8.712,346.642,78.91,0.13,0.1,0.0,8.339996000000001,8.459999,8.379997,8.369995,0.8999939,8.429999,0.0,0.009180069,0.0,1.0,3.0,1243.0,93.0,0.0,0.0,0.0,13.7,9.75,0.0,-0.055910411758211424,0.23545281025510667,-379.1564270373259,-152.1470430543374,6.0500442256981835,2.42
138.0,57548.3,52.2018912,-2.2018389,8.266,346.57300000000004,78.92,0.12,0.1,0.0,8.269997,8.329994000000001,8.279999,8.299995,1.0,8.3,0.0,0.01937985,0.0,1.0,3.0,1189.0,93.0,0.0,-0.230011,0.0,13.7,9.75,0.0,-0.05331714369786279,0.22333504994420483,-379.2097441810238,-151.92370800439318,6.048839948514308,2.296111111111111
138.0,57548.4,52.2018934,-2.2018396,8.626,347.764,78.93,0.12,0.1,0.0,8.159996000000001,8.239998,8.229996,8.209999,0.6000061,8.22,0.0,0.0397799,0.0,1.0,3.0,1158.0,93.0,0.0,-0.230011,0.0,13.8,9.75,0.0,-0.05078291129592919,0.23416784682831887,-379.2605270923197,-151.68954015756486,6.069626819905561,2.396111111111111
138.0,57548.5,52.2018953,-2.2018404,8.226,347.19199999999995,78.94,0.12,0.1,1.0,8.079994000000001,8.110000999999999,8.079994000000001,8.139999000000001,0.8000183000000001,8.12,0.0,0.0397799,0.0,1.0,3.0,1154.0,93.0,0.0,-0.01000977,0.0,13.7,9.75,0.0,-0.050654942980829065,0.222814556866487,-379.31118203530053,-151.46672560069837,6.059643536584152,2.285
138.0,57548.6,52.2018972,-2.2018411,7.895,346.766,78.95,0.1,0.1,3.299988,7.959999000000001,8.040001,7.939995,8.009995,0.7000122,8.0,0.0,0.009180069,0.0,1.0,3.0,1152.0,93.0,0.0,-0.2400208,0.0,13.7,9.75,0.0,-0.050205305740000664,0.21348150733279905,-379.36138734104054,-151.25324409336557,6.052208433970657,2.1930555555555555
138.0,57548.7,52.2018992,-2.2018418,8.142999999999999,347.395,78.95,0.1,0.1,4.0,7.909996,7.919998,7.860001,7.899994,0.1000061,7.89,0.0,0.01937985,0.0,1.0,3.0,1142.0,93.0,0.0,-0.01000977,0.0,13.6,9.75,5.0,-0.04936205291453139,0.2207426429795427,-379.4107493939551,-151.03250145038604,6.063186554965701,2.261944444444444
138.0,57548.8,52.2019012,-2.2018426,8.017000000000001,346.641,78.96,0.1,0.1,4.200012,7.779999,7.809997999999999,7.769997,7.799995,0.7000122,7.82,0.0,0.009180069,0.0,0.0,3.0,1152.0,93.0,0.0,-0.01000977,0.0,13.7,9.75,9.5,-0.051453938965993866,0.21666865890410533,-379.4622033329211,-150.81583279148194,6.050026772405665,2.226944444444445
138.0,57548.9,52.2019031,-2.2018434,7.978,346.487,78.97,0.09,0.1,4.0,7.68,7.729996000000001,7.68,7.709999000000001,0.2000122,7.75,0.0,0.02957988,0.0,0.0,3.0,1237.0,93.0,0.0,-0.2400208,0.0,13.8,9.75,13.0,-0.05178297780717708,0.21547623483187806,-379.5139863107283,-150.60035655665007,6.047338965357593,2.216111111111111
138.0,57549.0,52.2019049,-2.201844,7.495,347.42,78.99,0.11,0.1,3.899963,7.93,7.919998,7.709999000000001,7.699997,0.3999939,7.85,0.02957988,0.02957988,0.0,0.0,3.0,1573.0,93.0,0.0,-0.01000977,0.0,13.8,9.75,15.5,-0.045345284830497996,0.2031962889453739,-379.5593315955588,-150.3971602677047,6.0636228872787,2.0819444444444444
138.0,57549.1,52.2019069,-2.2018447,8.021,347.471,78.99,0.09,0.1,3.299988,8.139999000000001,8.199997,7.989998,7.979996000000001,0.1000061,7.97,0.08976007,0.05915999,0.0,1.0,3.0,1798.0,93.0,0.0,-0.2400208,0.0,13.7,9.75,15.5,-0.04833404112418285,0.21749973805737233,-379.60766563668295,-150.17966052964732,6.064513005197217,2.2280555555555557
138.0,57549.2,52.2019088,-2.2018456,8.082,346.24800000000005,78.98,0.07,0.1,1.0,8.619995,8.579994000000001,8.419998,8.459999,0.3999939,8.54,0.16014,0.02957988,0.0,1.0,3.0,1922.0,93.0,0.0,-0.01000977,0.0,13.7,9.75,16.0,-0.05336809474437437,0.2180644319079925,-379.6610337314273,-149.96159609773932,6.043167628445327,2.245
138.0,57549.3,52.2019109,-2.2018464,8.446,345.872,78.99,0.07,0.1,0.0,9.309998,9.369995,9.159996,9.25,0.6000061,9.25,0.2295001,0.02957988,0.0,1.0,3.0,1969.0,93.0,0.0,-0.2400208,0.0,13.7,9.75,16.0,-0.05726598013468526,0.22751479287291182,-379.718299711562,-149.7340813048664,6.036605190457828,2.346111111111111
138.0,57549.4,52.20191320000001,-2.2018473,9.342,347.04,79.01,0.08,0.1,0.0,10.18999,10.25,10.00999,10.0,1.100006,10.09,0.26928,0.009180069,0.0,1.0,3.0,1979.0,93.0,0.0,-0.01000977,0.0,13.7,9.75,16.0,-0.058198262466364295,0.25288972348811684,-379.77649797402836,-149.48119158137828,6.056990636121122,2.595
138.0,57549.5,52.2019158,-2.2018482,10.397,347.151,79.0,0.05,0.1,0.0,11.17,11.12,10.92,11.03,1.100006,10.96,0.29988,0.04997993,0.0,1.0,3.0,1954.0,93.0,0.0,-0.01000977,0.0,13.8,9.75,16.0,-0.06422526543811968,0.2815737278212514,-379.84072323946646,-149.19961785355704,6.058927951590835,2.8880555555555554
138.0,57549.6,52.2019186,-2.2018494,11.423,346.574,79.02,0.07,0.1,0.0,12.16,12.17,11.98,12.04,1.700012,11.99,0.3202798,0.06936002,0.0,2.0,3.0,1870.0,93.0,0.0,-0.01000977,0.0,13.7,9.75,11.5,-0.07367495841896765,0.3086337896089525,-379.9143981978854,-148.89098406394808,6.048857401806828,3.1730555555555555
138.0,57549.7,52.2019216,-2.2018506,11.981,346.297,79.03,0.08,0.1,0.0,13.07999,13.09,12.93999,13.12,1.899994,12.92,0.3202798,0.04997993,0.0,2.0,3.0,1736.0,93.0,0.0,-0.2400208,0.0,13.7,9.75,8.5,-0.07883798055289341,0.3233328171265385,-379.99323617843834,-148.56765124682155,6.044022839778804,3.3280555555555553
138.0,57549.8,52.2019249,-2.201852,13.561,345.785,79.05,0.08,0.1,0.0,13.29,13.57,13.55,13.75,2.5,13.37,0.2193,0.0397799,0.0,2.0,3.0,1700.0,93.0,0.0,-0.01000977,0.0,13.8,9.75,7.5,-0.09250153139894353,0.36516047316783745,-380.0857377098373,-148.20249077365372,6.035086754008593,3.7669444444444444
138.0,57549.9,52.2019283,-2.2018535,14.033,344.96,79.05,0.08,0.1,0.0,13.34,13.74,13.79,13.92,2.600006,13.58,0.06936002,0.0397799,0.0,2.0,3.0,1785.0,93.0,0.0,-0.2400208,0.0,13.7,9.75,7.5,-0.10115193987637841,0.3764527277112238,-380.1868896497137,-147.8260380459425,6.0206877876796385,3.898055555555555
138.0,57550.0,52.2019318,-2.2018551000000004,14.213,344.426,79.07,0.1,0.1,0.0,13.38,13.48,13.66,13.75999,2.600006,13.44,-0.009180069,0.02957988,0.0,2.0,3.0,1848.0,93.0,0.0,-0.01000977,0.0,13.8,9.75,7.5,-0.10599847086119651,0.3803100720104833,-380.2928881205749,-147.44572797393204,6.01136772947399,3.9480555555555554
138.0,57550.1,52.2019351,-2.2018564,13.727,345.964,79.06,0.07,0.1,0.0,13.25999,13.81,13.35,13.56,2.800018,13.41,-0.03978014,0.0397799,0.0,2.0,3.0,1897.0,93.0,0.0,-0.01000977,0.0,13.8,9.75,7.5,-0.09247860933525487,0.3699211179602324,-380.3853667299102,-147.0758068559718,6.038210893369662,3.8130555555555556
138.0,57550.2,52.2019382,-2.2018577,13.082,345.747,79.07,0.06,0.1,0.0,13.59,13.43999,13.29,13.37,2.800018,13.53,0.0,0.009180069,0.0,2.0,3.0,1904.0,93.0,0.0,-0.01000977,0.0,13.7,9.75,7.5,-0.08946781308184085,0.3522030593141605,-380.474834542992,-146.72360379665764,6.034423528892835,3.633888888888889
138.0,57550.3,52.2019415,-2.2018593,13.68,344.139,79.07,0.06,0.1,0.0,13.74,13.6,13.31,13.43,2.300018,13.76,-0.009180069,0.04997993,0.0,2.0,3.0,1873.0,93.0,0.0,-0.01000977,0.0,13.8,9.75,15.0,-0.10385571711869593,0.3655324746472759,-380.5786902601107,-146.35807132201037,6.006358634520766,3.8
138.0,57550.4,52.2019446,-2.2018606000000003,13.1,345.249,79.03,0.0,0.1,0.0,13.57999,13.75,13.3,13.61,3.300018,13.62,-0.01938009,0.0397799,0.0,2.0,3.0,1774.0,93.0,0.0,-1.190002,0.0,13.7,9.75,18.5,-0.09265296179337358,0.35189565517025895,-380.67134322190407,-146.0061756668401,6.025731789217903,3.638888888888889
138.0,57550.5,52.201947700000005,-2.2018621,12.863,343.539,79.07,0.05,0.1,0.0,13.66,14.47,13.54,13.7,2.800018,13.73,0.02957988,0.0397799,0.0,2.0,3.0,1607.0,93.0,0.0,-0.2400208,0.0,13.7,9.75,19.0,-0.10124704231741205,0.34266061409628096,-380.7725902642215,-145.66351505274383,5.995886659008799,3.5730555555555554
138.0,57550.6,52.2019509,-2.2018636000000003,13.208,343.728,79.07,0.04,0.1,0.0,14.18,14.54,14.17,14.45,3.3999940000000004,14.45,0.14994,0.01937985,0.0,2.0,3.0,1274.0,93.0,0.0,-0.01000977,0.0,13.6,9.75,17.5,-0.10280139569973855,0.3521921774149863,-380.8753916599212,-145.31132287532884,5.999185331295069,3.6688888888888886
138.0,57550.7,52.2019542,-2.2018651,13.792,344.17,79.08,0.04,0.1,0.0,14.55,15.38,14.72,14.84,4.200012,15.05,0.1693199,0.02957988,0.0,2.0,3.0,1269.0,94.0,0.0,-0.01000977,0.0,13.5,9.75,10.0,-0.10450659123952821,0.36858173563578034,-380.97989825116076,-144.94274113969306,6.006899686588884,3.831111111111111
138.0,57550.8,52.2019577,-2.2018668,14.303,343.8,79.08,0.04,0.1,0.0,15.09,15.3,15.14,15.64,3.700012,14.93,0.16014,0.05915999,0.0,2.0,3.0,1308.0,94.0,0.0,-0.01000977,0.0,13.7,9.75,0.0,-0.11084471637997471,0.38153001628437,-381.09074296754073,-144.5612111234087,6.000441968356506,3.973055555555556
138.0,57550.9,52.2019611,-2.2018688,14.764,341.831,79.11,0.06,0.1,0.0,15.49,15.75999,14.75,15.34,3.800018,15.52,0.12954,0.02957988,0.0,2.0,3.0,1388.0,93.0,0.0,-0.01000977,0.0,13.8,9.75,0.0,-0.1278812110414204,0.3896633410001123,-381.21862417858216,-144.1715477824086,5.966076435384737,4.101111111111111
138.0,57551.0,52.2019647,-2.2018707,14.972,341.598,79.11,0.05,0.1,0.0,15.43,15.67,15.46,15.63,3.100006,15.6,0.12954,0.0,0.0,2.0,3.0,1386.0,94.0,0.0,-0.2400208,0.0,13.7,9.75,0.0,-0.1312887022553899,0.39462240757631867,-381.34991288083756,-143.77692537483227,5.96200981822759,4.158888888888889
138.0,57551.1,52.201968400000005,-2.2018728,15.451,341.509,79.13,0.07,0.1,0.0,15.48,15.68999,15.3,15.72,2.899994,15.58,0.09995985,0.0,0.0,2.0,3.0,1406.0,94.0,0.0,-0.01000977,0.0,13.8,9.75,0.0,-0.1361214602404842,0.40703663128024936,-381.48603434107804,-143.36988874355202,5.960456475193316,4.291944444444445
138.0,57551.2,52.2019723,-2.2018749,16.261,341.471,79.15,0.09,0.1,0.0,15.50999,15.77,15.88,15.99,3.100006,15.61,0.06936002,0.0,0.0,2.0,3.0,1431.0,94.0,0.0,-0.2400208,0.0,13.8,9.75,0.0,-0.14354154082307616,0.42827992855154035,-381.62957588190113,-142.94160881500048,5.959793250077557,4.516944444444444
137.0,57551.3,52.20197600000001,-2.2018768,15.678,342.386,79.18,0.11,0.1,0.0,15.61,15.79,16.17,15.74,1.600006,15.62,0.04997993,0.0,0.0,2.0,3.0,1470.0,94.0,0.0,-0.01000977,0.0,13.8,9.75,0.0,-0.13178351510569083,0.4150823474280594,-381.7613593970068,-142.5265264675724,5.975763012733306,4.355
137.0,57551.4,52.2019796,-2.2018788,15.606,341.24800000000005,79.2,0.13,0.1,0.0,15.64999,15.77,15.48,15.72,1.5,15.76,0.02957988,0.01937985,0.0,2.0,3.0,1491.0,94.0,0.0,-0.01000977,0.0,13.7,9.75,0.0,-0.13935833707511333,0.4104893468625697,-381.9007177340819,-142.11603712070985,5.955901165845611,4.335
137.0,57551.5,52.2019834,-2.201881,16.07,340.959,79.22,0.13,0.1,5.599976,15.59,15.64999,15.47,15.57999,1.200012,15.6,0.01937985,-0.01938009,0.0,2.0,3.0,1521.0,94.0,0.0,-0.01000977,0.0,13.7,9.75,0.0,-0.14563199572378568,0.4219648823598524,-382.0463497298057,-141.69407223835,5.9508571643073465,4.463888888888889
137.0,57551.6,52.2019871,-2.2018832,15.707,340.305,79.24,0.14,0.1,9.899963,15.50999,15.50999,15.59,15.48,0.2000122,15.54,0.01937985,-0.02958012,0.0,2.0,3.0,1521.0,94.0,0.0,-0.01000977,0.0,13.8,9.75,0.0,-0.14704068709878465,0.4107816623781535,-382.1933904169045,-141.28329057597185,5.9394427109993035,4.3630555555555555
137.0,57551.7,52.2019907,-2.2018852,15.484000000000002,340.964,79.24,0.12,0.1,11.79999,15.37,15.41,15.43,15.34,0.0,15.43,0.009180069,-0.01938009,0.0,2.0,3.0,1509.0,94.0,0.0,-0.01000977,0.0,13.7,9.75,1.0,-0.14028597635003034,0.40658998111211897,-382.3336763932545,-140.87670059485973,5.950944430769946,4.301111111111111
137.0,57551.8,52.2019944,-2.2018871,15.541,341.695,79.27,0.14,0.1,13.09998,15.32999,15.3,15.36,15.24,-0.1999817,15.26,0.0,0.0,0.0,2.0,3.0,1455.0,94.0,0.0,-0.2400208,0.0,13.7,9.75,1.0,-0.13558456550349168,0.40984987368721604,-382.469260958758,-140.4668507211725,5.963702787602024,4.316944444444444
137.0,57551.9,52.201998,-2.2018891000000003,15.293,341.571,79.28,0.14,0.1,13.89996,15.22,15.07999,15.14,14.93999,-0.2999877999999999,15.14,0.0,-0.009180069,0.0,2.0,3.0,1435.0,94.0,0.0,-0.01000977,0.0,13.7,9.75,1.0,-0.13429346838634362,0.40301988087392204,-382.60355442714433,-140.06383084029858,5.9615385793295514,4.248055555555555
137.0,57552.0,52.2020016,-2.2018911,15.296,341.19,79.3,0.14,0.1,16.20001,15.00999,14.92,15.1,14.87,-0.3999939,14.99,0.0,0.0,0.0,2.0,3.0,1410.0,94.0,0.0,-0.01000977,0.0,13.8,9.75,4.0,-0.13699731185209615,0.4021968478823946,-382.74055173899643,-139.66163399241617,5.954888874879453,4.248888888888889
137.0,57552.1,52.2020052,-2.201893,15.07,341.59,79.31,0.14,0.1,20.09998,14.89,14.86,14.93,14.86,-0.6000061,14.92,0.0,0.0,0.0,2.0,3.0,1397.0,94.0,0.0,-0.01000977,0.0,13.8,9.75,7.5,-0.13220351829517693,0.3971869737240332,-382.8727552572916,-139.26444701869212,5.96187019188743,4.186111111111111
137.0,57552.2,52.20200869999999,-2.201895,15.03,341.565,79.34,0.16,0.1,26.29999,14.86,14.77,14.86,14.73,-1.100006,14.78,0.0,-0.02958012,0.0,2.0,3.0,1361.0,94.0,0.0,-0.2400208,0.0,13.7,9.75,8.0,-0.1320254460897862,0.3960751590099951,-383.0047807033814,-138.86837185968213,5.961433859574432,4.175
137.0,57552.3,52.2020122,-2.2018968,14.62,341.737,79.36,0.16,0.1,31.59998,14.84,14.66,14.82,14.59,-1.899994,14.76,0.009180069,-0.03978014,0.0,2.0,3.0,1445.0,94.0,0.0,-0.01000977,0.0,13.8,9.75,10.5,-0.12726680691673128,0.38565450136763696,-383.13204751029815,-138.4827173583145,5.964435825887862,4.061111111111111
137.0,57552.4,52.2020157,-2.2018987,14.857,341.708,79.36,0.14,0.1,36.89996,14.84,14.61,14.78,14.50999,-2.600006,14.72,0.01937985,-0.02958012,0.0,2.0,3.0,1491.0,94.0,0.0,-0.01000977,0.0,13.7,9.75,13.0,-0.12952823215382184,0.39184070940933924,-383.26157574245195,-138.09087664890515,5.963929680404784,4.126944444444444
137.0,57552.5,52.2020192,-2.2019006,14.947,342.13300000000004,79.38,0.15,0.1,41.29999,14.93,14.73,14.89,14.53,-2.799988,14.81,0.0397799,-0.05915999,0.0,2.0,3.0,1543.0,94.0,0.0,-0.01000977,0.0,13.8,9.75,15.0,-0.12738517965103413,0.39517014399218553,-383.38896092210297,-137.69570650491298,5.97134732972576,4.151944444444444
137.0,57552.6,52.20202270000001,-2.2019023,14.76,342.69699999999995,79.41,0.16,0.1,44.39996,15.14999,14.88,15.06,14.64999,-3.600006,14.98,0.06936002,-0.03978014,0.0,2.0,3.0,1602.0,94.0,0.0,-0.01000977,0.0,13.7,9.75,15.0,-0.1219441945797629,0.3914455433496375,-383.51090511668275,-137.30426096156333,5.9811909867070066,4.1
137.0,57552.7,52.2020264,-2.2019041,14.98,343.246,79.4,0.14,0.1,47.29999,15.48,14.77,15.32999,14.88,-4.0,15.29,0.09995985,-0.04997993,0.0,2.0,3.0,1647.0,94.0,0.0,-0.01000977,0.0,13.8,9.75,15.5,-0.11994948654137311,0.3984477098297648,-383.6308546032241,-136.90581325173358,5.990772844300456,4.161111111111111
137.0,57552.8,52.20203,-2.2019057,15.134,344.381,79.41,0.14,0.1,50.5,15.84,15.27,15.6,15.2,-4.399994,15.41,0.1091398999999999,-0.009180069,0.0,2.0,3.0,1653.0,94.0,0.0,-0.01000977,0.0,13.7,9.75,17.5,-0.11318516923714989,0.404865329913531,-383.7440397724613,-136.50094792182006,6.010582331310592,4.203888888888889
137.0,57552.9,52.2020337,-2.2019075,15.307,343.672,79.42,0.14,0.1,53.5,16.25999,15.68,16.05,15.47,-5.100006,15.89,0.12954,-0.05915999,0.0,2.0,3.0,1623.0,94.0,0.0,-0.01000977,0.0,13.7,9.75,17.5,-0.11953734829360639,0.40804550965468644,-383.8635771207549,-136.09290241216536,5.998207946913952,4.251944444444445
137.0,57553.0,52.2020375,-2.2019091,15.804,345.125,79.43,0.13,0.1,54.89996,16.57999,16.82,16.38,15.91,-5.799988,16.03,0.12954,-0.06936002,0.0,2.0,3.0,1662.0,94.0,0.0,-0.2400208,0.0,13.7,9.75,17.5,-0.11269617622802937,0.4242883121929957,-383.9762732969829,-135.66861409997236,6.023567580945429,4.39
137.0,57553.1,52.2020414,-2.2019105,15.998,346.555,79.47,0.16,0.1,56.20001,17.14999,16.7,16.89,16.46,-5.600006,16.6,0.14994,0.0,0.0,2.0,3.0,1700.0,94.0,0.0,-0.01000977,0.0,13.7,9.75,18.0,-0.10332568193148317,0.432209773167261,-384.0795989789144,-135.2364043268051,6.048525789248949,4.443888888888889
137.0,57553.2,52.2020454,-2.2019124,16.373,344.897,79.48,0.15,0.1,57.0,17.59,16.96999,17.41,16.939989999999998,-5.600006,17.32,0.1897199,-0.09996009,0.0,2.0,3.0,1684.0,94.0,0.0,-0.01000977,0.0,13.8,9.75,18.0,-0.11850188895904352,0.4390961121182197,-384.19810086787345,-134.79730821468686,6.019588230250883,4.548055555555556
137.0,57553.3,52.2020495,-2.2019141,16.909000000000002,345.642,79.49,0.15,0.1,55.89996,17.84,17.6,17.8,16.8,-5.899994,17.68,0.1897199,-0.1091398999999999,0.0,2.0,3.0,1714.0,94.0,0.0,-0.01000977,0.0,13.8,9.75,18.0,-0.11647473997073679,0.455023632453002,-384.3145756078442,-134.34228458223387,6.03259093317824,4.696944444444445
137.0,57553.4,52.2020539,-2.2019155,17.82,348.009,79.5,0.15,0.1,54.79999,18.55,17.89999,18.38,17.8,-6.399994,18.08,0.1999198999999999,-0.04997993,0.0,2.0,3.0,1738.0,94.0,0.0,-0.01000977,0.0,13.7,9.75,18.0,-0.10284023038783935,0.4841992224423498,-384.417415838232,-133.85808535979152,6.073902876572946,4.95
137.0,57553.5,52.20205850000001,-2.2019169,18.479,349.142,79.5,0.14,0.1,55.39996,19.18999,18.68999,18.82,17.35,-5.899994,18.72,0.1999198999999999,-0.03978014,0.0,2.0,3.0,1762.0,94.0,0.0,0.0,0.0,13.7,9.75,18.0,-0.09669423118964593,0.5041158785624996,-384.51411006942163,-133.35396948122903,6.093677456998042,5.133055555555555
136.0,57553.6,52.202063200000005,-2.2019184,18.958,348.66,79.52,0.14,0.1,56.79999,19.66,18.87,19.5,18.79,-8.0,19.1,0.2101199999999999,-0.03978014,0.0,2.0,3.0,1782.0,94.0,0.0,-0.230011,0.0,13.7,9.75,18.0,-0.10354790856997567,0.5163304106640079,-384.6176579779916,-132.83763907056502,6.08526497000343,5.266111111111111
136.0,57553.7,52.202068,-2.2019202000000004,19.469,347.784,79.55,0.17,0.1,58.09998,20.12,19.57,20.29,19.84,-6.699982,19.73,0.1897199,-0.02958012,0.0,2.0,3.0,1801.0,94.0,0.0,-0.230011,0.0,13.7,9.75,18.0,-0.11443323020932568,0.5285600105414829,-384.7320912082009,-132.30907906002352,6.069975885755959,5.408055555555555
136.0,57553.8,52.2020729,-2.2019218,20.023,348.5,79.57,0.17,0.1,57.39996,20.88,20.39,20.61,19.82,-6.5,20.57,0.1795198999999999,-0.12954,0.0,2.0,3.0,1831.0,94.0,0.0,-0.230011,0.0,13.7,9.75,10.0,-0.11088733752320952,0.5450286766839686,-384.8429785457241,-131.76405038333957,6.082472443200238,5.561944444444444
136.0,57553.9,52.202078,-2.2019229,20.362,351.34,79.58,0.16,0.1,55.89996,21.25999,20.74,21.14999,20.3,-7.199982,21.01,0.1693199,-0.09996009,0.0,3.0,3.0,1863.0,94.0,0.0,0.0,0.0,13.7,9.75,10.0,-0.08516445217410218,0.5591627179079723,-384.92814299789825,-131.20488766543158,6.132039793956877,5.656111111111111
136.0,57554.0,52.2020832,-2.2019239,20.984,352.456,79.62,0.18,0.1,55.29999,21.77,20.63,21.57,21.14999,-6.699982,21.24,0.12954,-0.02958012,0.0,3.0,3.0,1879.0,94.0,0.0,0.0,0.0,13.8,9.75,10.0,-0.07652604170154656,0.5778435962538797,-385.0046690395998,-130.6270440691777,6.151517668409134,5.82888888888889
136.0,57554.1,52.2020884,-2.2019252,21.215,351.601,79.62,0.17,0.1,54.70001,21.82999,21.05,21.75999,20.96,-7.199982,21.47,0.1091398999999999,-0.01938009,0.0,3.0,3.0,1899.0,94.0,0.0,0.0,0.0,13.7,9.75,10.0,-0.08607736530636655,0.5829851841947241,-385.09074640490616,-130.044058884983,6.1365951033045825,5.893055555555556
137.0,57554.2,52.20209380000001,-2.2019266,21.496,351.254,79.63,0.16,0.1,53.79999,22.05,21.31,21.88,21.35,-7.399994,21.6,0.08976007,-0.05915999,0.0,3.0,3.0,1880.0,94.0,0.0,0.0,0.0,13.7,9.75,8.0,-0.09079336287759426,0.5901679797055438,-385.18153976778376,-129.45389090527746,6.130538810800163,5.971111111111111
137.0,57554.3,52.2020992,-2.2019278,21.866,352.236,79.65,0.17,0.1,49.79999,22.00999,21.35,22.04,20.8,-6.399994,21.68,0.05915999,-0.09996009,0.0,3.0,3.0,1814.0,94.0,0.0,0.0,0.0,13.7,9.75,5.0,-0.08205401174079978,0.6018209048404017,-385.26359377952457,-128.85207000043707,6.147677944054746,6.073888888888889
137.0,57554.4,52.2021047,-2.2019289,22.057,353.26,79.63,0.13,0.1,44.5,22.02,21.25,21.92,21.21,-6.899994,21.63,0.009180069,-0.03978014,0.0,3.0,3.0,1789.0,94.0,0.0,0.0,0.0,13.8,9.75,4.5,-0.07190831521393562,0.6084600861652141,-385.3355020947385,-128.24360991427184,6.165550115595169,6.126944444444444
137.0,57554.5,52.20211,-2.2019297,21.582,353.72900000000004,79.67,0.15,0.1,40.70001,21.71999,21.14,21.82999,21.34,-5.399994,21.47,-0.009180069,-0.009180069,0.0,3.0,3.0,1787.0,94.0,0.0,0.0,0.0,13.7,9.75,0.0,-0.06548410932100734,0.5959128136115504,-385.4009862040595,-127.6476971006603,6.173735709787023,5.995
137.0,57554.6,52.2021154,-2.2019304,21.708,354.94800000000004,79.69,0.17,0.1,37.29999,21.61,21.18999,21.7,21.14999,-4.699982,21.36,-0.009180069,-0.01938009,0.0,3.0,3.0,1718.0,94.0,0.0,0.0,0.0,13.7,9.75,0.0,-0.053100074087667176,0.6006574582337959,-385.4540862781472,-127.0470396424265,6.195011273368833,6.029999999999999
137.0,57554.7,52.2021208,-2.2019312,21.604,355.06300000000005,79.69,0.14,0.1,35.5,21.55,21.23,21.61,21.14,-4.5,21.36,-0.009180069,-0.01938009,0.0,3.0,3.0,1651.0,94.0,0.0,0.0,0.0,13.8,9.75,0.0,-0.051645752457929156,0.5978846560433431,-385.50573203060515,-126.44915498638315,6.197018402008627,6.00111111111111
137.0,57554.8,52.20212600000001,-2.201932,21.262,354.896,79.7,0.14,0.1,34.20001,21.43,21.14,21.28,20.92,-4.0,21.24,0.0,-0.04997993,0.0,3.0,3.0,1531.0,94.0,0.0,-0.230011,0.0,13.8,9.75,0.0,-0.05254302851319449,0.5882692535927431,-385.55827505911833,-125.86088573279041,6.194103702157796,5.9061111111111115
136.0,57554.9,52.2021314,-2.2019326,21.424,355.654,79.71,0.14,0.1,30.5,21.29,20.98,21.32,20.95,-3.3999940000000004,21.08,0.0,-0.03978014,0.0,3.0,3.0,1448.0,94.0,0.0,0.0,0.0,13.8,9.75,0.0,-0.045097099918241595,0.593399937771201,-385.60337215903655,-125.26748579501921,6.207333297887913,5.951111111111111
136.0,57555.0,52.20213679999999,-2.2019331,21.506,356.269,79.71,0.13,0.1,25.20001,21.16,20.8,21.25999,20.82,-3.199982,21.04,0.0,-0.02958012,0.0,3.0,3.0,1356.0,95.0,0.0,-0.230011,0.0,13.8,9.75,0.0,-0.038873423049373385,0.5961227571132691,-385.64224558208593,-124.67136303790595,6.218067072787678,5.973888888888889
136.0,57555.1,52.202142,-2.2019333,21.121,357.255,79.73,0.14,0.1,20.79999,21.04,20.86,21.13,20.75,-2.399994,20.95,-0.009180069,0.009180069,0.0,3.0,3.0,1327.0,95.0,0.0,0.0,0.0,13.8,9.75,0.0,-0.028097361563575115,0.5860212533817702,-385.67034294364953,-124.08534178452418,6.235276019212342,5.866944444444444
136.0,57555.2,52.2021472,-2.2019337,21.006,357.426,79.74,0.13,0.1,17.39996,20.93999,20.79,20.91,20.68,-1.600006,20.87,0.0,0.009180069,0.0,3.0,3.0,1332.0,95.0,0.0,-0.230011,0.0,13.7,9.75,4.0,-0.026204789532926355,0.5829112788457048,-385.69654773318246,-123.50243050567848,6.2382605322332525,5.835
136.0,57555.3,52.2021525,-2.2019343,21.085,356.918,79.75,0.13,0.1,12.79999,20.89999,20.7,20.93,20.63,-1.199982,20.72,0.0,0.009180069,0.0,3.0,3.0,1360.0,95.0,0.0,0.0,0.0,13.8,9.75,6.0,-0.03148992668554678,0.5848473020972443,-385.728037659868,-122.91758320358123,6.229394259633121,5.856944444444444
136.0,57555.4,52.20215770000001,-2.2019346,21.056,357.718,79.75,0.12,0.1,7.0,20.82,20.7,20.68999,20.71999,0.0,20.78,0.0,0.01937985,0.0,3.0,3.0,1384.0,95.0,0.0,0.0,0.0,13.8,9.75,6.0,-0.023289038153028938,0.5844250448497103,-385.75132669802105,-122.33315815873152,6.243356893649076,5.848888888888889
136.0,57555.5,52.202163000000006,-2.2019348,21.013,358.059,79.78,0.13,0.1,1.5,21.00999,21.0,20.61,20.54,0.6000061,20.59,0.0,0.009180069,0.0,3.0,3.0,1415.0,95.0,0.0,0.0,0.0,13.8,9.75,6.5,-0.019769941789163924,0.5833595408296344,-385.7710966398102,-121.74979861790189,6.249308466398377,5.836944444444445
136.0,57555.6,52.2021681,-2.2019352000000003,20.765,357.79,79.77,0.12,0.1,0.0,20.67,20.89999,20.71999,20.66,1.399994,20.65,0.0,0.009180069,0.0,3.0,3.0,1429.0,95.0,0.0,0.0,0.0,13.7,9.75,10.5,-0.02224289856705701,0.5763765283068775,-385.79333953837727,-121.17342208959501,6.244613530710512,5.768055555555556
136.0,57555.7,52.202173300000005,-2.2019353999999995,20.819000000000003,358.124,79.79,0.12,0.1,0.0,20.7,21.21,20.74,20.81,1.800018,20.9,0.0,0.07956004,0.0,3.0,3.0,1467.0,95.0,0.0,-0.230011,0.0,13.7,9.75,12.5,-0.018931715297561134,0.5779955931858928,-385.81227125367485,-120.59542649640912,6.250442930412174,5.783055555555556
136.0,57555.8,52.20217850000001,-2.2019358,20.822,357.791,79.78,0.11,0.1,0.0,20.75999,21.11,20.66,20.88,3.899994,20.92,0.01937985,0.13974,0.0,3.0,3.0,1502.0,95.0,0.0,0.0,0.0,13.7,9.75,13.0,-0.022293868118589532,0.5779590731482934,-385.83456512179345,-120.01746742326083,6.244630984003032,5.783888888888889
137.0,57555.9,52.20218380000001,-2.2019363,21.218000000000004,357.36400000000003,79.78,0.1,0.1,0.0,20.99,21.53,20.55,21.05,6.200012,21.14,0.0397799,0.16014,0.0,3.0,3.0,1509.0,95.0,0.0,0.0,0.0,13.8,9.75,13.0,-0.02710637860629313,0.5887652389403873,-385.8616715003997,-119.42870218432044,6.237178428097017,5.89388888888889
137.0,57556.0,52.202189100000005,-2.2019368,21.236,356.839,79.78,0.09,0.1,0.0,21.07,21.87,21.1,21.68999,8.300018,21.36,0.05915999,0.13974,0.0,3.0,3.0,1512.0,95.0,0.0,0.0,0.0,13.7,9.75,14.5,-0.03252757940085217,0.5889913902705958,-385.89419907980056,-118.83971079404985,6.228015449524046,5.898888888888889
137.0,57556.1,52.2021945,-2.2019375,21.362,355.92900000000003,79.78,0.08,0.1,0.0,21.50999,22.18,21.31,21.99,8.300018,21.76,0.06936002,0.12954,0.0,3.0,3.0,1485.0,95.0,0.0,0.0,0.0,13.7,9.75,16.0,-0.04212621116163501,0.5918916757228095,-385.9363252909622,-118.24781911832704,6.212132953330897,5.933888888888888
137.0,57556.2,52.2021999,-2.2019386,21.784,354.102,79.8,0.09,0.1,0.0,21.87,22.6,21.8,22.57,8.200012,22.1,0.07956004,0.13974,0.0,3.0,3.0,1481.0,95.0,0.0,-0.230011,0.0,13.7,9.75,16.0,-0.06217989563792862,0.6019078977456432,-385.99850518660014,-117.6459112205814,6.18024578789696,6.05111111111111
138.0,57556.3,52.2022054,-2.2019395,21.992,354.00699999999995,79.81,0.09,0.1,0.0,22.25,23.06,22.09,22.92,9.399994,22.63,0.09995985,0.12954,0.0,3.0,3.0,1462.0,95.0,0.0,-0.230011,0.0,13.8,9.75,16.0,-0.06378105100286326,0.6075501724967836,-386.062286237603,-117.03836104808461,6.178587725107565,6.108888888888889
137.0,57556.4,52.2022109,-2.2019406000000004,22.226,353.399,79.8,0.08,0.1,0.0,22.50999,23.39,22.34,23.1,10.39999,22.9,0.1091398999999999,0.1193398999999999,0.0,3.0,3.0,1477.0,95.0,0.0,0.0,0.0,13.8,9.75,16.0,-0.07097162368135569,0.6132960694114131,-386.1332578612844,-116.42506497867319,6.167976123255441,6.1738888888888885
137.0,57556.5,52.2022165,-2.2019421,22.698,351.791,79.8,0.07,0.1,0.0,22.93,23.75999,22.82999,23.5,10.10001,23.31,0.1193398999999999,0.12954,0.0,3.0,3.0,1477.0,95.0,0.0,0.0,0.0,13.8,9.75,16.5,-0.0900255677510042,0.6240397801030872,-386.2232834290354,-115.8010251985701,6.1399112288833715,6.305
136.0,57556.6,52.2022223,-2.2019437,23.411,350.95,79.81,0.08,0.1,0.0,23.35,24.14999,23.28,24.06,9.600006,23.62,0.1193398999999999,0.13974,0.0,3.0,3.0,1478.0,95.0,0.0,-0.230011,0.0,13.7,9.75,16.5,-0.10229067469317106,0.6422101941399215,-386.32557410372857,-115.15881500443018,6.1252330098740995,6.503055555555556
136.0,57556.7,52.2022283,-2.2019456,23.983,349.722,79.81,0.07,0.1,0.0,23.87,24.57999,23.79,24.61,9.0,24.09,0.1091398999999999,0.1091398999999999,0.0,3.0,3.0,1467.0,95.0,0.0,0.0,0.0,13.8,9.75,16.5,-0.11886535549893201,0.6555044355843479,-386.4444394592275,-114.50331056884583,6.103800366659609,6.661944444444444
136.0,57556.8,52.202234100000005,-2.2019477,24.008000000000003,348.356,79.8,0.06,0.1,0.0,24.36,25.14,24.23,24.89999,8.100006,24.57,0.1091398999999999,0.07956004,0.0,3.0,3.0,1477.0,95.0,0.0,-0.230011,0.0,13.8,9.75,16.5,-0.1345982655173381,0.653164678349328,-386.57903772474486,-113.8501458904965,6.079959169077367,6.6688888888888895
136.0,57556.9,52.2022402,-2.2019498,24.559,347.945,79.81,0.06,0.1,0.0,24.7,25.32,24.67,25.21999,6.700011999999999,24.97,0.12954,0.01937985,0.0,3.0,3.0,1487.0,95.0,0.0,0.0,0.0,13.8,9.75,16.5,-0.1424766843648497,0.6671503986682937,-386.7215144091097,-113.18299549182821,6.07278586585167,6.821944444444444
136.0,57557.0,52.2022464,-2.201952,25.056,347.81699999999995,79.81,0.05,0.1,0.0,25.25,25.74,25.17,25.53,5.300018,25.41,0.12954,0.0,0.0,3.0,3.0,1516.0,95.0,0.0,-0.230011,0.0,13.8,9.75,15.0,-0.14688020828865747,0.6803250726035905,-386.8683946173984,-112.50267041922461,6.070551844409116,6.96
136.0,57557.1,52.2022526,-2.2019542000000003,25.531,347.731,79.83,0.07,0.1,0.0,25.75999,25.96999,25.62,25.64,3.100006,25.79,0.1193398999999999,0.0,0.0,3.0,3.0,1527.0,95.0,0.0,0.0,0.0,13.8,9.75,14.5,-0.1507050410964835,0.6929969340617399,-387.0190996584949,-111.80967348516288,6.069050861252402,7.091944444444444
136.0,57557.2,52.202259,-2.2019565,25.909,347.41900000000004,79.85,0.07,0.1,5.700012,26.11,26.12,25.98,26.18999,1.600006,26.01,0.1193398999999999,0.0,0.0,3.0,3.0,1530.0,95.0,0.0,0.0,0.0,13.8,9.75,14.5,-0.15676355828138977,0.7024138951922541,-387.1758632167763,-111.10725958997062,6.06360543398618,7.196944444444444
136.0,57557.3,52.2022653,-2.2019592,26.078000000000003,346.051,79.86,0.08,0.1,11.89996,26.37,26.469990000000003,26.53,26.3,0.8000183000000001,26.37,0.08976007,-0.04997993,0.0,3.0,3.0,1547.0,95.0,0.0,0.0,0.0,13.8,9.75,14.5,-0.174619825343699,0.7030271537733199,-387.35048304212,-110.4042324361973,6.039729329818897,7.24388888888889
136.0,57557.4,52.20227179999999,-2.2019614,26.737,347.42400000000004,79.86,0.07,0.1,14.09998,26.8,26.63,26.8,26.57999,-0.7999878,26.7,0.07956004,-0.02958012,0.0,3.0,3.0,1586.0,95.0,0.0,0.0,0.0,13.8,9.75,14.5,-0.1617101524265525,0.7248757579136048,-387.51219319454657,-109.6793566782837,6.06369270044878,7.426944444444444
137.0,57557.5,52.202278500000006,-2.2019641,27.137,346.621,79.86,0.06,0.1,13.59998,27.04,26.96,27.16,26.81,-0.7999878,26.92,0.07956004,-0.01938009,0.0,3.0,3.0,1622.0,95.0,0.0,0.0,0.0,13.7,9.75,14.5,-0.1744240828421102,0.7333478403262046,-387.6866172773887,-108.94600883795749,6.049677706555265,7.538055555555555
136.0,57557.6,52.2022851,-2.2019668,27.349,346.086,79.83,0.04,0.1,13.09998,27.48,27.42,27.48,27.17,-0.7999878,27.35,0.06936002,-0.009180069,0.0,3.0,3.0,1643.0,95.0,0.0,0.0,0.0,13.8,9.75,13.5,-0.18268009633914886,0.7374033030311651,-387.8692973737278,-108.20860553492633,6.040340195057095,7.5969444444444445
136.0,57557.7,52.2022918,-2.2019693,27.63,347.459,79.8,0.01,0.1,13.20001,27.7,27.68,27.74,27.52,-0.6999816999999999,27.73,0.05915999,0.0,0.0,3.0,3.0,1667.0,95.0,0.0,0.0,0.0,13.7,9.75,13.0,-0.16665355409784316,0.7491881225076632,-388.03595092782564,-107.45941741241867,6.064303565686978,7.675
137.0,57557.8,52.2022986,-2.2019718000000004,27.803,347.34,79.78,-0.01,0.1,13.20001,28.20999,28.17,28.17,27.98,-1.100006,28.05,0.05915999,0.009180069,0.0,3.0,3.0,1682.0,95.0,0.0,0.0,0.0,13.7,9.75,10.0,-0.16926242372896352,0.7535290990103648,-388.2052133515546,-106.70588831340831,6.062226623877104,7.723055555555556
136.0,57557.9,52.2023054,-2.2019745,28.069000000000003,346.59,79.75,-0.03,0.1,13.20001,28.56,28.5,28.31,28.27,-0.6000061,28.38,0.04997993,0.0,0.0,3.0,3.0,1697.0,95.0,0.0,0.0,0.0,13.8,9.75,0.0,-0.18082492774288744,0.7584363995776512,-388.3860382792975,-105.94745191383066,6.049136654487146,7.796944444444445
136.0,57558.0,52.2023124,-2.2019771,28.39,347.269,79.73,-0.04,0.1,13.0,28.679990000000004,28.64,28.70999,28.36,-0.6000061,28.44,0.05915999,-0.02958012,0.0,4.0,3.0,1687.0,95.0,0.0,-0.230011,0.0,13.7,9.75,0.0,-0.1737893748513738,0.7692234641225331,-388.5598276541489,-105.17822844970813,6.060987440108188,7.886111111111111
136.0,57558.1,52.2023193,-2.2019797000000003,28.494,347.445,79.72,-0.04,0.1,13.0,28.81999,28.7,28.95,28.69,-0.8999939,28.81,0.0397799,-0.01938009,0.0,4.0,3.0,1690.0,95.0,0.0,-0.230011,0.0,13.7,9.75,0.0,-0.1720536508964488,0.7725734859631173,-388.7318813050453,-104.40565496374501,6.064059219591698,7.915
136.0,57558.2,52.2023265,-2.2019824,29.214,347.259,79.69,-0.06,0.1,12.89996,28.84,28.679990000000004,28.84,28.56,-0.7999878,28.76,0.0,0.0,0.0,4.0,3.0,1744.0,95.0,0.0,0.0,0.0,13.7,9.75,0.0,-0.1789716393064427,0.791518415656872,-388.91085294435175,-103.61413654808814,6.0608129071829895,8.115
136.0,57558.3,52.2023335,-2.2019849,28.915,347.415,79.68,-0.07,0.1,11.70001,29.28,28.77,29.08,28.899990000000003,-0.5,28.73,-0.009180069,0.0,0.0,4.0,3.0,1765.0,95.0,0.0,0.0,0.0,13.8,9.75,0.0,-0.1750062218893927,0.7838967648143601,-389.08585916624116,-102.83023978327378,6.063535620816101,8.031944444444443
136.0,57558.4,52.2023406,-2.2019875,29.11,347.515,79.66,-0.08,0.1,10.89996,28.81,28.89,28.899990000000003,28.629990000000003,-0.3999939,28.73,0.0,0.009180069,0.0,4.0,3.0,1732.0,95.0,0.0,0.7200012,0.0,13.7,9.75,0.0,-0.17480879481632097,0.7894895909809141,-389.2606679610575,-102.04075019229286,6.065280950068094,8.08611111111111
136.0,57558.5,52.2023477,-2.2019902,29.243,347.494,79.61,-0.11,0.1,10.39996,28.86,28.929990000000004,28.94,28.84999,-0.5,28.87,0.0,0.0,0.0,4.0,3.0,1634.0,95.0,0.0,0.2399902,1.0,13.7,9.75,0.0,-0.17589814795206113,0.7930322547875681,-389.43656610900956,-101.2477179375053,6.064914430925176,8.123055555555554
136.0,57558.6,52.2023548,-2.2019928,29.156,347.58,79.57,-0.13,0.1,8.799988,29.11,29.16,28.56,28.72,0.3000183,29.13,-0.01938009,0.0,0.0,4.0,3.0,1529.0,95.0,0.0,1.429993,1.0,13.7,9.75,0.0,-0.17418785462419334,0.7909352714648019,-389.6107539636337,-100.4567826660405,6.066415414081891,8.098888888888888
136.0,57558.7,52.202362,-2.2019954,29.362,347.583,79.53,-0.15,0.1,7.700011999999999,29.25999,29.23999,29.27,28.98999,-0.1000061,29.16,0.0,0.01937985,0.0,4.0,3.0,1418.0,95.0,0.0,1.429993,1.0,13.7,9.75,0.0,-0.17537686252966495,0.7965327618228595,-389.7861308261634,-99.66024990421764,6.066467773959451,8.15611111111111
136.0,57558.8,52.2023692,-2.2019979000000003,29.509,347.87699999999995,79.49,-0.17,0.1,7.700011999999999,29.37,29.33,29.379990000000003,29.19,0.0,29.32,-0.009180069,0.009180069,0.0,4.0,3.0,1324.0,95.0,0.0,1.190002,1.0,13.7,9.75,0.0,-0.1721448937042658,0.8014144482255317,-389.9582757198677,-98.85883545599211,6.071599041960313,8.196944444444444
136.0,57558.9,52.2023763,-2.2020005,29.545,347.597,79.46,-0.18,0.1,7.700011999999999,29.41,29.58,29.48,29.379990000000003,0.6000061,29.38,-0.009180069,0.0,0.0,4.0,3.0,1208.0,96.0,0.0,1.429993,1.0,13.8,9.75,0.0,-0.1762740588247269,0.8015402842823509,-390.1345497786924,-98.05729517170975,6.06671212005473,8.206944444444444
136.0,57559.0,52.2023836,-2.202003,29.657,348.226,79.43,-0.19,0.1,7.599976,29.73999,29.48,29.61,29.649990000000003,0.1000061,29.46,-0.01938009,0.009180069,0.0,4.0,3.0,1162.0,95.0,0.0,1.899994,1.0,13.7,9.75,0.0,-0.16809903518824024,0.8064727569688762,-390.30264881388064,-97.25082241474088,6.077690241049774,8.238055555555555
136.0,57559.1,52.2023908,-2.2020057,29.707,347.405,79.39,-0.21,0.1,7.299988000000001,29.48,29.50999,29.56,29.45999,0.5,29.62,-0.02958012,0.009180069,0.0,4.0,3.0,1169.0,95.0,0.0,3.089996,1.0,13.8,9.75,0.0,-0.1799403126853922,0.8053367960131083,-390.48258912656604,-96.44548561872777,6.0633610878909,8.251944444444444
136.0,57559.2,52.2023979,-2.2020083,29.304,347.774,79.35,-0.22,0.1,6.200012,29.45,29.55,29.59999,29.45999,0.2000122,29.48,-0.03978014,0.009180069,0.0,4.0,3.0,1172.0,96.0,0.0,4.519989,1.0,13.7,9.75,0.0,-0.17237940592359857,0.7955383965676498,-390.65496853248965,-95.64994722216012,6.069801352830759,8.139999999999999
136.0,57559.3,52.2024052,-2.2020111,29.902,347.039,79.31,-0.23,0.1,4.700012,29.31999,29.50999,29.37,29.36,0.8000183000000001,29.52,-0.05915999,0.02957988,0.0,4.0,3.0,1168.0,96.0,0.0,6.419983,1.0,13.7,9.75,0.0,-0.18629591353087488,0.8094495972591075,-390.84126444602055,-94.84049762490102,6.056973182828601,8.306111111111111
136.0,57559.4,52.2024124,-2.2020135,29.416,348.028,79.29,-0.23,0.1,4.399963,29.16,29.34,29.55,29.289990000000003,1.200012,29.24,-0.06936002,0.01937985,0.0,4.0,3.0,1165.0,96.0,0.0,9.029999,1.0,13.7,9.75,0.0,-0.16949634261631807,0.7993381998509307,-391.01076078863684,-94.04115942505008,6.074234489130825,8.171111111111111
136.0,57559.5,52.2024196,-2.2020161,29.351,347.75699999999995,79.25,-0.24,0.1,5.299988,28.89,28.73999,29.16,29.0,0.6000061,28.93,-0.08976007,0.01937985,0.0,4.0,3.0,1160.0,96.0,0.0,11.39999,1.0,13.8,9.75,0.0,-0.17289229319096208,0.7967630788853883,-391.1836530818278,-93.24439634616469,6.0695046468579195,8.153055555555556
136.0,57559.6,52.2024267,-2.2020189,29.441,347.00699999999995,79.2,-0.26,0.1,7.5,28.45,28.629990000000003,28.64,28.5,0.8000183000000001,28.66,-0.12954,0.02957988,0.0,4.0,3.0,1150.0,96.0,0.0,14.48999,1.0,13.8,9.75,0.0,-0.18386886758482038,0.7968677219153796,-391.3675219494126,-92.44752862424932,6.056414677467962,8.178055555555556
136.0,57559.7,52.2024336,-2.2020213,28.44,347.51800000000003,79.19,-0.24,0.1,9.0,27.95,27.969990000000003,28.17,27.969990000000003,0.3000183,28.03,-0.16014,0.0,0.0,4.0,3.0,1125.0,96.0,0.0,17.34,1.0,13.8,9.75,0.0,-0.17074498375246983,0.7713275248060119,-391.53826693316506,-91.6762010994433,6.065333309945655,7.9
136.0,57559.8,52.2024405,-2.202024,28.458,347.156,79.14,-0.27,0.1,9.599976,27.39,27.399990000000003,27.52,27.34,0.1000061,27.42,-0.2193,0.01937985,0.0,4.0,3.0,1105.0,96.0,0.0,20.42999,1.0,13.8,9.75,0.0,-0.17572601024528287,0.7707208439657479,-391.71399294341035,-90.90548025547756,6.0590152180534345,7.904999999999999
136.0,57559.9,52.2024472,-2.2020265,27.54,347.059,79.11,-0.27,0.1,9.700012,26.67,26.66,26.67,26.56,0.1000061,26.72,-0.2499001,0.0,0.0,4.0,3.0,1085.0,96.0,0.0,22.32999,1.0,13.8,9.75,0.0,-0.17131990120546534,0.7455699105053459,-391.88531284461584,-90.1599103449722,6.057322248679001,7.6499999999999995
136.0,57560.0,52.2024537,-2.2020289,26.878,347.191,79.07,-0.27,0.1,9.799988,25.79,25.81,26.05,25.67,0.1000061,25.96,-0.26928,0.0,0.0,4.0,3.0,1073.0,96.0,0.0,23.51999,1.0,13.8,9.75,0.0,-0.1655249309115221,0.7280313513038459,-392.0508377755274,-89.43187899366836,6.059626083291632,7.466111111111111
136.0,57560.1,52.2024601,-2.2020312,26.262,347.76,79.04,-0.28,0.1,10.59998,25.07999,25.02,25.03,24.86,-0.3999939,25.24,-0.28968,0.01937985,0.0,4.0,3.0,1031.0,96.0,0.0,25.17999,1.0,13.7,9.75,0.0,-0.15465918668813905,0.7129170961429971,-392.20549696221553,-88.71896189752536,6.06955700673548,7.295
136.0,57560.2,52.2024661,-2.2020334,25.085,347.516,78.99,-0.29,0.1,13.70001,24.25,24.1,24.32999,24.14,-0.3999939,24.38,-0.3100800999999999,0.009180069,0.0,3.0,3.0,1002.0,96.0,0.0,25.88998,1.0,13.6,9.75,0.0,-0.15062634717447013,0.6803305709652937,-392.35612330939,-88.03863132656006,6.0652984033606145,6.968055555555556
136.0,57560.3,52.20247199999999,-2.2020356000000003,24.268,347.19300000000004,78.96,-0.29,0.1,16.20001,23.29,23.24,23.32999,23.16,-0.5,23.44,-0.3202801,0.0,0.0,3.0,3.0,988.0,96.0,0.0,25.88998,1.0,13.7,9.75,0.0,-0.149428614334674,0.657340763486851,-392.5055519237247,-87.38129056307321,6.059660989876673,6.7411111111111115
136.0,57560.4,52.2024776,-2.2020378,23.436,347.276,78.92,-0.3,0.1,17.0,22.27,22.07999,22.39999,22.14999,-0.7999878,22.52,-0.3294601,-0.009180069,0.0,3.0,3.0,1023.0,96.0,0.0,26.13,1.0,13.7,9.75,0.0,-0.14338588522122853,0.6350129824809291,-392.6489378089459,-86.74627758059228,6.061109613155828,6.51
135.0,57560.5,52.2024831,-2.2020396,22.457,347.901,78.88,-0.3,0.1,17.89996,21.21,21.1,21.29,21.0,-1.0,21.42,-0.3396599,0.0,0.0,3.0,3.0,1139.0,96.0,0.0,26.13,1.0,13.7,9.75,0.0,-0.1307505784903631,0.6099488973401057,-392.77968838743624,-86.13632868325217,6.072017920980793,6.2380555555555555
135.0,57560.6,52.202488300000006,-2.2020414,21.503,348.26199999999994,78.85,-0.29,0.1,19.29999,20.29,20.0,20.38,19.95,-1.199982,20.51,-0.36006,0.0,0.0,3.0,3.0,1255.0,96.0,0.0,25.64999,1.0,13.7,9.75,0.0,-0.12151386864764731,0.5848147624879293,-392.9012022560839,-85.55151392076425,6.078318559580491,5.973055555555556
135.0,57560.7,52.202493200000006,-2.2020429,20.448,348.63199999999995,78.82,-0.29,0.1,22.70001,19.43,19.25999,19.49,19.21999,-1.600006,19.55,-0.36006,0.02957988,0.0,2.0,3.0,1264.0,96.0,0.0,25.17999,1.0,13.7,9.75,0.0,-0.11195837939256395,0.5568566433865997,-393.0131606354764,-84.99465727737766,6.08477627781287,5.68
135.0,57560.8,52.2024978,-2.2020446,19.264,348.096,78.79,-0.3,0.1,28.0,18.39999,18.14,18.52,18.13,-1.899994,18.64,-0.34986,0.0,0.0,2.0,3.0,1239.0,96.0,0.0,20.19,1.0,13.8,9.75,0.0,-0.11037870544033596,0.523603325638678,-393.12353934091675,-84.47105395173898,6.075421313022181,5.351111111111111
135.0,57560.9,52.2025023,-2.2020461,18.468,348.189,78.76,-0.29,0.1,34.39996,17.57999,17.25,17.6,17.28,-2.299988,17.64,-0.3202801,-0.01938009,0.0,2.0,3.0,1250.0,96.0,0.0,18.76999,1.0,13.8,9.75,0.0,-0.10500288026231507,0.5021388205831311,-393.22854222117905,-83.96891513115585,6.077044469226537,5.13
135.0,57561.0,52.2025066,-2.2020474,17.51,348.978,78.72,-0.29,0.1,40.59998,16.88,16.57,16.91,16.57999,-3.299988,16.9,-0.29988,-0.01938009,0.0,2.0,3.0,1269.0,96.0,0.0,19.23999,1.0,13.7,9.75,0.0,-0.09299069702555118,0.47741688439064456,-393.3215329182046,-83.4914982467652,6.090815117024771,4.863888888888889
135.0,57561.1,52.2025106,-2.2020486,16.794,349.528,78.69,-0.3,0.1,46.89996,16.12,15.79,16.16,15.68999,-3.5,16.09,-0.27948,-0.01938009,0.0,2.0,3.0,1244.0,96.0,0.0,21.13998,1.0,13.7,9.75,0.0,-0.08478870505361318,0.45872990473189273,-393.4063216232582,-83.03276834203331,6.10041442791074,4.665
135.0,57561.2,52.2025146,-2.2020498,16.297,349.747,78.66,-0.3,0.1,55.29999,15.5,15.06,15.49,14.93,-4.600006,15.38,-0.28968,0.0,0.0,2.0,3.0,1252.0,96.0,0.0,23.28,1.0,13.6,9.75,0.0,-0.0805773790922526,0.4454655385206443,-393.4868990023504,-82.58730280351266,6.104236698972608,4.526944444444444
135.0,57561.3,52.2025183,-2.2020507,15.257,350.72900000000004,78.63,-0.29,0.1,64.79999000000001,14.48,13.93,14.56,13.99,-5.199982,14.53,-0.3100800999999999,-0.01938009,0.0,2.0,3.0,1271.0,96.0,0.0,24.47,1.0,13.7,9.75,0.0,-0.06827690069554421,0.4182695467651977,-393.55517590304595,-82.16903325674745,6.1213758322271925,4.2380555555555555
135.0,57561.4,52.2025218,-2.2020516,14.285,351.02,78.6,-0.29,0.1,73.59998,13.63,13.22,13.75,13.16,-5.899994,13.68,-0.3396599,-0.009180069,0.0,2.0,3.0,1277.0,96.0,0.0,25.41998,1.0,13.6,9.75,0.0,-0.061937255064205915,0.39194186476423337,-393.61711315811016,-81.77709139198322,6.126454740350495,3.9680555555555554
135.0,57561.5,52.202525,-2.2020524,13.302,351.405,78.58,-0.27,0.1,81.0,12.89,12.31,12.82999,12.21,-6.0,12.73,-0.34986,0.0,0.0,2.0,3.0,1270.0,96.0,0.0,25.41998,1.0,13.8,9.75,0.0,-0.05522142678419176,0.36535030316658856,-393.6723345848944,-81.41174108881663,6.133174257970674,3.695
135.0,57561.6,52.2025281,-2.202053,12.604,352.436,78.55,-0.28,0.1,86.79999000000001,11.88,11.22,11.89,11.2,-6.199982,11.83,-0.34986,0.0,0.0,2.0,3.0,1282.0,96.0,0.0,25.17999,1.0,13.6,9.75,0.0,-0.04608637373662942,0.3470645995765983,-393.718420958631,-81.06467648924003,6.151168602558735,3.501111111111111
135.0,57561.7,52.20253089999999,-2.2020535,11.387,353.56300000000005,78.54,-0.26,0.1,92.0,10.93,10.38,10.96,10.3,-6.600006,10.94,-0.34986,0.0,0.0,2.0,3.0,1266.0,96.0,0.0,24.22998,1.0,13.7,9.75,0.0,-0.03546122340578507,0.3143114794433599,-393.75388218203676,-80.75036500979667,6.170838463228712,3.1630555555555557
135.0,57561.8,52.2025334,-2.2020539,10.454,354.309,78.5,-0.26,0.1,95.70001,10.1,9.610001,10.06,9.5,-6.299988,10.01,-0.3396599,0.0397799,0.0,2.0,3.0,1269.0,96.0,0.0,20.19,1.0,13.7,9.75,0.0,-0.028795962773269502,0.2889576081678486,-393.78267814481,-80.46140740162882,6.183858619448589,2.903888888888889
135.0,57561.9,52.2025358,-2.2020542,9.698,354.913,78.47,-0.27,0.1,96.5,9.209999,8.699997,9.110001,8.579994000000001,-5.299988,9.16,-0.3294601,0.0397799,0.0,2.0,3.0,1280.0,96.0,0.0,19.23999,1.0,13.7,9.75,0.0,-0.023886254825080135,0.26832782242477476,-393.8065643996351,-80.19307957920404,6.194400408130635,2.693888888888889
135.0,57562.0,52.202538,-2.2020544,8.752,355.49,78.46,-0.25,0.1,98.5,8.360000999999999,7.939995,8.369995,7.860001,-5.600006,8.37,-0.3294601,0.0397799,0.0,2.0,3.0,1281.0,96.0,0.0,18.53,1.0,13.7,9.75,0.0,-0.019116577741523786,0.24235834790889976,-393.8256809773766,-79.95072123129513,6.204470957914642,2.4311111111111114
135.0,57562.1,52.202539900000005,-2.2020546,7.841,355.645,78.45,-0.23,0.1,100.4,7.669998,7.149994,7.629997,7.1599960000000005,-4.899994,7.63,-0.29988,0.0397799,0.0,1.0,3.0,1258.0,96.0,0.0,15.67999,1.0,13.8,9.75,0.0,-0.01653926549157508,0.21717668550713123,-393.84222024286817,-79.733544545788,6.207176218255233,2.1780555555555554
135.0,57562.2,52.2025417,-2.2020547,7.301,356.538,78.43,-0.22,0.1,103.0,7.019997,6.68,7.029999,6.589996000000001,-4.399994,6.99,-0.2601001,0.04997993,0.0,1.0,3.0,1201.0,96.0,0.0,11.39999,1.0,13.7,9.75,0.0,-0.012246725405323216,0.20243544917094966,-393.85446696827347,-79.53110909661706,6.222762008475543,2.0280555555555555
135.0,57562.3,52.2025433,-2.2020549,6.577000000000001,356.499,78.41,-0.21,0.1,104.9,6.879997,6.459999,6.699997,6.229996,-4.5,6.73,-0.1795201,0.009180069,0.0,1.0,3.0,1145.0,96.0,0.0,3.799988,1.0,13.8,9.75,0.0,-0.01115641168492882,0.182353487790008,-393.8656233799584,-79.34875560882705,6.222081330067265,1.8269444444444447
135.0,57562.4,52.20254490000001,-2.2020548,6.44,358.647,78.39,-0.21,0.1,104.9,6.93,6.349998,6.759995,6.18,-5.0,6.61,-0.08976007,0.009180069,0.0,1.0,3.0,1098.0,96.0,0.0,0.4799805,1.0,13.8,9.75,0.0,-0.004223944148220447,0.17883901381894823,-393.8698473241066,-79.1699165950081,6.259571002400103,1.788888888888889
135.0,57562.5,52.2025464,-2.2020548,6.149,358.725,78.39,-0.19,0.1,106.3,6.879997,6.379997,6.829994,6.269997,-4.799988,6.61,-0.04997993,0.0397799,0.0,1.0,3.0,1081.0,96.0,0.0,0.0,1.0,13.8,9.75,0.0,-0.003800613448132414,0.17076326638378597,-393.8736479375547,-78.99915332862432,6.2609323592166595,1.7080555555555554
135.0,57562.6,52.2025481,-2.2020548,6.671,359.02,78.36,-0.2,0.1,108.5,7.009995,6.549995,6.93,6.489998,-4.699982,6.77,-0.01938009,0.0397799,0.0,1.0,3.0,1078.0,96.0,0.0,0.4799805,1.0,13.7,9.75,0.0,-0.003169353685256038,0.1852784502228223,-393.87681729124,-78.81387487840149,6.266081080510042,1.8530555555555557
135.0,57562.7,52.2025498,-2.2020549,6.847,359.295,78.35,-0.19,0.1,111.9,7.149994,6.629997,7.110001,6.68,-5.199982,6.89,0.0,0.0397799,0.0,1.0,3.0,1076.0,96.0,0.0,0.7200012,1.0,13.7,9.75,0.0,-0.0023402020354569672,0.19018004667147423,-393.87915749327544,-78.62369483173002,6.2708807359530265,1.9019444444444444
135.0,57562.8,52.2025516,-2.2020549,7.096,359.38,78.33,-0.19,0.1,116.2,7.449997,6.889999,7.389999,6.889999,-5.100006,7.09,-0.01938009,0.009180069,0.0,1.0,3.0,1079.0,96.0,0.0,0.9499817,1.0,13.7,9.75,0.0,-0.002132905860333867,0.19709957086723387,-393.88129039913576,-78.42659526086278,6.272364265817221,1.971111111111111
135.0,57562.9,52.2025532,-2.2020548,6.768,359.751,78.32,-0.18,0.1,122.5,7.669998,7.049995,7.619994999999999,6.989998,-6.0,7.36,-0.01938009,0.0,0.0,1.0,3.0,1129.0,96.0,0.0,0.9499817,1.0,13.7,9.75,0.0,-0.0008170209576487186,0.18799822466383764,-393.8821074200934,-78.23859703619894,6.27883943734212,1.88
135.0,57563.0,52.2025551,-2.2020547,7.477,0.698,78.3,-0.18,0.1,127.8,7.869994999999999,7.299995,7.839996000000001,7.209999000000001,-6.299988,7.62,0.0,0.009180069,0.0,1.0,3.0,1192.0,96.0,0.0,0.2399902,1.0,13.7,9.75,0.0,0.0025301538369850414,0.20767903258308867,-393.87957726625643,-78.03091800361585,0.012182398178920419,2.0769444444444445
135.0,57563.1,52.202557,-2.2020547,7.643,0.779,78.27,-0.19,0.1,131.4,8.159996000000001,7.589996000000001,8.040001,7.349997999999999,-6.799988000000001,7.74,-0.009180069,0.0,0.0,1.0,3.0,1173.0,96.0,0.0,0.0,1.0,13.7,9.75,0.0,0.0028864417910505896,0.21228593305619656,-393.87669082446536,-77.81863207055966,0.013596114873035827,2.1230555555555553
135.0,57563.2,52.202558800000006,-2.2020545,7.387,1.395,78.26,-0.17,0.1,133.3,8.369995,7.659996,8.259995,7.559997999999999,-7.399994,7.96,0.0,0.0,0.0,1.0,3.0,1178.0,96.0,0.0,0.0,0.0,13.7,9.75,0.0,0.004995445955523974,0.20513362852192138,-393.87169537850986,-77.61349844203774,0.0243473430653209,2.051944444444444
135.0,57563.3,52.2025609,-2.2020543000000004,8.122,3.411,78.24,-0.17,0.1,137.6,8.68,7.909996,8.619995,7.849997999999999,-7.699982,8.25,0.0,0.009180069,0.0,1.0,3.0,1159.0,96.0,0.0,-0.230011,0.0,13.8,9.75,0.0,0.013423414574999994,0.2252114237731688,-393.85827196393484,-77.38828701826456,0.05953318078552658,2.256111111111111
135.0,57563.4,52.2025629,-2.2020539999999995,8.251,3.643,78.23,-0.17,0.1,151.2,8.879997,8.149994,8.720001,8.07,-8.0,8.45,-0.009180069,0.0,0.0,1.0,3.0,1153.0,96.0,0.0,0.0,0.0,13.8,9.75,0.0,0.014562903251818854,0.2287313166426401,-393.843709060683,-77.15955570162193,0.06358234465015342,2.2919444444444443
135.0,57563.5,52.202565,-2.2020539,8.366,2.957,78.23,-0.16,0.1,170.4,9.079994,8.259995,8.889999000000001,8.220001,-8.899994,8.63,-0.009180069,-0.05915999,0.0,1.0,3.0,1159.0,96.0,0.0,0.0,0.0,13.7,9.75,0.0,0.011988124424669108,0.23207947033675988,-393.83172093625836,-76.92747623128517,0.05160938598147232,2.323888888888889
135.0,57563.6,52.2025672,-2.2020534,8.863,5.612,78.19,-0.17,0.1,185.9,9.299995,8.349998,9.220001,8.329994000000001,-10.5,8.73,-0.02958012,-0.07956004,0.0,1.0,3.0,1162.0,96.0,0.0,0.0,0.0,13.7,9.75,0.0,0.02407568402123171,0.24501441980875016,-393.80764525223714,-76.68246181147641,0.09794787762192178,2.4619444444444443
136.0,57563.7,52.2025694,-2.2020529,8.795,6.582000000000001,78.2,-0.15,0.1,210.4,9.57,8.449997,9.529999,8.309998,-12.29999,8.99,-0.03978014,-0.07956004,0.0,1.0,3.0,1161.0,96.0,0.0,-0.230011,0.0,13.7,9.75,4.5,0.02800354081274703,0.24269529492196065,-393.7796417114244,-76.43976651655446,0.11487757136626678,2.4430555555555555
136.0,57563.8,52.2025715,-2.2020522,8.806000000000001,8.926,78.17,-0.17,0.1,235.1,9.970001,8.689995,9.619995,8.239998,-14.39999,9.3,-0.03978014,-0.08976007,0.0,1.0,3.0,1205.0,96.0,0.0,0.0,0.0,13.7,9.75,11.5,0.03795354012716488,0.2416487626097598,-393.74168817129726,-76.1981177539447,0.15578808903301386,2.446111111111111
137.0,57563.9,52.2025737,-2.2020516,9.209,9.321,78.12,-0.2,0.1,260.3,10.17,8.709999,9.849998,8.339996000000001,-16.0,9.38,-0.04997993,-0.1091398999999999,0.0,1.0,3.0,1305.0,96.0,0.0,-0.230011,0.0,13.7,9.75,16.0,0.04143167771455937,0.2524280062410732,-393.7002564935827,-75.94568974770363,0.16268213957839145,2.5580555555555553
137.0,57564.0,52.202576,-2.2020508000000003,9.176,11.232,78.12,-0.17,0.1,282.6,10.5,8.849998,10.13,8.360000999999999,-18.69998,9.639999,-0.03978014,-0.14994,0.0,1.0,3.0,1423.0,96.0,0.0,0.0,0.0,13.6,9.75,19.0,0.049647815885218466,0.2500068800190103,-393.65060867769745,-75.69568286768461,0.19603538158400308,2.548888888888889
137.0,57564.1,52.2025782,-2.2020498,9.299,13.481,78.09,-0.18,0.1,303.9,11.02,9.159996,10.43,8.509995,-21.0,10.02,-0.01938009,-0.16014,0.0,1.0,3.0,1461.0,96.0,0.0,0.0,0.0,13.6,9.75,20.5,0.06021694044252921,0.25118853499832566,-393.59039173725495,-75.44449433268629,0.23528783646135557,2.583055555555555
137.0,57564.2,52.2025805,-2.2020487,9.562,15.022,78.07,-0.19,0.1,322.7,11.50999,9.5,10.85,8.790001,-23.29999,10.4,-0.009180069,-0.1693201,0.0,1.0,3.0,1542.0,96.0,0.0,0.0,0.0,13.7,9.75,21.0,0.068843721286953,0.2565342167919191,-393.521548015968,-75.18796011589437,0.2621833602345882,2.656111111111111
137.0,57564.3,52.2025828,-2.2020473,9.947,17.83,78.04,-0.2,0.1,335.9,12.06,9.869995,11.32999,8.939995,-25.39999,10.82,-0.009180069,-0.2101199999999999,0.0,1.0,3.0,1614.0,96.0,0.0,0.0,0.0,13.6,9.75,22.0,0.08460304713816047,0.26303437882870445,-393.43694496882983,-74.92492573706566,0.3111922056305889,2.7630555555555554
137.0,57564.4,52.2025852,-2.2020457,10.249,20.39,78.02,-0.19,0.1,348.6,12.77,10.37,11.89,9.32,-28.399990000000003,11.43,0.0,-0.2499001,0.0,1.0,3.0,1696.0,96.0,0.0,-0.230011,0.0,13.7,9.75,23.0,0.0991899516630106,0.2668562912629577,-393.33775501716684,-74.65806944580271,0.3558726344816438,2.8469444444444445
137.0,57564.5,52.2025875,-2.2020438,10.624,23.425,77.99,-0.21,0.1,352.8,13.71,11.07,12.63,9.790001,-30.60001,12.13,0.02957988,-0.28968,0.0,1.0,3.0,1789.0,96.0,0.0,0.0,0.0,13.7,9.75,23.0,0.11732092018362304,0.27078842218326565,-393.22043409698324,-74.38728102361945,0.4088433772796717,2.951111111111111
137.0,57564.6,52.20259,-2.2020415,11.128,26.699,77.96,-0.22,0.1,354.1,14.85,11.97,13.56,10.37,-33.69998,13.23,0.08976007,-0.3294601,0.0,2.0,3.0,1945.0,96.0,0.0,0.0,0.0,13.7,9.75,23.0,0.13888467513976274,0.276153446517816,-393.0815494218435,-74.11112757710164,0.4659854569899661,3.091111111111111
137.0,57564.7,52.2025926,-2.2020388,12.316,30.224,77.93,-0.22,0.1,353.9,16.12,13.1,14.84,11.38,-36.39999,14.28,0.1193398999999999,-0.37026,0.0,2.0,3.0,2079.0,96.0,0.0,0.0,0.0,13.7,9.75,23.0,0.17221255106816805,0.2956059025125727,-392.9093368707753,-73.81552167458906,0.5275083131227661,3.421111111111111
137.0,57564.8,52.2025953,-2.2020357,12.996,33.09,77.9,-0.23,0.1,353.9,17.31,14.32999,16.05,12.39999,-39.0,15.67,0.13974,-0.4294199999999999,0.0,2.0,3.0,2229.0,96.0,0.0,0.0,0.0,13.6,9.75,23.0,0.1970900232950039,0.3024508600046871,-392.7122468474803,-73.51307081458438,0.5775294494849237,3.61
137.0,57564.9,52.2025981,-2.2020319,14.386,36.667,77.87,-0.24,0.1,353.9,18.52,15.14,17.16,13.28,-42.0,16.46,0.12954,-0.4600201,0.0,2.0,3.0,2342.0,96.0,0.0,0.0,0.0,13.7,9.75,23.0,0.23863307314651294,0.32053595199931595,-392.4736137743338,-73.19253486258506,0.6399598768287609,3.996111111111111
137.0,57565.0,52.2026009,-2.2020275,15.433,41.56,77.84,-0.25,0.1,351.0,19.64999,16.21,18.29,14.25999,-44.5,17.73,0.08976007,-0.4804201,0.0,2.0,3.0,2528.0,96.0,0.0,0.0,0.0,13.7,9.75,23.0,0.2843976046553793,0.320775512101241,-392.1892161696784,-72.87175935048383,0.7253588371288434,4.286944444444444
137.0,57565.1,52.2026037,-2.2020225,16.398,45.6,77.8,-0.26,0.1,342.8,20.45,16.95,19.18999,14.99,-45.29999,18.55,0.05915999,-0.51,0.0,2.0,3.0,2645.0,96.0,0.0,0.0,0.0,13.7,9.75,23.0,0.32544230557274195,0.3186966516038379,-391.86377386410567,-72.55306269887998,0.7958701389094143,4.555
137.0,57565.2,52.2026063,-2.2020167,17.554000000000002,51.351000000000006,77.77,-0.26,0.1,313.8,21.42,17.57999,20.1,15.84,-46.0,19.32,0.02957988,-0.4804201,0.0,2.0,3.0,2795.0,96.0,0.0,0.0,0.0,13.7,9.75,23.0,0.3808177622134266,0.30453641434444334,-391.4829561018922,-72.24852628453554,0.8962440241916083,4.876111111111111
137.0,57565.3,52.2026088,-2.2020105,18.108,55.276,77.72,-0.28,0.1,278.2,22.14,18.43,21.07,17.0,-43.69998,20.04,0.02957988,-0.3794401,0.0,2.0,3.0,2893.0,96.0,0.0,0.0,0.0,13.7,9.75,23.0,0.41341847135999227,0.2865207977413983,-391.06953763053224,-71.96200548679414,0.9647481973323857,5.03
137.0,57565.4,52.2026111,-2.2020038,18.842,59.213,77.69,-0.29,0.1,232.1,22.75,19.35,21.7,18.05,-38.0,20.87,0.05915999,-0.29988,0.0,2.0,3.0,2958.0,96.0,0.0,0.0,0.0,13.7,9.75,23.0,0.4496308611964914,0.2678955349983404,-390.6199067693357,-71.6941099517958,1.0334618099834023,5.233888888888888
137.0,57565.5,52.2026131,-2.2019961999999995,20.178,64.315,77.64,-0.31,0.1,205.6,23.14999,20.13,22.46999,19.1,-34.0,21.44,0.07956004,-0.26928,0.0,2.0,3.0,2691.0,96.0,0.0,0.0,0.0,13.7,9.75,23.0,0.5051172876506314,0.24293368584136169,-390.1147894816851,-71.45117626595443,1.122508508420153,5.605
137.0,57565.6,52.2026152,-2.2019881000000003,21.19,66.866,77.6,-0.31,0.1,176.4,23.77,21.02,23.21999,20.25999,-30.0,22.25,0.08976007,-0.2193,0.0,2.0,3.0,2334.0,96.0,0.0,0.0,0.0,13.7,9.75,23.0,0.5412800192577388,0.23125522886153044,-389.57350946242735,-71.2199210370929,1.1670318576385283,5.886111111111111
137.0,57565.7,52.2026172,-2.2019797000000003,21.946,68.227,77.55,-0.33,0.1,156.2,24.36,21.95,23.91,21.41,-26.899990000000003,22.98,0.09995985,-0.1999198999999999,0.0,2.0,3.0,2088.0,96.0,0.0,0.0,0.0,13.7,9.75,23.0,0.5661218974801834,0.2261232053186054,-389.0073875649472,-70.9937978317743,1.1907857887581712,6.096111111111111
137.0,57565.8,52.2026189,-2.2019709,22.691,71.01,77.51,-0.33,0.1,125.1,25.2,23.27,24.75,22.64,-22.79999,23.97,0.12954,-0.2193,0.0,2.0,3.0,2122.0,96.0,0.0,0.0,0.0,13.6,9.75,23.0,0.5960014174546363,0.20510339771993513,-388.4113861474925,-70.78869443405436,1.2393583018411736,6.303055555555555
137.0,57565.9,52.2026205,-2.2019616,23.515,73.322,77.46,-0.35,0.1,99.29999,25.71999,24.13,25.5,23.56,-18.89999,24.77,0.13974,-0.1999198999999999,0.0,2.0,3.0,2187.0,96.0,0.0,0.0,0.0,13.8,9.75,23.0,0.6257163587816176,0.18746205110944564,-387.7856697887109,-70.60123238294491,1.2797103141472823,6.531944444444444
137.0,57566.0,52.2026219,-2.2019519,24.354,75.915,77.4,-0.36,0.1,68.0,26.25,24.89,26.07999,24.46999,-14.79999,25.41,0.14994,-0.1091398999999999,0.0,2.0,3.0,2247.0,96.0,0.0,0.0,0.0,13.8,9.75,23.0,0.6561615418483435,0.1646337784271638,-387.12950824686254,-70.43659860451776,1.3249667016514954,6.765
138.0,57566.1,52.2026233,-2.2019417,25.47,77.018,77.36,-0.37,0.1,45.0,26.81,26.02,26.75,25.67,-9.699982,26.2,0.14994,0.0,0.0,2.0,3.0,2357.0,96.0,0.0,0.0,0.0,13.7,9.75,23.0,0.6894167861648596,0.15893629212397112,-386.44009146069766,-70.27766231239379,1.3442176833009927,7.074999999999999
137.0,57566.2,52.2026247,-2.2019312,26.255,77.77,77.32,-0.37,0.1,31.79999,27.399990000000003,26.93999,27.29,26.7,-5.5,26.92,0.14994,0.0,0.0,2.0,3.0,2450.0,96.0,0.0,0.0,0.0,13.7,9.75,23.0,0.7127540468554309,0.15449356638838962,-385.72733741384224,-70.12316874600539,1.35734255927599,7.293055555555555
137.0,57566.3,52.2026261,-2.2019204,27.22,77.832,77.27,-0.38,0.1,21.39996,28.09,27.78,27.96,27.469990000000003,-3.600006,27.63,0.14994,-0.01938009,0.0,2.0,3.0,2535.0,96.0,0.0,-0.230011,0.0,13.7,9.75,23.5,0.7391241433726741,0.1593722467347749,-384.98821327046954,-69.96379649927061,1.3584246634122266,7.561111111111111
137.0,57566.4,52.2026275,-2.2019094,27.706,77.957,77.22,-0.39,0.1,14.0,28.66,28.58,28.66,28.31999,-1.799988,28.42,0.14994,-0.01938009,0.0,2.0,3.0,2643.0,96.0,0.0,0.0,0.0,13.7,9.75,24.0,0.7526729628234015,0.16057606727131363,-384.23554030764615,-69.8032204319993,1.3606063249772193,7.696111111111111
137.0,57566.5,52.2026289,-2.2018979,28.678,78.708,77.18,-0.39,0.1,8.899963,29.3,29.36,29.25999,29.09,-0.2999877999999999,29.17,0.14994,-0.01938009,0.0,2.0,3.0,2710.0,96.0,0.0,0.0,0.0,13.8,9.75,24.0,0.7811903197789047,0.15598380245849808,-383.45434998786726,-69.64723662954081,1.3737137476596968,7.966111111111111
137.0,57566.6,52.2026304,-2.2018862,29.192,78.387,77.13,-0.4,0.1,5.299988,30.02,30.06,29.97,29.77,0.6000061,29.88,0.14994,-0.009180069,0.0,2.0,3.0,2796.0,96.0,0.0,0.0,0.0,13.7,9.75,24.0,0.7942896699931716,0.16323207486764174,-382.66006031787407,-69.48400455467318,1.3681112407607952,8.108888888888888
137.0,57566.7,52.20263179999999,-2.2018741,30.096,79.047,77.08,-0.41,0.1,3.700012,30.78,30.879990000000003,30.629990000000003,30.67,1.100006,30.62,0.14994,0.0,0.0,2.0,3.0,2845.0,96.0,0.0,0.0,0.0,13.7,9.75,24.0,0.8207709012380588,0.15884309138538089,-381.839289416636,-69.3251614632878,1.3796304138239577,8.36
137.0,57566.8,52.2026333,-2.2018618000000005,30.758000000000003,78.501,77.03,-0.42,0.1,4.299988,31.42,31.53,31.34,31.34,1.200012,31.34,0.14994,0.009180069,0.0,3.0,3.0,2909.0,96.0,0.0,-0.230011,0.0,13.6,9.75,24.0,0.8372397524027871,0.17032313540241645,-381.0020496642332,-69.15483832788539,1.3701009161080686,8.543888888888889
137.0,57566.9,52.202635,-2.2018493,31.324,78.015,76.98,-0.43,0.1,7.700011999999999,32.22,32.319990000000004,32.12,32.03999,1.100006,32.06,0.14994,-0.01938009,0.0,3.0,3.0,2950.0,96.0,0.0,-0.230011,0.0,13.7,9.75,24.0,0.8511444276893205,0.18068344941480216,-380.15090523654385,-68.97415487847059,1.3616186159433763,8.70111111111111
137.0,57567.0,52.202636600000005,-2.2018364,32.216,78.531,76.92,-0.44,0.1,8.599976,32.98999,33.02,32.849990000000005,32.78999,0.1000061,32.82,0.1693199,-0.01938009,0.0,3.0,3.0,2960.0,96.0,0.0,0.0,0.0,13.7,9.75,18.5,0.8770201320164022,0.17793766182211918,-379.27388510452744,-68.79621721664847,1.370624514883667,8.94888888888889
137.0,57567.1,52.2026384,-2.2018233,32.933,77.607,76.87,-0.45,0.1,9.599976,33.599990000000005,33.62,33.5,33.52,0.0,33.44,0.14994,-0.01938009,0.0,3.0,3.0,2902.0,96.0,0.0,0.0,0.0,13.7,9.75,9.5,0.8934892193133307,0.1963319114310341,-378.3803958852141,-68.59988530521744,1.3544976725952393,9.148055555555555
137.0,57567.2,52.20264,-2.2018099,33.545,78.304,76.81,-0.47,0.1,10.89996,33.87999,33.959990000000005,34.19,33.89,0.1000061,33.86,0.09995985,-0.02958012,0.0,3.0,3.0,2791.0,96.0,0.0,-0.230011,0.0,13.8,9.75,6.5,0.9124584446204219,0.18889462725307515,-377.4679374405937,-68.41099067796436,1.3666626174816399,9.318055555555556
137.0,57567.3,52.2026418,-2.2017962,34.283,78.368,76.76,-0.47,0.1,14.29999,34.27,34.319990000000004,34.45,34.36,-0.3999939,34.43,0.0397799,0.0,0.0,3.0,3.0,2701.0,96.0,0.0,0.0,0.0,13.8,9.75,6.0,0.9327478599287868,0.1920085960061262,-376.5351895806649,-68.21898208195823,1.367779628202916,9.523055555555556
137.0,57567.4,52.2026435,-2.2017826,34.225,78.219,76.69,-0.49,0.1,18.29999,34.81,34.69,34.69,34.56,-1.199982,34.75,0.02957988,-0.009180069,0.0,3.0,3.0,2611.0,96.0,0.0,0.0,0.0,13.8,9.75,4.0,0.9306682070531572,0.19410464981033426,-375.60452137361176,-68.0248774321479,1.3651790876174446,9.506944444444445
137.0,57567.5,52.2026453,-2.2017688000000004,34.528,77.877,76.63,-0.5,0.1,21.29999,35.08,34.959990000000005,35.12,34.849990000000005,-1.899994,34.99,0.02957988,-0.06936002,0.0,3.0,3.0,2500.0,96.0,0.0,0.0,0.0,13.7,9.75,3.5,0.937721985439397,0.20142393472570672,-374.66679938817236,-67.8234534974222,1.359210061575624,9.591111111111111
137.0,57567.6,52.2026472,-2.201755,34.751,77.532,76.58,-0.5,0.1,21.5,35.37999,35.209990000000005,35.52,34.849990000000005,-2.5,35.24,0.0397799,-0.08976007,0.0,4.0,3.0,2372.0,96.0,0.0,0.0,0.0,13.8,9.75,2.5,0.9425405012762451,0.20840398038507868,-373.7242588868961,-67.61504951703711,1.3531886756562435,9.653055555555556
137.0,57567.7,52.2026489,-2.2017409,35.194,78.80199999999999,76.52,-0.51,0.1,19.5,35.599990000000005,35.23999,35.72,35.25999,-2.899994,35.3,0.01937985,-0.06936002,0.0,4.0,3.0,2205.0,96.0,0.0,0.0,0.0,13.8,9.75,0.5,0.9589992870467783,0.18985218463760767,-372.76525959984934,-67.4251973323995,1.3753543571565714,9.776111111111112
137.0,57567.8,52.2026506,-2.2017267,35.579,78.882,76.47,-0.5,0.1,17.39996,35.67,35.45,35.87999,35.48999,-2.199982,35.58,0.0,-0.04997993,0.0,4.0,3.0,2147.0,96.0,0.0,0.0,0.0,13.7,9.75,0.0,0.9697571683422441,0.1905751966831154,-371.7955024315071,-67.23462213571639,1.3767506205581672,9.883055555555556
137.0,57567.9,52.2026523,-2.2017125,35.741,78.759,76.43,-0.49,0.1,17.0,36.03,35.87999,36.08,35.83,-1.600006,35.85,-0.009180069,-0.01938009,0.0,4.0,3.0,2099.0,96.0,0.0,0.0,0.0,13.8,9.75,0.0,0.9737594874228285,0.1935338001383885,-370.82174294408424,-67.04108833557801,1.374603865578214,9.928055555555556
137.0,57568.0,52.202654,-2.2016983,35.662,79.102,76.37,-0.5,0.1,17.09998,36.19,35.959990000000005,36.099990000000005,35.709990000000005,-1.899994,35.99,0.0,-0.03978014,0.0,4.0,3.0,2035.0,96.0,0.0,0.0,0.0,13.8,9.75,0.0,0.9727457495599788,0.18728609176814276,-369.84899719452426,-66.85380224380987,1.3805903449125547,9.90611111111111
137.0,57568.1,52.20265570000001,-2.2016839,35.809,79.292,76.31,-0.51,0.1,16.0,36.25999,36.02,36.25999,35.92,-1.699982,36.0,-0.009180069,-0.02958012,0.0,4.0,3.0,2001.0,96.0,0.0,0.0,0.0,13.8,9.75,0.0,0.9773736938255448,0.18481801975579204,-368.8716235006987,-66.66898422405407,1.3839064704913437,9.946944444444444
137.0,57568.2,52.20265729999999,-2.2016694,36.342,79.667,76.26,-0.5,0.1,13.70001,36.34,36.099990000000005,36.45,36.19,-1.5,36.07,-0.01938009,-0.01938009,0.0,4.0,3.0,1960.0,96.0,0.0,0.0,0.0,13.7,9.75,0.0,0.9931278200395668,0.18107286672347667,-367.87849568065917,-66.48791135733059,1.3904514551863225,10.094999999999999
137.0,57568.3,52.2026589,-2.2016548,36.346,79.691,76.21,-0.51,0.1,10.79999,36.47,36.52,36.56,36.16,-0.6999816999999999,36.32,-0.01938009,-0.01938009,0.0,4.0,3.0,1877.0,96.0,0.0,0.0,0.0,13.8,9.75,0.0,0.9933128979732109,0.18067673452626332,-366.88518278268594,-66.30723462280433,1.3908703342068012,10.09611111111111
137.0,57568.4,52.2026606,-2.2016402000000004,36.436,79.733,76.16,-0.51,0.1,8.700012,36.599990000000005,36.53,36.67999,36.599990000000005,-0.1999817,36.53,-0.009180069,0.01937985,0.0,4.0,3.0,1787.0,96.0,0.0,0.0,0.0,13.8,9.75,0.0,0.995905043692755,0.18039413843553695,-365.8892777389932,-66.1268404843688,1.3916033724926389,10.12111111111111
137.0,57568.5,52.2026619,-2.2016254,36.641,81.03399999999999,76.07,-0.54,0.1,7.899963,36.92,36.92,36.83,36.61,0.3000183,36.94,-0.01938009,0.009180069,0.0,4.0,3.0,1691.0,96.0,0.0,0.0,0.0,13.8,9.75,0.0,1.0053689861834854,0.15862329759573088,-364.8839087528097,-65.96821718677307,1.4143101060610848,10.178055555555554
137.0,57568.6,52.2026635,-2.2016108,36.623000000000005,80.369,76.01,-0.55,0.1,8.200012,37.06,36.81999,37.08,36.94,0.2000122,36.81,0.0,0.009180069,0.0,4.0,3.0,1537.0,96.0,0.0,-0.230011,0.0,13.8,9.75,0.0,1.0029673073900784,0.1701974549483451,-363.88094144541964,-65.79801973182472,1.4027036665353227,10.173055555555557
137.0,57568.7,52.2026651,-2.2015960000000003,36.875,80.108,75.95,-0.55,0.1,8.099976,37.03999,36.8,37.11,36.89999,0.3999939,37.11,0.0,0.0,0.0,4.0,3.0,1428.0,96.0,0.0,0.0,0.0,13.8,9.75,0.0,1.0090775350799404,0.1759670404904487,-362.8718639103397,-65.62205269133428,1.3981483571876177,10.243055555555555
137.0,57568.8,52.2026667,-2.201581,37.408,80.095,75.9,-0.55,0.1,8.299988,37.08,37.099990000000005,37.56,37.37999,0.3999939,37.01,-0.009180069,0.0,0.0,4.0,3.0,1412.0,96.0,0.0,0.0,0.0,13.7,9.75,0.0,1.0236224521152977,0.17874276701459324,-361.8482414582244,-65.44330992431968,1.3979214643848583,10.391111111111112
137.0,57568.9,52.2026683,-2.2015662000000003,37.044,79.971,75.84,-0.55,0.1,8.299988,37.3,37.45,37.34,37.41,0.6000061,37.23,-0.02958012,0.009180069,0.0,4.0,3.0,1419.0,96.0,0.0,0.0,0.0,13.8,9.75,0.0,1.0132766079628246,0.1791968631292195,-360.83496485026154,-65.26411306119046,1.3957572561123854,10.29
137.0,57569.0,52.2026699,-2.2015512,37.372,80.171,75.79,-0.55,0.1,8.399963,37.39999,37.41,37.39,37.23,0.3000183,37.36,-0.02958012,0.01937985,0.0,4.0,3.0,1410.0,96.0,0.0,-0.230011,0.0,13.8,9.75,0.0,1.0228733232924871,0.1772141176908,-359.812091526969,-65.08689894349966,1.399247914616374,10.38111111111111
137.0,57569.1,52.2026716,-2.2015363,37.31,79.906,75.74,-0.55,0.1,8.5,37.39,37.31999,37.50999,37.37999,0.1000061,37.33,-0.02958012,0.0,0.0,4.0,3.0,1405.0,96.0,0.0,0.0,0.0,13.8,9.75,0.0,1.0203471838259646,0.18164127689148443,-358.7917443431431,-64.90525766660818,1.394622792098589,10.363888888888889
137.0,57569.2,52.20267320000001,-2.2015212,37.508,80.175,75.67,-0.55,0.1,9.599976,37.41,37.48,37.61,37.37999,0.2000122,37.42,-0.02958012,0.01937985,0.0,4.0,3.0,1402.0,96.0,0.0,0.0,0.0,13.8,9.75,0.0,1.0266080638180728,0.17778734514534755,-357.765136279325,-64.72747032146283,1.3993177277864537,10.418888888888889
137.0,57569.3,52.2026748,-2.2015062,37.548,80.11399999999999,75.61,-0.56,0.1,13.09998,37.45,37.39999,37.62999,37.50999,0.0,37.47,-0.03978014,-0.01938009,0.0,4.0,3.0,1400.0,96.0,0.0,0.0,0.0,13.8,9.75,0.0,1.0275128131495708,0.17907098819589815,-356.7376234661754,-64.54839933326693,1.398253076942737,10.43
136.0,57569.4,52.2026766,-2.2014913000000003,37.411,79.458,75.55,-0.56,0.1,15.89996,37.59,37.459990000000005,37.72,37.27,-0.6999816999999999,37.51,-0.03978014,-0.03978014,0.0,4.0,3.0,1417.0,96.0,0.0,-0.230011,0.0,13.8,9.75,0.0,1.0216539414666082,0.1901271081406903,-355.71596952470884,-64.35827222512624,1.3868037170496543,10.391944444444444
136.0,57569.5,52.202678,-2.2014761,37.75,80.692,75.49,-0.56,0.1,17.09998,37.66,37.56,37.73,37.48,-1.799988,37.49,-0.03978014,-0.03978014,0.0,4.0,3.0,1424.0,96.0,0.0,0.0,0.0,13.8,9.75,0.0,1.0348041981820157,0.16960404998276057,-354.6811653265268,-64.18866817514348,1.4083410800192642,10.48611111111111
136.0,57569.6,52.2026797,-2.2014611,37.652,79.938,75.43,-0.57,0.1,17.0,37.73,37.47,37.84,37.459990000000005,-1.699982,37.62,-0.03978014,-0.03978014,0.0,4.0,3.0,1423.0,96.0,0.0,-0.230011,0.0,13.8,9.75,0.0,1.02980235538505,0.1827311597528961,-353.65136297114174,-64.00593701539059,1.3951812974592273,10.45888888888889
136.0,57569.7,52.2026813,-2.201446,37.548,80.07300000000001,75.37,-0.57,0.1,16.39996,37.72,37.73,37.87999,37.50999,-1.5,37.61,-0.04997993,-0.03978014,0.0,4.0,3.0,1430.0,96.0,0.0,0.0,0.0,13.8,9.75,0.0,1.0273844095735536,0.17980621503496674,-352.6239785615682,-63.82613080035562,1.3975374919494197,10.43
136.0,57569.8,52.2026829,-2.2014311,37.429,80.374,75.3,-0.57,0.1,16.09998,37.73,37.62,37.89,37.599990000000005,-1.699982,37.75,-0.03978014,-0.009180069,0.0,4.0,3.0,1425.0,96.0,0.0,0.0,0.0,13.8,9.75,0.0,1.0250558152172087,0.17385371292562618,-351.598922746351,-63.652277087429994,1.4027909329979225,10.396944444444445
136.0,57569.9,52.2026843,-2.2014158,37.814,81.219,75.25,-0.56,0.1,16.0,37.64999,37.56999,37.959990000000005,37.599990000000005,-1.5,37.65,-0.02958012,-0.01938009,0.0,4.0,3.0,1429.0,96.0,0.0,0.0,0.0,13.8,9.75,0.0,1.0380773428358274,0.16035039193012024,-350.56084540351515,-63.49192669549987,1.4175389651772745,10.50388888888889
136.0,57570.0,52.2026859,-2.2014008,37.706,80.55,75.19,-0.56,0.1,15.59998,37.709990000000005,37.53999,37.87,37.53999,-1.399994,37.64,-0.03978014,-0.02958012,0.0,4.0,3.0,1439.0,96.0,0.0,0.0,0.0,13.8,9.75,0.0,1.0331750436415816,0.17196747879793187,-349.5276703598736,-63.31995921670194,1.4058627124814325,10.47388888888889
136.0,57570.1,52.20268740000001,-2.2013856,37.876,80.671,75.13,-0.56,0.1,15.0,37.84,37.72,38.05,37.62999,-1.299988,37.66,-0.03978014,-0.03978014,0.0,4.0,3.0,1436.0,96.0,0.0,0.0,0.0,13.8,9.75,0.0,1.0381956738288525,0.17055067565539472,-348.48947468604473,-63.14940854104655,1.4079745608763456,10.52111111111111
136.0,57570.2,52.2026888,-2.2013704,37.843,81.087,75.07,-0.57,0.1,14.20001,37.94,37.78999,37.86,37.67999,-1.299988,37.87,-0.04997993,-0.009180069,0.0,4.0,3.0,1446.0,96.0,0.0,0.0,0.0,13.8,9.75,0.0,1.0385009957640186,0.16286633116763763,-347.4509736902807,-62.98654220987891,1.415235130564642,10.511944444444445
136.0,57570.3,52.2026902,-2.2013552000000005,37.696,81.416,75.0,-0.57,0.1,13.79999,37.81,37.81,37.97,37.7,-1.100006,37.99,-0.04997993,-0.009180069,0.0,4.0,3.0,1450.0,96.0,0.0,0.0,0.0,13.8,9.75,0.0,1.0353814778249661,0.15629099266859361,-346.41559221245575,-62.83025121721032,1.4209772638037033,10.47111111111111
137.0,57570.4,52.2026917,-2.2013403,37.436,80.736,74.94,-0.58,0.1,12.39996,37.95,37.67,38.0,37.66,-0.8999939,37.74,-0.03978014,-0.01938009,0.0,4.0,3.0,1460.0,96.0,0.0,-0.230011,0.0,13.8,9.75,0.0,1.026325680793592,0.167405191610468,-345.38926653166214,-62.66284602559985,1.409109024890142,10.398888888888889
137.0,57570.5,52.202693200000006,-2.201325,37.876,81.156,74.89,-0.57,0.1,10.59998,37.83,37.75999,37.92,37.78,-0.5,37.77,-0.03978014,0.0,0.0,4.0,3.0,1470.0,96.0,0.0,0.0,0.0,13.6,9.75,0.0,1.039602146917823,0.16175650295215308,-344.3496643847443,-62.501089522647696,1.4164394077485183,10.52111111111111
137.0,57570.6,52.2026945,-2.2013096,38.092,81.789,74.82,-0.58,0.1,8.700012,38.00999,38.06999,38.17,37.959990000000005,-0.1000061,38.06,-0.05915999,0.0,0.0,4.0,3.0,1462.0,96.0,0.0,0.0,0.0,13.7,9.75,0.0,1.047264234102605,0.151118322602768,-343.3024001506417,-62.349971200044926,1.4274873419136422,10.581111111111111
137.0,57570.7,52.202696,-2.2012946,37.714,81.265,74.77,-0.57,0.1,7.599976,37.87,37.89999,37.98,38.06999,0.0,38.22,-0.04997993,0.009180069,0.0,4.0,3.0,1475.0,96.0,0.0,-0.230011,0.0,13.7,9.75,0.0,1.0354601866372874,0.15909507224465014,-342.2669399640044,-62.19087612780027,1.4183418166331918,10.476111111111111
137.0,57570.8,52.2026971,-2.2012793000000004,37.807,82.309,74.7,-0.58,0.1,7.200011999999999,37.89999,37.86,37.87999,37.56999,0.3000183,37.94,-0.03978014,0.01937985,0.0,4.0,3.0,1486.0,96.0,0.0,0.0,0.0,13.8,9.75,0.0,1.0407471409569833,0.1405480691145945,-341.2261928230474,-62.05032805868568,1.4365630540240126,10.501944444444446
137.0,57570.9,52.2026985,-2.2012639000000003,38.196,81.93299999999999,74.66,-0.56,0.1,7.099976,37.75,37.849990000000005,37.91,37.34,1.100006,37.83,-0.04997993,0.0,0.0,4.0,3.0,1498.0,96.0,0.0,0.0,0.0,13.8,9.75,0.0,1.0505010302403526,0.14889118665642329,-340.1756917928071,-61.90143687202926,1.430000616036514,10.61
137.0,57571.0,52.2026998,-2.2012486,38.11,81.969,74.6,-0.56,0.1,7.399963,37.83,37.81999,38.03999,37.81,0.3999939,37.79,-0.03978014,0.01937985,0.0,4.0,3.0,1489.0,96.0,0.0,0.2399902,1.0,13.8,9.75,0.0,1.048228913808138,0.14789735908565957,-339.1274628789989,-61.7535395129436,1.4306289345672318,10.58611111111111
137.0,57571.1,52.2027012,-2.2012332,38.124,81.786,74.54,-0.56,0.1,8.599976,38.0,38.0,38.19,37.89,0.5,37.86,-0.04997993,0.009180069,0.0,4.0,3.0,1493.0,96.0,0.0,0.0,1.0,13.8,9.75,0.0,1.0481360902195398,0.15130015326924368,-338.0793267887794,-61.60223935967435,1.4274349820360823,10.59
137.0,57571.2,52.2027027,-2.201218,38.088,81.51,74.48,-0.56,0.1,10.20001,37.98,38.03999,38.0,37.92,0.1000061,38.07,-0.04997993,0.0,0.0,4.0,3.0,1488.0,96.0,0.0,0.0,1.0,13.8,9.75,0.0,1.0464060613697217,0.15619972704427582,-337.03292072740965,-61.446039632630075,1.422617873300578,10.58
137.0,57571.3,52.2027043,-2.2012028,37.958,80.53699999999999,74.43,-0.56,0.1,10.79999,38.19,38.12,38.19,37.89,0.0,38.1,-0.04997993,-0.009180069,0.0,4.0,3.0,1496.0,96.0,0.0,0.0,0.0,13.8,9.75,0.0,1.0400407427173703,0.17335276894311832,-335.99287998469225,-61.27268686368696,1.4056358196786731,10.543888888888889
137.0,57571.4,52.2027057,-2.2011876,37.991,81.20100000000001,74.38,-0.56,0.1,10.59998,38.09,38.03999,38.06999,37.98,-0.1999817,38.11,-0.03978014,0.0,0.0,4.0,3.0,1495.0,96.0,0.0,-0.230011,0.0,13.8,9.75,0.0,1.04288571871766,0.1614286011869322,-334.94999426597457,-61.11125826250002,1.4172248059119157,10.553055555555556
137.0,57571.5,52.2027074,-2.2011721,38.459,80.59100000000001,74.34,-0.54,0.1,10.09998,38.06,37.89,38.28,37.98999,0.0,38.07,-0.03978014,0.0,0.0,4.0,3.0,1504.0,96.0,0.0,0.0,0.0,13.8,9.75,0.0,1.053933100624949,0.1746475864074442,-333.89606116534964,-60.93661067609258,1.4065782974747503,10.683055555555557
137.0,57571.6,52.2027088,-2.2011566,38.488,81.152,74.3,-0.53,0.1,9.599976,38.06,38.05,38.27,38.12999,-0.1000061,38.1,-0.03978014,0.0,0.0,4.0,3.0,1500.0,96.0,0.0,-0.230011,0.0,13.8,9.75,0.0,1.0563885494326302,0.16444391301856615,-332.839672615917,-60.77216676307401,1.4163695945784383,10.69111111111111
136.0,57571.7,52.2027103,-2.2011413,38.261,81.10600000000001,74.23,-0.53,0.1,9.0,38.3,38.25999,38.42,38.06999,-0.1000061,38.18,-0.04997993,0.01937985,0.0,4.0,3.0,1504.0,96.0,0.0,-0.230011,0.0,13.8,9.75,0.0,1.0500264470095317,0.1643171004499909,-331.78964616890744,-60.60784966262402,1.4155667431225212,10.628055555555557
136.0,57571.8,52.2027114,-2.2011258,38.304,82.13600000000001,74.14,-0.56,0.1,9.0,38.25999,38.25999,38.25,38.14999,0.1000061,38.3,-0.03978014,0.0,0.0,4.0,3.0,1498.0,96.0,0.0,0.0,0.0,13.8,9.75,0.0,1.053993746775947,0.14557878196083637,-330.73565242213147,-60.46227088066318,1.4335436344180628,10.64
136.0,57571.9,52.2027131,-2.2011105,38.326,80.896,74.11,-0.54,0.1,9.0,38.48999,38.31999,38.42999,38.16,0.0,38.2,-0.03978014,0.009180069,0.0,4.0,3.0,1505.0,96.0,0.0,0.0,0.0,13.8,9.75,0.0,1.051199952449141,0.1684502237224931,-329.6844524696823,-60.29382065694069,1.4119015516933329,10.64611111111111
136.0,57572.0,52.2027143,-2.201095,38.405,82.044,74.02,-0.56,0.1,9.0,38.28,38.27,38.42,38.209990000000005,0.0,38.34,-0.03978014,0.009180069,0.0,4.0,3.0,1499.0,96.0,0.0,-0.230011,0.0,13.8,9.75,0.0,1.0565371829687338,0.14765931859753986,-328.6279152867136,-60.14616133834315,1.4319379315062277,10.668055555555556
136.0,57572.1,52.202715700000006,-2.2010794,38.696,81.859,73.95,-0.57,0.1,9.299988,38.39999,38.41,38.52,38.459990000000005,0.0,38.4,-0.04997993,0.009180069,0.0,4.0,3.0,1506.0,96.0,0.0,0.0,0.0,13.8,9.75,0.0,1.064056779351979,0.15221463061047702,-327.5638585073616,-59.99394670773267,1.4287090723900382,10.748888888888889
136.0,57572.2,52.2027171,-2.201064,38.358,81.263,73.87,-0.58,0.1,9.299988,38.62999,38.56,38.709990000000005,38.37,0.3000183,38.53,-0.04997993,0.009180069,0.0,4.0,3.0,1502.0,96.0,0.0,0.0,0.0,13.8,9.75,0.0,1.0531359387760326,0.1618485231885799,-326.51072256858555,-59.83209818454409,1.418306910048152,10.655
136.0,57572.3,52.2027184,-2.2010483,38.732,81.939,73.79,-0.59,0.1,9.299988,38.75,38.64999,38.67999,38.459990000000005,-0.1999817,38.55,-0.03978014,0.009180069,0.0,4.0,3.0,1513.0,96.0,0.0,0.4799805,1.0,13.8,9.75,0.0,1.0652583931210464,0.15086900649150606,-325.4454641754645,-59.68122917805258,1.4301053357916336,10.758888888888889
136.0,57572.4,52.2027198,-2.2010328,38.603,81.836,73.73,-0.59,0.1,9.299988,38.73,38.67,38.8,38.66,0.1000061,38.64,-0.04997993,0.009180069,0.0,4.0,3.0,1516.0,97.0,0.0,0.7200012,1.0,13.7,9.75,0.0,1.061438437818124,0.15227490665743035,-324.38402573764637,-59.52895427139515,1.4283076466620794,10.723055555555556
136.0,57572.5,52.2027211,-2.2010172000000003,38.761,81.65899999999999,73.61,-0.63,0.1,9.299988,38.73999,38.78,38.87999,38.67,0.0,38.73,-0.03978014,0.009180069,0.0,4.0,3.0,1531.0,96.0,0.0,0.7200012,1.0,13.7,9.75,0.0,1.0653054253542693,0.15618987613891733,-323.3187203122921,-59.37276439525623,1.4252184138860495,10.766944444444444
136.0,57572.6,52.2027224,-2.2010015,38.912,82.281,73.54,-0.63,0.1,9.399963,38.92,38.78999,38.89,38.75,0.0,38.74,-0.05915999,0.01937985,0.0,4.0,3.0,1534.0,96.0,0.0,0.9499817,1.0,13.7,9.75,0.0,1.071094645236621,0.14517937549422782,-322.2476256670555,-59.227585019762,1.4360743618334544,10.80888888888889
137.0,57572.7,52.20272380000001,-2.2009860000000003,38.668,81.64699999999999,73.46,-0.64,0.1,9.399963,38.84,38.77,38.98,38.69,0.0,38.78,-0.04997993,0.009180069,0.0,4.0,3.0,1545.0,96.0,0.0,0.9499817,1.0,13.7,9.75,0.0,1.0627167607574133,0.15603770511519563,-321.18490890629806,-59.07154731464681,1.42500897437581,10.741111111111111
136.0,57572.8,52.202725,-2.2009702,38.974,82.727,73.41,-0.63,0.1,9.399963,38.87999,38.87,38.92,38.78,-0.1000061,38.79,-0.04997993,0.02957988,0.0,4.0,3.0,1546.0,97.0,0.0,0.7200012,1.0,13.7,9.75,0.0,1.0739006497202321,0.13705550857845025,-320.1110082565778,-58.93449180606836,1.443858530297349,10.82611111111111
136.0,57572.9,52.2027266,-2.2009548,38.671,80.99,73.31,-0.65,0.1,9.299988,38.83,38.86,39.14,38.87,-0.1999817,38.86,-0.03978014,0.02957988,0.0,4.0,3.0,1536.0,96.0,0.0,-0.4700011999999999,1.0,13.7,9.75,0.0,1.0609399834574218,0.1682262047859201,-319.05006827312036,-58.76626560128244,1.4135421611902075,10.741944444444444
136.0,57573.0,52.2027281,-2.2009391,39.02,81.343,73.28,-0.62,0.1,8.5,38.87,38.92999,39.31,38.81,0.1000061,38.86,-0.03978014,0.009180069,0.0,4.0,3.0,1540.0,97.0,0.0,0.0,1.0,13.7,9.75,0.0,1.0715402819396862,0.1631457864531238,-317.97852799118067,-58.60311981482932,1.4197031734497476,10.83888888888889
136.0,57573.1,52.2027293,-2.2009233,39.121,82.306,73.21,-0.63,0.1,8.200012,38.81999,39.0,39.03999,39.02,-0.1000061,39.04,-0.03978014,0.04997993,0.0,4.0,3.0,1532.0,97.0,0.0,0.2399902,1.0,13.8,9.75,0.0,1.0769111791734436,0.1454892702493328,-316.9016168120072,-58.457630544579985,1.436510694146453,10.866944444444444
136.0,57573.2,52.202730800000005,-2.2009075,39.2,81.545,73.1,-0.66,0.1,8.200012,39.31,39.14999,39.23,38.959990000000005,0.1000061,39.13,-0.04997993,0.05915999,0.0,4.0,3.0,1537.0,97.0,0.0,0.0,1.0,13.8,9.75,0.0,1.0770544606684715,0.1601021583234496,-315.8245623513387,-58.29752838625654,1.423228738538776,10.88888888888889
136.0,57573.3,52.2027322,-2.2008919,38.927,81.704,73.05,-0.65,0.1,6.5,39.39,39.27,39.28999,39.02,0.1000061,39.06,-0.04997993,0.0397799,0.0,4.0,3.0,1531.0,97.0,0.0,0.2399902,1.0,13.8,9.75,0.0,1.0699906278367624,0.1560184630638302,-314.75457172350195,-58.14150992319271,1.426003812049447,10.813055555555556
136.0,57573.4,52.2027335,-2.2008761,39.179,82.14399999999999,72.96,-0.66,0.1,4.700012,39.16,39.209990000000005,39.27,39.22,0.3000183,39.24,-0.04997993,0.06936002,0.0,4.0,3.0,1541.0,96.0,0.0,0.0,1.0,13.8,9.75,0.0,1.0780915042695316,0.14875379213635173,-313.6764802192324,-57.99275613105635,1.433683260758222,10.883055555555556
136.0,57573.5,52.2027351,-2.2008604000000003,39.272,81.089,72.9,-0.66,0.1,4.5,39.459990000000005,39.36,39.52,39.39,1.0,39.33,-0.04997993,0.06936002,0.0,4.0,3.0,1539.0,96.0,0.0,0.2399902,1.0,13.7,9.75,0.0,1.077722018506376,0.16897875229678175,-312.598758200726,-57.82377737875957,1.4152700371496818,10.908888888888889
136.0,57573.6,52.2027363,-2.2008443,39.744,82.58,72.8,-0.68,0.1,5.200012,39.349990000000005,39.45,39.64999,39.52,1.399994,39.38,-0.03978014,0.05915999,0.0,4.0,3.0,1544.0,97.0,0.0,0.4799805,1.0,13.7,9.75,0.0,1.0947552627811383,0.14257248897666283,-311.5040029379449,-57.68120488978291,1.4412928962969174,11.04
136.0,57573.7,52.20273770000001,-2.2008286,39.15,81.79,72.74,-0.67,0.1,5.399963,39.45,39.48999,39.56,39.27,0.7000122,39.43,-0.03978014,0.05915999,0.0,4.0,3.0,1553.0,96.0,0.0,0.4799805,1.0,13.8,9.75,0.0,1.076354563096671,0.15529682707954517,-310.4276483748482,-57.525908062703365,1.4275047952061621,10.875
137.0,57573.8,52.2027393,-2.2008128,39.442,81.195,72.66,-0.68,0.1,5.399963,39.48999,39.58,39.48,39.47,0.6000061,39.38,-0.04997993,0.04997993,0.0,4.0,3.0,1549.0,97.0,0.0,0.7200012,1.0,13.8,9.75,0.0,1.0826993639135105,0.167707466057428,-309.3449490109347,-57.358200596645936,1.4171200861567959,10.956111111111111
137.0,57573.9,52.20274070000001,-2.2007967,39.769,81.598,72.6,-0.67,0.1,5.399963,39.55,39.69,39.64999,39.459990000000005,0.8000183000000001,39.42,-0.03978014,0.04997993,0.0,4.0,3.0,1557.0,97.0,0.0,1.190002,1.0,13.8,9.75,0.0,1.092838016477194,0.1614152574220042,-308.25211099445755,-57.19678533922393,1.424153763042333,11.046944444444444
137.0,57574.0,52.2027422,-2.2007808,39.658,81.435,72.52,-0.68,0.1,5.399963,39.50999,39.58,39.67999,39.53,1.0,39.53,-0.04997993,0.04997993,0.0,4.0,3.0,1549.0,96.0,0.0,1.429993,1.0,13.8,9.75,0.0,1.0893254400175065,0.16406439544923374,-307.16278555444006,-57.0327209437747,1.4213088763615822,11.016111111111112
137.0,57574.1,52.2027437,-2.200765,39.463,81.062,72.44,-0.68,0.1,5.200012,39.62,39.599990000000005,39.73,39.459990000000005,0.7000122,39.56,-0.04997993,0.0397799,0.0,4.0,3.0,1558.0,96.0,0.0,1.899994,1.0,13.8,9.75,0.0,1.0828833998957992,0.17031089883204503,-306.07990215454424,-56.862410044942656,1.4147987982516435,10.961944444444445
136.0,57574.2,52.2027451,-2.200749,39.845,81.654,72.37,-0.68,0.1,4.799988,39.59,39.66,39.78999,39.48999,1.0,39.69,-0.04997993,0.04997993,0.0,4.0,3.0,1559.0,96.0,0.0,2.850006,1.0,13.7,9.75,0.0,1.0950840127645571,0.16065348672256474,-304.98481814177967,-56.70175655822009,1.4251311474234498,11.068055555555555
136.0,57574.3,52.2027467,-2.200733,39.773,80.922,72.28,-0.7,0.1,4.5,39.56999,39.67,39.75999,39.75999,0.8999939,39.66,-0.05915999,0.05915999,0.0,4.0,3.0,1556.0,96.0,0.0,4.039978,1.0,13.8,9.75,0.0,1.0909672719161694,0.17431502285864733,-303.8938508698635,-56.52744153536144,1.4123553372988513,11.048055555555557
136.0,57574.4,52.2027483,-2.2007171,39.766,81.089,72.21,-0.7,0.1,4.299988,39.599990000000005,39.7,39.78999,39.48999,1.0,39.68,-0.06936002,0.04997993,0.0,4.0,3.0,1563.0,96.0,0.0,4.039978,1.0,13.8,9.75,0.0,1.0912786155002177,0.17110432531660785,-302.80257225436327,-56.356337210044835,1.4152700371496818,11.046111111111111
136.0,57574.5,52.2027498,-2.2007011000000003,39.755,81.209,72.11,-0.72,0.1,4.5,39.81,39.72,39.75,39.75,0.8999939,39.85,-0.06936002,0.06936002,0.0,4.0,3.0,1558.0,96.0,0.0,0.0,1.0,13.7,9.75,0.0,1.0913326158470391,0.1687716848861897,-301.71123963851625,-56.18756552515865,1.417364432252075,11.043055555555556
137.0,57574.6,52.2027515,-2.2006852,39.755,80.35600000000001,72.03,-0.72,0.1,4.700012,39.87,39.75999,39.81,39.73,0.8000183000000001,39.84,-0.05915999,0.05915999,0.0,4.0,3.0,1566.0,96.0,0.0,-0.230011,1.0,13.7,9.75,0.0,1.088699152907387,0.18499976889067316,-300.62254048560885,-56.00256575626798,1.4024767737325636,11.043055555555556
136.0,57574.7,52.2027532,-2.2006695,39.182,79.733,71.93,-0.74,0.1,5.200012,39.84,40.00999,39.75999,39.56,1.0,40.02,-0.05915999,0.05915999,0.0,4.0,3.0,1572.0,96.0,0.0,-0.230011,1.0,13.8,9.75,0.0,1.0709614508170362,0.19398954693657944,-299.5515790347918,-55.8085762093314,1.3916033724926389,10.883888888888889
136.0,57574.8,52.2027547,-2.2006534,39.805,80.84899999999999,71.84,-0.75,0.1,5.299988,39.92,39.94,40.08,40.05,0.7000122,39.91,-0.04997993,0.0397799,0.0,4.0,3.0,1572.0,96.0,0.0,0.2399902,1.0,13.8,9.75,0.0,1.0916218690769035,0.17584623802730698,-298.4599571657149,-55.632729971304094,1.4110812469448952,11.056944444444444
136.0,57574.9,52.2027563,-2.2006374,39.877,80.663,71.77,-0.76,0.1,5.200012,40.00999,39.78,40.16,39.91,0.8000183000000001,39.91,-0.03978014,0.05915999,0.0,4.0,3.0,1583.0,96.0,0.0,0.0,1.0,13.8,9.75,0.0,1.0930187685102912,0.17971353298328235,-297.3669383972046,-55.45301643832081,1.407834934536186,11.076944444444445
136.0,57575.0,52.2027579,-2.2006215,39.848,80.441,71.69,-0.75,0.1,5.399963,39.97,39.91,40.14999,39.81,0.8999939,39.97,-0.03978014,0.02957988,0.0,4.0,3.0,1579.0,96.0,0.0,0.2399902,1.0,13.7,9.75,0.0,1.0915198715159977,0.18381344464260108,-296.2754185256886,-55.269202993678206,1.4039603035967587,11.068888888888889
136.0,57575.1,52.20275960000001,-2.2006053,40.205,80.539,71.61,-0.75,0.1,5.5,39.959990000000005,39.89999,40.2,40.09,0.8999939,40.0,-0.03978014,0.02957988,0.0,4.0,3.0,1583.0,96.0,0.0,0.0,1.0,13.8,9.75,0.0,1.1016144507637393,0.1835762805709338,-295.1738040749249,-55.085626713107274,1.4056707262637131,11.168055555555554
136.0,57575.2,52.202761300000006,-2.2005893,40.115,80.017,71.53,-0.76,0.1,5.799988,40.14999,40.12,40.3,40.19,0.8999939,40.06,-0.04997993,0.06936002,0.0,4.0,3.0,1592.0,96.0,0.0,0.0,1.0,13.8,9.75,0.0,1.0974341137853012,0.19317152233765178,-294.07636996113956,-54.892455190769624,1.3965601075683025,11.143055555555556
136.0,57575.3,52.2027633,-2.2005735,39.668,79.205,71.45,-0.77,0.1,6.8999630000000005,40.44,40.8,40.22,40.41,0.3999939,40.18,-0.04997993,0.06936002,0.0,4.0,3.0,1588.0,96.0,0.0,0.7200012,1.0,13.8,9.75,0.0,1.0823894213560061,0.20637893301739907,-292.99398053978354,-54.68607625775223,1.3823880340421086,11.018888888888888
136.0,57575.4,52.2027653,-2.2005578,39.672,78.395,71.34,-0.79,0.1,8.099976,40.50999,40.459990000000005,40.459990000000005,40.37,0.2000122,40.34,-0.03978014,0.06936002,0.0,4.0,3.0,1591.0,96.0,0.0,0.2399902,1.0,13.8,9.75,0.0,1.0794725837586094,0.22168207170069434,-291.9145079560249,-54.464394186051535,1.3682508671009546,11.02
136.0,57575.5,52.2027669,-2.2005415,40.201,80.001,71.25,-0.8,0.1,8.099976,40.45,40.47,40.36,40.0,0.1000061,40.55,-0.03978014,0.01937985,0.0,4.0,3.0,1603.0,96.0,0.0,0.2399902,1.0,13.8,9.75,0.0,1.0997327308691296,0.1938927613610498,-290.8147752251558,-54.27050142469049,1.3962808548879837,11.166944444444445
136.0,57575.6,52.2027687,-2.2005253,40.59,80.06,71.22,-0.76,0.1,7.899963,40.33,40.25,40.77,40.73,-0.1999817,40.34,-0.02958012,0.02957988,0.0,4.0,3.0,1600.0,96.0,0.0,1.190002,1.0,13.7,9.75,0.0,1.1105751617045518,0.19462543565759433,-289.70420006345125,-54.075875989032895,1.3973105991466603,11.275
136.0,57575.7,52.2027704,-2.200509,40.738,80.25399999999999,71.11,-0.78,0.1,7.899963,40.47,40.53999,40.64999,40.5,0.6000061,40.41,-0.03978014,0.02957988,0.0,4.0,3.0,1599.0,96.0,0.0,0.4799805,1.0,13.7,9.75,0.0,1.1152795631760963,0.19155991948176287,-288.58892050027515,-53.88431606955113,1.4006965378955292,11.31611111111111
137.0,57575.8,52.2027721,-2.2004926,40.892,80.658,71.05,-0.77,0.1,8.0,40.64,40.599990000000005,40.78,40.62,0.3000183,40.57,-0.04997993,0.009180069,0.0,4.0,3.0,1605.0,96.0,0.0,0.2399902,1.0,13.8,9.75,0.0,1.1208235826155073,0.18438564085680226,-287.46809691765964,-53.69993042869433,1.4077476680735863,11.35888888888889
137.0,57575.9,52.2027739,-2.2004764,40.586,79.73,70.96,-0.78,0.1,8.0,40.86,40.87,40.77,40.47,0.2000122,40.81,-0.04997993,0.0397799,0.0,4.0,3.0,1601.0,96.0,0.0,0.4799805,1.0,13.7,9.75,0.0,1.1093264545036368,0.2009988162365995,-286.358770463156,-53.49893161245773,1.391551012615079,11.273888888888889
137.0,57576.0,52.2027753,-2.2004597999999995,41.022,81.317,70.82,-0.83,0.1,8.200012,40.92999,40.97,40.97,40.81,-0.1000061,41.03,-0.04997993,0.04997993,0.0,4.0,3.0,1606.0,96.0,0.0,0.4799805,1.0,13.8,9.75,0.0,1.12643987518451,0.17202749080977023,-285.2323305879715,-53.326904121647964,1.419249387844229,11.395
137.0,57576.1,52.2027772,-2.2004436,40.756,79.28699999999999,70.77,-0.8,0.1,8.0,41.08,40.98999,41.17999,41.05,0.0,41.02,-0.03978014,0.01937985,0.0,4.0,3.0,1613.0,96.0,0.0,0.4799805,1.0,13.8,9.75,0.0,1.112379144466608,0.21044763447701695,-284.1199514435049,-53.11645648717095,1.383819204028744,11.321111111111112
137.0,57576.2,52.2027789,-2.2004272,40.698,79.946,70.64,-0.84,0.1,8.0,40.98,41.03999,41.27,40.92,0.1000061,41.02,-0.03978014,0.01937985,0.0,4.0,3.0,1615.0,96.0,0.0,0.4799805,1.0,13.8,9.75,0.0,1.1131396532208881,0.19735846175748484,-283.00681179028396,-52.91909802541347,1.3953209237993867,11.305
137.0,57576.3,52.2027806,-2.2004106,41.357,80.593,70.56,-0.84,0.1,8.0,41.2,41.19,41.19,41.11,0.1000061,41.07,-0.03978014,0.0397799,0.0,4.0,3.0,1619.0,96.0,0.0,0.9499817,1.0,13.8,9.75,0.0,1.1333566484508715,0.1877682398264301,-281.87345514183306,-52.731329785587036,1.40661320405979,11.488055555555555
137.0,57576.4,52.2027823,-2.200394,41.389,80.295,70.45,-0.86,0.1,8.0,41.17999,41.209990000000005,41.53999,41.31,0.3999939,41.23,-0.04997993,0.01937985,0.0,4.0,3.0,1626.0,96.0,0.0,1.429993,1.0,13.7,9.75,0.0,1.133240893465733,0.19381019829566987,-280.74021424836735,-52.537519587291364,1.401412122888847,11.496944444444445
137.0,57576.5,52.2027841,-2.2003775,41.08,79.543,70.38,-0.86,0.1,8.0,41.48,41.5,41.61,41.25999,0.0,41.38,-0.04997993,0.02957988,0.0,4.0,3.0,1627.0,96.0,0.0,1.429993,1.0,13.8,9.75,0.0,1.122158849545386,0.20710887061690514,-279.618055398822,-52.33041071667446,1.3882872469138496,11.41111111111111
137.0,57576.6,52.2027856,-2.2003608,41.612,81.476,70.21,-0.94,0.1,8.0,41.67,41.61,41.69,41.52,0.0,41.52,-0.05915999,0.0397799,0.0,4.0,3.0,1627.0,96.0,0.0,1.6699830000000002,1.0,13.7,9.75,0.0,1.1431207810981616,0.17133010032775728,-278.4749346177238,-52.1590806163467,1.4220244613549,11.55888888888889
137.0,57576.7,52.202787400000005,-2.2003442000000004,41.504,79.82600000000001,70.12,-0.93,0.1,8.0,41.64999,41.59,41.7,41.53999,0.2000122,41.63,-0.04997993,0.0397799,0.0,4.0,3.0,1638.0,96.0,0.0,2.380005,1.0,13.7,9.75,0.0,1.1347607085204163,0.20364411241599747,-277.34017390920343,-51.9554365039307,1.3932265286969936,11.528888888888888
137.0,57576.8,52.2027891,-2.2003275,41.519,80.506,70.01,-0.94,0.1,8.0,41.64,41.709990000000005,41.8,41.56,0.1000061,41.67,-0.05915999,0.0397799,0.0,4.0,3.0,1650.0,96.0,0.0,3.089996,1.0,13.8,9.75,0.0,1.1375085908193039,0.1902312021924631,-276.2026653183841,-51.765205301738234,1.405094767610555,11.533055555555555
137.0,57576.9,52.2027909,-2.2003106000000003,42.167,80.459,69.91,-0.96,0.1,8.0,41.77,41.73,41.97,41.83,0.1000061,41.65,-0.06936002,0.0397799,0.0,4.0,3.0,1656.0,96.0,0.0,4.75,1.0,13.7,9.75,0.0,1.1551031709455493,0.19414780180791702,-275.04756214743855,-51.57105749993032,1.4042744628621178,11.713055555555556
137.0,57577.0,52.2027927,-2.200294,41.515,79.94800000000001,69.82,-0.94,0.1,8.0,41.7,41.73,41.95,41.72,0.0,41.83,-0.06936002,0.0397799,0.0,4.0,3.0,1654.0,96.0,0.0,6.179993,1.0,13.8,9.75,0.0,1.1354926206867624,0.20128073694081952,-273.9120695267518,-51.3697767629895,1.3953558303844267,11.531944444444445
137.0,57577.1,52.2027945,-2.2002773,41.803,80.184,69.7,-0.96,0.1,7.299988000000001,41.78999,41.84,41.98,41.67,0.0,41.7,-0.08976007,0.01937985,0.0,4.0,3.0,1655.0,96.0,0.0,8.079987,1.0,13.7,9.75,0.0,1.1441949393499666,0.1979658520416289,-272.7678745874018,-51.171810910947876,1.3994748074191332,11.611944444444443
137.0,57577.2,52.2027961,-2.2002605,41.89,80.824,69.6,-0.97,0.1,6.8999630000000005,41.5,41.599990000000005,41.73999,41.56999,0.0,41.55,-0.1193398999999999,0.05915999,0.0,4.0,3.0,1663.0,96.0,0.0,11.63998,1.0,13.8,9.75,0.0,1.1487205535017704,0.18555836780867815,-271.61915403390003,-50.986252543139194,1.410644914631897,11.636111111111111
137.0,57577.3,52.202798,-2.200244,41.458,79.631,69.5,-0.97,0.1,6.599976,41.25999,41.34,41.349990000000005,40.73999,0.6000061,41.41,-0.14994,0.01937985,0.0,4.0,3.0,1656.0,96.0,0.0,11.88,1.0,13.7,9.75,0.0,1.1328041467175516,0.20727497778093645,-270.4863498871825,-50.77897756535826,1.3898231366556046,11.51611111111111
137.0,57577.4,52.202799600000006,-2.2002273,41.425,80.818,69.39,-0.99,0.1,6.5,40.92,41.02,41.25,41.099990000000005,0.1000061,41.0,-0.1693201,0.06936002,0.0,4.0,3.0,1636.0,96.0,0.0,14.48999,1.0,13.7,9.75,0.0,1.1359499573347458,0.1836175343111253,-269.35039992984775,-50.595360031047136,1.4105401948767773,11.506944444444443
137.0,57577.5,52.2028014,-2.2002109,40.993,80.115,69.31,-0.97,0.1,6.299988,40.66,40.67,40.78,40.58,0.5,40.7,-0.1897202,0.04997993,0.0,4.0,3.0,1615.0,96.0,0.0,14.48999,1.0,13.7,9.75,0.0,1.121789732120465,0.19548103416377138,-268.2286101977273,-50.399878996883366,1.398270530235257,11.386944444444445
137.0,57577.6,52.2028032,-2.2001946,40.838,79.887,69.18,-1.0,0.1,5.200012,40.209990000000005,40.19,40.48999,40.12999,0.6000061,40.42,-0.1897202,0.04997993,0.0,4.0,3.0,1602.0,96.0,0.0,14.01999,1.0,13.8,9.75,0.0,1.1167643029845997,0.1991874564672424,-267.11184589474266,-50.20069154041612,1.39429117954071,11.34388888888889
137.0,57577.7,52.202805,-2.2001786,40.129,80.115,69.09,-0.99,0.1,4.0,39.81,40.08,40.06999,39.97,0.6000061,40.0,-0.1999198999999999,0.05915999,0.0,4.0,3.0,1577.0,96.0,0.0,11.88,1.0,13.7,9.75,0.0,1.0981460288405858,0.1913609255228449,-266.0136998659021,-50.00933061489328,1.398270530235257,11.146944444444443
137.0,57577.8,52.2028067,-2.2001623999999995,40.284,80.142,68.98,-0.99,0.1,3.5,39.73999,39.87,39.849990000000005,39.75999,1.399994,39.88,-0.1693201,0.05915999,0.0,4.0,3.0,1554.0,96.0,0.0,5.940002,1.0,13.7,9.75,0.0,1.1024780680426722,0.19158055612430147,-264.9112217978594,-49.81775005876898,1.3987417691332955,11.19
137.0,57577.9,52.2028084,-2.2001466,39.625,80.051,68.88,-1.0,0.1,3.5,39.7,39.83,39.73999,39.69,1.5,39.7,-0.13974,0.06936002,0.0,4.0,3.0,1544.0,96.0,0.0,5.699982,1.0,13.7,9.75,0.0,1.0841421245712162,0.19016864557826987,-263.8270796732882,-49.62758141319071,1.3971535195139808,11.006944444444445
137.0,57578.0,52.2028101,-2.2001307,39.665,80.097,68.77,-1.01,0.1,3.700012,39.5,39.64999,39.67,39.56999,1.100006,39.6,-0.1091398999999999,0.05915999,0.0,4.0,3.0,1532.0,96.0,0.0,5.22998,1.0,13.7,9.75,0.0,1.085389008239831,0.18948926894481977,-262.7416906650484,-49.43809214424589,1.397956370969898,11.018055555555556
137.0,57578.1,52.2028119,-2.2001149,39.611,79.969,68.68,-1.0,0.1,3.899963,39.55,39.67,39.73999,39.50999,1.200012,39.61,-0.1091398999999999,0.05915999,0.0,4.0,3.0,1537.0,96.0,0.0,3.799988,1.0,13.7,9.75,0.0,1.0834859065110298,0.1916523049128074,-261.65820475853735,-49.246439839333085,1.3957223495273452,11.003055555555555
137.0,57578.2,52.2028136,-2.2000989,39.737,79.973,68.56,-1.02,0.1,4.200012,39.599990000000005,39.67,39.67999,39.64999,1.100006,39.58,-0.09996009,0.05915999,0.0,4.0,3.0,1530.0,96.0,0.0,4.279999,1.0,13.8,9.75,0.0,1.0869458240742147,0.19218605569326608,-260.5712589344631,-49.05425378363982,1.3957921626974252,11.038055555555555
137.0,57578.3,52.2028153,-2.2000832,39.362,79.90899999999999,68.47,-1.0,0.1,4.099976,39.56999,39.67,39.69,39.59,1.100006,39.61,-0.08976007,0.04997993,0.0,4.0,3.0,1537.0,96.0,0.0,4.279999,1.0,13.8,9.75,0.0,1.0764749438613652,0.19157493986518614,-259.4947839906018,-48.86267884377464,1.3946751519761487,10.93388888888889
137.0,57578.4,52.2028171,-2.2000673,39.758,79.53399999999999,68.35,-1.03,0.1,4.299988,39.62999,39.61,39.72,39.66,0.8999939,39.58,-0.08976007,0.04997993,0.0,4.0,3.0,1536.0,96.0,0.0,5.22998,1.0,13.7,9.75,0.0,1.086015033088867,0.20061447058031945,-258.4087689575129,-48.66206437319432,1.38813016728117,11.043888888888889
137.0,57578.5,52.2028189,-2.2000515,39.499,79.7,68.25,-1.02,0.1,4.599976,39.5,39.55,39.64,39.55,1.100006,39.51,-0.08976007,0.05915999,0.0,4.0,3.0,1547.0,96.0,0.0,6.419983,1.0,13.7,9.75,0.0,1.0795131975926935,0.19618079708001923,-257.3292557599202,-48.4658835761143,1.3910274138394807,10.971944444444444
137.0,57578.6,52.202820800000005,-2.2000357,39.575,79.429,68.15,-1.01,0.1,6.5,39.34,39.44,39.61,39.39,0.8000183000000001,39.5,-0.1091398999999999,0.04997993,0.0,4.0,3.0,1544.0,96.0,0.0,9.73999,1.0,13.7,9.75,0.0,1.0806485037614426,0.2016718021773592,-256.2486072561588,-48.26421177393694,1.386297571566576,10.993055555555555
137.0,57578.7,52.2028228,-2.2000199,39.798,78.248,68.03,-1.03,0.1,7.899963,39.33,39.41,39.44,39.36,0.3000183,39.34,-0.13974,0.0397799,0.0,4.0,3.0,1546.0,96.0,0.0,10.92999,1.0,13.7,9.75,0.0,1.0823269107939892,0.22516373635898856,-255.16628034536478,-48.039048037577956,1.3656852331005231,11.055
137.0,57578.8,52.2028246,-2.2000042,39.312,79.54,67.92,-1.04,0.1,8.799988,39.14,39.099990000000005,39.2,39.05,0.0,39.21,-0.14994,0.0397799,0.0,4.0,3.0,1551.0,96.0,0.0,11.16998,1.0,13.7,9.75,0.0,1.0738530264328001,0.19825155137127198,-254.09242731893198,-47.840796486206685,1.3882348870362897,10.92
137.0,57578.9,52.2028264,-2.1999887,38.934,79.113,67.82,-1.03,0.1,9.700012,38.91,38.959990000000005,39.09,38.86,-0.1000061,39.02,-0.14994,0.01937985,0.0,4.0,3.0,1541.0,96.0,0.0,10.92999,1.0,13.7,9.75,0.0,1.0620347215482884,0.2042657588188711,-253.0303925973837,-47.636530727387814,1.3807823311302738,10.815
137.0,57579.0,52.2028283,-2.199973,39.161,78.815,67.7,-1.05,0.1,10.0,38.7,38.599990000000005,38.97,38.67,0.0,38.74,-0.14994,0.01937985,0.0,4.0,3.0,1541.0,96.0,0.0,10.69,1.0,13.7,9.75,0.0,1.0671437465554043,0.21100983599165715,-251.96324885082828,-47.425520891396154,1.3755812499593307,10.878055555555555
136.0,57579.1,52.2028303,-2.1999574,39.121,78.817,67.62,-1.03,0.1,10.59998,38.62999,38.48,38.72,38.47,-0.1999817,38.57,-0.14994,0.01937985,0.0,4.0,3.0,1527.0,96.0,0.0,10.92999,1.0,13.7,9.75,0.0,1.066061097379533,0.2107570929775926,-250.89718775344875,-47.21476379841856,1.3756161565443705,10.866944444444444
136.0,57579.2,52.202832,-2.1999421,38.412,79.48100000000001,67.5,-1.05,0.1,11.5,38.39,38.42,38.5,38.349990000000005,-0.3999939,38.34,-0.16014,0.01937985,0.0,4.0,3.0,1522.0,96.0,0.0,11.16998,1.0,13.7,9.75,0.0,1.049068448181786,0.19479320067563777,-249.84811930526695,-47.01997059774292,1.3872051427776133,10.67
136.0,57579.3,52.2028339,-2.1999267,38.48,79.033,67.39,-1.06,0.1,12.29999,38.25999,38.28,38.39999,38.06999,-0.6999816999999999,38.3,-0.16014,0.009180069,0.0,4.0,3.0,1509.0,96.0,0.0,11.39999,1.0,13.7,9.75,0.0,1.0493676842283879,0.20334925642173776,-248.79875162103855,-46.81662134132118,1.3793860677286784,10.688888888888888
136.0,57579.4,52.2028358,-2.1999115,38.304,78.572,67.27,-1.07,0.1,12.29999,38.17,38.099990000000005,38.34,38.06999,-0.6999816999999999,38.2,-0.16014,0.0,0.0,4.0,3.0,1502.0,96.0,0.0,11.39999,1.0,13.7,9.75,0.0,1.0429056296669637,0.21081709515348657,-247.7558459913716,-46.60580424616769,1.3713400998769847,10.64
137.0,57579.5,52.2028375,-2.1998963,37.955,79.575,67.14,-1.09,0.1,12.29999,38.00999,37.75,38.0,37.78,-0.8999939,38.04,-0.16014,0.01937985,0.0,4.0,3.0,1493.0,96.0,0.0,11.63998,1.0,13.7,9.75,0.0,1.0369017234676627,0.19077478959521593,-246.71894426790394,-46.415029456572476,1.3888457522744877,10.543055555555554
138.0,57579.6,52.2028391,-2.1998812,37.584,79.967,67.02,-1.1,0.1,12.20001,37.86,37.7,38.06,37.69,-0.6999816999999999,37.76,-0.16014,0.0,0.0,4.0,3.0,1487.0,96.0,0.0,11.88,1.0,13.7,9.75,0.0,1.028034708825001,0.18188083310534908,-245.69090955907893,-46.23314862346713,1.3956874429423054,10.440000000000001
138.0,57579.7,52.2028409,-2.1998661,37.915,79.189,66.9,-1.11,0.1,11.89996,37.59,37.50999,37.709990000000005,37.33,-0.5,37.48,-0.1693201,0.009180069,0.0,4.0,3.0,1473.0,96.0,0.0,14.01999,1.0,13.7,9.75,0.0,1.0345015679700926,0.19754757319709534,-244.65640799110884,-46.03560105027003,1.3821087813617896,10.531944444444443
137.0,57579.8,52.2028426,-2.1998511,37.472,79.47399999999999,66.76,-1.14,0.1,11.0,37.2,37.11,37.459990000000005,37.099990000000005,-0.3999939,37.23,-0.1999198999999999,0.0,0.0,4.0,3.0,1458.0,96.0,0.0,18.53,1.0,13.7,9.75,0.0,1.0233729256556507,0.19015134511051912,-243.63303506545319,-45.84544970515951,1.3870829697299734,10.408888888888889
137.0,57579.9,52.2028442,-2.1998363000000003,36.95,79.763,66.66,-1.13,0.1,9.599976,36.709990000000005,36.73999,36.87999,36.62999,-0.1999817,36.89,-0.2499001,0.009180069,0.0,4.0,3.0,1453.0,96.0,0.0,21.38,1.0,13.8,9.75,0.0,1.0100498518181393,0.18241010957927417,-242.62298521363505,-45.66303959558024,1.3921269712682371,10.26388888888889
136.0,57580.0,52.2028458,-2.1998216,36.896,79.958,66.55,-1.11,0.1,9.299988,36.02,36.11,36.25,35.929990000000004,-0.1999817,36.22,-0.26928,0.0397799,0.0,4.0,3.0,1446.0,96.0,0.0,22.09,1.0,13.8,9.75,0.0,1.0091877937012048,0.17870990910521867,-241.61379741993383,-45.48432968647502,1.395530363309626,10.248888888888889
136.0,57580.1,52.2028474,-2.1998073,35.935,80.148,66.42,-1.13,0.1,8.899963,35.42,35.41,35.41,35.36,0.0,35.56,-0.28968,0.02957988,0.0,4.0,3.0,1420.0,96.0,0.0,22.32999,1.0,13.7,9.75,0.0,0.9834740863746982,0.17079481944487016,-240.63032333355915,-45.31353486703015,1.3988464888884151,9.981944444444444
136.0,57580.2,52.202849,-2.1997931000000004,35.626,79.561,66.32,-1.12,0.1,7.799988000000001,34.849990000000005,34.87999,34.98999,34.78,0.1000061,35.0,-0.29988,0.0397799,0.0,4.0,3.0,1398.0,96.0,0.0,22.79999,1.0,13.7,9.75,0.0,0.9732314316650037,0.17930625101723296,-239.65709190189415,-45.13422861601292,1.3886014061792087,9.89611111111111
136.0,57580.3,52.2028504,-2.1997791,34.88,80.414,66.22,-1.1,0.1,6.599976,34.14999,34.22,34.3,34.09,0.2000122,34.35,-0.3100800999999999,0.04997993,0.0,4.0,3.0,1372.0,96.0,0.0,22.57001,1.0,13.8,9.75,0.0,0.9553600578233028,0.16134695202637603,-238.70173184407085,-44.97288166398654,1.4034890646987201,9.68888888888889
136.0,57580.4,52.2028521,-2.1997657,33.829,79.29,66.1,-1.1,0.1,6.299988,33.52,33.53999,33.61,33.37999,0.6000061,33.84,-0.3100800999999999,0.01937985,0.0,4.0,3.0,1346.0,96.0,0.0,22.79999,1.0,13.7,9.75,0.0,0.9233253211489596,0.17463104032480584,-237.7784065229219,-44.79825062366174,1.383871563906304,9.396944444444445
136.0,57580.5,52.2028535,-2.1997523,33.451,80.156,65.99,-1.1,0.1,6.5,32.77,32.91,33.08,32.819990000000004,0.6000061,33.06,-0.29988,0.0397799,0.0,4.0,3.0,1307.0,96.0,0.0,22.57001,1.0,13.8,9.75,0.0,0.9155138183906969,0.1588608319319327,-236.8628927045312,-44.639389791729805,1.398986115228575,9.291944444444445
136.0,57580.6,52.202855,-2.1997392,32.76,79.634,65.9,-1.07,0.1,7.399963,32.06,32.16,32.19,32.11,0.3999939,32.39,-0.29988,0.04997993,0.0,4.0,3.0,1278.0,96.0,0.0,22.79999,1.0,13.7,9.75,0.0,0.895147362061683,0.16374125990113297,-235.9677453424695,-44.475648531828675,1.3898754965331643,9.1
136.0,57580.7,52.2028564,-2.1997264000000003,32.281,79.767,65.8,-1.07,0.1,7.700011999999999,31.429990000000004,31.5,31.629990000000003,31.5,0.6000061,31.8,-0.3100800999999999,0.01937985,0.0,4.0,3.0,1248.0,96.0,0.0,22.79999,1.0,13.7,9.75,0.0,0.8824311305442543,0.15929917307983765,-235.08531421192524,-44.31634935874884,1.3921967844383167,8.966944444444444
136.0,57580.8,52.2028578,-2.1997138,31.558000000000003,79.639,65.72,-1.03,0.1,7.899963,30.879990000000003,30.89,30.91,30.679990000000004,0.2000122,31.01,-0.3202801,0.01937985,0.0,4.0,3.0,1198.0,96.0,0.0,22.57001,1.0,13.8,9.75,0.0,0.8623171941527277,0.15765816436843347,-234.2229970177725,-44.1586911943804,1.389962762995764,8.766111111111112
136.0,57580.9,52.202859,-2.1997016,30.521,80.845,65.62,-1.02,0.1,10.20001,30.44,30.37,30.42,30.2,0.2000122,30.46,-0.3100800999999999,0.0397799,0.0,4.0,3.0,1139.0,96.0,0.0,23.03998,1.0,13.7,9.75,0.0,0.8370058107626832,0.1348908179987336,-233.38599120700982,-44.02380037638167,1.4110114337748156,8.478055555555555
136.0,57581.0,52.20286050000001,-2.1996898,29.786,79.095,65.53,-1.01,0.1,15.89996,29.48,29.66,29.53,29.34999,-0.2999877999999999,29.54,-0.27948,0.009180069,0.0,4.0,3.0,1152.0,95.0,0.0,22.79999,1.0,13.7,9.75,0.0,0.812448071823779,0.15652636853455065,-232.57354313518604,-43.86727400784712,1.380468171864915,8.273888888888889
136.0,57581.1,52.2028618,-2.1996779,29.628,79.64399999999999,65.44,-1.0,0.1,23.20001,28.72,28.83,28.94,28.64,-1.399994,29.05,-0.28968,-0.009180069,0.0,4.0,3.0,1223.0,95.0,0.0,22.79999,1.0,13.7,9.75,0.0,0.8095931732399617,0.14794557730209323,-231.76394996194608,-43.719328430545026,1.3900500294583638,8.23
136.0,57581.2,52.202863,-2.1996664,28.966,80.122,65.34,-0.98,0.1,31.79999,28.399990000000003,27.969990000000003,28.429990000000004,27.91,-2.399994,28.32,-0.29988,-0.07956004,0.0,4.0,3.0,1236.0,95.0,0.0,20.66998,1.0,13.7,9.75,0.0,0.7926829682869374,0.13803170618110508,-230.97126699365916,-43.58129672436392,1.3983927032828967,8.046111111111111
136.0,57581.3,52.2028642,-2.1996551,28.314,80.431,65.27,-0.95,0.1,41.09998,27.99,27.56,28.039990000000003,27.25999,-4.399994,27.92,-0.27948,-0.1193398999999999,0.0,4.0,3.0,1225.0,95.0,0.0,14.01999,1.0,13.7,9.75,0.0,0.7755567359931349,0.1307440218735635,-230.195710257666,-43.45055270249036,1.403785770671559,7.865
136.0,57581.4,52.202865200000005,-2.1996443999999995,26.95,81.83,65.18,-0.94,0.1,53.5,27.73,27.05,27.54,26.719990000000003,-6.699982,27.51,-0.2397001,-0.1091398999999999,0.0,4.0,3.0,1230.0,95.0,0.0,14.01999,1.0,13.7,9.75,0.0,0.7410132889284471,0.10638562548793087,-229.45469696873755,-43.34416707700243,1.4282029269069598,7.486111111111111
136.0,57581.5,52.2028661,-2.1996336,26.726,81.85600000000001,65.12,-0.9,0.1,71.0,27.149990000000003,26.42,27.2,26.41,-8.799988,26.98,-0.1999198999999999,-0.12954,0.0,4.0,3.0,1243.0,95.0,0.0,14.48999,1.0,13.7,9.75,0.0,0.7349020167815262,0.10516790421095404,-228.71979495195603,-43.23899917279148,1.4286567125124785,7.4238888888888885
136.0,57581.6,52.202867100000006,-2.1996229,26.705,81.777,65.06,-0.87,0.1,92.79999,26.5,25.64999,26.8,25.93,-11.5,26.31,-0.1999198999999999,-0.1897202,0.0,4.0,3.0,1257.0,95.0,0.0,13.29999,1.0,13.7,9.75,0.0,0.7341789756678255,0.10609766227598508,-227.98561597628822,-43.132901510515495,1.4272779024034028,7.418055555555555
136.0,57581.7,52.2028679,-2.1996122,26.428,83.37200000000001,65.0,-0.84,0.1,111.9,26.29,25.07999,26.62,24.96,-14.0,26.07,-0.2101199999999999,-0.34986,0.0,4.0,3.0,1259.0,95.0,0.0,12.59,1.0,13.7,9.75,0.0,0.7292046634201135,0.08473300598438166,-227.2564113128681,-43.04816850453111,1.4551159039727126,7.341111111111111
136.0,57581.8,52.202868200000005,-2.1996017,25.823,86.211,64.92,-0.83,0.1,126.0,26.37,24.56,26.48,24.39999,-18.19998,25.65,-0.2193,-0.3396599,0.0,3.0,3.0,1264.0,95.0,0.0,11.88,1.0,13.6,9.75,0.0,0.7157376501200101,0.047401226055347856,-226.54067366274808,-43.00076727847576,1.5046658014368315,7.173055555555555
136.0,57581.9,52.2028686,-2.1995916,25.103,86.679,64.88,-0.79,0.1,138.2,26.23,24.31,25.93999,24.14999,-20.5,25.3,-0.2295001,-0.27948,0.0,3.0,3.0,1267.0,95.0,0.0,8.789978,1.0,13.7,9.75,0.0,0.6961345363354319,0.040394865140205266,-225.84453912641266,-42.960372413335556,1.512833942336165,6.973055555555556
136.0,57582.0,52.2028687,-2.1995819,24.102,88.816,64.82,-0.77,0.1,157.1,26.28,24.14,25.86,23.64999,-22.29999,25.22,-0.1693201,-0.34986,0.0,3.0,3.0,1266.0,95.0,0.0,0.4799805,1.0,13.6,9.75,0.0,0.6693570568754885,0.013834030901516962,-225.17518206953716,-42.94653838243404,1.5501316284512838,6.695
136.0,57582.1,52.2028683,-2.1995719,24.34,92.251,64.76,-0.74,0.1,183.2,26.29,23.84,25.84,23.45,-25.39999,25.04,-0.1091398999999999,-0.4202399,0.0,3.0,3.0,1255.0,95.0,0.0,0.0,0.0,13.7,9.75,0.0,0.675589390564146,-0.02655578891818243,-224.49959267897302,-42.97309417135222,1.610083688257289,6.761111111111111
136.0,57582.2,52.2028679,-2.1995621,24.037,93.612,64.75,-0.68,0.1,213.9,26.39,23.62,26.05,23.23,-30.60001,25.03,-0.08976007,-0.5202,0.0,3.0,3.0,1259.0,95.0,0.0,-0.230011,0.0,13.7,9.75,0.0,0.6663681066368499,-0.0420644457849522,-223.83322457233618,-43.015158617137175,1.6338376193769317,6.676944444444444
136.0,57582.3,52.202867100000006,-2.1995524,24.023000000000003,96.665,64.7,-0.66,0.1,239.4,26.42,23.21,26.00999,22.8,-35.39999,24.83,-0.1091398999999999,-0.5997601,0.0,3.0,3.0,1264.0,95.0,0.0,-0.02001953,0.0,13.7,9.75,0.0,0.6627957273265137,-0.07745016664298718,-223.17042884500967,-43.092608783780165,1.6871225214403187,6.673055555555556
137.0,57582.4,52.2028659,-2.1995428,23.926,100.929,64.68,-0.6,0.1,264.7,26.45,22.77,25.95,22.2,-39.10001,24.69,-0.14994,-0.67014,0.0,3.0,3.0,1263.0,95.0,0.0,-0.02001953,0.0,13.7,9.75,0.0,0.6525569777184885,-0.12600523736439584,-222.51787186729118,-43.21861402114456,1.761543360745357,6.646111111111111
137.0,57582.5,52.2028642,-2.1995334,23.947,105.147,64.65,-0.58,0.1,286.6,26.48,22.43999,25.81,21.82999,-42.79999,24.52,-0.1897202,-0.7099199,0.0,3.0,3.0,1264.0,95.0,0.0,-0.02001953,0.0,13.7,9.75,0.0,0.6420846668094868,-0.17381291542317387,-221.87578720048168,-43.39242693656774,1.8351613485944778,6.651944444444444
137.0,57582.6,52.202862200000006,-2.1995245,23.407,109.04,64.63,-0.54,0.1,300.1,26.41,22.21999,25.8,21.25999,-46.89999,24.47,-0.2101199999999999,-0.73032,0.0,3.0,3.0,1266.0,95.0,0.0,-0.02001953,0.0,13.7,9.75,0.0,0.6146229928324859,-0.21211174476689815,-221.2611642076492,-43.60453868133464,1.903107016374617,6.501944444444444
137.0,57582.7,52.2028596,-2.1995160000000005,23.27,114.645,64.59,-0.52,0.1,303.0,26.50999,21.99,25.55,21.0,-49.5,24.31,-0.2193,-0.6803401,0.0,3.0,3.0,1270.0,95.0,0.0,-0.25,0.0,13.8,9.75,0.0,0.5875086026473111,-0.2695407900381987,-220.67365560500187,-43.87407947137284,2.000932720948899,6.463888888888889
137.0,57582.8,52.20285679999999,-2.1995078,23.119,118.39,64.58,-0.48,0.1,304.4,26.29,21.86,25.23,20.66,-50.10001,24.11,-0.2295001,-0.67014,0.0,3.0,3.0,1263.0,95.0,0.0,-0.02001953,0.0,13.7,9.75,0.0,0.5649587278536434,-0.3053446254599897,-220.10869687714822,-44.179424096832825,2.066295301436087,6.421944444444444
137.0,57582.9,52.202853600000005,-2.1995001000000003,22.889,123.143,64.57,-0.45,0.1,307.3,26.03,21.61,25.12,20.25999,-49.5,23.89,-0.2397001,-0.65994,0.0,3.0,3.0,1262.0,95.0,0.0,-0.02001953,0.0,13.7,9.75,0.5,0.5323654823683088,-0.3476142943810949,-219.5763313947799,-44.52703839121392,2.1492508007833773,6.358055555555556
137.0,57583.0,52.2028498,-2.1994933,22.496,129.895,64.55,-0.42,0.1,304.9,25.78,21.23,24.88,20.12,-48.79999,23.58,-0.2295001,-0.6405599000000001,0.0,3.0,3.0,1273.0,95.0,0.0,-0.02001953,0.0,13.8,9.75,8.0,0.4794279569172064,-0.4007929110937261,-219.0969034378627,-44.927831302307645,2.2670954318780345,6.248888888888889
137.0,57583.1,52.20284589999999,-2.1994871,22.262,135.501,64.61,-0.31,0.1,294.3,25.48,21.29,24.64,20.0,-48.19998,23.42,-0.2295001,-0.6099601,0.0,3.0,3.0,1317.0,95.0,0.0,-0.02001953,0.0,13.7,9.75,14.5,0.43342680303971326,-0.4410737175439137,-218.66347663482298,-45.36890501985156,2.3649385897448365,6.183888888888889
137.0,57583.2,52.2028414,-2.1994814000000003,22.615,140.625,64.62,-0.28,0.1,277.4,25.36,21.11,24.2,19.75,-46.5,23.26,-0.2101199999999999,-0.4998,0.0,3.0,3.0,1367.0,95.0,0.0,-0.02001953,0.0,13.8,9.75,17.0,0.39852233670446785,-0.48560087229995275,-218.2649542981185,-45.854505892151515,2.454369260617026,6.281944444444444
137.0,57583.3,52.2028371,-2.1994762,21.935,143.468,64.64,-0.23,0.1,259.4,24.87,21.00999,24.04,19.89,-43.29999,22.97,-0.14994,-0.4202399,0.0,3.0,3.0,1410.0,95.0,0.0,-0.02001953,0.0,13.7,9.75,18.5,0.3627023248250367,-0.48959195622209495,-217.90225197329346,-46.34409784837361,2.5039889712512244,6.093055555555555
137.0,57583.4,52.202832400000005,-2.199472,21.55,149.502,64.66,-0.19,0.1,241.6,24.55,20.98,23.8,20.25999,-40.19998,22.79,-0.1193398999999999,-0.3896401,0.0,3.0,3.0,1440.0,95.0,0.0,-0.02001953,0.0,13.7,9.75,20.0,0.30380009905235206,-0.5157913940358643,-217.5984518742411,-46.85988924240947,2.6093021383165627,5.986111111111112
136.0,57583.5,52.2028275,-2.1994681,21.964,153.292,64.75,-0.09,0.1,224.0,24.28,21.02,23.57,19.89,-36.89999,22.74,-0.08976007,-0.36006,0.0,3.0,3.0,1489.0,95.0,0.0,-0.02001953,0.0,13.7,9.75,23.0,0.2742106149644168,-0.5450175286557956,-217.3242412592767,-47.40490677106527,2.6754501169671476,6.101111111111111
136.0,57583.6,52.2028225,-2.1994649,21.902,157.797,64.79,-0.03,0.1,206.0,24.16,21.13,23.64,20.31,-34.29999,22.59,-0.05915999,-0.27948,0.0,3.0,3.0,1525.0,95.0,0.0,-0.25,0.0,13.7,9.75,26.5,0.22990362991704713,-0.5632773393936794,-217.09433762935964,-47.96818411045895,2.754077199769492,6.083888888888889
136.0,57583.7,52.2028174,-2.1994621,21.632,160.39700000000002,64.84,0.02,0.1,181.2,24.12,21.39999,23.61,20.75999,-30.899990000000003,22.72,-0.01938009,-0.2101199999999999,0.0,3.0,3.0,1560.0,95.0,0.0,-0.02001953,0.0,13.7,9.75,26.5,0.20159876020001827,-0.5660613011644049,-216.89273886915961,-48.53424541162335,2.799455760321345,6.008888888888889
136.0,57583.8,52.2028123,-2.1994595,21.643,162.404,64.86,0.05,0.1,153.5,24.02,21.62,23.62,21.00999,-26.79999,22.82,0.009180069,-0.14994,0.0,3.0,3.0,1605.0,95.0,0.0,-0.02001953,0.0,13.8,9.75,26.5,0.18174309140153494,-0.5730656234312764,-216.7109957777581,-49.10731103505463,2.8344845184088707,6.0119444444444445
136.0,57583.9,52.202806900000006,-2.1994575000000003,22.226,165.717,64.89,0.07,0.1,123.0,23.87,21.92,23.50999,21.29,-21.89999,22.9,0.04997993,-0.07956004,0.0,3.0,3.0,1633.0,95.0,0.0,-0.02001953,0.0,13.7,9.75,26.5,0.1523169321312442,-0.5983047654077165,-216.55867884562684,-49.70561580046235,2.8923072765274433,6.1738888888888885
136.0,57584.0,52.2028014,-2.1994557,22.284,168.158,64.92,0.09,0.1,96.70001,23.89999,22.3,23.63,21.95,-17.5,23.04,0.07956004,0.0,0.0,3.0,3.0,1600.0,95.0,0.0,-0.25,0.0,13.7,9.75,28.5,0.12702718380271158,-0.6058259606315597,-216.43165166182413,-50.31144176109391,2.9349107635686242,6.1899999999999995
136.0,57584.1,52.202796000000006,-2.199454,22.241,169.00799999999998,64.97,0.15,0.1,80.29999000000001,23.87,22.7,23.71999,22.42,-13.5,23.22,0.1091398999999999,0.009180069,0.0,3.0,3.0,1554.0,95.0,0.0,-0.02001953,0.0,13.7,9.75,31.0,0.11779817919072377,-0.6064711810586376,-216.31385348263342,-50.91791294215255,2.949746062210576,6.178055555555555
136.0,57584.2,52.2027903,-2.1994525,22.997,170.058,65.0,0.16,0.1,70.0,23.96999,22.89999,23.87,22.75999,-11.29999,23.46,0.12954,0.0,0.0,3.0,3.0,1533.0,95.0,0.0,-0.02001953,0.0,13.7,9.75,32.5,0.11029053096026196,-0.6292126322549043,-216.20356295167315,-51.54712557440745,2.9680720193565167,6.388055555555555
136.0,57584.3,52.2027845,-2.1994510000000003,23.4,170.736,65.06,0.21,0.1,62.09998,24.25,23.36,24.12,23.05,-10.10001,23.72,0.14994,-0.04997993,0.0,3.0,3.0,1501.0,94.0,0.0,-0.02001953,0.0,13.7,9.75,33.0,0.10463942418220301,-0.6415220891807366,-216.09892352749094,-52.18864766358819,2.9799053516850385,6.499999999999999
137.0,57584.4,52.2027788,-2.1994496,23.4,171.30599999999998,65.09,0.23,0.1,51.89996,24.36,23.6,24.23,23.36,-8.799988,23.97,0.16014,-0.009180069,0.0,3.0,3.0,1474.0,94.0,0.0,-0.02001953,0.0,13.7,9.75,34.5,0.09825224797717193,-0.6425313189000458,-216.00067127951377,-52.83117898248824,2.989853728421406,6.499999999999999
137.0,57584.5,52.202772800000005,-2.1994484,24.026,172.68099999999998,65.14,0.26,0.1,40.20001,24.75,24.09,24.54,23.59,-6.899994,23.98,0.1693199,-0.009180069,0.0,3.0,3.0,1437.0,94.0,0.0,-0.02001953,0.0,13.7,9.75,35.0,0.08502102394371766,-0.661951172292872,-215.91565025557006,-53.49313015478111,3.013852005636328,6.6738888888888885
137.0,57584.6,52.2027667,-2.1994473,24.502,173.56599999999997,65.2,0.29,0.1,29.70001,24.89,24.42,24.75,24.35,-5.0,24.53,0.13974,0.05915999,0.0,3.0,3.0,1439.0,94.0,0.0,-0.02001953,0.0,13.8,9.75,39.5,0.07626834615560683,-0.6763243481811001,-215.83938190941444,-54.16945450296221,3.0292981695164776,6.806111111111111
136.0,57584.7,52.202760700000006,-2.1994463,24.268,174.06900000000002,65.24,0.31,0.1,17.59998,25.05,24.7,24.92,24.46999,-2.799988,24.84,0.12954,0.07956004,0.0,3.0,3.0,1456.0,94.0,0.0,-0.02001953,0.0,13.7,9.75,39.5,0.069656378200945,-0.6705026316871425,-215.7697255312135,-54.83995713464935,3.03807717565401,6.7411111111111115
136.0,57584.8,52.2027547,-2.1994455000000004,24.448,174.69099999999997,65.31,0.35,0.1,4.200012,25.16,25.07,25.36,24.99,-1.399994,24.96,0.12954,0.1091398999999999,0.0,3.0,3.0,1510.0,94.0,0.0,-0.02001953,0.0,13.7,9.75,39.5,0.06283610995858122,-0.6761978442141331,-215.70688942125494,-55.51615497886348,3.048933123601414,6.791111111111111
136.0,57584.9,52.2027485,-2.1994443,24.851,173.446,65.38,0.39,0.1,0.0,25.13,25.34,24.92,24.67,1.800018,25.27,0.12954,0.13974,0.0,3.0,3.0,1549.0,94.0,0.0,-0.25,0.0,13.7,9.75,39.5,0.07879118809138225,-0.6857942174661527,-215.62809823316357,-56.201949196329636,3.027203774414085,6.9030555555555555
136.0,57585.0,52.202742400000005,-2.1994434,24.624,174.875,65.4,0.38,0.1,0.0,25.18999,25.43999,24.99,25.07999,2.5,25.19,0.14994,0.14994,0.0,3.0,3.0,1590.0,94.0,0.0,-0.02001953,0.0,13.7,9.75,39.5,0.06110096301203824,-0.6812654932689616,-215.56699727015152,-56.883214689598596,3.052144529425084,6.84
136.0,57585.1,52.2027362,-2.1994422,25.258000000000003,172.95,65.52,0.47,0.1,0.0,25.36,25.6,25.21999,25.50999,3.600006,25.42,0.14994,0.16014,0.0,3.0,3.0,1594.0,94.0,0.0,-0.02001953,0.0,13.7,9.75,40.5,0.08611256022309981,-0.6963065260403575,-215.48088470992843,-57.579521215638955,3.0185469413241925,7.016111111111112
136.0,57585.2,52.2027299,-2.1994409,25.466,172.498,65.57,0.48,0.1,0.0,25.52,25.88,25.32,25.75999,5.300018,25.7,0.13974,0.1693199,0.0,3.0,3.0,1586.0,94.0,0.0,-0.25,0.0,13.7,9.75,41.0,0.09235725931156835,-0.7013338554325697,-215.38852745061686,-58.28085507107153,3.0106580531051783,7.073888888888889
136.0,57585.3,52.2027236,-2.1994392,25.708,171.03900000000002,65.66,0.53,0.1,0.0,25.74,26.24,25.43,26.04,7.600006,25.86,0.14994,0.1897199,0.0,3.0,3.0,1604.0,94.0,0.0,-0.02001953,0.0,13.8,9.75,41.5,0.11123146824088269,-0.7053950945997024,-215.277295982376,-58.98625016567123,2.9851936993185815,7.14111111111111
136.0,57585.4,52.2027173,-2.1994381,25.301,173.235,65.73,0.55,0.1,0.0,25.71999,26.49,25.49,26.13,9.5,26.07,0.14994,0.2193,0.0,3.0,3.0,1622.0,94.0,0.0,-0.25,0.0,13.7,9.75,42.5,0.08278865178737198,-0.6979123784938781,-215.1945073305886,-59.684162544165105,3.023521129692377,7.028055555555555
136.0,57585.5,52.202711,-2.1994363000000003,25.664,170.65900000000002,65.8,0.57,0.1,0.0,25.75999,26.67,25.48,26.28,10.60001,26.15,0.14994,0.2295001,0.0,3.0,3.0,1631.0,94.0,0.0,-0.02001953,0.0,13.7,9.75,43.5,0.11570896619076865,-0.703435855671502,-215.07879836439784,-60.387598399836605,2.9785614481610034,7.1288888888888895
136.0,57585.6,52.2027046,-2.1994344,25.978,169.798,65.88,0.59,0.1,0.0,25.93,26.8,25.75999,26.67,11.20001,26.28,0.14994,0.2396998,0.0,3.0,3.0,1636.0,94.0,0.0,-0.02001953,0.0,13.7,9.75,44.5,0.12781110702808723,-0.7102020252007644,-214.95098725736975,-61.09780042503737,2.9635341633013317,7.216111111111111
136.0,57585.7,52.2026984,-2.1994323,25.654,168.442,65.96,0.62,0.1,0.0,26.11,27.03,25.87,26.91,11.80002,26.54,0.16014,0.1999198999999999,0.0,3.0,3.0,1616.0,94.0,0.0,-0.02001953,0.0,13.7,9.75,44.5,0.14277862042995568,-0.6981610567964466,-214.80820863693978,-61.795961481833814,2.9398674986442885,7.126111111111111
136.0,57585.8,52.202692,-2.1994297999999994,26.37,166.805,66.05,0.67,0.1,0.0,26.3,27.18999,26.0,26.86,11.60001,26.64,0.16014,0.1795198999999999,0.0,3.0,3.0,1596.0,94.0,0.0,-0.02001953,0.0,13.8,9.75,44.5,0.1672047779428132,-0.7131611404395887,-214.64100385899698,-62.5091226222734,2.9112964587891415,7.325
136.0,57585.9,52.2026856,-2.1994272,26.474,166.019,66.14,0.68,0.1,0.0,26.39,27.37,26.13,27.3,10.5,26.76,0.1693199,0.16014,0.0,3.0,3.0,1602.0,94.0,0.0,-0.02001953,0.0,13.7,9.75,44.5,0.17767004384353371,-0.7136036528927465,-214.46333381515345,-63.222726275166146,2.8975781708684663,7.353888888888889
136.0,57586.0,52.2026793,-2.1994241,26.572,163.534,66.24,0.72,0.1,0.0,26.52,27.24,26.12,27.05,9.899994,26.87,0.1693199,0.08976007,0.0,3.0,3.0,1623.0,94.0,0.0,-0.02001953,0.0,13.7,9.75,44.5,0.20921487793473223,-0.7078397750878613,-214.25411893721872,-63.93056605025401,2.8542067389564068,7.38111111111111
136.0,57586.1,52.2026729,-2.1994211,26.802,164.08,66.34,0.76,0.1,0.0,26.87,27.38,26.57,27.06,7.700011999999999,27.05,0.1693199,0.0397799,0.0,3.0,3.0,1622.0,94.0,0.0,-0.02001953,0.0,13.7,9.75,44.5,0.20421256276062236,-0.7159451649468267,-214.0499063744581,-64.64651121520083,2.8637362366722963,7.444999999999999
136.0,57586.2,52.20266649999999,-2.1994177,26.842,162.351,66.42,0.77,0.1,4.5,27.07,27.31,27.0,27.25,4.800018,27.23,0.1795198999999999,-0.01938009,0.0,3.0,3.0,1620.0,94.0,0.0,-0.02001953,0.0,13.7,9.75,44.5,0.22605807455369847,-0.7105164853410653,-213.8238482999044,-65.35702770054189,2.833559493905314,7.4561111111111105
136.0,57586.3,52.2026601,-2.1994143000000004,27.194000000000003,161.785,66.53,0.8,0.1,28.0,27.39,27.36,27.2,27.25,0.8000183000000001,27.32,0.1897199,-0.12954,0.0,3.0,3.0,1629.0,94.0,0.0,-0.02001953,0.0,13.7,9.75,44.5,0.23612218577279745,-0.71753654042332,-213.5877261141316,-66.07456424096522,2.823680930339026,7.553888888888889
136.0,57586.4,52.2026538,-2.1994108000000003,26.784,161.265,66.62,0.82,0.1,51.70001,27.73,27.43,27.59,27.05,-4.100006,27.52,0.1897199,-0.2397001,0.0,3.0,3.0,1638.0,94.0,0.0,-0.02001953,0.0,13.7,9.75,44.5,0.23896651213031142,-0.704578601775752,-213.3487596020013,-66.77914284274097,2.8146052182286554,7.4399999999999995
136.0,57586.5,52.2026472,-2.1994071,27.619,161.31,66.73,0.85,0.1,73.70000999999999,27.86,27.3,27.73,26.86,-8.199982,27.64,0.1795198999999999,-0.29988,0.0,3.0,3.0,1641.0,94.0,0.0,-0.02001953,0.0,13.7,9.75,44.5,0.24584566933799812,-0.7267373820398751,-213.1029139326633,-67.50588022478084,2.8153906163920532,7.671944444444444
136.0,57586.6,52.202640800000005,-2.1994041,27.101,163.358,66.84,0.89,0.1,95.79999,28.22,27.34,28.2,26.77,-12.69998,27.83,0.1795198999999999,-0.3794401,0.0,3.0,3.0,1645.0,94.0,0.0,-0.02001953,0.0,13.7,9.75,44.5,0.21559656852952733,-0.7212727113329614,-212.8873173641338,-68.2271529361138,2.8511349594728967,7.5280555555555555
136.0,57586.7,52.2026341,-2.1994010000000004,27.832,163.713,66.97,0.94,0.1,111.5,28.11,27.17,28.20999,26.50999,-16.69998,27.93,0.1693199,-0.3998401,0.0,3.0,3.0,1642.0,94.0,0.0,-0.02001953,0.0,13.7,9.75,44.5,0.2168181829432383,-0.7420853493154607,-212.67049918119056,-68.96923828542926,2.8573308783174767,7.731111111111111
136.0,57586.8,52.2026275,-2.1993986,27.378,166.53099999999998,67.08,0.96,0.1,112.9,28.48999,26.99,28.379990000000003,26.34,-19.60001,27.85,0.14994,-0.3998401,0.0,3.0,3.0,1637.0,94.0,0.0,-0.02001953,0.0,13.7,9.75,44.5,0.17713507210009913,-0.7395832720066704,-212.49336410909046,-69.70882155743593,2.9065142566386766,7.6049999999999995
136.0,57586.9,52.2026207,-2.1993966,27.511,168.825,67.19,0.99,0.1,105.1,28.55,27.13,28.50999,26.68,-20.10001,27.82,0.13974,-0.34986,0.0,3.0,3.0,1647.0,94.0,0.0,-0.25,0.0,13.7,9.75,44.5,0.1481057056386554,-0.7497051746366895,-212.34525840345182,-70.45852673207261,2.9465521096794265,7.641944444444444
136.0,57587.0,52.2026139,-2.1993953,27.385,172.065,67.3,1.0,0.1,97.0,28.59,27.34,28.75,26.91,-18.0,27.88,0.13974,-0.2397001,0.0,3.0,3.0,1656.0,94.0,0.0,-0.02001953,0.0,13.7,9.75,44.5,0.10501355476701985,-0.753411037298921,-212.2402448486848,-71.21193776937153,3.0031007774440432,7.606944444444444
136.0,57587.1,52.2026071,-2.1993943,27.364,174.035,67.41,1.01,0.1,86.09998,28.77,27.39,28.37,26.61,-17.0,28.08,0.14994,-0.1999198999999999,0.0,3.0,3.0,1660.0,94.0,0.0,-0.02001953,0.0,13.7,9.75,45.0,0.07899144973007145,-0.7559955370927196,-212.16125339895473,-71.96793330646425,3.037483763708331,7.601111111111111
136.0,57587.2,52.2026003,-2.1993935,27.497,175.674,67.51,1.02,0.1,74.0,28.67,27.38,28.64,27.05,-15.10001,27.99,0.14994,-0.13974,0.0,3.0,3.0,1662.0,94.0,0.0,-0.02001953,0.0,13.7,9.75,45.0,0.05761479051273737,-0.7616294785600832,-212.103638608442,-72.72956278502433,3.0660897101485185,7.638055555555555
136.0,57587.3,52.2025934,-2.1993931000000004,27.623,177.134,67.63,1.04,0.1,60.89996,28.72,27.57999,28.48,27.25,-12.39999,28.12,0.14994,-0.06936002,0.0,3.0,3.0,1657.0,94.0,0.0,-0.02001953,0.0,13.7,9.75,45.0,0.03836549201464645,-0.7663458126778628,-212.06527311642736,-73.4959085977022,3.0915715172276355,7.673055555555556
136.0,57587.4,52.2025865,-2.1993929,27.835,178.851,67.73,1.04,0.1,41.59998,28.55,27.78,28.5,27.61,-9.5,28.2,0.14994,-0.01938009,0.0,3.0,3.0,1661.0,93.0,0.0,-0.02001953,0.0,13.7,9.75,45.0,0.015504473094775331,-0.7730389771763171,-212.04976864333258,-74.26894757487851,3.1215388204843784,7.731944444444444
137.0,57587.5,52.2025795,-2.1993928,27.886,179.299,67.85,1.06,0.1,25.09998,28.53,28.06999,28.5,27.719990000000003,-5.600006,28.26,0.14994,0.04997993,0.0,3.0,3.0,1665.0,94.0,0.0,-0.25,0.0,13.7,9.75,45.0,0.009476943095339599,-0.7745531363349824,-212.04029170023725,-75.0435007112135,3.129357895533313,7.7461111111111105
137.0,57587.6,52.2025725,-2.1993929,27.853,180.09900000000002,67.94,1.05,0.1,13.5,28.53,28.19,28.37,27.92,-2.299988,28.39,0.14994,0.08976007,0.0,3.0,3.0,1658.0,93.0,0.0,-0.25,0.0,13.7,9.75,45.0,-0.0013368473653292906,-0.7736932894909452,-212.04162854760258,-75.81719400070445,3.143320529549268,7.736944444444445
137.0,57587.7,52.2025655,-2.1993929,28.184,180.47,68.07,1.08,0.1,7.899963,28.53,28.37,28.23,28.129990000000003,-0.6000061,28.49,0.16014,0.08976007,0.0,3.0,3.0,1664.0,93.0,0.0,-0.02001953,0.0,13.8,9.75,45.0,-0.00642200270723073,-0.7828625487446104,-212.04805055030982,-76.60005654944905,3.1497957010741664,7.828888888888889
137.0,57587.8,52.2025586,-2.199393,27.778,180.29,68.17,1.06,0.1,5.099976,28.629990000000003,28.61,28.45,28.31,0.3999939,28.54,0.1693199,0.08976007,0.0,3.0,3.0,1683.0,94.0,0.0,-0.02001953,0.0,13.7,9.75,45.0,-0.0039054581105539055,-0.7716012274401007,-212.05195600842038,-77.37165777688915,3.146654108420577,7.71611111111111
137.0,57587.9,52.2025515,-2.1993929,28.076,179.67700000000002,68.28,1.07,0.1,5.099976,28.56,28.64,28.48999,28.48999,0.6000061,28.64,0.1693199,0.04997993,0.0,3.0,3.0,1694.0,94.0,0.0,-0.02001953,0.0,13.8,9.75,45.0,0.004396532850827406,-0.7798764963192808,-212.04755947556956,-78.15153427320843,3.1359552401058517,7.7988888888888885
137.0,57588.0,52.2025444,-2.1993928,28.541,179.71900000000002,68.39,1.08,0.1,1.599976,28.70999,28.69,28.62,28.399990000000003,0.7000122,28.71,0.1795198999999999,0.01937985,0.0,3.0,3.0,1682.0,93.0,0.0,-0.25,0.0,13.7,9.75,45.0,0.0038882003164619917,-0.7927960209398457,-212.0436712752531,-78.94433029414827,3.1366882783916896,7.928055555555556
136.0,57588.1,52.2025374,-2.1993929,28.12,180.102,68.51,1.09,0.1,0.0,28.929990000000004,28.84999,28.649990000000003,28.62,1.399994,28.73,0.1693199,0.05915999,0.0,3.0,3.0,1701.0,93.0,0.0,-0.02001953,0.0,13.7,9.75,45.0,-0.0013905612582017968,-0.7811098733472915,-212.0450618365113,-79.72544016749556,3.1433728894268276,7.811111111111111
136.0,57588.2,52.2025302,-2.1993928,28.595,179.642,68.63,1.1,0.1,0.0,28.92,28.95999,28.64,28.70999,2.600006,28.94,0.1693199,0.1193398999999999,0.0,3.0,3.0,1711.0,93.0,0.0,-0.25,0.0,13.8,9.75,45.0,0.004963010208038759,-0.7942900503695703,-212.04009882630328,-80.51973021786513,3.1353443748676533,7.943055555555555
136.0,57588.3,52.2025231,-2.1993928,28.688,180.07299999999998,68.73,1.09,0.1,0.0,28.98999,29.28,28.77,29.0,4.200012,29.04,0.16014,0.16014,0.0,3.0,3.0,1704.0,93.0,0.0,-0.25,0.0,13.7,9.75,45.0,-0.0010153081718147607,-0.7968882420916273,-212.0411141344751,-81.31661845995676,3.1428667439437485,7.9688888888888885
136.0,57588.4,52.2025159,-2.1993927,28.519,179.313,68.84,1.1,0.1,0.0,29.06,29.41,28.56,29.03,6.0,29.16,0.16014,0.1795198999999999,0.0,3.0,3.0,1704.0,93.0,0.0,-0.01000977,0.0,13.7,9.75,45.0,0.00949851013834567,-0.7921374982373917,-212.03161562433675,-82.10875595819415,3.129602241628592,7.921944444444444
136.0,57588.5,52.2025088,-2.1993923,28.66,178.34400000000002,68.95,1.1,0.1,0.0,29.039990000000003,29.59,28.879990000000003,29.33,6.700011999999999,29.21,0.1693199,0.1897199,0.0,3.0,3.0,1715.0,93.0,0.0,-0.01000977,0.0,13.8,9.75,45.0,0.023006519280682494,-0.795778613249411,-212.00860910505608,-82.90453457144356,3.1126900011767673,7.961111111111111
136.0,57588.6,52.202501600000005,-2.1993918000000003,28.746,177.55200000000002,69.05,1.08,0.1,0.0,29.09,29.67,28.8,29.56,7.300018,29.29,0.1693199,0.1795198999999999,0.0,3.0,3.0,1721.0,93.0,0.0,-0.01000977,0.0,13.8,9.75,45.0,0.03410606070372762,-0.7977712871639802,-211.97450304435236,-83.70230585860755,3.0988669935009723,7.984999999999999
136.0,57588.7,52.2024943,-2.199391,29.016,176.42700000000002,69.18,1.11,0.1,0.0,29.11,29.73,29.05,29.59,8.0,29.37,0.1795198999999999,0.16014,0.0,3.0,3.0,1715.0,93.0,0.0,-0.01000977,0.0,13.7,9.75,42.5,0.050230084068698805,-0.8044333028004568,-211.92427296028367,-84.506739161408,3.079232039416036,8.059999999999999
136.0,57588.8,52.2024871,-2.1993903,28.879,176.565,69.28,1.11,0.1,0.0,29.149990000000003,29.679990000000004,29.00999,29.64,7.899994,29.45,0.1693199,0.1693199,0.0,3.0,3.0,1721.0,93.0,0.0,-0.2400208,0.0,13.7,9.75,42.0,0.04806440465436981,-0.8007532327145187,-211.8762085556293,-85.30749239412252,3.081640593783788,8.021944444444445
136.0,57588.9,52.2024798,-2.1993893,29.362,175.335,69.4,1.11,0.1,0.0,29.25999,29.789990000000003,29.12,29.64,7.899994,29.54,0.1693199,0.16014,0.0,3.0,3.0,1719.0,93.0,0.0,-0.01000977,0.0,13.8,9.75,42.0,0.0663333925023802,-0.8129091988697301,-211.80987516312692,-86.12040159299225,3.060173043984258,8.15611111111111
136.0,57589.0,52.2024725,-2.199388,29.405,173.862,69.53,1.13,0.1,0.0,29.31,30.0,29.12,29.75,8.0,29.72,0.16014,0.14994,0.0,3.0,3.0,1733.0,93.0,0.0,-0.01000977,0.0,13.7,9.75,38.5,0.08733572337077766,-0.8121230122399702,-211.72253943975613,-86.93252460523222,3.034464344102381,8.168055555555556
136.0,57589.1,52.2024652,-2.1993868,29.21,174.217,69.63,1.12,0.1,0.0,29.59999,30.14,29.36,29.91,7.800018,29.82,0.1693199,0.1795198999999999,0.0,3.0,3.0,1737.0,93.0,0.0,-0.01000977,0.0,13.7,9.75,36.5,0.08175644158942127,-0.8072594460710767,-211.6407829981667,-87.73978405130329,3.0406602629469615,8.113888888888889
136.0,57589.2,52.202458,-2.1993852000000005,29.34,172.468,69.75,1.12,0.1,0.0,29.55,30.27,29.31,30.00999,7.300018,30.02,0.1693199,0.14994,0.0,3.0,3.0,1740.0,93.0,0.0,-0.01000977,0.0,13.7,9.75,34.5,0.10683011776952944,-0.807968022843323,-211.53395288039718,-88.54775207414662,3.01013445432958,8.15
136.0,57589.3,52.2024507,-2.1993835,29.34,172.028,69.86,1.13,0.1,0.0,29.78,30.23,29.42,29.98,7.700011999999999,30.01,0.1693199,0.12954,0.0,3.0,3.0,1759.0,93.0,0.0,-0.01000977,0.0,13.7,9.75,31.0,0.11303165569246246,-0.8071238100882794,-211.42092122470473,-89.3548758842349,3.002455005620805,8.15
136.0,57589.4,52.2024434,-2.1993816,29.714,171.12900000000002,69.97,1.12,0.1,0.0,29.87,30.31,29.539990000000003,30.19,7.0,30.05,0.1693199,0.12954,0.0,3.0,3.0,1776.0,93.0,0.0,-0.01000977,0.0,13.7,9.75,29.5,0.1272834806192453,-0.8155156242909665,-211.2936377440855,-90.17039150852587,2.9867644956453767,8.253888888888888
136.0,57589.5,52.2024361,-2.1993796,29.7,170.768,70.09,1.14,0.1,0.0,29.92,30.45,29.73,30.23,6.800018,30.09,0.1693199,0.12954,0.0,3.0,3.0,1779.0,93.0,0.0,-0.2400208,0.0,13.8,9.75,26.5,0.13235679898911415,-0.8143136237110093,-211.16128094509637,-90.98470513223688,2.9804638570456765,8.25
136.0,57589.6,52.2024288,-2.1993773,29.617,169.25599999999997,70.2,1.14,0.1,0.0,30.05,30.58,29.81,30.379990000000003,7.0,30.3,0.1693199,0.12954,0.0,3.0,3.0,1774.0,93.0,0.0,-0.01000977,0.0,13.8,9.75,24.0,0.1533676469174063,-0.808272549205261,-211.00791329817895,-91.79297768144214,2.9540744787555218,8.226944444444445
136.0,57589.7,52.202421400000006,-2.1993751,30.035,169.493,70.32,1.13,0.1,0.0,30.06,30.53,30.00999,30.27,6.899994,30.42,0.1693199,0.1091398999999999,0.0,3.0,3.0,1771.0,93.0,0.0,-0.01000977,0.0,13.8,9.75,22.5,0.15214033303367458,-0.8203164505818878,-210.85577296514526,-92.61329413202402,2.958210909082749,8.343055555555555
137.0,57589.8,52.202414,-2.1993727,30.121,168.662,70.44,1.15,0.1,0.0,30.12,30.61,30.03,30.379990000000003,6.300018,30.41,0.1693199,0.1193398999999999,0.0,3.0,3.0,1787.0,93.0,0.0,-0.2400208,0.0,13.7,9.75,20.0,0.1644911737193489,-0.8203659227031731,-210.69128179142592,-93.4336600547272,2.9437072229986763,8.366944444444444
137.0,57589.9,52.2024067,-2.1993701000000003,30.042,167.863,70.55,1.14,0.1,0.0,30.149990000000003,30.59,29.95,30.429990000000004,6.399994,30.38,0.14994,0.1091398999999999,0.0,3.0,3.0,1794.0,93.0,0.0,-0.01000977,0.0,13.7,9.75,14.5,0.17545357828116256,-0.8158469782185481,-210.51582821314477,-94.24950703294574,2.9297620422752413,8.345
137.0,57590.0,52.2023994,-2.1993674,30.002,167.37400000000002,70.67,1.15,0.1,0.0,30.08,30.56,30.03,30.429990000000004,6.5,30.35,0.12954,0.1091398999999999,0.0,3.0,3.0,1786.0,93.0,0.0,-0.01000977,0.0,13.8,9.75,5.5,0.18216720692081442,-0.8132356047580098,-210.33366100622396,-95.06274263770375,2.9212273822329897,8.333888888888888
137.0,57590.1,52.202392,-2.1993645,30.323,166.665,70.78,1.14,0.1,0.0,29.84999,30.42,29.77,30.42,6.300018,30.19,0.1193398999999999,0.13974,0.0,3.0,3.0,1767.0,93.0,0.0,-0.01000977,0.0,13.8,9.75,1.5,0.1942728702730418,-0.8195954494722546,-210.13938813595092,-95.88233808717601,2.908852997836349,8.423055555555555
137.0,57590.2,52.2023847,-2.1993615,30.118,165.787,70.89,1.14,0.1,0.0,29.72,30.20999,29.629990000000003,30.16,6.300018,30.03,0.08976007,0.12954,0.0,3.0,3.0,1754.0,93.0,0.0,-0.01000977,0.0,13.8,9.75,0.0,0.2054109005040381,-0.8110021659580744,-209.9339772354469,-96.69334025313408,2.8935290070038393,8.36611111111111
137.0,57590.3,52.2023775,-2.1993584,29.79,165.334,71.01,1.15,0.1,0.0,29.31999,30.0,29.45999,29.92,6.300018,29.81,0.05915999,0.09995985,0.0,3.0,3.0,1773.0,93.0,0.0,-0.01000977,0.0,13.8,9.75,0.0,0.20950968693212524,-0.8005385319156118,-209.72446754851475,-97.49387878504969,2.885622665492305,8.275
137.0,57590.4,52.20237039999999,-2.1993551,29.387,164.267,71.09,1.11,0.1,0.0,29.20999,29.64,29.23,29.56,6.300018,29.41,0.02957988,0.1091398999999999,0.0,3.0,3.0,1752.0,93.0,0.0,-0.01000977,0.0,13.8,9.75,0.0,0.22134522818790062,-0.7857232655262987,-209.50312232032684,-98.27960205057599,2.8670000023735254,8.163055555555555
137.0,57590.5,52.2023635,-2.199352,29.131,164.41400000000002,71.22,1.14,0.1,0.0,28.7,29.2,28.5,28.94,5.700012,29.06,0.009180069,0.1091398999999999,0.0,3.0,3.0,1748.0,93.0,0.0,-0.2400208,0.0,13.7,9.75,0.0,0.21741797847211353,-0.7794389466512772,-209.2857043418547,-99.05904099722727,2.8695656363739572,8.091944444444444
137.0,57590.6,52.2023566,-2.1993484,28.62,162.638,71.32,1.12,0.1,0.0,28.25,28.45,28.25,28.53,5.800018,28.5,0.0,0.06936002,0.0,3.0,3.0,1689.0,93.0,0.0,0.2299804999999999,0.0,13.7,9.75,0.0,0.23723424105287427,-0.7587785677469197,-209.04847010080184,-99.81781956497419,2.838568588858538,7.95
137.0,57590.7,52.20235,-2.199345,27.99,162.609,71.42,1.11,0.1,0.0,27.6,28.16,27.73,28.08,5.100006,28.05,0.0,0.0397799,0.0,3.0,3.0,1623.0,93.0,0.0,1.179993,1.0,13.7,9.75,0.0,0.2323876722986544,-0.7419583679450035,-208.8160824285032,-100.55977793291919,2.8380624433754593,7.7749999999999995
136.0,57590.8,52.2023433,-2.1993416,28.026,162.711,71.53,1.11,0.1,0.0,27.07,27.59,27.29,27.53,4.600006,27.57,0.0,0.02957988,0.0,3.0,3.0,1572.0,93.0,0.0,0.9400024,1.0,13.8,9.75,0.0,0.23136363544180855,-0.7433257147409539,-208.5847187930614,-101.30310364766014,2.839842679212494,7.785
136.0,57590.9,52.2023369,-2.199338,27.212,161.625,71.62,1.09,0.1,0.0,26.8,27.23,26.84,27.04,4.399994,27.03,-0.009180069,0.04997993,0.0,3.0,3.0,1510.0,93.0,0.0,0.7099915,1.0,13.8,9.75,0.0,0.23828262001664202,-0.7173488728252688,-208.34643617304476,-102.0204525204854,2.820888403535835,7.558888888888888
136.0,57591.0,52.2023306,-2.1993347,26.611,162.018,71.73,1.08,0.1,0.0,26.27,26.50999,26.5,26.78,4.200012,26.63,0.0,0.02957988,0.0,3.0,3.0,1472.0,93.0,0.0,0.9400024,1.0,13.8,9.75,0.0,0.22820277531854838,-0.7030874199091056,-208.11823339772621,-102.72353994039452,2.827747547496173,7.391944444444444
136.0,57591.1,52.2023243,-2.1993311,26.46,161.203,71.82,1.06,0.1,0.0,25.91,26.13,25.82999,26.11,3.600006,26.15,-0.009180069,0.01937985,0.0,3.0,3.0,1419.0,93.0,0.0,0.9400024,1.0,13.7,9.75,0.0,0.23682885433682893,-0.695799607468634,-207.88140454338938,-103.41933954786315,2.813523114092419,7.35
136.0,57591.2,52.2023183,-2.1993275000000003,25.693,160.312,71.9,1.03,0.1,0.0,25.35,25.68999,25.43,25.64999,3.3999940000000004,25.6,-0.01938009,0.02957988,0.0,3.0,3.0,1382.0,93.0,0.0,1.179993,1.0,13.7,9.75,0.0,0.24044228083267594,-0.671972670291616,-207.6409622625567,-104.09131221815475,2.79797223045715,7.1369444444444445
136.0,57591.3,52.2023123,-2.1993242,25.106,161.216,71.99,1.01,0.1,0.0,24.84,25.21,24.89999,25.1,3.200012,25.11,-0.009180069,0.009180069,0.0,3.0,3.0,1335.0,93.0,0.0,1.179993,1.0,13.8,9.75,0.0,0.22456014858150375,-0.6602454104457918,-207.4164021139752,-104.75155762860055,2.8137500068951784,6.973888888888889
136.0,57591.4,52.2023064,-2.1993208,24.998,160.514,72.07,0.99,0.1,0.0,24.50999,24.64,24.32999,24.46,2.899994,24.65,-0.009180069,0.009180069,0.0,3.0,3.0,1293.0,93.0,0.0,1.179993,1.0,13.7,9.75,0.0,0.23163182804306565,-0.6546163954941653,-207.18477028593213,-105.40617402409471,2.801497795546178,6.943888888888889
136.0,57591.5,52.2023008,-2.1993173,24.116,159.836,72.15,0.97,0.1,0.0,23.99,24.16,24.09,24.06,2.200012,24.17,-0.009180069,0.0,0.0,3.0,3.0,1282.0,93.0,0.0,1.179993,1.0,13.8,9.75,0.0,0.23091636613529262,-0.6288312613950278,-206.95385391979684,-106.03500528548973,2.789664463217657,6.698888888888889
136.0,57591.6,52.2022952,-2.199314,23.789,159.946,72.24,0.97,0.1,2.799988,23.45,23.43999,23.68999,23.73,1.700012,23.68,-0.009180069,0.009180069,0.0,3.0,3.0,1279.0,93.0,0.0,2.130005,1.0,13.8,9.75,0.0,0.22659394581279987,-0.6207408202898149,-206.72725997398405,-106.65574610577954,2.7915843253948505,6.608055555555556
136.0,57591.7,52.2022897,-2.1993108,23.422,160.423,72.31,0.93,0.1,7.399963,22.85,23.14999,23.03,23.18999,1.0,23.14,-0.009180069,0.0,0.0,3.0,3.0,1274.0,93.0,0.0,2.839996,1.0,13.7,9.75,0.0,0.21800246187551806,-0.6130006072733108,-206.50925751210852,-107.26874671305285,2.7999095459268633,6.506111111111111
136.0,57591.8,52.2022844,-2.1993073,22.856,158.52,72.39,0.92,0.1,10.09998,22.61,22.54,22.59,22.56,0.1000061,22.64,-0.02958012,-0.04997993,0.0,3.0,3.0,1268.0,93.0,0.0,3.789978,1.0,13.7,9.75,0.0,0.23248134513104604,-0.5907929632287672,-206.27677616697747,-107.85953967628161,2.7666959302614114,6.348888888888889
136.0,57591.9,52.2022792,-2.1993041,22.244,159.579,72.46,0.89,0.1,10.0,22.07,21.99,22.18999,21.87,0.3999939,22.06,-0.02958012,-0.03978014,0.0,3.0,3.0,1271.0,93.0,0.0,4.269989,1.0,13.8,9.75,0.0,0.2155910450229803,-0.5790571477136303,-206.06118512195448,-108.43859682399524,2.7851789670400313,6.178888888888888
136.0,57592.0,52.202274,-2.1993013,21.809,161.406,72.53,0.88,0.1,10.09998,21.75,21.57,21.75999,21.48,-0.2999877999999999,21.6,-0.02958012,0.009180069,0.0,3.0,3.0,1269.0,93.0,0.0,4.509979,1.0,13.8,9.75,0.0,0.19316719426224316,-0.5741835997334199,-205.86801792769225,-109.01278042372866,2.817066132473968,6.058055555555556
137.0,57592.1,52.202269,-2.1992981,21.42,159.424,72.59,0.84,0.1,10.29999,21.04,20.96999,21.05,21.06,-0.1999817,21.26,-0.03978014,0.0,0.0,3.0,3.0,1265.0,93.0,0.0,4.97998,1.0,13.7,9.75,0.0,0.20911246549939622,-0.5570430654561314,-205.65890546219285,-109.56982348918478,2.7824737066994403,5.95
137.0,57592.2,52.2022641,-2.1992952000000003,20.617,159.593,72.65,0.82,0.1,9.599976,20.50999,20.41,20.42,20.46,0.1000061,20.51,-0.04997993,-0.009180069,0.0,3.0,3.0,1258.0,93.0,0.0,5.929993,1.0,13.7,9.75,0.0,0.1996908530826578,-0.5367517954256429,-205.45921460911018,-110.10657528461043,2.7854233131353103,5.726944444444444
137.0,57592.3,52.2022593,-2.1992924,20.398,160.769,72.72,0.81,0.1,9.200012,19.81,19.93,19.92,19.88,0.1000061,19.97,-0.03978014,0.0,0.0,3.0,3.0,1263.0,93.0,0.0,7.589996000000001,1.0,13.8,9.75,0.0,0.18662898262103622,-0.5349932467614941,-205.27258562648913,-110.64156853137192,2.805948385138764,5.666111111111111
137.0,57592.4,52.2022548,-2.1992897,19.408,160.119,72.78,0.78,0.1,8.899963,19.1,19.21999,19.27,19.13,-0.3999939,19.39,-0.05915999,0.01937985,0.0,3.0,3.0,1258.0,93.0,0.0,9.48999,1.0,13.8,9.75,0.0,0.18333428646448197,-0.506980600743279,-205.08925134002465,-111.14854913211519,2.7946037450008006,5.391111111111111
137.0,57592.5,52.2022502,-2.1992869,19.39,159.688,72.84,0.75,0.1,8.799988,18.43999,18.45,18.54,18.6,0.1000061,18.66,-0.08976007,0.0397799,0.0,3.0,3.0,1263.0,93.0,0.0,11.16,1.0,13.7,9.75,0.0,0.1869691925974772,-0.5051182535127722,-204.90228214742717,-111.65366738562797,2.787081375924705,5.386111111111111
137.0,57592.6,52.20224600000001,-2.1992843000000004,18.227,159.543,72.9,0.74,0.1,7.799988000000001,17.71,17.73,17.8,17.66,0.3999939,17.94,-0.12954,-0.009180069,0.0,3.0,3.0,1260.0,93.0,0.0,14.47998,1.0,13.7,9.75,0.0,0.17695597795013637,-0.4743752707025637,-204.72532616947703,-112.12804265633054,2.784550648509313,5.063055555555556
137.0,57592.7,52.2022418,-2.1992818,17.445999999999998,160.233,72.93,0.69,0.1,3.5999760000000003,16.61,16.74,16.96,16.73,0.2000122,17.05,-0.1693201,0.0,0.0,2.0,3.0,1259.0,93.0,0.0,17.32999,1.0,13.7,9.75,0.0,0.16389351785066597,-0.4560557463938801,-204.56143265162638,-112.58409840272442,2.7965934203480742,4.84611111111111
137.0,57592.8,52.2022379,-2.1992796,16.754,160.863,72.98,0.68,0.1,0.0,15.61,15.79,15.82999,15.74,0.8999939,16.05,-0.2101199999999999,0.02957988,0.0,2.0,3.0,1262.0,93.0,0.0,18.28,1.0,13.7,9.75,0.0,0.15256753290884661,-0.43967029215463554,-204.40886511871753,-113.02376869487905,2.8075889946356383,4.653888888888889
137.0,57592.9,52.2022342,-2.1992775,15.512,160.753,73.02,0.64,0.1,0.0,14.57999,14.68,14.75999,14.7,1.600006,14.92,-0.2295001,0.04997993,0.0,2.0,3.0,1235.0,93.0,0.0,18.03998,1.0,13.7,9.75,0.0,0.14203873575395137,-0.40680490669769515,-204.2668263829636,-113.43057360157675,2.805669132458444,4.308888888888889
137.0,57593.0,52.2022308,-2.1992755,14.35,160.394,73.06,0.61,0.1,0.0,13.67,13.82999,13.59,13.68999,1.600006,13.96,-0.2193,0.09995985,0.0,2.0,3.0,1186.0,93.0,0.0,10.44,1.0,13.7,9.75,0.0,0.13375404600247395,-0.3755005633540416,-204.1330723369611,-113.80607416493079,2.799403400443785,3.9861111111111107
137.0,57593.1,52.2022277,-2.1992735,13.352,159.834,73.09,0.58,0.1,0.0,12.82999,13.18999,12.63,12.96,3.3999940000000004,13.21,-0.16014,0.06936002,0.0,2.0,3.0,1184.0,93.0,0.0,7.119994999999999,1.0,13.7,9.75,0.0,0.12786068999247677,-0.34815256979646486,-204.00521164696863,-114.15422673472726,2.7896295566326166,3.7088888888888887
137.0,57593.2,52.2022247,-2.1992715,12.614,158.618,73.11,0.54,0.1,0.0,12.14,12.21,12.11,12.36,3.600006,12.5,-0.1193398999999999,0.04997993,0.0,2.0,3.0,1167.0,93.0,0.0,7.359985000000001,1.0,13.7,9.75,0.0,0.12774627605419298,-0.32627176159005256,-203.87746537091445,-114.48049849631731,2.7684063529283653,3.503888888888889
137.0,57593.3,52.2022218,-2.1992699,12.29,160.157,73.16,0.54,0.1,0.0,11.29,12.0,11.34,11.88,4.700012,11.73,-0.1193398999999999,0.12954,0.0,2.0,3.0,1161.0,93.0,0.0,6.880005000000001,1.0,13.7,9.75,0.0,0.11588239220591685,-0.3211193619721866,-203.76158297870853,-114.80161785828949,2.7952669701165584,3.4138888888888888
137.0,57593.4,52.2022192,-2.1992679,11.444,157.786,73.17,0.49,0.1,0.0,10.71,11.14999,10.57999,11.35,5.800018,11.13,-0.1193398999999999,0.1193398999999999,0.0,2.0,3.0,1177.0,94.0,0.0,6.169983,1.0,13.7,9.75,0.0,0.1201833012254578,-0.29429461392550704,-203.64139967748307,-115.09591247221499,2.7538852135517726,3.178888888888889
137.0,57593.5,52.2022169,-2.199266,10.508,155.811,73.21,0.48,0.1,0.0,10.11,10.63,10.03,10.72,6.0,10.63,-0.1193398999999999,0.02957988,0.0,2.0,3.0,1186.0,93.0,0.0,4.97998,1.0,13.7,9.75,0.0,0.11960086269891684,-0.26626069386686607,-203.52179881478415,-115.36217316608186,2.719414960824885,2.9188888888888886
137.0,57593.6,52.2022145,-2.1992643000000003,9.918,155.717,73.22,0.45,0.1,0.0,9.559998,10.22,9.559998,10.14999,6.700011999999999,10.04,-0.09996009,0.01937985,0.0,2.0,3.0,1178.0,93.0,0.0,3.079987,1.0,13.7,9.75,0.0,0.11329770042821692,-0.2511252298708316,-203.40850111435594,-115.6132983959527,2.71777435132801,2.755
137.0,57593.7,52.2022123,-2.1992627,9.479,156.77700000000002,73.24,0.42,0.1,0.0,9.25,9.849998,9.149994,9.629997,7.200011999999999,9.65,-0.07956004,0.0,0.0,2.0,3.0,1175.0,93.0,0.0,1.419983,1.0,13.7,9.75,0.0,0.10382423542320794,-0.24197178291116106,-203.30467687893272,-115.85527017886386,2.7362748413991502,2.6330555555555555
137.0,57593.8,52.2022102,-2.1992613000000003,9.007,157.774,73.28,0.41,0.1,0.0,8.799995,9.419998,8.769997,9.229996,7.200011999999999,9.25,-0.03978014,0.0397799,0.0,2.0,3.0,1172.0,94.0,0.0,0.9400024,1.0,13.7,9.75,0.0,0.09463877439082957,-0.23160475472810538,-203.2100381045419,-116.08687493359197,2.7536757740415334,2.5019444444444443
137.0,57593.9,52.2022082,-2.1992598,8.647,156.863,73.3,0.39,0.1,0.0,8.379997,9.099998,8.339996000000001,9.009995,8.100006,8.849999,-0.02958012,0.1091398999999999,0.0,2.0,3.0,1170.0,93.0,0.0,0.9400024,1.0,13.7,9.75,0.0,0.09437985035043644,-0.22087511174825591,-203.11565825419146,-116.30775004534023,2.737775824555865,2.4019444444444447
137.0,57594.0,52.2022064,-2.1992582,8.366,154.656,73.32,0.37,0.1,0.0,8.029999,8.849998,7.939995,8.659996000000001,9.200012,8.559999000000001,-0.01938009,0.1091398999999999,0.0,2.0,3.0,1170.0,94.0,0.0,0.9400024,1.0,13.7,9.75,0.0,0.09947453397929751,-0.21002241015809228,-203.01618372021215,-116.51777245549832,2.6992564079643504,2.323888888888889
137.0,57594.1,52.2022045,-2.1992566,8.107000000000001,153.739,73.34,0.35,0.1,0.0,7.659996,8.529999,7.479996000000001,8.349998,9.600006,8.22,-0.01938009,0.09995985,0.0,1.0,3.0,1162.0,94.0,0.0,1.179993,1.0,13.7,9.75,0.0,0.09963972964417506,-0.20195163303394628,-202.916543990568,-116.71972408853226,2.6832517387235626,2.2519444444444447
137.0,57594.2,52.202203,-2.1992548,7.495,150.246,73.35,0.32,0.1,0.0,7.389999,8.259995,7.409996,8.07,10.5,7.92,-0.009180069,0.09995985,0.0,1.0,3.0,1138.0,94.0,0.0,0.2299804999999999,1.0,13.7,9.75,0.0,0.10332213807665767,-0.18074695704436894,-202.81322185249132,-116.90047104557662,2.6222873879514004,2.0819444444444444
137.0,57594.3,52.2022013,-2.1992531,7.56,148.85399999999998,73.36,0.3,0.1,0.0,7.119994999999999,8.07,7.0,7.899994,10.39999,7.66,-0.009180069,0.09995985,0.0,1.0,3.0,1122.0,93.0,0.0,-0.01000977,0.0,13.7,9.75,0.0,0.10861632969542492,-0.17972894292098518,-202.7046055227959,-117.08019998849761,2.597992404763639,2.0999999999999996
137.0,57594.4,52.2021999,-2.1992514,7.2,147.048,73.38,0.28,0.1,0.0,6.849997999999999,7.839996000000001,6.629997,7.57,11.70001,7.41,-0.01938009,0.04997993,0.0,1.0,3.0,1110.0,94.0,0.0,-0.2400208,0.0,13.7,9.75,0.0,0.10878724819217647,-0.16782530986348215,-202.59581827460372,-117.2480252983611,2.5664717584726215,2.0
137.0,57594.5,52.2021986,-2.1992497,6.437,144.325,73.4,0.27,0.1,0.0,6.619994999999999,7.579994,6.199997,7.25,11.5,7.17,0.0,0.01937985,0.0,1.0,3.0,1087.0,94.0,0.0,-0.01000977,0.0,13.8,9.75,0.0,0.104277042901972,-0.14525055945211074,-202.49154123170175,-117.39327585781321,2.5189464429408157,1.7880555555555555
137.0,57594.6,52.2021972,-2.1992481,6.858,145.433,73.43,0.27,0.1,0.0,6.269997,7.199997,6.079994,6.949997,11.30002,6.83,0.0,0.0,0.0,1.0,3.0,1060.0,94.0,0.0,-0.2400208,0.0,13.6,9.75,0.0,0.10808390087142601,-0.1568697560794169,-202.3834573308303,-117.55014561389262,2.538284691052913,1.9049999999999998
137.0,57594.7,52.202196,-2.1992464000000003,6.084,143.726,73.4,0.22,0.1,0.0,5.93,6.93,5.869994999999999,6.720001,11.39999,6.5,0.0,0.04997993,0.0,1.0,3.0,1034.0,93.0,0.0,-0.01000977,0.0,13.7,9.75,0.0,0.09998841046549685,-0.13624726702794196,-202.2834689203648,-117.68639288092056,2.50849192072137,1.69
137.0,57594.8,52.2021948,-2.1992451,5.936,143.64700000000002,73.44,0.24,0.1,0.0,5.689995,6.619994999999999,5.349998,6.389999,11.10001,6.23,-0.009180069,0.0397799,0.0,0.0,3.0,1024.0,94.0,0.0,-0.2400208,0.0,13.7,9.75,10.5,0.09773927870733225,-0.1327982645849816,-202.18572964165747,-117.81919114550554,2.507113110612295,1.6488888888888888
137.0,57594.9,52.2021936,-2.1992436,5.807,143.009,73.45,0.22,0.1,0.0,5.449997,6.3600010000000005,4.989998,6.089996,11.20001,5.99,0.0,0.009180069,0.0,0.0,3.0,1014.0,94.0,0.0,-0.01000977,0.0,13.7,9.75,15.0,0.09705586977294008,-0.12883959172437842,-202.08867377188454,-117.94803073722991,2.4959779099845707,1.6130555555555557
137.0,57595.0,52.2021928,-2.1992421,5.292000000000001,140.197,73.49,0.24,0.1,0.0,5.159996,6.129997,4.889999,5.879997,10.80002,5.69,0.01937985,0.0,0.0,0.0,3.0,1170.0,94.0,0.0,-0.01000977,0.0,13.8,9.75,15.5,0.09410203909829115,-0.11293275095181066,-201.99457173278626,-118.06096348818173,2.44689925141849,1.4700000000000002
137.0,57595.1,52.2021916,-2.1992407,5.393,142.3,73.47,0.19,0.1,0.0,5.159996,6.059998,4.849998,5.799995,10.60001,5.64,0.06936002,0.02957988,0.0,1.0,3.0,1483.0,94.0,0.0,-0.01000977,0.0,13.7,9.75,16.0,0.09161014799228301,-0.11852968092482426,-201.90296158479399,-118.17949316910655,2.483603525587931,1.4980555555555555
137.0,57595.2,52.2021908,-2.1992395,4.946000000000001,140.43,73.51,0.22,0.1,0.0,5.379997,6.399994,4.9199980000000005,5.9199980000000005,11.70001,5.81,0.1091398999999999,0.05915999,0.0,1.0,3.0,1662.0,94.0,0.0,-0.01000977,0.0,13.8,9.75,16.0,0.08751953355608943,-0.105905797934995,-201.8154420512379,-118.28539896704154,2.4509658685756373,1.373888888888889
137.0,57595.3,52.2021897,-2.1992378,5.314,138.132,73.49,0.17,0.1,0.0,5.75,6.759995,5.18,6.189995,12.20001,6.1,0.1693199,0.05915999,0.0,1.0,3.0,1812.0,94.0,0.0,-0.2400208,0.0,13.7,9.75,16.0,0.09851812794515702,-0.10992369439587837,-201.71692392329274,-118.39532266143742,2.4108582023648073,1.4761111111111112
137.0,57595.4,52.202188500000005,-2.1992361,6.019,138.145,73.51,0.18,0.1,0.0,6.199997,7.360001,5.619994999999999,6.799995,13.70001,6.57,0.2193,0.09995985,0.0,1.0,3.0,1873.0,94.0,0.0,-0.2400208,0.0,13.7,9.75,16.0,0.11156011998345715,-0.1245324129789633,-201.60536380330927,-118.51985507441638,2.4110850951675666,1.6719444444444445
137.0,57595.5,52.2021876,-2.1992343,5.767,134.921,73.52,0.17,0.1,0.0,6.6599960000000005,8.129997,6.1100010000000005,7.589996000000001,16.30002,7.16,0.2498998999999999,0.16014,0.0,1.0,3.0,1908.0,94.0,0.0,-0.01000977,0.0,13.7,9.75,16.5,0.11343065438469045,-0.11311828621723855,-201.49193314892457,-118.63297336063363,2.354815680083269,1.6019444444444444
137.0,57595.6,52.2021864,-2.1992321,7.045,132.65200000000002,73.55,0.19,0.1,0.0,7.32,9.009995,6.639999,8.290001,18.89999,7.96,0.2600999,0.1795198999999999,0.0,1.0,3.0,1911.0,94.0,0.0,-0.01000977,0.0,13.7,9.75,17.0,0.14392983354224662,-0.1325915480071069,-201.34800331538233,-118.76556490864074,2.315214159355518,1.9569444444444444
137.0,57595.7,52.2021852,-2.1992296,7.614,129.812,73.56,0.18,0.1,0.0,8.139999000000001,10.03,7.32,9.220001,22.70001,8.809999000000001,0.2600999,0.2295001,0.0,1.0,3.0,1906.0,94.0,0.0,-0.2400208,0.0,13.7,9.75,18.5,0.16246360708498545,-0.13541723070915113,-201.18553970829734,-118.90098213934989,2.2656468085988792,2.1149999999999998
137.0,57595.8,52.202184,-2.1992268,8.165,127.463,73.56,0.16,0.1,0.0,8.869995,11.04,7.629997,10.07999,26.20001,9.71,0.2498998999999999,0.27948,0.0,1.0,3.0,1924.0,94.0,0.0,-0.01000977,0.0,13.7,9.75,18.5,0.18002606959344836,-0.13795424711693033,-201.0055136387039,-119.03893638646683,2.224649024469532,2.2680555555555553
137.0,57595.9,52.2021827,-2.1992237,9.184,125.388,73.6,0.19,0.1,0.0,9.610001,12.07999,8.229996,10.95,29.80002,10.59,0.2498998999999999,0.2498998999999999,0.0,1.0,3.0,1955.0,94.0,0.0,-0.01000977,0.0,13.7,9.75,18.5,0.20797910429838923,-0.14773750772090816,-200.7975345344055,-119.18667389418773,2.18843344249065,2.5511111111111107
137.0,57596.0,52.2021817,-2.1992201,9.864,119.471,73.62,0.2,0.1,0.0,10.42,13.14999,9.040001,11.92,31.80002,11.54,0.28968,0.1999198999999999,0.0,1.0,3.0,1975.0,94.0,0.0,-0.01000977,0.0,13.8,9.75,18.5,0.2385457213388858,-0.13480333390131963,-200.5589888130666,-119.32147722808905,2.0851623106501456,2.74
137.0,57596.1,52.2021805,-2.1992162,10.89,117.359,73.67,0.23,0.1,0.0,11.38,14.25,10.18999,12.99,33.60001,12.57,0.28968,0.1999198999999999,0.0,1.0,3.0,1963.0,94.0,0.0,0.2299804999999999,0.0,13.6,9.75,18.5,0.26866370213265517,-0.13901821879299114,-200.29032511093396,-119.46049544688205,2.048300956848025,3.025
137.0,57596.2,52.2021794,-2.1992119,11.624,115.487,73.72,0.27,0.1,0.0,12.2,15.24,11.31,13.82999,34.70001,13.38,0.26928,0.2193,0.0,1.0,3.0,1949.0,94.0,0.0,-0.01000977,0.0,13.7,9.75,19.0,0.29146629183382594,-0.13894112167583897,-199.99885881910015,-119.59943656855789,2.015628393250691,3.228888888888889
137.0,57596.3,52.202178200000006,-2.1992071,12.852,113.111,73.76,0.28,0.1,0.0,12.75999,16.07,10.46,14.62,36.39999,14.27,0.2101199999999999,0.28968,0.0,1.0,3.0,1969.0,94.0,0.0,-0.01000977,0.0,13.7,9.75,20.0,0.3283493780673487,-0.1401273917647272,-199.6705094410328,-119.73956396032261,1.9741593702233062,3.57
137.0,57596.4,52.2021773,-2.199202,13.046,109.538,73.79,0.28,0.1,0.0,13.35,16.57999,12.00999,15.38,37.5,14.81,0.1897199,0.2295001,0.0,1.0,3.0,2109.0,94.0,0.0,-0.01000977,0.0,13.7,9.75,22.5,0.3415224985059776,-0.12119442975796374,-199.32898694252683,-119.86075839008058,1.9117987560495486,3.6238888888888887
137.0,57596.5,52.2021764,-2.1991963,14.285,105.889,73.81,0.28,0.1,0.0,14.07999,17.21,13.03,16.12,36.70001,15.39,0.1897199,0.1999198999999999,0.0,1.0,3.0,2273.0,94.0,0.0,-0.01000977,0.0,13.7,9.75,24.5,0.38164515814460814,-0.1086352713649214,-198.94734178438222,-119.9693936614455,1.8481116916442755,3.9680555555555554
137.0,57596.6,52.202175700000005,-2.1991903,14.965,102.602,73.85,0.29,0.1,0.0,14.87,18.05,13.59,16.79,35.70001,16.3,0.2193,0.2295001,0.0,2.0,3.0,2389.0,94.0,0.0,-0.01000977,0.0,13.6,9.75,24.5,0.4056800105692749,-0.09069509450068572,-198.54166177381293,-120.06008875594618,1.790742719131222,4.156944444444444
137.0,57596.7,52.2021754,-2.199184,15.469,97.874,73.86,0.27,0.1,0.0,15.75,18.89,14.39999,17.77,35.5,16.96,0.2295001,0.1897199,0.0,2.0,3.0,2541.0,94.0,0.0,-0.01000977,0.0,13.7,9.75,24.5,0.4256431698961792,-0.05886601317527847,-198.11601860391676,-120.11895476912146,1.70822355209693,4.296944444444444
137.0,57596.8,52.202175,-2.1991773999999995,16.391,95.966,73.88,0.26,0.1,0.0,16.46999,19.38,15.42,18.43999,33.89999,17.71,0.2600999,0.13974,0.0,2.0,3.0,2628.0,94.0,0.0,-0.2400208,0.0,13.7,9.75,24.5,0.4528395062479523,-0.04732367801496218,-197.6631790976688,-120.16627844713642,1.6749226699688782,4.553055555555555
137.0,57596.9,52.2021749,-2.1991704,17.183,93.128,73.92,0.28,0.1,0.0,17.06,19.79,16.59,19.12,30.80002,18.31,0.27948,0.1091398999999999,0.0,2.0,3.0,2687.0,94.0,0.0,-0.01000977,0.0,13.7,9.75,24.5,0.47659442908105537,-0.02604502895180577,-197.18658466858776,-120.19232347608822,1.6253902257972792,4.773055555555556
137.0,57597.0,52.2021751,-2.1991631000000003,18.097,89.689,73.96,0.29,0.1,0.0,17.99,20.32,17.48,19.84,26.30002,18.99,0.27948,0.1193398999999999,0.0,2.0,3.0,2751.0,94.0,0.0,-0.01000977,0.0,13.7,9.75,25.0,0.5026870390441863,0.0027285989623828284,-196.68389762954357,-120.18959487712584,1.5653683528211941,5.026944444444445
137.0,57597.1,52.2021756,-2.1991556,18.623,85.76,74.0,0.31,0.1,0.0,18.81,20.79,18.2,20.41,22.39999,19.58,0.26928,0.02957988,0.0,2.0,3.0,2822.0,94.0,0.0,-0.01000977,0.0,13.7,9.75,25.0,0.5158897441956617,0.03824669452876714,-196.1680078853479,-120.15134818259708,1.4967943665103371,5.173055555555556
137.0,57597.2,52.202176,-2.1991475,19.735,85.48200000000001,74.03,0.31,0.1,0.0,19.55,21.11,19.02,20.68,17.60001,20.14,0.2600999,-0.03978014,0.0,2.0,3.0,2879.0,94.0,0.0,-0.01000977,0.0,13.7,9.75,25.0,0.5464910047001524,0.04318252773484937,-195.62151688064773,-120.10816565486223,1.4919423511897931,5.481944444444444
137.0,57597.3,52.2021768,-2.1991396,19.861,82.874,74.07,0.32,0.1,0.0,20.16,21.41,19.98,21.16,14.10001,20.64,0.2600999,-0.06936002,0.0,2.0,3.0,2632.0,94.0,0.0,-0.01000977,0.0,13.7,9.75,25.0,0.5474330170570062,0.06843867230395205,-195.07408386359072,-120.03972698255828,1.4464241642977806,5.516944444444444
137.0,57597.4,52.2021773,-2.1991310000000004,20.916,83.62200000000001,74.09,0.31,0.1,0.0,20.89999,21.78,20.77,21.57,10.39999,21.11,0.2498998999999999,-0.04997993,0.0,2.0,3.0,2253.0,94.0,0.0,-0.01000977,0.0,13.7,9.75,25.0,0.5774039858482712,0.06454174716049546,-194.49667987774245,-119.97518523539779,1.4594792271026984,5.81
137.0,57597.5,52.2021781,-2.1991224,21.42,82.47399999999999,74.12,0.32,0.1,0.0,21.63,22.29,21.41,21.96,7.399994,21.75,0.2498998999999999,-0.009180069,0.0,2.0,3.0,1933.0,94.0,0.0,-0.01000977,0.0,13.7,9.75,25.0,0.5898743893913524,0.07793076889251942,-193.9068054883511,-119.89725446650527,1.439442847289803,5.95
137.0,57597.6,52.2021789,-2.1991136,21.895,81.15,74.14,0.3,0.1,0.0,22.35,22.88,22.07,22.55,6.800018,22.44,0.2498998999999999,0.01937985,0.0,2.0,3.0,1966.0,94.0,0.0,-0.01000977,0.0,13.6,9.75,25.0,0.6009535853927188,0.09356960220457605,-193.30585190295838,-119.80368486430069,1.4163346879933985,6.081944444444444
137.0,57597.7,52.20218,-2.1991045,22.547,79.625,74.17,0.32,0.1,0.0,23.00999,23.54,22.75,23.31,6.800018,23.03,0.2498998999999999,0.02957988,0.0,2.0,3.0,2007.0,94.0,0.0,-0.01000977,0.0,13.8,9.75,25.0,0.6160655496083506,0.1127913449938163,-192.68978635335003,-119.69089351930687,1.3897184169004848,6.263055555555556
137.0,57597.8,52.2021809,-2.1990953,23.108,80.405,74.22,0.34,0.1,0.0,23.63,24.23,23.41,23.87,6.700011999999999,23.69,0.2498998999999999,0.02957988,0.0,2.0,3.0,2061.0,94.0,0.0,-0.01000977,0.0,13.7,9.75,25.0,0.6329092398876227,0.1069917741879444,-192.0568771134624,-119.58390174511892,1.4033319850660406,6.418888888888889
137.0,57597.9,52.2021821,-2.1990857,23.868,79.075,74.24,0.33,0.1,0.0,24.18,24.75999,24.05,24.50999,6.800018,24.3,0.2396998,0.05915999,0.0,2.0,3.0,2120.0,94.0,0.0,-0.01000977,0.0,13.7,9.75,25.0,0.6509838614415081,0.1256543359486783,-191.4058932520209,-119.45824740917024,1.3801191060145162,6.629999999999999
137.0,57598.0,52.20218320000001,-2.1990759,24.415,79.149,74.25,0.31,0.1,0.0,24.71999,25.31,24.54,25.21,7.399994,24.9,0.2193,0.07956004,0.0,2.0,3.0,2204.0,94.0,0.0,-0.01000977,0.0,13.7,9.75,25.0,0.6660683753511312,0.12767389644094537,-190.73982487666976,-119.3305735127293,1.381410649660992,6.781944444444444
137.0,57598.1,52.2021846,-2.199066,24.862,77.73100000000001,74.29,0.33,0.1,0.0,25.25999,25.84,25.09,25.67,7.700011999999999,25.41,0.2101199999999999,0.05915999,0.0,2.0,3.0,2258.0,94.0,0.0,-0.01000977,0.0,13.8,9.75,25.0,0.674838031202968,0.14675605075166512,-190.0649868454668,-119.18381746197764,1.3566618808677124,6.906111111111111
137.0,57598.2,52.2021862,-2.1990559,25.574,75.928,74.31,0.31,0.1,0.0,25.77,26.34,25.54,26.18999,7.5,25.86,0.1999198999999999,0.04997993,0.0,2.0,3.0,2341.0,94.0,0.0,-0.01000977,0.0,13.7,9.75,25.0,0.6890707947807846,0.17272467466163632,-189.37591605068602,-119.011092787316,1.3251935944542546,7.103888888888889
137.0,57598.3,52.2021876,-2.1990457,25.718000000000004,76.805,74.35,0.33,0.1,0.0,26.38,26.92,26.07,26.61,7.100006,26.41,0.2101199999999999,0.04997993,0.0,2.0,3.0,2406.0,94.0,0.0,-0.01000977,0.0,13.7,9.75,25.0,0.6955281839144991,0.1630706287119177,-188.68038786677153,-118.84802215860408,1.340500131994245,7.14388888888889
137.0,57598.4,52.2021892,-2.1990352,26.604,76.376,74.39,0.35,0.1,0.0,26.95,27.41,26.68,27.23,6.5,26.97,0.2193,0.05915999,0.0,2.0,3.0,2429.0,94.0,0.0,-0.2400208,0.0,13.7,9.75,25.0,0.718206327798745,0.17407087840831237,-187.96218153897277,-118.67395128019577,1.3330126695031892,7.39
137.0,57598.5,52.202191,-2.1990245,27.169,74.973,74.41,0.33,0.1,0.0,27.57999,28.09999,27.23,27.85,6.5,27.6,0.2295001,0.0397799,0.0,2.0,3.0,2459.0,94.0,0.0,-0.01000977,0.0,13.7,9.75,25.0,0.7288867271464874,0.19567279694681838,-187.23329481182628,-118.47827848324894,1.3085257000977086,7.546944444444445
137.0,57598.6,52.2021929,-2.1990136,27.655,74.505,74.43,0.32,0.1,0.0,28.129990000000003,28.629990000000003,27.899990000000003,28.379990000000003,5.800018,28.27,0.2295001,0.0397799,0.0,2.0,3.0,2493.0,94.0,0.0,-0.01000977,0.0,13.8,9.75,25.0,0.7402734728561411,0.20522643557986592,-186.49302133897015,-118.27305204766908,1.3003575591983751,7.6819444444444445
137.0,57598.7,52.202195,-2.1990027000000003,27.976,73.388,74.47,0.34,0.1,0.0,28.75999,29.08,28.59999,28.91,4.899994,28.79,0.2193,-0.009180069,0.0,2.0,3.0,2536.0,94.0,0.0,-0.01000977,0.0,13.7,9.75,25.0,0.7446766063104543,0.22216757420085054,-185.7483447326597,-118.05088447346823,1.2808622314535987,7.771111111111111
137.0,57598.8,52.202197,-2.1989914,28.822,73.417,74.49,0.33,0.1,0.0,29.34999,29.53,29.12,29.28,3.5,29.3,0.2193,0.0,0.0,2.0,3.0,2561.0,94.0,0.0,-0.01000977,0.0,13.8,9.75,25.0,0.7673115315295518,0.22849762540635196,-184.98103320113015,-117.82238684806188,1.281368376936677,8.00611111111111
137.0,57598.9,52.2021992,-2.19898,29.236,73.013,74.53,0.34,0.1,2.899963,29.81,29.95999,29.62,29.78,2.0,29.74,0.2101199999999999,-0.02958012,0.0,2.0,3.0,2600.0,94.0,0.0,-0.2400208,0.0,13.7,9.75,25.0,0.7766795709786728,0.23726209308380525,-184.20435363015147,-117.58512475497808,1.27431724675862,8.12111111111111
136.0,57599.0,52.2022015,-2.1989684,29.884,72.223,74.56,0.34,0.1,3.899963,30.429990000000004,30.48,30.23999,30.16,1.200012,30.28,0.2101199999999999,-0.06936002,0.0,2.0,3.0,2634.0,94.0,0.0,-0.01000977,0.0,13.7,9.75,25.0,0.7904749906685451,0.2534437726946294,-183.41387863948293,-117.33168098228346,1.2605291456678647,8.30111111111111
136.0,57599.1,52.2022037,-2.1989566000000003,30.37,72.702,74.6,0.35,0.1,3.799988,30.94,30.94,30.81,30.649990000000003,0.7000122,30.78,0.1999198999999999,-0.01938009,0.0,2.0,3.0,2678.0,94.0,0.0,-0.01000977,0.0,13.7,9.75,25.0,0.8054555753944636,0.25084063238657606,-182.60842306408847,-117.08084034989689,1.2688892727849175,8.436111111111112
136.0,57599.2,52.202206,-2.1989447,30.643,72.483,74.62,0.34,0.1,1.599976,31.41,31.429990000000004,31.12,31.12,1.0,31.19,0.1897199,-0.01938009,0.0,2.0,3.0,2707.0,94.0,0.0,-0.01000977,0.0,13.7,9.75,25.0,0.8117225897218492,0.25619996016459656,-181.79670047436662,-116.8246403897323,1.2650670017230499,8.511944444444444
136.0,57599.3,52.2022083,-2.1989324,31.309,73.016,74.67,0.35,0.1,0.0,31.78,31.78,31.629990000000003,31.47,1.700012,31.65,0.1795198999999999,0.0,0.0,2.0,3.0,2757.0,94.0,0.0,-0.01000977,0.0,13.7,9.75,25.0,0.8317639077366126,0.254041784917857,-180.96493656663,-116.57059860481444,1.2743696066361798,8.696944444444444
136.0,57599.4,52.2022106,-2.1989201,31.748,72.581,74.7,0.36,0.1,0.5,32.2,32.25999,32.00999,32.11,1.899994,32.07,0.1693199,0.02957988,0.0,2.0,3.0,2815.0,94.0,0.0,-0.01000977,0.0,13.7,9.75,25.0,0.8414464436662148,0.2639998007331798,-180.12349012296377,-116.30659880408126,1.2667774243900043,8.818888888888889
137.0,57599.5,52.2022131,-2.1989077000000004,32.108000000000004,72.194,74.75,0.38,0.1,3.399963,32.679990000000004,32.69,32.349990000000005,32.45,1.600006,32.57,0.1795198999999999,0.0,0.0,2.0,3.0,2846.0,94.0,0.0,-0.01000977,0.0,13.7,9.75,25.0,0.8491650700669627,0.2727351717355634,-179.2743250528968,-116.0338636323457,1.2600230001847863,8.91888888888889
137.0,57599.6,52.2022157,-2.1988952000000004,32.396,71.421,74.78,0.38,0.1,3.700012,33.06,33.05,32.8,32.81,1.200012,32.99,0.1693199,-0.01938009,0.0,3.0,3.0,2889.0,94.0,0.0,-0.01000977,0.0,13.6,9.75,25.0,0.8529914053523682,0.2867153200313353,-178.42133364754446,-115.74714831231437,1.2465316050668702,8.998888888888889
137.0,57599.7,52.202218300000006,-2.1988824,33.03,71.696,74.82,0.39,0.1,3.5,33.11,33.25,33.23,33.09,1.300018,33.26,0.1693199,-0.04997993,0.0,3.0,3.0,2934.0,94.0,0.0,-0.01000977,0.0,13.7,9.75,24.5,0.8710777612716387,0.28814889175214636,-177.55025588627282,-115.45899942056222,1.2513312605098545,9.175
137.0,57599.8,52.2022208,-2.1988695,33.365,72.64699999999999,74.88,0.41,0.1,3.5,33.7,33.72,33.89,33.64,1.0,33.54,0.16014,-0.009180069,0.0,3.0,3.0,2988.0,94.0,0.0,-0.01000977,0.0,13.7,9.75,24.0,0.8846222898731133,0.27642710082097866,-176.66563359639972,-115.18257231974124,1.2679293416963204,9.268055555555556
137.0,57599.9,52.20222350000001,-2.1988565,33.696,71.557,74.91,0.41,0.1,4.200012,34.0,34.00999,33.78999,34.05,1.100006,33.93,0.13974,0.0,0.0,3.0,3.0,3019.0,94.0,0.0,-0.01000977,0.0,13.7,9.75,24.0,0.887925965941379,0.29611396287083297,-175.77770763045834,-114.8864583568704,1.2489052528495825,9.36
137.0,57600.0,52.2022262,-2.1988433,34.049,71.523,74.95,0.41,0.1,4.299988,34.28,34.42,33.98999,34.05,1.399994,34.26,0.12954,-0.01938009,0.0,3.0,3.0,3048.0,94.0,0.0,-0.01000977,0.0,13.7,9.75,22.5,0.8970501805645562,0.2997484319706283,-174.8806574498938,-114.58670992489978,1.2483118409039042,9.458055555555555
137.0,57600.1,52.20222880000001,-2.1988302,33.948,72.09899999999999,75.0,0.42,0.1,4.399963,34.48,34.52,34.48999,34.179990000000004,0.8999939,34.4,0.1193398999999999,-0.009180069,0.0,3.0,3.0,3081.0,94.0,0.0,-0.01000977,0.0,13.7,9.75,20.0,0.8973484641066198,0.2898529523146009,-173.98330898578718,-114.29685697258518,1.2583649373953916,9.43
137.0,57600.2,52.202231600000005,-2.1988168000000003,34.578,71.622,75.03,0.41,0.1,4.399963,34.47,34.55,34.48,34.459990000000005,0.8999939,34.53,0.08976007,0.009180069,0.0,3.0,3.0,2831.0,94.0,0.0,-0.01000977,0.0,13.8,9.75,19.5,0.9115117551045119,0.3028309269316667,-173.07179723068268,-113.99402604565351,1.2500397168633788,9.605
137.0,57600.3,52.20223429999999,-2.1988034,34.578,71.465,75.08,0.42,0.1,5.200012,34.52,34.67,34.64999,34.819990000000004,1.300018,34.57,0.06936002,0.009180069,0.0,3.0,3.0,2684.0,94.0,0.0,-0.2400208,0.0,13.8,9.75,17.5,0.9106785268053103,0.3053274812651326,-172.16111870387738,-113.68869856438837,1.2472995499377477,9.605
137.0,57600.4,52.202237100000005,-2.1987901000000005,34.592,71.256,75.11,0.42,0.1,6.8999630000000005,34.64,34.69,34.58,34.48,1.200012,34.77,0.04997993,-0.01938009,0.0,3.0,3.0,2542.0,94.0,0.0,-0.2400208,0.0,13.8,9.75,16.5,0.9099269795374018,0.3087723250229274,-171.25119172433998,-113.37992623936545,1.2436518118010795,9.608888888888888
137.0,57600.5,52.2022399,-2.1987769,34.405,71.282,75.16,0.43,0.1,7.099976,34.64,34.709990000000005,34.64999,34.47,0.5,34.6,0.05915999,-0.009180069,0.0,3.0,3.0,2375.0,94.0,0.0,-0.01000977,0.0,13.8,9.75,16.0,0.9051472945630423,0.30669242945853853,-170.34604442977692,-113.07323380990691,1.244105597406598,9.556944444444445
137.0,57600.6,52.2022428,-2.1987635,34.967,70.778,75.2,0.43,0.1,7.200011999999999,34.709990000000005,34.8,34.61,34.39999,0.5,34.7,0.05915999,-0.02958012,0.0,3.0,3.0,2188.0,94.0,0.0,-0.01000977,0.0,13.8,9.75,15.5,0.9171552950152639,0.3197821869312773,-169.42888913476165,-112.75345162297563,1.2353091379765466,9.713055555555554
137.0,57600.7,52.2022456,-2.1987501,34.783,71.291,75.23,0.42,0.1,7.299988000000001,34.69,34.75999,34.83,34.64,0.7000122,34.62,0.04997993,-0.01938009,0.0,3.0,3.0,2151.0,94.0,0.0,-0.01000977,0.0,13.8,9.75,14.5,0.9151406375252439,0.30991824409866386,-168.5137484972364,-112.44353337887696,1.2442626770392775,9.661944444444444
137.0,57600.8,52.2022485,-2.1987367,34.931,70.681,75.28,0.43,0.1,7.200011999999999,34.84,34.94,34.75999,34.61,0.7000122,34.79,0.04997993,-0.01938009,0.0,4.0,3.0,2137.0,94.0,0.0,-0.01000977,0.0,13.7,9.75,14.0,0.9156689081780874,0.3210036163938412,-167.59807958905833,-112.12252976248313,1.233616168602112,9.703055555555554
137.0,57600.9,52.20225130000001,-2.1987231999999994,34.826,71.395,75.31,0.41,0.1,7.399963,34.87,34.89,35.0,34.87999,0.3999939,34.86,0.04997993,-0.01938009,0.0,4.0,3.0,2114.0,94.0,0.0,-0.2400208,0.0,13.8,9.75,13.5,0.9168336988537764,0.30863770183142236,-166.68124589020456,-111.81389206065171,1.2460778194613515,9.67388888888889
137.0,57601.0,52.202254100000005,-2.1987098,34.787,71.13,75.34,0.41,0.1,7.899963,34.98999,35.0,34.83,34.679990000000004,0.3999939,34.97,0.04997993,-0.01938009,0.0,4.0,3.0,2120.0,94.0,0.0,-0.01000977,0.0,13.8,9.75,13.5,0.9143713010324181,0.3125244799144765,-165.76687458917215,-111.50136758073724,1.2414526969435666,9.663055555555555
137.0,57601.1,52.2022569,-2.1986965,34.801,71.11399999999999,75.37,0.4,0.1,9.599976,34.87999,34.84,34.98999,35.06,0.3000183,34.97,0.04997993,0.0,0.0,4.0,3.0,2114.0,94.0,0.0,-0.01000977,0.0,13.8,9.75,13.5,0.9146519449353582,0.3129056863428976,-164.85222264423678,-111.18846189439434,1.2411734442632474,9.666944444444445
137.0,57601.2,52.2022598,-2.1986831,34.96,70.76100000000001,75.42,0.41,0.1,10.09998,34.8,34.75999,34.91,34.75,0.1000061,34.85,0.04997993,-0.02958012,0.0,4.0,3.0,2119.0,94.0,0.0,-0.01000977,0.0,13.7,9.75,11.5,0.9168767881919022,0.31999022703569924,-163.93534585604488,-110.86847166735863,1.2350124320037077,9.71111111111111
137.0,57601.3,52.2022627,-2.1986697000000004,34.898,70.539,75.46,0.41,0.1,9.5,34.89,34.77,35.03999,34.69,0.0,34.73,0.01937985,-0.02958012,0.0,4.0,3.0,2120.0,94.0,0.0,-0.01000977,0.0,13.8,9.75,8.0,0.914006235778571,0.322966590933369,-163.0213396202663,-110.54550507642526,1.2311378010642802,9.693888888888889
137.0,57601.4,52.2022656,-2.1986562000000003,34.988,70.877,75.49,0.4,0.1,9.5,34.81,34.75999,34.8,34.709990000000005,0.0,34.81,0.01937985,0.009180069,0.0,4.0,3.0,2044.0,94.0,0.0,-0.01000977,0.0,13.8,9.75,5.5,0.9182576131161556,0.3183880781372004,-162.10308200715014,-110.22711699828805,1.237037013936021,9.71888888888889
137.0,57601.5,52.2022686,-2.198643,34.681999999999995,69.834,75.53,0.41,0.1,8.5,34.67,34.599990000000005,34.73,34.73,0.0,34.73,0.01937985,-0.01938009,0.0,4.0,3.0,1982.0,94.0,0.0,-0.2400208,0.0,13.7,9.75,1.0,0.9043309935351254,0.3321198659615845,-161.198751013615,-109.89499713232647,1.2188332298377202,9.633888888888887
137.0,57601.6,52.2022713,-2.1986296,34.787,70.992,75.55,0.39,0.1,6.799988000000001,34.59,34.47,34.77,34.16,0.3999939,34.57,0.009180069,-0.05915999,0.0,4.0,3.0,1885.0,94.0,0.0,-0.01000977,0.0,13.8,9.75,0.0,0.9136159173650693,0.3147258842782299,-160.28513509624995,-109.58027124804823,1.2390441425758145,9.663055555555555
137.0,57601.7,52.2022742,-2.1986162,34.718,70.835,75.59,0.4,0.1,7.099976,34.39999,34.44,34.62999,34.45,0.5,34.42,0.0,-0.009180069,0.0,4.0,3.0,1756.0,94.0,0.0,-0.01000977,0.0,13.8,9.75,0.0,0.910939647621206,0.3165989377810654,-159.37419544862874,-109.26367231026717,1.2363039756501832,9.64388888888889
137.0,57601.8,52.202277,-2.198603,34.564,70.88,75.62,0.38,0.1,9.5,34.429990000000004,34.37999,34.34,34.37,0.3999939,34.37,0.0,0.0,0.0,4.0,3.0,1631.0,94.0,0.0,-0.2400208,0.0,13.7,9.75,0.0,0.9071462302622539,0.31448221348749494,-158.4670492183665,-108.94919009677967,1.2370893738135806,9.601111111111111
137.0,57601.9,52.2022796,-2.1985896,34.484,71.96300000000001,75.63,0.35,0.1,9.799988,34.3,34.39,34.28,34.3,0.5,34.32,0.0,-0.01938009,0.0,4.0,3.0,1538.0,94.0,0.0,-0.01000977,0.0,13.7,9.75,0.0,0.9108151287157673,0.2965921859376449,-157.55623408965073,-108.65259791084203,1.2559912896126795,9.578888888888889
137.0,57602.0,52.2022823,-2.1985764000000003,34.218,71.536,75.66,0.34,0.1,10.39996,34.179990000000004,34.11,34.12,34.05,-0.1999817,34.22,0.0,0.0,0.0,4.0,3.0,1443.0,94.0,0.0,-0.01000977,0.0,13.7,9.75,0.0,0.901570955995352,0.30103166163316997,-156.6546631336554,-108.35156624920886,1.2485387337066636,9.505
137.0,57602.1,52.2022853,-2.1985635,33.98,70.186,75.69,0.35,0.1,11.20001,33.929990000000004,34.00999,34.02,33.94,0.0,34.08,0.0,-0.009180069,0.0,4.0,3.0,1366.0,94.0,0.0,-0.01000977,0.0,13.8,9.75,0.0,0.8880087520628724,0.31994795018509065,-155.76665438159253,-108.03161829902376,1.2249767888047403,9.438888888888888
137.0,57602.2,52.202288,-2.1985502,34.24,71.331,75.7,0.33,0.1,11.39996,33.69,33.64999,33.98,33.67,-0.2999877999999999,33.83,0.0,-0.009180069,0.0,4.0,3.0,1322.0,94.0,0.0,-0.01000977,0.0,13.8,9.75,0.0,0.9010670754991037,0.30445109809377413,-154.86558730609343,-107.72716720092998,1.2449608087400752,9.511111111111111
137.0,57602.3,52.20229100000001,-2.1985374,33.883,69.627,75.77,0.36,0.1,11.29999,33.53999,33.569990000000004,33.55,33.5,-0.3999939,33.6,-0.01938009,-0.01938009,0.0,4.0,3.0,1305.0,94.0,0.0,-0.01000977,0.0,13.8,9.75,0.0,0.882319104697767,0.32765832774159365,-153.98326820139567,-107.3995088731884,1.2152203982860919,9.411944444444446
137.0,57602.4,52.2022937,-2.1985244,33.548,71.249,75.77,0.33,0.1,11.29999,33.319990000000004,33.28999,33.429990000000004,33.209990000000005,-0.2999877999999999,33.35,-0.01938009,-0.01938009,0.0,4.0,3.0,1312.0,94.0,0.0,-0.01000977,0.0,13.8,9.75,0.0,0.8824284380345783,0.2995612674936838,-153.1008397633611,-107.09994760569471,1.2435296387534398,9.318888888888889
137.0,57602.5,52.2022965,-2.1985116,33.566,70.40100000000001,75.8,0.33,0.1,11.29999,33.11,33.12,33.17,33.0,0.0,33.13,-0.01938009,-0.02958012,0.0,4.0,3.0,1315.0,94.0,0.0,-0.01000977,0.0,13.8,9.75,0.0,0.8783693604293387,0.31275598600572196,-152.22247040293178,-106.78719161968898,1.228729246696528,9.32388888888889
137.0,57602.6,52.202299100000005,-2.1984987,33.394,71.123,75.83,0.32,0.1,11.29999,32.819990000000004,32.87,33.02,32.73999,0.0,32.9,-0.01938009,-0.02958012,0.0,4.0,3.0,1320.0,94.0,0.0,-0.01000977,0.0,13.8,9.75,0.0,0.8777198363415128,0.30011708106906865,-151.34475056659025,-106.48707453861991,1.2413305238959271,9.27611111111111
137.0,57602.7,52.2023018,-2.1984859,33.26,70.824,75.83,0.29,0.1,11.29999,32.94,32.709990000000005,32.8,32.69,-0.3999939,32.74,-0.01938009,-0.01938009,0.0,4.0,3.0,1314.0,94.0,0.0,-0.01000977,0.0,13.8,9.75,0.0,0.8726260294706969,0.30347074274557706,-150.47212453711956,-106.18360379587433,1.236111989432464,9.238888888888889
137.0,57602.8,52.2023045,-2.1984731,33.275,70.987,75.84,0.28,0.1,11.0,32.62999,32.53999,32.849990000000005,32.53,-0.1000061,32.73,-0.01938009,-0.03978014,0.0,4.0,3.0,1303.0,94.0,0.0,-0.01000977,0.0,13.8,9.75,0.0,0.8738797722196774,0.3011227386567626,-149.59824476489987,-105.88248105721757,1.2389568761132146,9.243055555555555
137.0,57602.9,52.2023071,-2.1984604,32.767,71.218,75.85,0.25,0.1,10.89996,32.73999,32.679990000000004,32.75,32.53999,-0.1999817,32.66,-0.02958012,-0.009180069,0.0,4.0,3.0,1290.0,94.0,0.0,-0.2400208,0.0,13.8,9.75,0.0,0.8617270054655468,0.29305374037693616,-148.73651775943432,-105.58942731684064,1.2429885866853216,9.101944444444445
137.0,57603.0,52.2023098,-2.1984479,32.54,71.234,75.86,0.23,0.1,11.0,32.569990000000004,32.55,32.5,32.53999,-0.2999877999999999,32.52,-0.01938009,0.01937985,0.0,4.0,3.0,1279.0,94.0,0.0,-0.01000977,0.0,13.8,9.75,0.0,0.8558384536059074,0.2907845676548863,-147.8806793058284,-105.29864274918576,1.2432678393656407,9.038888888888888
137.0,57603.1,52.2023125,-2.1984353,32.81,70.241,75.86,0.2,0.1,9.200012,32.459990000000005,32.50999,32.33,32.36,0.0,32.45,-0.01938009,0.0,0.0,4.0,3.0,1271.0,94.0,0.0,-0.01000977,0.0,13.8,9.75,0.0,0.8577289758402934,0.3081082777110752,-147.0229503299881,-104.99053447147469,1.225936719893337,9.113888888888889
137.0,57603.2,52.2023152,-2.1984227000000005,32.63,70.685,75.86,0.18,0.1,1.700012,32.23999,32.3,32.709990000000005,32.14999,0.3999939,32.52,-0.01938009,-0.03978014,0.0,4.0,3.0,1267.0,94.0,0.0,-0.2400208,0.0,13.8,9.75,0.0,0.8553722380830054,0.2997985193727698,-146.1675780919051,-104.69073595210192,1.233685981772192,9.06388888888889
137.0,57603.3,52.2023177,-2.1984102,32.303000000000004,71.52,75.85,0.16,0.1,0.0,32.03,32.31,32.209990000000005,32.23,1.899994,32.22,-0.02958012,0.07956004,0.0,4.0,3.0,1254.0,94.0,0.0,-0.2400208,0.0,13.8,9.75,0.0,0.8510354181977576,0.28442218092798605,-145.31654267370735,-104.40631377117393,1.2482594810263443,8.973055555555556
137.0,57603.4,52.2023206,-2.1983979,32.386,69.984,75.87,0.16,0.1,0.0,32.28999,32.12999,32.06,32.11,4.5,32.12,-0.02958012,0.13974,0.0,4.0,3.0,1248.0,94.0,0.0,-0.01000977,0.0,13.8,9.75,0.0,0.8452719678330862,0.3079211776252982,-144.47127070587425,-104.09839259354862,1.2214512237157116,8.996111111111112
137.0,57603.5,52.2023236,-2.1983855,32.605,68.592,75.87,0.14,0.1,0.0,31.5,32.53999,32.09,32.25999,6.399994,32.0,-0.03978014,0.009180069,0.0,4.0,3.0,1241.0,95.0,0.0,-0.01000977,0.0,13.8,9.75,0.0,0.8432059297942077,0.3305846134613899,-143.62806477608004,-103.76780798008724,1.1971562405279506,9.056944444444444
137.0,57603.6,52.202326,-2.1983731,32.004,71.181,75.85,0.11,0.1,0.0,31.73,32.179990000000004,32.73999,32.17,5.600006,31.89,-0.009180069,0.08976007,0.0,4.0,3.0,1223.0,95.0,0.0,-0.01000977,0.0,13.6,9.75,0.0,0.8414761408966186,0.28677326287806854,-142.78658863518342,-103.48103471720917,1.2423428148620836,8.889999999999999
137.0,57603.7,52.202329,-2.198361,32.234,68.77199999999999,75.84,0.09,0.1,0.0,31.53,32.099990000000005,31.23,31.929990000000004,5.5,31.78,-0.02958012,0.09995985,0.0,4.0,3.0,1220.0,95.0,0.0,-0.2400208,0.0,13.7,9.75,0.0,0.8346340368756254,0.32420253983332115,-141.9519545983078,-103.15683217737585,1.2002978331815402,8.953888888888889
137.0,57603.8,52.2023319,-2.1983486,32.368,69.096,75.82,0.06,0.1,0.0,31.27,31.899990000000003,31.73,32.25,7.700011999999999,31.66,-0.01938009,0.04997993,0.0,4.0,3.0,1224.0,95.0,0.0,-0.01000977,0.0,13.7,9.75,0.0,0.8399312284930833,0.3208057379872697,-141.11202336981472,-102.83602643938858,1.205952699958002,8.991111111111111
137.0,57603.9,52.202335,-2.1983364999999995,32.375,67.264,75.82,0.05,0.1,0.0,31.45999,32.09,31.56,32.14999,6.800018,31.69,-0.02958012,0.09995985,0.0,4.0,3.0,1229.0,95.0,0.0,-0.01000977,0.0,13.7,9.75,0.0,0.8294254089663936,0.3475686597120305,-140.28259796084834,-102.48845777967655,1.1739782680614657,8.993055555555555
137.0,57604.0,52.2023379,-2.1983242,32.364000000000004,68.488,75.79,0.01,0.1,0.0,31.649990000000003,31.91,31.36,32.099990000000005,6.899994,31.82,-0.03978014,0.1091398999999999,0.0,4.0,3.0,1222.0,95.0,0.0,-0.01000977,0.0,13.7,9.75,0.0,0.8363763681771973,0.3296597803110374,-139.44622159267115,-102.15879799936552,1.1953410981058765,8.99
137.0,57604.1,52.20234130000001,-2.1983124,31.95,65.191,75.74,-0.04,0.1,0.0,31.59,32.08,31.7,31.879990000000003,5.899994,31.85,-0.01938009,0.02957988,0.0,4.0,3.0,1225.0,95.0,0.0,-0.01000977,0.0,13.8,9.75,0.0,0.805594027209962,0.37239027017852555,-138.6406275654612,-101.78640772918699,1.1377975926676234,8.875
137.0,57604.2,52.2023445,-2.1983004,32.238,65.936,75.7,-0.08,0.1,0.0,31.55,31.84,31.45,31.75999,4.100006,31.72,-0.009180069,0.0,0.0,4.0,3.0,1226.0,95.0,0.0,-0.01000977,0.0,13.8,9.75,0.0,0.8176725952485422,0.36514624053865574,-137.82295497021263,-101.42126148864834,1.1508002955949812,8.955
137.0,57604.3,52.202348,-2.1982881,33.08,65.115,75.65,-0.12,0.1,0.0,31.69,32.03,31.92,32.25999,3.3999940000000004,31.81,-0.02958012,0.01937985,0.0,4.0,3.0,1230.0,95.0,0.0,-0.01000977,0.0,13.7,9.75,0.0,0.8335739241921598,0.38666691483800375,-136.98938104602047,-101.03459457381034,1.1364711424361076,9.188888888888888
137.0,57604.4,52.2023515,-2.1982761,32.749,64.538,75.58,-0.18,0.1,0.7999878,32.12,32.33,32.47,32.429990000000004,2.899994,32.11,-0.03978014,0.0,0.0,4.0,3.0,1236.0,95.0,0.0,-0.01000977,0.0,13.8,9.75,0.0,0.8213363794173644,0.3910889081764679,-136.1680446666031,-100.64350566563387,1.1264005926521004,9.096944444444444
137.0,57604.5,52.202355,-2.198264,32.771,63.711000000000006,75.49,-0.26,0.1,2.399963,32.58,32.709990000000005,32.429990000000004,32.3,2.200012,32.55,-0.04997993,-0.01938009,0.0,4.0,3.0,1243.0,95.0,0.0,-0.2400208,0.0,13.7,9.75,0.0,0.8161539968511362,0.4031734836261238,-135.35189066975195,-100.24033218200775,1.1119667197381073,9.103055555555555
137.0,57604.6,52.2023588,-2.1982522,32.774,62.43600000000001,75.43,-0.29,0.1,1.599976,32.849990000000005,32.819990000000004,32.78999,32.53999,1.300018,32.84,-0.03978014,0.0,0.0,4.0,3.0,1254.0,95.0,0.0,0.7099915,0.0,13.7,9.75,0.0,0.8070547444693732,0.4212725583773768,-134.54483592528257,-99.81905962363037,1.0897137717751797,9.10388888888889
137.0,57604.7,52.202362,-2.1982399,32.742,65.393,75.31,-0.39,0.1,0.5999755999999999,32.89,33.09,33.05,33.06,1.5,33.01,-0.02958012,0.01937985,0.0,4.0,3.0,1273.0,95.0,0.0,-0.2400208,0.0,13.7,9.75,0.0,0.8269039793892473,0.37870840876619977,-133.71793194589333,-99.44035121486417,1.1413231577566518,9.094999999999999
137.0,57604.8,52.2023654,-2.1982276,33.124,65.582,75.19,-0.48,0.1,0.0,33.14,33.179990000000004,33.39999,33.33,2.200012,33.19,-0.02958012,0.009180069,0.0,4.0,3.0,1277.0,95.0,0.0,-0.01000977,0.0,13.8,9.75,0.0,0.837810701109355,0.38036520069109225,-132.88012124478396,-99.05998601417308,1.1446218300429212,9.201111111111112
137.0,57604.9,52.202369100000006,-2.1982153,33.703,63.925,75.09,-0.53,0.1,0.0,33.50999,33.39,33.62,33.61,2.399994,33.12,-0.03978014,0.02957988,0.0,4.0,3.0,1278.0,95.0,0.0,-0.01000977,0.0,13.7,9.75,0.0,0.8409080589297043,0.4115017305379398,-132.03921318585427,-98.64848428363514,1.115701724337375,9.361944444444445
137.0,57605.0,52.2023727,-2.198203,33.57,63.976000000000006,75.0,-0.56,0.1,0.0,33.77,33.62999,33.92,33.87,2.600006,33.95,-0.03978014,0.009180069,0.0,4.0,3.0,1290.0,95.0,0.0,-0.01000977,0.0,13.8,9.75,3.0,0.8379541448259851,0.4091321316750273,-131.2012590410283,-98.23935215196012,1.1165918422558925,9.325
137.0,57605.1,52.2023767,-2.1981907,33.912,62.723,74.92,-0.59,0.1,0.0,33.81,34.25999,34.02,33.75,3.3999940000000004,34.1,-0.04997993,0.02957988,0.0,4.0,3.0,1367.0,95.0,0.0,-0.01000977,0.0,13.8,9.75,4.5,0.8372508008467536,0.43171182110462286,-130.36400824018153,-97.80764033085549,1.0947228667284032,9.42
137.0,57605.2,52.2023805,-2.1981782,34.196,63.023,74.8,-0.65,0.1,0.0,34.33,34.64999,33.92,34.17,3.0,34.3,-0.02958012,0.05915999,0.0,4.0,3.0,1393.0,95.0,0.0,-0.01000977,0.0,13.8,9.0,5.5,0.8465302401015132,0.4309007470732004,-129.51747800008002,-97.3767395837823,1.0999588544843864,9.498888888888889
137.0,57605.3,52.20238429999999,-2.1981658,34.326,62.915,74.7,-0.68,0.1,0.0,34.75999,35.03,34.73,34.8,3.100006,34.64,-0.02958012,0.0397799,0.0,4.0,3.0,1411.0,95.0,0.0,-0.01000977,0.0,13.8,9.0,5.5,0.8489315958306389,0.4341398341553615,-128.66854640424938,-96.94259974962694,1.0980738988922325,9.535
137.0,57605.4,52.2023882,-2.1981531000000003,34.805,62.809,74.56,-0.75,0.1,0.0,34.94,35.3,35.099990000000005,35.23,2.600006,35.09,-0.009180069,0.01937985,0.0,4.0,3.0,1435.0,95.0,0.0,-0.01000977,0.0,13.7,9.0,5.5,0.8599620976789754,0.4417897382337699,-127.80858430657041,-96.50081001139317,1.0962238498851185,9.668055555555556
137.0,57605.5,52.2023923,-2.1981405,35.014,61.995,74.45,-0.78,0.1,0.2000122,35.459990000000005,35.709990000000005,35.459990000000005,35.48,2.200012,35.47,-0.009180069,0.02957988,0.0,4.0,3.0,1451.0,95.0,0.0,-0.01000977,0.0,13.7,9.0,5.5,0.8587247890496896,0.45668819792978677,-126.94985951752072,-96.04412181346338,1.0820168697738846,9.726111111111111
137.0,57605.6,52.20239649999999,-2.1981277,35.503,61.958,74.35,-0.8,0.1,2.899963,35.77,35.94,35.84,35.84,2.200012,35.77,0.0,0.01937985,0.0,4.0,3.0,1441.0,95.0,0.0,-0.01000977,0.0,13.7,9.0,5.5,0.8704183873176339,0.46362842155378686,-126.0794411302031,-95.58049339190958,1.0813710979506466,9.861944444444445
137.0,57605.7,52.2024005,-2.1981148,35.604,62.342,74.22,-0.85,0.1,4.799988,36.2,36.36,36.28999,36.19,1.600006,36.13,-0.009180069,-0.009180069,0.0,4.0,3.0,1464.0,95.0,0.0,-0.01000977,0.0,13.7,9.0,5.5,0.8759910593758647,0.4590867716385975,-125.20345007082723,-95.12140662027099,1.0880731622783049,9.889999999999999
137.0,57605.8,52.2024048,-2.1981019,36.148,61.334,74.1,-0.88,0.1,5.5,36.52,36.67,36.58,36.48999,1.100006,36.5,0.0,0.0,0.0,4.0,3.0,1480.0,95.0,0.0,-0.2400208,0.0,13.7,9.0,5.0,0.8810381958602248,0.4816750158479788,-124.322411874967,-94.639731604423,1.0704802434182021,10.041111111111112
137.0,57605.9,52.202409,-2.1980887,36.558,62.142,74.0,-0.89,0.1,5.700012,36.97,37.0,36.87,36.87999,1.0,36.87,0.0,0.0,0.0,4.0,3.0,1486.0,95.0,0.0,-0.01000977,0.0,13.7,9.0,1.5,0.8978120833311366,0.4745247233017518,-123.42459979163587,-94.16520688112125,1.0845825037743164,10.155
137.0,57606.0,52.2024134,-2.1980753,37.127,61.678,73.86,-0.94,0.1,6.200012,37.22,37.31999,37.37,37.28999,1.100006,37.2,-0.009180069,0.0,0.0,4.0,3.0,1509.0,95.0,0.0,-0.2400208,0.0,13.7,9.0,0.0,0.9078533837134872,0.4892784305482157,-122.51674640792238,-93.67592845057304,1.0764841760450625,10.313055555555556
137.0,57606.1,52.2024178,-2.198062,37.105,61.585,73.74,-0.96,0.1,6.399963,37.58,37.66,37.75,37.59,1.100006,37.64,-0.009180069,0.0,0.0,4.0,3.0,1514.0,95.0,0.0,-0.2400208,0.0,13.7,9.0,0.0,0.9065205259067229,0.49046057325583314,-121.61022588201565,-93.18546787731721,1.0748610198407078,10.306944444444444
137.0,57606.2,52.2024223,-2.1980486,37.548,61.212,73.61,-0.99,0.1,6.8999630000000005,37.959990000000005,38.09,38.05,37.97,0.6000061,37.92,-0.009180069,0.0,0.0,4.0,3.0,1537.0,95.0,0.0,-0.01000977,0.0,13.7,9.0,0.0,0.9140930841174463,0.5022776458978194,-120.69613279789822,-92.68319023141939,1.068350941730769,10.43
137.0,57606.3,52.2024267,-2.1980351,37.688,61.348,73.47,-1.03,0.1,7.399963,38.31999,38.34,38.36,38.28,0.5,38.24,-0.009180069,0.0,0.0,4.0,3.0,1544.0,95.0,0.0,0.9400024,0.0,13.7,9.0,0.0,0.9186954254421469,0.5019711754181561,-119.77743737245606,-92.18121905600123,1.0707245895134814,10.46888888888889
137.0,57606.4,52.2024312,-2.1980213,38.48,61.301,73.33,-1.05,0.1,7.5,38.709990000000005,38.73999,38.81,38.62999,0.8000183000000001,38.56,-0.01938009,0.0,0.0,4.0,3.0,1538.0,95.0,0.0,0.4700011999999999,1.0,13.8,9.0,0.0,0.9375807470457187,0.5132891968075264,-118.83985662541035,-91.6679298591937,1.069904284765044,10.688888888888888
137.0,57606.5,52.2024357,-2.1980075,38.423,61.507,73.19,-1.08,0.1,7.399963,39.0,39.06,39.23,39.06,0.6000061,38.9,-0.02958012,-0.009180069,0.0,4.0,3.0,1574.0,95.0,0.0,1.419983,1.0,13.8,9.0,0.0,0.9380285992416649,0.5091595976945468,-117.90182802616869,-91.15877026149916,1.0734996630241522,10.673055555555555
136.0,57606.6,52.2024407,-2.1979938,39.114,60.193000000000005,73.09,-1.08,0.1,8.099976,39.209990000000005,39.28,39.36,39.16,0.3999939,39.28,-0.02958012,-0.01938009,0.0,4.0,3.0,1588.0,95.0,0.0,1.660004,1.0,13.8,9.0,0.0,0.9427611892204244,0.5400773926945018,-116.95906683694827,-90.61869286880466,1.0505660366529468,10.864999999999998
136.0,57606.7,52.2024454,-2.1979799,38.974,60.905,72.97,-1.08,0.1,8.899963,39.53,39.59,39.64999,39.53,0.3999939,39.37,-0.03978014,0.0,0.0,4.0,3.0,1594.0,95.0,0.0,2.369995,1.0,13.7,9.0,0.0,0.9460014604837719,0.5264295343764492,-116.0130653764645,-90.09226333442821,1.0629927809271464,10.82611111111111
136.0,57606.8,52.20245009999999,-2.1979656000000003,39.654,61.339,72.87,-1.07,0.1,10.09998,39.7,39.67,39.83,39.67999,0.1000061,39.75,-0.03978014,0.0,0.0,4.0,3.0,1594.0,95.0,0.0,2.609985,1.0,13.7,9.0,0.0,0.9665363313270596,0.5283084044616636,-115.04652904513743,-89.56395492996654,1.0705675098808018,11.015
136.0,57606.9,52.2024547,-2.1979514,39.643,61.737,72.73,-1.1,0.1,11.09998,39.97,39.94,40.11,39.84,0.0,39.89,-0.04997993,0.0,0.0,4.0,3.0,1579.0,95.0,0.0,2.609985,1.0,13.8,9.0,0.0,0.9699137017233188,0.5214370678084531,-114.07661534341412,-89.04251786215809,1.0775139203037392,11.011944444444444
136.0,57607.0,52.2024594,-2.197937,39.971,61.677,72.57,-1.13,0.1,12.70001,40.09,40.16,40.23999,40.14,-0.2999877999999999,40.02,-0.03978014,0.009180069,0.0,4.0,3.0,1572.0,95.0,0.0,3.559998,1.0,13.7,9.0,0.0,0.9773875147937631,0.5267751632554464,-113.09922782862036,-88.51574269890264,1.0764667227525426,11.103055555555555
136.0,57607.1,52.2024642,-2.1979227000000003,40.169,61.336000000000006,72.44,-1.15,0.1,13.89996,40.33,40.28999,40.53,40.22,-0.2999877999999999,40.22,-0.05915999,-0.01938009,0.0,4.0,3.0,1549.0,95.0,0.0,5.690002,1.0,13.7,9.0,0.0,0.9790610449996596,0.535220989847013,-112.1201667836207,-87.98052170905562,1.0705151500032422,11.158055555555555
136.0,57607.2,52.2024689,-2.1979081000000003,40.558,61.664,72.3,-1.17,0.1,15.39996,40.73,40.34,40.73,40.33,-0.8999939,40.19,-0.07956004,-0.009180069,0.0,4.0,3.0,1561.0,95.0,0.0,8.309998,1.0,13.7,9.0,0.0,0.9916197806400162,0.5347362025545479,-111.12854700298068,-87.44578550650107,1.0762398299497833,11.26611111111111
136.0,57607.3,52.2024741,-2.1978941,40.172,59.877,72.18,-1.17,0.1,15.89996,40.209990000000005,40.06999,40.77,40.12999,-0.8999939,40.72,-0.1193398999999999,-0.09996009,0.0,4.0,3.0,1567.0,95.0,0.0,9.970001,1.0,13.8,9.0,0.0,0.9651881296574203,0.5600177557132356,-110.16335887332326,-86.88576775078783,1.0450507962166447,11.158888888888887
136.0,57607.4,52.2024788,-2.1978793,40.716,61.487,72.03,-1.19,0.1,15.09998,40.56,40.25,40.72,40.099990000000005,-1.100006,40.29,-0.14994,-0.07956004,0.0,4.0,3.0,1568.0,95.0,0.0,12.57999,1.0,13.7,9.0,0.0,0.9938196823796247,0.5398920622817694,-109.16953919094364,-86.34587568850607,1.0731505971737534,11.31
136.0,57607.5,52.2024834,-2.1978651,39.812,61.987,71.9,-1.19,0.1,15.39996,39.91,39.709990000000005,39.77,39.73,-1.0,39.95,-0.1693201,-0.009180069,0.0,4.0,3.0,1585.0,95.0,0.0,14.95999,1.0,13.7,9.0,0.0,0.9763241083077516,0.5194049192152255,-108.19321508263589,-85.82647076929085,1.0818772434337252,11.058888888888887
136.0,57607.6,52.2024882,-2.1978507,40.136,61.371,71.76,-1.2,0.1,15.09998,39.64999,39.8,39.77,39.36,-0.8999939,39.44,-0.1897202,-0.02958012,0.0,4.0,3.0,1585.0,95.0,0.0,16.139979999999998,1.0,13.8,9.0,0.0,0.9785832146780488,0.5341836074967831,-107.21463186795783,-85.29228716179406,1.0711260152414401,11.148888888888889
136.0,57607.7,52.2024928,-2.1978362,40.291,62.22,71.64,-1.2,0.1,13.70001,39.209990000000005,39.06,39.78,39.14999,-1.199982,39.21,-0.2193,-0.03978014,0.0,4.0,3.0,1564.0,95.0,0.0,18.75998,1.0,13.8,9.0,0.0,0.9902002572658886,0.5216317235232887,-106.22443161069195,-84.77065543827078,1.0859438605908718,11.191944444444443
136.0,57607.8,52.2024976,-2.1978223,39.395,61.152,71.52,-1.2,0.1,13.89996,38.67,38.53999,38.97,38.64,-1.100006,39.07,-0.2499001,0.0,0.0,4.0,3.0,1546.0,95.0,0.0,20.41998,1.0,13.7,9.0,0.0,0.9585052778033873,0.5279889026701267,-105.26592633288857,-84.24266653560065,1.0673037441795725,10.943055555555556
136.0,57607.9,52.2025017,-2.197808,38.7,63.105,71.34,-1.25,0.1,14.70001,38.349990000000005,38.19,38.64,37.98,-0.5,38.7,-0.27948,-0.04997993,0.0,4.0,3.0,1514.0,95.0,0.0,21.37,1.0,13.7,9.0,0.0,0.9587247842300464,0.48628364984137723,-104.30720154865853,-83.75638288575927,1.1013900244710215,10.75
136.0,57608.0,52.2025061,-2.197794,38.657,62.937,71.21,-1.24,0.1,14.89996,37.92,37.92,38.05,37.66,-1.0,38.09,-0.28968,-0.04997993,0.0,4.0,3.0,1497.0,95.0,0.0,22.07999,1.0,13.7,9.0,0.0,0.9562311459184969,0.48854924697247615,-103.35097040274003,-83.26783363878678,1.0984578713276711,10.738055555555555
136.0,57608.1,52.2025102,-2.1977804,37.537,63.14,71.06,-1.26,0.1,15.29999,37.3,37.22,37.48,36.95,-1.100006,37.32,-0.27948,-0.01938009,0.0,4.0,3.0,1466.0,95.0,0.0,21.84,1.0,13.7,9.0,0.0,0.9302014474958442,0.47110186961202416,-102.42076895524418,-82.79673176917476,1.1020008897092197,10.426944444444445
136.0,57608.2,52.2025145,-2.197767,37.26,62.727,70.96,-1.23,0.1,16.39996,36.5,36.34,36.599990000000005,36.45,-1.199982,36.72,-0.27948,-0.009180069,0.0,4.0,3.0,1446.0,95.0,0.0,22.56,1.0,13.8,9.0,0.0,0.919942431853921,0.4742688289089785,-101.50082652339026,-82.32246294026578,1.094792679898483,10.35
137.0,57608.3,52.2025186,-2.1977535,37.037,63.178,70.8,-1.26,0.1,17.09998,35.98999,36.209990000000005,36.31,35.75999,-1.399994,36.22,-0.3100800999999999,-0.02958012,0.0,4.0,3.0,1412.0,95.0,0.0,23.97998,1.0,13.8,9.0,0.0,0.9181190696473758,0.46421788536398756,-100.58270745374288,-81.85824505490179,1.1026641148249774,10.288055555555555
136.0,57608.4,52.2025225,-2.1977404,36.09,63.511,70.67,-1.27,0.1,17.70001,35.52,35.37999,35.819990000000004,35.17,-1.799988,35.77,-0.3294601,-0.02958012,0.0,4.0,3.0,1390.0,95.0,0.0,24.92999,1.0,13.7,9.0,0.0,0.8972575589612778,0.44714105479909716,-99.68544989478161,-81.41110400010268,1.1084760612341187,10.025
136.0,57608.5,52.2025262,-2.1977275,35.132,64.501,70.51,-1.29,0.1,17.89996,34.91,34.7,34.87999,34.23999,-1.899994,35.17,-0.3396599,-0.04997993,0.0,4.0,3.0,1369.0,95.0,0.0,25.63998,1.0,13.8,9.0,0.0,0.8808302828066584,0.4201156225939857,-98.80461961197496,-80.9909883775087,1.1257548208288626,9.758888888888889
136.0,57608.6,52.2025301,-2.1977149,34.718,63.742,70.39,-1.28,0.1,17.70001,33.98,33.87,34.36,34.14,-1.799988,34.19,-0.3294601,-0.02958012,0.0,4.0,3.0,1346.0,95.0,0.0,26.12,1.0,13.7,9.0,0.0,0.8648745422689053,0.4266590619540356,-97.93974506970605,-80.56432931555466,1.1125077718062255,9.64388888888889
137.0,57608.7,52.2025338,-2.1977025,34.063,64.332,70.28,-1.26,0.1,17.70001,33.27,33.08,33.45,33.05,-1.399994,33.38,-0.3396599,-0.03978014,0.0,4.0,3.0,1309.0,95.0,0.0,26.82999,1.0,13.8,9.0,0.0,0.8528231077737077,0.40984957428881846,-97.08692196193235,-80.15447974126585,1.122805214392992,9.461944444444445
136.0,57608.8,52.2025374,-2.1976903,33.444,64.204,70.14,-1.27,0.1,17.70001,32.61,32.47,32.849990000000005,32.39999,-1.299988,32.68,-0.36006,-0.03978014,0.0,4.0,3.0,1284.0,95.0,0.0,27.07001,1.0,13.7,9.0,0.0,0.8364243641318764,0.4042712988657325,-96.25049759780048,-79.75020844240011,1.1205711929504392,9.290000000000001
136.0,57608.9,52.2025409,-2.1976784,32.414,64.669,70.04,-1.25,0.1,17.79999,31.83,31.66,31.89,31.41,-1.600006,32.05,-0.37026,-0.01938009,0.0,4.0,3.0,1257.0,95.0,0.0,27.07001,1.0,13.8,9.0,0.0,0.8138175727249461,0.38522864581783794,-95.43668002507553,-79.36497979658228,1.128686973972213,9.00388888888889
136.0,57609.0,52.2025442,-2.1976669,31.496,64.8,69.92,-1.24,0.1,18.29999,31.05,31.0,31.06999,30.77,-1.799988,31.17,-0.36006,-0.01938009,0.0,4.0,3.0,1209.0,95.0,0.0,26.82999,1.0,13.8,9.0,0.0,0.7916231345686042,0.3725095713092647,-94.64505689050692,-78.99247022527301,1.1309733552923256,8.748888888888889
136.0,57609.1,52.2025475,-2.1976556,30.942,64.828,69.8,-1.23,0.1,18.59998,30.34999,30.129990000000003,30.399990000000003,30.02,-1.799988,30.48,-0.34986,-0.01938009,0.0,4.0,3.0,1132.0,95.0,0.0,26.59,1.0,13.7,9.0,0.0,0.7778775991975108,0.365577202060956,-93.86717929130941,-78.62689302321205,1.131462047482884,8.595
8.0,57609.2,52.2025507,-2.1976446,30.319000000000003,64.99,69.68,-1.23,0.1,18.70001,29.41,29.31999,29.70999,29.3,-1.5,29.66,-0.34986,-0.02958012,0.0,4.0,3.0,1149.0,95.0,0.0,26.59,1.0,13.7,9.0,0.0,0.7632252506365781,0.3560599655167922,-93.10395404067283,-78.27083305769526,1.1342894808711146,8.421944444444446
8.0,57609.3,52.2025537,-2.1976338,29.383000000000003,65.28,69.59,-1.19,0.1,18.79999,28.86,28.72,28.92,28.48,-1.600006,28.95,-0.34986,-0.02958012,0.0,4.0,3.0,1238.0,95.0,0.0,26.59,1.0,13.6,9.0,0.0,0.7414002293834769,0.3413196024433748,-92.36255381128936,-77.92951345525188,1.1393509357018983,8.161944444444446
8.0,57609.4,52.2025567,-2.1976231000000004,28.872,65.307,69.5,-1.17,0.1,18.79999,27.96,28.0,28.23999,27.82999,-1.600006,28.09,-0.36006,-0.009180069,0.0,4.0,3.0,1266.0,95.0,0.0,26.59,1.0,13.7,9.0,0.0,0.7286644967178385,0.335040372526863,-91.63388931457152,-77.59447308272502,1.1398221745999368,8.02
8.0,57609.5,52.2025596,-2.1976128,27.965,65.743,69.41,-1.14,0.1,18.89996,27.43,27.03,27.38,27.14,-1.600006,27.48,-0.34986,-0.009180069,0.0,4.0,3.0,1258.0,95.0,0.0,26.12,1.0,13.7,9.0,0.0,0.7082228363592453,0.3191352146054099,-90.92566647821228,-77.2753378681196,1.147431810138632,7.768055555555556
8.0,57609.6,52.2025625,-2.1976028,27.27,65.318,69.29,-1.14,0.1,18.79999,26.719990000000003,26.41,26.7,26.25999,-2.100006,26.75,-0.34986,-0.009180069,0.0,4.0,3.0,1258.0,95.0,0.0,24.92999,1.0,13.8,9.0,0.0,0.6882943526995862,0.3163180899693497,-90.23737212551269,-76.95901977815026,1.1400141608176562,7.574999999999999
8.0,57609.7,52.202565,-2.1975928,26.608,66.738,69.2,-1.11,0.1,18.89996,25.84,25.8,26.18,25.77,-1.399994,26.1,-0.34986,-0.01938009,0.0,4.0,3.0,1259.0,95.0,0.0,22.56,1.0,13.7,9.0,0.0,0.679027671337127,0.2919017919204674,-89.55834445417557,-76.6671179862298,1.1647978361959757,7.391111111111111
8.0,57609.8,52.2025676,-2.1975835000000004,25.528,65.98,69.11,-1.09,0.1,18.89996,25.32,25.29,25.46999,25.12,-1.600006,25.46,-0.3294601,-0.01938009,0.0,3.0,3.0,1259.0,95.0,0.0,19.47,1.0,13.6,9.0,0.0,0.6477045169682348,0.28864758200993146,-88.91063993720734,-76.37847040421987,1.1515682404658587,7.09111111111111
8.0,57609.9,52.20257,-2.1975739,25.301,67.295,69.05,-1.04,0.1,18.89996,24.88,24.8,25.05,24.59,-1.600006,24.85,-0.3100800999999999,0.0,0.0,3.0,3.0,1244.0,95.0,0.0,18.75998,1.0,13.7,9.0,0.0,0.6483412238723237,0.27127348994601447,-88.26229871333501,-76.10719691427386,1.174519320129584,7.028055555555555
8.0,57610.0,52.2025724,-2.1975649,24.43,66.449,68.93,-1.05,0.1,19.0,24.21,24.21999,24.41,24.21,-1.199982,24.44,-0.28968,-0.01938009,0.0,3.0,3.0,1245.0,95.0,0.0,18.98999,1.0,13.8,9.0,0.0,0.6220860475813788,0.27114938599973865,-87.64021266575364,-75.83604752827412,1.159753834657712,6.7861111111111105
8.0,57610.1,52.2025748,-2.1975558000000004,24.235,66.67699999999999,68.86,-1.01,0.1,19.0,23.77,23.77,23.87,23.56,-1.699982,23.82,-0.27948,0.0,0.0,3.0,3.0,1240.0,95.0,0.0,18.75998,1.0,13.7,9.0,0.0,0.6181860603710609,0.2665272121074531,-87.02202660538258,-75.56952031616667,1.163733185352259,6.731944444444444
8.0,57610.2,52.2025772,-2.197547,23.677,66.615,68.79,-0.98,0.1,19.0,23.24,23.18,23.53,23.07,-1.5,23.46,-0.28968,-0.009180069,0.0,3.0,3.0,1242.0,95.0,0.0,18.75998,1.0,13.8,9.0,0.0,0.603670480503204,0.2610439296787367,-86.41835612487938,-75.30847638648794,1.1626510812160225,6.576944444444444
8.0,57610.3,52.2025793,-2.1975384,22.925,67.137,68.7,-0.97,0.1,19.5,22.81,22.54,22.86,22.59,-1.199982,22.83,-0.27948,0.0,0.0,3.0,3.0,1237.0,95.0,0.0,18.98999,1.0,13.8,9.0,0.0,0.5867758814982493,0.24741742153367483,-85.83158024338113,-75.06105896495427,1.171761699911433,6.368055555555555
8.0,57610.4,52.2025816,-2.19753,22.615,66.432,68.64,-0.93,0.1,19.59998,22.25,22.05,22.3,21.98,-1.5,22.31,-0.28968,-0.009180069,0.0,3.0,3.0,1238.0,95.0,0.0,18.03998,1.0,13.7,9.0,0.0,0.5757943484622391,0.25117549305179016,-85.25578589491889,-74.80988347190248,1.159457128684873,6.281944444444444
8.0,57610.5,52.2025836,-2.1975217,21.924,67.915,68.55,-0.92,0.1,19.79999,21.63,21.57,21.77,21.46,-1.299988,21.82,-0.28968,0.0,0.0,3.0,3.0,1243.0,95.0,0.0,17.81,1.0,13.7,9.0,0.0,0.5643159004901127,0.22897284654306327,-84.69146999442877,-74.58091062535942,1.185340361491949,6.09
8.0,57610.6,52.2025857,-2.1975137,21.42,67.12,68.48,-0.9,0.1,20.20001,21.27,21.07999,21.31,21.1,-1.299988,21.31,-0.26928,0.0,0.0,3.0,3.0,1242.0,95.0,0.0,18.28,1.0,13.7,9.0,0.0,0.5481861016976047,0.23133741138342365,-84.14328389273116,-74.349573213976,1.1714649939385942,5.95
8.0,57610.7,52.2025877,-2.1975058,20.974,67.285,68.38,-0.9,0.1,20.89996,20.82999,20.62,20.79,20.54,-1.899994,20.84,-0.26928,0.0,0.0,3.0,3.0,1243.0,95.0,0.0,18.28,1.0,13.7,9.0,0.0,0.537422061741386,0.22497385257794156,-83.60586183098978,-74.12459936139805,1.1743447872043846,5.8261111111111115
8.0,57610.8,52.2025896,-2.1974980000000004,20.747,67.626,68.31,-0.87,0.1,21.79999,20.23,20.12,20.36,20.12,-1.399994,20.37,-0.27948,-0.009180069,0.0,3.0,3.0,1248.0,95.0,0.0,20.41998,1.0,13.7,9.0,0.0,0.5329206178814085,0.21937116583793623,-83.07294121310838,-73.90522819556011,1.1802963599536853,5.763055555555556
8.0,57610.9,52.2025915,-2.1974905,20.012,67.081,68.25,-0.84,0.1,23.70001,19.75,19.52,19.78,19.52,-1.5,19.84,-0.28968,-0.01938009,0.0,3.0,3.0,1253.0,95.0,0.0,22.07999,1.0,13.8,9.0,0.0,0.512004972399789,0.2164794794617143,-82.56093624070859,-73.6887487160984,1.1707843155303164,5.558888888888889
8.0,57611.0,52.2025932,-2.1974832,19.264,68.03699999999999,68.19,-0.82,0.1,27.59998,19.21999,18.92,19.31,18.89999,-2.199982,19.29,-0.29988,-0.01938009,0.0,3.0,3.0,1244.0,95.0,0.0,23.73999,1.0,13.7,9.0,0.0,0.496275728094475,0.2001357113032718,-82.06466051261411,-73.48861300479513,1.187469663179382,5.351111111111111
8.0,57611.1,52.2025949,-2.1974760000000004,18.828,68.54899999999999,68.11,-0.8,0.1,32.5,18.59,18.16,18.68999,18.2,-2.600006,18.56,-0.3100800999999999,-0.01938009,0.0,3.0,3.0,1239.0,95.0,0.0,24.69,1.0,13.7,9.0,0.0,0.48677213711472167,0.19126391852298386,-81.57788837549938,-73.29734908627215,1.1964057489495927,5.2299999999999995
8.0,57611.2,52.2025965,-2.197469,18.428,68.556,68.06,-0.77,0.1,37.09998,17.81,17.45,17.96,17.57,-3.100006,17.9,-0.3202801,-0.03978014,0.0,3.0,3.0,1250.0,95.0,0.0,24.45999,1.0,13.7,9.0,0.0,0.4764535525988183,0.18714231692449038,-81.10143482290057,-73.11020676934766,1.1965279219972325,5.118888888888889
8.0,57611.3,52.2025981,-2.1974625,17.269000000000002,68.464,67.98,-0.77,0.1,43.09998,17.25,16.88,17.24,16.85,-3.3999940000000004,17.23,-0.3294601,-0.03978014,0.0,2.0,3.0,1251.0,95.0,0.0,22.07999,1.0,13.6,9.0,0.0,0.44620558647977415,0.17608899632034092,-80.6552292364208,-72.93411777302731,1.1949222190853979,4.796944444444445
8.0,57611.4,52.2025995,-2.1974560000000003,16.902,70.061,67.93,-0.73,0.1,52.09998,16.75999,16.46999,16.64999,16.3,-4.100006,16.74,-0.3100800999999999,-0.04997993,0.0,2.0,3.0,1244.0,95.0,0.0,13.06,1.0,13.7,9.0,0.0,0.44135639537886057,0.16010865766153604,-80.21387284104193,-72.77400911536577,1.2227951272397473,4.695
7.0,57611.5,52.2026008,-2.1974498,16.124000000000002,69.738,67.88,-0.7,0.1,64.0,16.6,16.25,16.67,16.0,-5.199982,16.33,-0.2295001,-0.06936002,0.0,2.0,3.0,1244.0,95.0,0.0,6.410004,1.0,13.7,9.0,0.0,0.42017299806717345,0.15510998834816078,-79.79369984297476,-72.61889912701761,1.2171577137558056,4.478888888888889
7.0,57611.6,52.2026022,-2.1974436,16.088,70.61399999999999,67.82,-0.69,0.1,78.0,16.71,16.1,16.689989999999998,16.00999,-7.0,16.33,-0.13974,-0.1193398999999999,0.0,2.0,3.0,1246.0,95.0,0.0,3.789978,1.0,13.7,9.0,0.0,0.4215519835205192,0.14833611900768356,-79.37214785945424,-72.47056300800993,1.2324467980032756,4.468888888888889
7.0,57611.7,52.2026034,-2.1974374,16.027,70.819,67.78,-0.66,0.1,89.59998,16.89999,15.99,16.81,15.98,-8.399994,16.46,-0.09996009,-0.14994,0.0,2.0,3.0,1257.0,95.0,0.0,4.73999,1.0,13.7,9.0,0.0,0.42047964164000684,0.14627017580658427,-78.95166821781424,-72.32429283220335,1.2360247229698642,4.451944444444445
7.0,57611.8,52.202604400000006,-2.1974311,16.16,74.387,67.71,-0.65,0.1,97.70001,16.939989999999998,15.93999,16.86,15.79,-9.600006,16.45,-0.08976007,-0.13974,0.0,2.0,3.0,1251.0,95.0,0.0,5.220001,1.0,13.7,9.0,0.0,0.4323255739087728,0.12081321414626592,-78.51934264390547,-72.20347961805709,1.2982980706810219,4.488888888888889
8.0,57611.9,52.2026056,-2.1974248,16.157,74.01,67.66,-0.64,0.1,100.5,17.06,16.03,17.17,15.89,-11.10001,16.48,-0.08976007,-0.1193398999999999,0.0,2.0,3.0,1245.0,95.0,0.0,1.889984,1.0,13.7,9.0,0.0,0.431441173954082,0.12363227780258056,-78.08790146995139,-72.0798473402545,1.2917181794010033,4.4880555555555555
8.0,57612.0,52.2026067,-2.1974184,16.247,73.347,67.63,-0.6,0.1,98.79999,17.29,16.35,17.23,16.07999,-11.10001,16.81,-0.05915999,-0.1091398999999999,0.0,2.0,3.0,1254.0,95.0,0.0,-0.01000977,0.0,13.7,9.0,0.0,0.4323768508996862,0.12933276182537515,-77.6555246190517,-71.95051457842912,1.2801466464602809,4.513055555555556
8.0,57612.1,52.20260759999999,-2.1974118,16.42,75.98899999999999,67.58,-0.58,0.1,97.09998,17.59,16.6,17.45,16.42,-11.0,16.95,-0.04997993,-0.09996009,0.0,2.0,3.0,1263.0,95.0,0.0,-0.2400208,0.0,13.8,9.0,0.0,0.44254146927607146,0.11042822850154,-77.21298314977564,-71.84008634992759,1.326258245297971,4.561111111111112
8.0,57612.2,52.2026085,-2.1974051,16.823,76.94800000000001,67.52,-0.58,0.1,96.89996,17.71999,16.81,17.71999,16.56,-10.60001,17.21,-0.04997993,-0.12954,0.0,2.0,3.0,1276.0,95.0,0.0,-0.2400208,0.0,13.8,9.0,0.0,0.45523295224848853,0.1055340771514671,-76.75775019752714,-71.73455227277613,1.342995952824597,4.673055555555556
8.0,57612.3,52.2026092,-2.1973983,16.974,79.071,67.46,-0.57,0.1,95.70001,17.99,16.89999,18.0,16.82999,-10.79999,17.39,-0.03978014,-0.1193398999999999,0.0,2.0,3.0,1279.0,95.0,0.0,-0.2400208,0.0,13.7,9.0,0.0,0.4629483465599609,0.08939283202471177,-76.29480185096719,-71.64515944075141,1.3800492928444363,4.715
8.0,57612.4,52.2026099,-2.1973912,17.579,80.422,67.41,-0.56,0.1,88.09998,18.32,17.21999,18.17,17.14,-10.79999,17.59,-0.04997993,-0.09996009,0.0,2.0,3.0,1279.0,95.0,0.0,-0.01000977,0.0,13.8,9.0,0.0,0.48149857561581516,0.0812492293277968,-75.81330327535137,-71.56391021142362,1.4036286910388796,4.883055555555556
8.0,57612.5,52.2026105,-2.1973841,17.464000000000002,81.55199999999999,67.36,-0.54,0.1,74.79999000000001,18.43999,17.49,18.38,17.39999,-10.29999,17.87,-0.03978014,-0.02958012,0.0,2.0,3.0,1278.0,94.0,0.0,-0.2400208,0.0,13.8,9.0,0.0,0.4798474632530365,0.07126852133363404,-75.33345581209834,-71.49264169008998,1.4233509115864156,4.851111111111112
8.0,57612.6,52.2026112,-2.1973771,17.55,80.527,67.32,-0.53,0.1,59.79999,18.27,17.92,18.50999,17.74,-8.600006,18.13,-0.03978014,0.0,0.0,2.0,3.0,1271.0,95.0,0.0,-0.2400208,0.0,13.8,9.0,0.0,0.4808520935770337,0.08023412056340913,-74.85260371852131,-71.41240756952658,1.4054612867534737,4.875
8.0,57612.7,52.2026118,-2.1973698,17.942,81.643,67.25,-0.54,0.1,43.5,18.52,18.04,18.61,18.05,-5.799988,18.33,-0.04997993,0.0,0.0,2.0,3.0,1269.0,95.0,0.0,-0.01000977,0.0,13.8,9.0,2.0,0.4930968403874756,0.0724361136988285,-74.35950687813383,-71.33997145582775,1.4249391612057305,4.983888888888889
7.0,57612.8,52.20261229999999,-2.1973624000000003,18.284,83.17,67.2,-0.53,0.1,26.20001,19.03,18.21999,18.82,18.32,-4.299988,18.52,-0.03978014,0.0,0.0,2.0,3.0,1279.0,95.0,0.0,-0.2400208,0.0,13.8,9.0,6.0,0.504284592320758,0.06040011096576789,-73.85522228581307,-71.27957134486198,1.451590338883684,5.078888888888889
7.0,57612.9,52.2026128,-2.197355,18.364,83.99,67.14,-0.53,0.1,11.79999,19.14999,18.66,18.8,18.63,-1.899994,18.58,-0.04997993,0.09995985,0.0,2.0,3.0,1335.0,95.0,0.0,-0.01000977,0.0,13.8,9.0,7.5,0.5073073550509225,0.05340967318987832,-73.34791493076214,-71.2261616716721,1.4659020387500372,5.101111111111111
7.0,57613.0,52.2026134,-2.1973475,18.634,82.804,67.11,-0.5,0.1,0.0,18.96999,18.81,19.31,18.82,-0.1999817,18.72,-0.04997993,0.04997993,0.0,2.0,3.0,1414.0,94.0,0.0,-0.2400208,0.0,13.8,9.0,10.5,0.51353412069643,0.06483802299749342,-72.83438081006571,-71.16132364867461,1.4452024338213847,5.176111111111111
7.0,57613.1,52.2026138,-2.1973399,18.724,83.804,67.06,-0.51,0.1,0.0,19.0,19.06,19.07,19.05,1.100006,19.1,-0.03978014,0.1193398999999999,0.0,2.0,3.0,1512.0,94.0,0.0,-0.2400208,0.0,13.6,9.0,12.5,0.5170728827457494,0.05613556653526517,-72.31730792731996,-71.10518808213935,1.462655726341328,5.2011111111111115
8.0,57613.2,52.2026143,-2.1973322,18.943,83.90700000000001,67.0,-0.51,0.1,0.0,19.09,19.35,19.03,19.34,3.300018,19.24,-0.03978014,0.12954,0.0,2.0,3.0,1680.0,94.0,0.0,-0.01000977,0.0,13.8,9.0,14.5,0.5232219295732271,0.055851640780432976,-71.79408599774673,-71.04933644135892,1.4644534154708824,5.2619444444444445
8.0,57613.3,52.2026149,-2.1973245,19.112,82.617,66.95,-0.5,0.1,0.0,19.45,19.75999,20.12,19.64999,4.899994,19.41,-0.02958012,0.1091398999999999,0.0,2.0,3.0,1826.0,94.0,0.0,-0.2400208,0.0,13.8,9.0,15.0,0.5264874659792423,0.0682199421902069,-71.26759853176749,-70.9811164991687,1.4419386681201554,5.308888888888888
8.0,57613.4,52.2026157,-2.1973167,19.314,81.57,66.91,-0.5,0.1,0.0,19.67,20.02,19.55,19.96999,5.399994,19.77,0.009180069,0.1091398999999999,0.0,2.0,3.0,1904.0,94.0,0.0,-0.2400208,0.0,13.8,9.0,15.5,0.5307034975910873,0.0786514312939495,-70.7368950341764,-70.90246506787476,1.4236650708517744,5.365
8.0,57613.5,52.2026162,-2.1973087,19.739,82.458,66.85,-0.5,0.1,0.0,19.98,20.57999,19.92,20.49,7.600006,20.17,0.02957988,0.1193398999999999,0.0,2.0,3.0,1873.0,94.0,0.0,-0.2400208,0.0,13.7,9.0,16.0,0.5435621172113236,0.0719667074822081,-70.19333291696508,-70.83049836039255,1.4391635946094843,5.483055555555556
8.0,57613.6,52.202617100000005,-2.1973005,20.261,80.969,66.8,-0.5,0.1,0.0,20.46999,21.16,20.54,20.98,6.899994,20.6,0.05915999,0.12954,0.0,2.0,3.0,1886.0,94.0,0.0,-0.2400208,0.0,13.7,9.0,17.0,0.5558287684769957,0.08834293122567193,-69.63750414848808,-70.74215542916689,1.4131756420472885,5.628055555555555
8.0,57613.7,52.202618,-2.1972922,20.7,80.531,66.76,-0.49,0.1,0.0,21.1,21.75,20.96,21.57,7.399994,21.25,0.07956004,0.14994,0.0,2.0,3.0,1934.0,94.0,0.0,-0.2400208,0.0,13.7,9.0,17.0,0.5671654849990316,0.0945955211720577,-69.07033866348904,-70.64755990799483,1.4055310999235537,5.75
8.0,57613.8,52.2026191,-2.1972839000000004,21.06,78.634,66.7,-0.5,0.1,0.0,21.84,22.39,21.6,22.36,7.899994,21.93,0.09995985,0.1193398999999999,0.0,2.0,3.0,1999.0,94.0,0.0,-0.2400208,0.0,13.8,9.0,17.0,0.5735271521342249,0.11528922657735907,-68.49681151135482,-70.53227068141747,1.372422204013221,5.85
8.0,57613.9,52.2026203,-2.1972751,21.964,78.57600000000001,66.68,-0.46,0.1,0.0,22.49,23.06,22.36,22.85,7.0,22.56,0.12954,0.07956004,0.0,2.0,3.0,2043.0,94.0,0.0,-0.2400208,0.0,13.7,9.0,17.5,0.5980237692187801,0.12084344976289714,-67.89878774213604,-70.41142723165457,1.3714099130470645,6.101111111111111
8.0,57614.0,52.20262149999999,-2.1972662,22.471,77.282,66.61,-0.48,0.1,0.0,23.18999,23.77,22.96999,23.42,6.800018,23.23,0.12954,0.1193398999999999,0.0,2.0,3.0,2104.0,94.0,0.0,-0.2400208,0.0,13.7,9.0,19.0,0.6088801015819998,0.13741807149280744,-67.28990764055403,-70.27400916016177,1.3488253525262577,6.241944444444444
9.0,57614.1,52.2026226,-2.1972566,23.648000000000003,78.938,66.59,-0.45,0.1,0.0,23.89999,24.46999,23.78,24.27,6.5,23.94,0.12954,0.14994,0.0,2.0,3.0,2137.0,94.0,0.0,-0.2400208,0.0,13.7,9.0,20.5,0.6446839810720284,0.1260379978212911,-66.645223659482,-70.14797116234048,1.377728004939284,6.56888888888889
137.0,57614.2,52.2026241,-2.1972473,23.807,76.217,66.57,-0.42,0.1,0.0,24.66,25.16,24.43999,25.1,6.100006,24.68,0.13974,0.13974,0.0,2.0,3.0,2194.0,94.0,0.0,-0.01000977,0.0,13.7,9.0,20.5,0.6422632696642459,0.15755294427218464,-66.00296038981776,-69.9904182180683,1.3302375959925181,6.613055555555555
137.0,57614.3,52.202625700000006,-2.1972376,24.588,75.205,66.54,-0.41,0.1,0.0,25.39,25.95,25.11,25.67,6.100006,25.41,0.16014,0.08976007,0.0,2.0,3.0,2251.0,94.0,0.0,-0.01000977,0.0,13.7,9.0,20.5,0.6603555972344028,0.17441182643730052,-65.34260479258336,-69.81600639163099,1.3125748639623356,6.83
137.0,57614.4,52.2026273,-2.1972276,25.254,75.42399999999999,66.51,-0.4,0.1,0.0,26.14,26.55,26.0,26.36,4.200012,26.19,0.1795198999999999,0.06936002,0.0,2.0,3.0,2305.0,94.0,0.0,-0.2400208,0.0,13.7,9.0,20.5,0.6789219925116887,0.1765422841246781,-64.66368280007167,-69.63946410750631,1.316397135024203,7.015000000000001
137.0,57614.5,52.202629,-2.1972174,25.988000000000003,74.85,66.49,-0.37,0.1,0.0,26.91,27.13,26.73,26.91,2.899994,26.77,0.1693199,0.06936002,0.0,2.0,3.0,2360.0,94.0,0.0,-0.01000977,0.0,13.8,9.0,20.5,0.6967995901776516,0.18866345440887966,-63.966883209894014,-69.45080065309743,1.3063789451177557,7.218888888888889
137.0,57614.6,52.2026309,-2.1972069,26.777,73.883,66.47,-0.35,0.1,7.099976,27.52,27.39,27.29,27.54,1.600006,27.58,0.16014,0.05915999,0.0,2.0,3.0,2396.0,94.0,0.0,-0.01000977,0.0,13.8,9.0,21.0,0.7145716400681916,0.20648020652247423,-63.25231156982582,-69.24432044657496,1.2895016112509705,7.438055555555556
137.0,57614.7,52.2026327,-2.1971964,27.04,73.987,66.45,-0.33,0.1,11.79999,28.08,28.08,27.96,27.92,0.0,27.87,0.14994,0.0,0.0,2.0,3.0,2476.0,94.0,0.0,-0.2400208,0.0,13.7,9.0,21.0,0.7219673473322209,0.20719809511828094,-62.5303442224936,-69.03712235145667,1.2913167536730445,7.511111111111111
137.0,57614.8,52.2026346,-2.1971855,27.799,74.03,66.44,-0.3,0.1,12.20001,28.629990000000003,28.539990000000003,28.5,28.25999,-0.5,28.43,0.13974,0.009180069,0.0,2.0,3.0,2546.0,94.0,0.0,-0.01000977,0.0,13.8,9.0,21.0,0.7423922852192528,0.21245694829258907,-61.78795193727435,-68.82466540316409,1.2920672452514022,7.7219444444444445
137.0,57614.9,52.2026364,-2.1971743000000004,28.397,75.202,66.42,-0.28,0.1,12.20001,29.06999,29.02,29.17,29.03,-1.0,28.86,0.14994,0.0397799,0.0,2.0,3.0,2588.0,94.0,0.0,-0.01000977,0.0,13.7,9.0,21.5,0.7626426932809376,0.20147041187357143,-61.02530924399341,-68.62319499129052,1.3125225040847757,7.888055555555555
137.0,57615.0,52.2026384,-2.1971632,28.663,74.66,66.43,-0.23,0.1,15.09998,29.53,29.59999,29.52,29.31,-0.5,29.44,0.14994,0.0397799,0.0,2.0,3.0,2619.0,94.0,0.0,-0.01000977,0.0,13.7,9.0,21.5,0.7678283973242199,0.21063035305178002,-60.25748084666919,-68.41256463823873,1.3030628195389664,7.961944444444445
137.0,57615.1,52.2026403,-2.1971517,29.257,74.933,66.42,-0.21,0.1,19.59998,30.11,29.879990000000003,29.95999,29.72,-1.399994,29.9,0.13974,0.009180069,0.0,3.0,3.0,2678.0,94.0,0.0,-0.2400208,0.0,13.7,9.0,21.5,0.784756049762237,0.21125861495435772,-59.47272479690695,-68.20130602328437,1.3078275683969112,8.126944444444444
137.0,57615.2,52.2026422,-2.1971401,29.574,74.601,66.42,-0.18,0.1,25.39996,30.5,30.27,30.37,30.00999,-2.100006,30.27,0.13974,-0.009180069,0.0,3.0,3.0,2706.0,94.0,0.0,-0.01000977,0.0,13.7,9.0,21.5,0.7920081819693862,0.2181405273981608,-58.680716614937566,-67.98316549588621,1.3020330752802898,8.215
137.0,57615.3,52.2026442,-2.1971283,30.082,75.343,66.44,-0.14,0.1,31.20001,30.95,30.59,30.84999,30.37,-3.600006,30.66,0.14994,-0.05915999,0.0,3.0,3.0,2765.0,94.0,0.0,-0.01000977,0.0,13.7,9.0,21.5,0.8084185904571947,0.21143630628524623,-57.87229802448037,-67.77172918960096,1.3149834183300877,8.356111111111112
137.0,57615.4,52.2026461,-2.1971161999999995,30.593000000000004,75.332,66.45,-0.1,0.1,34.5,31.25999,30.72,31.20999,30.55,-5.0,30.88,0.13974,-0.05915999,0.0,3.0,3.0,2816.0,94.0,0.0,-0.2400208,0.0,13.7,9.0,21.5,0.8221098206503795,0.21518579191779233,-57.05018820382999,-67.55654339768317,1.3147914321123682,8.498055555555556
137.0,57615.5,52.202648100000005,-2.197104,31.111,75.628,66.5,-0.03,0.1,34.0,31.53,31.00999,31.45,30.91,-5.399994,31.21,0.12954,-0.07956004,0.0,3.0,3.0,2846.0,94.0,0.0,-0.01000977,0.0,13.7,9.0,21.5,0.8371491148496806,0.21450733627323393,-56.21303908898031,-67.34203606140994,1.3199576066982714,8.641944444444444
137.0,57615.6,52.2026499,-2.1970916,31.554,76.942,66.53,0.01,0.1,31.79999,31.78,31.31,31.86,31.129990000000003,-5.0,31.45,0.1091398999999999,-0.05915999,0.0,3.0,3.0,2880.0,94.0,0.0,-0.01000977,0.0,13.7,9.0,21.5,0.8538353312352724,0.19803403024316912,-55.359203757745036,-67.14400203116678,1.3428912330694769,8.764999999999999
137.0,57615.7,52.2026516,-2.1970791000000003,31.507,77.592,66.55,0.04,0.1,29.89996,31.98999,31.50999,31.929990000000004,31.27,-4.799988,31.73,0.09995985,-0.02958012,0.0,3.0,3.0,2686.0,94.0,0.0,-0.230011,0.0,13.8,9.0,21.5,0.8547519030095503,0.18805451307525753,-54.504451854735485,-66.95594751809152,1.3542358732074402,8.751944444444444
137.0,57615.8,52.2026533,-2.1970667,31.453000000000003,77.584,66.57,0.07,0.1,28.29999,32.12,31.73,32.11,31.48999,-4.5,31.97,0.08976007,-0.02958012,0.0,3.0,3.0,2425.0,94.0,0.0,0.0,0.0,13.8,9.0,21.5,0.8532607189020536,0.18785134503600825,-53.65119113583343,-66.76809617305551,1.3540962468672806,8.736944444444445
137.0,57615.9,52.2026549,-2.1970539,32.018,78.332,66.6,0.1,0.1,25.79999,32.28999,31.95999,32.23999,31.75,-3.899994,32.11,0.08976007,-0.01938009,0.0,3.0,3.0,2089.0,94.0,0.0,0.0,0.0,13.7,9.0,21.5,0.8710104818989839,0.1798703313532064,-52.780180653934444,-66.58822584170231,1.3671513096721981,8.893888888888888
137.0,57616.0,52.2026564,-2.1970411,32.224000000000004,78.969,66.63,0.13,0.1,21.70001,32.5,32.19,32.429990000000004,31.899990000000003,-3.3999940000000004,32.31,0.08976007,-0.01938009,0.0,3.0,3.0,1933.0,94.0,0.0,-0.230011,0.0,13.8,9.0,21.5,0.8785728611438904,0.17127063057046993,-51.90160779279056,-66.41695521113184,1.378269057007402,8.951111111111112
137.0,57616.1,52.20265800000001,-2.1970283,32.213,79.01899999999999,66.67,0.16,0.1,16.70001,32.64,32.50999,32.55,32.12999,-2.299988,32.49,0.08976007,0.009180069,0.0,3.0,3.0,1982.0,94.0,0.0,0.0,0.0,13.8,9.0,21.5,0.8784220274531466,0.17044566271451408,-51.02318576533741,-66.24650954841732,1.3791417216333992,8.948055555555555
137.0,57616.2,52.202659700000005,-2.1970155,32.306,78.05,66.71,0.19,0.1,13.89996,32.87,32.62999,32.8,32.47,-1.399994,32.72,0.08976007,0.009180069,0.0,3.0,3.0,2040.0,94.0,0.0,-0.230011,0.0,13.7,9.0,21.5,0.8779412740452965,0.18581156376543417,-50.14524449129211,-66.06069798465188,1.362229481181574,8.973888888888888
137.0,57616.3,52.2026612,-2.1970025000000004,32.626999999999995,79.293,66.76,0.23,0.1,13.29999,33.069990000000004,32.959990000000005,32.98,32.62999,-0.6999816999999999,32.95,0.09995985,0.01937985,0.0,3.0,3.0,2091.0,94.0,0.0,0.0,0.0,13.7,9.0,21.5,0.8905268716788264,0.16837948464342983,-49.25471761961329,-65.89231850000846,1.3839239237838639,9.063055555555554
137.0,57616.4,52.202662700000005,-2.1969896,32.645,79.217,66.81,0.26,0.1,13.0,33.27,33.25,33.08,32.98999,-1.0,33.11,0.1091398999999999,0.009180069,0.0,3.0,3.0,2114.0,94.0,0.0,0.0,0.0,13.7,9.0,21.5,0.8907939127126179,0.16965412067074806,-48.36392370690067,-65.72266437933771,1.382597473552348,9.068055555555556
137.0,57616.5,52.2026644,-2.1969764,33.142,78.632,66.84,0.28,0.1,12.89996,33.37,33.44,33.41,33.14,-0.5,33.34,0.1193398999999999,0.0,0.0,3.0,3.0,2125.0,94.0,0.0,-0.230011,0.0,13.8,9.0,21.5,0.9025500232354603,0.18146149304716053,-47.46137368366521,-65.54120288629055,1.3723872974281812,9.206111111111111
137.0,57616.6,52.20266589999999,-2.1969632,33.109,79.197,66.89,0.31,0.1,13.20001,33.7,33.679990000000004,33.72,33.37,-0.6999816999999999,33.57,0.1193398999999999,-0.009180069,0.0,3.0,3.0,2127.0,94.0,0.0,-0.230011,0.0,13.8,9.0,21.0,0.9033951027416315,0.1723808559104297,-46.557978580923574,-65.36882203038012,1.3822484077019492,9.196944444444444
137.0,57616.7,52.2026674,-2.1969498,33.592,79.845,66.94,0.34,0.1,13.29999,33.81,33.75999,33.75999,33.56,-0.8999939,33.78,0.1193398999999999,-0.02958012,0.0,3.0,3.0,2119.0,94.0,0.0,0.0,0.0,13.8,9.0,19.5,0.9184933530304022,0.16451840662364003,-45.639485227893175,-65.20430362375647,1.3935581412548723,9.331111111111111
137.0,57616.8,52.2026688,-2.1969363,33.764,79.98,66.98,0.35,0.1,13.29999,34.02,33.95,33.89999,33.75999,-0.6999816999999999,33.96,0.1193398999999999,0.0,0.0,3.0,3.0,2115.0,94.0,0.0,0.0,0.0,13.7,9.0,16.0,0.9235833431659359,0.1631850977499717,-44.71590188472724,-65.0411185260065,1.3959143357450647,9.37888888888889
137.0,57616.9,52.2026706,-2.196923,33.628,78.673,67.06,0.41,0.1,13.29999,34.12999,34.02,34.06,33.97,-0.6999816999999999,34.02,0.09995985,0.0,0.0,3.0,3.0,2067.0,94.0,0.0,-0.230011,0.0,13.8,9.0,13.0,0.9159166931299739,0.18346710644441916,-43.799985191597266,-64.85765141956207,1.373102882421499,9.341111111111111
137.0,57617.0,52.202671900000006,-2.1969093,34.067,80.759,67.11,0.42,0.1,13.39996,34.19,34.12999,34.17,33.89,-0.6999816999999999,34.12,0.07956004,0.0,0.0,4.0,3.0,2063.0,94.0,0.0,-0.230011,0.0,13.8,9.0,13.0,0.9340240270977915,0.1519648685694584,-42.865961164499474,-64.70568655099261,1.4095104506181007,9.463055555555556
137.0,57617.1,52.2026736,-2.1968958,33.948,78.807,67.16,0.44,0.1,15.70001,34.19,34.05,34.14999,33.92,-0.8999939,34.17,0.07956004,-0.009180069,0.0,4.0,3.0,2050.0,94.0,0.0,0.0,0.0,13.8,9.0,12.5,0.92506308217163,0.18304997679083213,-41.94089808232784,-64.52263657420178,1.3754416236191713,9.43
137.0,57617.2,52.20267509999999,-2.1968822,33.97,79.804,67.23,0.47,0.1,18.39996,34.11,33.929990000000004,34.09,33.64999,-1.299988,33.95,0.05915999,-0.04997993,0.0,4.0,3.0,2026.0,94.0,0.0,0.0,0.0,13.7,9.0,12.0,0.9287095746432252,0.16703429282140042,-41.01218850768461,-64.35560228138038,1.3928425562615547,9.43611111111111
137.0,57617.3,52.2026765,-2.1968686,34.132,79.949,67.28,0.48,0.1,21.0,33.94,33.61,34.14,33.83,-2.0,33.9,0.04997993,-0.05915999,0.0,4.0,3.0,2022.0,94.0,0.0,0.0,0.0,13.7,9.0,12.0,0.933560256039717,0.16546881082368206,-40.07862825164489,-64.1901334705567,1.3953732836769466,9.48111111111111
137.0,57617.4,52.2026779,-2.1968549,34.146,80.617,67.35,0.51,0.1,24.39996,33.95,33.69,33.94,33.61,-2.600006,33.76,0.01937985,-0.04997993,0.0,4.0,3.0,2035.0,94.0,0.0,-0.230011,0.0,13.7,9.0,10.5,0.9358096182032307,0.1546370216937828,-39.142818633441664,-64.03549644886292,1.4070320830802687,9.485
137.0,57617.5,52.2026794,-2.1968416,33.458,79.955,67.4,0.51,0.1,27.20001,33.959990000000005,33.5,33.62,33.33,-3.100006,33.74,0.009180069,-0.08976007,0.0,4.0,3.0,2041.0,94.0,0.0,0.0,0.0,13.8,9.0,8.0,0.9151423482546521,0.16210548794252644,-38.22767628518701,-63.87339096092039,1.3954780034320662,9.293888888888889
137.0,57617.6,52.2026807,-2.1968282,33.401,80.913,67.47,0.53,0.1,30.5,33.75,33.23,33.62,33.05,-4.0,33.47,0.009180069,-0.08976007,0.0,4.0,3.0,2007.0,94.0,0.0,0.0,0.0,13.7,9.0,7.5,0.9161612861889554,0.14653206682618028,-37.31151499899806,-63.72685889409421,1.4121982576661718,9.278055555555556
137.0,57617.7,52.202682,-2.1968148,33.484,81.27600000000001,67.53,0.54,0.1,33.29999,33.5,32.97,33.55,32.959990000000005,-4.699982,33.3,0.009180069,-0.1091398999999999,0.0,4.0,3.0,1963.0,94.0,0.0,0.0,0.0,13.7,9.0,6.5,0.9193501349029694,0.14107447843688045,-36.392164864095086,-63.58578441565733,1.4185338028509116,9.301111111111112
137.0,57617.8,52.2026831,-2.1968015,33.109,81.773,67.59,0.56,0.1,35.39996,33.28999,32.83,33.39,32.42,-5.199982,33.04,0.009180069,-0.1193398999999999,0.0,4.0,3.0,1889.0,94.0,0.0,0.0,0.0,13.8,9.0,5.5,0.9102297849585494,0.13160398822333635,-35.481935079136534,-63.45418042743399,1.427208089233323,9.196944444444444
137.0,57617.9,52.2026842,-2.1967882,32.933,82.51700000000001,67.64,0.54,0.1,36.29999,32.98999,32.52,33.11,32.34,-6.100006,32.83,0.009180069,-0.1091398999999999,0.0,4.0,3.0,1791.0,94.0,0.0,0.0,0.0,13.8,9.0,5.5,0.9070146557873934,0.11913697437061731,-34.57492042334914,-63.33504345306337,1.4401933388681611,9.148055555555555
137.0,57618.0,52.202685200000005,-2.196775,32.886,83.09700000000001,67.71,0.57,0.1,37.70001,32.87,32.319990000000004,32.92,32.03999,-6.100006,32.63,0.0,-0.1091398999999999,0.0,4.0,3.0,1677.0,94.0,0.0,0.0,0.0,13.7,9.0,5.5,0.9068780843745323,0.10979248645138913,-33.66804233897461,-63.22525096661198,1.450316248529728,9.135
137.0,57618.1,52.2026861,-2.1967618,32.641,83.29700000000001,67.77,0.57,0.1,39.5,32.66,32.09,32.75999,31.94,-6.100006,32.52,0.009180069,-0.1091398999999999,0.0,4.0,3.0,1572.0,94.0,0.0,0.0,0.0,13.7,9.0,5.5,0.9004967702130199,0.10583185920288535,-32.76754556876159,-63.119419107409094,1.453806907033717,9.066944444444443
137.0,57618.2,52.202687,-2.1967487,32.515,83.961,67.82,0.56,0.1,41.29999,32.50999,31.89,32.59,31.789990000000003,-6.299988,32.27,0.009180069,-0.12954,0.0,4.0,3.0,1447.0,94.0,0.0,0.0,0.0,13.7,9.0,5.5,0.8981821801639692,0.09502092249187984,-31.869363388597623,-63.02439818491722,1.465395893266959,9.031944444444445
137.0,57618.3,52.2026876,-2.1967356,32.267,85.167,67.88,0.56,0.1,42.20001,32.5,31.879990000000003,32.37,31.42,-7.199982,32.25,0.009180069,-0.14994,0.0,4.0,3.0,1368.0,94.0,0.0,-0.230011,0.0,13.8,9.0,5.5,0.8931187402490801,0.07551532781925376,-30.976244648348544,-62.94888285709796,1.4864445640460107,8.963055555555556
137.0,57618.4,52.2026882,-2.1967225,32.274,85.434,67.92,0.55,0.1,42.70001,32.33,31.64,32.64,31.629990000000003,-7.699982,32.11,0.0,-0.12954,0.0,4.0,3.0,1315.0,94.0,0.0,0.0,0.0,13.7,9.0,10.0,0.8936547725274813,0.07136804284030578,-30.082589875821064,-62.87751481425766,1.4911045931488354,8.965
137.0,57618.5,52.2026888,-2.1967097,31.748,85.896,67.98,0.56,0.1,42.59998,32.12999,31.45,32.02,31.25,-7.199982,31.97,0.0,-0.12954,0.0,4.0,3.0,1298.0,94.0,0.0,0.0,0.0,13.8,9.0,11.0,0.8796275397318555,0.06311421148174144,-29.202962336089207,-62.81440060277592,1.4991680142930492,8.818888888888889
137.0,57618.6,52.2026891,-2.1966968,31.788,87.71700000000001,68.02,0.54,0.1,40.89996,32.0,31.289990000000003,32.0,31.09,-6.899994,31.79,0.0,-0.14994,0.0,4.0,3.0,1324.0,94.0,0.0,0.0,0.0,13.7,9.0,12.5,0.8822991262334781,0.035174590937794604,-28.32066320985573,-62.77922601183813,1.5309504599718662,8.83
137.0,57618.7,52.2026894,-2.196684,31.536,87.787,68.07,0.54,0.1,39.39996,31.78,31.22,31.879990000000003,30.98999,-6.399994,31.58,0.009180069,-0.12954,0.0,4.0,3.0,1315.0,94.0,0.0,0.0,0.0,13.8,9.0,13.0,0.8753466623561854,0.0338263314872669,-27.445316547499544,-62.74539968035086,1.5321721904482621,8.76
137.0,57618.8,52.2026895,-2.1966711,31.637,89.395,68.13,0.54,0.1,39.5,31.679990000000004,31.149990000000003,31.75,31.039990000000003,-6.600006,31.48,0.01937985,-0.07956004,0.0,4.0,3.0,1321.0,94.0,0.0,0.0,0.0,13.8,9.0,13.0,0.8787565636595297,0.009279348069967944,-26.566559983840015,-62.73612033228089,1.5602370848203309,8.788055555555555
137.0,57618.9,52.2026897,-2.1966584,31.324,88.62,68.18,0.54,0.1,40.70001,31.67,31.09,31.45,30.929990000000004,-6.699982,31.41,0.02957988,-0.1091398999999999,0.0,4.0,3.0,1333.0,94.0,0.0,0.0,0.0,13.8,9.0,13.0,0.8698587417479845,0.020955072980676677,-25.696701242092033,-62.715165259300214,1.546710783117375,8.70111111111111
137.0,57619.0,52.2026897,-2.1966456000000005,31.457,89.824,68.22,0.52,0.1,41.20001,31.58,31.03,31.62,30.84999,-6.299988,31.38,0.02957988,-0.13974,0.0,4.0,3.0,1322.0,94.0,0.0,0.0,0.0,13.8,9.0,13.0,0.8738014330188113,0.0026841337569567477,-24.82289980907322,-62.712481125543256,1.5677245473113866,8.738055555555556
137.0,57619.1,52.2026895,-2.1966328,31.334,90.73,68.27,0.52,0.1,40.79999,31.539990000000003,30.929990000000004,31.649990000000003,30.73999,-7.0,31.26,0.0397799,-0.13974,0.0,4.0,3.0,1319.0,94.0,0.0,0.0,0.0,13.7,9.0,13.0,0.8703182444592482,-0.011089240848992288,-23.952581564613972,-62.723570366392245,1.5835372303344553,8.703888888888889
137.0,57619.2,52.2026893,-2.1966201,31.36,91.416,68.31,0.51,0.1,40.39996,31.539990000000003,31.06,31.66,30.81999,-6.899994,31.25,0.0397799,-0.13974,0.0,4.0,3.0,1324.0,94.0,0.0,0.0,0.0,13.7,9.0,13.5,0.8708450982130075,-0.021526328521413972,-23.081736466400965,-62.745096694913656,1.5955101890031362,8.71111111111111
137.0,57619.3,52.2026891,-2.1966074,31.151,91.917,68.34,0.49,0.1,40.20001,31.56,31.06,31.59,30.97,-6.399994,31.26,0.02957988,-0.1091398999999999,0.0,4.0,3.0,1322.0,94.0,0.0,0.0,0.0,13.7,9.0,14.5,0.8648212739838398,-0.028945958962812192,-22.216915192417126,-62.77404265387647,1.604254288555628,8.653055555555556
137.0,57619.4,52.2026887,-2.1965947,31.327,92.732,68.38,0.47,0.1,38.29999,31.56999,31.09999,31.62,30.84,-6.399994,31.35,0.02957988,-0.12954,0.0,4.0,3.0,1321.0,94.0,0.0,0.0,0.0,13.7,9.0,15.5,0.8692053901122219,-0.04147723401862257,-21.347709802304905,-62.81551988789509,1.6184787219593817,8.701944444444445
137.0,57619.5,52.2026882,-2.196582,31.086,93.259,68.41,0.45,0.1,35.29999,31.629990000000003,31.129990000000003,31.58,30.69,-5.899994,31.38,0.0397799,-0.1193398999999999,0.0,4.0,3.0,1350.0,94.0,0.0,-0.230011,0.0,13.7,9.0,15.5,0.8621035071792122,-0.04908964156827817,-20.48560629512569,-62.86460952946337,1.6276766071173918,8.635
137.0,57619.6,52.2026876,-2.1965695000000003,31.018,94.213,68.46,0.46,0.1,33.39996,31.52,31.129990000000003,31.59999,30.92,-5.600006,31.38,0.04997993,-0.09996009,0.0,4.0,3.0,1379.0,94.0,0.0,0.0,0.0,13.7,9.0,15.5,0.8592828951489979,-0.06329781113498041,-19.626323399976695,-62.92790734059835,1.6443270481814176,8.616111111111111
137.0,57619.7,52.2026869,-2.1965568,31.403,95.034,68.5,0.45,0.1,33.0,31.50999,31.20999,31.67,30.87,-5.299988,31.4,0.05915999,-0.1091398999999999,0.0,4.0,3.0,1381.0,94.0,0.0,0.0,0.0,13.7,9.0,8.5,0.8689409015648087,-0.07654209195484636,-18.757382498411886,-63.0044494325532,1.6586562013402912,8.723055555555556
137.0,57619.8,52.2026862,-2.196544,31.522,95.342,68.54,0.44,0.1,33.09998,31.66,31.25999,31.73999,31.11,-4.799988,31.31,0.06936002,-0.07956004,0.0,4.0,3.0,1356.0,94.0,0.0,-0.230011,0.0,13.8,9.0,0.0,0.8718080864375907,-0.08151980325823166,-17.885574411974297,-63.08596923581143,1.6640318154364337,8.75611111111111
137.0,57619.9,52.20268539999999,-2.1965312,31.705,95.62,68.58,0.44,0.1,32.59998,31.67,31.17,31.73,31.129990000000003,-5.0,31.43,0.05915999,-0.1193398999999999,0.0,4.0,3.0,1340.0,94.0,0.0,0.0,0.0,13.7,9.0,0.0,0.8764611897548926,-0.08624666560943976,-17.009113222219405,-63.17221590142087,1.668883830756978,8.806944444444444
137.0,57620.0,52.2026844,-2.1965182,31.954,96.882,68.61,0.41,0.1,31.39996,31.789990000000003,31.37,31.89,31.129990000000003,-4.5,31.51,0.0397799,-0.1091398999999999,0.0,4.0,3.0,1326.0,94.0,0.0,0.0,0.0,13.7,9.0,0.0,0.8812159041567788,-0.10635795611543378,-16.127897318062626,-63.2785738575363,1.6909098859171465,8.876111111111111
137.0,57620.1,52.2026833,-2.1965054,31.752,97.715,68.62,0.38,0.1,32.29999,31.95999,31.47,31.92,31.23999,-5.299988,31.62,0.02957988,-0.06936002,0.0,4.0,3.0,1335.0,94.0,0.0,0.0,0.0,13.7,9.0,0.0,0.8740162138395537,-0.11840463650369243,-15.253881104223073,-63.39697849403999,1.7054484785862591,8.82
137.0,57620.2,52.2026823,-2.1964926,31.691,97.258,68.64,0.36,0.1,37.0,32.03,31.539990000000003,31.86,31.50999,-5.100006,31.73,0.02957988,-0.06936002,0.0,4.0,3.0,1345.0,94.0,0.0,0.0,0.0,13.8,9.0,0.0,0.8732519482290414,-0.11121558369292972,-14.380629155994031,-63.508194077732924,1.697472323904645,8.803055555555556
137.0,57620.3,52.2026813,-2.1964798,31.831,97.26,68.66,0.33,0.1,41.5,31.95999,31.34999,32.03999,31.20999,-5.600006,31.7,0.02957988,-0.13974,0.0,4.0,3.0,1348.0,94.0,0.0,0.0,0.0,13.8,9.0,0.0,0.8771057768523902,-0.11173751294254242,-13.50352337914164,-63.61993159067546,1.697507230489685,8.841944444444444
137.0,57620.4,52.20267990000001,-2.1964668999999994,32.141,99.289,68.67,0.29,0.1,41.79999,31.98,31.27,32.179990000000004,31.12,-7.0,31.68,0.01937985,-0.14994,0.0,4.0,3.0,1350.0,94.0,0.0,0.7200012,0.0,13.7,9.0,0.0,0.8810979498250529,-0.14411163327418328,-12.622425429316587,-63.76404322394965,1.73291996101265,8.928055555555554
137.0,57620.5,52.2026787,-2.196454,32.058,99.005,68.68,0.28,0.1,38.09998,32.0,31.379990000000003,32.12999,31.379990000000003,-7.299988000000001,31.7,0.0,-0.1193398999999999,0.0,4.0,3.0,1364.0,94.0,0.0,0.0,0.0,13.8,9.0,0.0,0.8795243073058883,-0.1393816446240231,-11.7429011220107,-63.90342486857367,1.727963225936986,8.905
137.0,57620.6,52.2026771,-2.1964412,32.065,100.555,68.68,0.24,0.1,31.59998,32.08,31.48999,32.12,31.28,-6.0,31.75,0.0,-0.06936002,0.0,4.0,3.0,1372.0,94.0,0.0,0.0,0.0,13.8,9.0,0.0,0.8756234678246715,-0.16315678336769823,-10.86727765418603,-64.06658165194138,1.7550158293428981,8.906944444444443
137.0,57620.7,52.202675500000005,-2.1964284000000003,32.015,101.416,68.67,0.19,0.1,25.0,32.12,31.69,32.099990000000005,31.48999,-4.600006,31.81,0.0,-0.04997993,0.0,4.0,3.0,1369.0,94.0,0.0,0.0,0.0,13.7,9.0,0.0,0.871711481138199,-0.17602120552314923,-9.99556617304783,-64.24260285746453,1.7700431142025692,8.893055555555556
137.0,57620.8,52.2026738,-2.1964156000000004,32.022,101.879,68.66,0.15,0.1,21.70001,32.05,31.679990000000004,31.98999,31.5,-3.199982,31.88,0.0,0.0,0.0,4.0,3.0,1363.0,94.0,0.0,0.0,0.0,13.8,9.0,0.5,0.8704509102209338,-0.1830995982943375,-9.125115262826897,-64.42570245575887,1.778123988639303,8.895
137.0,57620.9,52.2026722,-2.1964028,32.141,101.658,68.65,0.11,0.1,18.39996,32.14,31.86,32.099990000000005,31.75,-3.0,31.84,0.0,0.01937985,0.0,4.0,3.0,1348.0,94.0,0.0,-0.230011,0.0,13.8,9.0,1.0,0.8743880468554264,-0.1804087125036279,-8.250727215971471,-64.6061111682625,1.7742668109923956,8.928055555555554
137.0,57621.0,52.2026705,-2.19639,32.278,101.85,68.64,0.08,0.1,13.89996,32.12999,31.879990000000003,32.09,31.84,-1.600006,31.96,-0.009180069,0.02957988,0.0,4.0,3.0,1311.0,94.0,0.0,-0.230011,0.0,13.7,9.0,1.0,0.8775030368445464,-0.18411926812938434,-7.373224179126925,-64.79023043639188,1.7776178431562246,8.966111111111111
137.0,57621.1,52.202668900000006,-2.1963772,32.17,102.043,68.63,0.05,0.1,9.599976,32.22,32.08,32.27,31.98,-0.7999878,32.06,-0.009180069,0.0397799,0.0,4.0,3.0,1283.0,94.0,0.0,-0.230011,0.0,13.8,9.0,1.0,0.8739438826979292,-0.1864481370142986,-6.499280296428996,-64.97667857340618,1.7809863286125738,8.936111111111112
137.0,57621.2,52.2026672,-2.1963646000000003,31.921,101.865,68.61,0.01,0.1,6.299988,32.05,31.98,32.22,31.98999,-0.1999817,32.2,-0.009180069,0.02957988,0.0,4.0,3.0,1257.0,94.0,0.0,0.0,0.0,13.8,9.0,1.0,0.8677500097040447,-0.182310061344053,-5.631530286724951,-65.15898863475023,1.7778796425440238,8.866944444444444
137.0,57621.3,52.2026656,-2.1963516,32.414,101.759,68.58,-0.03,0.1,5.399963,32.099990000000005,32.069990000000004,32.17,32.16,0.3999939,32.11,-0.01938009,0.04997993,0.0,4.0,3.0,1254.0,94.0,0.0,0.0,0.0,13.7,9.0,1.5,0.8814928526527854,-0.18349523687720856,-4.750037434072166,-65.34248387162744,1.7760295935369097,9.00388888888889
137.0,57621.4,52.2026639,-2.1963388,32.353,101.805,68.57,-0.04,0.1,5.5,32.09,32.12999,32.19,32.12,1.100006,32.11,-0.02958012,0.02957988,0.0,4.0,3.0,1260.0,94.0,0.0,-0.230011,0.0,13.8,9.0,1.5,0.8796866429944574,-0.18385623354254566,-3.8703507910777084,-65.52634010516998,1.7768324449928272,8.986944444444445
137.0,57621.5,52.2026622,-2.196326,32.285,102.008,68.53,-0.09,0.1,5.099976,32.14,32.16,32.25999,32.2,0.7000122,32.18,-0.02958012,0.01937985,0.0,4.0,3.0,1274.0,94.0,0.0,-0.4700011999999999,0.0,13.7,9.0,1.5,0.8771821597216249,-0.1865788389432579,-2.9931686313560837,-65.71291894411324,1.7803754633743756,8.968055555555555
137.0,57621.6,52.2026606,-2.1963133,32.026,101.827,68.5,-0.11,0.1,4.5,32.12999,32.12,32.17,32.12,0.5,32.13,-0.01938009,0.02957988,0.0,4.0,3.0,1281.0,94.0,0.0,0.0,0.0,13.8,9.0,2.0,0.870725479957144,-0.182332299842204,-2.1224431513989397,-65.89525124395544,1.7772164174282659,8.896111111111113
137.0,57621.7,52.202659,-2.1963003,32.512,101.465,68.48,-0.12,0.1,3.200012,32.12999,32.23,32.209990000000005,32.25,1.100006,32.1,-0.01938009,0.0397799,0.0,4.0,3.0,1291.0,94.0,0.0,0.0,0.0,13.8,9.0,2.0,0.8850907108097719,-0.17951075914996997,-1.2373524405891678,-66.0747620031054,1.7708983255360464,9.03111111111111
137.0,57621.8,52.20265729999999,-2.1962874,32.476,101.822,68.44,-0.16,0.1,0.3999634,32.179990000000004,32.36,32.25999,32.12,1.200012,32.2,-0.02958012,0.0397799,0.0,4.0,3.0,1305.0,94.0,0.0,0.0,0.0,13.8,9.0,3.5,0.8829762480834339,-0.18481721270116025,-0.35437619250573393,-66.25957921580657,1.7771291509656664,9.02111111111111
137.0,57621.9,52.2026556,-2.1962745,32.4,101.993,68.41,-0.17,0.1,0.0,32.349990000000005,32.42,32.349990000000005,32.28,1.700012,32.32,-0.01938009,0.05915999,0.0,4.0,3.0,1315.0,94.0,0.0,0.0,0.0,13.7,9.0,4.0,0.8803556951747491,-0.18701296739366596,0.5259795026690152,-66.44659218320024,1.7801136639865764,9.0
137.0,57622.0,52.202654,-2.1962617,32.332,101.451,68.38,-0.19,0.1,0.0,32.42,32.569990000000004,32.14999,32.31,1.800018,32.49,-0.01938009,0.07956004,0.0,4.0,3.0,1328.0,94.0,0.0,0.0,0.0,13.8,9.0,4.0,0.8802340729003912,-0.17830183623962903,1.4062135755694065,-66.62489401943986,1.7706539794407672,8.981111111111112
137.0,57622.1,52.2026525,-2.1962488,32.317,100.625,68.35,-0.21,0.1,0.0,32.45,32.67,32.56,32.62,2.399994,32.54,-0.009180069,0.06936002,0.0,4.0,3.0,1334.0,94.0,0.0,-0.230011,0.0,13.7,9.0,4.0,0.8823034657124316,-0.16551709874889586,2.288517041281838,-66.79041111818876,1.756237559819294,8.976944444444444
137.0,57622.2,52.2026509,-2.1962358,32.576,101.091,68.32,-0.22,0.1,0.0,32.75999,32.849990000000005,32.47,32.64,2.700012,32.52,0.0,0.05915999,0.0,4.0,3.0,1326.0,94.0,0.0,0.0,0.0,13.7,9.0,4.0,0.8879881824379334,-0.17407150566690577,3.1765052237197713,-66.96448262385566,1.7643707941335875,9.04888888888889
137.0,57622.3,52.202649400000006,-2.1962228,32.681,100.743,68.28,-0.24,0.1,0.0,32.42,32.709990000000005,32.62,32.7,2.899994,32.69,0.0,0.05915999,0.0,4.0,3.0,1317.0,94.0,0.0,-0.230011,0.0,13.8,9.0,4.0,0.8918946097203455,-0.1692185919139017,4.068399833440116,-67.13370121576956,1.7582970483366474,9.078055555555554
137.0,57622.4,52.20264770000001,-2.1962095,33.397,101.62,68.24,-0.26,0.1,0.0,32.61,32.89,32.55,32.78999,3.600006,32.68,-0.009180069,0.12954,0.0,4.0,3.0,1320.0,94.0,0.0,-0.230011,0.0,13.7,9.0,4.0,0.9086813472565002,-0.18685607135225246,4.977081180696617,-67.32055728712182,1.7736035858766377,9.276944444444444
137.0,57622.5,52.2026463,-2.1961963,33.088,99.745,68.2,-0.28,0.1,0.0,32.78,33.22,33.31,33.98,3.899994,32.87,-0.009180069,0.13974,0.0,4.0,3.0,1336.0,94.0,0.0,-0.230011,0.0,13.8,9.0,4.0,0.9058491041670739,-0.15557196099429707,5.882930284863691,-67.47612924811611,1.740878662401744,9.19111111111111
137.0,57622.6,52.202645,-2.1961831000000003,32.929,99.127,68.16,-0.29,0.1,0.0,33.12,33.59,32.91,33.14999,4.300018,33.23,-0.02958012,0.1091398999999999,0.0,4.0,3.0,1354.0,94.0,0.0,-0.230011,0.0,13.7,9.0,4.0,0.9031136507319119,-0.1450919038375663,6.786043935595603,-67.62122115195368,1.730092527624419,9.146944444444445
136.0,57622.7,52.2026436,-2.19617,32.648,99.683,68.11,-0.31,0.1,0.0,33.12,33.53999,32.94,33.23,4.0,33.33,-0.009180069,0.12954,0.0,4.0,3.0,1362.0,94.0,0.0,-0.230011,0.0,13.8,9.0,4.0,0.893968821519964,-0.15253590705250467,7.680012757115567,-67.77375705900619,1.7397965582655077,9.068888888888889
136.0,57622.8,52.2026426,-2.1961567000000004,33.174,97.471,68.08,-0.32,0.1,0.0,33.12,33.429990000000004,33.11,33.39,4.5,33.26,0.0,0.09995985,0.0,4.0,3.0,1367.0,94.0,0.0,0.0,0.0,13.7,9.0,3.5,0.9136772018478253,-0.11981744790942735,8.593689958963392,-67.89357450691561,1.701189875211393,9.215
136.0,57622.9,52.2026414,-2.1961431,33.786,97.943,68.04,-0.32,0.1,0.0,33.14999,33.569990000000004,33.44,33.66,4.800018,33.36,-0.009180069,0.08976007,0.0,4.0,3.0,1380.0,94.0,0.0,-0.230011,0.0,13.8,9.0,1.0,0.9294960622779732,-0.12968932188018442,9.523186021241365,-68.02326382879579,1.709427829280806,9.385
136.0,57623.0,52.202640200000005,-2.1961297,33.318000000000005,98.518,68.01,-0.31,0.1,0.0,33.39,33.72,33.42,33.73999,4.800018,33.5,-0.009180069,0.09995985,0.0,4.0,3.0,1382.0,94.0,0.0,0.0,0.0,13.7,9.0,0.0,0.9152911601355695,-0.13708516395906398,10.438477181376935,-68.16034899275485,1.7194634724797735,9.255
137.0,57623.1,52.2026392,-2.1961162,33.498000000000005,97.114,67.97,-0.33,0.1,0.0,33.58,33.97,33.42,33.81,5.0,33.63,-0.009180069,0.09995985,0.0,4.0,3.0,1370.0,94.0,0.0,0.0,0.0,13.8,9.0,0.0,0.9233367381066645,-0.11523679127147479,11.3618139194836,-68.27558578402632,1.6949590497817733,9.305000000000001
137.0,57623.2,52.2026382,-2.1961028,33.286,97.099,67.95,-0.32,0.1,0.0,33.52,33.94,33.50999,33.78,5.200012,33.74,0.0,0.09995985,0.0,4.0,3.0,1356.0,94.0,0.0,-0.230011,0.0,13.8,9.0,0.0,0.9175231301594403,-0.11426728496182137,12.27933704964304,-68.38985306898815,1.6946972503939741,9.24611111111111
137.0,57623.3,52.2026373,-2.1960892000000003,33.728,96.212,67.92,-0.3,0.1,0.0,33.599990000000005,33.95,33.569990000000004,33.959990000000005,4.700012,33.79,-0.009180069,0.1091398999999999,0.0,4.0,3.0,1358.0,94.0,0.0,0.0,0.0,13.8,9.0,0.0,0.9313877797949307,-0.10137846799062725,13.21072482943797,-68.49123153697877,1.6792161799287844,9.36888888888889
136.0,57623.4,52.2026364,-2.1960755,33.966,95.79,67.87,-0.33,0.1,0.0,33.599990000000005,34.05,33.66,33.89999,5.100006,33.78,-0.01938009,0.09995985,0.0,4.0,3.0,1358.0,94.0,0.0,-0.230011,0.0,13.8,9.0,0.0,0.9386865756069831,-0.09518278612877235,14.149411405044953,-68.58641432310755,1.6718508904853684,9.435
136.0,57623.5,52.2026356,-2.196062,33.491,95.722,67.86,-0.3,0.1,0.0,33.67,34.12,33.64,34.0,4.899994,33.79,-0.02958012,0.1091398999999999,0.0,4.0,3.0,1354.0,94.0,0.0,0.0,0.0,13.8,9.0,0.0,0.9256701784060244,-0.09275315362449915,15.075081583450977,-68.67916747673205,1.670664066594012,9.303055555555556
136.0,57623.6,52.20263490000001,-2.1960483,33.746,94.915,67.83,-0.3,0.1,0.0,33.61,34.0,33.55,33.91,4.700012,33.77,-0.01938009,0.1091398999999999,0.0,4.0,3.0,1366.0,94.0,0.0,-0.230011,0.0,13.8,9.0,0.0,0.9339420161575257,-0.08031338286961781,16.009023599608504,-68.75948085960167,1.656579259530418,9.373888888888889
136.0,57623.7,52.2026342,-2.1960349,33.365,95.101,67.79,-0.31,0.1,0.0,33.52,33.92,33.569990000000004,33.94,5.100006,33.77,-0.01938009,0.09995985,0.0,4.0,3.0,1359.0,94.0,0.0,-0.230011,0.0,13.8,9.0,0.0,0.923134954906454,-0.0824038399499761,16.93215855451496,-68.84188469955164,1.6598255719391273,9.268055555555556
137.0,57623.8,52.2026336,-2.1960213,33.638000000000005,94.295,67.78,-0.28,0.1,0.0,33.5,33.95,33.52,33.89,4.899994,33.69,-0.02958012,0.1193398999999999,0.0,4.0,3.0,1351.0,94.0,0.0,0.0,0.0,13.8,9.0,0.0,0.9317648192095146,-0.06997797769636814,17.863923373724475,-68.91186267724801,1.645758218168053,9.34388888888889
136.0,57623.9,52.20263320000001,-2.1960077000000005,33.433,92.898,67.76,-0.27,0.1,0.0,33.39999,33.89,33.45,33.89999,4.5,33.67,-0.02958012,0.1193398999999999,0.0,4.0,3.0,1352.0,94.0,0.0,0.0,0.0,13.8,9.0,0.0,0.9275067581102573,-0.04695300631243927,18.791430131834733,-68.95881568356045,1.6213759685176923,9.286944444444444
136.0,57624.0,52.2026328,-2.1959942,33.458,92.939,67.74,-0.26,0.1,0.0,33.28999,33.75999,33.3,33.45,5.100006,33.56,-0.02958012,0.08976007,0.0,4.0,3.0,1340.0,94.0,0.0,-0.230011,0.0,13.8,9.0,0.0,0.9281664528095398,-0.047652310217654786,19.719596584644272,-69.0064679937781,1.6220915535110099,9.293888888888889
136.0,57624.1,52.2026324,-2.1959806,33.473,92.825,67.73,-0.24,0.1,0.0,33.14999,33.58,33.34,33.50999,4.800018,33.44,-0.01938009,0.07956004,0.0,4.0,3.0,1320.0,94.0,0.0,0.0,0.0,13.8,9.0,0.0,0.928675588461223,-0.04582600286056407,20.648272173105497,-69.05229399663867,1.6201018781637364,9.298055555555555
136.0,57624.2,52.2026323,-2.1959671,33.325,91.568,67.74,-0.21,0.1,0.0,33.069990000000004,33.47,33.12,33.39999,4.5,33.28,-0.02958012,0.06936002,0.0,4.0,3.0,1304.0,94.0,0.0,0.0,0.0,13.7,9.0,0.0,0.9253478214192237,-0.025330098104929328,21.57361999452472,-69.0776240947436,1.5981630894661676,9.256944444444445
136.0,57624.3,52.2026321,-2.1959536,33.214,91.234,67.75,-0.17,0.1,0.0,32.929990000000004,33.33,33.099990000000005,33.39,4.399994,33.28,-0.02958012,0.04997993,0.0,4.0,3.0,1290.0,94.0,0.0,0.0,0.0,13.7,9.0,0.0,0.9223971391082666,-0.019869074225146374,22.496017133632986,-69.09749316896874,1.5923336897645066,9.226111111111111
136.0,57624.4,52.202632,-2.1959403,32.879,90.95,67.74,-0.16,0.1,0.0,32.81,33.179990000000004,32.91,33.099990000000005,4.5,33.1,-0.02958012,0.05915999,0.0,4.0,3.0,1287.0,94.0,0.0,0.0,0.0,13.7,9.0,0.0,0.9131800167188688,-0.015142485726202987,23.409197150351854,-69.11263565469494,1.5873769546888428,9.133055555555554
136.0,57624.5,52.2026319,-2.1959268,33.199,90.906,67.74,-0.14,0.1,0.0,32.62,33.16,32.78999,33.0,4.100006,32.95,-0.02958012,0.04997993,0.0,4.0,3.0,1285.0,94.0,0.0,-0.230011,0.0,13.6,9.0,0.0,0.9220791536618601,-0.014581760745036471,24.331276304013713,-69.12721741543997,1.5866090098179653,9.221944444444444
136.0,57624.6,52.202632,-2.1959135000000005,32.864000000000004,89.932,67.76,-0.11,0.1,0.0,32.66,32.95,32.7,32.87,4.200012,32.73,-0.02958012,0.04997993,0.0,4.0,3.0,1283.0,94.0,0.0,0.4799805,1.0,13.7,9.0,0.0,0.9128882459637091,0.0010834380891406343,25.244164549977423,-69.12613397735083,1.5696095029035404,9.12888888888889
136.0,57624.7,52.202632,-2.1959003,32.684,90.128,67.76,-0.09,0.1,0.0,32.55,32.849990000000005,32.569990000000004,32.78,4.300018,32.73,-0.02958012,0.05915999,0.0,4.0,3.0,1282.0,94.0,0.0,1.190002,1.0,13.7,9.0,0.0,0.9078866233203808,-0.002028241558123238,26.152051173297803,-69.12816221890895,1.5730303482374492,9.078888888888889
136.0,57624.8,52.202632,-2.195887,32.663000000000004,89.99600000000001,67.77,-0.06,0.1,0.0,32.25999,32.69,32.06,32.67,4.899994,32.57,-0.03978014,0.09995985,0.0,4.0,3.0,1286.0,94.0,0.0,1.429993,1.0,13.7,9.0,0.0,0.9073055533445071,6.33418770127601e-05,27.05935672664231,-69.12809887703195,1.570726513624817,9.073055555555557
136.0,57624.9,52.2026322,-2.1958739000000005,32.27,88.999,67.78,-0.04,0.1,0.0,31.95999,32.599990000000005,32.08,32.53,5.899994,32.36,-0.03978014,0.12954,0.0,4.0,3.0,1285.0,94.0,0.0,1.899994,1.0,13.7,9.0,0.0,0.8962520913410394,0.015659785767060015,27.95560881798335,-69.11243909126489,1.5533255809824333,8.96388888888889
136.0,57625.0,52.2026324,-2.1958608,32.306,88.589,67.81,-0.01,0.1,0.0,31.7,32.349990000000005,31.73,32.31,7.300018,32.08,-0.04997993,0.1795198999999999,0.0,4.0,3.0,1279.0,94.0,0.0,3.570007,1.0,13.7,9.0,0.0,0.8971167832724275,0.02209739966980062,28.852725601255777,-69.09034169159509,1.5461697310492566,8.973888888888888
136.0,57625.1,52.2026327,-2.1958479,31.943,87.98200000000001,67.8,-0.01,0.1,0.0,31.149990000000003,32.17,31.47,32.17,8.600006,31.88,-0.05915999,0.1999198999999999,0.0,4.0,3.0,1267.0,94.0,0.0,4.98999,1.0,13.7,9.0,0.0,0.886755260807036,0.031245101228811453,29.739480862062813,-69.05909659036628,1.5355755824896513,8.873055555555556
136.0,57625.2,52.2026333,-2.195835,31.914,86.405,67.83,0.03,0.1,0.0,30.95999,31.92,31.06999,31.879990000000003,9.899994,31.49,-0.07956004,0.2295001,0.0,4.0,3.0,1256.0,94.0,0.0,6.649994,1.0,13.7,9.0,0.0,0.8847555489653094,0.0555865862874686,30.62423641102812,-69.0035100040788,1.5080517401857005,8.865
136.0,57625.3,52.202634,-2.1958223,31.522,85.007,67.84,0.04,0.1,0.0,30.48,31.539990000000003,30.67,31.56,11.0,31.16,-0.08976007,0.2193,0.0,4.0,3.0,1248.0,94.0,0.0,10.69,1.0,13.7,9.0,0.0,0.8722884635486917,0.07620796717599321,31.496524874576814,-68.92730203690282,1.48365203724282,8.75611111111111
136.0,57625.4,52.20263479999999,-2.1958097,31.216,84.262,67.84,0.03,0.1,0.0,29.70999,31.02,29.929990000000004,30.89,12.10001,30.53,-0.14994,0.2101199999999999,0.0,4.0,3.0,1230.0,94.0,0.0,16.14999,1.0,13.7,9.0,0.0,0.8627664333448144,0.08669348594798715,32.35929130792163,-68.84060855095483,1.470649334315462,8.671111111111111
136.0,57625.5,52.2026359,-2.1957974,30.683000000000003,82.441,67.86,0.05,0.1,0.0,28.94,30.42,29.09999,30.09,13.60001,29.85,-0.2101199999999999,0.2396998,0.0,4.0,3.0,1199.0,94.0,0.0,18.53,1.0,13.7,9.0,0.0,0.8448989581871187,0.11211828791586867,33.204190266108746,-68.72849026303896,1.4388668886366454,8.523055555555556
136.0,57625.6,52.202637200000005,-2.1957856,29.779,80.615,67.86,0.05,0.1,0.0,27.92,29.72,28.12,29.25,16.80002,28.86,-0.2601001,0.26928,0.0,4.0,3.0,1161.0,94.0,0.0,18.04999,1.0,13.6,9.0,0.0,0.8161223528644845,0.13488867289246656,34.02031261897323,-68.59360159014649,1.4069971764952287,8.271944444444443
136.0,57625.7,52.2026384,-2.1957741,28.948,80.407,67.88,0.07,0.1,0.0,27.05,28.94,27.23,28.70999,20.10001,28.28,-0.26928,0.3396599,0.0,4.0,3.0,1137.0,94.0,0.0,16.63,1.0,13.7,9.0,0.0,0.7928667464819961,0.13400373627403064,34.81317936545523,-68.45959785387247,1.4033668916510804,8.04111111111111
137.0,57625.8,52.20264,-2.1957632,27.85,77.118,67.89,0.08,0.1,0.0,26.28,28.31999,26.21,28.08,21.60001,27.53,-0.2601001,0.3396599,0.0,4.0,3.0,1105.0,94.0,0.0,12.12,1.0,13.7,9.0,0.0,0.7541403113531149,0.17247185865176662,35.56731967680834,-68.2871259952207,1.345963012552987,7.736111111111112
137.0,57625.9,52.2026418,-2.1957525,27.205,75.524,67.89,0.07,0.1,0.0,25.6,27.88,25.48,27.57,23.80002,26.84,-0.2295001,0.34986,0.0,4.0,3.0,1089.0,94.0,0.0,8.320007,1.0,13.7,9.0,0.0,0.7317029854735752,0.18890429961558472,36.299022662281914,-68.09822169560512,1.3181424642761974,7.556944444444444
137.0,57626.0,52.2026438,-2.1957423,26.6,72.825,67.9,0.07,0.1,0.0,25.03,27.54,24.73,27.25,27.20001,26.43,-0.2101199999999999,0.4294199999999999,0.0,4.0,3.0,1082.0,94.0,0.0,7.600006,1.0,13.6,9.0,0.0,0.7059398369737333,0.2181873889503145,37.00496249925565,-67.8800343066548,1.2710360277648705,7.388888888888889
